dataset,molecule_id,smiles,property,units,partition,scaffold,y_true,y_pred,prediction_lower,prediction_upper,split_strategy,seed,model,family,features,fusion,git_commit
freesolv,df22605fe31c3941,BrC(Br)Br,hydration_free_energy,kcal/mol,train,,-2.130000114440918,-1.0276285234603102,-4.2751823569052,2.2199253099845797,scaffold,2032,hybrid_concat,edge_gnn,rdkit,concat,721e3c494613d3aa378fb20e47d69b51245b538e
freesolv,547de2d39a6410f7,BrCBr,hydration_free_energy,kcal/mol,train,,-1.9600000381469727,-0.5297995942317044,-3.7773534276765943,2.7177542392131855,scaffold,2032,hybrid_concat,edge_gnn,rdkit,concat,721e3c494613d3aa378fb20e47d69b51245b538e
freesolv,a726c11be0067cf9,BrCCBr,hydration_free_energy,kcal/mol,train,,-2.3299999237060547,-9.940585986836252,-13.188139820281142,-6.693032153391362,scaffold,2032,hybrid_concat,edge_gnn,rdkit,concat,721e3c494613d3aa378fb20e47d69b51245b538e
freesolv,0c0c46a21a6193f8,BrCc1ccccc1,hydration_free_energy,kcal/mol,train,c1ccccc1,-2.380000114440918,-0.19452269702134295,-3.442076530466233,3.053031136423547,scaffold,2032,hybrid_concat,edge_gnn,rdkit,concat,721e3c494613d3aa378fb20e47d69b51245b538e
freesolv,c53eae19c75b9d3a,Brc1ccc(Br)cc1,hydration_free_energy,kcal/mol,train,c1ccccc1,-2.299999952316284,0.4333160227816526,-2.8142378106632373,3.6808698562265425,scaffold,2032,hybrid_concat,edge_gnn,rdkit,concat,721e3c494613d3aa378fb20e47d69b51245b538e
freesolv,2f717e5e14f94e95,Brc1ccccc1,hydration_free_energy,kcal/mol,train,c1ccccc1,-1.4600000381469727,-3.487082675711031,-6.734636509155921,-0.23952884226614124,scaffold,2032,hybrid_concat,edge_gnn,rdkit,concat,721e3c494613d3aa378fb20e47d69b51245b538e
freesolv,799a4d5aeacde815,C,hydration_free_energy,kcal/mol,train,,2.0,-3.5818387791453796,-6.8293926125902695,-0.3342849457004897,scaffold,2032,hybrid_concat,edge_gnn,rdkit,concat,721e3c494613d3aa378fb20e47d69b51245b538e
freesolv,7bac3cc21644af9b,C#CC,hydration_free_energy,kcal/mol,train,,-0.47999998927116394,1.9934494871098125,-1.2541043463350774,5.241003320554702,scaffold,2032,hybrid_concat,edge_gnn,rdkit,concat,721e3c494613d3aa378fb20e47d69b51245b538e
freesolv,4de45e357be4160e,C#CCC,hydration_free_energy,kcal/mol,train,,-0.1599999964237213,-8.024363417833795,-11.271917251278685,-4.776809584388905,scaffold,2032,hybrid_concat,edge_gnn,rdkit,concat,721e3c494613d3aa378fb20e47d69b51245b538e
freesolv,4b665013fe211d04,C#CCCC,hydration_free_energy,kcal/mol,train,,0.009999999776482582,1.1932491890540597,-2.05430464439083,4.440803022498949,scaffold,2032,hybrid_concat,edge_gnn,rdkit,concat,721e3c494613d3aa378fb20e47d69b51245b538e
freesolv,de4570425c5f404b,C#CCCCC,hydration_free_energy,kcal/mol,train,,0.28999999165534973,-0.6297278681450122,-3.877281701589902,2.6178259652998777,scaffold,2032,hybrid_concat,edge_gnn,rdkit,concat,721e3c494613d3aa378fb20e47d69b51245b538e
freesolv,91f909baf2cb8a67,C#CCCCCC,hydration_free_energy,kcal/mol,train,,0.6000000238418579,-4.668508703642991,-7.916062537087881,-1.4209548701981012,scaffold,2032,hybrid_concat,edge_gnn,rdkit,concat,721e3c494613d3aa378fb20e47d69b51245b538e
freesolv,d9be4b22d82a6627,C#CCCCCCC,hydration_free_energy,kcal/mol,train,,0.7099999785423279,2.8032262605599274,-0.4443275728849625,6.050780094004818,scaffold,2032,hybrid_concat,edge_gnn,rdkit,concat,721e3c494613d3aa378fb20e47d69b51245b538e
freesolv,3a5a694349ed4368,C/C=C/C=O,hydration_free_energy,kcal/mol,train,,-4.21999979019165,-7.867681895048959,-11.115235728493849,-4.620128061604069,scaffold,2032,hybrid_concat,edge_gnn,rdkit,concat,721e3c494613d3aa378fb20e47d69b51245b538e
freesolv,e32f5981f08df790,C/C=C/CCCC,hydration_free_energy,kcal/mol,train,,1.6799999475479126,-5.506954089162376,-8.754507922607266,-2.2594002557174857,scaffold,2032,hybrid_concat,edge_gnn,rdkit,concat,721e3c494613d3aa378fb20e47d69b51245b538e
freesolv,c66a02f97f456f75,C/C=C\CC,hydration_free_energy,kcal/mol,train,,1.309999942779541,-4.3377297540988256,-7.5852835875437155,-1.0901759206539356,scaffold,2032,hybrid_concat,edge_gnn,rdkit,concat,721e3c494613d3aa378fb20e47d69b51245b538e
freesolv,d4efeed1de0c8e90,C1=CC=CCC=C1,hydration_free_energy,kcal/mol,test,C1=CC=CCC=C1,-0.9900000095367432,-1.6600348924918094,-4.9075887259367,1.5875189409530805,scaffold,2032,hybrid_concat,edge_gnn,rdkit,concat,721e3c494613d3aa378fb20e47d69b51245b538e
freesolv,609192e51bba544f,C1=CCCC1,hydration_free_energy,kcal/mol,validation,C1=CCCC1,0.5600000023841858,0.2909818376272688,-2.956571995817621,3.5385356710721587,scaffold,2032,hybrid_concat,edge_gnn,rdkit,concat,721e3c494613d3aa378fb20e47d69b51245b538e
freesolv,742af15a9113ada1,C1=CCCCC1,hydration_free_energy,kcal/mol,validation,C1=CCCCC1,0.14000000059604645,0.33219882795025013,-2.9153550054946398,3.57975266139514,scaffold,2032,hybrid_concat,edge_gnn,rdkit,concat,721e3c494613d3aa378fb20e47d69b51245b538e
freesolv,d0aafdecbb3a419b,C1CC1,hydration_free_energy,kcal/mol,validation,C1CC1,0.75,0.8970443114526971,-2.3505095219921928,4.1445981448975875,scaffold,2032,hybrid_concat,edge_gnn,rdkit,concat,721e3c494613d3aa378fb20e47d69b51245b538e
freesolv,69894e058da716db,C1CCCC1,hydration_free_energy,kcal/mol,calibration,C1CCCC1,1.2000000476837158,1.1354675924910702,-2.1120862409538197,4.38302142593596,scaffold,2032,hybrid_concat,edge_gnn,rdkit,concat,721e3c494613d3aa378fb20e47d69b51245b538e
freesolv,3a0c3c3efb54d833,C1CCCCC1,hydration_free_energy,kcal/mol,calibration,C1CCCCC1,1.2300000190734863,1.1818337108352703,-2.0657201226096196,4.429387544280161,scaffold,2032,hybrid_concat,edge_gnn,rdkit,concat,721e3c494613d3aa378fb20e47d69b51245b538e
freesolv,0f4b768883232061,C1CCNC1,hydration_free_energy,kcal/mol,validation,C1CCNC1,-5.480000019073486,-4.7482954229468834,-7.995849256391773,-1.5007415895019935,scaffold,2032,hybrid_concat,edge_gnn,rdkit,concat,721e3c494613d3aa378fb20e47d69b51245b538e
freesolv,cb23ab0e59dd1c08,C1CCNCC1,hydration_free_energy,kcal/mol,validation,C1CCNCC1,-5.110000133514404,-4.773317085507523,-8.020870918952413,-1.5257632520626334,scaffold,2032,hybrid_concat,edge_gnn,rdkit,concat,721e3c494613d3aa378fb20e47d69b51245b538e
freesolv,1af8e9f6ace97eee,C1CCOC1,hydration_free_energy,kcal/mol,test,C1CCOC1,-3.4700000286102295,-2.702015730217409,-5.949569563662299,0.5455381032274809,scaffold,2032,hybrid_concat,edge_gnn,rdkit,concat,721e3c494613d3aa378fb20e47d69b51245b538e
freesolv,064f079e10086f29,C1CCOCC1,hydration_free_energy,kcal/mol,calibration,C1CCOCC1,-3.119999885559082,-2.4263746109581765,-5.673928444403066,0.8211792224867134,scaffold,2032,hybrid_concat,edge_gnn,rdkit,concat,721e3c494613d3aa378fb20e47d69b51245b538e
freesolv,575f25bc7815593d,C1CNC1,hydration_free_energy,kcal/mol,validation,C1CNC1,-5.559999942779541,-5.001123061088599,-8.248676894533489,-1.753569227643709,scaffold,2032,hybrid_concat,edge_gnn,rdkit,concat,721e3c494613d3aa378fb20e47d69b51245b538e
freesolv,683feaf94c606491,C1CNCCN1,hydration_free_energy,kcal/mol,test,C1CNCCN1,-7.400000095367432,-8.174726264319844,-11.422280097764734,-4.927172430874954,scaffold,2032,hybrid_concat,edge_gnn,rdkit,concat,721e3c494613d3aa378fb20e47d69b51245b538e
freesolv,325f288037972770,C1COCCN1,hydration_free_energy,kcal/mol,test,C1COCCN1,-7.170000076293945,-6.567595173509903,-9.815149006954794,-3.3200413400650133,scaffold,2032,hybrid_concat,edge_gnn,rdkit,concat,721e3c494613d3aa378fb20e47d69b51245b538e
freesolv,b520ba34e96e6b2a,C1COCCO1,hydration_free_energy,kcal/mol,validation,C1COCCO1,-5.059999942779541,-4.547008095772505,-7.794561929217395,-1.2994542623276155,scaffold,2032,hybrid_concat,edge_gnn,rdkit,concat,721e3c494613d3aa378fb20e47d69b51245b538e
freesolv,32766722dbae4c61,C=C,hydration_free_energy,kcal/mol,train,,1.2799999713897705,-5.141142714994906,-8.388696548439796,-1.8935888815500164,scaffold,2032,hybrid_concat,edge_gnn,rdkit,concat,721e3c494613d3aa378fb20e47d69b51245b538e
freesolv,6ba07a348009ad29,C=C(C)C,hydration_free_energy,kcal/mol,train,,1.159999966621399,-7.093536001040066,-10.341089834484956,-3.845982167595176,scaffold,2032,hybrid_concat,edge_gnn,rdkit,concat,721e3c494613d3aa378fb20e47d69b51245b538e
freesolv,d1f6cbeec10124e5,C=C(C)C(=C)C,hydration_free_energy,kcal/mol,train,,0.4000000059604645,-8.91135274601308,-12.15890657945797,-5.66379891256819,scaffold,2032,hybrid_concat,edge_gnn,rdkit,concat,721e3c494613d3aa378fb20e47d69b51245b538e
freesolv,0df6a67583c65bae,C=C(C)CCC,hydration_free_energy,kcal/mol,train,,1.4700000286102295,1.2492540947910178,-1.9982997386538721,4.496807928235908,scaffold,2032,hybrid_concat,edge_gnn,rdkit,concat,721e3c494613d3aa378fb20e47d69b51245b538e
freesolv,1b19887cda12dbee,C=C(C)[C@@H]1CC=C(C)[C@@H](O)C1,hydration_free_energy,kcal/mol,validation,C1=CCCCC1,-4.440000057220459,-5.418851913559845,-8.666405747004735,-2.171298080114955,scaffold,2032,hybrid_concat,edge_gnn,rdkit,concat,721e3c494613d3aa378fb20e47d69b51245b538e
freesolv,4dadf5d2245646e2,C=C(C)[C@@H]1CC=C(C=O)CC1,hydration_free_energy,kcal/mol,validation,C1=CCCCC1,-4.090000152587891,-4.138562532754456,-7.386116366199346,-0.891008699309566,scaffold,2032,hybrid_concat,edge_gnn,rdkit,concat,721e3c494613d3aa378fb20e47d69b51245b538e
freesolv,9bd6e8248a6ac888,C=C(C)[C@@H]1CC[C@@H](C)C(=O)C1,hydration_free_energy,kcal/mol,validation,O=C1CCCCC1,-3.75,-3.544774823600043,-6.7923286570449335,-0.29722099015515324,scaffold,2032,hybrid_concat,edge_gnn,rdkit,concat,721e3c494613d3aa378fb20e47d69b51245b538e
freesolv,6f9249e288ca4886,C=C(C)c1ccccc1,hydration_free_energy,kcal/mol,train,c1ccccc1,-1.2400000095367432,-4.515678941117918,-7.763232774562808,-1.2681251076730282,scaffold,2032,hybrid_concat,edge_gnn,rdkit,concat,721e3c494613d3aa378fb20e47d69b51245b538e
freesolv,74e264a8023b8226,C=C(Cl)Cl,hydration_free_energy,kcal/mol,train,,0.25,-1.3027959117573857,-4.550349745202276,1.9447579216875042,scaffold,2032,hybrid_concat,edge_gnn,rdkit,concat,721e3c494613d3aa378fb20e47d69b51245b538e
freesolv,19b85ec9c712b308,C=C(c1ccccc1)c1ccccc1,hydration_free_energy,kcal/mol,validation,C=C(c1ccccc1)c1ccccc1,-2.7799999713897705,-2.413251045026972,-5.660804878471862,0.8343027884179177,scaffold,2032,hybrid_concat,edge_gnn,rdkit,concat,721e3c494613d3aa378fb20e47d69b51245b538e
freesolv,4ad22e011ffa96ba,C=CC,hydration_free_energy,kcal/mol,train,,1.3200000524520874,-3.4910804547522902,-6.73863428819718,-0.24352662130740033,scaffold,2032,hybrid_concat,edge_gnn,rdkit,concat,721e3c494613d3aa378fb20e47d69b51245b538e
freesolv,d00fecc2d59f99d6,C=CC(=C)C,hydration_free_energy,kcal/mol,train,,0.6800000071525574,-2.834104010395314,-6.081657843840204,0.413449823049576,scaffold,2032,hybrid_concat,edge_gnn,rdkit,concat,721e3c494613d3aa378fb20e47d69b51245b538e
freesolv,55c28b8ad121023c,C=CC(C)C,hydration_free_energy,kcal/mol,train,,1.8300000429153442,-3.994980210311708,-7.2425340437565975,-0.7474263768668181,scaffold,2032,hybrid_concat,edge_gnn,rdkit,concat,721e3c494613d3aa378fb20e47d69b51245b538e
freesolv,97213f023267d9a8,C=CC=C,hydration_free_energy,kcal/mol,train,,0.5600000023841858,-0.17268134299417115,-3.420235176439061,3.0748724904507188,scaffold,2032,hybrid_concat,edge_gnn,rdkit,concat,721e3c494613d3aa378fb20e47d69b51245b538e
freesolv,f810c7c1cf2244ef,C=CCC,hydration_free_energy,kcal/mol,train,,1.3799999952316284,-3.2792569700175638,-6.526810803462453,-0.03170313657267387,scaffold,2032,hybrid_concat,edge_gnn,rdkit,concat,721e3c494613d3aa378fb20e47d69b51245b538e
freesolv,1a9c34146a9dfca2,C=CCC=C,hydration_free_energy,kcal/mol,train,,0.9300000071525574,-4.603267442169576,-7.850821275614466,-1.3557136087246864,scaffold,2032,hybrid_concat,edge_gnn,rdkit,concat,721e3c494613d3aa378fb20e47d69b51245b538e
freesolv,4f9a22896fa30cb2,C=CCCC,hydration_free_energy,kcal/mol,train,,1.6799999475479126,-4.179786613064434,-7.427340446509324,-0.932232779619544,scaffold,2032,hybrid_concat,edge_gnn,rdkit,concat,721e3c494613d3aa378fb20e47d69b51245b538e
freesolv,05e112973dc272f3,C=CCCC=C,hydration_free_energy,kcal/mol,train,,1.0099999904632568,-4.661105159474711,-7.908658992919601,-1.413551326029821,scaffold,2032,hybrid_concat,edge_gnn,rdkit,concat,721e3c494613d3aa378fb20e47d69b51245b538e
freesolv,b04353e13b080b0e,C=CCCCC,hydration_free_energy,kcal/mol,train,,1.5800000429153442,-6.412290106792177,-9.659843940237067,-3.1647362733472875,scaffold,2032,hybrid_concat,edge_gnn,rdkit,concat,721e3c494613d3aa378fb20e47d69b51245b538e
freesolv,068d3d8e9203407c,C=CCCCCC,hydration_free_energy,kcal/mol,train,,1.659999966621399,-0.9362367936091767,-4.183790627054067,2.3113170398357132,scaffold,2032,hybrid_concat,edge_gnn,rdkit,concat,721e3c494613d3aa378fb20e47d69b51245b538e
freesolv,d200520d964a9529,C=CCCCCCC,hydration_free_energy,kcal/mol,train,,1.9199999570846558,-8.41465302203744,-11.66220685548233,-5.16709918859255,scaffold,2032,hybrid_concat,edge_gnn,rdkit,concat,721e3c494613d3aa378fb20e47d69b51245b538e
freesolv,c97dbca79441aa87,C=CCCCCCCC,hydration_free_energy,kcal/mol,train,,2.059999942779541,0.14292553367155314,-3.1046282997733368,3.390479367116443,scaffold,2032,hybrid_concat,edge_gnn,rdkit,concat,721e3c494613d3aa378fb20e47d69b51245b538e
freesolv,9646b5044f2d381b,C=CCCl,hydration_free_energy,kcal/mol,train,,-0.5699999928474426,-2.3849611980376904,-5.63251503148258,0.8625926354071995,scaffold,2032,hybrid_concat,edge_gnn,rdkit,concat,721e3c494613d3aa378fb20e47d69b51245b538e
freesolv,a9cb4c82f996239d,C=CCO,hydration_free_energy,kcal/mol,train,,-5.03000020980835,-1.2423388936222812,-4.489892727067171,2.0052149398226087,scaffold,2032,hybrid_concat,edge_gnn,rdkit,concat,721e3c494613d3aa378fb20e47d69b51245b538e
freesolv,f82b64c47a30e806,C=CCl,hydration_free_energy,kcal/mol,train,,-0.5899999737739563,-2.0560060727542413,-5.303559906199132,1.1915477606906486,scaffold,2032,hybrid_concat,edge_gnn,rdkit,concat,721e3c494613d3aa378fb20e47d69b51245b538e
freesolv,fb63886955500778,C=C[C@@](C)(CCC=C(C)C)OC(C)=O,hydration_free_energy,kcal/mol,train,,-2.490000009536743,-10.096107148368926,-13.343660981813816,-6.848553314924036,scaffold,2032,hybrid_concat,edge_gnn,rdkit,concat,721e3c494613d3aa378fb20e47d69b51245b538e
freesolv,922f2c1b03db117d,C=Cc1ccccc1,hydration_free_energy,kcal/mol,train,c1ccccc1,-1.2400000095367432,-4.443810638840839,-7.691364472285729,-1.196256805395949,scaffold,2032,hybrid_concat,edge_gnn,rdkit,concat,721e3c494613d3aa378fb20e47d69b51245b538e
freesolv,67300569a949ad42,C=O,hydration_free_energy,kcal/mol,train,,-2.75,-1.215020674428486,-4.462574507873375,2.032533159016404,scaffold,2032,hybrid_concat,edge_gnn,rdkit,concat,721e3c494613d3aa378fb20e47d69b51245b538e
freesolv,73c7d73efb8bdd41,CBr,hydration_free_energy,kcal/mol,train,,-0.8199999928474426,1.1909076958836011,-2.056646137561289,4.438461529328491,scaffold,2032,hybrid_concat,edge_gnn,rdkit,concat,721e3c494613d3aa378fb20e47d69b51245b538e
freesolv,05b1a8d05d1c3e6c,CC,hydration_free_energy,kcal/mol,train,,1.8300000429153442,-0.5186900839024697,-3.7662439173473596,2.72886374954242,scaffold,2032,hybrid_concat,edge_gnn,rdkit,concat,721e3c494613d3aa378fb20e47d69b51245b538e
freesolv,1eb27a465c7bf134,CC#N,hydration_free_energy,kcal/mol,train,,-3.880000114440918,-7.703421875177272,-10.950975708622162,-4.455868041732382,scaffold,2032,hybrid_concat,edge_gnn,rdkit,concat,721e3c494613d3aa378fb20e47d69b51245b538e
freesolv,1d67b723d41f51ac,CC(=O)C(C)(C)C,hydration_free_energy,kcal/mol,train,,-3.109999895095825,-3.383658464019179,-6.631212297464069,-0.13610463057428923,scaffold,2032,hybrid_concat,edge_gnn,rdkit,concat,721e3c494613d3aa378fb20e47d69b51245b538e
freesolv,58249ca616cb22d8,CC(=O)C(C)C,hydration_free_energy,kcal/mol,train,,-3.240000009536743,-4.111974582221338,-7.359528415666228,-0.8644207487764479,scaffold,2032,hybrid_concat,edge_gnn,rdkit,concat,721e3c494613d3aa378fb20e47d69b51245b538e
freesolv,582f8c2ed097dabc,CC(=O)C1CC1,hydration_free_energy,kcal/mol,validation,C1CC1,-4.610000133514404,-3.7469206383548728,-6.994474471799762,-0.49936680490998286,scaffold,2032,hybrid_concat,edge_gnn,rdkit,concat,721e3c494613d3aa378fb20e47d69b51245b538e
freesolv,b173a8fb75f4db23,CC(=O)C1CCCCC1,hydration_free_energy,kcal/mol,calibration,C1CCCCC1,-3.9000000953674316,-3.666337943186867,-6.913891776631757,-0.4187841097419769,scaffold,2032,hybrid_concat,edge_gnn,rdkit,concat,721e3c494613d3aa378fb20e47d69b51245b538e
freesolv,16cf4f31208ab363,CC(=O)CC(C)C,hydration_free_energy,kcal/mol,train,,-3.049999952316284,-0.23260211845078027,-3.48015595189567,3.0149517149941096,scaffold,2032,hybrid_concat,edge_gnn,rdkit,concat,721e3c494613d3aa378fb20e47d69b51245b538e
freesolv,cbb660b5eaf183ba,CC(=O)CO[N+](=O)[O-],hydration_free_energy,kcal/mol,train,,-5.989999771118164,-1.1800592495341224,-4.427613082979012,2.0674945839107677,scaffold,2032,hybrid_concat,edge_gnn,rdkit,concat,721e3c494613d3aa378fb20e47d69b51245b538e
freesolv,0780b195cfdf2ed6,CC(=O)N1CCCC1,hydration_free_energy,kcal/mol,validation,C1CCNC1,-9.800000190734863,-9.611009838607261,-12.858563672052151,-6.363456005162371,scaffold,2032,hybrid_concat,edge_gnn,rdkit,concat,721e3c494613d3aa378fb20e47d69b51245b538e
freesolv,a208ad1788f26aee,CC(=O)O,hydration_free_energy,kcal/mol,train,,-6.690000057220459,-11.067825216365835,-14.315379049810725,-7.820271382920945,scaffold,2032,hybrid_concat,edge_gnn,rdkit,concat,721e3c494613d3aa378fb20e47d69b51245b538e
freesolv,a3332288868582b4,CC(=O)OC(C)C,hydration_free_energy,kcal/mol,train,,-2.640000104904175,-3.7820231140468854,-7.029576947491775,-0.5344692806019955,scaffold,2032,hybrid_concat,edge_gnn,rdkit,concat,721e3c494613d3aa378fb20e47d69b51245b538e
freesolv,b8e46696f168483c,CC(=O)OC(C)OC(C)=O,hydration_free_energy,kcal/mol,train,,-4.96999979019165,-3.2355392489112376,-6.4830930823561275,0.01201458453365234,scaffold,2032,hybrid_concat,edge_gnn,rdkit,concat,721e3c494613d3aa378fb20e47d69b51245b538e
freesolv,d514c2011a6bb3d5,CC(=O)OCC(C)C,hydration_free_energy,kcal/mol,train,,-2.359999895095825,-4.05310392371204,-7.30065775715693,-0.8055500902671504,scaffold,2032,hybrid_concat,edge_gnn,rdkit,concat,721e3c494613d3aa378fb20e47d69b51245b538e
freesolv,e3057c8b93a65a68,CC(=O)OCC(COC(C)=O)OC(C)=O,hydration_free_energy,kcal/mol,train,,-8.84000015258789,-3.7587007016796563,-7.006254535124546,-0.5111468682347664,scaffold,2032,hybrid_concat,edge_gnn,rdkit,concat,721e3c494613d3aa378fb20e47d69b51245b538e
freesolv,1f85a7027c370d59,CC(=O)OCCC(C)C,hydration_free_energy,kcal/mol,train,,-2.2100000381469727,-9.67403003683019,-12.92158387027508,-6.426476203385301,scaffold,2032,hybrid_concat,edge_gnn,rdkit,concat,721e3c494613d3aa378fb20e47d69b51245b538e
freesolv,ba887869a6295619,CC(=O)OCCOC(C)=O,hydration_free_energy,kcal/mol,train,,-6.340000152587891,-1.0094557883386455,-4.257009621783535,2.2380980451062444,scaffold,2032,hybrid_concat,edge_gnn,rdkit,concat,721e3c494613d3aa378fb20e47d69b51245b538e
freesolv,646bf545cef99fa9,CC(=O)Oc1ccccc1C(=O)O,hydration_free_energy,kcal/mol,train,c1ccccc1,-9.9399995803833,-0.8310637267796781,-4.0786175602245685,2.416490106665212,scaffold,2032,hybrid_concat,edge_gnn,rdkit,concat,721e3c494613d3aa378fb20e47d69b51245b538e
freesolv,db4526f4bded9150,CC(=O)c1ccc(C)cc1,hydration_free_energy,kcal/mol,train,c1ccccc1,-4.699999809265137,-2.278722136684367,-5.526275970129257,0.9688316967605228,scaffold,2032,hybrid_concat,edge_gnn,rdkit,concat,721e3c494613d3aa378fb20e47d69b51245b538e
freesolv,e340b59450b263da,CC(=O)c1ccccc1,hydration_free_energy,kcal/mol,train,c1ccccc1,-4.579999923706055,-5.649899011788207,-8.897452845233097,-2.4023451783433174,scaffold,2032,hybrid_concat,edge_gnn,rdkit,concat,721e3c494613d3aa378fb20e47d69b51245b538e
freesolv,b1930bd9e457359d,CC(=O)c1cccnc1,hydration_free_energy,kcal/mol,validation,c1ccncc1,-8.260000228881836,-7.351225672659114,-10.598779506104004,-4.103671839214224,scaffold,2032,hybrid_concat,edge_gnn,rdkit,concat,721e3c494613d3aa378fb20e47d69b51245b538e
freesolv,3b8746d9ecf84cbe,CC(=O)c1ccncc1,hydration_free_energy,kcal/mol,validation,c1ccncc1,-7.619999885559082,-7.648372819518258,-10.895926652963148,-4.400818986073368,scaffold,2032,hybrid_concat,edge_gnn,rdkit,concat,721e3c494613d3aa378fb20e47d69b51245b538e
freesolv,49b42640c31e4afa,CC(C)(C)Br,hydration_free_energy,kcal/mol,train,,0.8399999737739563,-4.0362819809017365,-7.283835814346626,-0.7887281474568466,scaffold,2032,hybrid_concat,edge_gnn,rdkit,concat,721e3c494613d3aa378fb20e47d69b51245b538e
freesolv,30434d3b14f885bd,CC(C)(C)C,hydration_free_energy,kcal/mol,train,,2.509999990463257,-1.1345549141164426,-4.3821087475613325,2.1129989193284473,scaffold,2032,hybrid_concat,edge_gnn,rdkit,concat,721e3c494613d3aa378fb20e47d69b51245b538e
freesolv,8196c4a2dfe7d9d4,CC(C)(C)Cl,hydration_free_energy,kcal/mol,train,,1.090000033378601,-3.227907976357798,-6.475461809802688,0.0196458570870921,scaffold,2032,hybrid_concat,edge_gnn,rdkit,concat,721e3c494613d3aa378fb20e47d69b51245b538e
freesolv,27c766beb9d56df8,CC(C)(C)O,hydration_free_energy,kcal/mol,train,,-4.46999979019165,-6.989105884960662,-10.236659718405551,-3.7415520515157725,scaffold,2032,hybrid_concat,edge_gnn,rdkit,concat,721e3c494613d3aa378fb20e47d69b51245b538e
freesolv,9f57f1a7941e4d72,CC(C)(C)c1ccc(O)cc1,hydration_free_energy,kcal/mol,train,c1ccccc1,-5.909999847412109,-2.4422251256909373,-5.689778959135827,0.8053287077539526,scaffold,2032,hybrid_concat,edge_gnn,rdkit,concat,721e3c494613d3aa378fb20e47d69b51245b538e
freesolv,4e93122b9a1de48f,CC(C)(C)c1ccccc1,hydration_free_energy,kcal/mol,train,c1ccccc1,-0.4399999976158142,2.466630825486091,-0.780923007958799,5.71418465893098,scaffold,2032,hybrid_concat,edge_gnn,rdkit,concat,721e3c494613d3aa378fb20e47d69b51245b538e
freesolv,4547266f8bdfb534,CC(C)=CCC/C(C)=C/CO,hydration_free_energy,kcal/mol,train,,-4.449999809265137,0.6943082303156358,-2.553245603129254,3.9418620637605257,scaffold,2032,hybrid_concat,edge_gnn,rdkit,concat,721e3c494613d3aa378fb20e47d69b51245b538e
freesolv,8d8b5be02a6bec10,CC(C)=CCC/C(C)=C\CO,hydration_free_energy,kcal/mol,train,,-4.78000020980835,-6.3759028954986405,-9.62345672894353,-3.1283490620537506,scaffold,2032,hybrid_concat,edge_gnn,rdkit,concat,721e3c494613d3aa378fb20e47d69b51245b538e
freesolv,93243e4e6bacc8c0,CC(C)=O,hydration_free_energy,kcal/mol,train,,-3.799999952316284,0.5848663921601913,-2.6626874412846986,3.832420225605081,scaffold,2032,hybrid_concat,edge_gnn,rdkit,concat,721e3c494613d3aa378fb20e47d69b51245b538e
freesolv,6ef30f66f852c308,CC(C)Br,hydration_free_energy,kcal/mol,train,,-0.47999998927116394,-0.977442599727318,-4.224996433172208,2.270111233717572,scaffold,2032,hybrid_concat,edge_gnn,rdkit,concat,721e3c494613d3aa378fb20e47d69b51245b538e
freesolv,ef6d460c1e6abde9,CC(C)C,hydration_free_energy,kcal/mol,train,,2.299999952316284,-1.2995005656884184,-4.547054399133309,1.9480532677564715,scaffold,2032,hybrid_concat,edge_gnn,rdkit,concat,721e3c494613d3aa378fb20e47d69b51245b538e
freesolv,0f765371c44aaa59,CC(C)C(=O)C(C)C,hydration_free_energy,kcal/mol,train,,-2.740000009536743,-4.717270039284472,-7.964823872729362,-1.4697162058395818,scaffold,2032,hybrid_concat,edge_gnn,rdkit,concat,721e3c494613d3aa378fb20e47d69b51245b538e
freesolv,cc8a3aa0542cebe6,CC(C)C(C)C,hydration_free_energy,kcal/mol,train,,2.3399999141693115,-5.105798630520655,-8.353352463965546,-1.8582447970757654,scaffold,2032,hybrid_concat,edge_gnn,rdkit,concat,721e3c494613d3aa378fb20e47d69b51245b538e
freesolv,d74aca5cf4b1237c,CC(C)C(C)C(C)C,hydration_free_energy,kcal/mol,train,,2.559999942779541,-6.65169919560003,-9.899253029044921,-3.4041453621551403,scaffold,2032,hybrid_concat,edge_gnn,rdkit,concat,721e3c494613d3aa378fb20e47d69b51245b538e
freesolv,e413b9ce1efba5a0,CC(C)C=O,hydration_free_energy,kcal/mol,train,,-2.859999895095825,-4.60985413994864,-7.85740797339353,-1.3623003065037498,scaffold,2032,hybrid_concat,edge_gnn,rdkit,concat,721e3c494613d3aa378fb20e47d69b51245b538e
freesolv,e7ba17e129e75195,CC(C)CBr,hydration_free_energy,kcal/mol,train,,-0.029999999329447746,-2.660647253834227,-5.908201087279117,0.586906579610663,scaffold,2032,hybrid_concat,edge_gnn,rdkit,concat,721e3c494613d3aa378fb20e47d69b51245b538e
freesolv,5c23882ab3e2d463,CC(C)CC(=O)O,hydration_free_energy,kcal/mol,train,,-6.090000152587891,-3.4561097180088076,-6.7036635514536975,-0.20855588456391772,scaffold,2032,hybrid_concat,edge_gnn,rdkit,concat,721e3c494613d3aa378fb20e47d69b51245b538e
freesolv,1ce5066619b734b1,CC(C)CC(C)(C)C,hydration_free_energy,kcal/mol,train,,2.890000104904175,-2.499017019984548,-5.7465708534294375,0.7485368134603418,scaffold,2032,hybrid_concat,edge_gnn,rdkit,concat,721e3c494613d3aa378fb20e47d69b51245b538e
freesolv,608ba2d71e9299bf,CC(C)CC(C)C,hydration_free_energy,kcal/mol,train,,2.8299999237060547,-8.127777768452182,-11.375331601897072,-4.880223935007292,scaffold,2032,hybrid_concat,edge_gnn,rdkit,concat,721e3c494613d3aa378fb20e47d69b51245b538e
freesolv,05047a8dca414cad,CC(C)CCC(C)(C)C,hydration_free_energy,kcal/mol,train,,2.930000066757202,-2.145114427356496,-5.392668260801386,1.102439406088394,scaffold,2032,hybrid_concat,edge_gnn,rdkit,concat,721e3c494613d3aa378fb20e47d69b51245b538e
freesolv,6bc633f1f12c1ee7,CC(C)CCO,hydration_free_energy,kcal/mol,train,,-4.420000076293945,-1.7955459138219385,-5.043099747266829,1.4520079196229514,scaffold,2032,hybrid_concat,edge_gnn,rdkit,concat,721e3c494613d3aa378fb20e47d69b51245b538e
freesolv,b3a79ff7deca4dc9,CC(C)CCOC=O,hydration_free_energy,kcal/mol,train,,-2.130000114440918,-0.316860722229233,-3.564414555674123,2.930693111215657,scaffold,2032,hybrid_concat,edge_gnn,rdkit,concat,721e3c494613d3aa378fb20e47d69b51245b538e
freesolv,df4f318c47e4982d,CC(C)CO,hydration_free_energy,kcal/mol,train,,-4.5,-3.1180201929990963,-6.365574026443986,0.12953364044579363,scaffold,2032,hybrid_concat,edge_gnn,rdkit,concat,721e3c494613d3aa378fb20e47d69b51245b538e
freesolv,06f73f92690f97f5,CC(C)COC(=O)C(C)C,hydration_free_energy,kcal/mol,train,,-1.690000057220459,-5.090872110853838,-8.338425944298727,-1.8433182774089483,scaffold,2032,hybrid_concat,edge_gnn,rdkit,concat,721e3c494613d3aa378fb20e47d69b51245b538e
freesolv,d15c883b9a56c622,CC(C)COC=O,hydration_free_energy,kcal/mol,train,,-2.2200000286102295,-3.872250038921611,-7.119803872366501,-0.6246962054767211,scaffold,2032,hybrid_concat,edge_gnn,rdkit,concat,721e3c494613d3aa378fb20e47d69b51245b538e
freesolv,663bdfbc5dd043d9,CC(C)CO[N+](=O)[O-],hydration_free_energy,kcal/mol,train,,-1.8799999952316284,-3.018278780186745,-6.265832613631635,0.2292750532581449,scaffold,2032,hybrid_concat,edge_gnn,rdkit,concat,721e3c494613d3aa378fb20e47d69b51245b538e
freesolv,80e95678623257ff,CC(C)C[C@@H](C)O,hydration_free_energy,kcal/mol,train,,-3.7300000190734863,-8.692979149330078,-11.940532982774968,-5.445425315885188,scaffold,2032,hybrid_concat,edge_gnn,rdkit,concat,721e3c494613d3aa378fb20e47d69b51245b538e
freesolv,3a8d190e00649828,CC(C)Cc1ccc([C@H](C)C(=O)O)cc1,hydration_free_energy,kcal/mol,train,c1ccccc1,-7.0,-4.436441945453713,-7.683995778898603,-1.188888112008823,scaffold,2032,hybrid_concat,edge_gnn,rdkit,concat,721e3c494613d3aa378fb20e47d69b51245b538e
freesolv,86c01edec2b47ea9,CC(C)Cc1ccccc1,hydration_free_energy,kcal/mol,train,c1ccccc1,0.1599999964237213,-6.243278996760814,-9.490832830205704,-2.9957251633159245,scaffold,2032,hybrid_concat,edge_gnn,rdkit,concat,721e3c494613d3aa378fb20e47d69b51245b538e
freesolv,a05474e354458b4f,CC(C)Cc1cnccn1,hydration_free_energy,kcal/mol,calibration,c1cnccn1,-5.039999961853027,-4.955364884164637,-8.202918717609528,-1.707811050719747,scaffold,2032,hybrid_concat,edge_gnn,rdkit,concat,721e3c494613d3aa378fb20e47d69b51245b538e
freesolv,782413599639bd48,CC(C)Cl,hydration_free_energy,kcal/mol,train,,-0.25,-6.7856659977904465,-10.033219831235336,-3.5381121643455566,scaffold,2032,hybrid_concat,edge_gnn,rdkit,concat,721e3c494613d3aa378fb20e47d69b51245b538e
freesolv,5010d23b5654a272,CC(C)I,hydration_free_energy,kcal/mol,train,,-0.46000000834465027,2.847300016347788,-0.4002538170971017,6.094853849792678,scaffold,2032,hybrid_concat,edge_gnn,rdkit,concat,721e3c494613d3aa378fb20e47d69b51245b538e
freesolv,a58327f405c6019d,CC(C)NC(C)C,hydration_free_energy,kcal/mol,train,,-3.2200000286102295,2.34550988142634,-0.9020439520185497,5.59306371487123,scaffold,2032,hybrid_concat,edge_gnn,rdkit,concat,721e3c494613d3aa378fb20e47d69b51245b538e
freesolv,0a10a3c5ae6dbefa,CC(C)O,hydration_free_energy,kcal/mol,train,,-4.739999771118164,-11.781064327430695,-15.028618160875585,-8.533510493985805,scaffold,2032,hybrid_concat,edge_gnn,rdkit,concat,721e3c494613d3aa378fb20e47d69b51245b538e
freesolv,e9770c4c53aa3244,CC(C)OC(C)C,hydration_free_energy,kcal/mol,train,,-0.5299999713897705,-3.6468680400216904,-6.89442187346658,-0.3993142065768005,scaffold,2032,hybrid_concat,edge_gnn,rdkit,concat,721e3c494613d3aa378fb20e47d69b51245b538e
freesolv,5125da25cc580c3f,CC(C)OC=O,hydration_free_energy,kcal/mol,train,,-2.0199999809265137,-1.1159014579045956,-4.363455291349485,2.1316523755402943,scaffold,2032,hybrid_concat,edge_gnn,rdkit,concat,721e3c494613d3aa378fb20e47d69b51245b538e
freesolv,08532f1ef39cb3c2,CC(C)SC(C)C,hydration_free_energy,kcal/mol,train,,-1.2100000381469727,0.7744941857887322,-2.4730596476561577,4.0220480192336225,scaffold,2032,hybrid_concat,edge_gnn,rdkit,concat,721e3c494613d3aa378fb20e47d69b51245b538e
freesolv,2f13ba5e9b2c1d12,CC(C)[C@@H]1CC[C@@H](C)CC1=O,hydration_free_energy,kcal/mol,validation,O=C1CCCCC1,-2.5299999713897705,-3.1188403097696393,-6.36639414321453,0.12871352367525057,scaffold,2032,hybrid_concat,edge_gnn,rdkit,concat,721e3c494613d3aa378fb20e47d69b51245b538e
freesolv,8c1b6e7115a08cd9,CC(C)[C@@H]1CC[C@@H](C)C[C@H]1O,hydration_free_energy,kcal/mol,calibration,C1CCCCC1,-3.200000047683716,-4.550397608851868,-7.797951442296758,-1.302843775406978,scaffold,2032,hybrid_concat,edge_gnn,rdkit,concat,721e3c494613d3aa378fb20e47d69b51245b538e
freesolv,70007fb176a0ffc0,CC(C)[N+](=O)[O-],hydration_free_energy,kcal/mol,train,,-3.130000114440918,-24.63032325523907,-27.87787708868396,-21.38276942179418,scaffold,2032,hybrid_concat,edge_gnn,rdkit,concat,721e3c494613d3aa378fb20e47d69b51245b538e
freesolv,4766bce8aaa6feeb,CC(C)c1ccccc1,hydration_free_energy,kcal/mol,train,c1ccccc1,-0.30000001192092896,-9.55712673630283,-12.80468056974772,-6.309572902857941,scaffold,2032,hybrid_concat,edge_gnn,rdkit,concat,721e3c494613d3aa378fb20e47d69b51245b538e
freesolv,e0eb500eaa83e532,CC(Cl)(Cl)Cl,hydration_free_energy,kcal/mol,train,,-0.1899999976158142,-0.665078543311401,-3.912632376756291,2.582475290133489,scaffold,2032,hybrid_concat,edge_gnn,rdkit,concat,721e3c494613d3aa378fb20e47d69b51245b538e
freesolv,e8a1f1b7fb50720b,CC(Cl)Cl,hydration_free_energy,kcal/mol,train,,-0.8399999737739563,-8.270442686521124,-11.517996519966013,-5.022888853076234,scaffold,2032,hybrid_concat,edge_gnn,rdkit,concat,721e3c494613d3aa378fb20e47d69b51245b538e
freesolv,9b75e9a74817c850,CC(F)F,hydration_free_energy,kcal/mol,train,,-0.10999999940395355,-3.720667215377241,-6.968221048822131,-0.4731133819323512,scaffold,2032,hybrid_concat,edge_gnn,rdkit,concat,721e3c494613d3aa378fb20e47d69b51245b538e
freesolv,35dddcda2702a4ad,CC(N)=O,hydration_free_energy,kcal/mol,train,,-9.710000038146973,-1.6137598455298785,-4.861313678974769,1.6337939879150114,scaffold,2032,hybrid_concat,edge_gnn,rdkit,concat,721e3c494613d3aa378fb20e47d69b51245b538e
freesolv,2f90b29d0ea2bd0f,CC1=CC(=O)CC(C)(C)C1,hydration_free_energy,kcal/mol,calibration,O=C1C=CCCC1,-5.179999828338623,-3.5953104534522335,-6.8428642868971234,-0.34775662000734364,scaffold,2032,hybrid_concat,edge_gnn,rdkit,concat,721e3c494613d3aa378fb20e47d69b51245b538e
freesolv,196b98c38a9ef9ff,CC1=CC(=O)[C@H](C(C)C)CC1,hydration_free_energy,kcal/mol,calibration,O=C1C=CCCC1,-4.510000228881836,-3.211413720763413,-6.458967554208303,0.0361401126814771,scaffold,2032,hybrid_concat,edge_gnn,rdkit,concat,721e3c494613d3aa378fb20e47d69b51245b538e
freesolv,71b4ae69ea038c45,CC1=CCCCC1,hydration_free_energy,kcal/mol,validation,C1=CCCCC1,0.6700000166893005,0.4076127228795947,-2.839941110565295,3.6551665563244846,scaffold,2032,hybrid_concat,edge_gnn,rdkit,concat,721e3c494613d3aa378fb20e47d69b51245b538e
freesolv,3657f3498f9e2294,CC1CCC(C)CC1,hydration_free_energy,kcal/mol,calibration,C1CCCCC1,2.109999895095825,0.9476280733292888,-2.299925760115601,4.195181906774179,scaffold,2032,hybrid_concat,edge_gnn,rdkit,concat,721e3c494613d3aa378fb20e47d69b51245b538e
freesolv,d24802ff551c31d8,CC1CCCC1,hydration_free_energy,kcal/mol,calibration,C1CCCC1,1.590000033378601,1.6190138927029403,-1.6285399407419496,4.86656772614783,scaffold,2032,hybrid_concat,edge_gnn,rdkit,concat,721e3c494613d3aa378fb20e47d69b51245b538e
freesolv,acaaa8b4649c614e,CC1CCCCC1,hydration_free_energy,kcal/mol,calibration,C1CCCCC1,1.7000000476837158,1.7001948429709217,-1.5473589904739682,4.947748676415811,scaffold,2032,hybrid_concat,edge_gnn,rdkit,concat,721e3c494613d3aa378fb20e47d69b51245b538e
freesolv,5358908f8e9c796f,CC=C(C)C,hydration_free_energy,kcal/mol,train,,1.309999942779541,-3.3025313252546202,-6.55008515869951,-0.05497749180973033,scaffold,2032,hybrid_concat,edge_gnn,rdkit,concat,721e3c494613d3aa378fb20e47d69b51245b538e
freesolv,3ba5780e519232af,CC=O,hydration_free_energy,kcal/mol,train,,-3.5,-1.8534315634335308,-5.1009853968784205,1.3941222700113591,scaffold,2032,hybrid_concat,edge_gnn,rdkit,concat,721e3c494613d3aa378fb20e47d69b51245b538e
freesolv,9f9bae4da613fd97,CCBr,hydration_free_energy,kcal/mol,train,,-0.7400000095367432,-10.889616895314957,-14.137170728759846,-7.642063061870067,scaffold,2032,hybrid_concat,edge_gnn,rdkit,concat,721e3c494613d3aa378fb20e47d69b51245b538e
freesolv,72281cabb90098ca,CCC,hydration_free_energy,kcal/mol,train,,2.0,-2.9950922009858894,-6.242646034430779,0.25246163245900055,scaffold,2032,hybrid_concat,edge_gnn,rdkit,concat,721e3c494613d3aa378fb20e47d69b51245b538e
freesolv,b081cbfb90b7402a,CCC#N,hydration_free_energy,kcal/mol,train,,-3.8399999141693115,-6.090712063049485,-9.338265896494374,-2.8431582296045947,scaffold,2032,hybrid_concat,edge_gnn,rdkit,concat,721e3c494613d3aa378fb20e47d69b51245b538e
freesolv,b137901ff30dac85,CCC(=O)CC,hydration_free_energy,kcal/mol,train,,-3.4100000858306885,0.6621456526825149,-2.585408180762375,3.909699486127405,scaffold,2032,hybrid_concat,edge_gnn,rdkit,concat,721e3c494613d3aa378fb20e47d69b51245b538e
freesolv,d73fa90c49909081,CCC(=O)Nc1ccc(Cl)c(Cl)c1,hydration_free_energy,kcal/mol,train,c1ccccc1,-7.78000020980835,-2.52397337477764,-5.77152720822253,0.7235804586672501,scaffold,2032,hybrid_concat,edge_gnn,rdkit,concat,721e3c494613d3aa378fb20e47d69b51245b538e
freesolv,ae711e3e1cb2b62c,CCC(=O)O,hydration_free_energy,kcal/mol,train,,-6.460000038146973,-4.227492738951042,-7.475046572395932,-0.9799389055061525,scaffold,2032,hybrid_concat,edge_gnn,rdkit,concat,721e3c494613d3aa378fb20e47d69b51245b538e
freesolv,3b1dd60ed1dfbb76,CCC(=O)OC,hydration_free_energy,kcal/mol,train,,-2.930000066757202,-0.49117374450864926,-3.738727577953539,2.7563800889362406,scaffold,2032,hybrid_concat,edge_gnn,rdkit,concat,721e3c494613d3aa378fb20e47d69b51245b538e
freesolv,95159b36053bb032,CCC(C)(C)C,hydration_free_energy,kcal/mol,train,,2.509999990463257,2.459516073464219,-0.7880377599806709,5.707069906909108,scaffold,2032,hybrid_concat,edge_gnn,rdkit,concat,721e3c494613d3aa378fb20e47d69b51245b538e
freesolv,3fb4e89120f988ad,CCC(C)(C)CC,hydration_free_energy,kcal/mol,train,,2.559999942779541,-1.2896910194539053,-4.537244852898795,1.9578628139909846,scaffold,2032,hybrid_concat,edge_gnn,rdkit,concat,721e3c494613d3aa378fb20e47d69b51245b538e
freesolv,bdf2d11354f3860d,CCC(C)(C)O,hydration_free_energy,kcal/mol,train,,-4.429999828338623,-4.673278767007307,-7.920832600452197,-1.4257249335624174,scaffold,2032,hybrid_concat,edge_gnn,rdkit,concat,721e3c494613d3aa378fb20e47d69b51245b538e
freesolv,6c45d8284f5ddf4f,CCC(C)C,hydration_free_energy,kcal/mol,train,,2.380000114440918,-2.3147555476408628,-5.562309381085752,0.9327982858040271,scaffold,2032,hybrid_concat,edge_gnn,rdkit,concat,721e3c494613d3aa378fb20e47d69b51245b538e
freesolv,70ffb28e88de4627,CCC(C)CC,hydration_free_energy,kcal/mol,train,,2.509999990463257,0.6422761139122475,-2.6052777195326424,3.8898299473571374,scaffold,2032,hybrid_concat,edge_gnn,rdkit,concat,721e3c494613d3aa378fb20e47d69b51245b538e
freesolv,828963364af80af0,CCC(N)=O,hydration_free_energy,kcal/mol,train,,-9.399999618530273,-0.09606234999330265,-3.3436161834381926,3.1514914834515872,scaffold,2032,hybrid_concat,edge_gnn,rdkit,concat,721e3c494613d3aa378fb20e47d69b51245b538e
freesolv,960c6dcb6922b929,CCC(O)CC,hydration_free_energy,kcal/mol,train,,-4.349999904632568,-4.805143138405723,-8.052696971850612,-1.5575893049608327,scaffold,2032,hybrid_concat,edge_gnn,rdkit,concat,721e3c494613d3aa378fb20e47d69b51245b538e
freesolv,f58f8a95565cd02f,CCC/C=C/C=O,hydration_free_energy,kcal/mol,train,,-3.680000066757202,-2.6561636858599678,-5.903717519304857,0.5913901475849221,scaffold,2032,hybrid_concat,edge_gnn,rdkit,concat,721e3c494613d3aa378fb20e47d69b51245b538e
freesolv,12b118fa49abcab8,CCC=O,hydration_free_energy,kcal/mol,train,,-3.430000066757202,-3.316365774723604,-6.563919608168494,-0.06881194127871426,scaffold,2032,hybrid_concat,edge_gnn,rdkit,concat,721e3c494613d3aa378fb20e47d69b51245b538e
freesolv,5a7f7c6b893c81e5,CCCBr,hydration_free_energy,kcal/mol,train,,-0.5600000023841858,1.8847126532951832,-1.3628411801497067,5.132266486740074,scaffold,2032,hybrid_concat,edge_gnn,rdkit,concat,721e3c494613d3aa378fb20e47d69b51245b538e
freesolv,0c02aaf039e3096f,CCCC,hydration_free_energy,kcal/mol,train,,2.0999999046325684,-4.069479596777429,-7.317033430222319,-0.8219257633325388,scaffold,2032,hybrid_concat,edge_gnn,rdkit,concat,721e3c494613d3aa378fb20e47d69b51245b538e
freesolv,bdf503d5fea27e4f,CCCC#N,hydration_free_energy,kcal/mol,train,,-3.640000104904175,-1.1786384560835386,-4.426192289528428,2.0689153773613516,scaffold,2032,hybrid_concat,edge_gnn,rdkit,concat,721e3c494613d3aa378fb20e47d69b51245b538e
freesolv,363c7fa2de9ba737,CCCC(=O)CCC,hydration_free_energy,kcal/mol,train,,-2.9200000762939453,-1.0741747873896141,-4.321728620834504,2.1733790460552758,scaffold,2032,hybrid_concat,edge_gnn,rdkit,concat,721e3c494613d3aa378fb20e47d69b51245b538e
freesolv,7e19891bed0df61a,CCCC(=O)O,hydration_free_energy,kcal/mol,train,,-6.349999904632568,-2.0012854532534345,-5.248839286698324,1.2462683801914554,scaffold,2032,hybrid_concat,edge_gnn,rdkit,concat,721e3c494613d3aa378fb20e47d69b51245b538e
freesolv,74fe519ef396aa2d,CCCC(=O)OC,hydration_free_energy,kcal/mol,train,,-2.8299999237060547,-2.921683773786941,-6.169237607231831,0.3258700596579489,scaffold,2032,hybrid_concat,edge_gnn,rdkit,concat,721e3c494613d3aa378fb20e47d69b51245b538e
freesolv,875e5e4c442371b3,CCCC(=O)OCC,hydration_free_energy,kcal/mol,train,,-2.490000009536743,-0.7432443517852483,-3.990798185230138,2.5043094816596416,scaffold,2032,hybrid_concat,edge_gnn,rdkit,concat,721e3c494613d3aa378fb20e47d69b51245b538e
freesolv,03542dfab9a8b00c,CCCC(C)(C)C,hydration_free_energy,kcal/mol,train,,2.880000114440918,2.858597261543982,-0.3889565719009078,6.106151094988872,scaffold,2032,hybrid_concat,edge_gnn,rdkit,concat,721e3c494613d3aa378fb20e47d69b51245b538e
freesolv,f1b212ed322c6018,CCCC(C)(C)O,hydration_free_energy,kcal/mol,train,,-3.9200000762939453,-0.16794563111615002,-3.41549946456104,3.07960820232874,scaffold,2032,hybrid_concat,edge_gnn,rdkit,concat,721e3c494613d3aa378fb20e47d69b51245b538e
freesolv,39533f2780e046ad,CCCC(C)=O,hydration_free_energy,kcal/mol,train,,-3.5199999809265137,-10.65398646999952,-13.90154030344441,-7.40643263655463,scaffold,2032,hybrid_concat,edge_gnn,rdkit,concat,721e3c494613d3aa378fb20e47d69b51245b538e
freesolv,b26bad70227ef601,CCCC(C)C,hydration_free_energy,kcal/mol,train,,2.509999990463257,0.4364068576764,-2.81114697576849,3.68396069112129,scaffold,2032,hybrid_concat,edge_gnn,rdkit,concat,721e3c494613d3aa378fb20e47d69b51245b538e
freesolv,aa05bf74b194f434,CCCC1CCCC1,hydration_free_energy,kcal/mol,calibration,C1CCCC1,2.130000114440918,1.8944628833004553,-1.3530909501444346,5.142016716745346,scaffold,2032,hybrid_concat,edge_gnn,rdkit,concat,721e3c494613d3aa378fb20e47d69b51245b538e
freesolv,397cb77fff01ff68,CCCC=O,hydration_free_energy,kcal/mol,train,,-3.180000066757202,2.2054093417528855,-1.0421444916920044,5.452963175197775,scaffold,2032,hybrid_concat,edge_gnn,rdkit,concat,721e3c494613d3aa378fb20e47d69b51245b538e
freesolv,dbe273c607f375c1,CCCCBr,hydration_free_energy,kcal/mol,train,,-0.4000000059604645,-8.644742472726366,-11.892296306171255,-5.397188639281476,scaffold,2032,hybrid_concat,edge_gnn,rdkit,concat,721e3c494613d3aa378fb20e47d69b51245b538e
freesolv,c65a887de1f68c42,CCCCC,hydration_free_energy,kcal/mol,train,,2.299999952316284,-0.3197542357957297,-3.5673080692406196,2.92779959764916,scaffold,2032,hybrid_concat,edge_gnn,rdkit,concat,721e3c494613d3aa378fb20e47d69b51245b538e
freesolv,41df5f7378e36325,CCCCC#N,hydration_free_energy,kcal/mol,train,,-3.5199999809265137,-0.5274972457781861,-3.775051079223076,2.7200565876667038,scaffold,2032,hybrid_concat,edge_gnn,rdkit,concat,721e3c494613d3aa378fb20e47d69b51245b538e
freesolv,e6007044d8c0034f,CCCCC(=O)CCCC,hydration_free_energy,kcal/mol,train,,-2.640000104904175,-1.6301734650045456,-4.877727298449436,1.6173803684403443,scaffold,2032,hybrid_concat,edge_gnn,rdkit,concat,721e3c494613d3aa378fb20e47d69b51245b538e
freesolv,32ecc9982d398376,CCCCC(=O)O,hydration_free_energy,kcal/mol,train,,-6.159999847412109,-2.8751812980167655,-6.122735131461655,0.37237253542812443,scaffold,2032,hybrid_concat,edge_gnn,rdkit,concat,721e3c494613d3aa378fb20e47d69b51245b538e
freesolv,6751478463d88fc8,CCCCC(=O)OC,hydration_free_energy,kcal/mol,train,,-2.559999942779541,-7.7055736363013345,-10.953127469746224,-4.458019802856445,scaffold,2032,hybrid_concat,edge_gnn,rdkit,concat,721e3c494613d3aa378fb20e47d69b51245b538e
freesolv,5c2b6f5593568a0c,CCCCC(=O)OCC,hydration_free_energy,kcal/mol,train,,-2.490000009536743,-1.2217383871785334,-4.469292220623423,2.0258154462663565,scaffold,2032,hybrid_concat,edge_gnn,rdkit,concat,721e3c494613d3aa378fb20e47d69b51245b538e
freesolv,1af343ef31d31c1a,CCCCC(C)=O,hydration_free_energy,kcal/mol,train,,-3.2799999713897705,-4.142636678944389,-7.390190512389279,-0.8950828454994992,scaffold,2032,hybrid_concat,edge_gnn,rdkit,concat,721e3c494613d3aa378fb20e47d69b51245b538e
freesolv,b312f6bfc607a5c1,CCCCC(C)C,hydration_free_energy,kcal/mol,train,,2.930000066757202,-0.9630513241492786,-4.210605157594168,2.2845025092956113,scaffold,2032,hybrid_concat,edge_gnn,rdkit,concat,721e3c494613d3aa378fb20e47d69b51245b538e
freesolv,ff3070e7bd7554be,CCCCC/C=C/C=O,hydration_free_energy,kcal/mol,train,,-3.430000066757202,-10.362454193406009,-13.610008026850899,-7.114900359961119,scaffold,2032,hybrid_concat,edge_gnn,rdkit,concat,721e3c494613d3aa378fb20e47d69b51245b538e
freesolv,f448cc7ab5087548,CCCCC=O,hydration_free_energy,kcal/mol,train,,-3.0299999713897705,-6.55297342342498,-9.80052725686987,-3.3054195899800902,scaffold,2032,hybrid_concat,edge_gnn,rdkit,concat,721e3c494613d3aa378fb20e47d69b51245b538e
freesolv,133c9950c099219b,CCCCCBr,hydration_free_energy,kcal/mol,train,,-0.10000000149011612,-2.592138706662918,-5.839692540107808,0.6554151267819721,scaffold,2032,hybrid_concat,edge_gnn,rdkit,concat,721e3c494613d3aa378fb20e47d69b51245b538e
freesolv,b9d709c5baaf140a,CCCCCC,hydration_free_energy,kcal/mol,train,,2.4800000190734863,2.5251449874661103,-0.7224088459787796,5.772698820911,scaffold,2032,hybrid_concat,edge_gnn,rdkit,concat,721e3c494613d3aa378fb20e47d69b51245b538e
freesolv,6fba198d3d1721fb,CCCCCC(=O)O,hydration_free_energy,kcal/mol,train,,-6.210000038146973,2.6736852079991054,-0.5738686254457845,5.921239041443995,scaffold,2032,hybrid_concat,edge_gnn,rdkit,concat,721e3c494613d3aa378fb20e47d69b51245b538e
freesolv,b6b4fcf38b80bb62,CCCCCC(=O)OC,hydration_free_energy,kcal/mol,train,,-2.490000009536743,-3.6398993816755425,-6.887453215120432,-0.3923455482306526,scaffold,2032,hybrid_concat,edge_gnn,rdkit,concat,721e3c494613d3aa378fb20e47d69b51245b538e
freesolv,c27d3eb691086c0e,CCCCCC(=O)OCC,hydration_free_energy,kcal/mol,train,,-2.2300000190734863,-5.1607921645913555,-8.408345998036246,-1.9132383311464656,scaffold,2032,hybrid_concat,edge_gnn,rdkit,concat,721e3c494613d3aa378fb20e47d69b51245b538e
freesolv,ece018572b2d8a14,CCCCCC(C)=O,hydration_free_energy,kcal/mol,train,,-3.0399999618530273,-2.164682192314024,-5.412236025758913,1.082871641130866,scaffold,2032,hybrid_concat,edge_gnn,rdkit,concat,721e3c494613d3aa378fb20e47d69b51245b538e
freesolv,721a178df646ca1b,CCCCCC(N)=O,hydration_free_energy,kcal/mol,train,,-9.3100004196167,-6.921163038864526,-10.168716872309416,-3.673609205419636,scaffold,2032,hybrid_concat,edge_gnn,rdkit,concat,721e3c494613d3aa378fb20e47d69b51245b538e
freesolv,3246863db31fc62b,CCCCCC1CCCC1,hydration_free_energy,kcal/mol,calibration,C1CCCC1,2.549999952316284,1.9361719786364024,-1.3113818548084875,5.183725812081292,scaffold,2032,hybrid_concat,edge_gnn,rdkit,concat,721e3c494613d3aa378fb20e47d69b51245b538e
freesolv,2a429658212632e6,CCCCCC=O,hydration_free_energy,kcal/mol,train,,-2.809999942779541,-4.625826582485953,-7.873380415930843,-1.378272749041063,scaffold,2032,hybrid_concat,edge_gnn,rdkit,concat,721e3c494613d3aa378fb20e47d69b51245b538e
freesolv,fa17305ea323628e,CCCCCCBr,hydration_free_energy,kcal/mol,train,,0.18000000715255737,-3.160409902122,-6.40796373556689,0.08714393132289011,scaffold,2032,hybrid_concat,edge_gnn,rdkit,concat,721e3c494613d3aa378fb20e47d69b51245b538e
freesolv,0d31a6c328196dcb,CCCCCCC,hydration_free_energy,kcal/mol,train,,2.6700000762939453,-1.722925673487304,-4.970479506932194,1.524628159957586,scaffold,2032,hybrid_concat,edge_gnn,rdkit,concat,721e3c494613d3aa378fb20e47d69b51245b538e
freesolv,95b742928f6b9c7c,CCCCCCC(C)=O,hydration_free_energy,kcal/mol,train,,-2.880000114440918,-5.696680144019155,-8.944233977464044,-2.4491263105742647,scaffold,2032,hybrid_concat,edge_gnn,rdkit,concat,721e3c494613d3aa378fb20e47d69b51245b538e
freesolv,94d55096ffe1cf8f,CCCCCCC=O,hydration_free_energy,kcal/mol,train,,-2.6700000762939453,0.8098746189287134,-2.4376792145161765,4.057428452373603,scaffold,2032,hybrid_concat,edge_gnn,rdkit,concat,721e3c494613d3aa378fb20e47d69b51245b538e
freesolv,e5f6857cc48520e1,CCCCCCCBr,hydration_free_energy,kcal/mol,train,,0.3400000035762787,-6.961109024194604,-10.208662857639494,-3.713555190749714,scaffold,2032,hybrid_concat,edge_gnn,rdkit,concat,721e3c494613d3aa378fb20e47d69b51245b538e
freesolv,b8c87ca6a3bbaf9a,CCCCCCCC,hydration_free_energy,kcal/mol,train,,2.880000114440918,-3.8196794829423473,-7.067233316387237,-0.5721256494974574,scaffold,2032,hybrid_concat,edge_gnn,rdkit,concat,721e3c494613d3aa378fb20e47d69b51245b538e
freesolv,aa39ba56ac3bb10c,CCCCCCCC(=O)OC,hydration_free_energy,kcal/mol,train,,-2.0399999618530273,-7.705839660602175,-10.953393494047065,-4.458285827157285,scaffold,2032,hybrid_concat,edge_gnn,rdkit,concat,721e3c494613d3aa378fb20e47d69b51245b538e
freesolv,abda4bc05ccb6a0f,CCCCCCCC(C)=O,hydration_free_energy,kcal/mol,train,,-2.490000009536743,-6.211064492462365,-9.458618325907254,-2.9635106590174747,scaffold,2032,hybrid_concat,edge_gnn,rdkit,concat,721e3c494613d3aa378fb20e47d69b51245b538e
freesolv,4be165ba79237734,CCCCCCCC=O,hydration_free_energy,kcal/mol,train,,-2.2899999618530273,2.3739557081295524,-0.8735981253153375,5.621509541574442,scaffold,2032,hybrid_concat,edge_gnn,rdkit,concat,721e3c494613d3aa378fb20e47d69b51245b538e
freesolv,09f8afe9d3b8d320,CCCCCCCCBr,hydration_free_energy,kcal/mol,train,,0.5199999809265137,-7.751810736853987,-10.999364570298876,-4.504256903409097,scaffold,2032,hybrid_concat,edge_gnn,rdkit,concat,721e3c494613d3aa378fb20e47d69b51245b538e
freesolv,c1789540a8674e1a,CCCCCCCCC,hydration_free_energy,kcal/mol,train,,3.130000114440918,-1.2599789809884347,-4.507532814433325,1.9875748524564552,scaffold,2032,hybrid_concat,edge_gnn,rdkit,concat,721e3c494613d3aa378fb20e47d69b51245b538e
freesolv,4a3ffcd0d28fe78b,CCCCCCCCC(C)=O,hydration_free_energy,kcal/mol,train,,-2.3399999141693115,-0.4265174568919625,-3.6740712903368524,2.8210363765529274,scaffold,2032,hybrid_concat,edge_gnn,rdkit,concat,721e3c494613d3aa378fb20e47d69b51245b538e
freesolv,ec8b98d1cb1ce133,CCCCCCCCC=O,hydration_free_energy,kcal/mol,train,,-2.069999933242798,-3.2066283040821846,-6.4541821375270745,0.040925529362705326,scaffold,2032,hybrid_concat,edge_gnn,rdkit,concat,721e3c494613d3aa378fb20e47d69b51245b538e
freesolv,75b6097552666ac9,CCCCCCCCCC,hydration_free_energy,kcal/mol,train,,3.1600000858306885,-5.46509760198407,-8.71265143542896,-2.21754376853918,scaffold,2032,hybrid_concat,edge_gnn,rdkit,concat,721e3c494613d3aa378fb20e47d69b51245b538e
freesolv,f39cab9e03836a2a,CCCCCCCCCC(C)=O,hydration_free_energy,kcal/mol,train,,-2.1500000953674316,-1.2436294709736548,-4.491183304418545,2.003924362471235,scaffold,2032,hybrid_concat,edge_gnn,rdkit,concat,721e3c494613d3aa378fb20e47d69b51245b538e
freesolv,f291a8c4f28957ac,CCCCCCCCCCO,hydration_free_energy,kcal/mol,train,,-3.640000104904175,-0.010731061139915177,-3.258284894584805,3.2368227723049747,scaffold,2032,hybrid_concat,edge_gnn,rdkit,concat,721e3c494613d3aa378fb20e47d69b51245b538e
freesolv,47c556dcc89524e8,CCCCCCCCCO,hydration_free_energy,kcal/mol,train,,-3.880000114440918,-1.472431639657276,-4.719985473102166,1.7751221937876138,scaffold,2032,hybrid_concat,edge_gnn,rdkit,concat,721e3c494613d3aa378fb20e47d69b51245b538e
freesolv,8d563aedccae05a5,CCCCCCCCN,hydration_free_energy,kcal/mol,train,,-3.6500000953674316,-8.134507863714731,-11.382061697159621,-4.886954030269841,scaffold,2032,hybrid_concat,edge_gnn,rdkit,concat,721e3c494613d3aa378fb20e47d69b51245b538e
freesolv,792f87dcc6bad3ab,CCCCCCCCO,hydration_free_energy,kcal/mol,train,,-4.090000152587891,0.3545868099889833,-2.8929670234559066,3.602140643433873,scaffold,2032,hybrid_concat,edge_gnn,rdkit,concat,721e3c494613d3aa378fb20e47d69b51245b538e
freesolv,7160687123739e47,CCCCCCCCl,hydration_free_energy,kcal/mol,train,,0.28999999165534973,-1.329621626502328,-4.577175459947218,1.917932206942562,scaffold,2032,hybrid_concat,edge_gnn,rdkit,concat,721e3c494613d3aa378fb20e47d69b51245b538e
freesolv,d314880f871cdc72,CCCCCCCI,hydration_free_energy,kcal/mol,train,,0.27000001072883606,-0.5722176882673384,-3.8197715217122283,2.6753361451775515,scaffold,2032,hybrid_concat,edge_gnn,rdkit,concat,721e3c494613d3aa378fb20e47d69b51245b538e
freesolv,52c877fb1fc39037,CCCCCCCN,hydration_free_energy,kcal/mol,train,,-3.7899999618530273,-4.331850157698986,-7.5794039911438755,-1.0842963242540957,scaffold,2032,hybrid_concat,edge_gnn,rdkit,concat,721e3c494613d3aa378fb20e47d69b51245b538e
freesolv,26d2aa460794e065,CCCCCCCO,hydration_free_energy,kcal/mol,train,,-4.210000038146973,-2.8891199628051805,-6.13667379625007,0.35843387063970944,scaffold,2032,hybrid_concat,edge_gnn,rdkit,concat,721e3c494613d3aa378fb20e47d69b51245b538e
freesolv,025d577d95efe3b4,CCCCCCCl,hydration_free_energy,kcal/mol,train,,0.0,-2.6506534677967672,-5.898207301241657,0.5969003656481227,scaffold,2032,hybrid_concat,edge_gnn,rdkit,concat,721e3c494613d3aa378fb20e47d69b51245b538e
freesolv,88afe17e741468f3,CCCCCCI,hydration_free_energy,kcal/mol,train,,0.07999999821186066,-4.429201570845333,-7.676755404290223,-1.1816477374004428,scaffold,2032,hybrid_concat,edge_gnn,rdkit,concat,721e3c494613d3aa378fb20e47d69b51245b538e
freesolv,9e36e298d03ebb99,CCCCCCN,hydration_free_energy,kcal/mol,train,,-3.950000047683716,-4.312370468354574,-7.559924301799464,-1.0648166349096844,scaffold,2032,hybrid_concat,edge_gnn,rdkit,concat,721e3c494613d3aa378fb20e47d69b51245b538e
freesolv,67a84046ee2724da,CCCCCCO,hydration_free_energy,kcal/mol,train,,-4.400000095367432,-4.502985567637172,-7.750539401082062,-1.2554317341922818,scaffold,2032,hybrid_concat,edge_gnn,rdkit,concat,721e3c494613d3aa378fb20e47d69b51245b538e
freesolv,045b8d8a43ece3f6,CCCCCCOC(C)=O,hydration_free_energy,kcal/mol,train,,-2.259999990463257,-7.108667031881103,-10.356220865325993,-3.861113198436213,scaffold,2032,hybrid_concat,edge_gnn,rdkit,concat,721e3c494613d3aa378fb20e47d69b51245b538e
freesolv,2fd5e6e45fde1339,CCCCCCO[N+](=O)[O-],hydration_free_energy,kcal/mol,train,,-1.659999966621399,-2.5831989320726683,-5.830752765517558,0.6643549013722216,scaffold,2032,hybrid_concat,edge_gnn,rdkit,concat,721e3c494613d3aa378fb20e47d69b51245b538e
freesolv,cd6c3d0610e05c69,CCCCCCc1ccccc1,hydration_free_energy,kcal/mol,train,c1ccccc1,-0.03999999910593033,-4.8154644618706435,-8.063018295315533,-1.5679106284257536,scaffold,2032,hybrid_concat,edge_gnn,rdkit,concat,721e3c494613d3aa378fb20e47d69b51245b538e
freesolv,8ac2131167ce2101,CCCCCCl,hydration_free_energy,kcal/mol,train,,-0.10000000149011612,-1.9687720710524264,-5.2163259044973165,1.2787817623924636,scaffold,2032,hybrid_concat,edge_gnn,rdkit,concat,721e3c494613d3aa378fb20e47d69b51245b538e
freesolv,61a8967b60de201c,CCCCCI,hydration_free_energy,kcal/mol,train,,-0.14000000059604645,-2.2253399269824197,-5.47289376042731,1.0222139064624702,scaffold,2032,hybrid_concat,edge_gnn,rdkit,concat,721e3c494613d3aa378fb20e47d69b51245b538e
freesolv,964f1e46b133a777,CCCCCN,hydration_free_energy,kcal/mol,train,,-4.090000152587891,-4.218436029504831,-7.465989862949721,-0.9708821960599412,scaffold,2032,hybrid_concat,edge_gnn,rdkit,concat,721e3c494613d3aa378fb20e47d69b51245b538e
freesolv,b360cef7ae377473,CCCCCO,hydration_free_energy,kcal/mol,train,,-4.570000171661377,-3.339798568701772,-6.587352402146662,-0.09224473525688204,scaffold,2032,hybrid_concat,edge_gnn,rdkit,concat,721e3c494613d3aa378fb20e47d69b51245b538e
freesolv,0c072a2731172132,CCCCCOC(=O)CC,hydration_free_energy,kcal/mol,train,,-2.109999895095825,-3.73662827399177,-6.98418210743666,-0.4890744405468803,scaffold,2032,hybrid_concat,edge_gnn,rdkit,concat,721e3c494613d3aa378fb20e47d69b51245b538e
freesolv,5f4efc6ed5a32666,CCCCCOC(C)=O,hydration_free_energy,kcal/mol,train,,-2.509999990463257,2.6282969087066417,-0.6192569247382482,5.875850742151531,scaffold,2032,hybrid_concat,edge_gnn,rdkit,concat,721e3c494613d3aa378fb20e47d69b51245b538e
freesolv,a580f6b292969b53,CCCCC[N+](=O)[O-],hydration_free_energy,kcal/mol,train,,-2.819999933242798,-1.9062764320082926,-5.153830265453182,1.3412774014365973,scaffold,2032,hybrid_concat,edge_gnn,rdkit,concat,721e3c494613d3aa378fb20e47d69b51245b538e
freesolv,468b092da3632d2d,CCCCCc1ccccc1,hydration_free_energy,kcal/mol,train,c1ccccc1,-0.23000000417232513,-0.4825171699623878,-3.7300710034072777,2.765036663482502,scaffold,2032,hybrid_concat,edge_gnn,rdkit,concat,721e3c494613d3aa378fb20e47d69b51245b538e
freesolv,c514ddd9e3b812c1,CCCCCl,hydration_free_energy,kcal/mol,train,,-0.1599999964237213,-0.5038083010550136,-3.7513621344999035,2.7437455323898763,scaffold,2032,hybrid_concat,edge_gnn,rdkit,concat,721e3c494613d3aa378fb20e47d69b51245b538e
freesolv,0d8fa2ca3dfd887f,CCCCI,hydration_free_energy,kcal/mol,train,,-0.25,-3.2044535753946097,-6.452007408839499,0.04310025805028017,scaffold,2032,hybrid_concat,edge_gnn,rdkit,concat,721e3c494613d3aa378fb20e47d69b51245b538e
freesolv,49a122776d5ed26c,CCCCN,hydration_free_energy,kcal/mol,train,,-4.239999771118164,-5.397248024167583,-8.644801857612473,-2.149694190722693,scaffold,2032,hybrid_concat,edge_gnn,rdkit,concat,721e3c494613d3aa378fb20e47d69b51245b538e
freesolv,d21d0b3984a63f44,CCCCN(CC)C(=O)SCCC,hydration_free_energy,kcal/mol,train,,-3.640000104904175,-0.08541638501110249,-3.3329702184559924,3.1621374484337874,scaffold,2032,hybrid_concat,edge_gnn,rdkit,concat,721e3c494613d3aa378fb20e47d69b51245b538e
freesolv,80fb9cecc75acbd8,CCCCN(CC)c1c([N+](=O)[O-])cc(C(F)(F)F)cc1[N+](=O)[O-],hydration_free_energy,kcal/mol,train,c1ccccc1,-3.509999990463257,2.678268734804123,-0.5692850986407669,5.925822568249012,scaffold,2032,hybrid_concat,edge_gnn,rdkit,concat,721e3c494613d3aa378fb20e47d69b51245b538e
freesolv,a629bf56a3d8d9a4,CCCCNCCCC,hydration_free_energy,kcal/mol,train,,-3.240000009536743,-1.2801980261599566,-4.527751859604846,1.9673558072849333,scaffold,2032,hybrid_concat,edge_gnn,rdkit,concat,721e3c494613d3aa378fb20e47d69b51245b538e
freesolv,05c1bfb084995387,CCCCO,hydration_free_energy,kcal/mol,train,,-4.71999979019165,-6.692352581886246,-9.939906415331137,-3.4447987484413565,scaffold,2032,hybrid_concat,edge_gnn,rdkit,concat,721e3c494613d3aa378fb20e47d69b51245b538e
freesolv,568d2f3ccef5f29e,CCCCOC(=O)c1ccc(O)cc1,hydration_free_energy,kcal/mol,train,c1ccccc1,-8.720000267028809,-3.219075799809649,-6.466629633254539,0.02847803363524104,scaffold,2032,hybrid_concat,edge_gnn,rdkit,concat,721e3c494613d3aa378fb20e47d69b51245b538e
freesolv,46583bb6ead842fb,CCCCOC(C)=O,hydration_free_energy,kcal/mol,train,,-2.640000104904175,-4.855173781437586,-8.102727614882475,-1.6076199479926965,scaffold,2032,hybrid_concat,edge_gnn,rdkit,concat,721e3c494613d3aa378fb20e47d69b51245b538e
freesolv,9db897b9a26af7f8,CCCCOCCCC,hydration_free_energy,kcal/mol,train,,-0.8299999833106995,-4.442812448558858,-7.6903662820037475,-1.1952586151139677,scaffold,2032,hybrid_concat,edge_gnn,rdkit,concat,721e3c494613d3aa378fb20e47d69b51245b538e
freesolv,f95f835b86cb25c6,CCCCOCCO,hydration_free_energy,kcal/mol,train,,-6.25,1.2724697079879213,-1.9750841254569687,4.520023541432812,scaffold,2032,hybrid_concat,edge_gnn,rdkit,concat,721e3c494613d3aa378fb20e47d69b51245b538e
freesolv,2caada664cae6a44,CCCCOC[C@H](C)O,hydration_free_energy,kcal/mol,train,,-5.730000019073486,1.2469441570556437,-2.0006096763892462,4.494497990500534,scaffold,2032,hybrid_concat,edge_gnn,rdkit,concat,721e3c494613d3aa378fb20e47d69b51245b538e
freesolv,cde238e2926e5f58,CCCCO[N+](=O)[O-],hydration_free_energy,kcal/mol,train,,-2.0899999141693115,-1.1924553428558595,-4.44000917630075,2.0550984905890304,scaffold,2032,hybrid_concat,edge_gnn,rdkit,concat,721e3c494613d3aa378fb20e47d69b51245b538e
freesolv,6287c96eb11ffacf,CCCCS,hydration_free_energy,kcal/mol,train,,-0.9900000095367432,-6.547908576375949,-9.79546240982084,-3.3003547429310593,scaffold,2032,hybrid_concat,edge_gnn,rdkit,concat,721e3c494613d3aa378fb20e47d69b51245b538e
freesolv,e63ff875f53e1b76,CCCC[C@@H](C)CC,hydration_free_energy,kcal/mol,train,,2.9700000286102295,-2.8407674497941953,-6.088321283239085,0.40678638365069464,scaffold,2032,hybrid_concat,edge_gnn,rdkit,concat,721e3c494613d3aa378fb20e47d69b51245b538e
freesolv,4297266e950b3a36,CCCC[N+](=O)[O-],hydration_free_energy,kcal/mol,train,,-3.0899999141693115,-0.43355451863378436,-3.6811083520786743,2.8139993148111055,scaffold,2032,hybrid_concat,edge_gnn,rdkit,concat,721e3c494613d3aa378fb20e47d69b51245b538e
freesolv,0d50519807301d63,CCCCc1ccccc1,hydration_free_energy,kcal/mol,train,c1ccccc1,-0.4000000059604645,-5.996287017071353,-9.243840850516243,-2.748733183626463,scaffold,2032,hybrid_concat,edge_gnn,rdkit,concat,721e3c494613d3aa378fb20e47d69b51245b538e
freesolv,b28f009eb10da6e6,CCCCl,hydration_free_energy,kcal/mol,train,,-0.33000001311302185,-6.636491073632774,-9.884044907077664,-3.388937240187884,scaffold,2032,hybrid_concat,edge_gnn,rdkit,concat,721e3c494613d3aa378fb20e47d69b51245b538e
freesolv,ea2c409d9d4aedd5,CCCI,hydration_free_energy,kcal/mol,train,,-0.5299999713897705,2.3026440197612135,-0.9449098136836764,5.550197853206104,scaffold,2032,hybrid_concat,edge_gnn,rdkit,concat,721e3c494613d3aa378fb20e47d69b51245b538e
freesolv,4a77fe430575ea6c,CCCN,hydration_free_energy,kcal/mol,train,,-4.389999866485596,-3.458370874636464,-6.705924708081354,-0.21081704119157418,scaffold,2032,hybrid_concat,edge_gnn,rdkit,concat,721e3c494613d3aa378fb20e47d69b51245b538e
freesolv,2628eefa16acabf5,CCCN(CC1CC1)c1c([N+](=O)[O-])cc(C(F)(F)F)cc1[N+](=O)[O-],hydration_free_energy,kcal/mol,calibration,c1ccc(NCC2CC2)cc1,-2.450000047683716,-5.325090530308208,-8.5726443637531,-2.0775366968633184,scaffold,2032,hybrid_concat,edge_gnn,rdkit,concat,721e3c494613d3aa378fb20e47d69b51245b538e
freesolv,2ed1f3bed4d2e8b5,CCCN(CCC)c1c([N+](=O)[O-])cc(C(F)(F)F)cc1[N+](=O)[O-],hydration_free_energy,kcal/mol,train,c1ccccc1,-3.25,-6.7544620662864805,-10.00201589973137,-3.5069082328415906,scaffold,2032,hybrid_concat,edge_gnn,rdkit,concat,721e3c494613d3aa378fb20e47d69b51245b538e
freesolv,b54ecd51b4236e1f,CCCN(CCC)c1c([N+](=O)[O-])cc(S(C)(=O)=O)cc1[N+](=O)[O-],hydration_free_energy,kcal/mol,train,c1ccccc1,-7.980000019073486,-0.41574706763091607,-3.663300901075806,2.831806765813974,scaffold,2032,hybrid_concat,edge_gnn,rdkit,concat,721e3c494613d3aa378fb20e47d69b51245b538e
freesolv,c5cecb085a70d066,CCCNCCC,hydration_free_energy,kcal/mol,train,,-3.6500000953674316,-7.520218208921724,-10.767772042366614,-4.272664375476834,scaffold,2032,hybrid_concat,edge_gnn,rdkit,concat,721e3c494613d3aa378fb20e47d69b51245b538e
freesolv,14e1e55c7f98f735,CCCO,hydration_free_energy,kcal/mol,train,,-4.849999904632568,-6.865007146362226,-10.112560979807116,-3.617453312917336,scaffold,2032,hybrid_concat,edge_gnn,rdkit,concat,721e3c494613d3aa378fb20e47d69b51245b538e
freesolv,2a3bb72367a885ab,CCCOC,hydration_free_energy,kcal/mol,train,,-1.659999966621399,-6.74275260325475,-9.99030643669964,-3.4951987698098597,scaffold,2032,hybrid_concat,edge_gnn,rdkit,concat,721e3c494613d3aa378fb20e47d69b51245b538e
freesolv,9516158b89342f01,CCCOC(=O)CC,hydration_free_energy,kcal/mol,train,,-2.440000057220459,-13.278012626514533,-16.52556645995942,-10.030458793069643,scaffold,2032,hybrid_concat,edge_gnn,rdkit,concat,721e3c494613d3aa378fb20e47d69b51245b538e
freesolv,f035596c68056a32,CCCOC(=O)CCC,hydration_free_energy,kcal/mol,train,,-2.2799999713897705,-0.062044192946437704,-3.3095980263913276,3.185509640498452,scaffold,2032,hybrid_concat,edge_gnn,rdkit,concat,721e3c494613d3aa378fb20e47d69b51245b538e
freesolv,ea0843191f1b6e45,CCCOC(=O)c1ccc(O)cc1,hydration_free_energy,kcal/mol,train,c1ccccc1,-9.369999885559082,-4.564594658729781,-7.812148492174671,-1.3170408252848915,scaffold,2032,hybrid_concat,edge_gnn,rdkit,concat,721e3c494613d3aa378fb20e47d69b51245b538e
freesolv,18552703d063ac27,CCCOC(C)=O,hydration_free_energy,kcal/mol,train,,-2.7899999618530273,-6.355703023249702,-9.603256856694593,-3.108149189804812,scaffold,2032,hybrid_concat,edge_gnn,rdkit,concat,721e3c494613d3aa378fb20e47d69b51245b538e
freesolv,057b911b93e037d5,CCCOC=O,hydration_free_energy,kcal/mol,train,,-2.4800000190734863,-4.080838554818187,-7.328392388263077,-0.833284721373297,scaffold,2032,hybrid_concat,edge_gnn,rdkit,concat,721e3c494613d3aa378fb20e47d69b51245b538e
freesolv,71c0327f59bc314e,CCCOCCC,hydration_free_energy,kcal/mol,train,,-1.159999966621399,-9.28823768127994,-12.53579151472483,-6.04068384783505,scaffold,2032,hybrid_concat,edge_gnn,rdkit,concat,721e3c494613d3aa378fb20e47d69b51245b538e
freesolv,521c123566b724eb,CCCOCCO,hydration_free_energy,kcal/mol,train,,-6.400000095367432,-4.469893602553631,-7.717447435998521,-1.222339769108741,scaffold,2032,hybrid_concat,edge_gnn,rdkit,concat,721e3c494613d3aa378fb20e47d69b51245b538e
freesolv,63f950a5f14d4dfc,CCCS,hydration_free_energy,kcal/mol,train,,-1.100000023841858,-2.8788323916727236,-6.1263862251176135,0.36872144177216626,scaffold,2032,hybrid_concat,edge_gnn,rdkit,concat,721e3c494613d3aa378fb20e47d69b51245b538e
freesolv,e54fed017ace88c1,CCCSC(=O)N(CCC)CCC,hydration_free_energy,kcal/mol,train,,-4.130000114440918,2.0257287000219804,-1.2218251334229095,5.273282533466871,scaffold,2032,hybrid_concat,edge_gnn,rdkit,concat,721e3c494613d3aa378fb20e47d69b51245b538e
freesolv,b1b55628116aeb6c,CCCSCCC,hydration_free_energy,kcal/mol,train,,-1.2799999713897705,-4.38144152111396,-7.62899535455885,-1.1338876876690698,scaffold,2032,hybrid_concat,edge_gnn,rdkit,concat,721e3c494613d3aa378fb20e47d69b51245b538e
freesolv,e3c745ed4598aaaa,CCC[C@@H](C)O,hydration_free_energy,kcal/mol,train,,-4.389999866485596,1.245508185041348,-2.002045648403542,4.493062018486238,scaffold,2032,hybrid_concat,edge_gnn,rdkit,concat,721e3c494613d3aa378fb20e47d69b51245b538e
freesolv,d5ee437817540c30,CCC[C@@H](O)CC,hydration_free_energy,kcal/mol,train,,-4.059999942779541,-3.735775877808597,-6.983329711253488,-0.4882220443637073,scaffold,2032,hybrid_concat,edge_gnn,rdkit,concat,721e3c494613d3aa378fb20e47d69b51245b538e
freesolv,a63b1c7e6ba8bcb0,CCC[C@H](C)CC,hydration_free_energy,kcal/mol,train,,2.7100000381469727,-3.9220394226776376,-7.1695932561225275,-0.6744855892327477,scaffold,2032,hybrid_concat,edge_gnn,rdkit,concat,721e3c494613d3aa378fb20e47d69b51245b538e
freesolv,cd5b9b418bb348af,CCC[N+](=O)[O-],hydration_free_energy,kcal/mol,train,,-3.3399999141693115,-4.532979807556912,-7.780533641001802,-1.2854259741120222,scaffold,2032,hybrid_concat,edge_gnn,rdkit,concat,721e3c494613d3aa378fb20e47d69b51245b538e
freesolv,c5c03d560157f2ad,CCCc1ccc(O)c(OC)c1,hydration_free_energy,kcal/mol,train,c1ccccc1,-5.260000228881836,1.8570668966739272,-1.3904869367709627,5.104620730118818,scaffold,2032,hybrid_concat,edge_gnn,rdkit,concat,721e3c494613d3aa378fb20e47d69b51245b538e
freesolv,563deebbd969756a,CCCc1ccc(O)cc1,hydration_free_energy,kcal/mol,train,c1ccccc1,-5.210000038146973,-2.8305033455201083,-6.078057178964999,0.4170504879247816,scaffold,2032,hybrid_concat,edge_gnn,rdkit,concat,721e3c494613d3aa378fb20e47d69b51245b538e
freesolv,5c778e54f5d0e8db,CCCc1ccccc1,hydration_free_energy,kcal/mol,train,c1ccccc1,-0.5299999713897705,-2.0304925048985787,-5.278046338343469,1.2170613285463112,scaffold,2032,hybrid_concat,edge_gnn,rdkit,concat,721e3c494613d3aa378fb20e47d69b51245b538e
freesolv,015ecefa34d9ae39,CCCl,hydration_free_energy,kcal/mol,train,,-0.6299999952316284,-3.6922722168906676,-6.939826050335558,-0.44471838344577774,scaffold,2032,hybrid_concat,edge_gnn,rdkit,concat,721e3c494613d3aa378fb20e47d69b51245b538e
freesolv,e6833630dd227931,CCI,hydration_free_energy,kcal/mol,train,,-0.7400000095367432,-2.1615588033944735,-5.409112636839364,1.0859950300504164,scaffold,2032,hybrid_concat,edge_gnn,rdkit,concat,721e3c494613d3aa378fb20e47d69b51245b538e
freesolv,5358de96aa5a405c,CCN,hydration_free_energy,kcal/mol,train,,-4.5,-3.355800856589277,-6.603354690034167,-0.10824702314438728,scaffold,2032,hybrid_concat,edge_gnn,rdkit,concat,721e3c494613d3aa378fb20e47d69b51245b538e
freesolv,2e65611bdb8133fc,CCN(CC)CC,hydration_free_energy,kcal/mol,train,,-3.2200000286102295,-10.438335028887428,-13.685888862332318,-7.190781195442538,scaffold,2032,hybrid_concat,edge_gnn,rdkit,concat,721e3c494613d3aa378fb20e47d69b51245b538e
freesolv,a4faf5093d2ab9ee,CCN(CC)c1c([N+](=O)[O-])cc(C(F)(F)F)c(N)c1[N+](=O)[O-],hydration_free_energy,kcal/mol,train,c1ccccc1,-5.659999847412109,-3.347539448959119,-6.595093282404009,-0.09998561551422913,scaffold,2032,hybrid_concat,edge_gnn,rdkit,concat,721e3c494613d3aa378fb20e47d69b51245b538e
freesolv,f3ee692836994141,CCNCC,hydration_free_energy,kcal/mol,train,,-4.070000171661377,-6.461598869316994,-9.709152702761884,-3.214045035872104,scaffold,2032,hybrid_concat,edge_gnn,rdkit,concat,721e3c494613d3aa378fb20e47d69b51245b538e
freesolv,c506d303fb751324,CCNc1nc(Cl)nc(NCC)n1,hydration_free_energy,kcal/mol,calibration,c1ncncn1,-10.220000267028809,-7.566529205113499,-10.814083038558389,-4.318975371668609,scaffold,2032,hybrid_concat,edge_gnn,rdkit,concat,721e3c494613d3aa378fb20e47d69b51245b538e
freesolv,f0b13e9a8de1870e,CCNc1nc(NC(C)(C)C)nc(SC)n1,hydration_free_energy,kcal/mol,calibration,c1ncncn1,-6.679999828338623,-7.216880604683569,-10.464434438128459,-3.969326771238679,scaffold,2032,hybrid_concat,edge_gnn,rdkit,concat,721e3c494613d3aa378fb20e47d69b51245b538e
freesolv,48cf6f23e72121d4,CCNc1nc(NC(C)C)nc(SC)n1,hydration_free_energy,kcal/mol,calibration,c1ncncn1,-7.650000095367432,-7.562269620812957,-10.809823454257847,-4.314715787368067,scaffold,2032,hybrid_concat,edge_gnn,rdkit,concat,721e3c494613d3aa378fb20e47d69b51245b538e
freesolv,ca789066a644a873,CCO,hydration_free_energy,kcal/mol,train,,-5.0,2.4504924173376685,-0.7970614161072214,5.698046250782559,scaffold,2032,hybrid_concat,edge_gnn,rdkit,concat,721e3c494613d3aa378fb20e47d69b51245b538e
freesolv,eb85ffd9d4e232dd,CCOC,hydration_free_energy,kcal/mol,train,,-2.0999999046325684,2.591796457339099,-0.6557573761057909,5.8393502907839885,scaffold,2032,hybrid_concat,edge_gnn,rdkit,concat,721e3c494613d3aa378fb20e47d69b51245b538e
freesolv,c5d7586c4df2935f,CCOC(=O)CC,hydration_free_energy,kcal/mol,train,,-2.680000066757202,-2.9053976742192456,-6.1529515076641355,0.34215615922564435,scaffold,2032,hybrid_concat,edge_gnn,rdkit,concat,721e3c494613d3aa378fb20e47d69b51245b538e
freesolv,9cc7e547b13b7996,CCOC(=O)CC(=O)OCC,hydration_free_energy,kcal/mol,train,,-6.0,-2.301105325492454,-5.548659158937344,0.9464485079524358,scaffold,2032,hybrid_concat,edge_gnn,rdkit,concat,721e3c494613d3aa378fb20e47d69b51245b538e
freesolv,2b4d8e742733b5fd,CCOC(=O)CCC(=O)OCC,hydration_free_energy,kcal/mol,train,,-5.710000038146973,-3.687356808792916,-6.934910642237806,-0.43980297534802615,scaffold,2032,hybrid_concat,edge_gnn,rdkit,concat,721e3c494613d3aa378fb20e47d69b51245b538e
freesolv,9a148610b2e6e2f6,CCOC(=O)C[C@@H](SP(=S)(OC)OC)C(=O)OCC,hydration_free_energy,kcal/mol,train,,-8.149999618530273,2.645000518635378,-0.6025533148095117,5.892554352080268,scaffold,2032,hybrid_concat,edge_gnn,rdkit,concat,721e3c494613d3aa378fb20e47d69b51245b538e
freesolv,06cda49eadbecf92,CCOC(=O)c1ccc(O)cc1,hydration_free_energy,kcal/mol,train,c1ccccc1,-9.199999809265137,-11.465017072699391,-14.71257090614428,-8.217463239254501,scaffold,2032,hybrid_concat,edge_gnn,rdkit,concat,721e3c494613d3aa378fb20e47d69b51245b538e
freesolv,11e7d1ad91c8f3c6,CCOC(=O)c1ccccc1,hydration_free_energy,kcal/mol,train,c1ccccc1,-3.640000104904175,-7.061589518221893,-10.309143351666783,-3.8140356847770027,scaffold,2032,hybrid_concat,edge_gnn,rdkit,concat,721e3c494613d3aa378fb20e47d69b51245b538e
freesolv,31ca2a93eb56b1c9,CCOC(C)=O,hydration_free_energy,kcal/mol,train,,-2.940000057220459,-2.9674857388700313,-6.215039572314922,0.2800680945748586,scaffold,2032,hybrid_concat,edge_gnn,rdkit,concat,721e3c494613d3aa378fb20e47d69b51245b538e
freesolv,0f30fb54765a4a71,CCOC(C)OCC,hydration_free_energy,kcal/mol,train,,-3.2799999713897705,-2.514319009385283,-5.761872842830173,0.7332348240596067,scaffold,2032,hybrid_concat,edge_gnn,rdkit,concat,721e3c494613d3aa378fb20e47d69b51245b538e
freesolv,ba554b8b161e7746,CCOC(OCC)Oc1ccccc1,hydration_free_energy,kcal/mol,train,c1ccccc1,-5.230000019073486,-10.278839480277638,-13.526393313722528,-7.031285646832748,scaffold,2032,hybrid_concat,edge_gnn,rdkit,concat,721e3c494613d3aa378fb20e47d69b51245b538e
freesolv,50ed9f322b5791b3,CCOC=O,hydration_free_energy,kcal/mol,train,,-2.559999942779541,-5.021447757052272,-8.269001590497162,-1.7738939236073819,scaffold,2032,hybrid_concat,edge_gnn,rdkit,concat,721e3c494613d3aa378fb20e47d69b51245b538e
freesolv,55c67ac3acc4815b,CCOCC,hydration_free_energy,kcal/mol,train,,-1.590000033378601,-6.799779665426918,-10.047333498871808,-3.552225831982028,scaffold,2032,hybrid_concat,edge_gnn,rdkit,concat,721e3c494613d3aa378fb20e47d69b51245b538e
freesolv,a9f3bd414c2b7a32,CCOCCO,hydration_free_energy,kcal/mol,train,,-6.690000057220459,-6.8317321397834,-10.07928597322829,-3.5841783063385098,scaffold,2032,hybrid_concat,edge_gnn,rdkit,concat,721e3c494613d3aa378fb20e47d69b51245b538e
freesolv,30f1421c9e037d21,CCOCCOC(C)=O,hydration_free_energy,kcal/mol,train,,-5.309999942779541,-3.8574094978295026,-7.1049633312743925,-0.6098556643846127,scaffold,2032,hybrid_concat,edge_gnn,rdkit,concat,721e3c494613d3aa378fb20e47d69b51245b538e
freesolv,06d7492e30c5c56e,CCOCCOCC,hydration_free_energy,kcal/mol,train,,-3.5399999618530273,-9.341080253098351,-12.588634086543241,-6.093526419653461,scaffold,2032,hybrid_concat,edge_gnn,rdkit,concat,721e3c494613d3aa378fb20e47d69b51245b538e
freesolv,4024725848eb763d,CCOP(=O)(OCC)O/C(=C/Cl)c1ccc(Cl)cc1Cl,hydration_free_energy,kcal/mol,train,c1ccccc1,-7.070000171661377,1.669577283349288,-1.577976550095602,4.917131116794177,scaffold,2032,hybrid_concat,edge_gnn,rdkit,concat,721e3c494613d3aa378fb20e47d69b51245b538e
freesolv,b7d694fcb2ed16b9,CCOP(=O)(OCC)OCC,hydration_free_energy,kcal/mol,train,,-7.5,-0.4534126734812687,-3.7009665069261586,2.7941411599636212,scaffold,2032,hybrid_concat,edge_gnn,rdkit,concat,721e3c494613d3aa378fb20e47d69b51245b538e
freesolv,181e12660bc9d5d1,CCOP(=S)(OCC)Oc1cc(C)nc(C(C)C)n1,hydration_free_energy,kcal/mol,calibration,c1cncnc1,-6.480000019073486,-8.761189218034717,-12.008743051479607,-5.513635384589827,scaffold,2032,hybrid_concat,edge_gnn,rdkit,concat,721e3c494613d3aa378fb20e47d69b51245b538e
freesolv,53478077bdfb11ad,CCOP(=S)(OCC)Oc1ccc([N+](=O)[O-])cc1,hydration_free_energy,kcal/mol,train,c1ccccc1,-6.739999771118164,-0.9488537749765062,-4.196407608421396,2.2987000584683837,scaffold,2032,hybrid_concat,edge_gnn,rdkit,concat,721e3c494613d3aa378fb20e47d69b51245b538e
freesolv,4a53f2c0125f5222,CCOP(=S)(OCC)Oc1nc(Cl)c(Cl)cc1Cl,hydration_free_energy,kcal/mol,validation,c1ccncc1,-5.039999961853027,-8.577452704305715,-11.825006537750605,-5.329898870860825,scaffold,2032,hybrid_concat,edge_gnn,rdkit,concat,721e3c494613d3aa378fb20e47d69b51245b538e
freesolv,e8ca88ad8ca9eec5,CCOP(=S)(OCC)SCSCC,hydration_free_energy,kcal/mol,train,,-4.369999885559082,-3.3256790468330792,-6.573232880277969,-0.07812521338818934,scaffold,2032,hybrid_concat,edge_gnn,rdkit,concat,721e3c494613d3aa378fb20e47d69b51245b538e
freesolv,e55a87e3bb6fb68e,CCOP(=S)(OCC)SCSP(=S)(OCC)OCC,hydration_free_energy,kcal/mol,train,,-6.099999904632568,-7.842056485144894,-11.089610318589784,-4.5945026517000045,scaffold,2032,hybrid_concat,edge_gnn,rdkit,concat,721e3c494613d3aa378fb20e47d69b51245b538e
freesolv,f0e2c44dc296a6e5,CCOP(=S)(OCC)SCSc1ccc(Cl)cc1,hydration_free_energy,kcal/mol,train,c1ccccc1,-6.5,-4.207434866159985,-7.454988699604875,-0.9598810327150948,scaffold,2032,hybrid_concat,edge_gnn,rdkit,concat,721e3c494613d3aa378fb20e47d69b51245b538e
freesolv,458f5f3358ffa842,CCOP(=S)(OCC)S[C@@H](CCl)N1C(=O)c2ccccc2C1=O,hydration_free_energy,kcal/mol,calibration,O=C1NC(=O)c2ccccc21,-5.739999771118164,-9.311409755965144,-12.558963589410034,-6.063855922520254,scaffold,2032,hybrid_concat,edge_gnn,rdkit,concat,721e3c494613d3aa378fb20e47d69b51245b538e
freesolv,d03f12d520c785a7,CCOc1ccccc1,hydration_free_energy,kcal/mol,train,c1ccccc1,-2.2200000286102295,-1.2881505949551209,-4.5357044284000105,1.959403238489769,scaffold,2032,hybrid_concat,edge_gnn,rdkit,concat,721e3c494613d3aa378fb20e47d69b51245b538e
freesolv,e59096cd88e01589,CCS,hydration_free_energy,kcal/mol,train,,-1.1399999856948853,-0.6163645408225471,-3.863918374267437,2.631189292622343,scaffold,2032,hybrid_concat,edge_gnn,rdkit,concat,721e3c494613d3aa378fb20e47d69b51245b538e
freesolv,c868bf4a1b1b5939,CCSC,hydration_free_energy,kcal/mol,train,,-1.5,-3.161095508857546,-6.408649342302436,0.08645832458734404,scaffold,2032,hybrid_concat,edge_gnn,rdkit,concat,721e3c494613d3aa378fb20e47d69b51245b538e
freesolv,9f27d20fc9bfb022,CCSCC,hydration_free_energy,kcal/mol,train,,-1.4600000381469727,-3.0929949355154718,-6.340548768960362,0.15455889792941813,scaffold,2032,hybrid_concat,edge_gnn,rdkit,concat,721e3c494613d3aa378fb20e47d69b51245b538e
freesolv,4fc9e69deb3fc3dc,CCSSCC,hydration_free_energy,kcal/mol,train,,-1.6399999856948853,-5.804779478157895,-9.052333311602785,-2.5572256447130055,scaffold,2032,hybrid_concat,edge_gnn,rdkit,concat,721e3c494613d3aa378fb20e47d69b51245b538e
freesolv,bfa0e17b5e26ea0d,CC[C@@H](C)C(C)C,hydration_free_energy,kcal/mol,train,,2.5199999809265137,2.822284545043398,-0.4252692884014917,6.0698383784882886,scaffold,2032,hybrid_concat,edge_gnn,rdkit,concat,721e3c494613d3aa378fb20e47d69b51245b538e
freesolv,d551cb41de0123da,CC[C@@H](C)CO,hydration_free_energy,kcal/mol,train,,-4.420000076293945,-0.8768989948298596,-4.12445282827475,2.3706548386150303,scaffold,2032,hybrid_concat,edge_gnn,rdkit,concat,721e3c494613d3aa378fb20e47d69b51245b538e
freesolv,43bfd896ecc8fa0d,CC[C@@H](C)c1cc([N+](=O)[O-])cc([N+](=O)[O-])c1O,hydration_free_energy,kcal/mol,train,c1ccccc1,-6.230000019073486,-0.8758157247039153,-4.123369558148806,2.3717381087409746,scaffold,2032,hybrid_concat,edge_gnn,rdkit,concat,721e3c494613d3aa378fb20e47d69b51245b538e
freesolv,72e6cc3958fe9748,CC[C@@H](O)C(C)C,hydration_free_energy,kcal/mol,train,,-3.880000114440918,-6.270507342880001,-9.518061176324892,-3.022953509435111,scaffold,2032,hybrid_concat,edge_gnn,rdkit,concat,721e3c494613d3aa378fb20e47d69b51245b538e
freesolv,30fe9e05f0944b46,CC[C@H](C)Cl,hydration_free_energy,kcal/mol,train,,0.0,2.619378304218411,-0.6281755292264788,5.8669321376633015,scaffold,2032,hybrid_concat,edge_gnn,rdkit,concat,721e3c494613d3aa378fb20e47d69b51245b538e
freesolv,4bac7107d8eee406,CC[C@H](C)O,hydration_free_energy,kcal/mol,train,,-4.619999885559082,-4.831803586552358,-8.079357419997248,-1.5842497531074677,scaffold,2032,hybrid_concat,edge_gnn,rdkit,concat,721e3c494613d3aa378fb20e47d69b51245b538e
freesolv,5ebfcf19058e296f,CC[C@H](C)O[N+](=O)[O-],hydration_free_energy,kcal/mol,train,,-1.8200000524520874,-5.501897230831087,-8.749451064275977,-2.2543433973861973,scaffold,2032,hybrid_concat,edge_gnn,rdkit,concat,721e3c494613d3aa378fb20e47d69b51245b538e
freesolv,df64aadb6927ab47,CC[C@H](C)c1ccccc1,hydration_free_energy,kcal/mol,train,c1ccccc1,-0.44999998807907104,-0.19089422142249424,-3.438448054867384,3.0566596120223957,scaffold,2032,hybrid_concat,edge_gnn,rdkit,concat,721e3c494613d3aa378fb20e47d69b51245b538e
freesolv,2be6ddc7a67dd59d,CC[C@H](C)n1c(=O)[nH]c(C)c(Br)c1=O,hydration_free_energy,kcal/mol,validation,O=c1cc[nH]c(=O)[nH]1,-9.729999542236328,-9.503973403364219,-12.751527236809109,-6.256419569919329,scaffold,2032,hybrid_concat,edge_gnn,rdkit,concat,721e3c494613d3aa378fb20e47d69b51245b538e
freesolv,7e80f2c2416f6238,CC[N+](=O)[O-],hydration_free_energy,kcal/mol,train,,-3.7100000381469727,-5.052552029302395,-8.300105862747284,-1.8049981958575048,scaffold,2032,hybrid_concat,edge_gnn,rdkit,concat,721e3c494613d3aa378fb20e47d69b51245b538e
freesolv,8c11f08cc436c38e,CCc1ccc(C)cc1,hydration_free_energy,kcal/mol,train,c1ccccc1,-0.949999988079071,-4.709166683441909,-7.956720516886799,-1.4616128499970191,scaffold,2032,hybrid_concat,edge_gnn,rdkit,concat,721e3c494613d3aa378fb20e47d69b51245b538e
freesolv,66b7acb5e2d6c3d2,CCc1ccc(O)cc1,hydration_free_energy,kcal/mol,train,c1ccccc1,-6.130000114440918,-1.9183435898769636,-5.165897423321853,1.3292102435679263,scaffold,2032,hybrid_concat,edge_gnn,rdkit,concat,721e3c494613d3aa378fb20e47d69b51245b538e
freesolv,7e17a2e61f09e50a,CCc1cccc(CC)c1N(COC)C(=O)CCl,hydration_free_energy,kcal/mol,train,c1ccccc1,-8.210000038146973,-3.576710222072349,-6.824264055517238,-0.3291563886274589,scaffold,2032,hybrid_concat,edge_gnn,rdkit,concat,721e3c494613d3aa378fb20e47d69b51245b538e
freesolv,d83d21ac42fea8f4,CCc1cccc(O)c1,hydration_free_energy,kcal/mol,train,c1ccccc1,-6.25,-3.0412179088555127,-6.288771742300403,0.20633592458937722,scaffold,2032,hybrid_concat,edge_gnn,rdkit,concat,721e3c494613d3aa378fb20e47d69b51245b538e
freesolv,2b77950e97163b16,CCc1cccc2ccccc12,hydration_free_energy,kcal/mol,test,c1ccc2ccccc2c1,-2.4000000953674316,-2.018873713813231,-5.266427547258121,1.228680119631659,scaffold,2032,hybrid_concat,edge_gnn,rdkit,concat,721e3c494613d3aa378fb20e47d69b51245b538e
freesolv,d9d3904fcfb40c49,CCc1ccccc1,hydration_free_energy,kcal/mol,train,c1ccccc1,-0.7900000214576721,-2.79791786514147,-6.0454716985863595,0.4496359683034199,scaffold,2032,hybrid_concat,edge_gnn,rdkit,concat,721e3c494613d3aa378fb20e47d69b51245b538e
freesolv,d3d42d2d2434b6a4,CCc1ccccc1C,hydration_free_energy,kcal/mol,train,c1ccccc1,-0.8500000238418579,-0.9190702374872362,-4.1666240709321265,2.3284835959576538,scaffold,2032,hybrid_concat,edge_gnn,rdkit,concat,721e3c494613d3aa378fb20e47d69b51245b538e
freesolv,5dce688cbe158876,CCc1ccccc1O,hydration_free_energy,kcal/mol,train,c1ccccc1,-5.659999847412109,-13.827924799940082,-17.07547863338497,-10.580370966495192,scaffold,2032,hybrid_concat,edge_gnn,rdkit,concat,721e3c494613d3aa378fb20e47d69b51245b538e
freesolv,ef41bd7574f5dbfd,CCc1ccccn1,hydration_free_energy,kcal/mol,validation,c1ccncc1,-4.329999923706055,-2.674354894891413,-5.921908728336303,0.5731989385534768,scaffold,2032,hybrid_concat,edge_gnn,rdkit,concat,721e3c494613d3aa378fb20e47d69b51245b538e
freesolv,5574eabc651548ff,CCc1cccnc1,hydration_free_energy,kcal/mol,validation,c1ccncc1,-4.590000152587891,-2.897169344873492,-6.144723178318381,0.35038448857139803,scaffold,2032,hybrid_concat,edge_gnn,rdkit,concat,721e3c494613d3aa378fb20e47d69b51245b538e
freesolv,74500def09ca4c11,CCc1ccncc1,hydration_free_energy,kcal/mol,validation,c1ccncc1,-4.730000019073486,-2.860150525583403,-6.107704359028293,0.3874033078614869,scaffold,2032,hybrid_concat,edge_gnn,rdkit,concat,721e3c494613d3aa378fb20e47d69b51245b538e
freesolv,b06c750d00374d3a,CCc1cnccn1,hydration_free_energy,kcal/mol,calibration,c1cnccn1,-5.449999809265137,-5.650152254140659,-8.897706087585549,-2.402598420695769,scaffold,2032,hybrid_concat,edge_gnn,rdkit,concat,721e3c494613d3aa378fb20e47d69b51245b538e
freesolv,8ec2d1ea7f63089d,CCl,hydration_free_energy,kcal/mol,train,,-0.550000011920929,-1.3300865698749678,-4.577640403319858,1.9174672635699221,scaffold,2032,hybrid_concat,edge_gnn,rdkit,concat,721e3c494613d3aa378fb20e47d69b51245b538e
freesolv,c17d9f4bb13fd7ab,CF,hydration_free_energy,kcal/mol,train,,-0.2199999988079071,-8.933341292164664,-12.180895125609554,-5.6857874587197745,scaffold,2032,hybrid_concat,edge_gnn,rdkit,concat,721e3c494613d3aa378fb20e47d69b51245b538e
freesolv,1d3ef8ffa7fbb106,CI,hydration_free_energy,kcal/mol,train,,-0.8899999856948853,0.15256511993608468,-3.0949887135088052,3.4001189533809746,scaffold,2032,hybrid_concat,edge_gnn,rdkit,concat,721e3c494613d3aa378fb20e47d69b51245b538e
freesolv,6b48636a029cf296,CN,hydration_free_energy,kcal/mol,train,,-4.550000190734863,-0.22327588963971579,-3.4708297230846057,3.024277943805174,scaffold,2032,hybrid_concat,edge_gnn,rdkit,concat,721e3c494613d3aa378fb20e47d69b51245b538e
freesolv,ae740ecf42fc66b3,CN(C)C,hydration_free_energy,kcal/mol,train,,-3.200000047683716,-1.9800076034040563,-5.227561436848946,1.2675462300408336,scaffold,2032,hybrid_concat,edge_gnn,rdkit,concat,721e3c494613d3aa378fb20e47d69b51245b538e
freesolv,3730b07de9065cc6,CN(C)C(=O)Nc1ccccc1,hydration_free_energy,kcal/mol,train,c1ccccc1,-9.130000114440918,1.5137325787480251,-1.7338212546968648,4.761286412192915,scaffold,2032,hybrid_concat,edge_gnn,rdkit,concat,721e3c494613d3aa378fb20e47d69b51245b538e
freesolv,427a8b23dbe39998,CN(C)C(=O)c1ccc([N+](=O)[O-])cc1,hydration_free_energy,kcal/mol,train,c1ccccc1,-11.949999809265137,-0.895194756204766,-4.142748589649656,2.352359077240124,scaffold,2032,hybrid_concat,edge_gnn,rdkit,concat,721e3c494613d3aa378fb20e47d69b51245b538e
freesolv,ab53bae8e7e2439a,CN(C)C(=O)c1ccccc1,hydration_free_energy,kcal/mol,train,c1ccccc1,-9.289999961853027,-4.034111246573033,-7.281665080017923,-0.7865574131281434,scaffold,2032,hybrid_concat,edge_gnn,rdkit,concat,721e3c494613d3aa378fb20e47d69b51245b538e
freesolv,df162aa01d1e1807,CN(C)C=O,hydration_free_energy,kcal/mol,train,,-7.809999942779541,-0.8943767115078876,-4.1419305449527775,2.3531771219370023,scaffold,2032,hybrid_concat,edge_gnn,rdkit,concat,721e3c494613d3aa378fb20e47d69b51245b538e
freesolv,8ae90c7343e88285,CN(C)CCC=C1c2ccccc2CCc2ccccc21,hydration_free_energy,kcal/mol,calibration,C=C1c2ccccc2CCc2ccccc21,-7.429999828338623,-6.075829681048198,-9.323383514493088,-2.828275847603308,scaffold,2032,hybrid_concat,edge_gnn,rdkit,concat,721e3c494613d3aa378fb20e47d69b51245b538e
freesolv,6ba867aa7081b5d5,CN(C)CCOC(c1ccccc1)c1ccccc1,hydration_free_energy,kcal/mol,test,c1ccc(Cc2ccccc2)cc1,-9.34000015258789,-6.33216386698421,-9.5797177004291,-3.0846100335393203,scaffold,2032,hybrid_concat,edge_gnn,rdkit,concat,721e3c494613d3aa378fb20e47d69b51245b538e
freesolv,f138fff4fe28c100,CN(C)c1ccccc1,hydration_free_energy,kcal/mol,train,c1ccccc1,-3.450000047683716,-3.3545558149290384,-6.602109648373928,-0.10700198148414852,scaffold,2032,hybrid_concat,edge_gnn,rdkit,concat,721e3c494613d3aa378fb20e47d69b51245b538e
freesolv,22b8524d6432124c,CN(CC(F)(F)F)c1ccccc1,hydration_free_energy,kcal/mol,train,c1ccccc1,-1.9199999570846558,-1.681478008939495,-4.929031842384385,1.566075824505395,scaffold,2032,hybrid_concat,edge_gnn,rdkit,concat,721e3c494613d3aa378fb20e47d69b51245b538e
freesolv,aef820157b9e02ff,CN1CCCCC1,hydration_free_energy,kcal/mol,validation,C1CCNCC1,-3.880000114440918,-3.6147153983562625,-6.862269231801152,-0.36716156491137264,scaffold,2032,hybrid_concat,edge_gnn,rdkit,concat,721e3c494613d3aa378fb20e47d69b51245b538e
freesolv,caa26b776de24e5a,CN1CCN(C)CC1,hydration_free_energy,kcal/mol,test,C1CNCCN1,-7.579999923706055,-8.414580724141866,-11.662134557586755,-5.167026890696976,scaffold,2032,hybrid_concat,edge_gnn,rdkit,concat,721e3c494613d3aa378fb20e47d69b51245b538e
freesolv,3cff3d64db2ccf3c,CN1CCNCC1,hydration_free_energy,kcal/mol,test,C1CNCCN1,-7.769999980926514,-8.324724825276816,-11.572278658721705,-5.077170991831926,scaffold,2032,hybrid_concat,edge_gnn,rdkit,concat,721e3c494613d3aa378fb20e47d69b51245b538e
freesolv,d6cea68731e98da0,CN1CCOCC1,hydration_free_energy,kcal/mol,test,C1COCCN1,-6.320000171661377,-5.71604439639218,-8.96359822983707,-2.4684905629472897,scaffold,2032,hybrid_concat,edge_gnn,rdkit,concat,721e3c494613d3aa378fb20e47d69b51245b538e
freesolv,9afd0df86add5901,CNC,hydration_free_energy,kcal/mol,train,,-4.289999961853027,-6.681445585551796,-9.928999418996685,-3.4338917521069057,scaffold,2032,hybrid_concat,edge_gnn,rdkit,concat,721e3c494613d3aa378fb20e47d69b51245b538e
freesolv,5cb6cf4121e34498,CNC(=O)O/N=C\C(C)(C)SC,hydration_free_energy,kcal/mol,train,,-9.84000015258789,-0.7146840867003679,-3.9622379201452578,2.532869746744522,scaffold,2032,hybrid_concat,edge_gnn,rdkit,concat,721e3c494613d3aa378fb20e47d69b51245b538e
freesolv,90a200a5ff27cc37,CNC(=O)Oc1cccc2c1OC(C)(C)C2,hydration_free_energy,kcal/mol,validation,c1ccc2c(c1)CCO2,-9.609999656677246,-9.574777808155881,-12.82233164160077,-6.327223974710991,scaffold,2032,hybrid_concat,edge_gnn,rdkit,concat,721e3c494613d3aa378fb20e47d69b51245b538e
freesolv,0a5851c2ca44922c,CNC(=O)Oc1cccc2ccccc12,hydration_free_energy,kcal/mol,test,c1ccc2ccccc2c1,-9.449999809265137,-9.32634466378559,-12.57389849723048,-6.078790830340701,scaffold,2032,hybrid_concat,edge_gnn,rdkit,concat,721e3c494613d3aa378fb20e47d69b51245b538e
freesolv,d876777714879c8e,CNC(C)=O,hydration_free_energy,kcal/mol,train,,-10.0,-3.6964664434941747,-6.944020276939065,-0.44891261004928484,scaffold,2032,hybrid_concat,edge_gnn,rdkit,concat,721e3c494613d3aa378fb20e47d69b51245b538e
freesolv,6bfbe627b61bb1f8,CNc1ccccc1,hydration_free_energy,kcal/mol,train,c1ccccc1,-4.690000057220459,-6.244505065216414,-9.492058898661304,-2.996951231771524,scaffold,2032,hybrid_concat,edge_gnn,rdkit,concat,721e3c494613d3aa378fb20e47d69b51245b538e
freesolv,32c1365b28b1a0c9,CO,hydration_free_energy,kcal/mol,train,,-5.099999904632568,2.6706015629503264,-0.5769522704945635,5.918155396395216,scaffold,2032,hybrid_concat,edge_gnn,rdkit,concat,721e3c494613d3aa378fb20e47d69b51245b538e
freesolv,c4ae432b7146eac6,COC,hydration_free_energy,kcal/mol,train,,-1.909999966621399,-10.041445944956331,-13.288999778401221,-6.7938921115114415,scaffold,2032,hybrid_concat,edge_gnn,rdkit,concat,721e3c494613d3aa378fb20e47d69b51245b538e
freesolv,dba50d69eba4553d,COC(=O)C(C)(C)C,hydration_free_energy,kcal/mol,train,,-2.4000000953674316,-2.8363439969209514,-6.083897830365841,0.4112098365239385,scaffold,2032,hybrid_concat,edge_gnn,rdkit,concat,721e3c494613d3aa378fb20e47d69b51245b538e
freesolv,78896c16a1730e57,COC(=O)C(F)(F)F,hydration_free_energy,kcal/mol,train,,-1.100000023841858,0.11245536589227667,-3.1350984675526132,3.3600091993371666,scaffold,2032,hybrid_concat,edge_gnn,rdkit,concat,721e3c494613d3aa378fb20e47d69b51245b538e
freesolv,d0ab69455128b9fd,COC(=O)C1CC1,hydration_free_energy,kcal/mol,validation,C1CC1,-4.099999904632568,-3.6493697069828954,-6.896923540427785,-0.4018158735380055,scaffold,2032,hybrid_concat,edge_gnn,rdkit,concat,721e3c494613d3aa378fb20e47d69b51245b538e
freesolv,86863ff15d16d981,COC(=O)C1CCCCC1,hydration_free_energy,kcal/mol,calibration,C1CCCCC1,-3.299999952316284,-3.6746854542154486,-6.9222392876603385,-0.42713162077055866,scaffold,2032,hybrid_concat,edge_gnn,rdkit,concat,721e3c494613d3aa378fb20e47d69b51245b538e
freesolv,80ffd5e0b0a9be02,COC(=O)CC#N,hydration_free_energy,kcal/mol,train,,-6.71999979019165,-8.895664102673585,-12.143217936118475,-5.648110269228695,scaffold,2032,hybrid_concat,edge_gnn,rdkit,concat,721e3c494613d3aa378fb20e47d69b51245b538e
freesolv,b6cd478b6894d483,COC(=O)CCl,hydration_free_energy,kcal/mol,train,,-4.0,-5.150291993707964,-8.397845827152853,-1.9027381602630742,scaffold,2032,hybrid_concat,edge_gnn,rdkit,concat,721e3c494613d3aa378fb20e47d69b51245b538e
freesolv,1ee4d9131fedf122,COC(=O)c1ccc(O)cc1,hydration_free_energy,kcal/mol,train,c1ccccc1,-9.510000228881836,-7.288745511755607,-10.536299345200497,-4.041191678310717,scaffold,2032,hybrid_concat,edge_gnn,rdkit,concat,721e3c494613d3aa378fb20e47d69b51245b538e
freesolv,f7f1cf0080e3fe6c,COC(=O)c1ccc(OC)cc1,hydration_free_energy,kcal/mol,train,c1ccccc1,-5.329999923706055,-0.06996700376800957,-3.3175208372128995,3.1775868296768803,scaffold,2032,hybrid_concat,edge_gnn,rdkit,concat,721e3c494613d3aa378fb20e47d69b51245b538e
freesolv,03666b9268eeead7,COC(=O)c1ccc([N+](=O)[O-])cc1,hydration_free_energy,kcal/mol,train,c1ccccc1,-6.880000114440918,2.091294902589589,-1.156258930855301,5.338848736034478,scaffold,2032,hybrid_concat,edge_gnn,rdkit,concat,721e3c494613d3aa378fb20e47d69b51245b538e
freesolv,6606bca5fe63957e,COC(=O)c1ccccc1,hydration_free_energy,kcal/mol,train,c1ccccc1,-3.9200000762939453,-11.778240315708562,-15.025794149153452,-8.530686482263672,scaffold,2032,hybrid_concat,edge_gnn,rdkit,concat,721e3c494613d3aa378fb20e47d69b51245b538e
freesolv,3df2b5140200cf21,COC(C)(C)C,hydration_free_energy,kcal/mol,train,,-2.2100000381469727,-3.088445959914692,-6.335999793359582,0.15910787353019806,scaffold,2032,hybrid_concat,edge_gnn,rdkit,concat,721e3c494613d3aa378fb20e47d69b51245b538e
freesolv,0b5928b255a9be06,COC(C)(OC)OC,hydration_free_energy,kcal/mol,train,,-4.420000076293945,-5.8428433215877345,-9.090397155032624,-2.5952894881428445,scaffold,2032,hybrid_concat,edge_gnn,rdkit,concat,721e3c494613d3aa378fb20e47d69b51245b538e
freesolv,343056c6313cf7f2,COC(C)=O,hydration_free_energy,kcal/mol,train,,-3.130000114440918,-1.8136028125363306,-5.061156645981221,1.4339510209085593,scaffold,2032,hybrid_concat,edge_gnn,rdkit,concat,721e3c494613d3aa378fb20e47d69b51245b538e
freesolv,366c595dc8dd0749,COC(C)C,hydration_free_energy,kcal/mol,train,,-2.009999990463257,-8.550161646752246,-11.797715480197136,-5.302607813307356,scaffold,2032,hybrid_concat,edge_gnn,rdkit,concat,721e3c494613d3aa378fb20e47d69b51245b538e
freesolv,cecd292832da1853,COC(CC#N)(OC)OC,hydration_free_energy,kcal/mol,train,,-6.400000095367432,-4.471595199432879,-7.719149032877769,-1.224041365987989,scaffold,2032,hybrid_concat,edge_gnn,rdkit,concat,721e3c494613d3aa378fb20e47d69b51245b538e
freesolv,8465a94b854e5f5e,COC(CCl)(OC)OC,hydration_free_energy,kcal/mol,train,,-4.590000152587891,-6.400074957927318,-9.647628791372208,-3.152521124482428,scaffold,2032,hybrid_concat,edge_gnn,rdkit,concat,721e3c494613d3aa378fb20e47d69b51245b538e
freesolv,792c6eb18e8ee8a5,COC(F)(F)C(Cl)Cl,hydration_free_energy,kcal/mol,train,,-1.1200000047683716,-5.962019811748851,-9.20957364519374,-2.714465978303961,scaffold,2032,hybrid_concat,edge_gnn,rdkit,concat,721e3c494613d3aa378fb20e47d69b51245b538e
freesolv,c89b39a05b1f8fe2,COC(OC)(OC)C(F)(F)F,hydration_free_energy,kcal/mol,train,,-0.800000011920929,-8.043011481661166,-11.290565315106056,-4.795457648216276,scaffold,2032,hybrid_concat,edge_gnn,rdkit,concat,721e3c494613d3aa378fb20e47d69b51245b538e
freesolv,4f9776f71274bb0a,COC(OC)(OC)c1ccccc1,hydration_free_energy,kcal/mol,train,c1ccccc1,-4.039999961853027,-7.5677039460576,-10.81525777950249,-4.32015011261271,scaffold,2032,hybrid_concat,edge_gnn,rdkit,concat,721e3c494613d3aa378fb20e47d69b51245b538e
freesolv,43e9689fb007ea3d,COC(OC)OC,hydration_free_energy,kcal/mol,train,,-4.420000076293945,-7.917527099970213,-11.165080933415103,-4.669973266525323,scaffold,2032,hybrid_concat,edge_gnn,rdkit,concat,721e3c494613d3aa378fb20e47d69b51245b538e
freesolv,79cb04263c54cc58,COC=O,hydration_free_energy,kcal/mol,train,,-2.7799999713897705,-0.8549485948054967,-4.102502428250387,2.3926052386393932,scaffold,2032,hybrid_concat,edge_gnn,rdkit,concat,721e3c494613d3aa378fb20e47d69b51245b538e
freesolv,cbf68aa07930e926,COCC(OC)(OC)OC,hydration_free_energy,kcal/mol,train,,-5.730000019073486,-3.0252186292195327,-6.272772462664422,0.22233520422535724,scaffold,2032,hybrid_concat,edge_gnn,rdkit,concat,721e3c494613d3aa378fb20e47d69b51245b538e
freesolv,f3a3789f1e894352,COCCN,hydration_free_energy,kcal/mol,train,,-6.550000190734863,-3.5896515453800424,-6.837205378824932,-0.3420977119351525,scaffold,2032,hybrid_concat,edge_gnn,rdkit,concat,721e3c494613d3aa378fb20e47d69b51245b538e
freesolv,36f9489fd7c43523,COCCO,hydration_free_energy,kcal/mol,train,,-6.619999885559082,-6.275355495960254,-9.522909329405145,-3.0278016625153645,scaffold,2032,hybrid_concat,edge_gnn,rdkit,concat,721e3c494613d3aa378fb20e47d69b51245b538e
freesolv,6176386a08c65b6a,COCCOC,hydration_free_energy,kcal/mol,train,,-4.840000152587891,-7.085697471190683,-10.333251304635573,-3.8381436377457927,scaffold,2032,hybrid_concat,edge_gnn,rdkit,concat,721e3c494613d3aa378fb20e47d69b51245b538e
freesolv,dde41266c6fb0f78,COCOC,hydration_free_energy,kcal/mol,train,,-2.930000066757202,-2.3746675355079545,-5.622221368952845,0.8728862979369354,scaffold,2032,hybrid_concat,edge_gnn,rdkit,concat,721e3c494613d3aa378fb20e47d69b51245b538e
freesolv,b4138e6574e5938a,COP(=O)(OC)OC,hydration_free_energy,kcal/mol,train,,-8.699999809265137,-3.695933945527121,-6.9434877789720115,-0.4483801120822313,scaffold,2032,hybrid_concat,edge_gnn,rdkit,concat,721e3c494613d3aa378fb20e47d69b51245b538e
freesolv,cfd15d18e41c6b74,COP(=O)(OC)[C@@H](O)C(Cl)(Cl)Cl,hydration_free_energy,kcal/mol,train,,-12.739999771118164,-1.092999401879104,-4.340553235323994,2.154554431565786,scaffold,2032,hybrid_concat,edge_gnn,rdkit,concat,721e3c494613d3aa378fb20e47d69b51245b538e
freesolv,f7eaea59fbdc4fd0,COP(=S)(OC)Oc1ccc([N+](=O)[O-])cc1,hydration_free_energy,kcal/mol,train,c1ccccc1,-7.190000057220459,0.3639843381059036,-2.8835694953389863,3.6115381715507935,scaffold,2032,hybrid_concat,edge_gnn,rdkit,concat,721e3c494613d3aa378fb20e47d69b51245b538e
freesolv,2ef9be15cbbcce71,COP(=S)(OC)SCn1nnc2ccccc2c1=O,hydration_free_energy,kcal/mol,validation,O=c1[nH]nnc2ccccc12,-10.029999732971191,-9.673311451669212,-12.920865285114102,-6.425757618224322,scaffold,2032,hybrid_concat,edge_gnn,rdkit,concat,721e3c494613d3aa378fb20e47d69b51245b538e
freesolv,f5ba54488f372966,COS(=O)(=O)OC,hydration_free_energy,kcal/mol,train,,-5.099999904632568,-6.783751501583348,-10.031305335028238,-3.536197668138458,scaffold,2032,hybrid_concat,edge_gnn,rdkit,concat,721e3c494613d3aa378fb20e47d69b51245b538e
freesolv,5b75e056d7667332,COS(C)(=O)=O,hydration_free_energy,kcal/mol,train,,-4.869999885559082,-4.308682077372653,-7.556235910817543,-1.0611282439277634,scaffold,2032,hybrid_concat,edge_gnn,rdkit,concat,721e3c494613d3aa378fb20e47d69b51245b538e
freesolv,58aa2cd0ec0f3549,COc1c(Cl)cc(Cl)c(OC)c1O,hydration_free_energy,kcal/mol,train,c1ccccc1,-6.440000057220459,-2.9999956759365127,-6.247549509381402,0.24755815750837717,scaffold,2032,hybrid_concat,edge_gnn,rdkit,concat,721e3c494613d3aa378fb20e47d69b51245b538e
freesolv,f4958df0775de6da,COc1c(Cl)ccc(Cl)c1C(=O)O,hydration_free_energy,kcal/mol,train,c1ccccc1,-9.859999656677246,-6.413833527060115,-9.661387360505005,-3.166279693615225,scaffold,2032,hybrid_concat,edge_gnn,rdkit,concat,721e3c494613d3aa378fb20e47d69b51245b538e
freesolv,1602b6352b27cd5c,COc1c(O)c(OC)c(Cl)c(C=O)c1Cl,hydration_free_energy,kcal/mol,train,c1ccccc1,-8.680000305175781,-2.9175839638412584,-6.165137797286148,0.3299698696036315,scaffold,2032,hybrid_concat,edge_gnn,rdkit,concat,721e3c494613d3aa378fb20e47d69b51245b538e
freesolv,dfc5e1986eb52bfc,COc1cc(C)ccc1O,hydration_free_energy,kcal/mol,train,c1ccccc1,-5.800000190734863,1.488652798265805,-1.7589010351790848,4.7362066317106954,scaffold,2032,hybrid_concat,edge_gnn,rdkit,concat,721e3c494613d3aa378fb20e47d69b51245b538e
freesolv,2dcda2689245ae18,COc1cc(C=O)c(Cl)c(OC)c1O,hydration_free_energy,kcal/mol,train,c1ccccc1,-7.78000020980835,-3.9575586597884027,-7.205112493233292,-0.7100048263435128,scaffold,2032,hybrid_concat,edge_gnn,rdkit,concat,721e3c494613d3aa378fb20e47d69b51245b538e
freesolv,b57067c3389817fe,COc1ccc(C(=O)N(C)C)cc1,hydration_free_energy,kcal/mol,train,c1ccccc1,-11.010000228881836,-2.3402376599204127,-5.587791493365303,0.9073161735244772,scaffold,2032,hybrid_concat,edge_gnn,rdkit,concat,721e3c494613d3aa378fb20e47d69b51245b538e
freesolv,b0f92eb0fbf5865f,COc1ccc(C(C)=O)cc1,hydration_free_energy,kcal/mol,train,c1ccccc1,-4.400000095367432,-6.146765300528788,-9.394319133973678,-2.899211467083898,scaffold,2032,hybrid_concat,edge_gnn,rdkit,concat,721e3c494613d3aa378fb20e47d69b51245b538e
freesolv,9f101fc6ba15503f,COc1ccc(N)cc1,hydration_free_energy,kcal/mol,train,c1ccccc1,-7.480000019073486,2.526753116347766,-0.720800717097124,5.774306949792656,scaffold,2032,hybrid_concat,edge_gnn,rdkit,concat,721e3c494613d3aa378fb20e47d69b51245b538e
freesolv,47a5d1f5f0d9c9e0,COc1ccc2cc([C@H](C)C(=O)O)ccc2c1,hydration_free_energy,kcal/mol,test,c1ccc2ccccc2c1,-10.210000038146973,-8.711626813721562,-11.959180647166452,-5.464072980276672,scaffold,2032,hybrid_concat,edge_gnn,rdkit,concat,721e3c494613d3aa378fb20e47d69b51245b538e
freesolv,f3601ce4990f38bf,COc1cccc(N)c1,hydration_free_energy,kcal/mol,train,c1ccccc1,-7.289999961853027,-7.639872823839758,-10.887426657284648,-4.392318990394868,scaffold,2032,hybrid_concat,edge_gnn,rdkit,concat,721e3c494613d3aa378fb20e47d69b51245b538e
freesolv,128c8182726e93c8,COc1cccc(O)c1,hydration_free_energy,kcal/mol,train,c1ccccc1,-7.659999847412109,0.9189314008889471,-2.328622432555943,4.166485234333837,scaffold,2032,hybrid_concat,edge_gnn,rdkit,concat,721e3c494613d3aa378fb20e47d69b51245b538e
freesolv,31e7b18f3228ba99,COc1cccc(OC)c1O,hydration_free_energy,kcal/mol,train,c1ccccc1,-6.960000038146973,-1.1509775208985706,-4.3985313543434605,2.0965763125463193,scaffold,2032,hybrid_concat,edge_gnn,rdkit,concat,721e3c494613d3aa378fb20e47d69b51245b538e
freesolv,ad217bed88d732e8,COc1ccccc1,hydration_free_energy,kcal/mol,train,c1ccccc1,-2.450000047683716,-2.6735079909516886,-5.9210618243965785,0.5740458424932013,scaffold,2032,hybrid_concat,edge_gnn,rdkit,concat,721e3c494613d3aa378fb20e47d69b51245b538e
freesolv,b00362e6f2a54653,COc1ccccc1N,hydration_free_energy,kcal/mol,train,c1ccccc1,-6.119999885559082,-0.8157715235581775,-4.063325357003068,2.4317823098867124,scaffold,2032,hybrid_concat,edge_gnn,rdkit,concat,721e3c494613d3aa378fb20e47d69b51245b538e
freesolv,3d2d00e608cdd36c,COc1ccccc1O,hydration_free_energy,kcal/mol,train,c1ccccc1,-5.940000057220459,-6.101929820504136,-9.349483653949026,-2.854375987059246,scaffold,2032,hybrid_concat,edge_gnn,rdkit,concat,721e3c494613d3aa378fb20e47d69b51245b538e
freesolv,db3f12030831b04a,COc1ccccc1OC,hydration_free_energy,kcal/mol,train,c1ccccc1,-5.329999923706055,-2.6600423081831424,-5.907596141628032,0.5875115252617475,scaffold,2032,hybrid_concat,edge_gnn,rdkit,concat,721e3c494613d3aa378fb20e47d69b51245b538e
freesolv,5987ac0025350d65,CS,hydration_free_energy,kcal/mol,train,,-1.2000000476837158,-1.478079862819486,-4.725633696264376,1.769473970625404,scaffold,2032,hybrid_concat,edge_gnn,rdkit,concat,721e3c494613d3aa378fb20e47d69b51245b538e
freesolv,0d11fc91d7076b61,CS(=O)(=O)Cl,hydration_free_energy,kcal/mol,train,,-4.869999885559082,-5.948098073056154,-9.195651906501045,-2.700544239611264,scaffold,2032,hybrid_concat,edge_gnn,rdkit,concat,721e3c494613d3aa378fb20e47d69b51245b538e
freesolv,aa2bea624cb0b32d,CS(C)(=O)=O,hydration_free_energy,kcal/mol,train,,-10.079999923706055,-8.44046377019314,-11.68801760363803,-5.192909936748251,scaffold,2032,hybrid_concat,edge_gnn,rdkit,concat,721e3c494613d3aa378fb20e47d69b51245b538e
freesolv,f2cc1c4234198db0,CS(C)=O,hydration_free_energy,kcal/mol,train,,-9.279999732971191,0.0030450831719166516,-3.2445087502729733,3.2505989166168066,scaffold,2032,hybrid_concat,edge_gnn,rdkit,concat,721e3c494613d3aa378fb20e47d69b51245b538e
freesolv,91658d5a001d49e4,CSC,hydration_free_energy,kcal/mol,train,,-1.6100000143051147,-9.718860723624196,-12.966414557069086,-6.4713068901793065,scaffold,2032,hybrid_concat,edge_gnn,rdkit,concat,721e3c494613d3aa378fb20e47d69b51245b538e
freesolv,60bb71e7a2455ffa,CSSC,hydration_free_energy,kcal/mol,train,,-1.8300000429153442,-1.8378680433856853,-5.0854218768305754,1.4096857900592046,scaffold,2032,hybrid_concat,edge_gnn,rdkit,concat,721e3c494613d3aa378fb20e47d69b51245b538e
freesolv,941bd3545404064b,CSc1ccccc1,hydration_free_energy,kcal/mol,train,c1ccccc1,-2.7300000190734863,-3.788479246220337,-7.036033079665227,-0.5409254127754473,scaffold,2032,hybrid_concat,edge_gnn,rdkit,concat,721e3c494613d3aa378fb20e47d69b51245b538e
freesolv,63b335b2fd4df5b3,C[C@@H](CCO[N+](=O)[O-])O[N+](=O)[O-],hydration_free_energy,kcal/mol,train,,-4.289999961853027,-7.179408725238483,-10.426962558683373,-3.931854891793593,scaffold,2032,hybrid_concat,edge_gnn,rdkit,concat,721e3c494613d3aa378fb20e47d69b51245b538e
freesolv,eefa0b3674c064ad,C[C@@H](CO[N+](=O)[O-])O[N+](=O)[O-],hydration_free_energy,kcal/mol,train,,-4.949999809265137,-2.5860379226405694,-5.833591756085459,0.6615159108043205,scaffold,2032,hybrid_concat,edge_gnn,rdkit,concat,721e3c494613d3aa378fb20e47d69b51245b538e
freesolv,7beeddda4325576e,C[C@@H](O)C(F)(F)F,hydration_free_energy,kcal/mol,train,,-4.199999809265137,-4.840179357669955,-8.087733191114845,-1.592625524225065,scaffold,2032,hybrid_concat,edge_gnn,rdkit,concat,721e3c494613d3aa378fb20e47d69b51245b538e
freesolv,0e2e060fa7263040,C[C@@H]1CCCC[C@@H]1C,hydration_free_energy,kcal/mol,calibration,C1CCCCC1,1.5800000429153442,1.0418757697735272,-2.2056780636713627,4.289429603218418,scaffold,2032,hybrid_concat,edge_gnn,rdkit,concat,721e3c494613d3aa378fb20e47d69b51245b538e
freesolv,76ad3abc60765b03,C[C@H](C(=O)O)c1ccc(-c2ccccc2)c(F)c1,hydration_free_energy,kcal/mol,calibration,c1ccc(-c2ccccc2)cc1,-8.420000076293945,-8.364355256256045,-11.611909089700935,-5.116801422811156,scaffold,2032,hybrid_concat,edge_gnn,rdkit,concat,721e3c494613d3aa378fb20e47d69b51245b538e
freesolv,e8b904ba4abc81e9,C[C@H](C(=O)O)c1cccc(C(=O)c2ccccc2)c1,hydration_free_energy,kcal/mol,calibration,O=C(c1ccccc1)c1ccccc1,-10.779999732971191,-8.62611478012924,-11.87366861357413,-5.378560946684351,scaffold,2032,hybrid_concat,edge_gnn,rdkit,concat,721e3c494613d3aa378fb20e47d69b51245b538e
freesolv,8c52d3fff30b9cac,C[C@H](Cl)CCl,hydration_free_energy,kcal/mol,train,,-1.2699999809265137,-3.0168212386345434,-6.264375072079433,0.23073259481034647,scaffold,2032,hybrid_concat,edge_gnn,rdkit,concat,721e3c494613d3aa378fb20e47d69b51245b538e
freesolv,8092a23e37101382,C[C@H](O)C(F)(F)F,hydration_free_energy,kcal/mol,train,,-4.159999847412109,-11.747856026645023,-14.995409860089913,-8.500302193200133,scaffold,2032,hybrid_concat,edge_gnn,rdkit,concat,721e3c494613d3aa378fb20e47d69b51245b538e
freesolv,39051be56e99ad8d,C[C@H]1CCCO1,hydration_free_energy,kcal/mol,test,C1CCOC1,-3.299999952316284,-2.543773411703544,-5.791327245148434,0.7037804217413459,scaffold,2032,hybrid_concat,edge_gnn,rdkit,concat,721e3c494613d3aa378fb20e47d69b51245b538e
freesolv,8efd3b8359228fb2,C[C@H]1CC[C@H](C)O1,hydration_free_energy,kcal/mol,test,C1CCOC1,-2.9200000762939453,-2.1853767659091945,-5.432930599354084,1.0621770675356954,scaffold,2032,hybrid_concat,edge_gnn,rdkit,concat,721e3c494613d3aa378fb20e47d69b51245b538e
freesolv,5fc027dd434528e2,C[N+](=O)[O-],hydration_free_energy,kcal/mol,train,,-4.019999980926514,-0.1782828321575849,-3.425836665602475,3.069271001287305,scaffold,2032,hybrid_concat,edge_gnn,rdkit,concat,721e3c494613d3aa378fb20e47d69b51245b538e
freesolv,bba10d76dab59e54,Cc1[nH]c(=O)n(C(C)(C)C)c(=O)c1Cl,hydration_free_energy,kcal/mol,validation,O=c1cc[nH]c(=O)[nH]1,-11.140000343322754,-9.353047352277292,-12.600601185722182,-6.105493518832402,scaffold,2032,hybrid_concat,edge_gnn,rdkit,concat,721e3c494613d3aa378fb20e47d69b51245b538e
freesolv,9dcf8b914c150733,Cc1c[nH]c2ccccc12,hydration_free_energy,kcal/mol,test,c1ccc2[nH]ccc2c1,-5.880000114440918,-4.963574290235237,-8.211128123680126,-1.7160204567903472,scaffold,2032,hybrid_concat,edge_gnn,rdkit,concat,721e3c494613d3aa378fb20e47d69b51245b538e
freesolv,43e45de3a2ec7d7d,Cc1c[nH]cn1,hydration_free_energy,kcal/mol,test,c1c[nH]cn1,-10.270000457763672,-6.507207257783275,-9.754761091228165,-3.259653424338385,scaffold,2032,hybrid_concat,edge_gnn,rdkit,concat,721e3c494613d3aa378fb20e47d69b51245b538e
freesolv,2b84963bcd80619e,Cc1cc(C)c2ccccc2c1,hydration_free_energy,kcal/mol,test,c1ccc2ccccc2c1,-2.4700000286102295,-2.077447591458378,-5.325001424903268,1.1701062419865118,scaffold,2032,hybrid_concat,edge_gnn,rdkit,concat,721e3c494613d3aa378fb20e47d69b51245b538e
freesolv,ceb5d836647f1bc3,Cc1cc(C)cc(C)c1,hydration_free_energy,kcal/mol,train,c1ccccc1,-0.8999999761581421,-10.90229339262947,-14.14984722607436,-7.654739559184581,scaffold,2032,hybrid_concat,edge_gnn,rdkit,concat,721e3c494613d3aa378fb20e47d69b51245b538e
freesolv,7cd11e1061f8550e,Cc1cc(C)cc(O)c1,hydration_free_energy,kcal/mol,train,c1ccccc1,-6.269999980926514,-0.1553769814911652,-3.402930814936055,3.0921768519537247,scaffold,2032,hybrid_concat,edge_gnn,rdkit,concat,721e3c494613d3aa378fb20e47d69b51245b538e
freesolv,4b34ae40486b3c5f,Cc1cc(O)ccc1Cl,hydration_free_energy,kcal/mol,train,c1ccccc1,-6.789999961853027,2.330025349825178,-0.9175284836197117,5.577579183270068,scaffold,2032,hybrid_concat,edge_gnn,rdkit,concat,721e3c494613d3aa378fb20e47d69b51245b538e
freesolv,967700a6cac6d34b,Cc1cc2ccccc2cc1C,hydration_free_energy,kcal/mol,test,c1ccc2ccccc2c1,-2.7799999713897705,-2.2723370541693417,-5.519890887614231,0.9752167792755482,scaffold,2032,hybrid_concat,edge_gnn,rdkit,concat,721e3c494613d3aa378fb20e47d69b51245b538e
freesolv,70816019155cbeb1,Cc1ccc(Br)cc1,hydration_free_energy,kcal/mol,train,c1ccccc1,-1.3899999856948853,-3.3420899326683937,-6.589643766113284,-0.09453609922350381,scaffold,2032,hybrid_concat,edge_gnn,rdkit,concat,721e3c494613d3aa378fb20e47d69b51245b538e
freesolv,7a4c55f55feeaf18,Cc1ccc(C(=O)N(C)C)cc1,hydration_free_energy,kcal/mol,train,c1ccccc1,-9.760000228881836,-8.773951194629081,-12.021505028073971,-5.526397361184191,scaffold,2032,hybrid_concat,edge_gnn,rdkit,concat,721e3c494613d3aa378fb20e47d69b51245b538e
freesolv,4bd93a52b68e3179,Cc1ccc(C(C)C)cc1,hydration_free_energy,kcal/mol,train,c1ccccc1,-0.6800000071525574,-4.392297489513827,-7.639851322958717,-1.144743656068937,scaffold,2032,hybrid_concat,edge_gnn,rdkit,concat,721e3c494613d3aa378fb20e47d69b51245b538e
freesolv,075799439fc6d183,Cc1ccc(C)c(C)c1,hydration_free_energy,kcal/mol,train,c1ccccc1,-0.8600000143051147,-5.4273007814447904,-8.67485461488968,-2.1797469479999005,scaffold,2032,hybrid_concat,edge_gnn,rdkit,concat,721e3c494613d3aa378fb20e47d69b51245b538e
freesolv,8961bdfb7ede6e86,Cc1ccc(C)c(O)c1,hydration_free_energy,kcal/mol,train,c1ccccc1,-5.909999847412109,-3.189896384134947,-6.437450217579837,0.057657449309942876,scaffold,2032,hybrid_concat,edge_gnn,rdkit,concat,721e3c494613d3aa378fb20e47d69b51245b538e
freesolv,cc9a7bf8731f0c53,Cc1ccc(C)c2ccccc12,hydration_free_energy,kcal/mol,test,c1ccc2ccccc2c1,-2.819999933242798,-2.2757488357994125,-5.523302669244302,0.9718049976454775,scaffold,2032,hybrid_concat,edge_gnn,rdkit,concat,721e3c494613d3aa378fb20e47d69b51245b538e
freesolv,34be3af199e92ace,Cc1ccc(C)cc1,hydration_free_energy,kcal/mol,train,c1ccccc1,-0.800000011920929,2.1109958794154804,-1.1365579540294095,5.35854971286037,scaffold,2032,hybrid_concat,edge_gnn,rdkit,concat,721e3c494613d3aa378fb20e47d69b51245b538e
freesolv,645ebc5211491348,Cc1ccc(C)nc1,hydration_free_energy,kcal/mol,validation,c1ccncc1,-4.71999979019165,-3.2244915263207963,-6.472045359765686,0.02306230712409363,scaffold,2032,hybrid_concat,edge_gnn,rdkit,concat,721e3c494613d3aa378fb20e47d69b51245b538e
freesolv,a2b8c44da80cf8f1,Cc1ccc(C=O)cc1,hydration_free_energy,kcal/mol,train,c1ccccc1,-4.269999980926514,-1.0976795921688116,-4.345233425613701,2.1498742412760783,scaffold,2032,hybrid_concat,edge_gnn,rdkit,concat,721e3c494613d3aa378fb20e47d69b51245b538e
freesolv,e51c7600c42704bd,Cc1ccc(N)cc1,hydration_free_energy,kcal/mol,train,c1ccccc1,-5.570000171661377,-0.9263096135058984,-4.173863446950788,2.3212442199389915,scaffold,2032,hybrid_concat,edge_gnn,rdkit,concat,721e3c494613d3aa378fb20e47d69b51245b538e
freesolv,0317a2fef5322bb6,Cc1ccc(O)c(C)c1,hydration_free_energy,kcal/mol,train,c1ccccc1,-6.010000228881836,1.7882640651127617,-1.4592897683321282,5.035817898557651,scaffold,2032,hybrid_concat,edge_gnn,rdkit,concat,721e3c494613d3aa378fb20e47d69b51245b538e
freesolv,303fffa88a746bce,Cc1ccc(O)cc1,hydration_free_energy,kcal/mol,train,c1ccccc1,-6.130000114440918,-2.0610309762145578,-5.308584809659448,1.1865228572303321,scaffold,2032,hybrid_concat,edge_gnn,rdkit,concat,721e3c494613d3aa378fb20e47d69b51245b538e
freesolv,c7963a073ba52ba9,Cc1ccc(O)cc1C,hydration_free_energy,kcal/mol,train,c1ccccc1,-6.5,-7.0188894224499325,-10.266443255894822,-3.7713355890050426,scaffold,2032,hybrid_concat,edge_gnn,rdkit,concat,721e3c494613d3aa378fb20e47d69b51245b538e
freesolv,204d7c1d632d08ff,Cc1ccc2cc(C)ccc2c1,hydration_free_energy,kcal/mol,test,c1ccc2ccccc2c1,-2.630000114440918,-2.230037892169106,-5.477591725613996,1.017515941275784,scaffold,2032,hybrid_concat,edge_gnn,rdkit,concat,721e3c494613d3aa378fb20e47d69b51245b538e
freesolv,5777c886aebe8d88,Cc1cccc(C)c1,hydration_free_energy,kcal/mol,train,c1ccccc1,-0.8299999833106995,-7.208767262943827,-10.456321096388717,-3.9612134294989367,scaffold,2032,hybrid_concat,edge_gnn,rdkit,concat,721e3c494613d3aa378fb20e47d69b51245b538e
freesolv,6c6362cf1ea134cd,Cc1cccc(C)c1C,hydration_free_energy,kcal/mol,train,c1ccccc1,-1.2100000381469727,-0.0988122663583697,-3.3463660998032596,3.14874156708652,scaffold,2032,hybrid_concat,edge_gnn,rdkit,concat,721e3c494613d3aa378fb20e47d69b51245b538e
freesolv,46065e9d43127bda,Cc1cccc(C)c1N,hydration_free_energy,kcal/mol,train,c1ccccc1,-5.210000038146973,-0.9715349429564055,-4.219088776401295,2.2760188904884844,scaffold,2032,hybrid_concat,edge_gnn,rdkit,concat,721e3c494613d3aa378fb20e47d69b51245b538e
freesolv,90fe3b9955e6cbdb,Cc1cccc(C)c1O,hydration_free_energy,kcal/mol,train,c1ccccc1,-5.260000228881836,0.031034754092007066,-3.216519079352883,3.278588587536897,scaffold,2032,hybrid_concat,edge_gnn,rdkit,concat,721e3c494613d3aa378fb20e47d69b51245b538e
freesolv,5c1b4ae8424cac54,Cc1cccc(C)n1,hydration_free_energy,kcal/mol,validation,c1ccncc1,-4.590000152587891,-3.151453076612318,-6.399006910057208,0.09610075683257202,scaffold,2032,hybrid_concat,edge_gnn,rdkit,concat,721e3c494613d3aa378fb20e47d69b51245b538e
freesolv,ece8755eefcca82d,Cc1cccc(Nc2ccccc2C(=O)O)c1C,hydration_free_energy,kcal/mol,test,c1ccc(Nc2ccccc2)cc1,-6.78000020980835,-9.45749104917686,-12.705044882621749,-6.209937215731969,scaffold,2032,hybrid_concat,edge_gnn,rdkit,concat,721e3c494613d3aa378fb20e47d69b51245b538e
freesolv,4d8ccb9d19efe382,Cc1cccc(O)c1,hydration_free_energy,kcal/mol,train,c1ccccc1,-5.489999771118164,-4.216192597844667,-7.4637464312895565,-0.9686387643997767,scaffold,2032,hybrid_concat,edge_gnn,rdkit,concat,721e3c494613d3aa378fb20e47d69b51245b538e
freesolv,05900ca825c16377,Cc1cccc(O)c1C,hydration_free_energy,kcal/mol,train,c1ccccc1,-6.159999847412109,1.4647673310861555,-1.7827865023587344,4.712321164531046,scaffold,2032,hybrid_concat,edge_gnn,rdkit,concat,721e3c494613d3aa378fb20e47d69b51245b538e
freesolv,5e20fb1606241f76,Cc1cccc([N+](=O)[O-])c1,hydration_free_energy,kcal/mol,train,c1ccccc1,-3.450000047683716,-2.977151488185171,-6.224705321630061,0.27040234525971885,scaffold,2032,hybrid_concat,edge_gnn,rdkit,concat,721e3c494613d3aa378fb20e47d69b51245b538e
freesolv,3d2a5a9bdd85ae66,Cc1cccc2ccccc12,hydration_free_energy,kcal/mol,test,c1ccc2ccccc2c1,-2.440000057220459,-2.314881070368399,-5.562434903813289,0.932672763076491,scaffold,2032,hybrid_concat,edge_gnn,rdkit,concat,721e3c494613d3aa378fb20e47d69b51245b538e
freesolv,4f125c9e2659a314,Cc1ccccc1,hydration_free_energy,kcal/mol,train,c1ccccc1,-0.8999999761581421,-4.621909115022753,-7.869462948467643,-1.3743552815778628,scaffold,2032,hybrid_concat,edge_gnn,rdkit,concat,721e3c494613d3aa378fb20e47d69b51245b538e
freesolv,c00af97cfccb1719,Cc1ccccc1C,hydration_free_energy,kcal/mol,train,c1ccccc1,-0.8999999761581421,-3.4122310866518184,-6.659784920096708,-0.1646772532069285,scaffold,2032,hybrid_concat,edge_gnn,rdkit,concat,721e3c494613d3aa378fb20e47d69b51245b538e
freesolv,ccb7ce5930753de8,Cc1ccccc1C=O,hydration_free_energy,kcal/mol,train,c1ccccc1,-3.930000066757202,-1.0791281918261308,-4.326682025271021,2.168425641618759,scaffold,2032,hybrid_concat,edge_gnn,rdkit,concat,721e3c494613d3aa378fb20e47d69b51245b538e
freesolv,6371bdc9e0fe2c8e,Cc1ccccc1Cl,hydration_free_energy,kcal/mol,train,c1ccccc1,-1.1399999856948853,-1.8576923460417336,-5.105246179486624,1.3898614874031563,scaffold,2032,hybrid_concat,edge_gnn,rdkit,concat,721e3c494613d3aa378fb20e47d69b51245b538e
freesolv,9fcb7285eb66a730,Cc1ccccc1N,hydration_free_energy,kcal/mol,train,c1ccccc1,-5.53000020980835,-4.030212852173444,-7.277766685618334,-0.7826590187285545,scaffold,2032,hybrid_concat,edge_gnn,rdkit,concat,721e3c494613d3aa378fb20e47d69b51245b538e
freesolv,409664775e84e6ca,Cc1ccccc1O,hydration_free_energy,kcal/mol,train,c1ccccc1,-5.900000095367432,-11.028534305890679,-14.276088139335569,-7.780980472445789,scaffold,2032,hybrid_concat,edge_gnn,rdkit,concat,721e3c494613d3aa378fb20e47d69b51245b538e
freesolv,131ca815559de33c,Cc1ccccc1[N+](=O)[O-],hydration_free_energy,kcal/mol,train,c1ccccc1,-3.5799999237060547,2.116985420543258,-1.1305684129016318,5.3645392539881485,scaffold,2032,hybrid_concat,edge_gnn,rdkit,concat,721e3c494613d3aa378fb20e47d69b51245b538e
freesolv,9e03a65773ba0113,Cc1ccccn1,hydration_free_energy,kcal/mol,validation,c1ccncc1,-4.630000114440918,-2.9937502461935313,-6.241304079638422,0.25380358725135865,scaffold,2032,hybrid_concat,edge_gnn,rdkit,concat,721e3c494613d3aa378fb20e47d69b51245b538e
freesolv,0de8988b53c23a36,Cc1cccnc1,hydration_free_energy,kcal/mol,validation,c1ccncc1,-4.769999980926514,-3.009696950080866,-6.257250783525755,0.237856883364024,scaffold,2032,hybrid_concat,edge_gnn,rdkit,concat,721e3c494613d3aa378fb20e47d69b51245b538e
freesolv,995ffa71ceee0953,Cc1cccnc1C,hydration_free_energy,kcal/mol,validation,c1ccncc1,-4.820000171661377,-3.32077077865181,-6.5683246120967,-0.07321694520692024,scaffold,2032,hybrid_concat,edge_gnn,rdkit,concat,721e3c494613d3aa378fb20e47d69b51245b538e
freesolv,223487757991e398,Cc1cccs1,hydration_free_energy,kcal/mol,test,c1ccsc1,-1.3799999952316284,-1.0612442488508735,-4.308798082295763,2.1863095845940164,scaffold,2032,hybrid_concat,edge_gnn,rdkit,concat,721e3c494613d3aa378fb20e47d69b51245b538e
freesolv,eb8e7ab81714406e,Cc1ccnc(C)c1,hydration_free_energy,kcal/mol,validation,c1ccncc1,-4.860000133514404,-3.3580026470582065,-6.605556480503097,-0.1104488136133166,scaffold,2032,hybrid_concat,edge_gnn,rdkit,concat,721e3c494613d3aa378fb20e47d69b51245b538e
freesolv,f8014d3a408f32f1,Cc1ccncc1,hydration_free_energy,kcal/mol,validation,c1ccncc1,-4.929999828338623,-3.4906726556762555,-6.738226489121145,-0.2431188222313656,scaffold,2032,hybrid_concat,edge_gnn,rdkit,concat,721e3c494613d3aa378fb20e47d69b51245b538e
freesolv,0021d8f1e075cf09,Cc1ccncc1C,hydration_free_energy,kcal/mol,validation,c1ccncc1,-5.21999979019165,-3.5771733679834963,-6.824727201428386,-0.3296195345386064,scaffold,2032,hybrid_concat,edge_gnn,rdkit,concat,721e3c494613d3aa378fb20e47d69b51245b538e
freesolv,3ce397d40b765988,Cc1cncc(C)c1,hydration_free_energy,kcal/mol,validation,c1ccncc1,-4.840000152587891,-3.453293070885844,-6.700846904330733,-0.2057392374409539,scaffold,2032,hybrid_concat,edge_gnn,rdkit,concat,721e3c494613d3aa378fb20e47d69b51245b538e
freesolv,c84c66bb702a24a5,Cc1cnccn1,hydration_free_energy,kcal/mol,calibration,c1cnccn1,-5.510000228881836,-6.330437505079958,-9.577991338524848,-3.0828836716350683,scaffold,2032,hybrid_concat,edge_gnn,rdkit,concat,721e3c494613d3aa378fb20e47d69b51245b538e
freesolv,98617ccb94c6f2d9,Cc1nc(N(C)C)nc(OC(=O)N(C)C)c1C,hydration_free_energy,kcal/mol,calibration,c1cncnc1,-9.40999984741211,-10.5490067301394,-13.79656056358429,-7.30145289669451,scaffold,2032,hybrid_concat,edge_gnn,rdkit,concat,721e3c494613d3aa378fb20e47d69b51245b538e
freesolv,d00d5844e4fd190b,Cl/C=C/Cl,hydration_free_energy,kcal/mol,train,,-0.7799999713897705,-0.8210838211392963,-4.068637654584187,2.4264700123055936,scaffold,2032,hybrid_concat,edge_gnn,rdkit,concat,721e3c494613d3aa378fb20e47d69b51245b538e
freesolv,2d79f7bb0f919d3e,Cl/C=C\Cl,hydration_free_energy,kcal/mol,train,,-1.1699999570846558,0.9529741232428717,-2.2945797102020182,4.200527956687761,scaffold,2032,hybrid_concat,edge_gnn,rdkit,concat,721e3c494613d3aa378fb20e47d69b51245b538e
freesolv,57eb58d51da68949,ClC(Cl)(Cl)C(Cl)(Cl)Cl,hydration_free_energy,kcal/mol,train,,-0.6399999856948853,-3.0113302683881553,-6.258884101833045,0.23622356505673459,scaffold,2032,hybrid_concat,edge_gnn,rdkit,concat,721e3c494613d3aa378fb20e47d69b51245b538e
freesolv,451a93262591a307,ClC(Cl)(Cl)Cl,hydration_free_energy,kcal/mol,train,,0.07999999821186066,1.526023220995555,-1.7215306124493348,4.7735770544404446,scaffold,2032,hybrid_concat,edge_gnn,rdkit,concat,721e3c494613d3aa378fb20e47d69b51245b538e
freesolv,cff56a18f71b6c9d,ClC(Cl)=C(Cl)Cl,hydration_free_energy,kcal/mol,train,,0.10000000149011612,0.14503695177101505,-3.102516881673875,3.392590785215905,scaffold,2032,hybrid_concat,edge_gnn,rdkit,concat,721e3c494613d3aa378fb20e47d69b51245b538e
freesolv,39844b260e442ec8,ClC(Cl)C(Cl)(Cl)Cl,hydration_free_energy,kcal/mol,train,,-1.2300000190734863,-0.8557490643233403,-4.103302897768231,2.3918047691215496,scaffold,2032,hybrid_concat,edge_gnn,rdkit,concat,721e3c494613d3aa378fb20e47d69b51245b538e
freesolv,e99f44b2e8cdbde1,ClC(Cl)C(Cl)Cl,hydration_free_energy,kcal/mol,train,,-2.369999885559082,-2.4676459245618103,-5.7151997580067,0.7799079088830796,scaffold,2032,hybrid_concat,edge_gnn,rdkit,concat,721e3c494613d3aa378fb20e47d69b51245b538e
freesolv,c05e45a87f5e3de3,ClC(Cl)Cl,hydration_free_energy,kcal/mol,train,,-1.0800000429153442,-0.19189640606334768,-3.4394502395082376,3.0556574273815422,scaffold,2032,hybrid_concat,edge_gnn,rdkit,concat,721e3c494613d3aa378fb20e47d69b51245b538e
freesolv,8474f5ea098cd11d,ClC1=C(Cl)[C@]2(Cl)[C@@H]3[C@@H](Cl)C=C[C@@H]3[C@@]1(Cl)C2(Cl)Cl,hydration_free_energy,kcal/mol,calibration,C1=CC2C3C=CC(C3)C2C1,-2.549999952316284,-4.109911396005249,-7.357465229450139,-0.8623575625603594,scaffold,2032,hybrid_concat,edge_gnn,rdkit,concat,721e3c494613d3aa378fb20e47d69b51245b538e
freesolv,800b96b699e00f5e,ClC1=C(Cl)[C@]2(Cl)[C@@H]3[C@@H]([C@H](Cl)C[C@@H]3Cl)[C@@]1(Cl)C2(Cl)Cl,hydration_free_energy,kcal/mol,calibration,C1=CC2CC1C1CCCC21,-3.440000057220459,-4.391481941291244,-7.639035774736134,-1.143928107846354,scaffold,2032,hybrid_concat,edge_gnn,rdkit,concat,721e3c494613d3aa378fb20e47d69b51245b538e
freesolv,8d55de7ac9d2f01a,ClC1=C(Cl)[C@]2(Cl)[C@H]3[C@H]4C[C@H]([C@@H]5O[C@H]45)[C@H]3[C@@]1(Cl)C2(Cl)Cl,hydration_free_energy,kcal/mol,validation,C1=CC2CC1C1C3CC(C4OC34)C21,-4.820000171661377,-5.784498919859753,-9.032052753304644,-2.536945086414863,scaffold,2032,hybrid_concat,edge_gnn,rdkit,concat,721e3c494613d3aa378fb20e47d69b51245b538e
freesolv,fabbfc787087f50a,ClC=C(Cl)Cl,hydration_free_energy,kcal/mol,train,,-0.4399999976158142,-3.129172792474657,-6.376726625919547,0.11838104097023283,scaffold,2032,hybrid_concat,edge_gnn,rdkit,concat,721e3c494613d3aa378fb20e47d69b51245b538e
freesolv,df58138ec50f3742,ClCC(Cl)(Cl)Cl,hydration_free_energy,kcal/mol,train,,-1.4299999475479126,-2.955228898884451,-6.202782732329341,0.29232493456043906,scaffold,2032,hybrid_concat,edge_gnn,rdkit,concat,721e3c494613d3aa378fb20e47d69b51245b538e
freesolv,372630505bbbf500,ClCC(Cl)Cl,hydration_free_energy,kcal/mol,train,,-1.9900000095367432,-1.0581679933660069,-4.305721826810897,2.189385840078883,scaffold,2032,hybrid_concat,edge_gnn,rdkit,concat,721e3c494613d3aa378fb20e47d69b51245b538e
freesolv,947bdf8b981c551d,ClCCBr,hydration_free_energy,kcal/mol,train,,-1.9500000476837158,-10.374537128992221,-13.622090962437111,-7.126983295547332,scaffold,2032,hybrid_concat,edge_gnn,rdkit,concat,721e3c494613d3aa378fb20e47d69b51245b538e
freesolv,8ef9c8d30a109454,ClCCCCCl,hydration_free_energy,kcal/mol,train,,-2.319999933242798,-5.836501478007492,-9.084055311452381,-2.5889476445626025,scaffold,2032,hybrid_concat,edge_gnn,rdkit,concat,721e3c494613d3aa378fb20e47d69b51245b538e
freesolv,3de4ce097f03cac7,ClCCCCl,hydration_free_energy,kcal/mol,train,,-1.8899999856948853,-7.3194805055280625,-10.567034338972952,-4.071926672083173,scaffold,2032,hybrid_concat,edge_gnn,rdkit,concat,721e3c494613d3aa378fb20e47d69b51245b538e
freesolv,c5a6e0db31e85253,ClCCCl,hydration_free_energy,kcal/mol,train,,-1.7899999618530273,-2.8910257213522472,-6.138579554797137,0.3565281120926427,scaffold,2032,hybrid_concat,edge_gnn,rdkit,concat,721e3c494613d3aa378fb20e47d69b51245b538e
freesolv,033cbc65185d3a9b,ClCCOCCCl,hydration_free_energy,kcal/mol,train,,-4.230000019073486,-3.879089280040323,-7.126643113485213,-0.631535446595433,scaffold,2032,hybrid_concat,edge_gnn,rdkit,concat,721e3c494613d3aa378fb20e47d69b51245b538e
freesolv,f161bdf0f763ae6e,ClCCl,hydration_free_energy,kcal/mol,train,,-1.309999942779541,-4.387067775302376,-7.634621608747266,-1.1395139418574862,scaffold,2032,hybrid_concat,edge_gnn,rdkit,concat,721e3c494613d3aa378fb20e47d69b51245b538e
freesolv,4e8dd2d13fb39aaa,ClCc1ccccc1,hydration_free_energy,kcal/mol,train,c1ccccc1,-1.9299999475479126,-3.4179331088350784,-6.665486942279968,-0.1703792753901885,scaffold,2032,hybrid_concat,edge_gnn,rdkit,concat,721e3c494613d3aa378fb20e47d69b51245b538e
freesolv,79ee4896526f4503,Clc1c(Cl)c(Cl)c(-c2c(Cl)c(Cl)c(Cl)c(Cl)c2Cl)c(Cl)c1Cl,hydration_free_energy,kcal/mol,calibration,c1ccc(-c2ccccc2)cc1,-2.9800000190734863,-3.9018119893524856,-7.1493658227973755,-0.6542581559075957,scaffold,2032,hybrid_concat,edge_gnn,rdkit,concat,721e3c494613d3aa378fb20e47d69b51245b538e
freesolv,ccec5e12da7518ad,Clc1c(Cl)c(Cl)c(Cl)c(Cl)c1Cl,hydration_free_energy,kcal/mol,train,c1ccccc1,-2.3299999237060547,-0.9916459407204541,-4.239199774165344,2.255907892724436,scaffold,2032,hybrid_concat,edge_gnn,rdkit,concat,721e3c494613d3aa378fb20e47d69b51245b538e
freesolv,a28bd5d295e9e627,Clc1c(Cl)c(Cl)c2c(c1Cl)Oc1c(Cl)c(Cl)c(Cl)c(Cl)c1O2,hydration_free_energy,kcal/mol,test,c1ccc2c(c1)Oc1ccccc1O2,-4.53000020980835,-6.084933823506008,-9.332487656950898,-2.837379990061118,scaffold,2032,hybrid_concat,edge_gnn,rdkit,concat,721e3c494613d3aa378fb20e47d69b51245b538e
freesolv,ba13b193f5d8afe1,Clc1c(Cl)c(Cl)c2c(c1Cl)Oc1ccccc1O2,hydration_free_energy,kcal/mol,test,c1ccc2c(c1)Oc1ccccc1O2,-3.809999942779541,-5.361578998599137,-8.609132832044027,-2.1140251651542474,scaffold,2032,hybrid_concat,edge_gnn,rdkit,concat,721e3c494613d3aa378fb20e47d69b51245b538e
freesolv,e13c6cd035a12545,Clc1cc(-c2c(Cl)cc(Cl)c(Cl)c2Cl)c(Cl)c(Cl)c1Cl,hydration_free_energy,kcal/mol,calibration,c1ccc(-c2ccccc2)cc1,-4.610000133514404,-3.850973786815781,-7.098527620260671,-0.6034199533708913,scaffold,2032,hybrid_concat,edge_gnn,rdkit,concat,721e3c494613d3aa378fb20e47d69b51245b538e
freesolv,6fbc2c7ce9f24b3a,Clc1cc(-c2cc(Cl)c(Cl)c(Cl)c2Cl)cc(Cl)c1Cl,hydration_free_energy,kcal/mol,calibration,c1ccc(-c2ccccc2)cc1,-3.1700000762939453,-3.650069418798206,-6.897623252243096,-0.4025155853533162,scaffold,2032,hybrid_concat,edge_gnn,rdkit,concat,721e3c494613d3aa378fb20e47d69b51245b538e
freesolv,4e1bfcb593ab9c04,Clc1cc(-c2ccccc2)c(Cl)c(Cl)c1Cl,hydration_free_energy,kcal/mol,calibration,c1ccc(-c2ccccc2)cc1,-3.4800000190734863,-3.546180263733715,-6.793734097178605,-0.2986264302888251,scaffold,2032,hybrid_concat,edge_gnn,rdkit,concat,721e3c494613d3aa378fb20e47d69b51245b538e
freesolv,0deab88349fa7629,Clc1cc(Cl)c(-c2c(Cl)cccc2Cl)c(Cl)c1,hydration_free_energy,kcal/mol,calibration,c1ccc(-c2ccccc2)cc1,-1.9600000381469727,-3.8007779770445818,-7.048331810489472,-0.5532241435996919,scaffold,2032,hybrid_concat,edge_gnn,rdkit,concat,721e3c494613d3aa378fb20e47d69b51245b538e
freesolv,04794cb48c3fc005,Clc1cc(Cl)c(-c2ccccc2)c(Cl)c1,hydration_free_energy,kcal/mol,calibration,c1ccc(-c2ccccc2)cc1,-2.1600000858306885,-3.6469944614799727,-6.894548294924863,-0.39944062803508285,scaffold,2032,hybrid_concat,edge_gnn,rdkit,concat,721e3c494613d3aa378fb20e47d69b51245b538e
freesolv,19ca7acd0f10b4d1,Clc1cc(Cl)c(Cl)c(Cl)c1,hydration_free_energy,kcal/mol,train,c1ccccc1,-1.6200000047683716,-4.141849091233906,-7.389402924678796,-0.8942952577890164,scaffold,2032,hybrid_concat,edge_gnn,rdkit,concat,721e3c494613d3aa378fb20e47d69b51245b538e
freesolv,60f7d335311cdf71,Clc1cc(Cl)c(Cl)cc1Cl,hydration_free_energy,kcal/mol,train,c1ccccc1,-1.340000033378601,2.7566500389390867,-0.49090379450580324,6.004203872383977,scaffold,2032,hybrid_concat,edge_gnn,rdkit,concat,721e3c494613d3aa378fb20e47d69b51245b538e
freesolv,b172d409ecb64ee0,Clc1cc(Cl)c2c(c1Cl)Oc1ccccc1O2,hydration_free_energy,kcal/mol,test,c1ccc2c(c1)Oc1ccccc1O2,-4.050000190734863,-5.301583129195745,-8.549136962640635,-2.054029295750855,scaffold,2032,hybrid_concat,edge_gnn,rdkit,concat,721e3c494613d3aa378fb20e47d69b51245b538e
freesolv,aa9841fac0aef1b2,Clc1cc(Cl)cc(Cl)c1,hydration_free_energy,kcal/mol,train,c1ccccc1,-0.7799999713897705,-4.930019478817464,-8.177573312262354,-1.6824656453725737,scaffold,2032,hybrid_concat,edge_gnn,rdkit,concat,721e3c494613d3aa378fb20e47d69b51245b538e
freesolv,43fd33f418137c4f,Clc1cc2c(cc1Cl)Oc1c(Cl)c(Cl)c(Cl)c(Cl)c1O2,hydration_free_energy,kcal/mol,test,c1ccc2c(c1)Oc1ccccc1O2,-3.7100000381469727,-5.894290264416451,-9.141844097861341,-2.6467364309715613,scaffold,2032,hybrid_concat,edge_gnn,rdkit,concat,721e3c494613d3aa378fb20e47d69b51245b538e
freesolv,6397b4e582e915d9,Clc1cc2c(cc1Cl)Oc1cc(Cl)c(Cl)cc1O2,hydration_free_energy,kcal/mol,test,c1ccc2c(c1)Oc1ccccc1O2,-3.369999885559082,-5.85076972733229,-9.09832356077718,-2.6032158938874,scaffold,2032,hybrid_concat,edge_gnn,rdkit,concat,721e3c494613d3aa378fb20e47d69b51245b538e
freesolv,16993358a556f1c5,Clc1cc2c(cc1Cl)Oc1ccccc1O2,hydration_free_energy,kcal/mol,test,c1ccc2c(c1)Oc1ccccc1O2,-3.559999942779541,-5.370240366376045,-8.617794199820935,-2.122686532931155,scaffold,2032,hybrid_concat,edge_gnn,rdkit,concat,721e3c494613d3aa378fb20e47d69b51245b538e
freesolv,20936773c94dd64a,Clc1ccc(-c2c(Cl)c(Cl)cc(Cl)c2Cl)cc1Cl,hydration_free_energy,kcal/mol,calibration,c1ccc(-c2ccccc2)cc1,-4.380000114440918,-3.7921158103959,-7.03966964384079,-0.5445619769510102,scaffold,2032,hybrid_concat,edge_gnn,rdkit,concat,721e3c494613d3aa378fb20e47d69b51245b538e
freesolv,319dd799287910b3,Clc1ccc(-c2cc(Cl)c(Cl)c(Cl)c2Cl)c(Cl)c1Cl,hydration_free_energy,kcal/mol,calibration,c1ccc(-c2ccccc2)cc1,-4.400000095367432,-3.684351403248532,-6.931905236693422,-0.4367975698036419,scaffold,2032,hybrid_concat,edge_gnn,rdkit,concat,721e3c494613d3aa378fb20e47d69b51245b538e
freesolv,a85bed87f9eca383,Clc1ccc(-c2cc(Cl)c(Cl)c(Cl)c2Cl)cc1Cl,hydration_free_energy,kcal/mol,calibration,c1ccc(-c2ccccc2)cc1,-3.0399999618530273,-3.5893848220663993,-6.83693865551129,-0.3418309886215094,scaffold,2032,hybrid_concat,edge_gnn,rdkit,concat,721e3c494613d3aa378fb20e47d69b51245b538e
freesolv,6db47ce14110b8af,Clc1ccc(Cl)c(-c2cc(Cl)c(Cl)c(Cl)c2)c1,hydration_free_energy,kcal/mol,calibration,c1ccc(-c2ccccc2)cc1,-3.609999895095825,-3.584206734943362,-6.831760568388252,-0.33665290149847227,scaffold,2032,hybrid_concat,edge_gnn,rdkit,concat,721e3c494613d3aa378fb20e47d69b51245b538e
freesolv,24197958a25d4719,Clc1ccc(Cl)c(-c2ccccc2)c1,hydration_free_energy,kcal/mol,calibration,c1ccc(-c2ccccc2)cc1,-2.4600000381469727,-3.632348645382849,-6.879902478827739,-0.38479481193795895,scaffold,2032,hybrid_concat,edge_gnn,rdkit,concat,721e3c494613d3aa378fb20e47d69b51245b538e
freesolv,0ef4c04d56b370af,Clc1ccc(Cl)c(Cl)c1,hydration_free_energy,kcal/mol,train,c1ccccc1,-1.1200000047683716,1.793185914114194,-1.454367919330696,5.040739747559083,scaffold,2032,hybrid_concat,edge_gnn,rdkit,concat,721e3c494613d3aa378fb20e47d69b51245b538e
freesolv,23c0e090ee47408a,Clc1ccc(Cl)c(Cl)c1Cl,hydration_free_energy,kcal/mol,train,c1ccccc1,-1.340000033378601,-2.274846609989318,-5.522400443434208,0.972707223455572,scaffold,2032,hybrid_concat,edge_gnn,rdkit,concat,721e3c494613d3aa378fb20e47d69b51245b538e
freesolv,7d123d1b480ae7d0,Clc1ccc(Cl)cc1,hydration_free_energy,kcal/mol,train,c1ccccc1,-1.0099999904632568,-9.805896605125985,-13.053450438570875,-6.558342771681096,scaffold,2032,hybrid_concat,edge_gnn,rdkit,concat,721e3c494613d3aa378fb20e47d69b51245b538e
freesolv,885ce1f8c2708f29,Clc1ccc2c(c1)Oc1c(Cl)c(Cl)c(Cl)c(Cl)c1O2,hydration_free_energy,kcal/mol,test,c1ccc2c(c1)Oc1ccccc1O2,-4.150000095367432,-6.0644988832374835,-9.312052716682373,-2.8169450497925936,scaffold,2032,hybrid_concat,edge_gnn,rdkit,concat,721e3c494613d3aa378fb20e47d69b51245b538e
freesolv,74dd2e07b6c4a121,Clc1ccc2c(c1)Oc1cc(Cl)c(Cl)c(Cl)c1O2,hydration_free_energy,kcal/mol,test,c1ccc2c(c1)Oc1ccccc1O2,-3.8399999141693115,-5.9267170688889195,-9.17427090233381,-2.6791632354440296,scaffold,2032,hybrid_concat,edge_gnn,rdkit,concat,721e3c494613d3aa378fb20e47d69b51245b538e
freesolv,cd4e7053a74ca64b,Clc1ccc2c(c1)Oc1ccc(Cl)cc1O2,hydration_free_energy,kcal/mol,test,c1ccc2c(c1)Oc1ccccc1O2,-3.6700000762939453,-5.96061539516964,-9.20816922861453,-2.71306156172475,scaffold,2032,hybrid_concat,edge_gnn,rdkit,concat,721e3c494613d3aa378fb20e47d69b51245b538e
freesolv,2bd39b933f024feb,Clc1ccc2c(c1)Oc1ccccc1O2,hydration_free_energy,kcal/mol,test,c1ccc2c(c1)Oc1ccccc1O2,-3.0999999046325684,-5.674411193874791,-8.92196502731968,-2.426857360429901,scaffold,2032,hybrid_concat,edge_gnn,rdkit,concat,721e3c494613d3aa378fb20e47d69b51245b538e
freesolv,566718c24572a00b,Clc1cccc(Cl)c1,hydration_free_energy,kcal/mol,train,c1ccccc1,-0.9800000190734863,-1.5431487677075961,-4.790702601152486,1.7044050657372938,scaffold,2032,hybrid_concat,edge_gnn,rdkit,concat,721e3c494613d3aa378fb20e47d69b51245b538e
freesolv,f2cab0904fd16aa2,Clc1cccc(Cl)c1-c1c(Cl)cccc1Cl,hydration_free_energy,kcal/mol,calibration,c1ccc(-c2ccccc2)cc1,-2.2799999713897705,-3.7871060854992953,-7.034659918944185,-0.5395522520544054,scaffold,2032,hybrid_concat,edge_gnn,rdkit,concat,721e3c494613d3aa378fb20e47d69b51245b538e
freesolv,1ad603575e0ebfa7,Clc1cccc(Cl)c1Cl,hydration_free_energy,kcal/mol,train,c1ccccc1,-1.2400000095367432,-11.606821605867417,-14.854375439312307,-8.359267772422527,scaffold,2032,hybrid_concat,edge_gnn,rdkit,concat,721e3c494613d3aa378fb20e47d69b51245b538e
freesolv,785e578bba1163db,Clc1cccc2c1Oc1ccccc1O2,hydration_free_energy,kcal/mol,test,c1ccc2c(c1)Oc1ccccc1O2,-3.5199999809265137,-5.296208919052118,-8.543762752497008,-2.048655085607228,scaffold,2032,hybrid_concat,edge_gnn,rdkit,concat,721e3c494613d3aa378fb20e47d69b51245b538e
freesolv,69ec888ea256144d,Clc1ccccc1,hydration_free_energy,kcal/mol,train,c1ccccc1,-1.1200000047683716,2.0076438407954877,-1.2399099926494022,5.255197674240378,scaffold,2032,hybrid_concat,edge_gnn,rdkit,concat,721e3c494613d3aa378fb20e47d69b51245b538e
freesolv,2ec9810d47af9e60,Clc1ccccc1-c1ccccc1,hydration_free_energy,kcal/mol,calibration,c1ccc(-c2ccccc2)cc1,-2.690000057220459,-3.5069416294302895,-6.754495462875179,-0.2593877959853996,scaffold,2032,hybrid_concat,edge_gnn,rdkit,concat,721e3c494613d3aa378fb20e47d69b51245b538e
freesolv,39661093e01fca7b,Clc1ccccc1Cl,hydration_free_energy,kcal/mol,train,c1ccccc1,-1.3600000143051147,-7.067995670979965,-10.315549504424855,-3.820441837535075,scaffold,2032,hybrid_concat,edge_gnn,rdkit,concat,721e3c494613d3aa378fb20e47d69b51245b538e
freesolv,4379d39c87f9b6f0,Clc1ccccn1,hydration_free_energy,kcal/mol,validation,c1ccncc1,-4.389999866485596,-3.146075346439936,-6.393629179884826,0.10147848700495388,scaffold,2032,hybrid_concat,edge_gnn,rdkit,concat,721e3c494613d3aa378fb20e47d69b51245b538e
freesolv,78ea6fc26ce7e63c,Clc1cccnc1,hydration_free_energy,kcal/mol,validation,c1ccncc1,-4.010000228881836,-3.7379825114376577,-6.985536344882547,-0.4904286779927678,scaffold,2032,hybrid_concat,edge_gnn,rdkit,concat,721e3c494613d3aa378fb20e47d69b51245b538e
freesolv,7baedb0930499b12,Cn1c(=O)c2c(ncn2C)n(C)c1=O,hydration_free_energy,kcal/mol,calibration,O=c1[nH]c(=O)c2[nH]cnc2[nH]1,-12.640000343322754,-9.392446509877864,-12.640000343322754,-6.144892676432974,scaffold,2032,hybrid_concat,edge_gnn,rdkit,concat,721e3c494613d3aa378fb20e47d69b51245b538e
freesolv,6432ca91307da26e,Cn1cccc1,hydration_free_energy,kcal/mol,test,c1cc[nH]c1,-2.890000104904175,-3.163184783230014,-6.410738616674903,0.08436905021487595,scaffold,2032,hybrid_concat,edge_gnn,rdkit,concat,721e3c494613d3aa378fb20e47d69b51245b538e
freesolv,a9d61a9eba10cf50,Cn1ccnc1,hydration_free_energy,kcal/mol,test,c1c[nH]cn1,-8.40999984741211,-5.726469872764675,-8.974023706209564,-2.4789160393197847,scaffold,2032,hybrid_concat,edge_gnn,rdkit,concat,721e3c494613d3aa378fb20e47d69b51245b538e
freesolv,908ab04466374d9d,FC(F)(Cl)C(F)(Cl)Cl,hydration_free_energy,kcal/mol,train,,1.7699999809265137,0.9494902434351711,-2.298063590009719,4.197044076880061,scaffold,2032,hybrid_concat,edge_gnn,rdkit,concat,721e3c494613d3aa378fb20e47d69b51245b538e
freesolv,f39816aba1ecf31f,FC(F)(F)Br,hydration_free_energy,kcal/mol,train,,1.7899999618530273,-1.9645938718138913,-5.212147705258781,1.2829599616309986,scaffold,2032,hybrid_concat,edge_gnn,rdkit,concat,721e3c494613d3aa378fb20e47d69b51245b538e
freesolv,d47c13a6f52d42a9,FC(F)(F)CCl,hydration_free_energy,kcal/mol,train,,0.05999999865889549,-4.272721263888647,-7.520275097333537,-1.0251674304437568,scaffold,2032,hybrid_concat,edge_gnn,rdkit,concat,721e3c494613d3aa378fb20e47d69b51245b538e
freesolv,4f805e6dc0bb19f3,FC(F)(F)F,hydration_free_energy,kcal/mol,train,,3.119999885559082,-6.527827736021381,-9.775381569466271,-3.280273902576491,scaffold,2032,hybrid_concat,edge_gnn,rdkit,concat,721e3c494613d3aa378fb20e47d69b51245b538e
freesolv,e087d5496692127a,FC(F)(F)[C@H](Cl)Br,hydration_free_energy,kcal/mol,train,,-0.10999999940395355,-0.33418645355220145,-3.5817402869970913,2.9133673798926885,scaffold,2032,hybrid_concat,edge_gnn,rdkit,concat,721e3c494613d3aa378fb20e47d69b51245b538e
freesolv,e66e31556faf8723,FC(F)(F)c1cccc(C(F)(F)F)c1,hydration_free_energy,kcal/mol,train,c1ccccc1,1.0700000524520874,-3.237502426367082,-6.485056259811972,0.010051407077807717,scaffold,2032,hybrid_concat,edge_gnn,rdkit,concat,721e3c494613d3aa378fb20e47d69b51245b538e
freesolv,dcb976b5c332cdf8,FC(F)(F)c1ccccc1,hydration_free_energy,kcal/mol,train,c1ccccc1,-0.25,-3.104034369811255,-6.351588203256145,0.143519463633635,scaffold,2032,hybrid_concat,edge_gnn,rdkit,concat,721e3c494613d3aa378fb20e47d69b51245b538e
freesolv,e0c64c9ec3b5247b,FC(F)(F)c1ccccc1C(F)(F)F,hydration_free_energy,kcal/mol,train,c1ccccc1,1.0700000524520874,-11.041110145361634,-14.288663978806524,-7.793556311916744,scaffold,2032,hybrid_concat,edge_gnn,rdkit,concat,721e3c494613d3aa378fb20e47d69b51245b538e
freesolv,8c9c04ac1860cd6f,FC(F)=C(F)C(F)(F)F,hydration_free_energy,kcal/mol,train,,2.930000066757202,-11.269013882876088,-14.516567716320978,-8.021460049431198,scaffold,2032,hybrid_concat,edge_gnn,rdkit,concat,721e3c494613d3aa378fb20e47d69b51245b538e
freesolv,23594d220c24abf8,FC(F)Cl,hydration_free_energy,kcal/mol,train,,-0.5,-7.097545937911141,-10.34509977135603,-3.849992104466251,scaffold,2032,hybrid_concat,edge_gnn,rdkit,concat,721e3c494613d3aa378fb20e47d69b51245b538e
freesolv,d7ca7e6b994e166f,FC(F)O[C@H](Cl)C(F)(F)F,hydration_free_energy,kcal/mol,train,,0.10000000149011612,-6.054238773322267,-9.301792606767158,-2.8066849398773774,scaffold,2032,hybrid_concat,edge_gnn,rdkit,concat,721e3c494613d3aa378fb20e47d69b51245b538e
freesolv,2c8bdbcd792f5b63,FC(F)[C@@H](F)Oc1ccccc1,hydration_free_energy,kcal/mol,train,c1ccccc1,-1.2899999618530273,-3.4050766157239183,-6.652630449168808,-0.15752278227902838,scaffold,2032,hybrid_concat,edge_gnn,rdkit,concat,721e3c494613d3aa378fb20e47d69b51245b538e
freesolv,96ea3ef9f2b367bd,FC1(F)C(F)(F)C(F)(F)C1(F)F,hydration_free_energy,kcal/mol,validation,C1CCC1,3.430000066757202,1.4808326424672305,-1.7667211909776595,4.728386475912121,scaffold,2032,hybrid_concat,edge_gnn,rdkit,concat,721e3c494613d3aa378fb20e47d69b51245b538e
freesolv,8fdbbf5493dc7312,FCCl,hydration_free_energy,kcal/mol,train,,-0.7699999809265137,0.33326052853828836,-2.9142933049066015,3.5808143619831783,scaffold,2032,hybrid_concat,edge_gnn,rdkit,concat,721e3c494613d3aa378fb20e47d69b51245b538e
freesolv,364f4509284cca15,F[C@H](Br)C(F)(F)F,hydration_free_energy,kcal/mol,train,,0.5,1.753036216481671,-1.4945176169632188,5.000590049926561,scaffold,2032,hybrid_concat,edge_gnn,rdkit,concat,721e3c494613d3aa378fb20e47d69b51245b538e
freesolv,7609d49f5493dda8,Fc1ccccc1,hydration_free_energy,kcal/mol,train,c1ccccc1,-0.800000011920929,-6.626569086196029,-9.874122919640918,-3.379015252751139,scaffold,2032,hybrid_concat,edge_gnn,rdkit,concat,721e3c494613d3aa378fb20e47d69b51245b538e
freesolv,2831ad6342d46d4c,ICI,hydration_free_energy,kcal/mol,train,,-2.490000009536743,-7.450563380613273,-10.698117214058163,-4.203009547168383,scaffold,2032,hybrid_concat,edge_gnn,rdkit,concat,721e3c494613d3aa378fb20e47d69b51245b538e
freesolv,768ab540d7f6bbaf,Ic1ccccc1,hydration_free_energy,kcal/mol,train,c1ccccc1,-1.7400000095367432,-3.6505986713486767,-6.898152504793567,-0.40304483790378676,scaffold,2032,hybrid_concat,edge_gnn,rdkit,concat,721e3c494613d3aa378fb20e47d69b51245b538e
freesolv,690a85bfd005509d,N,hydration_free_energy,kcal/mol,train,,-4.289999961853027,-1.6879982006433478,-4.9355520340882375,1.559555632801542,scaffold,2032,hybrid_concat,edge_gnn,rdkit,concat,721e3c494613d3aa378fb20e47d69b51245b538e
freesolv,ed84655a813c2ca5,N#Cc1c(Cl)cccc1Cl,hydration_free_energy,kcal/mol,train,c1ccccc1,-4.710000038146973,-8.459395034064498,-11.706948867509388,-5.211841200619608,scaffold,2032,hybrid_concat,edge_gnn,rdkit,concat,721e3c494613d3aa378fb20e47d69b51245b538e
freesolv,51d65559d6656ecd,N#Cc1ccc(O)cc1,hydration_free_energy,kcal/mol,train,c1ccccc1,-10.170000076293945,-7.566600304701412,-10.814154138146302,-4.319046471256522,scaffold,2032,hybrid_concat,edge_gnn,rdkit,concat,721e3c494613d3aa378fb20e47d69b51245b538e
freesolv,93f80fc3639971e8,N#Cc1cccc(O)c1,hydration_free_energy,kcal/mol,train,c1ccccc1,-9.649999618530273,-12.61352226886071,-15.8610761023056,-9.36596843541582,scaffold,2032,hybrid_concat,edge_gnn,rdkit,concat,721e3c494613d3aa378fb20e47d69b51245b538e
freesolv,9cb88318f4e0cbfd,N#Cc1ccccc1,hydration_free_energy,kcal/mol,train,c1ccccc1,-4.099999904632568,-4.927456099011694,-8.175009932456584,-1.6799022655668043,scaffold,2032,hybrid_concat,edge_gnn,rdkit,concat,721e3c494613d3aa378fb20e47d69b51245b538e
freesolv,ba3caebef2925f4d,N#Cc1cccnc1,hydration_free_energy,kcal/mol,validation,c1ccncc1,-6.75,-9.456239217106537,-12.703793050551427,-6.208685383661647,scaffold,2032,hybrid_concat,edge_gnn,rdkit,concat,721e3c494613d3aa378fb20e47d69b51245b538e
freesolv,65eaf74ac87f48c4,N#Cc1ccncc1,hydration_free_energy,kcal/mol,validation,c1ccncc1,-6.019999980926514,-8.554564229100386,-11.802118062545276,-5.307010395655496,scaffold,2032,hybrid_concat,edge_gnn,rdkit,concat,721e3c494613d3aa378fb20e47d69b51245b538e
freesolv,8c4e0b39823a21e5,NC(=O)c1ccccc1,hydration_free_energy,kcal/mol,train,c1ccccc1,-11.0,-4.377287787323512,-7.624841620768402,-1.1297339538786222,scaffold,2032,hybrid_concat,edge_gnn,rdkit,concat,721e3c494613d3aa378fb20e47d69b51245b538e
freesolv,08f91f035163f756,NC1CCCCC1,hydration_free_energy,kcal/mol,calibration,C1CCCCC1,-4.590000152587891,-5.406424863956854,-8.653978697401744,-2.158871030511964,scaffold,2032,hybrid_concat,edge_gnn,rdkit,concat,721e3c494613d3aa378fb20e47d69b51245b538e
freesolv,24598c90512c15fe,NN,hydration_free_energy,kcal/mol,train,,-9.300000190734863,-1.6046301391752906,-4.85218397262018,1.6429236942695993,scaffold,2032,hybrid_concat,edge_gnn,rdkit,concat,721e3c494613d3aa378fb20e47d69b51245b538e
freesolv,79ea9304963003ea,Nc1ccc(Cl)cc1,hydration_free_energy,kcal/mol,train,c1ccccc1,-5.900000095367432,-5.71452713917485,-8.96208097261974,-2.46697330572996,scaffold,2032,hybrid_concat,edge_gnn,rdkit,concat,721e3c494613d3aa378fb20e47d69b51245b538e
freesolv,cec2f5b1aa5dde8d,Nc1ccc(N)c2c1C(=O)c1ccccc1C2=O,hydration_free_energy,kcal/mol,test,O=C1c2ccccc2C(=O)c2ccccc21,-11.850000381469727,-9.910696998272776,-13.158250831717666,-6.663143164827886,scaffold,2032,hybrid_concat,edge_gnn,rdkit,concat,721e3c494613d3aa378fb20e47d69b51245b538e
freesolv,6021efa297cbff65,Nc1ccc(O)c2c1C(=O)c1ccccc1C2=O,hydration_free_energy,kcal/mol,test,O=C1c2ccccc2C(=O)c2ccccc21,-9.529999732971191,-10.795907638446591,-14.043461471891481,-7.548353805001701,scaffold,2032,hybrid_concat,edge_gnn,rdkit,concat,721e3c494613d3aa378fb20e47d69b51245b538e
freesolv,60b8f7cdcc4cc001,Nc1ccc([N+](=O)[O-])cc1,hydration_free_energy,kcal/mol,train,c1ccccc1,-9.819999694824219,-6.128550025485142,-9.376103858930032,-2.880996192040252,scaffold,2032,hybrid_concat,edge_gnn,rdkit,concat,721e3c494613d3aa378fb20e47d69b51245b538e
freesolv,6dbfb544dc921040,Nc1ccc2c(c1)C(=O)c1ccccc1C2=O,hydration_free_energy,kcal/mol,test,O=C1c2ccccc2C(=O)c2ccccc21,-11.529999732971191,-9.056712658012605,-12.304266491457495,-5.8091588245677155,scaffold,2032,hybrid_concat,edge_gnn,rdkit,concat,721e3c494613d3aa378fb20e47d69b51245b538e
freesolv,151a28867ddf1a05,Nc1ccc2ccccc2c1,hydration_free_energy,kcal/mol,test,c1ccc2ccccc2c1,-7.46999979019165,-7.006744973737098,-10.25429880718199,-3.7591911402922085,scaffold,2032,hybrid_concat,edge_gnn,rdkit,concat,721e3c494613d3aa378fb20e47d69b51245b538e
freesolv,085acb392fb3c214,Nc1cccc(Cl)c1,hydration_free_energy,kcal/mol,train,c1ccccc1,-5.820000171661377,-0.9113711107624671,-4.158924944207357,2.3361827226824228,scaffold,2032,hybrid_concat,edge_gnn,rdkit,concat,721e3c494613d3aa378fb20e47d69b51245b538e
freesolv,e1aa0c9f03e27245,Nc1cccc([N+](=O)[O-])c1,hydration_free_energy,kcal/mol,train,c1ccccc1,-8.84000015258789,-1.2664300702838114,-4.513983903728701,1.9811237631610785,scaffold,2032,hybrid_concat,edge_gnn,rdkit,concat,721e3c494613d3aa378fb20e47d69b51245b538e
freesolv,77fa39daade7a2ed,Nc1cccc2c1C(=O)c1ccccc1C2=O,hydration_free_energy,kcal/mol,test,O=C1c2ccccc2C(=O)c2ccccc21,-9.4399995803833,-8.86595406138755,-12.11350789483244,-5.61840022794266,scaffold,2032,hybrid_concat,edge_gnn,rdkit,concat,721e3c494613d3aa378fb20e47d69b51245b538e
freesolv,c7df2333181b5728,Nc1cccc2ccccc12,hydration_free_energy,kcal/mol,test,c1ccc2ccccc2c1,-7.28000020980835,-6.964189473756285,-10.211743307201175,-3.716635640311395,scaffold,2032,hybrid_concat,edge_gnn,rdkit,concat,721e3c494613d3aa378fb20e47d69b51245b538e
freesolv,8df927d11f3ed1df,Nc1ccccc1,hydration_free_energy,kcal/mol,train,c1ccccc1,-5.489999771118164,-5.862928955172949,-9.110482788617839,-2.615375121728059,scaffold,2032,hybrid_concat,edge_gnn,rdkit,concat,721e3c494613d3aa378fb20e47d69b51245b538e
freesolv,47d345a94a412d55,Nc1ccccc1Cl,hydration_free_energy,kcal/mol,train,c1ccccc1,-4.909999847412109,-1.0863246284869246,-4.333878461931814,2.1612292049579653,scaffold,2032,hybrid_concat,edge_gnn,rdkit,concat,721e3c494613d3aa378fb20e47d69b51245b538e
freesolv,793b8d33b3567aa6,Nc1ccccc1[N+](=O)[O-],hydration_free_energy,kcal/mol,train,c1ccccc1,-7.369999885559082,-10.890982966049,-14.13853679949389,-7.64342913260411,scaffold,2032,hybrid_concat,edge_gnn,rdkit,concat,721e3c494613d3aa378fb20e47d69b51245b538e
freesolv,e735fff07d370f67,Nc1cnn(-c2ccccc2)c(=O)c1Cl,hydration_free_energy,kcal/mol,calibration,O=c1cccnn1-c1ccccc1,-16.43000030517578,-9.888104105623936,-13.135657939068826,-6.640550272179047,scaffold,2032,hybrid_concat,edge_gnn,rdkit,concat,721e3c494613d3aa378fb20e47d69b51245b538e
freesolv,3085b87749974b25,O=C(O)c1cc(-c2ccc(F)cc2F)ccc1O,hydration_free_energy,kcal/mol,calibration,c1ccc(-c2ccccc2)cc1,-9.399999618530273,-10.349979011778617,-13.597532845223506,-7.102425178333727,scaffold,2032,hybrid_concat,edge_gnn,rdkit,concat,721e3c494613d3aa378fb20e47d69b51245b538e
freesolv,ac7b3ba276fd0c1f,O=C1C=CC(=O)C=C1,hydration_free_energy,kcal/mol,test,O=C1C=CC(=O)C=C1,-6.5,-6.2906694684376046,-9.538223301882494,-3.0431156349927146,scaffold,2032,hybrid_concat,edge_gnn,rdkit,concat,721e3c494613d3aa378fb20e47d69b51245b538e
freesolv,efaecaee941d65ec,O=C1CCCC1,hydration_free_energy,kcal/mol,calibration,O=C1CCCC1,-4.699999809265137,-3.798685232572844,-7.046239066017733,-0.5511313991279541,scaffold,2032,hybrid_concat,edge_gnn,rdkit,concat,721e3c494613d3aa378fb20e47d69b51245b538e
freesolv,a257b754cb4a6804,O=C1CCCCC1,hydration_free_energy,kcal/mol,validation,O=C1CCCCC1,-4.909999847412109,-3.7991516738300604,-7.04670550727495,-0.5515978403851705,scaffold,2032,hybrid_concat,edge_gnn,rdkit,concat,721e3c494613d3aa378fb20e47d69b51245b538e
freesolv,5d150ad954af7bcd,O=C1NC(=O)c2ccccc21,hydration_free_energy,kcal/mol,calibration,O=C1NC(=O)c2ccccc21,-9.609999656677246,-12.827548804783884,-16.075102638228774,-9.579994971338994,scaffold,2032,hybrid_concat,edge_gnn,rdkit,concat,721e3c494613d3aa378fb20e47d69b51245b538e
freesolv,bcdd6b15f2dd6f08,O=C1[C@@H]2CC=CC[C@H]2C(=O)N1SC(Cl)(Cl)Cl,hydration_free_energy,kcal/mol,test,O=C1NC(=O)C2CC=CCC12,-9.010000228881836,-10.692842794229458,-13.940396627674348,-7.445288960784568,scaffold,2032,hybrid_concat,edge_gnn,rdkit,concat,721e3c494613d3aa378fb20e47d69b51245b538e
freesolv,a06e4a64d1733212,O=C1c2ccccc2C(=O)c2c(NCCO)cccc21,hydration_free_energy,kcal/mol,test,O=C1c2ccccc2C(=O)c2ccccc21,-14.210000038146973,-10.371024489800647,-13.618578323245536,-7.123470656355757,scaffold,2032,hybrid_concat,edge_gnn,rdkit,concat,721e3c494613d3aa378fb20e47d69b51245b538e
freesolv,373fcfa90050910c,O=COc1ccccc1,hydration_free_energy,kcal/mol,train,c1ccccc1,-3.819999933242798,-11.934885489827668,-15.182439323272558,-8.687331656382778,scaffold,2032,hybrid_concat,edge_gnn,rdkit,concat,721e3c494613d3aa378fb20e47d69b51245b538e
freesolv,0834789a38b4d862,O=Cc1ccc(O)cc1,hydration_free_energy,kcal/mol,train,c1ccccc1,-8.829999923706055,-5.987116368538332,-9.23467020198322,-2.739562535093442,scaffold,2032,hybrid_concat,edge_gnn,rdkit,concat,721e3c494613d3aa378fb20e47d69b51245b538e
freesolv,cdcde67484b661eb,O=Cc1cccc(O)c1,hydration_free_energy,kcal/mol,train,c1ccccc1,-9.520000457763672,-3.955260505411699,-7.202814338856589,-0.7077066719668093,scaffold,2032,hybrid_concat,edge_gnn,rdkit,concat,721e3c494613d3aa378fb20e47d69b51245b538e
freesolv,958acf4ebef097af,O=Cc1ccccc1,hydration_free_energy,kcal/mol,train,c1ccccc1,-4.019999980926514,-2.3895855671621695,-5.63713940060706,0.8579682662827204,scaffold,2032,hybrid_concat,edge_gnn,rdkit,concat,721e3c494613d3aa378fb20e47d69b51245b538e
freesolv,936d7c3754abed80,O=Cc1ccccc1O,hydration_free_energy,kcal/mol,train,c1ccccc1,-4.679999828338623,-4.348101007049641,-7.5956548404945305,-1.1005471736047507,scaffold,2032,hybrid_concat,edge_gnn,rdkit,concat,721e3c494613d3aa378fb20e47d69b51245b538e
freesolv,edd708f27f82cb10,O=Cc1cccnc1,hydration_free_energy,kcal/mol,validation,c1ccncc1,-7.099999904632568,-7.340906645950543,-10.588460479395433,-4.093352812505653,scaffold,2032,hybrid_concat,edge_gnn,rdkit,concat,721e3c494613d3aa378fb20e47d69b51245b538e
freesolv,ea971b24f0d35a80,O=Cc1ccncc1,hydration_free_energy,kcal/mol,validation,c1ccncc1,-7.0,-8.328369278311149,-11.575923111756039,-5.080815444866259,scaffold,2032,hybrid_concat,edge_gnn,rdkit,concat,721e3c494613d3aa378fb20e47d69b51245b538e
freesolv,7ad65a67ffa70f4b,O=S1OC[C@@H]2[C@H](CO1)[C@]1(Cl)C(Cl)=C(Cl)[C@@]2(Cl)C1(Cl)Cl,hydration_free_energy,kcal/mol,validation,O=S1OCC2C3C=CC(C3)C2CO1,-4.230000019073486,-8.065986634454005,-11.313540467898894,-4.818432801009115,scaffold,2032,hybrid_concat,edge_gnn,rdkit,concat,721e3c494613d3aa378fb20e47d69b51245b538e
freesolv,92bc713f6762c1df,O=[N+]([O-])C(Cl)(Cl)Cl,hydration_free_energy,kcal/mol,train,,-1.4500000476837158,-10.60558282919498,-13.85313666263987,-7.3580289957500895,scaffold,2032,hybrid_concat,edge_gnn,rdkit,concat,721e3c494613d3aa378fb20e47d69b51245b538e
freesolv,18b4905fa7a9467f,O=[N+]([O-])OCCCO[N+](=O)[O-],hydration_free_energy,kcal/mol,train,,-4.800000190734863,-10.567973543804714,-13.815527377249603,-7.320419710359824,scaffold,2032,hybrid_concat,edge_gnn,rdkit,concat,721e3c494613d3aa378fb20e47d69b51245b538e
freesolv,8c7197a6424e71e3,O=[N+]([O-])OCCO,hydration_free_energy,kcal/mol,train,,-8.180000305175781,1.0552800392744248,-2.192273794170465,4.302833872719315,scaffold,2032,hybrid_concat,edge_gnn,rdkit,concat,721e3c494613d3aa378fb20e47d69b51245b538e
freesolv,3f211c1bf953b801,O=[N+]([O-])OCCO[N+](=O)[O-],hydration_free_energy,kcal/mol,train,,-5.730000019073486,0.3928427820805398,-2.85471105136435,3.6403966155254297,scaffold,2032,hybrid_concat,edge_gnn,rdkit,concat,721e3c494613d3aa378fb20e47d69b51245b538e
freesolv,c7b90e22bebd2485,O=[N+]([O-])c1c(Cl)c(Cl)c(Cl)c(Cl)c1Cl,hydration_free_energy,kcal/mol,train,c1ccccc1,-5.21999979019165,-0.5348730291523092,-3.782426862597199,2.7126808042925807,scaffold,2032,hybrid_concat,edge_gnn,rdkit,concat,721e3c494613d3aa378fb20e47d69b51245b538e
freesolv,819d0d9fd216fcd8,O=[N+]([O-])c1ccc(O)cc1,hydration_free_energy,kcal/mol,train,c1ccccc1,-10.640000343322754,-13.32286688002588,-16.570420713470767,-10.07531304658099,scaffold,2032,hybrid_concat,edge_gnn,rdkit,concat,721e3c494613d3aa378fb20e47d69b51245b538e
freesolv,f49e79a6c87b1ffc,O=[N+]([O-])c1cccc(O)c1,hydration_free_energy,kcal/mol,train,c1ccccc1,-9.619999885559082,-5.303271744408661,-8.550825577853551,-2.0557179109637707,scaffold,2032,hybrid_concat,edge_gnn,rdkit,concat,721e3c494613d3aa378fb20e47d69b51245b538e
freesolv,2f207849e668e96f,O=[N+]([O-])c1ccccc1,hydration_free_energy,kcal/mol,train,c1ccccc1,-4.119999885559082,-1.6440001379561018,-4.891553971400992,1.6035536954887881,scaffold,2032,hybrid_concat,edge_gnn,rdkit,concat,721e3c494613d3aa378fb20e47d69b51245b538e
freesolv,2e397c61ab395a28,O=[N+]([O-])c1ccccc1O,hydration_free_energy,kcal/mol,train,c1ccccc1,-4.579999923706055,-1.2977368565287184,-4.5452906899736085,1.9498169769161715,scaffold,2032,hybrid_concat,edge_gnn,rdkit,concat,721e3c494613d3aa378fb20e47d69b51245b538e
freesolv,573bd8a61399ae31,O=c1[nH]c(=O)[nH]c(=O)[nH]1,hydration_free_energy,kcal/mol,calibration,O=c1[nH]c(=O)[nH]c(=O)[nH]1,-18.059999465942383,-10.99295894803777,-14.24051278148266,-7.745405114592881,scaffold,2032,hybrid_concat,edge_gnn,rdkit,concat,721e3c494613d3aa378fb20e47d69b51245b538e
freesolv,cddfd0f06e81b8b1,O=c1[nH]cc(Br)c(=O)[nH]1,hydration_free_energy,kcal/mol,validation,O=c1cc[nH]c(=O)[nH]1,-18.170000076293945,-10.676048112918453,-13.923601946363343,-7.428494279473563,scaffold,2032,hybrid_concat,edge_gnn,rdkit,concat,721e3c494613d3aa378fb20e47d69b51245b538e
freesolv,2072aaa51fe60a41,O=c1[nH]cc(C(F)(F)F)c(=O)[nH]1,hydration_free_energy,kcal/mol,validation,O=c1cc[nH]c(=O)[nH]1,-15.460000038146973,-7.833254915371597,-11.080808748816487,-4.5857010819267074,scaffold,2032,hybrid_concat,edge_gnn,rdkit,concat,721e3c494613d3aa378fb20e47d69b51245b538e
freesolv,b20d78724d54723c,O=c1[nH]cc(Cl)c(=O)[nH]1,hydration_free_energy,kcal/mol,validation,O=c1cc[nH]c(=O)[nH]1,-17.739999771118164,-10.891618069109565,-14.139171902554455,-7.6440642356646755,scaffold,2032,hybrid_concat,edge_gnn,rdkit,concat,721e3c494613d3aa378fb20e47d69b51245b538e
freesolv,fa4b084349774829,O=c1[nH]cc(F)c(=O)[nH]1,hydration_free_energy,kcal/mol,validation,O=c1cc[nH]c(=O)[nH]1,-16.920000076293945,-9.605274338703708,-12.852828172148598,-6.357720505258818,scaffold,2032,hybrid_concat,edge_gnn,rdkit,concat,721e3c494613d3aa378fb20e47d69b51245b538e
freesolv,f6ac8e5a51fd9b52,O=c1[nH]cc(I)c(=O)[nH]1,hydration_free_energy,kcal/mol,validation,O=c1cc[nH]c(=O)[nH]1,-18.719999313354492,-11.202888070630586,-14.450441904075475,-7.955334237185696,scaffold,2032,hybrid_concat,edge_gnn,rdkit,concat,721e3c494613d3aa378fb20e47d69b51245b538e
freesolv,05f89cf62c049133,O=c1cc(Cl)[nH]c(=O)[nH]1,hydration_free_energy,kcal/mol,validation,O=c1cc[nH]c(=O)[nH]1,-15.829999923706055,-10.901031175226084,-14.148585008670974,-7.653477341781194,scaffold,2032,hybrid_concat,edge_gnn,rdkit,concat,721e3c494613d3aa378fb20e47d69b51245b538e
freesolv,79191f708aac72af,OC1CCCC1,hydration_free_energy,kcal/mol,calibration,C1CCCC1,-5.489999771118164,-5.777131324921316,-9.024685158366207,-2.5295774914764264,scaffold,2032,hybrid_concat,edge_gnn,rdkit,concat,721e3c494613d3aa378fb20e47d69b51245b538e
freesolv,13bf59087e3f76ff,OC1CCCCC1,hydration_free_energy,kcal/mol,calibration,C1CCCCC1,-5.460000038146973,-5.570843060439851,-8.818396893884742,-2.3232892269949614,scaffold,2032,hybrid_concat,edge_gnn,rdkit,concat,721e3c494613d3aa378fb20e47d69b51245b538e
freesolv,3a6088586348cf7f,OC1CCCCCC1,hydration_free_energy,kcal/mol,calibration,C1CCCCCC1,-5.480000019073486,-5.349361652836899,-8.59691548628179,-2.1018078193920093,scaffold,2032,hybrid_concat,edge_gnn,rdkit,concat,721e3c494613d3aa378fb20e47d69b51245b538e
freesolv,687a2dc922ea1a36,OCC(F)(F)F,hydration_free_energy,kcal/mol,train,,-4.309999942779541,-4.435429075902879,-7.682982909347769,-1.1878752424579888,scaffold,2032,hybrid_concat,edge_gnn,rdkit,concat,721e3c494613d3aa378fb20e47d69b51245b538e
freesolv,7817e0695a0a58ee,OCC(O)CO,hydration_free_energy,kcal/mol,train,,-13.430000305175781,-0.3272528457051509,-3.574806679150041,2.920300987739739,scaffold,2032,hybrid_concat,edge_gnn,rdkit,concat,721e3c494613d3aa378fb20e47d69b51245b538e
freesolv,da60db9636ea1107,OCCCc1ccccc1,hydration_free_energy,kcal/mol,train,c1ccccc1,-6.920000076293945,-2.498574045585701,-5.746127879030591,0.7489797878591888,scaffold,2032,hybrid_concat,edge_gnn,rdkit,concat,721e3c494613d3aa378fb20e47d69b51245b538e
freesolv,5c3c2680787458c1,OCCO,hydration_free_energy,kcal/mol,train,,-9.300000190734863,-7.704447626535467,-10.952001459980357,-4.456893793090577,scaffold,2032,hybrid_concat,edge_gnn,rdkit,concat,721e3c494613d3aa378fb20e47d69b51245b538e
freesolv,cc6267fd5c207d0f,OCCc1ccccc1,hydration_free_energy,kcal/mol,train,c1ccccc1,-6.789999961853027,-5.747802944625451,-8.995356778070342,-2.500249111180561,scaffold,2032,hybrid_concat,edge_gnn,rdkit,concat,721e3c494613d3aa378fb20e47d69b51245b538e
freesolv,3fc407fd83f57079,OC[C@@H](O)[C@@H](O)[C@H](O)[C@H](O)CO,hydration_free_energy,kcal/mol,train,,-23.6200008392334,-6.360420960230745,-9.607974793675634,-3.112867126785855,scaffold,2032,hybrid_concat,edge_gnn,rdkit,concat,721e3c494613d3aa378fb20e47d69b51245b538e
freesolv,70fe802de633ac06,OC[C@H]1O[C@@H](O)[C@H](O)[C@@H](O)[C@@H]1O,hydration_free_energy,kcal/mol,calibration,C1CCOCC1,-25.469999313354492,-22.758755221804385,-26.006309055249275,-19.511201388359495,scaffold,2032,hybrid_concat,edge_gnn,rdkit,concat,721e3c494613d3aa378fb20e47d69b51245b538e
freesolv,9aba038d3f4200a5,OCc1ccccc1,hydration_free_energy,kcal/mol,train,c1ccccc1,-6.619999885559082,-5.088190697743417,-8.335744531188308,-1.840636864298527,scaffold,2032,hybrid_concat,edge_gnn,rdkit,concat,721e3c494613d3aa378fb20e47d69b51245b538e
freesolv,a567f2cbddf29886,O[C@@H]1[C@@H](O)[C@@H](O)OC[C@H]1O,hydration_free_energy,kcal/mol,calibration,C1CCOCC1,-20.520000457763672,-21.345173985598887,-24.592727819043777,-18.097620152153997,scaffold,2032,hybrid_concat,edge_gnn,rdkit,concat,721e3c494613d3aa378fb20e47d69b51245b538e
freesolv,67dc214c51fbc83b,Oc1ccc(Br)cc1,hydration_free_energy,kcal/mol,train,c1ccccc1,-5.849999904632568,-1.8720153180830705,-5.11956915152796,1.3755385153618194,scaffold,2032,hybrid_concat,edge_gnn,rdkit,concat,721e3c494613d3aa378fb20e47d69b51245b538e
freesolv,b996f9741fc5cff6,Oc1ccc(Cl)c(Cl)c1,hydration_free_energy,kcal/mol,train,c1ccccc1,-7.289999961853027,-4.675671188253377,-7.923225021698267,-1.428117354808487,scaffold,2032,hybrid_concat,edge_gnn,rdkit,concat,721e3c494613d3aa378fb20e47d69b51245b538e
freesolv,1aa838762f1917bf,Oc1ccc(Cl)cc1,hydration_free_energy,kcal/mol,train,c1ccccc1,-7.03000020980835,-9.569557181110863,-12.817111014555753,-6.322003347665973,scaffold,2032,hybrid_concat,edge_gnn,rdkit,concat,721e3c494613d3aa378fb20e47d69b51245b538e
freesolv,e2864dba67ef283d,Oc1ccc(F)cc1,hydration_free_energy,kcal/mol,train,c1ccccc1,-6.190000057220459,-3.746814588126835,-6.994368421571725,-0.499260754681945,scaffold,2032,hybrid_concat,edge_gnn,rdkit,concat,721e3c494613d3aa378fb20e47d69b51245b538e
freesolv,7f518d93e9c142c0,Oc1ccc2ccccc2c1,hydration_free_energy,kcal/mol,test,c1ccc2ccccc2c1,-8.109999656677246,-7.805035568816399,-11.052589402261288,-4.557481735371509,scaffold,2032,hybrid_concat,edge_gnn,rdkit,concat,721e3c494613d3aa378fb20e47d69b51245b538e
freesolv,cbbe38134650c076,Oc1cccc(Cl)c1,hydration_free_energy,kcal/mol,train,c1ccccc1,-6.619999885559082,-10.653315417709111,-13.900869251154,-7.405761584264221,scaffold,2032,hybrid_concat,edge_gnn,rdkit,concat,721e3c494613d3aa378fb20e47d69b51245b538e
freesolv,988ca1a38a1581f9,Oc1cccc2ccccc12,hydration_free_energy,kcal/mol,test,c1ccc2ccccc2c1,-7.670000076293945,-7.736892205904914,-10.984446039349804,-4.489338372460024,scaffold,2032,hybrid_concat,edge_gnn,rdkit,concat,721e3c494613d3aa378fb20e47d69b51245b538e
freesolv,3800b14c418b69c5,Oc1ccccc1,hydration_free_energy,kcal/mol,train,c1ccccc1,-6.599999904632568,0.9469889759098531,-2.300564857535037,4.194542809354743,scaffold,2032,hybrid_concat,edge_gnn,rdkit,concat,721e3c494613d3aa378fb20e47d69b51245b538e
freesolv,9bf03d8ccdb3c64c,Oc1ccccc1Cl,hydration_free_energy,kcal/mol,train,c1ccccc1,-4.550000190734863,-2.745989651998226,-5.993543485443116,0.501564181446664,scaffold,2032,hybrid_concat,edge_gnn,rdkit,concat,721e3c494613d3aa378fb20e47d69b51245b538e
freesolv,aedc78ece946d401,Oc1ccccc1F,hydration_free_energy,kcal/mol,train,c1ccccc1,-5.289999961853027,-3.9871630502822866,-7.2347168837271765,-0.7396092168373967,scaffold,2032,hybrid_concat,edge_gnn,rdkit,concat,721e3c494613d3aa378fb20e47d69b51245b538e
freesolv,d3b87da98c67562d,Oc1ccccc1I,hydration_free_energy,kcal/mol,train,c1ccccc1,-6.199999809265137,-1.8391941705310153,-5.086748003975905,1.4083596629138746,scaffold,2032,hybrid_concat,edge_gnn,rdkit,concat,721e3c494613d3aa378fb20e47d69b51245b538e
freesolv,3a126e2a44c3887a,S,hydration_free_energy,kcal/mol,train,,-0.699999988079071,-6.26387770574307,-9.51143153918796,-3.01632387229818,scaffold,2032,hybrid_concat,edge_gnn,rdkit,concat,721e3c494613d3aa378fb20e47d69b51245b538e
freesolv,371a5e389c8c0955,Sc1ccccc1,hydration_free_energy,kcal/mol,train,c1ccccc1,-2.549999952316284,0.8305989504974769,-2.416954882947413,4.078152783942366,scaffold,2032,hybrid_concat,edge_gnn,rdkit,concat,721e3c494613d3aa378fb20e47d69b51245b538e
freesolv,642af2bc8b818bc9,[O-][S+2]1([O-])CCCC1,hydration_free_energy,kcal/mol,test,C1CC[SH2+2]C1,-8.609999656677246,-6.771444083028558,-10.018997916473449,-3.523890249583668,scaffold,2032,hybrid_concat,edge_gnn,rdkit,concat,721e3c494613d3aa378fb20e47d69b51245b538e
freesolv,f099726b50ba9b25,c1c[nH]cn1,hydration_free_energy,kcal/mol,test,c1c[nH]cn1,-9.630000114440918,-7.848418300519494,-11.095972133964384,-4.600864467074604,scaffold,2032,hybrid_concat,edge_gnn,rdkit,concat,721e3c494613d3aa378fb20e47d69b51245b538e
freesolv,98f5a3867d0fbe7a,c1cc2c3c(cccc3c1)CC2,hydration_free_energy,kcal/mol,test,c1cc2c3c(cccc3c1)CC2,-3.1500000953674316,-3.1525164997676196,-6.4000703332125095,0.0950373336772703,scaffold,2032,hybrid_concat,edge_gnn,rdkit,concat,721e3c494613d3aa378fb20e47d69b51245b538e
freesolv,b0c2afa3b4daa40d,c1cc2ccc3cccc4ccc(c1)c2c34,hydration_free_energy,kcal/mol,test,c1cc2ccc3cccc4ccc(c1)c2c34,-4.519999980926514,-4.330360860993756,-7.577914694438646,-1.0828070275488662,scaffold,2032,hybrid_concat,edge_gnn,rdkit,concat,721e3c494613d3aa378fb20e47d69b51245b538e
freesolv,7b676dabf15907c8,c1cc[nH]c1,hydration_free_energy,kcal/mol,test,c1cc[nH]c1,-4.78000020980835,-5.719216516489962,-8.966770349934851,-2.4716626830450723,scaffold,2032,hybrid_concat,edge_gnn,rdkit,concat,721e3c494613d3aa378fb20e47d69b51245b538e
freesolv,7a5bc4f64c5195f9,c1ccc(-c2ccccc2)cc1,hydration_free_energy,kcal/mol,calibration,c1ccc(-c2ccccc2)cc1,-2.700000047683716,-3.6329021636634637,-6.880455997108354,-0.38534833021857384,scaffold,2032,hybrid_concat,edge_gnn,rdkit,concat,721e3c494613d3aa378fb20e47d69b51245b538e
freesolv,e797994168bdf8e5,c1ccc(Cn2ccnc2)cc1,hydration_free_energy,kcal/mol,test,c1ccc(Cn2ccnc2)cc1,-7.630000114440918,-6.112045933782035,-9.359599767226925,-2.864492100337145,scaffold,2032,hybrid_concat,edge_gnn,rdkit,concat,721e3c494613d3aa378fb20e47d69b51245b538e
freesolv,dee9bfd78d64e4a2,c1ccc(Oc2ccccc2)cc1,hydration_free_energy,kcal/mol,calibration,c1ccc(Oc2ccccc2)cc1,-2.869999885559082,-4.476430071269885,-7.723983904714775,-1.2288762378249949,scaffold,2032,hybrid_concat,edge_gnn,rdkit,concat,721e3c494613d3aa378fb20e47d69b51245b538e
freesolv,4ffb5477eed907c6,c1ccc2c(c1)CCC2,hydration_free_energy,kcal/mol,calibration,c1ccc2c(c1)CCC2,-1.4600000381469727,-1.4090628337638378,-4.656616667208728,1.8384909996810521,scaffold,2032,hybrid_concat,edge_gnn,rdkit,concat,721e3c494613d3aa378fb20e47d69b51245b538e
freesolv,47543d385846569e,c1ccc2c(c1)Cc1ccccc1-2,hydration_free_energy,kcal/mol,test,c1ccc2c(c1)Cc1ccccc1-2,-3.3499999046325684,-3.7293388686282425,-6.976892702073132,-0.4817850351833526,scaffold,2032,hybrid_concat,edge_gnn,rdkit,concat,721e3c494613d3aa378fb20e47d69b51245b538e
freesolv,17465babc9cd1c82,c1ccc2c(c1)Cc1ccccc1C2,hydration_free_energy,kcal/mol,validation,c1ccc2c(c1)Cc1ccccc1C2,-3.7799999713897705,-2.5067431086316994,-5.754296942076589,0.7408107248131905,scaffold,2032,hybrid_concat,edge_gnn,rdkit,concat,721e3c494613d3aa378fb20e47d69b51245b538e
freesolv,fb7f87c7e6dfb66e,c1ccc2c(c1)Oc1ccccc1O2,hydration_free_energy,kcal/mol,test,c1ccc2c(c1)Oc1ccccc1O2,-3.1500000953674316,-5.498261964822158,-8.745815798267047,-2.2507081313772677,scaffold,2032,hybrid_concat,edge_gnn,rdkit,concat,721e3c494613d3aa378fb20e47d69b51245b538e
freesolv,ccd5156c3d611af8,c1ccc2c(c1)ccc1ccccc12,hydration_free_energy,kcal/mol,validation,c1ccc2c(c1)ccc1ccccc12,-3.880000114440918,-3.8831593320124127,-7.130713165457303,-0.6356054985675228,scaffold,2032,hybrid_concat,edge_gnn,rdkit,concat,721e3c494613d3aa378fb20e47d69b51245b538e
freesolv,784372b072523a7c,c1ccc2cc3ccccc3cc2c1,hydration_free_energy,kcal/mol,validation,c1ccc2cc3ccccc3cc2c1,-3.950000047683716,-3.9521709686835846,-7.1997248021284745,-0.7046171352386947,scaffold,2032,hybrid_concat,edge_gnn,rdkit,concat,721e3c494613d3aa378fb20e47d69b51245b538e
freesolv,c7ef340f0fa3dd43,c1ccc2ccccc2c1,hydration_free_energy,kcal/mol,test,c1ccc2ccccc2c1,-2.4000000953674316,-3.063990447794597,-6.311544281239486,0.18356338565029295,scaffold,2032,hybrid_concat,edge_gnn,rdkit,concat,721e3c494613d3aa378fb20e47d69b51245b538e
freesolv,93816c4b27d69be9,c1ccc2ncccc2c1,hydration_free_energy,kcal/mol,validation,c1ccc2ncccc2c1,-5.71999979019165,-4.526862746522163,-7.774416579967053,-1.2793089130772728,scaffold,2032,hybrid_concat,edge_gnn,rdkit,concat,721e3c494613d3aa378fb20e47d69b51245b538e
freesolv,1c8645677ff2de98,c1ccccc1,hydration_free_energy,kcal/mol,train,c1ccccc1,-0.8999999761581421,-1.7972207484967482,-5.044774581941638,1.4503330849481417,scaffold,2032,hybrid_concat,edge_gnn,rdkit,concat,721e3c494613d3aa378fb20e47d69b51245b538e
freesolv,d311fe7bbff8011b,c1ccncc1,hydration_free_energy,kcal/mol,validation,c1ccncc1,-4.690000057220459,-3.6478863019570014,-6.895440135401891,-0.40033246851211146,scaffold,2032,hybrid_concat,edge_gnn,rdkit,concat,721e3c494613d3aa378fb20e47d69b51245b538e
freesolv,dd5ad833c0c7aa1e,c1ccsc1,hydration_free_energy,kcal/mol,test,c1ccsc1,-1.399999976158142,-1.0811245723900944,-4.328678405834984,2.1664292610547955,scaffold,2032,hybrid_concat,edge_gnn,rdkit,concat,721e3c494613d3aa378fb20e47d69b51245b538e
