dataset,molecule_id,smiles,property,units,partition,scaffold,y_true,y_pred,prediction_lower,prediction_upper,split_strategy,seed,model,family,features,fusion,git_commit
esol,da61f9c875766442,BrC(Br)(Br)Br,aqueous_solubility,log10(mol/L),train,,-3.140000104904175,-0.7410994793291863,-2.0430036996081133,0.5608047409497405,random,2034,node_gnn,node_gnn,none,none,721e3c494613d3aa378fb20e47d69b51245b538e
esol,033a6d997321375a,BrC(Br)Br,aqueous_solubility,log10(mol/L),train,,-1.909999966621399,-1.7025046822855143,-3.004408902564441,-0.4006004620065875,random,2034,node_gnn,node_gnn,none,none,721e3c494613d3aa378fb20e47d69b51245b538e
esol,9ab68a3afbba9fc0,BrCBr,aqueous_solubility,log10(mol/L),calibration,,-1.1699999570846558,-1.3695287436731476,-2.6714329639520744,-0.06762452339422076,random,2034,node_gnn,node_gnn,none,none,721e3c494613d3aa378fb20e47d69b51245b538e
esol,bd914b232803b250,BrCCBr,aqueous_solubility,log10(mol/L),train,,-1.6799999475479126,-3.4059210835117892,-4.707825303790716,-2.1040168632328626,random,2034,node_gnn,node_gnn,none,none,721e3c494613d3aa378fb20e47d69b51245b538e
esol,77a4ca2bbfb75522,Brc1cc(Br)c(Br)cc1Br,aqueous_solubility,log10(mol/L),calibration,,-6.980000019073486,-4.639147783914853,-5.94105200419378,-3.3372435636359263,random,2034,node_gnn,node_gnn,none,none,721e3c494613d3aa378fb20e47d69b51245b538e
esol,21cbcc346182e499,Brc1cc(Br)cc(Br)c1,aqueous_solubility,log10(mol/L),validation,,-5.599999904632568,-3.6072992929378014,-4.909203513216728,-2.3053950726588743,random,2034,node_gnn,node_gnn,none,none,721e3c494613d3aa378fb20e47d69b51245b538e
esol,599294ce62557e5e,Brc1ccc(Br)c(Br)c1,aqueous_solubility,log10(mol/L),train,,-4.5,-0.8728637026984756,-2.174767922977402,0.42904051758045125,random,2034,node_gnn,node_gnn,none,none,721e3c494613d3aa378fb20e47d69b51245b538e
esol,5e05b0f3e484f559,Brc1ccc(Br)cc1,aqueous_solubility,log10(mol/L),train,,-4.070000171661377,-5.466107334141797,-6.768011554420724,-4.16420311386287,random,2034,node_gnn,node_gnn,none,none,721e3c494613d3aa378fb20e47d69b51245b538e
esol,bbdc3f8b7bb7f0e8,Brc1ccc(I)cc1,aqueous_solubility,log10(mol/L),train,,-4.559999942779541,-2.4207999818733223,-3.722704202152249,-1.1188957615943955,random,2034,node_gnn,node_gnn,none,none,721e3c494613d3aa378fb20e47d69b51245b538e
esol,30d2b25ba1f64487,Brc1ccc2ccccc2c1,aqueous_solubility,log10(mol/L),train,,-4.400000095367432,-2.3636659138636342,-3.665570134142561,-1.0617616935847074,random,2034,node_gnn,node_gnn,none,none,721e3c494613d3aa378fb20e47d69b51245b538e
esol,e49ac581c1a589b2,Brc1cccc(Br)c1,aqueous_solubility,log10(mol/L),calibration,,-3.5399999618530273,-3.2969583301464658,-4.598862550425393,-1.995054109867539,random,2034,node_gnn,node_gnn,none,none,721e3c494613d3aa378fb20e47d69b51245b538e
esol,4ec2811097081ab4,Brc1cccc2ccccc12,aqueous_solubility,log10(mol/L),train,,-4.349999904632568,-8.04862168927677,-9.350525909555696,-6.746717468997843,random,2034,node_gnn,node_gnn,none,none,721e3c494613d3aa378fb20e47d69b51245b538e
esol,0397bd2cd69b335c,Brc1ccccc1,aqueous_solubility,log10(mol/L),train,,-2.549999952316284,-1.7901385956657399,-3.0920428159446667,-0.488234375386813,random,2034,node_gnn,node_gnn,none,none,721e3c494613d3aa378fb20e47d69b51245b538e
esol,324f80b71abb8f48,Brc1ccccc1Br,aqueous_solubility,log10(mol/L),train,,-3.5,-5.173931324769494,-6.475835545048421,-3.8720271044905665,random,2034,node_gnn,node_gnn,none,none,721e3c494613d3aa378fb20e47d69b51245b538e
esol,ef653be8d856a3e3,C,aqueous_solubility,log10(mol/L),train,,-0.8999999761581421,-1.9661831260226401,-3.268087346301567,-0.6642789057437133,random,2034,node_gnn,node_gnn,none,none,721e3c494613d3aa378fb20e47d69b51245b538e
esol,1e62faae86ae77c5,C#C,aqueous_solubility,log10(mol/L),test,,0.28999999165534973,-0.3162498198805821,-1.618154040159509,0.9856544003983447,random,2034,node_gnn,node_gnn,none,none,721e3c494613d3aa378fb20e47d69b51245b538e
esol,be01c31d44889bd9,C#CC,aqueous_solubility,log10(mol/L),train,,-0.4099999964237213,-2.4788664048801885,-3.780770625159115,-1.1769621846012617,random,2034,node_gnn,node_gnn,none,none,721e3c494613d3aa378fb20e47d69b51245b538e
esol,418e7591029ea69f,C#CC(C)N(C)C(=O)Nc1ccc(Cl)cc1,aqueous_solubility,log10(mol/L),train,,-3.9000000953674316,-1.3498128995808687,-2.6517171198597955,-0.04790867930194187,random,2034,node_gnn,node_gnn,none,none,721e3c494613d3aa378fb20e47d69b51245b538e
esol,9ab8feee6b5a7528,C#CC(C)OC(=O)Nc1cccc(Cl)c1,aqueous_solubility,log10(mol/L),train,,-2.617000102996826,-4.005386604721984,-5.307290825000911,-2.703482384443057,random,2034,node_gnn,node_gnn,none,none,721e3c494613d3aa378fb20e47d69b51245b538e
esol,254e2b1734e74745,C#CC1(O)CCC2C3CCC4=CC(=O)CCC4(C)C3CCC21C,aqueous_solubility,log10(mol/L),train,,-5.659999847412109,-2.837131781524813,-4.13903600180374,-1.5352275612458863,random,2034,node_gnn,node_gnn,none,none,721e3c494613d3aa378fb20e47d69b51245b538e
esol,8df5408ffcddd97a,C#CC1(O)CCC2C3CCC4=CC(=O)CCC4(O)C3CCC21C,aqueous_solubility,log10(mol/L),test,,-4.570000171661377,-4.800233127276708,-6.102137347555635,-3.4983289069977808,random,2034,node_gnn,node_gnn,none,none,721e3c494613d3aa378fb20e47d69b51245b538e
esol,1e8401e159a17ddb,C#CC1(O)CCC2C3CCC4=Cc5oncc5CC4(C)C3CCC21C,aqueous_solubility,log10(mol/L),calibration,,-5.506999969482422,-4.914751051172702,-6.216655271451629,-3.6128468308937753,random,2034,node_gnn,node_gnn,none,none,721e3c494613d3aa378fb20e47d69b51245b538e
esol,0ede43d08b0b685a,C#CC1(O)CCC2C3CCc4cc(O)ccc4C3CCC21C,aqueous_solubility,log10(mol/L),calibration,,-4.300000190734863,-5.391384222895772,-6.693288443174699,-4.0894800026168445,random,2034,node_gnn,node_gnn,none,none,721e3c494613d3aa378fb20e47d69b51245b538e
esol,f6f3f8ce45fa9dfa,C#CC1(OC(C)=O)CCC2C3CCC4=CC(=O)CCC4C3CCC21C,aqueous_solubility,log10(mol/L),calibration,,-4.800000190734863,-5.427095438717048,-6.728999658995975,-4.125191218438121,random,2034,node_gnn,node_gnn,none,none,721e3c494613d3aa378fb20e47d69b51245b538e
esol,3e31eac302cfd8fc,C#CCC,aqueous_solubility,log10(mol/L),test,,-1.2400000095367432,-0.8763281735563675,-2.1782323938352945,0.42557604672255933,random,2034,node_gnn,node_gnn,none,none,721e3c494613d3aa378fb20e47d69b51245b538e
esol,ef58f1c4944033aa,C#CCCC,aqueous_solubility,log10(mol/L),calibration,,-1.6399999856948853,-1.4082745715138965,-2.7101787917928233,-0.10637035123496963,random,2034,node_gnn,node_gnn,none,none,721e3c494613d3aa378fb20e47d69b51245b538e
esol,9df9f03554f45e69,C#CCCCC,aqueous_solubility,log10(mol/L),calibration,,-2.359999895095825,-2.3502743011350873,-3.6521785214140143,-1.0483700808561605,random,2034,node_gnn,node_gnn,none,none,721e3c494613d3aa378fb20e47d69b51245b538e
esol,0b51237b33e42d49,C#CCCCCC,aqueous_solubility,log10(mol/L),train,,-3.009999990463257,-3.593732673354902,-4.895636893633829,-2.2918284530759756,random,2034,node_gnn,node_gnn,none,none,721e3c494613d3aa378fb20e47d69b51245b538e
esol,48de0e30b5d246ce,C#CCCCCCC,aqueous_solubility,log10(mol/L),validation,,-3.6600000858306885,-3.8113422481306567,-5.113246468409583,-2.50943802785173,random,2034,node_gnn,node_gnn,none,none,721e3c494613d3aa378fb20e47d69b51245b538e
esol,a3e71f83f986b969,C#CCCCCCCC,aqueous_solubility,log10(mol/L),train,,-4.239999771118164,0.0821782473054351,-1.2197259729734917,1.384082467584362,random,2034,node_gnn,node_gnn,none,none,721e3c494613d3aa378fb20e47d69b51245b538e
esol,004b9675aac80e82,C/C=C/C=O,aqueous_solubility,log10(mol/L),train,,0.3199999928474426,-4.621244579607825,-5.923148799886752,-3.3193403593288977,random,2034,node_gnn,node_gnn,none,none,721e3c494613d3aa378fb20e47d69b51245b538e
esol,0923717a6761fd77,C/C=C/CC,aqueous_solubility,log10(mol/L),train,,-2.5399999618530273,-1.7409144770822953,-3.042818697361222,-0.43901025680336847,random,2034,node_gnn,node_gnn,none,none,721e3c494613d3aa378fb20e47d69b51245b538e
esol,c57120d38c0a4a68,C/C=C/CCCC,aqueous_solubility,log10(mol/L),train,,-3.819999933242798,-3.304709148539869,-4.606613368818796,-2.002804928260942,random,2034,node_gnn,node_gnn,none,none,721e3c494613d3aa378fb20e47d69b51245b538e
esol,26ab7efc03939d8f,C/C=C\CC,aqueous_solubility,log10(mol/L),test,,-2.5399999618530273,-2.7240675982162217,-4.025971818495148,-1.4221633779372949,random,2034,node_gnn,node_gnn,none,none,721e3c494613d3aa378fb20e47d69b51245b538e
esol,5cd7d49aba9a7e17,C1=CCC=CC1,aqueous_solubility,log10(mol/L),train,,-2.059999942779541,-6.286152979634584,-7.588057199913511,-4.984248759355657,random,2034,node_gnn,node_gnn,none,none,721e3c494613d3aa378fb20e47d69b51245b538e
esol,1d7f56772c078bb9,C1=CCCC1,aqueous_solubility,log10(mol/L),train,,-2.0999999046325684,-5.723942605654688,-7.025846825933615,-4.422038385375761,random,2034,node_gnn,node_gnn,none,none,721e3c494613d3aa378fb20e47d69b51245b538e
esol,abde13413c473f18,C1=CCCCC1,aqueous_solubility,log10(mol/L),validation,,-2.5899999141693115,-2.6217929152473514,-3.923697135526278,-1.3198886949684245,random,2034,node_gnn,node_gnn,none,none,721e3c494613d3aa378fb20e47d69b51245b538e
esol,bb8c20b84fd920a2,C1=CCCCCC1,aqueous_solubility,log10(mol/L),calibration,,-3.180000066757202,-2.7527114948089704,-4.054615715087897,-1.4508072745300435,random,2034,node_gnn,node_gnn,none,none,721e3c494613d3aa378fb20e47d69b51245b538e
esol,95b87f4f4f2bb613,C1=Cc2cccc3cccc1c23,aqueous_solubility,log10(mol/L),train,,-3.9600000381469727,-2.272012404031062,-3.573916624309989,-0.9701081837521353,random,2034,node_gnn,node_gnn,none,none,721e3c494613d3aa378fb20e47d69b51245b538e
esol,5c3986bd23acb32d,C1CCC2CCCCC2C1,aqueous_solubility,log10(mol/L),train,,-5.190000057220459,-6.197515068117443,-7.49941928839637,-4.895610847838516,random,2034,node_gnn,node_gnn,none,none,721e3c494613d3aa378fb20e47d69b51245b538e
esol,7c5d26a49231e799,C1CCCC1,aqueous_solubility,log10(mol/L),train,,-2.640000104904175,-3.732906928647617,-5.0348111489265435,-2.4310027083686903,random,2034,node_gnn,node_gnn,none,none,721e3c494613d3aa378fb20e47d69b51245b538e
esol,4d70c6ce3ea26712,C1CCCCC1,aqueous_solubility,log10(mol/L),train,,-3.0999999046325684,-4.6906639858795645,-5.9925682061584915,-3.3887597656006374,random,2034,node_gnn,node_gnn,none,none,721e3c494613d3aa378fb20e47d69b51245b538e
esol,70cfcad6dba4b5a4,C1CCCCCC1,aqueous_solubility,log10(mol/L),validation,,-3.509999990463257,-3.593732673354902,-4.895636893633829,-2.2918284530759756,random,2034,node_gnn,node_gnn,none,none,721e3c494613d3aa378fb20e47d69b51245b538e
esol,3049de5674a74cb5,C1CCCCCCC1,aqueous_solubility,log10(mol/L),train,,-4.150000095367432,-0.14091215193273854,-1.4428163722116654,1.1609920683461883,random,2034,node_gnn,node_gnn,none,none,721e3c494613d3aa378fb20e47d69b51245b538e
esol,ec599f0cbd5e780b,C1CCOC1,aqueous_solubility,log10(mol/L),validation,,0.49000000953674316,0.227006749439584,-1.0748974708393428,1.5289109697185108,random,2034,node_gnn,node_gnn,none,none,721e3c494613d3aa378fb20e47d69b51245b538e
esol,6ee75a2f4b64ffb0,C1CCOCC1,aqueous_solubility,log10(mol/L),train,,-0.029999999329447746,-2.900503121163575,-4.202407341442502,-1.598598900884648,random,2034,node_gnn,node_gnn,none,none,721e3c494613d3aa378fb20e47d69b51245b538e
esol,dbdd245cf7f7502f,C=C,aqueous_solubility,log10(mol/L),train,,-0.4000000059604645,-4.729923183729423,-6.03182740400835,-3.428018963450496,random,2034,node_gnn,node_gnn,none,none,721e3c494613d3aa378fb20e47d69b51245b538e
esol,1ff48e0fc1bb46f2,C=C(Br)CC1(C(C)CC)C(=O)NC(=O)NC1=O,aqueous_solubility,log10(mol/L),train,,-2.6470000743865967,-1.8219589614228169,-3.1238631817017435,-0.52005474114389,random,2034,node_gnn,node_gnn,none,none,721e3c494613d3aa378fb20e47d69b51245b538e
esol,e7c10ec7ffa2f500,C=C(C)C,aqueous_solubility,log10(mol/L),calibration,,-2.3299999237060547,-2.491009885997385,-3.792914106276312,-1.189105665718458,random,2034,node_gnn,node_gnn,none,none,721e3c494613d3aa378fb20e47d69b51245b538e
esol,1e7286c23334c464,C=C(C)C(=C)C,aqueous_solubility,log10(mol/L),train,,-2.4000000953674316,-2.3419579182508934,-3.64386213852982,-1.0400536979719666,random,2034,node_gnn,node_gnn,none,none,721e3c494613d3aa378fb20e47d69b51245b538e
esol,2b835da78b020754,C=C(C)C1CC=C(C)C(=O)C1,aqueous_solubility,log10(mol/L),train,,-2.059999942779541,-1.5996068655552844,-2.901511085834211,-0.2977026452763576,random,2034,node_gnn,node_gnn,none,none,721e3c494613d3aa378fb20e47d69b51245b538e
esol,9920e0d07ed28e13,C=C(C)C1CC=C(C)CC1,aqueous_solubility,log10(mol/L),train,,-4.260000228881836,-2.6333410685919407,-3.9352452888708678,-1.331436848313014,random,2034,node_gnn,node_gnn,none,none,721e3c494613d3aa378fb20e47d69b51245b538e
esol,9ce3bd89adca3155,C=C(C)C1Cc2c(ccc3c2OC2COc4cc(OC)c(OC)cc4C2C3=O)O1,aqueous_solubility,log10(mol/L),train,,-4.420000076293945,-3.7818137172096957,-5.083717937488623,-2.4799094969307687,random,2034,node_gnn,node_gnn,none,none,721e3c494613d3aa378fb20e47d69b51245b538e
esol,c8d3a1f414f5bcce,C=C(C)CC,aqueous_solubility,log10(mol/L),train,,-2.7300000190734863,-2.1957886393004094,-3.4976928595793364,-0.8938844190214825,random,2034,node_gnn,node_gnn,none,none,721e3c494613d3aa378fb20e47d69b51245b538e
esol,08ff67a090d72c26,C=C(C)CCC,aqueous_solubility,log10(mol/L),train,,-3.0299999713897705,-1.982014706497218,-3.2839189267761446,-0.6801104862182912,random,2034,node_gnn,node_gnn,none,none,721e3c494613d3aa378fb20e47d69b51245b538e
esol,43ca2dece41f5eb7,C=C(C)CN(CC)c1c([N+](=O)[O-])cc(C(F)(F)F)cc1[N+](=O)[O-],aqueous_solubility,log10(mol/L),train,,-6.124000072479248,-5.6503215436075935,-6.952225763886521,-4.3484173233286665,random,2034,node_gnn,node_gnn,none,none,721e3c494613d3aa378fb20e47d69b51245b538e
esol,49db12929fad29a3,C=C(Cl)CSC(=S)N(CC)CC,aqueous_solubility,log10(mol/L),train,,-3.390000104904175,-1.1027059552324427,-2.40461017551137,0.19919826504648408,random,2034,node_gnn,node_gnn,none,none,721e3c494613d3aa378fb20e47d69b51245b538e
esol,17bd196156d45488,C=C(Cl)Cl,aqueous_solubility,log10(mol/L),train,,-1.6399999856948853,-1.4846546090081552,-2.786558829287082,-0.18275038872922833,random,2034,node_gnn,node_gnn,none,none,721e3c494613d3aa378fb20e47d69b51245b538e
esol,4374b7441e7baae0,C=CC,aqueous_solubility,log10(mol/L),train,,-1.0800000429153442,-2.4443577747713676,-3.7462619950502942,-1.1424535544924408,random,2034,node_gnn,node_gnn,none,none,721e3c494613d3aa378fb20e47d69b51245b538e
esol,b3adba63532cb668,C=CC#N,aqueous_solubility,log10(mol/L),test,,0.15000000596046448,-0.5367511242822065,-1.8386553445611333,0.7651530959967203,random,2034,node_gnn,node_gnn,none,none,721e3c494613d3aa378fb20e47d69b51245b538e
esol,2c3f4ff07d8cd113,C=CC(=C)C,aqueous_solubility,log10(mol/L),train,,-2.0299999713897705,-3.3962879394864625,-4.698192159765389,-2.094383719207536,random,2034,node_gnn,node_gnn,none,none,721e3c494613d3aa378fb20e47d69b51245b538e
esol,4813864c1e8d653b,C=CC(=O)OC,aqueous_solubility,log10(mol/L),train,,-0.2199999988079071,-2.676814225202121,-3.9787184454810482,-1.3749100049231944,random,2034,node_gnn,node_gnn,none,none,721e3c494613d3aa378fb20e47d69b51245b538e
esol,64f6eee3339816ef,C=CC(C)(O)CCC=C(C)C,aqueous_solubility,log10(mol/L),train,,-1.9900000095367432,-2.6205850168822966,-3.9224892371612237,-1.3186807966033698,random,2034,node_gnn,node_gnn,none,none,721e3c494613d3aa378fb20e47d69b51245b538e
esol,2e0d4bc22e47200f,C=CC(C)C,aqueous_solubility,log10(mol/L),test,,-2.7300000190734863,-2.856395024897369,-4.158299245176296,-1.5544908046184422,random,2034,node_gnn,node_gnn,none,none,721e3c494613d3aa378fb20e47d69b51245b538e
esol,a7f910903d65c55d,C=CC(O)CCC,aqueous_solubility,log10(mol/L),calibration,,-0.5899999737739563,-1.1634436793845067,-2.4653478996634335,0.13846054089442017,random,2034,node_gnn,node_gnn,none,none,721e3c494613d3aa378fb20e47d69b51245b538e
esol,9c5c4be6a611f0d4,C=CC1(C)OC(=O)N(c2cc(Cl)cc(Cl)c2)C1=O,aqueous_solubility,log10(mol/L),train,,-4.925000190734863,-1.7974781339707506,-3.0993823542496775,-0.4955739136918238,random,2034,node_gnn,node_gnn,none,none,721e3c494613d3aa378fb20e47d69b51245b538e
esol,5f725e80c7d4ca6e,C=CC=C,aqueous_solubility,log10(mol/L),train,,-1.8700000047683716,-4.579778549363446,-5.8816827696423735,-3.2778743290845194,random,2034,node_gnn,node_gnn,none,none,721e3c494613d3aa378fb20e47d69b51245b538e
esol,7e5d57bf31e51f3b,C=CC=O,aqueous_solubility,log10(mol/L),train,,0.5699999928474426,-4.73921342865099,-6.041117648929917,-3.4373092083720627,random,2034,node_gnn,node_gnn,none,none,721e3c494613d3aa378fb20e47d69b51245b538e
esol,0c125e154592b036,C=CCC,aqueous_solubility,log10(mol/L),train,,-1.940000057220459,-4.916053427763229,-6.217957648042156,-3.614149207484302,random,2034,node_gnn,node_gnn,none,none,721e3c494613d3aa378fb20e47d69b51245b538e
esol,d82c07a526a33d28,C=CCC1(C(C)C)C(=O)NC(=O)NC1=O,aqueous_solubility,log10(mol/L),train,,-1.7079999446868896,-3.0734371905112914,-4.375341410790218,-1.7715329702323646,random,2034,node_gnn,node_gnn,none,none,721e3c494613d3aa378fb20e47d69b51245b538e
esol,0a25a747148c7a1f,C=CCC1(C(C)CC)C(=O)NC(=O)NC1=O,aqueous_solubility,log10(mol/L),train,,-2.0160000324249268,-0.8448556467379245,-2.1467598670168515,0.45704857354100237,random,2034,node_gnn,node_gnn,none,none,721e3c494613d3aa378fb20e47d69b51245b538e
esol,755de189a5985744,C=CCC1(C(C)CCC)C(=O)NC(=O)NC1=O,aqueous_solubility,log10(mol/L),train,,-2.3559999465942383,-6.10899123882455,-7.410895459103477,-4.807087018545623,random,2034,node_gnn,node_gnn,none,none,721e3c494613d3aa378fb20e47d69b51245b538e
esol,2377f869d0ed780c,C=CCC1(C(C)CCC)C(=O)NC(=S)NC1=O,aqueous_solubility,log10(mol/L),train,,-3.4600000381469727,-2.4826436698104426,-3.784547890089369,-1.1807394495315158,random,2034,node_gnn,node_gnn,none,none,721e3c494613d3aa378fb20e47d69b51245b538e
esol,1f2305f058bbb67d,C=CCC1(C)C(=O)NC(=O)NC1=O,aqueous_solubility,log10(mol/L),train,,-1.159999966621399,-1.8982127379804368,-3.200116958259364,-0.5963085177015099,random,2034,node_gnn,node_gnn,none,none,721e3c494613d3aa378fb20e47d69b51245b538e
esol,b2789fcdce54841c,C=CCC1(CC)C(=O)NC(=O)NC1=O,aqueous_solubility,log10(mol/L),train,,-1.6139999628067017,-4.727176014176925,-6.029080234455852,-3.4252717938979975,random,2034,node_gnn,node_gnn,none,none,721e3c494613d3aa378fb20e47d69b51245b538e
esol,d7c2057651e25e8d,C=CCC1(CC=C)C(=O)NC(=O)NC1=O,aqueous_solubility,log10(mol/L),test,,-2.0769999027252197,-1.8550899057603993,-3.156994126039326,-0.5531856854814725,random,2034,node_gnn,node_gnn,none,none,721e3c494613d3aa378fb20e47d69b51245b538e
esol,09c2f35273cfdcb6,C=CCC1(c2ccccc2)C(=O)NC(=O)NC1=O,aqueous_solubility,log10(mol/L),test,,-2.36899995803833,-2.371585494414474,-3.6734897146934005,-1.069681274135547,random,2034,node_gnn,node_gnn,none,none,721e3c494613d3aa378fb20e47d69b51245b538e
esol,924236428a2d77f9,C=CCC=C,aqueous_solubility,log10(mol/L),train,,-2.0899999141693115,-2.4111976885148465,-3.7131019087937736,-1.1092934682359197,random,2034,node_gnn,node_gnn,none,none,721e3c494613d3aa378fb20e47d69b51245b538e
esol,20d95e6e0ed5a2ad,C=CCCC,aqueous_solubility,log10(mol/L),test,,-2.680000066757202,-2.7658569857018747,-4.067761205980801,-1.4639527654229478,random,2034,node_gnn,node_gnn,none,none,721e3c494613d3aa378fb20e47d69b51245b538e
esol,4e33c9c7d0f0a61e,C=CCCC=C,aqueous_solubility,log10(mol/L),train,,-2.680000066757202,-2.1913952309411635,-3.49329945122009,-0.8894910106622367,random,2034,node_gnn,node_gnn,none,none,721e3c494613d3aa378fb20e47d69b51245b538e
esol,59d1e0b0ecbe24ff,C=CCCCC,aqueous_solubility,log10(mol/L),train,,-3.2300000190734863,-0.24271748845234642,-1.5446217087312732,1.0591867318265804,random,2034,node_gnn,node_gnn,none,none,721e3c494613d3aa378fb20e47d69b51245b538e
esol,21083084379f0a6c,C=CCCCCC,aqueous_solubility,log10(mol/L),validation,,-3.7300000190734863,-4.181493644184327,-5.483397864463254,-2.8795894239054,random,2034,node_gnn,node_gnn,none,none,721e3c494613d3aa378fb20e47d69b51245b538e
esol,25723488a4ed1346,C=CCCCCCC,aqueous_solubility,log10(mol/L),train,,-4.440000057220459,-2.6415517887188735,-3.9434560089978,-1.3396475684399467,random,2034,node_gnn,node_gnn,none,none,721e3c494613d3aa378fb20e47d69b51245b538e
esol,2667126ae7a1dd89,C=CCCCCCCC,aqueous_solubility,log10(mol/L),train,,-5.050000190734863,-2.665509117946933,-3.9674133382258594,-1.363604897668006,random,2034,node_gnn,node_gnn,none,none,721e3c494613d3aa378fb20e47d69b51245b538e
esol,438c34629e40839e,C=CCCCCCCCC,aqueous_solubility,log10(mol/L),test,,-5.510000228881836,-5.830608242599439,-7.132512462878366,-4.528704022320512,random,2034,node_gnn,node_gnn,none,none,721e3c494613d3aa378fb20e47d69b51245b538e
esol,fb7e490aa1b4d51e,C=CCCCO,aqueous_solubility,log10(mol/L),test,,-0.15000000596046448,-1.2460685380667962,-2.547972758345723,0.055835682212130644,random,2034,node_gnn,node_gnn,none,none,721e3c494613d3aa378fb20e47d69b51245b538e
esol,14bb3c94959a3803,C=CCSS(=O)CC=C,aqueous_solubility,log10(mol/L),train,,-0.8299999833106995,-6.635629085177352,-7.937533305456279,-5.333724864898425,random,2034,node_gnn,node_gnn,none,none,721e3c494613d3aa378fb20e47d69b51245b538e
esol,2a16db7cc18684b8,C=CCc1ccc(O)c(OC)c1,aqueous_solubility,log10(mol/L),train,,-1.559999942779541,1.0603935529952921,-0.24151066728363468,2.3622977732742187,random,2034,node_gnn,node_gnn,none,none,721e3c494613d3aa378fb20e47d69b51245b538e
esol,766b85d6ebc35451,C=CCc1ccc(OC)cc1,aqueous_solubility,log10(mol/L),train,,-2.9200000762939453,0.4147155037265269,-0.8871887165524,1.7166197240054537,random,2034,node_gnn,node_gnn,none,none,721e3c494613d3aa378fb20e47d69b51245b538e
esol,196ca171baf9b009,C=CCl,aqueous_solubility,log10(mol/L),train,,-1.75,0.7411136949212809,-0.560790525357646,2.043017915200208,random,2034,node_gnn,node_gnn,none,none,721e3c494613d3aa378fb20e47d69b51245b538e
esol,a264ecb5a75262c6,C=COCC,aqueous_solubility,log10(mol/L),train,,-0.8500000238418579,-5.511128554224133,-6.81303277450306,-4.209224333945206,random,2034,node_gnn,node_gnn,none,none,721e3c494613d3aa378fb20e47d69b51245b538e
esol,45e8e1638633d646,C=Cc1ccccc1,aqueous_solubility,log10(mol/L),train,,-2.819999933242798,-4.6499858437634245,-5.9518900640423515,-3.3480816234844974,random,2034,node_gnn,node_gnn,none,none,721e3c494613d3aa378fb20e47d69b51245b538e
esol,2ed9dd6e3dc3579d,CBr,aqueous_solubility,log10(mol/L),train,,-0.7900000214576721,-4.629555308089836,-5.931459528368763,-3.327651087810909,random,2034,node_gnn,node_gnn,none,none,721e3c494613d3aa378fb20e47d69b51245b538e
esol,2bf59afa2658a8ce,CC,aqueous_solubility,log10(mol/L),train,,-1.3600000143051147,-4.56114511940318,-5.863049339682107,-3.2592408991242525,random,2034,node_gnn,node_gnn,none,none,721e3c494613d3aa378fb20e47d69b51245b538e
esol,780406fdddd47378,CC#N,aqueous_solubility,log10(mol/L),train,,0.25999999046325684,-4.871971211260857,-6.173875431539784,-3.57006699098193,random,2034,node_gnn,node_gnn,none,none,721e3c494613d3aa378fb20e47d69b51245b538e
esol,9e0bb6837efcdbd1,CC(=O)C(C)(C)C,aqueous_solubility,log10(mol/L),train,,-0.7200000286102295,-5.284887099563306,-6.586791319842233,-3.9829828792843793,random,2034,node_gnn,node_gnn,none,none,721e3c494613d3aa378fb20e47d69b51245b538e
esol,6650bf346297661f,CC(=O)C(C)C,aqueous_solubility,log10(mol/L),train,,-0.11999999731779099,-2.9548790525659827,-4.25678327284491,-1.6529748322870559,random,2034,node_gnn,node_gnn,none,none,721e3c494613d3aa378fb20e47d69b51245b538e
esol,4ed306073e855fe0,CC(=O)C1(C)CCC2C3C=C(C)C4=CC(=O)CCC4(C)C3CCC21C,aqueous_solubility,log10(mol/L),train,,-5.269999980926514,-2.306294920188885,-3.6081991404678115,-1.004390699909958,random,2034,node_gnn,node_gnn,none,none,721e3c494613d3aa378fb20e47d69b51245b538e
esol,48d6efa11e6c3778,CC(=O)C1(O)CCC2C3CC(C)C4=CC(=O)C=CC4(C)C3(F)C(O)CC21C,aqueous_solubility,log10(mol/L),train,,-4.098999977111816,-4.389028223792806,-5.690932444071733,-3.087124003513879,random,2034,node_gnn,node_gnn,none,none,721e3c494613d3aa378fb20e47d69b51245b538e
esol,9a642a5271eefbe6,CC(=O)C1(O)CCC2C3CCC4=CC(=O)CCC4(C)C3CCC21C,aqueous_solubility,log10(mol/L),train,,-3.816999912261963,-5.730538993958616,-7.032443214237543,-4.428634773679689,random,2034,node_gnn,node_gnn,none,none,721e3c494613d3aa378fb20e47d69b51245b538e
esol,442739c64f9533c1,CC(=O)C1CCC2C3CC=C4CC(O)CCC4(C)C3CCC12C,aqueous_solubility,log10(mol/L),train,,-4.650000095367432,-3.3241151344993805,-4.6260193547783075,-2.0222109142204534,random,2034,node_gnn,node_gnn,none,none,721e3c494613d3aa378fb20e47d69b51245b538e
esol,e9e2dbb6336bc14a,CC(=O)C1CCC2C3CCC4=CC(=O)CCC4(C)C3CCC12C,aqueous_solubility,log10(mol/L),train,,-4.420000076293945,-4.3357333084559375,-5.637637528734865,-3.0338290881770105,random,2034,node_gnn,node_gnn,none,none,721e3c494613d3aa378fb20e47d69b51245b538e
esol,ac763713bd71395e,CC(=O)CC(C)C,aqueous_solubility,log10(mol/L),train,,-0.7400000095367432,-6.017767463557822,-7.3196716838367495,-4.715863243278895,random,2034,node_gnn,node_gnn,none,none,721e3c494613d3aa378fb20e47d69b51245b538e
esol,c350650ed5ccd420,CC(=O)CC(c1ccc(Cl)cc1)c1c(O)c2ccccc2oc1=O,aqueous_solubility,log10(mol/L),train,,-5.839000225067139,-2.3709544382764305,-3.6728586585553575,-1.0690502179975037,random,2034,node_gnn,node_gnn,none,none,721e3c494613d3aa378fb20e47d69b51245b538e
esol,f79626af0f93f0fc,CC(=O)CC(c1ccccc1)c1c(O)c2ccccc2oc1=O,aqueous_solubility,log10(mol/L),train,,-3.8929998874664307,0.49419328370857807,-0.8077109365703488,1.796097503987505,random,2034,node_gnn,node_gnn,none,none,721e3c494613d3aa378fb20e47d69b51245b538e
esol,520e9565d0ff63f1,CC(=O)CCC1C(=O)N(c2ccccc2)N(c2ccccc2)C1=O,aqueous_solubility,log10(mol/L),validation,,-3.2699999809265137,-2.981688546138708,-4.283592766417635,-1.6797843258597813,random,2034,node_gnn,node_gnn,none,none,721e3c494613d3aa378fb20e47d69b51245b538e
esol,68045fdd244fe104,CC(=O)N(C)C,aqueous_solubility,log10(mol/L),calibration,,1.1100000143051147,0.7216255181871931,-0.5802787020917337,2.02352973846612,random,2034,node_gnn,node_gnn,none,none,721e3c494613d3aa378fb20e47d69b51245b538e
esol,750f6483d79efce4,CC(=O)N(c1onc(C)c1C)S(=O)c1ccc(N)cc1,aqueous_solubility,log10(mol/L),test,,-3.5899999141693115,-2.2988897038277583,-3.600793924106685,-0.9969854835488314,random,2034,node_gnn,node_gnn,none,none,721e3c494613d3aa378fb20e47d69b51245b538e
esol,e8f62548f9fb3dff,CC(=O)Nc1cc(NS(=O)(=O)C(F)(F)F)c(C)cc1C,aqueous_solubility,log10(mol/L),test,,-3.240000009536743,-3.775038127851995,-5.076942348130922,-2.473133907573068,random,2034,node_gnn,node_gnn,none,none,721e3c494613d3aa378fb20e47d69b51245b538e
esol,bc0455dc968fbfd2,CC(=O)Nc1ccc(Br)cc1,aqueous_solubility,log10(mol/L),calibration,,-3.0829999446868896,-2.6225329895021927,-3.9244372097811198,-1.3206287692232659,random,2034,node_gnn,node_gnn,none,none,721e3c494613d3aa378fb20e47d69b51245b538e
esol,ddc4ca1b44741167,CC(=O)Nc1ccc(Cl)cc1,aqueous_solubility,log10(mol/L),calibration,,-2.8429999351501465,-2.4356142049091263,-3.7375184251880533,-1.1337099846301995,random,2034,node_gnn,node_gnn,none,none,721e3c494613d3aa378fb20e47d69b51245b538e
esol,3213dd41893f5ff5,CC(=O)Nc1ccc(F)cc1,aqueous_solubility,log10(mol/L),train,,-1.7799999713897705,-4.644783048120391,-5.946687268399318,-3.3428788278414636,random,2034,node_gnn,node_gnn,none,none,721e3c494613d3aa378fb20e47d69b51245b538e
esol,364ed725e437517c,CC(=O)Nc1ccc(O)cc1,aqueous_solubility,log10(mol/L),validation,,-1.0299999713897705,-1.559870833833494,-2.861775054112421,-0.25796661355456707,random,2034,node_gnn,node_gnn,none,none,721e3c494613d3aa378fb20e47d69b51245b538e
esol,44c52563864e600c,CC(=O)Nc1ccc([N+](=O)[O-])cc1,aqueous_solubility,log10(mol/L),train,,-2.691999912261963,-3.444125642150244,-4.746029862429171,-2.1422214218713176,random,2034,node_gnn,node_gnn,none,none,721e3c494613d3aa378fb20e47d69b51245b538e
esol,9b680b4bccdaf6ee,CC(=O)Nc1ccccc1,aqueous_solubility,log10(mol/L),validation,,-1.3300000429153442,-1.5110634011954727,-2.8129676214743995,-0.20915918091654584,random,2034,node_gnn,node_gnn,none,none,721e3c494613d3aa378fb20e47d69b51245b538e
esol,04b69a71ae0c35a6,CC(=O)Nc1nnc(S(N)(=O)=O)s1,aqueous_solubility,log10(mol/L),train,,-2.359999895095825,-4.915695025655683,-6.21759924593461,-3.6137908053767562,random,2034,node_gnn,node_gnn,none,none,721e3c494613d3aa378fb20e47d69b51245b538e
esol,0787d7077078fa64,CC(=O)OC(C)C,aqueous_solubility,log10(mol/L),train,,-0.550000011920929,-0.794130066898111,-2.096034287177038,0.5077741533808158,random,2034,node_gnn,node_gnn,none,none,721e3c494613d3aa378fb20e47d69b51245b538e
esol,bbbc24a21490bdee,CC(=O)OC1(C(C)=O)CCC2C3C=C(C)C4=CC(=O)CCC4(C)C3CCC21C,aqueous_solubility,log10(mol/L),validation,,-5.349999904632568,-4.772319518473485,-6.074223738752412,-3.470415298194558,random,2034,node_gnn,node_gnn,none,none,721e3c494613d3aa378fb20e47d69b51245b538e
esol,ea5969f950c93291,CC(=O)OC1(C)CCC2C3CCC4=CC(=O)CCC4(C)C3CCC21C,aqueous_solubility,log10(mol/L),train,,-5.283999919891357,-2.474245391299039,-3.7761496115779662,-1.1723411710201124,random,2034,node_gnn,node_gnn,none,none,721e3c494613d3aa378fb20e47d69b51245b538e
esol,7e7c49cadb6eca2c,CC(=O)OC1CCC2C3CCC4=CC(=O)CCC4(C)C3CCC12C,aqueous_solubility,log10(mol/L),train,,-5.184000015258789,-0.6906254271820469,-1.9925296474609737,0.6112787930968799,random,2034,node_gnn,node_gnn,none,none,721e3c494613d3aa378fb20e47d69b51245b538e
esol,744c94bb079c2bb4,CC(=O)OCC(=O)C1(O)C(C)CC2C3CCC4=CC(=O)C=CC4(C)C3(F)C(O)CC21C,aqueous_solubility,log10(mol/L),train,,-4.900000095367432,-3.384683770278497,-4.686587990557424,-2.08277954999957,random,2034,node_gnn,node_gnn,none,none,721e3c494613d3aa378fb20e47d69b51245b538e
esol,07046eaea87bf4e2,CC(=O)OCC(=O)C1(O)C(OC(C)=O)CC2C3CCC4=CC(=O)C=CC4(C)C3(F)C(O)CC21C,aqueous_solubility,log10(mol/L),train,,-4.130000114440918,-5.79264048535347,-7.094544705632397,-4.490736265074543,random,2034,node_gnn,node_gnn,none,none,721e3c494613d3aa378fb20e47d69b51245b538e
esol,cc12069b3580cb1a,CC(=O)OCC(=O)C1(O)CCC2C3CCC4=CC(=O)C=CC4(C)C3C(O)CC21C,aqueous_solubility,log10(mol/L),validation,,-4.369999885559082,-3.982633787431299,-5.284538007710226,-2.6807295671523725,random,2034,node_gnn,node_gnn,none,none,721e3c494613d3aa378fb20e47d69b51245b538e
esol,3d089eb4f693a11e,CC(=O)OCC(=O)C1(O)CCC2C3CCC4=CC(=O)CCC4(C)C3C(=O)CC21C,aqueous_solubility,log10(mol/L),train,,-4.210000038146973,-2.9991657595912278,-4.301069979870155,-1.697261539312301,random,2034,node_gnn,node_gnn,none,none,721e3c494613d3aa378fb20e47d69b51245b538e
esol,1111a5f49bc2a21c,CC(=O)OCC(=O)C1(O)CCC2C3CCC4=CC(=O)CCC4(C)C3C(O)CC21C,aqueous_solubility,log10(mol/L),train,,-4.880000114440918,-4.60138607059895,-5.9032902908778775,-3.2994818503200234,random,2034,node_gnn,node_gnn,none,none,721e3c494613d3aa378fb20e47d69b51245b538e
esol,db58b19853161161,CC(=O)OCC(=O)C1CCC2C3CCC4=CC(=O)CCC4(C)C3CCC12C,aqueous_solubility,log10(mol/L),calibration,,-4.630000114440918,-4.3093567028656565,-5.611260923144584,-3.0074524825867295,random,2034,node_gnn,node_gnn,none,none,721e3c494613d3aa378fb20e47d69b51245b538e
esol,c802460f2e388f09,CC(=O)OCC(C)C,aqueous_solubility,log10(mol/L),train,,-1.2100000381469727,-3.4949218398810467,-4.796826060159973,-2.19301761960212,random,2034,node_gnn,node_gnn,none,none,721e3c494613d3aa378fb20e47d69b51245b538e
esol,55bc84385f2305fc,CC(=O)OCC(COC(C)=O)OC(C)=O,aqueous_solubility,log10(mol/L),train,,-0.6000000238418579,-0.5607675451198832,-1.86267176539881,0.7411366751590436,random,2034,node_gnn,node_gnn,none,none,721e3c494613d3aa378fb20e47d69b51245b538e
esol,3105d2c69d258f40,CC(=O)OCCC(C)C,aqueous_solubility,log10(mol/L),train,,-1.9199999570846558,-6.636927733590616,-7.938831953869543,-5.335023513311689,random,2034,node_gnn,node_gnn,none,none,721e3c494613d3aa378fb20e47d69b51245b538e
esol,78eea6db86aaac00,CC(=O)OCN1C(=O)NC(c2ccccc2)(c2ccccc2)C1=O,aqueous_solubility,log10(mol/L),calibration,,-4.46999979019165,-5.300537490622904,-6.602441710901831,-3.9986332703439773,random,2034,node_gnn,node_gnn,none,none,721e3c494613d3aa378fb20e47d69b51245b538e
esol,f38d027d6672664b,CC(=O)SC1CC2=CC(=O)CCC2(C)C2CCC3(C)C(CCC34CCC(=O)O4)C12,aqueous_solubility,log10(mol/L),train,,-4.172999858856201,-1.9926002444725115,-3.294504464751438,-0.6906960241935847,random,2034,node_gnn,node_gnn,none,none,721e3c494613d3aa378fb20e47d69b51245b538e
esol,1ab070a2f685565e,CC(=O)c1ccccc1,aqueous_solubility,log10(mol/L),calibration,,-1.2799999713897705,-1.2201363312062603,-2.522040551485187,0.08176788907266652,random,2034,node_gnn,node_gnn,none,none,721e3c494613d3aa378fb20e47d69b51245b538e
esol,a011ab9a0bd7406b,CC(C)(C)C(=O)C(Oc1ccc(Cl)cc1)n1cncn1,aqueous_solubility,log10(mol/L),validation,,-3.609999895095825,-2.934406574898186,-4.236310795177113,-1.6325023546192592,random,2034,node_gnn,node_gnn,none,none,721e3c494613d3aa378fb20e47d69b51245b538e
esol,6a037e1d876a10c4,CC(C)(C)CCO,aqueous_solubility,log10(mol/L),train,,-0.5,-1.990525762370826,-3.292429982649753,-0.6886215420918991,random,2034,node_gnn,node_gnn,none,none,721e3c494613d3aa378fb20e47d69b51245b538e
esol,8316fd00a391507c,CC(C)(C)CO,aqueous_solubility,log10(mol/L),validation,,-0.4000000059604645,-0.38913792227777844,-1.6910421425567053,0.9127662980011484,random,2034,node_gnn,node_gnn,none,none,721e3c494613d3aa378fb20e47d69b51245b538e
esol,4eb3d1ec75b7d913,CC(C)(C)Cc1ccccc1,aqueous_solubility,log10(mol/L),train,,-4.150000095367432,-0.6748887909550993,-1.9767930112340262,0.6270154293238275,random,2034,node_gnn,node_gnn,none,none,721e3c494613d3aa378fb20e47d69b51245b538e
esol,5dfc781ddbce9df5,CC(C)(C)c1ccc(O)cc1,aqueous_solubility,log10(mol/L),train,,-2.4100000858306885,-2.4582064620323534,-3.7601106823112804,-1.1563022417534266,random,2034,node_gnn,node_gnn,none,none,721e3c494613d3aa378fb20e47d69b51245b538e
esol,ca95101160b65379,CC(C)(C)c1ccccc1,aqueous_solubility,log10(mol/L),train,,-3.6600000858306885,-5.953309018497325,-7.2552132387762525,-4.651404798218398,random,2034,node_gnn,node_gnn,none,none,721e3c494613d3aa378fb20e47d69b51245b538e
esol,adff35ec9beff070,CC(C)=CC1C(C(=O)OCc2cccc(Oc3ccccc3)c2)C1(C)C,aqueous_solubility,log10(mol/L),train,,-5.239999771118164,-5.895022198077931,-7.196926418356858,-4.593117977799004,random,2034,node_gnn,node_gnn,none,none,721e3c494613d3aa378fb20e47d69b51245b538e
esol,e13f7769f4919957,CC(C)=CCC/C(C)=C\CO,aqueous_solubility,log10(mol/L),train,,-2.4600000381469727,-3.0003668384987057,-4.302271058777633,-1.6984626182197788,random,2034,node_gnn,node_gnn,none,none,721e3c494613d3aa378fb20e47d69b51245b538e
esol,40ac45a42a9ad758,CC(C)=CCC1(C(C)C)C(=O)NC(=O)NC1=O,aqueous_solubility,log10(mol/L),train,,-2.5929999351501465,-2.350783880830646,-3.6526881011095726,-1.0488796605517192,random,2034,node_gnn,node_gnn,none,none,721e3c494613d3aa378fb20e47d69b51245b538e
esol,c898ecabb1da3e61,CC(C)=CCCC(C)=CC=O,aqueous_solubility,log10(mol/L),train,,-2.059999942779541,-2.759774837315084,-4.061679057594011,-1.4578706170361573,random,2034,node_gnn,node_gnn,none,none,721e3c494613d3aa378fb20e47d69b51245b538e
esol,535c5d28e4e559d3,CC(C)Br,aqueous_solubility,log10(mol/L),train,,-1.590000033378601,-4.081090475133317,-5.382994695412244,-2.77918625485439,random,2034,node_gnn,node_gnn,none,none,721e3c494613d3aa378fb20e47d69b51245b538e
esol,95987bd68786d9ee,CC(C)C,aqueous_solubility,log10(mol/L),train,,-2.549999952316284,-0.05601683329730722,-1.357921053576234,1.2458873869816196,random,2034,node_gnn,node_gnn,none,none,721e3c494613d3aa378fb20e47d69b51245b538e
esol,e4f469dfbe6c7248,CC(C)C(=O)C(C)C,aqueous_solubility,log10(mol/L),train,,-1.2999999523162842,-2.9186043227514102,-4.220508543030337,-1.6167001024724834,random,2034,node_gnn,node_gnn,none,none,721e3c494613d3aa378fb20e47d69b51245b538e
esol,801fb00fd3e0c4d5,CC(C)C(C(=O)OC(C#N)c1cccc(Oc2ccccc2)c1)c1ccc(OC(F)F)cc1,aqueous_solubility,log10(mol/L),train,,-6.875999927520752,-4.094484821858524,-5.396389042137451,-2.792580601579597,random,2034,node_gnn,node_gnn,none,none,721e3c494613d3aa378fb20e47d69b51245b538e
esol,971a2d381549e1b6,CC(C)C(C)(C)C,aqueous_solubility,log10(mol/L),validation,,-4.360000133514404,-3.6349857314731344,-4.936889951752061,-2.333081511194208,random,2034,node_gnn,node_gnn,none,none,721e3c494613d3aa378fb20e47d69b51245b538e
esol,9930f08568272bf1,CC(C)C(C)C,aqueous_solubility,log10(mol/L),train,,-3.6500000953674316,-8.023442077133051,-9.325346297411977,-6.721537856854124,random,2034,node_gnn,node_gnn,none,none,721e3c494613d3aa378fb20e47d69b51245b538e
esol,c18974050e7ee138,CC(C)C(C)C(C)C,aqueous_solubility,log10(mol/L),train,,-4.800000190734863,-3.890183628253921,-5.192087848532847,-2.5882794079749942,random,2034,node_gnn,node_gnn,none,none,721e3c494613d3aa378fb20e47d69b51245b538e
esol,978ea76b5feb1686,CC(C)C(C)O,aqueous_solubility,log10(mol/L),test,,-0.18000000715255737,-0.5002346221721314,-1.8021388424510583,0.8016695981067954,random,2034,node_gnn,node_gnn,none,none,721e3c494613d3aa378fb20e47d69b51245b538e
esol,e2b7150c83e31acf,CC(C)C(Nc1ccc(C(F)(F)F)cc1Cl)C(=O)OC(C#N)c1cccc(Oc2ccccc2)c1,aqueous_solubility,log10(mol/L),test,,-8.003000259399414,-6.897753251813551,-8.199657472092477,-5.595849031534624,random,2034,node_gnn,node_gnn,none,none,721e3c494613d3aa378fb20e47d69b51245b538e
esol,32ad98a585def53e,CC(C)C(O)C(C)C,aqueous_solubility,log10(mol/L),train,,-1.2200000286102295,-1.8884219231250305,-3.1903261434039574,-0.5865177028461037,random,2034,node_gnn,node_gnn,none,none,721e3c494613d3aa378fb20e47d69b51245b538e
esol,bb33156a890031e5,CC(C)C1(C(C)C)C(=O)NC(=O)NC1=O,aqueous_solubility,log10(mol/L),calibration,,-2.7660000324249268,-2.212360014416533,-3.5142642346954602,-0.9104557941376064,random,2034,node_gnn,node_gnn,none,none,721e3c494613d3aa378fb20e47d69b51245b538e
esol,a9f5cc2dbef55d82,CC(C)CBr,aqueous_solubility,log10(mol/L),train,,-2.430000066757202,-4.797713252264675,-6.099617472543602,-3.4958090319857478,random,2034,node_gnn,node_gnn,none,none,721e3c494613d3aa378fb20e47d69b51245b538e
esol,9767ef661176963a,CC(C)CC(C)(C)C,aqueous_solubility,log10(mol/L),calibration,,-4.739999771118164,-4.358775680847378,-5.660679901126305,-3.056871460568451,random,2034,node_gnn,node_gnn,none,none,721e3c494613d3aa378fb20e47d69b51245b538e
esol,65c6ae561970a8f6,CC(C)CC(C)(C)O,aqueous_solubility,log10(mol/L),train,,-0.9200000166893005,-2.1800005542272327,-3.4819047745061598,-0.8780963339483059,random,2034,node_gnn,node_gnn,none,none,721e3c494613d3aa378fb20e47d69b51245b538e
esol,fc51136a8a654d34,CC(C)CC(C)C,aqueous_solubility,log10(mol/L),train,,-4.260000228881836,-1.4146485119078012,-2.716552732186728,-0.11274429162887434,random,2034,node_gnn,node_gnn,none,none,721e3c494613d3aa378fb20e47d69b51245b538e
esol,007b2ee5ac048d20,CC(C)CC(C)O,aqueous_solubility,log10(mol/L),test,,-0.800000011920929,-0.9945087830680679,-2.296413003346995,0.30739543721085894,random,2034,node_gnn,node_gnn,none,none,721e3c494613d3aa378fb20e47d69b51245b538e
esol,2774ef2a0e9764fc,CC(C)CCC(C)(C)C,aqueous_solubility,log10(mol/L),train,,-5.050000190734863,-2.3838712676305396,-3.685775487909466,-1.0819670473516128,random,2034,node_gnn,node_gnn,none,none,721e3c494613d3aa378fb20e47d69b51245b538e
esol,adfdc3a538b6bc95,CC(C)CCCCCOC(=O)c1ccccc1C(=O)OCCCCCC(C)C,aqueous_solubility,log10(mol/L),calibration,,-6.63700008392334,-5.916138345550177,-7.218042565829104,-4.61423412527125,random,2034,node_gnn,node_gnn,none,none,721e3c494613d3aa378fb20e47d69b51245b538e
esol,326152527f8ef260,CC(C)CCCO,aqueous_solubility,log10(mol/L),train,,-1.1399999856948853,-4.36678877651123,-5.668692996790157,-3.064884556232303,random,2034,node_gnn,node_gnn,none,none,721e3c494613d3aa378fb20e47d69b51245b538e
esol,e72c942c9f10c105,CC(C)CCO,aqueous_solubility,log10(mol/L),train,,-0.5099999904632568,-3.589419079057228,-4.891323299336155,-2.2875148587783007,random,2034,node_gnn,node_gnn,none,none,721e3c494613d3aa378fb20e47d69b51245b538e
esol,580633e5949870be,CC(C)CCOC=O,aqueous_solubility,log10(mol/L),train,,-1.5199999809265137,-4.47141385776739,-5.773318078046317,-3.1695096374884626,random,2034,node_gnn,node_gnn,none,none,721e3c494613d3aa378fb20e47d69b51245b538e
esol,044d6817573e4ec1,CC(C)CCl,aqueous_solubility,log10(mol/L),test,,-2.0,-2.171329311003893,-3.47323353128282,-0.8694250907249661,random,2034,node_gnn,node_gnn,none,none,721e3c494613d3aa378fb20e47d69b51245b538e
esol,c7e2af3674efd1e5,CC(C)CNC(=O)N1CCNC1=O,aqueous_solubility,log10(mol/L),train,,-2.1500000953674316,-2.0017040805309296,-3.3036083008098567,-0.6997998602520028,random,2034,node_gnn,node_gnn,none,none,721e3c494613d3aa378fb20e47d69b51245b538e
esol,41c39e97374aea92,CC(C)CO,aqueous_solubility,log10(mol/L),train,,0.10000000149011612,-1.6670171571000159,-2.9689213773789427,-0.36511293682108903,random,2034,node_gnn,node_gnn,none,none,721e3c494613d3aa378fb20e47d69b51245b538e
esol,a5b3130b9ae3a50f,CC(C)COC=O,aqueous_solubility,log10(mol/L),calibration,,-1.0099999904632568,-1.2329555444523679,-2.5348597647312947,0.06894867582655895,random,2034,node_gnn,node_gnn,none,none,721e3c494613d3aa378fb20e47d69b51245b538e
esol,89b6828cf758e524,CC(C)Cc1ccccc1,aqueous_solubility,log10(mol/L),train,,-4.119999885559082,-6.975776545572746,-8.277680765851672,-5.673872325293819,random,2034,node_gnn,node_gnn,none,none,721e3c494613d3aa378fb20e47d69b51245b538e
esol,6a779f0d95ea7e4a,CC(C)Cl,aqueous_solubility,log10(mol/L),train,,-1.409999966621399,-3.9457297412947394,-5.2476339615736665,-2.6438255210158124,random,2034,node_gnn,node_gnn,none,none,721e3c494613d3aa378fb20e47d69b51245b538e
esol,24f73c6fe92d75d5,CC(C)I,aqueous_solubility,log10(mol/L),train,,-2.0899999141693115,-3.8546214773868757,-5.156525697665803,-2.5527172571079486,random,2034,node_gnn,node_gnn,none,none,721e3c494613d3aa378fb20e47d69b51245b538e
esol,277fa10e772d1085,CC(C)N(C(=O)CCl)c1ccccc1,aqueous_solubility,log10(mol/L),train,,-2.4800000190734863,-4.4911886070604226,-5.79309282733935,-3.1892843867814955,random,2034,node_gnn,node_gnn,none,none,721e3c494613d3aa378fb20e47d69b51245b538e
esol,bfb579ee7985265c,CC(C)N(C(=O)SCC(Cl)=C(Cl)Cl)C(C)C,aqueous_solubility,log10(mol/L),test,,-4.880000114440918,-3.9470839395492217,-5.248988159828149,-2.6451797192702946,random,2034,node_gnn,node_gnn,none,none,721e3c494613d3aa378fb20e47d69b51245b538e
esol,70d46896362ebbb7,CC(C)N(C(=O)SCC(Cl)=CCl)C(C)C,aqueous_solubility,log10(mol/L),train,,-4.285999774932861,-3.8033775566349357,-5.105281776913863,-2.5014733363560087,random,2034,node_gnn,node_gnn,none,none,721e3c494613d3aa378fb20e47d69b51245b538e
esol,7e3c17dbde2fb402,CC(C)NC(=O)N1CC(=O)N(c2cc(Cl)cc(Cl)c2)C1=O,aqueous_solubility,log10(mol/L),train,,-4.375999927520752,-0.34743477995947547,-1.6493390002384023,0.9544694403194514,random,2034,node_gnn,node_gnn,none,none,721e3c494613d3aa378fb20e47d69b51245b538e
esol,c6b4be5527562b2b,CC(C)Nc1nc(Cl)nc(NC(C)C)n1,aqueous_solubility,log10(mol/L),train,,-4.429999828338623,-1.0487755099448148,-2.3506797302237414,0.253128710334112,random,2034,node_gnn,node_gnn,none,none,721e3c494613d3aa378fb20e47d69b51245b538e
esol,cda3c19cb61dcf61,CC(C)O,aqueous_solubility,log10(mol/L),train,,0.4300000071525574,-4.603370703628599,-5.905274923907526,-3.301466483349672,random,2034,node_gnn,node_gnn,none,none,721e3c494613d3aa378fb20e47d69b51245b538e
esol,29b5883563652a4a,CC(C)OC(=O)C(O)(c1ccc(Br)cc1)c1ccc(Br)cc1,aqueous_solubility,log10(mol/L),test,,-4.929999828338623,-4.946309077523043,-6.24821329780197,-3.6444048572441163,random,2034,node_gnn,node_gnn,none,none,721e3c494613d3aa378fb20e47d69b51245b538e
esol,3a93ce33b34309ec,CC(C)OC(=O)C(O)(c1ccc(Cl)cc1)c1cccc(Cl)c1,aqueous_solubility,log10(mol/L),test,,-4.53000020980835,-4.685458953330173,-5.9873631736091,-3.3835547330512457,random,2034,node_gnn,node_gnn,none,none,721e3c494613d3aa378fb20e47d69b51245b538e
esol,fe1b8ef4223e48b9,CC(C)OC(=O)Nc1cccc(Cl)c1,aqueous_solubility,log10(mol/L),validation,,-3.380000114440918,-3.5174329470125163,-4.819337167291443,-2.2155287267335897,random,2034,node_gnn,node_gnn,none,none,721e3c494613d3aa378fb20e47d69b51245b538e
esol,c058498368b6f45f,CC(C)OC(C)C,aqueous_solubility,log10(mol/L),calibration,,-1.100000023841858,-1.4671295661481663,-2.769033786427093,-0.16522534586923943,random,2034,node_gnn,node_gnn,none,none,721e3c494613d3aa378fb20e47d69b51245b538e
esol,64969de570667f54,CC(C)OC=O,aqueous_solubility,log10(mol/L),train,,-0.6299999952316284,-2.0581092898857096,-3.3600135101646362,-0.7562050696067828,random,2034,node_gnn,node_gnn,none,none,721e3c494613d3aa378fb20e47d69b51245b538e
esol,a4f756df109453e5,CC(C)OP(=S)(OC(C)C)SCCNS(=O)(=O)c1ccccc1,aqueous_solubility,log10(mol/L),train,,-4.199999809265137,-3.6740958022324746,-4.976000022511402,-2.3721915819535475,random,2034,node_gnn,node_gnn,none,none,721e3c494613d3aa378fb20e47d69b51245b538e
esol,ee085d3f01995af6,CC(C)Oc1cc(-n2nc(C(C)(C)C)oc2=O)c(Cl)cc1Cl,aqueous_solubility,log10(mol/L),train,,-5.696000099182129,-8.34210529468777,-9.644009514966696,-7.040201074408842,random,2034,node_gnn,node_gnn,none,none,721e3c494613d3aa378fb20e47d69b51245b538e
esol,76ccfd6237ac9890,CC(C)SC(C)C,aqueous_solubility,log10(mol/L),train,,-2.240000009536743,-6.415844833535971,-7.717749053814898,-5.113940613257044,random,2034,node_gnn,node_gnn,none,none,721e3c494613d3aa378fb20e47d69b51245b538e
esol,a33de185411c9169,CC(C)[N+](=O)[O-],aqueous_solubility,log10(mol/L),validation,,-0.6200000047683716,-0.6555462616794179,-1.9574504819583447,0.646357958599509,random,2034,node_gnn,node_gnn,none,none,721e3c494613d3aa378fb20e47d69b51245b538e
esol,5bf16fbdd33fd7e5,CC(C)c1ccc(NC(=O)N(C)C)cc1,aqueous_solubility,log10(mol/L),train,,-3.5360000133514404,-2.2587476736020315,-3.5606518938809586,-0.9568434533231047,random,2034,node_gnn,node_gnn,none,none,721e3c494613d3aa378fb20e47d69b51245b538e
esol,ebcaf3b06d31e23c,CC(C)c1ccccc1,aqueous_solubility,log10(mol/L),validation,,-3.2699999809265137,-3.186630628948886,-4.488534849227813,-1.884726408669959,random,2034,node_gnn,node_gnn,none,none,721e3c494613d3aa378fb20e47d69b51245b538e
esol,e826c8452f856a21,CC(Cl)(Cl)Cl,aqueous_solubility,log10(mol/L),train,,-2.0,-3.3782139225245027,-4.68011814280343,-2.0763097022455757,random,2034,node_gnn,node_gnn,none,none,721e3c494613d3aa378fb20e47d69b51245b538e
esol,ae412188d225d1ff,CC(Cl)CCl,aqueous_solubility,log10(mol/L),test,,-1.600000023841858,-1.687491436720156,-2.9893956569990827,-0.38558721644122906,random,2034,node_gnn,node_gnn,none,none,721e3c494613d3aa378fb20e47d69b51245b538e
esol,6fc705daaa981f1c,CC(Cl)Cl,aqueous_solubility,log10(mol/L),validation,,-1.2899999618530273,-1.256903863918708,-2.5588080841976346,0.04500035636021882,random,2034,node_gnn,node_gnn,none,none,721e3c494613d3aa378fb20e47d69b51245b538e
esol,ca06354cc736b665,CC(N)=O,aqueous_solubility,log10(mol/L),calibration,,1.5800000429153442,0.7862492457730141,-0.5156549745059127,2.088153466051941,random,2034,node_gnn,node_gnn,none,none,721e3c494613d3aa378fb20e47d69b51245b538e
esol,ac8678e7da550080,CC(O)C(C)(C)C,aqueous_solubility,log10(mol/L),train,,-0.6200000047683716,-0.00015208537308097902,-1.3020563056520078,1.3017521349058458,random,2034,node_gnn,node_gnn,none,none,721e3c494613d3aa378fb20e47d69b51245b538e
esol,37f42148c61ea59a,CC(O)c1ccccc1,aqueous_solubility,log10(mol/L),calibration,,-0.9200000166893005,-1.26328277521563,-2.5651869954945568,0.0386214450632969,random,2034,node_gnn,node_gnn,none,none,721e3c494613d3aa378fb20e47d69b51245b538e
esol,5a24ac22a4147a29,CC1(C)C(=O)NC(=O)NC1=O,aqueous_solubility,log10(mol/L),train,,-1.7419999837875366,-1.0876631327941315,-2.3895673530730583,0.2142410874847953,random,2034,node_gnn,node_gnn,none,none,721e3c494613d3aa378fb20e47d69b51245b538e
esol,ad73c6a3bc5310b2,CC1(C)C(C(=O)OC(C#N)c2cccc(Oc3ccccc3)c2)C1(C)C,aqueous_solubility,log10(mol/L),validation,,-6.025000095367432,-6.577454855711299,-7.879359075990226,-5.275550635432372,random,2034,node_gnn,node_gnn,none,none,721e3c494613d3aa378fb20e47d69b51245b538e
esol,f4cd15c48a6c1364,CC1(C)C(C=C(Br)Br)C1C(=O)OC(C#N)c1cccc(Oc2ccccc2)c1,aqueous_solubility,log10(mol/L),test,,-8.402000427246094,-6.942376799654504,-8.24428101993343,-5.640472579375577,random,2034,node_gnn,node_gnn,none,none,721e3c494613d3aa378fb20e47d69b51245b538e
esol,b671f3921f45bbf0,CC1(C)C(C=C(Cl)C(F)(F)F)C1C(=O)OC(C#N)c1cccc(Oc2ccccc2)c1,aqueous_solubility,log10(mol/L),train,,-8.175999641418457,-4.284306831290688,-5.586211051569615,-2.9824026110117607,random,2034,node_gnn,node_gnn,none,none,721e3c494613d3aa378fb20e47d69b51245b538e
esol,fe6fc5479a503890,CC1(C)C(C=C(Cl)Cl)C1C(=O)OC(C#N)c1ccc(F)c(Oc2ccccc2)c1,aqueous_solubility,log10(mol/L),train,,-7.336999893188477,-1.8352765076964064,-3.137180727975333,-0.5333722874174796,random,2034,node_gnn,node_gnn,none,none,721e3c494613d3aa378fb20e47d69b51245b538e
esol,2cf7a20f75b7dd82,CC1(C)C(C=C(Cl)Cl)C1C(=O)OC(C#N)c1cccc(Oc2ccccc2)c1,aqueous_solubility,log10(mol/L),calibration,,-8.017000198364258,-7.335614747000182,-8.637518967279108,-6.033710526721255,random,2034,node_gnn,node_gnn,none,none,721e3c494613d3aa378fb20e47d69b51245b538e
esol,4fcaa23e29a00d85,CC1(C)C(C=C(Cl)Cl)C1C(=O)OCc1cccc(Oc2ccccc2)c1,aqueous_solubility,log10(mol/L),validation,,-6.290999889373779,-6.696952133159701,-7.998856353438628,-5.395047912880774,random,2034,node_gnn,node_gnn,none,none,721e3c494613d3aa378fb20e47d69b51245b538e
esol,51653ae53f89ae0c,CC1(C)C2CCC1(C)C(O)C2,aqueous_solubility,log10(mol/L),train,,-2.319999933242798,-10.988503707039593,-12.290407927318519,-9.686599486760667,random,2034,node_gnn,node_gnn,none,none,721e3c494613d3aa378fb20e47d69b51245b538e
esol,db019bf83d05a9d8,CC1(C)CON(Cc2ccccc2Cl)C1=O,aqueous_solubility,log10(mol/L),train,,-2.3380000591278076,0.4322192959761173,-0.8696849243028095,1.7341235162550441,random,2034,node_gnn,node_gnn,none,none,721e3c494613d3aa378fb20e47d69b51245b538e
esol,308633e920b6ab7c,CC1(C)OC2CC3C4CCC5=CC(=O)C=CC5(C)C4(F)C(O)CC3(C)C2(C(=O)CO)O1,aqueous_solubility,log10(mol/L),train,,-4.309999942779541,-3.2980196956110146,-4.599923915889941,-1.9961154753320878,random,2034,node_gnn,node_gnn,none,none,721e3c494613d3aa378fb20e47d69b51245b538e
esol,8bc400d159a3a189,CC12C=CC(=O)C=C1CCC1C2C(O)CC2(C)C1CCC2(O)C(=O)CO,aqueous_solubility,log10(mol/L),train,,-3.180000066757202,-5.077697003533924,-6.379601223812851,-3.775792783254997,random,2034,node_gnn,node_gnn,none,none,721e3c494613d3aa378fb20e47d69b51245b538e
esol,561a6a9236d5f10f,CC12C=CC(=O)C=C1CCC1C3CC(O)C(O)(C(=O)CO)C3(C)CC(O)C12F,aqueous_solubility,log10(mol/L),train,,-3.680000066757202,-8.045585958804118,-9.347490179083044,-6.743681738525191,random,2034,node_gnn,node_gnn,none,none,721e3c494613d3aa378fb20e47d69b51245b538e
esol,06060f1f62be068f,CC12CC(=O)C3C(CCC4=CC(=O)CCC43C)C1CCC2=O,aqueous_solubility,log10(mol/L),train,,-3.4800000190734863,-0.9761595644878143,-2.278063784766741,0.32574465579111256,random,2034,node_gnn,node_gnn,none,none,721e3c494613d3aa378fb20e47d69b51245b538e
esol,eab4b4949a3f41a8,CC12CC1(C)C(=O)N(c1cc(Cl)cc(Cl)c1)C2=O,aqueous_solubility,log10(mol/L),train,,-4.800000190734863,-5.34732512109243,-6.649229341371357,-4.045420900813503,random,2034,node_gnn,node_gnn,none,none,721e3c494613d3aa378fb20e47d69b51245b538e
esol,853813295aac305d,CC12CCC(=O)C=C1CCC1C2C(=O)CC2(C)C1CCC2(O)C(=O)CO,aqueous_solubility,log10(mol/L),train,,-3.109999895095825,-2.021358161153219,-3.323262381432146,-0.7194539408742922,random,2034,node_gnn,node_gnn,none,none,721e3c494613d3aa378fb20e47d69b51245b538e
esol,b030c0b4441d718d,CC12CCC(=O)C=C1CCC1C2C(O)CC2(C)C(C(=O)CO)CCC12,aqueous_solubility,log10(mol/L),train,,-3.240000009536743,-2.188765126154722,-3.4906693464336485,-0.886860905875795,random,2034,node_gnn,node_gnn,none,none,721e3c494613d3aa378fb20e47d69b51245b538e
esol,66ce1fff4359da1b,CC12CCC(=O)C=C1CCC1C2C(O)CC2(C)C1CCC2(O)C(=O)CO,aqueous_solubility,log10(mol/L),train,,-3.0899999141693115,-0.8998368166508297,-2.2017410369297563,0.4020674036280971,random,2034,node_gnn,node_gnn,none,none,721e3c494613d3aa378fb20e47d69b51245b538e
esol,16ed90921e2e8d8e,CC12CCC(=O)C=C1CCC1C2C(O)CC2(C=O)C(C(=O)CO)CCC12,aqueous_solubility,log10(mol/L),train,,-3.8499999046325684,-6.870055131656127,-8.171959351935053,-5.5681509113772,random,2034,node_gnn,node_gnn,none,none,721e3c494613d3aa378fb20e47d69b51245b538e
esol,e9814f0ffa3f1075,CC12CCC(=O)C=C1CCC1C2CCC2(C)C(C(=O)CO)CCC12,aqueous_solubility,log10(mol/L),test,,-3.450000047683716,-3.903905246806527,-5.205809467085454,-2.6020010265276,random,2034,node_gnn,node_gnn,none,none,721e3c494613d3aa378fb20e47d69b51245b538e
esol,6db1181db60789c5,CC12CCC(=O)C=C1CCC1C2CCC2(C)C(O)CCC12,aqueous_solubility,log10(mol/L),train,,-4.019999980926514,-3.1541825158110863,-4.456086736090013,-1.8522782955321595,random,2034,node_gnn,node_gnn,none,none,721e3c494613d3aa378fb20e47d69b51245b538e
esol,a410bd3aa9a97d06,CC12CCC(=O)C=C1CCC1C2CCC2(C)C1CCC2(C)O,aqueous_solubility,log10(mol/L),validation,,-3.999000072479248,-4.604231042668314,-5.906135262947241,-3.3023268223893867,random,2034,node_gnn,node_gnn,none,none,721e3c494613d3aa378fb20e47d69b51245b538e
esol,b37910a504cc939f,CC12CCC(=O)C=C1CCC1C3CCC(O)(C(=O)CO)C3(C)CC(O)C12F,aqueous_solubility,log10(mol/L),train,,-3.430000066757202,-2.561530316219308,-3.863434536498235,-1.259626095940381,random,2034,node_gnn,node_gnn,none,none,721e3c494613d3aa378fb20e47d69b51245b538e
esol,fc86c422a483c072,CC12CCC(C1)C(C)(C)C2=O,aqueous_solubility,log10(mol/L),train,,-1.850000023841858,-9.233927051572786,-10.535831271851713,-7.932022831293859,random,2034,node_gnn,node_gnn,none,none,721e3c494613d3aa378fb20e47d69b51245b538e
esol,1fb8edc59b2eefb0,CC12CCC(CC1)C(C)(C)O2,aqueous_solubility,log10(mol/L),train,,-1.6899999976158142,0.5102875764076189,-0.7916166438713079,1.8121917966865457,random,2034,node_gnn,node_gnn,none,none,721e3c494613d3aa378fb20e47d69b51245b538e
esol,d3c0277d3ba07790,CC12CCC(CC1=O)C2(C)C,aqueous_solubility,log10(mol/L),train,,-1.9600000381469727,-0.08691646354300886,-1.3888206838219357,1.214987756735918,random,2034,node_gnn,node_gnn,none,none,721e3c494613d3aa378fb20e47d69b51245b538e
esol,dccc95418d7103ad,CC12CCC3C(=CCc4cc(O)ccc43)C1CCC2=O,aqueous_solubility,log10(mol/L),train,,-5.2820000648498535,-4.477953329231769,-5.779857549510696,-3.176049108952842,random,2034,node_gnn,node_gnn,none,none,721e3c494613d3aa378fb20e47d69b51245b538e
esol,70d2277f708f35c0,CC12CCC3C(CC=C4CC(O)CCC43C)C1CCC2=O,aqueous_solubility,log10(mol/L),train,,-4.119999885559082,-4.935098945583628,-6.237003165862555,-3.6331947253047012,random,2034,node_gnn,node_gnn,none,none,721e3c494613d3aa378fb20e47d69b51245b538e
esol,3262b47324486ddb,CC12CCC3C(CCC4=CC(=O)CCC43C)C1CCC2=O,aqueous_solubility,log10(mol/L),train,,-3.690000057220459,-7.8304373227715,-9.132341543050426,-6.528533102492573,random,2034,node_gnn,node_gnn,none,none,721e3c494613d3aa378fb20e47d69b51245b538e
esol,5eb9d5702255e00b,CC12CCC3C(CCC4CC(=O)CCC43C)C1CCC2O,aqueous_solubility,log10(mol/L),train,,-4.743000030517578,-3.696204328355832,-4.998108548634759,-2.394300108076905,random,2034,node_gnn,node_gnn,none,none,721e3c494613d3aa378fb20e47d69b51245b538e
esol,d792bed320b4011c,CC12CCC3C(CCC4CC(O)CCC43C)C1CCC2=O,aqueous_solubility,log10(mol/L),train,,-4.2809998989105225,-5.3552303481608075,-6.6571345684397345,-4.05332612788188,random,2034,node_gnn,node_gnn,none,none,721e3c494613d3aa378fb20e47d69b51245b538e
esol,b908be84e83c2496,CC12CCC3C(CCC4CC5SC5CC43C)C1CCC2O,aqueous_solubility,log10(mol/L),validation,,-5.409999847412109,-6.4944442549548675,-7.796348475233795,-5.1925400346759405,random,2034,node_gnn,node_gnn,none,none,721e3c494613d3aa378fb20e47d69b51245b538e
esol,2daaedea250881cb,CC12CCC3c4ccc(O)cc4CCC3C1CC(O)C2O,aqueous_solubility,log10(mol/L),test,,-4.954999923706055,-3.799080335249074,-5.100984555528001,-2.497176114970147,random,2034,node_gnn,node_gnn,none,none,721e3c494613d3aa378fb20e47d69b51245b538e
esol,9b5249c4f004fb08,CC12CCC3c4ccc(O)cc4CCC3C1CCC2=O,aqueous_solubility,log10(mol/L),train,,-3.9549999237060547,-3.6494499408002348,-4.951354161079162,-2.3475457205213077,random,2034,node_gnn,node_gnn,none,none,721e3c494613d3aa378fb20e47d69b51245b538e
esol,549c66ea8743a7af,CC12CCC3c4ccc(O)cc4CCC3C1CCC2O,aqueous_solubility,log10(mol/L),train,,-5.03000020980835,-7.280905982572623,-8.58281020285155,-5.979001762293696,random,2034,node_gnn,node_gnn,none,none,721e3c494613d3aa378fb20e47d69b51245b538e
esol,673567a4582a20ec,CC12CCc3c(ccc4cc(O)ccc34)C1CCC2=O,aqueous_solubility,log10(mol/L),train,,-5.239999771118164,-3.4715540908189806,-4.773458311097907,-2.169649870540054,random,2034,node_gnn,node_gnn,none,none,721e3c494613d3aa378fb20e47d69b51245b538e
esol,6cc22f666ec43b0c,CC1=C(C(=O)Nc2ccccc2)CCCO1,aqueous_solubility,log10(mol/L),train,,-2.559999942779541,-6.2218158246077095,-7.523720044886637,-4.9199116043287825,random,2034,node_gnn,node_gnn,none,none,721e3c494613d3aa378fb20e47d69b51245b538e
esol,2e8679647e9c7af4,CC1=C(C(=O)Nc2ccccc2)S(=O)(=O)CCO1,aqueous_solubility,log10(mol/L),train,,-2.2809998989105225,-8.105821373206286,-9.407725593485212,-6.803917152927359,random,2034,node_gnn,node_gnn,none,none,721e3c494613d3aa378fb20e47d69b51245b538e
esol,b5b4cb2a5e9b9324,CC1=C(C(=O)Nc2ccccc2)SCCO1,aqueous_solubility,log10(mol/L),train,,-3.140000104904175,0.17347310648531034,-1.1284311137936165,1.4753773267642372,random,2034,node_gnn,node_gnn,none,none,721e3c494613d3aa378fb20e47d69b51245b538e
esol,7efcd8aa4b87cc1a,CC1=C2C3OC(=O)C(C)C3CCC2(C)C=CC1=O,aqueous_solubility,log10(mol/L),train,,-3.0899999141693115,-4.861748176388099,-6.163652396667026,-3.559843956109172,random,2034,node_gnn,node_gnn,none,none,721e3c494613d3aa378fb20e47d69b51245b538e
esol,96de9e25198b2092,CC1=CC(=O)CC(C)(C)C1,aqueous_solubility,log10(mol/L),train,,-1.059999942779541,-2.307596551143959,-3.609500771422886,-1.0056923308650323,random,2034,node_gnn,node_gnn,none,none,721e3c494613d3aa378fb20e47d69b51245b538e
esol,f59c469fca861fbf,CC1=CC(=O)c2ccccc2C1=O,aqueous_solubility,log10(mol/L),train,,-3.0299999713897705,1.3801831771737256,0.0782789568947988,2.6820873974526522,random,2034,node_gnn,node_gnn,none,none,721e3c494613d3aa378fb20e47d69b51245b538e
esol,ded0a2c22ffe923c,CC1=CCCCC1,aqueous_solubility,log10(mol/L),validation,,-3.2699999809265137,-3.440499119853989,-4.742403340132916,-2.138594899575062,random,2034,node_gnn,node_gnn,none,none,721e3c494613d3aa378fb20e47d69b51245b538e
esol,ed4c980dd8b4f9e0,CC1CC(C)C(=O)C(C(O)CC2CC(=O)NC(=O)C2)C1,aqueous_solubility,log10(mol/L),test,,-1.1299999952316284,-1.8455659041244454,-3.1474701244033723,-0.5436616838455186,random,2034,node_gnn,node_gnn,none,none,721e3c494613d3aa378fb20e47d69b51245b538e
esol,37ef59ba8bc69fae,CC1CC2C3CC(F)C4=CC(=O)C=CC4(C)C3(F)C(O)CC2(C)C1(O)C(=O)CO,aqueous_solubility,log10(mol/L),train,,-5.61299991607666,-6.033069394315909,-7.334973614594836,-4.731165174036982,random,2034,node_gnn,node_gnn,none,none,721e3c494613d3aa378fb20e47d69b51245b538e
esol,efe337a66ed3ef56,CC1CC2C3CCC4=CC(=O)C=CC4(C)C3(F)C(O)CC2(C)C1(O)C(=O)CO,aqueous_solubility,log10(mol/L),train,,-3.5899999141693115,-1.3374275218955942,-2.6393317421745213,-0.03552330161666739,random,2034,node_gnn,node_gnn,none,none,721e3c494613d3aa378fb20e47d69b51245b538e
esol,990639b2658aeabf,CC1CCC(C(C)C)C(=O)C1,aqueous_solubility,log10(mol/L),train,,-2.3499999046325684,-2.3827344842467757,-3.6846387045257023,-1.0808302639678489,random,2034,node_gnn,node_gnn,none,none,721e3c494613d3aa378fb20e47d69b51245b538e
esol,355260992ae623bd,CC1CCC(C(C)C)C(O)C1,aqueous_solubility,log10(mol/L),validation,,-2.5299999713897705,-2.0353245345431388,-3.337228754822066,-0.733420314264212,random,2034,node_gnn,node_gnn,none,none,721e3c494613d3aa378fb20e47d69b51245b538e
esol,6deb7ea9bd9ff6c3,CC1CCC(C)CC1,aqueous_solubility,log10(mol/L),train,,-4.46999979019165,-2.4446350268871564,-3.7465392471660834,-1.1427308066082296,random,2034,node_gnn,node_gnn,none,none,721e3c494613d3aa378fb20e47d69b51245b538e
esol,7fed54044e7b496d,CC1CCCC1,aqueous_solubility,log10(mol/L),train,,-3.299999952316284,-4.610524578705914,-5.912428798984841,-3.308620358426987,random,2034,node_gnn,node_gnn,none,none,721e3c494613d3aa378fb20e47d69b51245b538e
esol,07b03b234e331841,CC1CCCCC1,aqueous_solubility,log10(mol/L),train,,-3.8499999046325684,0.6912115451662793,-0.6106926751126476,1.993115765445206,random,2034,node_gnn,node_gnn,none,none,721e3c494613d3aa378fb20e47d69b51245b538e
esol,1006f9328e658b00,CC1CCCCC1C,aqueous_solubility,log10(mol/L),calibration,,-4.300000190734863,-4.351870350920927,-5.653774571199854,-3.049966130642,random,2034,node_gnn,node_gnn,none,none,721e3c494613d3aa378fb20e47d69b51245b538e
esol,22f824d41aeea5a5,CC1CCCCC1NC(=O)Nc1ccccc1,aqueous_solubility,log10(mol/L),test,,-4.110000133514404,-4.3616501055171195,-5.663554325796047,-3.0597458852381925,random,2034,node_gnn,node_gnn,none,none,721e3c494613d3aa378fb20e47d69b51245b538e
esol,14cfac60d34ed2f7,CC1CCCO1,aqueous_solubility,log10(mol/L),train,,0.10999999940395355,-4.655198084122191,-5.957102304401118,-3.3532938638432643,random,2034,node_gnn,node_gnn,none,none,721e3c494613d3aa378fb20e47d69b51245b538e
esol,a9d5ebbbd488d8e2,CC1CO1,aqueous_solubility,log10(mol/L),test,,-0.5899999737739563,-0.18473762129426863,-1.4866418415731955,1.1171665989846582,random,2034,node_gnn,node_gnn,none,none,721e3c494613d3aa378fb20e47d69b51245b538e
esol,1d04033e6224d00c,CC1COC2CC3(C)C(CC4C5C=C6CC(O)CCC6(C)CC5CCC43C)OC2C1,aqueous_solubility,log10(mol/L),train,,-7.320000171661377,-1.4764651705597651,-2.7783693908386917,-0.1745609502808383,random,2034,node_gnn,node_gnn,none,none,721e3c494613d3aa378fb20e47d69b51245b538e
esol,85e634af983f15c5,CC1Cc2ccccc2N1NC(=O)c1ccc(Cl)c(S(N)(=O)=O)c1,aqueous_solubility,log10(mol/L),train,,-3.5859999656677246,-3.996570148994252,-5.298474369273179,-2.6946659287153247,random,2034,node_gnn,node_gnn,none,none,721e3c494613d3aa378fb20e47d69b51245b538e
esol,bd2b37eb42bf2e88,CC1OC(OC2C(O)CC(OC3C(O)CC(OC4CCC5(C)C(CCC6C5CC(O)C5(C)C(C7=CC(=O)OC7)CCC65O)C4)OC3C)OC2C)CC(O)C1O,aqueous_solubility,log10(mol/L),train,,-4.080999851226807,-2.9397650530100927,-4.24166927328902,-1.637860832731166,random,2034,node_gnn,node_gnn,none,none,721e3c494613d3aa378fb20e47d69b51245b538e
esol,ac668969e8b9e1f6,CC1OC(OC2C(O)CC(OC3C(O)CC(OC4CCC5(C)C(CCC6C5CCC5(C)C(C7=CC(=O)OC7)CCC65O)C4)OC3C)OC2C)CC(O)C1O,aqueous_solubility,log10(mol/L),train,,-5.293000221252441,-4.534642128603685,-5.836546348882612,-3.232737908324758,random,2034,node_gnn,node_gnn,none,none,721e3c494613d3aa378fb20e47d69b51245b538e
esol,faccd04528716453,CC=C(C(=CC)c1ccc(O)cc1)c1ccc(O)cc1,aqueous_solubility,log10(mol/L),train,,-4.949999809265137,-2.329770133960556,-3.6316743542394825,-1.027865913681629,random,2034,node_gnn,node_gnn,none,none,721e3c494613d3aa378fb20e47d69b51245b538e
esol,9da6816a67862e68,CC=C(C)C,aqueous_solubility,log10(mol/L),train,,-2.559999942779541,-1.8973164841664216,-3.1992207044453487,-0.5954122638874948,random,2034,node_gnn,node_gnn,none,none,721e3c494613d3aa378fb20e47d69b51245b538e
esol,ffbba6f6cfcc8f90,CC=CC=O,aqueous_solubility,log10(mol/L),test,,0.3199999928474426,-0.1642863321005832,-1.46619055237951,1.1376178881783436,random,2034,node_gnn,node_gnn,none,none,721e3c494613d3aa378fb20e47d69b51245b538e
esol,f220362f20674d76,CC=Cc1ccc(OC)cc1,aqueous_solubility,log10(mol/L),validation,,-3.130000114440918,-4.059311147062279,-5.361215367341206,-2.757406926783352,random,2034,node_gnn,node_gnn,none,none,721e3c494613d3aa378fb20e47d69b51245b538e
esol,35cd7d074fa4c41d,CCBr,aqueous_solubility,log10(mol/L),train,,-1.090000033378601,-1.6871032091945066,-2.9890074294734337,-0.3851989889155798,random,2034,node_gnn,node_gnn,none,none,721e3c494613d3aa378fb20e47d69b51245b538e
esol,d4bb7958b02085f6,CCC,aqueous_solubility,log10(mol/L),train,,-1.940000057220459,0.3612638806720385,-0.9406403396068883,1.6631681009509653,random,2034,node_gnn,node_gnn,none,none,721e3c494613d3aa378fb20e47d69b51245b538e
esol,d172035a0575b4f0,CCC#CCC,aqueous_solubility,log10(mol/L),validation,,-1.9900000095367432,-2.3719469412001173,-3.6738511614790443,-1.0700427209211905,random,2034,node_gnn,node_gnn,none,none,721e3c494613d3aa378fb20e47d69b51245b538e
esol,5cc3b635245b012c,CCC#N,aqueous_solubility,log10(mol/L),train,,0.2800000011920929,-6.861481815222227,-8.163386035501153,-5.5595775949433,random,2034,node_gnn,node_gnn,none,none,721e3c494613d3aa378fb20e47d69b51245b538e
esol,0547b83133ec728e,CCC(=C(CC)c1ccc(O)cc1)c1ccc(O)cc1,aqueous_solubility,log10(mol/L),calibration,,-4.070000171661377,-4.659151691836984,-5.961055912115911,-3.3572474715580567,random,2034,node_gnn,node_gnn,none,none,721e3c494613d3aa378fb20e47d69b51245b538e
esol,711e0fc464234636,CCC(=O)CC,aqueous_solubility,log10(mol/L),train,,-0.2800000011920929,-0.20792439841836163,-1.5098286186972885,1.0939798218605652,random,2034,node_gnn,node_gnn,none,none,721e3c494613d3aa378fb20e47d69b51245b538e
esol,ce30ab4b74767529,CCC(=O)Nc1ccc(Cl)c(Cl)c1,aqueous_solubility,log10(mol/L),train,,-3.0,-4.332076960741578,-5.633981181020505,-3.0301727404626506,random,2034,node_gnn,node_gnn,none,none,721e3c494613d3aa378fb20e47d69b51245b538e
esol,4d970928ff053b01,CCC(=O)OC,aqueous_solubility,log10(mol/L),train,,-0.14000000059604645,-5.908946940155081,-7.210851160434008,-4.607042719876154,random,2034,node_gnn,node_gnn,none,none,721e3c494613d3aa378fb20e47d69b51245b538e
esol,9b12de6fa018a540,CCC(=O)OC1CCC2C3CCC4=CC(=O)CCC4(C)C3CCC12C,aqueous_solubility,log10(mol/L),test,,-5.369999885559082,-5.069426415093778,-6.371330635372705,-3.767522194814851,random,2034,node_gnn,node_gnn,none,none,721e3c494613d3aa378fb20e47d69b51245b538e
esol,e3c14a3a91bcd663,CCC(=O)OCN1C(=O)NC(c2ccccc2)(c2ccccc2)C1=O,aqueous_solubility,log10(mol/L),test,,-4.9070000648498535,-5.271420923289501,-6.573325143568428,-3.969516703010574,random,2034,node_gnn,node_gnn,none,none,721e3c494613d3aa378fb20e47d69b51245b538e
esol,fba8f2ce4dada735,CCC(Br)(CC)C(=O)NC(N)=O,aqueous_solubility,log10(mol/L),calibration,,-2.680000066757202,-1.3780958464782753,-2.680000066757202,-0.0761916261993485,random,2034,node_gnn,node_gnn,none,none,721e3c494613d3aa378fb20e47d69b51245b538e
esol,0552a9e71d6cfea7,CCC(C)(C)C,aqueous_solubility,log10(mol/L),train,,-3.549999952316284,-4.612260666584699,-5.914164886863626,-3.3103564463057715,random,2034,node_gnn,node_gnn,none,none,721e3c494613d3aa378fb20e47d69b51245b538e
esol,a3c5654a10d5a78a,CCC(C)(C)CC,aqueous_solubility,log10(mol/L),test,,-4.230000019073486,-3.47739890965484,-4.7793031299337665,-2.1754946893759133,random,2034,node_gnn,node_gnn,none,none,721e3c494613d3aa378fb20e47d69b51245b538e
esol,9d5b4ee33b32fb0c,CCC(C)(C)CO,aqueous_solubility,log10(mol/L),train,,-1.0399999618530273,-2.8729364503228143,-4.174840670601741,-1.5710322300438875,random,2034,node_gnn,node_gnn,none,none,721e3c494613d3aa378fb20e47d69b51245b538e
esol,531e962faed70e1e,CCC(C)(C)Cl,aqueous_solubility,log10(mol/L),train,,-2.509999990463257,-1.465066392850845,-2.7669706131297716,-0.16316217257191812,random,2034,node_gnn,node_gnn,none,none,721e3c494613d3aa378fb20e47d69b51245b538e
esol,cad4fa1d66a14c52,CCC(C)(C)O,aqueous_solubility,log10(mol/L),train,,0.15000000596046448,-1.8178245371107713,-3.119728757389698,-0.5159203168318445,random,2034,node_gnn,node_gnn,none,none,721e3c494613d3aa378fb20e47d69b51245b538e
esol,646485e6c04cc19e,CCC(C)(O)CC,aqueous_solubility,log10(mol/L),calibration,,-0.36000001430511475,-0.4805359276952621,-1.782440147974189,0.8213682925836647,random,2034,node_gnn,node_gnn,none,none,721e3c494613d3aa378fb20e47d69b51245b538e
esol,4458adc1a90f205f,CCC(C)=O,aqueous_solubility,log10(mol/L),train,,0.5199999809265137,-1.8331423747585134,-3.13504659503744,-0.5312381544795866,random,2034,node_gnn,node_gnn,none,none,721e3c494613d3aa378fb20e47d69b51245b538e
esol,860e76bc1b2205e5,CCC(C)C,aqueous_solubility,log10(mol/L),train,,-3.180000066757202,0.005715320003363278,-1.2961889002755635,1.30761954028229,random,2034,node_gnn,node_gnn,none,none,721e3c494613d3aa378fb20e47d69b51245b538e
esol,7f0540e7d68d0353,CCC(C)C(=O)OC1CC(C)C=C2C=CC(C)C(CCC3CC(O)CC(=O)O3)C21,aqueous_solubility,log10(mol/L),test,,-6.005000114440918,-4.00492803891864,-5.306832259197567,-2.7030238186397133,random,2034,node_gnn,node_gnn,none,none,721e3c494613d3aa378fb20e47d69b51245b538e
esol,11bac5bf3e21f269,CCC(C)C(C)=O,aqueous_solubility,log10(mol/L),calibration,,-0.6700000166893005,-0.40407076348683235,-1.7059749837657592,0.8978334567920945,random,2034,node_gnn,node_gnn,none,none,721e3c494613d3aa378fb20e47d69b51245b538e
esol,6085f1e95eaddcb2,CCC(C)C(C)C,aqueous_solubility,log10(mol/L),validation,,-4.28000020980835,-4.283290902986531,-5.585195123265458,-2.981386682707604,random,2034,node_gnn,node_gnn,none,none,721e3c494613d3aa378fb20e47d69b51245b538e
esol,a5ca898e35932a4d,CCC(C)C1(CC)C(=O)NC(=O)NC1=O,aqueous_solubility,log10(mol/L),train,,-2.390000104904175,0.7052016546181066,-0.5967025656608202,2.007105874897033,random,2034,node_gnn,node_gnn,none,none,721e3c494613d3aa378fb20e47d69b51245b538e
esol,8f174b3984e75df6,CCC(C)CC,aqueous_solubility,log10(mol/L),train,,-3.680000066757202,-1.9629905635597933,-3.26489478383872,-0.6610863432808665,random,2034,node_gnn,node_gnn,none,none,721e3c494613d3aa378fb20e47d69b51245b538e
esol,1e876450195412a0,CCC(C)CCO,aqueous_solubility,log10(mol/L),train,,-0.7099999785423279,-0.7914646687002467,-2.0933688889791737,0.5104395515786802,random,2034,node_gnn,node_gnn,none,none,721e3c494613d3aa378fb20e47d69b51245b538e
esol,aaff60003107c3bd,CCC(C)CO,aqueous_solubility,log10(mol/L),train,,-0.4699999988079071,-4.002252015415576,-5.304156235694503,-2.700347795136649,random,2034,node_gnn,node_gnn,none,none,721e3c494613d3aa378fb20e47d69b51245b538e
esol,d978eec75d4efefd,CCC(C)Cl,aqueous_solubility,log10(mol/L),train,,-1.9600000381469727,-0.32405910852072584,-1.6259633287996527,0.977845111758201,random,2034,node_gnn,node_gnn,none,none,721e3c494613d3aa378fb20e47d69b51245b538e
esol,1f701cf97ca02491,CCC(C)O,aqueous_solubility,log10(mol/L),train,,0.4699999988079071,-1.5596964794101629,-2.86160069968909,-0.25779225913123605,random,2034,node_gnn,node_gnn,none,none,721e3c494613d3aa378fb20e47d69b51245b538e
esol,4b3c75035a4fd961,CCC(C)c1cc([N+](=O)[O-])cc([N+](=O)[O-])c1O,aqueous_solubility,log10(mol/L),test,,-3.380000114440918,-4.00135551305641,-5.303259733335337,-2.699451292777483,random,2034,node_gnn,node_gnn,none,none,721e3c494613d3aa378fb20e47d69b51245b538e
esol,4dd1c7df936dd0ff,CCC(C)n1c(=O)[nH]c(C)c(Br)c1=O,aqueous_solubility,log10(mol/L),train,,-2.5230000019073486,-2.5277973023219014,-3.8297015226008284,-1.2258930820429745,random,2034,node_gnn,node_gnn,none,none,721e3c494613d3aa378fb20e47d69b51245b538e
esol,7964220aaea5eddd,CCC(C=O)CC,aqueous_solubility,log10(mol/L),train,,-1.5199999809265137,-4.169097454784989,-5.471001675063916,-2.867193234506062,random,2034,node_gnn,node_gnn,none,none,721e3c494613d3aa378fb20e47d69b51245b538e
esol,136ed49ee994d858,CCC(CC)CO,aqueous_solubility,log10(mol/L),train,,-1.1699999570846558,-2.0693073673853073,-3.3712115876642343,-0.7674031471063805,random,2034,node_gnn,node_gnn,none,none,721e3c494613d3aa378fb20e47d69b51245b538e
esol,3d69b54547088a18,CCC(O)(CC)CC,aqueous_solubility,log10(mol/L),train,,-0.8500000238418579,-4.0966163450723325,-5.39852056535126,-2.7947121247934055,random,2034,node_gnn,node_gnn,none,none,721e3c494613d3aa378fb20e47d69b51245b538e
esol,1b6616ec4b6c9f5b,CCC(O)C(C)C,aqueous_solubility,log10(mol/L),train,,-0.699999988079071,-0.59160528762302,-1.8935095079019468,0.7102989326559068,random,2034,node_gnn,node_gnn,none,none,721e3c494613d3aa378fb20e47d69b51245b538e
esol,ee3d88894451fd0c,CCC(O)CC,aqueous_solubility,log10(mol/L),calibration,,-0.23999999463558197,-0.5314546271172969,-1.8333588473962237,0.77044959316163,random,2034,node_gnn,node_gnn,none,none,721e3c494613d3aa378fb20e47d69b51245b538e
esol,492e3c56afdd3d65,CCC(c1ccc(O)cc1)C(CC)c1ccc(O)cc1,aqueous_solubility,log10(mol/L),train,,-4.429999828338623,-2.2362924269932183,-3.5381966472721453,-0.9343882067142915,random,2034,node_gnn,node_gnn,none,none,721e3c494613d3aa378fb20e47d69b51245b538e
esol,08bd60ba187c4c76,CCC1(C(C)C)C(=O)NC(=O)NC1=O,aqueous_solubility,log10(mol/L),train,,-2.1790000200271606,-3.3686770276088476,-4.670581247887775,-2.0667728073299205,random,2034,node_gnn,node_gnn,none,none,721e3c494613d3aa378fb20e47d69b51245b538e
esol,f202255d52ab1ec3,CCC1(C)C(=O)NC(=O)NC1=O,aqueous_solubility,log10(mol/L),train,,-1.2280000448226929,-0.959986980066251,-2.261891200345178,0.3419172402126758,random,2034,node_gnn,node_gnn,none,none,721e3c494613d3aa378fb20e47d69b51245b538e
esol,823b22622722d6df,CCC1(C2=CCC3CCC2C3)C(=O)NC(=O)NC1=O,aqueous_solubility,log10(mol/L),test,,-2.696000099182129,-3.4619373818417545,-4.7638416021206815,-2.1600331615628274,random,2034,node_gnn,node_gnn,none,none,721e3c494613d3aa378fb20e47d69b51245b538e
esol,6e86b2759d390dd5,CCC1(C2=CCCCC2)C(=O)NC(=O)NC1=O,aqueous_solubility,log10(mol/L),train,,-2.1700000762939453,-7.350914689397062,-8.652818909675988,-6.049010469118135,random,2034,node_gnn,node_gnn,none,none,721e3c494613d3aa378fb20e47d69b51245b538e
esol,4762407c150120c2,CCC1(CC)C(=O)NC(=O)N(C)C1=O,aqueous_solubility,log10(mol/L),train,,-2.2300000190734863,-0.05376501423048019,-1.355669234509407,1.2481392060484466,random,2034,node_gnn,node_gnn,none,none,721e3c494613d3aa378fb20e47d69b51245b538e
esol,0ab736d75dfa233b,CCC1(CC)C(=O)NC(=O)NC1=O,aqueous_solubility,log10(mol/L),validation,,-2.4000000953674316,-1.7526405887549033,-3.05454480903383,-0.4507363684759764,random,2034,node_gnn,node_gnn,none,none,721e3c494613d3aa378fb20e47d69b51245b538e
esol,af8a1b1e82b5916e,CCC1(CC=C(C)C)C(=O)NC(=O)NC1=O,aqueous_solubility,log10(mol/L),train,,-2.253000020980835,-3.4340347090251697,-4.735938929304097,-2.1321304887462427,random,2034,node_gnn,node_gnn,none,none,721e3c494613d3aa378fb20e47d69b51245b538e
esol,b52cbbd90dba367d,CCC1(CCC(C)C)C(=O)NC(=O)NC1=O,aqueous_solubility,log10(mol/L),test,,-2.562999963760376,-2.11398752138437,-3.4158917416632972,-0.8120833011054434,random,2034,node_gnn,node_gnn,none,none,721e3c494613d3aa378fb20e47d69b51245b538e
esol,645fd10802de397b,CCC1(c2ccccc2)C(=O)NC(=O)NC1=O,aqueous_solubility,log10(mol/L),train,,-2.322000026702881,-1.8423750814776547,-3.1442793017565815,-0.5404708611987279,random,2034,node_gnn,node_gnn,none,none,721e3c494613d3aa378fb20e47d69b51245b538e
esol,8e80310464b10ca4,CCC1(c2ccccc2)C(=O)NCNC1=O,aqueous_solubility,log10(mol/L),train,,-2.640000104904175,0.42368077586333897,-0.8782234444155879,1.7255849961422658,random,2034,node_gnn,node_gnn,none,none,721e3c494613d3aa378fb20e47d69b51245b538e
esol,e1033a252840196d,CCC1(c2ccccc2)CCC(=O)NC1=O,aqueous_solubility,log10(mol/L),train,,-2.3369998931884766,-1.9097201299202846,-3.2116243501992114,-0.6078159096413578,random,2034,node_gnn,node_gnn,none,none,721e3c494613d3aa378fb20e47d69b51245b538e
esol,a55a5ec41782ba07,CCC1CCCCC1,aqueous_solubility,log10(mol/L),train,,-4.25,-4.2426785010627945,-5.544582721341722,-2.9407742807838675,random,2034,node_gnn,node_gnn,none,none,721e3c494613d3aa378fb20e47d69b51245b538e
esol,71227fc0ca5ecb0e,CCC1NC(=O)c2cc(S(N)(=O)=O)c(Cl)cc2N1,aqueous_solubility,log10(mol/L),train,,-3.2899999618530273,-1.7988975753273344,-3.1008017956062615,-0.4969933550484076,random,2034,node_gnn,node_gnn,none,none,721e3c494613d3aa378fb20e47d69b51245b538e
esol,fbbba53affc2f528,CCC=O,aqueous_solubility,log10(mol/L),train,,0.5799999833106995,-9.031786274555781,-10.333690494834707,-7.729882054276854,random,2034,node_gnn,node_gnn,none,none,721e3c494613d3aa378fb20e47d69b51245b538e
esol,99307c59d7dfef35,CCCBr,aqueous_solubility,log10(mol/L),validation,,-1.7300000190734863,-1.84501052998484,-3.146914750263767,-0.5431063097059132,random,2034,node_gnn,node_gnn,none,none,721e3c494613d3aa378fb20e47d69b51245b538e
esol,8744e77d82d027a0,CCCC,aqueous_solubility,log10(mol/L),train,,-2.569999933242798,-5.331578791604599,-6.633483011883526,-4.029674571325672,random,2034,node_gnn,node_gnn,none,none,721e3c494613d3aa378fb20e47d69b51245b538e
esol,50d5afa3055e4398,CCCC(=O)CC,aqueous_solubility,log10(mol/L),train,,-0.8299999833106995,-6.755644330720155,-8.057548550999082,-5.4537401104412275,random,2034,node_gnn,node_gnn,none,none,721e3c494613d3aa378fb20e47d69b51245b538e
esol,c3223a40b30ff2ce,CCCC(=O)CCC,aqueous_solubility,log10(mol/L),calibration,,-1.2999999523162842,-1.3591163173954308,-2.6610205376743576,-0.05721209711650399,random,2034,node_gnn,node_gnn,none,none,721e3c494613d3aa378fb20e47d69b51245b538e
esol,530f34a8c65ac982,CCCC(=O)OC,aqueous_solubility,log10(mol/L),train,,-1.9199999570846558,-2.719280867155734,-4.02118508743466,-1.417376646876807,random,2034,node_gnn,node_gnn,none,none,721e3c494613d3aa378fb20e47d69b51245b538e
esol,c2005837b63a1689,CCCC(=O)OCC,aqueous_solubility,log10(mol/L),validation,,-1.3600000143051147,-1.4430191952434628,-2.74492341552239,-0.14111497496453596,random,2034,node_gnn,node_gnn,none,none,721e3c494613d3aa378fb20e47d69b51245b538e
esol,773f55f0ab7b02ec,CCCC(=O)OCN1C(=O)NC(c2ccccc2)(c2ccccc2)C1=O,aqueous_solubility,log10(mol/L),train,,-5.071000099182129,-0.8168716996570073,-2.118775919935934,0.4850325206219195,random,2034,node_gnn,node_gnn,none,none,721e3c494613d3aa378fb20e47d69b51245b538e
esol,eb02c03a46d859f4,CCCC(C)(C)C,aqueous_solubility,log10(mol/L),train,,-4.360000133514404,-3.8261666615176466,-5.128070881796574,-2.5242624412387196,random,2034,node_gnn,node_gnn,none,none,721e3c494613d3aa378fb20e47d69b51245b538e
esol,14c21e027fff9f63,CCCC(C)(C)CO,aqueous_solubility,log10(mol/L),train,,-1.5199999809265137,-3.750625588180129,-5.052529808459056,-2.448721367901202,random,2034,node_gnn,node_gnn,none,none,721e3c494613d3aa378fb20e47d69b51245b538e
esol,553c0fbe16a4173b,CCCC(C)(C)O,aqueous_solubility,log10(mol/L),test,,-0.49000000953674316,-0.5515084926147504,-1.8534127128936773,0.7503957276641764,random,2034,node_gnn,node_gnn,none,none,721e3c494613d3aa378fb20e47d69b51245b538e
esol,c13aa0325c4d7681,CCCC(C)(COC(N)=O)COC(N)=O,aqueous_solubility,log10(mol/L),train,,-1.8070000410079956,-2.323586579152213,-3.62549079943114,-1.0216823588732862,random,2034,node_gnn,node_gnn,none,none,721e3c494613d3aa378fb20e47d69b51245b538e
esol,705240c8f60cb049,CCCC(C)(O)CC,aqueous_solubility,log10(mol/L),validation,,-0.9800000190734863,-1.0074796088562024,-2.309383829135129,0.29442461142272447,random,2034,node_gnn,node_gnn,none,none,721e3c494613d3aa378fb20e47d69b51245b538e
esol,0148f694c74e1962,CCCC(C)=O,aqueous_solubility,log10(mol/L),test,,-0.1899999976158142,-0.273931528313891,-1.5758357485928178,1.0279726919650358,random,2034,node_gnn,node_gnn,none,none,721e3c494613d3aa378fb20e47d69b51245b538e
esol,2a6bb1427ddc99d3,CCCC(C)C,aqueous_solubility,log10(mol/L),validation,,-3.740000009536743,-3.787243310302893,-5.08914753058182,-2.485339090023966,random,2034,node_gnn,node_gnn,none,none,721e3c494613d3aa378fb20e47d69b51245b538e
esol,6035d42dec3b21aa,CCCC(C)C1(CC)C(=O)NC(=O)NC1=O,aqueous_solubility,log10(mol/L),train,,-2.390000104904175,-1.2714005083879958,-2.5733047286669226,0.03050371189093104,random,2034,node_gnn,node_gnn,none,none,721e3c494613d3aa378fb20e47d69b51245b538e
esol,0bc9361c7a07aa90,CCCC(C)C1(CC)C(=O)NC(=S)NC1=O,aqueous_solubility,log10(mol/L),calibration,,-3.359999895095825,-2.8591800354490866,-4.161084255728014,-1.5572758151701598,random,2034,node_gnn,node_gnn,none,none,721e3c494613d3aa378fb20e47d69b51245b538e
esol,b60aaba75c023587,CCCC(C)CO,aqueous_solubility,log10(mol/L),train,,-1.1100000143051147,-2.3694768373545445,-3.6713810576334716,-1.0675726170756177,random,2034,node_gnn,node_gnn,none,none,721e3c494613d3aa378fb20e47d69b51245b538e
esol,a428353a26a96988,CCCC(C)O,aqueous_solubility,log10(mol/L),calibration,,-0.28999999165534973,-0.6327419955425042,-1.934646215821431,0.6691622247364226,random,2034,node_gnn,node_gnn,none,none,721e3c494613d3aa378fb20e47d69b51245b538e
esol,911ea15ed7d45385,CCCC(O)CC,aqueous_solubility,log10(mol/L),validation,,-0.800000011920929,-1.0496675384912653,-2.3515717587701923,0.25223668178766157,random,2034,node_gnn,node_gnn,none,none,721e3c494613d3aa378fb20e47d69b51245b538e
esol,36679fca2c495432,CCCC(O)CCC,aqueous_solubility,log10(mol/L),train,,-1.399999976158142,-2.9167882965384795,-4.2186925168174065,-1.6148840762595527,random,2034,node_gnn,node_gnn,none,none,721e3c494613d3aa378fb20e47d69b51245b538e
esol,f92375bd7aa00a4e,CCCC1C(=O)N2C(N(C)C)=Nc3ccc(C)cc3N2C1=O,aqueous_solubility,log10(mol/L),train,,-3.5380001068115234,0.7945208283937646,-0.5073833918851622,2.0964250486726916,random,2034,node_gnn,node_gnn,none,none,721e3c494613d3aa378fb20e47d69b51245b538e
esol,ec228ee9c15a775e,CCCC1CCCC1,aqueous_solubility,log10(mol/L),train,,-4.739999771118164,-4.055725634715916,-5.357629854994843,-2.753821414436989,random,2034,node_gnn,node_gnn,none,none,721e3c494613d3aa378fb20e47d69b51245b538e
esol,9eb037d358bcc7a9,CCCC1COC(Cn2cncn2)(c2ccc(Cl)cc2Cl)O1,aqueous_solubility,log10(mol/L),calibration,,-3.493000030517578,-3.103545099596506,-4.405449319875433,-1.8016408793175793,random,2034,node_gnn,node_gnn,none,none,721e3c494613d3aa378fb20e47d69b51245b538e
esol,b3fc3b836b5caee3,CCCC=C(C=O)CC,aqueous_solubility,log10(mol/L),train,,-2.4600000381469727,-1.3359993814587303,-2.637903601737657,-0.03409516117980349,random,2034,node_gnn,node_gnn,none,none,721e3c494613d3aa378fb20e47d69b51245b538e
esol,2b15dc56b70f7e88,CCCC=O,aqueous_solubility,log10(mol/L),train,,-0.009999999776482582,-4.316597817290925,-5.6185020375698524,-3.0146935970119983,random,2034,node_gnn,node_gnn,none,none,721e3c494613d3aa378fb20e47d69b51245b538e
esol,d8934e1ae61ae50b,CCCCBr,aqueous_solubility,log10(mol/L),train,,-2.369999885559082,-2.8089766489712384,-4.110880869250165,-1.5070724286923116,random,2034,node_gnn,node_gnn,none,none,721e3c494613d3aa378fb20e47d69b51245b538e
esol,cdbf47a4c8e3d287,CCCCC,aqueous_solubility,log10(mol/L),train,,-3.180000066757202,-5.051915539307387,-6.353819759586314,-3.7500113190284603,random,2034,node_gnn,node_gnn,none,none,721e3c494613d3aa378fb20e47d69b51245b538e
esol,046f34299e8e0593,CCCCC(=O)CCCC,aqueous_solubility,log10(mol/L),train,,-2.5799999237060547,-4.03041124896414,-5.332315469243067,-2.728507028685213,random,2034,node_gnn,node_gnn,none,none,721e3c494613d3aa378fb20e47d69b51245b538e
esol,d781e9733c524f88,CCCCC(=O)OC,aqueous_solubility,log10(mol/L),train,,-1.340000033378601,-4.017736937540986,-5.319641157819913,-2.7158327172620593,random,2034,node_gnn,node_gnn,none,none,721e3c494613d3aa378fb20e47d69b51245b538e
esol,8186b98ad615d4fa,CCCCC(=O)OC1(C(=O)CO)C(C)CC2C3CCC4=CC(=O)C=CC4(C)C3(F)C(O)CC21C,aqueous_solubility,log10(mol/L),validation,,-4.710000038146973,-4.322414395184017,-5.624318615462944,-3.02051017490509,random,2034,node_gnn,node_gnn,none,none,721e3c494613d3aa378fb20e47d69b51245b538e
esol,1e4a499efcb48181,CCCCC(=O)OCC,aqueous_solubility,log10(mol/L),train,,-2.25,-5.037996389496132,-6.339900609775059,-3.736092169217205,random,2034,node_gnn,node_gnn,none,none,721e3c494613d3aa378fb20e47d69b51245b538e
esol,eb83f6d383b44ecd,CCCCC(=O)OCN1C(=O)NC(c2ccccc2)(c2ccccc2)C1=O,aqueous_solubility,log10(mol/L),train,,-4.677999973297119,-5.164158280892375,-6.466062501171302,-3.8622540606134477,random,2034,node_gnn,node_gnn,none,none,721e3c494613d3aa378fb20e47d69b51245b538e
esol,0063512c4316b02d,CCCCC(C)(C)O,aqueous_solubility,log10(mol/L),train,,-1.0800000429153442,-3.311698890613183,-4.61360311089211,-2.009794670334256,random,2034,node_gnn,node_gnn,none,none,721e3c494613d3aa378fb20e47d69b51245b538e
esol,ca9a40b2ae6d7fac,CCCCC(C)(O)CC,aqueous_solubility,log10(mol/L),train,,-1.600000023841858,-4.512209686012463,-5.81411390629139,-3.210305465733536,random,2034,node_gnn,node_gnn,none,none,721e3c494613d3aa378fb20e47d69b51245b538e
esol,cb1389de78271b03,CCCCC(C)=O,aqueous_solubility,log10(mol/L),train,,-0.800000011920929,-3.593816308798168,-4.895720529077095,-2.2919120885192408,random,2034,node_gnn,node_gnn,none,none,721e3c494613d3aa378fb20e47d69b51245b538e
esol,ee72f0696072d63b,CCCCC(C)CC,aqueous_solubility,log10(mol/L),train,,-5.159999847412109,-1.1003847920685248,-2.4022890123474516,0.20151942821040203,random,2034,node_gnn,node_gnn,none,none,721e3c494613d3aa378fb20e47d69b51245b538e
esol,886e9d2f85b3cb44,CCCCC(C)O,aqueous_solubility,log10(mol/L),test,,-0.8899999856948853,-1.251926374454932,-2.553830594733859,0.04997784582399478,random,2034,node_gnn,node_gnn,none,none,721e3c494613d3aa378fb20e47d69b51245b538e
esol,0838a16aa5ae802e,CCCCC(C=O)CC,aqueous_solubility,log10(mol/L),calibration,,-2.130000114440918,-2.4339137211232034,-3.7358179414021304,-1.1320095008442765,random,2034,node_gnn,node_gnn,none,none,721e3c494613d3aa378fb20e47d69b51245b538e
esol,0ee8c22e174f5540,CCCCC(CC)CO,aqueous_solubility,log10(mol/L),train,,-2.109999895095825,-4.3967578537120975,-5.6986620739910245,-3.0948536334331704,random,2034,node_gnn,node_gnn,none,none,721e3c494613d3aa378fb20e47d69b51245b538e
esol,51a9b8b1d8173760,CCCCC(CC)COC(=O)c1ccccc1C(=O)OCC(CC)CCCC,aqueous_solubility,log10(mol/L),train,,-6.960000038146973,-1.5081103119854833,-2.81001453226441,-0.20620609170655646,random,2034,node_gnn,node_gnn,none,none,721e3c494613d3aa378fb20e47d69b51245b538e
esol,3a73360948f6d478,CCCCC(O)CC,aqueous_solubility,log10(mol/L),train,,-1.4700000286102295,-1.420062446656494,-2.7219666669354208,-0.11815822637756712,random,2034,node_gnn,node_gnn,none,none,721e3c494613d3aa378fb20e47d69b51245b538e
esol,b368fff92897feb5,CCCCC1(CC)C(=O)NC(=O)NC1=O,aqueous_solubility,log10(mol/L),train,,-1.6610000133514404,-1.6974869285072987,-2.9993911487862253,-0.3955827082283718,random,2034,node_gnn,node_gnn,none,none,721e3c494613d3aa378fb20e47d69b51245b538e
esol,697b7adfb97e92d9,CCCCC1C(=O)N(c2ccccc2)N(c2ccc(O)cc2)C1=O,aqueous_solubility,log10(mol/L),calibration,,-3.7300000190734863,-4.031663419434192,-5.333567639713119,-2.729759199155265,random,2034,node_gnn,node_gnn,none,none,721e3c494613d3aa378fb20e47d69b51245b538e
esol,9bb878f2acf6502d,CCCCC1C(=O)N(c2ccccc2)N(c2ccccc2)C1=O,aqueous_solubility,log10(mol/L),test,,-3.809999942779541,-4.323596600194102,-5.625500820473029,-3.0216923799151747,random,2034,node_gnn,node_gnn,none,none,721e3c494613d3aa378fb20e47d69b51245b538e
esol,cccde35c98b95e45,CCCCC=O,aqueous_solubility,log10(mol/L),train,,-0.8500000238418579,-3.6688505675049305,-4.970754787783857,-2.366946347226004,random,2034,node_gnn,node_gnn,none,none,721e3c494613d3aa378fb20e47d69b51245b538e
esol,400a2153ad1cc41e,CCCCCBr,aqueous_solubility,log10(mol/L),train,,-3.0799999237060547,-4.625969795743474,-5.927874016022401,-3.324065575464547,random,2034,node_gnn,node_gnn,none,none,721e3c494613d3aa378fb20e47d69b51245b538e
esol,067861bb7f44340e,CCCCCC,aqueous_solubility,log10(mol/L),calibration,,-3.8399999141693115,-4.404513456599655,-5.706417676878582,-3.1026092363207276,random,2034,node_gnn,node_gnn,none,none,721e3c494613d3aa378fb20e47d69b51245b538e
esol,15f1b3f210442886,CCCCCC(=O)OC,aqueous_solubility,log10(mol/L),validation,,-1.8700000047683716,-2.247844246378783,-3.54974846665771,-0.9459400260998561,random,2034,node_gnn,node_gnn,none,none,721e3c494613d3aa378fb20e47d69b51245b538e
esol,f0c3620530b2fea4,CCCCCC(=O)OCC,aqueous_solubility,log10(mol/L),train,,-2.3499999046325684,-2.3755909859295086,-3.6774952062084356,-1.0736867656505817,random,2034,node_gnn,node_gnn,none,none,721e3c494613d3aa378fb20e47d69b51245b538e
esol,e5611d7c920e4a9e,CCCCCC(=O)OCN1C(=O)NC(c2ccccc2)(c2ccccc2)C1=O,aqueous_solubility,log10(mol/L),train,,-5.886000156402588,-0.9846993273263469,-2.2866035476052735,0.3172048929525799,random,2034,node_gnn,node_gnn,none,none,721e3c494613d3aa378fb20e47d69b51245b538e
esol,6155649d8540ed94,CCCCCC(C)(C)O,aqueous_solubility,log10(mol/L),train,,-1.7200000286102295,-4.0842680006145375,-5.386172220893465,-2.7823637803356105,random,2034,node_gnn,node_gnn,none,none,721e3c494613d3aa378fb20e47d69b51245b538e
esol,e9eedb31eddae14a,CCCCCC(C)=O,aqueous_solubility,log10(mol/L),test,,-1.4500000476837158,-1.4724106535137222,-2.7743148737926493,-0.17050643323479542,random,2034,node_gnn,node_gnn,none,none,721e3c494613d3aa378fb20e47d69b51245b538e
esol,66316631fd660d13,CCCCCC(C)C,aqueous_solubility,log10(mol/L),train,,-5.079999923706055,-3.246070823140865,-4.547975043419791,-1.944166602861938,random,2034,node_gnn,node_gnn,none,none,721e3c494613d3aa378fb20e47d69b51245b538e
esol,da7e9d52660f7666,CCCCCC(C)O,aqueous_solubility,log10(mol/L),train,,-1.5499999523162842,-10.446630540029135,-11.748534760308061,-9.144726319750209,random,2034,node_gnn,node_gnn,none,none,721e3c494613d3aa378fb20e47d69b51245b538e
esol,04583283814a1149,CCCCCC(O)CC,aqueous_solubility,log10(mol/L),validation,,-1.9800000190734863,-2.0735978780520954,-3.3755020983310224,-0.7716936577731686,random,2034,node_gnn,node_gnn,none,none,721e3c494613d3aa378fb20e47d69b51245b538e
esol,a98e9ddfe0bfb71f,CCCCCC1CCCC1,aqueous_solubility,log10(mol/L),train,,-6.079999923706055,-1.0959030259081468,-2.3978072461870736,0.20600119437078002,random,2034,node_gnn,node_gnn,none,none,721e3c494613d3aa378fb20e47d69b51245b538e
esol,93bc9362240baa5a,CCCCCC=O,aqueous_solubility,log10(mol/L),validation,,-1.2999999523162842,-1.5721113096958146,-2.8740155299747414,-0.27020708941688776,random,2034,node_gnn,node_gnn,none,none,721e3c494613d3aa378fb20e47d69b51245b538e
esol,a6326ae1c933fa1d,CCCCCCBr,aqueous_solubility,log10(mol/L),train,,-3.809999942779541,-4.124731275447756,-5.426635495726683,-2.822827055168829,random,2034,node_gnn,node_gnn,none,none,721e3c494613d3aa378fb20e47d69b51245b538e
esol,0742f60cc0d0b0c5,CCCCCCC,aqueous_solubility,log10(mol/L),test,,-4.53000020980835,-5.186273082780792,-6.488177303059719,-3.884368862501865,random,2034,node_gnn,node_gnn,none,none,721e3c494613d3aa378fb20e47d69b51245b538e
esol,3350712a156b97ee,CCCCCCC(=O)OCC,aqueous_solubility,log10(mol/L),train,,-2.740000009536743,-5.446380802608031,-6.748285022886958,-4.144476582329104,random,2034,node_gnn,node_gnn,none,none,721e3c494613d3aa378fb20e47d69b51245b538e
esol,7056b5401228fc27,CCCCCCC(=O)OCN1C(=O)NC(c2ccccc2)(c2ccccc2)C1=O,aqueous_solubility,log10(mol/L),train,,-6.301000118255615,-5.489609266517185,-6.791513486796112,-4.187705046238258,random,2034,node_gnn,node_gnn,none,none,721e3c494613d3aa378fb20e47d69b51245b538e
esol,59ece8e98d2096e2,CCCCCCC(C)=O,aqueous_solubility,log10(mol/L),calibration,,-2.049999952316284,-1.929324501512401,-3.231228721791328,-0.6274202812334742,random,2034,node_gnn,node_gnn,none,none,721e3c494613d3aa378fb20e47d69b51245b538e
esol,427cbb0dd97d6b50,CCCCCCC(C)O,aqueous_solubility,log10(mol/L),train,,-2.0899999141693115,-7.165147072738366,-8.467051293017292,-5.863242852459439,random,2034,node_gnn,node_gnn,none,none,721e3c494613d3aa378fb20e47d69b51245b538e
esol,b17209ce34398ed5,CCCCCCCBr,aqueous_solubility,log10(mol/L),train,,-4.429999828338623,-6.374824693292242,-7.676728913571169,-5.072920473013315,random,2034,node_gnn,node_gnn,none,none,721e3c494613d3aa378fb20e47d69b51245b538e
esol,2f891eb6fbb926d4,CCCCCCCC,aqueous_solubility,log10(mol/L),train,,-5.239999771118164,-0.45657816351318914,-1.758482383792116,0.8453260567657377,random,2034,node_gnn,node_gnn,none,none,721e3c494613d3aa378fb20e47d69b51245b538e
esol,d4e8db30d372de33,CCCCCCCC(=O)OC,aqueous_solubility,log10(mol/L),train,,-3.1700000762939453,-3.5493909446468845,-4.851295164925811,-2.247486724367958,random,2034,node_gnn,node_gnn,none,none,721e3c494613d3aa378fb20e47d69b51245b538e
esol,bbfb6e5e2f7f210b,CCCCCCCC(=O)OCC,aqueous_solubility,log10(mol/L),train,,-3.390000104904175,-3.0662977698879055,-4.368201990166832,-1.7643935496089787,random,2034,node_gnn,node_gnn,none,none,721e3c494613d3aa378fb20e47d69b51245b538e
esol,fdf14f687f402c1b,CCCCCCCC(=O)OCN1C(=O)NC(c2ccccc2)(c2ccccc2)C1=O,aqueous_solubility,log10(mol/L),train,,-6.5229997634887695,-0.9575482550459746,-2.2594524753249017,0.3443559652329522,random,2034,node_gnn,node_gnn,none,none,721e3c494613d3aa378fb20e47d69b51245b538e
esol,fea1a3023a7fc0ae,CCCCCCCC(C)=O,aqueous_solubility,log10(mol/L),validation,,-2.5799999237060547,-2.4405467077005962,-3.7424509279795233,-1.1386424874216694,random,2034,node_gnn,node_gnn,none,none,721e3c494613d3aa378fb20e47d69b51245b538e
esol,866ae94d1cd7a5b1,CCCCCCCC(C)O,aqueous_solubility,log10(mol/L),train,,-2.740000009536743,-0.045163860739684036,-1.3470680810186109,1.2567403595392428,random,2034,node_gnn,node_gnn,none,none,721e3c494613d3aa378fb20e47d69b51245b538e
esol,0c834b867b0755f7,CCCCCCCCBr,aqueous_solubility,log10(mol/L),validation,,-5.059999942779541,-5.29542939068235,-6.597333610961277,-3.993525170403423,random,2034,node_gnn,node_gnn,none,none,721e3c494613d3aa378fb20e47d69b51245b538e
esol,52907309c5979835,CCCCCCCCC,aqueous_solubility,log10(mol/L),train,,-5.880000114440918,-3.6799226947493278,-4.981826915028255,-2.3780184744704007,random,2034,node_gnn,node_gnn,none,none,721e3c494613d3aa378fb20e47d69b51245b538e
esol,91d1337f64867273,CCCCCCCCC(=O)OC,aqueous_solubility,log10(mol/L),train,,-3.380000114440918,-2.428188172891615,-3.7300923931705414,-1.126283952612688,random,2034,node_gnn,node_gnn,none,none,721e3c494613d3aa378fb20e47d69b51245b538e
esol,91ca518d3bfa05a4,CCCCCCCCC(=O)OCC,aqueous_solubility,log10(mol/L),train,,-3.799999952316284,-2.4193131226445668,-3.7212173429234934,-1.11740890236564,random,2034,node_gnn,node_gnn,none,none,721e3c494613d3aa378fb20e47d69b51245b538e
esol,190307f6f9c5d129,CCCCCCCCC(C)=O,aqueous_solubility,log10(mol/L),test,,-3.299999952316284,-2.967940628402326,-4.269844848681253,-1.6660364081233994,random,2034,node_gnn,node_gnn,none,none,721e3c494613d3aa378fb20e47d69b51245b538e
esol,a3ed57e5c214461b,CCCCCCCCCC(=O)OC,aqueous_solubility,log10(mol/L),train,,-4.690000057220459,-3.737930336828015,-5.039834557106942,-2.4360261165490877,random,2034,node_gnn,node_gnn,none,none,721e3c494613d3aa378fb20e47d69b51245b538e
esol,bacd88176dc73f72,CCCCCCCCCC(=O)OCC,aqueous_solubility,log10(mol/L),train,,-4.099999904632568,-2.6227916007316665,-3.9246958210105936,-1.3208873804527397,random,2034,node_gnn,node_gnn,none,none,721e3c494613d3aa378fb20e47d69b51245b538e
esol,0660e103e7d31762,CCCCCCCCCC(C)O,aqueous_solubility,log10(mol/L),train,,-2.940000057220459,-2.8540809452702507,-4.155985165549177,-1.5521767249913239,random,2034,node_gnn,node_gnn,none,none,721e3c494613d3aa378fb20e47d69b51245b538e
esol,ff455d1cef69469a,CCCCCCCCCCCC(=O)OC,aqueous_solubility,log10(mol/L),test,,-4.690000057220459,-5.387424401552209,-6.689328621831136,-4.0855201812732815,random,2034,node_gnn,node_gnn,none,none,721e3c494613d3aa378fb20e47d69b51245b538e
esol,a980398600f36d4e,CCCCCCCCCCCCCC,aqueous_solubility,log10(mol/L),train,,-7.960000038146973,-3.5937326422867586,-4.895636862565685,-2.291828422007832,random,2034,node_gnn,node_gnn,none,none,721e3c494613d3aa378fb20e47d69b51245b538e
esol,bc312e38ba02802a,CCCCCCCCCCCCCCCC,aqueous_solubility,log10(mol/L),train,,-8.399999618530273,0.2894895090958629,-1.012414711183064,1.5913937293747897,random,2034,node_gnn,node_gnn,none,none,721e3c494613d3aa378fb20e47d69b51245b538e
esol,1a06d4bca85cd592,CCCCCCCCCCCCCCCCCCCC,aqueous_solubility,log10(mol/L),train,,-8.17199993133545,-2.7240676292843657,-4.025971849563293,-1.422163409005439,random,2034,node_gnn,node_gnn,none,none,721e3c494613d3aa378fb20e47d69b51245b538e
esol,384c121c7d12a56a,CCCCCCCCCCCCCCCCCCCCCCCCCC,aqueous_solubility,log10(mol/L),train,,-8.333999633789062,-7.344229321929124,-8.64613354220805,-6.042325101650197,random,2034,node_gnn,node_gnn,none,none,721e3c494613d3aa378fb20e47d69b51245b538e
esol,bc3d0429e3abc793,CCCCCCCCCCCCCCCCCCO,aqueous_solubility,log10(mol/L),calibration,,-8.399999618530273,-6.927626887676486,-8.229531107955413,-5.625722667397559,random,2034,node_gnn,node_gnn,none,none,721e3c494613d3aa378fb20e47d69b51245b538e
esol,c4c342bdb047ff91,CCCCCCCCCCCCCCCCO,aqueous_solubility,log10(mol/L),train,,-7.0,-0.9150930151011574,-2.2169972353800844,0.38681120517776946,random,2034,node_gnn,node_gnn,none,none,721e3c494613d3aa378fb20e47d69b51245b538e
esol,cd68df105e34e541,CCCCCCCCCCCCCCCO,aqueous_solubility,log10(mol/L),train,,-6.349999904632568,-5.362413303020775,-6.664317523299702,-4.060509082741848,random,2034,node_gnn,node_gnn,none,none,721e3c494613d3aa378fb20e47d69b51245b538e
esol,1e9120d9df04f9e6,CCCCCCCCCCCCCCO,aqueous_solubility,log10(mol/L),train,,-5.840000152587891,-4.962742634353013,-6.26464685463194,-3.660838414074086,random,2034,node_gnn,node_gnn,none,none,721e3c494613d3aa378fb20e47d69b51245b538e
esol,de7e37932cf8aac8,CCCCCCCCCCCCO,aqueous_solubility,log10(mol/L),train,,-4.800000190734863,0.010222686314279805,-1.291681533964647,1.3121269065932066,random,2034,node_gnn,node_gnn,none,none,721e3c494613d3aa378fb20e47d69b51245b538e
esol,50df1a057983a774,CCCCCCCCCCO,aqueous_solubility,log10(mol/L),train,,-3.630000114440918,-3.07359457396104,-4.375498794239967,-1.7716903536821131,random,2034,node_gnn,node_gnn,none,none,721e3c494613d3aa378fb20e47d69b51245b538e
esol,0dd85d1472dc7f0a,CCCCCCCCCO,aqueous_solubility,log10(mol/L),test,,-3.009999990463257,-3.7404153533826396,-5.042319573661566,-2.438511133103713,random,2034,node_gnn,node_gnn,none,none,721e3c494613d3aa378fb20e47d69b51245b538e
esol,0f0c5849c0728201,CCCCCCCCO,aqueous_solubility,log10(mol/L),train,,-2.390000104904175,-1.79318824466684,-3.0950924649457665,-0.4912840243879131,random,2034,node_gnn,node_gnn,none,none,721e3c494613d3aa378fb20e47d69b51245b538e
esol,c6dea0f9a59433fd,CCCCCCCCOC(=O)c1ccccc1C(=O)OCCCCCCCC,aqueous_solubility,log10(mol/L),validation,,-5.114999771118164,-6.488876843575516,-7.7907810638544435,-5.186972623296589,random,2034,node_gnn,node_gnn,none,none,721e3c494613d3aa378fb20e47d69b51245b538e
esol,38ee92fb024e7c6a,CCCCCCCCl,aqueous_solubility,log10(mol/L),train,,-4.0,-1.73895370438713,-3.0408579246660565,-0.4370494841082031,random,2034,node_gnn,node_gnn,none,none,721e3c494613d3aa378fb20e47d69b51245b538e
esol,5fa8cd0096eff934,CCCCCCCI,aqueous_solubility,log10(mol/L),train,,-4.809999942779541,-4.2537740536876605,-5.5556782739665875,-2.9518698334087334,random,2034,node_gnn,node_gnn,none,none,721e3c494613d3aa378fb20e47d69b51245b538e
esol,cd059d986249006a,CCCCCCCO,aqueous_solubility,log10(mol/L),calibration,,-1.809999942779541,-2.3666206186171044,-3.6685248388960314,-1.0647163983381775,random,2034,node_gnn,node_gnn,none,none,721e3c494613d3aa378fb20e47d69b51245b538e
esol,858786129af166f6,CCCCCCCl,aqueous_solubility,log10(mol/L),calibration,,-3.119999885559082,-3.85779533682712,-5.159699557106046,-2.5558911165481932,random,2034,node_gnn,node_gnn,none,none,721e3c494613d3aa378fb20e47d69b51245b538e
esol,bff524d4cee6dd13,CCCCCCO,aqueous_solubility,log10(mol/L),train,,-1.2400000095367432,-2.0130550132983087,-3.3149592335772358,-0.7111507930193819,random,2034,node_gnn,node_gnn,none,none,721e3c494613d3aa378fb20e47d69b51245b538e
esol,f99f09834a2307b7,CCCCCCOC(=O)c1ccccc1C(=O)OCCCCCC,aqueous_solubility,log10(mol/L),train,,-6.144000053405762,-3.0759707432736585,-4.3778749635525855,-1.7740665229947317,random,2034,node_gnn,node_gnn,none,none,721e3c494613d3aa378fb20e47d69b51245b538e
esol,33da9a9e495cd260,CCCCCCc1ccc(O)cc1O,aqueous_solubility,log10(mol/L),train,,-2.5899999141693115,-5.6126761494222945,-6.914580369701222,-4.3107719291433675,random,2034,node_gnn,node_gnn,none,none,721e3c494613d3aa378fb20e47d69b51245b538e
esol,4054ea097cbe803b,CCCCCCc1ccccc1,aqueous_solubility,log10(mol/L),train,,-5.210000038146973,-3.6777894317194626,-4.97969365199839,-2.3758852114405355,random,2034,node_gnn,node_gnn,none,none,721e3c494613d3aa378fb20e47d69b51245b538e
esol,3b56245e57457ea4,CCCCCCl,aqueous_solubility,log10(mol/L),train,,-2.7300000190734863,-2.0269603688536915,-3.3288645891326185,-0.7250561485747646,random,2034,node_gnn,node_gnn,none,none,721e3c494613d3aa378fb20e47d69b51245b538e
esol,a58a553e8e375de7,CCCCCO,aqueous_solubility,log10(mol/L),validation,,-0.6000000238418579,-1.12253637863927,-2.4244405989181965,0.1793678416396569,random,2034,node_gnn,node_gnn,none,none,721e3c494613d3aa378fb20e47d69b51245b538e
esol,2406a09c97f56f54,CCCCCOC(=O)CC,aqueous_solubility,log10(mol/L),train,,-1.2799999713897705,-6.176777703455114,-7.478681923734041,-4.874873483176187,random,2034,node_gnn,node_gnn,none,none,721e3c494613d3aa378fb20e47d69b51245b538e
esol,67e3ba13863eb8fe,CCCCCOC(C)=O,aqueous_solubility,log10(mol/L),train,,-1.8899999856948853,-3.9261974477963735,-5.2281016680753005,-2.6242932275174464,random,2034,node_gnn,node_gnn,none,none,721e3c494613d3aa378fb20e47d69b51245b538e
esol,412c3e94bc5f3484,CCCCCc1ccccc1,aqueous_solubility,log10(mol/L),calibration,,-4.639999866485596,-5.020680497380595,-6.322584717659522,-3.718776277101668,random,2034,node_gnn,node_gnn,none,none,721e3c494613d3aa378fb20e47d69b51245b538e
esol,4b17450fdb820e4a,CCCCCl,aqueous_solubility,log10(mol/L),train,,-2.0299999713897705,-1.949014248363839,-3.250918468642766,-0.6471100280849122,random,2034,node_gnn,node_gnn,none,none,721e3c494613d3aa378fb20e47d69b51245b538e
esol,83588fb58bfe7ab9,CCCCI,aqueous_solubility,log10(mol/L),train,,-2.9600000381469727,-3.929794579628539,-5.231698799907466,-2.627890359349612,random,2034,node_gnn,node_gnn,none,none,721e3c494613d3aa378fb20e47d69b51245b538e
esol,6a5cef6cac9b1660,CCCCN(C)C(=O)Nc1ccc(Cl)c(Cl)c1,aqueous_solubility,log10(mol/L),calibration,,-4.769999980926514,-5.008027188022689,-6.309931408301616,-3.706122967743762,random,2034,node_gnn,node_gnn,none,none,721e3c494613d3aa378fb20e47d69b51245b538e
esol,6f272ede992bb6a7,CCCCN(CC)C(=O)SCCC,aqueous_solubility,log10(mol/L),calibration,,-3.5299999713897705,-3.217880925334313,-4.519785145613239,-1.915976705055386,random,2034,node_gnn,node_gnn,none,none,721e3c494613d3aa378fb20e47d69b51245b538e
esol,b9d61b06f115b6ac,CCCCN(CC)c1c([N+](=O)[O-])cc(C(F)(F)F)cc1[N+](=O)[O-],aqueous_solubility,log10(mol/L),train,,-5.53000020980835,-0.772139786130277,-2.0740440064092036,0.5297644341486498,random,2034,node_gnn,node_gnn,none,none,721e3c494613d3aa378fb20e47d69b51245b538e
esol,a86b989f93448443,CCCCNC(=O)n1c(NC(=O)OC)nc2ccccc21,aqueous_solubility,log10(mol/L),train,,-4.882999897003174,-0.8971796204429436,-2.1990838407218707,0.4047245998359832,random,2034,node_gnn,node_gnn,none,none,721e3c494613d3aa378fb20e47d69b51245b538e
esol,29d728fa528693ff,CCCCO,aqueous_solubility,log10(mol/L),train,,0.0,-3.248836742318182,-4.550740962597109,-1.946932522039255,random,2034,node_gnn,node_gnn,none,none,721e3c494613d3aa378fb20e47d69b51245b538e
esol,4220bcb6b0bad406,CCCCOC,aqueous_solubility,log10(mol/L),calibration,,-0.9900000095367432,-1.4339712818439887,-2.7358755021229157,-0.13206706156506187,random,2034,node_gnn,node_gnn,none,none,721e3c494613d3aa378fb20e47d69b51245b538e
esol,0341b123b22addd6,CCCCOC(=O)CCCCCCCCC(=O)OCCCC,aqueous_solubility,log10(mol/L),train,,-3.8959999084472656,-1.3045673674998781,-2.606471587778805,-0.0026631472209512896,random,2034,node_gnn,node_gnn,none,none,721e3c494613d3aa378fb20e47d69b51245b538e
esol,47e93f994dd9b389,CCCCOC(=O)c1ccc(N)cc1,aqueous_solubility,log10(mol/L),train,,-3.0820000171661377,-4.430820469547694,-5.732724689826621,-3.1289162492687668,random,2034,node_gnn,node_gnn,none,none,721e3c494613d3aa378fb20e47d69b51245b538e
esol,d36555332cfcbf7b,CCCCOC(=O)c1ccccc1C(=O)OCCCC,aqueous_solubility,log10(mol/L),train,,-4.400000095367432,-2.4604052167094705,-3.7623094369883976,-1.1585009964305437,random,2034,node_gnn,node_gnn,none,none,721e3c494613d3aa378fb20e47d69b51245b538e
esol,48a64d2e2412d85f,CCCCOC=O,aqueous_solubility,log10(mol/L),train,,-1.3700000047683716,-5.74849836946974,-7.050402589748667,-4.446594149190813,random,2034,node_gnn,node_gnn,none,none,721e3c494613d3aa378fb20e47d69b51245b538e
esol,8af231a36c0747d7,CCCCOCCCC,aqueous_solubility,log10(mol/L),train,,-1.850000023841858,-1.622385531541659,-2.924289751820586,-0.32048131126273227,random,2034,node_gnn,node_gnn,none,none,721e3c494613d3aa378fb20e47d69b51245b538e
esol,f017fe662abba75e,CCCCOCCO,aqueous_solubility,log10(mol/L),test,,-0.41999998688697815,-0.6745748784295582,-1.976479098708485,0.6273293418493686,random,2034,node_gnn,node_gnn,none,none,721e3c494613d3aa378fb20e47d69b51245b538e
esol,55b2c8230f6c76ce,CCCCOCN(C(=O)CCl)c1c(CC)cccc1CC,aqueous_solubility,log10(mol/L),train,,-4.190000057220459,-4.892318484308905,-6.194222704587832,-3.5904142640299783,random,2034,node_gnn,node_gnn,none,none,721e3c494613d3aa378fb20e47d69b51245b538e
esol,b1ca0f86c249367e,CCCCOc1ccc(C(=O)OCC)c(N(CC)CC)c1,aqueous_solubility,log10(mol/L),calibration,,-3.8399999141693115,-5.631104529633099,-6.933008749912026,-4.329200309354172,random,2034,node_gnn,node_gnn,none,none,721e3c494613d3aa378fb20e47d69b51245b538e
esol,3f27633474c9331c,CCCCS,aqueous_solubility,log10(mol/L),test,,-2.180000066757202,-1.8319066082684181,-3.133810828547345,-0.5300023879894913,random,2034,node_gnn,node_gnn,none,none,721e3c494613d3aa378fb20e47d69b51245b538e
esol,a6b160de7573685d,CCCCSP(=O)(SCCCC)SCCCC,aqueous_solubility,log10(mol/L),train,,-5.139999866485596,-3.3870927320169577,-4.688996952295884,-2.085188511738031,random,2034,node_gnn,node_gnn,none,none,721e3c494613d3aa378fb20e47d69b51245b538e
esol,5e1f927897c55829,CCCCc1c(C)nc(N(C)C)nc1O,aqueous_solubility,log10(mol/L),train,,-2.240000009536743,-7.2055739357069815,-8.507478155985908,-5.903669715428054,random,2034,node_gnn,node_gnn,none,none,721e3c494613d3aa378fb20e47d69b51245b538e
esol,b67ef6c2163c44a1,CCCCc1c(C)nc(NCC)[nH]c1=O,aqueous_solubility,log10(mol/L),validation,,-3.0280001163482666,-3.410770447950295,-4.712674668229222,-2.108866227671368,random,2034,node_gnn,node_gnn,none,none,721e3c494613d3aa378fb20e47d69b51245b538e
esol,d3bdeb5ae2ce2d98,CCCCc1c(C)nc(NCC)nc1OS(=O)(=O)N(C)C,aqueous_solubility,log10(mol/L),train,,-4.159999847412109,-3.8862792946152878,-5.188183514894215,-2.5843750743363607,random,2034,node_gnn,node_gnn,none,none,721e3c494613d3aa378fb20e47d69b51245b538e
esol,da48ee1b0addb712,CCCCc1ccccc1,aqueous_solubility,log10(mol/L),train,,-4.059999942779541,-1.5165328857853837,-2.8184371060643105,-0.21462866550645687,random,2034,node_gnn,node_gnn,none,none,721e3c494613d3aa378fb20e47d69b51245b538e
esol,fe77a1079a4db71d,CCCCl,aqueous_solubility,log10(mol/L),train,,-1.4700000286102295,-1.959448546614832,-3.2613527668937587,-0.6575443263359051,random,2034,node_gnn,node_gnn,none,none,721e3c494613d3aa378fb20e47d69b51245b538e
esol,41afd5c9dc6469db,CCCI,aqueous_solubility,log10(mol/L),train,,-2.2899999618530273,-3.658350280516383,-4.96025450079531,-2.356446060237456,random,2034,node_gnn,node_gnn,none,none,721e3c494613d3aa378fb20e47d69b51245b538e
esol,ae1ed14bd61bab1f,CCCN(CCC)c1c([N+](=O)[O-])cc(C(C)C)cc1[N+](=O)[O-],aqueous_solubility,log10(mol/L),test,,-6.489999771118164,-5.776725642253352,-7.078629862532279,-4.474821421974425,random,2034,node_gnn,node_gnn,none,none,721e3c494613d3aa378fb20e47d69b51245b538e
esol,d9aea1b45f7377ec,CCCN(CCC)c1c([N+](=O)[O-])cc(C(F)(F)F)cc1[N+](=O)[O-],aqueous_solubility,log10(mol/L),train,,-5.679999828338623,-3.5464189038691414,-4.848323124148068,-2.2445146835902143,random,2034,node_gnn,node_gnn,none,none,721e3c494613d3aa378fb20e47d69b51245b538e
esol,b7e1fd1651859456,CCCN(CCC)c1c([N+](=O)[O-])cc(S(N)(=O)=O)cc1[N+](=O)[O-],aqueous_solubility,log10(mol/L),validation,,-5.159999847412109,-3.9157653864517386,-5.217669606730666,-2.6138611661728115,random,2034,node_gnn,node_gnn,none,none,721e3c494613d3aa378fb20e47d69b51245b538e
esol,86e90d5049758778,CCCO,aqueous_solubility,log10(mol/L),train,,0.6200000047683716,-5.007167346073276,-6.309071566352203,-3.7052631257943487,random,2034,node_gnn,node_gnn,none,none,721e3c494613d3aa378fb20e47d69b51245b538e
esol,49ec4719ff98e140,CCCOC,aqueous_solubility,log10(mol/L),train,,-0.38999998569488525,-4.254215718420746,-5.556119938699673,-2.9523114981418193,random,2034,node_gnn,node_gnn,none,none,721e3c494613d3aa378fb20e47d69b51245b538e
esol,96ea40966d8e8384,CCCOC(=O)CC,aqueous_solubility,log10(mol/L),calibration,,-0.8199999928474426,-1.1873028954142621,-2.4892071156931888,0.11460132486466468,random,2034,node_gnn,node_gnn,none,none,721e3c494613d3aa378fb20e47d69b51245b538e
esol,a78b4649b8e0c24b,CCCOC(=O)CCC,aqueous_solubility,log10(mol/L),train,,-1.75,-3.083659037027547,-4.385563257306474,-1.7817548167486204,random,2034,node_gnn,node_gnn,none,none,721e3c494613d3aa378fb20e47d69b51245b538e
esol,aabeb9ef9b6c73ef,CCCOC(=O)c1ccc(N)cc1,aqueous_solubility,log10(mol/L),train,,-2.4519999027252197,-3.994931739359757,-5.296835959638684,-2.6930275190808306,random,2034,node_gnn,node_gnn,none,none,721e3c494613d3aa378fb20e47d69b51245b538e
esol,f6c176b746f92d7b,CCCOC(C)=O,aqueous_solubility,log10(mol/L),calibration,,-0.7200000286102295,-0.8973536020485486,-2.1992578223274757,0.4045506182303782,random,2034,node_gnn,node_gnn,none,none,721e3c494613d3aa378fb20e47d69b51245b538e
esol,5c8041e0824c9e19,CCCOC(C)C,aqueous_solubility,log10(mol/L),train,,-1.340000033378601,-4.572570864260968,-5.874475084539895,-3.2706666439820413,random,2034,node_gnn,node_gnn,none,none,721e3c494613d3aa378fb20e47d69b51245b538e
esol,c58c406c10bab020,CCCOC=O,aqueous_solubility,log10(mol/L),train,,-0.49000000953674316,-0.7186585862028356,-2.0205628064817622,0.5832456340760912,random,2034,node_gnn,node_gnn,none,none,721e3c494613d3aa378fb20e47d69b51245b538e
esol,54f4ecd667159550,CCCOCC,aqueous_solubility,log10(mol/L),train,,-0.6600000262260437,-1.462494944720007,-2.7643991649989337,-0.16059072444108025,random,2034,node_gnn,node_gnn,none,none,721e3c494613d3aa378fb20e47d69b51245b538e
esol,7befdae981b64317,CCCOCCC,aqueous_solubility,log10(mol/L),test,,-1.6200000047683716,-1.0321183867516424,-2.334022607030569,0.26978583352728447,random,2034,node_gnn,node_gnn,none,none,721e3c494613d3aa378fb20e47d69b51245b538e
esol,87aef906202e1ace,CCCOP(=S)(OCCC)SCC(=O)N1CCCCC1C,aqueous_solubility,log10(mol/L),train,,-4.150000095367432,-4.540584718888265,-5.842488939167192,-3.2386804986093383,random,2034,node_gnn,node_gnn,none,none,721e3c494613d3aa378fb20e47d69b51245b538e
esol,d1d0163cab01efb4,CCCSCCC,aqueous_solubility,log10(mol/L),train,,-2.5799999237060547,-1.1374876121894877,-2.4393918324684147,0.16441660808943914,random,2034,node_gnn,node_gnn,none,none,721e3c494613d3aa378fb20e47d69b51245b538e
esol,312bea6178167aac,CCC[N+](=O)[O-],aqueous_solubility,log10(mol/L),train,,-0.800000011920929,-2.006063686749658,-3.3079679070285852,-0.7041594664707314,random,2034,node_gnn,node_gnn,none,none,721e3c494613d3aa378fb20e47d69b51245b538e
esol,d53a48903a4a1467,CCCc1ccccc1,aqueous_solubility,log10(mol/L),train,,-3.369999885559082,-4.375910135002785,-5.677814355281712,-3.074005914723858,random,2034,node_gnn,node_gnn,none,none,721e3c494613d3aa378fb20e47d69b51245b538e
esol,301376a68f01135a,CCCl,aqueous_solubility,log10(mol/L),train,,-1.059999942779541,-3.768684381751598,-5.070588602030525,-2.4667801614726708,random,2034,node_gnn,node_gnn,none,none,721e3c494613d3aa378fb20e47d69b51245b538e
esol,9753008d844f22ea,CCI,aqueous_solubility,log10(mol/L),validation,,-1.600000023841858,-2.1070371426493244,-3.4089413629282515,-0.8051329223703976,random,2034,node_gnn,node_gnn,none,none,721e3c494613d3aa378fb20e47d69b51245b538e
esol,085c1fa9c2a1c504,CCN(CC)C(=O)C(C)Oc1cccc2ccccc12,aqueous_solubility,log10(mol/L),test,,-3.569999933242798,-3.2741343202041304,-4.576038540483057,-1.9722300999252036,random,2034,node_gnn,node_gnn,none,none,721e3c494613d3aa378fb20e47d69b51245b538e
esol,812e34c85846a730,CCN(CC)C(=O)C(Cl)=CCOP(=O)(OC)OC,aqueous_solubility,log10(mol/L),train,,0.5230000019073486,-2.537072634534416,-3.8389768548133425,-1.235168414255489,random,2034,node_gnn,node_gnn,none,none,721e3c494613d3aa378fb20e47d69b51245b538e
esol,9723f4b3ba082caa,CCN(CC)C(=O)CSc1ccc(Cl)nn1,aqueous_solubility,log10(mol/L),train,,-1.715999960899353,-2.708965373486854,-4.010869593765781,-1.4070611532079271,random,2034,node_gnn,node_gnn,none,none,721e3c494613d3aa378fb20e47d69b51245b538e
esol,ee2ebbdca22199a1,CCN(CC)C(=S)SSC(=S)N(CC)CC,aqueous_solubility,log10(mol/L),train,,-4.860000133514404,-7.308445282378646,-8.610349502657572,-6.006541062099719,random,2034,node_gnn,node_gnn,none,none,721e3c494613d3aa378fb20e47d69b51245b538e
esol,3878652960419c3c,CCN(CC)c1c([N+](=O)[O-])cc(C(F)(F)F)c(N)c1[N+](=O)[O-],aqueous_solubility,log10(mol/L),train,,-5.46999979019165,-1.5293453883124177,-2.8312496085913446,-0.2274411680334909,random,2034,node_gnn,node_gnn,none,none,721e3c494613d3aa378fb20e47d69b51245b538e
esol,3b5a9da1c47e3e46,CCN(CC)c1ccccc1,aqueous_solubility,log10(mol/L),train,,-3.0299999713897705,-3.560787019427289,-4.862691239706216,-2.2588827991483624,random,2034,node_gnn,node_gnn,none,none,721e3c494613d3aa378fb20e47d69b51245b538e
esol,cf6de63eb5d8eb0b,CCN(CC)c1nc(Cl)nc(N(CC)CC)n1,aqueous_solubility,log10(mol/L),calibration,,-4.410999774932861,-4.230981220627687,-5.532885440906614,-2.9290770003487596,random,2034,node_gnn,node_gnn,none,none,721e3c494613d3aa378fb20e47d69b51245b538e
esol,d9740040550600bf,CCN(CC)c1nc(Cl)nc(NC(C)C)n1,aqueous_solubility,log10(mol/L),train,,-3.7850000858306885,-2.774836984138875,-4.076741204417802,-1.472932763859948,random,2034,node_gnn,node_gnn,none,none,721e3c494613d3aa378fb20e47d69b51245b538e
esol,adbb55de69618842,CCN(Cc1c(F)cccc1Cl)c1c([N+](=O)[O-])cc(C(F)(F)F)cc1[N+](=O)[O-],aqueous_solubility,log10(mol/L),train,,-6.78000020980835,-2.1861552156617874,-3.4880594359407144,-0.8842509953828606,random,2034,node_gnn,node_gnn,none,none,721e3c494613d3aa378fb20e47d69b51245b538e
esol,75220b947a56ab9a,CCN1C(=O)c2ccccc2Oc2ccccc21,aqueous_solubility,log10(mol/L),train,,-3.680000066757202,0.06395218284743454,-1.2379520374314923,1.3658564031263614,random,2034,node_gnn,node_gnn,none,none,721e3c494613d3aa378fb20e47d69b51245b538e
esol,1c51d8c0da01f993,CCN1C(=O)c2cccnc2N(CC)c2ncccc21,aqueous_solubility,log10(mol/L),train,,-2.859999895095825,-2.657669196116945,-3.9595734163958722,-1.3557649758380184,random,2034,node_gnn,node_gnn,none,none,721e3c494613d3aa378fb20e47d69b51245b538e
esol,fc65bd185c530d51,CCN1c2cc(Cl)ccc2NC(=O)c2cccnc21,aqueous_solubility,log10(mol/L),train,,-5.360000133514404,-5.353476613576312,-6.655380833855239,-4.051572393297385,random,2034,node_gnn,node_gnn,none,none,721e3c494613d3aa378fb20e47d69b51245b538e
esol,8ac4183ca5517018,CCN1c2cc(N(C)C)cc(C)c2NC(=O)c2cccnc21,aqueous_solubility,log10(mol/L),validation,,-4.870999813079834,-4.396834902708866,-5.698739122987793,-3.094930682429939,random,2034,node_gnn,node_gnn,none,none,721e3c494613d3aa378fb20e47d69b51245b538e
esol,b3cc642ed25cfae4,CCN1c2cc(OC)cc(C)c2NC(=O)c2cccnc21,aqueous_solubility,log10(mol/L),train,,-5.1529998779296875,-4.522370584597506,-5.824274804876433,-3.220466364318579,random,2034,node_gnn,node_gnn,none,none,721e3c494613d3aa378fb20e47d69b51245b538e
esol,04d6cee51b3fdde7,CCN1c2ccccc2C(=O)N(C)c2ccccc21,aqueous_solubility,log10(mol/L),train,,-4.749000072479248,-2.031985578986433,-3.3338897992653598,-0.7300813587075063,random,2034,node_gnn,node_gnn,none,none,721e3c494613d3aa378fb20e47d69b51245b538e
esol,b5a56231be537631,CCN1c2ccccc2N(C)C(=O)c2cccnc21,aqueous_solubility,log10(mol/L),train,,-3.3239998817443848,-2.4562087803822847,-3.7581130006612113,-1.154304560103358,random,2034,node_gnn,node_gnn,none,none,721e3c494613d3aa378fb20e47d69b51245b538e
esol,b188836e606e176d,CCN1c2ccccc2N(C)C(=S)c2cccnc21,aqueous_solubility,log10(mol/L),train,,-4.705999851226807,-1.1291895595101702,-2.431093779789097,0.17271466076875663,random,2034,node_gnn,node_gnn,none,none,721e3c494613d3aa378fb20e47d69b51245b538e
esol,71aa580a3add68e5,CCN1c2nc(N(C)CCO)ccc2NC(=O)c2cccnc21,aqueous_solubility,log10(mol/L),test,,-3.359999895095825,-4.126282942824599,-5.428187163103526,-2.8243787225456716,random,2034,node_gnn,node_gnn,none,none,721e3c494613d3aa378fb20e47d69b51245b538e
esol,1e83595b274fb26c,CCN1c2ncccc2C(=O)N(C)c2ccc(Cl)nc21,aqueous_solubility,log10(mol/L),train,,-4.113999843597412,-2.6413230029075034,-3.9432272231864305,-1.3394187826285766,random,2034,node_gnn,node_gnn,none,none,721e3c494613d3aa378fb20e47d69b51245b538e
esol,8231b556c9fd8e9a,CCN1c2ncccc2C(=O)N(C)c2cccnc21,aqueous_solubility,log10(mol/L),test,,-2.619999885559082,-3.466967065787212,-4.768871286066139,-2.1650628455082854,random,2034,node_gnn,node_gnn,none,none,721e3c494613d3aa378fb20e47d69b51245b538e
esol,c60ea928a142a52f,CCN1c2ncccc2C(=O)Nc2c(C(F)(F)F)cc(C)nc21,aqueous_solubility,log10(mol/L),train,,-4.206999778747559,-1.0615523462426997,-2.3634565665216263,0.24035187403622715,random,2034,node_gnn,node_gnn,none,none,721e3c494613d3aa378fb20e47d69b51245b538e
esol,5b312c3afed2bcc2,CCN1c2ncccc2C(=O)Nc2c(C)cc(C)nc21,aqueous_solubility,log10(mol/L),train,,-4.553999900817871,0.1005278387034152,-1.2013763815755116,1.402432058982342,random,2034,node_gnn,node_gnn,none,none,721e3c494613d3aa378fb20e47d69b51245b538e
esol,1c4d269698bfb9cd,CCN1c2ncccc2C(=S)N(C)c2cccnc21,aqueous_solubility,log10(mol/L),validation,,-4.633999824523926,-4.018169343967202,-5.320073564246129,-2.7162651236882747,random,2034,node_gnn,node_gnn,none,none,721e3c494613d3aa378fb20e47d69b51245b538e
esol,4c1fea9019ded5ce,CCNC(=O)C(C)OC(=O)Nc1ccccc1,aqueous_solubility,log10(mol/L),train,,-1.8300000429153442,-3.896802074939988,-5.198706295218915,-2.5948978546610615,random,2034,node_gnn,node_gnn,none,none,721e3c494613d3aa378fb20e47d69b51245b538e
esol,36ea9a2e0669021e,CCNC(=S)NCC,aqueous_solubility,log10(mol/L),train,,-1.4600000381469727,-3.58326544287142,-4.8851696631503465,-2.2813612225924933,random,2034,node_gnn,node_gnn,none,none,721e3c494613d3aa378fb20e47d69b51245b538e
esol,f174e48b167c2837,CCNP(=S)(OC)OC(C)=CC(=O)OC(C)C,aqueous_solubility,log10(mol/L),validation,,-3.4079999923706055,-3.31480915356295,-4.616713373841876,-2.012904933284023,random,2034,node_gnn,node_gnn,none,none,721e3c494613d3aa378fb20e47d69b51245b538e
esol,0cb820324a34d951,CCNc1ccccc1,aqueous_solubility,log10(mol/L),train,,-1.7000000476837158,-3.6317131374717095,-4.933617357750636,-2.329808917192783,random,2034,node_gnn,node_gnn,none,none,721e3c494613d3aa378fb20e47d69b51245b538e
esol,78e4bc5caa3b64a1,CCNc1nc(Cl)nc(N(CC)CC)n1,aqueous_solubility,log10(mol/L),train,,-4.059999942779541,-5.925854721132899,-7.227758941411826,-4.623950500853972,random,2034,node_gnn,node_gnn,none,none,721e3c494613d3aa378fb20e47d69b51245b538e
esol,25862c96dd4e6018,CCNc1nc(Cl)nc(NC(C)(C)C#N)n1,aqueous_solubility,log10(mol/L),validation,,-3.1500000953674316,-3.7907534513322565,-5.0926576716111835,-2.4888492310533294,random,2034,node_gnn,node_gnn,none,none,721e3c494613d3aa378fb20e47d69b51245b538e
esol,c35dee1f5a7c37bc,CCNc1nc(Cl)nc(NC(C)C)n1,aqueous_solubility,log10(mol/L),train,,-3.8499999046325684,-2.446976135799431,-3.7488803560783577,-1.1450719155205042,random,2034,node_gnn,node_gnn,none,none,721e3c494613d3aa378fb20e47d69b51245b538e
esol,9f2e4276303326ba,CCNc1nc(Cl)nc(NCC)n1,aqueous_solubility,log10(mol/L),validation,,-4.550000190734863,-3.505116944492477,-4.807021164771403,-2.20321272421355,random,2034,node_gnn,node_gnn,none,none,721e3c494613d3aa378fb20e47d69b51245b538e
esol,6d5b8a3ff54e0b4d,CCNc1nc(NC(C)(C)C)nc(OC)n1,aqueous_solubility,log10(mol/L),train,,-3.239000082015991,-3.6073103531970148,-4.909214573475942,-2.3054061329180877,random,2034,node_gnn,node_gnn,none,none,721e3c494613d3aa378fb20e47d69b51245b538e
esol,857aac146f7605e1,CCNc1nc(NC(C)(C)C)nc(SC)n1,aqueous_solubility,log10(mol/L),train,,-4.0,-1.3707318264759043,-2.672636046754831,-0.06882760619697748,random,2034,node_gnn,node_gnn,none,none,721e3c494613d3aa378fb20e47d69b51245b538e
esol,6d1d1bb9e6f1635d,CCNc1nc(NC(C)C)nc(OC)n1,aqueous_solubility,log10(mol/L),train,,-2.0840001106262207,-1.8027246735603368,-3.104628893839264,-0.50082045328141,random,2034,node_gnn,node_gnn,none,none,721e3c494613d3aa378fb20e47d69b51245b538e
esol,a9802b80d3391f2c,CCNc1nc(NC(C)C)nc(SC)n1,aqueous_solubility,log10(mol/L),train,,-3.0399999618530273,-3.7033638578353303,-5.005268078114257,-2.4014596375564032,random,2034,node_gnn,node_gnn,none,none,721e3c494613d3aa378fb20e47d69b51245b538e
esol,1f86e6cfdba212b8,CCO,aqueous_solubility,log10(mol/L),train,,1.100000023841858,-0.9030815735953577,-2.2049857938742843,0.39882264668356915,random,2034,node_gnn,node_gnn,none,none,721e3c494613d3aa378fb20e47d69b51245b538e
esol,e1acff73cd96c0da,CCOC(=O)C=Cc1ccccc1,aqueous_solubility,log10(mol/L),train,,-3.0,-3.699907713239992,-5.001811933518919,-2.398003492961065,random,2034,node_gnn,node_gnn,none,none,721e3c494613d3aa378fb20e47d69b51245b538e
esol,43f901d90deba605,CCOC(=O)CC,aqueous_solubility,log10(mol/L),train,,-0.6600000262260437,-3.4232014026026087,-4.725105622881536,-2.1212971823236817,random,2034,node_gnn,node_gnn,none,none,721e3c494613d3aa378fb20e47d69b51245b538e
esol,1dba850e06249e9b,CCOC(=O)CC(=O)OCC,aqueous_solubility,log10(mol/L),train,,-0.8199999928474426,-3.861758078576206,-5.163662298855133,-2.559853858297279,random,2034,node_gnn,node_gnn,none,none,721e3c494613d3aa378fb20e47d69b51245b538e
esol,ec3c35c717f3d59a,CCOC(=O)CC(SP(=S)(OC)OC)C(=O)OCC,aqueous_solubility,log10(mol/L),calibration,,-3.369999885559082,-3.3108890839094527,-4.612793304188379,-2.008984863630526,random,2034,node_gnn,node_gnn,none,none,721e3c494613d3aa378fb20e47d69b51245b538e
esol,2421d1979260abb6,CCOC(=O)CCN(SN(C)C(=O)Oc1cccc2c1OC(C)(C)C2)C(C)C,aqueous_solubility,log10(mol/L),train,,-4.710000038146973,-2.364671092590015,-3.6665753128689422,-1.0627668723110884,random,2034,node_gnn,node_gnn,none,none,721e3c494613d3aa378fb20e47d69b51245b538e
esol,9934a7cdf9d838a1,CCOC(=O)N(C)C(=O)CSP(=S)(OCC)OCC,aqueous_solubility,log10(mol/L),calibration,,-2.5179998874664307,-3.1957635137218117,-4.497667734000738,-1.8938592934428848,random,2034,node_gnn,node_gnn,none,none,721e3c494613d3aa378fb20e47d69b51245b538e
esol,017bd56618b9c3e0,CCOC(=O)NCCOc1ccc(Oc2ccccc2)cc1,aqueous_solubility,log10(mol/L),train,,-4.699999809265137,-0.22836997107357693,-1.5302741913525038,1.07353424920535,random,2034,node_gnn,node_gnn,none,none,721e3c494613d3aa378fb20e47d69b51245b538e
esol,e44fba8f66380aba,CCOC(=O)Nc1cccc(OC(=O)Nc2ccccc2)c1,aqueous_solubility,log10(mol/L),train,,-4.631999969482422,-3.4587985051314947,-4.760702725410422,-2.1568942848525676,random,2034,node_gnn,node_gnn,none,none,721e3c494613d3aa378fb20e47d69b51245b538e
esol,270eaa2f9b027f13,CCOC(=O)c1ccc(N)cc1,aqueous_solubility,log10(mol/L),train,,-2.615999937057495,0.37802825109780835,-0.9238759691811185,1.6799324713767352,random,2034,node_gnn,node_gnn,none,none,721e3c494613d3aa378fb20e47d69b51245b538e
esol,f9b586256095118b,CCOC(=O)c1ccc(O)cc1,aqueous_solubility,log10(mol/L),train,,-2.3499999046325684,-6.110489468993958,-7.412393689272885,-4.808585248715031,random,2034,node_gnn,node_gnn,none,none,721e3c494613d3aa378fb20e47d69b51245b538e
esol,37b5741bf69cd1f0,CCOC(=O)c1ccccc1,aqueous_solubility,log10(mol/L),train,,-2.319999933242798,-5.2061753357362175,-6.5080795560151445,-3.9042711154572904,random,2034,node_gnn,node_gnn,none,none,721e3c494613d3aa378fb20e47d69b51245b538e
esol,03ecbb03238f0c7b,CCOC(=O)c1ccccc1C(=O)OCC,aqueous_solubility,log10(mol/L),train,,-2.3499999046325684,-1.8142657433681266,-3.1161699636470535,-0.5123615230891998,random,2034,node_gnn,node_gnn,none,none,721e3c494613d3aa378fb20e47d69b51245b538e
esol,6e27c736fee1b47a,CCOC(=O)c1ccccc1S(=O)(=O)NN(C=O)c1nc(Cl)cc(OC)n1,aqueous_solubility,log10(mol/L),train,,-4.576000213623047,-6.900721626550318,-8.202625846829244,-5.598817406271391,random,2034,node_gnn,node_gnn,none,none,721e3c494613d3aa378fb20e47d69b51245b538e
esol,8561e62c87b0f110,CCOC(=O)c1cncn1C(C)c1ccccc1,aqueous_solubility,log10(mol/L),validation,,-4.735000133514404,-2.9096404176129282,-4.211544637891855,-1.6077361973340014,random,2034,node_gnn,node_gnn,none,none,721e3c494613d3aa378fb20e47d69b51245b538e
esol,1c0c21773d52ccc9,CCOC(C)=O,aqueous_solubility,log10(mol/L),train,,-0.03999999910593033,-2.7335286557927194,-4.0354328760716465,-1.4316244355137926,random,2034,node_gnn,node_gnn,none,none,721e3c494613d3aa378fb20e47d69b51245b538e
esol,8601bd8ced19ca47,CCOC(C)OCC,aqueous_solubility,log10(mol/L),train,,-0.4300000071525574,-2.475280022625798,-3.777184242904725,-1.173375802346871,random,2034,node_gnn,node_gnn,none,none,721e3c494613d3aa378fb20e47d69b51245b538e
esol,df86ba660a9b9e61,CCOC(N)=O,aqueous_solubility,log10(mol/L),train,,0.8500000238418579,-4.354381278307529,-5.656285498586456,-3.052477058028602,random,2034,node_gnn,node_gnn,none,none,721e3c494613d3aa378fb20e47d69b51245b538e
esol,c3e06651eb242a60,CCOC1Oc2ccc(OS(C)(=O)=O)cc2C1(C)C,aqueous_solubility,log10(mol/L),train,,-3.4200000762939453,-1.9474664334368341,-3.249370653715761,-0.6455622131579073,random,2034,node_gnn,node_gnn,none,none,721e3c494613d3aa378fb20e47d69b51245b538e
esol,b11a63b949b34974,CCOC=O,aqueous_solubility,log10(mol/L),calibration,,0.15000000596046448,-0.2168041710232762,-1.518708391302203,1.0851000492556506,random,2034,node_gnn,node_gnn,none,none,721e3c494613d3aa378fb20e47d69b51245b538e
esol,ebb35693489e2f40,CCOCC,aqueous_solubility,log10(mol/L),train,,-0.09000000357627869,-3.5175841556686733,-4.8194883759476,-2.2156799353897467,random,2034,node_gnn,node_gnn,none,none,721e3c494613d3aa378fb20e47d69b51245b538e
esol,05fa589720d43836,CCOCCOCC,aqueous_solubility,log10(mol/L),train,,-0.7699999809265137,-3.2703562008999203,-4.572260421178847,-1.9684519806209935,random,2034,node_gnn,node_gnn,none,none,721e3c494613d3aa378fb20e47d69b51245b538e
esol,481deb2db0ec848d,CCOP(=O)(OCC)OCC,aqueous_solubility,log10(mol/L),train,,0.4300000071525574,-2.6552387352229347,-3.957142955501862,-1.353334514944008,random,2034,node_gnn,node_gnn,none,none,721e3c494613d3aa378fb20e47d69b51245b538e
esol,7f91652770ced25a,CCOP(=S)(CC)Oc1cc(Cl)c(Cl)cc1Cl,aqueous_solubility,log10(mol/L),test,,-5.751999855041504,-6.49740517333711,-7.799309393616037,-5.195500953058183,random,2034,node_gnn,node_gnn,none,none,721e3c494613d3aa378fb20e47d69b51245b538e
esol,7c5b6332fcb13dbf,CCOP(=S)(NC(C)C)Oc1ccccc1C(=O)OC(C)C,aqueous_solubility,log10(mol/L),train,,-4.193999767303467,-4.334128203871658,-5.636032424150585,-3.032223983592731,random,2034,node_gnn,node_gnn,none,none,721e3c494613d3aa378fb20e47d69b51245b538e
esol,537d47a9a7e6a6c9,CCOP(=S)(OCC)N1C(=O)c2ccccc2C1=O,aqueous_solubility,log10(mol/L),validation,,-3.3499999046325684,-5.204241405917346,-6.506145626196273,-3.9023371856384186,random,2034,node_gnn,node_gnn,none,none,721e3c494613d3aa378fb20e47d69b51245b538e
esol,a4d09552af3a116a,CCOP(=S)(OCC)ON=C(C#N)c1ccccc1,aqueous_solubility,log10(mol/L),train,,-4.861999988555908,-1.6021554475322428,-2.9040596678111696,-0.300251227253316,random,2034,node_gnn,node_gnn,none,none,721e3c494613d3aa378fb20e47d69b51245b538e
esol,a859beccae572be5,CCOP(=S)(OCC)Oc1cc(C)nc(C(C)C)n1,aqueous_solubility,log10(mol/L),calibration,,-3.640000104904175,-3.9861047825994014,-5.288009002878328,-2.6842005623204743,random,2034,node_gnn,node_gnn,none,none,721e3c494613d3aa378fb20e47d69b51245b538e
esol,2655a393a9271294,CCOP(=S)(OCC)Oc1ccc(S(C)=O)cc1,aqueous_solubility,log10(mol/L),train,,-2.299999952316284,-2.289305243583857,-3.591209463862784,-0.98740102330493,random,2034,node_gnn,node_gnn,none,none,721e3c494613d3aa378fb20e47d69b51245b538e
esol,8025defab702547a,CCOP(=S)(OCC)Oc1ccc([N+](=O)[O-])cc1,aqueous_solubility,log10(mol/L),train,,-4.659999847412109,-3.0436439745387323,-4.345548194817659,-1.7417397542598054,random,2034,node_gnn,node_gnn,none,none,721e3c494613d3aa378fb20e47d69b51245b538e
esol,edd5605813d6f216,CCOP(=S)(OCC)Oc1ccc2oc(=O)c(Cl)c(C)c2c1,aqueous_solubility,log10(mol/L),train,,-5.381999969482422,-4.563102163921082,-5.865006384200009,-3.2611979436421548,random,2034,node_gnn,node_gnn,none,none,721e3c494613d3aa378fb20e47d69b51245b538e
esol,b577f5a2343d6332,CCOP(=S)(OCC)Oc1nc(Cl)c(Cl)cc1Cl,aqueous_solubility,log10(mol/L),train,,-5.670000076293945,-1.5887400987417883,-2.890644319020715,-0.2868358784628615,random,2034,node_gnn,node_gnn,none,none,721e3c494613d3aa378fb20e47d69b51245b538e
esol,3f40312accc983dd,CCOP(=S)(OCC)Oc1nc(Cl)n(C(C)C)n1,aqueous_solubility,log10(mol/L),train,,-3.6579999923706055,-4.775230230735252,-6.077134451014179,-3.473326010456325,random,2034,node_gnn,node_gnn,none,none,721e3c494613d3aa378fb20e47d69b51245b538e
esol,24384b764548a445,CCOP(=S)(OCC)SC(CCl)N1C(=O)c2ccccc2C1=O,aqueous_solubility,log10(mol/L),train,,-6.340000152587891,-1.2404868353412701,-2.5423910556201967,0.061417384937656694,random,2034,node_gnn,node_gnn,none,none,721e3c494613d3aa378fb20e47d69b51245b538e
esol,6d5b96eb33cae81f,CCOP(=S)(OCC)SCCSCC,aqueous_solubility,log10(mol/L),train,,-4.230000019073486,-4.036764187292797,-5.338668407571724,-2.73485996701387,random,2034,node_gnn,node_gnn,none,none,721e3c494613d3aa378fb20e47d69b51245b538e
esol,66e03fb49f8d10d6,CCOP(=S)(OCC)SCSC(C)(C)C,aqueous_solubility,log10(mol/L),test,,-4.755000114440918,-5.222015118200774,-6.523919338479701,-3.9201108979218473,random,2034,node_gnn,node_gnn,none,none,721e3c494613d3aa378fb20e47d69b51245b538e
esol,9b4868f35e883ba4,CCOP(=S)(OCC)SCSCC,aqueous_solubility,log10(mol/L),train,,-4.110000133514404,-2.449156808816823,-3.75106102909575,-1.1472525885378964,random,2034,node_gnn,node_gnn,none,none,721e3c494613d3aa378fb20e47d69b51245b538e
esol,9f7fec61cd56ae76,CCOP(=S)(OCC)SCSP(=S)(OCC)OCC,aqueous_solubility,log10(mol/L),train,,-5.539999961853027,-1.9448399325550798,-3.2467441528340064,-0.642935712276153,random,2034,node_gnn,node_gnn,none,none,721e3c494613d3aa378fb20e47d69b51245b538e
esol,2e3febfb504819dd,CCOP(=S)(OCC)SCSc1ccc(Cl)cc1,aqueous_solubility,log10(mol/L),train,,-5.736000061035156,-2.261629927444025,-3.563534147722952,-0.959725707165098,random,2034,node_gnn,node_gnn,none,none,721e3c494613d3aa378fb20e47d69b51245b538e
esol,bc087b99671770ce,CCOP(=S)(OCC)SCn1c(=O)oc2cc(Cl)ccc21,aqueous_solubility,log10(mol/L),train,,-5.232999801635742,-4.753622958044899,-6.0555271783238265,-3.4517187377659724,random,2034,node_gnn,node_gnn,none,none,721e3c494613d3aa378fb20e47d69b51245b538e
esol,d489007731d8d5eb,CCOc1ccc(C(C)(C)COCc2cccc(Oc3ccccc3)c2)cc1,aqueous_solubility,log10(mol/L),validation,,-8.600000381469727,-5.3081944210855685,-6.6100986413644955,-4.006290200806641,random,2034,node_gnn,node_gnn,none,none,721e3c494613d3aa378fb20e47d69b51245b538e
esol,a7d882d72bb25f91,CCOc1ccc(NC(C)=O)cc1,aqueous_solubility,log10(mol/L),train,,-2.3499999046325684,-3.013443998892712,-4.315348219171639,-1.7115397786137854,random,2034,node_gnn,node_gnn,none,none,721e3c494613d3aa378fb20e47d69b51245b538e
esol,7ccb0f8bf75e392d,CCOc1ccc(NC(N)=O)cc1,aqueous_solubility,log10(mol/L),validation,,-2.1700000762939453,-2.9494043795960474,-4.2513085998749744,-1.6475001593171206,random,2034,node_gnn,node_gnn,none,none,721e3c494613d3aa378fb20e47d69b51245b538e
esol,d70f36bd68ed3056,CCOc1ccc2nc(S(N)(=O)=O)sc2c1,aqueous_solubility,log10(mol/L),train,,-3.809999942779541,-7.628349237326477,-8.930253457605403,-6.32644501704755,random,2034,node_gnn,node_gnn,none,none,721e3c494613d3aa378fb20e47d69b51245b538e
esol,d19caccfe21491e3,CCOc1ccccc1,aqueous_solubility,log10(mol/L),test,,-2.3299999237060547,-2.2778321508748283,-3.5797363711537553,-0.9759279305959014,random,2034,node_gnn,node_gnn,none,none,721e3c494613d3aa378fb20e47d69b51245b538e
esol,733c64bc774b16dc,CCS,aqueous_solubility,log10(mol/L),train,,-0.6000000238418579,-1.3364865299544235,-2.6383907502333503,-0.03458230967549669,random,2034,node_gnn,node_gnn,none,none,721e3c494613d3aa378fb20e47d69b51245b538e
esol,4210d252a5e4b130,CCSC(=O)N(CC(C)C)CC(C)C,aqueous_solubility,log10(mol/L),train,,-3.680000066757202,-2.8711691700275965,-4.173073390306524,-1.5692649497486697,random,2034,node_gnn,node_gnn,none,none,721e3c494613d3aa378fb20e47d69b51245b538e
esol,0eacc78ccb3b2ec7,CCSC(=O)N(CC)C1CCCCC1,aqueous_solubility,log10(mol/L),train,,-3.4000000953674316,-3.9712849672977026,-5.273189187576629,-2.669380747018776,random,2034,node_gnn,node_gnn,none,none,721e3c494613d3aa378fb20e47d69b51245b538e
esol,b34c23ed3887b6c3,CCSCC,aqueous_solubility,log10(mol/L),train,,-1.340000033378601,-4.66237283699218,-5.964277057271107,-3.360468616713253,random,2034,node_gnn,node_gnn,none,none,721e3c494613d3aa378fb20e47d69b51245b538e
esol,891c2426f12aec2e,CCSCCSP(=S)(OC)OC,aqueous_solubility,log10(mol/L),train,,-3.0910000801086426,-1.5454864074998211,-2.847390627778748,-0.2435821872208943,random,2034,node_gnn,node_gnn,none,none,721e3c494613d3aa378fb20e47d69b51245b538e
esol,0a4abbde14334c18,CCSCc1ccccc1OC(=O)NC,aqueous_solubility,log10(mol/L),train,,-2.0899999141693115,-3.2839055155266905,-4.585809735805618,-1.9820012952477637,random,2034,node_gnn,node_gnn,none,none,721e3c494613d3aa378fb20e47d69b51245b538e
esol,87fc28998371cbb0,CCSSCC,aqueous_solubility,log10(mol/L),train,,-2.4200000762939453,-3.0498085933133936,-4.351712813592321,-1.7479043730344668,random,2034,node_gnn,node_gnn,none,none,721e3c494613d3aa378fb20e47d69b51245b538e
esol,f3b46b3354c9eed2,CC[N+](=O)[O-],aqueous_solubility,log10(mol/L),train,,-0.2199999988079071,-0.12454197411623857,-1.4264461943951654,1.1773622461626883,random,2034,node_gnn,node_gnn,none,none,721e3c494613d3aa378fb20e47d69b51245b538e
esol,bb694e02c2818edd,CCc1ccc(C)cc1,aqueous_solubility,log10(mol/L),test,,-3.109999895095825,-3.513016517158672,-4.814920737437599,-2.2111122968797448,random,2034,node_gnn,node_gnn,none,none,721e3c494613d3aa378fb20e47d69b51245b538e
esol,d26225632c84855c,CCc1ccc(CC)cc1,aqueous_solubility,log10(mol/L),train,,-3.75,-4.169550304049864,-5.471454524328791,-2.8676460837709365,random,2034,node_gnn,node_gnn,none,none,721e3c494613d3aa378fb20e47d69b51245b538e
esol,33ad79fcb84e93ac,CCc1ccc2ccccc2c1,aqueous_solubility,log10(mol/L),train,,-4.289999961853027,-1.5164819340294564,-2.8183861543083832,-0.2145777137505296,random,2034,node_gnn,node_gnn,none,none,721e3c494613d3aa378fb20e47d69b51245b538e
esol,354b210ac00c8e34,CCc1cccc(C)c1N(C(=O)CCl)C(C)COC,aqueous_solubility,log10(mol/L),calibration,,-2.7300000190734863,-3.254694656376677,-4.556598876655604,-1.9527904360977504,random,2034,node_gnn,node_gnn,none,none,721e3c494613d3aa378fb20e47d69b51245b538e
esol,fbe7773591d8989f,CCc1cccc(CC)c1N(COC)C(=O)CCl,aqueous_solubility,log10(mol/L),train,,-3.259999990463257,-5.238054233876324,-6.539958454155251,-3.9361500135973966,random,2034,node_gnn,node_gnn,none,none,721e3c494613d3aa378fb20e47d69b51245b538e
esol,e28c9726a0795ed3,CCc1cccc2ccccc12,aqueous_solubility,log10(mol/L),train,,-4.170000076293945,-5.4027874744174085,-6.7046916946963355,-4.100883254138481,random,2034,node_gnn,node_gnn,none,none,721e3c494613d3aa378fb20e47d69b51245b538e
esol,8c96f07140aea378,CCc1ccccc1,aqueous_solubility,log10(mol/L),train,,-2.7699999809265137,-4.709197749234335,-6.011101969513262,-3.4072935289554076,random,2034,node_gnn,node_gnn,none,none,721e3c494613d3aa378fb20e47d69b51245b538e
esol,03e6bb14b7cd4e84,CCc1ccccc1C,aqueous_solubility,log10(mol/L),test,,-3.2100000381469727,-3.4467583566607702,-4.748662576939697,-2.144854136381843,random,2034,node_gnn,node_gnn,none,none,721e3c494613d3aa378fb20e47d69b51245b538e
esol,d5b47e98960e200b,CCc1ccccc1CC,aqueous_solubility,log10(mol/L),train,,-3.2799999713897705,0.17452370683801188,-1.127380513440915,1.4764279271169387,random,2034,node_gnn,node_gnn,none,none,721e3c494613d3aa378fb20e47d69b51245b538e
esol,c72e4f98e3a14f65,CCc1ccccn1,aqueous_solubility,log10(mol/L),train,,0.5099999904632568,-3.482751112001687,-4.784655332280614,-2.1808468917227604,random,2034,node_gnn,node_gnn,none,none,721e3c494613d3aa378fb20e47d69b51245b538e
esol,dfcfa377f0081086,CI,aqueous_solubility,log10(mol/L),test,,-1.0,-1.5086798531986878,-2.8105840734776146,-0.20677563291976098,random,2034,node_gnn,node_gnn,none,none,721e3c494613d3aa378fb20e47d69b51245b538e
esol,17b9e8aacba5bcf4,CN(C(=O)COc1nc2ccccc2s1)c1ccccc1,aqueous_solubility,log10(mol/L),validation,,-4.873000144958496,-3.8308844212987694,-5.132788641577696,-2.5289802010198423,random,2034,node_gnn,node_gnn,none,none,721e3c494613d3aa378fb20e47d69b51245b538e
esol,21c12c9bffc5a79f,CN(C(=O)NC(C)(C)c1ccccc1)c1ccccc1,aqueous_solubility,log10(mol/L),train,,-3.3499999046325684,-3.763496871635342,-5.065401091914269,-2.4615926513564155,random,2034,node_gnn,node_gnn,none,none,721e3c494613d3aa378fb20e47d69b51245b538e
esol,5b2b342c6e910b68,CN(C)C(=O)C(c1ccccc1)c1ccccc1,aqueous_solubility,log10(mol/L),train,,-2.9800000190734863,0.3702184653673628,-0.931685754911564,1.6721226856462896,random,2034,node_gnn,node_gnn,none,none,721e3c494613d3aa378fb20e47d69b51245b538e
esol,e134da02d6e9cf26,CN(C)C(=O)N(C)C,aqueous_solubility,log10(mol/L),test,,0.9399999976158142,0.8877217803356152,-0.4141824399433116,2.189626000614542,random,2034,node_gnn,node_gnn,none,none,721e3c494613d3aa378fb20e47d69b51245b538e
esol,0842d549a4381515,CN(C)C(=O)NC1CC2CC1C1CCCC21,aqueous_solubility,log10(mol/L),test,,-3.1710000038146973,-4.723434912566121,-6.025339132845048,-3.4215306922871935,random,2034,node_gnn,node_gnn,none,none,721e3c494613d3aa378fb20e47d69b51245b538e
esol,6a218e40dde53207,CN(C)C(=O)NC1CCCCCCC1,aqueous_solubility,log10(mol/L),train,,-2.2179999351501465,-2.6060243720366616,-3.9079285923155886,-1.3041201517577348,random,2034,node_gnn,node_gnn,none,none,721e3c494613d3aa378fb20e47d69b51245b538e
esol,f0f2d211a8e908bf,CN(C)C(=O)Nc1ccc(-n2nc(C(C)(C)C)oc2=O)c(Cl)c1,aqueous_solubility,log10(mol/L),train,,-4.328000068664551,-2.5930206761523253,-3.8949248964312524,-1.2911164558733985,random,2034,node_gnn,node_gnn,none,none,721e3c494613d3aa378fb20e47d69b51245b538e
esol,9a5249c275292eb3,CN(C)C(=O)Nc1ccc(Cl)c(Cl)c1,aqueous_solubility,log10(mol/L),train,,-3.799999952316284,-4.307508893941559,-5.609413114220486,-3.0056046736626323,random,2034,node_gnn,node_gnn,none,none,721e3c494613d3aa378fb20e47d69b51245b538e
esol,9e5215f43f1d56ea,CN(C)C(=O)Nc1ccc(Cl)cc1,aqueous_solubility,log10(mol/L),validation,,-2.890000104904175,-3.2989273669678973,-4.600831587246824,-1.9970231466889705,random,2034,node_gnn,node_gnn,none,none,721e3c494613d3aa378fb20e47d69b51245b538e
esol,d673d5fc135e5b84,CN(C)C(=O)Nc1ccc(Oc2ccc(Cl)cc2)cc1,aqueous_solubility,log10(mol/L),train,,-4.889999866485596,-2.281605811900395,-3.583510032179322,-0.979701591621468,random,2034,node_gnn,node_gnn,none,none,721e3c494613d3aa378fb20e47d69b51245b538e
esol,a7978985d5bfccc6,CN(C)C(=O)Nc1cccc(C(F)(F)F)c1,aqueous_solubility,log10(mol/L),train,,-3.430000066757202,-0.35066884946251653,-1.6525730697414434,0.9512353708164103,random,2034,node_gnn,node_gnn,none,none,721e3c494613d3aa378fb20e47d69b51245b538e
esol,acfcc9ff5ed16439,CN(C)C(=O)Nc1cccc(OC(=O)NC(C)(C)C)c1,aqueous_solubility,log10(mol/L),train,,-2.930000066757202,-0.8573892816056894,-2.1592935018846164,0.44451493867323744,random,2034,node_gnn,node_gnn,none,none,721e3c494613d3aa378fb20e47d69b51245b538e
esol,a051aff34d8c425d,CN(C)C(=O)Nc1ccccc1,aqueous_solubility,log10(mol/L),train,,-1.600000023841858,-1.7666681042519354,-3.0685723245308623,-0.4647638839730086,random,2034,node_gnn,node_gnn,none,none,721e3c494613d3aa378fb20e47d69b51245b538e
esol,0483f0df1603d0eb,CN(C)C(=O)OC1=CC(=O)CC(C)(C)C1,aqueous_solubility,log10(mol/L),train,,-0.8500000238418579,-2.515792385126312,-3.8176966054052386,-1.2138881648473852,random,2034,node_gnn,node_gnn,none,none,721e3c494613d3aa378fb20e47d69b51245b538e
esol,c8b9b536892e09bf,CN(C)C(=O)SCCCCOc1ccccc1,aqueous_solubility,log10(mol/L),test,,-3.927000045776367,-3.274743488834826,-4.576647709113753,-1.972839268555899,random,2034,node_gnn,node_gnn,none,none,721e3c494613d3aa378fb20e47d69b51245b538e
esol,910101c5cb9a1670,CN(C)C(=S)SSC(=S)N(C)C,aqueous_solubility,log10(mol/L),train,,-3.9000000953674316,-0.6037228579082385,-1.9056270781871654,0.6981813623706883,random,2034,node_gnn,node_gnn,none,none,721e3c494613d3aa378fb20e47d69b51245b538e
esol,b0ec6d6c54570db8,CN(C)c1ccccc1,aqueous_solubility,log10(mol/L),test,,-1.9199999570846558,-1.7703470695750227,-3.0722512898539494,-0.4684428492960959,random,2034,node_gnn,node_gnn,none,none,721e3c494613d3aa378fb20e47d69b51245b538e
esol,925de75b6c7bfe03,CN(C)c1nc(N(C)C)nc(N(C)C)n1,aqueous_solubility,log10(mol/L),calibration,,-3.364000082015991,-2.392398168257515,-3.6943023885364417,-1.0904939479785882,random,2034,node_gnn,node_gnn,none,none,721e3c494613d3aa378fb20e47d69b51245b538e
esol,24d71af8b3e29e2a,CN1C(=O)CN=C(c2ccccc2)c2cc(Cl)ccc21,aqueous_solubility,log10(mol/L),train,,-3.753999948501587,-4.532831601452217,-5.834735821731144,-3.2309273811732897,random,2034,node_gnn,node_gnn,none,none,721e3c494613d3aa378fb20e47d69b51245b538e
esol,764380275cf6ecfe,CN1C(=O)CN=C(c2ccccc2)c2cc([N+](=O)[O-])ccc21,aqueous_solubility,log10(mol/L),calibration,,-3.7960000038146973,-3.6263733934505495,-4.928277613729477,-2.3244691731716225,random,2034,node_gnn,node_gnn,none,none,721e3c494613d3aa378fb20e47d69b51245b538e
esol,5892fb4917f1bd4c,CN1C(=O)c2cccnc2Oc2ccccc21,aqueous_solubility,log10(mol/L),train,,-3.671999931335449,-0.08879372506748417,-1.390697945346411,1.2131104952114427,random,2034,node_gnn,node_gnn,none,none,721e3c494613d3aa378fb20e47d69b51245b538e
esol,e866140d3ce88cc7,CN1C(C(=O)Nc2ccccn2)=C(O)c2ccccc2S1(=O)=O,aqueous_solubility,log10(mol/L),validation,,-4.159999847412109,-3.7710273547525044,-5.072931575031431,-2.469123134473578,random,2034,node_gnn,node_gnn,none,none,721e3c494613d3aa378fb20e47d69b51245b538e
esol,c3339d1527a56a6a,CN1CC(O)N(c2nnc(C(C)(C)C)s2)C1=O,aqueous_solubility,log10(mol/L),validation,,-1.8769999742507935,-2.714548598551429,-4.016452818830356,-1.4126443782725022,random,2034,node_gnn,node_gnn,none,none,721e3c494613d3aa378fb20e47d69b51245b538e
esol,61a26c632a00b9e2,CNC(=O)C(C)SCCSP(=O)(OC)OC,aqueous_solubility,log10(mol/L),train,,1.1440000534057617,-6.245476328789349,-7.547380549068276,-4.943572108510422,random,2034,node_gnn,node_gnn,none,none,721e3c494613d3aa378fb20e47d69b51245b538e
esol,83a38e89cdeb9ac2,CNC(=O)C=C(C)OP(=O)(OC)OC,aqueous_solubility,log10(mol/L),test,,0.6510000228881836,0.6141719931142031,-0.6877322271647237,1.91607621339313,random,2034,node_gnn,node_gnn,none,none,721e3c494613d3aa378fb20e47d69b51245b538e
esol,ca4d409d99769eda,CNC(=O)ON=C(CSC)C(C)(C)C,aqueous_solubility,log10(mol/L),calibration,,-1.6200000047683716,-1.5427915567015793,-2.8446957769805064,-0.24088733642265248,random,2034,node_gnn,node_gnn,none,none,721e3c494613d3aa378fb20e47d69b51245b538e
esol,9c9e6971a60807b7,CNC(=O)ON=C(SC)C(=O)N(C)C,aqueous_solubility,log10(mol/L),train,,0.10599999874830246,-2.1978969856789,-3.4998012059578265,-0.8959927653999731,random,2034,node_gnn,node_gnn,none,none,721e3c494613d3aa378fb20e47d69b51245b538e
esol,f974acb9680d10ae,CNC(=O)Oc1cc(C(C)(C)C)cc(C(C)(C)C)c1,aqueous_solubility,log10(mol/L),train,,-4.239999771118164,-1.272305337009716,-2.5742095572886425,0.029598883269210896,random,2034,node_gnn,node_gnn,none,none,721e3c494613d3aa378fb20e47d69b51245b538e
esol,bf5c31c40ed233f0,CNC(=O)Oc1cc(C)cc(C)c1,aqueous_solubility,log10(mol/L),train,,-2.5810000896453857,-3.983508169272038,-5.285412389550965,-2.6816039489931116,random,2034,node_gnn,node_gnn,none,none,721e3c494613d3aa378fb20e47d69b51245b538e
esol,467d5329fab3eb8c,CNC(=O)Oc1ccc(N(C)C)c(C)c1,aqueous_solubility,log10(mol/L),train,,-2.359999895095825,-4.861755259924898,-6.163659480203825,-3.559851039645971,random,2034,node_gnn,node_gnn,none,none,721e3c494613d3aa378fb20e47d69b51245b538e
esol,93b1c63994d0c3ae,CNC(=O)Oc1cccc(N=CN(C)C)c1,aqueous_solubility,log10(mol/L),train,,-2.3399999141693115,-2.8252025463276618,-4.127106766606588,-1.523298326048735,random,2034,node_gnn,node_gnn,none,none,721e3c494613d3aa378fb20e47d69b51245b538e
esol,7c2469e5e8621db7,CNC(=O)Oc1cccc2c1OC(C)(C)C2,aqueous_solubility,log10(mol/L),calibration,,-2.799999952316284,-3.0858613490071365,-4.3877655692860635,-1.7839571287282097,random,2034,node_gnn,node_gnn,none,none,721e3c494613d3aa378fb20e47d69b51245b538e
esol,30aebbb20e458ecc,CNC(=O)Oc1cccc2ccccc12,aqueous_solubility,log10(mol/L),validation,,-3.2239999771118164,-3.096794962815661,-4.398699183094588,-1.7948907425367342,random,2034,node_gnn,node_gnn,none,none,721e3c494613d3aa378fb20e47d69b51245b538e
esol,4b69c82630d9473f,CNC(=O)Oc1ccccc1,aqueous_solubility,log10(mol/L),validation,,-1.8029999732971191,-1.8641767164759835,-3.16608093675491,-0.5622724961970567,random,2034,node_gnn,node_gnn,none,none,721e3c494613d3aa378fb20e47d69b51245b538e
esol,18eaa4bff7b0ffc4,CNC(=O)Oc1ccccc1C(C)C,aqueous_solubility,log10(mol/L),train,,-2.86299991607666,-1.7427058662571469,-3.044610086536074,-0.44080164597822,random,2034,node_gnn,node_gnn,none,none,721e3c494613d3aa378fb20e47d69b51245b538e
esol,27b2b9a51d2a3dfb,CNC(=O)Oc1ccccc1C1OCCO1,aqueous_solubility,log10(mol/L),train,,-1.5700000524520874,-2.3789707650272436,-3.68087498530617,-1.0770665447483168,random,2034,node_gnn,node_gnn,none,none,721e3c494613d3aa378fb20e47d69b51245b538e
esol,4429a01a775681b0,CNC(=O)Oc1ccccc1OC(C)C,aqueous_solubility,log10(mol/L),train,,-2.049999952316284,-0.1642860835554325,-1.4661903038343593,1.1376181367234943,random,2034,node_gnn,node_gnn,none,none,721e3c494613d3aa378fb20e47d69b51245b538e
esol,ce17742748339d63,CNN,aqueous_solubility,log10(mol/L),train,,1.340000033378601,-2.3371746668225177,-3.6390788871014443,-1.035270446543591,random,2034,node_gnn,node_gnn,none,none,721e3c494613d3aa378fb20e47d69b51245b538e
esol,05148dad0482f4d2,CNc1ccccc1,aqueous_solubility,log10(mol/L),train,,-1.2799999713897705,-1.4931838086777762,-2.795088028956703,-0.1912795883988494,random,2034,node_gnn,node_gnn,none,none,721e3c494613d3aa378fb20e47d69b51245b538e
esol,a9c91e9f39b50d3c,CNc1cnn(-c2cccc(C(F)(F)F)c2)c(=O)c1Cl,aqueous_solubility,log10(mol/L),train,,-4.046000003814697,-4.533936384647807,-5.835840604926734,-3.2320321643688796,random,2034,node_gnn,node_gnn,none,none,721e3c494613d3aa378fb20e47d69b51245b538e
esol,0bab33f79e992ea8,CO,aqueous_solubility,log10(mol/L),train,,1.5700000524520874,-3.1019145696199972,-4.403818789898924,-1.8000103493410704,random,2034,node_gnn,node_gnn,none,none,721e3c494613d3aa378fb20e47d69b51245b538e
esol,f81db077a722c928,COC(=O)C1=C(C)NC(C)=C(C(=O)OC)C1c1ccccc1[N+](=O)[O-],aqueous_solubility,log10(mol/L),train,,-4.760000228881836,-2.1328093485689914,-3.4347135688479185,-0.8309051282900646,random,2034,node_gnn,node_gnn,none,none,721e3c494613d3aa378fb20e47d69b51245b538e
esol,749fcea5bdddd1e6,COC(=O)Nc1cccc(OC(=O)Nc2cccc(C)c2)c1,aqueous_solubility,log10(mol/L),train,,-4.804999828338623,-2.825675527749756,-4.127579748028682,-1.523771307470829,random,2034,node_gnn,node_gnn,none,none,721e3c494613d3aa378fb20e47d69b51245b538e
esol,a22f0678e1767ab7,COC(=O)Nc1nc2ccc(C(=O)c3ccccc3)cc2[nH]1,aqueous_solubility,log10(mol/L),train,,-3.880000114440918,-2.5011295882236717,-3.8030338085025983,-1.1992253679447449,random,2034,node_gnn,node_gnn,none,none,721e3c494613d3aa378fb20e47d69b51245b538e
esol,666ddf99a256128a,COC(=O)c1cc(O)c(O)c(O)c1,aqueous_solubility,log10(mol/L),validation,,-1.2400000095367432,-1.8059972675617617,-3.1079014878406888,-0.5040930472828349,random,2034,node_gnn,node_gnn,none,none,721e3c494613d3aa378fb20e47d69b51245b538e
esol,188786e497548b05,COC(=O)c1ccc(O)cc1,aqueous_solubility,log10(mol/L),train,,-1.8270000219345093,-1.5384297135764933,-2.84033393385542,-0.23652549329756645,random,2034,node_gnn,node_gnn,none,none,721e3c494613d3aa378fb20e47d69b51245b538e
esol,49577c11df1cfd38,COC(=O)c1ccccc1,aqueous_solubility,log10(mol/L),train,,-1.850000023841858,-6.214246133492998,-7.516150353771925,-4.912341913214071,random,2034,node_gnn,node_gnn,none,none,721e3c494613d3aa378fb20e47d69b51245b538e
esol,ed34e85526590345,COC(=O)c1ccccc1C(=O)OC,aqueous_solubility,log10(mol/L),train,,-1.659999966621399,0.6826089004045781,-0.6192953198743487,1.984513120683505,random,2034,node_gnn,node_gnn,none,none,721e3c494613d3aa378fb20e47d69b51245b538e
esol,6e2b5874bd54e152,COC(=O)c1ccccc1OC1OC(COC2OCC(O)C(O)C2O)C(O)C(O)C1O,aqueous_solubility,log10(mol/L),train,,-0.7419999837875366,-2.7474949049100634,-4.04939912518899,-1.4455906846311366,random,2034,node_gnn,node_gnn,none,none,721e3c494613d3aa378fb20e47d69b51245b538e
esol,88ead3f7cdc58cf9,COC(=O)c1cccnc1,aqueous_solubility,log10(mol/L),train,,-0.46000000834465027,0.375918102766974,-0.9259861175119528,1.6778223230459008,random,2034,node_gnn,node_gnn,none,none,721e3c494613d3aa378fb20e47d69b51245b538e
esol,5c08f88c70ebf4aa,COC(C)(C)C,aqueous_solubility,log10(mol/L),train,,-0.23999999463558197,-4.125251107630787,-5.427155327909714,-2.8233468873518603,random,2034,node_gnn,node_gnn,none,none,721e3c494613d3aa378fb20e47d69b51245b538e
esol,6773ea5b6283d92d,COC(C)(C)CCCC(C)CC=CC(C)=CC(=O)OC(C)C,aqueous_solubility,log10(mol/L),train,,-5.190000057220459,-1.7393342270131025,-3.041238447292029,-0.43743000673417565,random,2034,node_gnn,node_gnn,none,none,721e3c494613d3aa378fb20e47d69b51245b538e
esol,798f5eefa4edc99d,COC(C)=O,aqueous_solubility,log10(mol/L),train,,0.46000000834465027,-3.3807954056658067,-4.682699625944734,-2.0788911853868797,random,2034,node_gnn,node_gnn,none,none,721e3c494613d3aa378fb20e47d69b51245b538e
esol,fe98fc7972b9fbd7,COC1=C(OC)C2C(=O)OCC2C=C1,aqueous_solubility,log10(mol/L),calibration,,-1.8990000486373901,-3.4333691361793,-4.735273356458227,-2.1314649159003736,random,2034,node_gnn,node_gnn,none,none,721e3c494613d3aa378fb20e47d69b51245b538e
esol,033c75d289f7b25e,COC1=CC(=O)CC(C)C12Oc1c(Cl)c(OC)cc(OC)c1C2=O,aqueous_solubility,log10(mol/L),train,,-3.246000051498413,-1.9642342834947162,-3.266138503773643,-0.6623300632157894,random,2034,node_gnn,node_gnn,none,none,721e3c494613d3aa378fb20e47d69b51245b538e
esol,14db5dcd22155360,COC1=CC2OC3C=CC(O)=CC3C(=O)C2C(O)=C1,aqueous_solubility,log10(mol/L),train,,-2.943000078201294,-2.726723644902785,-4.028627865181712,-1.4248194246238584,random,2034,node_gnn,node_gnn,none,none,721e3c494613d3aa378fb20e47d69b51245b538e
esol,68ee9b244d6cfe81,COC=O,aqueous_solubility,log10(mol/L),train,,0.5799999833106995,-2.2034938496586287,-3.5053980699375558,-0.9015896293797019,random,2034,node_gnn,node_gnn,none,none,721e3c494613d3aa378fb20e47d69b51245b538e
esol,89703926e52a5f1b,COCC(=O)N(c1c(C)cccc1C)C(C)C(=O)OC,aqueous_solubility,log10(mol/L),train,,-1.6009999513626099,0.9554210056182257,-0.3464832146607011,2.2573252258971523,random,2034,node_gnn,node_gnn,none,none,721e3c494613d3aa378fb20e47d69b51245b538e
esol,8828034dbcc2ba49,COCCCNc1nc(NC(C)C)nc(SC)n1,aqueous_solubility,log10(mol/L),train,,-2.927999973297119,-4.341418778781948,-5.643322999060875,-3.039514558503021,random,2034,node_gnn,node_gnn,none,none,721e3c494613d3aa378fb20e47d69b51245b538e
esol,16dde7866f46c4c1,COCOC,aqueous_solubility,log10(mol/L),train,,0.47999998927116394,-1.3264293989698668,-2.6283336192487936,-0.024525178690939953,random,2034,node_gnn,node_gnn,none,none,721e3c494613d3aa378fb20e47d69b51245b538e
esol,e2974c195ea5145c,CON(C)C(=O)Nc1ccc(Br)c(Cl)c1,aqueous_solubility,log10(mol/L),validation,,-3.9240000247955322,-3.5471585742381126,-4.84906279451704,-2.2452543539591856,random,2034,node_gnn,node_gnn,none,none,721e3c494613d3aa378fb20e47d69b51245b538e
esol,6ff13bb4acd5abdb,CON(C)C(=O)Nc1ccc(Cl)c(Cl)c1,aqueous_solubility,log10(mol/L),validation,,-3.5920000076293945,-3.4050170315936654,-4.7069212518725925,-2.1031128113147384,random,2034,node_gnn,node_gnn,none,none,721e3c494613d3aa378fb20e47d69b51245b538e
esol,48039236e49fe73d,CON(C)C(=O)Nc1ccc(Cl)cc1,aqueous_solubility,log10(mol/L),train,,-2.569999933242798,-5.0885631489845435,-6.390467369263471,-3.7866589287056165,random,2034,node_gnn,node_gnn,none,none,721e3c494613d3aa378fb20e47d69b51245b538e
esol,af9e24623c743976,COP(=O)(NC(C)=O)SC,aqueous_solubility,log10(mol/L),validation,,0.5400000214576721,-0.49901650238774753,-1.8009207226666744,0.8028877178911793,random,2034,node_gnn,node_gnn,none,none,721e3c494613d3aa378fb20e47d69b51245b538e
esol,13a3fd60c5aabbbd,COP(=O)(OC)C(O)C(Cl)(Cl)Cl,aqueous_solubility,log10(mol/L),train,,-0.2199999988079071,-6.533027161449226,-7.834931381728153,-5.231122941170299,random,2034,node_gnn,node_gnn,none,none,721e3c494613d3aa378fb20e47d69b51245b538e
esol,780a5f925619f9f0,COP(=O)(OC)OC(=CCl)c1cc(Cl)c(Cl)cc1Cl,aqueous_solubility,log10(mol/L),calibration,,-4.521999835968018,-4.6569950655629375,-5.958899285841865,-3.3550908452840105,random,2034,node_gnn,node_gnn,none,none,721e3c494613d3aa378fb20e47d69b51245b538e
esol,5a3a208a796a3e9e,COP(=O)(OC)OC(Br)C(Cl)(Cl)Br,aqueous_solubility,log10(mol/L),train,,-2.2799999713897705,-3.1431388935886786,-4.445043113867605,-1.8412346733097518,random,2034,node_gnn,node_gnn,none,none,721e3c494613d3aa378fb20e47d69b51245b538e
esol,6d1ebe733929addc,COP(=S)(OC)Oc1cc(Cl)c(Br)cc1Cl,aqueous_solubility,log10(mol/L),calibration,,-6.090000152587891,-5.345475448079702,-6.647379668358629,-4.043571227800775,random,2034,node_gnn,node_gnn,none,none,721e3c494613d3aa378fb20e47d69b51245b538e
esol,57f26cdf89d354e1,COP(=S)(OC)Oc1cc(Cl)c(Cl)cc1Cl,aqueous_solubility,log10(mol/L),test,,-5.71999979019165,-5.47911817569922,-6.781022395978147,-4.177213955420293,random,2034,node_gnn,node_gnn,none,none,721e3c494613d3aa378fb20e47d69b51245b538e
esol,c8a8a21070ddea32,COP(=S)(OC)Oc1cc(Cl)c(I)cc1Cl,aqueous_solubility,log10(mol/L),validation,,-6.619999885559082,-5.4853909582167235,-6.787295178495651,-4.1834867379377965,random,2034,node_gnn,node_gnn,none,none,721e3c494613d3aa378fb20e47d69b51245b538e
esol,93a69b9aac77fb83,COP(=S)(OC)Oc1ccc(SC)c(C)c1,aqueous_solubility,log10(mol/L),test,,-4.570000171661377,-4.325237246734955,-5.627141467013882,-3.0233330264560276,random,2034,node_gnn,node_gnn,none,none,721e3c494613d3aa378fb20e47d69b51245b538e
esol,af206ce7eb35e12c,COP(=S)(OC)Oc1ccc(Sc2ccc(OP(=S)(OC)OC)cc2)cc1,aqueous_solubility,log10(mol/L),test,,-6.236999988555908,-5.691374988901538,-6.993279209180465,-4.389470768622611,random,2034,node_gnn,node_gnn,none,none,721e3c494613d3aa378fb20e47d69b51245b538e
esol,0630c7b78d9001c5,COP(=S)(OC)Oc1ccc([N+](=O)[O-])c(C)c1,aqueous_solubility,log10(mol/L),test,,-4.039999961853027,-4.1536276317774945,-5.4555318520564215,-2.8517234114985675,random,2034,node_gnn,node_gnn,none,none,721e3c494613d3aa378fb20e47d69b51245b538e
esol,26a3764db159060c,COP(=S)(OC)Oc1ccc([N+](=O)[O-])cc1Cl,aqueous_solubility,log10(mol/L),train,,-4.309999942779541,-0.07957767087345058,-1.3814818911523774,1.2223265494054762,random,2034,node_gnn,node_gnn,none,none,721e3c494613d3aa378fb20e47d69b51245b538e
esol,3c1bae9a1671999e,COP(=S)(OC)SCC(=O)N(C)C=O,aqueous_solubility,log10(mol/L),train,,-1.9950000047683716,-2.5490942042551135,-3.8509984245340405,-1.2471899839761866,random,2034,node_gnn,node_gnn,none,none,721e3c494613d3aa378fb20e47d69b51245b538e
esol,3c7c2897c14190e7,COP(=S)(OC)SCC(=O)N(c1ccc(Cl)cc1)C(C)C,aqueous_solubility,log10(mol/L),train,,-4.432000160217285,-8.447279163637035,-9.74918338391596,-7.1453749433581075,random,2034,node_gnn,node_gnn,none,none,721e3c494613d3aa378fb20e47d69b51245b538e
esol,73a7a17726ecb1d8,COc1c(O)c(Cl)c(Cl)c(Cl)c1Cl,aqueous_solubility,log10(mol/L),train,,-4.019999980926514,-2.993906917016674,-4.295811137295601,-1.6920026967377473,random,2034,node_gnn,node_gnn,none,none,721e3c494613d3aa378fb20e47d69b51245b538e
esol,f6aaf2955176d64c,COc1c2occc2c(OC)c2c(=O)cc(C)oc12,aqueous_solubility,log10(mol/L),validation,,-3.0209999084472656,-3.727265015859294,-5.0291692361382205,-2.4253607955803673,random,2034,node_gnn,node_gnn,none,none,721e3c494613d3aa378fb20e47d69b51245b538e
esol,d81d239372dc39ef,COc1c2occc2cc2ccc(=O)oc12,aqueous_solubility,log10(mol/L),train,,-3.6640000343322754,-2.1274829017134027,-3.4293871219923293,-0.8255786814344759,random,2034,node_gnn,node_gnn,none,none,721e3c494613d3aa378fb20e47d69b51245b538e
esol,fb0727226d8bda00,COc1cc(C2c3cc4c(cc3C(OC3OC5COC(C)OC5C(O)C3O)C3COC(=O)C23)OCO4)cc(OC)c1O,aqueous_solubility,log10(mol/L),train,,-3.571000099182129,-3.236083269264478,-4.537987489543405,-1.9341790489855513,random,2034,node_gnn,node_gnn,none,none,721e3c494613d3aa378fb20e47d69b51245b538e
esol,a2fe2787bc40ab5d,COc1cc2c(N)nc(N3CCN(C(=O)OCC(C)(C)O)CC3)nc2c(OC)c1OC,aqueous_solubility,log10(mol/L),train,,-3.638000011444092,-6.960899378477485,-8.262803598756411,-5.658995158198558,random,2034,node_gnn,node_gnn,none,none,721e3c494613d3aa378fb20e47d69b51245b538e
esol,0bd779b87e0a0d4a,COc1ccc(C(O)(c2cncnc2)C2CC2)cc1,aqueous_solubility,log10(mol/L),train,,-2.5959999561309814,-9.21435262967135,-10.516256849950276,-7.9124484093924226,random,2034,node_gnn,node_gnn,none,none,721e3c494613d3aa378fb20e47d69b51245b538e
esol,9068cc8b834cc0eb,COc1ccc(C(c2ccc(OC)cc2)C(Cl)(Cl)Cl)cc1,aqueous_solubility,log10(mol/L),train,,-6.889999866485596,-2.817081116046177,-4.118985336325104,-1.5151768957672502,random,2034,node_gnn,node_gnn,none,none,721e3c494613d3aa378fb20e47d69b51245b538e
esol,53952794d358f97b,COc1ccc(C=O)cc1,aqueous_solubility,log10(mol/L),train,,-1.4900000095367432,-3.827029858826597,-5.128934079105524,-2.52512563854767,random,2034,node_gnn,node_gnn,none,none,721e3c494613d3aa378fb20e47d69b51245b538e
esol,61e05515e58dc633,COc1ccc(Cl)cc1,aqueous_solubility,log10(mol/L),train,,-2.7799999713897705,-4.807763548257583,-6.10966776853651,-3.505859327978656,random,2034,node_gnn,node_gnn,none,none,721e3c494613d3aa378fb20e47d69b51245b538e
esol,6f0d5c822a2c8b54,COc1ccc(NC(=O)N(C)C)cc1Cl,aqueous_solubility,log10(mol/L),test,,-2.563999891281128,-3.611293972738774,-4.913198193017701,-2.309389752459847,random,2034,node_gnn,node_gnn,none,none,721e3c494613d3aa378fb20e47d69b51245b538e
esol,a440351c22fbaf2f,COc1ccc(Oc2ccc(NC(=O)N(C)C)cc2)cc1,aqueous_solubility,log10(mol/L),train,,-4.159999847412109,-3.2971951315389516,-4.599099351817879,-1.9952909112600248,random,2034,node_gnn,node_gnn,none,none,721e3c494613d3aa378fb20e47d69b51245b538e
esol,54c11156225fcdea,COc1ccc([N+](=O)[O-])cc1,aqueous_solubility,log10(mol/L),train,,-2.4100000858306885,-4.788330175729261,-6.090234396008188,-3.4864259554503336,random,2034,node_gnn,node_gnn,none,none,721e3c494613d3aa378fb20e47d69b51245b538e
esol,76a18f4c2024b3d3,COc1ccc2ccc(=O)oc2c1CC=C(C)C,aqueous_solubility,log10(mol/L),train,,-4.314000129699707,-2.9515492310435714,-4.253453451322498,-1.6496450107646445,random,2034,node_gnn,node_gnn,none,none,721e3c494613d3aa378fb20e47d69b51245b538e
esol,28951249e2791f06,COc1cccc(Cl)c1,aqueous_solubility,log10(mol/L),train,,-2.7799999713897705,-6.955579766613546,-8.257483986892472,-5.653675546334619,random,2034,node_gnn,node_gnn,none,none,721e3c494613d3aa378fb20e47d69b51245b538e
esol,93c51a6d6f685836,COc1ccccc1,aqueous_solubility,log10(mol/L),train,,-1.850000023841858,-2.9935523518248948,-4.295456572103822,-1.691648131545968,random,2034,node_gnn,node_gnn,none,none,721e3c494613d3aa378fb20e47d69b51245b538e
esol,61ef7d42849f3184,COc1ccccc1Cl,aqueous_solubility,log10(mol/L),train,,-2.4600000381469727,-1.3041376329340344,-2.606041853212961,-0.0022334126551075695,random,2034,node_gnn,node_gnn,none,none,721e3c494613d3aa378fb20e47d69b51245b538e
esol,eb6f42a07bb6de18,COc1ccccc1O,aqueous_solubility,log10(mol/L),calibration,,-1.9600000381469727,-1.1402695780631074,-2.442173798342034,0.16163464221581947,random,2034,node_gnn,node_gnn,none,none,721e3c494613d3aa378fb20e47d69b51245b538e
esol,814823a858f686a6,COc1ccccc1OCC(O)COC(N)=O,aqueous_solubility,log10(mol/L),validation,,-0.9850000143051147,-1.9451977132997484,-3.2471019335786755,-0.6432934930208216,random,2034,node_gnn,node_gnn,none,none,721e3c494613d3aa378fb20e47d69b51245b538e
esol,d4928ef8bde7d1fe,COc1ccccc1[N+](=O)[O-],aqueous_solubility,log10(mol/L),train,,-1.9600000381469727,-2.240441453332877,-3.5423456736118037,-0.9385372330539503,random,2034,node_gnn,node_gnn,none,none,721e3c494613d3aa378fb20e47d69b51245b538e
esol,f77319b49caa9f62,COc1cnc2cncnc2n1,aqueous_solubility,log10(mol/L),test,,-0.9100000262260437,-1.698836031586188,-3.000740251865115,-0.3969318113072611,random,2034,node_gnn,node_gnn,none,none,721e3c494613d3aa378fb20e47d69b51245b538e
esol,5dffcf404f645444,COc1cnc2ncncc2n1,aqueous_solubility,log10(mol/L),train,,-1.1390000581741333,-2.1585984555589177,-3.4605026758378443,-0.8566942352799909,random,2034,node_gnn,node_gnn,none,none,721e3c494613d3aa378fb20e47d69b51245b538e
esol,80014862d89a7874,COc1nc(NC(C)C)nc(NC(C)C)n1,aqueous_solubility,log10(mol/L),test,,-2.4779999256134033,-3.55442448104218,-4.8563287013211065,-2.2525202607632533,random,2034,node_gnn,node_gnn,none,none,721e3c494613d3aa378fb20e47d69b51245b538e
esol,6d629ddb03b3976b,COc1ncc2nccnc2n1,aqueous_solubility,log10(mol/L),train,,-1.1100000143051147,-2.2673782175569173,-3.5692824378358443,-0.9654739972779904,random,2034,node_gnn,node_gnn,none,none,721e3c494613d3aa378fb20e47d69b51245b538e
esol,1b1400c943fc116e,COc1ncnc2nccnc12,aqueous_solubility,log10(mol/L),train,,-1.1100000143051147,-1.4703145479839117,-2.7722187682628388,-0.16841032770498487,random,2034,node_gnn,node_gnn,none,none,721e3c494613d3aa378fb20e47d69b51245b538e
esol,ac0041960cd300cd,CS(=O)(=O)c1ccc(C(O)C(CO)NC(=O)C(Cl)Cl)cc1,aqueous_solubility,log10(mol/L),train,,-2.1540000438690186,-3.231377563923172,-4.5332817842020985,-1.929473343644245,random,2034,node_gnn,node_gnn,none,none,721e3c494613d3aa378fb20e47d69b51245b538e
esol,15427e61e6c5e494,CSC,aqueous_solubility,log10(mol/L),train,,-0.44999998807907104,-1.8798443814235666,-3.1817486017024934,-0.5779401611446398,random,2034,node_gnn,node_gnn,none,none,721e3c494613d3aa378fb20e47d69b51245b538e
esol,27be4a939cf2095e,CSCS(=O)CC(CO)NC(=O)C=Cc1c(C)[nH]c(=O)[nH]c1=O,aqueous_solubility,log10(mol/L),train,,-1.9809999465942383,-4.07243930193091,-5.374343522209837,-2.7705350816519827,random,2034,node_gnn,node_gnn,none,none,721e3c494613d3aa378fb20e47d69b51245b538e
esol,34db32618c7c0bd7,CSSC,aqueous_solubility,log10(mol/L),train,,-1.440000057220459,-4.706910263938359,-6.008814484217286,-3.405006043659432,random,2034,node_gnn,node_gnn,none,none,721e3c494613d3aa378fb20e47d69b51245b538e
esol,c0328538a0e8d514,CSc1ccccc1,aqueous_solubility,log10(mol/L),train,,-2.390000104904175,-2.901952947164852,-4.203857167443779,-1.6000487268859251,random,2034,node_gnn,node_gnn,none,none,721e3c494613d3aa378fb20e47d69b51245b538e
esol,01435d46358b4e6f,CSc1nc(N(C)C)nc(N(C)C)n1,aqueous_solubility,log10(mol/L),train,,-2.6760001182556152,-3.490361688793715,-4.792265909072642,-2.1884574685147884,random,2034,node_gnn,node_gnn,none,none,721e3c494613d3aa378fb20e47d69b51245b538e
esol,a2e1c537815223d9,CSc1nc(NC(C)C)nc(NC(C)C)n1,aqueous_solubility,log10(mol/L),train,,-4.099999904632568,-5.28288283146674,-6.584787051745667,-3.9809786111878127,random,2034,node_gnn,node_gnn,none,none,721e3c494613d3aa378fb20e47d69b51245b538e
esol,6c043c25cd0ee673,CSc1nnc(C(C)(C)C)c(=O)n1N,aqueous_solubility,log10(mol/L),train,,-2.253000020980835,-7.287986536830434,-8.58989075710936,-5.986082316551507,random,2034,node_gnn,node_gnn,none,none,721e3c494613d3aa378fb20e47d69b51245b538e
esol,939a64a917fc1fbc,C[N+](=O)[O-],aqueous_solubility,log10(mol/L),test,,0.25999999046325684,0.11166315855241926,-1.1902410617265076,1.413567378831346,random,2034,node_gnn,node_gnn,none,none,721e3c494613d3aa378fb20e47d69b51245b538e
esol,6a00bcc744815977,Cc1[nH]c(=O)n(C(C)(C)C)c(=O)c1Cl,aqueous_solubility,log10(mol/L),train,,-2.4839999675750732,-4.687349512020219,-5.989253732299146,-3.3854452917412923,random,2034,node_gnn,node_gnn,none,none,721e3c494613d3aa378fb20e47d69b51245b538e
esol,011959fb02a50970,Cc1c(C)c(C)c(C)c(C)c1C,aqueous_solubility,log10(mol/L),train,,-5.230000019073486,-0.5087589752113106,-1.8106631954902375,0.7931452450676162,random,2034,node_gnn,node_gnn,none,none,721e3c494613d3aa378fb20e47d69b51245b538e
esol,255cf0d2a2107c67,Cc1c(C)c2c3ccccc3ccc2c2ccccc12,aqueous_solubility,log10(mol/L),train,,-7.010000228881836,-2.0269841049155986,-3.3288883251945256,-0.7250798846366717,random,2034,node_gnn,node_gnn,none,none,721e3c494613d3aa378fb20e47d69b51245b538e
esol,96b9df861fc1a5b7,Cc1c(F)c(F)c(COC(=O)C2C(C=C(Cl)C(F)(F)F)C2(C)C)c(F)c1F,aqueous_solubility,log10(mol/L),train,,-7.321000099182129,-0.8329674836269536,-2.1348717039058807,0.4689367366519732,random,2034,node_gnn,node_gnn,none,none,721e3c494613d3aa378fb20e47d69b51245b538e
esol,27f7cb057fe02c05,Cc1c(N(C)C)c(=O)n(-c2ccccc2)n1C,aqueous_solubility,log10(mol/L),train,,-0.36399999260902405,-4.698825960088785,-6.000730180367712,-3.3969217398098577,random,2034,node_gnn,node_gnn,none,none,721e3c494613d3aa378fb20e47d69b51245b538e
esol,a71940fe39e775e7,Cc1c(N)c(=O)n(-c2ccccc2)n1C,aqueous_solubility,log10(mol/L),test,,-0.6240000128746033,0.8496819449958952,-0.4522222752830316,2.1515861652748223,random,2034,node_gnn,node_gnn,none,none,721e3c494613d3aa378fb20e47d69b51245b538e
esol,405aedd218ada939,Cc1c([N+](=O)[O-])cc([N+](=O)[O-])cc1[N+](=O)[O-],aqueous_solubility,log10(mol/L),train,,-3.2200000286102295,-3.6344636002474573,-4.936367820526384,-2.3325593799685302,random,2034,node_gnn,node_gnn,none,none,721e3c494613d3aa378fb20e47d69b51245b538e
esol,6bbc2d7fd1aa6c13,Cc1c([N+](=O)[O-])cccc1[N+](=O)[O-],aqueous_solubility,log10(mol/L),train,,-3.0,-0.33617493898988826,-1.638079159268815,0.9657292812890386,random,2034,node_gnn,node_gnn,none,none,721e3c494613d3aa378fb20e47d69b51245b538e
esol,2e4e642d79dc2dce,Cc1c2ccccc2c(C)c2c1ccc1ccccc12,aqueous_solubility,log10(mol/L),train,,-7.019999980926514,-2.7622660674984805,-4.064170287777407,-1.4603618472195536,random,2034,node_gnn,node_gnn,none,none,721e3c494613d3aa378fb20e47d69b51245b538e
esol,74b6a8e9080bc721,Cc1c2ccccc2c(C)c2ccccc12,aqueous_solubility,log10(mol/L),calibration,,-6.570000171661377,-5.815381372476913,-7.11728559275584,-4.513477152197986,random,2034,node_gnn,node_gnn,none,none,721e3c494613d3aa378fb20e47d69b51245b538e
esol,64f1735379f646a8,Cc1c2ccccc2cc2ccccc12,aqueous_solubility,log10(mol/L),train,,-5.889999866485596,-3.2918759235608817,-4.593780143839808,-1.9899717032819548,random,2034,node_gnn,node_gnn,none,none,721e3c494613d3aa378fb20e47d69b51245b538e
esol,0ada1641492d4a17,Cc1c[nH]c(=O)[nH]c1=O,aqueous_solubility,log10(mol/L),calibration,,-1.50600004196167,-2.393608831687373,-3.6955130519662998,-1.0917046114084463,random,2034,node_gnn,node_gnn,none,none,721e3c494613d3aa378fb20e47d69b51245b538e
esol,b32a6b50a85ca7a0,Cc1c[nH]c(=O)nc1N,aqueous_solubility,log10(mol/L),test,,-1.4579999446868896,-2.164346621399235,-3.4662508416781614,-0.862442401120308,random,2034,node_gnn,node_gnn,none,none,721e3c494613d3aa378fb20e47d69b51245b538e
esol,855b948e58b48eae,Cc1c[nH]c2ccccc12,aqueous_solubility,log10(mol/L),train,,-2.4200000762939453,-0.6510513226260444,-1.9529555429049712,0.6508528976528825,random,2034,node_gnn,node_gnn,none,none,721e3c494613d3aa378fb20e47d69b51245b538e
esol,412aec08aadb9b06,Cc1cc(=O)[nH]c(=S)[nH]1,aqueous_solubility,log10(mol/L),calibration,,-2.436000108718872,-2.8499533559498538,-4.151857576228781,-1.548049135670927,random,2034,node_gnn,node_gnn,none,none,721e3c494613d3aa378fb20e47d69b51245b538e
esol,e96744a6c5b15c2c,Cc1cc(=O)n(-c2ccccc2)n1C,aqueous_solubility,log10(mol/L),train,,0.7149999737739563,-4.8750595090329165,-6.176963729311844,-3.5731552887539895,random,2034,node_gnn,node_gnn,none,none,721e3c494613d3aa378fb20e47d69b51245b538e
esol,c699d455e9ba8b21,Cc1cc(C(=O)NNCc2ccccc2)no1,aqueous_solubility,log10(mol/L),train,,-2.4609999656677246,-2.425434044074892,-3.7273382643538184,-1.123529823795965,random,2034,node_gnn,node_gnn,none,none,721e3c494613d3aa378fb20e47d69b51245b538e
esol,f4af7cb57402c3b2,Cc1cc(C)c(C)c(C)c1C,aqueous_solubility,log10(mol/L),validation,,-4.0,-5.006906622210019,-6.308810842488946,-3.7050024019310923,random,2034,node_gnn,node_gnn,none,none,721e3c494613d3aa378fb20e47d69b51245b538e
esol,10496a05f7b4af1b,Cc1cc(C)c(C)cc1C,aqueous_solubility,log10(mol/L),train,,-4.590000152587891,-2.2265849368996395,-3.5284891571785666,-0.9246807166207127,random,2034,node_gnn,node_gnn,none,none,721e3c494613d3aa378fb20e47d69b51245b538e
esol,30a7fa25e77ab523,Cc1cc(C)c(O)c(C)c1,aqueous_solubility,log10(mol/L),train,,-2.049999952316284,-6.1503436839349845,-7.452247904213912,-4.8484394636560575,random,2034,node_gnn,node_gnn,none,none,721e3c494613d3aa378fb20e47d69b51245b538e
esol,30cd61fe6a9269f3,Cc1cc(C)c2ccccc2c1,aqueous_solubility,log10(mol/L),train,,-4.289999961853027,-7.7762435438965305,-9.078147764175457,-6.4743393236176034,random,2034,node_gnn,node_gnn,none,none,721e3c494613d3aa378fb20e47d69b51245b538e
esol,ac4846758902f02f,Cc1cc(C)cc(C)c1,aqueous_solubility,log10(mol/L),train,,-3.4000000953674316,-3.1815615661310885,-4.483465786410015,-1.8796573458521617,random,2034,node_gnn,node_gnn,none,none,721e3c494613d3aa378fb20e47d69b51245b538e
esol,dc9647b3b1f901cf,Cc1cc(C)cc(O)c1,aqueous_solubility,log10(mol/L),train,,-1.399999976158142,-3.59373273549119,-4.895636955770117,-2.291828515212263,random,2034,node_gnn,node_gnn,none,none,721e3c494613d3aa378fb20e47d69b51245b538e
esol,3d3499c252e700d7,Cc1cc(Cl)ccc1N=CN(C)C,aqueous_solubility,log10(mol/L),train,,-2.859999895095825,-4.154447085139893,-5.45635130541882,-2.8525428648609656,random,2034,node_gnn,node_gnn,none,none,721e3c494613d3aa378fb20e47d69b51245b538e
esol,867fad1f4374306f,Cc1cc(OC(=O)N(C)C)n(-c2ccccc2)n1,aqueous_solubility,log10(mol/L),train,,-2.0899999141693115,-2.7072247496590665,-4.0091289699379935,-1.4053205293801396,random,2034,node_gnn,node_gnn,none,none,721e3c494613d3aa378fb20e47d69b51245b538e
esol,441ca226655131b8,Cc1cc(S(=O)(=O)c2ccccc2)ccc1NS(=O)(=O)C(F)(F)F,aqueous_solubility,log10(mol/L),train,,-3.799999952316284,-3.356986799642396,-4.658891019921323,-2.055082579363469,random,2034,node_gnn,node_gnn,none,none,721e3c494613d3aa378fb20e47d69b51245b538e
esol,1fa0d1470ef45a5f,Cc1cc([N+](=O)[O-])cc([N+](=O)[O-])c1O,aqueous_solubility,log10(mol/L),test,,-1.4559999704360962,-2.8537377044169077,-4.155641924695835,-1.5518334841379808,random,2034,node_gnn,node_gnn,none,none,721e3c494613d3aa378fb20e47d69b51245b538e
esol,15fb6126c6fb5019,Cc1cc2c3ccccc3ccc2c2ccccc12,aqueous_solubility,log10(mol/L),train,,-6.570000171661377,-3.753468634024573,-5.0553728543035,-2.451564413745646,random,2034,node_gnn,node_gnn,none,none,721e3c494613d3aa378fb20e47d69b51245b538e
esol,c93bd0af60161701,Cc1cc2ccccc2c2ccc3ccccc3c12,aqueous_solubility,log10(mol/L),train,,-6.590000152587891,-3.3768483843975123,-4.678752604676439,-2.0749441641185857,random,2034,node_gnn,node_gnn,none,none,721e3c494613d3aa378fb20e47d69b51245b538e
esol,efd1cc43cd7740a7,Cc1cc2ccccc2cc1C,aqueous_solubility,log10(mol/L),train,,-4.71999979019165,-3.9237736354851487,-5.225677855764076,-2.6218694152062216,random,2034,node_gnn,node_gnn,none,none,721e3c494613d3aa378fb20e47d69b51245b538e
esol,6f06d12b282eda81,Cc1cc2nc3c(=O)[nH]c(=O)nc-3n(CC(O)C(O)C(O)CO)c2cc1C,aqueous_solubility,log10(mol/L),train,,-3.684999942779541,-3.728013198899682,-5.0299174191786085,-2.4261089786207553,random,2034,node_gnn,node_gnn,none,none,721e3c494613d3aa378fb20e47d69b51245b538e
esol,2a4331f10b97d5ab,Cc1ccc(-c2ccccc2)cc1,aqueous_solubility,log10(mol/L),train,,-4.619999885559082,-3.9521211419854927,-5.25402536226442,-2.6502169217065656,random,2034,node_gnn,node_gnn,none,none,721e3c494613d3aa378fb20e47d69b51245b538e
esol,93239662ab8fbc9f,Cc1ccc(Br)cc1,aqueous_solubility,log10(mol/L),test,,-3.190000057220459,-3.149797542452898,-4.451701762731825,-1.8478933221739713,random,2034,node_gnn,node_gnn,none,none,721e3c494613d3aa378fb20e47d69b51245b538e
esol,5a420868d7b8f3d4,Cc1ccc(C(C)C)c(O)c1,aqueous_solubility,log10(mol/L),train,,-2.2200000286102295,0.1512573952656422,-1.1506468250132846,1.453161615544569,random,2034,node_gnn,node_gnn,none,none,721e3c494613d3aa378fb20e47d69b51245b538e
esol,55d42f10edd4630a,Cc1ccc(C(C)C)cc1,aqueous_solubility,log10(mol/L),train,,-3.7699999809265137,-2.456845118104784,-3.758749338383711,-1.1549408978258573,random,2034,node_gnn,node_gnn,none,none,721e3c494613d3aa378fb20e47d69b51245b538e
esol,80356e4fbac18ade,Cc1ccc(C(C)C)cc1O,aqueous_solubility,log10(mol/L),calibration,,-2.0799999237060547,-2.5617382863742932,-3.8636425066532203,-1.2598340660953664,random,2034,node_gnn,node_gnn,none,none,721e3c494613d3aa378fb20e47d69b51245b538e
esol,b3cdd1fa6b9ddc97,Cc1ccc(C)c(C)c1,aqueous_solubility,log10(mol/L),train,,-3.309999942779541,-5.1451771362660494,-6.4470813565449765,-3.8432729159871224,random,2034,node_gnn,node_gnn,none,none,721e3c494613d3aa378fb20e47d69b51245b538e
esol,c41a4db964d8c35c,Cc1ccc(C)c2ccccc12,aqueous_solubility,log10(mol/L),train,,-4.139999866485596,-4.087899618086385,-5.389803838365312,-2.785995397807458,random,2034,node_gnn,node_gnn,none,none,721e3c494613d3aa378fb20e47d69b51245b538e
esol,e70d51f4f2d7e744,Cc1ccc(C)cc1,aqueous_solubility,log10(mol/L),train,,-2.7699999809265137,-8.550530287299217,-9.852434507578144,-7.24862606702029,random,2034,node_gnn,node_gnn,none,none,721e3c494613d3aa378fb20e47d69b51245b538e
esol,407f9df507c39d4f,Cc1ccc(Cl)cc1,aqueous_solubility,log10(mol/L),validation,,-3.0799999237060547,-2.9478099003169675,-4.249714120595894,-1.6459056800380407,random,2034,node_gnn,node_gnn,none,none,721e3c494613d3aa378fb20e47d69b51245b538e
esol,01cfad37701e8c61,Cc1ccc(N)cc1,aqueous_solubility,log10(mol/L),train,,-1.2100000381469727,-4.771355908923586,-6.073260129202513,-3.469451688644659,random,2034,node_gnn,node_gnn,none,none,721e3c494613d3aa378fb20e47d69b51245b538e
esol,5140ae913c5e9340,Cc1ccc(N=CN(C)C=Nc2ccc(C)cc2C)c(C)c1,aqueous_solubility,log10(mol/L),calibration,,-5.46999979019165,-4.772504933156029,-6.0744091534349565,-3.4706007128771024,random,2034,node_gnn,node_gnn,none,none,721e3c494613d3aa378fb20e47d69b51245b538e
esol,ec39337ff30f2e1c,Cc1ccc(NC(=O)N(C)C)cc1Cl,aqueous_solubility,log10(mol/L),train,,-3.4830000400543213,-2.095122074525772,-3.397026294804699,-0.7932178542468453,random,2034,node_gnn,node_gnn,none,none,721e3c494613d3aa378fb20e47d69b51245b538e
esol,543e85576d5b1ad7,Cc1ccc(O)c(C)c1,aqueous_solubility,log10(mol/L),train,,-1.190000057220459,0.3958300489832842,-0.9060741712956426,1.697734269262211,random,2034,node_gnn,node_gnn,none,none,721e3c494613d3aa378fb20e47d69b51245b538e
esol,807595891e8d435d,Cc1ccc(O)cc1,aqueous_solubility,log10(mol/L),train,,-0.7300000190734863,-1.4050958033069225,-2.7070000235858496,-0.10319158302799569,random,2034,node_gnn,node_gnn,none,none,721e3c494613d3aa378fb20e47d69b51245b538e
esol,6d71e1108f6d1e43,Cc1ccc(O)cc1C,aqueous_solubility,log10(mol/L),train,,-1.3799999952316284,-2.5809981122510246,-3.8829023325299517,-1.2790938919720978,random,2034,node_gnn,node_gnn,none,none,721e3c494613d3aa378fb20e47d69b51245b538e
esol,be3de4bd034b2ced,Cc1ccc(OP(=O)(Oc2cccc(C)c2)Oc2ccccc2C)cc1,aqueous_solubility,log10(mol/L),train,,-6.010000228881836,-3.0758571814408215,-4.377761401719749,-1.7739529611618947,random,2034,node_gnn,node_gnn,none,none,721e3c494613d3aa378fb20e47d69b51245b538e
esol,a1641c5766fa1d1e,Cc1ccc(S(N)(=O)=O)cc1,aqueous_solubility,log10(mol/L),train,,-1.7400000095367432,-5.398588055548411,-6.700492275827338,-4.096683835269484,random,2034,node_gnn,node_gnn,none,none,721e3c494613d3aa378fb20e47d69b51245b538e
esol,b040d11e09a9051b,Cc1ccc([N+](=O)[O-])cc1,aqueous_solubility,log10(mol/L),train,,-2.490000009536743,-0.7633614199469148,-2.0652656402258414,0.5385428003320121,random,2034,node_gnn,node_gnn,none,none,721e3c494613d3aa378fb20e47d69b51245b538e
esol,2514a688d2813b05,Cc1ccc([N+](=O)[O-])cc1[N+](=O)[O-],aqueous_solubility,log10(mol/L),test,,-2.819999933242798,-3.08402425859267,-4.385928478871596,-1.782120038313743,random,2034,node_gnn,node_gnn,none,none,721e3c494613d3aa378fb20e47d69b51245b538e
esol,75d407b5695faf1e,Cc1ccc2c(c1)C(=O)N(C)c1cc(N)ccc1O2,aqueous_solubility,log10(mol/L),test,,-3.927999973297119,-3.6848772559229364,-4.986781476201863,-2.3829730356440093,random,2034,node_gnn,node_gnn,none,none,721e3c494613d3aa378fb20e47d69b51245b538e
esol,cf6110a1ac72a9f2,Cc1ccc2c(c1)Oc1ncc(N)cc1C(=O)N2C,aqueous_solubility,log10(mol/L),train,,-3.0429999828338623,-5.879822667921999,-7.181726888200926,-4.577918447643072,random,2034,node_gnn,node_gnn,none,none,721e3c494613d3aa378fb20e47d69b51245b538e
esol,484807ab7d19194e,Cc1ccc2c(ccc3c4c5c(cccc5cc32)CC4)c1,aqueous_solubility,log10(mol/L),calibration,,-7.920000076293945,-7.877740435883917,-9.179644656162843,-6.57583621560499,random,2034,node_gnn,node_gnn,none,none,721e3c494613d3aa378fb20e47d69b51245b538e
esol,0d7d0a46ef5fcffa,Cc1ccc2c(ccc3ccccc32)c1,aqueous_solubility,log10(mol/L),train,,-5.840000152587891,-1.2111802552400306,-2.5130844755189576,0.09072396503889624,random,2034,node_gnn,node_gnn,none,none,721e3c494613d3aa378fb20e47d69b51245b538e
esol,f21bb8ad915e950d,Cc1ccc2cc(C)ccc2c1,aqueous_solubility,log10(mol/L),validation,,-4.889999866485596,-4.846731699735779,-6.148635920014706,-3.5448274794568517,random,2034,node_gnn,node_gnn,none,none,721e3c494613d3aa378fb20e47d69b51245b538e
esol,6a4cbbb1228ffe70,Cc1ccc2cc3ccccc3cc2c1,aqueous_solubility,log10(mol/L),train,,-6.960000038146973,-5.081212301875168,-6.383116522154095,-3.779308081596241,random,2034,node_gnn,node_gnn,none,none,721e3c494613d3aa378fb20e47d69b51245b538e
esol,7c337e72c4fb8697,Cc1ccc2ccc(C)nc2c1,aqueous_solubility,log10(mol/L),train,,-1.940000057220459,-7.079297092178466,-8.381201312457392,-5.777392871899539,random,2034,node_gnn,node_gnn,none,none,721e3c494613d3aa378fb20e47d69b51245b538e
esol,62365c0b67433ee7,Cc1ccc2ccccc2c1,aqueous_solubility,log10(mol/L),train,,-3.7699999809265137,-0.8951845485169594,-2.1970887687958864,0.40671967176196744,random,2034,node_gnn,node_gnn,none,none,721e3c494613d3aa378fb20e47d69b51245b538e
esol,39db8370e4db7035,Cc1cccc(C)c1,aqueous_solubility,log10(mol/L),calibration,,-2.819999933242798,-2.934659376384759,-4.236563596663686,-1.632755156105832,random,2034,node_gnn,node_gnn,none,none,721e3c494613d3aa378fb20e47d69b51245b538e
esol,84bea6e6f81eeef8,Cc1cccc(C)c1C,aqueous_solubility,log10(mol/L),test,,-3.200000047683716,-3.7712545871566814,-5.073158807435608,-2.4693503668777543,random,2034,node_gnn,node_gnn,none,none,721e3c494613d3aa378fb20e47d69b51245b538e
esol,ca35ffe188dcb62e,Cc1cccc(C)c1NC(=O)c1cc(S(N)(=O)=O)c(Cl)cc1O,aqueous_solubility,log10(mol/L),train,,-3.7899999618530273,-2.102909429056352,-3.4048136493352787,-0.8010052087774253,random,2034,node_gnn,node_gnn,none,none,721e3c494613d3aa378fb20e47d69b51245b538e
esol,9e3832bcb765a66a,Cc1cccc(C)c1O,aqueous_solubility,log10(mol/L),train,,-1.2899999618530273,-1.6805950544191353,-2.9824992746980623,-0.37869083414020843,random,2034,node_gnn,node_gnn,none,none,721e3c494613d3aa378fb20e47d69b51245b538e
esol,09c3568484741bd2,Cc1cccc(C)n1,aqueous_solubility,log10(mol/L),train,,0.44999998807907104,-3.976059271100647,-5.277963491379574,-2.67415505082172,random,2034,node_gnn,node_gnn,none,none,721e3c494613d3aa378fb20e47d69b51245b538e
esol,f8b18cec21f70926,Cc1cccc(N)c1,aqueous_solubility,log10(mol/L),calibration,,-0.8500000238418579,-1.7093156893272132,-3.0112199096061403,-0.4074114690482864,random,2034,node_gnn,node_gnn,none,none,721e3c494613d3aa378fb20e47d69b51245b538e
esol,e5c2622998da5c45,Cc1cccc(O)c1,aqueous_solubility,log10(mol/L),train,,-0.6800000071525574,-0.8793022648316051,-2.1812064851105317,0.4226019554473217,random,2034,node_gnn,node_gnn,none,none,721e3c494613d3aa378fb20e47d69b51245b538e
esol,5bbfd578bb7356ff,Cc1cccc([N+](=O)[O-])c1,aqueous_solubility,log10(mol/L),train,,-2.440000057220459,-3.2253471439959047,-4.527251364274831,-1.923442923716978,random,2034,node_gnn,node_gnn,none,none,721e3c494613d3aa378fb20e47d69b51245b538e
esol,fbc530657b31c9ba,Cc1cccc2c(C)cccc12,aqueous_solubility,log10(mol/L),train,,-4.678999900817871,-0.2961922262058656,-1.5980964464847924,1.0057119940730612,random,2034,node_gnn,node_gnn,none,none,721e3c494613d3aa378fb20e47d69b51245b538e
esol,0dd4170e780f9e1b,Cc1cccc2c1Cc1ccccc1-2,aqueous_solubility,log10(mol/L),train,,-5.21999979019165,-2.2197895260661573,-3.5216937463450844,-0.9178853057872305,random,2034,node_gnn,node_gnn,none,none,721e3c494613d3aa378fb20e47d69b51245b538e
esol,92d50cda130f67ac,Cc1cccc2c1ccc1ccccc12,aqueous_solubility,log10(mol/L),train,,-5.849999904632568,-4.804845876731591,-6.106750097010518,-3.5029416564526636,random,2034,node_gnn,node_gnn,none,none,721e3c494613d3aa378fb20e47d69b51245b538e
esol,629d13feb3a3b8cd,Cc1cccc2ccccc12,aqueous_solubility,log10(mol/L),test,,-3.700000047683716,-3.9221257189986334,-5.22402993927756,-2.6202214987197063,random,2034,node_gnn,node_gnn,none,none,721e3c494613d3aa378fb20e47d69b51245b538e
esol,b79b110dff884a0e,Cc1cccc2sc3nncn3c12,aqueous_solubility,log10(mol/L),train,,-2.069999933242798,-3.4240847010006354,-4.725988921279562,-2.122180480721709,random,2034,node_gnn,node_gnn,none,none,721e3c494613d3aa378fb20e47d69b51245b538e
esol,613c1068601fad75,Cc1ccccc1,aqueous_solubility,log10(mol/L),train,,-2.2100000381469727,-3.530492099533639,-4.832396319812566,-2.228587879254712,random,2034,node_gnn,node_gnn,none,none,721e3c494613d3aa378fb20e47d69b51245b538e
esol,e3961bd7a5f3a550,Cc1ccccc1-n1c(C)nc2ccccc2c1=O,aqueous_solubility,log10(mol/L),train,,-2.924999952316284,-4.362361317466316,-5.664265537745243,-3.0604570971873892,random,2034,node_gnn,node_gnn,none,none,721e3c494613d3aa378fb20e47d69b51245b538e
esol,2ff33823d5772c05,Cc1ccccc1Br,aqueous_solubility,log10(mol/L),train,,-2.2300000190734863,-2.4852812309514105,-3.7871854512303376,-1.1833770106724837,random,2034,node_gnn,node_gnn,none,none,721e3c494613d3aa378fb20e47d69b51245b538e
esol,c0b1929de20edfb4,Cc1ccccc1C,aqueous_solubility,log10(mol/L),train,,-2.799999952316284,-4.0711638303529645,-5.3730680506318915,-2.7692596100740374,random,2034,node_gnn,node_gnn,none,none,721e3c494613d3aa378fb20e47d69b51245b538e
esol,00f0fa1f0651f60d,Cc1ccccc1C(C)C,aqueous_solubility,log10(mol/L),test,,-3.759999990463257,-3.7468071890274066,-5.048711409306334,-2.4449029687484796,random,2034,node_gnn,node_gnn,none,none,721e3c494613d3aa378fb20e47d69b51245b538e
esol,a7f475b5b8228872,Cc1ccccc1Cl,aqueous_solubility,log10(mol/L),validation,,-3.5199999809265137,-2.76827098047964,-4.070175200758567,-1.466366760200713,random,2034,node_gnn,node_gnn,none,none,721e3c494613d3aa378fb20e47d69b51245b538e
esol,0dd4c8702dc1fdce,Cc1ccccc1N,aqueous_solubility,log10(mol/L),train,,-2.2100000381469727,-4.345891348771745,-5.647795569050672,-3.0439871284928177,random,2034,node_gnn,node_gnn,none,none,721e3c494613d3aa378fb20e47d69b51245b538e
esol,a7dff4308003efd2,Cc1ccccc1N1C(=O)c2cc(S(N)(=O)=O)c(Cl)cc2NC1C,aqueous_solubility,log10(mol/L),train,,-3.7799999713897705,-1.6459752003553028,-2.9478794206342296,-0.34407098007637593,random,2034,node_gnn,node_gnn,none,none,721e3c494613d3aa378fb20e47d69b51245b538e
esol,24d16ceffc604697,Cc1ccccc1O,aqueous_solubility,log10(mol/L),calibration,,-0.6200000047683716,-0.8148542586674448,-2.1167584789463714,0.48704996161148206,random,2034,node_gnn,node_gnn,none,none,721e3c494613d3aa378fb20e47d69b51245b538e
esol,805826dee21e2541,Cc1ccccc1[N+](=O)[O-],aqueous_solubility,log10(mol/L),train,,-2.3299999237060547,-5.231220733498471,-6.533124953777398,-3.9293165132195442,random,2034,node_gnn,node_gnn,none,none,721e3c494613d3aa378fb20e47d69b51245b538e
esol,474ee05eaf81182e,Cc1cccnc1C,aqueous_solubility,log10(mol/L),train,,0.3799999952316284,-1.26155364660107,-2.5634578668799968,0.04035057367785688,random,2034,node_gnn,node_gnn,none,none,721e3c494613d3aa378fb20e47d69b51245b538e
esol,c62348f6c851f984,Cc1ccnc(C)c1,aqueous_solubility,log10(mol/L),validation,,0.3799999952316284,0.3075694290051558,-0.994334791273771,1.6094736492840827,random,2034,node_gnn,node_gnn,none,none,721e3c494613d3aa378fb20e47d69b51245b538e
esol,4de2045f3a11fa0a,Cc1ccnc2c1NC(=O)c1cccnc1N2C1CC1,aqueous_solubility,log10(mol/L),train,,-3.190000057220459,-3.344514617563182,-4.646418837842109,-2.042610397284255,random,2034,node_gnn,node_gnn,none,none,721e3c494613d3aa378fb20e47d69b51245b538e
esol,acc76910d8f4ff6b,Cc1ccncc1C,aqueous_solubility,log10(mol/L),calibration,,0.36000001430511475,-0.32236502477243745,-1.6242692450513643,0.9795391955064894,random,2034,node_gnn,node_gnn,none,none,721e3c494613d3aa378fb20e47d69b51245b538e
esol,ee3c8e9fe56171f6,Cc1cnc2cncnc2n1,aqueous_solubility,log10(mol/L),train,,-0.8539999723434448,-4.369660342911736,-5.671564563190663,-3.067756122632809,random,2034,node_gnn,node_gnn,none,none,721e3c494613d3aa378fb20e47d69b51245b538e
esol,b7bc00c49d3331ef,Cc1cncc(C)c1,aqueous_solubility,log10(mol/L),train,,0.3799999952316284,-2.73360725819668,-4.035511478475607,-1.4317030379177533,random,2034,node_gnn,node_gnn,none,none,721e3c494613d3aa378fb20e47d69b51245b538e
esol,042b34bcb74741d5,Cc1nc(N(C)C)nc(OC(=O)N(C)C)c1C,aqueous_solubility,log10(mol/L),train,,-1.9500000476837158,-6.8293501466636926,-8.131254366942619,-5.5274459263847655,random,2034,node_gnn,node_gnn,none,none,721e3c494613d3aa378fb20e47d69b51245b538e
esol,cec71bf80bd8f6e3,Cc1ncc([N+](=O)[O-])n1CCO,aqueous_solubility,log10(mol/L),train,,-1.2400000095367432,-1.3286817151269954,-2.6305859354059224,-0.026777494848068573,random,2034,node_gnn,node_gnn,none,none,721e3c494613d3aa378fb20e47d69b51245b538e
esol,1cb0421cc2c2827f,Cc1ncc2nccnc2n1,aqueous_solubility,log10(mol/L),test,,-0.11999999731779099,-1.1792047973088144,-2.481109017587741,0.12269942297011238,random,2034,node_gnn,node_gnn,none,none,721e3c494613d3aa378fb20e47d69b51245b538e
esol,cfa09bff2b7e2c4b,Cc1ncnc2nccnc12,aqueous_solubility,log10(mol/L),validation,,-0.4659999907016754,-1.1885850155749935,-2.4904892358539206,0.11331920470393331,random,2034,node_gnn,node_gnn,none,none,721e3c494613d3aa378fb20e47d69b51245b538e
esol,284d1cdd17c0d81f,Cc1nnc2n1-c1ccc(Cl)cc1C(c1ccccc1Cl)=NC2,aqueous_solubility,log10(mol/L),train,,-4.090000152587891,-2.285278439322135,-3.587182659601062,-0.9833742190432082,random,2034,node_gnn,node_gnn,none,none,721e3c494613d3aa378fb20e47d69b51245b538e
esol,ec2b7fe9f13b2d9c,Cc1occc1C(=O)Nc1ccccc1,aqueous_solubility,log10(mol/L),train,,-3.299999952316284,-2.2498060753908393,-3.551710295669766,-0.9479018551119125,random,2034,node_gnn,node_gnn,none,none,721e3c494613d3aa378fb20e47d69b51245b538e
esol,cdc579c966071175,Cl/C=C\Cl,aqueous_solubility,log10(mol/L),train,,-1.2999999523162842,-1.8325770588128736,-3.1344812790918004,-0.5306728385339468,random,2034,node_gnn,node_gnn,none,none,721e3c494613d3aa378fb20e47d69b51245b538e
esol,02468b6be0148620,ClC(Br)Br,aqueous_solubility,log10(mol/L),validation,,-1.899999976158142,-1.6383349224177464,-2.940239142696673,-0.33643070213881954,random,2034,node_gnn,node_gnn,none,none,721e3c494613d3aa378fb20e47d69b51245b538e
esol,0ca70198c63a232f,ClC(Cl)(Cl)C(Cl)(Cl)Cl,aqueous_solubility,log10(mol/L),train,,-3.6700000762939453,-3.5975353209586887,-4.899439541237616,-2.2956311006797616,random,2034,node_gnn,node_gnn,none,none,721e3c494613d3aa378fb20e47d69b51245b538e
esol,d2ba0174e7c2c4be,ClC(Cl)(Cl)Cl,aqueous_solubility,log10(mol/L),calibration,,-2.309999942779541,-1.751831822833992,-3.053736043112919,-0.44992760255506514,random,2034,node_gnn,node_gnn,none,none,721e3c494613d3aa378fb20e47d69b51245b538e
esol,41b1caa188d009ed,ClC(Cl)=C(Cl)C(Cl)=C(Cl)Cl,aqueous_solubility,log10(mol/L),train,,-4.920000076293945,0.47391697030110125,-0.8279872499778256,1.775821190580028,random,2034,node_gnn,node_gnn,none,none,721e3c494613d3aa378fb20e47d69b51245b538e
esol,0a598a4f3d7fd0d1,ClC(Cl)=C(Cl)Cl,aqueous_solubility,log10(mol/L),train,,-2.5399999618530273,-3.331569764743313,-4.63347398502224,-2.029665544464386,random,2034,node_gnn,node_gnn,none,none,721e3c494613d3aa378fb20e47d69b51245b538e
esol,4ab2bc44793c9976,ClC(Cl)=C(c1ccc(Cl)cc1)c1ccc(Cl)cc1,aqueous_solubility,log10(mol/L),calibration,,-6.900000095367432,-7.55118889233108,-8.853093112610006,-6.249284672052153,random,2034,node_gnn,node_gnn,none,none,721e3c494613d3aa378fb20e47d69b51245b538e
esol,67aa014f03d20911,ClC(Cl)Br,aqueous_solubility,log10(mol/L),train,,-1.5399999618530273,-1.3324038030337577,-2.6343080233126845,-0.03049958275483089,random,2034,node_gnn,node_gnn,none,none,721e3c494613d3aa378fb20e47d69b51245b538e
esol,54b833be7f8d53bc,ClC(Cl)C(Cl)(Cl)Cl,aqueous_solubility,log10(mol/L),train,,-2.5999999046325684,-4.133825169700139,-5.435729389979066,-2.831920949421212,random,2034,node_gnn,node_gnn,none,none,721e3c494613d3aa378fb20e47d69b51245b538e
esol,84612cb9c965a207,ClC(Cl)C(Cl)Cl,aqueous_solubility,log10(mol/L),train,,-1.7400000095367432,-1.4556681550612283,-2.757572375340155,-0.15376393478230144,random,2034,node_gnn,node_gnn,none,none,721e3c494613d3aa378fb20e47d69b51245b538e
esol,98805ccd27cea784,ClC(Cl)Cl,aqueous_solubility,log10(mol/L),train,,-1.1699999570846558,-4.001189236350482,-5.3030934566294095,-2.6992850160715554,random,2034,node_gnn,node_gnn,none,none,721e3c494613d3aa378fb20e47d69b51245b538e
esol,06320f68e141f9e5,ClC1(Cl)C2(Cl)C3(Cl)C4(Cl)C(Cl)(Cl)C5(Cl)C3(Cl)C1(Cl)C5(Cl)C24Cl,aqueous_solubility,log10(mol/L),train,,-6.800000190734863,-4.202117050894985,-5.5040212711739125,-2.9002128306160584,random,2034,node_gnn,node_gnn,none,none,721e3c494613d3aa378fb20e47d69b51245b538e
esol,e4dfffaeb7fece39,ClC1=C(Cl)C(Cl)(C2(Cl)C(Cl)=C(Cl)C(Cl)=C2Cl)C(Cl)=C1Cl,aqueous_solubility,log10(mol/L),calibration,,-7.2779998779296875,-5.534075733822793,-6.83597995410172,-4.232171513543866,random,2034,node_gnn,node_gnn,none,none,721e3c494613d3aa378fb20e47d69b51245b538e
esol,75fac8bbc9bd1273,ClC1=C(Cl)C2(Cl)C3C(Cl)C(Cl)CC3C1(Cl)C2(Cl)Cl,aqueous_solubility,log10(mol/L),train,,-6.860000133514404,-5.637474244759439,-6.939378465038366,-4.3355700244805115,random,2034,node_gnn,node_gnn,none,none,721e3c494613d3aa378fb20e47d69b51245b538e
esol,ff8fb7708cb3f0c6,ClC1=C(Cl)C2(Cl)C3C(Cl)C=CC3C1(Cl)C2(Cl)Cl,aqueous_solubility,log10(mol/L),train,,-6.316999912261963,-3.04699813018482,-4.348902350463747,-1.7450939099058933,random,2034,node_gnn,node_gnn,none,none,721e3c494613d3aa378fb20e47d69b51245b538e
esol,c61121c1c8eea03b,ClC1=C(Cl)C2(Cl)C3C4C=CC(C4)C3C1(Cl)C2(Cl)Cl,aqueous_solubility,log10(mol/L),train,,-6.307000160217285,-5.4945533266581705,-6.796457546937098,-4.1926491063792435,random,2034,node_gnn,node_gnn,none,none,721e3c494613d3aa378fb20e47d69b51245b538e
esol,602d941d17fdc2a1,ClC1=C(Cl)C2(Cl)C3C4CC(C5OC45)C3C1(Cl)C2(Cl)Cl,aqueous_solubility,log10(mol/L),train,,-6.289999961853027,-2.4604504519269277,-3.7623546722058547,-1.1585462316480009,random,2034,node_gnn,node_gnn,none,none,721e3c494613d3aa378fb20e47d69b51245b538e
esol,c0c11f69a53518bf,ClC1=C(Cl)C2(Cl)C3CC=CC3C1(Cl)C2(Cl)Cl,aqueous_solubility,log10(mol/L),train,,-5.639999866485596,-2.3152324795413755,-3.6171366998203025,-1.0133282592624486,random,2034,node_gnn,node_gnn,none,none,721e3c494613d3aa378fb20e47d69b51245b538e
esol,acc3e463d708804a,ClC1C(Cl)C(Cl)C(Cl)C(Cl)C1Cl,aqueous_solubility,log10(mol/L),calibration,,-4.639999866485596,-3.432485930985705,-4.734390151264632,-2.130581710706778,random,2034,node_gnn,node_gnn,none,none,721e3c494613d3aa378fb20e47d69b51245b538e
esol,d8c7cd86e810e44c,ClC=C(Cl)Cl,aqueous_solubility,log10(mol/L),train,,-1.9600000381469727,-1.6400173245439442,-2.941921544822871,-0.3381131042650174,random,2034,node_gnn,node_gnn,none,none,721e3c494613d3aa378fb20e47d69b51245b538e
esol,799ae202d8673e0d,ClCBr,aqueous_solubility,log10(mol/L),train,,-0.8899999856948853,-7.047871291848384,-8.34977551212731,-5.745967071569457,random,2034,node_gnn,node_gnn,none,none,721e3c494613d3aa378fb20e47d69b51245b538e
esol,2f88b15161704fe1,ClCC(Cl)(Cl)Cl,aqueous_solubility,log10(mol/L),train,,-2.180000066757202,-2.0545201736346597,-3.3564243939135867,-0.7526159533557328,random,2034,node_gnn,node_gnn,none,none,721e3c494613d3aa378fb20e47d69b51245b538e
esol,a707f7db404f8b28,ClCC(Cl)Cl,aqueous_solubility,log10(mol/L),train,,-1.4800000190734863,-7.9522870800728285,-9.254191300351755,-6.650382859793901,random,2034,node_gnn,node_gnn,none,none,721e3c494613d3aa378fb20e47d69b51245b538e
esol,8842b999c889ea96,ClCCBr,aqueous_solubility,log10(mol/L),train,,-1.3200000524520874,-2.606485205814507,-3.908389426093434,-1.30458098553558,random,2034,node_gnn,node_gnn,none,none,721e3c494613d3aa378fb20e47d69b51245b538e
esol,02febcd9230316dc,ClCCCCl,aqueous_solubility,log10(mol/L),train,,-1.6200000047683716,-2.993311899925506,-4.295216120204433,-1.6914076796465791,random,2034,node_gnn,node_gnn,none,none,721e3c494613d3aa378fb20e47d69b51245b538e
esol,9568f991b43a2bb3,ClCCCl,aqueous_solubility,log10(mol/L),train,,-1.059999942779541,-0.7095446840658073,-2.011448904344734,0.5923595362131195,random,2034,node_gnn,node_gnn,none,none,721e3c494613d3aa378fb20e47d69b51245b538e
esol,ff331298818c6b38,ClCCl,aqueous_solubility,log10(mol/L),train,,-0.6299999952316284,-7.781181638953894,-9.08308585923282,-6.479277418674967,random,2034,node_gnn,node_gnn,none,none,721e3c494613d3aa378fb20e47d69b51245b538e
esol,aafa74db54a6879c,ClCc1ccccc1,aqueous_solubility,log10(mol/L),validation,,-2.390000104904175,-2.4347946272741527,-3.73669884755308,-1.132890406995226,random,2034,node_gnn,node_gnn,none,none,721e3c494613d3aa378fb20e47d69b51245b538e
esol,f7d72e8c224bfbc6,Clc1c(Cl)c(Cl)c(-c2c(Cl)c(Cl)c(Cl)c(Cl)c2Cl)c(Cl)c1Cl,aqueous_solubility,log10(mol/L),train,,-11.600000381469727,-4.664500383483574,-5.966404603762501,-3.362596163204647,random,2034,node_gnn,node_gnn,none,none,721e3c494613d3aa378fb20e47d69b51245b538e
esol,d6d8debb73fe7fc2,Clc1c(Cl)c(Cl)c(-c2ccccc2)c(Cl)c1Cl,aqueous_solubility,log10(mol/L),train,,-7.920000076293945,-4.034706792670233,-5.33661101294916,-2.7328025723913063,random,2034,node_gnn,node_gnn,none,none,721e3c494613d3aa378fb20e47d69b51245b538e
esol,8d2e833fc0a927e0,Clc1c(Cl)c(Cl)c2nccnc2c1Cl,aqueous_solubility,log10(mol/L),validation,,-5.429999828338623,-2.9003645417078965,-4.202268761986823,-1.5984603214289697,random,2034,node_gnn,node_gnn,none,none,721e3c494613d3aa378fb20e47d69b51245b538e
esol,2961e60af2c2e639,Clc1cc(-c2cc(Cl)c(Cl)c(Cl)c2Cl)c(Cl)c(Cl)c1Cl,aqueous_solubility,log10(mol/L),calibration,,-9.15999984741211,-9.45964084487833,-10.761545065157256,-8.157736624599403,random,2034,node_gnn,node_gnn,none,none,721e3c494613d3aa378fb20e47d69b51245b538e
esol,774278a3eb0e299f,Clc1cc(Cl)c(-c2c(Cl)cc(Cl)cc2Cl)c(Cl)c1,aqueous_solubility,log10(mol/L),calibration,,-8.710000038146973,-7.07100363758444,-8.372907857863366,-5.769099417305513,random,2034,node_gnn,node_gnn,none,none,721e3c494613d3aa378fb20e47d69b51245b538e
esol,65c97c9a853ac7b7,Clc1cc(Cl)c(-c2c(Cl)cccc2Cl)c(Cl)c1,aqueous_solubility,log10(mol/L),train,,-7.320000171661377,-3.247459289558022,-4.549363509836949,-1.9455550692790953,random,2034,node_gnn,node_gnn,none,none,721e3c494613d3aa378fb20e47d69b51245b538e
esol,e95750f09c02f459,Clc1cc(Cl)c(-c2cc(Cl)c(Cl)cc2Cl)cc1Cl,aqueous_solubility,log10(mol/L),train,,-8.5600004196167,-3.328946308539657,-4.630850528818584,-2.02704208826073,random,2034,node_gnn,node_gnn,none,none,721e3c494613d3aa378fb20e47d69b51245b538e
esol,b157946c30a80eb4,Clc1cc(Cl)c(-c2cccc(Cl)c2Cl)cc1Cl,aqueous_solubility,log10(mol/L),validation,,-7.210000038146973,-7.476390720449494,-8.77829494072842,-6.174486500170567,random,2034,node_gnn,node_gnn,none,none,721e3c494613d3aa378fb20e47d69b51245b538e
esol,a0bcec40342b3841,Clc1cc(Cl)c(Cl)c(-c2c(Cl)c(Cl)cc(Cl)c2Cl)c1Cl,aqueous_solubility,log10(mol/L),train,,-9.149999618530273,-4.477078823118455,-5.778983043397382,-3.175174602839528,random,2034,node_gnn,node_gnn,none,none,721e3c494613d3aa378fb20e47d69b51245b538e
esol,2616b1e4874424ae,Clc1cc(Cl)c(Cl)c(Cl)c1,aqueous_solubility,log10(mol/L),train,,-4.630000114440918,-5.53610908170201,-6.838013301980937,-4.234204861423083,random,2034,node_gnn,node_gnn,none,none,721e3c494613d3aa378fb20e47d69b51245b538e
esol,4ae057200d12c27a,Clc1cc(Cl)c(Cl)c(Cl)c1Cl,aqueous_solubility,log10(mol/L),train,,-5.650000095367432,-4.822223656589694,-6.124127876868621,-3.520319436310767,random,2034,node_gnn,node_gnn,none,none,721e3c494613d3aa378fb20e47d69b51245b538e
esol,0c3f97461e3a6ac5,Clc1cc(Cl)c(Cl)cc1Cl,aqueous_solubility,log10(mol/L),calibration,,-5.559999942779541,-5.124607166762827,-6.426511387041754,-3.8227029464838997,random,2034,node_gnn,node_gnn,none,none,721e3c494613d3aa378fb20e47d69b51245b538e
esol,2ed6ea5c9ed07a30,Clc1cc(Cl)cc(Cl)c1,aqueous_solubility,log10(mol/L),train,,-4.480000019073486,-3.7259338701675544,-5.0278380904464814,-2.4240296498886273,random,2034,node_gnn,node_gnn,none,none,721e3c494613d3aa378fb20e47d69b51245b538e
esol,c0af4f765a7a2f7b,Clc1ccc(-c2c(Cl)c(Cl)c(Cl)c(Cl)c2Cl)c(Cl)c1,aqueous_solubility,log10(mol/L),train,,-7.920000076293945,-3.527899897882704,-4.829804118161631,-2.225995677603777,random,2034,node_gnn,node_gnn,none,none,721e3c494613d3aa378fb20e47d69b51245b538e
esol,b77c693b7971506a,Clc1ccc(-c2c(Cl)cc(Cl)c(Cl)c2Cl)c(Cl)c1Cl,aqueous_solubility,log10(mol/L),validation,,-7.659999847412109,-8.62546565610408,-9.927369876383006,-7.323561435825153,random,2034,node_gnn,node_gnn,none,none,721e3c494613d3aa378fb20e47d69b51245b538e
esol,74e4508e371d2f48,Clc1ccc(-c2c(Cl)ccc(Cl)c2Cl)c(Cl)c1,aqueous_solubility,log10(mol/L),test,,-7.429999828338623,-7.306705963412899,-8.608610183691825,-6.004801743133972,random,2034,node_gnn,node_gnn,none,none,721e3c494613d3aa378fb20e47d69b51245b538e
esol,cb495e06db8d7232,Clc1ccc(-c2c(Cl)cccc2Cl)cc1,aqueous_solubility,log10(mol/L),test,,-6.139999866485596,-6.53049374072647,-7.832397961005397,-5.228589520447543,random,2034,node_gnn,node_gnn,none,none,721e3c494613d3aa378fb20e47d69b51245b538e
esol,5ee831f51afeddb2,Clc1ccc(-c2cc(Cl)c(Cl)c(Cl)c2Cl)c(Cl)c1,aqueous_solubility,log10(mol/L),train,,-7.389999866485596,-1.48400292362259,-2.785907143901517,-0.18209870334366318,random,2034,node_gnn,node_gnn,none,none,721e3c494613d3aa378fb20e47d69b51245b538e
esol,1a12f3f13f6a0e9e,Clc1ccc(-c2cc(Cl)c(Cl)c(Cl)c2Cl)cc1Cl,aqueous_solubility,log10(mol/L),train,,-7.820000171661377,-6.987834216476607,-8.289738436755533,-5.68592999619768,random,2034,node_gnn,node_gnn,none,none,721e3c494613d3aa378fb20e47d69b51245b538e
esol,8518e78fe40ac045,Clc1ccc(-c2cc(Cl)ccc2Cl)c(Cl)c1,aqueous_solubility,log10(mol/L),train,,-6.570000171661377,-0.7711135432023597,-2.0730177634812863,0.5307906770765671,random,2034,node_gnn,node_gnn,none,none,721e3c494613d3aa378fb20e47d69b51245b538e
esol,9f1b9d25fb44f83d,Clc1ccc(-c2cc(Cl)ccc2Cl)cc1,aqueous_solubility,log10(mol/L),train,,-6.25,-4.233189792838264,-5.535094013117191,-2.9312855725593367,random,2034,node_gnn,node_gnn,none,none,721e3c494613d3aa378fb20e47d69b51245b538e
esol,22cebd56a1304897,Clc1ccc(-c2ccc(Cl)c(Cl)c2Cl)c(Cl)c1,aqueous_solubility,log10(mol/L),train,,-7.800000190734863,-3.3852957505762116,-4.687199970855138,-2.083391530297285,random,2034,node_gnn,node_gnn,none,none,721e3c494613d3aa378fb20e47d69b51245b538e
esol,7095be81338edf2f,Clc1ccc(-c2ccc(Cl)c(Cl)c2Cl)c(Cl)c1Cl,aqueous_solubility,log10(mol/L),test,,-8.010000228881836,-8.26635966869109,-9.568263888970016,-6.964455448412163,random,2034,node_gnn,node_gnn,none,none,721e3c494613d3aa378fb20e47d69b51245b538e
esol,ce368bfaa7504ff6,Clc1ccc(-c2ccc(Cl)cc2)cc1,aqueous_solubility,log10(mol/L),train,,-6.559999942779541,-5.411182335432986,-6.7130865557119135,-4.109278115154059,random,2034,node_gnn,node_gnn,none,none,721e3c494613d3aa378fb20e47d69b51245b538e
esol,6f8edbb2bf0f81e8,Clc1ccc(-c2cccc(Cl)c2Cl)cc1,aqueous_solubility,log10(mol/L),test,,-6.289999961853027,-6.270455116451171,-7.572359336730098,-4.9685508961722435,random,2034,node_gnn,node_gnn,none,none,721e3c494613d3aa378fb20e47d69b51245b538e
esol,f833b27b81b2d3f3,Clc1ccc(-c2ccccc2)cc1Cl,aqueous_solubility,log10(mol/L),train,,-6.389999866485596,-3.1159559764608518,-4.417860196739778,-1.814051756181925,random,2034,node_gnn,node_gnn,none,none,721e3c494613d3aa378fb20e47d69b51245b538e
esol,8746749198ee72df,Clc1ccc(-c2ccccc2Cl)cc1,aqueous_solubility,log10(mol/L),train,,-5.28000020980835,-2.473681628760592,-3.775585849039519,-1.1717774084816652,random,2034,node_gnn,node_gnn,none,none,721e3c494613d3aa378fb20e47d69b51245b538e
esol,2552a8a5c530456d,Clc1ccc(Br)cc1,aqueous_solubility,log10(mol/L),train,,-3.630000114440918,-3.0125958774005688,-4.314500097679495,-1.710691657121642,random,2034,node_gnn,node_gnn,none,none,721e3c494613d3aa378fb20e47d69b51245b538e
esol,18756f35eaee5f67,Clc1ccc(C(c2ccc(Cl)cc2)C(Cl)(Cl)Cl)cc1,aqueous_solubility,log10(mol/L),train,,-7.150000095367432,-1.691488167018623,-2.9933923872975496,-0.3895839467396962,random,2034,node_gnn,node_gnn,none,none,721e3c494613d3aa378fb20e47d69b51245b538e
esol,d83db8991c46c008,Clc1ccc(C(c2ccc(Cl)cc2)C(Cl)Cl)cc1,aqueous_solubility,log10(mol/L),test,,-7.199999809265137,-6.933263891698079,-8.235168111977005,-5.631359671419152,random,2034,node_gnn,node_gnn,none,none,721e3c494613d3aa378fb20e47d69b51245b538e
esol,ee7e8b5757931b2a,Clc1ccc(C(c2ccccc2Cl)C(Cl)Cl)cc1,aqueous_solubility,log10(mol/L),train,,-6.510000228881836,-4.622509053062845,-5.924413273341772,-3.3206048327839177,random,2034,node_gnn,node_gnn,none,none,721e3c494613d3aa378fb20e47d69b51245b538e
esol,cbeeaf51493722da,Clc1ccc(Cl)c(-c2c(Cl)c(Cl)c(Cl)c(Cl)c2Cl)c1,aqueous_solubility,log10(mol/L),validation,,-8.9399995803833,-8.302446436235321,-9.604350656514248,-7.000542215956394,random,2034,node_gnn,node_gnn,none,none,721e3c494613d3aa378fb20e47d69b51245b538e
esol,4b1903b76dbb120d,Clc1ccc(Cl)c(-c2c(Cl)c(Cl)cc(Cl)c2Cl)c1,aqueous_solubility,log10(mol/L),train,,-7.420000076293945,-5.747602612746025,-7.049506833024952,-4.445698392467098,random,2034,node_gnn,node_gnn,none,none,721e3c494613d3aa378fb20e47d69b51245b538e
esol,645ccf5d504a0dec,Clc1ccc(Cl)c(-c2cc(Cl)c(Cl)c(Cl)c2Cl)c1,aqueous_solubility,log10(mol/L),train,,-7.679999828338623,-4.40362018532745,-5.705524405606377,-3.1017159650485233,random,2034,node_gnn,node_gnn,none,none,721e3c494613d3aa378fb20e47d69b51245b538e
esol,3c9ca7c6d703a964,Clc1ccc(Cl)c(-c2ccc(Cl)c(Cl)c2)c1,aqueous_solubility,log10(mol/L),train,,-7.25,-4.567128843910228,-5.869033064189155,-3.265224623631301,random,2034,node_gnn,node_gnn,none,none,721e3c494613d3aa378fb20e47d69b51245b538e
esol,35e214a2d4a10c28,Clc1ccc(Cl)c(-c2cccc(Cl)c2Cl)c1,aqueous_solubility,log10(mol/L),train,,-6.46999979019165,-4.496149941089392,-5.798054161368319,-3.194245720810465,random,2034,node_gnn,node_gnn,none,none,721e3c494613d3aa378fb20e47d69b51245b538e
esol,33236e25aeefc7f1,Clc1ccc(Cl)c(Cl)c1,aqueous_solubility,log10(mol/L),train,,-3.5899999141693115,0.11542488941074458,-1.1864793308681822,1.4173291096896714,random,2034,node_gnn,node_gnn,none,none,721e3c494613d3aa378fb20e47d69b51245b538e
esol,a3a6b3e68efa0c93,Clc1ccc(Cl)c(Cl)c1Cl,aqueous_solubility,log10(mol/L),train,,-4.570000171661377,-1.0374012139332547,-2.3393054342121813,0.26450300634567214,random,2034,node_gnn,node_gnn,none,none,721e3c494613d3aa378fb20e47d69b51245b538e
esol,815634865cf712a3,Clc1ccc(Cl)cc1,aqueous_solubility,log10(mol/L),validation,,-3.2699999809265137,-3.793134141059806,-5.095038361338733,-2.491229920780879,random,2034,node_gnn,node_gnn,none,none,721e3c494613d3aa378fb20e47d69b51245b538e
esol,ae221f98af80122f,Clc1ccc(I)cc1,aqueous_solubility,log10(mol/L),train,,-4.03000020980835,-3.006780437378245,-4.308684657657172,-1.7048762170993184,random,2034,node_gnn,node_gnn,none,none,721e3c494613d3aa378fb20e47d69b51245b538e
esol,45b800e2f19955f8,Clc1ccc2ccccc2c1,aqueous_solubility,log10(mol/L),calibration,,-4.139999866485596,-5.07366783809327,-6.375572058372197,-3.7717636178143428,random,2034,node_gnn,node_gnn,none,none,721e3c494613d3aa378fb20e47d69b51245b538e
esol,eb7d09b2417f6c70,Clc1cccc(-c2c(Cl)c(Cl)cc(Cl)c2Cl)c1Cl,aqueous_solubility,log10(mol/L),train,,-8.600000381469727,-3.6155047625484222,-4.917408982827349,-2.313600542269495,random,2034,node_gnn,node_gnn,none,none,721e3c494613d3aa378fb20e47d69b51245b538e
esol,70ccc7bf4de46f33,Clc1cccc(-c2cc(Cl)ccc2Cl)c1,aqueous_solubility,log10(mol/L),train,,-6.010000228881836,-8.0888507103053,-9.390754930584226,-6.786946490026373,random,2034,node_gnn,node_gnn,none,none,721e3c494613d3aa378fb20e47d69b51245b538e
esol,99327cae5414d340,Clc1cccc(-c2cccc(Cl)c2Cl)c1Cl,aqueous_solubility,log10(mol/L),train,,-7.28000020980835,-5.361815303387796,-6.663719523666723,-4.059911083108869,random,2034,node_gnn,node_gnn,none,none,721e3c494613d3aa378fb20e47d69b51245b538e
esol,8e2dcd65ee407c2e,Clc1cccc(-c2ccccc2)c1,aqueous_solubility,log10(mol/L),validation,,-4.880000114440918,-4.076176364683012,-5.378080584961939,-2.774272144404085,random,2034,node_gnn,node_gnn,none,none,721e3c494613d3aa378fb20e47d69b51245b538e
esol,78d46e77b5e487ad,Clc1cccc(Br)c1,aqueous_solubility,log10(mol/L),train,,-3.2100000381469727,-1.5296617862894675,-2.8315660065683943,-0.22775756601054065,random,2034,node_gnn,node_gnn,none,none,721e3c494613d3aa378fb20e47d69b51245b538e
esol,8efb6c83a60e44a4,Clc1cccc(C(Cl)(Cl)Cl)n1,aqueous_solubility,log10(mol/L),calibration,,-3.759999990463257,-3.9474097201057163,-5.249313940384643,-2.6455054998267897,random,2034,node_gnn,node_gnn,none,none,721e3c494613d3aa378fb20e47d69b51245b538e
esol,cb0d1003dc0467b1,Clc1cccc(Cl)c1,aqueous_solubility,log10(mol/L),train,,-3.0399999618530273,-2.8512131070470077,-4.153117327325934,-1.5493088867680809,random,2034,node_gnn,node_gnn,none,none,721e3c494613d3aa378fb20e47d69b51245b538e
esol,199ff11278c6332f,Clc1cccc(Cl)c1-c1c(Cl)cccc1Cl,aqueous_solubility,log10(mol/L),train,,-7.389999866485596,-0.3541395339491804,-1.6560437542281072,0.9477646863297464,random,2034,node_gnn,node_gnn,none,none,721e3c494613d3aa378fb20e47d69b51245b538e
esol,482eb7682ff0e92b,Clc1cccc(Cl)c1-c1ccccc1,aqueous_solubility,log10(mol/L),train,,-5.210000038146973,-3.2090021624440737,-4.510906382723,-1.9070979421651468,random,2034,node_gnn,node_gnn,none,none,721e3c494613d3aa378fb20e47d69b51245b538e
esol,ff600f65c6e69d2a,Clc1cccc(Cl)c1Cl,aqueous_solubility,log10(mol/L),train,,-4.0,-1.981620016797646,-3.283524237076573,-0.6797157965187193,random,2034,node_gnn,node_gnn,none,none,721e3c494613d3aa378fb20e47d69b51245b538e
esol,c88faf6d6d8a4214,Clc1cccc(I)c1,aqueous_solubility,log10(mol/L),train,,-3.549999952316284,-2.678943231896277,-3.9808474521752037,-1.3770390116173503,random,2034,node_gnn,node_gnn,none,none,721e3c494613d3aa378fb20e47d69b51245b538e
esol,22332e2b89c83c5f,Clc1cccc2ccccc12,aqueous_solubility,log10(mol/L),validation,,-3.930000066757202,-4.528394449146418,-5.830298669425345,-3.2264902288674913,random,2034,node_gnn,node_gnn,none,none,721e3c494613d3aa378fb20e47d69b51245b538e
esol,d52f3f9c11639cc6,Clc1ccccc1,aqueous_solubility,log10(mol/L),train,,-2.380000114440918,-2.0907303438462947,-3.3926345641252214,-0.7888261235673679,random,2034,node_gnn,node_gnn,none,none,721e3c494613d3aa378fb20e47d69b51245b538e
esol,cc6468679450f933,Clc1ccccc1-c1ccccc1,aqueous_solubility,log10(mol/L),train,,-4.539999961853027,-2.558054412284476,-3.859958632563403,-1.2561501920055493,random,2034,node_gnn,node_gnn,none,none,721e3c494613d3aa378fb20e47d69b51245b538e
esol,1f96112c7da52a22,Clc1ccccc1-c1ccccc1Cl,aqueous_solubility,log10(mol/L),train,,-5.269999980926514,-5.81837559590937,-7.120279816188297,-4.516471375630443,random,2034,node_gnn,node_gnn,none,none,721e3c494613d3aa378fb20e47d69b51245b538e
esol,d77b9b0620096cb1,Clc1ccccc1Br,aqueous_solubility,log10(mol/L),train,,-3.190000057220459,-8.030487337979439,-9.332391558258365,-6.728583117700512,random,2034,node_gnn,node_gnn,none,none,721e3c494613d3aa378fb20e47d69b51245b538e
esol,ca929f1a7e270264,Clc1ccccc1Cl,aqueous_solubility,log10(mol/L),train,,-3.049999952316284,-3.7538562401873454,-5.0557604604662725,-2.4519520199084184,random,2034,node_gnn,node_gnn,none,none,721e3c494613d3aa378fb20e47d69b51245b538e
esol,d42088fe993e3c16,Clc1ccccc1I,aqueous_solubility,log10(mol/L),train,,-3.5399999618530273,-1.0042358460922776,-2.3061400663712046,0.29766837418664926,random,2034,node_gnn,node_gnn,none,none,721e3c494613d3aa378fb20e47d69b51245b538e
esol,4334fadd67deac29,Cn1c(=O)c2[nH]cnc2n(C)c1=O,aqueous_solubility,log10(mol/L),train,,-1.3899999856948853,-1.4904527945600836,-2.7923570148390104,-0.1885485742811568,random,2034,node_gnn,node_gnn,none,none,721e3c494613d3aa378fb20e47d69b51245b538e
esol,100f62324cf1989a,Cn1c(=O)c2c(ncn2C)n(C)c1=O,aqueous_solubility,log10(mol/L),test,,-0.8759999871253967,-0.9373388002840799,-2.2392430205630065,0.36456541999484693,random,2034,node_gnn,node_gnn,none,none,721e3c494613d3aa378fb20e47d69b51245b538e
esol,74f764e5b66b2fb7,Cn1c(=O)c2c(ncn2CC(O)CO)n(C)c1=O,aqueous_solubility,log10(mol/L),validation,,-0.17000000178813934,-1.7613027600802365,-3.0632069803591633,-0.4593985398013096,random,2034,node_gnn,node_gnn,none,none,721e3c494613d3aa378fb20e47d69b51245b538e
esol,815a38abaf9ec4b7,Cn1c(=O)on(-c2ccc(Cl)c(Cl)c2)c1=O,aqueous_solubility,log10(mol/L),train,,-2.819999933242798,-1.8815438088925984,-3.183448029171525,-0.5796395886136716,random,2034,node_gnn,node_gnn,none,none,721e3c494613d3aa378fb20e47d69b51245b538e
esol,49b2a1fbf2e41a7a,Cn1cc(-c2ccccc2)c(=O)c(-c2cccc(C(F)(F)F)c2)c1,aqueous_solubility,log10(mol/L),train,,-4.445000171661377,-2.1751867317453004,-3.477090952024227,-0.8732825114663736,random,2034,node_gnn,node_gnn,none,none,721e3c494613d3aa378fb20e47d69b51245b538e
esol,f3e6689447a36e81,Cn1ccc(=O)[nH]c1=O,aqueous_solubility,log10(mol/L),train,,-0.8069999814033508,-6.291927926214907,-7.593832146493834,-4.99002370593598,random,2034,node_gnn,node_gnn,none,none,721e3c494613d3aa378fb20e47d69b51245b538e
esol,4025a4d6efb5259a,Cn1cnc2c1c(=O)[nH]c(=O)n2C,aqueous_solubility,log10(mol/L),train,,-2.5230000019073486,-2.119628377855802,-3.4215325981347284,-0.817724157576875,random,2034,node_gnn,node_gnn,none,none,721e3c494613d3aa378fb20e47d69b51245b538e
esol,d2eee638c5fa61ad,FC(F)(Cl)C(F)(Cl)Cl,aqueous_solubility,log10(mol/L),train,,-3.0399999618530273,-0.9358927645963537,-2.2377969848752803,0.3660114556825731,random,2034,node_gnn,node_gnn,none,none,721e3c494613d3aa378fb20e47d69b51245b538e
esol,105d6d24139d1acd,FC(F)(Cl)C(F)(F)Cl,aqueous_solubility,log10(mol/L),calibration,,-2.740000009536743,-1.890830325636902,-3.1927345459158287,-0.5889261053579751,random,2034,node_gnn,node_gnn,none,none,721e3c494613d3aa378fb20e47d69b51245b538e
esol,02db24b7bbfd7402,FC(F)(F)C(Cl)Br,aqueous_solubility,log10(mol/L),train,,-1.7100000381469727,-3.362370753632266,-4.664274973911192,-2.060466533353339,random,2034,node_gnn,node_gnn,none,none,721e3c494613d3aa378fb20e47d69b51245b538e
esol,db15bed8f8ac2fa5,FC(F)(F)c1ccccc1,aqueous_solubility,log10(mol/L),train,,-2.509999990463257,-4.309239141009298,-5.611143361288225,-3.0073349207303712,random,2034,node_gnn,node_gnn,none,none,721e3c494613d3aa378fb20e47d69b51245b538e
esol,b10b42eecfc867c6,Fc1ccc(F)cc1,aqueous_solubility,log10(mol/L),validation,,-1.9700000286102295,-2.9192775228265972,-4.221181743105524,-1.6173733025476704,random,2034,node_gnn,node_gnn,none,none,721e3c494613d3aa378fb20e47d69b51245b538e
esol,ca29ab8bab4202a6,Fc1cccc(Br)c1,aqueous_solubility,log10(mol/L),train,,-2.6700000762939453,-1.987308096847742,-3.289212317126669,-0.6854038765688151,random,2034,node_gnn,node_gnn,none,none,721e3c494613d3aa378fb20e47d69b51245b538e
esol,9b9e86ab0c3b7436,Fc1cccc(F)c1,aqueous_solubility,log10(mol/L),validation,,-2.0,-2.4087148467302915,-3.710619067009218,-1.1068106264513646,random,2034,node_gnn,node_gnn,none,none,721e3c494613d3aa378fb20e47d69b51245b538e
esol,9ef5e809c1cc37a8,Fc1ccccc1,aqueous_solubility,log10(mol/L),train,,-1.7999999523162842,-6.015131642232911,-7.317035862511838,-4.713227421953984,random,2034,node_gnn,node_gnn,none,none,721e3c494613d3aa378fb20e47d69b51245b538e
esol,c6e4a122702ad957,Fc1ccccc1Br,aqueous_solubility,log10(mol/L),train,,-2.700000047683716,-1.4875236899571527,-2.7894279102360793,-0.18561946967822585,random,2034,node_gnn,node_gnn,none,none,721e3c494613d3aa378fb20e47d69b51245b538e
esol,dd1f99766897a9a2,ICI,aqueous_solubility,log10(mol/L),calibration,,-2.3399999141693115,-2.3461051426382085,-3.6480093629171355,-1.0442009223592816,random,2034,node_gnn,node_gnn,none,none,721e3c494613d3aa378fb20e47d69b51245b538e
esol,3ab248fecad2cfcc,Ic1cccc2ccccc12,aqueous_solubility,log10(mol/L),train,,-4.550000190734863,-1.5699929593750015,-2.8718971796539283,-0.26808873909607467,random,2034,node_gnn,node_gnn,none,none,721e3c494613d3aa378fb20e47d69b51245b538e
esol,bc20dafaf54360d0,Ic1ccccc1,aqueous_solubility,log10(mol/L),train,,-3.009999990463257,-2.450467698078767,-3.752371918357694,-1.1485634777998401,random,2034,node_gnn,node_gnn,none,none,721e3c494613d3aa378fb20e47d69b51245b538e
esol,2c92806a2902f400,N#CC(Cl)(Cl)Cl,aqueous_solubility,log10(mol/L),train,,-2.1679999828338623,-4.673291176924479,-5.975195397203406,-3.3713869566455523,random,2034,node_gnn,node_gnn,none,none,721e3c494613d3aa378fb20e47d69b51245b538e
esol,85031b7bb2a70254,N#CC(OC1OC(COC2OC(CO)C(O)C(O)C2O)C(O)C(O)C1O)c1ccccc1,aqueous_solubility,log10(mol/L),train,,-0.7699999809265137,-0.30025295688068,-1.6021571771596068,1.0016512633982468,random,2034,node_gnn,node_gnn,none,none,721e3c494613d3aa378fb20e47d69b51245b538e
esol,e9839d44c23ebe38,N#CCCCl,aqueous_solubility,log10(mol/L),calibration,,-0.28999999165534973,-0.6836159568373832,-1.98552017711631,0.6182882634415436,random,2034,node_gnn,node_gnn,none,none,721e3c494613d3aa378fb20e47d69b51245b538e
esol,9e6f7a062ea6ba54,N#CCCl,aqueous_solubility,log10(mol/L),train,,-0.09200000017881393,-2.4130044874890517,-3.7149087077679788,-1.111100267210125,random,2034,node_gnn,node_gnn,none,none,721e3c494613d3aa378fb20e47d69b51245b538e
esol,5529331eae217480,N#CN=C(N)N,aqueous_solubility,log10(mol/L),train,,-0.3100000023841858,-4.196280465117248,-5.498184685396175,-2.8943762448383206,random,2034,node_gnn,node_gnn,none,none,721e3c494613d3aa378fb20e47d69b51245b538e
esol,98ce09904f0cd677,N#Cc1c(Cl)c(Cl)c(Cl)c(C#N)c1Cl,aqueous_solubility,log10(mol/L),train,,-5.639999866485596,-0.7244206084353131,-2.02632482871424,0.5774836118436137,random,2034,node_gnn,node_gnn,none,none,721e3c494613d3aa378fb20e47d69b51245b538e
esol,f7eb31053f664583,N#Cc1cc(Br)c(O)c(Br)c1,aqueous_solubility,log10(mol/L),train,,-3.3299999237060547,-3.684678046984519,-4.9865822672634454,-2.3827738267055922,random,2034,node_gnn,node_gnn,none,none,721e3c494613d3aa378fb20e47d69b51245b538e
esol,dd860792cadf3093,N#Cc1cc(I)c(O)c(I)c1,aqueous_solubility,log10(mol/L),train,,-3.609999895095825,-6.424339858247347,-7.726244078526274,-5.12243563796842,random,2034,node_gnn,node_gnn,none,none,721e3c494613d3aa378fb20e47d69b51245b538e
esol,5533344c324d3435,N#Cc1ccccc1,aqueous_solubility,log10(mol/L),train,,-1.0,-3.270466803492055,-4.572371023770982,-1.9685625832131282,random,2034,node_gnn,node_gnn,none,none,721e3c494613d3aa378fb20e47d69b51245b538e
esol,66c6f633624542b8,N#Cc1ccccc1C#N,aqueous_solubility,log10(mol/L),train,,-2.380000114440918,-6.51399978742484,-7.815904007703767,-5.212095567145913,random,2034,node_gnn,node_gnn,none,none,721e3c494613d3aa378fb20e47d69b51245b538e
esol,5f065dfe6c5d67ee,N=C(N)NS(=O)(=O)c1ccc(N)cc1,aqueous_solubility,log10(mol/L),train,,-1.9900000095367432,-3.870894101231661,-5.172798321510588,-2.568989880952734,random,2034,node_gnn,node_gnn,none,none,721e3c494613d3aa378fb20e47d69b51245b538e
esol,8f9adffcd0a5a36e,NC(=O)CCl,aqueous_solubility,log10(mol/L),train,,-0.019999999552965164,-3.2237536122952126,-4.525657832574139,-1.9218493920162858,random,2034,node_gnn,node_gnn,none,none,721e3c494613d3aa378fb20e47d69b51245b538e
esol,a9190d547db6a242,NC(=O)NC1NC(=O)NC1=O,aqueous_solubility,log10(mol/L),train,,-1.600000023841858,-3.3077626499908073,-4.609666870269734,-2.00585842971188,random,2034,node_gnn,node_gnn,none,none,721e3c494613d3aa378fb20e47d69b51245b538e
esol,20e79a0747e391cd,NC(=O)NCc1ccccc1,aqueous_solubility,log10(mol/L),calibration,,-0.949999988079071,-1.5740816513792881,-2.875985871658215,-0.2721774311003613,random,2034,node_gnn,node_gnn,none,none,721e3c494613d3aa378fb20e47d69b51245b538e
esol,41b7655c6cb7d7df,NC(=O)c1ccccc1,aqueous_solubility,log10(mol/L),train,,-0.9599999785423279,-1.1183148392518465,-2.4202190595307735,0.18358938102708033,random,2034,node_gnn,node_gnn,none,none,721e3c494613d3aa378fb20e47d69b51245b538e
esol,22bbce38ab5c479c,NC(=O)c1ccccc1O,aqueous_solubility,log10(mol/L),calibration,,-1.8200000524520874,-1.4455675286752703,-2.7474717489541973,-0.14366330839634345,random,2034,node_gnn,node_gnn,none,none,721e3c494613d3aa378fb20e47d69b51245b538e
esol,2fc7b7dbeee95b0c,NC(=O)c1cccnc1,aqueous_solubility,log10(mol/L),calibration,,0.6100000143051147,-0.8043626707591782,-2.1062668910381053,0.4975415495197486,random,2034,node_gnn,node_gnn,none,none,721e3c494613d3aa378fb20e47d69b51245b538e
esol,d3f13e32ceadf7ee,NC(=O)c1cnccn1,aqueous_solubility,log10(mol/L),test,,-0.6669999957084656,-0.8110013117387527,-2.1129055320176793,0.49090290854017415,random,2034,node_gnn,node_gnn,none,none,721e3c494613d3aa378fb20e47d69b51245b538e
esol,14add58d16075efc,NC(=S)Nc1ccccc1,aqueous_solubility,log10(mol/L),train,,-1.7699999809265137,-3.5797763971117362,-4.881680617390663,-2.277872176832809,random,2034,node_gnn,node_gnn,none,none,721e3c494613d3aa378fb20e47d69b51245b538e
esol,cff6a05057ab433d,NC(N)=O,aqueous_solubility,log10(mol/L),train,,0.9599999785423279,-5.783105547730878,-7.085009768009805,-4.481201327451951,random,2034,node_gnn,node_gnn,none,none,721e3c494613d3aa378fb20e47d69b51245b538e
esol,5c937bef90624cba,NC(N)=S,aqueous_solubility,log10(mol/L),train,,0.3199999928474426,-5.528124071640207,-6.830028291919134,-4.22621985136128,random,2034,node_gnn,node_gnn,none,none,721e3c494613d3aa378fb20e47d69b51245b538e
esol,8d9f3b8d61c37fad,NNC(=O)c1ccncc1,aqueous_solubility,log10(mol/L),calibration,,0.008999999612569809,-1.1198370540283125,-2.421741274307239,0.18206716625061437,random,2034,node_gnn,node_gnn,none,none,721e3c494613d3aa378fb20e47d69b51245b538e
esol,792927bc26e5ee98,NNc1ccccc1,aqueous_solubility,log10(mol/L),calibration,,0.07000000029802322,-1.3822481660411832,-2.68415238632011,-0.08034394576225634,random,2034,node_gnn,node_gnn,none,none,721e3c494613d3aa378fb20e47d69b51245b538e
esol,13a0d92f513022b0,NS(=O)(=O)c1cc(C2(O)NC(=O)c3ccccc32)ccc1Cl,aqueous_solubility,log10(mol/L),validation,,-3.4509999752044678,-3.927421159846652,-5.229325380125579,-2.625516939567725,random,2034,node_gnn,node_gnn,none,none,721e3c494613d3aa378fb20e47d69b51245b538e
esol,d1af900dda6b8816,NS(=O)(=O)c1cc2c(cc1C(F)(F)F)NC(Cc1ccccc1)NS2(=O)=O,aqueous_solubility,log10(mol/L),train,,-3.5899999141693115,-3.2695982935305046,-4.571502513809431,-1.9676940732515777,random,2034,node_gnn,node_gnn,none,none,721e3c494613d3aa378fb20e47d69b51245b538e
esol,21a70933e40d38d8,NS(=O)(=O)c1cc2c(cc1Cl)N=CNS2(=O)=O,aqueous_solubility,log10(mol/L),calibration,,-3.049999952316284,-2.7618204571111256,-4.063724677390052,-1.4599162368321987,random,2034,node_gnn,node_gnn,none,none,721e3c494613d3aa378fb20e47d69b51245b538e
esol,4be98313bb8411d6,NS(=O)(=O)c1cc2c(cc1Cl)NC(C(Cl)Cl)NS2(=O)=O,aqueous_solubility,log10(mol/L),train,,-2.680000066757202,-7.094728514960153,-8.396632735239079,-5.792824294681226,random,2034,node_gnn,node_gnn,none,none,721e3c494613d3aa378fb20e47d69b51245b538e
esol,6704f9b02657d351,NS(=O)(=O)c1cc2c(cc1Cl)NCNS2(=O)=O,aqueous_solubility,log10(mol/L),test,,-2.630000114440918,-2.5422152201146533,-3.8441194403935803,-1.2403109998357265,random,2034,node_gnn,node_gnn,none,none,721e3c494613d3aa378fb20e47d69b51245b538e
esol,d486e39e13c6c365,Nc1cc(N2CCCCC2)nc(N)[n+]1[O-],aqueous_solubility,log10(mol/L),train,,-1.9889999628067017,0.11812707229093711,-1.1837771479879897,1.420031292569864,random,2034,node_gnn,node_gnn,none,none,721e3c494613d3aa378fb20e47d69b51245b538e
esol,aceb689c32139048,Nc1cc2c3ccccc3ccc2c2ccccc12,aqueous_solubility,log10(mol/L),train,,-6.199999809265137,-3.900191857980045,-5.202096078258972,-2.5982876377011186,random,2034,node_gnn,node_gnn,none,none,721e3c494613d3aa378fb20e47d69b51245b538e
esol,80c616c2c10da4cc,Nc1cc[nH]c(=O)n1,aqueous_solubility,log10(mol/L),calibration,,-1.1549999713897705,-1.9409503252166354,-3.242854545495562,-0.6390461049377085,random,2034,node_gnn,node_gnn,none,none,721e3c494613d3aa378fb20e47d69b51245b538e
esol,d3c8a8dbbf41fcef,Nc1ccc(-c2ccc(N)cc2)cc1,aqueous_solubility,log10(mol/L),test,,-2.700000047683716,-3.1284119526195258,-4.430316172898452,-1.826507732340599,random,2034,node_gnn,node_gnn,none,none,721e3c494613d3aa378fb20e47d69b51245b538e
esol,ddbccadea4def28d,Nc1ccc(Cl)cc1,aqueous_solubility,log10(mol/L),train,,-1.659999966621399,-4.054508198430697,-5.356412418709624,-2.75260397815177,random,2034,node_gnn,node_gnn,none,none,721e3c494613d3aa378fb20e47d69b51245b538e
esol,5f061feada924c1b,Nc1ccc(O)cc1,aqueous_solubility,log10(mol/L),validation,,-0.800000011920929,-0.6502050263873529,-1.9521092466662797,0.6516991938915739,random,2034,node_gnn,node_gnn,none,none,721e3c494613d3aa378fb20e47d69b51245b538e
esol,1740fca00afdaeed,Nc1ccc(S(=O)(=O)c2ccc(N)cc2)cc1,aqueous_solubility,log10(mol/L),train,,-3.0940001010894775,-3.969909394160246,-5.271813614439173,-2.668005173881319,random,2034,node_gnn,node_gnn,none,none,721e3c494613d3aa378fb20e47d69b51245b538e
esol,672dea3500e56345,Nc1ccc(S(N)(=O)=O)cc1,aqueous_solubility,log10(mol/L),train,,-1.340000033378601,-2.2705892966335033,-3.57249351691243,-0.9686850763545765,random,2034,node_gnn,node_gnn,none,none,721e3c494613d3aa378fb20e47d69b51245b538e
esol,b1562a3a4e3dbd2b,Nc1ccc([N+](=O)[O-])cc1,aqueous_solubility,log10(mol/L),train,,-2.369999885559082,-1.2896053222355977,-2.5915095425145243,0.012298898043329176,random,2034,node_gnn,node_gnn,none,none,721e3c494613d3aa378fb20e47d69b51245b538e
esol,7ea90919dd02fbb4,Nc1ccc2cc3ccccc3cc2c1,aqueous_solubility,log10(mol/L),train,,-5.170000076293945,0.36112767792936484,-0.940776542349562,1.6630318982082917,random,2034,node_gnn,node_gnn,none,none,721e3c494613d3aa378fb20e47d69b51245b538e
esol,7071d63d842d86c6,Nc1cccc(Cl)c1,aqueous_solubility,log10(mol/L),calibration,,-1.3700000047683716,-1.7827196471850277,-3.0846238674639546,-0.4808154269061009,random,2034,node_gnn,node_gnn,none,none,721e3c494613d3aa378fb20e47d69b51245b538e
esol,3614002c0eb76c64,Nc1cccc([N+](=O)[O-])c1,aqueous_solubility,log10(mol/L),test,,-2.190000057220459,-2.0679409904184327,-3.3698452106973598,-0.7660367701395059,random,2034,node_gnn,node_gnn,none,none,721e3c494613d3aa378fb20e47d69b51245b538e
esol,fdeaad6aac85a0a2,Nc1cccc2ccccc12,aqueous_solubility,log10(mol/L),train,,-1.9199999570846558,-0.7636082252817227,-2.0655124455606497,0.5382959949972042,random,2034,node_gnn,node_gnn,none,none,721e3c494613d3aa378fb20e47d69b51245b538e
esol,2ed7e76dec2701ce,Nc1cccc2nc3ccccc3cc12,aqueous_solubility,log10(mol/L),train,,-4.21999979019165,-1.4737117873784948,-2.7756160076574217,-0.17180756709956801,random,2034,node_gnn,node_gnn,none,none,721e3c494613d3aa378fb20e47d69b51245b538e
esol,a7f3f1e11af18400,Nc1ccccc1,aqueous_solubility,log10(mol/L),train,,-0.4099999964237213,-6.9431644392375915,-8.245068659516518,-5.6412602189586645,random,2034,node_gnn,node_gnn,none,none,721e3c494613d3aa378fb20e47d69b51245b538e
esol,2f7de38fb26014ee,Nc1ccccc1Cl,aqueous_solubility,log10(mol/L),train,,-1.5199999809265137,-4.139796342677069,-5.4417005629559965,-2.8378921223981424,random,2034,node_gnn,node_gnn,none,none,721e3c494613d3aa378fb20e47d69b51245b538e
esol,8cce7ad82c85b377,Nc1ccccc1O,aqueous_solubility,log10(mol/L),calibration,,-0.7200000286102295,-0.8283090018643113,-2.1302132221432384,0.4735952184146155,random,2034,node_gnn,node_gnn,none,none,721e3c494613d3aa378fb20e47d69b51245b538e
esol,8c073316e654db6b,Nc1ccccc1[N+](=O)[O-],aqueous_solubility,log10(mol/L),train,,-1.9600000381469727,-2.7339604097879135,-4.035864630066841,-1.4320561895089867,random,2034,node_gnn,node_gnn,none,none,721e3c494613d3aa378fb20e47d69b51245b538e
esol,d170b211091619c1,Nc1cnn(-c2ccccc2)c(=O)c1Br,aqueous_solubility,log10(mol/L),train,,-3.127000093460083,-2.522593947452278,-3.824498167731205,-1.2206897271733512,random,2034,node_gnn,node_gnn,none,none,721e3c494613d3aa378fb20e47d69b51245b538e
esol,364a3d9e736a968c,Nc1cnn(-c2ccccc2)c(=O)c1Cl,aqueous_solubility,log10(mol/L),train,,-2.878000020980835,0.2321988576411309,-1.069705362637796,1.5341030779200577,random,2034,node_gnn,node_gnn,none,none,721e3c494613d3aa378fb20e47d69b51245b538e
esol,2fef74534c90c0fd,Nc1nc(=O)[nH]cc1F,aqueous_solubility,log10(mol/L),validation,,-0.972000002861023,-2.567962788996241,-3.8698670092751675,-1.266058568717314,random,2034,node_gnn,node_gnn,none,none,721e3c494613d3aa378fb20e47d69b51245b538e
esol,5167dc273870cd3a,Nc1nc(N)c2nc(-c3ccccc3)c(N)nc2n1,aqueous_solubility,log10(mol/L),train,,-2.4040000438690186,-3.7998756797318385,-5.101779900010765,-2.497971459452912,random,2034,node_gnn,node_gnn,none,none,721e3c494613d3aa378fb20e47d69b51245b538e
esol,c363f1a8372173dd,Nc1nc(O)nc2nc[nH]c12,aqueous_solubility,log10(mol/L),train,,-3.4010000228881836,0.36448949963995014,-0.9374147206389767,1.666393719918877,random,2034,node_gnn,node_gnn,none,none,721e3c494613d3aa378fb20e47d69b51245b538e
esol,0f42ff187b1e26ff,Nc1nc2[nH]cnc2c(=O)[nH]1,aqueous_solubility,log10(mol/L),train,,-3.5829999446868896,-4.174806412627758,-5.476710632906685,-2.872902192348831,random,2034,node_gnn,node_gnn,none,none,721e3c494613d3aa378fb20e47d69b51245b538e
esol,45bfe1eca9942b5f,Nc1nc[nH]n1,aqueous_solubility,log10(mol/L),train,,0.5220000147819519,-4.0554399942012855,-5.357344214480213,-2.7535357739223585,random,2034,node_gnn,node_gnn,none,none,721e3c494613d3aa378fb20e47d69b51245b538e
esol,a5efc882bab6aeb8,Nc1nccs1,aqueous_solubility,log10(mol/L),train,,-0.36000001430511475,-0.07774738438248896,-1.3796516046614158,1.2241568358964379,random,2034,node_gnn,node_gnn,none,none,721e3c494613d3aa378fb20e47d69b51245b538e
esol,292b9554c28881be,Nc1ncnc2c1ccn2C1OC(CO)C(O)C1O,aqueous_solubility,log10(mol/L),test,,-1.9500000476837158,-2.1910558425376587,-3.4929600628165858,-0.8891516222587319,random,2034,node_gnn,node_gnn,none,none,721e3c494613d3aa378fb20e47d69b51245b538e
esol,6c84c1ca795f19ca,Nc1ncnc2nc[nH]c12,aqueous_solubility,log10(mol/L),train,,-2.119999885559082,-4.869054533915469,-6.170958754194396,-3.5671503136365423,random,2034,node_gnn,node_gnn,none,none,721e3c494613d3aa378fb20e47d69b51245b538e
esol,690374c4203120f3,O=C(C=CC=Cc1ccc2c(c1)OCO2)N1CCCCC1,aqueous_solubility,log10(mol/L),train,,-3.4600000381469727,-0.8512586669144806,-2.1531628871934076,0.4506455533644462,random,2034,node_gnn,node_gnn,none,none,721e3c494613d3aa378fb20e47d69b51245b538e
esol,f6ac174891d4cbfe,O=C(CC(Cl)Cl)NC1=C(Cl)C(=O)c2ccccc2C1=O,aqueous_solubility,log10(mol/L),test,,-5.03000020980835,-4.74719309499205,-6.049097315270977,-3.445288874713123,random,2034,node_gnn,node_gnn,none,none,721e3c494613d3aa378fb20e47d69b51245b538e
esol,3bd7903f0fc524b9,O=C(Cn1ccnc1[N+](=O)[O-])NCc1ccccc1,aqueous_solubility,log10(mol/L),calibration,,-2.809999942779541,-2.8838085919251975,-4.185712812204124,-1.5819043716462706,random,2034,node_gnn,node_gnn,none,none,721e3c494613d3aa378fb20e47d69b51245b538e
esol,baa633118e4124e0,O=C(NC(=O)c1c(F)cccc1F)Nc1cc(Cl)c(F)c(Cl)c1F,aqueous_solubility,log10(mol/L),validation,,-7.28000020980835,-6.552276734838484,-7.854180955117411,-5.250372514559557,random,2034,node_gnn,node_gnn,none,none,721e3c494613d3aa378fb20e47d69b51245b538e
esol,c045f77f3d14db05,O=C(NC(=O)c1c(F)cccc1F)Nc1ccc(Cl)cc1,aqueous_solubility,log10(mol/L),train,,-6.019999980926514,-2.226064110536004,-3.5279683308149306,-0.9241598902570771,random,2034,node_gnn,node_gnn,none,none,721e3c494613d3aa378fb20e47d69b51245b538e
esol,e690eafd94d35c0c,O=C(NC(CO)C(O)c1ccc([N+](=O)[O-])cc1)C(Cl)Cl,aqueous_solubility,log10(mol/L),validation,,-2.1110000610351562,-2.711909639343988,-4.013813859622915,-1.410005419065061,random,2034,node_gnn,node_gnn,none,none,721e3c494613d3aa378fb20e47d69b51245b538e
esol,688fd8c1fae69203,O=C(Nc1ccc([N+](=O)[O-])cc1Cl)c1cc(Cl)ccc1O,aqueous_solubility,log10(mol/L),calibration,,-4.699999809265137,-4.603868042475477,-5.905772262754404,-3.3019638221965497,random,2034,node_gnn,node_gnn,none,none,721e3c494613d3aa378fb20e47d69b51245b538e
esol,6e4bde6d2f6a6816,O=C(Nc1cccc(Cl)c1)OCC#CCCl,aqueous_solubility,log10(mol/L),calibration,,-4.369999885559082,-4.1063683868842045,-5.4082726071631315,-2.8044641666052774,random,2034,node_gnn,node_gnn,none,none,721e3c494613d3aa378fb20e47d69b51245b538e
esol,60c0e74fff4c1ae4,O=C(Nc1ccccc1)N(Cc1ccc(Cl)cc1)C1CCCC1,aqueous_solubility,log10(mol/L),test,,-5.914999961853027,-5.996510639530187,-7.298414859809114,-4.69460641925126,random,2034,node_gnn,node_gnn,none,none,721e3c494613d3aa378fb20e47d69b51245b538e
esol,0991c75b100e534a,O=C(Nc1ccccc1)Nc1ccccc1,aqueous_solubility,log10(mol/L),calibration,,-3.1500000953674316,-4.1876452609407835,-5.4895494812197105,-2.8857410406618564,random,2034,node_gnn,node_gnn,none,none,721e3c494613d3aa378fb20e47d69b51245b538e
esol,fe14526b987406f2,O=C(Nc1ccccc1)c1ccccc1I,aqueous_solubility,log10(mol/L),train,,-4.210000038146973,-1.9433482888321703,-3.245252509111097,-0.6414440685532434,random,2034,node_gnn,node_gnn,none,none,721e3c494613d3aa378fb20e47d69b51245b538e
esol,7745315b46a851c2,O=C(Nc1ccccc1)c1ccccc1O,aqueous_solubility,log10(mol/L),train,,-3.5899999141693115,-3.8706059752655224,-5.172510195544449,-2.568701754986596,random,2034,node_gnn,node_gnn,none,none,721e3c494613d3aa378fb20e47d69b51245b538e
esol,39383db26262b98a,O=C(OCC(O)CO)c1ccccc1Nc1ccnc2cc(Cl)ccc12,aqueous_solubility,log10(mol/L),calibration,,-4.571000099182129,-3.341504145491487,-4.643408365770414,-2.03959992521256,random,2034,node_gnn,node_gnn,none,none,721e3c494613d3aa378fb20e47d69b51245b538e
esol,1da91787f38885ba,O=C(c1ccccc1)C(O)c1ccccc1,aqueous_solubility,log10(mol/L),train,,-2.8499999046325684,-7.49874984222121,-8.800654062500136,-6.196845621942283,random,2034,node_gnn,node_gnn,none,none,721e3c494613d3aa378fb20e47d69b51245b538e
esol,4dba3a2e70cac673,O=C(c1ccccc1)c1ccccc1,aqueous_solubility,log10(mol/L),train,,-3.119999885559082,-2.7118694371658356,-4.013773657444762,-1.4099652168869088,random,2034,node_gnn,node_gnn,none,none,721e3c494613d3aa378fb20e47d69b51245b538e
esol,db8d3eba6fa98f98,O=C1C(Cl)C(CCl)CN1c1cccc(C(F)(F)F)c1,aqueous_solubility,log10(mol/L),train,,-4.046999931335449,-3.000798017733239,-4.302702238012166,-1.6988937974543121,random,2034,node_gnn,node_gnn,none,none,721e3c494613d3aa378fb20e47d69b51245b538e
esol,6b583bedb8c16dc6,O=C1C(O)=C(C2CCC(c3ccc(Cl)cc3)CC2)C(=O)c2ccccc21,aqueous_solubility,log10(mol/L),train,,-5.931000232696533,0.5671164309720464,-0.7347877893068804,1.8690206512509733,random,2034,node_gnn,node_gnn,none,none,721e3c494613d3aa378fb20e47d69b51245b538e
esol,43baf9d8ef42876c,O=C1C2(Cl)C3(Cl)C4(Cl)C(Cl)(Cl)C5(Cl)C3(Cl)C1(Cl)C5(Cl)C24Cl,aqueous_solubility,log10(mol/L),train,,-5.258999824523926,-1.8063250986157513,-3.1082293188946784,-0.5044208783368245,random,2034,node_gnn,node_gnn,none,none,721e3c494613d3aa378fb20e47d69b51245b538e
esol,046f28c7cfbee993,O=C1C2CC=CCC2C(=O)N1SC(Cl)(Cl)C(Cl)Cl,aqueous_solubility,log10(mol/L),train,,-5.400000095367432,-9.584452266197353,-10.886356486476279,-8.282548045918427,random,2034,node_gnn,node_gnn,none,none,721e3c494613d3aa378fb20e47d69b51245b538e
esol,fb996a8251e32b19,O=C1C=C2CC3(O)COc4c(ccc(O)c4O)C3=C2C=C1O,aqueous_solubility,log10(mol/L),train,,-2.700000047683716,-3.175942535030717,-4.477846755309644,-1.8740383147517903,random,2034,node_gnn,node_gnn,none,none,721e3c494613d3aa378fb20e47d69b51245b538e
esol,2287e3509b11a6c4,O=C1CC(c2ccc(O)c(O)c2)Oc2cc(O)cc(O)c21,aqueous_solubility,log10(mol/L),validation,,-3.619999885559082,-2.6598138611556057,-3.9617180814345323,-1.3579096408766789,random,2034,node_gnn,node_gnn,none,none,721e3c494613d3aa378fb20e47d69b51245b538e
esol,98e81285f39d4a65,O=C1CCC(=O)N1,aqueous_solubility,log10(mol/L),train,,0.30000001192092896,-2.163378103082606,-3.4652823233615324,-0.861473882803679,random,2034,node_gnn,node_gnn,none,none,721e3c494613d3aa378fb20e47d69b51245b538e
esol,552029f553c6de90,O=C1CCC(N2C(=O)c3ccccc3C2=O)C(=O)N1,aqueous_solubility,log10(mol/L),calibration,,-2.6760001182556152,-3.00221155614249,-4.304115776421416,-1.700307335863563,random,2034,node_gnn,node_gnn,none,none,721e3c494613d3aa378fb20e47d69b51245b538e
esol,f8fc82e8cbf0dbbb,O=C1CCCCC1,aqueous_solubility,log10(mol/L),train,,-0.6000000238418579,-1.4671899626198261,-2.769094182898753,-0.16528574234089932,random,2034,node_gnn,node_gnn,none,none,721e3c494613d3aa378fb20e47d69b51245b538e
esol,88292b2a0d08280c,O=C1CCCN1,aqueous_solubility,log10(mol/L),train,,1.0700000524520874,-6.586651274838414,-7.888555495117341,-5.284747054559487,random,2034,node_gnn,node_gnn,none,none,721e3c494613d3aa378fb20e47d69b51245b538e
esol,464ea5384e52ed18,O=C1CN(N=Cc2ccc([N+](=O)[O-])o2)C(=O)N1,aqueous_solubility,log10(mol/L),validation,,-3.380000114440918,-3.3260382992064055,-4.627942519485332,-2.024134078927479,random,2034,node_gnn,node_gnn,none,none,721e3c494613d3aa378fb20e47d69b51245b538e
esol,ad5815f8ca05b4e0,O=C1CN=C(c2ccccc2)c2cc([N+](=O)[O-])ccc2N1,aqueous_solubility,log10(mol/L),validation,,-3.7960000038146973,-3.525580909488856,-4.8274851297677825,-2.2236766892099293,random,2034,node_gnn,node_gnn,none,none,721e3c494613d3aa378fb20e47d69b51245b538e
esol,3bcf5a8597ee7358,O=C1CN=C(c2ccccc2Cl)c2cc([N+](=O)[O-])ccc2N1,aqueous_solubility,log10(mol/L),test,,-3.499000072479248,-3.770126937807212,-5.072031158086139,-2.4682227175282856,random,2034,node_gnn,node_gnn,none,none,721e3c494613d3aa378fb20e47d69b51245b538e
esol,7431852da1dce5b8,O=C1CNC(=O)N1,aqueous_solubility,log10(mol/L),train,,-0.4000000059604645,-0.8853796908605291,-2.187283911139456,0.4165245294183977,random,2034,node_gnn,node_gnn,none,none,721e3c494613d3aa378fb20e47d69b51245b538e
esol,5e3e17dfed89e466,O=C1CSC(=S)N1,aqueous_solubility,log10(mol/L),train,,-1.7699999809265137,0.4313963629816069,-0.8705078572973199,1.7333005832605337,random,2034,node_gnn,node_gnn,none,none,721e3c494613d3aa378fb20e47d69b51245b538e
esol,9b850b8ead100465,O=C1NC(=O)C(=O)C(=O)N1,aqueous_solubility,log10(mol/L),train,,-1.25,-2.9858040654852163,-4.287708285764143,-1.6838998452062894,random,2034,node_gnn,node_gnn,none,none,721e3c494613d3aa378fb20e47d69b51245b538e
esol,9f97173311018951,O=C1NC(=O)C(=O)N1,aqueous_solubility,log10(mol/L),train,,-0.4000000059604645,-8.293577351071894,-9.59548157135082,-6.991673130792967,random,2034,node_gnn,node_gnn,none,none,721e3c494613d3aa378fb20e47d69b51245b538e
esol,f58d70889d342b7a,O=C1NC(=O)C(O)(C2(O)C(=O)NC(=O)NC2=O)C(=O)N1,aqueous_solubility,log10(mol/L),train,,-1.9900000095367432,-3.4344430997761832,-4.73634732005511,-2.1325388794972566,random,2034,node_gnn,node_gnn,none,none,721e3c494613d3aa378fb20e47d69b51245b538e
esol,a2f9df8a5d8811db,O=C1NC(=O)C(c2ccccc2)(c2ccccc2)N1,aqueous_solubility,log10(mol/L),train,,-4.0970001220703125,-3.339866481492445,-4.641770701771372,-2.0379622612135178,random,2034,node_gnn,node_gnn,none,none,721e3c494613d3aa378fb20e47d69b51245b538e
esol,abaed2608bdfc2de,O=C1NC(=O)C2(CC2)C(=O)N1,aqueous_solubility,log10(mol/L),train,,-1.8860000371932983,-4.880133931105529,-6.1820381513844564,-3.5782297108266023,random,2034,node_gnn,node_gnn,none,none,721e3c494613d3aa378fb20e47d69b51245b538e
esol,c4e073085482ca83,O=C1NC(=O)C2(CCC2)C(=O)N1,aqueous_solubility,log10(mol/L),test,,-1.6549999713897705,-2.2545715558409283,-3.5564757761198553,-0.9526673355620014,random,2034,node_gnn,node_gnn,none,none,721e3c494613d3aa378fb20e47d69b51245b538e
esol,fb010ec97af69bc4,O=C1NC(=O)C2(CCCC2)C(=O)N1,aqueous_solubility,log10(mol/L),train,,-2.3489999771118164,-0.8047464244721119,-2.1066506447510385,0.49715779580681496,random,2034,node_gnn,node_gnn,none,none,721e3c494613d3aa378fb20e47d69b51245b538e
esol,f7fa422f6b89ab0c,O=C1NC(=O)C2(CCCCC2)C(=O)N1,aqueous_solubility,log10(mol/L),validation,,-3.059999942779541,-2.289622014378633,-3.59152623465756,-0.9877177940997062,random,2034,node_gnn,node_gnn,none,none,721e3c494613d3aa378fb20e47d69b51245b538e
esol,1079ed78c10335aa,O=C1NC(=O)C2(CCCCCC2)C(=O)N1,aqueous_solubility,log10(mol/L),train,,-3.1679999828338623,-3.6370210055772714,-4.938925225856198,-2.3351167852983448,random,2034,node_gnn,node_gnn,none,none,721e3c494613d3aa378fb20e47d69b51245b538e
esol,2763289c3c31ca3c,O=C1NC(=O)C2(CCCCCCC2)C(=O)N1,aqueous_solubility,log10(mol/L),train,,-2.9820001125335693,-2.7195817310608548,-4.021485951339781,-1.417677510781928,random,2034,node_gnn,node_gnn,none,none,721e3c494613d3aa378fb20e47d69b51245b538e
esol,6122d0570c0fafbd,O=C1NC(=O)C2C3C(C(O)(c4ccccc4)c4ccccn4)=CC(C3=C(c3ccccc3)c3ccccn3)C12,aqueous_solubility,log10(mol/L),train,,-3.930999994277954,-5.782622127412448,-7.084526347691375,-4.480717907133521,random,2034,node_gnn,node_gnn,none,none,721e3c494613d3aa378fb20e47d69b51245b538e
esol,80765813e3dd85bc,O=C1NC(=O)C2C=CC=CC12,aqueous_solubility,log10(mol/L),train,,-2.931999921798706,-5.34324251844434,-6.645146738723267,-4.041338298165413,random,2034,node_gnn,node_gnn,none,none,721e3c494613d3aa378fb20e47d69b51245b538e
esol,8c073a83b27c7462,O=C1NC(=O)c2ccccc21,aqueous_solubility,log10(mol/L),validation,,-2.609999895095825,-3.631372630615026,-4.933276850893953,-2.3294684103360987,random,2034,node_gnn,node_gnn,none,none,721e3c494613d3aa378fb20e47d69b51245b538e
esol,6b563f4c04c1dd29,O=C1NCCN1c1ncc([N+](=O)[O-])s1,aqueous_solubility,log10(mol/L),train,,-3.2200000286102295,-1.7237352847997334,-3.02563950507866,-0.42183106452080654,random,2034,node_gnn,node_gnn,none,none,721e3c494613d3aa378fb20e47d69b51245b538e
esol,e431f760674c4ee6,O=C1Nc2ccc(Cl)cc2C(c2ccccc2)=NC1O,aqueous_solubility,log10(mol/L),train,,-3.9519999027252197,-6.506747985558084,-7.808652205837011,-5.204843765279157,random,2034,node_gnn,node_gnn,none,none,721e3c494613d3aa378fb20e47d69b51245b538e
esol,e7367b803a2a0cad,O=C1Nc2ccc(Cl)cc2C(c2ccccc2Cl)=NC1O,aqueous_solubility,log10(mol/L),train,,-3.6040000915527344,1.1152733164866446,-0.1866309037922822,2.4171775367655712,random,2034,node_gnn,node_gnn,none,none,721e3c494613d3aa378fb20e47d69b51245b538e
esol,cccf416cbf91333f,O=C1OC(c2ccc(O)cc2)(c2ccc(O)cc2)c2ccccc21,aqueous_solubility,log10(mol/L),train,,-2.9000000953674316,-2.1054810014597654,-3.407385221738692,-0.8035767811808385,random,2034,node_gnn,node_gnn,none,none,721e3c494613d3aa378fb20e47d69b51245b538e
esol,1d8559207fba752d,O=C1c2ccccc2C(=O)c2ccccc21,aqueous_solubility,log10(mol/L),train,,-5.190000057220459,-4.615464040761608,-5.917368261040535,-3.3135598204826806,random,2034,node_gnn,node_gnn,none,none,721e3c494613d3aa378fb20e47d69b51245b538e
esol,40f1ac185330e905,O=C1c2ccccc2Cc2ccccc2N1CCF,aqueous_solubility,log10(mol/L),train,,-4.798999786376953,-5.833061383238466,-7.134965603517393,-4.531157162959539,random,2034,node_gnn,node_gnn,none,none,721e3c494613d3aa378fb20e47d69b51245b538e
esol,1c5ae882fec16e7a,O=CNC(N1C=CN(C(NC=O)C(Cl)(Cl)Cl)C=C1)C(Cl)(Cl)Cl,aqueous_solubility,log10(mol/L),train,,-4.190000057220459,-2.839389752084124,-4.141293972363051,-1.5374855318051972,random,2034,node_gnn,node_gnn,none,none,721e3c494613d3aa378fb20e47d69b51245b538e
esol,24abd616835cfd2d,O=Cc1ccc(O)cc1,aqueous_solubility,log10(mol/L),train,,-0.9599999785423279,-4.125309018650938,-5.427213238929865,-2.823404798372011,random,2034,node_gnn,node_gnn,none,none,721e3c494613d3aa378fb20e47d69b51245b538e
esol,01bc1188fd568fec,O=Cc1ccc2c(c1)OCO2,aqueous_solubility,log10(mol/L),train,,-1.6299999952316284,-3.4916736965088377,-4.793577916787765,-2.1897694762299107,random,2034,node_gnn,node_gnn,none,none,721e3c494613d3aa378fb20e47d69b51245b538e
esol,f96a284663242b78,O=Cc1ccccc1,aqueous_solubility,log10(mol/L),train,,-1.190000057220459,-2.3785584286219605,-3.680462648900887,-1.0766542083430337,random,2034,node_gnn,node_gnn,none,none,721e3c494613d3aa378fb20e47d69b51245b538e
esol,363e8ba4d5020110,O=Cc1ccco1,aqueous_solubility,log10(mol/L),train,,-0.10000000149011612,-4.438195425536703,-5.74009964581563,-3.136291205257776,random,2034,node_gnn,node_gnn,none,none,721e3c494613d3aa378fb20e47d69b51245b538e
esol,8a081af65ed6bef7,O=[N+]([O-])C(Cl)(Cl)Cl,aqueous_solubility,log10(mol/L),calibration,,-2.0,-1.3855878672333413,-2.6874920875122683,-0.08368364695441444,random,2034,node_gnn,node_gnn,none,none,721e3c494613d3aa378fb20e47d69b51245b538e
esol,b3623792d168d2ab,O=[N+]([O-])OCC(CO[N+](=O)[O-])O[N+](=O)[O-],aqueous_solubility,log10(mol/L),train,,-2.2200000286102295,-1.619752444213407,-2.9216566644923336,-0.3178482239344802,random,2034,node_gnn,node_gnn,none,none,721e3c494613d3aa378fb20e47d69b51245b538e
esol,ff424e90dc845655,O=[N+]([O-])c1c(Cl)c(Cl)c(Cl)c(Cl)c1Cl,aqueous_solubility,log10(mol/L),train,,-5.820000171661377,-3.244294983572014,-4.546199203850941,-1.9423907632930872,random,2034,node_gnn,node_gnn,none,none,721e3c494613d3aa378fb20e47d69b51245b538e
esol,57e68a80baabc9d1,O=[N+]([O-])c1cc([N+](=O)[O-])cc([N+](=O)[O-])c1,aqueous_solubility,log10(mol/L),train,,-2.890000104904175,-2.6782998417051225,-3.9802040619840495,-1.3763956214261956,random,2034,node_gnn,node_gnn,none,none,721e3c494613d3aa378fb20e47d69b51245b538e
esol,bc600864e500c480,O=[N+]([O-])c1ccc(C=NO)o1,aqueous_solubility,log10(mol/L),test,,-2.190000057220459,-3.2344554538670387,-4.536359674145966,-1.9325512335881119,random,2034,node_gnn,node_gnn,none,none,721e3c494613d3aa378fb20e47d69b51245b538e
esol,4b83ca53ecb4e64f,O=[N+]([O-])c1ccc(Cl)c(Cl)c1,aqueous_solubility,log10(mol/L),calibration,,-3.200000047683716,-3.9071249006908184,-5.2090291209697455,-2.6052206804118914,random,2034,node_gnn,node_gnn,none,none,721e3c494613d3aa378fb20e47d69b51245b538e
esol,a677b460c36a2d5e,O=[N+]([O-])c1ccc(Cl)cc1,aqueous_solubility,log10(mol/L),train,,-2.9200000762939453,-0.3319946580975084,-1.6338988783764352,0.9699095621814184,random,2034,node_gnn,node_gnn,none,none,721e3c494613d3aa378fb20e47d69b51245b538e
esol,dde4a1cff0933018,O=[N+]([O-])c1ccc(O)cc1,aqueous_solubility,log10(mol/L),validation,,-0.7400000095367432,-1.9609609438578388,-3.2628651641367656,-0.659056723578912,random,2034,node_gnn,node_gnn,none,none,721e3c494613d3aa378fb20e47d69b51245b538e
esol,0cfb53848f1c44c5,O=[N+]([O-])c1ccc(Oc2ccc(Cl)cc2Cl)cc1,aqueous_solubility,log10(mol/L),train,,-5.460000038146973,-6.003010095225278,-7.304914315504205,-4.701105874946351,random,2034,node_gnn,node_gnn,none,none,721e3c494613d3aa378fb20e47d69b51245b538e
esol,82051d5601294b9c,O=[N+]([O-])c1ccc([N+](=O)[O-])cc1,aqueous_solubility,log10(mol/L),train,,-3.390000104904175,-2.744050255527953,-4.04595447580688,-1.4421460352490263,random,2034,node_gnn,node_gnn,none,none,721e3c494613d3aa378fb20e47d69b51245b538e
esol,b8a8d3aea70aedef,O=[N+]([O-])c1cccc(Cl)c1,aqueous_solubility,log10(mol/L),train,,-2.7699999809265137,-5.188965820945251,-6.490870041224178,-3.887061600666324,random,2034,node_gnn,node_gnn,none,none,721e3c494613d3aa378fb20e47d69b51245b538e
esol,feef886840fa5400,O=[N+]([O-])c1cccc(Cl)c1Cl,aqueous_solubility,log10(mol/L),validation,,-3.4800000190734863,-3.1905995532586,-4.492503773537527,-1.8886953329796732,random,2034,node_gnn,node_gnn,none,none,721e3c494613d3aa378fb20e47d69b51245b538e
esol,8b82235acd1bad51,O=[N+]([O-])c1cccc(O)c1,aqueous_solubility,log10(mol/L),validation,,-1.0099999904632568,-1.5706545865666013,-2.872558806845528,-0.26875036628767446,random,2034,node_gnn,node_gnn,none,none,721e3c494613d3aa378fb20e47d69b51245b538e
esol,ec688ee4a0e28848,O=[N+]([O-])c1cccc([N+](=O)[O-])c1,aqueous_solubility,log10(mol/L),validation,,-2.2899999618530273,-2.602246050789516,-3.904150271068443,-1.3003418305105894,random,2034,node_gnn,node_gnn,none,none,721e3c494613d3aa378fb20e47d69b51245b538e
esol,c6bfe39ba4dc7a2a,O=[N+]([O-])c1cccc2ccccc12,aqueous_solubility,log10(mol/L),train,,-3.5399999618530273,-2.299580597210872,-3.6014848174897987,-0.9976763769319452,random,2034,node_gnn,node_gnn,none,none,721e3c494613d3aa378fb20e47d69b51245b538e
esol,e7485af5868fe30e,O=[N+]([O-])c1ccccc1,aqueous_solubility,log10(mol/L),train,,-1.7999999523162842,-2.8622422670484493,-4.164146487327376,-1.5603380467695225,random,2034,node_gnn,node_gnn,none,none,721e3c494613d3aa378fb20e47d69b51245b538e
esol,5f297c0e1cebb1e6,O=[N+]([O-])c1ccccc1Cl,aqueous_solubility,log10(mol/L),train,,-2.549999952316284,-0.1750831334541112,-1.476987353733038,1.1268210868248156,random,2034,node_gnn,node_gnn,none,none,721e3c494613d3aa378fb20e47d69b51245b538e
esol,5598414c70a5d146,O=[N+]([O-])c1ccccc1O,aqueous_solubility,log10(mol/L),test,,-1.7400000095367432,-1.8532357589349546,-3.1551399792138817,-0.5513315386560278,random,2034,node_gnn,node_gnn,none,none,721e3c494613d3aa378fb20e47d69b51245b538e
esol,059b799d8722bb7e,O=[N+]([O-])c1ccccc1[N+](=O)[O-],aqueous_solubility,log10(mol/L),train,,-3.0999999046325684,-5.620490657510606,-6.922394877789533,-4.318586437231679,random,2034,node_gnn,node_gnn,none,none,721e3c494613d3aa378fb20e47d69b51245b538e
esol,d74439078cde9040,O=c1[nH]c(=O)c2[nH]c(=O)[nH]c2[nH]1,aqueous_solubility,log10(mol/L),train,,-3.930000066757202,-2.0043384105849364,-3.3062426308638635,-0.7024341903060096,random,2034,node_gnn,node_gnn,none,none,721e3c494613d3aa378fb20e47d69b51245b538e
esol,2ba1a048585b1487,O=c1[nH]c2c(c(=O)n1C1CCCCC1)CCC2,aqueous_solubility,log10(mol/L),train,,-4.593999862670898,-2.5085428201659137,-3.8104470404448403,-1.2066385998869869,random,2034,node_gnn,node_gnn,none,none,721e3c494613d3aa378fb20e47d69b51245b538e
esol,d07e545f1899310f,O=c1[nH]c2cc(Cl)ccc2o1,aqueous_solubility,log10(mol/L),train,,-2.8310000896453857,-0.9716082056851945,-2.273512425964121,0.33029601459373237,random,2034,node_gnn,node_gnn,none,none,721e3c494613d3aa378fb20e47d69b51245b538e
esol,4c7d2cc71ad43d92,O=c1[nH]cc(F)c(=O)[nH]1,aqueous_solubility,log10(mol/L),test,,-1.0770000219345093,-2.657187857364153,-3.9590920776430796,-1.3552836370852261,random,2034,node_gnn,node_gnn,none,none,721e3c494613d3aa378fb20e47d69b51245b538e
esol,dffd0d1aff11120c,O=c1[nH]cnc2[nH]ncc12,aqueous_solubility,log10(mol/L),train,,-2.2660000324249268,-2.923487753409656,-4.225391973688583,-1.6215835331307293,random,2034,node_gnn,node_gnn,none,none,721e3c494613d3aa378fb20e47d69b51245b538e
esol,efd3b4d838ecabb0,O=c1[nH]cnc2nc[nH]c12,aqueous_solubility,log10(mol/L),train,,-2.2960000038146973,-3.832847803718019,-5.1347520239969455,-2.5309435834390923,random,2034,node_gnn,node_gnn,none,none,721e3c494613d3aa378fb20e47d69b51245b538e
esol,c401593400567088,O=c1c(O)c(-c2ccc(O)cc2O)oc2cc(O)cc(O)c12,aqueous_solubility,log10(mol/L),train,,-3.0829999446868896,-1.5525022157458317,-2.8544064360247585,-0.25059799546690487,random,2034,node_gnn,node_gnn,none,none,721e3c494613d3aa378fb20e47d69b51245b538e
esol,d67cde4d4f9d08e2,O=c1cc[nH]c(=O)[nH]1,aqueous_solubility,log10(mol/L),train,,-1.4880000352859497,-3.851691999966218,-5.153596220245145,-2.549787779687291,random,2034,node_gnn,node_gnn,none,none,721e3c494613d3aa378fb20e47d69b51245b538e
esol,834dfd465548d669,O=c1ccnc(S)[nH]1,aqueous_solubility,log10(mol/L),validation,,-2.2730000019073486,-1.8959199089637173,-3.197824129242644,-0.5940156886847905,random,2034,node_gnn,node_gnn,none,none,721e3c494613d3aa378fb20e47d69b51245b538e
esol,7b29bd731c5c5440,O=c1oc2ccccc2c(O)c1C(CC(O)c1ccc(-c2ccc(Br)cc2)cc1)c1ccccc1,aqueous_solubility,log10(mol/L),validation,,-4.445000171661377,-5.373510098371394,-6.675414318650321,-4.071605878092467,random,2034,node_gnn,node_gnn,none,none,721e3c494613d3aa378fb20e47d69b51245b538e
esol,f395281a134eed26,O=c1oc2ccccc2c(O)c1C1CCCc2ccccc21,aqueous_solubility,log10(mol/L),train,,-2.8399999141693115,-2.6621152339118863,-3.9640194541908134,-1.3602110136329595,random,2034,node_gnn,node_gnn,none,none,721e3c494613d3aa378fb20e47d69b51245b538e
esol,e761650b94280ee4,OC(Cn1cncn1)(Cn1cncn1)c1ccc(F)cc1F,aqueous_solubility,log10(mol/L),train,,-1.7999999523162842,-1.021445360883245,-2.323349581162172,0.2804588593956818,random,2034,node_gnn,node_gnn,none,none,721e3c494613d3aa378fb20e47d69b51245b538e
esol,1101da9b7991cc75,OC(Cn1cncn1)(c1ccc(F)cc1)c1ccccc1F,aqueous_solubility,log10(mol/L),train,,-3.369999885559082,-7.130223247955026,-8.432127468233952,-5.828319027676099,random,2034,node_gnn,node_gnn,none,none,721e3c494613d3aa378fb20e47d69b51245b538e
esol,6711c4961ef774a1,OC(c1ccc(Cl)cc1)(c1ccc(Cl)cc1)C(Cl)(Cl)Cl,aqueous_solubility,log10(mol/L),train,,-5.665999889373779,-1.8639097789839556,-3.165813999262882,-0.5620055587050288,random,2034,node_gnn,node_gnn,none,none,721e3c494613d3aa378fb20e47d69b51245b538e
esol,a2c2454d143b1950,OC(c1ccc(Cl)cc1)(c1cncnc1)c1ccccc1Cl,aqueous_solubility,log10(mol/L),calibration,,-4.380000114440918,-2.9978279031804154,-4.299732123459342,-1.6959236829014885,random,2034,node_gnn,node_gnn,none,none,721e3c494613d3aa378fb20e47d69b51245b538e
esol,b3f3b509e457b989,OC(c1ccccc1)C(O)c1ccccc1,aqueous_solubility,log10(mol/L),validation,,-1.9299999475479126,-1.8519985011739541,-3.153902721452881,-0.5500942808950273,random,2034,node_gnn,node_gnn,none,none,721e3c494613d3aa378fb20e47d69b51245b538e
esol,815eaa2e8194a1de,OC(c1ccccc1)c1ccccc1,aqueous_solubility,log10(mol/L),train,,-2.549999952316284,-1.1715479911187257,-2.4734522113976523,0.13035622916020118,random,2034,node_gnn,node_gnn,none,none,721e3c494613d3aa378fb20e47d69b51245b538e
esol,ccd31a926e2435b6,OC1C(O)C(O)C(O)C(O)C1O,aqueous_solubility,log10(mol/L),test,,0.3499999940395355,0.7962422521086481,-0.5056619681702788,2.098146472387575,random,2034,node_gnn,node_gnn,none,none,721e3c494613d3aa378fb20e47d69b51245b538e
esol,1dee6b11c4cd6fe7,OC1C=CC2C1C1(Cl)C(Cl)=C(Cl)C2(Cl)C1(Cl)Cl,aqueous_solubility,log10(mol/L),train,,-5.460000038146973,-1.683364344490061,-2.9852685647689876,-0.3814601242111342,random,2034,node_gnn,node_gnn,none,none,721e3c494613d3aa378fb20e47d69b51245b538e
esol,d2b075aa3c9f907a,OC1CCCCC1,aqueous_solubility,log10(mol/L),train,,-0.4399999976158142,-2.6401680135914387,-3.9420722338703653,-1.3382637933125119,random,2034,node_gnn,node_gnn,none,none,721e3c494613d3aa378fb20e47d69b51245b538e
esol,a260f3bd66239d10,OC1CCCCCC1,aqueous_solubility,log10(mol/L),train,,-0.8799999952316284,-2.616249643815778,-3.9181538640947045,-1.314345423536851,random,2034,node_gnn,node_gnn,none,none,721e3c494613d3aa378fb20e47d69b51245b538e
esol,cd07d7b7d929883b,OC1CCCCCCC1,aqueous_solubility,log10(mol/L),train,,-1.2899999618530273,-1.8956194178763228,-3.19752363815525,-0.593715197597396,random,2034,node_gnn,node_gnn,none,none,721e3c494613d3aa378fb20e47d69b51245b538e
esol,ee355a6432d1756f,OC1COC(O)C(O)C1O,aqueous_solubility,log10(mol/L),validation,,0.38999998569488525,0.6945298714754635,-0.6073743488034633,1.9964340917543903,random,2034,node_gnn,node_gnn,none,none,721e3c494613d3aa378fb20e47d69b51245b538e
esol,ad18eddfa134971c,OCC(O)C(O)C(O)C(O)CO,aqueous_solubility,log10(mol/L),train,,0.5750000160187483,-1.28597668730556,-2.587880907584487,0.015927532973366798,random,2034,node_gnn,node_gnn,none,none,721e3c494613d3aa378fb20e47d69b51245b538e
esol,5aedb2f44a5cfe15,OCC(O)C(O)CO,aqueous_solubility,log10(mol/L),train,,0.699999988079071,-4.193373356760168,-5.495277577039095,-2.8914691364812413,random,2034,node_gnn,node_gnn,none,none,721e3c494613d3aa378fb20e47d69b51245b538e
esol,5a22885eb34ba977,OCC(O)C1OC2OC(C(Cl)(Cl)Cl)OC2C1O,aqueous_solubility,log10(mol/L),validation,,-1.840000033378601,-0.9000172604303569,-2.2019214807092835,0.4018869598485699,random,2034,node_gnn,node_gnn,none,none,721e3c494613d3aa378fb20e47d69b51245b538e
esol,ecae793a151a86c7,OCC(O)CO,aqueous_solubility,log10(mol/L),train,,1.1200000047683716,-3.835348789298587,-5.137253009577514,-2.53344456901966,random,2034,node_gnn,node_gnn,none,none,721e3c494613d3aa378fb20e47d69b51245b538e
esol,23e4b685b19bde7d,OCC1OC(O)(CO)C(O)C1O,aqueous_solubility,log10(mol/L),train,,0.6399999856948853,-5.193681468092592,-6.495585688371519,-3.891777247813665,random,2034,node_gnn,node_gnn,none,none,721e3c494613d3aa378fb20e47d69b51245b538e
esol,8d06c6c063ad1f13,OCC1OC(O)C(O)C(O)C1O,aqueous_solubility,log10(mol/L),train,,0.7400000095367432,-2.01404795117601,-3.3159521714549367,-0.7121437308970833,random,2034,node_gnn,node_gnn,none,none,721e3c494613d3aa378fb20e47d69b51245b538e
esol,20a6ee58628f6410,OCC1OC(OC2(CO)OC(CO)C(O)C2O)C(O)C(O)C1O,aqueous_solubility,log10(mol/L),calibration,,0.7900000214576721,-0.24206480888617765,-1.5439690291651045,1.0598394113927492,random,2034,node_gnn,node_gnn,none,none,721e3c494613d3aa378fb20e47d69b51245b538e
esol,74372de6e813da3c,OCC1OC(OC2C(CO)OC(O)C(O)C2O)C(O)C(O)C1O,aqueous_solubility,log10(mol/L),validation,,-0.24400000274181366,0.2316789011855236,-1.0702253190934032,1.5335831214644504,random,2034,node_gnn,node_gnn,none,none,721e3c494613d3aa378fb20e47d69b51245b538e
esol,3bb6576d1676177b,OCC1OC(OCC2OC(OC3(CO)OC(CO)C(O)C3O)C(O)C(O)C2O)C(O)C(O)C1O,aqueous_solubility,log10(mol/L),validation,,-0.4099999964237213,-0.2904140485385813,-1.5923182688175082,1.0114901717403455,random,2034,node_gnn,node_gnn,none,none,721e3c494613d3aa378fb20e47d69b51245b538e
esol,cafb5394ad49e2da,OCC1OC(n2cnc3c(O)ncnc32)C(O)C1O,aqueous_solubility,log10(mol/L),train,,-1.2300000190734863,-4.738381672303623,-6.04028589258255,-3.436477452024696,random,2034,node_gnn,node_gnn,none,none,721e3c494613d3aa378fb20e47d69b51245b538e
esol,347360ba4eef9a17,OCCOc1ccccc1,aqueous_solubility,log10(mol/L),test,,-0.699999988079071,-1.587818741867536,-2.889722962146463,-0.2859145215886092,random,2034,node_gnn,node_gnn,none,none,721e3c494613d3aa378fb20e47d69b51245b538e
esol,8a2610c4845c31dd,OCc1ccccc1,aqueous_solubility,log10(mol/L),calibration,,-0.4000000059604645,-0.7741129860829852,-2.076017206361912,0.5277912341959416,random,2034,node_gnn,node_gnn,none,none,721e3c494613d3aa378fb20e47d69b51245b538e
esol,21fced0c0e248caf,OCc1ccccc1OC1OC(CO)C(O)C(O)C1O,aqueous_solubility,log10(mol/L),test,,-0.8500000238418579,-0.6867896298687644,-1.9886938501476912,0.6151145904101625,random,2034,node_gnn,node_gnn,none,none,721e3c494613d3aa378fb20e47d69b51245b538e
esol,3beaac315c00705a,Oc1c(Cl)c(Cl)c(Cl)c(Cl)c1Cl,aqueous_solubility,log10(mol/L),test,,-4.28000020980835,-3.5761909779698056,-4.878095198248732,-2.274286757690879,random,2034,node_gnn,node_gnn,none,none,721e3c494613d3aa378fb20e47d69b51245b538e
esol,ace4936ebfc84643,Oc1c(Cl)c(Cl)cc(Cl)c1Cl,aqueous_solubility,log10(mol/L),calibration,,-3.369999885559082,-3.499817216240606,-4.801721436519533,-2.197912995961679,random,2034,node_gnn,node_gnn,none,none,721e3c494613d3aa378fb20e47d69b51245b538e
esol,68fb3cd38ab259db,Oc1c(Cl)cc(Cl)c(Cl)c1Cl,aqueous_solubility,log10(mol/L),train,,-3.0999999046325684,-4.575065263395039,-5.876969483673966,-3.2731610431161116,random,2034,node_gnn,node_gnn,none,none,721e3c494613d3aa378fb20e47d69b51245b538e
esol,ff5529c308a61bd5,Oc1c(Cl)cc(Cl)cc1Cl,aqueous_solubility,log10(mol/L),test,,-2.3399999141693115,-2.77360242930639,-4.075506649585317,-1.471698209027463,random,2034,node_gnn,node_gnn,none,none,721e3c494613d3aa378fb20e47d69b51245b538e
esol,47fd413d31b8b8eb,Oc1c(Cl)ccc(Cl)c1Cl,aqueous_solubility,log10(mol/L),train,,-2.640000104904175,-2.418108362162042,-3.720012582440969,-1.116204141883115,random,2034,node_gnn,node_gnn,none,none,721e3c494613d3aa378fb20e47d69b51245b538e
esol,f2b15729f987cf3b,Oc1c(Cl)cccc1Cl,aqueous_solubility,log10(mol/L),calibration,,-1.7899999618530273,-1.9118516531340932,-3.21375587341302,-0.6099474328551664,random,2034,node_gnn,node_gnn,none,none,721e3c494613d3aa378fb20e47d69b51245b538e
esol,42fadcd62d5dfa18,Oc1c2ccccc2cc2ccccc12,aqueous_solubility,log10(mol/L),train,,-4.730000019073486,-2.4647980037058392,-3.7667022239847663,-1.1628937834269124,random,2034,node_gnn,node_gnn,none,none,721e3c494613d3aa378fb20e47d69b51245b538e
esol,f69f5a78d0052c90,Oc1cc(Cl)c(Cl)c(Cl)c1Cl,aqueous_solubility,log10(mol/L),train,,-3.1500000953674316,-2.00585987972595,-3.307764100004877,-0.7039556594470231,random,2034,node_gnn,node_gnn,none,none,721e3c494613d3aa378fb20e47d69b51245b538e
esol,5201b0d96bea2487,Oc1cc(Cl)c(Cl)cc1Cl,aqueous_solubility,log10(mol/L),validation,,-2.2100000381469727,-2.7826634534625723,-4.084567673741499,-1.4807592331836454,random,2034,node_gnn,node_gnn,none,none,721e3c494613d3aa378fb20e47d69b51245b538e
esol,83266a15b21d9a5e,Oc1cc(Cl)cc(Cl)c1,aqueous_solubility,log10(mol/L),test,,-1.340000033378601,-2.026600972565542,-3.328505192844469,-0.7246967522866152,random,2034,node_gnn,node_gnn,none,none,721e3c494613d3aa378fb20e47d69b51245b538e
esol,aefc79dc4755abd1,Oc1cc(Cl)cc(Cl)c1Cl,aqueous_solubility,log10(mol/L),train,,-2.6700000762939453,-0.7374642579526509,-2.0393684782315775,0.5644399623262759,random,2034,node_gnn,node_gnn,none,none,721e3c494613d3aa378fb20e47d69b51245b538e
esol,1d86e9c441b31155,Oc1cc(Cl)ccc1Oc1ccc(Cl)cc1Cl,aqueous_solubility,log10(mol/L),train,,-4.460000038146973,-2.925491104995979,-4.227395325274906,-1.6235868847170523,random,2034,node_gnn,node_gnn,none,none,721e3c494613d3aa378fb20e47d69b51245b538e
esol,1d621a1129d76fde,Oc1ccc(-c2ccccc2)cc1,aqueous_solubility,log10(mol/L),train,,-3.4800000190734863,-2.1256437297332975,-3.427547950012224,-0.8237395094543707,random,2034,node_gnn,node_gnn,none,none,721e3c494613d3aa378fb20e47d69b51245b538e
esol,6ccb98da78f7e118,Oc1ccc(Br)cc1,aqueous_solubility,log10(mol/L),test,,-1.090000033378601,-1.6961925053615994,-2.998096725640526,-0.39428828508267255,random,2034,node_gnn,node_gnn,none,none,721e3c494613d3aa378fb20e47d69b51245b538e
esol,1645a8e7ef24eacf,Oc1ccc(Cl)c(Cl)c1,aqueous_solubility,log10(mol/L),calibration,,-1.25,-1.6217227858968806,-2.923627006175807,-0.31981856561795374,random,2034,node_gnn,node_gnn,none,none,721e3c494613d3aa378fb20e47d69b51245b538e
esol,12d83c9e4cfe8609,Oc1ccc(Cl)c(Cl)c1Cl,aqueous_solubility,log10(mol/L),train,,-2.6700000762939453,-6.182666732259683,-7.48457095253861,-4.880762511980756,random,2034,node_gnn,node_gnn,none,none,721e3c494613d3aa378fb20e47d69b51245b538e
esol,d0f354a94dd9e30c,Oc1ccc(Cl)cc1,aqueous_solubility,log10(mol/L),train,,-0.699999988079071,-4.547128664165361,-5.849032884444288,-3.2452244438864337,random,2034,node_gnn,node_gnn,none,none,721e3c494613d3aa378fb20e47d69b51245b538e
esol,574d72e0485c2a4c,Oc1ccc(Cl)cc1Cc1cc(Cl)ccc1O,aqueous_solubility,log10(mol/L),calibration,,-3.953000068664551,-3.4184309823176466,-4.720335202596574,-2.1165267620387196,random,2034,node_gnn,node_gnn,none,none,721e3c494613d3aa378fb20e47d69b51245b538e
esol,3146d92924b6ceda,Oc1ccc(Cl)cc1Cl,aqueous_solubility,log10(mol/L),train,,-1.5499999523162842,-4.957354672572586,-6.259258892851513,-3.6554504522936586,random,2034,node_gnn,node_gnn,none,none,721e3c494613d3aa378fb20e47d69b51245b538e
esol,9b903cfe28e8dec2,Oc1ccc(O)cc1,aqueous_solubility,log10(mol/L),validation,,-0.17000000178813934,0.06582273365283609,-1.2360814866260907,1.367726953931763,random,2034,node_gnn,node_gnn,none,none,721e3c494613d3aa378fb20e47d69b51245b538e
esol,49fae57f275a6265,Oc1ccc2c(c1)CCCC2,aqueous_solubility,log10(mol/L),train,,-1.9900000095367432,-3.7488066104935314,-5.050710830772458,-2.4469023902146043,random,2034,node_gnn,node_gnn,none,none,721e3c494613d3aa378fb20e47d69b51245b538e
esol,7daf411051bf1f30,Oc1ccc2ccccc2c1,aqueous_solubility,log10(mol/L),train,,-2.2799999713897705,-0.8947993035331203,-2.1967035238120474,0.4071049167458065,random,2034,node_gnn,node_gnn,none,none,721e3c494613d3aa378fb20e47d69b51245b538e
esol,068adc1c3a01e09a,Oc1ccc2ncccc2c1,aqueous_solubility,log10(mol/L),train,,-2.1600000858306885,-1.1132496133498158,-2.4151538336287426,0.18865460692911107,random,2034,node_gnn,node_gnn,none,none,721e3c494613d3aa378fb20e47d69b51245b538e
esol,e25e7ed45d0af63a,Oc1cccc(Cl)c1,aqueous_solubility,log10(mol/L),train,,-0.699999988079071,-1.310679589849923,-2.61258381012885,-0.008775369570996228,random,2034,node_gnn,node_gnn,none,none,721e3c494613d3aa378fb20e47d69b51245b538e
esol,37986dfa66563881,Oc1cccc(Cl)c1Cl,aqueous_solubility,log10(mol/L),train,,-1.2999999523162842,-2.298667566599174,-3.600571786878101,-0.996763346320247,random,2034,node_gnn,node_gnn,none,none,721e3c494613d3aa378fb20e47d69b51245b538e
esol,084f0a95be5b9a25,Oc1cccc(O)c1,aqueous_solubility,log10(mol/L),train,,0.8100000023841858,-2.873831647819938,-4.175735868098865,-1.5719274275410113,random,2034,node_gnn,node_gnn,none,none,721e3c494613d3aa378fb20e47d69b51245b538e
esol,34e720a34db81320,Oc1cccc2ccccc12,aqueous_solubility,log10(mol/L),train,,-2.2200000286102295,-1.808163462824116,-3.110067683103043,-0.5062592425451893,random,2034,node_gnn,node_gnn,none,none,721e3c494613d3aa378fb20e47d69b51245b538e
esol,3ded71ac51eeff27,Oc1cccc2cccnc12,aqueous_solubility,log10(mol/L),train,,-2.4200000762939453,-7.583002671641658,-8.884906891920584,-6.281098451362731,random,2034,node_gnn,node_gnn,none,none,721e3c494613d3aa378fb20e47d69b51245b538e
esol,409af28e16979e80,Oc1cccc2ncccc12,aqueous_solubility,log10(mol/L),train,,-2.5399999618530273,-1.7533714357710184,-3.055275656049945,-0.45146721549209157,random,2034,node_gnn,node_gnn,none,none,721e3c494613d3aa378fb20e47d69b51245b538e
esol,2e890eb023abb6b6,Oc1ccccc1,aqueous_solubility,log10(mol/L),train,,0.0,-1.2451399733831687,-2.547044193662096,0.0567642468957581,random,2034,node_gnn,node_gnn,none,none,721e3c494613d3aa378fb20e47d69b51245b538e
esol,9c5ba45c0976f989,Oc1ccccc1Cl,aqueous_solubility,log10(mol/L),train,,-1.059999942779541,0.566607907593379,-0.7352963126855478,1.8685121278723058,random,2034,node_gnn,node_gnn,none,none,721e3c494613d3aa378fb20e47d69b51245b538e
esol,f8f88ccdc1aea39d,Oc1ccccc1O,aqueous_solubility,log10(mol/L),train,,0.6200000047683716,-3.250561552460746,-4.552465772739673,-1.948657332181819,random,2034,node_gnn,node_gnn,none,none,721e3c494613d3aa378fb20e47d69b51245b538e
esol,d40cc33ca3b960af,Oc1ccccn1,aqueous_solubility,log10(mol/L),train,,1.0199999809265137,-0.5832974174102432,-1.88520163768917,0.7186068028686836,random,2034,node_gnn,node_gnn,none,none,721e3c494613d3aa378fb20e47d69b51245b538e
esol,132a9e790a3605bd,Oc1ccncc1,aqueous_solubility,log10(mol/L),train,,1.0199999809265137,-0.8896700772547419,-2.191574297533669,0.41223414302418493,random,2034,node_gnn,node_gnn,none,none,721e3c494613d3aa378fb20e47d69b51245b538e
esol,a09b72bf3065ba5b,Oc1ncc2nccnc2n1,aqueous_solubility,log10(mol/L),calibration,,-1.9470000267028809,-1.7738578941035508,-3.075762114382478,-0.47195367382462394,random,2034,node_gnn,node_gnn,none,none,721e3c494613d3aa378fb20e47d69b51245b538e
esol,eb1ba46c82d06028,Sc1ccccc1,aqueous_solubility,log10(mol/L),train,,-2.119999885559082,-2.810691268762617,-4.112595489041544,-1.50878704848369,random,2034,node_gnn,node_gnn,none,none,721e3c494613d3aa378fb20e47d69b51245b538e
esol,53eadfaa30a28b1e,Sc1nc2ccccc2s1,aqueous_solubility,log10(mol/L),train,,-3.180000066757202,-2.068631697392684,-3.370535917671611,-0.7667274771137571,random,2034,node_gnn,node_gnn,none,none,721e3c494613d3aa378fb20e47d69b51245b538e
esol,797be817db1564f7,c1cc2c3c(c4ccc5ccccc5c4cc3c1)CC2,aqueous_solubility,log10(mol/L),train,,-7.849999904632568,-2.7829753154906185,-4.084879535769545,-1.4810710952116917,random,2034,node_gnn,node_gnn,none,none,721e3c494613d3aa378fb20e47d69b51245b538e
esol,acff556887e1b591,c1cc2c3c(cccc3c1)CC2,aqueous_solubility,log10(mol/L),train,,-4.630000114440918,-4.2421524552509915,-5.5440566755299185,-2.9402482349720644,random,2034,node_gnn,node_gnn,none,none,721e3c494613d3aa378fb20e47d69b51245b538e
esol,075c09059a47afaf,c1cc2ccc3ccc4ccc5ccc6ccc1c1c2c3c4c5c61,aqueous_solubility,log10(mol/L),train,,-9.331999778747559,0.33190970417440857,-0.9699945161045183,1.6338139244533354,random,2034,node_gnn,node_gnn,none,none,721e3c494613d3aa378fb20e47d69b51245b538e
esol,ee187c15393c12d9,c1cc2ccc3ccc4ccc5cccc6c(c1)c2c3c4c56,aqueous_solubility,log10(mol/L),train,,-9.017999649047852,-3.093869799983482,-4.395774020262409,-1.791965579704555,random,2034,node_gnn,node_gnn,none,none,721e3c494613d3aa378fb20e47d69b51245b538e
esol,23bf38caf7a251b5,c1cc2ccc3cccc4ccc(c1)c2c34,aqueous_solubility,log10(mol/L),train,,-6.176000118255615,-3.803863462404874,-5.105767682683801,-2.501959242125947,random,2034,node_gnn,node_gnn,none,none,721e3c494613d3aa378fb20e47d69b51245b538e
esol,2ae996bfabe8a242,c1cc2cccc3c4cccc5cccc(c(c1)c23)c54,aqueous_solubility,log10(mol/L),train,,-8.803999900817871,-4.4878331232511846,-5.789737343530112,-3.1859289029722575,random,2034,node_gnn,node_gnn,none,none,721e3c494613d3aa378fb20e47d69b51245b538e
esol,28cdc5dc458e073d,c1ccc(-c2ccc(-c3ccccc3)cc2)cc1,aqueous_solubility,log10(mol/L),validation,,-7.110000133514404,-5.436512565938131,-6.738416786217058,-4.1346083456592035,random,2034,node_gnn,node_gnn,none,none,721e3c494613d3aa378fb20e47d69b51245b538e
esol,03857fb18d8cb81d,c1ccc(-c2ccccc2)cc1,aqueous_solubility,log10(mol/L),train,,-4.34499979019165,-0.4220328729946159,-1.7239370932735427,0.8798713472843109,random,2034,node_gnn,node_gnn,none,none,721e3c494613d3aa378fb20e47d69b51245b538e
esol,10d1aaeb741ae67d,c1ccc(C2CO2)cc1,aqueous_solubility,log10(mol/L),test,,-1.600000023841858,-3.9260936180596,-5.227997838338527,-2.6241893977806736,random,2034,node_gnn,node_gnn,none,none,721e3c494613d3aa378fb20e47d69b51245b538e
esol,545e9105a6579e7d,c1ccc(CCc2ccccc2)cc1,aqueous_solubility,log10(mol/L),train,,-4.619999885559082,-6.519647727433071,-7.821551947711998,-5.217743507154144,random,2034,node_gnn,node_gnn,none,none,721e3c494613d3aa378fb20e47d69b51245b538e
esol,9bbe47f36a3bdefa,c1ccc(Cc2ccccc2)cc1,aqueous_solubility,log10(mol/L),train,,-4.079999923706055,-3.544922475652078,-4.8468266959310045,-2.2430182553731512,random,2034,node_gnn,node_gnn,none,none,721e3c494613d3aa378fb20e47d69b51245b538e
esol,f09f4fd0db478819,c1ccc(N=Nc2ccccc2)cc1,aqueous_solubility,log10(mol/L),train,,-4.449999809265137,-1.483554672443007,-2.785458892721934,-0.18165045216408027,random,2034,node_gnn,node_gnn,none,none,721e3c494613d3aa378fb20e47d69b51245b538e
esol,d0cc06f38fc23dc0,c1ccc(NNc2ccccc2)cc1,aqueous_solubility,log10(mol/L),train,,-2.9200000762939453,-5.776424405530506,-7.078328625809433,-4.474520185251579,random,2034,node_gnn,node_gnn,none,none,721e3c494613d3aa378fb20e47d69b51245b538e
esol,e208b87a10a8a69f,c1ccc(Nc2ccccc2)cc1,aqueous_solubility,log10(mol/L),validation,,-3.503999948501587,-3.7357065412269477,-5.037610761505874,-2.433802320948021,random,2034,node_gnn,node_gnn,none,none,721e3c494613d3aa378fb20e47d69b51245b538e
esol,be134013772d5968,c1ccc(Oc2ccccc2)cc1,aqueous_solubility,log10(mol/L),calibration,,-3.9600000381469727,-4.845591623128766,-6.147495843407693,-3.543687402849839,random,2034,node_gnn,node_gnn,none,none,721e3c494613d3aa378fb20e47d69b51245b538e
esol,043c2e23f851d45f,c1ccc2[nH]ccc2c1,aqueous_solubility,log10(mol/L),train,,-1.5199999809265137,-4.8060794063153285,-6.1079836265942555,-3.5041751860364014,random,2034,node_gnn,node_gnn,none,none,721e3c494613d3aa378fb20e47d69b51245b538e
esol,f272883f418f13bd,c1ccc2[nH]ncc2c1,aqueous_solubility,log10(mol/L),train,,-2.1600000858306885,-4.61441033359452,-5.916314553873447,-3.3125061133155933,random,2034,node_gnn,node_gnn,none,none,721e3c494613d3aa378fb20e47d69b51245b538e
esol,cef035936674febe,c1ccc2[nH]nnc2c1,aqueous_solubility,log10(mol/L),validation,,-0.7799999713897705,-2.0782814628749744,-3.3801856831539014,-0.7763772425960476,random,2034,node_gnn,node_gnn,none,none,721e3c494613d3aa378fb20e47d69b51245b538e
esol,858996c131e6717c,c1ccc2c(c1)-c1cccc3c1c-2cc1ccccc13,aqueous_solubility,log10(mol/L),train,,-8.229999542236328,-5.5527944147698065,-6.854698635048734,-4.2508901944908795,random,2034,node_gnn,node_gnn,none,none,721e3c494613d3aa378fb20e47d69b51245b538e
esol,ba95d41fcaa26d7b,c1ccc2c(c1)-c1cccc3cccc-2c13,aqueous_solubility,log10(mol/L),train,,-6.0,-4.206794546361668,-5.508698766640595,-2.9048903260827412,random,2034,node_gnn,node_gnn,none,none,721e3c494613d3aa378fb20e47d69b51245b538e
esol,f9f080dc7bc9c455,c1ccc2c(c1)CCC2,aqueous_solubility,log10(mol/L),train,,-3.0399999618530273,-2.202337182662796,-3.504241402941723,-0.9004329623838692,random,2034,node_gnn,node_gnn,none,none,721e3c494613d3aa378fb20e47d69b51245b538e
esol,3426417016495efe,c1ccc2c(c1)CCCC2,aqueous_solubility,log10(mol/L),train,,-4.369999885559082,-1.6468022343448023,-2.9487064546237294,-0.3448980140658755,random,2034,node_gnn,node_gnn,none,none,721e3c494613d3aa378fb20e47d69b51245b538e
esol,ca7ddb86099a1f31,c1ccc2c(c1)CCN2,aqueous_solubility,log10(mol/L),train,,-1.0399999618530273,-2.6189910968298067,-3.9208953171087337,-1.3170868765508799,random,2034,node_gnn,node_gnn,none,none,721e3c494613d3aa378fb20e47d69b51245b538e
esol,9eec1c422eb0736e,c1ccc2c(c1)Cc1c-2ccc2ccccc12,aqueous_solubility,log10(mol/L),train,,-6.679999828338623,-3.4287505769815154,-4.730654797260442,-2.126846356702589,random,2034,node_gnn,node_gnn,none,none,721e3c494613d3aa378fb20e47d69b51245b538e
esol,e917e96074d0112a,c1ccc2c(c1)Cc1cc3ccccc3cc1-2,aqueous_solubility,log10(mol/L),train,,-8.039999961853027,-5.907389804784918,-7.209294025063845,-4.605485584505991,random,2034,node_gnn,node_gnn,none,none,721e3c494613d3aa378fb20e47d69b51245b538e
esol,2bcb3025945f885d,c1ccc2c(c1)Cc1ccccc1-2,aqueous_solubility,log10(mol/L),train,,-5.0,-1.668640654025459,-2.9705448743043856,-0.3667364337465322,random,2034,node_gnn,node_gnn,none,none,721e3c494613d3aa378fb20e47d69b51245b538e
esol,32aefa1fca7e764e,c1ccc2c(c1)[nH]c1ccccc12,aqueous_solubility,log10(mol/L),train,,-5.269999980926514,-3.427003801661244,-4.728908021940171,-2.125099581382317,random,2034,node_gnn,node_gnn,none,none,721e3c494613d3aa378fb20e47d69b51245b538e
esol,7f4d532e99809c67,c1ccc2c(c1)c1cccc3ccc4cccc2c4c31,aqueous_solubility,log10(mol/L),validation,,-7.800000190734863,-7.867040070048924,-9.16894429032785,-6.565135849769997,random,2034,node_gnn,node_gnn,none,none,721e3c494613d3aa378fb20e47d69b51245b538e
esol,8b5d8475b535b0bc,c1ccc2c(c1)c1ccccc1c1ccccc21,aqueous_solubility,log10(mol/L),train,,-6.72599983215332,-2.2056059242143826,-3.5075101444933097,-0.9037017039354558,random,2034,node_gnn,node_gnn,none,none,721e3c494613d3aa378fb20e47d69b51245b538e
esol,0a42b5468f3cec71,c1ccc2c(c1)cc1ccc3cccc4ccc2c1c34,aqueous_solubility,log10(mol/L),train,,-8.699000358581543,-6.777263036487447,-8.079167256766373,-5.47535881620852,random,2034,node_gnn,node_gnn,none,none,721e3c494613d3aa378fb20e47d69b51245b538e
esol,abc2212d577a0a52,c1ccc2c(c1)ccc1c2ccc2c3ccccc3ccc21,aqueous_solubility,log10(mol/L),train,,-7.869999885559082,-1.8144751426577295,-3.116379362936656,-0.5125709223788026,random,2034,node_gnn,node_gnn,none,none,721e3c494613d3aa378fb20e47d69b51245b538e
esol,0b54a7f3ed5c794f,c1ccc2c(c1)ccc1c3ccccc3ccc21,aqueous_solubility,log10(mol/L),train,,-8.057000160217285,-4.080236349722374,-5.382140570001301,-2.778332129443447,random,2034,node_gnn,node_gnn,none,none,721e3c494613d3aa378fb20e47d69b51245b538e
esol,7fa04ee43db30bc0,c1ccc2c(c1)ccc1ccccc12,aqueous_solubility,log10(mol/L),validation,,-5.260000228881836,-5.784539156161061,-7.086443376439988,-4.482634935882134,random,2034,node_gnn,node_gnn,none,none,721e3c494613d3aa378fb20e47d69b51245b538e
esol,51da36469766fc21,c1ccc2c(c1)cnc1ccccc12,aqueous_solubility,log10(mol/L),train,,-2.7799999713897705,0.9076262701973996,-0.3942779500815272,2.209530490476326,random,2034,node_gnn,node_gnn,none,none,721e3c494613d3aa378fb20e47d69b51245b538e
esol,afc851d31ce87445,c1ccc2c(c1)oc1ccccc12,aqueous_solubility,log10(mol/L),calibration,,-4.599999904632568,-3.7316039928305003,-5.033508213109427,-2.429699772551573,random,2034,node_gnn,node_gnn,none,none,721e3c494613d3aa378fb20e47d69b51245b538e
esol,a270f9ffb22d606f,c1ccc2c(c1)sc1ccccc12,aqueous_solubility,log10(mol/L),train,,-4.380000114440918,0.43915420277552153,-0.8627500175034053,1.7410584230544484,random,2034,node_gnn,node_gnn,none,none,721e3c494613d3aa378fb20e47d69b51245b538e
esol,aaf3871c0ae0900f,c1ccc2c3c(ccc2c1)-c1cccc2cccc-3c12,aqueous_solubility,log10(mol/L),train,,-8.0,-3.938838205624161,-5.240742425903088,-2.636933985345234,random,2034,node_gnn,node_gnn,none,none,721e3c494613d3aa378fb20e47d69b51245b538e
esol,23d82fe5f429d7a9,c1ccc2cc3c(cc2c1)-c1cccc2cccc-3c12,aqueous_solubility,log10(mol/L),train,,-8.489999771118164,-1.5974559558197081,-2.899360176098635,-0.2955517355407813,random,2034,node_gnn,node_gnn,none,none,721e3c494613d3aa378fb20e47d69b51245b538e
esol,7d36e8549432d64d,c1ccc2cc3cc4ccccc4cc3cc2c1,aqueous_solubility,log10(mol/L),train,,-8.600000381469727,-4.7958710356064715,-6.097775255885399,-3.4939668153275445,random,2034,node_gnn,node_gnn,none,none,721e3c494613d3aa378fb20e47d69b51245b538e
esol,c4ee64098e4aa12f,c1ccc2cc3ccccc3cc2c1,aqueous_solubility,log10(mol/L),test,,-6.349999904632568,-6.501483302172485,-7.803387522451412,-5.199579081893558,random,2034,node_gnn,node_gnn,none,none,721e3c494613d3aa378fb20e47d69b51245b538e
esol,da702d9864f1c117,c1ccc2ccccc2c1,aqueous_solubility,log10(mol/L),test,,-3.5999999046325684,-3.884405139905198,-5.186309360184125,-2.5825009196262716,random,2034,node_gnn,node_gnn,none,none,721e3c494613d3aa378fb20e47d69b51245b538e
esol,9ca1add01351675c,c1ccc2cnccc2c1,aqueous_solubility,log10(mol/L),test,,-1.4500000476837158,-1.6461372517936659,-2.9480414720725925,-0.34423303151473905,random,2034,node_gnn,node_gnn,none,none,721e3c494613d3aa378fb20e47d69b51245b538e
esol,efcaebe6e1d57dd8,c1ccc2nc(-c3ccc4ccccc4n3)ccc2c1,aqueous_solubility,log10(mol/L),train,,-5.400000095367432,-4.194718234571493,-5.49662245485042,-2.892814014292566,random,2034,node_gnn,node_gnn,none,none,721e3c494613d3aa378fb20e47d69b51245b538e
esol,85d224abca7da7f7,c1ccc2nc3ccccc3cc2c1,aqueous_solubility,log10(mol/L),train,,-3.6700000762939453,-0.5684207474052845,-1.8703249676842113,0.7334834728736424,random,2034,node_gnn,node_gnn,none,none,721e3c494613d3aa378fb20e47d69b51245b538e
esol,6605621e5bb09b5b,c1ccc2ncccc2c1,aqueous_solubility,log10(mol/L),train,,-1.2999999523162842,-2.764954176509505,-4.066858396788432,-1.4630499562305783,random,2034,node_gnn,node_gnn,none,none,721e3c494613d3aa378fb20e47d69b51245b538e
esol,974e231cb1343190,c1ccc2ocnc2c1,aqueous_solubility,log10(mol/L),test,,-1.159999966621399,-1.5284840550920988,-2.8303882753710257,-0.226579834813172,random,2034,node_gnn,node_gnn,none,none,721e3c494613d3aa378fb20e47d69b51245b538e
esol,5ef8ef9683725da1,c1ccc2scnc2c1,aqueous_solubility,log10(mol/L),train,,-1.5,-3.563147110975461,-4.865051331254388,-2.2612428906965345,random,2034,node_gnn,node_gnn,none,none,721e3c494613d3aa378fb20e47d69b51245b538e
esol,e3e14b72b0c1eee5,c1ccccc1,aqueous_solubility,log10(mol/L),train,,-1.6399999856948853,-8.286399864205245,-9.588304084484172,-6.984495643926318,random,2034,node_gnn,node_gnn,none,none,721e3c494613d3aa378fb20e47d69b51245b538e
esol,495345b0563a50a0,c1ccncc1,aqueous_solubility,log10(mol/L),train,,0.7599999904632568,-2.339886418691018,-3.641790638969945,-1.0379821984120914,random,2034,node_gnn,node_gnn,none,none,721e3c494613d3aa378fb20e47d69b51245b538e
esol,593bada07a65209c,c1ccnnc1,aqueous_solubility,log10(mol/L),test,,1.100000023841858,1.0887093078526129,-0.21319491242631394,2.3906135281315395,random,2034,node_gnn,node_gnn,none,none,721e3c494613d3aa378fb20e47d69b51245b538e
esol,d626cfeba6db6df0,c1ccoc1,aqueous_solubility,log10(mol/L),train,,-0.8199999928474426,-1.7766162481878385,-3.078520468466765,-0.47471202790891165,random,2034,node_gnn,node_gnn,none,none,721e3c494613d3aa378fb20e47d69b51245b538e
esol,f1e6672b0806900d,c1ccsc1,aqueous_solubility,log10(mol/L),train,,-1.3300000429153442,-7.842346115129992,-9.144250335408918,-6.540441894851065,random,2034,node_gnn,node_gnn,none,none,721e3c494613d3aa378fb20e47d69b51245b538e
esol,d72a83266a26ee75,c1cnc2c(c1)ccc1ncccc12,aqueous_solubility,log10(mol/L),train,,-2.680000066757202,-4.018959220456647,-5.320863440735574,-2.7170550001777203,random,2034,node_gnn,node_gnn,none,none,721e3c494613d3aa378fb20e47d69b51245b538e
esol,363c54343f9cb2c9,c1cnc2ncncc2n1,aqueous_solubility,log10(mol/L),train,,0.019999999552965164,-6.516021453681967,-7.817925673960894,-5.21411723340304,random,2034,node_gnn,node_gnn,none,none,721e3c494613d3aa378fb20e47d69b51245b538e
esol,7f841726f00af1d6,c1cncnc1,aqueous_solubility,log10(mol/L),train,,1.100000023841858,-1.0067861678852923,-2.3086903881642193,0.29511805239363453,random,2034,node_gnn,node_gnn,none,none,721e3c494613d3aa378fb20e47d69b51245b538e
