dataset,molecule_id,smiles,property,units,partition,scaffold,y_true,y_pred,prediction_lower,prediction_upper,split_strategy,seed,model,family,features,fusion,git_commit
freesolv,df22605fe31c3941,BrC(Br)Br,hydration_free_energy,kcal/mol,train,,-2.130000114440918,-1.7573400741927385,-11.251852046024064,7.7371718976385875,scaffold,2032,rf_rdkit_morgan,random_forest,rdkit+morgan,none,77abfcdbb281d08df2e9fb09cf84b2a648ea9008
freesolv,547de2d39a6410f7,BrCBr,hydration_free_energy,kcal/mol,train,,-1.9600000381469727,-1.7798220198087442,-11.27433399164007,7.714689952022582,scaffold,2032,rf_rdkit_morgan,random_forest,rdkit+morgan,none,77abfcdbb281d08df2e9fb09cf84b2a648ea9008
freesolv,a726c11be0067cf9,BrCCBr,hydration_free_energy,kcal/mol,train,,-2.3299999237060547,-2.133511954449861,-11.628023926281188,7.361000017381465,scaffold,2032,rf_rdkit_morgan,random_forest,rdkit+morgan,none,77abfcdbb281d08df2e9fb09cf84b2a648ea9008
freesolv,0c0c46a21a6193f8,BrCc1ccccc1,hydration_free_energy,kcal/mol,train,c1ccccc1,-2.380000114440918,-2.0497400736585254,-11.544252045489852,7.4447718981728,scaffold,2032,rf_rdkit_morgan,random_forest,rdkit+morgan,none,77abfcdbb281d08df2e9fb09cf84b2a648ea9008
freesolv,c53eae19c75b9d3a,Brc1ccc(Br)cc1,hydration_free_energy,kcal/mol,train,c1ccccc1,-2.299999952316284,-1.9682999733686393,-11.462811945199965,7.526211998462687,scaffold,2032,rf_rdkit_morgan,random_forest,rdkit+morgan,none,77abfcdbb281d08df2e9fb09cf84b2a648ea9008
freesolv,2f717e5e14f94e95,Brc1ccccc1,hydration_free_energy,kcal/mol,train,c1ccccc1,-1.4600000381469727,-1.5468800233453475,-11.041391995176673,7.947631948485978,scaffold,2032,rf_rdkit_morgan,random_forest,rdkit+morgan,none,77abfcdbb281d08df2e9fb09cf84b2a648ea9008
freesolv,799a4d5aeacde815,C,hydration_free_energy,kcal/mol,train,,2.0,1.178160000741498,-8.316351971089828,10.672671972572823,scaffold,2032,rf_rdkit_morgan,random_forest,rdkit+morgan,none,77abfcdbb281d08df2e9fb09cf84b2a648ea9008
freesolv,7bac3cc21644af9b,C#CC,hydration_free_energy,kcal/mol,train,,-0.47999998927116394,-0.28231999194251234,-9.776831963773837,9.212191979888814,scaffold,2032,rf_rdkit_morgan,random_forest,rdkit+morgan,none,77abfcdbb281d08df2e9fb09cf84b2a648ea9008
freesolv,4de45e357be4160e,C#CCC,hydration_free_energy,kcal/mol,train,,-0.1599999964237213,-0.17935999619214726,-9.673871968023473,9.315151975639179,scaffold,2032,rf_rdkit_morgan,random_forest,rdkit+morgan,none,77abfcdbb281d08df2e9fb09cf84b2a648ea9008
freesolv,4b665013fe211d04,C#CCCC,hydration_free_energy,kcal/mol,train,,0.009999999776482582,0.01995999921860392,-9.474551972612723,9.514471971049929,scaffold,2032,rf_rdkit_morgan,random_forest,rdkit+morgan,none,77abfcdbb281d08df2e9fb09cf84b2a648ea9008
freesolv,de4570425c5f404b,C#CCCCC,hydration_free_energy,kcal/mol,train,,0.28999999165534973,0.28651999723912924,-9.207991974592197,9.781031969070455,scaffold,2032,rf_rdkit_morgan,random_forest,rdkit+morgan,none,77abfcdbb281d08df2e9fb09cf84b2a648ea9008
freesolv,91f909baf2cb8a67,C#CCCCCC,hydration_free_energy,kcal/mol,train,,0.6000000238418579,0.5482600110285025,-8.946251960802822,10.04277198285983,scaffold,2032,rf_rdkit_morgan,random_forest,rdkit+morgan,none,77abfcdbb281d08df2e9fb09cf84b2a648ea9008
freesolv,d9be4b22d82a6627,C#CCCCCCC,hydration_free_energy,kcal/mol,train,,0.7099999785423279,0.6536399917714424,-8.840871980059884,10.148151963602768,scaffold,2032,rf_rdkit_morgan,random_forest,rdkit+morgan,none,77abfcdbb281d08df2e9fb09cf84b2a648ea9008
freesolv,3a5a694349ed4368,C/C=C/C=O,hydration_free_energy,kcal/mol,train,,-4.21999979019165,-3.9943198658227876,-13.488831837654114,5.500192106008538,scaffold,2032,rf_rdkit_morgan,random_forest,rdkit+morgan,none,77abfcdbb281d08df2e9fb09cf84b2a648ea9008
freesolv,e32f5981f08df790,C/C=C/CCCC,hydration_free_energy,kcal/mol,train,,1.6799999475479126,1.610179964542389,-7.884332007288936,11.104691936373715,scaffold,2032,rf_rdkit_morgan,random_forest,rdkit+morgan,none,77abfcdbb281d08df2e9fb09cf84b2a648ea9008
freesolv,c66a02f97f456f75,C/C=C\CC,hydration_free_energy,kcal/mol,train,,1.309999942779541,1.2243199589885871,-8.270192012842738,10.718831930819913,scaffold,2032,rf_rdkit_morgan,random_forest,rdkit+morgan,none,77abfcdbb281d08df2e9fb09cf84b2a648ea9008
freesolv,d4efeed1de0c8e90,C1=CC=CCC=C1,hydration_free_energy,kcal/mol,test,C1=CC=CCC=C1,-0.9900000095367432,-0.09798000036179388,-9.59249197219312,9.396531971469532,scaffold,2032,rf_rdkit_morgan,random_forest,rdkit+morgan,none,77abfcdbb281d08df2e9fb09cf84b2a648ea9008
freesolv,609192e51bba544f,C1=CCCC1,hydration_free_energy,kcal/mol,validation,C1=CCCC1,0.5600000023841858,0.5136499897874955,-8.98086198204383,10.008161961618821,scaffold,2032,rf_rdkit_morgan,random_forest,rdkit+morgan,none,77abfcdbb281d08df2e9fb09cf84b2a648ea9008
freesolv,742af15a9113ada1,C1=CCCCC1,hydration_free_energy,kcal/mol,validation,C1=CCCCC1,0.14000000059604645,0.6147799937762359,-8.87973197805509,10.10929196560756,scaffold,2032,rf_rdkit_morgan,random_forest,rdkit+morgan,none,77abfcdbb281d08df2e9fb09cf84b2a648ea9008
freesolv,d0aafdecbb3a419b,C1CC1,hydration_free_energy,kcal/mol,validation,C1CC1,0.75,0.7142849884405775,-8.780226983390747,10.208796960271904,scaffold,2032,rf_rdkit_morgan,random_forest,rdkit+morgan,none,77abfcdbb281d08df2e9fb09cf84b2a648ea9008
freesolv,69894e058da716db,C1CCCC1,hydration_free_energy,kcal/mol,calibration,C1CCCC1,1.2000000476837158,0.9401649900674847,-8.55434698176384,10.43467696189881,scaffold,2032,rf_rdkit_morgan,random_forest,rdkit+morgan,none,77abfcdbb281d08df2e9fb09cf84b2a648ea9008
freesolv,3a0c3c3efb54d833,C1CCCCC1,hydration_free_energy,kcal/mol,calibration,C1CCCCC1,1.2300000190734863,1.2027250000648233,-8.291786971766502,10.69723697189615,scaffold,2032,rf_rdkit_morgan,random_forest,rdkit+morgan,none,77abfcdbb281d08df2e9fb09cf84b2a648ea9008
freesolv,0f4b768883232061,C1CCNC1,hydration_free_energy,kcal/mol,validation,C1CCNC1,-5.480000019073486,-4.0051213764533395,-13.499633348284664,5.489390595377986,scaffold,2032,rf_rdkit_morgan,random_forest,rdkit+morgan,none,77abfcdbb281d08df2e9fb09cf84b2a648ea9008
freesolv,cb23ab0e59dd1c08,C1CCNCC1,hydration_free_energy,kcal/mol,validation,C1CCNCC1,-5.110000133514404,-3.9000733774229865,-13.394585349254312,5.59443859440834,scaffold,2032,rf_rdkit_morgan,random_forest,rdkit+morgan,none,77abfcdbb281d08df2e9fb09cf84b2a648ea9008
freesolv,1af8e9f6ace97eee,C1CCOC1,hydration_free_energy,kcal/mol,test,C1CCOC1,-3.4700000286102295,-2.6056200003549455,-12.100131972186272,6.88889197147638,scaffold,2032,rf_rdkit_morgan,random_forest,rdkit+morgan,none,77abfcdbb281d08df2e9fb09cf84b2a648ea9008
freesolv,064f079e10086f29,C1CCOCC1,hydration_free_energy,kcal/mol,calibration,C1CCOCC1,-3.119999885559082,-2.5877800089530636,-12.08229198078439,6.906731962878262,scaffold,2032,rf_rdkit_morgan,random_forest,rdkit+morgan,none,77abfcdbb281d08df2e9fb09cf84b2a648ea9008
freesolv,575f25bc7815593d,C1CNC1,hydration_free_energy,kcal/mol,validation,C1CNC1,-5.559999942779541,-4.119834692808241,-13.614346664639566,5.374677279023085,scaffold,2032,rf_rdkit_morgan,random_forest,rdkit+morgan,none,77abfcdbb281d08df2e9fb09cf84b2a648ea9008
freesolv,683feaf94c606491,C1CNCCN1,hydration_free_energy,kcal/mol,test,C1CNCCN1,-7.400000095367432,-4.725053379207851,-14.219565351039176,4.769458592623475,scaffold,2032,rf_rdkit_morgan,random_forest,rdkit+morgan,none,77abfcdbb281d08df2e9fb09cf84b2a648ea9008
freesolv,325f288037972770,C1COCCN1,hydration_free_energy,kcal/mol,test,C1COCCN1,-7.170000076293945,-4.939953370682895,-14.43446534251422,4.554558601148431,scaffold,2032,rf_rdkit_morgan,random_forest,rdkit+morgan,none,77abfcdbb281d08df2e9fb09cf84b2a648ea9008
freesolv,b520ba34e96e6b2a,C1COCCO1,hydration_free_energy,kcal/mol,validation,C1COCCO1,-5.059999942779541,-4.475496703781192,-13.970008675612519,5.019015268050134,scaffold,2032,rf_rdkit_morgan,random_forest,rdkit+morgan,none,77abfcdbb281d08df2e9fb09cf84b2a648ea9008
freesolv,32766722dbae4c61,C=C,hydration_free_energy,kcal/mol,train,,1.2799999713897705,0.8979199828021138,-8.596591989029212,10.39243195463344,scaffold,2032,rf_rdkit_morgan,random_forest,rdkit+morgan,none,77abfcdbb281d08df2e9fb09cf84b2a648ea9008
freesolv,6ba07a348009ad29,C=C(C)C,hydration_free_energy,kcal/mol,train,,1.159999966621399,1.0807649783194164,-8.413746993511909,10.575276950150743,scaffold,2032,rf_rdkit_morgan,random_forest,rdkit+morgan,none,77abfcdbb281d08df2e9fb09cf84b2a648ea9008
freesolv,d1f6cbeec10124e5,C=C(C)C(=C)C,hydration_free_energy,kcal/mol,train,,0.4000000059604645,0.45564000292495344,-9.038871968906372,9.95015197475628,scaffold,2032,rf_rdkit_morgan,random_forest,rdkit+morgan,none,77abfcdbb281d08df2e9fb09cf84b2a648ea9008
freesolv,0df6a67583c65bae,C=C(C)CCC,hydration_free_energy,kcal/mol,train,,1.4700000286102295,1.3554200182557348,-8.13909195357559,10.849931990087061,scaffold,2032,rf_rdkit_morgan,random_forest,rdkit+morgan,none,77abfcdbb281d08df2e9fb09cf84b2a648ea9008
freesolv,1b19887cda12dbee,C=C(C)[C@@H]1CC=C(C)[C@@H](O)C1,hydration_free_energy,kcal/mol,validation,C1=CCCCC1,-4.440000057220459,-5.163192025256155,-14.65770399708748,4.331319946575171,scaffold,2032,rf_rdkit_morgan,random_forest,rdkit+morgan,none,77abfcdbb281d08df2e9fb09cf84b2a648ea9008
freesolv,4dadf5d2245646e2,C=C(C)[C@@H]1CC=C(C=O)CC1,hydration_free_energy,kcal/mol,validation,C1=CCCCC1,-4.090000152587891,-4.0739500253796574,-13.568461997210983,5.420561946451668,scaffold,2032,rf_rdkit_morgan,random_forest,rdkit+morgan,none,77abfcdbb281d08df2e9fb09cf84b2a648ea9008
freesolv,9bd6e8248a6ac888,C=C(C)[C@@H]1CC[C@@H](C)C(=O)C1,hydration_free_energy,kcal/mol,validation,O=C1CCCCC1,-3.75,-3.972308026495575,-13.466819998326901,5.52220394533575,scaffold,2032,rf_rdkit_morgan,random_forest,rdkit+morgan,none,77abfcdbb281d08df2e9fb09cf84b2a648ea9008
freesolv,6f9249e288ca4886,C=C(C)c1ccccc1,hydration_free_energy,kcal/mol,train,c1ccccc1,-1.2400000095367432,-1.189940008223068,-10.684451980054394,8.304571963608257,scaffold,2032,rf_rdkit_morgan,random_forest,rdkit+morgan,none,77abfcdbb281d08df2e9fb09cf84b2a648ea9008
freesolv,74e264a8023b8226,C=C(Cl)Cl,hydration_free_energy,kcal/mol,train,,0.25,-0.2093619970649443,-9.70387396889627,9.285149974766382,scaffold,2032,rf_rdkit_morgan,random_forest,rdkit+morgan,none,77abfcdbb281d08df2e9fb09cf84b2a648ea9008
freesolv,19b85ec9c712b308,C=C(c1ccccc1)c1ccccc1,hydration_free_energy,kcal/mol,validation,C=C(c1ccccc1)c1ccccc1,-2.7799999713897705,-1.0825200018286738,-10.577031973659999,8.411991970002653,scaffold,2032,rf_rdkit_morgan,random_forest,rdkit+morgan,none,77abfcdbb281d08df2e9fb09cf84b2a648ea9008
freesolv,4ad22e011ffa96ba,C=CC,hydration_free_energy,kcal/mol,train,,1.3200000524520874,1.0603200326562026,-8.434191939175124,10.554832004487528,scaffold,2032,rf_rdkit_morgan,random_forest,rdkit+morgan,none,77abfcdbb281d08df2e9fb09cf84b2a648ea9008
freesolv,d00fecc2d59f99d6,C=CC(=C)C,hydration_free_energy,kcal/mol,train,,0.6800000071525574,0.6872400040775535,-8.807271967753772,10.18175197590888,scaffold,2032,rf_rdkit_morgan,random_forest,rdkit+morgan,none,77abfcdbb281d08df2e9fb09cf84b2a648ea9008
freesolv,55c28b8ad121023c,C=CC(C)C,hydration_free_energy,kcal/mol,train,,1.8300000429153442,1.465680026113977,-8.028831945717348,10.960191997945303,scaffold,2032,rf_rdkit_morgan,random_forest,rdkit+morgan,none,77abfcdbb281d08df2e9fb09cf84b2a648ea9008
freesolv,97213f023267d9a8,C=CC=C,hydration_free_energy,kcal/mol,train,,0.5600000023841858,0.5280200029201674,-8.966491968911159,10.022531974751493,scaffold,2032,rf_rdkit_morgan,random_forest,rdkit+morgan,none,77abfcdbb281d08df2e9fb09cf84b2a648ea9008
freesolv,f810c7c1cf2244ef,C=CCC,hydration_free_energy,kcal/mol,train,,1.3799999952316284,1.2245199939682867,-8.26999197786304,10.719031965799612,scaffold,2032,rf_rdkit_morgan,random_forest,rdkit+morgan,none,77abfcdbb281d08df2e9fb09cf84b2a648ea9008
freesolv,1a9c34146a9dfca2,C=CCC=C,hydration_free_energy,kcal/mol,train,,0.9300000071525574,0.8022400022186411,-8.692271969612685,10.296751974049966,scaffold,2032,rf_rdkit_morgan,random_forest,rdkit+morgan,none,77abfcdbb281d08df2e9fb09cf84b2a648ea9008
freesolv,4f9a22896fa30cb2,C=CCCC,hydration_free_energy,kcal/mol,train,,1.6799999475479126,1.5797599628120653,-7.91475200901926,11.074271934643392,scaffold,2032,rf_rdkit_morgan,random_forest,rdkit+morgan,none,77abfcdbb281d08df2e9fb09cf84b2a648ea9008
freesolv,05e112973dc272f3,C=CCCC=C,hydration_free_energy,kcal/mol,train,,1.0099999904632568,0.9448999926000856,-8.54961197923124,10.439411964431411,scaffold,2032,rf_rdkit_morgan,random_forest,rdkit+morgan,none,77abfcdbb281d08df2e9fb09cf84b2a648ea9008
freesolv,b04353e13b080b0e,C=CCCCC,hydration_free_energy,kcal/mol,train,,1.5800000429153442,1.5553400195836873,-7.939171952247639,11.049851991415013,scaffold,2032,rf_rdkit_morgan,random_forest,rdkit+morgan,none,77abfcdbb281d08df2e9fb09cf84b2a648ea9008
freesolv,068d3d8e9203407c,C=CCCCCC,hydration_free_energy,kcal/mol,train,,1.659999966621399,1.6550799761116681,-7.839431995719657,11.149591947942994,scaffold,2032,rf_rdkit_morgan,random_forest,rdkit+morgan,none,77abfcdbb281d08df2e9fb09cf84b2a648ea9008
freesolv,d200520d964a9529,C=CCCCCCC,hydration_free_energy,kcal/mol,train,,1.9199999570846558,1.8499199648499451,-7.64459200698138,11.344431936681271,scaffold,2032,rf_rdkit_morgan,random_forest,rdkit+morgan,none,77abfcdbb281d08df2e9fb09cf84b2a648ea9008
freesolv,c97dbca79441aa87,C=CCCCCCCC,hydration_free_energy,kcal/mol,train,,2.059999942779541,1.9185599667876727,-7.5759520050436535,11.413071938618998,scaffold,2032,rf_rdkit_morgan,random_forest,rdkit+morgan,none,77abfcdbb281d08df2e9fb09cf84b2a648ea9008
freesolv,9646b5044f2d381b,C=CCCl,hydration_free_energy,kcal/mol,train,,-0.5699999928474426,-0.6260349932834455,-10.120546965114771,8.86847697854788,scaffold,2032,rf_rdkit_morgan,random_forest,rdkit+morgan,none,77abfcdbb281d08df2e9fb09cf84b2a648ea9008
freesolv,a9cb4c82f996239d,C=CCO,hydration_free_energy,kcal/mol,train,,-5.03000020980835,-5.103148129928103,-14.597660101759429,4.391363841903223,scaffold,2032,rf_rdkit_morgan,random_forest,rdkit+morgan,none,77abfcdbb281d08df2e9fb09cf84b2a648ea9008
freesolv,f82b64c47a30e806,C=CCl,hydration_free_energy,kcal/mol,train,,-0.5899999737739563,-0.6166989820092863,-10.111210953840612,8.87781298982204,scaffold,2032,rf_rdkit_morgan,random_forest,rdkit+morgan,none,77abfcdbb281d08df2e9fb09cf84b2a648ea9008
freesolv,fb63886955500778,C=C[C@@](C)(CCC=C(C)C)OC(C)=O,hydration_free_energy,kcal/mol,train,,-2.490000009536743,-3.4594300155639655,-12.953941987395291,6.03508195626736,scaffold,2032,rf_rdkit_morgan,random_forest,rdkit+morgan,none,77abfcdbb281d08df2e9fb09cf84b2a648ea9008
freesolv,922f2c1b03db117d,C=Cc1ccccc1,hydration_free_energy,kcal/mol,train,c1ccccc1,-1.2400000095367432,-1.1573400050103775,-10.651851976841703,8.337171966820948,scaffold,2032,rf_rdkit_morgan,random_forest,rdkit+morgan,none,77abfcdbb281d08df2e9fb09cf84b2a648ea9008
freesolv,67300569a949ad42,C=O,hydration_free_energy,kcal/mol,train,,-2.75,-3.096040005028248,-12.590551976859574,6.398471966803077,scaffold,2032,rf_rdkit_morgan,random_forest,rdkit+morgan,none,77abfcdbb281d08df2e9fb09cf84b2a648ea9008
freesolv,73c7d73efb8bdd41,CBr,hydration_free_energy,kcal/mol,train,,-0.8199999928474426,-0.8278399968445114,-10.322351968675838,8.666671974986814,scaffold,2032,rf_rdkit_morgan,random_forest,rdkit+morgan,none,77abfcdbb281d08df2e9fb09cf84b2a648ea9008
freesolv,05b1a8d05d1c3e6c,CC,hydration_free_energy,kcal/mol,train,,1.8300000429153442,1.3815600254535556,-8.11295194637777,10.876071997284882,scaffold,2032,rf_rdkit_morgan,random_forest,rdkit+morgan,none,77abfcdbb281d08df2e9fb09cf84b2a648ea9008
freesolv,1eb27a465c7bf134,CC#N,hydration_free_energy,kcal/mol,train,,-3.880000114440918,-3.653320065002888,-13.147832036834213,5.841191906828438,scaffold,2032,rf_rdkit_morgan,random_forest,rdkit+morgan,none,77abfcdbb281d08df2e9fb09cf84b2a648ea9008
freesolv,1d67b723d41f51ac,CC(=O)C(C)(C)C,hydration_free_energy,kcal/mol,train,,-3.109999895095825,-3.0317799361944195,-12.526291908025746,6.462732035636906,scaffold,2032,rf_rdkit_morgan,random_forest,rdkit+morgan,none,77abfcdbb281d08df2e9fb09cf84b2a648ea9008
freesolv,58249ca616cb22d8,CC(=O)C(C)C,hydration_free_energy,kcal/mol,train,,-3.240000009536743,-3.20013999953866,-12.694651971369986,6.294371972292666,scaffold,2032,rf_rdkit_morgan,random_forest,rdkit+morgan,none,77abfcdbb281d08df2e9fb09cf84b2a648ea9008
freesolv,582f8c2ed097dabc,CC(=O)C1CC1,hydration_free_energy,kcal/mol,validation,C1CC1,-4.610000133514404,-3.7688200100474045,-13.26333198187873,5.725691961783921,scaffold,2032,rf_rdkit_morgan,random_forest,rdkit+morgan,none,77abfcdbb281d08df2e9fb09cf84b2a648ea9008
freesolv,b173a8fb75f4db23,CC(=O)C1CCCCC1,hydration_free_energy,kcal/mol,calibration,C1CCCCC1,-3.9000000953674316,-3.514973350703717,-13.009485322535042,5.979538621127609,scaffold,2032,rf_rdkit_morgan,random_forest,rdkit+morgan,none,77abfcdbb281d08df2e9fb09cf84b2a648ea9008
freesolv,16cf4f31208ab363,CC(=O)CC(C)C,hydration_free_energy,kcal/mol,train,,-3.049999952316284,-3.062011966848374,-12.5565239386797,6.432500004982952,scaffold,2032,rf_rdkit_morgan,random_forest,rdkit+morgan,none,77abfcdbb281d08df2e9fb09cf84b2a648ea9008
freesolv,cbb660b5eaf183ba,CC(=O)CO[N+](=O)[O-],hydration_free_energy,kcal/mol,train,,-5.989999771118164,-5.347599857456988,-14.842111829288314,4.146912114374338,scaffold,2032,rf_rdkit_morgan,random_forest,rdkit+morgan,none,77abfcdbb281d08df2e9fb09cf84b2a648ea9008
freesolv,0780b195cfdf2ed6,CC(=O)N1CCCC1,hydration_free_energy,kcal/mol,validation,C1CCNC1,-9.800000190734863,-5.222621356767413,-14.717133328598738,4.271890615063913,scaffold,2032,rf_rdkit_morgan,random_forest,rdkit+morgan,none,77abfcdbb281d08df2e9fb09cf84b2a648ea9008
freesolv,a208ad1788f26aee,CC(=O)O,hydration_free_energy,kcal/mol,train,,-6.690000057220459,-6.462560034513454,-15.95707200634478,3.0319519373178716,scaffold,2032,rf_rdkit_morgan,random_forest,rdkit+morgan,none,77abfcdbb281d08df2e9fb09cf84b2a648ea9008
freesolv,a3332288868582b4,CC(=O)OC(C)C,hydration_free_energy,kcal/mol,train,,-2.640000104904175,-2.8352000646591202,-12.329712036490445,6.659311907172206,scaffold,2032,rf_rdkit_morgan,random_forest,rdkit+morgan,none,77abfcdbb281d08df2e9fb09cf84b2a648ea9008
freesolv,b8e46696f168483c,CC(=O)OC(C)OC(C)=O,hydration_free_energy,kcal/mol,train,,-4.96999979019165,-5.110879871726041,-14.605391843557367,4.3836321001052845,scaffold,2032,rf_rdkit_morgan,random_forest,rdkit+morgan,none,77abfcdbb281d08df2e9fb09cf84b2a648ea9008
freesolv,d514c2011a6bb3d5,CC(=O)OCC(C)C,hydration_free_energy,kcal/mol,train,,-2.359999895095825,-2.4331999418735473,-11.927711913704872,7.0613120299577785,scaffold,2032,rf_rdkit_morgan,random_forest,rdkit+morgan,none,77abfcdbb281d08df2e9fb09cf84b2a648ea9008
freesolv,e3057c8b93a65a68,CC(=O)OCC(COC(C)=O)OC(C)=O,hydration_free_energy,kcal/mol,train,,-8.84000015258789,-7.857390097618087,-17.351902069449412,1.6371218742132392,scaffold,2032,rf_rdkit_morgan,random_forest,rdkit+morgan,none,77abfcdbb281d08df2e9fb09cf84b2a648ea9008
freesolv,1f85a7027c370d59,CC(=O)OCCC(C)C,hydration_free_energy,kcal/mol,train,,-2.2100000381469727,-2.3488800247907595,-11.843391996622085,7.145631947040567,scaffold,2032,rf_rdkit_morgan,random_forest,rdkit+morgan,none,77abfcdbb281d08df2e9fb09cf84b2a648ea9008
freesolv,ba887869a6295619,CC(=O)OCCOC(C)=O,hydration_free_energy,kcal/mol,train,,-6.340000152587891,-6.0467800918519625,-15.541292063683288,3.4477318799793633,scaffold,2032,rf_rdkit_morgan,random_forest,rdkit+morgan,none,77abfcdbb281d08df2e9fb09cf84b2a648ea9008
freesolv,646bf545cef99fa9,CC(=O)Oc1ccccc1C(=O)O,hydration_free_energy,kcal/mol,train,c1ccccc1,-9.9399995803833,-8.937039739847153,-18.43155171167848,0.557472231984173,scaffold,2032,rf_rdkit_morgan,random_forest,rdkit+morgan,none,77abfcdbb281d08df2e9fb09cf84b2a648ea9008
freesolv,db4526f4bded9150,CC(=O)c1ccc(C)cc1,hydration_free_energy,kcal/mol,train,c1ccccc1,-4.699999809265137,-4.630319885373111,-14.124831857204438,4.864192086458215,scaffold,2032,rf_rdkit_morgan,random_forest,rdkit+morgan,none,77abfcdbb281d08df2e9fb09cf84b2a648ea9008
freesolv,e340b59450b263da,CC(=O)c1ccccc1,hydration_free_energy,kcal/mol,train,c1ccccc1,-4.579999923706055,-4.609139938831335,-14.103651910662661,4.885372032999991,scaffold,2032,rf_rdkit_morgan,random_forest,rdkit+morgan,none,77abfcdbb281d08df2e9fb09cf84b2a648ea9008
freesolv,b1930bd9e457359d,CC(=O)c1cccnc1,hydration_free_energy,kcal/mol,validation,c1ccncc1,-8.260000228881836,-5.3583339953661016,-14.852845967197428,4.136177976465224,scaffold,2032,rf_rdkit_morgan,random_forest,rdkit+morgan,none,77abfcdbb281d08df2e9fb09cf84b2a648ea9008
freesolv,3b8746d9ecf84cbe,CC(=O)c1ccncc1,hydration_free_energy,kcal/mol,validation,c1ccncc1,-7.619999885559082,-5.315153993630413,-14.80966596546174,4.179357978200913,scaffold,2032,rf_rdkit_morgan,random_forest,rdkit+morgan,none,77abfcdbb281d08df2e9fb09cf84b2a648ea9008
freesolv,49b42640c31e4afa,CC(C)(C)Br,hydration_free_energy,kcal/mol,train,,0.8399999737739563,0.5384199837222905,-8.956091988109035,10.032931955553616,scaffold,2032,rf_rdkit_morgan,random_forest,rdkit+morgan,none,77abfcdbb281d08df2e9fb09cf84b2a648ea9008
freesolv,30434d3b14f885bd,CC(C)(C)C,hydration_free_energy,kcal/mol,train,,2.509999990463257,2.2535199876203857,-7.24099198421094,11.748031959451712,scaffold,2032,rf_rdkit_morgan,random_forest,rdkit+morgan,none,77abfcdbb281d08df2e9fb09cf84b2a648ea9008
freesolv,8196c4a2dfe7d9d4,CC(C)(C)Cl,hydration_free_energy,kcal/mol,train,,1.090000033378601,0.6224800227209983,-8.872031949110328,10.116991994552324,scaffold,2032,rf_rdkit_morgan,random_forest,rdkit+morgan,none,77abfcdbb281d08df2e9fb09cf84b2a648ea9008
freesolv,27c766beb9d56df8,CC(C)(C)O,hydration_free_energy,kcal/mol,train,,-4.46999979019165,-4.420062500995398,-13.914574472826724,5.074449470835928,scaffold,2032,rf_rdkit_morgan,random_forest,rdkit+morgan,none,77abfcdbb281d08df2e9fb09cf84b2a648ea9008
freesolv,9f57f1a7941e4d72,CC(C)(C)c1ccc(O)cc1,hydration_free_energy,kcal/mol,train,c1ccccc1,-5.909999847412109,-5.818519911408429,-15.313031883239756,3.675992060422897,scaffold,2032,rf_rdkit_morgan,random_forest,rdkit+morgan,none,77abfcdbb281d08df2e9fb09cf84b2a648ea9008
freesolv,4e93122b9a1de48f,CC(C)(C)c1ccccc1,hydration_free_energy,kcal/mol,train,c1ccccc1,-0.4399999976158142,-0.4147999976277146,-9.90931196945904,9.079711974203612,scaffold,2032,rf_rdkit_morgan,random_forest,rdkit+morgan,none,77abfcdbb281d08df2e9fb09cf84b2a648ea9008
freesolv,4547266f8bdfb534,CC(C)=CCC/C(C)=C/CO,hydration_free_energy,kcal/mol,train,,-4.449999809265137,-4.605654865881376,-14.100166837712703,4.88885710594995,scaffold,2032,rf_rdkit_morgan,random_forest,rdkit+morgan,none,77abfcdbb281d08df2e9fb09cf84b2a648ea9008
freesolv,8d8b5be02a6bec10,CC(C)=CCC/C(C)=C\CO,hydration_free_energy,kcal/mol,train,,-4.78000020980835,-4.605654865881376,-14.100166837712703,4.88885710594995,scaffold,2032,rf_rdkit_morgan,random_forest,rdkit+morgan,none,77abfcdbb281d08df2e9fb09cf84b2a648ea9008
freesolv,93243e4e6bacc8c0,CC(C)=O,hydration_free_energy,kcal/mol,train,,-3.799999952316284,-3.729839962661264,-13.22435193449259,5.764672009170061,scaffold,2032,rf_rdkit_morgan,random_forest,rdkit+morgan,none,77abfcdbb281d08df2e9fb09cf84b2a648ea9008
freesolv,6ef30f66f852c308,CC(C)Br,hydration_free_energy,kcal/mol,train,,-0.47999998927116394,-0.4474599943421951,-9.94197196617352,9.047051977489131,scaffold,2032,rf_rdkit_morgan,random_forest,rdkit+morgan,none,77abfcdbb281d08df2e9fb09cf84b2a648ea9008
freesolv,ef6d460c1e6abde9,CC(C)C,hydration_free_energy,kcal/mol,train,,2.299999952316284,1.9203199702910934,-7.574192001540233,11.414831942122419,scaffold,2032,rf_rdkit_morgan,random_forest,rdkit+morgan,none,77abfcdbb281d08df2e9fb09cf84b2a648ea9008
freesolv,0f765371c44aaa59,CC(C)C(=O)C(C)C,hydration_free_energy,kcal/mol,train,,-2.740000009536743,-2.830560005664826,-12.325071977496151,6.6639519661665,scaffold,2032,rf_rdkit_morgan,random_forest,rdkit+morgan,none,77abfcdbb281d08df2e9fb09cf84b2a648ea9008
freesolv,cc8a3aa0542cebe6,CC(C)C(C)C,hydration_free_energy,kcal/mol,train,,2.3399999141693115,2.2041199413538153,-7.290392030477511,11.69863191318514,scaffold,2032,rf_rdkit_morgan,random_forest,rdkit+morgan,none,77abfcdbb281d08df2e9fb09cf84b2a648ea9008
freesolv,d74aca5cf4b1237c,CC(C)C(C)C(C)C,hydration_free_energy,kcal/mol,train,,2.559999942779541,2.317979966521262,-7.176532005310063,11.812491938352588,scaffold,2032,rf_rdkit_morgan,random_forest,rdkit+morgan,none,77abfcdbb281d08df2e9fb09cf84b2a648ea9008
freesolv,e413b9ce1efba5a0,CC(C)C=O,hydration_free_energy,kcal/mol,train,,-2.859999895095825,-3.02101993136853,-12.515531903199856,6.473492040462796,scaffold,2032,rf_rdkit_morgan,random_forest,rdkit+morgan,none,77abfcdbb281d08df2e9fb09cf84b2a648ea9008
freesolv,e7ba17e129e75195,CC(C)CBr,hydration_free_energy,kcal/mol,train,,-0.029999999329447746,-0.15383999857678754,-9.648351970408113,9.340671973254539,scaffold,2032,rf_rdkit_morgan,random_forest,rdkit+morgan,none,77abfcdbb281d08df2e9fb09cf84b2a648ea9008
freesolv,5c23882ab3e2d463,CC(C)CC(=O)O,hydration_free_energy,kcal/mol,train,,-6.090000152587891,-5.904493428945545,-15.399005400776872,3.5900185428857805,scaffold,2032,rf_rdkit_morgan,random_forest,rdkit+morgan,none,77abfcdbb281d08df2e9fb09cf84b2a648ea9008
freesolv,1ce5066619b734b1,CC(C)CC(C)(C)C,hydration_free_energy,kcal/mol,train,,2.890000104904175,2.5991200698390453,-6.89539190199228,12.093632041670372,scaffold,2032,rf_rdkit_morgan,random_forest,rdkit+morgan,none,77abfcdbb281d08df2e9fb09cf84b2a648ea9008
freesolv,608ba2d71e9299bf,CC(C)CC(C)C,hydration_free_energy,kcal/mol,train,,2.8299999237060547,2.645339952111272,-6.849172019720054,12.139851923942597,scaffold,2032,rf_rdkit_morgan,random_forest,rdkit+morgan,none,77abfcdbb281d08df2e9fb09cf84b2a648ea9008
freesolv,05047a8dca414cad,CC(C)CCC(C)(C)C,hydration_free_energy,kcal/mol,train,,2.930000066757202,2.6263900551125654,-6.86812191671876,12.120902026943892,scaffold,2032,rf_rdkit_morgan,random_forest,rdkit+morgan,none,77abfcdbb281d08df2e9fb09cf84b2a648ea9008
freesolv,6bc633f1f12c1ee7,CC(C)CCO,hydration_free_energy,kcal/mol,train,,-4.420000076293945,-4.408180046081542,-13.902692017912868,5.086331925749784,scaffold,2032,rf_rdkit_morgan,random_forest,rdkit+morgan,none,77abfcdbb281d08df2e9fb09cf84b2a648ea9008
freesolv,b3a79ff7deca4dc9,CC(C)CCOC=O,hydration_free_energy,kcal/mol,train,,-2.130000114440918,-2.264500074505811,-11.759012046337137,7.2300118973255145,scaffold,2032,rf_rdkit_morgan,random_forest,rdkit+morgan,none,77abfcdbb281d08df2e9fb09cf84b2a648ea9008
freesolv,df4f318c47e4982d,CC(C)CO,hydration_free_energy,kcal/mol,train,,-4.5,-4.600739992946394,-14.09525196477772,4.893771978884931,scaffold,2032,rf_rdkit_morgan,random_forest,rdkit+morgan,none,77abfcdbb281d08df2e9fb09cf84b2a648ea9008
freesolv,06f73f92690f97f5,CC(C)COC(=O)C(C)C,hydration_free_energy,kcal/mol,train,,-1.690000057220459,-2.29854003426432,-11.793052006095646,7.1959719375670055,scaffold,2032,rf_rdkit_morgan,random_forest,rdkit+morgan,none,77abfcdbb281d08df2e9fb09cf84b2a648ea9008
freesolv,d15c883b9a56c622,CC(C)COC=O,hydration_free_energy,kcal/mol,train,,-2.2200000286102295,-2.381520022034649,-11.876031993865976,7.112991949796677,scaffold,2032,rf_rdkit_morgan,random_forest,rdkit+morgan,none,77abfcdbb281d08df2e9fb09cf84b2a648ea9008
freesolv,663bdfbc5dd043d9,CC(C)CO[N+](=O)[O-],hydration_free_energy,kcal/mol,train,,-1.8799999952316284,-2.3509799910783724,-11.845491962909698,7.143531980752954,scaffold,2032,rf_rdkit_morgan,random_forest,rdkit+morgan,none,77abfcdbb281d08df2e9fb09cf84b2a648ea9008
freesolv,80e95678623257ff,CC(C)C[C@@H](C)O,hydration_free_energy,kcal/mol,train,,-3.7300000190734863,-3.8817733418010194,-13.376285313632344,5.612738630030306,scaffold,2032,rf_rdkit_morgan,random_forest,rdkit+morgan,none,77abfcdbb281d08df2e9fb09cf84b2a648ea9008
freesolv,3a8d190e00649828,CC(C)Cc1ccc([C@H](C)C(=O)O)cc1,hydration_free_energy,kcal/mol,train,c1ccccc1,-7.0,-6.7416160029530365,-16.236127974784363,2.7528959688782892,scaffold,2032,rf_rdkit_morgan,random_forest,rdkit+morgan,none,77abfcdbb281d08df2e9fb09cf84b2a648ea9008
freesolv,86c01edec2b47ea9,CC(C)Cc1ccccc1,hydration_free_energy,kcal/mol,train,c1ccccc1,0.1599999964237213,0.017839998763058862,-9.476671973068267,9.512351970594384,scaffold,2032,rf_rdkit_morgan,random_forest,rdkit+morgan,none,77abfcdbb281d08df2e9fb09cf84b2a648ea9008
freesolv,a05474e354458b4f,CC(C)Cc1cnccn1,hydration_free_energy,kcal/mol,calibration,c1cnccn1,-5.039999961853027,-3.384785010937601,-12.879296982768928,6.109726960893725,scaffold,2032,rf_rdkit_morgan,random_forest,rdkit+morgan,none,77abfcdbb281d08df2e9fb09cf84b2a648ea9008
freesolv,782413599639bd48,CC(C)Cl,hydration_free_energy,kcal/mol,train,,-0.25,-0.3358599984385022,-9.830371970269828,9.158651973392823,scaffold,2032,rf_rdkit_morgan,random_forest,rdkit+morgan,none,77abfcdbb281d08df2e9fb09cf84b2a648ea9008
freesolv,5010d23b5654a272,CC(C)I,hydration_free_energy,kcal/mol,train,,-0.46000000834465027,-0.4889700044244667,-9.983481976255792,9.00554196740686,scaffold,2032,rf_rdkit_morgan,random_forest,rdkit+morgan,none,77abfcdbb281d08df2e9fb09cf84b2a648ea9008
freesolv,a58327f405c6019d,CC(C)NC(C)C,hydration_free_energy,kcal/mol,train,,-3.2200000286102295,-3.201520030781627,-12.696032002612952,6.292991941049699,scaffold,2032,rf_rdkit_morgan,random_forest,rdkit+morgan,none,77abfcdbb281d08df2e9fb09cf84b2a648ea9008
freesolv,0a10a3c5ae6dbefa,CC(C)O,hydration_free_energy,kcal/mol,train,,-4.739999771118164,-4.72446817484497,-14.218980146676296,4.770043796986355,scaffold,2032,rf_rdkit_morgan,random_forest,rdkit+morgan,none,77abfcdbb281d08df2e9fb09cf84b2a648ea9008
freesolv,e9770c4c53aa3244,CC(C)OC(C)C,hydration_free_energy,kcal/mol,train,,-0.5299999713897705,-1.0980599837303187,-10.592571955561645,8.396451988101006,scaffold,2032,rf_rdkit_morgan,random_forest,rdkit+morgan,none,77abfcdbb281d08df2e9fb09cf84b2a648ea9008
freesolv,5125da25cc580c3f,CC(C)OC=O,hydration_free_energy,kcal/mol,train,,-2.0199999809265137,-2.3888199895322266,-11.883331961363552,7.105691982299099,scaffold,2032,rf_rdkit_morgan,random_forest,rdkit+morgan,none,77abfcdbb281d08df2e9fb09cf84b2a648ea9008
freesolv,08532f1ef39cb3c2,CC(C)SC(C)C,hydration_free_energy,kcal/mol,train,,-1.2100000381469727,-1.151120026480391,-10.645631998311718,8.343391945350934,scaffold,2032,rf_rdkit_morgan,random_forest,rdkit+morgan,none,77abfcdbb281d08df2e9fb09cf84b2a648ea9008
freesolv,2f13ba5e9b2c1d12,CC(C)[C@@H]1CC[C@@H](C)CC1=O,hydration_free_energy,kcal/mol,validation,O=C1CCCCC1,-2.5299999713897705,-3.763830025464297,-13.258341997295624,5.730681946367029,scaffold,2032,rf_rdkit_morgan,random_forest,rdkit+morgan,none,77abfcdbb281d08df2e9fb09cf84b2a648ea9008
freesolv,8c1b6e7115a08cd9,CC(C)[C@@H]1CC[C@@H](C)C[C@H]1O,hydration_free_energy,kcal/mol,calibration,C1CCCCC1,-3.200000047683716,-4.891756046390532,-14.386268018221859,4.6027559254407935,scaffold,2032,rf_rdkit_morgan,random_forest,rdkit+morgan,none,77abfcdbb281d08df2e9fb09cf84b2a648ea9008
freesolv,70007fb176a0ffc0,CC(C)[N+](=O)[O-],hydration_free_energy,kcal/mol,train,,-3.130000114440918,-3.3180600589886318,-12.812572030819958,6.176451912842694,scaffold,2032,rf_rdkit_morgan,random_forest,rdkit+morgan,none,77abfcdbb281d08df2e9fb09cf84b2a648ea9008
freesolv,4766bce8aaa6feeb,CC(C)c1ccccc1,hydration_free_energy,kcal/mol,train,c1ccccc1,-0.30000001192092896,-0.4002200088203005,-9.894731980651626,9.094291963011026,scaffold,2032,rf_rdkit_morgan,random_forest,rdkit+morgan,none,77abfcdbb281d08df2e9fb09cf84b2a648ea9008
freesolv,e0eb500eaa83e532,CC(Cl)(Cl)Cl,hydration_free_energy,kcal/mol,train,,-0.1899999976158142,-0.3123899986744112,-9.806901970505738,9.182121973156914,scaffold,2032,rf_rdkit_morgan,random_forest,rdkit+morgan,none,77abfcdbb281d08df2e9fb09cf84b2a648ea9008
freesolv,e8a1f1b7fb50720b,CC(Cl)Cl,hydration_free_energy,kcal/mol,train,,-0.8399999737739563,-0.8541899804919999,-10.348701952323326,8.640321991339325,scaffold,2032,rf_rdkit_morgan,random_forest,rdkit+morgan,none,77abfcdbb281d08df2e9fb09cf84b2a648ea9008
freesolv,9b75e9a74817c850,CC(F)F,hydration_free_energy,kcal/mol,train,,-0.10999999940395355,-0.7627933248318741,-10.2573052966632,8.731718646999452,scaffold,2032,rf_rdkit_morgan,random_forest,rdkit+morgan,none,77abfcdbb281d08df2e9fb09cf84b2a648ea9008
freesolv,35dddcda2702a4ad,CC(N)=O,hydration_free_energy,kcal/mol,train,,-9.710000038146973,-8.885659990549053,-18.38017196238038,0.6088519812822728,scaffold,2032,rf_rdkit_morgan,random_forest,rdkit+morgan,none,77abfcdbb281d08df2e9fb09cf84b2a648ea9008
freesolv,2f90b29d0ea2bd0f,CC1=CC(=O)CC(C)(C)C1,hydration_free_energy,kcal/mol,calibration,O=C1C=CCCC1,-5.179999828338623,-3.7715840094476936,-13.266095981279019,5.722927962383633,scaffold,2032,rf_rdkit_morgan,random_forest,rdkit+morgan,none,77abfcdbb281d08df2e9fb09cf84b2a648ea9008
freesolv,196b98c38a9ef9ff,CC1=CC(=O)[C@H](C(C)C)CC1,hydration_free_energy,kcal/mol,calibration,O=C1C=CCCC1,-4.510000228881836,-4.072936023148147,-13.567447994979473,5.421575948683179,scaffold,2032,rf_rdkit_morgan,random_forest,rdkit+morgan,none,77abfcdbb281d08df2e9fb09cf84b2a648ea9008
freesolv,71b4ae69ea038c45,CC1=CCCCC1,hydration_free_energy,kcal/mol,validation,C1=CCCCC1,0.6700000166893005,0.2718199891708868,-9.22269198266044,9.766331961002212,scaffold,2032,rf_rdkit_morgan,random_forest,rdkit+morgan,none,77abfcdbb281d08df2e9fb09cf84b2a648ea9008
freesolv,3657f3498f9e2294,CC1CCC(C)CC1,hydration_free_energy,kcal/mol,calibration,C1CCCCC1,2.109999895095825,1.4092799919992713,-8.085231979832054,10.903791963830598,scaffold,2032,rf_rdkit_morgan,random_forest,rdkit+morgan,none,77abfcdbb281d08df2e9fb09cf84b2a648ea9008
freesolv,d24802ff551c31d8,CC1CCCC1,hydration_free_energy,kcal/mol,calibration,C1CCCC1,1.590000033378601,1.1684199962690482,-8.326091975562278,10.662931968100374,scaffold,2032,rf_rdkit_morgan,random_forest,rdkit+morgan,none,77abfcdbb281d08df2e9fb09cf84b2a648ea9008
freesolv,acaaa8b4649c614e,CC1CCCCC1,hydration_free_energy,kcal/mol,calibration,C1CCCCC1,1.7000000476837158,1.2949199973084036,-8.199591974522923,10.789431969139729,scaffold,2032,rf_rdkit_morgan,random_forest,rdkit+morgan,none,77abfcdbb281d08df2e9fb09cf84b2a648ea9008
freesolv,5358908f8e9c796f,CC=C(C)C,hydration_free_energy,kcal/mol,train,,1.309999942779541,1.1108399631977224,-8.383672008633603,10.605351935029049,scaffold,2032,rf_rdkit_morgan,random_forest,rdkit+morgan,none,77abfcdbb281d08df2e9fb09cf84b2a648ea9008
freesolv,3ba5780e519232af,CC=O,hydration_free_energy,kcal/mol,train,,-3.5,-3.4731999934017637,-12.96771196523309,6.021311978429562,scaffold,2032,rf_rdkit_morgan,random_forest,rdkit+morgan,none,77abfcdbb281d08df2e9fb09cf84b2a648ea9008
freesolv,9f9bae4da613fd97,CCBr,hydration_free_energy,kcal/mol,train,,-0.7400000095367432,-0.7404600069522838,-10.234971978783609,8.754051964879043,scaffold,2032,rf_rdkit_morgan,random_forest,rdkit+morgan,none,77abfcdbb281d08df2e9fb09cf84b2a648ea9008
freesolv,72281cabb90098ca,CCC,hydration_free_energy,kcal/mol,train,,2.0,1.6702199924290446,-7.824291979402281,11.16473196426037,scaffold,2032,rf_rdkit_morgan,random_forest,rdkit+morgan,none,77abfcdbb281d08df2e9fb09cf84b2a648ea9008
freesolv,b081cbfb90b7402a,CCC#N,hydration_free_energy,kcal/mol,train,,-3.8399999141693115,-3.66733996621892,-13.161851938050246,5.827172005612406,scaffold,2032,rf_rdkit_morgan,random_forest,rdkit+morgan,none,77abfcdbb281d08df2e9fb09cf84b2a648ea9008
freesolv,b137901ff30dac85,CCC(=O)CC,hydration_free_energy,kcal/mol,train,,-3.4100000858306885,-3.39592005366087,-12.890432025492196,6.098591918170456,scaffold,2032,rf_rdkit_morgan,random_forest,rdkit+morgan,none,77abfcdbb281d08df2e9fb09cf84b2a648ea9008
freesolv,d73fa90c49909081,CCC(=O)Nc1ccc(Cl)c(Cl)c1,hydration_free_energy,kcal/mol,train,c1ccccc1,-7.78000020980835,-7.642080126762382,-17.13659209859371,1.8524318450689439,scaffold,2032,rf_rdkit_morgan,random_forest,rdkit+morgan,none,77abfcdbb281d08df2e9fb09cf84b2a648ea9008
freesolv,ae711e3e1cb2b62c,CCC(=O)O,hydration_free_energy,kcal/mol,train,,-6.460000038146973,-6.384493343811465,-15.87900531564279,3.110018628019861,scaffold,2032,rf_rdkit_morgan,random_forest,rdkit+morgan,none,77abfcdbb281d08df2e9fb09cf84b2a648ea9008
freesolv,3b1dd60ed1dfbb76,CCC(=O)OC,hydration_free_energy,kcal/mol,train,,-2.930000066757202,-3.0490000472664835,-12.54351201909781,6.445511924564842,scaffold,2032,rf_rdkit_morgan,random_forest,rdkit+morgan,none,77abfcdbb281d08df2e9fb09cf84b2a648ea9008
freesolv,95159b36053bb032,CCC(C)(C)C,hydration_free_energy,kcal/mol,train,,2.509999990463257,2.4328799969553603,-7.061631974875965,11.927391968786687,scaffold,2032,rf_rdkit_morgan,random_forest,rdkit+morgan,none,77abfcdbb281d08df2e9fb09cf84b2a648ea9008
freesolv,3fb4e89120f988ad,CCC(C)(C)CC,hydration_free_energy,kcal/mol,train,,2.559999942779541,2.44723997409641,-7.047271997734915,11.941751945927736,scaffold,2032,rf_rdkit_morgan,random_forest,rdkit+morgan,none,77abfcdbb281d08df2e9fb09cf84b2a648ea9008
freesolv,bdf2d11354f3860d,CCC(C)(C)O,hydration_free_energy,kcal/mol,train,,-4.429999828338623,-4.359922540497776,-13.854434512329103,5.134589431333549,scaffold,2032,rf_rdkit_morgan,random_forest,rdkit+morgan,none,77abfcdbb281d08df2e9fb09cf84b2a648ea9008
freesolv,6c45d8284f5ddf4f,CCC(C)C,hydration_free_energy,kcal/mol,train,,2.380000114440918,2.2200600664578327,-7.274451905373493,11.714572038289159,scaffold,2032,rf_rdkit_morgan,random_forest,rdkit+morgan,none,77abfcdbb281d08df2e9fb09cf84b2a648ea9008
freesolv,70ffb28e88de4627,CCC(C)CC,hydration_free_energy,kcal/mol,train,,2.509999990463257,2.437859996009587,-7.0566519758217385,11.932371967840913,scaffold,2032,rf_rdkit_morgan,random_forest,rdkit+morgan,none,77abfcdbb281d08df2e9fb09cf84b2a648ea9008
freesolv,828963364af80af0,CCC(N)=O,hydration_free_energy,kcal/mol,train,,-9.399999618530273,-8.75755976748469,-18.252071739316015,0.7369522043466361,scaffold,2032,rf_rdkit_morgan,random_forest,rdkit+morgan,none,77abfcdbb281d08df2e9fb09cf84b2a648ea9008
freesolv,960c6dcb6922b929,CCC(O)CC,hydration_free_energy,kcal/mol,train,,-4.349999904632568,-4.386183928462863,-13.880695900294189,5.108328043368463,scaffold,2032,rf_rdkit_morgan,random_forest,rdkit+morgan,none,77abfcdbb281d08df2e9fb09cf84b2a648ea9008
freesolv,f58f8a95565cd02f,CCC/C=C/C=O,hydration_free_energy,kcal/mol,train,,-3.680000066757202,-3.5612400420308097,-13.055752013862136,5.933271929800516,scaffold,2032,rf_rdkit_morgan,random_forest,rdkit+morgan,none,77abfcdbb281d08df2e9fb09cf84b2a648ea9008
freesolv,12b118fa49abcab8,CCC=O,hydration_free_energy,kcal/mol,train,,-3.430000066757202,-3.3866400332152833,-12.881152005046609,6.107871938616043,scaffold,2032,rf_rdkit_morgan,random_forest,rdkit+morgan,none,77abfcdbb281d08df2e9fb09cf84b2a648ea9008
freesolv,5a7f7c6b893c81e5,CCCBr,hydration_free_energy,kcal/mol,train,,-0.5600000023841858,-0.5894000007584537,-10.08391197258978,8.905111971072872,scaffold,2032,rf_rdkit_morgan,random_forest,rdkit+morgan,none,77abfcdbb281d08df2e9fb09cf84b2a648ea9008
freesolv,0c02aaf039e3096f,CCCC,hydration_free_energy,kcal/mol,train,,2.0999999046325684,1.8629999389313388,-7.6315120328999875,11.357511910762664,scaffold,2032,rf_rdkit_morgan,random_forest,rdkit+morgan,none,77abfcdbb281d08df2e9fb09cf84b2a648ea9008
freesolv,bdf503d5fea27e4f,CCCC#N,hydration_free_energy,kcal/mol,train,,-3.640000104904175,-3.565480051841588,-13.059992023672914,5.929031919989738,scaffold,2032,rf_rdkit_morgan,random_forest,rdkit+morgan,none,77abfcdbb281d08df2e9fb09cf84b2a648ea9008
freesolv,363c7fa2de9ba737,CCCC(=O)CCC,hydration_free_energy,kcal/mol,train,,-2.9200000762939453,-3.0021400556564335,-12.496652027487759,6.492371916174893,scaffold,2032,rf_rdkit_morgan,random_forest,rdkit+morgan,none,77abfcdbb281d08df2e9fb09cf84b2a648ea9008
freesolv,7e19891bed0df61a,CCCC(=O)O,hydration_free_energy,kcal/mol,train,,-6.349999904632568,-6.153153263330442,-15.647665235161767,3.3413587085008833,scaffold,2032,rf_rdkit_morgan,random_forest,rdkit+morgan,none,77abfcdbb281d08df2e9fb09cf84b2a648ea9008
freesolv,74fe519ef396aa2d,CCCC(=O)OC,hydration_free_energy,kcal/mol,train,,-2.8299999237060547,-2.7974199583530432,-12.291931930184369,6.697092013478283,scaffold,2032,rf_rdkit_morgan,random_forest,rdkit+morgan,none,77abfcdbb281d08df2e9fb09cf84b2a648ea9008
freesolv,875e5e4c442371b3,CCCC(=O)OCC,hydration_free_energy,kcal/mol,train,,-2.490000009536743,-2.502800010442731,-11.997311982274056,6.991711961388595,scaffold,2032,rf_rdkit_morgan,random_forest,rdkit+morgan,none,77abfcdbb281d08df2e9fb09cf84b2a648ea9008
freesolv,03542dfab9a8b00c,CCCC(C)(C)C,hydration_free_energy,kcal/mol,train,,2.880000114440918,2.7337800796813974,-6.760731892149929,12.228292051512723,scaffold,2032,rf_rdkit_morgan,random_forest,rdkit+morgan,none,77abfcdbb281d08df2e9fb09cf84b2a648ea9008
freesolv,f1b212ed322c6018,CCCC(C)(C)O,hydration_free_energy,kcal/mol,train,,-3.9200000762939453,-4.028948372848334,-13.523460344679659,5.465563598982992,scaffold,2032,rf_rdkit_morgan,random_forest,rdkit+morgan,none,77abfcdbb281d08df2e9fb09cf84b2a648ea9008
freesolv,39533f2780e046ad,CCCC(C)=O,hydration_free_energy,kcal/mol,train,,-3.5199999809265137,-3.465219983384011,-12.959731955215336,6.029291988447315,scaffold,2032,rf_rdkit_morgan,random_forest,rdkit+morgan,none,77abfcdbb281d08df2e9fb09cf84b2a648ea9008
freesolv,b26bad70227ef601,CCCC(C)C,hydration_free_energy,kcal/mol,train,,2.509999990463257,2.449140004403865,-7.04537196742746,11.943651976235191,scaffold,2032,rf_rdkit_morgan,random_forest,rdkit+morgan,none,77abfcdbb281d08df2e9fb09cf84b2a648ea9008
freesolv,aa05bf74b194f434,CCCC1CCCC1,hydration_free_energy,kcal/mol,calibration,C1CCCC1,2.130000114440918,1.0827900085113984,-8.411721963319927,10.577301980342725,scaffold,2032,rf_rdkit_morgan,random_forest,rdkit+morgan,none,77abfcdbb281d08df2e9fb09cf84b2a648ea9008
freesolv,397cb77fff01ff68,CCCC=O,hydration_free_energy,kcal/mol,train,,-3.180000066757202,-3.2286800317578024,-12.723192003589128,6.265831940073523,scaffold,2032,rf_rdkit_morgan,random_forest,rdkit+morgan,none,77abfcdbb281d08df2e9fb09cf84b2a648ea9008
freesolv,dbe273c607f375c1,CCCCBr,hydration_free_energy,kcal/mol,train,,-0.4000000059604645,-0.4266400042138869,-9.921151976045213,9.067871967617439,scaffold,2032,rf_rdkit_morgan,random_forest,rdkit+morgan,none,77abfcdbb281d08df2e9fb09cf84b2a648ea9008
freesolv,c65a887de1f68c42,CCCCC,hydration_free_energy,kcal/mol,train,,2.299999952316284,2.1194199683926915,-7.375092003438635,11.613931940224017,scaffold,2032,rf_rdkit_morgan,random_forest,rdkit+morgan,none,77abfcdbb281d08df2e9fb09cf84b2a648ea9008
freesolv,41df5f7378e36325,CCCCC#N,hydration_free_energy,kcal/mol,train,,-3.5199999809265137,-3.252419994127005,-12.74693196595833,6.242091977704321,scaffold,2032,rf_rdkit_morgan,random_forest,rdkit+morgan,none,77abfcdbb281d08df2e9fb09cf84b2a648ea9008
freesolv,e6007044d8c0034f,CCCCC(=O)CCCC,hydration_free_energy,kcal/mol,train,,-2.640000104904175,-2.712915072321893,-12.207427044153219,6.781596899509433,scaffold,2032,rf_rdkit_morgan,random_forest,rdkit+morgan,none,77abfcdbb281d08df2e9fb09cf84b2a648ea9008
freesolv,32ecc9982d398376,CCCCC(=O)O,hydration_free_energy,kcal/mol,train,,-6.159999847412109,-6.010993245601664,-15.50550521743299,3.4835187262296614,scaffold,2032,rf_rdkit_morgan,random_forest,rdkit+morgan,none,77abfcdbb281d08df2e9fb09cf84b2a648ea9008
freesolv,6751478463d88fc8,CCCCC(=O)OC,hydration_free_energy,kcal/mol,train,,-2.559999942779541,-2.582639971017835,-12.077151942849161,6.91187200081349,scaffold,2032,rf_rdkit_morgan,random_forest,rdkit+morgan,none,77abfcdbb281d08df2e9fb09cf84b2a648ea9008
freesolv,5c2b6f5593568a0c,CCCCC(=O)OCC,hydration_free_energy,kcal/mol,train,,-2.490000009536743,-2.4970400023460355,-11.991551974177362,6.99747196948529,scaffold,2032,rf_rdkit_morgan,random_forest,rdkit+morgan,none,77abfcdbb281d08df2e9fb09cf84b2a648ea9008
freesolv,1af343ef31d31c1a,CCCCC(C)=O,hydration_free_energy,kcal/mol,train,,-3.2799999713897705,-3.250819978475571,-12.745331950306896,6.243691993355755,scaffold,2032,rf_rdkit_morgan,random_forest,rdkit+morgan,none,77abfcdbb281d08df2e9fb09cf84b2a648ea9008
freesolv,b312f6bfc607a5c1,CCCCC(C)C,hydration_free_energy,kcal/mol,train,,2.930000066757202,2.751040047571092,-6.743471924260234,12.245552019402417,scaffold,2032,rf_rdkit_morgan,random_forest,rdkit+morgan,none,77abfcdbb281d08df2e9fb09cf84b2a648ea9008
freesolv,ff3070e7bd7554be,CCCCC/C=C/C=O,hydration_free_energy,kcal/mol,train,,-3.430000066757202,-3.3122450454235066,-12.806757017254832,6.182266926407819,scaffold,2032,rf_rdkit_morgan,random_forest,rdkit+morgan,none,77abfcdbb281d08df2e9fb09cf84b2a648ea9008
freesolv,f448cc7ab5087548,CCCCC=O,hydration_free_energy,kcal/mol,train,,-3.0299999713897705,-3.03441998403892,-12.528931955870245,6.460091987792406,scaffold,2032,rf_rdkit_morgan,random_forest,rdkit+morgan,none,77abfcdbb281d08df2e9fb09cf84b2a648ea9008
freesolv,133c9950c099219b,CCCCCBr,hydration_free_energy,kcal/mol,train,,-0.10000000149011612,-0.1272400010786705,-9.621751972909996,9.367271970752656,scaffold,2032,rf_rdkit_morgan,random_forest,rdkit+morgan,none,77abfcdbb281d08df2e9fb09cf84b2a648ea9008
freesolv,b9d709c5baaf140a,CCCCCC,hydration_free_energy,kcal/mol,train,,2.4800000190734863,2.3021600133925966,-7.19235195843873,11.796671985223922,scaffold,2032,rf_rdkit_morgan,random_forest,rdkit+morgan,none,77abfcdbb281d08df2e9fb09cf84b2a648ea9008
freesolv,6fba198d3d1721fb,CCCCCC(=O)O,hydration_free_energy,kcal/mol,train,,-6.210000038146973,-6.053520030260079,-15.548032002091404,3.440991941571247,scaffold,2032,rf_rdkit_morgan,random_forest,rdkit+morgan,none,77abfcdbb281d08df2e9fb09cf84b2a648ea9008
freesolv,b6b4fcf38b80bb62,CCCCCC(=O)OC,hydration_free_energy,kcal/mol,train,,-2.490000009536743,-2.49968000078201,-11.994191972613336,6.994831971049315,scaffold,2032,rf_rdkit_morgan,random_forest,rdkit+morgan,none,77abfcdbb281d08df2e9fb09cf84b2a648ea9008
freesolv,c27d3eb691086c0e,CCCCCC(=O)OCC,hydration_free_energy,kcal/mol,train,,-2.2300000190734863,-2.285290000200264,-11.77980197203159,7.209221971631061,scaffold,2032,rf_rdkit_morgan,random_forest,rdkit+morgan,none,77abfcdbb281d08df2e9fb09cf84b2a648ea9008
freesolv,ece018572b2d8a14,CCCCCC(C)=O,hydration_free_energy,kcal/mol,train,,-3.0399999618530273,-3.003139990091323,-12.49765196192265,6.491371981740002,scaffold,2032,rf_rdkit_morgan,random_forest,rdkit+morgan,none,77abfcdbb281d08df2e9fb09cf84b2a648ea9008
freesolv,721a178df646ca1b,CCCCCC(N)=O,hydration_free_energy,kcal/mol,train,,-9.3100004196167,-8.195940261572561,-17.69045223340389,1.2985717102587646,scaffold,2032,rf_rdkit_morgan,random_forest,rdkit+morgan,none,77abfcdbb281d08df2e9fb09cf84b2a648ea9008
freesolv,3246863db31fc62b,CCCCCC1CCCC1,hydration_free_energy,kcal/mol,calibration,C1CCCC1,2.549999952316284,0.8501400103047527,-8.644371961526574,10.344651982136078,scaffold,2032,rf_rdkit_morgan,random_forest,rdkit+morgan,none,77abfcdbb281d08df2e9fb09cf84b2a648ea9008
freesolv,2a429658212632e6,CCCCCC=O,hydration_free_energy,kcal/mol,train,,-2.809999942779541,-2.8824199750423425,-12.376931946873668,6.612091996788983,scaffold,2032,rf_rdkit_morgan,random_forest,rdkit+morgan,none,77abfcdbb281d08df2e9fb09cf84b2a648ea9008
freesolv,fa17305ea323628e,CCCCCCBr,hydration_free_energy,kcal/mol,train,,0.18000000715255737,0.11408000373094085,-9.380431968100385,9.608591975562266,scaffold,2032,rf_rdkit_morgan,random_forest,rdkit+morgan,none,77abfcdbb281d08df2e9fb09cf84b2a648ea9008
freesolv,0d31a6c328196dcb,CCCCCCC,hydration_free_energy,kcal/mol,train,,2.6700000762939453,2.48492005972566,-7.009591912105666,11.979432031556986,scaffold,2032,rf_rdkit_morgan,random_forest,rdkit+morgan,none,77abfcdbb281d08df2e9fb09cf84b2a648ea9008
freesolv,95b742928f6b9c7c,CCCCCCC(C)=O,hydration_free_energy,kcal/mol,train,,-2.880000114440918,-2.790880071878432,-12.285392043709757,6.703631899952894,scaffold,2032,rf_rdkit_morgan,random_forest,rdkit+morgan,none,77abfcdbb281d08df2e9fb09cf84b2a648ea9008
freesolv,94d55096ffe1cf8f,CCCCCCC=O,hydration_free_energy,kcal/mol,train,,-2.6700000762939453,-2.66548004484177,-12.159992016673096,6.829031926989556,scaffold,2032,rf_rdkit_morgan,random_forest,rdkit+morgan,none,77abfcdbb281d08df2e9fb09cf84b2a648ea9008
freesolv,e5f6857cc48520e1,CCCCCCCBr,hydration_free_energy,kcal/mol,train,,0.3400000035762787,0.3440600006058987,-9.150451971225428,9.838571972437224,scaffold,2032,rf_rdkit_morgan,random_forest,rdkit+morgan,none,77abfcdbb281d08df2e9fb09cf84b2a648ea9008
freesolv,b8c87ca6a3bbaf9a,CCCCCCCC,hydration_free_energy,kcal/mol,train,,2.880000114440918,2.706380088418699,-6.7881318834126265,12.200892060250025,scaffold,2032,rf_rdkit_morgan,random_forest,rdkit+morgan,none,77abfcdbb281d08df2e9fb09cf84b2a648ea9008
freesolv,aa39ba56ac3bb10c,CCCCCCCC(=O)OC,hydration_free_energy,kcal/mol,train,,-2.0399999618530273,-2.39501997864246,-11.889531950473785,7.099491993188866,scaffold,2032,rf_rdkit_morgan,random_forest,rdkit+morgan,none,77abfcdbb281d08df2e9fb09cf84b2a648ea9008
freesolv,abda4bc05ccb6a0f,CCCCCCCC(C)=O,hydration_free_energy,kcal/mol,train,,-2.490000009536743,-2.471520002916454,-11.96603197474778,7.022991968914871,scaffold,2032,rf_rdkit_morgan,random_forest,rdkit+morgan,none,77abfcdbb281d08df2e9fb09cf84b2a648ea9008
freesolv,4be165ba79237734,CCCCCCCC=O,hydration_free_energy,kcal/mol,train,,-2.2899999618530273,-2.4021599855423,-11.896671957373625,7.092351986289026,scaffold,2032,rf_rdkit_morgan,random_forest,rdkit+morgan,none,77abfcdbb281d08df2e9fb09cf84b2a648ea9008
freesolv,09f8afe9d3b8d320,CCCCCCCCBr,hydration_free_energy,kcal/mol,train,,0.5199999809265137,0.47193998989461106,-9.022571981936714,9.966451961725937,scaffold,2032,rf_rdkit_morgan,random_forest,rdkit+morgan,none,77abfcdbb281d08df2e9fb09cf84b2a648ea9008
freesolv,c1789540a8674e1a,CCCCCCCCC,hydration_free_energy,kcal/mol,train,,3.130000114440918,2.917180097401119,-6.577331874430207,12.411692069232444,scaffold,2032,rf_rdkit_morgan,random_forest,rdkit+morgan,none,77abfcdbb281d08df2e9fb09cf84b2a648ea9008
freesolv,4a3ffcd0d28fe78b,CCCCCCCCC(C)=O,hydration_free_energy,kcal/mol,train,,-2.3399999141693115,-2.3520599613189668,-11.846571933150292,7.1424520105123595,scaffold,2032,rf_rdkit_morgan,random_forest,rdkit+morgan,none,77abfcdbb281d08df2e9fb09cf84b2a648ea9008
freesolv,ec8b98d1cb1ce133,CCCCCCCCC=O,hydration_free_energy,kcal/mol,train,,-2.069999933242798,-2.241149958372119,-11.735661930203445,7.253362013459206,scaffold,2032,rf_rdkit_morgan,random_forest,rdkit+morgan,none,77abfcdbb281d08df2e9fb09cf84b2a648ea9008
freesolv,75b6097552666ac9,CCCCCCCCCC,hydration_free_energy,kcal/mol,train,,3.1600000858306885,2.8635800807476133,-6.630931891083712,12.35809205257894,scaffold,2032,rf_rdkit_morgan,random_forest,rdkit+morgan,none,77abfcdbb281d08df2e9fb09cf84b2a648ea9008
freesolv,f39cab9e03836a2a,CCCCCCCCCC(C)=O,hydration_free_energy,kcal/mol,train,,-2.1500000953674316,-2.376500052690509,-11.871012024521836,7.118011919140817,scaffold,2032,rf_rdkit_morgan,random_forest,rdkit+morgan,none,77abfcdbb281d08df2e9fb09cf84b2a648ea9008
freesolv,f291a8c4f28957ac,CCCCCCCCCCO,hydration_free_energy,kcal/mol,train,,-3.640000104904175,-3.8431367683410658,-13.33764874017239,5.65137520349026,scaffold,2032,rf_rdkit_morgan,random_forest,rdkit+morgan,none,77abfcdbb281d08df2e9fb09cf84b2a648ea9008
freesolv,47c556dcc89524e8,CCCCCCCCCO,hydration_free_energy,kcal/mol,train,,-3.880000114440918,-3.8565301103591922,-13.351042082190517,5.6379818614721335,scaffold,2032,rf_rdkit_morgan,random_forest,rdkit+morgan,none,77abfcdbb281d08df2e9fb09cf84b2a648ea9008
freesolv,8d563aedccae05a5,CCCCCCCCN,hydration_free_energy,kcal/mol,train,,-3.6500000953674316,-3.6296000629663467,-13.124112034797673,5.864911908864979,scaffold,2032,rf_rdkit_morgan,random_forest,rdkit+morgan,none,77abfcdbb281d08df2e9fb09cf84b2a648ea9008
freesolv,792f87dcc6bad3ab,CCCCCCCCO,hydration_free_energy,kcal/mol,train,,-4.090000152587891,-4.051320124149322,-13.545832095980648,5.443191847682003,scaffold,2032,rf_rdkit_morgan,random_forest,rdkit+morgan,none,77abfcdbb281d08df2e9fb09cf84b2a648ea9008
freesolv,7160687123739e47,CCCCCCCCl,hydration_free_energy,kcal/mol,train,,0.28999999165534973,0.09309999528901303,-9.401411976542313,9.587611967120338,scaffold,2032,rf_rdkit_morgan,random_forest,rdkit+morgan,none,77abfcdbb281d08df2e9fb09cf84b2a648ea9008
freesolv,d314880f871cdc72,CCCCCCCI,hydration_free_energy,kcal/mol,train,,0.27000001072883606,0.24600000773741648,-9.24851196409391,9.740511979568742,scaffold,2032,rf_rdkit_morgan,random_forest,rdkit+morgan,none,77abfcdbb281d08df2e9fb09cf84b2a648ea9008
freesolv,52c877fb1fc39037,CCCCCCCN,hydration_free_energy,kcal/mol,train,,-3.7899999618530273,-3.784020000696183,-13.278531972527508,5.710491971135143,scaffold,2032,rf_rdkit_morgan,random_forest,rdkit+morgan,none,77abfcdbb281d08df2e9fb09cf84b2a648ea9008
freesolv,26d2aa460794e065,CCCCCCCO,hydration_free_energy,kcal/mol,train,,-4.210000038146973,-4.205460057497019,-13.699972029328345,5.289051914334307,scaffold,2032,rf_rdkit_morgan,random_forest,rdkit+morgan,none,77abfcdbb281d08df2e9fb09cf84b2a648ea9008
freesolv,025d577d95efe3b4,CCCCCCCl,hydration_free_energy,kcal/mol,train,,0.0,-0.044120000872742704,-9.538631972704069,9.450391970958583,scaffold,2032,rf_rdkit_morgan,random_forest,rdkit+morgan,none,77abfcdbb281d08df2e9fb09cf84b2a648ea9008
freesolv,88afe17e741468f3,CCCCCCI,hydration_free_energy,kcal/mol,train,,0.07999999821186066,0.10100000105423668,-9.393511970777089,9.595511972885562,scaffold,2032,rf_rdkit_morgan,random_forest,rdkit+morgan,none,77abfcdbb281d08df2e9fb09cf84b2a648ea9008
freesolv,9e36e298d03ebb99,CCCCCCN,hydration_free_energy,kcal/mol,train,,-3.950000047683716,-3.89972003708407,-13.394232008915395,5.594791934747256,scaffold,2032,rf_rdkit_morgan,random_forest,rdkit+morgan,none,77abfcdbb281d08df2e9fb09cf84b2a648ea9008
freesolv,67a84046ee2724da,CCCCCCO,hydration_free_energy,kcal/mol,train,,-4.400000095367432,-4.3769420811653195,-13.871454052996645,5.117569890666006,scaffold,2032,rf_rdkit_morgan,random_forest,rdkit+morgan,none,77abfcdbb281d08df2e9fb09cf84b2a648ea9008
freesolv,045b8d8a43ece3f6,CCCCCCOC(C)=O,hydration_free_energy,kcal/mol,train,,-2.259999990463257,-2.3506799898147603,-11.845191961646087,7.143831982016565,scaffold,2032,rf_rdkit_morgan,random_forest,rdkit+morgan,none,77abfcdbb281d08df2e9fb09cf84b2a648ea9008
freesolv,2fd5e6e45fde1339,CCCCCCO[N+](=O)[O-],hydration_free_energy,kcal/mol,train,,-1.659999966621399,-2.129169970214363,-11.623681942045689,7.365342001616963,scaffold,2032,rf_rdkit_morgan,random_forest,rdkit+morgan,none,77abfcdbb281d08df2e9fb09cf84b2a648ea9008
freesolv,cd6c3d0610e05c69,CCCCCCc1ccccc1,hydration_free_energy,kcal/mol,train,c1ccccc1,-0.03999999910593033,-0.10129999953136437,-9.59581197136269,9.393211972299962,scaffold,2032,rf_rdkit_morgan,random_forest,rdkit+morgan,none,77abfcdbb281d08df2e9fb09cf84b2a648ea9008
freesolv,8ac2131167ce2101,CCCCCCl,hydration_free_energy,kcal/mol,train,,-0.10000000149011612,-0.18276500046250632,-9.677276972293832,9.31174697136882,scaffold,2032,rf_rdkit_morgan,random_forest,rdkit+morgan,none,77abfcdbb281d08df2e9fb09cf84b2a648ea9008
freesolv,61a8967b60de201c,CCCCCI,hydration_free_energy,kcal/mol,train,,-0.14000000059604645,-0.12598000022022138,-9.620491972051546,9.368531971611105,scaffold,2032,rf_rdkit_morgan,random_forest,rdkit+morgan,none,77abfcdbb281d08df2e9fb09cf84b2a648ea9008
freesolv,964f1e46b133a777,CCCCCN,hydration_free_energy,kcal/mol,train,,-4.090000152587891,-4.077140073236078,-13.571652045067403,5.417371898595248,scaffold,2032,rf_rdkit_morgan,random_forest,rdkit+morgan,none,77abfcdbb281d08df2e9fb09cf84b2a648ea9008
freesolv,b360cef7ae377473,CCCCCO,hydration_free_energy,kcal/mol,train,,-4.570000171661377,-4.5668920992881175,-14.061404071119444,4.927619872543208,scaffold,2032,rf_rdkit_morgan,random_forest,rdkit+morgan,none,77abfcdbb281d08df2e9fb09cf84b2a648ea9008
freesolv,0c072a2731172132,CCCCCOC(=O)CC,hydration_free_energy,kcal/mol,train,,-2.109999895095825,-2.2154099342822953,-11.709921906113621,7.2791020375490305,scaffold,2032,rf_rdkit_morgan,random_forest,rdkit+morgan,none,77abfcdbb281d08df2e9fb09cf84b2a648ea9008
freesolv,5f4efc6ed5a32666,CCCCCOC(C)=O,hydration_free_energy,kcal/mol,train,,-2.509999990463257,-2.525519998073573,-12.020031969904899,6.968991973757753,scaffold,2032,rf_rdkit_morgan,random_forest,rdkit+morgan,none,77abfcdbb281d08df2e9fb09cf84b2a648ea9008
freesolv,a580f6b292969b53,CCCCC[N+](=O)[O-],hydration_free_energy,kcal/mol,train,,-2.819999933242798,-2.939739942669868,-12.434251914501193,6.554772029161458,scaffold,2032,rf_rdkit_morgan,random_forest,rdkit+morgan,none,77abfcdbb281d08df2e9fb09cf84b2a648ea9008
freesolv,468b092da3632d2d,CCCCCc1ccccc1,hydration_free_energy,kcal/mol,train,c1ccccc1,-0.23000000417232513,-0.1662000010274367,-9.660711972858763,9.328311970803888,scaffold,2032,rf_rdkit_morgan,random_forest,rdkit+morgan,none,77abfcdbb281d08df2e9fb09cf84b2a648ea9008
freesolv,c514ddd9e3b812c1,CCCCCl,hydration_free_energy,kcal/mol,train,,-0.1599999964237213,-0.3387849971055843,-9.83329696893691,9.155726974725741,scaffold,2032,rf_rdkit_morgan,random_forest,rdkit+morgan,none,77abfcdbb281d08df2e9fb09cf84b2a648ea9008
freesolv,0d8fa2ca3dfd887f,CCCCI,hydration_free_energy,kcal/mol,train,,-0.25,-0.3359199987389072,-9.830431970570233,9.158591973092419,scaffold,2032,rf_rdkit_morgan,random_forest,rdkit+morgan,none,77abfcdbb281d08df2e9fb09cf84b2a648ea9008
freesolv,49a122776d5ed26c,CCCCN,hydration_free_energy,kcal/mol,train,,-4.239999771118164,-4.130799859207123,-13.625311831038449,5.363712112624203,scaffold,2032,rf_rdkit_morgan,random_forest,rdkit+morgan,none,77abfcdbb281d08df2e9fb09cf84b2a648ea9008
freesolv,d21d0b3984a63f44,CCCCN(CC)C(=O)SCCC,hydration_free_energy,kcal/mol,train,,-3.640000104904175,-4.115340091586112,-13.609852063417438,5.379171880245214,scaffold,2032,rf_rdkit_morgan,random_forest,rdkit+morgan,none,77abfcdbb281d08df2e9fb09cf84b2a648ea9008
freesolv,80fb9cecc75acbd8,CCCCN(CC)c1c([N+](=O)[O-])cc(C(F)(F)F)cc1[N+](=O)[O-],hydration_free_energy,kcal/mol,train,c1ccccc1,-3.509999990463257,-3.8220599916428357,-13.31657196347416,5.67245198018849,scaffold,2032,rf_rdkit_morgan,random_forest,rdkit+morgan,none,77abfcdbb281d08df2e9fb09cf84b2a648ea9008
freesolv,a629bf56a3d8d9a4,CCCCNCCCC,hydration_free_energy,kcal/mol,train,,-3.240000009536743,-3.2431650245934724,-12.7376769964248,6.251346947237853,scaffold,2032,rf_rdkit_morgan,random_forest,rdkit+morgan,none,77abfcdbb281d08df2e9fb09cf84b2a648ea9008
freesolv,05c1bfb084995387,CCCCO,hydration_free_energy,kcal/mol,train,,-4.71999979019165,-4.700959892272961,-14.195471864104288,4.793552079558364,scaffold,2032,rf_rdkit_morgan,random_forest,rdkit+morgan,none,77abfcdbb281d08df2e9fb09cf84b2a648ea9008
freesolv,568d2f3ccef5f29e,CCCCOC(=O)c1ccc(O)cc1,hydration_free_energy,kcal/mol,train,c1ccccc1,-8.720000267028809,-8.509660159766666,-18.00417213159799,0.9848518120646599,scaffold,2032,rf_rdkit_morgan,random_forest,rdkit+morgan,none,77abfcdbb281d08df2e9fb09cf84b2a648ea9008
freesolv,46583bb6ead842fb,CCCCOC(C)=O,hydration_free_energy,kcal/mol,train,,-2.640000104904175,-2.678980068802834,-12.173492040634159,6.815531903028492,scaffold,2032,rf_rdkit_morgan,random_forest,rdkit+morgan,none,77abfcdbb281d08df2e9fb09cf84b2a648ea9008
freesolv,9db897b9a26af7f8,CCCCOCCCC,hydration_free_energy,kcal/mol,train,,-0.8299999833106995,-1.1842649894319361,-10.678776961263262,8.31024698239939,scaffold,2032,rf_rdkit_morgan,random_forest,rdkit+morgan,none,77abfcdbb281d08df2e9fb09cf84b2a648ea9008
freesolv,f95f835b86cb25c6,CCCCOCCO,hydration_free_energy,kcal/mol,train,,-6.25,-5.991030015110974,-15.4855419869423,3.5034819567203517,scaffold,2032,rf_rdkit_morgan,random_forest,rdkit+morgan,none,77abfcdbb281d08df2e9fb09cf84b2a648ea9008
freesolv,2caada664cae6a44,CCCCOC[C@H](C)O,hydration_free_energy,kcal/mol,train,,-5.730000019073486,-5.508940019488319,-15.003451991319645,3.9855719523430064,scaffold,2032,rf_rdkit_morgan,random_forest,rdkit+morgan,none,77abfcdbb281d08df2e9fb09cf84b2a648ea9008
freesolv,cde238e2926e5f58,CCCCO[N+](=O)[O-],hydration_free_energy,kcal/mol,train,,-2.0899999141693115,-2.470979945898059,-11.965491917729384,7.023532025933267,scaffold,2032,rf_rdkit_morgan,random_forest,rdkit+morgan,none,77abfcdbb281d08df2e9fb09cf84b2a648ea9008
freesolv,6287c96eb11ffacf,CCCCS,hydration_free_energy,kcal/mol,train,,-0.9900000095367432,-0.9840600087381954,-10.478571980569521,8.51045196309313,scaffold,2032,rf_rdkit_morgan,random_forest,rdkit+morgan,none,77abfcdbb281d08df2e9fb09cf84b2a648ea9008
freesolv,e63ff875f53e1b76,CCCC[C@@H](C)CC,hydration_free_energy,kcal/mol,train,,2.9700000286102295,2.6954400282204625,-6.799071943610864,12.189952000051788,scaffold,2032,rf_rdkit_morgan,random_forest,rdkit+morgan,none,77abfcdbb281d08df2e9fb09cf84b2a648ea9008
freesolv,4297266e950b3a36,CCCC[N+](=O)[O-],hydration_free_energy,kcal/mol,train,,-3.0899999141693115,-3.094699932098388,-12.589211903929714,6.399812039732938,scaffold,2032,rf_rdkit_morgan,random_forest,rdkit+morgan,none,77abfcdbb281d08df2e9fb09cf84b2a648ea9008
freesolv,0d50519807301d63,CCCCc1ccccc1,hydration_free_energy,kcal/mol,train,c1ccccc1,-0.4000000059604645,-0.40436000233515124,-9.898871974166477,9.090151969496175,scaffold,2032,rf_rdkit_morgan,random_forest,rdkit+morgan,none,77abfcdbb281d08df2e9fb09cf84b2a648ea9008
freesolv,b28f009eb10da6e6,CCCCl,hydration_free_energy,kcal/mol,train,,-0.33000001311302185,-0.5293350054211938,-10.02384697725252,8.965176966410132,scaffold,2032,rf_rdkit_morgan,random_forest,rdkit+morgan,none,77abfcdbb281d08df2e9fb09cf84b2a648ea9008
freesolv,ea2c409d9d4aedd5,CCCI,hydration_free_energy,kcal/mol,train,,-0.5299999713897705,-0.57547998339684,-10.069991955228165,8.919031988434487,scaffold,2032,rf_rdkit_morgan,random_forest,rdkit+morgan,none,77abfcdbb281d08df2e9fb09cf84b2a648ea9008
freesolv,4a77fe430575ea6c,CCCN,hydration_free_energy,kcal/mol,train,,-4.389999866485596,-4.4128798996210055,-13.907391871452331,5.08163207221032,scaffold,2032,rf_rdkit_morgan,random_forest,rdkit+morgan,none,77abfcdbb281d08df2e9fb09cf84b2a648ea9008
freesolv,2628eefa16acabf5,CCCN(CC1CC1)c1c([N+](=O)[O-])cc(C(F)(F)F)cc1[N+](=O)[O-],hydration_free_energy,kcal/mol,calibration,c1ccc(NCC2CC2)cc1,-2.450000047683716,-4.343209978267553,-13.837721950098878,5.151301993563773,scaffold,2032,rf_rdkit_morgan,random_forest,rdkit+morgan,none,77abfcdbb281d08df2e9fb09cf84b2a648ea9008
freesolv,2ed1f3bed4d2e8b5,CCCN(CCC)c1c([N+](=O)[O-])cc(C(F)(F)F)cc1[N+](=O)[O-],hydration_free_energy,kcal/mol,train,c1ccccc1,-3.25,-3.8393799912929554,-13.33389196312428,5.65513198053837,scaffold,2032,rf_rdkit_morgan,random_forest,rdkit+morgan,none,77abfcdbb281d08df2e9fb09cf84b2a648ea9008
freesolv,b54ecd51b4236e1f,CCCN(CCC)c1c([N+](=O)[O-])cc(S(C)(=O)=O)cc1[N+](=O)[O-],hydration_free_energy,kcal/mol,train,c1ccccc1,-7.980000019073486,-7.1864600107669805,-16.680971982598308,2.3080519610643453,scaffold,2032,rf_rdkit_morgan,random_forest,rdkit+morgan,none,77abfcdbb281d08df2e9fb09cf84b2a648ea9008
freesolv,c5cecb085a70d066,CCCNCCC,hydration_free_energy,kcal/mol,train,,-3.6500000953674316,-3.5512734036594646,-13.04578537549079,5.943238568171861,scaffold,2032,rf_rdkit_morgan,random_forest,rdkit+morgan,none,77abfcdbb281d08df2e9fb09cf84b2a648ea9008
freesolv,14e1e55c7f98f735,CCCO,hydration_free_energy,kcal/mol,train,,-4.849999904632568,-4.8519399343729095,-14.346451906204235,4.642572037458416,scaffold,2032,rf_rdkit_morgan,random_forest,rdkit+morgan,none,77abfcdbb281d08df2e9fb09cf84b2a648ea9008
freesolv,2a3bb72367a885ab,CCCOC,hydration_free_energy,kcal/mol,train,,-1.659999966621399,-1.90297997675463,-11.397491948585955,7.5915319950766955,scaffold,2032,rf_rdkit_morgan,random_forest,rdkit+morgan,none,77abfcdbb281d08df2e9fb09cf84b2a648ea9008
freesolv,9516158b89342f01,CCCOC(=O)CC,hydration_free_energy,kcal/mol,train,,-2.440000057220459,-2.492280035257336,-11.986792007088662,7.00223193657399,scaffold,2032,rf_rdkit_morgan,random_forest,rdkit+morgan,none,77abfcdbb281d08df2e9fb09cf84b2a648ea9008
freesolv,f035596c68056a32,CCCOC(=O)CCC,hydration_free_energy,kcal/mol,train,,-2.2799999713897705,-2.400079981327049,-11.894591953158375,7.094431990504277,scaffold,2032,rf_rdkit_morgan,random_forest,rdkit+morgan,none,77abfcdbb281d08df2e9fb09cf84b2a648ea9008
freesolv,ea0843191f1b6e45,CCCOC(=O)c1ccc(O)cc1,hydration_free_energy,kcal/mol,train,c1ccccc1,-9.369999885559082,-8.995279951095542,-18.48979192292687,0.4992320207357839,scaffold,2032,rf_rdkit_morgan,random_forest,rdkit+morgan,none,77abfcdbb281d08df2e9fb09cf84b2a648ea9008
freesolv,18552703d063ac27,CCCOC(C)=O,hydration_free_energy,kcal/mol,train,,-2.7899999618530273,-2.7763199887275682,-12.270831960558894,6.7181919831037575,scaffold,2032,rf_rdkit_morgan,random_forest,rdkit+morgan,none,77abfcdbb281d08df2e9fb09cf84b2a648ea9008
freesolv,057b911b93e037d5,CCCOC=O,hydration_free_energy,kcal/mol,train,,-2.4800000190734863,-2.62826001763344,-12.122771989464766,6.866251954197885,scaffold,2032,rf_rdkit_morgan,random_forest,rdkit+morgan,none,77abfcdbb281d08df2e9fb09cf84b2a648ea9008
freesolv,71c0327f59bc314e,CCCOCCC,hydration_free_energy,kcal/mol,train,,-1.159999966621399,-1.4669399792626363,-10.961451951093963,8.027571992568689,scaffold,2032,rf_rdkit_morgan,random_forest,rdkit+morgan,none,77abfcdbb281d08df2e9fb09cf84b2a648ea9008
freesolv,521c123566b724eb,CCCOCCO,hydration_free_energy,kcal/mol,train,,-6.400000095367432,-6.204100066900251,-15.698612038731577,3.2904119049310747,scaffold,2032,rf_rdkit_morgan,random_forest,rdkit+morgan,none,77abfcdbb281d08df2e9fb09cf84b2a648ea9008
freesolv,63f950a5f14d4dfc,CCCS,hydration_free_energy,kcal/mol,train,,-1.100000023841858,-1.164580014079806,-10.659091985911132,8.32993195775152,scaffold,2032,rf_rdkit_morgan,random_forest,rdkit+morgan,none,77abfcdbb281d08df2e9fb09cf84b2a648ea9008
freesolv,e54fed017ace88c1,CCCSC(=O)N(CCC)CCC,hydration_free_energy,kcal/mol,train,,-4.130000114440918,-4.325600090742107,-13.820112062573433,5.168911881089219,scaffold,2032,rf_rdkit_morgan,random_forest,rdkit+morgan,none,77abfcdbb281d08df2e9fb09cf84b2a648ea9008
freesolv,b1b55628116aeb6c,CCCSCCC,hydration_free_energy,kcal/mol,train,,-1.2799999713897705,-1.2206199874728993,-10.715131959304225,8.273891984358427,scaffold,2032,rf_rdkit_morgan,random_forest,rdkit+morgan,none,77abfcdbb281d08df2e9fb09cf84b2a648ea9008
freesolv,e3c745ed4598aaaa,CCC[C@@H](C)O,hydration_free_energy,kcal/mol,train,,-4.389999866485596,-4.424939900994296,-13.919451872825622,5.0695720708370295,scaffold,2032,rf_rdkit_morgan,random_forest,rdkit+morgan,none,77abfcdbb281d08df2e9fb09cf84b2a648ea9008
freesolv,d5ee437817540c30,CCC[C@@H](O)CC,hydration_free_energy,kcal/mol,train,,-4.059999942779541,-4.11859195906818,-13.613103930899506,5.375920012763146,scaffold,2032,rf_rdkit_morgan,random_forest,rdkit+morgan,none,77abfcdbb281d08df2e9fb09cf84b2a648ea9008
freesolv,a63b1c7e6ba8bcb0,CCC[C@H](C)CC,hydration_free_energy,kcal/mol,train,,2.7100000381469727,2.6155600322485264,-6.8789519395828,12.110072004079852,scaffold,2032,rf_rdkit_morgan,random_forest,rdkit+morgan,none,77abfcdbb281d08df2e9fb09cf84b2a648ea9008
freesolv,cd5b9b418bb348af,CCC[N+](=O)[O-],hydration_free_energy,kcal/mol,train,,-3.3399999141693115,-3.391239942550659,-12.885751914381984,6.103272029280667,scaffold,2032,rf_rdkit_morgan,random_forest,rdkit+morgan,none,77abfcdbb281d08df2e9fb09cf84b2a648ea9008
freesolv,c5c03d560157f2ad,CCCc1ccc(O)c(OC)c1,hydration_free_energy,kcal/mol,train,c1ccccc1,-5.260000228881836,-5.559500164106484,-15.05401213593781,3.935011807724842,scaffold,2032,rf_rdkit_morgan,random_forest,rdkit+morgan,none,77abfcdbb281d08df2e9fb09cf84b2a648ea9008
freesolv,563deebbd969756a,CCCc1ccc(O)cc1,hydration_free_energy,kcal/mol,train,c1ccccc1,-5.210000038146973,-5.551960029840474,-15.0464720016718,3.9425519419908515,scaffold,2032,rf_rdkit_morgan,random_forest,rdkit+morgan,none,77abfcdbb281d08df2e9fb09cf84b2a648ea9008
freesolv,5c778e54f5d0e8db,CCCc1ccccc1,hydration_free_energy,kcal/mol,train,c1ccccc1,-0.5299999713897705,-0.5773199839703849,-10.071831955801711,8.91719198786094,scaffold,2032,rf_rdkit_morgan,random_forest,rdkit+morgan,none,77abfcdbb281d08df2e9fb09cf84b2a648ea9008
freesolv,015ecefa34d9ae39,CCCl,hydration_free_energy,kcal/mol,train,,-0.6299999952316284,-0.6598999974280702,-10.154411969259396,8.834611974403256,scaffold,2032,rf_rdkit_morgan,random_forest,rdkit+morgan,none,77abfcdbb281d08df2e9fb09cf84b2a648ea9008
freesolv,e6833630dd227931,CCI,hydration_free_energy,kcal/mol,train,,-0.7400000095367432,-0.7849200046882037,-10.279431976519529,8.709591967143123,scaffold,2032,rf_rdkit_morgan,random_forest,rdkit+morgan,none,77abfcdbb281d08df2e9fb09cf84b2a648ea9008
freesolv,5358de96aa5a405c,CCN,hydration_free_energy,kcal/mol,train,,-4.5,-4.503539985835559,-13.998051957666885,4.990971985995767,scaffold,2032,rf_rdkit_morgan,random_forest,rdkit+morgan,none,77abfcdbb281d08df2e9fb09cf84b2a648ea9008
freesolv,2e65611bdb8133fc,CCN(CC)CC,hydration_free_energy,kcal/mol,train,,-3.2200000286102295,-2.7919400263428664,-12.286451998174192,6.70257194548846,scaffold,2032,rf_rdkit_morgan,random_forest,rdkit+morgan,none,77abfcdbb281d08df2e9fb09cf84b2a648ea9008
freesolv,a4faf5093d2ab9ee,CCN(CC)c1c([N+](=O)[O-])cc(C(F)(F)F)c(N)c1[N+](=O)[O-],hydration_free_energy,kcal/mol,train,c1ccccc1,-5.659999847412109,-5.835449912786501,-15.329961884617827,3.6590620590448246,scaffold,2032,rf_rdkit_morgan,random_forest,rdkit+morgan,none,77abfcdbb281d08df2e9fb09cf84b2a648ea9008
freesolv,f3ee692836994141,CCNCC,hydration_free_energy,kcal/mol,train,,-4.070000171661377,-3.8285601069778212,-13.323072078809147,5.665951864853504,scaffold,2032,rf_rdkit_morgan,random_forest,rdkit+morgan,none,77abfcdbb281d08df2e9fb09cf84b2a648ea9008
freesolv,c506d303fb751324,CCNc1nc(Cl)nc(NCC)n1,hydration_free_energy,kcal/mol,calibration,c1ncncn1,-10.220000267028809,-5.7142620191514455,-15.20877399098277,3.7802499526798803,scaffold,2032,rf_rdkit_morgan,random_forest,rdkit+morgan,none,77abfcdbb281d08df2e9fb09cf84b2a648ea9008
freesolv,f0b13e9a8de1870e,CCNc1nc(NC(C)(C)C)nc(SC)n1,hydration_free_energy,kcal/mol,calibration,c1ncncn1,-6.679999828338623,-5.6062340239524815,-15.100745995783807,3.8882779478788443,scaffold,2032,rf_rdkit_morgan,random_forest,rdkit+morgan,none,77abfcdbb281d08df2e9fb09cf84b2a648ea9008
freesolv,48cf6f23e72121d4,CCNc1nc(NC(C)C)nc(SC)n1,hydration_free_energy,kcal/mol,calibration,c1ncncn1,-7.650000095367432,-5.655013361945744,-15.14952533377707,3.839498609885582,scaffold,2032,rf_rdkit_morgan,random_forest,rdkit+morgan,none,77abfcdbb281d08df2e9fb09cf84b2a648ea9008
freesolv,ca789066a644a873,CCO,hydration_free_energy,kcal/mol,train,,-5.0,-5.003209991872298,-14.497721963703624,4.491301979959028,scaffold,2032,rf_rdkit_morgan,random_forest,rdkit+morgan,none,77abfcdbb281d08df2e9fb09cf84b2a648ea9008
freesolv,eb85ffd9d4e232dd,CCOC,hydration_free_energy,kcal/mol,train,,-2.0999999046325684,-2.203099938940256,-11.697611910771581,7.29141203289107,scaffold,2032,rf_rdkit_morgan,random_forest,rdkit+morgan,none,77abfcdbb281d08df2e9fb09cf84b2a648ea9008
freesolv,c5d7586c4df2935f,CCOC(=O)CC,hydration_free_energy,kcal/mol,train,,-2.680000066757202,-2.7259000415801977,-12.220412013411524,6.768611930251128,scaffold,2032,rf_rdkit_morgan,random_forest,rdkit+morgan,none,77abfcdbb281d08df2e9fb09cf84b2a648ea9008
freesolv,9cc7e547b13b7996,CCOC(=O)CC(=O)OCC,hydration_free_energy,kcal/mol,train,,-6.0,-5.777819995284091,-15.272331967115417,3.716691976547235,scaffold,2032,rf_rdkit_morgan,random_forest,rdkit+morgan,none,77abfcdbb281d08df2e9fb09cf84b2a648ea9008
freesolv,2b4d8e742733b5fd,CCOC(=O)CCC(=O)OCC,hydration_free_energy,kcal/mol,train,,-5.710000038146973,-5.672190024137478,-15.166701995968804,3.8223219476938475,scaffold,2032,rf_rdkit_morgan,random_forest,rdkit+morgan,none,77abfcdbb281d08df2e9fb09cf84b2a648ea9008
freesolv,9a148610b2e6e2f6,CCOC(=O)C[C@@H](SP(=S)(OC)OC)C(=O)OCC,hydration_free_energy,kcal/mol,train,,-8.149999618530273,-7.8300730837583785,-17.324585055589704,1.6644388880729473,scaffold,2032,rf_rdkit_morgan,random_forest,rdkit+morgan,none,77abfcdbb281d08df2e9fb09cf84b2a648ea9008
freesolv,06cda49eadbecf92,CCOC(=O)c1ccc(O)cc1,hydration_free_energy,kcal/mol,train,c1ccccc1,-9.199999809265137,-8.978559891223911,-18.47307186305524,0.5159520806074145,scaffold,2032,rf_rdkit_morgan,random_forest,rdkit+morgan,none,77abfcdbb281d08df2e9fb09cf84b2a648ea9008
freesolv,11e7d1ad91c8f3c6,CCOC(=O)c1ccccc1,hydration_free_energy,kcal/mol,train,c1ccccc1,-3.640000104904175,-4.1856700730323775,-13.680182044863702,5.308841898798948,scaffold,2032,rf_rdkit_morgan,random_forest,rdkit+morgan,none,77abfcdbb281d08df2e9fb09cf84b2a648ea9008
freesolv,31ca2a93eb56b1c9,CCOC(C)=O,hydration_free_energy,kcal/mol,train,,-2.940000057220459,-3.045100041866302,-12.539612013697628,6.449411929965024,scaffold,2032,rf_rdkit_morgan,random_forest,rdkit+morgan,none,77abfcdbb281d08df2e9fb09cf84b2a648ea9008
freesolv,0f30fb54765a4a71,CCOC(C)OCC,hydration_free_energy,kcal/mol,train,,-3.2799999713897705,-3.422159984007479,-12.916671955838805,6.072351987823847,scaffold,2032,rf_rdkit_morgan,random_forest,rdkit+morgan,none,77abfcdbb281d08df2e9fb09cf84b2a648ea9008
freesolv,ba554b8b161e7746,CCOC(OCC)Oc1ccccc1,hydration_free_energy,kcal/mol,train,c1ccccc1,-5.230000019073486,-5.071590009063486,-14.56610198089481,4.42292196276784,scaffold,2032,rf_rdkit_morgan,random_forest,rdkit+morgan,none,77abfcdbb281d08df2e9fb09cf84b2a648ea9008
freesolv,50ed9f322b5791b3,CCOC=O,hydration_free_energy,kcal/mol,train,,-2.559999942779541,-2.7912199687957773,-12.285731940627103,6.703292003035548,scaffold,2032,rf_rdkit_morgan,random_forest,rdkit+morgan,none,77abfcdbb281d08df2e9fb09cf84b2a648ea9008
freesolv,55c67ac3acc4815b,CCOCC,hydration_free_energy,kcal/mol,train,,-1.590000033378601,-1.832360018014906,-11.326871989846232,7.662151953816419,scaffold,2032,rf_rdkit_morgan,random_forest,rdkit+morgan,none,77abfcdbb281d08df2e9fb09cf84b2a648ea9008
freesolv,a9f3bd414c2b7a32,CCOCCO,hydration_free_energy,kcal/mol,train,,-6.690000057220459,-6.412500048637371,-15.907012020468697,3.0820119231939547,scaffold,2032,rf_rdkit_morgan,random_forest,rdkit+morgan,none,77abfcdbb281d08df2e9fb09cf84b2a648ea9008
freesolv,30f1421c9e037d21,CCOCCOC(C)=O,hydration_free_energy,kcal/mol,train,,-5.309999942779541,-4.981779978632934,-14.47629195046426,4.512731993198392,scaffold,2032,rf_rdkit_morgan,random_forest,rdkit+morgan,none,77abfcdbb281d08df2e9fb09cf84b2a648ea9008
freesolv,06d7492e30c5c56e,CCOCCOCC,hydration_free_energy,kcal/mol,train,,-3.5399999618530273,-3.616319986283779,-13.110831958115105,5.878191985547547,scaffold,2032,rf_rdkit_morgan,random_forest,rdkit+morgan,none,77abfcdbb281d08df2e9fb09cf84b2a648ea9008
freesolv,4024725848eb763d,CCOP(=O)(OCC)O/C(=C/Cl)c1ccc(Cl)cc1Cl,hydration_free_energy,kcal/mol,train,c1ccccc1,-7.070000171661377,-6.790600088998692,-16.285112060830016,2.7039118828326334,scaffold,2032,rf_rdkit_morgan,random_forest,rdkit+morgan,none,77abfcdbb281d08df2e9fb09cf84b2a648ea9008
freesolv,b7d694fcb2ed16b9,CCOP(=O)(OCC)OCC,hydration_free_energy,kcal/mol,train,,-7.5,-6.669979988507908,-16.164491960339234,2.8245319833234177,scaffold,2032,rf_rdkit_morgan,random_forest,rdkit+morgan,none,77abfcdbb281d08df2e9fb09cf84b2a648ea9008
freesolv,181e12660bc9d5d1,CCOP(=S)(OCC)Oc1cc(C)nc(C(C)C)n1,hydration_free_energy,kcal/mol,calibration,c1cncnc1,-6.480000019073486,-5.836659987181422,-15.331171959012748,3.657851984649904,scaffold,2032,rf_rdkit_morgan,random_forest,rdkit+morgan,none,77abfcdbb281d08df2e9fb09cf84b2a648ea9008
freesolv,53478077bdfb11ad,CCOP(=S)(OCC)Oc1ccc([N+](=O)[O-])cc1,hydration_free_energy,kcal/mol,train,c1ccccc1,-6.739999771118164,-6.7510998443439405,-16.245611816175266,2.7434121274873853,scaffold,2032,rf_rdkit_morgan,random_forest,rdkit+morgan,none,77abfcdbb281d08df2e9fb09cf84b2a648ea9008
freesolv,4a53f2c0125f5222,CCOP(=S)(OCC)Oc1nc(Cl)c(Cl)cc1Cl,hydration_free_energy,kcal/mol,validation,c1ccncc1,-5.039999961853027,-6.177869968324898,-15.672381940156225,3.316642003506428,scaffold,2032,rf_rdkit_morgan,random_forest,rdkit+morgan,none,77abfcdbb281d08df2e9fb09cf84b2a648ea9008
freesolv,e8ca88ad8ca9eec5,CCOP(=S)(OCC)SCSCC,hydration_free_energy,kcal/mol,train,,-4.369999885559082,-4.811259914368396,-14.305771886199722,4.68325205746293,scaffold,2032,rf_rdkit_morgan,random_forest,rdkit+morgan,none,77abfcdbb281d08df2e9fb09cf84b2a648ea9008
freesolv,e55a87e3bb6fb68e,CCOP(=S)(OCC)SCSP(=S)(OCC)OCC,hydration_free_energy,kcal/mol,train,,-6.099999904632568,-6.059939938247187,-15.554451910078512,3.434572033584139,scaffold,2032,rf_rdkit_morgan,random_forest,rdkit+morgan,none,77abfcdbb281d08df2e9fb09cf84b2a648ea9008
freesolv,f0e2c44dc296a6e5,CCOP(=S)(OCC)SCSc1ccc(Cl)cc1,hydration_free_energy,kcal/mol,train,c1ccccc1,-6.5,-6.190459986746328,-15.684971958577654,3.304051985084998,scaffold,2032,rf_rdkit_morgan,random_forest,rdkit+morgan,none,77abfcdbb281d08df2e9fb09cf84b2a648ea9008
freesolv,458f5f3358ffa842,CCOP(=S)(OCC)S[C@@H](CCl)N1C(=O)c2ccccc2C1=O,hydration_free_energy,kcal/mol,calibration,O=C1NC(=O)c2ccccc21,-5.739999771118164,-6.900746643796571,-16.395258615627895,2.5937653280347543,scaffold,2032,rf_rdkit_morgan,random_forest,rdkit+morgan,none,77abfcdbb281d08df2e9fb09cf84b2a648ea9008
freesolv,d03f12d520c785a7,CCOc1ccccc1,hydration_free_energy,kcal/mol,train,c1ccccc1,-2.2200000286102295,-2.7746800164729373,-12.269191988304263,6.719831955358389,scaffold,2032,rf_rdkit_morgan,random_forest,rdkit+morgan,none,77abfcdbb281d08df2e9fb09cf84b2a648ea9008
freesolv,e59096cd88e01589,CCS,hydration_free_energy,kcal/mol,train,,-1.1399999856948853,-1.2323599965572385,-10.726871968388565,8.262151975274087,scaffold,2032,rf_rdkit_morgan,random_forest,rdkit+morgan,none,77abfcdbb281d08df2e9fb09cf84b2a648ea9008
freesolv,c868bf4a1b1b5939,CCSC,hydration_free_energy,kcal/mol,train,,-1.5,-1.4109800047874381,-10.905491976618764,8.083531967043887,scaffold,2032,rf_rdkit_morgan,random_forest,rdkit+morgan,none,77abfcdbb281d08df2e9fb09cf84b2a648ea9008
freesolv,9f27d20fc9bfb022,CCSCC,hydration_free_energy,kcal/mol,train,,-1.4600000381469727,-1.362420025285329,-10.856931997116655,8.132091946545996,scaffold,2032,rf_rdkit_morgan,random_forest,rdkit+morgan,none,77abfcdbb281d08df2e9fb09cf84b2a648ea9008
freesolv,4fc9e69deb3fc3dc,CCSSCC,hydration_free_energy,kcal/mol,train,,-1.6399999856948853,-1.6056799949444902,-11.100191966775816,7.888831976886836,scaffold,2032,rf_rdkit_morgan,random_forest,rdkit+morgan,none,77abfcdbb281d08df2e9fb09cf84b2a648ea9008
freesolv,bfa0e17b5e26ea0d,CC[C@@H](C)C(C)C,hydration_free_energy,kcal/mol,train,,2.5199999809265137,2.495559984982003,-6.998951986849322,11.99007195681333,scaffold,2032,rf_rdkit_morgan,random_forest,rdkit+morgan,none,77abfcdbb281d08df2e9fb09cf84b2a648ea9008
freesolv,d551cb41de0123da,CC[C@@H](C)CO,hydration_free_energy,kcal/mol,train,,-4.420000076293945,-4.478340051054953,-13.97285202288628,5.016171920776372,scaffold,2032,rf_rdkit_morgan,random_forest,rdkit+morgan,none,77abfcdbb281d08df2e9fb09cf84b2a648ea9008
freesolv,43bfd896ecc8fa0d,CC[C@@H](C)c1cc([N+](=O)[O-])cc([N+](=O)[O-])c1O,hydration_free_energy,kcal/mol,train,c1ccccc1,-6.230000019073486,-6.401240018486975,-15.8957519903183,3.0932719533443507,scaffold,2032,rf_rdkit_morgan,random_forest,rdkit+morgan,none,77abfcdbb281d08df2e9fb09cf84b2a648ea9008
freesolv,72e6cc3958fe9748,CC[C@@H](O)C(C)C,hydration_free_energy,kcal/mol,train,,-3.880000114440918,-4.087593397498133,-13.582105369329458,5.406918574333193,scaffold,2032,rf_rdkit_morgan,random_forest,rdkit+morgan,none,77abfcdbb281d08df2e9fb09cf84b2a648ea9008
freesolv,30fe9e05f0944b46,CC[C@H](C)Cl,hydration_free_energy,kcal/mol,train,,0.0,-0.1869199970699693,-9.681431968901295,9.307591974761356,scaffold,2032,rf_rdkit_morgan,random_forest,rdkit+morgan,none,77abfcdbb281d08df2e9fb09cf84b2a648ea9008
freesolv,4bac7107d8eee406,CC[C@H](C)O,hydration_free_energy,kcal/mol,train,,-4.619999885559082,-4.535021237707149,-14.029533209538474,4.959490734124177,scaffold,2032,rf_rdkit_morgan,random_forest,rdkit+morgan,none,77abfcdbb281d08df2e9fb09cf84b2a648ea9008
freesolv,5ebfcf19058e296f,CC[C@H](C)O[N+](=O)[O-],hydration_free_energy,kcal/mol,train,,-1.8200000524520874,-2.292773357436065,-11.787285329267391,7.201738614395261,scaffold,2032,rf_rdkit_morgan,random_forest,rdkit+morgan,none,77abfcdbb281d08df2e9fb09cf84b2a648ea9008
freesolv,df64aadb6927ab47,CC[C@H](C)c1ccccc1,hydration_free_energy,kcal/mol,train,c1ccccc1,-0.44999998807907104,-0.34525999404488683,-9.839771965876213,9.149251977786438,scaffold,2032,rf_rdkit_morgan,random_forest,rdkit+morgan,none,77abfcdbb281d08df2e9fb09cf84b2a648ea9008
freesolv,2be6ddc7a67dd59d,CC[C@H](C)n1c(=O)[nH]c(C)c(Br)c1=O,hydration_free_energy,kcal/mol,validation,O=c1cc[nH]c(=O)[nH]1,-9.729999542236328,-6.016856685694303,-15.51136865752563,3.477655286137023,scaffold,2032,rf_rdkit_morgan,random_forest,rdkit+morgan,none,77abfcdbb281d08df2e9fb09cf84b2a648ea9008
freesolv,7e80f2c2416f6238,CC[N+](=O)[O-],hydration_free_energy,kcal/mol,train,,-3.7100000381469727,-3.8544000152647486,-13.348911987096074,5.640111956566577,scaffold,2032,rf_rdkit_morgan,random_forest,rdkit+morgan,none,77abfcdbb281d08df2e9fb09cf84b2a648ea9008
freesolv,8c11f08cc436c38e,CCc1ccc(C)cc1,hydration_free_energy,kcal/mol,train,c1ccccc1,-0.949999988079071,-0.8728599936365962,-10.367371965467921,8.62165197819473,scaffold,2032,rf_rdkit_morgan,random_forest,rdkit+morgan,none,77abfcdbb281d08df2e9fb09cf84b2a648ea9008
freesolv,66b7acb5e2d6c3d2,CCc1ccc(O)cc1,hydration_free_energy,kcal/mol,train,c1ccccc1,-6.130000114440918,-6.1015200619697465,-15.596032033801073,3.3929919098615793,scaffold,2032,rf_rdkit_morgan,random_forest,rdkit+morgan,none,77abfcdbb281d08df2e9fb09cf84b2a648ea9008
freesolv,7e17a2e61f09e50a,CCc1cccc(CC)c1N(COC)C(=O)CCl,hydration_free_energy,kcal/mol,train,c1ccccc1,-8.210000038146973,-7.518540031477842,-17.01305200330917,1.9759719403534834,scaffold,2032,rf_rdkit_morgan,random_forest,rdkit+morgan,none,77abfcdbb281d08df2e9fb09cf84b2a648ea9008
freesolv,d83d21ac42fea8f4,CCc1cccc(O)c1,hydration_free_energy,kcal/mol,train,c1ccccc1,-6.25,-6.267399998188029,-15.761911970019355,3.2271119736432965,scaffold,2032,rf_rdkit_morgan,random_forest,rdkit+morgan,none,77abfcdbb281d08df2e9fb09cf84b2a648ea9008
freesolv,2b77950e97163b16,CCc1cccc2ccccc12,hydration_free_energy,kcal/mol,test,c1ccc2ccccc2c1,-2.4000000953674316,-1.226350005995482,-10.720861977826807,8.268161965835844,scaffold,2032,rf_rdkit_morgan,random_forest,rdkit+morgan,none,77abfcdbb281d08df2e9fb09cf84b2a648ea9008
freesolv,d9d3904fcfb40c49,CCc1ccccc1,hydration_free_energy,kcal/mol,train,c1ccccc1,-0.7900000214576721,-0.8131200120411854,-10.307631983872511,8.68139195979014,scaffold,2032,rf_rdkit_morgan,random_forest,rdkit+morgan,none,77abfcdbb281d08df2e9fb09cf84b2a648ea9008
freesolv,d3d42d2d2434b6a4,CCc1ccccc1C,hydration_free_energy,kcal/mol,train,c1ccccc1,-0.8500000238418579,-0.947120013132678,-10.441631984964005,8.547391958698647,scaffold,2032,rf_rdkit_morgan,random_forest,rdkit+morgan,none,77abfcdbb281d08df2e9fb09cf84b2a648ea9008
freesolv,5dce688cbe158876,CCc1ccccc1O,hydration_free_energy,kcal/mol,train,c1ccccc1,-5.659999847412109,-5.718479905307304,-15.21299187713863,3.7760320665240217,scaffold,2032,rf_rdkit_morgan,random_forest,rdkit+morgan,none,77abfcdbb281d08df2e9fb09cf84b2a648ea9008
freesolv,ef41bd7574f5dbfd,CCc1ccccn1,hydration_free_energy,kcal/mol,validation,c1ccncc1,-4.329999923706055,-3.264940013270825,-12.759451985102151,6.2295719585605,scaffold,2032,rf_rdkit_morgan,random_forest,rdkit+morgan,none,77abfcdbb281d08df2e9fb09cf84b2a648ea9008
freesolv,5574eabc651548ff,CCc1cccnc1,hydration_free_energy,kcal/mol,validation,c1ccncc1,-4.590000152587891,-3.1422300126664338,-12.63674198449776,6.352281959164892,scaffold,2032,rf_rdkit_morgan,random_forest,rdkit+morgan,none,77abfcdbb281d08df2e9fb09cf84b2a648ea9008
freesolv,74500def09ca4c11,CCc1ccncc1,hydration_free_energy,kcal/mol,validation,c1ccncc1,-4.730000019073486,-3.22345001405105,-12.717961985882376,6.271061957780276,scaffold,2032,rf_rdkit_morgan,random_forest,rdkit+morgan,none,77abfcdbb281d08df2e9fb09cf84b2a648ea9008
freesolv,b06c750d00374d3a,CCc1cnccn1,hydration_free_energy,kcal/mol,calibration,c1cnccn1,-5.449999809265137,-3.4605250088199973,-12.955036980651323,6.033986963011328,scaffold,2032,rf_rdkit_morgan,random_forest,rdkit+morgan,none,77abfcdbb281d08df2e9fb09cf84b2a648ea9008
freesolv,8ec2d1ea7f63089d,CCl,hydration_free_energy,kcal/mol,train,,-0.550000011920929,-0.6775600077100168,-10.172071979541343,8.816951964121309,scaffold,2032,rf_rdkit_morgan,random_forest,rdkit+morgan,none,77abfcdbb281d08df2e9fb09cf84b2a648ea9008
freesolv,c17d9f4bb13fd7ab,CF,hydration_free_energy,kcal/mol,train,,-0.2199999988079071,-0.9199199956096833,-10.41443196744101,8.574591976221642,scaffold,2032,rf_rdkit_morgan,random_forest,rdkit+morgan,none,77abfcdbb281d08df2e9fb09cf84b2a648ea9008
freesolv,1d3ef8ffa7fbb106,CI,hydration_free_energy,kcal/mol,train,,-0.8899999856948853,-0.8993799920529124,-10.393891963884238,8.595131979778413,scaffold,2032,rf_rdkit_morgan,random_forest,rdkit+morgan,none,77abfcdbb281d08df2e9fb09cf84b2a648ea9008
freesolv,6b48636a029cf296,CN,hydration_free_energy,kcal/mol,train,,-4.550000190734863,-4.52040011066198,-14.014912082493307,4.974111861169345,scaffold,2032,rf_rdkit_morgan,random_forest,rdkit+morgan,none,77abfcdbb281d08df2e9fb09cf84b2a648ea9008
freesolv,ae740ecf42fc66b3,CN(C)C,hydration_free_energy,kcal/mol,train,,-3.200000047683716,-3.139615031074733,-12.634127002906059,6.354896940756593,scaffold,2032,rf_rdkit_morgan,random_forest,rdkit+morgan,none,77abfcdbb281d08df2e9fb09cf84b2a648ea9008
freesolv,3730b07de9065cc6,CN(C)C(=O)Nc1ccccc1,hydration_free_energy,kcal/mol,train,c1ccccc1,-9.130000114440918,-8.519680078268033,-18.01419205009936,0.9748318935632927,scaffold,2032,rf_rdkit_morgan,random_forest,rdkit+morgan,none,77abfcdbb281d08df2e9fb09cf84b2a648ea9008
freesolv,427a8b23dbe39998,CN(C)C(=O)c1ccc([N+](=O)[O-])cc1,hydration_free_energy,kcal/mol,train,c1ccccc1,-11.949999809265137,-10.526179920911767,-20.020691892743095,-1.0316679490804415,scaffold,2032,rf_rdkit_morgan,random_forest,rdkit+morgan,none,77abfcdbb281d08df2e9fb09cf84b2a648ea9008
freesolv,ab53bae8e7e2439a,CN(C)C(=O)c1ccccc1,hydration_free_energy,kcal/mol,train,c1ccccc1,-9.289999961853027,-8.732340004682543,-18.22685197651387,0.7621719671487828,scaffold,2032,rf_rdkit_morgan,random_forest,rdkit+morgan,none,77abfcdbb281d08df2e9fb09cf84b2a648ea9008
freesolv,df162aa01d1e1807,CN(C)C=O,hydration_free_energy,kcal/mol,train,,-7.809999942779541,-6.682719964936364,-16.17723193676769,2.8117920068949616,scaffold,2032,rf_rdkit_morgan,random_forest,rdkit+morgan,none,77abfcdbb281d08df2e9fb09cf84b2a648ea9008
freesolv,8ae90c7343e88285,CN(C)CCC=C1c2ccccc2CCc2ccccc21,hydration_free_energy,kcal/mol,calibration,C=C1c2ccccc2CCc2ccccc21,-7.429999828338623,-3.9510200187116853,-13.44553199054301,5.5434919531196405,scaffold,2032,rf_rdkit_morgan,random_forest,rdkit+morgan,none,77abfcdbb281d08df2e9fb09cf84b2a648ea9008
freesolv,6ba867aa7081b5d5,CN(C)CCOC(c1ccccc1)c1ccccc1,hydration_free_energy,kcal/mol,test,c1ccc(Cc2ccccc2)cc1,-9.34000015258789,-5.531739019432663,-15.02625099126399,3.9627729523986623,scaffold,2032,rf_rdkit_morgan,random_forest,rdkit+morgan,none,77abfcdbb281d08df2e9fb09cf84b2a648ea9008
freesolv,f138fff4fe28c100,CN(C)c1ccccc1,hydration_free_energy,kcal/mol,train,c1ccccc1,-3.450000047683716,-3.496650034815074,-12.9911620066464,5.997861937016252,scaffold,2032,rf_rdkit_morgan,random_forest,rdkit+morgan,none,77abfcdbb281d08df2e9fb09cf84b2a648ea9008
freesolv,22b8524d6432124c,CN(CC(F)(F)F)c1ccccc1,hydration_free_energy,kcal/mol,train,c1ccccc1,-1.9199999570846558,-2.6720039711028356,-12.166515942934161,6.82250800072849,scaffold,2032,rf_rdkit_morgan,random_forest,rdkit+morgan,none,77abfcdbb281d08df2e9fb09cf84b2a648ea9008
freesolv,aef820157b9e02ff,CN1CCCCC1,hydration_free_energy,kcal/mol,validation,C1CCNCC1,-3.880000114440918,-2.965744024071097,-12.460255995902422,6.528767947760229,scaffold,2032,rf_rdkit_morgan,random_forest,rdkit+morgan,none,77abfcdbb281d08df2e9fb09cf84b2a648ea9008
freesolv,caa26b776de24e5a,CN1CCN(C)CC1,hydration_free_energy,kcal/mol,test,C1CNCCN1,-7.579999923706055,-3.557180035248398,-13.051692007079724,5.937331936582927,scaffold,2032,rf_rdkit_morgan,random_forest,rdkit+morgan,none,77abfcdbb281d08df2e9fb09cf84b2a648ea9008
freesolv,3cff3d64db2ccf3c,CN1CCNCC1,hydration_free_energy,kcal/mol,test,C1CNCCN1,-7.769999980926514,-4.608641374906896,-14.103153346738221,4.88587059692443,scaffold,2032,rf_rdkit_morgan,random_forest,rdkit+morgan,none,77abfcdbb281d08df2e9fb09cf84b2a648ea9008
freesolv,d6cea68731e98da0,CN1CCOCC1,hydration_free_energy,kcal/mol,test,C1COCCN1,-6.320000171661377,-4.0887266914844504,-13.583238663315775,5.405785280346875,scaffold,2032,rf_rdkit_morgan,random_forest,rdkit+morgan,none,77abfcdbb281d08df2e9fb09cf84b2a648ea9008
freesolv,9afd0df86add5901,CNC,hydration_free_energy,kcal/mol,train,,-4.289999961853027,-4.236099993050101,-13.730611964881426,5.258411978781225,scaffold,2032,rf_rdkit_morgan,random_forest,rdkit+morgan,none,77abfcdbb281d08df2e9fb09cf84b2a648ea9008
freesolv,5cb6cf4121e34498,CNC(=O)O/N=C\C(C)(C)SC,hydration_free_energy,kcal/mol,train,,-9.84000015258789,-8.38891010719534,-17.883422079026666,1.105601864635986,scaffold,2032,rf_rdkit_morgan,random_forest,rdkit+morgan,none,77abfcdbb281d08df2e9fb09cf84b2a648ea9008
freesolv,90a200a5ff27cc37,CNC(=O)Oc1cccc2c1OC(C)(C)C2,hydration_free_energy,kcal/mol,validation,c1ccc2c(c1)CCO2,-9.609999656677246,-7.638636011636255,-17.13314798346758,1.8558759601950712,scaffold,2032,rf_rdkit_morgan,random_forest,rdkit+morgan,none,77abfcdbb281d08df2e9fb09cf84b2a648ea9008
freesolv,0a5851c2ca44922c,CNC(=O)Oc1cccc2ccccc12,hydration_free_energy,kcal/mol,test,c1ccc2ccccc2c1,-9.449999809265137,-7.274960005208849,-16.769471977040176,2.2195519666224772,scaffold,2032,rf_rdkit_morgan,random_forest,rdkit+morgan,none,77abfcdbb281d08df2e9fb09cf84b2a648ea9008
freesolv,d876777714879c8e,CNC(C)=O,hydration_free_energy,kcal/mol,train,,-10.0,-8.651739994525887,-18.146251966357212,0.8427719773054392,scaffold,2032,rf_rdkit_morgan,random_forest,rdkit+morgan,none,77abfcdbb281d08df2e9fb09cf84b2a648ea9008
freesolv,6bfbe627b61bb1f8,CNc1ccccc1,hydration_free_energy,kcal/mol,train,c1ccccc1,-4.690000057220459,-4.644840039193627,-14.139352011024954,4.8496719326376985,scaffold,2032,rf_rdkit_morgan,random_forest,rdkit+morgan,none,77abfcdbb281d08df2e9fb09cf84b2a648ea9008
freesolv,32c1365b28b1a0c9,CO,hydration_free_energy,kcal/mol,train,,-5.099999904632568,-4.88703328070045,-14.381545252531776,4.607478691130876,scaffold,2032,rf_rdkit_morgan,random_forest,rdkit+morgan,none,77abfcdbb281d08df2e9fb09cf84b2a648ea9008
freesolv,c4ae432b7146eac6,COC,hydration_free_energy,kcal/mol,train,,-1.909999966621399,-2.2892599744498767,-11.783771946281203,7.205251997381449,scaffold,2032,rf_rdkit_morgan,random_forest,rdkit+morgan,none,77abfcdbb281d08df2e9fb09cf84b2a648ea9008
freesolv,dba50d69eba4553d,COC(=O)C(C)(C)C,hydration_free_energy,kcal/mol,train,,-2.4000000953674316,-2.665200061559679,-12.159712033391004,6.829311910271647,scaffold,2032,rf_rdkit_morgan,random_forest,rdkit+morgan,none,77abfcdbb281d08df2e9fb09cf84b2a648ea9008
freesolv,78896c16a1730e57,COC(=O)C(F)(F)F,hydration_free_energy,kcal/mol,train,,-1.100000023841858,-1.872064009989794,-11.36657598182112,7.622447961841532,scaffold,2032,rf_rdkit_morgan,random_forest,rdkit+morgan,none,77abfcdbb281d08df2e9fb09cf84b2a648ea9008
freesolv,d0ab69455128b9fd,COC(=O)C1CC1,hydration_free_energy,kcal/mol,validation,C1CC1,-4.099999904632568,-3.417264013485611,-12.911775985316936,6.077247958345715,scaffold,2032,rf_rdkit_morgan,random_forest,rdkit+morgan,none,77abfcdbb281d08df2e9fb09cf84b2a648ea9008
freesolv,86863ff15d16d981,COC(=O)C1CCCCC1,hydration_free_energy,kcal/mol,calibration,C1CCCCC1,-3.299999952316284,-3.9997240250349027,-13.494235996866228,5.494787946796423,scaffold,2032,rf_rdkit_morgan,random_forest,rdkit+morgan,none,77abfcdbb281d08df2e9fb09cf84b2a648ea9008
freesolv,80ffd5e0b0a9be02,COC(=O)CC#N,hydration_free_energy,kcal/mol,train,,-6.71999979019165,-6.101579860568064,-15.59609183239939,3.3929321112632618,scaffold,2032,rf_rdkit_morgan,random_forest,rdkit+morgan,none,77abfcdbb281d08df2e9fb09cf84b2a648ea9008
freesolv,b6cd478b6894d483,COC(=O)CCl,hydration_free_energy,kcal/mol,train,,-4.0,-4.214900001674882,-13.709411973506207,5.279611970156444,scaffold,2032,rf_rdkit_morgan,random_forest,rdkit+morgan,none,77abfcdbb281d08df2e9fb09cf84b2a648ea9008
freesolv,1ee4d9131fedf122,COC(=O)c1ccc(O)cc1,hydration_free_energy,kcal/mol,train,c1ccccc1,-9.510000228881836,-8.919020122528103,-18.41353209435943,0.5754918493032228,scaffold,2032,rf_rdkit_morgan,random_forest,rdkit+morgan,none,77abfcdbb281d08df2e9fb09cf84b2a648ea9008
freesolv,f7f1cf0080e3fe6c,COC(=O)c1ccc(OC)cc1,hydration_free_energy,kcal/mol,train,c1ccccc1,-5.329999923706055,-6.011219978570939,-15.505731950402264,3.483291993260387,scaffold,2032,rf_rdkit_morgan,random_forest,rdkit+morgan,none,77abfcdbb281d08df2e9fb09cf84b2a648ea9008
freesolv,03666b9268eeead7,COC(=O)c1ccc([N+](=O)[O-])cc1,hydration_free_energy,kcal/mol,train,c1ccccc1,-6.880000114440918,-7.004680048465731,-16.499192020297055,2.4898319233655952,scaffold,2032,rf_rdkit_morgan,random_forest,rdkit+morgan,none,77abfcdbb281d08df2e9fb09cf84b2a648ea9008
freesolv,6606bca5fe63957e,COC(=O)c1ccccc1,hydration_free_energy,kcal/mol,train,c1ccccc1,-3.9200000762939453,-4.378260058641429,-13.872772030472754,5.116251913189897,scaffold,2032,rf_rdkit_morgan,random_forest,rdkit+morgan,none,77abfcdbb281d08df2e9fb09cf84b2a648ea9008
freesolv,3df2b5140200cf21,COC(C)(C)C,hydration_free_energy,kcal/mol,train,,-2.2100000381469727,-2.1963800213523186,-11.690891993183644,7.298131950479007,scaffold,2032,rf_rdkit_morgan,random_forest,rdkit+morgan,none,77abfcdbb281d08df2e9fb09cf84b2a648ea9008
freesolv,0b5928b255a9be06,COC(C)(OC)OC,hydration_free_energy,kcal/mol,train,,-4.420000076293945,-4.396453393608329,-13.890965365439655,5.098058578222997,scaffold,2032,rf_rdkit_morgan,random_forest,rdkit+morgan,none,77abfcdbb281d08df2e9fb09cf84b2a648ea9008
freesolv,343056c6313cf7f2,COC(C)=O,hydration_free_energy,kcal/mol,train,,-3.130000114440918,-3.5332800704836824,-13.027792042315008,5.961231901347643,scaffold,2032,rf_rdkit_morgan,random_forest,rdkit+morgan,none,77abfcdbb281d08df2e9fb09cf84b2a648ea9008
freesolv,366c595dc8dd0749,COC(C)C,hydration_free_energy,kcal/mol,train,,-2.009999990463257,-2.074199993979179,-11.568711965810504,7.420311977852147,scaffold,2032,rf_rdkit_morgan,random_forest,rdkit+morgan,none,77abfcdbb281d08df2e9fb09cf84b2a648ea9008
freesolv,cecd292832da1853,COC(CC#N)(OC)OC,hydration_free_energy,kcal/mol,train,,-6.400000095367432,-5.94066406788826,-15.435176039719586,3.5538479039430655,scaffold,2032,rf_rdkit_morgan,random_forest,rdkit+morgan,none,77abfcdbb281d08df2e9fb09cf84b2a648ea9008
freesolv,8465a94b854e5f5e,COC(CCl)(OC)OC,hydration_free_energy,kcal/mol,train,,-4.590000152587891,-4.515160104341803,-14.009672076173128,4.979351867489523,scaffold,2032,rf_rdkit_morgan,random_forest,rdkit+morgan,none,77abfcdbb281d08df2e9fb09cf84b2a648ea9008
freesolv,792c6eb18e8ee8a5,COC(F)(F)C(Cl)Cl,hydration_free_energy,kcal/mol,train,,-1.1200000047683716,-1.52340666910262,-11.017918640933946,7.971105302728706,scaffold,2032,rf_rdkit_morgan,random_forest,rdkit+morgan,none,77abfcdbb281d08df2e9fb09cf84b2a648ea9008
freesolv,c89b39a05b1f8fe2,COC(OC)(OC)C(F)(F)F,hydration_free_energy,kcal/mol,train,,-0.800000011920929,-1.9584100056439615,-11.452921977475288,7.536101966187364,scaffold,2032,rf_rdkit_morgan,random_forest,rdkit+morgan,none,77abfcdbb281d08df2e9fb09cf84b2a648ea9008
freesolv,4f9776f71274bb0a,COC(OC)(OC)c1ccccc1,hydration_free_energy,kcal/mol,train,c1ccccc1,-4.039999961853027,-4.594533983746165,-14.08904595557749,4.899977988085161,scaffold,2032,rf_rdkit_morgan,random_forest,rdkit+morgan,none,77abfcdbb281d08df2e9fb09cf84b2a648ea9008
freesolv,43e9689fb007ea3d,COC(OC)OC,hydration_free_energy,kcal/mol,train,,-4.420000076293945,-4.292346724435685,-13.78685869626701,5.202165247395641,scaffold,2032,rf_rdkit_morgan,random_forest,rdkit+morgan,none,77abfcdbb281d08df2e9fb09cf84b2a648ea9008
freesolv,79cb04263c54cc58,COC=O,hydration_free_energy,kcal/mol,train,,-2.7799999713897705,-3.2112199821248653,-12.70573195395619,6.283291989706461,scaffold,2032,rf_rdkit_morgan,random_forest,rdkit+morgan,none,77abfcdbb281d08df2e9fb09cf84b2a648ea9008
freesolv,cbf68aa07930e926,COCC(OC)(OC)OC,hydration_free_energy,kcal/mol,train,,-5.730000019073486,-5.516406701251856,-15.010918673083182,3.97810527057947,scaffold,2032,rf_rdkit_morgan,random_forest,rdkit+morgan,none,77abfcdbb281d08df2e9fb09cf84b2a648ea9008
freesolv,f3a3789f1e894352,COCCN,hydration_free_energy,kcal/mol,train,,-6.550000190734863,-6.005860112097107,-15.500372083928433,3.488651859734219,scaffold,2032,rf_rdkit_morgan,random_forest,rdkit+morgan,none,77abfcdbb281d08df2e9fb09cf84b2a648ea9008
freesolv,36f9489fd7c43523,COCCO,hydration_free_energy,kcal/mol,train,,-6.619999885559082,-6.542479946613309,-16.036991918444635,2.952032025218017,scaffold,2032,rf_rdkit_morgan,random_forest,rdkit+morgan,none,77abfcdbb281d08df2e9fb09cf84b2a648ea9008
freesolv,6176386a08c65b6a,COCCOC,hydration_free_energy,kcal/mol,train,,-4.840000152587891,-4.534080101430423,-14.028592073261748,4.960431870400903,scaffold,2032,rf_rdkit_morgan,random_forest,rdkit+morgan,none,77abfcdbb281d08df2e9fb09cf84b2a648ea9008
freesolv,dde41266c6fb0f78,COCOC,hydration_free_energy,kcal/mol,train,,-2.930000066757202,-3.483860055685045,-12.978372027516372,6.010651916146281,scaffold,2032,rf_rdkit_morgan,random_forest,rdkit+morgan,none,77abfcdbb281d08df2e9fb09cf84b2a648ea9008
freesolv,b4138e6574e5938a,COP(=O)(OC)OC,hydration_free_energy,kcal/mol,train,,-8.699999809265137,-7.344579870328298,-16.839091842159625,2.149932101503028,scaffold,2032,rf_rdkit_morgan,random_forest,rdkit+morgan,none,77abfcdbb281d08df2e9fb09cf84b2a648ea9008
freesolv,cfd15d18e41c6b74,COP(=O)(OC)[C@@H](O)C(Cl)(Cl)Cl,hydration_free_energy,kcal/mol,train,,-12.739999771118164,-10.20634652109444,-19.700858492925768,-0.7118345492631146,scaffold,2032,rf_rdkit_morgan,random_forest,rdkit+morgan,none,77abfcdbb281d08df2e9fb09cf84b2a648ea9008
freesolv,f7eaea59fbdc4fd0,COP(=S)(OC)Oc1ccc([N+](=O)[O-])cc1,hydration_free_energy,kcal/mol,train,c1ccccc1,-7.190000057220459,-7.310339998006803,-16.80485196983813,2.1841719738245224,scaffold,2032,rf_rdkit_morgan,random_forest,rdkit+morgan,none,77abfcdbb281d08df2e9fb09cf84b2a648ea9008
freesolv,2ef9be15cbbcce71,COP(=S)(OC)SCn1nnc2ccccc2c1=O,hydration_free_energy,kcal/mol,validation,O=c1[nH]nnc2ccccc12,-10.029999732971191,-7.076139997407797,-16.570651969239123,2.418371974423529,scaffold,2032,rf_rdkit_morgan,random_forest,rdkit+morgan,none,77abfcdbb281d08df2e9fb09cf84b2a648ea9008
freesolv,f5ba54488f372966,COS(=O)(=O)OC,hydration_free_energy,kcal/mol,train,,-5.099999904632568,-5.130959916800268,-14.625471888631594,4.363552055031057,scaffold,2032,rf_rdkit_morgan,random_forest,rdkit+morgan,none,77abfcdbb281d08df2e9fb09cf84b2a648ea9008
freesolv,5b75e056d7667332,COS(C)(=O)=O,hydration_free_energy,kcal/mol,train,,-4.869999885559082,-5.0367465750575064,-14.531258546888832,4.457765396773819,scaffold,2032,rf_rdkit_morgan,random_forest,rdkit+morgan,none,77abfcdbb281d08df2e9fb09cf84b2a648ea9008
freesolv,58aa2cd0ec0f3549,COc1c(Cl)cc(Cl)c(OC)c1O,hydration_free_energy,kcal/mol,train,c1ccccc1,-6.440000057220459,-6.612520057201362,-16.107032029032688,2.881991914629964,scaffold,2032,rf_rdkit_morgan,random_forest,rdkit+morgan,none,77abfcdbb281d08df2e9fb09cf84b2a648ea9008
freesolv,f4958df0775de6da,COc1c(Cl)ccc(Cl)c1C(=O)O,hydration_free_energy,kcal/mol,train,c1ccccc1,-9.859999656677246,-8.896699798077384,-18.391211769908708,0.5978121737539421,scaffold,2032,rf_rdkit_morgan,random_forest,rdkit+morgan,none,77abfcdbb281d08df2e9fb09cf84b2a648ea9008
freesolv,1602b6352b27cd5c,COc1c(O)c(OC)c(Cl)c(C=O)c1Cl,hydration_free_energy,kcal/mol,train,c1ccccc1,-8.680000305175781,-8.14406020092967,-17.638572172760995,1.350451770901655,scaffold,2032,rf_rdkit_morgan,random_forest,rdkit+morgan,none,77abfcdbb281d08df2e9fb09cf84b2a648ea9008
freesolv,dfc5e1986eb52bfc,COc1cc(C)ccc1O,hydration_free_energy,kcal/mol,train,c1ccccc1,-5.800000190734863,-5.9774201326370395,-15.471932104468365,3.5170918391942863,scaffold,2032,rf_rdkit_morgan,random_forest,rdkit+morgan,none,77abfcdbb281d08df2e9fb09cf84b2a648ea9008
freesolv,2dcda2689245ae18,COc1cc(C=O)c(Cl)c(OC)c1O,hydration_free_energy,kcal/mol,train,c1ccccc1,-7.78000020980835,-7.750540156364433,-17.24505212819576,1.7439718154668924,scaffold,2032,rf_rdkit_morgan,random_forest,rdkit+morgan,none,77abfcdbb281d08df2e9fb09cf84b2a648ea9008
freesolv,b57067c3389817fe,COc1ccc(C(=O)N(C)C)cc1,hydration_free_energy,kcal/mol,train,c1ccccc1,-11.010000228881836,-9.981320161342673,-19.475832133174,-0.48680818951134697,scaffold,2032,rf_rdkit_morgan,random_forest,rdkit+morgan,none,77abfcdbb281d08df2e9fb09cf84b2a648ea9008
freesolv,b0f92eb0fbf5865f,COc1ccc(C(C)=O)cc1,hydration_free_energy,kcal/mol,train,c1ccccc1,-4.400000095367432,-4.933650063991556,-14.428162035822883,4.56086190783977,scaffold,2032,rf_rdkit_morgan,random_forest,rdkit+morgan,none,77abfcdbb281d08df2e9fb09cf84b2a648ea9008
freesolv,9f101fc6ba15503f,COc1ccc(N)cc1,hydration_free_energy,kcal/mol,train,c1ccccc1,-7.480000019073486,-7.082740004777937,-16.57725197660926,2.4117719670533884,scaffold,2032,rf_rdkit_morgan,random_forest,rdkit+morgan,none,77abfcdbb281d08df2e9fb09cf84b2a648ea9008
freesolv,47a5d1f5f0d9c9e0,COc1ccc2cc([C@H](C)C(=O)O)ccc2c1,hydration_free_energy,kcal/mol,test,c1ccc2ccccc2c1,-10.210000038146973,-7.36199999892712,-16.856511970758447,2.132511972904206,scaffold,2032,rf_rdkit_morgan,random_forest,rdkit+morgan,none,77abfcdbb281d08df2e9fb09cf84b2a648ea9008
freesolv,f3601ce4990f38bf,COc1cccc(N)c1,hydration_free_energy,kcal/mol,train,c1ccccc1,-7.289999961853027,-7.057579965829856,-16.55209193766118,2.43693200600147,scaffold,2032,rf_rdkit_morgan,random_forest,rdkit+morgan,none,77abfcdbb281d08df2e9fb09cf84b2a648ea9008
freesolv,128c8182726e93c8,COc1cccc(O)c1,hydration_free_energy,kcal/mol,train,c1ccccc1,-7.659999847412109,-7.30979991149904,-16.804311883330364,2.184712060332286,scaffold,2032,rf_rdkit_morgan,random_forest,rdkit+morgan,none,77abfcdbb281d08df2e9fb09cf84b2a648ea9008
freesolv,31e7b18f3228ba99,COc1cccc(OC)c1O,hydration_free_energy,kcal/mol,train,c1ccccc1,-6.960000038146973,-6.836966707229617,-16.331478679060943,2.6575452646017084,scaffold,2032,rf_rdkit_morgan,random_forest,rdkit+morgan,none,77abfcdbb281d08df2e9fb09cf84b2a648ea9008
freesolv,ad217bed88d732e8,COc1ccccc1,hydration_free_energy,kcal/mol,train,c1ccccc1,-2.450000047683716,-2.852200032532215,-12.34671200436354,6.642311939299111,scaffold,2032,rf_rdkit_morgan,random_forest,rdkit+morgan,none,77abfcdbb281d08df2e9fb09cf84b2a648ea9008
freesolv,b00362e6f2a54653,COc1ccccc1N,hydration_free_energy,kcal/mol,train,c1ccccc1,-6.119999885559082,-6.283419915437685,-15.77793188726901,3.2110920563936407,scaffold,2032,rf_rdkit_morgan,random_forest,rdkit+morgan,none,77abfcdbb281d08df2e9fb09cf84b2a648ea9008
freesolv,3d2d00e608cdd36c,COc1ccccc1O,hydration_free_energy,kcal/mol,train,c1ccccc1,-5.940000057220459,-5.993600025177015,-15.48811199700834,3.500911946654311,scaffold,2032,rf_rdkit_morgan,random_forest,rdkit+morgan,none,77abfcdbb281d08df2e9fb09cf84b2a648ea9008
freesolv,db3f12030831b04a,COc1ccccc1OC,hydration_free_energy,kcal/mol,train,c1ccccc1,-5.329999923706055,-5.147429952487347,-14.641941924318672,4.347082019343979,scaffold,2032,rf_rdkit_morgan,random_forest,rdkit+morgan,none,77abfcdbb281d08df2e9fb09cf84b2a648ea9008
freesolv,5987ac0025350d65,CS,hydration_free_energy,kcal/mol,train,,-1.2000000476837158,-1.366320032060146,-10.860832003891472,8.12819193977118,scaffold,2032,rf_rdkit_morgan,random_forest,rdkit+morgan,none,77abfcdbb281d08df2e9fb09cf84b2a648ea9008
freesolv,0d11fc91d7076b61,CS(=O)(=O)Cl,hydration_free_energy,kcal/mol,train,,-4.869999885559082,-4.61150658129155,-14.106018553122876,4.8830053905397754,scaffold,2032,rf_rdkit_morgan,random_forest,rdkit+morgan,none,77abfcdbb281d08df2e9fb09cf84b2a648ea9008
freesolv,aa2bea624cb0b32d,CS(C)(=O)=O,hydration_free_energy,kcal/mol,train,,-10.079999923706055,-7.776466595828545,-17.27097856765987,1.718045376002781,scaffold,2032,rf_rdkit_morgan,random_forest,rdkit+morgan,none,77abfcdbb281d08df2e9fb09cf84b2a648ea9008
freesolv,f2cc1c4234198db0,CS(C)=O,hydration_free_energy,kcal/mol,train,,-9.279999732971191,-6.890419833555824,-16.38493180538715,2.604092138275502,scaffold,2032,rf_rdkit_morgan,random_forest,rdkit+morgan,none,77abfcdbb281d08df2e9fb09cf84b2a648ea9008
freesolv,91658d5a001d49e4,CSC,hydration_free_energy,kcal/mol,train,,-1.6100000143051147,-1.5785200107693542,-11.07303198260068,7.915991961061971,scaffold,2032,rf_rdkit_morgan,random_forest,rdkit+morgan,none,77abfcdbb281d08df2e9fb09cf84b2a648ea9008
freesolv,60bb71e7a2455ffa,CSSC,hydration_free_energy,kcal/mol,train,,-1.8300000429153442,-1.7344500257670823,-11.228961997598407,7.760061946064243,scaffold,2032,rf_rdkit_morgan,random_forest,rdkit+morgan,none,77abfcdbb281d08df2e9fb09cf84b2a648ea9008
freesolv,941bd3545404064b,CSc1ccccc1,hydration_free_energy,kcal/mol,train,c1ccccc1,-2.7300000190734863,-2.4771600140295877,-11.971671985860914,7.017351957801738,scaffold,2032,rf_rdkit_morgan,random_forest,rdkit+morgan,none,77abfcdbb281d08df2e9fb09cf84b2a648ea9008
freesolv,63b335b2fd4df5b3,C[C@@H](CCO[N+](=O)[O-])O[N+](=O)[O-],hydration_free_energy,kcal/mol,train,,-4.289999961853027,-4.651179960846902,-14.145691932678229,4.843332010984423,scaffold,2032,rf_rdkit_morgan,random_forest,rdkit+morgan,none,77abfcdbb281d08df2e9fb09cf84b2a648ea9008
freesolv,eefa0b3674c064ad,C[C@@H](CO[N+](=O)[O-])O[N+](=O)[O-],hydration_free_energy,kcal/mol,train,,-4.949999809265137,-4.8864798889160115,-14.380991860747336,4.608032082915314,scaffold,2032,rf_rdkit_morgan,random_forest,rdkit+morgan,none,77abfcdbb281d08df2e9fb09cf84b2a648ea9008
freesolv,7beeddda4325576e,C[C@@H](O)C(F)(F)F,hydration_free_energy,kcal/mol,train,,-4.199999809265137,-4.228384323124166,-13.722896294955492,5.26612764870716,scaffold,2032,rf_rdkit_morgan,random_forest,rdkit+morgan,none,77abfcdbb281d08df2e9fb09cf84b2a648ea9008
freesolv,0e2e060fa7263040,C[C@@H]1CCCC[C@@H]1C,hydration_free_energy,kcal/mol,calibration,C1CCCCC1,1.5800000429153442,1.1989199921488773,-8.295591979682449,10.693431963980203,scaffold,2032,rf_rdkit_morgan,random_forest,rdkit+morgan,none,77abfcdbb281d08df2e9fb09cf84b2a648ea9008
freesolv,76ad3abc60765b03,C[C@H](C(=O)O)c1ccc(-c2ccccc2)c(F)c1,hydration_free_energy,kcal/mol,calibration,c1ccc(-c2ccccc2)cc1,-8.420000076293945,-6.8861199946999525,-16.38063196653128,2.6083919771313733,scaffold,2032,rf_rdkit_morgan,random_forest,rdkit+morgan,none,77abfcdbb281d08df2e9fb09cf84b2a648ea9008
freesolv,e8b904ba4abc81e9,C[C@H](C(=O)O)c1cccc(C(=O)c2ccccc2)c1,hydration_free_energy,kcal/mol,calibration,O=C(c1ccccc1)c1ccccc1,-10.779999732971191,-7.26593999911845,-16.760451970949774,2.228571972712876,scaffold,2032,rf_rdkit_morgan,random_forest,rdkit+morgan,none,77abfcdbb281d08df2e9fb09cf84b2a648ea9008
freesolv,8c52d3fff30b9cac,C[C@H](Cl)CCl,hydration_free_energy,kcal/mol,train,,-1.2699999809265137,-1.3442799839600983,-10.838791955791423,8.150231987871228,scaffold,2032,rf_rdkit_morgan,random_forest,rdkit+morgan,none,77abfcdbb281d08df2e9fb09cf84b2a648ea9008
freesolv,8092a23e37101382,C[C@H](O)C(F)(F)F,hydration_free_energy,kcal/mol,train,,-4.159999847412109,-4.228384323124166,-13.722896294955492,5.26612764870716,scaffold,2032,rf_rdkit_morgan,random_forest,rdkit+morgan,none,77abfcdbb281d08df2e9fb09cf84b2a648ea9008
freesolv,39051be56e99ad8d,C[C@H]1CCCO1,hydration_free_energy,kcal/mol,test,C1CCOC1,-3.299999952316284,-2.6917800057791172,-12.186291977610443,6.8027319660522085,scaffold,2032,rf_rdkit_morgan,random_forest,rdkit+morgan,none,77abfcdbb281d08df2e9fb09cf84b2a648ea9008
freesolv,8efd3b8359228fb2,C[C@H]1CC[C@H](C)O1,hydration_free_energy,kcal/mol,test,C1CCOC1,-2.9200000762939453,-2.3156966759785993,-11.810208647809926,7.1788152958527265,scaffold,2032,rf_rdkit_morgan,random_forest,rdkit+morgan,none,77abfcdbb281d08df2e9fb09cf84b2a648ea9008
freesolv,5fc027dd434528e2,C[N+](=O)[O-],hydration_free_energy,kcal/mol,train,,-4.019999980926514,-4.066619987756011,-13.561131959587337,5.427891984075314,scaffold,2032,rf_rdkit_morgan,random_forest,rdkit+morgan,none,77abfcdbb281d08df2e9fb09cf84b2a648ea9008
freesolv,bba10d76dab59e54,Cc1[nH]c(=O)n(C(C)(C)C)c(=O)c1Cl,hydration_free_energy,kcal/mol,validation,O=c1cc[nH]c(=O)[nH]1,-11.140000343322754,-6.1091440193593485,-15.603655991190674,3.3853679524719773,scaffold,2032,rf_rdkit_morgan,random_forest,rdkit+morgan,none,77abfcdbb281d08df2e9fb09cf84b2a648ea9008
freesolv,9dcf8b914c150733,Cc1c[nH]c2ccccc12,hydration_free_energy,kcal/mol,test,c1ccc2[nH]ccc2c1,-5.880000114440918,-3.9962350192293523,-13.490746991060679,5.498276952601973,scaffold,2032,rf_rdkit_morgan,random_forest,rdkit+morgan,none,77abfcdbb281d08df2e9fb09cf84b2a648ea9008
freesolv,43e45de3a2ec7d7d,Cc1c[nH]cn1,hydration_free_energy,kcal/mol,test,c1c[nH]cn1,-10.270000457763672,-4.40082001440227,-13.895331986233597,5.093691957429056,scaffold,2032,rf_rdkit_morgan,random_forest,rdkit+morgan,none,77abfcdbb281d08df2e9fb09cf84b2a648ea9008
freesolv,2b84963bcd80619e,Cc1cc(C)c2ccccc2c1,hydration_free_energy,kcal/mol,test,c1ccc2ccccc2c1,-2.4700000286102295,-1.0953100033365173,-10.589821975167844,8.399201968494808,scaffold,2032,rf_rdkit_morgan,random_forest,rdkit+morgan,none,77abfcdbb281d08df2e9fb09cf84b2a648ea9008
freesolv,ceb5d836647f1bc3,Cc1cc(C)cc(C)c1,hydration_free_energy,kcal/mol,train,c1ccccc1,-0.8999999761581421,-0.7594999872408645,-10.25401195907219,8.73501198459046,scaffold,2032,rf_rdkit_morgan,random_forest,rdkit+morgan,none,77abfcdbb281d08df2e9fb09cf84b2a648ea9008
freesolv,7cd11e1061f8550e,Cc1cc(C)cc(O)c1,hydration_free_energy,kcal/mol,train,c1ccccc1,-6.269999980926514,-6.151319989919641,-15.645831961750968,3.3431919819116844,scaffold,2032,rf_rdkit_morgan,random_forest,rdkit+morgan,none,77abfcdbb281d08df2e9fb09cf84b2a648ea9008
freesolv,4b34ae40486b3c5f,Cc1cc(O)ccc1Cl,hydration_free_energy,kcal/mol,train,c1ccccc1,-6.789999961853027,-6.595739986181262,-16.090251958012587,2.8987719856500638,scaffold,2032,rf_rdkit_morgan,random_forest,rdkit+morgan,none,77abfcdbb281d08df2e9fb09cf84b2a648ea9008
freesolv,967700a6cac6d34b,Cc1cc2ccccc2cc1C,hydration_free_energy,kcal/mol,test,c1ccc2ccccc2c1,-2.7799999713897705,-1.0471500016599875,-10.541661973491314,8.447361970171338,scaffold,2032,rf_rdkit_morgan,random_forest,rdkit+morgan,none,77abfcdbb281d08df2e9fb09cf84b2a648ea9008
freesolv,70816019155cbeb1,Cc1ccc(Br)cc1,hydration_free_energy,kcal/mol,train,c1ccccc1,-1.3899999856948853,-1.448679995745427,-10.943191967576753,8.045831976085898,scaffold,2032,rf_rdkit_morgan,random_forest,rdkit+morgan,none,77abfcdbb281d08df2e9fb09cf84b2a648ea9008
freesolv,7a4c55f55feeaf18,Cc1ccc(C(=O)N(C)C)cc1,hydration_free_energy,kcal/mol,train,c1ccccc1,-9.760000228881836,-9.131140139937434,-18.62565211176876,0.36337183189389144,scaffold,2032,rf_rdkit_morgan,random_forest,rdkit+morgan,none,77abfcdbb281d08df2e9fb09cf84b2a648ea9008
freesolv,4bd93a52b68e3179,Cc1ccc(C(C)C)cc1,hydration_free_energy,kcal/mol,train,c1ccccc1,-0.6800000071525574,-0.6280400069579302,-10.122551978789256,8.866471964873396,scaffold,2032,rf_rdkit_morgan,random_forest,rdkit+morgan,none,77abfcdbb281d08df2e9fb09cf84b2a648ea9008
freesolv,075799439fc6d183,Cc1ccc(C)c(C)c1,hydration_free_energy,kcal/mol,train,c1ccccc1,-0.8600000143051147,-0.8690400099120965,-10.363551981743422,8.62547196191923,scaffold,2032,rf_rdkit_morgan,random_forest,rdkit+morgan,none,77abfcdbb281d08df2e9fb09cf84b2a648ea9008
freesolv,8961bdfb7ede6e86,Cc1ccc(C)c(O)c1,hydration_free_energy,kcal/mol,train,c1ccccc1,-5.909999847412109,-5.941599925518041,-15.436111897349367,3.552912046313285,scaffold,2032,rf_rdkit_morgan,random_forest,rdkit+morgan,none,77abfcdbb281d08df2e9fb09cf84b2a648ea9008
freesolv,cc9a7bf8731f0c53,Cc1ccc(C)c2ccccc12,hydration_free_energy,kcal/mol,test,c1ccc2ccccc2c1,-2.819999933242798,-1.0692700022161001,-10.563781974047426,8.425241969615225,scaffold,2032,rf_rdkit_morgan,random_forest,rdkit+morgan,none,77abfcdbb281d08df2e9fb09cf84b2a648ea9008
freesolv,34be3af199e92ace,Cc1ccc(C)cc1,hydration_free_energy,kcal/mol,train,c1ccccc1,-0.800000011920929,-0.7662400038242438,-10.26075197565557,8.728271968007082,scaffold,2032,rf_rdkit_morgan,random_forest,rdkit+morgan,none,77abfcdbb281d08df2e9fb09cf84b2a648ea9008
freesolv,645ebc5211491348,Cc1ccc(C)nc1,hydration_free_energy,kcal/mol,validation,c1ccncc1,-4.71999979019165,-3.3301300142519175,-12.824641986083243,6.164381957579408,scaffold,2032,rf_rdkit_morgan,random_forest,rdkit+morgan,none,77abfcdbb281d08df2e9fb09cf84b2a648ea9008
freesolv,a2b8c44da80cf8f1,Cc1ccc(C=O)cc1,hydration_free_energy,kcal/mol,train,c1ccccc1,-4.269999980926514,-4.221659985542293,-13.716171957373618,5.272851986289033,scaffold,2032,rf_rdkit_morgan,random_forest,rdkit+morgan,none,77abfcdbb281d08df2e9fb09cf84b2a648ea9008
freesolv,e51c7600c42704bd,Cc1ccc(N)cc1,hydration_free_energy,kcal/mol,train,c1ccccc1,-5.570000171661377,-5.475040121197695,-14.969552093029021,4.01947185063363,scaffold,2032,rf_rdkit_morgan,random_forest,rdkit+morgan,none,77abfcdbb281d08df2e9fb09cf84b2a648ea9008
freesolv,0317a2fef5322bb6,Cc1ccc(O)c(C)c1,hydration_free_energy,kcal/mol,train,c1ccccc1,-6.010000228881836,-5.98162011861801,-15.476132090449337,3.5128918532133158,scaffold,2032,rf_rdkit_morgan,random_forest,rdkit+morgan,none,77abfcdbb281d08df2e9fb09cf84b2a648ea9008
freesolv,303fffa88a746bce,Cc1ccc(O)cc1,hydration_free_energy,kcal/mol,train,c1ccccc1,-6.130000114440918,-6.101600066900241,-15.596112038731567,3.3929119049310845,scaffold,2032,rf_rdkit_morgan,random_forest,rdkit+morgan,none,77abfcdbb281d08df2e9fb09cf84b2a648ea9008
freesolv,c7963a073ba52ba9,Cc1ccc(O)cc1C,hydration_free_energy,kcal/mol,train,c1ccccc1,-6.5,-6.393499999046343,-15.888011970877669,3.101011972784983,scaffold,2032,rf_rdkit_morgan,random_forest,rdkit+morgan,none,77abfcdbb281d08df2e9fb09cf84b2a648ea9008
freesolv,204d7c1d632d08ff,Cc1ccc2cc(C)ccc2c1,hydration_free_energy,kcal/mol,test,c1ccc2ccccc2c1,-2.630000114440918,-1.0645700016878519,-10.559081973519177,8.429941970143474,scaffold,2032,rf_rdkit_morgan,random_forest,rdkit+morgan,none,77abfcdbb281d08df2e9fb09cf84b2a648ea9008
freesolv,5777c886aebe8d88,Cc1cccc(C)c1,hydration_free_energy,kcal/mol,train,c1ccccc1,-0.8299999833106995,-0.8445199913978496,-10.339031963229175,8.649991980433477,scaffold,2032,rf_rdkit_morgan,random_forest,rdkit+morgan,none,77abfcdbb281d08df2e9fb09cf84b2a648ea9008
freesolv,6c6362cf1ea134cd,Cc1cccc(C)c1C,hydration_free_energy,kcal/mol,train,c1ccccc1,-1.2100000381469727,-1.0722000245600771,-10.566711996391403,8.422311947271249,scaffold,2032,rf_rdkit_morgan,random_forest,rdkit+morgan,none,77abfcdbb281d08df2e9fb09cf84b2a648ea9008
freesolv,46065e9d43127bda,Cc1cccc(C)c1N,hydration_free_energy,kcal/mol,train,c1ccccc1,-5.210000038146973,-5.1820200501084335,-14.67653202193976,4.312491921722892,scaffold,2032,rf_rdkit_morgan,random_forest,rdkit+morgan,none,77abfcdbb281d08df2e9fb09cf84b2a648ea9008
freesolv,90fe3b9955e6cbdb,Cc1cccc(C)c1O,hydration_free_energy,kcal/mol,train,c1ccccc1,-5.260000228881836,-5.425360136151308,-14.919872107982634,4.069151835680017,scaffold,2032,rf_rdkit_morgan,random_forest,rdkit+morgan,none,77abfcdbb281d08df2e9fb09cf84b2a648ea9008
freesolv,5c1b4ae8424cac54,Cc1cccc(C)n1,hydration_free_energy,kcal/mol,validation,c1ccncc1,-4.590000152587891,-3.3162300134710967,-12.810741985302423,6.178281958360229,scaffold,2032,rf_rdkit_morgan,random_forest,rdkit+morgan,none,77abfcdbb281d08df2e9fb09cf84b2a648ea9008
freesolv,ece8755eefcca82d,Cc1cccc(Nc2ccccc2C(=O)O)c1C,hydration_free_energy,kcal/mol,test,c1ccc(Nc2ccccc2)cc1,-6.78000020980835,-7.256619984328747,-16.751131956160073,2.2378919875025787,scaffold,2032,rf_rdkit_morgan,random_forest,rdkit+morgan,none,77abfcdbb281d08df2e9fb09cf84b2a648ea9008
freesolv,4d8ccb9d19efe382,Cc1cccc(O)c1,hydration_free_energy,kcal/mol,train,c1ccccc1,-5.489999771118164,-5.818439875602733,-15.312951847434059,3.6760720962285927,scaffold,2032,rf_rdkit_morgan,random_forest,rdkit+morgan,none,77abfcdbb281d08df2e9fb09cf84b2a648ea9008
freesolv,05900ca825c16377,Cc1cccc(O)c1C,hydration_free_energy,kcal/mol,train,c1ccccc1,-6.159999847412109,-6.011179916739479,-15.505691888570805,3.4833320550918465,scaffold,2032,rf_rdkit_morgan,random_forest,rdkit+morgan,none,77abfcdbb281d08df2e9fb09cf84b2a648ea9008
freesolv,5e20fb1606241f76,Cc1cccc([N+](=O)[O-])c1,hydration_free_energy,kcal/mol,train,c1ccccc1,-3.450000047683716,-4.090920019626619,-13.585431991457945,5.403591952204707,scaffold,2032,rf_rdkit_morgan,random_forest,rdkit+morgan,none,77abfcdbb281d08df2e9fb09cf84b2a648ea9008
freesolv,3d2a5a9bdd85ae66,Cc1cccc2ccccc12,hydration_free_energy,kcal/mol,test,c1ccc2ccccc2c1,-2.440000057220459,-1.222580006167292,-10.717091977998617,8.271931965664034,scaffold,2032,rf_rdkit_morgan,random_forest,rdkit+morgan,none,77abfcdbb281d08df2e9fb09cf84b2a648ea9008
freesolv,4f125c9e2659a314,Cc1ccccc1,hydration_free_energy,kcal/mol,train,c1ccccc1,-0.8999999761581421,-0.8741599854975819,-10.368671957328907,8.620351986333745,scaffold,2032,rf_rdkit_morgan,random_forest,rdkit+morgan,none,77abfcdbb281d08df2e9fb09cf84b2a648ea9008
freesolv,c00af97cfccb1719,Cc1ccccc1C,hydration_free_energy,kcal/mol,train,c1ccccc1,-0.8999999761581421,-0.8640399862229713,-10.358551958054298,8.630471985608354,scaffold,2032,rf_rdkit_morgan,random_forest,rdkit+morgan,none,77abfcdbb281d08df2e9fb09cf84b2a648ea9008
freesolv,ccb7ce5930753de8,Cc1ccccc1C=O,hydration_free_energy,kcal/mol,train,c1ccccc1,-3.930000066757202,-4.061060036659238,-13.555572008490564,5.433451935172088,scaffold,2032,rf_rdkit_morgan,random_forest,rdkit+morgan,none,77abfcdbb281d08df2e9fb09cf84b2a648ea9008
freesolv,6371bdc9e0fe2c8e,Cc1ccccc1Cl,hydration_free_energy,kcal/mol,train,c1ccccc1,-1.1399999856948853,-1.4169199935048822,-10.911431965336208,8.077591978326444,scaffold,2032,rf_rdkit_morgan,random_forest,rdkit+morgan,none,77abfcdbb281d08df2e9fb09cf84b2a648ea9008
freesolv,9fcb7285eb66a730,Cc1ccccc1N,hydration_free_energy,kcal/mol,train,c1ccccc1,-5.53000020980835,-5.458860149383549,-14.953372121214874,4.035651822447777,scaffold,2032,rf_rdkit_morgan,random_forest,rdkit+morgan,none,77abfcdbb281d08df2e9fb09cf84b2a648ea9008
freesolv,409664775e84e6ca,Cc1ccccc1O,hydration_free_energy,kcal/mol,train,c1ccccc1,-5.900000095367432,-5.899220042705522,-15.393732014536848,3.5952919291258034,scaffold,2032,rf_rdkit_morgan,random_forest,rdkit+morgan,none,77abfcdbb281d08df2e9fb09cf84b2a648ea9008
freesolv,131ca815559de33c,Cc1ccccc1[N+](=O)[O-],hydration_free_energy,kcal/mol,train,c1ccccc1,-3.5799999237060547,-3.965939947366719,-13.460451919198045,5.528572024464607,scaffold,2032,rf_rdkit_morgan,random_forest,rdkit+morgan,none,77abfcdbb281d08df2e9fb09cf84b2a648ea9008
freesolv,9e03a65773ba0113,Cc1ccccn1,hydration_free_energy,kcal/mol,validation,c1ccncc1,-4.630000114440918,-3.1922400005310774,-12.686751972362403,6.302271971300248,scaffold,2032,rf_rdkit_morgan,random_forest,rdkit+morgan,none,77abfcdbb281d08df2e9fb09cf84b2a648ea9008
freesolv,0de8988b53c23a36,Cc1cccnc1,hydration_free_energy,kcal/mol,validation,c1ccncc1,-4.769999980926514,-3.1711600020192563,-12.665671973850582,6.3233519698120695,scaffold,2032,rf_rdkit_morgan,random_forest,rdkit+morgan,none,77abfcdbb281d08df2e9fb09cf84b2a648ea9008
freesolv,995ffa71ceee0953,Cc1cccnc1C,hydration_free_energy,kcal/mol,validation,c1ccncc1,-4.820000171661377,-3.2578300202898682,-12.752341992121194,6.236681951541458,scaffold,2032,rf_rdkit_morgan,random_forest,rdkit+morgan,none,77abfcdbb281d08df2e9fb09cf84b2a648ea9008
freesolv,223487757991e398,Cc1cccs1,hydration_free_energy,kcal/mol,test,c1ccsc1,-1.3799999952316284,-1.6728800030462443,-11.167391974877571,7.8216319687850815,scaffold,2032,rf_rdkit_morgan,random_forest,rdkit+morgan,none,77abfcdbb281d08df2e9fb09cf84b2a648ea9008
freesolv,eb8e7ab81714406e,Cc1ccnc(C)c1,hydration_free_energy,kcal/mol,validation,c1ccncc1,-4.860000133514404,-3.1764300136342642,-12.67094198546559,6.3180819581970615,scaffold,2032,rf_rdkit_morgan,random_forest,rdkit+morgan,none,77abfcdbb281d08df2e9fb09cf84b2a648ea9008
freesolv,f8014d3a408f32f1,Cc1ccncc1,hydration_free_energy,kcal/mol,validation,c1ccncc1,-4.929999828338623,-3.1835200024656953,-12.67803197429702,6.310991969365631,scaffold,2032,rf_rdkit_morgan,random_forest,rdkit+morgan,none,77abfcdbb281d08df2e9fb09cf84b2a648ea9008
freesolv,0021d8f1e075cf09,Cc1ccncc1C,hydration_free_energy,kcal/mol,validation,c1ccncc1,-5.21999979019165,-3.1944500191770495,-12.688961991008375,6.300061952654277,scaffold,2032,rf_rdkit_morgan,random_forest,rdkit+morgan,none,77abfcdbb281d08df2e9fb09cf84b2a648ea9008
freesolv,3ce397d40b765988,Cc1cncc(C)c1,hydration_free_energy,kcal/mol,validation,c1ccncc1,-4.840000152587891,-3.192920015312731,-12.687431987144057,6.301591956518594,scaffold,2032,rf_rdkit_morgan,random_forest,rdkit+morgan,none,77abfcdbb281d08df2e9fb09cf84b2a648ea9008
freesolv,c84c66bb702a24a5,Cc1cnccn1,hydration_free_energy,kcal/mol,calibration,c1cnccn1,-5.510000228881836,-3.485790005244315,-12.98030197707564,6.008721966587011,scaffold,2032,rf_rdkit_morgan,random_forest,rdkit+morgan,none,77abfcdbb281d08df2e9fb09cf84b2a648ea9008
freesolv,98617ccb94c6f2d9,Cc1nc(N(C)C)nc(OC(=O)N(C)C)c1C,hydration_free_energy,kcal/mol,calibration,c1cncnc1,-9.40999984741211,-7.1769700254797915,-16.67148199731112,2.3175419463515343,scaffold,2032,rf_rdkit_morgan,random_forest,rdkit+morgan,none,77abfcdbb281d08df2e9fb09cf84b2a648ea9008
freesolv,d00d5844e4fd190b,Cl/C=C/Cl,hydration_free_energy,kcal/mol,train,,-0.7799999713897705,-0.9635199687033849,-10.45803194053471,8.530992003127942,scaffold,2032,rf_rdkit_morgan,random_forest,rdkit+morgan,none,77abfcdbb281d08df2e9fb09cf84b2a648ea9008
freesolv,2d79f7bb0f919d3e,Cl/C=C\Cl,hydration_free_energy,kcal/mol,train,,-1.1699999570846558,-0.9635199687033849,-10.45803194053471,8.530992003127942,scaffold,2032,rf_rdkit_morgan,random_forest,rdkit+morgan,none,77abfcdbb281d08df2e9fb09cf84b2a648ea9008
freesolv,57eb58d51da68949,ClC(Cl)(Cl)C(Cl)(Cl)Cl,hydration_free_energy,kcal/mol,train,,-0.6399999856948853,-0.9612399830743659,-10.455751954905692,8.53327198875696,scaffold,2032,rf_rdkit_morgan,random_forest,rdkit+morgan,none,77abfcdbb281d08df2e9fb09cf84b2a648ea9008
freesolv,451a93262591a307,ClC(Cl)(Cl)Cl,hydration_free_energy,kcal/mol,train,,0.07999999821186066,-0.1782000022046475,-9.672711974035973,9.316311969626678,scaffold,2032,rf_rdkit_morgan,random_forest,rdkit+morgan,none,77abfcdbb281d08df2e9fb09cf84b2a648ea9008
freesolv,cff56a18f71b6c9d,ClC(Cl)=C(Cl)Cl,hydration_free_energy,kcal/mol,train,,0.10000000149011612,-0.4403099963814121,-9.934821968212738,9.054201975449914,scaffold,2032,rf_rdkit_morgan,random_forest,rdkit+morgan,none,77abfcdbb281d08df2e9fb09cf84b2a648ea9008
freesolv,39844b260e442ec8,ClC(Cl)C(Cl)(Cl)Cl,hydration_free_energy,kcal/mol,train,,-1.2300000190734863,-1.1868200011178904,-10.681331972949216,8.307691970713435,scaffold,2032,rf_rdkit_morgan,random_forest,rdkit+morgan,none,77abfcdbb281d08df2e9fb09cf84b2a648ea9008
freesolv,e99f44b2e8cdbde1,ClC(Cl)C(Cl)Cl,hydration_free_energy,kcal/mol,train,,-2.369999885559082,-1.9256299265325085,-11.420141898363834,7.5688820452988175,scaffold,2032,rf_rdkit_morgan,random_forest,rdkit+morgan,none,77abfcdbb281d08df2e9fb09cf84b2a648ea9008
freesolv,c05e45a87f5e3de3,ClC(Cl)Cl,hydration_free_energy,kcal/mol,train,,-1.0800000429153442,-0.9992030239060496,-10.493714995737376,8.495308947925276,scaffold,2032,rf_rdkit_morgan,random_forest,rdkit+morgan,none,77abfcdbb281d08df2e9fb09cf84b2a648ea9008
freesolv,8474f5ea098cd11d,ClC1=C(Cl)[C@]2(Cl)[C@@H]3[C@@H](Cl)C=C[C@@H]3[C@@]1(Cl)C2(Cl)Cl,hydration_free_energy,kcal/mol,calibration,C1=CC2C3C=CC(C3)C2C1,-2.549999952316284,-3.608390001174062,-13.102901973005388,5.886121970657264,scaffold,2032,rf_rdkit_morgan,random_forest,rdkit+morgan,none,77abfcdbb281d08df2e9fb09cf84b2a648ea9008
freesolv,800b96b699e00f5e,ClC1=C(Cl)[C@]2(Cl)[C@@H]3[C@@H]([C@H](Cl)C[C@@H]3Cl)[C@@]1(Cl)C2(Cl)Cl,hydration_free_energy,kcal/mol,calibration,C1=CC2CC1C1CCCC21,-3.440000057220459,-3.4539399961978194,-12.948451968029145,6.040571975633506,scaffold,2032,rf_rdkit_morgan,random_forest,rdkit+morgan,none,77abfcdbb281d08df2e9fb09cf84b2a648ea9008
freesolv,8d55de7ac9d2f01a,ClC1=C(Cl)[C@]2(Cl)[C@H]3[C@H]4C[C@H]([C@@H]5O[C@H]45)[C@H]3[C@@]1(Cl)C2(Cl)Cl,hydration_free_energy,kcal/mol,validation,C1=CC2CC1C1C3CC(C4OC34)C21,-4.820000171661377,-4.727900006875396,-14.222411978706722,4.7666119649559295,scaffold,2032,rf_rdkit_morgan,random_forest,rdkit+morgan,none,77abfcdbb281d08df2e9fb09cf84b2a648ea9008
freesolv,fabbfc787087f50a,ClC=C(Cl)Cl,hydration_free_energy,kcal/mol,train,,-0.4399999976158142,-0.6474349969364579,-10.141946968767783,8.847076974894868,scaffold,2032,rf_rdkit_morgan,random_forest,rdkit+morgan,none,77abfcdbb281d08df2e9fb09cf84b2a648ea9008
freesolv,df58138ec50f3742,ClCC(Cl)(Cl)Cl,hydration_free_energy,kcal/mol,train,,-1.4299999475479126,-1.3470699633099192,-10.841581935141246,8.147442008521406,scaffold,2032,rf_rdkit_morgan,random_forest,rdkit+morgan,none,77abfcdbb281d08df2e9fb09cf84b2a648ea9008
freesolv,372630505bbbf500,ClCC(Cl)Cl,hydration_free_energy,kcal/mol,train,,-1.9900000095367432,-1.7775066648125641,-11.27201863664389,7.717005307018762,scaffold,2032,rf_rdkit_morgan,random_forest,rdkit+morgan,none,77abfcdbb281d08df2e9fb09cf84b2a648ea9008
freesolv,947bdf8b981c551d,ClCCBr,hydration_free_energy,kcal/mol,train,,-1.9500000476837158,-1.797000021345909,-11.291511993177235,7.697511950485417,scaffold,2032,rf_rdkit_morgan,random_forest,rdkit+morgan,none,77abfcdbb281d08df2e9fb09cf84b2a648ea9008
freesolv,8ef9c8d30a109454,ClCCCCCl,hydration_free_energy,kcal/mol,train,,-2.319999933242798,-1.9256299555935015,-11.420141927424828,7.568882016237824,scaffold,2032,rf_rdkit_morgan,random_forest,rdkit+morgan,none,77abfcdbb281d08df2e9fb09cf84b2a648ea9008
freesolv,3de4ce097f03cac7,ClCCCCl,hydration_free_energy,kcal/mol,train,,-1.8899999856948853,-1.7996899810582327,-11.294201952889559,7.694821990773093,scaffold,2032,rf_rdkit_morgan,random_forest,rdkit+morgan,none,77abfcdbb281d08df2e9fb09cf84b2a648ea9008
freesolv,c5a6e0db31e85253,ClCCCl,hydration_free_energy,kcal/mol,train,,-1.7899999618530273,-1.7068999700620817,-11.201411941893408,7.787612001769244,scaffold,2032,rf_rdkit_morgan,random_forest,rdkit+morgan,none,77abfcdbb281d08df2e9fb09cf84b2a648ea9008
freesolv,033cbc65185d3a9b,ClCCOCCCl,hydration_free_energy,kcal/mol,train,,-4.230000019073486,-3.647380008623002,-13.141891980454329,5.847131963208324,scaffold,2032,rf_rdkit_morgan,random_forest,rdkit+morgan,none,77abfcdbb281d08df2e9fb09cf84b2a648ea9008
freesolv,f161bdf0f763ae6e,ClCCl,hydration_free_energy,kcal/mol,train,,-1.309999942779541,-1.2930619623184287,-10.787573934149755,8.201450009512897,scaffold,2032,rf_rdkit_morgan,random_forest,rdkit+morgan,none,77abfcdbb281d08df2e9fb09cf84b2a648ea9008
freesolv,4e8dd2d13fb39aaa,ClCc1ccccc1,hydration_free_energy,kcal/mol,train,c1ccccc1,-1.9299999475479126,-1.8541399724595193,-11.348651944290845,7.640371999371807,scaffold,2032,rf_rdkit_morgan,random_forest,rdkit+morgan,none,77abfcdbb281d08df2e9fb09cf84b2a648ea9008
freesolv,79ee4896526f4503,Clc1c(Cl)c(Cl)c(-c2c(Cl)c(Cl)c(Cl)c(Cl)c2Cl)c(Cl)c1Cl,hydration_free_energy,kcal/mol,calibration,c1ccc(-c2ccccc2)cc1,-2.9800000190734863,-2.9148799692243337,-12.40939194105566,6.579632002606992,scaffold,2032,rf_rdkit_morgan,random_forest,rdkit+morgan,none,77abfcdbb281d08df2e9fb09cf84b2a648ea9008
freesolv,ccec5e12da7518ad,Clc1c(Cl)c(Cl)c(Cl)c(Cl)c1Cl,hydration_free_energy,kcal/mol,train,c1ccccc1,-2.3299999237060547,-2.311839947223665,-11.80635191905499,7.182672024607661,scaffold,2032,rf_rdkit_morgan,random_forest,rdkit+morgan,none,77abfcdbb281d08df2e9fb09cf84b2a648ea9008
freesolv,a28bd5d295e9e627,Clc1c(Cl)c(Cl)c2c(c1Cl)Oc1c(Cl)c(Cl)c(Cl)c(Cl)c1O2,hydration_free_energy,kcal/mol,test,c1ccc2c(c1)Oc1ccccc1O2,-4.53000020980835,-5.7596000225990975,-15.254111994430424,3.7349119492322282,scaffold,2032,rf_rdkit_morgan,random_forest,rdkit+morgan,none,77abfcdbb281d08df2e9fb09cf84b2a648ea9008
freesolv,ba13b193f5d8afe1,Clc1c(Cl)c(Cl)c2c(c1Cl)Oc1ccccc1O2,hydration_free_energy,kcal/mol,test,c1ccc2c(c1)Oc1ccccc1O2,-3.809999942779541,-5.071779996082185,-14.56629196791351,4.422731975749141,scaffold,2032,rf_rdkit_morgan,random_forest,rdkit+morgan,none,77abfcdbb281d08df2e9fb09cf84b2a648ea9008
freesolv,e13c6cd035a12545,Clc1cc(-c2c(Cl)cc(Cl)c(Cl)c2Cl)c(Cl)c(Cl)c1Cl,hydration_free_energy,kcal/mol,calibration,c1ccc(-c2ccccc2)cc1,-4.610000133514404,-2.8371599798351523,-12.331671951666479,6.6573519919961734,scaffold,2032,rf_rdkit_morgan,random_forest,rdkit+morgan,none,77abfcdbb281d08df2e9fb09cf84b2a648ea9008
freesolv,6fbc2c7ce9f24b3a,Clc1cc(-c2cc(Cl)c(Cl)c(Cl)c2Cl)cc(Cl)c1Cl,hydration_free_energy,kcal/mol,calibration,c1ccc(-c2ccccc2)cc1,-3.1700000762939453,-2.815519982337952,-12.310031954169277,6.678991989493374,scaffold,2032,rf_rdkit_morgan,random_forest,rdkit+morgan,none,77abfcdbb281d08df2e9fb09cf84b2a648ea9008
freesolv,4e1bfcb593ab9c04,Clc1cc(-c2ccccc2)c(Cl)c(Cl)c1Cl,hydration_free_energy,kcal/mol,calibration,c1ccc(-c2ccccc2)cc1,-3.4800000190734863,-2.911467990475893,-12.405979962307219,6.5830439813554325,scaffold,2032,rf_rdkit_morgan,random_forest,rdkit+morgan,none,77abfcdbb281d08df2e9fb09cf84b2a648ea9008
freesolv,0deab88349fa7629,Clc1cc(Cl)c(-c2c(Cl)cccc2Cl)c(Cl)c1,hydration_free_energy,kcal/mol,calibration,c1ccc(-c2ccccc2)cc1,-1.9600000381469727,-2.814499991253019,-12.309011963084345,6.680011980578307,scaffold,2032,rf_rdkit_morgan,random_forest,rdkit+morgan,none,77abfcdbb281d08df2e9fb09cf84b2a648ea9008
freesolv,04794cb48c3fc005,Clc1cc(Cl)c(-c2ccccc2)c(Cl)c1,hydration_free_energy,kcal/mol,calibration,c1ccc(-c2ccccc2)cc1,-2.1600000858306885,-2.532027995332329,-12.026539967163654,6.962483976498997,scaffold,2032,rf_rdkit_morgan,random_forest,rdkit+morgan,none,77abfcdbb281d08df2e9fb09cf84b2a648ea9008
freesolv,19ca7acd0f10b4d1,Clc1cc(Cl)c(Cl)c(Cl)c1,hydration_free_energy,kcal/mol,train,c1ccccc1,-1.6200000047683716,-1.5574100061505933,-11.05192197798192,7.937101965680732,scaffold,2032,rf_rdkit_morgan,random_forest,rdkit+morgan,none,77abfcdbb281d08df2e9fb09cf84b2a648ea9008
freesolv,60f7d335311cdf71,Clc1cc(Cl)c(Cl)cc1Cl,hydration_free_energy,kcal/mol,train,c1ccccc1,-1.340000033378601,-1.4436300216168063,-10.938141993448133,8.050881950214519,scaffold,2032,rf_rdkit_morgan,random_forest,rdkit+morgan,none,77abfcdbb281d08df2e9fb09cf84b2a648ea9008
freesolv,b172d409ecb64ee0,Clc1cc(Cl)c2c(c1Cl)Oc1ccccc1O2,hydration_free_energy,kcal/mol,test,c1ccc2c(c1)Oc1ccccc1O2,-4.050000190734863,-4.96033999466896,-14.454851966500286,4.534171977162366,scaffold,2032,rf_rdkit_morgan,random_forest,rdkit+morgan,none,77abfcdbb281d08df2e9fb09cf84b2a648ea9008
freesolv,aa9841fac0aef1b2,Clc1cc(Cl)cc(Cl)c1,hydration_free_energy,kcal/mol,train,c1ccccc1,-0.7799999713897705,-1.0592099831700295,-10.553721955001356,8.435301988661296,scaffold,2032,rf_rdkit_morgan,random_forest,rdkit+morgan,none,77abfcdbb281d08df2e9fb09cf84b2a648ea9008
freesolv,43fd33f418137c4f,Clc1cc2c(cc1Cl)Oc1c(Cl)c(Cl)c(Cl)c(Cl)c1O2,hydration_free_energy,kcal/mol,test,c1ccc2c(c1)Oc1ccccc1O2,-3.7100000381469727,-5.402540003418919,-14.897051975250244,4.091971968412407,scaffold,2032,rf_rdkit_morgan,random_forest,rdkit+morgan,none,77abfcdbb281d08df2e9fb09cf84b2a648ea9008
freesolv,6397b4e582e915d9,Clc1cc2c(cc1Cl)Oc1cc(Cl)c(Cl)cc1O2,hydration_free_energy,kcal/mol,test,c1ccc2c(c1)Oc1ccccc1O2,-3.369999885559082,-5.130940012082457,-14.625451983913782,4.363571959748869,scaffold,2032,rf_rdkit_morgan,random_forest,rdkit+morgan,none,77abfcdbb281d08df2e9fb09cf84b2a648ea9008
freesolv,16993358a556f1c5,Clc1cc2c(cc1Cl)Oc1ccccc1O2,hydration_free_energy,kcal/mol,test,c1ccc2c(c1)Oc1ccccc1O2,-3.559999942779541,-4.840200000956654,-14.334711972787979,4.654311970874672,scaffold,2032,rf_rdkit_morgan,random_forest,rdkit+morgan,none,77abfcdbb281d08df2e9fb09cf84b2a648ea9008
freesolv,20936773c94dd64a,Clc1ccc(-c2c(Cl)c(Cl)cc(Cl)c2Cl)cc1Cl,hydration_free_energy,kcal/mol,calibration,c1ccc(-c2ccccc2)cc1,-4.380000114440918,-2.741159986838699,-12.235671958670025,6.7533519849926265,scaffold,2032,rf_rdkit_morgan,random_forest,rdkit+morgan,none,77abfcdbb281d08df2e9fb09cf84b2a648ea9008
freesolv,319dd799287910b3,Clc1ccc(-c2cc(Cl)c(Cl)c(Cl)c2Cl)c(Cl)c1Cl,hydration_free_energy,kcal/mol,calibration,c1ccc(-c2ccccc2)cc1,-4.400000095367432,-2.7729079890727997,-12.267419960904125,6.721603982758526,scaffold,2032,rf_rdkit_morgan,random_forest,rdkit+morgan,none,77abfcdbb281d08df2e9fb09cf84b2a648ea9008
freesolv,a85bed87f9eca383,Clc1ccc(-c2cc(Cl)c(Cl)c(Cl)c2Cl)cc1Cl,hydration_free_energy,kcal/mol,calibration,c1ccc(-c2ccccc2)cc1,-3.0399999618530273,-2.8749599846117198,-12.369471956443046,6.619551987219606,scaffold,2032,rf_rdkit_morgan,random_forest,rdkit+morgan,none,77abfcdbb281d08df2e9fb09cf84b2a648ea9008
freesolv,6db47ce14110b8af,Clc1ccc(Cl)c(-c2cc(Cl)c(Cl)c(Cl)c2)c1,hydration_free_energy,kcal/mol,calibration,c1ccc(-c2ccccc2)cc1,-3.609999895095825,-2.89117999374494,-12.385691965576266,6.603331978086386,scaffold,2032,rf_rdkit_morgan,random_forest,rdkit+morgan,none,77abfcdbb281d08df2e9fb09cf84b2a648ea9008
freesolv,24197958a25d4719,Clc1ccc(Cl)c(-c2ccccc2)c1,hydration_free_energy,kcal/mol,calibration,c1ccc(-c2ccccc2)cc1,-2.4600000381469727,-2.6043500016592436,-12.09886197349057,6.890161970172082,scaffold,2032,rf_rdkit_morgan,random_forest,rdkit+morgan,none,77abfcdbb281d08df2e9fb09cf84b2a648ea9008
freesolv,0ef4c04d56b370af,Clc1ccc(Cl)c(Cl)c1,hydration_free_energy,kcal/mol,train,c1ccccc1,-1.1200000047683716,-1.255260003566756,-10.749771975398081,8.23925196826457,scaffold,2032,rf_rdkit_morgan,random_forest,rdkit+morgan,none,77abfcdbb281d08df2e9fb09cf84b2a648ea9008
freesolv,23c0e090ee47408a,Clc1ccc(Cl)c(Cl)c1Cl,hydration_free_energy,kcal/mol,train,c1ccccc1,-1.340000033378601,-1.5035400236546879,-10.998051995486014,7.990971948176638,scaffold,2032,rf_rdkit_morgan,random_forest,rdkit+morgan,none,77abfcdbb281d08df2e9fb09cf84b2a648ea9008
freesolv,7d123d1b480ae7d0,Clc1ccc(Cl)cc1,hydration_free_energy,kcal/mol,train,c1ccccc1,-1.0099999904632568,-1.1713999947458515,-10.665911966577177,8.323111977085475,scaffold,2032,rf_rdkit_morgan,random_forest,rdkit+morgan,none,77abfcdbb281d08df2e9fb09cf84b2a648ea9008
freesolv,885ce1f8c2708f29,Clc1ccc2c(c1)Oc1c(Cl)c(Cl)c(Cl)c(Cl)c1O2,hydration_free_energy,kcal/mol,test,c1ccc2c(c1)Oc1ccccc1O2,-4.150000095367432,-5.292639997243879,-14.787151969075204,4.201871974587447,scaffold,2032,rf_rdkit_morgan,random_forest,rdkit+morgan,none,77abfcdbb281d08df2e9fb09cf84b2a648ea9008
freesolv,74dd2e07b6c4a121,Clc1ccc2c(c1)Oc1cc(Cl)c(Cl)c(Cl)c1O2,hydration_free_energy,kcal/mol,test,c1ccc2c(c1)Oc1ccccc1O2,-3.8399999141693115,-5.289359995514152,-14.783871967345478,4.205151976317174,scaffold,2032,rf_rdkit_morgan,random_forest,rdkit+morgan,none,77abfcdbb281d08df2e9fb09cf84b2a648ea9008
freesolv,cd4e7053a74ca64b,Clc1ccc2c(c1)Oc1ccc(Cl)cc1O2,hydration_free_energy,kcal/mol,test,c1ccc2c(c1)Oc1ccccc1O2,-3.6700000762939453,-5.110980010688306,-14.60549198251963,4.38353196114302,scaffold,2032,rf_rdkit_morgan,random_forest,rdkit+morgan,none,77abfcdbb281d08df2e9fb09cf84b2a648ea9008
freesolv,2bd39b933f024feb,Clc1ccc2c(c1)Oc1ccccc1O2,hydration_free_energy,kcal/mol,test,c1ccc2c(c1)Oc1ccccc1O2,-3.0999999046325684,-5.007080000281333,-14.50159197211266,4.487431971549992,scaffold,2032,rf_rdkit_morgan,random_forest,rdkit+morgan,none,77abfcdbb281d08df2e9fb09cf84b2a648ea9008
freesolv,566718c24572a00b,Clc1cccc(Cl)c1,hydration_free_energy,kcal/mol,train,c1ccccc1,-0.9800000190734863,-1.129140010595321,-10.623651982426647,8.365371961236004,scaffold,2032,rf_rdkit_morgan,random_forest,rdkit+morgan,none,77abfcdbb281d08df2e9fb09cf84b2a648ea9008
freesolv,f2cab0904fd16aa2,Clc1cccc(Cl)c1-c1c(Cl)cccc1Cl,hydration_free_energy,kcal/mol,calibration,c1ccc(-c2ccccc2)cc1,-2.2799999713897705,-2.6244799924194813,-12.118991964250807,6.870031979411845,scaffold,2032,rf_rdkit_morgan,random_forest,rdkit+morgan,none,77abfcdbb281d08df2e9fb09cf84b2a648ea9008
freesolv,1ad603575e0ebfa7,Clc1cccc(Cl)c1Cl,hydration_free_energy,kcal/mol,train,c1ccccc1,-1.2400000095367432,-1.3196000088453383,-10.814111980676664,8.174911962985988,scaffold,2032,rf_rdkit_morgan,random_forest,rdkit+morgan,none,77abfcdbb281d08df2e9fb09cf84b2a648ea9008
freesolv,785e578bba1163db,Clc1cccc2c1Oc1ccccc1O2,hydration_free_energy,kcal/mol,test,c1ccc2c(c1)Oc1ccccc1O2,-3.5199999809265137,-4.912699995070696,-14.407211966902022,4.58181197676063,scaffold,2032,rf_rdkit_morgan,random_forest,rdkit+morgan,none,77abfcdbb281d08df2e9fb09cf84b2a648ea9008
freesolv,69ec888ea256144d,Clc1ccccc1,hydration_free_energy,kcal/mol,train,c1ccccc1,-1.1200000047683716,-1.2740500003546602,-10.768561972185985,8.220461971476666,scaffold,2032,rf_rdkit_morgan,random_forest,rdkit+morgan,none,77abfcdbb281d08df2e9fb09cf84b2a648ea9008
freesolv,2ec9810d47af9e60,Clc1ccccc1-c1ccccc1,hydration_free_energy,kcal/mol,calibration,c1ccc(-c2ccccc2)cc1,-2.690000057220459,-2.3148480052866027,-11.809359977117929,7.179663966544723,scaffold,2032,rf_rdkit_morgan,random_forest,rdkit+morgan,none,77abfcdbb281d08df2e9fb09cf84b2a648ea9008
freesolv,39661093e01fca7b,Clc1ccccc1Cl,hydration_free_energy,kcal/mol,train,c1ccccc1,-1.3600000143051147,-1.3354400082081634,-10.829951980039489,8.159071963623163,scaffold,2032,rf_rdkit_morgan,random_forest,rdkit+morgan,none,77abfcdbb281d08df2e9fb09cf84b2a648ea9008
freesolv,4379d39c87f9b6f0,Clc1ccccn1,hydration_free_energy,kcal/mol,validation,c1ccncc1,-4.389999866485596,-3.02933999492228,-12.523851966753606,6.465171976909046,scaffold,2032,rf_rdkit_morgan,random_forest,rdkit+morgan,none,77abfcdbb281d08df2e9fb09cf84b2a648ea9008
freesolv,78ea6fc26ce7e63c,Clc1cccnc1,hydration_free_energy,kcal/mol,validation,c1ccncc1,-4.010000228881836,-3.1134200003892185,-12.607931972220545,6.381091971442107,scaffold,2032,rf_rdkit_morgan,random_forest,rdkit+morgan,none,77abfcdbb281d08df2e9fb09cf84b2a648ea9008
freesolv,7baedb0930499b12,Cn1c(=O)c2c(ncn2C)n(C)c1=O,hydration_free_energy,kcal/mol,calibration,O=c1[nH]c(=O)c2[nH]cnc2[nH]1,-12.640000343322754,-6.022980013087391,-15.517491984918717,3.4715319587439346,scaffold,2032,rf_rdkit_morgan,random_forest,rdkit+morgan,none,77abfcdbb281d08df2e9fb09cf84b2a648ea9008
freesolv,6432ca91307da26e,Cn1cccc1,hydration_free_energy,kcal/mol,test,c1cc[nH]c1,-2.890000104904175,-2.1343500044792894,-11.628861976310615,7.360161967352036,scaffold,2032,rf_rdkit_morgan,random_forest,rdkit+morgan,none,77abfcdbb281d08df2e9fb09cf84b2a648ea9008
freesolv,a9d61a9eba10cf50,Cn1ccnc1,hydration_free_energy,kcal/mol,test,c1c[nH]cn1,-8.40999984741211,-3.5052000023350116,-12.999711974166338,5.989311969496314,scaffold,2032,rf_rdkit_morgan,random_forest,rdkit+morgan,none,77abfcdbb281d08df2e9fb09cf84b2a648ea9008
freesolv,908ab04466374d9d,FC(F)(Cl)C(F)(Cl)Cl,hydration_free_energy,kcal/mol,train,,1.7699999809265137,0.8918199898526011,-8.602691981978724,10.386331961683927,scaffold,2032,rf_rdkit_morgan,random_forest,rdkit+morgan,none,77abfcdbb281d08df2e9fb09cf84b2a648ea9008
freesolv,f39816aba1ecf31f,FC(F)(F)Br,hydration_free_energy,kcal/mol,train,,1.7899999618530273,0.8454499768130561,-8.64906199501827,10.339961948644381,scaffold,2032,rf_rdkit_morgan,random_forest,rdkit+morgan,none,77abfcdbb281d08df2e9fb09cf84b2a648ea9008
freesolv,d47c13a6f52d42a9,FC(F)(F)CCl,hydration_free_energy,kcal/mol,train,,0.05999999865889549,-0.1702400000691182,-9.664751971900444,9.324271971762208,scaffold,2032,rf_rdkit_morgan,random_forest,rdkit+morgan,none,77abfcdbb281d08df2e9fb09cf84b2a648ea9008
freesolv,4f805e6dc0bb19f3,FC(F)(F)F,hydration_free_energy,kcal/mol,train,,3.119999885559082,1.908266599971832,-7.586245371859494,11.402778571803157,scaffold,2032,rf_rdkit_morgan,random_forest,rdkit+morgan,none,77abfcdbb281d08df2e9fb09cf84b2a648ea9008
freesolv,e087d5496692127a,FC(F)(F)[C@H](Cl)Br,hydration_free_energy,kcal/mol,train,,-0.10999999940395355,-0.0855599991157634,-9.580071970947088,9.408951972715563,scaffold,2032,rf_rdkit_morgan,random_forest,rdkit+morgan,none,77abfcdbb281d08df2e9fb09cf84b2a648ea9008
freesolv,e66e31556faf8723,FC(F)(F)c1cccc(C(F)(F)F)c1,hydration_free_energy,kcal/mol,train,c1ccccc1,1.0700000524520874,0.4486000439375526,-9.045911927893773,9.943112015768879,scaffold,2032,rf_rdkit_morgan,random_forest,rdkit+morgan,none,77abfcdbb281d08df2e9fb09cf84b2a648ea9008
freesolv,dcb976b5c332cdf8,FC(F)(F)c1ccccc1,hydration_free_energy,kcal/mol,train,c1ccccc1,-0.25,-0.5581199959069427,-10.052631967738268,8.936391975924384,scaffold,2032,rf_rdkit_morgan,random_forest,rdkit+morgan,none,77abfcdbb281d08df2e9fb09cf84b2a648ea9008
freesolv,e0c64c9ec3b5247b,FC(F)(F)c1ccccc1C(F)(F)F,hydration_free_energy,kcal/mol,train,c1ccccc1,1.0700000524520874,0.43518004075436734,-9.059331931076958,9.929692012585694,scaffold,2032,rf_rdkit_morgan,random_forest,rdkit+morgan,none,77abfcdbb281d08df2e9fb09cf84b2a648ea9008
freesolv,8c9c04ac1860cd6f,FC(F)=C(F)C(F)(F)F,hydration_free_energy,kcal/mol,train,,2.930000066757202,1.4228800365478054,-8.07163193528352,10.917392008379132,scaffold,2032,rf_rdkit_morgan,random_forest,rdkit+morgan,none,77abfcdbb281d08df2e9fb09cf84b2a648ea9008
freesolv,23594d220c24abf8,FC(F)Cl,hydration_free_energy,kcal/mol,train,,-0.5,-0.5423599994629638,-10.036871971294289,8.952151972368362,scaffold,2032,rf_rdkit_morgan,random_forest,rdkit+morgan,none,77abfcdbb281d08df2e9fb09cf84b2a648ea9008
freesolv,d7ca7e6b994e166f,FC(F)O[C@H](Cl)C(F)(F)F,hydration_free_energy,kcal/mol,train,,0.10000000149011612,-0.6217853279352274,-10.116297299766554,8.872726643896097,scaffold,2032,rf_rdkit_morgan,random_forest,rdkit+morgan,none,77abfcdbb281d08df2e9fb09cf84b2a648ea9008
freesolv,2c8bdbcd792f5b63,FC(F)[C@@H](F)Oc1ccccc1,hydration_free_energy,kcal/mol,train,c1ccccc1,-1.2899999618530273,-2.16957996901869,-11.664091940850016,7.324932002812636,scaffold,2032,rf_rdkit_morgan,random_forest,rdkit+morgan,none,77abfcdbb281d08df2e9fb09cf84b2a648ea9008
freesolv,96ea3ef9f2b367bd,FC1(F)C(F)(F)C(F)(F)C1(F)F,hydration_free_energy,kcal/mol,validation,C1CCC1,3.430000066757202,-0.9362240193590519,-10.430735991190378,8.558287952472273,scaffold,2032,rf_rdkit_morgan,random_forest,rdkit+morgan,none,77abfcdbb281d08df2e9fb09cf84b2a648ea9008
freesolv,8fdbbf5493dc7312,FCCl,hydration_free_energy,kcal/mol,train,,-0.7699999809265137,-1.0121199854984941,-10.50663195732982,8.482391986332832,scaffold,2032,rf_rdkit_morgan,random_forest,rdkit+morgan,none,77abfcdbb281d08df2e9fb09cf84b2a648ea9008
freesolv,364f4509284cca15,F[C@H](Br)C(F)(F)F,hydration_free_energy,kcal/mol,train,,0.5,0.13010666824879147,-9.364405303582535,9.624618640080117,scaffold,2032,rf_rdkit_morgan,random_forest,rdkit+morgan,none,77abfcdbb281d08df2e9fb09cf84b2a648ea9008
freesolv,7609d49f5493dda8,Fc1ccccc1,hydration_free_energy,kcal/mol,train,c1ccccc1,-0.800000011920929,-1.364420000977814,-10.85893197280914,8.130091970853512,scaffold,2032,rf_rdkit_morgan,random_forest,rdkit+morgan,none,77abfcdbb281d08df2e9fb09cf84b2a648ea9008
freesolv,2831ad6342d46d4c,ICI,hydration_free_energy,kcal/mol,train,,-2.490000009536743,-2.07071201209426,-11.565223983925586,7.423799959737066,scaffold,2032,rf_rdkit_morgan,random_forest,rdkit+morgan,none,77abfcdbb281d08df2e9fb09cf84b2a648ea9008
freesolv,768ab540d7f6bbaf,Ic1ccccc1,hydration_free_energy,kcal/mol,train,c1ccccc1,-1.7400000095367432,-1.717230009950688,-11.211741981782014,7.777281961880638,scaffold,2032,rf_rdkit_morgan,random_forest,rdkit+morgan,none,77abfcdbb281d08df2e9fb09cf84b2a648ea9008
freesolv,690a85bfd005509d,N,hydration_free_energy,kcal/mol,train,,-4.289999961853027,-4.288199997305874,-13.7827119691372,5.206311974525452,scaffold,2032,rf_rdkit_morgan,random_forest,rdkit+morgan,none,77abfcdbb281d08df2e9fb09cf84b2a648ea9008
freesolv,ed84655a813c2ca5,N#Cc1c(Cl)cccc1Cl,hydration_free_energy,kcal/mol,train,c1ccccc1,-4.710000038146973,-4.420500012397768,-13.915011984229093,5.074011959433558,scaffold,2032,rf_rdkit_morgan,random_forest,rdkit+morgan,none,77abfcdbb281d08df2e9fb09cf84b2a648ea9008
freesolv,51d65559d6656ecd,N#Cc1ccc(O)cc1,hydration_free_energy,kcal/mol,train,c1ccccc1,-10.170000076293945,-9.275240000724835,-18.76975197255616,0.21927197110649033,scaffold,2032,rf_rdkit_morgan,random_forest,rdkit+morgan,none,77abfcdbb281d08df2e9fb09cf84b2a648ea9008
freesolv,93f80fc3639971e8,N#Cc1cccc(O)c1,hydration_free_energy,kcal/mol,train,c1ccccc1,-9.649999618530273,-9.188059784650855,-18.682571756482183,0.3064521871804704,scaffold,2032,rf_rdkit_morgan,random_forest,rdkit+morgan,none,77abfcdbb281d08df2e9fb09cf84b2a648ea9008
freesolv,9cb88318f4e0cbfd,N#Cc1ccccc1,hydration_free_energy,kcal/mol,train,c1ccccc1,-4.099999904632568,-4.088159936666488,-13.582671908497813,5.406352035164838,scaffold,2032,rf_rdkit_morgan,random_forest,rdkit+morgan,none,77abfcdbb281d08df2e9fb09cf84b2a648ea9008
freesolv,ba3caebef2925f4d,N#Cc1cccnc1,hydration_free_energy,kcal/mol,validation,c1ccncc1,-6.75,-4.719179959297177,-14.213691931128503,4.7753320125341485,scaffold,2032,rf_rdkit_morgan,random_forest,rdkit+morgan,none,77abfcdbb281d08df2e9fb09cf84b2a648ea9008
freesolv,65eaf74ac87f48c4,N#Cc1ccncc1,hydration_free_energy,kcal/mol,validation,c1ccncc1,-6.019999980926514,-4.659459957003589,-14.153971928834915,4.8350520148277365,scaffold,2032,rf_rdkit_morgan,random_forest,rdkit+morgan,none,77abfcdbb281d08df2e9fb09cf84b2a648ea9008
freesolv,8c4e0b39823a21e5,NC(=O)c1ccccc1,hydration_free_energy,kcal/mol,train,c1ccccc1,-11.0,-9.659260005474103,-19.15377197730543,-0.1647480336427769,scaffold,2032,rf_rdkit_morgan,random_forest,rdkit+morgan,none,77abfcdbb281d08df2e9fb09cf84b2a648ea9008
freesolv,08f91f035163f756,NC1CCCCC1,hydration_free_energy,kcal/mol,calibration,C1CCCCC1,-4.590000152587891,-4.232996692426502,-13.727508664257828,5.261515279404824,scaffold,2032,rf_rdkit_morgan,random_forest,rdkit+morgan,none,77abfcdbb281d08df2e9fb09cf84b2a648ea9008
freesolv,24598c90512c15fe,NN,hydration_free_energy,kcal/mol,train,,-9.300000190734863,-7.143360125213858,-16.637872097045182,2.3511518466174675,scaffold,2032,rf_rdkit_morgan,random_forest,rdkit+morgan,none,77abfcdbb281d08df2e9fb09cf84b2a648ea9008
freesolv,79ea9304963003ea,Nc1ccc(Cl)cc1,hydration_free_energy,kcal/mol,train,c1ccccc1,-5.900000095367432,-5.631780075550064,-15.12629204738139,3.862731896281262,scaffold,2032,rf_rdkit_morgan,random_forest,rdkit+morgan,none,77abfcdbb281d08df2e9fb09cf84b2a648ea9008
freesolv,cec2f5b1aa5dde8d,Nc1ccc(N)c2c1C(=O)c1ccccc1C2=O,hydration_free_energy,kcal/mol,test,O=C1c2ccccc2C(=O)c2ccccc21,-11.850000381469727,-7.015340008020406,-16.50985197985173,2.47917196381092,scaffold,2032,rf_rdkit_morgan,random_forest,rdkit+morgan,none,77abfcdbb281d08df2e9fb09cf84b2a648ea9008
freesolv,6021efa297cbff65,Nc1ccc(O)c2c1C(=O)c1ccccc1C2=O,hydration_free_energy,kcal/mol,test,O=C1c2ccccc2C(=O)c2ccccc21,-9.529999732971191,-7.479520008921629,-16.974031980752954,2.014991962909697,scaffold,2032,rf_rdkit_morgan,random_forest,rdkit+morgan,none,77abfcdbb281d08df2e9fb09cf84b2a648ea9008
freesolv,60b8f7cdcc4cc001,Nc1ccc([N+](=O)[O-])cc1,hydration_free_energy,kcal/mol,train,c1ccccc1,-9.819999694824219,-9.110393161296827,-18.604905133128153,0.38411881053449903,scaffold,2032,rf_rdkit_morgan,random_forest,rdkit+morgan,none,77abfcdbb281d08df2e9fb09cf84b2a648ea9008
freesolv,6dbfb544dc921040,Nc1ccc2c(c1)C(=O)c1ccccc1C2=O,hydration_free_energy,kcal/mol,test,O=C1c2ccccc2C(=O)c2ccccc21,-11.529999732971191,-7.091664008879663,-16.58617598071099,2.402847962951663,scaffold,2032,rf_rdkit_morgan,random_forest,rdkit+morgan,none,77abfcdbb281d08df2e9fb09cf84b2a648ea9008
freesolv,151a28867ddf1a05,Nc1ccc2ccccc2c1,hydration_free_energy,kcal/mol,test,c1ccc2ccccc2c1,-7.46999979019165,-5.197060012564062,-14.691571984395388,4.2974519592672635,scaffold,2032,rf_rdkit_morgan,random_forest,rdkit+morgan,none,77abfcdbb281d08df2e9fb09cf84b2a648ea9008
freesolv,085acb392fb3c214,Nc1cccc(Cl)c1,hydration_free_energy,kcal/mol,train,c1ccccc1,-5.820000171661377,-5.537380103349677,-15.031892075181002,3.9571318684816488,scaffold,2032,rf_rdkit_morgan,random_forest,rdkit+morgan,none,77abfcdbb281d08df2e9fb09cf84b2a648ea9008
freesolv,e1aa0c9f03e27245,Nc1cccc([N+](=O)[O-])c1,hydration_free_energy,kcal/mol,train,c1ccccc1,-8.84000015258789,-8.6283800578117,-18.122892029643026,0.8661319140196255,scaffold,2032,rf_rdkit_morgan,random_forest,rdkit+morgan,none,77abfcdbb281d08df2e9fb09cf84b2a648ea9008
freesolv,77fa39daade7a2ed,Nc1cccc2c1C(=O)c1ccccc1C2=O,hydration_free_energy,kcal/mol,test,O=C1c2ccccc2C(=O)c2ccccc21,-9.4399995803833,-7.083644006454948,-16.578155978286276,2.4108679653763776,scaffold,2032,rf_rdkit_morgan,random_forest,rdkit+morgan,none,77abfcdbb281d08df2e9fb09cf84b2a648ea9008
freesolv,c7df2333181b5728,Nc1cccc2ccccc12,hydration_free_energy,kcal/mol,test,c1ccc2ccccc2c1,-7.28000020980835,-5.113880011882632,-14.608391983713958,4.380631959948694,scaffold,2032,rf_rdkit_morgan,random_forest,rdkit+morgan,none,77abfcdbb281d08df2e9fb09cf84b2a648ea9008
freesolv,8df927d11f3ed1df,Nc1ccccc1,hydration_free_energy,kcal/mol,train,c1ccccc1,-5.489999771118164,-5.353659885525713,-14.848171857357038,4.140852086305613,scaffold,2032,rf_rdkit_morgan,random_forest,rdkit+morgan,none,77abfcdbb281d08df2e9fb09cf84b2a648ea9008
freesolv,47d345a94a412d55,Nc1ccccc1Cl,hydration_free_energy,kcal/mol,train,c1ccccc1,-4.909999847412109,-5.0320679380029345,-14.526579909834261,4.462444033828391,scaffold,2032,rf_rdkit_morgan,random_forest,rdkit+morgan,none,77abfcdbb281d08df2e9fb09cf84b2a648ea9008
freesolv,793b8d33b3567aa6,Nc1ccccc1[N+](=O)[O-],hydration_free_energy,kcal/mol,train,c1ccccc1,-7.369999885559082,-7.316239923000353,-16.81075189483168,2.178272048830973,scaffold,2032,rf_rdkit_morgan,random_forest,rdkit+morgan,none,77abfcdbb281d08df2e9fb09cf84b2a648ea9008
freesolv,e735fff07d370f67,Nc1cnn(-c2ccccc2)c(=O)c1Cl,hydration_free_energy,kcal/mol,calibration,O=c1cccnn1-c1ccccc1,-16.43000030517578,-6.9354883333444555,-16.43000030517578,2.5590236384868703,scaffold,2032,rf_rdkit_morgan,random_forest,rdkit+morgan,none,77abfcdbb281d08df2e9fb09cf84b2a648ea9008
freesolv,3085b87749974b25,O=C(O)c1cc(-c2ccc(F)cc2F)ccc1O,hydration_free_energy,kcal/mol,calibration,c1ccc(-c2ccccc2)cc1,-9.399999618530273,-7.877499990582473,-17.3720119624138,1.6170119812488526,scaffold,2032,rf_rdkit_morgan,random_forest,rdkit+morgan,none,77abfcdbb281d08df2e9fb09cf84b2a648ea9008
freesolv,ac7b3ba276fd0c1f,O=C1C=CC(=O)C=C1,hydration_free_energy,kcal/mol,test,O=C1C=CC(=O)C=C1,-6.5,-4.418929976545275,-13.913441948376601,5.075581995286051,scaffold,2032,rf_rdkit_morgan,random_forest,rdkit+morgan,none,77abfcdbb281d08df2e9fb09cf84b2a648ea9008
freesolv,efaecaee941d65ec,O=C1CCCC1,hydration_free_energy,kcal/mol,calibration,O=C1CCCC1,-4.699999809265137,-3.6983866771012526,-13.192898648932578,5.796125294730073,scaffold,2032,rf_rdkit_morgan,random_forest,rdkit+morgan,none,77abfcdbb281d08df2e9fb09cf84b2a648ea9008
freesolv,a257b754cb4a6804,O=C1CCCCC1,hydration_free_energy,kcal/mol,validation,O=C1CCCCC1,-4.909999847412109,-3.4948866771087057,-12.989398648940032,5.99962529472262,scaffold,2032,rf_rdkit_morgan,random_forest,rdkit+morgan,none,77abfcdbb281d08df2e9fb09cf84b2a648ea9008
freesolv,5d150ad954af7bcd,O=C1NC(=O)c2ccccc21,hydration_free_energy,kcal/mol,calibration,O=C1NC(=O)c2ccccc21,-9.609999656677246,-6.650800005868076,-16.1453119776994,2.8437119659632497,scaffold,2032,rf_rdkit_morgan,random_forest,rdkit+morgan,none,77abfcdbb281d08df2e9fb09cf84b2a648ea9008
freesolv,bcdd6b15f2dd6f08,O=C1[C@@H]2CC=CC[C@H]2C(=O)N1SC(Cl)(Cl)Cl,hydration_free_energy,kcal/mol,test,O=C1NC(=O)C2CC=CCC12,-9.010000228881836,-5.495704003819823,-14.990215975651148,3.998807968011503,scaffold,2032,rf_rdkit_morgan,random_forest,rdkit+morgan,none,77abfcdbb281d08df2e9fb09cf84b2a648ea9008
freesolv,a06e4a64d1733212,O=C1c2ccccc2C(=O)c2c(NCCO)cccc21,hydration_free_energy,kcal/mol,test,O=C1c2ccccc2C(=O)c2ccccc21,-14.210000038146973,-7.388160013377675,-16.882671985209,2.1063519584536508,scaffold,2032,rf_rdkit_morgan,random_forest,rdkit+morgan,none,77abfcdbb281d08df2e9fb09cf84b2a648ea9008
freesolv,373fcfa90050910c,O=COc1ccccc1,hydration_free_energy,kcal/mol,train,c1ccccc1,-3.819999933242798,-4.138859955668446,-13.633371927499772,5.35565201616288,scaffold,2032,rf_rdkit_morgan,random_forest,rdkit+morgan,none,77abfcdbb281d08df2e9fb09cf84b2a648ea9008
freesolv,0834789a38b4d862,O=Cc1ccc(O)cc1,hydration_free_energy,kcal/mol,train,c1ccccc1,-8.829999923706055,-8.4868000097275,-17.981311981558825,1.0077119621038264,scaffold,2032,rf_rdkit_morgan,random_forest,rdkit+morgan,none,77abfcdbb281d08df2e9fb09cf84b2a648ea9008
freesolv,cdcde67484b661eb,O=Cc1cccc(O)c1,hydration_free_energy,kcal/mol,train,c1ccccc1,-9.520000457763672,-8.765680268287628,-18.260192240118954,0.7288317035436975,scaffold,2032,rf_rdkit_morgan,random_forest,rdkit+morgan,none,77abfcdbb281d08df2e9fb09cf84b2a648ea9008
freesolv,958acf4ebef097af,O=Cc1ccccc1,hydration_free_energy,kcal/mol,train,c1ccccc1,-4.019999980926514,-4.049259980320928,-13.543771952152253,5.445251991510398,scaffold,2032,rf_rdkit_morgan,random_forest,rdkit+morgan,none,77abfcdbb281d08df2e9fb09cf84b2a648ea9008
freesolv,936d7c3754abed80,O=Cc1ccccc1O,hydration_free_energy,kcal/mol,train,c1ccccc1,-4.679999828338623,-5.888419946908959,-15.382931918740285,3.6060920249223667,scaffold,2032,rf_rdkit_morgan,random_forest,rdkit+morgan,none,77abfcdbb281d08df2e9fb09cf84b2a648ea9008
freesolv,edd708f27f82cb10,O=Cc1cccnc1,hydration_free_energy,kcal/mol,validation,c1ccncc1,-7.099999904632568,-4.655779987663031,-14.150291959494357,4.8387319841682945,scaffold,2032,rf_rdkit_morgan,random_forest,rdkit+morgan,none,77abfcdbb281d08df2e9fb09cf84b2a648ea9008
freesolv,ea971b24f0d35a80,O=Cc1ccncc1,hydration_free_energy,kcal/mol,validation,c1ccncc1,-7.0,-4.619639981389046,-14.114151953220372,4.87487199044228,scaffold,2032,rf_rdkit_morgan,random_forest,rdkit+morgan,none,77abfcdbb281d08df2e9fb09cf84b2a648ea9008
freesolv,7ad65a67ffa70f4b,O=S1OC[C@@H]2[C@H](CO1)[C@]1(Cl)C(Cl)=C(Cl)[C@@]2(Cl)C1(Cl)Cl,hydration_free_energy,kcal/mol,validation,O=S1OCC2C3C=CC(C3)C2CO1,-4.230000019073486,-5.951119996771217,-15.445631968602543,3.543391975060109,scaffold,2032,rf_rdkit_morgan,random_forest,rdkit+morgan,none,77abfcdbb281d08df2e9fb09cf84b2a648ea9008
freesolv,92bc713f6762c1df,O=[N+]([O-])C(Cl)(Cl)Cl,hydration_free_energy,kcal/mol,train,,-1.4500000476837158,-2.128360022440556,-11.622871994271883,7.36615194939077,scaffold,2032,rf_rdkit_morgan,random_forest,rdkit+morgan,none,77abfcdbb281d08df2e9fb09cf84b2a648ea9008
freesolv,18b4905fa7a9467f,O=[N+]([O-])OCCCO[N+](=O)[O-],hydration_free_energy,kcal/mol,train,,-4.800000190734863,-4.947840122222902,-14.442352094054229,4.5466718496084235,scaffold,2032,rf_rdkit_morgan,random_forest,rdkit+morgan,none,77abfcdbb281d08df2e9fb09cf84b2a648ea9008
freesolv,8c7197a6424e71e3,O=[N+]([O-])OCCO,hydration_free_energy,kcal/mol,train,,-8.180000305175781,-7.466260192751893,-16.96077216458322,2.028251779079433,scaffold,2032,rf_rdkit_morgan,random_forest,rdkit+morgan,none,77abfcdbb281d08df2e9fb09cf84b2a648ea9008
freesolv,3f211c1bf953b801,O=[N+]([O-])OCCO[N+](=O)[O-],hydration_free_energy,kcal/mol,train,,-5.730000019073486,-5.502400028467165,-14.99691200029849,3.9921119433641605,scaffold,2032,rf_rdkit_morgan,random_forest,rdkit+morgan,none,77abfcdbb281d08df2e9fb09cf84b2a648ea9008
freesolv,c7b90e22bebd2485,O=[N+]([O-])c1c(Cl)c(Cl)c(Cl)c(Cl)c1Cl,hydration_free_energy,kcal/mol,train,c1ccccc1,-5.21999979019165,-5.024899872481811,-14.519411844313137,4.469612099349515,scaffold,2032,rf_rdkit_morgan,random_forest,rdkit+morgan,none,77abfcdbb281d08df2e9fb09cf84b2a648ea9008
freesolv,819d0d9fd216fcd8,O=[N+]([O-])c1ccc(O)cc1,hydration_free_energy,kcal/mol,train,c1ccccc1,-10.640000343322754,-9.771760197639418,-19.266272169470746,-0.2772482258080924,scaffold,2032,rf_rdkit_morgan,random_forest,rdkit+morgan,none,77abfcdbb281d08df2e9fb09cf84b2a648ea9008
freesolv,f49e79a6c87b1ffc,O=[N+]([O-])c1cccc(O)c1,hydration_free_energy,kcal/mol,train,c1ccccc1,-9.619999885559082,-9.082799955606426,-18.57731192743775,0.41171201622490017,scaffold,2032,rf_rdkit_morgan,random_forest,rdkit+morgan,none,77abfcdbb281d08df2e9fb09cf84b2a648ea9008
freesolv,2f207849e668e96f,O=[N+]([O-])c1ccccc1,hydration_free_energy,kcal/mol,train,c1ccccc1,-4.119999885559082,-4.606779924750333,-14.101291896581658,4.887732047080993,scaffold,2032,rf_rdkit_morgan,random_forest,rdkit+morgan,none,77abfcdbb281d08df2e9fb09cf84b2a648ea9008
freesolv,2e397c61ab395a28,O=[N+]([O-])c1ccccc1O,hydration_free_energy,kcal/mol,train,c1ccccc1,-4.579999923706055,-5.766459950923915,-15.26097192275524,3.728052020907411,scaffold,2032,rf_rdkit_morgan,random_forest,rdkit+morgan,none,77abfcdbb281d08df2e9fb09cf84b2a648ea9008
freesolv,573bd8a61399ae31,O=c1[nH]c(=O)[nH]c(=O)[nH]1,hydration_free_energy,kcal/mol,calibration,O=c1[nH]c(=O)[nH]c(=O)[nH]1,-18.059999465942383,-6.160280030578374,-15.6547920024097,3.334231941252952,scaffold,2032,rf_rdkit_morgan,random_forest,rdkit+morgan,none,77abfcdbb281d08df2e9fb09cf84b2a648ea9008
freesolv,cddfd0f06e81b8b1,O=c1[nH]cc(Br)c(=O)[nH]1,hydration_free_energy,kcal/mol,validation,O=c1cc[nH]c(=O)[nH]1,-18.170000076293945,-5.676893346261233,-15.171405318092559,3.817618625570093,scaffold,2032,rf_rdkit_morgan,random_forest,rdkit+morgan,none,77abfcdbb281d08df2e9fb09cf84b2a648ea9008
freesolv,2072aaa51fe60a41,O=c1[nH]cc(C(F)(F)F)c(=O)[nH]1,hydration_free_energy,kcal/mol,validation,O=c1cc[nH]c(=O)[nH]1,-15.460000038146973,-5.012181309486927,-14.506693281318253,4.482330662344399,scaffold,2032,rf_rdkit_morgan,random_forest,rdkit+morgan,none,77abfcdbb281d08df2e9fb09cf84b2a648ea9008
freesolv,b20d78724d54723c,O=c1[nH]cc(Cl)c(=O)[nH]1,hydration_free_energy,kcal/mol,validation,O=c1cc[nH]c(=O)[nH]1,-17.739999771118164,-5.8824600087702255,-15.376971980601551,3.6120519630611003,scaffold,2032,rf_rdkit_morgan,random_forest,rdkit+morgan,none,77abfcdbb281d08df2e9fb09cf84b2a648ea9008
freesolv,fa4b084349774829,O=c1[nH]cc(F)c(=O)[nH]1,hydration_free_energy,kcal/mol,validation,O=c1cc[nH]c(=O)[nH]1,-16.920000076293945,-5.882319990701974,-15.376831962533299,3.612191981129352,scaffold,2032,rf_rdkit_morgan,random_forest,rdkit+morgan,none,77abfcdbb281d08df2e9fb09cf84b2a648ea9008
freesolv,f6ac8e5a51fd9b52,O=c1[nH]cc(I)c(=O)[nH]1,hydration_free_energy,kcal/mol,validation,O=c1cc[nH]c(=O)[nH]1,-18.719999313354492,-5.8843733447194095,-15.378885316550736,3.6101386271119162,scaffold,2032,rf_rdkit_morgan,random_forest,rdkit+morgan,none,77abfcdbb281d08df2e9fb09cf84b2a648ea9008
freesolv,05f89cf62c049133,O=c1cc(Cl)[nH]c(=O)[nH]1,hydration_free_energy,kcal/mol,validation,O=c1cc[nH]c(=O)[nH]1,-15.829999923706055,-5.684100003279745,-15.178611975111071,3.8104119685515805,scaffold,2032,rf_rdkit_morgan,random_forest,rdkit+morgan,none,77abfcdbb281d08df2e9fb09cf84b2a648ea9008
freesolv,79191f708aac72af,OC1CCCC1,hydration_free_energy,kcal/mol,calibration,C1CCCC1,-5.489999771118164,-4.828389988978209,-14.322901960809535,4.666121982853117,scaffold,2032,rf_rdkit_morgan,random_forest,rdkit+morgan,none,77abfcdbb281d08df2e9fb09cf84b2a648ea9008
freesolv,13bf59087e3f76ff,OC1CCCCC1,hydration_free_energy,kcal/mol,calibration,C1CCCCC1,-5.460000038146973,-4.7508560099750765,-14.245367981806403,4.743655961856249,scaffold,2032,rf_rdkit_morgan,random_forest,rdkit+morgan,none,77abfcdbb281d08df2e9fb09cf84b2a648ea9008
freesolv,3a6088586348cf7f,OC1CCCCCC1,hydration_free_energy,kcal/mol,calibration,C1CCCCCC1,-5.480000019073486,-4.63572201808989,-14.130233989921216,4.858789953741436,scaffold,2032,rf_rdkit_morgan,random_forest,rdkit+morgan,none,77abfcdbb281d08df2e9fb09cf84b2a648ea9008
freesolv,687a2dc922ea1a36,OCC(F)(F)F,hydration_free_energy,kcal/mol,train,,-4.309999942779541,-4.52590328805148,-14.020415259882807,4.968608683779846,scaffold,2032,rf_rdkit_morgan,random_forest,rdkit+morgan,none,77abfcdbb281d08df2e9fb09cf84b2a648ea9008
freesolv,7817e0695a0a58ee,OCC(O)CO,hydration_free_energy,kcal/mol,train,,-13.430000305175781,-11.115313557028792,-20.609825528860117,-1.6208015851974658,scaffold,2032,rf_rdkit_morgan,random_forest,rdkit+morgan,none,77abfcdbb281d08df2e9fb09cf84b2a648ea9008
freesolv,da60db9636ea1107,OCCCc1ccccc1,hydration_free_energy,kcal/mol,train,c1ccccc1,-6.920000076293945,-6.422619043850922,-15.917131015682248,3.0718929279804037,scaffold,2032,rf_rdkit_morgan,random_forest,rdkit+morgan,none,77abfcdbb281d08df2e9fb09cf84b2a648ea9008
freesolv,5c3c2680787458c1,OCCO,hydration_free_energy,kcal/mol,train,,-9.300000190734863,-8.078701460647599,-17.573213432478923,1.415810511183727,scaffold,2032,rf_rdkit_morgan,random_forest,rdkit+morgan,none,77abfcdbb281d08df2e9fb09cf84b2a648ea9008
freesolv,cc6267fd5c207d0f,OCCc1ccccc1,hydration_free_energy,kcal/mol,train,c1ccccc1,-6.789999961853027,-6.428729978501804,-15.923241950333129,3.065781993329522,scaffold,2032,rf_rdkit_morgan,random_forest,rdkit+morgan,none,77abfcdbb281d08df2e9fb09cf84b2a648ea9008
freesolv,3fc407fd83f57079,OC[C@@H](O)[C@@H](O)[C@H](O)[C@H](O)CO,hydration_free_energy,kcal/mol,train,,-23.6200008392334,-17.23963854219321,-26.734150514024535,-7.745126570361883,scaffold,2032,rf_rdkit_morgan,random_forest,rdkit+morgan,none,77abfcdbb281d08df2e9fb09cf84b2a648ea9008
freesolv,70fe802de633ac06,OC[C@H]1O[C@@H](O)[C@H](O)[C@@H](O)[C@@H]1O,hydration_free_energy,kcal/mol,calibration,C1CCOCC1,-25.469999313354492,-11.612048944216966,-21.10656091604829,-2.11753697238564,scaffold,2032,rf_rdkit_morgan,random_forest,rdkit+morgan,none,77abfcdbb281d08df2e9fb09cf84b2a648ea9008
freesolv,9aba038d3f4200a5,OCc1ccccc1,hydration_free_energy,kcal/mol,train,c1ccccc1,-6.619999885559082,-6.38900792770386,-15.883519899535186,3.105504044127466,scaffold,2032,rf_rdkit_morgan,random_forest,rdkit+morgan,none,77abfcdbb281d08df2e9fb09cf84b2a648ea9008
freesolv,a567f2cbddf29886,O[C@@H]1[C@@H](O)[C@@H](O)OC[C@H]1O,hydration_free_energy,kcal/mol,calibration,C1CCOCC1,-20.520000457763672,-9.536104516258833,-19.03061648809016,-0.04159254442750715,scaffold,2032,rf_rdkit_morgan,random_forest,rdkit+morgan,none,77abfcdbb281d08df2e9fb09cf84b2a648ea9008
freesolv,67dc214c51fbc83b,Oc1ccc(Br)cc1,hydration_free_energy,kcal/mol,train,c1ccccc1,-5.849999904632568,-5.990899949193016,-15.485411921024342,3.5036120226383094,scaffold,2032,rf_rdkit_morgan,random_forest,rdkit+morgan,none,77abfcdbb281d08df2e9fb09cf84b2a648ea9008
freesolv,b996f9741fc5cff6,Oc1ccc(Cl)c(Cl)c1,hydration_free_energy,kcal/mol,train,c1ccccc1,-7.289999961853027,-6.999699976682665,-16.494211948513993,2.4948119951486607,scaffold,2032,rf_rdkit_morgan,random_forest,rdkit+morgan,none,77abfcdbb281d08df2e9fb09cf84b2a648ea9008
freesolv,1aa838762f1917bf,Oc1ccc(Cl)cc1,hydration_free_energy,kcal/mol,train,c1ccccc1,-7.03000020980835,-6.7830201354026585,-16.277532107233984,2.7114918364286673,scaffold,2032,rf_rdkit_morgan,random_forest,rdkit+morgan,none,77abfcdbb281d08df2e9fb09cf84b2a648ea9008
freesolv,e2864dba67ef283d,Oc1ccc(F)cc1,hydration_free_energy,kcal/mol,train,c1ccccc1,-6.190000057220459,-6.177580045938512,-15.672092017769838,3.3169319258928134,scaffold,2032,rf_rdkit_morgan,random_forest,rdkit+morgan,none,77abfcdbb281d08df2e9fb09cf84b2a648ea9008
freesolv,7f518d93e9c142c0,Oc1ccc2ccccc2c1,hydration_free_energy,kcal/mol,test,c1ccc2ccccc2c1,-8.109999656677246,-6.304239979833368,-15.798751951664695,3.1902719919979576,scaffold,2032,rf_rdkit_morgan,random_forest,rdkit+morgan,none,77abfcdbb281d08df2e9fb09cf84b2a648ea9008
freesolv,cbbe38134650c076,Oc1cccc(Cl)c1,hydration_free_energy,kcal/mol,train,c1ccccc1,-6.619999885559082,-6.567859954595566,-16.06237192642689,2.92665201723576,scaffold,2032,rf_rdkit_morgan,random_forest,rdkit+morgan,none,77abfcdbb281d08df2e9fb09cf84b2a648ea9008
freesolv,988ca1a38a1581f9,Oc1cccc2ccccc12,hydration_free_energy,kcal/mol,test,c1ccc2ccccc2c1,-7.670000076293945,-5.831419986501336,-15.325931958332662,3.6630919853299897,scaffold,2032,rf_rdkit_morgan,random_forest,rdkit+morgan,none,77abfcdbb281d08df2e9fb09cf84b2a648ea9008
freesolv,3800b14c418b69c5,Oc1ccccc1,hydration_free_energy,kcal/mol,train,c1ccccc1,-6.599999904632568,-6.238139929354185,-15.73265190118551,3.2563720424771407,scaffold,2032,rf_rdkit_morgan,random_forest,rdkit+morgan,none,77abfcdbb281d08df2e9fb09cf84b2a648ea9008
freesolv,9bf03d8ccdb3c64c,Oc1ccccc1Cl,hydration_free_energy,kcal/mol,train,c1ccccc1,-4.550000190734863,-5.235900106668468,-14.730412078499793,4.258611865162858,scaffold,2032,rf_rdkit_morgan,random_forest,rdkit+morgan,none,77abfcdbb281d08df2e9fb09cf84b2a648ea9008
freesolv,aedc78ece946d401,Oc1ccccc1F,hydration_free_energy,kcal/mol,train,c1ccccc1,-5.289999961853027,-5.419069985866557,-14.913581957697883,4.075441985964769,scaffold,2032,rf_rdkit_morgan,random_forest,rdkit+morgan,none,77abfcdbb281d08df2e9fb09cf84b2a648ea9008
freesolv,d3b87da98c67562d,Oc1ccccc1I,hydration_free_energy,kcal/mol,train,c1ccccc1,-6.199999809265137,-5.932719891667361,-15.427231863498687,3.561792080163965,scaffold,2032,rf_rdkit_morgan,random_forest,rdkit+morgan,none,77abfcdbb281d08df2e9fb09cf84b2a648ea9008
freesolv,3a126e2a44c3887a,S,hydration_free_energy,kcal/mol,train,,-0.699999988079071,-0.866819995090351,-10.361331966921677,8.627691976740975,scaffold,2032,rf_rdkit_morgan,random_forest,rdkit+morgan,none,77abfcdbb281d08df2e9fb09cf84b2a648ea9008
freesolv,371a5e389c8c0955,Sc1ccccc1,hydration_free_energy,kcal/mol,train,c1ccccc1,-2.549999952316284,-2.3100699726045124,-11.804581944435839,7.184441999226813,scaffold,2032,rf_rdkit_morgan,random_forest,rdkit+morgan,none,77abfcdbb281d08df2e9fb09cf84b2a648ea9008
freesolv,642af2bc8b818bc9,[O-][S+2]1([O-])CCCC1,hydration_free_energy,kcal/mol,test,C1CC[SH2+2]C1,-8.609999656677246,-5.044366663169115,-14.53887863500044,4.4501453086622105,scaffold,2032,rf_rdkit_morgan,random_forest,rdkit+morgan,none,77abfcdbb281d08df2e9fb09cf84b2a648ea9008
freesolv,f099726b50ba9b25,c1c[nH]cn1,hydration_free_energy,kcal/mol,test,c1c[nH]cn1,-9.630000114440918,-4.4799200129807,-13.974431984812025,5.014591958850626,scaffold,2032,rf_rdkit_morgan,random_forest,rdkit+morgan,none,77abfcdbb281d08df2e9fb09cf84b2a648ea9008
freesolv,98f5a3867d0fbe7a,c1cc2c3c(cccc3c1)CC2,hydration_free_energy,kcal/mol,test,c1cc2c3c(cccc3c1)CC2,-3.1500000953674316,-1.3398400009535247,-10.83435197278485,8.154671970877802,scaffold,2032,rf_rdkit_morgan,random_forest,rdkit+morgan,none,77abfcdbb281d08df2e9fb09cf84b2a648ea9008
freesolv,b0c2afa3b4daa40d,c1cc2ccc3cccc4ccc(c1)c2c34,hydration_free_energy,kcal/mol,test,c1cc2ccc3cccc4ccc(c1)c2c34,-4.519999980926514,-1.549580003857612,-11.044091975688938,7.944931967973714,scaffold,2032,rf_rdkit_morgan,random_forest,rdkit+morgan,none,77abfcdbb281d08df2e9fb09cf84b2a648ea9008
freesolv,7b676dabf15907c8,c1cc[nH]c1,hydration_free_energy,kcal/mol,test,c1cc[nH]c1,-4.78000020980835,-3.4003200058899816,-12.894831977721307,6.094191965941344,scaffold,2032,rf_rdkit_morgan,random_forest,rdkit+morgan,none,77abfcdbb281d08df2e9fb09cf84b2a648ea9008
freesolv,7a5bc4f64c5195f9,c1ccc(-c2ccccc2)cc1,hydration_free_energy,kcal/mol,calibration,c1ccc(-c2ccccc2)cc1,-2.700000047683716,-0.9734400035701691,-10.467951975401494,8.521071968261158,scaffold,2032,rf_rdkit_morgan,random_forest,rdkit+morgan,none,77abfcdbb281d08df2e9fb09cf84b2a648ea9008
freesolv,e797994168bdf8e5,c1ccc(Cn2ccnc2)cc1,hydration_free_energy,kcal/mol,test,c1ccc(Cn2ccnc2)cc1,-7.630000114440918,-3.696920006662607,-13.191431978493933,5.797591965168719,scaffold,2032,rf_rdkit_morgan,random_forest,rdkit+morgan,none,77abfcdbb281d08df2e9fb09cf84b2a648ea9008
freesolv,dee9bfd78d64e4a2,c1ccc(Oc2ccccc2)cc1,hydration_free_energy,kcal/mol,calibration,c1ccc(Oc2ccccc2)cc1,-2.869999885559082,-3.311295011371374,-12.8058069832027,6.183216960459951,scaffold,2032,rf_rdkit_morgan,random_forest,rdkit+morgan,none,77abfcdbb281d08df2e9fb09cf84b2a648ea9008
freesolv,4ffb5477eed907c6,c1ccc2c(c1)CCC2,hydration_free_energy,kcal/mol,calibration,c1ccc2c(c1)CCC2,-1.4600000381469727,-0.9325199993401725,-10.427031971171498,8.561991972491153,scaffold,2032,rf_rdkit_morgan,random_forest,rdkit+morgan,none,77abfcdbb281d08df2e9fb09cf84b2a648ea9008
freesolv,47543d385846569e,c1ccc2c(c1)Cc1ccccc1-2,hydration_free_energy,kcal/mol,test,c1ccc2c(c1)Cc1ccccc1-2,-3.3499999046325684,-1.140459998931736,-10.634971970763061,8.35405197289959,scaffold,2032,rf_rdkit_morgan,random_forest,rdkit+morgan,none,77abfcdbb281d08df2e9fb09cf84b2a648ea9008
freesolv,17465babc9cd1c82,c1ccc2c(c1)Cc1ccccc1C2,hydration_free_energy,kcal/mol,validation,c1ccc2c(c1)Cc1ccccc1C2,-3.7799999713897705,-1.031029995601624,-10.52554196743295,8.463481976229701,scaffold,2032,rf_rdkit_morgan,random_forest,rdkit+morgan,none,77abfcdbb281d08df2e9fb09cf84b2a648ea9008
freesolv,fb7f87c7e6dfb66e,c1ccc2c(c1)Oc1ccccc1O2,hydration_free_energy,kcal/mol,test,c1ccc2c(c1)Oc1ccccc1O2,-3.1500000953674316,-4.579520013347268,-14.074031985178593,4.914991958484058,scaffold,2032,rf_rdkit_morgan,random_forest,rdkit+morgan,none,77abfcdbb281d08df2e9fb09cf84b2a648ea9008
freesolv,ccd5156c3d611af8,c1ccc2c(c1)ccc1ccccc12,hydration_free_energy,kcal/mol,validation,c1ccc2c(c1)ccc1ccccc12,-3.880000114440918,-1.2477600045651198,-10.742271976396445,8.246751967266206,scaffold,2032,rf_rdkit_morgan,random_forest,rdkit+morgan,none,77abfcdbb281d08df2e9fb09cf84b2a648ea9008
freesolv,784372b072523a7c,c1ccc2cc3ccccc3cc2c1,hydration_free_energy,kcal/mol,validation,c1ccc2cc3ccccc3cc2c1,-3.950000047683716,-1.2305000030845412,-10.725011974915867,8.264011968746784,scaffold,2032,rf_rdkit_morgan,random_forest,rdkit+morgan,none,77abfcdbb281d08df2e9fb09cf84b2a648ea9008
freesolv,c7ef340f0fa3dd43,c1ccc2ccccc2c1,hydration_free_energy,kcal/mol,test,c1ccc2ccccc2c1,-2.4000000953674316,-1.168655006363989,-10.663166978195315,8.325856965467336,scaffold,2032,rf_rdkit_morgan,random_forest,rdkit+morgan,none,77abfcdbb281d08df2e9fb09cf84b2a648ea9008
freesolv,93816c4b27d69be9,c1ccc2ncccc2c1,hydration_free_energy,kcal/mol,validation,c1ccc2ncccc2c1,-5.71999979019165,-3.3500500051937996,-12.844561977025126,6.144461966637526,scaffold,2032,rf_rdkit_morgan,random_forest,rdkit+morgan,none,77abfcdbb281d08df2e9fb09cf84b2a648ea9008
freesolv,1c8645677ff2de98,c1ccccc1,hydration_free_energy,kcal/mol,train,c1ccccc1,-0.8999999761581421,-0.6237949838340118,-10.118306955665338,8.870716987997314,scaffold,2032,rf_rdkit_morgan,random_forest,rdkit+morgan,none,77abfcdbb281d08df2e9fb09cf84b2a648ea9008
freesolv,d311fe7bbff8011b,c1ccncc1,hydration_free_energy,kcal/mol,validation,c1ccncc1,-4.690000057220459,-2.884569988559932,-12.379081960391257,6.609941983271394,scaffold,2032,rf_rdkit_morgan,random_forest,rdkit+morgan,none,77abfcdbb281d08df2e9fb09cf84b2a648ea9008
freesolv,dd5ad833c0c7aa1e,c1ccsc1,hydration_free_energy,kcal/mol,test,c1ccsc1,-1.399999976158142,-1.5825169990703465,-11.077028970901672,7.911994972760979,scaffold,2032,rf_rdkit_morgan,random_forest,rdkit+morgan,none,77abfcdbb281d08df2e9fb09cf84b2a648ea9008
