dataset,molecule_id,smiles,property,units,partition,scaffold,y_true,y_pred,prediction_lower,prediction_upper,split_strategy,seed,model,family,features,fusion,git_commit
esol,da61f9c875766442,BrC(Br)(Br)Br,aqueous_solubility,log10(mol/L),train,,-3.140000104904175,-3.241438062906267,-4.756362114634367,-1.7265140111781672,scaffold,2030,rf_rdkit,random_forest,rdkit,none,77abfcdbb281d08df2e9fb09cf84b2a648ea9008
esol,033a6d997321375a,BrC(Br)Br,aqueous_solubility,log10(mol/L),train,,-1.909999966621399,-2.2083559716939956,-3.7232800234220953,-0.6934319199658958,scaffold,2030,rf_rdkit,random_forest,rdkit,none,77abfcdbb281d08df2e9fb09cf84b2a648ea9008
esol,9ab68a3afbba9fc0,BrCBr,aqueous_solubility,log10(mol/L),train,,-1.1699999570846558,-1.3888399645090155,-2.9037640162371154,0.12608408721908426,scaffold,2030,rf_rdkit,random_forest,rdkit,none,77abfcdbb281d08df2e9fb09cf84b2a648ea9008
esol,bd914b232803b250,BrCCBr,aqueous_solubility,log10(mol/L),train,,-1.6799999475479126,-1.8008999636173226,-3.3158240153454224,-0.2859759118892229,scaffold,2030,rf_rdkit,random_forest,rdkit,none,77abfcdbb281d08df2e9fb09cf84b2a648ea9008
esol,77a4ca2bbfb75522,Brc1cc(Br)c(Br)cc1Br,aqueous_solubility,log10(mol/L),train,c1ccccc1,-6.980000019073486,-6.34349001693724,-7.85841406866534,-4.82856596520914,scaffold,2030,rf_rdkit,random_forest,rdkit,none,77abfcdbb281d08df2e9fb09cf84b2a648ea9008
esol,21cbcc346182e499,Brc1cc(Br)cc(Br)c1,aqueous_solubility,log10(mol/L),train,c1ccccc1,-5.599999904632568,-5.195093948841093,-6.7100180005691925,-3.680169897112993,scaffold,2030,rf_rdkit,random_forest,rdkit,none,77abfcdbb281d08df2e9fb09cf84b2a648ea9008
esol,599294ce62557e5e,Brc1ccc(Br)c(Br)c1,aqueous_solubility,log10(mol/L),train,c1ccccc1,-4.5,-4.581115993499758,-6.096040045227857,-3.066191941771658,scaffold,2030,rf_rdkit,random_forest,rdkit,none,77abfcdbb281d08df2e9fb09cf84b2a648ea9008
esol,5e05b0f3e484f559,Brc1ccc(Br)cc1,aqueous_solubility,log10(mol/L),train,c1ccccc1,-4.070000171661377,-3.9528681128025047,-5.4677921645306045,-2.437944061074405,scaffold,2030,rf_rdkit,random_forest,rdkit,none,77abfcdbb281d08df2e9fb09cf84b2a648ea9008
esol,bbdc3f8b7bb7f0e8,Brc1ccc(I)cc1,aqueous_solubility,log10(mol/L),train,c1ccccc1,-4.559999942779541,-4.277761979758737,-5.792686031486837,-2.7628379280306374,scaffold,2030,rf_rdkit,random_forest,rdkit,none,77abfcdbb281d08df2e9fb09cf84b2a648ea9008
esol,30d2b25ba1f64487,Brc1ccc2ccccc2c1,aqueous_solubility,log10(mol/L),train,c1ccc2ccccc2c1,-4.400000095367432,-4.361076054573067,-5.876000106301166,-2.846152002844967,scaffold,2030,rf_rdkit,random_forest,rdkit,none,77abfcdbb281d08df2e9fb09cf84b2a648ea9008
esol,e49ac581c1a589b2,Brc1cccc(Br)c1,aqueous_solubility,log10(mol/L),train,c1ccccc1,-3.5399999618530273,-3.5974919962883005,-5.1124160480164,-2.082567944560201,scaffold,2030,rf_rdkit,random_forest,rdkit,none,77abfcdbb281d08df2e9fb09cf84b2a648ea9008
esol,4ec2811097081ab4,Brc1cccc2ccccc12,aqueous_solubility,log10(mol/L),train,c1ccc2ccccc2c1,-4.349999904632568,-4.3714919571876525,-5.886416008915752,-2.8565679054595527,scaffold,2030,rf_rdkit,random_forest,rdkit,none,77abfcdbb281d08df2e9fb09cf84b2a648ea9008
esol,0397bd2cd69b335c,Brc1ccccc1,aqueous_solubility,log10(mol/L),train,c1ccccc1,-2.549999952316284,-2.6187919802665696,-4.13371603199467,-1.1038679285384698,scaffold,2030,rf_rdkit,random_forest,rdkit,none,77abfcdbb281d08df2e9fb09cf84b2a648ea9008
esol,324f80b71abb8f48,Brc1ccccc1Br,aqueous_solubility,log10(mol/L),train,c1ccccc1,-3.5,-3.6326500132083854,-5.147574064936485,-2.1177259614802857,scaffold,2030,rf_rdkit,random_forest,rdkit,none,77abfcdbb281d08df2e9fb09cf84b2a648ea9008
esol,ef653be8d856a3e3,C,aqueous_solubility,log10(mol/L),train,,-0.8999999761581421,-0.8655839863270498,-2.3805080380551495,0.6493400654010499,scaffold,2030,rf_rdkit,random_forest,rdkit,none,77abfcdbb281d08df2e9fb09cf84b2a648ea9008
esol,1e62faae86ae77c5,C#C,aqueous_solubility,log10(mol/L),train,,0.28999999165534973,-0.035548005521306436,-1.5504720572494062,1.4793760462067933,scaffold,2030,rf_rdkit,random_forest,rdkit,none,77abfcdbb281d08df2e9fb09cf84b2a648ea9008
esol,be01c31d44889bd9,C#CC,aqueous_solubility,log10(mol/L),train,,-0.4099999964237213,-0.5326640010774177,-2.0475880528055175,0.982260050650682,scaffold,2030,rf_rdkit,random_forest,rdkit,none,77abfcdbb281d08df2e9fb09cf84b2a648ea9008
esol,418e7591029ea69f,C#CC(C)N(C)C(=O)Nc1ccc(Cl)cc1,aqueous_solubility,log10(mol/L),train,c1ccccc1,-3.9000000953674316,-3.694034057617189,-5.208958109345289,-2.1791100058890893,scaffold,2030,rf_rdkit,random_forest,rdkit,none,77abfcdbb281d08df2e9fb09cf84b2a648ea9008
esol,9ab8feee6b5a7528,C#CC(C)OC(=O)Nc1cccc(Cl)c1,aqueous_solubility,log10(mol/L),train,c1ccccc1,-2.617000102996826,-2.8860020713806147,-4.4009261231087144,-1.371078019652515,scaffold,2030,rf_rdkit,random_forest,rdkit,none,77abfcdbb281d08df2e9fb09cf84b2a648ea9008
esol,254e2b1734e74745,C#CC1(O)CCC2C3CCC4=CC(=O)CCC4(C)C3CCC21C,aqueous_solubility,log10(mol/L),train,O=C1C=C2CCC3C4CCCC4CCC3C2CC1,-5.659999847412109,-5.074113926261671,-6.58903797798977,-3.559189874533571,scaffold,2030,rf_rdkit,random_forest,rdkit,none,77abfcdbb281d08df2e9fb09cf84b2a648ea9008
esol,8df5408ffcddd97a,C#CC1(O)CCC2C3CCC4=CC(=O)CCC4(O)C3CCC21C,aqueous_solubility,log10(mol/L),train,O=C1C=C2CCC3C4CCCC4CCC3C2CC1,-4.570000171661377,-4.312056096166365,-5.8269801478944645,-2.797132044438265,scaffold,2030,rf_rdkit,random_forest,rdkit,none,77abfcdbb281d08df2e9fb09cf84b2a648ea9008
esol,1e8401e159a17ddb,C#CC1(O)CCC2C3CCC4=Cc5oncc5CC4(C)C3CCC21C,aqueous_solubility,log10(mol/L),test,C1=C2CCC3C4CCCC4CCC3C2Cc2cnoc21,-5.506999969482422,-4.596521984517579,-6.111446036245678,-3.081597932789479,scaffold,2030,rf_rdkit,random_forest,rdkit,none,77abfcdbb281d08df2e9fb09cf84b2a648ea9008
esol,0ede43d08b0b685a,C#CC1(O)CCC2C3CCc4cc(O)ccc4C3CCC21C,aqueous_solubility,log10(mol/L),validation,c1ccc2c(c1)CCC1C2CCC2CCCC21,-4.300000190734863,-4.0963659946657724,-5.611290046393872,-2.5814419429376727,scaffold,2030,rf_rdkit,random_forest,rdkit,none,77abfcdbb281d08df2e9fb09cf84b2a648ea9008
esol,f6f3f8ce45fa9dfa,C#CC1(OC(C)=O)CCC2C3CCC4=CC(=O)CCC4C3CCC21C,aqueous_solubility,log10(mol/L),train,O=C1C=C2CCC3C4CCCC4CCC3C2CC1,-4.800000190734863,-4.8484121038913806,-6.36333615561948,-3.333488052163281,scaffold,2030,rf_rdkit,random_forest,rdkit,none,77abfcdbb281d08df2e9fb09cf84b2a648ea9008
esol,3e31eac302cfd8fc,C#CCC,aqueous_solubility,log10(mol/L),train,,-1.2400000095367432,-1.1416700055599158,-2.6565940572880153,0.3732540461681839,scaffold,2030,rf_rdkit,random_forest,rdkit,none,77abfcdbb281d08df2e9fb09cf84b2a648ea9008
esol,ef58f1c4944033aa,C#CCCC,aqueous_solubility,log10(mol/L),train,,-1.6399999856948853,-1.7143199824318232,-3.229244034159923,-0.1993959307037234,scaffold,2030,rf_rdkit,random_forest,rdkit,none,77abfcdbb281d08df2e9fb09cf84b2a648ea9008
esol,9df9f03554f45e69,C#CCCCC,aqueous_solubility,log10(mol/L),train,,-2.359999895095825,-2.3474399343132957,-3.8623639860413954,-0.8325158825851959,scaffold,2030,rf_rdkit,random_forest,rdkit,none,77abfcdbb281d08df2e9fb09cf84b2a648ea9008
esol,0b51237b33e42d49,C#CCCCCC,aqueous_solubility,log10(mol/L),train,,-3.009999990463257,-2.948639994557947,-4.463564046286047,-1.4337159428298474,scaffold,2030,rf_rdkit,random_forest,rdkit,none,77abfcdbb281d08df2e9fb09cf84b2a648ea9008
esol,48de0e30b5d246ce,C#CCCCCCC,aqueous_solubility,log10(mol/L),train,,-3.6600000858306885,-3.5787000466994923,-5.093624098427592,-2.0637759949713925,scaffold,2030,rf_rdkit,random_forest,rdkit,none,77abfcdbb281d08df2e9fb09cf84b2a648ea9008
esol,a3e71f83f986b969,C#CCCCCCCC,aqueous_solubility,log10(mol/L),train,,-4.239999771118164,-4.130299876451485,-5.645223928179584,-2.615375824723385,scaffold,2030,rf_rdkit,random_forest,rdkit,none,77abfcdbb281d08df2e9fb09cf84b2a648ea9008
esol,004b9675aac80e82,C/C=C/C=O,aqueous_solubility,log10(mol/L),train,,0.3199999928474426,0.24495999340714336,-1.2699640583209564,1.759884045135243,scaffold,2030,rf_rdkit,random_forest,rdkit,none,77abfcdbb281d08df2e9fb09cf84b2a648ea9008
esol,0923717a6761fd77,C/C=C/CC,aqueous_solubility,log10(mol/L),train,,-2.5399999618530273,-2.526439966022968,-4.041364017751068,-1.0115159142948684,scaffold,2030,rf_rdkit,random_forest,rdkit,none,77abfcdbb281d08df2e9fb09cf84b2a648ea9008
esol,c57120d38c0a4a68,C/C=C/CCCC,aqueous_solubility,log10(mol/L),train,,-3.819999933242798,-3.656219962120053,-5.171144013848153,-2.1412959103919533,scaffold,2030,rf_rdkit,random_forest,rdkit,none,77abfcdbb281d08df2e9fb09cf84b2a648ea9008
esol,26ab7efc03939d8f,C/C=C\CC,aqueous_solubility,log10(mol/L),train,,-2.5399999618530273,-2.526439966022968,-4.041364017751068,-1.0115159142948684,scaffold,2030,rf_rdkit,random_forest,rdkit,none,77abfcdbb281d08df2e9fb09cf84b2a648ea9008
esol,5cd7d49aba9a7e17,C1=CCC=CC1,aqueous_solubility,log10(mol/L),train,C1=CCC=CC1,-2.059999942779541,-2.2429759671390057,-3.7579000188671055,-0.728051915410906,scaffold,2030,rf_rdkit,random_forest,rdkit,none,77abfcdbb281d08df2e9fb09cf84b2a648ea9008
esol,1d7f56772c078bb9,C1=CCCC1,aqueous_solubility,log10(mol/L),calibration,C1=CCCC1,-2.0999999046325684,-2.479879990752786,-3.9948040424808857,-0.9649559390246862,scaffold,2030,rf_rdkit,random_forest,rdkit,none,77abfcdbb281d08df2e9fb09cf84b2a648ea9008
esol,abde13413c473f18,C1=CCCCC1,aqueous_solubility,log10(mol/L),test,C1=CCCCC1,-2.5899999141693115,-2.9241840017065406,-4.439108053434641,-1.4092599499784408,scaffold,2030,rf_rdkit,random_forest,rdkit,none,77abfcdbb281d08df2e9fb09cf84b2a648ea9008
esol,bb8c20b84fd920a2,C1=CCCCCC1,aqueous_solubility,log10(mol/L),test,C1=CCCCCC1,-3.180000066757202,-3.3610800105333323,-4.876004062261432,-1.8461559588052325,scaffold,2030,rf_rdkit,random_forest,rdkit,none,77abfcdbb281d08df2e9fb09cf84b2a648ea9008
esol,95b87f4f4f2bb613,C1=Cc2cccc3cccc1c23,aqueous_solubility,log10(mol/L),validation,C1=Cc2cccc3cccc1c23,-3.9600000381469727,-4.780035973906517,-6.294960025634617,-3.2651119221784173,scaffold,2030,rf_rdkit,random_forest,rdkit,none,77abfcdbb281d08df2e9fb09cf84b2a648ea9008
esol,5c3986bd23acb32d,C1CCC2CCCCC2C1,aqueous_solubility,log10(mol/L),validation,C1CCC2CCCCC2C1,-5.190000057220459,-4.736550008002671,-6.2514740597307705,-3.221625956274571,scaffold,2030,rf_rdkit,random_forest,rdkit,none,77abfcdbb281d08df2e9fb09cf84b2a648ea9008
esol,7c5d26a49231e799,C1CCCC1,aqueous_solubility,log10(mol/L),validation,C1CCCC1,-2.640000104904175,-2.847073996100575,-4.361998047828674,-1.3321499443724751,scaffold,2030,rf_rdkit,random_forest,rdkit,none,77abfcdbb281d08df2e9fb09cf84b2a648ea9008
esol,4d70c6ce3ea26712,C1CCCCC1,aqueous_solubility,log10(mol/L),test,C1CCCCC1,-3.0999999046325684,-3.7692280141934744,-5.284152065921575,-2.2543039624653747,scaffold,2030,rf_rdkit,random_forest,rdkit,none,77abfcdbb281d08df2e9fb09cf84b2a648ea9008
esol,70cfcad6dba4b5a4,C1CCCCCC1,aqueous_solubility,log10(mol/L),calibration,C1CCCCCC1,-3.509999990463257,-4.045478007905183,-5.560402059633283,-2.5305539561770836,scaffold,2030,rf_rdkit,random_forest,rdkit,none,77abfcdbb281d08df2e9fb09cf84b2a648ea9008
esol,3049de5674a74cb5,C1CCCCCCC1,aqueous_solubility,log10(mol/L),calibration,C1CCCCCCC1,-4.150000095367432,-4.74452000247687,-6.25944405420497,-3.22959595074877,scaffold,2030,rf_rdkit,random_forest,rdkit,none,77abfcdbb281d08df2e9fb09cf84b2a648ea9008
esol,ec599f0cbd5e780b,C1CCOC1,aqueous_solubility,log10(mol/L),validation,C1CCOC1,0.49000000953674316,-0.38768000106513245,-1.9026040527932322,1.1272440506629673,scaffold,2030,rf_rdkit,random_forest,rdkit,none,77abfcdbb281d08df2e9fb09cf84b2a648ea9008
esol,6ee75a2f4b64ffb0,C1CCOCC1,aqueous_solubility,log10(mol/L),train,C1CCOCC1,-0.029999999329447746,-0.37031600090488137,-1.8852400526329811,1.1446080508232184,scaffold,2030,rf_rdkit,random_forest,rdkit,none,77abfcdbb281d08df2e9fb09cf84b2a648ea9008
esol,dbdd245cf7f7502f,C=C,aqueous_solubility,log10(mol/L),train,,-0.4000000059604645,-0.5370200073420985,-2.0519440590701983,0.9779040443860012,scaffold,2030,rf_rdkit,random_forest,rdkit,none,77abfcdbb281d08df2e9fb09cf84b2a648ea9008
esol,1ff48e0fc1bb46f2,C=C(Br)CC1(C(C)CC)C(=O)NC(=O)NC1=O,aqueous_solubility,log10(mol/L),train,O=C1CC(=O)NC(=O)N1,-2.6470000743865967,-2.7052580458968882,-4.220182097624988,-1.1903339941687885,scaffold,2030,rf_rdkit,random_forest,rdkit,none,77abfcdbb281d08df2e9fb09cf84b2a648ea9008
esol,e7c10ec7ffa2f500,C=C(C)C,aqueous_solubility,log10(mol/L),train,,-2.3299999237060547,-2.174895948171618,-3.6898199998997177,-0.6599718964435182,scaffold,2030,rf_rdkit,random_forest,rdkit,none,77abfcdbb281d08df2e9fb09cf84b2a648ea9008
esol,1e7286c23334c464,C=C(C)C(=C)C,aqueous_solubility,log10(mol/L),train,,-2.4000000953674316,-2.4860000579506147,-4.0009241096787145,-0.971076006222515,scaffold,2030,rf_rdkit,random_forest,rdkit,none,77abfcdbb281d08df2e9fb09cf84b2a648ea9008
esol,2b835da78b020754,C=C(C)C1CC=C(C)C(=O)C1,aqueous_solubility,log10(mol/L),test,O=C1C=CCCC1,-2.059999942779541,-2.289220005631447,-3.804144057359547,-0.7742959539033474,scaffold,2030,rf_rdkit,random_forest,rdkit,none,77abfcdbb281d08df2e9fb09cf84b2a648ea9008
esol,9920e0d07ed28e13,C=C(C)C1CC=C(C)CC1,aqueous_solubility,log10(mol/L),test,C1=CCCCC1,-4.260000228881836,-3.9242620079517345,-5.439186059679834,-2.409337956223635,scaffold,2030,rf_rdkit,random_forest,rdkit,none,77abfcdbb281d08df2e9fb09cf84b2a648ea9008
esol,9ce3bd89adca3155,C=C(C)C1Cc2c(ccc3c2OC2COc4cc(OC)c(OC)cc4C2C3=O)O1,aqueous_solubility,log10(mol/L),train,O=C1c2ccc3c(c2OC2COc4ccccc4C12)CCO3,-4.420000076293945,-4.3107780509889135,-5.825702102717013,-2.795853999260814,scaffold,2030,rf_rdkit,random_forest,rdkit,none,77abfcdbb281d08df2e9fb09cf84b2a648ea9008
esol,c8d3a1f414f5bcce,C=C(C)CC,aqueous_solubility,log10(mol/L),train,,-2.7300000190734863,-2.635510010004042,-4.150434061732142,-1.1205859582759423,scaffold,2030,rf_rdkit,random_forest,rdkit,none,77abfcdbb281d08df2e9fb09cf84b2a648ea9008
esol,08ff67a090d72c26,C=C(C)CCC,aqueous_solubility,log10(mol/L),train,,-3.0299999713897705,-2.9809599853456024,-4.4958840370737025,-1.4660359336175026,scaffold,2030,rf_rdkit,random_forest,rdkit,none,77abfcdbb281d08df2e9fb09cf84b2a648ea9008
esol,43ca2dece41f5eb7,C=C(C)CN(CC)c1c([N+](=O)[O-])cc(C(F)(F)F)cc1[N+](=O)[O-],aqueous_solubility,log10(mol/L),train,c1ccccc1,-6.124000072479248,-5.694664032936103,-7.209588084664203,-4.179739981208003,scaffold,2030,rf_rdkit,random_forest,rdkit,none,77abfcdbb281d08df2e9fb09cf84b2a648ea9008
esol,49db12929fad29a3,C=C(Cl)CSC(=S)N(CC)CC,aqueous_solubility,log10(mol/L),train,,-3.390000104904175,-3.451094072818755,-4.966018124546855,-1.9361700210906552,scaffold,2030,rf_rdkit,random_forest,rdkit,none,77abfcdbb281d08df2e9fb09cf84b2a648ea9008
esol,17bd196156d45488,C=C(Cl)Cl,aqueous_solubility,log10(mol/L),train,,-1.6399999856948853,-1.614703987780953,-3.1296280395090528,-0.09977993605285329,scaffold,2030,rf_rdkit,random_forest,rdkit,none,77abfcdbb281d08df2e9fb09cf84b2a648ea9008
esol,4374b7441e7baae0,C=CC,aqueous_solubility,log10(mol/L),train,,-1.0800000429153442,-1.0847600286044277,-2.599684080332527,0.4301640231236721,scaffold,2030,rf_rdkit,random_forest,rdkit,none,77abfcdbb281d08df2e9fb09cf84b2a648ea9008
esol,b3adba63532cb668,C=CC#N,aqueous_solubility,log10(mol/L),train,,0.15000000596046448,0.053814002007257944,-1.4611100497208418,1.5687380537353577,scaffold,2030,rf_rdkit,random_forest,rdkit,none,77abfcdbb281d08df2e9fb09cf84b2a648ea9008
esol,2c3f4ff07d8cd113,C=CC(=C)C,aqueous_solubility,log10(mol/L),train,,-2.0299999713897705,-2.101649978935721,-3.6165740306638208,-0.5867259272076213,scaffold,2030,rf_rdkit,random_forest,rdkit,none,77abfcdbb281d08df2e9fb09cf84b2a648ea9008
esol,4813864c1e8d653b,C=CC(=O)OC,aqueous_solubility,log10(mol/L),train,,-0.2199999988079071,-0.18232999909295566,-1.6972540508210554,1.332594052635144,scaffold,2030,rf_rdkit,random_forest,rdkit,none,77abfcdbb281d08df2e9fb09cf84b2a648ea9008
esol,64f6eee3339816ef,C=CC(C)(O)CCC=C(C)C,aqueous_solubility,log10(mol/L),train,,-1.9900000095367432,-2.012544009864328,-3.527468061592428,-0.4976199581362284,scaffold,2030,rf_rdkit,random_forest,rdkit,none,77abfcdbb281d08df2e9fb09cf84b2a648ea9008
esol,2e0d4bc22e47200f,C=CC(C)C,aqueous_solubility,log10(mol/L),train,,-2.7300000190734863,-2.6280200130529683,-4.142944064781068,-1.1130959613248685,scaffold,2030,rf_rdkit,random_forest,rdkit,none,77abfcdbb281d08df2e9fb09cf84b2a648ea9008
esol,a7f910903d65c55d,C=CC(O)CCC,aqueous_solubility,log10(mol/L),train,,-0.5899999737739563,-0.6564739825427655,-2.171398034270865,0.8584500691853343,scaffold,2030,rf_rdkit,random_forest,rdkit,none,77abfcdbb281d08df2e9fb09cf84b2a648ea9008
esol,9c5c4be6a611f0d4,C=CC1(C)OC(=O)N(c2cc(Cl)cc(Cl)c2)C1=O,aqueous_solubility,log10(mol/L),calibration,O=C1COC(=O)N1c1ccccc1,-4.925000190734863,-3.8644120029360054,-5.379336054664105,-2.3494879512079057,scaffold,2030,rf_rdkit,random_forest,rdkit,none,77abfcdbb281d08df2e9fb09cf84b2a648ea9008
esol,5f725e80c7d4ca6e,C=CC=C,aqueous_solubility,log10(mol/L),train,,-1.8700000047683716,-1.6998500044643912,-3.214774056192491,-0.18492595273629142,scaffold,2030,rf_rdkit,random_forest,rdkit,none,77abfcdbb281d08df2e9fb09cf84b2a648ea9008
esol,7e5d57bf31e51f3b,C=CC=O,aqueous_solubility,log10(mol/L),train,,0.5699999928474426,0.47448999328913466,-1.040434058438965,1.9894140450172344,scaffold,2030,rf_rdkit,random_forest,rdkit,none,77abfcdbb281d08df2e9fb09cf84b2a648ea9008
esol,0c125e154592b036,C=CCC,aqueous_solubility,log10(mol/L),train,,-1.940000057220459,-1.9308400301933266,-3.4457640819214266,-0.4159159784652269,scaffold,2030,rf_rdkit,random_forest,rdkit,none,77abfcdbb281d08df2e9fb09cf84b2a648ea9008
esol,d82c07a526a33d28,C=CCC1(C(C)C)C(=O)NC(=O)NC1=O,aqueous_solubility,log10(mol/L),train,O=C1CC(=O)NC(=O)N1,-1.7079999446868896,-1.8509299625158357,-3.3658540142439355,-0.336005910787736,scaffold,2030,rf_rdkit,random_forest,rdkit,none,77abfcdbb281d08df2e9fb09cf84b2a648ea9008
esol,0a25a747148c7a1f,C=CCC1(C(C)CC)C(=O)NC(=O)NC1=O,aqueous_solubility,log10(mol/L),train,O=C1CC(=O)NC(=O)N1,-2.0160000324249268,-2.114898022264243,-3.629822073992343,-0.5999739705361433,scaffold,2030,rf_rdkit,random_forest,rdkit,none,77abfcdbb281d08df2e9fb09cf84b2a648ea9008
esol,755de189a5985744,C=CCC1(C(C)CCC)C(=O)NC(=O)NC1=O,aqueous_solubility,log10(mol/L),train,O=C1CC(=O)NC(=O)N1,-2.3559999465942383,-2.3382979727983475,-3.8532220245264472,-0.8233739210702478,scaffold,2030,rf_rdkit,random_forest,rdkit,none,77abfcdbb281d08df2e9fb09cf84b2a648ea9008
esol,2377f869d0ed780c,C=CCC1(C(C)CCC)C(=O)NC(=S)NC1=O,aqueous_solubility,log10(mol/L),validation,O=C1CC(=O)NC(=S)N1,-3.4600000381469727,-2.6860820028036834,-4.201006054531783,-1.1711579510755836,scaffold,2030,rf_rdkit,random_forest,rdkit,none,77abfcdbb281d08df2e9fb09cf84b2a648ea9008
esol,1f2305f058bbb67d,C=CCC1(C)C(=O)NC(=O)NC1=O,aqueous_solubility,log10(mol/L),train,O=C1CC(=O)NC(=O)N1,-1.159999966621399,-1.3552839781940094,-2.870208029922109,0.15964007353409038,scaffold,2030,rf_rdkit,random_forest,rdkit,none,77abfcdbb281d08df2e9fb09cf84b2a648ea9008
esol,b2789fcdce54841c,C=CCC1(CC)C(=O)NC(=O)NC1=O,aqueous_solubility,log10(mol/L),train,O=C1CC(=O)NC(=O)N1,-1.6139999628067017,-1.7409499719291883,-3.255874023657288,-0.22602592020108858,scaffold,2030,rf_rdkit,random_forest,rdkit,none,77abfcdbb281d08df2e9fb09cf84b2a648ea9008
esol,d7c2057651e25e8d,C=CCC1(CC=C)C(=O)NC(=O)NC1=O,aqueous_solubility,log10(mol/L),train,O=C1CC(=O)NC(=O)N1,-2.0769999027252197,-2.0358639331758073,-3.550787984903907,-0.5209398814477075,scaffold,2030,rf_rdkit,random_forest,rdkit,none,77abfcdbb281d08df2e9fb09cf84b2a648ea9008
esol,09c2f35273cfdcb6,C=CCC1(c2ccccc2)C(=O)NC(=O)NC1=O,aqueous_solubility,log10(mol/L),train,O=C1NC(=O)C(c2ccccc2)C(=O)N1,-2.36899995803833,-2.4427199793756023,-3.957644031103702,-0.9277959276475025,scaffold,2030,rf_rdkit,random_forest,rdkit,none,77abfcdbb281d08df2e9fb09cf84b2a648ea9008
esol,924236428a2d77f9,C=CCC=C,aqueous_solubility,log10(mol/L),train,,-2.0899999141693115,-2.0893799448795622,-3.604303996607662,-0.5744558931514625,scaffold,2030,rf_rdkit,random_forest,rdkit,none,77abfcdbb281d08df2e9fb09cf84b2a648ea9008
esol,20d95e6e0ed5a2ad,C=CCCC,aqueous_solubility,log10(mol/L),train,,-2.680000066757202,-2.615440036058426,-4.130364087786526,-1.1005159843303263,scaffold,2030,rf_rdkit,random_forest,rdkit,none,77abfcdbb281d08df2e9fb09cf84b2a648ea9008
esol,4e33c9c7d0f0a61e,C=CCCC=C,aqueous_solubility,log10(mol/L),train,,-2.680000066757202,-2.5766600367426884,-4.091584088470788,-1.0617359850145887,scaffold,2030,rf_rdkit,random_forest,rdkit,none,77abfcdbb281d08df2e9fb09cf84b2a648ea9008
esol,59d1e0b0ecbe24ff,C=CCCCC,aqueous_solubility,log10(mol/L),train,,-3.2300000190734863,-3.12642001247406,-4.64134406420216,-1.6114959607459602,scaffold,2030,rf_rdkit,random_forest,rdkit,none,77abfcdbb281d08df2e9fb09cf84b2a648ea9008
esol,21083084379f0a6c,C=CCCCCC,aqueous_solubility,log10(mol/L),train,,-3.7300000190734863,-3.6500000085830715,-5.164924060311171,-2.1350759568549718,scaffold,2030,rf_rdkit,random_forest,rdkit,none,77abfcdbb281d08df2e9fb09cf84b2a648ea9008
esol,25723488a4ed1346,C=CCCCCCC,aqueous_solubility,log10(mol/L),train,,-4.440000057220459,-4.264034044504157,-5.778958096232257,-2.7491099927760576,scaffold,2030,rf_rdkit,random_forest,rdkit,none,77abfcdbb281d08df2e9fb09cf84b2a648ea9008
esol,2667126ae7a1dd89,C=CCCCCCCC,aqueous_solubility,log10(mol/L),train,,-5.050000190734863,-4.899340129375453,-6.414264181103553,-3.3844160776473533,scaffold,2030,rf_rdkit,random_forest,rdkit,none,77abfcdbb281d08df2e9fb09cf84b2a648ea9008
esol,438c34629e40839e,C=CCCCCCCCC,aqueous_solubility,log10(mol/L),train,,-5.510000228881836,-5.277920167207723,-6.792844218935823,-3.7629961154796234,scaffold,2030,rf_rdkit,random_forest,rdkit,none,77abfcdbb281d08df2e9fb09cf84b2a648ea9008
esol,fb7e490aa1b4d51e,C=CCCCO,aqueous_solubility,log10(mol/L),train,,-0.15000000596046448,-0.25310000477358896,-1.7680240565016887,1.2618240469545108,scaffold,2030,rf_rdkit,random_forest,rdkit,none,77abfcdbb281d08df2e9fb09cf84b2a648ea9008
esol,14bb3c94959a3803,C=CCSS(=O)CC=C,aqueous_solubility,log10(mol/L),train,,-0.8299999833106995,-1.2610659905374115,-2.7759900422655113,0.2538580611906882,scaffold,2030,rf_rdkit,random_forest,rdkit,none,77abfcdbb281d08df2e9fb09cf84b2a648ea9008
esol,2a16db7cc18684b8,C=CCc1ccc(O)c(OC)c1,aqueous_solubility,log10(mol/L),train,c1ccccc1,-1.559999942779541,-1.7658099613040743,-3.2807340130321743,-0.25088590957597456,scaffold,2030,rf_rdkit,random_forest,rdkit,none,77abfcdbb281d08df2e9fb09cf84b2a648ea9008
esol,766b85d6ebc35451,C=CCc1ccc(OC)cc1,aqueous_solubility,log10(mol/L),train,c1ccccc1,-2.9200000762939453,-2.752914049729704,-4.267838101457803,-1.2379899980016043,scaffold,2030,rf_rdkit,random_forest,rdkit,none,77abfcdbb281d08df2e9fb09cf84b2a648ea9008
esol,196ca171baf9b009,C=CCl,aqueous_solubility,log10(mol/L),train,,-1.75,-1.5306720003634597,-3.0455960520915593,-0.01574794863536,scaffold,2030,rf_rdkit,random_forest,rdkit,none,77abfcdbb281d08df2e9fb09cf84b2a648ea9008
esol,a264ecb5a75262c6,C=COCC,aqueous_solubility,log10(mol/L),train,,-0.8500000238418579,-0.5735280148796837,-2.0884520666077835,0.941396036848416,scaffold,2030,rf_rdkit,random_forest,rdkit,none,77abfcdbb281d08df2e9fb09cf84b2a648ea9008
esol,45e8e1638633d646,C=Cc1ccccc1,aqueous_solubility,log10(mol/L),train,c1ccccc1,-2.819999933242798,-2.7112199603021137,-4.226144012030213,-1.196295908574014,scaffold,2030,rf_rdkit,random_forest,rdkit,none,77abfcdbb281d08df2e9fb09cf84b2a648ea9008
esol,2ed9dd6e3dc3579d,CBr,aqueous_solubility,log10(mol/L),train,,-0.7900000214576721,-0.8591880157291725,-2.374112067457272,0.6557360359989273,scaffold,2030,rf_rdkit,random_forest,rdkit,none,77abfcdbb281d08df2e9fb09cf84b2a648ea9008
esol,2bf59afa2658a8ce,CC,aqueous_solubility,log10(mol/L),train,,-1.3600000143051147,-1.2494400109499593,-2.764364062678059,0.2654840407781405,scaffold,2030,rf_rdkit,random_forest,rdkit,none,77abfcdbb281d08df2e9fb09cf84b2a648ea9008
esol,780406fdddd47378,CC#N,aqueous_solubility,log10(mol/L),train,,0.25999999046325684,0.24193999579177872,-1.272984055936321,1.7568640475198785,scaffold,2030,rf_rdkit,random_forest,rdkit,none,77abfcdbb281d08df2e9fb09cf84b2a648ea9008
esol,9e0bb6837efcdbd1,CC(=O)C(C)(C)C,aqueous_solubility,log10(mol/L),train,,-0.7200000286102295,-0.8123540161549956,-2.3272780678830953,0.7025700355731042,scaffold,2030,rf_rdkit,random_forest,rdkit,none,77abfcdbb281d08df2e9fb09cf84b2a648ea9008
esol,6650bf346297661f,CC(=O)C(C)C,aqueous_solubility,log10(mol/L),train,,-0.11999999731779099,-0.2809120003506571,-1.7958360520787569,1.2340120513774426,scaffold,2030,rf_rdkit,random_forest,rdkit,none,77abfcdbb281d08df2e9fb09cf84b2a648ea9008
esol,4ed306073e855fe0,CC(=O)C1(C)CCC2C3C=C(C)C4=CC(=O)CCC4(C)C3CCC21C,aqueous_solubility,log10(mol/L),train,O=C1C=C2C=CC3C4CCCC4CCC3C2CC1,-5.269999980926514,-5.0595019826888965,-6.574426034416996,-3.5445779309607968,scaffold,2030,rf_rdkit,random_forest,rdkit,none,77abfcdbb281d08df2e9fb09cf84b2a648ea9008
esol,48d6efa11e6c3778,CC(=O)C1(O)CCC2C3CC(C)C4=CC(=O)C=CC4(C)C3(F)C(O)CC21C,aqueous_solubility,log10(mol/L),train,O=C1C=CC2C(=C1)CCC1C3CCCC3CCC21,-4.098999977111816,-4.077193984508514,-5.592118036236614,-2.5622699327804144,scaffold,2030,rf_rdkit,random_forest,rdkit,none,77abfcdbb281d08df2e9fb09cf84b2a648ea9008
esol,9a642a5271eefbe6,CC(=O)C1(O)CCC2C3CCC4=CC(=O)CCC4(C)C3CCC21C,aqueous_solubility,log10(mol/L),train,O=C1C=C2CCC3C4CCCC4CCC3C2CC1,-3.816999912261963,-4.0582939486503635,-5.573218000378463,-2.543369896922264,scaffold,2030,rf_rdkit,random_forest,rdkit,none,77abfcdbb281d08df2e9fb09cf84b2a648ea9008
esol,442739c64f9533c1,CC(=O)C1CCC2C3CC=C4CC(O)CCC4(C)C3CCC12C,aqueous_solubility,log10(mol/L),calibration,C1=C2CCCCC2C2CCC3CCCC3C2C1,-4.650000095367432,-4.4297520118393,-5.9446760635674,-2.9148279601112,scaffold,2030,rf_rdkit,random_forest,rdkit,none,77abfcdbb281d08df2e9fb09cf84b2a648ea9008
esol,e9e2dbb6336bc14a,CC(=O)C1CCC2C3CCC4=CC(=O)CCC4(C)C3CCC12C,aqueous_solubility,log10(mol/L),train,O=C1C=C2CCC3C4CCCC4CCC3C2CC1,-4.420000076293945,-4.506784044742584,-6.021708096470684,-2.9918599930144847,scaffold,2030,rf_rdkit,random_forest,rdkit,none,77abfcdbb281d08df2e9fb09cf84b2a648ea9008
esol,ac763713bd71395e,CC(=O)CC(C)C,aqueous_solubility,log10(mol/L),train,,-0.7400000095367432,-0.7911980078369205,-2.3061220595650203,0.7237260438911792,scaffold,2030,rf_rdkit,random_forest,rdkit,none,77abfcdbb281d08df2e9fb09cf84b2a648ea9008
esol,c350650ed5ccd420,CC(=O)CC(c1ccc(Cl)cc1)c1c(O)c2ccccc2oc1=O,aqueous_solubility,log10(mol/L),test,O=c1oc2ccccc2cc1Cc1ccccc1,-5.839000225067139,-4.440631999492649,-5.955556051220749,-2.9257079477645496,scaffold,2030,rf_rdkit,random_forest,rdkit,none,77abfcdbb281d08df2e9fb09cf84b2a648ea9008
esol,f79626af0f93f0fc,CC(=O)CC(c1ccccc1)c1c(O)c2ccccc2oc1=O,aqueous_solubility,log10(mol/L),test,O=c1oc2ccccc2cc1Cc1ccccc1,-3.8929998874664307,-4.040155989646912,-5.555080041375012,-2.5252319379188126,scaffold,2030,rf_rdkit,random_forest,rdkit,none,77abfcdbb281d08df2e9fb09cf84b2a648ea9008
esol,520e9565d0ff63f1,CC(=O)CCC1C(=O)N(c2ccccc2)N(c2ccccc2)C1=O,aqueous_solubility,log10(mol/L),calibration,O=C1CC(=O)N(c2ccccc2)N1c1ccccc1,-3.2699999809265137,-4.089527996182444,-5.604452047910543,-2.574603944454344,scaffold,2030,rf_rdkit,random_forest,rdkit,none,77abfcdbb281d08df2e9fb09cf84b2a648ea9008
esol,68045fdd244fe104,CC(=O)N(C)C,aqueous_solubility,log10(mol/L),train,,1.1100000143051147,0.6561600092612041,-0.8587640424668956,2.171084060989304,scaffold,2030,rf_rdkit,random_forest,rdkit,none,77abfcdbb281d08df2e9fb09cf84b2a648ea9008
esol,750f6483d79efce4,CC(=O)N(c1onc(C)c1C)S(=O)c1ccc(N)cc1,aqueous_solubility,log10(mol/L),train,O=S(Nc1ccno1)c1ccccc1,-3.5899999141693115,-3.532969939470294,-5.047893991198394,-2.0180458877421943,scaffold,2030,rf_rdkit,random_forest,rdkit,none,77abfcdbb281d08df2e9fb09cf84b2a648ea9008
esol,e8f62548f9fb3dff,CC(=O)Nc1cc(NS(=O)(=O)C(F)(F)F)c(C)cc1C,aqueous_solubility,log10(mol/L),train,c1ccccc1,-3.240000009536743,-3.349607999056575,-4.864532050784675,-1.8346839473284753,scaffold,2030,rf_rdkit,random_forest,rdkit,none,77abfcdbb281d08df2e9fb09cf84b2a648ea9008
esol,bc0455dc968fbfd2,CC(=O)Nc1ccc(Br)cc1,aqueous_solubility,log10(mol/L),train,c1ccccc1,-3.0829999446868896,-2.9349759614467623,-4.449900013174862,-1.4200519097186626,scaffold,2030,rf_rdkit,random_forest,rdkit,none,77abfcdbb281d08df2e9fb09cf84b2a648ea9008
esol,ddc4ca1b44741167,CC(=O)Nc1ccc(Cl)cc1,aqueous_solubility,log10(mol/L),train,c1ccccc1,-2.8429999351501465,-2.6976079570055016,-4.212532008733602,-1.1826839052774019,scaffold,2030,rf_rdkit,random_forest,rdkit,none,77abfcdbb281d08df2e9fb09cf84b2a648ea9008
esol,3213dd41893f5ff5,CC(=O)Nc1ccc(F)cc1,aqueous_solubility,log10(mol/L),train,c1ccccc1,-1.7799999713897705,-1.8499519788697358,-3.3648760305978356,-0.3350279271416361,scaffold,2030,rf_rdkit,random_forest,rdkit,none,77abfcdbb281d08df2e9fb09cf84b2a648ea9008
esol,364ed725e437517c,CC(=O)Nc1ccc(O)cc1,aqueous_solubility,log10(mol/L),train,c1ccccc1,-1.0299999713897705,-1.3260059810057274,-2.8409300327338274,0.18891807072237232,scaffold,2030,rf_rdkit,random_forest,rdkit,none,77abfcdbb281d08df2e9fb09cf84b2a648ea9008
esol,44c52563864e600c,CC(=O)Nc1ccc([N+](=O)[O-])cc1,aqueous_solubility,log10(mol/L),train,c1ccccc1,-2.691999912261963,-2.5373799443244955,-4.052303996052595,-1.0224558925963958,scaffold,2030,rf_rdkit,random_forest,rdkit,none,77abfcdbb281d08df2e9fb09cf84b2a648ea9008
esol,9b680b4bccdaf6ee,CC(=O)Nc1ccccc1,aqueous_solubility,log10(mol/L),train,c1ccccc1,-1.3300000429153442,-1.4517700267806577,-2.966694078508757,0.06315402494744204,scaffold,2030,rf_rdkit,random_forest,rdkit,none,77abfcdbb281d08df2e9fb09cf84b2a648ea9008
esol,04b69a71ae0c35a6,CC(=O)Nc1nnc(S(N)(=O)=O)s1,aqueous_solubility,log10(mol/L),train,c1nncs1,-2.359999895095825,-2.223519939251241,-3.7384439909793405,-0.7085958875231411,scaffold,2030,rf_rdkit,random_forest,rdkit,none,77abfcdbb281d08df2e9fb09cf84b2a648ea9008
esol,0787d7077078fa64,CC(=O)OC(C)C,aqueous_solubility,log10(mol/L),train,,-0.550000011920929,-0.6058440107554088,-2.1207680624835086,0.9090800409726909,scaffold,2030,rf_rdkit,random_forest,rdkit,none,77abfcdbb281d08df2e9fb09cf84b2a648ea9008
esol,bbbc24a21490bdee,CC(=O)OC1(C(C)=O)CCC2C3C=C(C)C4=CC(=O)CCC4(C)C3CCC21C,aqueous_solubility,log10(mol/L),train,O=C1C=C2C=CC3C4CCCC4CCC3C2CC1,-5.349999904632568,-5.189761945724482,-6.704685997452581,-3.674837893996382,scaffold,2030,rf_rdkit,random_forest,rdkit,none,77abfcdbb281d08df2e9fb09cf84b2a648ea9008
esol,ea5969f950c93291,CC(=O)OC1(C)CCC2C3CCC4=CC(=O)CCC4(C)C3CCC21C,aqueous_solubility,log10(mol/L),train,O=C1C=C2CCC3C4CCCC4CCC3C2CC1,-5.283999919891357,-5.185941945791246,-6.700865997519346,-3.671017894063146,scaffold,2030,rf_rdkit,random_forest,rdkit,none,77abfcdbb281d08df2e9fb09cf84b2a648ea9008
esol,7e7c49cadb6eca2c,CC(=O)OC1CCC2C3CCC4=CC(=O)CCC4(C)C3CCC12C,aqueous_solubility,log10(mol/L),train,O=C1C=C2CCC3C4CCCC4CCC3C2CC1,-5.184000015258789,-5.039746002912515,-6.5546700546406145,-3.524821951184415,scaffold,2030,rf_rdkit,random_forest,rdkit,none,77abfcdbb281d08df2e9fb09cf84b2a648ea9008
esol,744c94bb079c2bb4,CC(=O)OCC(=O)C1(O)C(C)CC2C3CCC4=CC(=O)C=CC4(C)C3(F)C(O)CC21C,aqueous_solubility,log10(mol/L),train,O=C1C=CC2C(=C1)CCC1C3CCCC3CCC21,-4.900000095367432,-4.741556061744701,-6.256480113472801,-3.2266320100166013,scaffold,2030,rf_rdkit,random_forest,rdkit,none,77abfcdbb281d08df2e9fb09cf84b2a648ea9008
esol,07046eaea87bf4e2,CC(=O)OCC(=O)C1(O)C(OC(C)=O)CC2C3CCC4=CC(=O)C=CC4(C)C3(F)C(O)CC21C,aqueous_solubility,log10(mol/L),train,O=C1C=CC2C(=C1)CCC1C3CCCC3CCC21,-4.130000114440918,-4.255688073396675,-5.770612125124774,-2.740764021668575,scaffold,2030,rf_rdkit,random_forest,rdkit,none,77abfcdbb281d08df2e9fb09cf84b2a648ea9008
esol,cc12069b3580cb1a,CC(=O)OCC(=O)C1(O)CCC2C3CCC4=CC(=O)C=CC4(C)C3C(O)CC21C,aqueous_solubility,log10(mol/L),train,O=C1C=CC2C(=C1)CCC1C3CCCC3CCC21,-4.369999885559082,-4.341557943582524,-5.856481995310624,-2.8266338918544243,scaffold,2030,rf_rdkit,random_forest,rdkit,none,77abfcdbb281d08df2e9fb09cf84b2a648ea9008
esol,3d089eb4f693a11e,CC(=O)OCC(=O)C1(O)CCC2C3CCC4=CC(=O)CCC4(C)C3C(=O)CC21C,aqueous_solubility,log10(mol/L),train,O=C1C=C2CCC3C4CCCC4CC(=O)C3C2CC1,-4.210000038146973,-4.240284026622773,-5.755208078350873,-2.7253599748946735,scaffold,2030,rf_rdkit,random_forest,rdkit,none,77abfcdbb281d08df2e9fb09cf84b2a648ea9008
esol,1111a5f49bc2a21c,CC(=O)OCC(=O)C1(O)CCC2C3CCC4=CC(=O)CCC4(C)C3C(O)CC21C,aqueous_solubility,log10(mol/L),train,O=C1C=C2CCC3C4CCCC4CCC3C2CC1,-4.880000114440918,-4.612322061061844,-6.127246112789944,-3.0973980093337445,scaffold,2030,rf_rdkit,random_forest,rdkit,none,77abfcdbb281d08df2e9fb09cf84b2a648ea9008
esol,db58b19853161161,CC(=O)OCC(=O)C1CCC2C3CCC4=CC(=O)CCC4(C)C3CCC12C,aqueous_solubility,log10(mol/L),train,O=C1C=C2CCC3C4CCCC4CCC3C2CC1,-4.630000114440918,-4.710078066349028,-6.2250021180771276,-3.195154014620928,scaffold,2030,rf_rdkit,random_forest,rdkit,none,77abfcdbb281d08df2e9fb09cf84b2a648ea9008
esol,c802460f2e388f09,CC(=O)OCC(C)C,aqueous_solubility,log10(mol/L),train,,-1.2100000381469727,-1.1473780245929928,-2.6623020763210925,0.367546027135107,scaffold,2030,rf_rdkit,random_forest,rdkit,none,77abfcdbb281d08df2e9fb09cf84b2a648ea9008
esol,55bc84385f2305fc,CC(=O)OCC(COC(C)=O)OC(C)=O,aqueous_solubility,log10(mol/L),train,,-0.6000000238418579,-1.0408960167989088,-2.5558200685270087,0.474028034929191,scaffold,2030,rf_rdkit,random_forest,rdkit,none,77abfcdbb281d08df2e9fb09cf84b2a648ea9008
esol,3105d2c69d258f40,CC(=O)OCCC(C)C,aqueous_solubility,log10(mol/L),train,,-1.9199999570846558,-1.774961973875764,-3.289886025603864,-0.2600379221476643,scaffold,2030,rf_rdkit,random_forest,rdkit,none,77abfcdbb281d08df2e9fb09cf84b2a648ea9008
esol,78eea6db86aaac00,CC(=O)OCN1C(=O)NC(c2ccccc2)(c2ccccc2)C1=O,aqueous_solubility,log10(mol/L),test,O=C1NC(=O)C(c2ccccc2)(c2ccccc2)N1,-4.46999979019165,-3.841705992937089,-5.356630044665189,-2.3267819412089894,scaffold,2030,rf_rdkit,random_forest,rdkit,none,77abfcdbb281d08df2e9fb09cf84b2a648ea9008
esol,f38d027d6672664b,CC(=O)SC1CC2=CC(=O)CCC2(C)C2CCC3(C)C(CCC34CCC(=O)O4)C12,aqueous_solubility,log10(mol/L),validation,O=C1C=C2CCC3C(CCC4C3CCC43CCC(=O)O3)C2CC1,-4.172999858856201,-4.95769599723816,-6.4726200489662595,-3.44277194551006,scaffold,2030,rf_rdkit,random_forest,rdkit,none,77abfcdbb281d08df2e9fb09cf84b2a648ea9008
esol,1ab070a2f685565e,CC(=O)c1ccccc1,aqueous_solubility,log10(mol/L),train,c1ccccc1,-1.2799999713897705,-1.3802439844161298,-2.89516803614423,0.1346800673119699,scaffold,2030,rf_rdkit,random_forest,rdkit,none,77abfcdbb281d08df2e9fb09cf84b2a648ea9008
esol,a011ab9a0bd7406b,CC(C)(C)C(=O)C(Oc1ccc(Cl)cc1)n1cncn1,aqueous_solubility,log10(mol/L),calibration,c1ccc(OCn2cncn2)cc1,-3.609999895095825,-3.731327991575004,-5.2462520433031035,-2.2164039398469044,scaffold,2030,rf_rdkit,random_forest,rdkit,none,77abfcdbb281d08df2e9fb09cf84b2a648ea9008
esol,6a037e1d876a10c4,CC(C)(C)CCO,aqueous_solubility,log10(mol/L),train,,-0.5,-0.6851719987541336,-2.2000960504822333,0.8297520529739661,scaffold,2030,rf_rdkit,random_forest,rdkit,none,77abfcdbb281d08df2e9fb09cf84b2a648ea9008
esol,8316fd00a391507c,CC(C)(C)CO,aqueous_solubility,log10(mol/L),train,,-0.4000000059604645,-0.38953400309010355,-1.9044580548182033,1.1253900486379962,scaffold,2030,rf_rdkit,random_forest,rdkit,none,77abfcdbb281d08df2e9fb09cf84b2a648ea9008
esol,4eb3d1ec75b7d913,CC(C)(C)Cc1ccccc1,aqueous_solubility,log10(mol/L),train,c1ccccc1,-4.150000095367432,-4.140866057157515,-5.655790108885615,-2.6259420054294154,scaffold,2030,rf_rdkit,random_forest,rdkit,none,77abfcdbb281d08df2e9fb09cf84b2a648ea9008
esol,5dfc781ddbce9df5,CC(C)(C)c1ccc(O)cc1,aqueous_solubility,log10(mol/L),train,c1ccccc1,-2.4100000858306885,-2.3703540542721715,-3.8852781060002712,-0.8554300025440718,scaffold,2030,rf_rdkit,random_forest,rdkit,none,77abfcdbb281d08df2e9fb09cf84b2a648ea9008
esol,ca95101160b65379,CC(C)(C)c1ccccc1,aqueous_solubility,log10(mol/L),train,c1ccccc1,-3.6600000858306885,-3.748472062945361,-5.26339611467346,-2.233548011217261,scaffold,2030,rf_rdkit,random_forest,rdkit,none,77abfcdbb281d08df2e9fb09cf84b2a648ea9008
esol,adff35ec9beff070,CC(C)=CC1C(C(=O)OCc2cccc(Oc3ccccc3)c2)C1(C)C,aqueous_solubility,log10(mol/L),validation,O=C(OCc1cccc(Oc2ccccc2)c1)C1CC1,-5.239999771118164,-5.200729995965956,-6.715654047694056,-3.685805944237856,scaffold,2030,rf_rdkit,random_forest,rdkit,none,77abfcdbb281d08df2e9fb09cf84b2a648ea9008
esol,e13f7769f4919957,CC(C)=CCC/C(C)=C\CO,aqueous_solubility,log10(mol/L),train,,-2.4600000381469727,-2.41668202292919,-3.9316060746572896,-0.9017579712010901,scaffold,2030,rf_rdkit,random_forest,rdkit,none,77abfcdbb281d08df2e9fb09cf84b2a648ea9008
esol,40ac45a42a9ad758,CC(C)=CCC1(C(C)C)C(=O)NC(=O)NC1=O,aqueous_solubility,log10(mol/L),train,O=C1CC(=O)NC(=O)N1,-2.5929999351501465,-2.560735961914064,-4.075660013642164,-1.0458119101859644,scaffold,2030,rf_rdkit,random_forest,rdkit,none,77abfcdbb281d08df2e9fb09cf84b2a648ea9008
esol,c898ecabb1da3e61,CC(C)=CCCC(C)=CC=O,aqueous_solubility,log10(mol/L),train,,-2.059999942779541,-2.292495964154602,-3.807420015882702,-0.7775719124265024,scaffold,2030,rf_rdkit,random_forest,rdkit,none,77abfcdbb281d08df2e9fb09cf84b2a648ea9008
esol,535c5d28e4e559d3,CC(C)Br,aqueous_solubility,log10(mol/L),train,,-1.590000033378601,-1.726936006426808,-3.2418600581549075,-0.21201195469870826,scaffold,2030,rf_rdkit,random_forest,rdkit,none,77abfcdbb281d08df2e9fb09cf84b2a648ea9008
esol,95987bd68786d9ee,CC(C)C,aqueous_solubility,log10(mol/L),train,,-2.549999952316284,-2.4284199701808395,-3.9433440219089393,-0.9134959184527398,scaffold,2030,rf_rdkit,random_forest,rdkit,none,77abfcdbb281d08df2e9fb09cf84b2a648ea9008
esol,e4f469dfbe6c7248,CC(C)C(=O)C(C)C,aqueous_solubility,log10(mol/L),train,,-1.2999999523162842,-1.2741799721531646,-2.789104023881264,0.24074407957493515,scaffold,2030,rf_rdkit,random_forest,rdkit,none,77abfcdbb281d08df2e9fb09cf84b2a648ea9008
esol,801fb00fd3e0c4d5,CC(C)C(C(=O)OC(C#N)c1cccc(Oc2ccccc2)c1)c1ccc(OC(F)F)cc1,aqueous_solubility,log10(mol/L),train,O=C(Cc1ccccc1)OCc1cccc(Oc2ccccc2)c1,-6.875999927520752,-6.228639956712704,-7.743564008440804,-4.713715904984604,scaffold,2030,rf_rdkit,random_forest,rdkit,none,77abfcdbb281d08df2e9fb09cf84b2a648ea9008
esol,971a2d381549e1b6,CC(C)C(C)(C)C,aqueous_solubility,log10(mol/L),train,,-4.360000133514404,-4.210228088021274,-5.725152139749373,-2.695304036293174,scaffold,2030,rf_rdkit,random_forest,rdkit,none,77abfcdbb281d08df2e9fb09cf84b2a648ea9008
esol,9930f08568272bf1,CC(C)C(C)C,aqueous_solubility,log10(mol/L),train,,-3.6500000953674316,-3.6686080824136695,-5.183532134141769,-2.15368403068557,scaffold,2030,rf_rdkit,random_forest,rdkit,none,77abfcdbb281d08df2e9fb09cf84b2a648ea9008
esol,c18974050e7ee138,CC(C)C(C)C(C)C,aqueous_solubility,log10(mol/L),train,,-4.800000190734863,-4.614284139394766,-6.129208191122865,-3.099360087666666,scaffold,2030,rf_rdkit,random_forest,rdkit,none,77abfcdbb281d08df2e9fb09cf84b2a648ea9008
esol,978ea76b5feb1686,CC(C)C(C)O,aqueous_solubility,log10(mol/L),train,,-0.18000000715255737,-0.24646000394971734,-1.761384055677817,1.2684640477783824,scaffold,2030,rf_rdkit,random_forest,rdkit,none,77abfcdbb281d08df2e9fb09cf84b2a648ea9008
esol,e2b7150c83e31acf,CC(C)C(Nc1ccc(C(F)(F)F)cc1Cl)C(=O)OC(C#N)c1cccc(Oc2ccccc2)c1,aqueous_solubility,log10(mol/L),test,O=C(CNc1ccccc1)OCc1cccc(Oc2ccccc2)c1,-8.003000259399414,-5.6988179717063865,-7.213742023434486,-4.183893919978287,scaffold,2030,rf_rdkit,random_forest,rdkit,none,77abfcdbb281d08df2e9fb09cf84b2a648ea9008
esol,32ad98a585def53e,CC(C)C(O)C(C)C,aqueous_solubility,log10(mol/L),train,,-1.2200000286102295,-1.2188160216212214,-2.7337400733493213,0.29610803010687836,scaffold,2030,rf_rdkit,random_forest,rdkit,none,77abfcdbb281d08df2e9fb09cf84b2a648ea9008
esol,bb33156a890031e5,CC(C)C1(C(C)C)C(=O)NC(=O)NC1=O,aqueous_solubility,log10(mol/L),train,O=C1CC(=O)NC(=O)N1,-2.7660000324249268,-2.605008031815291,-4.119932083543391,-1.0900839800871913,scaffold,2030,rf_rdkit,random_forest,rdkit,none,77abfcdbb281d08df2e9fb09cf84b2a648ea9008
esol,a9f5cc2dbef55d82,CC(C)CBr,aqueous_solubility,log10(mol/L),train,,-2.430000066757202,-2.399922039687631,-3.914846091415731,-0.8849979879595313,scaffold,2030,rf_rdkit,random_forest,rdkit,none,77abfcdbb281d08df2e9fb09cf84b2a648ea9008
esol,9767ef661176963a,CC(C)CC(C)(C)C,aqueous_solubility,log10(mol/L),train,,-4.739999771118164,-4.561613891601558,-6.076537943329658,-3.0466898398734585,scaffold,2030,rf_rdkit,random_forest,rdkit,none,77abfcdbb281d08df2e9fb09cf84b2a648ea9008
esol,65c6ae561970a8f6,CC(C)CC(C)(C)O,aqueous_solubility,log10(mol/L),train,,-0.9200000166893005,-0.9698880144767523,-2.484812066204852,0.5450360372513474,scaffold,2030,rf_rdkit,random_forest,rdkit,none,77abfcdbb281d08df2e9fb09cf84b2a648ea9008
esol,fc51136a8a654d34,CC(C)CC(C)C,aqueous_solubility,log10(mol/L),train,,-4.260000228881836,-4.150902162075037,-5.665826213803137,-2.6359781103469375,scaffold,2030,rf_rdkit,random_forest,rdkit,none,77abfcdbb281d08df2e9fb09cf84b2a648ea9008
esol,007b2ee5ac048d20,CC(C)CC(C)O,aqueous_solubility,log10(mol/L),train,,-0.800000011920929,-0.764180006906404,-2.2791040586345037,0.7507440448216958,scaffold,2030,rf_rdkit,random_forest,rdkit,none,77abfcdbb281d08df2e9fb09cf84b2a648ea9008
esol,2774ef2a0e9764fc,CC(C)CCC(C)(C)C,aqueous_solubility,log10(mol/L),train,,-5.050000190734863,-4.912898111343376,-6.427822163071475,-3.397974059615276,scaffold,2030,rf_rdkit,random_forest,rdkit,none,77abfcdbb281d08df2e9fb09cf84b2a648ea9008
esol,adfdc3a538b6bc95,CC(C)CCCCCOC(=O)c1ccccc1C(=O)OCCCCCC(C)C,aqueous_solubility,log10(mol/L),train,c1ccccc1,-6.63700008392334,-6.432128037039174,-7.947052088767274,-4.917203985311074,scaffold,2030,rf_rdkit,random_forest,rdkit,none,77abfcdbb281d08df2e9fb09cf84b2a648ea9008
esol,326152527f8ef260,CC(C)CCCO,aqueous_solubility,log10(mol/L),train,,-1.1399999856948853,-1.0591799897253436,-2.5741040414534435,0.4557440620027562,scaffold,2030,rf_rdkit,random_forest,rdkit,none,77abfcdbb281d08df2e9fb09cf84b2a648ea9008
esol,e72c942c9f10c105,CC(C)CCO,aqueous_solubility,log10(mol/L),train,,-0.5099999904632568,-0.5201759932041088,-2.0351000449322085,0.994748058523991,scaffold,2030,rf_rdkit,random_forest,rdkit,none,77abfcdbb281d08df2e9fb09cf84b2a648ea9008
esol,580633e5949870be,CC(C)CCOC=O,aqueous_solubility,log10(mol/L),train,,-1.5199999809265137,-1.4470539879389108,-2.9619780396670103,0.06787006378918892,scaffold,2030,rf_rdkit,random_forest,rdkit,none,77abfcdbb281d08df2e9fb09cf84b2a648ea9008
esol,044d6817573e4ec1,CC(C)CCl,aqueous_solubility,log10(mol/L),train,,-2.0,-1.9643680059686295,-3.4792920576967292,-0.44944395424052974,scaffold,2030,rf_rdkit,random_forest,rdkit,none,77abfcdbb281d08df2e9fb09cf84b2a648ea9008
esol,c7e2af3674efd1e5,CC(C)CNC(=O)N1CCNC1=O,aqueous_solubility,log10(mol/L),train,O=C1NCCN1,-2.1500000953674316,-2.0654800652936047,-3.5804041170217045,-0.550556013565505,scaffold,2030,rf_rdkit,random_forest,rdkit,none,77abfcdbb281d08df2e9fb09cf84b2a648ea9008
esol,41c39e97374aea92,CC(C)CO,aqueous_solubility,log10(mol/L),train,,0.10000000149011612,0.01906000062450408,-1.4958640511035957,1.5339840523526038,scaffold,2030,rf_rdkit,random_forest,rdkit,none,77abfcdbb281d08df2e9fb09cf84b2a648ea9008
esol,a5b3130b9ae3a50f,CC(C)COC=O,aqueous_solubility,log10(mol/L),train,,-1.0099999904632568,-1.0265999958217096,-2.5415240475498093,0.48832405590639016,scaffold,2030,rf_rdkit,random_forest,rdkit,none,77abfcdbb281d08df2e9fb09cf84b2a648ea9008
esol,89b6828cf758e524,CC(C)Cc1ccccc1,aqueous_solubility,log10(mol/L),train,c1ccccc1,-4.119999885559082,-4.05205991876125,-5.56698397048935,-2.5371358670331503,scaffold,2030,rf_rdkit,random_forest,rdkit,none,77abfcdbb281d08df2e9fb09cf84b2a648ea9008
esol,6a779f0d95ea7e4a,CC(C)Cl,aqueous_solubility,log10(mol/L),train,,-1.409999966621399,-1.464287978827958,-2.9792120305560577,0.050636072900141826,scaffold,2030,rf_rdkit,random_forest,rdkit,none,77abfcdbb281d08df2e9fb09cf84b2a648ea9008
esol,24f73c6fe92d75d5,CC(C)I,aqueous_solubility,log10(mol/L),train,,-2.0899999141693115,-2.0903799430131924,-3.605303994741292,-0.5754558912850927,scaffold,2030,rf_rdkit,random_forest,rdkit,none,77abfcdbb281d08df2e9fb09cf84b2a648ea9008
esol,277fa10e772d1085,CC(C)N(C(=O)CCl)c1ccccc1,aqueous_solubility,log10(mol/L),train,c1ccccc1,-2.4800000190734863,-2.678352008223533,-4.193276059951632,-1.163427956495433,scaffold,2030,rf_rdkit,random_forest,rdkit,none,77abfcdbb281d08df2e9fb09cf84b2a648ea9008
esol,bfb579ee7985265c,CC(C)N(C(=O)SCC(Cl)=C(Cl)Cl)C(C)C,aqueous_solubility,log10(mol/L),train,,-4.880000114440918,-4.65600005674361,-6.17092410847171,-3.1410760050155107,scaffold,2030,rf_rdkit,random_forest,rdkit,none,77abfcdbb281d08df2e9fb09cf84b2a648ea9008
esol,70d46896362ebbb7,CC(C)N(C(=O)SCC(Cl)=CCl)C(C)C,aqueous_solubility,log10(mol/L),train,,-4.285999774932861,-4.09588386559487,-5.61080791732297,-2.5809598138667704,scaffold,2030,rf_rdkit,random_forest,rdkit,none,77abfcdbb281d08df2e9fb09cf84b2a648ea9008
esol,7e3c17dbde2fb402,CC(C)NC(=O)N1CC(=O)N(c2cc(Cl)cc(Cl)c2)C1=O,aqueous_solubility,log10(mol/L),train,O=C1CNC(=O)N1c1ccccc1,-4.375999927520752,-4.179805955648421,-5.694730007376521,-2.664881903920321,scaffold,2030,rf_rdkit,random_forest,rdkit,none,77abfcdbb281d08df2e9fb09cf84b2a648ea9008
esol,c6b4be5527562b2b,CC(C)Nc1nc(Cl)nc(NC(C)C)n1,aqueous_solubility,log10(mol/L),train,c1ncncn1,-4.429999828338623,-4.147091889142987,-5.662015940871087,-2.6321678374148876,scaffold,2030,rf_rdkit,random_forest,rdkit,none,77abfcdbb281d08df2e9fb09cf84b2a648ea9008
esol,cda3c19cb61dcf61,CC(C)O,aqueous_solubility,log10(mol/L),train,,0.4300000071525574,0.3879380048513559,-1.1269860468767439,1.9028620565794556,scaffold,2030,rf_rdkit,random_forest,rdkit,none,77abfcdbb281d08df2e9fb09cf84b2a648ea9008
esol,29b5883563652a4a,CC(C)OC(=O)C(O)(c1ccc(Br)cc1)c1ccc(Br)cc1,aqueous_solubility,log10(mol/L),calibration,c1ccc(Cc2ccccc2)cc1,-4.929999828338623,-4.807335987314585,-6.322260039042685,-3.292411935586485,scaffold,2030,rf_rdkit,random_forest,rdkit,none,77abfcdbb281d08df2e9fb09cf84b2a648ea9008
esol,3a93ce33b34309ec,CC(C)OC(=O)C(O)(c1ccc(Cl)cc1)c1cccc(Cl)c1,aqueous_solubility,log10(mol/L),calibration,c1ccc(Cc2ccccc2)cc1,-4.53000020980835,-4.610474011540419,-6.125398063268519,-3.0955499598123195,scaffold,2030,rf_rdkit,random_forest,rdkit,none,77abfcdbb281d08df2e9fb09cf84b2a648ea9008
esol,fe1b8ef4223e48b9,CC(C)OC(=O)Nc1cccc(Cl)c1,aqueous_solubility,log10(mol/L),train,c1ccccc1,-3.380000114440918,-3.2679500780105606,-4.78287412973866,-1.7530260262824608,scaffold,2030,rf_rdkit,random_forest,rdkit,none,77abfcdbb281d08df2e9fb09cf84b2a648ea9008
esol,c058498368b6f45f,CC(C)OC(C)C,aqueous_solubility,log10(mol/L),train,,-1.100000023841858,-1.1046240189000989,-2.6195480706281984,0.41030003282800087,scaffold,2030,rf_rdkit,random_forest,rdkit,none,77abfcdbb281d08df2e9fb09cf84b2a648ea9008
esol,64969de570667f54,CC(C)OC=O,aqueous_solubility,log10(mol/L),train,,-0.6299999952316284,-0.5314079977497315,-2.046332049477831,0.9835160539783683,scaffold,2030,rf_rdkit,random_forest,rdkit,none,77abfcdbb281d08df2e9fb09cf84b2a648ea9008
esol,a4f756df109453e5,CC(C)OP(=S)(OC(C)C)SCCNS(=O)(=O)c1ccccc1,aqueous_solubility,log10(mol/L),train,c1ccccc1,-4.199999809265137,-4.285193871736536,-5.800117923464636,-2.770269820008436,scaffold,2030,rf_rdkit,random_forest,rdkit,none,77abfcdbb281d08df2e9fb09cf84b2a648ea9008
esol,ee085d3f01995af6,CC(C)Oc1cc(-n2nc(C(C)(C)C)oc2=O)c(Cl)cc1Cl,aqueous_solubility,log10(mol/L),train,O=c1ocnn1-c1ccccc1,-5.696000099182129,-5.231872058510801,-6.7467961102389005,-3.716948006782701,scaffold,2030,rf_rdkit,random_forest,rdkit,none,77abfcdbb281d08df2e9fb09cf84b2a648ea9008
esol,76ccfd6237ac9890,CC(C)SC(C)C,aqueous_solubility,log10(mol/L),train,,-2.240000009536743,-2.455492011785509,-3.9704160635136088,-0.9405679600574093,scaffold,2030,rf_rdkit,random_forest,rdkit,none,77abfcdbb281d08df2e9fb09cf84b2a648ea9008
esol,a33de185411c9169,CC(C)[N+](=O)[O-],aqueous_solubility,log10(mol/L),train,,-0.6200000047683716,-0.5009820034019543,-2.015906055130054,1.0139420483261454,scaffold,2030,rf_rdkit,random_forest,rdkit,none,77abfcdbb281d08df2e9fb09cf84b2a648ea9008
esol,5bf16fbdd33fd7e5,CC(C)c1ccc(NC(=O)N(C)C)cc1,aqueous_solubility,log10(mol/L),train,c1ccccc1,-3.5360000133514404,-3.392972006440164,-4.907896058168264,-1.878047954712064,scaffold,2030,rf_rdkit,random_forest,rdkit,none,77abfcdbb281d08df2e9fb09cf84b2a648ea9008
esol,ebcaf3b06d31e23c,CC(C)c1ccccc1,aqueous_solubility,log10(mol/L),train,c1ccccc1,-3.2699999809265137,-3.3971779825687456,-4.912102034296845,-1.8822539308406459,scaffold,2030,rf_rdkit,random_forest,rdkit,none,77abfcdbb281d08df2e9fb09cf84b2a648ea9008
esol,e826c8452f856a21,CC(Cl)(Cl)Cl,aqueous_solubility,log10(mol/L),train,,-2.0,-2.054067991971968,-3.5689920437000677,-0.5391439402438682,scaffold,2030,rf_rdkit,random_forest,rdkit,none,77abfcdbb281d08df2e9fb09cf84b2a648ea9008
esol,ae412188d225d1ff,CC(Cl)CCl,aqueous_solubility,log10(mol/L),train,,-1.600000023841858,-1.634998016640554,-3.149922068368654,-0.12007396491245426,scaffold,2030,rf_rdkit,random_forest,rdkit,none,77abfcdbb281d08df2e9fb09cf84b2a648ea9008
esol,6fc705daaa981f1c,CC(Cl)Cl,aqueous_solubility,log10(mol/L),train,,-1.2899999618530273,-1.3712999726533996,-2.8862240243814994,0.1436240790747001,scaffold,2030,rf_rdkit,random_forest,rdkit,none,77abfcdbb281d08df2e9fb09cf84b2a648ea9008
esol,ca06354cc736b665,CC(N)=O,aqueous_solubility,log10(mol/L),train,,1.5800000429153442,1.1568160251453259,-0.35810802658277385,2.6717400768734256,scaffold,2030,rf_rdkit,random_forest,rdkit,none,77abfcdbb281d08df2e9fb09cf84b2a648ea9008
esol,ac8678e7da550080,CC(O)C(C)(C)C,aqueous_solubility,log10(mol/L),train,,-0.6200000047683716,-0.6875720051228904,-2.20249605685099,0.8273520466052093,scaffold,2030,rf_rdkit,random_forest,rdkit,none,77abfcdbb281d08df2e9fb09cf84b2a648ea9008
esol,37f42148c61ea59a,CC(O)c1ccccc1,aqueous_solubility,log10(mol/L),train,c1ccccc1,-0.9200000166893005,-1.1197500104904223,-2.6346740622185223,0.3951740412376774,scaffold,2030,rf_rdkit,random_forest,rdkit,none,77abfcdbb281d08df2e9fb09cf84b2a648ea9008
esol,5a24ac22a4147a29,CC1(C)C(=O)NC(=O)NC1=O,aqueous_solubility,log10(mol/L),train,O=C1CC(=O)NC(=O)N1,-1.7419999837875366,-1.6307759928703338,-3.1457000445984336,-0.11585194114223407,scaffold,2030,rf_rdkit,random_forest,rdkit,none,77abfcdbb281d08df2e9fb09cf84b2a648ea9008
esol,ad73c6a3bc5310b2,CC1(C)C(C(=O)OC(C#N)c2cccc(Oc3ccccc3)c2)C1(C)C,aqueous_solubility,log10(mol/L),validation,O=C(OCc1cccc(Oc2ccccc2)c1)C1CC1,-6.025000095367432,-5.272971993446351,-6.787896045174451,-3.7580479417182513,scaffold,2030,rf_rdkit,random_forest,rdkit,none,77abfcdbb281d08df2e9fb09cf84b2a648ea9008
esol,f4cd15c48a6c1364,CC1(C)C(C=C(Br)Br)C1C(=O)OC(C#N)c1cccc(Oc2ccccc2)c1,aqueous_solubility,log10(mol/L),validation,O=C(OCc1cccc(Oc2ccccc2)c1)C1CC1,-8.402000427246094,-5.4200059971809385,-6.934930048909038,-3.9050819454528387,scaffold,2030,rf_rdkit,random_forest,rdkit,none,77abfcdbb281d08df2e9fb09cf84b2a648ea9008
esol,b671f3921f45bbf0,CC1(C)C(C=C(Cl)C(F)(F)F)C1C(=O)OC(C#N)c1cccc(Oc2ccccc2)c1,aqueous_solubility,log10(mol/L),validation,O=C(OCc1cccc(Oc2ccccc2)c1)C1CC1,-8.175999641418457,-5.670039986968038,-7.184964038696138,-4.155115935239938,scaffold,2030,rf_rdkit,random_forest,rdkit,none,77abfcdbb281d08df2e9fb09cf84b2a648ea9008
esol,fe6fc5479a503890,CC1(C)C(C=C(Cl)Cl)C1C(=O)OC(C#N)c1ccc(F)c(Oc2ccccc2)c1,aqueous_solubility,log10(mol/L),validation,O=C(OCc1cccc(Oc2ccccc2)c1)C1CC1,-7.336999893188477,-5.3967519968748086,-6.911676048602908,-3.881827945146709,scaffold,2030,rf_rdkit,random_forest,rdkit,none,77abfcdbb281d08df2e9fb09cf84b2a648ea9008
esol,2cf7a20f75b7dd82,CC1(C)C(C=C(Cl)Cl)C1C(=O)OC(C#N)c1cccc(Oc2ccccc2)c1,aqueous_solubility,log10(mol/L),validation,O=C(OCc1cccc(Oc2ccccc2)c1)C1CC1,-8.017000198364258,-5.504885997176171,-7.0198100489042705,-3.989961945448071,scaffold,2030,rf_rdkit,random_forest,rdkit,none,77abfcdbb281d08df2e9fb09cf84b2a648ea9008
esol,4fcaa23e29a00d85,CC1(C)C(C=C(Cl)Cl)C1C(=O)OCc1cccc(Oc2ccccc2)c1,aqueous_solubility,log10(mol/L),validation,O=C(OCc1cccc(Oc2ccccc2)c1)C1CC1,-6.290999889373779,-5.4210620024204275,-6.935986054148527,-3.9061379506923277,scaffold,2030,rf_rdkit,random_forest,rdkit,none,77abfcdbb281d08df2e9fb09cf84b2a648ea9008
esol,51653ae53f89ae0c,CC1(C)C2CCC1(C)C(O)C2,aqueous_solubility,log10(mol/L),train,C1CC2CCC1C2,-2.319999933242798,-2.335555963154884,-3.850480014882984,-0.8206319114267844,scaffold,2030,rf_rdkit,random_forest,rdkit,none,77abfcdbb281d08df2e9fb09cf84b2a648ea9008
esol,db019bf83d05a9d8,CC1(C)CON(Cc2ccccc2Cl)C1=O,aqueous_solubility,log10(mol/L),test,O=C1CCON1Cc1ccccc1,-2.3380000591278076,-3.2580980058908464,-4.773022057618946,-1.7431739541627467,scaffold,2030,rf_rdkit,random_forest,rdkit,none,77abfcdbb281d08df2e9fb09cf84b2a648ea9008
esol,308633e920b6ab7c,CC1(C)OC2CC3C4CCC5=CC(=O)C=CC5(C)C4(F)C(O)CC3(C)C2(C(=O)CO)O1,aqueous_solubility,log10(mol/L),train,O=C1C=CC2C(=C1)CCC1C2CCC2C1CC1OCOC12,-4.309999942779541,-4.309895973980433,-5.824820025708533,-2.7949719222523335,scaffold,2030,rf_rdkit,random_forest,rdkit,none,77abfcdbb281d08df2e9fb09cf84b2a648ea9008
esol,8bc400d159a3a189,CC12C=CC(=O)C=C1CCC1C2C(O)CC2(C)C1CCC2(O)C(=O)CO,aqueous_solubility,log10(mol/L),train,O=C1C=CC2C(=C1)CCC1C3CCCC3CCC21,-3.180000066757202,-3.3070020298957816,-4.821926081623881,-1.7920779781676819,scaffold,2030,rf_rdkit,random_forest,rdkit,none,77abfcdbb281d08df2e9fb09cf84b2a648ea9008
esol,561a6a9236d5f10f,CC12C=CC(=O)C=C1CCC1C3CC(O)C(O)(C(=O)CO)C3(C)CC(O)C12F,aqueous_solubility,log10(mol/L),train,O=C1C=CC2C(=C1)CCC1C3CCCC3CCC21,-3.680000066757202,-3.728294035792353,-5.243218087520453,-2.2133699840642533,scaffold,2030,rf_rdkit,random_forest,rdkit,none,77abfcdbb281d08df2e9fb09cf84b2a648ea9008
esol,06060f1f62be068f,CC12CC(=O)C3C(CCC4=CC(=O)CCC43C)C1CCC2=O,aqueous_solubility,log10(mol/L),test,O=C1C=C2CCC3C4CCC(=O)C4CC(=O)C3C2CC1,-3.4800000190734863,-4.09222400701046,-5.607148058738559,-2.57729995528236,scaffold,2030,rf_rdkit,random_forest,rdkit,none,77abfcdbb281d08df2e9fb09cf84b2a648ea9008
esol,eab4b4949a3f41a8,CC12CC1(C)C(=O)N(c1cc(Cl)cc(Cl)c1)C2=O,aqueous_solubility,log10(mol/L),train,O=C1C2CC2C(=O)N1c1ccccc1,-4.800000190734863,-4.445434123516089,-5.960358175244188,-2.930510071787989,scaffold,2030,rf_rdkit,random_forest,rdkit,none,77abfcdbb281d08df2e9fb09cf84b2a648ea9008
esol,853813295aac305d,CC12CCC(=O)C=C1CCC1C2C(=O)CC2(C)C1CCC2(O)C(=O)CO,aqueous_solubility,log10(mol/L),train,O=C1C=C2CCC3C4CCCC4CC(=O)C3C2CC1,-3.109999895095825,-3.2778759245872493,-4.792799976315349,-1.7629518728591496,scaffold,2030,rf_rdkit,random_forest,rdkit,none,77abfcdbb281d08df2e9fb09cf84b2a648ea9008
esol,b030c0b4441d718d,CC12CCC(=O)C=C1CCC1C2C(O)CC2(C)C(C(=O)CO)CCC12,aqueous_solubility,log10(mol/L),train,O=C1C=C2CCC3C4CCCC4CCC3C2CC1,-3.240000009536743,-3.425092007637021,-4.940016059365121,-1.9101679559089213,scaffold,2030,rf_rdkit,random_forest,rdkit,none,77abfcdbb281d08df2e9fb09cf84b2a648ea9008
esol,66ce1fff4359da1b,CC12CCC(=O)C=C1CCC1C2C(O)CC2(C)C1CCC2(O)C(=O)CO,aqueous_solubility,log10(mol/L),train,O=C1C=C2CCC3C4CCCC4CCC3C2CC1,-3.0899999141693115,-3.266087946653369,-4.781011998381469,-1.7511638949252695,scaffold,2030,rf_rdkit,random_forest,rdkit,none,77abfcdbb281d08df2e9fb09cf84b2a648ea9008
esol,16ed90921e2e8d8e,CC12CCC(=O)C=C1CCC1C2C(O)CC2(C=O)C(C(=O)CO)CCC12,aqueous_solubility,log10(mol/L),train,O=C1C=C2CCC3C4CCCC4CCC3C2CC1,-3.8499999046325684,-3.701253936529163,-5.216177988257263,-2.1863298848010633,scaffold,2030,rf_rdkit,random_forest,rdkit,none,77abfcdbb281d08df2e9fb09cf84b2a648ea9008
esol,e9814f0ffa3f1075,CC12CCC(=O)C=C1CCC1C2CCC2(C)C(C(=O)CO)CCC12,aqueous_solubility,log10(mol/L),train,O=C1C=C2CCC3C4CCCC4CCC3C2CC1,-3.450000047683716,-3.7495520272254916,-5.264476078953591,-2.234627975497392,scaffold,2030,rf_rdkit,random_forest,rdkit,none,77abfcdbb281d08df2e9fb09cf84b2a648ea9008
esol,6db1181db60789c5,CC12CCC(=O)C=C1CCC1C2CCC2(C)C(O)CCC12,aqueous_solubility,log10(mol/L),train,O=C1C=C2CCC3C4CCCC4CCC3C2CC1,-4.019999980926514,-4.078129994004959,-5.593054045733059,-2.563205942276859,scaffold,2030,rf_rdkit,random_forest,rdkit,none,77abfcdbb281d08df2e9fb09cf84b2a648ea9008
esol,a410bd3aa9a97d06,CC12CCC(=O)C=C1CCC1C2CCC2(C)C1CCC2(C)O,aqueous_solubility,log10(mol/L),train,O=C1C=C2CCC3C4CCCC4CCC3C2CC1,-3.999000072479248,-4.183888034433124,-5.698812086161224,-2.6689639827050247,scaffold,2030,rf_rdkit,random_forest,rdkit,none,77abfcdbb281d08df2e9fb09cf84b2a648ea9008
esol,b37910a504cc939f,CC12CCC(=O)C=C1CCC1C3CCC(O)(C(=O)CO)C3(C)CC(O)C12F,aqueous_solubility,log10(mol/L),train,O=C1C=C2CCC3C4CCCC4CCC3C2CC1,-3.430000066757202,-3.554032028138641,-5.068956079866741,-2.0391079764105413,scaffold,2030,rf_rdkit,random_forest,rdkit,none,77abfcdbb281d08df2e9fb09cf84b2a648ea9008
esol,fc86c422a483c072,CC12CCC(C1)C(C)(C)C2=O,aqueous_solubility,log10(mol/L),train,O=C1CC2CCC1C2,-1.850000023841858,-1.977926021218298,-3.492850072946398,-0.46300196949019834,scaffold,2030,rf_rdkit,random_forest,rdkit,none,77abfcdbb281d08df2e9fb09cf84b2a648ea9008
esol,1fb8edc59b2eefb0,CC12CCC(CC1)C(C)(C)O2,aqueous_solubility,log10(mol/L),calibration,C1CC2CCC1CO2,-1.6899999976158142,-2.716262003034353,-4.231186054762453,-1.2013379513062534,scaffold,2030,rf_rdkit,random_forest,rdkit,none,77abfcdbb281d08df2e9fb09cf84b2a648ea9008
esol,d3c0277d3ba07790,CC12CCC(CC1=O)C2(C)C,aqueous_solubility,log10(mol/L),train,O=C1CC2CCC1C2,-1.9600000381469727,-2.030524026870733,-3.5454480785988327,-0.5155999751426332,scaffold,2030,rf_rdkit,random_forest,rdkit,none,77abfcdbb281d08df2e9fb09cf84b2a648ea9008
esol,dccc95418d7103ad,CC12CCC3C(=CCc4cc(O)ccc43)C1CCC2=O,aqueous_solubility,log10(mol/L),calibration,O=C1CCC2C3=CCc4ccccc4C3CCC12,-5.2820000648498535,-3.930699989289044,-5.445624041017144,-2.4157759375609444,scaffold,2030,rf_rdkit,random_forest,rdkit,none,77abfcdbb281d08df2e9fb09cf84b2a648ea9008
esol,70d2277f708f35c0,CC12CCC3C(CC=C4CC(O)CCC43C)C1CCC2=O,aqueous_solubility,log10(mol/L),validation,O=C1CCC2C1CCC1C3CCCCC3=CCC21,-4.119999885559082,-4.329137994203714,-5.844062045931814,-2.8142139424756145,scaffold,2030,rf_rdkit,random_forest,rdkit,none,77abfcdbb281d08df2e9fb09cf84b2a648ea9008
esol,3262b47324486ddb,CC12CCC3C(CCC4=CC(=O)CCC43C)C1CCC2=O,aqueous_solubility,log10(mol/L),calibration,O=C1C=C2CCC3C4CCC(=O)C4CCC3C2CC1,-3.690000057220459,-4.382758012950419,-5.897682064678519,-2.8678339612223196,scaffold,2030,rf_rdkit,random_forest,rdkit,none,77abfcdbb281d08df2e9fb09cf84b2a648ea9008
esol,5eb9d5702255e00b,CC12CCC3C(CCC4CC(=O)CCC43C)C1CCC2O,aqueous_solubility,log10(mol/L),validation,O=C1CCC2C(CCC3C4CCCC4CCC23)C1,-4.743000030517578,-4.084894011054185,-5.599818062782285,-2.5699699593260856,scaffold,2030,rf_rdkit,random_forest,rdkit,none,77abfcdbb281d08df2e9fb09cf84b2a648ea9008
esol,d792bed320b4011c,CC12CCC3C(CCC4CC(O)CCC43C)C1CCC2=O,aqueous_solubility,log10(mol/L),calibration,O=C1CCC2C1CCC1C3CCCCC3CCC21,-4.2809998989105225,-4.068220011744646,-5.583144063472746,-2.5532959600165466,scaffold,2030,rf_rdkit,random_forest,rdkit,none,77abfcdbb281d08df2e9fb09cf84b2a648ea9008
esol,b908be84e83c2496,CC12CCC3C(CCC4CC5SC5CC43C)C1CCC2O,aqueous_solubility,log10(mol/L),validation,C1CC2CCC3C4CC5SC5CC4CCC3C2C1,-5.409999847412109,-4.344657997876405,-5.859582049604505,-2.8297339461483055,scaffold,2030,rf_rdkit,random_forest,rdkit,none,77abfcdbb281d08df2e9fb09cf84b2a648ea9008
esol,2daaedea250881cb,CC12CCC3c4ccc(O)cc4CCC3C1CC(O)C2O,aqueous_solubility,log10(mol/L),validation,c1ccc2c(c1)CCC1C2CCC2CCCC21,-4.954999923706055,-3.436078000757843,-4.951002052485943,-1.9211539490297431,scaffold,2030,rf_rdkit,random_forest,rdkit,none,77abfcdbb281d08df2e9fb09cf84b2a648ea9008
esol,9b5249c4f004fb08,CC12CCC3c4ccc(O)cc4CCC3C1CCC2=O,aqueous_solubility,log10(mol/L),test,O=C1CCC2C1CCC1c3ccccc3CCC12,-3.9549999237060547,-3.898867993805556,-5.413792045533656,-2.3839439420774564,scaffold,2030,rf_rdkit,random_forest,rdkit,none,77abfcdbb281d08df2e9fb09cf84b2a648ea9008
esol,549c66ea8743a7af,CC12CCC3c4ccc(O)cc4CCC3C1CCC2O,aqueous_solubility,log10(mol/L),validation,c1ccc2c(c1)CCC1C2CCC2CCCC21,-5.03000020980835,-3.767455992434171,-5.28238004416227,-2.252531940706071,scaffold,2030,rf_rdkit,random_forest,rdkit,none,77abfcdbb281d08df2e9fb09cf84b2a648ea9008
esol,673567a4582a20ec,CC12CCc3c(ccc4cc(O)ccc34)C1CCC2=O,aqueous_solubility,log10(mol/L),test,O=C1CCC2c3ccc4ccccc4c3CCC12,-5.239999771118164,-4.068949986457825,-5.583874038185924,-2.554025934729725,scaffold,2030,rf_rdkit,random_forest,rdkit,none,77abfcdbb281d08df2e9fb09cf84b2a648ea9008
esol,6cc22f666ec43b0c,CC1=C(C(=O)Nc2ccccc2)CCCO1,aqueous_solubility,log10(mol/L),calibration,O=C(Nc1ccccc1)C1=COCCC1,-2.559999942779541,-2.981585993140936,-4.496510044869035,-1.4666619414128363,scaffold,2030,rf_rdkit,random_forest,rdkit,none,77abfcdbb281d08df2e9fb09cf84b2a648ea9008
esol,2e8679647e9c7af4,CC1=C(C(=O)Nc2ccccc2)S(=O)(=O)CCO1,aqueous_solubility,log10(mol/L),train,O=C(Nc1ccccc1)C1=COCCS1(=O)=O,-2.2809998989105225,-2.494191929042338,-4.009115980770438,-0.9792678773142383,scaffold,2030,rf_rdkit,random_forest,rdkit,none,77abfcdbb281d08df2e9fb09cf84b2a648ea9008
esol,b5b4cb2a5e9b9324,CC1=C(C(=O)Nc2ccccc2)SCCO1,aqueous_solubility,log10(mol/L),calibration,O=C(Nc1ccccc1)C1=COCCS1,-3.140000104904175,-3.012387987047434,-4.527312038775534,-1.4974639353193342,scaffold,2030,rf_rdkit,random_forest,rdkit,none,77abfcdbb281d08df2e9fb09cf84b2a648ea9008
esol,7efcd8aa4b87cc1a,CC1=C2C3OC(=O)C(C)C3CCC2(C)C=CC1=O,aqueous_solubility,log10(mol/L),calibration,O=C1C=CC2CCC3CC(=O)OC3C2=C1,-3.0899999141693115,-3.351920008357615,-4.866844060085715,-1.836995956629515,scaffold,2030,rf_rdkit,random_forest,rdkit,none,77abfcdbb281d08df2e9fb09cf84b2a648ea9008
esol,96de9e25198b2092,CC1=CC(=O)CC(C)(C)C1,aqueous_solubility,log10(mol/L),test,O=C1C=CCCC1,-1.059999942779541,-2.0303120054416355,-3.5452360571697352,-0.5153879537135357,scaffold,2030,rf_rdkit,random_forest,rdkit,none,77abfcdbb281d08df2e9fb09cf84b2a648ea9008
esol,f59c469fca861fbf,CC1=CC(=O)c2ccccc2C1=O,aqueous_solubility,log10(mol/L),calibration,O=C1C=CC(=O)c2ccccc21,-3.0299999713897705,-2.725299985587597,-4.240224037315697,-1.2103759338594973,scaffold,2030,rf_rdkit,random_forest,rdkit,none,77abfcdbb281d08df2e9fb09cf84b2a648ea9008
esol,ded0a2c22ffe923c,CC1=CCCCC1,aqueous_solubility,log10(mol/L),test,C1=CCCCC1,-3.2699999809265137,-3.379276009500026,-4.894200061228126,-1.8643519577719263,scaffold,2030,rf_rdkit,random_forest,rdkit,none,77abfcdbb281d08df2e9fb09cf84b2a648ea9008
esol,ed4c980dd8b4f9e0,CC1CC(C)C(=O)C(C(O)CC2CC(=O)NC(=O)C2)C1,aqueous_solubility,log10(mol/L),test,O=C1CC(CCC2CCCCC2=O)CC(=O)N1,-1.1299999952316284,-3.036576000928879,-4.551500052656978,-1.5216519492007792,scaffold,2030,rf_rdkit,random_forest,rdkit,none,77abfcdbb281d08df2e9fb09cf84b2a648ea9008
esol,37ef59ba8bc69fae,CC1CC2C3CC(F)C4=CC(=O)C=CC4(C)C3(F)C(O)CC2(C)C1(O)C(=O)CO,aqueous_solubility,log10(mol/L),train,O=C1C=CC2C(=C1)CCC1C3CCCC3CCC21,-5.61299991607666,-4.920277946472163,-6.435201998200263,-3.4053538947440636,scaffold,2030,rf_rdkit,random_forest,rdkit,none,77abfcdbb281d08df2e9fb09cf84b2a648ea9008
esol,efe337a66ed3ef56,CC1CC2C3CCC4=CC(=O)C=CC4(C)C3(F)C(O)CC2(C)C1(O)C(=O)CO,aqueous_solubility,log10(mol/L),train,O=C1C=CC2C(=C1)CCC1C3CCCC3CCC21,-3.5899999141693115,-3.7832159490585364,-5.298140000786637,-2.2682918973304367,scaffold,2030,rf_rdkit,random_forest,rdkit,none,77abfcdbb281d08df2e9fb09cf84b2a648ea9008
esol,990639b2658aeabf,CC1CCC(C(C)C)C(=O)C1,aqueous_solubility,log10(mol/L),test,O=C1CCCCC1,-2.3499999046325684,-2.257242014944554,-3.7721660666726535,-0.742317963216454,scaffold,2030,rf_rdkit,random_forest,rdkit,none,77abfcdbb281d08df2e9fb09cf84b2a648ea9008
esol,355260992ae623bd,CC1CCC(C(C)C)C(O)C1,aqueous_solubility,log10(mol/L),test,C1CCCCC1,-2.5299999713897705,-2.216971997857094,-3.7318960495851936,-0.7020479461289941,scaffold,2030,rf_rdkit,random_forest,rdkit,none,77abfcdbb281d08df2e9fb09cf84b2a648ea9008
esol,6deb7ea9bd9ff6c3,CC1CCC(C)CC1,aqueous_solubility,log10(mol/L),test,C1CCCCC1,-4.46999979019165,-4.284854042228308,-5.799778093956408,-2.7699299905002084,scaffold,2030,rf_rdkit,random_forest,rdkit,none,77abfcdbb281d08df2e9fb09cf84b2a648ea9008
esol,7fed54044e7b496d,CC1CCCC1,aqueous_solubility,log10(mol/L),validation,C1CCCC1,-3.299999952316284,-3.341256020177155,-4.856180071905255,-1.8263319684490553,scaffold,2030,rf_rdkit,random_forest,rdkit,none,77abfcdbb281d08df2e9fb09cf84b2a648ea9008
esol,07b03b234e331841,CC1CCCCC1,aqueous_solubility,log10(mol/L),test,C1CCCCC1,-3.8499999046325684,-3.9217840236276373,-5.436708075355737,-2.4068599718995376,scaffold,2030,rf_rdkit,random_forest,rdkit,none,77abfcdbb281d08df2e9fb09cf84b2a648ea9008
esol,1006f9328e658b00,CC1CCCCC1C,aqueous_solubility,log10(mol/L),test,C1CCCCC1,-4.300000190734863,-4.191400035317986,-5.706324087046085,-2.676475983589886,scaffold,2030,rf_rdkit,random_forest,rdkit,none,77abfcdbb281d08df2e9fb09cf84b2a648ea9008
esol,22f824d41aeea5a5,CC1CCCCC1NC(=O)Nc1ccccc1,aqueous_solubility,log10(mol/L),validation,O=C(Nc1ccccc1)NC1CCCCC1,-4.110000133514404,-3.534887988090515,-5.049812039818615,-2.0199639363624153,scaffold,2030,rf_rdkit,random_forest,rdkit,none,77abfcdbb281d08df2e9fb09cf84b2a648ea9008
esol,14cfac60d34ed2f7,CC1CCCO1,aqueous_solubility,log10(mol/L),validation,C1CCOC1,0.10999999940395355,-0.8292400015182815,-2.344164053246381,0.6856840502098183,scaffold,2030,rf_rdkit,random_forest,rdkit,none,77abfcdbb281d08df2e9fb09cf84b2a648ea9008
esol,a9d5ebbbd488d8e2,CC1CO1,aqueous_solubility,log10(mol/L),test,C1CO1,-0.5899999737739563,-0.3536640035547296,-1.8685880552828293,1.1612600481733701,scaffold,2030,rf_rdkit,random_forest,rdkit,none,77abfcdbb281d08df2e9fb09cf84b2a648ea9008
esol,1d04033e6224d00c,CC1COC2CC3(C)C(CC4C5C=C6CC(O)CCC6(C)CC5CCC43C)OC2C1,aqueous_solubility,log10(mol/L),test,C1=C2CCCCC2CC2CCC3C4CC5OCCCC5OC4CC3C12,-7.320000171661377,-4.692553995907306,-6.207478047635406,-3.1776299441792064,scaffold,2030,rf_rdkit,random_forest,rdkit,none,77abfcdbb281d08df2e9fb09cf84b2a648ea9008
esol,85e634af983f15c5,CC1Cc2ccccc2N1NC(=O)c1ccc(Cl)c(S(N)(=O)=O)c1,aqueous_solubility,log10(mol/L),validation,O=C(NN1CCc2ccccc21)c1ccccc1,-3.5859999656677246,-3.8078439817428604,-5.32276803347096,-2.2929199300147607,scaffold,2030,rf_rdkit,random_forest,rdkit,none,77abfcdbb281d08df2e9fb09cf84b2a648ea9008
esol,bd2b37eb42bf2e88,CC1OC(OC2C(O)CC(OC3C(O)CC(OC4CCC5(C)C(CCC6C5CC(O)C5(C)C(C7=CC(=O)OC7)CCC65O)C4)OC3C)OC2C)CC(O)C1O,aqueous_solubility,log10(mol/L),validation,O=C1C=C(C2CCC3C2CCC2C4CCC(OC5CCC(OC6CCC(OC7CCCCO7)CO6)CO5)CC4CCC23)CO1,-4.080999851226807,-3.823266003090889,-5.338190054818989,-2.3083419513627894,scaffold,2030,rf_rdkit,random_forest,rdkit,none,77abfcdbb281d08df2e9fb09cf84b2a648ea9008
esol,ac668969e8b9e1f6,CC1OC(OC2C(O)CC(OC3C(O)CC(OC4CCC5(C)C(CCC6C5CCC5(C)C(C7=CC(=O)OC7)CCC65O)C4)OC3C)OC2C)CC(O)C1O,aqueous_solubility,log10(mol/L),validation,O=C1C=C(C2CCC3C2CCC2C4CCC(OC5CCC(OC6CCC(OC7CCCCO7)CO6)CO5)CC4CCC23)CO1,-5.293000221252441,-4.347232007995247,-5.862156059723347,-2.8323079562671474,scaffold,2030,rf_rdkit,random_forest,rdkit,none,77abfcdbb281d08df2e9fb09cf84b2a648ea9008
esol,faccd04528716453,CC=C(C(=CC)c1ccc(O)cc1)c1ccc(O)cc1,aqueous_solubility,log10(mol/L),test,C=C(C(=C)c1ccccc1)c1ccccc1,-4.949999809265137,-4.595123995155095,-6.110048046883195,-3.0801999434269955,scaffold,2030,rf_rdkit,random_forest,rdkit,none,77abfcdbb281d08df2e9fb09cf84b2a648ea9008
esol,9da6816a67862e68,CC=C(C)C,aqueous_solubility,log10(mol/L),train,,-2.559999942779541,-2.5433359618186935,-4.058260013546793,-1.0284119100905937,scaffold,2030,rf_rdkit,random_forest,rdkit,none,77abfcdbb281d08df2e9fb09cf84b2a648ea9008
esol,ffbba6f6cfcc8f90,CC=CC=O,aqueous_solubility,log10(mol/L),train,,0.3199999928474426,0.24495999340714336,-1.2699640583209564,1.759884045135243,scaffold,2030,rf_rdkit,random_forest,rdkit,none,77abfcdbb281d08df2e9fb09cf84b2a648ea9008
esol,f220362f20674d76,CC=Cc1ccc(OC)cc1,aqueous_solubility,log10(mol/L),train,c1ccccc1,-3.130000114440918,-2.920548078045249,-4.435472129773348,-1.4056240263171493,scaffold,2030,rf_rdkit,random_forest,rdkit,none,77abfcdbb281d08df2e9fb09cf84b2a648ea9008
esol,35cd7d074fa4c41d,CCBr,aqueous_solubility,log10(mol/L),train,,-1.090000033378601,-1.162924021109944,-2.677848072838044,0.35200003061815566,scaffold,2030,rf_rdkit,random_forest,rdkit,none,77abfcdbb281d08df2e9fb09cf84b2a648ea9008
esol,d4bb7958b02085f6,CCC,aqueous_solubility,log10(mol/L),train,,-1.940000057220459,-1.837960037171837,-3.3528840888999367,-0.32303598544373724,scaffold,2030,rf_rdkit,random_forest,rdkit,none,77abfcdbb281d08df2e9fb09cf84b2a648ea9008
esol,d172035a0575b4f0,CCC#CCC,aqueous_solubility,log10(mol/L),train,,-1.9900000095367432,-2.0268599983453717,-3.5417840500734714,-0.5119359466172719,scaffold,2030,rf_rdkit,random_forest,rdkit,none,77abfcdbb281d08df2e9fb09cf84b2a648ea9008
esol,5cc3b635245b012c,CCC#N,aqueous_solubility,log10(mol/L),train,,0.2800000011920929,0.11319199985265804,-1.4017320518754417,1.6281160515807578,scaffold,2030,rf_rdkit,random_forest,rdkit,none,77abfcdbb281d08df2e9fb09cf84b2a648ea9008
esol,0547b83133ec728e,CCC(=C(CC)c1ccc(O)cc1)c1ccc(O)cc1,aqueous_solubility,log10(mol/L),validation,C(=Cc1ccccc1)c1ccccc1,-4.070000171661377,-4.648476003021003,-6.163400054749102,-3.133551951292903,scaffold,2030,rf_rdkit,random_forest,rdkit,none,77abfcdbb281d08df2e9fb09cf84b2a648ea9008
esol,711e0fc464234636,CCC(=O)CC,aqueous_solubility,log10(mol/L),train,,-0.2800000011920929,-0.3997040007226169,-1.9146280524507167,1.1152200510054828,scaffold,2030,rf_rdkit,random_forest,rdkit,none,77abfcdbb281d08df2e9fb09cf84b2a648ea9008
esol,ce30ab4b74767529,CCC(=O)Nc1ccc(Cl)c(Cl)c1,aqueous_solubility,log10(mol/L),train,c1ccccc1,-3.0,-3.130050001263618,-4.644974052991717,-1.6151259495355181,scaffold,2030,rf_rdkit,random_forest,rdkit,none,77abfcdbb281d08df2e9fb09cf84b2a648ea9008
esol,4d970928ff053b01,CCC(=O)OC,aqueous_solubility,log10(mol/L),train,,-0.14000000059604645,-0.23282400035484985,-1.7477480520829496,1.28210005137325,scaffold,2030,rf_rdkit,random_forest,rdkit,none,77abfcdbb281d08df2e9fb09cf84b2a648ea9008
esol,9b12de6fa018a540,CCC(=O)OC1CCC2C3CCC4=CC(=O)CCC4(C)C3CCC12C,aqueous_solubility,log10(mol/L),train,O=C1C=C2CCC3C4CCCC4CCC3C2CC1,-5.369999885559082,-5.212345933198931,-6.72726998492703,-3.697421881470831,scaffold,2030,rf_rdkit,random_forest,rdkit,none,77abfcdbb281d08df2e9fb09cf84b2a648ea9008
esol,e3c14a3a91bcd663,CCC(=O)OCN1C(=O)NC(c2ccccc2)(c2ccccc2)C1=O,aqueous_solubility,log10(mol/L),test,O=C1NC(=O)C(c2ccccc2)(c2ccccc2)N1,-4.9070000648498535,-3.9849859972000132,-5.499910048928113,-2.4700619454719135,scaffold,2030,rf_rdkit,random_forest,rdkit,none,77abfcdbb281d08df2e9fb09cf84b2a648ea9008
esol,fba8f2ce4dada735,CCC(Br)(CC)C(=O)NC(N)=O,aqueous_solubility,log10(mol/L),train,,-2.680000066757202,-2.523184046313168,-4.038108098041268,-1.0082599945850683,scaffold,2030,rf_rdkit,random_forest,rdkit,none,77abfcdbb281d08df2e9fb09cf84b2a648ea9008
esol,0552a9e71d6cfea7,CCC(C)(C)C,aqueous_solubility,log10(mol/L),train,,-3.549999952316284,-3.627559997200963,-5.142484048929063,-2.112635945472863,scaffold,2030,rf_rdkit,random_forest,rdkit,none,77abfcdbb281d08df2e9fb09cf84b2a648ea9008
esol,a3c5654a10d5a78a,CCC(C)(C)CC,aqueous_solubility,log10(mol/L),train,,-4.230000019073486,-4.246180031895629,-5.761104083623729,-2.7312559801675294,scaffold,2030,rf_rdkit,random_forest,rdkit,none,77abfcdbb281d08df2e9fb09cf84b2a648ea9008
esol,9d5b4ee33b32fb0c,CCC(C)(C)CO,aqueous_solubility,log10(mol/L),train,,-1.0399999618530273,-0.9410519763529195,-2.455976028081019,0.5738720753751803,scaffold,2030,rf_rdkit,random_forest,rdkit,none,77abfcdbb281d08df2e9fb09cf84b2a648ea9008
esol,531e962faed70e1e,CCC(C)(C)Cl,aqueous_solubility,log10(mol/L),train,,-2.509999990463257,-2.444389998495576,-3.959314050223676,-0.9294659467674764,scaffold,2030,rf_rdkit,random_forest,rdkit,none,77abfcdbb281d08df2e9fb09cf84b2a648ea9008
esol,cad4fa1d66a14c52,CCC(C)(C)O,aqueous_solubility,log10(mol/L),train,,0.15000000596046448,-0.03854999720304164,-1.5534740489311414,1.476374054525058,scaffold,2030,rf_rdkit,random_forest,rdkit,none,77abfcdbb281d08df2e9fb09cf84b2a648ea9008
esol,646485e6c04cc19e,CCC(C)(O)CC,aqueous_solubility,log10(mol/L),train,,-0.36000001430511475,-0.5409740112945536,-2.0558980630226533,0.9739500404335462,scaffold,2030,rf_rdkit,random_forest,rdkit,none,77abfcdbb281d08df2e9fb09cf84b2a648ea9008
esol,4458adc1a90f205f,CCC(C)=O,aqueous_solubility,log10(mol/L),train,,0.5199999809265137,0.33955598768592976,-1.17536806404217,1.8544800394140295,scaffold,2030,rf_rdkit,random_forest,rdkit,none,77abfcdbb281d08df2e9fb09cf84b2a648ea9008
esol,860e76bc1b2205e5,CCC(C)C,aqueous_solubility,log10(mol/L),train,,-3.180000066757202,-3.063192044019698,-4.578116095747798,-1.5482679922915983,scaffold,2030,rf_rdkit,random_forest,rdkit,none,77abfcdbb281d08df2e9fb09cf84b2a648ea9008
esol,7f0540e7d68d0353,CCC(C)C(=O)OC1CC(C)C=C2C=CC(C)C(CCC3CC(O)CC(=O)O3)C21,aqueous_solubility,log10(mol/L),train,O=C1CCCC(CCC2CC=CC3=CCCCC32)O1,-6.005000114440918,-5.435708063364022,-6.950632115092121,-3.920784011635922,scaffold,2030,rf_rdkit,random_forest,rdkit,none,77abfcdbb281d08df2e9fb09cf84b2a648ea9008
esol,11bac5bf3e21f269,CCC(C)C(C)=O,aqueous_solubility,log10(mol/L),train,,-0.6700000166893005,-0.7995960100851862,-2.314520061813286,0.7153280416429135,scaffold,2030,rf_rdkit,random_forest,rdkit,none,77abfcdbb281d08df2e9fb09cf84b2a648ea9008
esol,6085f1e95eaddcb2,CCC(C)C(C)C,aqueous_solubility,log10(mol/L),train,,-4.28000020980835,-4.159612153887749,-5.674536205615849,-2.644688102159649,scaffold,2030,rf_rdkit,random_forest,rdkit,none,77abfcdbb281d08df2e9fb09cf84b2a648ea9008
esol,a5ca898e35932a4d,CCC(C)C1(CC)C(=O)NC(=O)NC1=O,aqueous_solubility,log10(mol/L),train,O=C1CC(=O)NC(=O)N1,-2.390000104904175,-2.3235900738239312,-3.838514125552031,-0.8086660220958315,scaffold,2030,rf_rdkit,random_forest,rdkit,none,77abfcdbb281d08df2e9fb09cf84b2a648ea9008
esol,8f174b3984e75df6,CCC(C)CC,aqueous_solubility,log10(mol/L),train,,-3.680000066757202,-3.656560050189497,-5.1714841019175966,-2.141635998461397,scaffold,2030,rf_rdkit,random_forest,rdkit,none,77abfcdbb281d08df2e9fb09cf84b2a648ea9008
esol,1e876450195412a0,CCC(C)CCO,aqueous_solubility,log10(mol/L),train,,-0.7099999785423279,-0.8592799877673452,-2.374204039495445,0.6556440639607546,scaffold,2030,rf_rdkit,random_forest,rdkit,none,77abfcdbb281d08df2e9fb09cf84b2a648ea9008
esol,aaff60003107c3bd,CCC(C)CO,aqueous_solubility,log10(mol/L),train,,-0.4699999988079071,-0.4954399978816517,-2.0103640496097515,1.019484053846448,scaffold,2030,rf_rdkit,random_forest,rdkit,none,77abfcdbb281d08df2e9fb09cf84b2a648ea9008
esol,d978eec75d4efefd,CCC(C)Cl,aqueous_solubility,log10(mol/L),train,,-1.9600000381469727,-1.9387920245528285,-3.4537160762809282,-0.42386797282472877,scaffold,2030,rf_rdkit,random_forest,rdkit,none,77abfcdbb281d08df2e9fb09cf84b2a648ea9008
esol,1f701cf97ca02491,CCC(C)O,aqueous_solubility,log10(mol/L),train,,0.4699999988079071,0.26517999969793626,-1.2497440520301635,1.780104051426036,scaffold,2030,rf_rdkit,random_forest,rdkit,none,77abfcdbb281d08df2e9fb09cf84b2a648ea9008
esol,4b3c75035a4fd961,CCC(C)c1cc([N+](=O)[O-])cc([N+](=O)[O-])c1O,aqueous_solubility,log10(mol/L),train,c1ccccc1,-3.380000114440918,-3.2410520657300963,-4.7559761174581965,-1.7261280140019966,scaffold,2030,rf_rdkit,random_forest,rdkit,none,77abfcdbb281d08df2e9fb09cf84b2a648ea9008
esol,4dd1c7df936dd0ff,CCC(C)n1c(=O)[nH]c(C)c(Br)c1=O,aqueous_solubility,log10(mol/L),test,O=c1cc[nH]c(=O)[nH]1,-2.5230000019073486,-2.824013996511698,-4.338938048239798,-1.3090899447835982,scaffold,2030,rf_rdkit,random_forest,rdkit,none,77abfcdbb281d08df2e9fb09cf84b2a648ea9008
esol,7964220aaea5eddd,CCC(C=O)CC,aqueous_solubility,log10(mol/L),train,,-1.5199999809265137,-1.3029339883290236,-2.817858040057123,0.2119900633990761,scaffold,2030,rf_rdkit,random_forest,rdkit,none,77abfcdbb281d08df2e9fb09cf84b2a648ea9008
esol,136ed49ee994d858,CCC(CC)CO,aqueous_solubility,log10(mol/L),train,,-1.1699999570846558,-1.0940499727018258,-2.6089740244299255,0.42087407902627394,scaffold,2030,rf_rdkit,random_forest,rdkit,none,77abfcdbb281d08df2e9fb09cf84b2a648ea9008
esol,3d69b54547088a18,CCC(O)(CC)CC,aqueous_solubility,log10(mol/L),train,,-0.8500000238418579,-0.9845980185233212,-2.499522070251421,0.5303260332047786,scaffold,2030,rf_rdkit,random_forest,rdkit,none,77abfcdbb281d08df2e9fb09cf84b2a648ea9008
esol,1b6616ec4b6c9f5b,CCC(O)C(C)C,aqueous_solubility,log10(mol/L),train,,-0.699999988079071,-0.7314599932059762,-2.246384044934076,0.7834640585221235,scaffold,2030,rf_rdkit,random_forest,rdkit,none,77abfcdbb281d08df2e9fb09cf84b2a648ea9008
esol,ee3d88894451fd0c,CCC(O)CC,aqueous_solubility,log10(mol/L),train,,-0.23999999463558197,-0.32031999532878697,-1.8352440470568867,1.1946040563993128,scaffold,2030,rf_rdkit,random_forest,rdkit,none,77abfcdbb281d08df2e9fb09cf84b2a648ea9008
esol,492e3c56afdd3d65,CCC(c1ccc(O)cc1)C(CC)c1ccc(O)cc1,aqueous_solubility,log10(mol/L),calibration,c1ccc(CCc2ccccc2)cc1,-4.429999828338623,-4.632479990363124,-6.147404042091224,-3.1175559386350242,scaffold,2030,rf_rdkit,random_forest,rdkit,none,77abfcdbb281d08df2e9fb09cf84b2a648ea9008
esol,08bd60ba187c4c76,CCC1(C(C)C)C(=O)NC(=O)NC1=O,aqueous_solubility,log10(mol/L),train,O=C1CC(=O)NC(=O)N1,-2.1790000200271606,-2.154998022794722,-3.669922074522822,-0.6400739710666223,scaffold,2030,rf_rdkit,random_forest,rdkit,none,77abfcdbb281d08df2e9fb09cf84b2a648ea9008
esol,f202255d52ab1ec3,CCC1(C)C(=O)NC(=O)NC1=O,aqueous_solubility,log10(mol/L),train,O=C1CC(=O)NC(=O)N1,-1.2280000448226929,-1.4409780311584581,-2.955902082886558,0.07394602056964161,scaffold,2030,rf_rdkit,random_forest,rdkit,none,77abfcdbb281d08df2e9fb09cf84b2a648ea9008
esol,823b22622722d6df,CCC1(C2=CCC3CCC2C3)C(=O)NC(=O)NC1=O,aqueous_solubility,log10(mol/L),validation,O=C1NC(=O)C(C2=CCC3CCC2C3)C(=O)N1,-2.696000099182129,-3.1095300044715404,-4.624454056199641,-1.5946059527434406,scaffold,2030,rf_rdkit,random_forest,rdkit,none,77abfcdbb281d08df2e9fb09cf84b2a648ea9008
esol,6e86b2759d390dd5,CCC1(C2=CCCCC2)C(=O)NC(=O)NC1=O,aqueous_solubility,log10(mol/L),calibration,O=C1NC(=O)C(C2=CCCCC2)C(=O)N1,-2.1700000762939453,-2.647956016778946,-4.162880068507046,-1.1330319650508462,scaffold,2030,rf_rdkit,random_forest,rdkit,none,77abfcdbb281d08df2e9fb09cf84b2a648ea9008
esol,4762407c150120c2,CCC1(CC)C(=O)NC(=O)N(C)C1=O,aqueous_solubility,log10(mol/L),train,O=C1CC(=O)NC(=O)N1,-2.2300000190734863,-2.196846020907162,-3.711770072635262,-0.6819219691790623,scaffold,2030,rf_rdkit,random_forest,rdkit,none,77abfcdbb281d08df2e9fb09cf84b2a648ea9008
esol,0ab736d75dfa233b,CCC1(CC)C(=O)NC(=O)NC1=O,aqueous_solubility,log10(mol/L),train,O=C1CC(=O)NC(=O)N1,-2.4000000953674316,-2.1772940629720674,-3.692218114700167,-0.6623700112439677,scaffold,2030,rf_rdkit,random_forest,rdkit,none,77abfcdbb281d08df2e9fb09cf84b2a648ea9008
esol,af8a1b1e82b5916e,CCC1(CC=C(C)C)C(=O)NC(=O)NC1=O,aqueous_solubility,log10(mol/L),train,O=C1CC(=O)NC(=O)N1,-2.253000020980835,-2.273064012527466,-3.7879880642555657,-0.7581399607993662,scaffold,2030,rf_rdkit,random_forest,rdkit,none,77abfcdbb281d08df2e9fb09cf84b2a648ea9008
esol,b52cbbd90dba367d,CCC1(CCC(C)C)C(=O)NC(=O)NC1=O,aqueous_solubility,log10(mol/L),train,O=C1CC(=O)NC(=O)N1,-2.562999963760376,-2.5189059891700754,-4.0338300408981755,-1.0039819374419756,scaffold,2030,rf_rdkit,random_forest,rdkit,none,77abfcdbb281d08df2e9fb09cf84b2a648ea9008
esol,645fd10802de397b,CCC1(c2ccccc2)C(=O)NC(=O)NC1=O,aqueous_solubility,log10(mol/L),train,O=C1NC(=O)C(c2ccccc2)C(=O)N1,-2.322000026702881,-2.4178780226707475,-3.932802074398847,-0.9029539709426477,scaffold,2030,rf_rdkit,random_forest,rdkit,none,77abfcdbb281d08df2e9fb09cf84b2a648ea9008
esol,8e80310464b10ca4,CCC1(c2ccccc2)C(=O)NCNC1=O,aqueous_solubility,log10(mol/L),train,O=C1NCNC(=O)C1c1ccccc1,-2.640000104904175,-2.6070080693960196,-4.12193212112412,-1.0920840176679198,scaffold,2030,rf_rdkit,random_forest,rdkit,none,77abfcdbb281d08df2e9fb09cf84b2a648ea9008
esol,e1033a252840196d,CCC1(c2ccccc2)CCC(=O)NC1=O,aqueous_solubility,log10(mol/L),validation,O=C1CCC(c2ccccc2)C(=O)N1,-2.3369998931884766,-2.717324021220207,-4.232248072948307,-1.2023999694921073,scaffold,2030,rf_rdkit,random_forest,rdkit,none,77abfcdbb281d08df2e9fb09cf84b2a648ea9008
esol,a55a5ec41782ba07,CCC1CCCCC1,aqueous_solubility,log10(mol/L),test,C1CCCCC1,-4.25,-4.337516006819901,-5.852440058548001,-2.8225919550918013,scaffold,2030,rf_rdkit,random_forest,rdkit,none,77abfcdbb281d08df2e9fb09cf84b2a648ea9008
esol,71227fc0ca5ecb0e,CCC1NC(=O)c2cc(S(N)(=O)=O)c(Cl)cc2N1,aqueous_solubility,log10(mol/L),calibration,O=C1NCNc2ccccc21,-3.2899999618530273,-2.9330979909598827,-4.448022042687983,-1.418173939231783,scaffold,2030,rf_rdkit,random_forest,rdkit,none,77abfcdbb281d08df2e9fb09cf84b2a648ea9008
esol,fbbba53affc2f528,CCC=O,aqueous_solubility,log10(mol/L),train,,0.5799999833106995,0.4790559891276205,-1.0358680626004793,1.9939800408557202,scaffold,2030,rf_rdkit,random_forest,rdkit,none,77abfcdbb281d08df2e9fb09cf84b2a648ea9008
esol,99307c59d7dfef35,CCCBr,aqueous_solubility,log10(mol/L),train,,-1.7300000190734863,-1.7842120068073253,-3.2991360585354252,-0.26928795507922554,scaffold,2030,rf_rdkit,random_forest,rdkit,none,77abfcdbb281d08df2e9fb09cf84b2a648ea9008
esol,8744e77d82d027a0,CCCC,aqueous_solubility,log10(mol/L),train,,-2.569999933242798,-2.446279958266761,-3.961204009994861,-0.9313559065386614,scaffold,2030,rf_rdkit,random_forest,rdkit,none,77abfcdbb281d08df2e9fb09cf84b2a648ea9008
esol,50d5afa3055e4398,CCCC(=O)CC,aqueous_solubility,log10(mol/L),train,,-0.8299999833106995,-0.9012699867785074,-2.416194038506607,0.6136540649495923,scaffold,2030,rf_rdkit,random_forest,rdkit,none,77abfcdbb281d08df2e9fb09cf84b2a648ea9008
esol,c3223a40b30ff2ce,CCCC(=O)CCC,aqueous_solubility,log10(mol/L),train,,-1.2999999523162842,-1.3434859687648786,-2.858410020492978,0.17143808296322116,scaffold,2030,rf_rdkit,random_forest,rdkit,none,77abfcdbb281d08df2e9fb09cf84b2a648ea9008
esol,530f34a8c65ac982,CCCC(=O)OC,aqueous_solubility,log10(mol/L),train,,-1.9199999570846558,-1.4992739789783993,-3.014198030706499,0.015650072749700428,scaffold,2030,rf_rdkit,random_forest,rdkit,none,77abfcdbb281d08df2e9fb09cf84b2a648ea9008
esol,c2005837b63a1689,CCCC(=O)OCC,aqueous_solubility,log10(mol/L),train,,-1.3600000143051147,-1.2724540097713386,-2.7873780614994383,0.24247004195676114,scaffold,2030,rf_rdkit,random_forest,rdkit,none,77abfcdbb281d08df2e9fb09cf84b2a648ea9008
esol,773f55f0ab7b02ec,CCCC(=O)OCN1C(=O)NC(c2ccccc2)(c2ccccc2)C1=O,aqueous_solubility,log10(mol/L),test,O=C1NC(=O)C(c2ccccc2)(c2ccccc2)N1,-5.071000099182129,-4.261374001115561,-5.776298052843661,-2.7464499493874612,scaffold,2030,rf_rdkit,random_forest,rdkit,none,77abfcdbb281d08df2e9fb09cf84b2a648ea9008
esol,eb02c03a46d859f4,CCCC(C)(C)C,aqueous_solubility,log10(mol/L),train,,-4.360000133514404,-4.240664093971246,-5.755588145699345,-2.725740042243146,scaffold,2030,rf_rdkit,random_forest,rdkit,none,77abfcdbb281d08df2e9fb09cf84b2a648ea9008
esol,14c21e027fff9f63,CCCC(C)(C)CO,aqueous_solubility,log10(mol/L),train,,-1.5199999809265137,-1.3850419870615012,-2.899966038789601,0.12988206466659857,scaffold,2030,rf_rdkit,random_forest,rdkit,none,77abfcdbb281d08df2e9fb09cf84b2a648ea9008
esol,553c0fbe16a4173b,CCCC(C)(C)O,aqueous_solubility,log10(mol/L),train,,-0.49000000953674316,-0.577142008870835,-2.0920660605989347,0.9377820428572647,scaffold,2030,rf_rdkit,random_forest,rdkit,none,77abfcdbb281d08df2e9fb09cf84b2a648ea9008
esol,c13aa0325c4d7681,CCCC(C)(COC(N)=O)COC(N)=O,aqueous_solubility,log10(mol/L),train,,-1.8070000410079956,-1.8379620270878037,-3.3528860788159034,-0.3230379753597039,scaffold,2030,rf_rdkit,random_forest,rdkit,none,77abfcdbb281d08df2e9fb09cf84b2a648ea9008
esol,705240c8f60cb049,CCCC(C)(O)CC,aqueous_solubility,log10(mol/L),train,,-0.9800000190734863,-1.021956016480936,-2.5368800682090358,0.4929680352471637,scaffold,2030,rf_rdkit,random_forest,rdkit,none,77abfcdbb281d08df2e9fb09cf84b2a648ea9008
esol,0148f694c74e1962,CCCC(C)=O,aqueous_solubility,log10(mol/L),train,,-0.1899999976158142,-0.25130000001565733,-1.766224051743757,1.2636240517124424,scaffold,2030,rf_rdkit,random_forest,rdkit,none,77abfcdbb281d08df2e9fb09cf84b2a648ea9008
esol,2a6bb1427ddc99d3,CCCC(C)C,aqueous_solubility,log10(mol/L),train,,-3.740000009536743,-3.6214000162482294,-5.136324067976329,-2.1064759645201296,scaffold,2030,rf_rdkit,random_forest,rdkit,none,77abfcdbb281d08df2e9fb09cf84b2a648ea9008
esol,6035d42dec3b21aa,CCCC(C)C1(CC)C(=O)NC(=O)NC1=O,aqueous_solubility,log10(mol/L),train,O=C1CC(=O)NC(=O)N1,-2.390000104904175,-2.4055740711689015,-3.9204981228970013,-0.8906500194408018,scaffold,2030,rf_rdkit,random_forest,rdkit,none,77abfcdbb281d08df2e9fb09cf84b2a648ea9008
esol,0bc9361c7a07aa90,CCCC(C)C1(CC)C(=O)NC(=S)NC1=O,aqueous_solubility,log10(mol/L),validation,O=C1CC(=O)NC(=S)N1,-3.359999895095825,-2.6861500224620105,-4.20107407419011,-1.1712259707339108,scaffold,2030,rf_rdkit,random_forest,rdkit,none,77abfcdbb281d08df2e9fb09cf84b2a648ea9008
esol,b60aaba75c023587,CCCC(C)CO,aqueous_solubility,log10(mol/L),train,,-1.1100000143051147,-1.0105800041407327,-2.5255040558688324,0.5043440475873671,scaffold,2030,rf_rdkit,random_forest,rdkit,none,77abfcdbb281d08df2e9fb09cf84b2a648ea9008
esol,a428353a26a96988,CCCC(C)O,aqueous_solubility,log10(mol/L),train,,-0.28999999165534973,-0.335179993841793,-1.8501040455698927,1.1797440578863068,scaffold,2030,rf_rdkit,random_forest,rdkit,none,77abfcdbb281d08df2e9fb09cf84b2a648ea9008
esol,911ea15ed7d45385,CCCC(O)CC,aqueous_solubility,log10(mol/L),train,,-0.800000011920929,-0.8677800044119515,-2.382704056140051,0.6471440473161483,scaffold,2030,rf_rdkit,random_forest,rdkit,none,77abfcdbb281d08df2e9fb09cf84b2a648ea9008
esol,36679fca2c495432,CCCC(O)CCC,aqueous_solubility,log10(mol/L),train,,-1.399999976158142,-1.4050599857270794,-2.919984037455179,0.10986406600102039,scaffold,2030,rf_rdkit,random_forest,rdkit,none,77abfcdbb281d08df2e9fb09cf84b2a648ea9008
esol,f92375bd7aa00a4e,CCCC1C(=O)N2C(N(C)C)=Nc3ccc(C)cc3N2C1=O,aqueous_solubility,log10(mol/L),test,O=C1CC(=O)N2c3ccccc3N=CN12,-3.5380001068115234,-3.5978719874024394,-5.112796039130539,-2.0829479356743397,scaffold,2030,rf_rdkit,random_forest,rdkit,none,77abfcdbb281d08df2e9fb09cf84b2a648ea9008
esol,ec228ee9c15a775e,CCCC1CCCC1,aqueous_solubility,log10(mol/L),validation,C1CCCC1,-4.739999771118164,-4.4037119947038565,-5.918636046431956,-2.888787942975757,scaffold,2030,rf_rdkit,random_forest,rdkit,none,77abfcdbb281d08df2e9fb09cf84b2a648ea9008
esol,9eb037d358bcc7a9,CCCC1COC(Cn2cncn2)(c2ccc(Cl)cc2Cl)O1,aqueous_solubility,log10(mol/L),validation,c1ccc(C2(Cn3cncn3)OCCO2)cc1,-3.493000030517578,-4.401594008386139,-5.916518060114239,-2.8866699566580394,scaffold,2030,rf_rdkit,random_forest,rdkit,none,77abfcdbb281d08df2e9fb09cf84b2a648ea9008
esol,b3fc3b836b5caee3,CCCC=C(C=O)CC,aqueous_solubility,log10(mol/L),train,,-2.4600000381469727,-2.277454020917413,-3.7923780726455125,-0.762529969189313,scaffold,2030,rf_rdkit,random_forest,rdkit,none,77abfcdbb281d08df2e9fb09cf84b2a648ea9008
esol,2b15dc56b70f7e88,CCCC=O,aqueous_solubility,log10(mol/L),train,,-0.009999999776482582,-0.07111000180617966,-1.5860340535342794,1.44381404992192,scaffold,2030,rf_rdkit,random_forest,rdkit,none,77abfcdbb281d08df2e9fb09cf84b2a648ea9008
esol,d8934e1ae61ae50b,CCCCBr,aqueous_solubility,log10(mol/L),train,,-2.369999885559082,-2.3691259251832975,-3.884049976911397,-0.8542018734551977,scaffold,2030,rf_rdkit,random_forest,rdkit,none,77abfcdbb281d08df2e9fb09cf84b2a648ea9008
esol,cdbf47a4c8e3d287,CCCCC,aqueous_solubility,log10(mol/L),train,,-3.180000066757202,-3.090100037813186,-4.605024089541286,-1.5751759860850862,scaffold,2030,rf_rdkit,random_forest,rdkit,none,77abfcdbb281d08df2e9fb09cf84b2a648ea9008
esol,046f34299e8e0593,CCCCC(=O)CCCC,aqueous_solubility,log10(mol/L),train,,-2.5799999237060547,-2.593771947741509,-4.108695999469608,-1.0788478960134094,scaffold,2030,rf_rdkit,random_forest,rdkit,none,77abfcdbb281d08df2e9fb09cf84b2a648ea9008
esol,d781e9733c524f88,CCCCC(=O)OC,aqueous_solubility,log10(mol/L),train,,-1.340000033378601,-1.3597160190604625,-2.874640070788562,0.15520803266763727,scaffold,2030,rf_rdkit,random_forest,rdkit,none,77abfcdbb281d08df2e9fb09cf84b2a648ea9008
esol,8186b98ad615d4fa,CCCCC(=O)OC1(C(=O)CO)C(C)CC2C3CCC4=CC(=O)C=CC4(C)C3(F)C(O)CC21C,aqueous_solubility,log10(mol/L),train,O=C1C=CC2C(=C1)CCC1C3CCCC3CCC21,-4.710000038146973,-4.711244032382977,-6.226168084111077,-3.196319980654877,scaffold,2030,rf_rdkit,random_forest,rdkit,none,77abfcdbb281d08df2e9fb09cf84b2a648ea9008
esol,1e4a499efcb48181,CCCCC(=O)OCC,aqueous_solubility,log10(mol/L),train,,-2.25,-2.073811995387074,-3.588736047115174,-0.5588879436589744,scaffold,2030,rf_rdkit,random_forest,rdkit,none,77abfcdbb281d08df2e9fb09cf84b2a648ea9008
esol,eb83f6d383b44ecd,CCCCC(=O)OCN1C(=O)NC(c2ccccc2)(c2ccccc2)C1=O,aqueous_solubility,log10(mol/L),test,O=C1NC(=O)C(c2ccccc2)(c2ccccc2)N1,-4.677999973297119,-4.372407998204231,-5.887332049932331,-2.8574839464761315,scaffold,2030,rf_rdkit,random_forest,rdkit,none,77abfcdbb281d08df2e9fb09cf84b2a648ea9008
esol,0063512c4316b02d,CCCCC(C)(C)O,aqueous_solubility,log10(mol/L),train,,-1.0800000429153442,-1.0881220280230168,-2.603046079751117,0.4268020237050829,scaffold,2030,rf_rdkit,random_forest,rdkit,none,77abfcdbb281d08df2e9fb09cf84b2a648ea9008
esol,ca9a40b2ae6d7fac,CCCCC(C)(O)CC,aqueous_solubility,log10(mol/L),train,,-1.600000023841858,-1.6848200153261503,-3.19974406705425,-0.1698959635980506,scaffold,2030,rf_rdkit,random_forest,rdkit,none,77abfcdbb281d08df2e9fb09cf84b2a648ea9008
esol,cb1389de78271b03,CCCCC(C)=O,aqueous_solubility,log10(mol/L),train,,-0.800000011920929,-0.8738800062090304,-2.38880405793713,0.6410440455190693,scaffold,2030,rf_rdkit,random_forest,rdkit,none,77abfcdbb281d08df2e9fb09cf84b2a648ea9008
esol,ee72f0696072d63b,CCCCC(C)CC,aqueous_solubility,log10(mol/L),train,,-5.159999847412109,-4.9080599048137605,-6.42298395654186,-3.393135853085661,scaffold,2030,rf_rdkit,random_forest,rdkit,none,77abfcdbb281d08df2e9fb09cf84b2a648ea9008
esol,886e9d2f85b3cb44,CCCCC(C)O,aqueous_solubility,log10(mol/L),train,,-0.8899999856948853,-0.9027399901449746,-2.417664041873074,0.6121840615831251,scaffold,2030,rf_rdkit,random_forest,rdkit,none,77abfcdbb281d08df2e9fb09cf84b2a648ea9008
esol,0838a16aa5ae802e,CCCCC(C=O)CC,aqueous_solubility,log10(mol/L),train,,-2.130000114440918,-2.1054600669145622,-3.620384118642662,-0.5905360151864625,scaffold,2030,rf_rdkit,random_forest,rdkit,none,77abfcdbb281d08df2e9fb09cf84b2a648ea9008
esol,0ee8c22e174f5540,CCCCC(CC)CO,aqueous_solubility,log10(mol/L),train,,-2.109999895095825,-2.073827934026717,-3.5887519857548167,-0.5589038822986172,scaffold,2030,rf_rdkit,random_forest,rdkit,none,77abfcdbb281d08df2e9fb09cf84b2a648ea9008
esol,51a9b8b1d8173760,CCCCC(CC)COC(=O)c1ccccc1C(=O)OCC(CC)CCCC,aqueous_solubility,log10(mol/L),train,c1ccccc1,-6.960000038146973,-6.564556019782993,-8.079480071511092,-5.049631968054893,scaffold,2030,rf_rdkit,random_forest,rdkit,none,77abfcdbb281d08df2e9fb09cf84b2a648ea9008
esol,3a73360948f6d478,CCCCC(O)CC,aqueous_solubility,log10(mol/L),train,,-1.4700000286102295,-1.4606460094750013,-2.975570061203101,0.0542780422530984,scaffold,2030,rf_rdkit,random_forest,rdkit,none,77abfcdbb281d08df2e9fb09cf84b2a648ea9008
esol,b368fff92897feb5,CCCCC1(CC)C(=O)NC(=O)NC1=O,aqueous_solubility,log10(mol/L),train,O=C1CC(=O)NC(=O)N1,-1.6610000133514404,-1.9389140195846521,-3.453838071312752,-0.4239899678565524,scaffold,2030,rf_rdkit,random_forest,rdkit,none,77abfcdbb281d08df2e9fb09cf84b2a648ea9008
esol,697b7adfb97e92d9,CCCCC1C(=O)N(c2ccccc2)N(c2ccc(O)cc2)C1=O,aqueous_solubility,log10(mol/L),calibration,O=C1CC(=O)N(c2ccccc2)N1c1ccccc1,-3.7300000190734863,-4.175471997976304,-5.690396049704404,-2.6605479462482045,scaffold,2030,rf_rdkit,random_forest,rdkit,none,77abfcdbb281d08df2e9fb09cf84b2a648ea9008
esol,9bb878f2acf6502d,CCCCC1C(=O)N(c2ccccc2)N(c2ccccc2)C1=O,aqueous_solubility,log10(mol/L),calibration,O=C1CC(=O)N(c2ccccc2)N1c1ccccc1,-3.809999942779541,-4.501894001007082,-6.016818052735181,-2.986969949278982,scaffold,2030,rf_rdkit,random_forest,rdkit,none,77abfcdbb281d08df2e9fb09cf84b2a648ea9008
esol,cccde35c98b95e45,CCCCC=O,aqueous_solubility,log10(mol/L),train,,-0.8500000238418579,-0.7419800152108222,-2.256904066938922,0.7729440365172775,scaffold,2030,rf_rdkit,random_forest,rdkit,none,77abfcdbb281d08df2e9fb09cf84b2a648ea9008
esol,400a2153ad1cc41e,CCCCCBr,aqueous_solubility,log10(mol/L),train,,-3.0799999237060547,-3.015405945539474,-4.5303299972675735,-1.5004818938113744,scaffold,2030,rf_rdkit,random_forest,rdkit,none,77abfcdbb281d08df2e9fb09cf84b2a648ea9008
esol,067861bb7f44340e,CCCCCC,aqueous_solubility,log10(mol/L),train,,-3.8399999141693115,-3.692779962539674,-5.207704014267774,-2.1778559108115743,scaffold,2030,rf_rdkit,random_forest,rdkit,none,77abfcdbb281d08df2e9fb09cf84b2a648ea9008
esol,15f1b3f210442886,CCCCCC(=O)OC,aqueous_solubility,log10(mol/L),train,,-1.8700000047683716,-1.8905919989347515,-3.4055160506628512,-0.37566794720665175,scaffold,2030,rf_rdkit,random_forest,rdkit,none,77abfcdbb281d08df2e9fb09cf84b2a648ea9008
esol,f0c3620530b2fea4,CCCCCC(=O)OCC,aqueous_solubility,log10(mol/L),train,,-2.3499999046325684,-2.2107479370832444,-3.725671988811344,-0.6958238853551446,scaffold,2030,rf_rdkit,random_forest,rdkit,none,77abfcdbb281d08df2e9fb09cf84b2a648ea9008
esol,e5611d7c920e4a9e,CCCCCC(=O)OCN1C(=O)NC(c2ccccc2)(c2ccccc2)C1=O,aqueous_solubility,log10(mol/L),test,O=C1NC(=O)C(c2ccccc2)(c2ccccc2)N1,-5.886000156402588,-4.535551996171475,-6.050476047899575,-3.0206279444433752,scaffold,2030,rf_rdkit,random_forest,rdkit,none,77abfcdbb281d08df2e9fb09cf84b2a648ea9008
esol,6155649d8540ed94,CCCCCC(C)(C)O,aqueous_solubility,log10(mol/L),train,,-1.7200000286102295,-1.727350018680101,-3.2422740704082007,-0.21242596695200122,scaffold,2030,rf_rdkit,random_forest,rdkit,none,77abfcdbb281d08df2e9fb09cf84b2a648ea9008
esol,e9eedb31eddae14a,CCCCCC(C)=O,aqueous_solubility,log10(mol/L),train,,-1.4500000476837158,-1.4161100253462755,-2.9310340770743752,0.09881402638182424,scaffold,2030,rf_rdkit,random_forest,rdkit,none,77abfcdbb281d08df2e9fb09cf84b2a648ea9008
esol,66316631fd660d13,CCCCCC(C)C,aqueous_solubility,log10(mol/L),train,,-5.079999923706055,-4.9001799459457285,-6.415103997673828,-3.3852558942176287,scaffold,2030,rf_rdkit,random_forest,rdkit,none,77abfcdbb281d08df2e9fb09cf84b2a648ea9008
esol,da7e9d52660f7666,CCCCCC(C)O,aqueous_solubility,log10(mol/L),train,,-1.5499999523162842,-1.5345699663758305,-3.04949401810393,-0.0196459146477308,scaffold,2030,rf_rdkit,random_forest,rdkit,none,77abfcdbb281d08df2e9fb09cf84b2a648ea9008
esol,04583283814a1149,CCCCCC(O)CC,aqueous_solubility,log10(mol/L),train,,-1.9800000190734863,-2.038665999174121,-3.553590050902221,-0.5237419474460214,scaffold,2030,rf_rdkit,random_forest,rdkit,none,77abfcdbb281d08df2e9fb09cf84b2a648ea9008
esol,a98e9ddfe0bfb71f,CCCCCC1CCCC1,aqueous_solubility,log10(mol/L),validation,C1CCCC1,-6.079999923706055,-4.974536011815073,-6.489460063543173,-3.4596119600869732,scaffold,2030,rf_rdkit,random_forest,rdkit,none,77abfcdbb281d08df2e9fb09cf84b2a648ea9008
esol,93bc9362240baa5a,CCCCCC=O,aqueous_solubility,log10(mol/L),train,,-1.2999999523162842,-1.2913499718122268,-2.8062740235403263,0.22357407991587297,scaffold,2030,rf_rdkit,random_forest,rdkit,none,77abfcdbb281d08df2e9fb09cf84b2a648ea9008
esol,a6326ae1c933fa1d,CCCCCCBr,aqueous_solubility,log10(mol/L),train,,-3.809999942779541,-3.7284599463939627,-5.243383998122063,-2.213535894665863,scaffold,2030,rf_rdkit,random_forest,rdkit,none,77abfcdbb281d08df2e9fb09cf84b2a648ea9008
esol,0742f60cc0d0b0c5,CCCCCCC,aqueous_solubility,log10(mol/L),train,,-4.53000020980835,-4.412980115652079,-5.927904167380179,-2.8980560639239794,scaffold,2030,rf_rdkit,random_forest,rdkit,none,77abfcdbb281d08df2e9fb09cf84b2a648ea9008
esol,3350712a156b97ee,CCCCCCC(=O)OCC,aqueous_solubility,log10(mol/L),train,,-2.740000009536743,-2.6773940105438223,-4.192318062271922,-1.1624699588157226,scaffold,2030,rf_rdkit,random_forest,rdkit,none,77abfcdbb281d08df2e9fb09cf84b2a648ea9008
esol,7056b5401228fc27,CCCCCCC(=O)OCN1C(=O)NC(c2ccccc2)(c2ccccc2)C1=O,aqueous_solubility,log10(mol/L),test,O=C1NC(=O)C(c2ccccc2)(c2ccccc2)N1,-6.301000118255615,-4.7275819951891895,-6.242506046917289,-3.21265794346109,scaffold,2030,rf_rdkit,random_forest,rdkit,none,77abfcdbb281d08df2e9fb09cf84b2a648ea9008
esol,59ece8e98d2096e2,CCCCCCC(C)=O,aqueous_solubility,log10(mol/L),train,,-2.049999952316284,-2.104351963520045,-3.6192760152481447,-0.5894279117919452,scaffold,2030,rf_rdkit,random_forest,rdkit,none,77abfcdbb281d08df2e9fb09cf84b2a648ea9008
esol,427cbb0dd97d6b50,CCCCCCC(C)O,aqueous_solubility,log10(mol/L),train,,-2.0899999141693115,-2.1227659450173397,-3.6376899967454395,-0.60784189328924,scaffold,2030,rf_rdkit,random_forest,rdkit,none,77abfcdbb281d08df2e9fb09cf84b2a648ea9008
esol,b17209ce34398ed5,CCCCCCCBr,aqueous_solubility,log10(mol/L),train,,-4.429999828338623,-4.395419881343839,-5.910343933071939,-2.8804958296157395,scaffold,2030,rf_rdkit,random_forest,rdkit,none,77abfcdbb281d08df2e9fb09cf84b2a648ea9008
esol,2f891eb6fbb926d4,CCCCCCCC,aqueous_solubility,log10(mol/L),train,,-5.239999771118164,-5.077619877815254,-6.592543929543353,-3.562695826087154,scaffold,2030,rf_rdkit,random_forest,rdkit,none,77abfcdbb281d08df2e9fb09cf84b2a648ea9008
esol,d4e8db30d372de33,CCCCCCCC(=O)OC,aqueous_solubility,log10(mol/L),train,,-3.1700000762939453,-3.043826060056688,-4.5587501117847875,-1.5289020083285885,scaffold,2030,rf_rdkit,random_forest,rdkit,none,77abfcdbb281d08df2e9fb09cf84b2a648ea9008
esol,bbfb6e5e2f7f210b,CCCCCCCC(=O)OCC,aqueous_solubility,log10(mol/L),train,,-3.390000104904175,-3.305176073312759,-4.820100125040859,-1.7902520215846591,scaffold,2030,rf_rdkit,random_forest,rdkit,none,77abfcdbb281d08df2e9fb09cf84b2a648ea9008
esol,fdf14f687f402c1b,CCCCCCCC(=O)OCN1C(=O)NC(c2ccccc2)(c2ccccc2)C1=O,aqueous_solubility,log10(mol/L),test,O=C1NC(=O)C(c2ccccc2)(c2ccccc2)N1,-6.5229997634887695,-4.82808400195837,-6.34300805368647,-3.31315995023027,scaffold,2030,rf_rdkit,random_forest,rdkit,none,77abfcdbb281d08df2e9fb09cf84b2a648ea9008
esol,fea1a3023a7fc0ae,CCCCCCCC(C)=O,aqueous_solubility,log10(mol/L),train,,-2.5799999237060547,-2.649779946446419,-4.164703998174518,-1.1348558947183194,scaffold,2030,rf_rdkit,random_forest,rdkit,none,77abfcdbb281d08df2e9fb09cf84b2a648ea9008
esol,866ae94d1cd7a5b1,CCCCCCCC(C)O,aqueous_solubility,log10(mol/L),train,,-2.740000009536743,-2.68038800721988,-4.19531205894798,-1.1654639554917803,scaffold,2030,rf_rdkit,random_forest,rdkit,none,77abfcdbb281d08df2e9fb09cf84b2a648ea9008
esol,0c834b867b0755f7,CCCCCCCCBr,aqueous_solubility,log10(mol/L),train,,-5.059999942779541,-4.838329950511451,-6.3532540022395505,-3.323405898783351,scaffold,2030,rf_rdkit,random_forest,rdkit,none,77abfcdbb281d08df2e9fb09cf84b2a648ea9008
esol,52907309c5979835,CCCCCCCCC,aqueous_solubility,log10(mol/L),train,,-5.880000114440918,-5.536580046176908,-7.051504097905008,-4.021655994448809,scaffold,2030,rf_rdkit,random_forest,rdkit,none,77abfcdbb281d08df2e9fb09cf84b2a648ea9008
esol,91d1337f64867273,CCCCCCCCC(=O)OC,aqueous_solubility,log10(mol/L),train,,-3.380000114440918,-3.4350000882148763,-4.949924139942976,-1.9200760364867766,scaffold,2030,rf_rdkit,random_forest,rdkit,none,77abfcdbb281d08df2e9fb09cf84b2a648ea9008
esol,91ca518d3bfa05a4,CCCCCCCCC(=O)OCC,aqueous_solubility,log10(mol/L),train,,-3.799999952316284,-3.7952139828205116,-5.310138034548611,-2.280289931092412,scaffold,2030,rf_rdkit,random_forest,rdkit,none,77abfcdbb281d08df2e9fb09cf84b2a648ea9008
esol,190307f6f9c5d129,CCCCCCCCC(C)=O,aqueous_solubility,log10(mol/L),train,,-3.299999952316284,-3.238577968835833,-4.753502020563933,-1.7236539171077334,scaffold,2030,rf_rdkit,random_forest,rdkit,none,77abfcdbb281d08df2e9fb09cf84b2a648ea9008
esol,a3ed57e5c214461b,CCCCCCCCCC(=O)OC,aqueous_solubility,log10(mol/L),train,,-4.690000057220459,-4.361366044759757,-5.876290096487857,-2.8464419930316573,scaffold,2030,rf_rdkit,random_forest,rdkit,none,77abfcdbb281d08df2e9fb09cf84b2a648ea9008
esol,bacd88176dc73f72,CCCCCCCCCC(=O)OCC,aqueous_solubility,log10(mol/L),train,,-4.099999904632568,-4.132343947649007,-5.647267999377107,-2.617419895920907,scaffold,2030,rf_rdkit,random_forest,rdkit,none,77abfcdbb281d08df2e9fb09cf84b2a648ea9008
esol,0660e103e7d31762,CCCCCCCCCC(C)O,aqueous_solubility,log10(mol/L),train,,-2.940000057220459,-3.2178240495920196,-4.732748101320119,-1.7028999978639199,scaffold,2030,rf_rdkit,random_forest,rdkit,none,77abfcdbb281d08df2e9fb09cf84b2a648ea9008
esol,ff455d1cef69469a,CCCCCCCCCCCC(=O)OC,aqueous_solubility,log10(mol/L),train,,-4.690000057220459,-4.664078044414533,-6.179002096142633,-3.1491539926864336,scaffold,2030,rf_rdkit,random_forest,rdkit,none,77abfcdbb281d08df2e9fb09cf84b2a648ea9008
esol,a980398600f36d4e,CCCCCCCCCCCCCC,aqueous_solubility,log10(mol/L),train,,-7.960000038146973,-7.4733900108337314,-8.98831406256183,-5.958465959105632,scaffold,2030,rf_rdkit,random_forest,rdkit,none,77abfcdbb281d08df2e9fb09cf84b2a648ea9008
esol,bc312e38ba02802a,CCCCCCCCCCCCCCCC,aqueous_solubility,log10(mol/L),train,,-8.399999618530273,-8.063491759777055,-9.578415811505154,-6.548567708048955,scaffold,2030,rf_rdkit,random_forest,rdkit,none,77abfcdbb281d08df2e9fb09cf84b2a648ea9008
esol,1a06d4bca85cd592,CCCCCCCCCCCCCCCCCCCC,aqueous_solubility,log10(mol/L),train,,-8.17199993133545,-8.153255853503925,-9.668179905232025,-6.638331801775825,scaffold,2030,rf_rdkit,random_forest,rdkit,none,77abfcdbb281d08df2e9fb09cf84b2a648ea9008
esol,384c121c7d12a56a,CCCCCCCCCCCCCCCCCCCCCCCCCC,aqueous_solubility,log10(mol/L),train,,-8.333999633789062,-8.194551724314696,-9.709475776042796,-6.679627672586596,scaffold,2030,rf_rdkit,random_forest,rdkit,none,77abfcdbb281d08df2e9fb09cf84b2a648ea9008
esol,bc3d0429e3abc793,CCCCCCCCCCCCCCCCCCO,aqueous_solubility,log10(mol/L),train,,-8.399999618530273,-7.85108173656462,-9.36600578829272,-6.33615768483652,scaffold,2030,rf_rdkit,random_forest,rdkit,none,77abfcdbb281d08df2e9fb09cf84b2a648ea9008
esol,c4c342bdb047ff91,CCCCCCCCCCCCCCCCO,aqueous_solubility,log10(mol/L),train,,-7.0,-6.902715950250594,-8.417640001978693,-5.387791898522495,scaffold,2030,rf_rdkit,random_forest,rdkit,none,77abfcdbb281d08df2e9fb09cf84b2a648ea9008
esol,cd68df105e34e541,CCCCCCCCCCCCCCCO,aqueous_solubility,log10(mol/L),train,,-6.349999904632568,-6.403237943887699,-7.918161995615799,-4.8883138921596,scaffold,2030,rf_rdkit,random_forest,rdkit,none,77abfcdbb281d08df2e9fb09cf84b2a648ea9008
esol,1e9120d9df04f9e6,CCCCCCCCCCCCCCO,aqueous_solubility,log10(mol/L),train,,-5.840000152587891,-5.918898095130933,-7.433822146859033,-4.403974043402833,scaffold,2030,rf_rdkit,random_forest,rdkit,none,77abfcdbb281d08df2e9fb09cf84b2a648ea9008
esol,de7e37932cf8aac8,CCCCCCCCCCCCO,aqueous_solubility,log10(mol/L),train,,-4.800000190734863,-4.778718144480148,-6.293642196208248,-3.2637940927520486,scaffold,2030,rf_rdkit,random_forest,rdkit,none,77abfcdbb281d08df2e9fb09cf84b2a648ea9008
esol,50df1a057983a774,CCCCCCCCCCO,aqueous_solubility,log10(mol/L),train,,-3.630000114440918,-3.7029580951370353,-5.217882146865135,-2.1880340434089356,scaffold,2030,rf_rdkit,random_forest,rdkit,none,77abfcdbb281d08df2e9fb09cf84b2a648ea9008
esol,0dd85d1472dc7f0a,CCCCCCCCCO,aqueous_solubility,log10(mol/L),train,,-3.009999990463257,-3.03743201816082,-4.552356069888919,-1.5225079664327201,scaffold,2030,rf_rdkit,random_forest,rdkit,none,77abfcdbb281d08df2e9fb09cf84b2a648ea9008
esol,0f0c5849c0728201,CCCCCCCCO,aqueous_solubility,log10(mol/L),train,,-2.390000104904175,-2.473234056711198,-3.988158108439298,-0.9583100049830984,scaffold,2030,rf_rdkit,random_forest,rdkit,none,77abfcdbb281d08df2e9fb09cf84b2a648ea9008
esol,c6dea0f9a59433fd,CCCCCCCCOC(=O)c1ccccc1C(=O)OCCCCCCCC,aqueous_solubility,log10(mol/L),train,c1ccccc1,-5.114999771118164,-5.61143386077882,-7.126357912506919,-4.09650980905072,scaffold,2030,rf_rdkit,random_forest,rdkit,none,77abfcdbb281d08df2e9fb09cf84b2a648ea9008
esol,38ee92fb024e7c6a,CCCCCCCCl,aqueous_solubility,log10(mol/L),train,,-4.0,-3.833437978800389,-5.348362030528489,-2.3185139270722894,scaffold,2030,rf_rdkit,random_forest,rdkit,none,77abfcdbb281d08df2e9fb09cf84b2a648ea9008
esol,5fa8cd0096eff934,CCCCCCCI,aqueous_solubility,log10(mol/L),train,,-4.809999942779541,-4.666351940751079,-6.181275992479179,-3.1514278890229797,scaffold,2030,rf_rdkit,random_forest,rdkit,none,77abfcdbb281d08df2e9fb09cf84b2a648ea9008
esol,cd059d986249006a,CCCCCCCO,aqueous_solubility,log10(mol/L),train,,-1.809999942779541,-1.772539963468917,-3.287464015197017,-0.2576159117408172,scaffold,2030,rf_rdkit,random_forest,rdkit,none,77abfcdbb281d08df2e9fb09cf84b2a648ea9008
esol,858786129af166f6,CCCCCCCl,aqueous_solubility,log10(mol/L),train,,-3.119999885559082,-3.0776739261709145,-4.592597977899015,-1.5627498744428148,scaffold,2030,rf_rdkit,random_forest,rdkit,none,77abfcdbb281d08df2e9fb09cf84b2a648ea9008
esol,bff524d4cee6dd13,CCCCCCO,aqueous_solubility,log10(mol/L),train,,-1.2400000095367432,-1.2323420015536206,-2.74726605328172,0.2825820501744791,scaffold,2030,rf_rdkit,random_forest,rdkit,none,77abfcdbb281d08df2e9fb09cf84b2a648ea9008
esol,f99f09834a2307b7,CCCCCCOC(=O)c1ccccc1C(=O)OCCCCCC,aqueous_solubility,log10(mol/L),train,c1ccccc1,-6.144000053405762,-5.850652022361759,-7.365576074089859,-4.335727970633659,scaffold,2030,rf_rdkit,random_forest,rdkit,none,77abfcdbb281d08df2e9fb09cf84b2a648ea9008
esol,33da9a9e495cd260,CCCCCCc1ccc(O)cc1O,aqueous_solubility,log10(mol/L),train,c1ccccc1,-2.5899999141693115,-2.8030179533958437,-4.317942005123943,-1.288093901667744,scaffold,2030,rf_rdkit,random_forest,rdkit,none,77abfcdbb281d08df2e9fb09cf84b2a648ea9008
esol,4054ea097cbe803b,CCCCCCc1ccccc1,aqueous_solubility,log10(mol/L),train,c1ccccc1,-5.210000038146973,-4.984764003276836,-6.499688055004936,-3.469839951548736,scaffold,2030,rf_rdkit,random_forest,rdkit,none,77abfcdbb281d08df2e9fb09cf84b2a648ea9008
esol,3b56245e57457ea4,CCCCCCl,aqueous_solubility,log10(mol/L),train,,-2.7300000190734863,-2.6322340024672433,-4.147158054195343,-1.1173099507391435,scaffold,2030,rf_rdkit,random_forest,rdkit,none,77abfcdbb281d08df2e9fb09cf84b2a648ea9008
esol,a58a553e8e375de7,CCCCCO,aqueous_solubility,log10(mol/L),train,,-0.6000000238418579,-0.6025200159102586,-2.1174440676383584,0.9124040358178411,scaffold,2030,rf_rdkit,random_forest,rdkit,none,77abfcdbb281d08df2e9fb09cf84b2a648ea9008
esol,2406a09c97f56f54,CCCCCOC(=O)CC,aqueous_solubility,log10(mol/L),train,,-1.2799999713897705,-1.6294239696264252,-3.144348021354525,-0.11449991789832548,scaffold,2030,rf_rdkit,random_forest,rdkit,none,77abfcdbb281d08df2e9fb09cf84b2a648ea9008
esol,67e3ba13863eb8fe,CCCCCOC(C)=O,aqueous_solubility,log10(mol/L),train,,-1.8899999856948853,-1.8536619860231847,-3.3685860377512844,-0.3387379342950849,scaffold,2030,rf_rdkit,random_forest,rdkit,none,77abfcdbb281d08df2e9fb09cf84b2a648ea9008
esol,412c3e94bc5f3484,CCCCCc1ccccc1,aqueous_solubility,log10(mol/L),train,c1ccccc1,-4.639999866485596,-4.567677906513211,-6.082601958241311,-3.052753854785111,scaffold,2030,rf_rdkit,random_forest,rdkit,none,77abfcdbb281d08df2e9fb09cf84b2a648ea9008
esol,4b17450fdb820e4a,CCCCCl,aqueous_solubility,log10(mol/L),train,,-2.0299999713897705,-1.9941799824237858,-3.5091040341518855,-0.47925593069568606,scaffold,2030,rf_rdkit,random_forest,rdkit,none,77abfcdbb281d08df2e9fb09cf84b2a648ea9008
esol,83588fb58bfe7ab9,CCCCI,aqueous_solubility,log10(mol/L),train,,-2.9600000381469727,-2.7929520093202593,-4.3078760610483595,-1.2780279575921596,scaffold,2030,rf_rdkit,random_forest,rdkit,none,77abfcdbb281d08df2e9fb09cf84b2a648ea9008
esol,6a5cef6cac9b1660,CCCCN(C)C(=O)Nc1ccc(Cl)c(Cl)c1,aqueous_solubility,log10(mol/L),train,c1ccccc1,-4.769999980926514,-4.450487985372538,-5.965412037100638,-2.9355639336444384,scaffold,2030,rf_rdkit,random_forest,rdkit,none,77abfcdbb281d08df2e9fb09cf84b2a648ea9008
esol,6f272ede992bb6a7,CCCCN(CC)C(=O)SCCC,aqueous_solubility,log10(mol/L),train,,-3.5299999713897705,-3.4651879892647313,-4.980112040992831,-1.9502639375366315,scaffold,2030,rf_rdkit,random_forest,rdkit,none,77abfcdbb281d08df2e9fb09cf84b2a648ea9008
esol,b9d61b06f115b6ac,CCCCN(CC)c1c([N+](=O)[O-])cc(C(F)(F)F)cc1[N+](=O)[O-],aqueous_solubility,log10(mol/L),train,c1ccccc1,-5.53000020980835,-5.560594104528421,-7.07551815625652,-4.045670052800321,scaffold,2030,rf_rdkit,random_forest,rdkit,none,77abfcdbb281d08df2e9fb09cf84b2a648ea9008
esol,a86b989f93448443,CCCCNC(=O)n1c(NC(=O)OC)nc2ccccc21,aqueous_solubility,log10(mol/L),validation,c1ccc2[nH]cnc2c1,-4.882999897003174,-3.4355719923973087,-4.9504960441254084,-1.920647940669209,scaffold,2030,rf_rdkit,random_forest,rdkit,none,77abfcdbb281d08df2e9fb09cf84b2a648ea9008
esol,29d728fa528693ff,CCCCO,aqueous_solubility,log10(mol/L),train,,0.0,-0.0904040011391074,-1.6053280528672071,1.4245200505889923,scaffold,2030,rf_rdkit,random_forest,rdkit,none,77abfcdbb281d08df2e9fb09cf84b2a648ea9008
esol,4220bcb6b0bad406,CCCCOC,aqueous_solubility,log10(mol/L),train,,-0.9900000095367432,-0.9326840095482796,-2.4476080612763793,0.5822400421798202,scaffold,2030,rf_rdkit,random_forest,rdkit,none,77abfcdbb281d08df2e9fb09cf84b2a648ea9008
esol,0341b123b22addd6,CCCCOC(=O)CCCCCCCCC(=O)OCCCC,aqueous_solubility,log10(mol/L),train,,-3.8959999084472656,-4.482177938222879,-5.997101989950979,-2.9672538864947793,scaffold,2030,rf_rdkit,random_forest,rdkit,none,77abfcdbb281d08df2e9fb09cf84b2a648ea9008
esol,47e93f994dd9b389,CCCCOC(=O)c1ccc(N)cc1,aqueous_solubility,log10(mol/L),train,c1ccccc1,-3.0820000171661377,-2.8819219963550564,-4.396846048083156,-1.3669979446269567,scaffold,2030,rf_rdkit,random_forest,rdkit,none,77abfcdbb281d08df2e9fb09cf84b2a648ea9008
esol,d36555332cfcbf7b,CCCCOC(=O)c1ccccc1C(=O)OCCCC,aqueous_solubility,log10(mol/L),train,c1ccccc1,-4.400000095367432,-4.306472052693375,-5.821396104421475,-2.7915480009652756,scaffold,2030,rf_rdkit,random_forest,rdkit,none,77abfcdbb281d08df2e9fb09cf84b2a648ea9008
esol,48a64d2e2412d85f,CCCCOC=O,aqueous_solubility,log10(mol/L),train,,-1.3700000047683716,-1.2243160025961792,-2.739240054324279,0.2906080491319205,scaffold,2030,rf_rdkit,random_forest,rdkit,none,77abfcdbb281d08df2e9fb09cf84b2a648ea9008
esol,8af231a36c0747d7,CCCCOCCCC,aqueous_solubility,log10(mol/L),train,,-1.850000023841858,-2.000688016306605,-3.515612068034705,-0.48576396457850546,scaffold,2030,rf_rdkit,random_forest,rdkit,none,77abfcdbb281d08df2e9fb09cf84b2a648ea9008
esol,f017fe662abba75e,CCCCOCCO,aqueous_solubility,log10(mol/L),train,,-0.41999998688697815,-0.6250099912621065,-2.1399340429902063,0.8899140604659932,scaffold,2030,rf_rdkit,random_forest,rdkit,none,77abfcdbb281d08df2e9fb09cf84b2a648ea9008
esol,55b2c8230f6c76ce,CCCCOCN(C(=O)CCl)c1c(CC)cccc1CC,aqueous_solubility,log10(mol/L),train,c1ccccc1,-4.190000057220459,-4.144836031138907,-5.659760082867007,-2.6299119794108075,scaffold,2030,rf_rdkit,random_forest,rdkit,none,77abfcdbb281d08df2e9fb09cf84b2a648ea9008
esol,b1ca0f86c249367e,CCCCOc1ccc(C(=O)OCC)c(N(CC)CC)c1,aqueous_solubility,log10(mol/L),train,c1ccccc1,-3.8399999141693115,-4.053471947878599,-5.5683959996066985,-2.538547896150499,scaffold,2030,rf_rdkit,random_forest,rdkit,none,77abfcdbb281d08df2e9fb09cf84b2a648ea9008
esol,3f27633474c9331c,CCCCS,aqueous_solubility,log10(mol/L),train,,-2.180000066757202,-2.000668036315596,-3.5155920880436957,-0.48574398458749624,scaffold,2030,rf_rdkit,random_forest,rdkit,none,77abfcdbb281d08df2e9fb09cf84b2a648ea9008
esol,a6b160de7573685d,CCCCSP(=O)(SCCCC)SCCCC,aqueous_solubility,log10(mol/L),train,,-5.139999866485596,-5.254325911879535,-6.769249963607635,-3.7394018601514354,scaffold,2030,rf_rdkit,random_forest,rdkit,none,77abfcdbb281d08df2e9fb09cf84b2a648ea9008
esol,5e1f927897c55829,CCCCc1c(C)nc(N(C)C)nc1O,aqueous_solubility,log10(mol/L),calibration,c1cncnc1,-2.240000009536743,-2.629827993258834,-4.144752044986934,-1.1149039415307342,scaffold,2030,rf_rdkit,random_forest,rdkit,none,77abfcdbb281d08df2e9fb09cf84b2a648ea9008
esol,b67ef6c2163c44a1,CCCCc1c(C)nc(NCC)[nH]c1=O,aqueous_solubility,log10(mol/L),validation,O=c1ccnc[nH]1,-3.0280001163482666,-2.64645799170807,-4.16138204343617,-1.1315339399799704,scaffold,2030,rf_rdkit,random_forest,rdkit,none,77abfcdbb281d08df2e9fb09cf84b2a648ea9008
esol,d3bdeb5ae2ce2d98,CCCCc1c(C)nc(NCC)nc1OS(=O)(=O)N(C)C,aqueous_solubility,log10(mol/L),calibration,c1cncnc1,-4.159999847412109,-3.4429519807398323,-4.957876032467932,-1.9280279290117326,scaffold,2030,rf_rdkit,random_forest,rdkit,none,77abfcdbb281d08df2e9fb09cf84b2a648ea9008
esol,da48ee1b0addb712,CCCCc1ccccc1,aqueous_solubility,log10(mol/L),train,c1ccccc1,-4.059999942779541,-4.048219946861262,-5.563143998589362,-2.533295895133162,scaffold,2030,rf_rdkit,random_forest,rdkit,none,77abfcdbb281d08df2e9fb09cf84b2a648ea9008
esol,fe77a1079a4db71d,CCCCl,aqueous_solubility,log10(mol/L),train,,-1.4700000286102295,-1.4657200146094043,-2.9806440663375042,0.049204037118695476,scaffold,2030,rf_rdkit,random_forest,rdkit,none,77abfcdbb281d08df2e9fb09cf84b2a648ea9008
esol,41afd5c9dc6469db,CCCI,aqueous_solubility,log10(mol/L),train,,-2.2899999618530273,-2.142539976954463,-3.6574640286825626,-0.6276159252263631,scaffold,2030,rf_rdkit,random_forest,rdkit,none,77abfcdbb281d08df2e9fb09cf84b2a648ea9008
esol,ae1ed14bd61bab1f,CCCN(CCC)c1c([N+](=O)[O-])cc(C(C)C)cc1[N+](=O)[O-],aqueous_solubility,log10(mol/L),train,c1ccccc1,-6.489999771118164,-5.804509860515602,-7.319433912243702,-4.2895858087875025,scaffold,2030,rf_rdkit,random_forest,rdkit,none,77abfcdbb281d08df2e9fb09cf84b2a648ea9008
esol,d9aea1b45f7377ec,CCCN(CCC)c1c([N+](=O)[O-])cc(C(F)(F)F)cc1[N+](=O)[O-],aqueous_solubility,log10(mol/L),train,c1ccccc1,-5.679999828338623,-5.607885923504826,-7.122809975232926,-4.092961871776726,scaffold,2030,rf_rdkit,random_forest,rdkit,none,77abfcdbb281d08df2e9fb09cf84b2a648ea9008
esol,b7e1fd1651859456,CCCN(CCC)c1c([N+](=O)[O-])cc(S(N)(=O)=O)cc1[N+](=O)[O-],aqueous_solubility,log10(mol/L),train,c1ccccc1,-5.159999847412109,-4.7003918878883075,-6.215315939616407,-3.185467836160208,scaffold,2030,rf_rdkit,random_forest,rdkit,none,77abfcdbb281d08df2e9fb09cf84b2a648ea9008
esol,86e90d5049758778,CCCO,aqueous_solubility,log10(mol/L),train,,0.6200000047683716,0.49664000379668494,-1.0182840479314148,2.0115640555247847,scaffold,2030,rf_rdkit,random_forest,rdkit,none,77abfcdbb281d08df2e9fb09cf84b2a648ea9008
esol,49ec4719ff98e140,CCCOC,aqueous_solubility,log10(mol/L),train,,-0.38999998569488525,-0.35531799333914016,-1.87024204506724,1.1596060583889596,scaffold,2030,rf_rdkit,random_forest,rdkit,none,77abfcdbb281d08df2e9fb09cf84b2a648ea9008
esol,96ea40966d8e8384,CCCOC(=O)CC,aqueous_solubility,log10(mol/L),train,,-0.8199999928474426,-0.9754100001156418,-2.4903340518437416,0.5395140516124579,scaffold,2030,rf_rdkit,random_forest,rdkit,none,77abfcdbb281d08df2e9fb09cf84b2a648ea9008
esol,a78b4649b8e0c24b,CCCOC(=O)CCC,aqueous_solubility,log10(mol/L),train,,-1.75,-1.7829439950585286,-3.297868046786628,-0.2680199433304289,scaffold,2030,rf_rdkit,random_forest,rdkit,none,77abfcdbb281d08df2e9fb09cf84b2a648ea9008
esol,aabeb9ef9b6c73ef,CCCOC(=O)c1ccc(N)cc1,aqueous_solubility,log10(mol/L),train,c1ccccc1,-2.4519999027252197,-2.4968839293718315,-4.011807981099931,-0.9819598776437317,scaffold,2030,rf_rdkit,random_forest,rdkit,none,77abfcdbb281d08df2e9fb09cf84b2a648ea9008
esol,f6c176b746f92d7b,CCCOC(C)=O,aqueous_solubility,log10(mol/L),train,,-0.7200000286102295,-0.7827540175951917,-2.2976780693232914,0.732170034132908,scaffold,2030,rf_rdkit,random_forest,rdkit,none,77abfcdbb281d08df2e9fb09cf84b2a648ea9008
esol,5c8041e0824c9e19,CCCOC(C)C,aqueous_solubility,log10(mol/L),train,,-1.340000033378601,-1.248380022596567,-2.763304074324667,0.26654402913153263,scaffold,2030,rf_rdkit,random_forest,rdkit,none,77abfcdbb281d08df2e9fb09cf84b2a648ea9008
esol,c58c406c10bab020,CCCOC=O,aqueous_solubility,log10(mol/L),train,,-0.49000000953674316,-0.45218000646680245,-1.9671040581949022,1.0627440452612973,scaffold,2030,rf_rdkit,random_forest,rdkit,none,77abfcdbb281d08df2e9fb09cf84b2a648ea9008
esol,54f4ecd667159550,CCCOCC,aqueous_solubility,log10(mol/L),train,,-0.6600000262260437,-0.7208800183012962,-2.235804070029396,0.7940440334268035,scaffold,2030,rf_rdkit,random_forest,rdkit,none,77abfcdbb281d08df2e9fb09cf84b2a648ea9008
esol,7befdae981b64317,CCCOCCC,aqueous_solubility,log10(mol/L),train,,-1.6200000047683716,-1.4592520034723009,-2.9741760552004006,0.055672048255798856,scaffold,2030,rf_rdkit,random_forest,rdkit,none,77abfcdbb281d08df2e9fb09cf84b2a648ea9008
esol,87aef906202e1ace,CCCOP(=S)(OCCC)SCC(=O)N1CCCCC1C,aqueous_solubility,log10(mol/L),test,C1CCNCC1,-4.150000095367432,-4.19790000975132,-5.71282406147942,-2.6829759580232206,scaffold,2030,rf_rdkit,random_forest,rdkit,none,77abfcdbb281d08df2e9fb09cf84b2a648ea9008
esol,d1d0163cab01efb4,CCCSCCC,aqueous_solubility,log10(mol/L),train,,-2.5799999237060547,-2.5691839598417294,-4.084108011569829,-1.0542599081136297,scaffold,2030,rf_rdkit,random_forest,rdkit,none,77abfcdbb281d08df2e9fb09cf84b2a648ea9008
esol,312bea6178167aac,CCC[N+](=O)[O-],aqueous_solubility,log10(mol/L),train,,-0.800000011920929,-0.6160920074805722,-2.131016059208672,0.8988320442475275,scaffold,2030,rf_rdkit,random_forest,rdkit,none,77abfcdbb281d08df2e9fb09cf84b2a648ea9008
esol,d53a48903a4a1467,CCCc1ccccc1,aqueous_solubility,log10(mol/L),train,c1ccccc1,-3.369999885559082,-3.345539919018744,-4.860463970746844,-1.830615867290644,scaffold,2030,rf_rdkit,random_forest,rdkit,none,77abfcdbb281d08df2e9fb09cf84b2a648ea9008
esol,301376a68f01135a,CCCl,aqueous_solubility,log10(mol/L),train,,-1.059999942779541,-1.0017959665134644,-2.516720018241564,0.5131280852146354,scaffold,2030,rf_rdkit,random_forest,rdkit,none,77abfcdbb281d08df2e9fb09cf84b2a648ea9008
esol,9753008d844f22ea,CCI,aqueous_solubility,log10(mol/L),train,,-1.600000023841858,-1.567644011482605,-3.0825680632107044,-0.052719959754505163,scaffold,2030,rf_rdkit,random_forest,rdkit,none,77abfcdbb281d08df2e9fb09cf84b2a648ea9008
esol,085c1fa9c2a1c504,CCN(CC)C(=O)C(C)Oc1cccc2ccccc12,aqueous_solubility,log10(mol/L),train,c1ccc2ccccc2c1,-3.569999933242798,-3.6778299484252996,-5.1927540001534,-2.1629058966972,scaffold,2030,rf_rdkit,random_forest,rdkit,none,77abfcdbb281d08df2e9fb09cf84b2a648ea9008
esol,812e34c85846a730,CCN(CC)C(=O)C(Cl)=CCOP(=O)(OC)OC,aqueous_solubility,log10(mol/L),train,,0.5230000019073486,-0.7593479869216768,-2.2742720386497766,0.7555760648064229,scaffold,2030,rf_rdkit,random_forest,rdkit,none,77abfcdbb281d08df2e9fb09cf84b2a648ea9008
esol,9723f4b3ba082caa,CCN(CC)C(=O)CSc1ccc(Cl)nn1,aqueous_solubility,log10(mol/L),calibration,c1ccnnc1,-1.715999960899353,-3.105477994069457,-4.620402045797556,-1.5905539423413573,scaffold,2030,rf_rdkit,random_forest,rdkit,none,77abfcdbb281d08df2e9fb09cf84b2a648ea9008
esol,ee2ebbdca22199a1,CCN(CC)C(=S)SSC(=S)N(CC)CC,aqueous_solubility,log10(mol/L),train,,-4.860000133514404,-4.668398086011399,-6.1833221377394985,-3.153474034283299,scaffold,2030,rf_rdkit,random_forest,rdkit,none,77abfcdbb281d08df2e9fb09cf84b2a648ea9008
esol,3878652960419c3c,CCN(CC)c1c([N+](=O)[O-])cc(C(F)(F)F)c(N)c1[N+](=O)[O-],aqueous_solubility,log10(mol/L),train,c1ccccc1,-5.46999979019165,-5.082955864310262,-6.597879916038361,-3.568031812582162,scaffold,2030,rf_rdkit,random_forest,rdkit,none,77abfcdbb281d08df2e9fb09cf84b2a648ea9008
esol,3b5a9da1c47e3e46,CCN(CC)c1ccccc1,aqueous_solubility,log10(mol/L),train,c1ccccc1,-3.0299999713897705,-2.9585399857759476,-4.473464037504048,-1.4436159340478478,scaffold,2030,rf_rdkit,random_forest,rdkit,none,77abfcdbb281d08df2e9fb09cf84b2a648ea9008
esol,cf6de63eb5d8eb0b,CCN(CC)c1nc(Cl)nc(N(CC)CC)n1,aqueous_solubility,log10(mol/L),train,c1ncncn1,-4.410999774932861,-4.187729855984448,-5.7026539077125475,-2.672805804256348,scaffold,2030,rf_rdkit,random_forest,rdkit,none,77abfcdbb281d08df2e9fb09cf84b2a648ea9008
esol,d9740040550600bf,CCN(CC)c1nc(Cl)nc(NC(C)C)n1,aqueous_solubility,log10(mol/L),train,c1ncncn1,-3.7850000858306885,-3.8148820338249227,-5.329806085553022,-2.299957982096823,scaffold,2030,rf_rdkit,random_forest,rdkit,none,77abfcdbb281d08df2e9fb09cf84b2a648ea9008
esol,adbb55de69618842,CCN(Cc1c(F)cccc1Cl)c1c([N+](=O)[O-])cc(C(F)(F)F)cc1[N+](=O)[O-],aqueous_solubility,log10(mol/L),calibration,c1ccc(CNc2ccccc2)cc1,-6.78000020980835,-5.478206003844734,-6.993130055572834,-3.9632819521166347,scaffold,2030,rf_rdkit,random_forest,rdkit,none,77abfcdbb281d08df2e9fb09cf84b2a648ea9008
esol,75220b947a56ab9a,CCN1C(=O)c2ccccc2Oc2ccccc21,aqueous_solubility,log10(mol/L),test,O=C1Nc2ccccc2Oc2ccccc21,-3.680000066757202,-3.7533379784822483,-5.268262030210348,-2.2384139267541485,scaffold,2030,rf_rdkit,random_forest,rdkit,none,77abfcdbb281d08df2e9fb09cf84b2a648ea9008
esol,1c51d8c0da01f993,CCN1C(=O)c2cccnc2N(CC)c2ncccc21,aqueous_solubility,log10(mol/L),calibration,O=C1Nc2cccnc2Nc2ncccc21,-2.859999895095825,-3.66698196309805,-5.18190601482615,-2.1520579113699503,scaffold,2030,rf_rdkit,random_forest,rdkit,none,77abfcdbb281d08df2e9fb09cf84b2a648ea9008
esol,fc65bd185c530d51,CCN1c2cc(Cl)ccc2NC(=O)c2cccnc21,aqueous_solubility,log10(mol/L),calibration,O=C1Nc2ccccc2Nc2ncccc21,-5.360000133514404,-3.921871976137164,-5.436796027865263,-2.406947924409064,scaffold,2030,rf_rdkit,random_forest,rdkit,none,77abfcdbb281d08df2e9fb09cf84b2a648ea9008
esol,8ac4183ca5517018,CCN1c2cc(N(C)C)cc(C)c2NC(=O)c2cccnc21,aqueous_solubility,log10(mol/L),calibration,O=C1Nc2ccccc2Nc2ncccc21,-4.870999813079834,-3.7301399717330934,-5.245064023461193,-2.2152159200049937,scaffold,2030,rf_rdkit,random_forest,rdkit,none,77abfcdbb281d08df2e9fb09cf84b2a648ea9008
esol,b3cc642ed25cfae4,CCN1c2cc(OC)cc(C)c2NC(=O)c2cccnc21,aqueous_solubility,log10(mol/L),calibration,O=C1Nc2ccccc2Nc2ncccc21,-5.1529998779296875,-3.6892339764535436,-5.204158028181643,-2.174309924725444,scaffold,2030,rf_rdkit,random_forest,rdkit,none,77abfcdbb281d08df2e9fb09cf84b2a648ea9008
esol,04d6cee51b3fdde7,CCN1c2ccccc2C(=O)N(C)c2ccccc21,aqueous_solubility,log10(mol/L),calibration,O=C1Nc2ccccc2Nc2ccccc21,-4.749000072479248,-3.9740639662742643,-5.488988018002364,-2.4591399145461645,scaffold,2030,rf_rdkit,random_forest,rdkit,none,77abfcdbb281d08df2e9fb09cf84b2a648ea9008
esol,b5a56231be537631,CCN1c2ccccc2N(C)C(=O)c2cccnc21,aqueous_solubility,log10(mol/L),calibration,O=C1Nc2ccccc2Nc2ncccc21,-3.3239998817443848,-3.7736979545950917,-5.288622006323191,-2.258773902866992,scaffold,2030,rf_rdkit,random_forest,rdkit,none,77abfcdbb281d08df2e9fb09cf84b2a648ea9008
esol,b188836e606e176d,CCN1c2ccccc2N(C)C(=S)c2cccnc21,aqueous_solubility,log10(mol/L),train,S=C1Nc2ccccc2Nc2ncccc21,-4.705999851226807,-4.523737880706795,-6.038661932434895,-3.0088138289786954,scaffold,2030,rf_rdkit,random_forest,rdkit,none,77abfcdbb281d08df2e9fb09cf84b2a648ea9008
esol,71aa580a3add68e5,CCN1c2nc(N(C)CCO)ccc2NC(=O)c2cccnc21,aqueous_solubility,log10(mol/L),calibration,O=C1Nc2cccnc2Nc2ncccc21,-3.359999895095825,-3.5281079851537944,-5.043032036881894,-2.0131839334256947,scaffold,2030,rf_rdkit,random_forest,rdkit,none,77abfcdbb281d08df2e9fb09cf84b2a648ea9008
esol,1e83595b274fb26c,CCN1c2ncccc2C(=O)N(C)c2ccc(Cl)nc21,aqueous_solubility,log10(mol/L),calibration,O=C1Nc2cccnc2Nc2ncccc21,-4.113999843597412,-3.888883962959053,-5.4038080146871525,-2.373959911230953,scaffold,2030,rf_rdkit,random_forest,rdkit,none,77abfcdbb281d08df2e9fb09cf84b2a648ea9008
esol,8231b556c9fd8e9a,CCN1c2ncccc2C(=O)N(C)c2cccnc21,aqueous_solubility,log10(mol/L),calibration,O=C1Nc2cccnc2Nc2ncccc21,-2.619999885559082,-3.491269965648652,-5.006194017376751,-1.9763459139205524,scaffold,2030,rf_rdkit,random_forest,rdkit,none,77abfcdbb281d08df2e9fb09cf84b2a648ea9008
esol,c60ea928a142a52f,CCN1c2ncccc2C(=O)Nc2c(C(F)(F)F)cc(C)nc21,aqueous_solubility,log10(mol/L),calibration,O=C1Nc2cccnc2Nc2ncccc21,-4.206999778747559,-4.201355982065201,-5.716280033793301,-2.6864319303371014,scaffold,2030,rf_rdkit,random_forest,rdkit,none,77abfcdbb281d08df2e9fb09cf84b2a648ea9008
esol,5b312c3afed2bcc2,CCN1c2ncccc2C(=O)Nc2c(C)cc(C)nc21,aqueous_solubility,log10(mol/L),calibration,O=C1Nc2cccnc2Nc2ncccc21,-4.553999900817871,-3.6663059669286016,-5.181230018656701,-2.151381915200502,scaffold,2030,rf_rdkit,random_forest,rdkit,none,77abfcdbb281d08df2e9fb09cf84b2a648ea9008
esol,1c4d269698bfb9cd,CCN1c2ncccc2C(=S)N(C)c2cccnc21,aqueous_solubility,log10(mol/L),train,S=C1Nc2cccnc2Nc2ncccc21,-4.633999824523926,-4.379167871981869,-5.8940919237099685,-2.864243820253769,scaffold,2030,rf_rdkit,random_forest,rdkit,none,77abfcdbb281d08df2e9fb09cf84b2a648ea9008
esol,4c1fea9019ded5ce,CCNC(=O)C(C)OC(=O)Nc1ccccc1,aqueous_solubility,log10(mol/L),train,c1ccccc1,-1.8300000429153442,-2.105302025839686,-3.6202260775677857,-0.5903779741115862,scaffold,2030,rf_rdkit,random_forest,rdkit,none,77abfcdbb281d08df2e9fb09cf84b2a648ea9008
esol,36ea9a2e0669021e,CCNC(=S)NCC,aqueous_solubility,log10(mol/L),train,,-1.4600000381469727,-1.3485820250585607,-2.8635060767866607,0.166342026669539,scaffold,2030,rf_rdkit,random_forest,rdkit,none,77abfcdbb281d08df2e9fb09cf84b2a648ea9008
esol,f174e48b167c2837,CCNP(=S)(OC)OC(C)=CC(=O)OC(C)C,aqueous_solubility,log10(mol/L),train,,-3.4079999923706055,-3.160489983350039,-4.675414035078139,-1.645565931621939,scaffold,2030,rf_rdkit,random_forest,rdkit,none,77abfcdbb281d08df2e9fb09cf84b2a648ea9008
esol,0cb820324a34d951,CCNc1ccccc1,aqueous_solubility,log10(mol/L),train,c1ccccc1,-1.7000000476837158,-1.7693820282220936,-3.284306079950193,-0.2544579764939938,scaffold,2030,rf_rdkit,random_forest,rdkit,none,77abfcdbb281d08df2e9fb09cf84b2a648ea9008
esol,78e4bc5caa3b64a1,CCNc1nc(Cl)nc(N(CC)CC)n1,aqueous_solubility,log10(mol/L),train,c1ncncn1,-4.059999942779541,-3.8385719688683766,-5.353496020596476,-2.323647917140277,scaffold,2030,rf_rdkit,random_forest,rdkit,none,77abfcdbb281d08df2e9fb09cf84b2a648ea9008
esol,25862c96dd4e6018,CCNc1nc(Cl)nc(NC(C)(C)C#N)n1,aqueous_solubility,log10(mol/L),train,c1ncncn1,-3.1500000953674316,-3.224638051692396,-4.7395621034204956,-1.709713999964296,scaffold,2030,rf_rdkit,random_forest,rdkit,none,77abfcdbb281d08df2e9fb09cf84b2a648ea9008
esol,c35dee1f5a7c37bc,CCNc1nc(Cl)nc(NC(C)C)n1,aqueous_solubility,log10(mol/L),train,c1ncncn1,-3.8499999046325684,-3.7590499466657676,-5.273973998393867,-2.244125894937668,scaffold,2030,rf_rdkit,random_forest,rdkit,none,77abfcdbb281d08df2e9fb09cf84b2a648ea9008
esol,9f2e4276303326ba,CCNc1nc(Cl)nc(NCC)n1,aqueous_solubility,log10(mol/L),train,c1ncncn1,-4.550000190734863,-3.8970781083889374,-5.412002160117037,-2.3821540566608377,scaffold,2030,rf_rdkit,random_forest,rdkit,none,77abfcdbb281d08df2e9fb09cf84b2a648ea9008
esol,6d5b8a3ff54e0b4d,CCNc1nc(NC(C)(C)C)nc(OC)n1,aqueous_solubility,log10(mol/L),train,c1ncncn1,-3.239000082015991,-3.0320740432739246,-4.546998095002024,-1.5171499915458249,scaffold,2030,rf_rdkit,random_forest,rdkit,none,77abfcdbb281d08df2e9fb09cf84b2a648ea9008
esol,857aac146f7605e1,CCNc1nc(NC(C)(C)C)nc(SC)n1,aqueous_solubility,log10(mol/L),train,c1ncncn1,-4.0,-3.8850579912662555,-5.399982042994355,-2.3701339395381558,scaffold,2030,rf_rdkit,random_forest,rdkit,none,77abfcdbb281d08df2e9fb09cf84b2a648ea9008
esol,6d1d1bb9e6f1635d,CCNc1nc(NC(C)C)nc(OC)n1,aqueous_solubility,log10(mol/L),train,c1ncncn1,-2.0840001106262207,-2.3456280639171583,-3.860552115645258,-0.8307040121890585,scaffold,2030,rf_rdkit,random_forest,rdkit,none,77abfcdbb281d08df2e9fb09cf84b2a648ea9008
esol,a9802b80d3391f2c,CCNc1nc(NC(C)C)nc(SC)n1,aqueous_solubility,log10(mol/L),train,c1ncncn1,-3.0399999618530273,-3.159507969856263,-4.674432021584362,-1.6445839181281632,scaffold,2030,rf_rdkit,random_forest,rdkit,none,77abfcdbb281d08df2e9fb09cf84b2a648ea9008
esol,1f86e6cfdba212b8,CCO,aqueous_solubility,log10(mol/L),train,,1.100000023841858,0.9309160184934631,-0.5840080332346367,2.445840070221563,scaffold,2030,rf_rdkit,random_forest,rdkit,none,77abfcdbb281d08df2e9fb09cf84b2a648ea9008
esol,e1acff73cd96c0da,CCOC(=O)C=Cc1ccccc1,aqueous_solubility,log10(mol/L),train,c1ccccc1,-3.0,-2.8008819940686225,-4.315806045796722,-1.2859579423405227,scaffold,2030,rf_rdkit,random_forest,rdkit,none,77abfcdbb281d08df2e9fb09cf84b2a648ea9008
esol,43f901d90deba605,CCOC(=O)CC,aqueous_solubility,log10(mol/L),train,,-0.6600000262260437,-0.7688300167322049,-2.2837540684603046,0.7460940349958949,scaffold,2030,rf_rdkit,random_forest,rdkit,none,77abfcdbb281d08df2e9fb09cf84b2a648ea9008
esol,1dba850e06249e9b,CCOC(=O)CC(=O)OCC,aqueous_solubility,log10(mol/L),train,,-0.8199999928474426,-0.9584199955538035,-2.4733440472819033,0.5565040561742962,scaffold,2030,rf_rdkit,random_forest,rdkit,none,77abfcdbb281d08df2e9fb09cf84b2a648ea9008
esol,ec3c35c717f3d59a,CCOC(=O)CC(SP(=S)(OC)OC)C(=O)OCC,aqueous_solubility,log10(mol/L),train,,-3.369999885559082,-3.0998839168548606,-4.61480796858296,-1.584959865126761,scaffold,2030,rf_rdkit,random_forest,rdkit,none,77abfcdbb281d08df2e9fb09cf84b2a648ea9008
esol,2421d1979260abb6,CCOC(=O)CCN(SN(C)C(=O)Oc1cccc2c1OC(C)(C)C2)C(C)C,aqueous_solubility,log10(mol/L),calibration,c1ccc2c(c1)CCO2,-4.710000038146973,-4.6062280075550115,-6.121152059283111,-3.0913039558269118,scaffold,2030,rf_rdkit,random_forest,rdkit,none,77abfcdbb281d08df2e9fb09cf84b2a648ea9008
esol,9934a7cdf9d838a1,CCOC(=O)N(C)C(=O)CSP(=S)(OCC)OCC,aqueous_solubility,log10(mol/L),train,,-2.5179998874664307,-2.6089639253169308,-4.1238879770450305,-1.094039873588831,scaffold,2030,rf_rdkit,random_forest,rdkit,none,77abfcdbb281d08df2e9fb09cf84b2a648ea9008
esol,017bd56618b9c3e0,CCOC(=O)NCCOc1ccc(Oc2ccccc2)cc1,aqueous_solubility,log10(mol/L),validation,c1ccc(Oc2ccccc2)cc1,-4.699999809265137,-3.684069986075164,-5.1989940378032635,-2.169145934347064,scaffold,2030,rf_rdkit,random_forest,rdkit,none,77abfcdbb281d08df2e9fb09cf84b2a648ea9008
esol,e44fba8f66380aba,CCOC(=O)Nc1cccc(OC(=O)Nc2ccccc2)c1,aqueous_solubility,log10(mol/L),validation,O=C(Nc1ccccc1)Oc1ccccc1,-4.631999969482422,-3.9003659884333626,-5.415290040161462,-2.385441936705263,scaffold,2030,rf_rdkit,random_forest,rdkit,none,77abfcdbb281d08df2e9fb09cf84b2a648ea9008
esol,270eaa2f9b027f13,CCOC(=O)c1ccc(N)cc1,aqueous_solubility,log10(mol/L),train,c1ccccc1,-2.615999937057495,-2.4789919451475133,-3.993915996875613,-0.9640678934194136,scaffold,2030,rf_rdkit,random_forest,rdkit,none,77abfcdbb281d08df2e9fb09cf84b2a648ea9008
esol,f9b586256095118b,CCOC(=O)c1ccc(O)cc1,aqueous_solubility,log10(mol/L),train,c1ccccc1,-2.3499999046325684,-2.2272939355373396,-3.7422179872654393,-0.7123698838092398,scaffold,2030,rf_rdkit,random_forest,rdkit,none,77abfcdbb281d08df2e9fb09cf84b2a648ea9008
esol,37b5741bf69cd1f0,CCOC(=O)c1ccccc1,aqueous_solubility,log10(mol/L),train,c1ccccc1,-2.319999933242798,-2.25343395125866,-3.76835800298676,-0.7385098995305603,scaffold,2030,rf_rdkit,random_forest,rdkit,none,77abfcdbb281d08df2e9fb09cf84b2a648ea9008
esol,03ecbb03238f0c7b,CCOC(=O)c1ccccc1C(=O)OCC,aqueous_solubility,log10(mol/L),train,c1ccccc1,-2.3499999046325684,-2.4131239375770095,-3.9280479893051092,-0.8981998858489098,scaffold,2030,rf_rdkit,random_forest,rdkit,none,77abfcdbb281d08df2e9fb09cf84b2a648ea9008
esol,6e27c736fee1b47a,CCOC(=O)c1ccccc1S(=O)(=O)NN(C=O)c1nc(Cl)cc(OC)n1,aqueous_solubility,log10(mol/L),test,O=S(=O)(NNc1ncccn1)c1ccccc1,-4.576000213623047,-3.488431989192963,-5.003356040921062,-1.9735079374648632,scaffold,2030,rf_rdkit,random_forest,rdkit,none,77abfcdbb281d08df2e9fb09cf84b2a648ea9008
esol,8561e62c87b0f110,CCOC(=O)c1cncn1C(C)c1ccccc1,aqueous_solubility,log10(mol/L),test,c1ccc(Cn2ccnc2)cc1,-4.735000133514404,-3.192425995334983,-4.707350047063082,-1.6775019436068832,scaffold,2030,rf_rdkit,random_forest,rdkit,none,77abfcdbb281d08df2e9fb09cf84b2a648ea9008
esol,1c0c21773d52ccc9,CCOC(C)=O,aqueous_solubility,log10(mol/L),train,,-0.03999999910593033,-0.1038600002005623,-1.618784051928662,1.4110640515275374,scaffold,2030,rf_rdkit,random_forest,rdkit,none,77abfcdbb281d08df2e9fb09cf84b2a648ea9008
esol,8601bd8ced19ca47,CCOC(C)OCC,aqueous_solubility,log10(mol/L),train,,-0.4300000071525574,-0.6019040043652066,-2.1168280560933064,0.9130200473628931,scaffold,2030,rf_rdkit,random_forest,rdkit,none,77abfcdbb281d08df2e9fb09cf84b2a648ea9008
esol,df86ba660a9b9e61,CCOC(N)=O,aqueous_solubility,log10(mol/L),train,,0.8500000238418579,0.4948100148029737,-1.020114036925126,2.0097340665310734,scaffold,2030,rf_rdkit,random_forest,rdkit,none,77abfcdbb281d08df2e9fb09cf84b2a648ea9008
esol,c3e06651eb242a60,CCOC1Oc2ccc(OS(C)(=O)=O)cc2C1(C)C,aqueous_solubility,log10(mol/L),calibration,c1ccc2c(c1)CCO2,-3.4200000762939453,-3.111289982736111,-4.62621403446421,-1.5963659310080112,scaffold,2030,rf_rdkit,random_forest,rdkit,none,77abfcdbb281d08df2e9fb09cf84b2a648ea9008
esol,b11a63b949b34974,CCOC=O,aqueous_solubility,log10(mol/L),train,,0.15000000596046448,0.14328000306339073,-1.371644048664709,1.6582040547914905,scaffold,2030,rf_rdkit,random_forest,rdkit,none,77abfcdbb281d08df2e9fb09cf84b2a648ea9008
esol,ebb35693489e2f40,CCOCC,aqueous_solubility,log10(mol/L),train,,-0.09000000357627869,-0.16760400325802793,-1.6825280549861277,1.3473200484700718,scaffold,2030,rf_rdkit,random_forest,rdkit,none,77abfcdbb281d08df2e9fb09cf84b2a648ea9008
esol,05fa589720d43836,CCOCCOCC,aqueous_solubility,log10(mol/L),train,,-0.7699999809265137,-0.7637559885978802,-2.27868004032598,0.7511680631302196,scaffold,2030,rf_rdkit,random_forest,rdkit,none,77abfcdbb281d08df2e9fb09cf84b2a648ea9008
esol,481deb2db0ec848d,CCOP(=O)(OCC)OCC,aqueous_solubility,log10(mol/L),train,,0.4300000071525574,-0.4978939969763183,-2.012818048704418,1.0170300547517814,scaffold,2030,rf_rdkit,random_forest,rdkit,none,77abfcdbb281d08df2e9fb09cf84b2a648ea9008
esol,7f91652770ced25a,CCOP(=S)(CC)Oc1cc(Cl)c(Cl)cc1Cl,aqueous_solubility,log10(mol/L),train,c1ccccc1,-5.751999855041504,-5.6145999075770465,-7.129523959305146,-4.099675855848947,scaffold,2030,rf_rdkit,random_forest,rdkit,none,77abfcdbb281d08df2e9fb09cf84b2a648ea9008
esol,7c5b6332fcb13dbf,CCOP(=S)(NC(C)C)Oc1ccccc1C(=O)OC(C)C,aqueous_solubility,log10(mol/L),train,c1ccccc1,-4.193999767303467,-4.2505718533694825,-5.765495905097582,-2.7356478016413828,scaffold,2030,rf_rdkit,random_forest,rdkit,none,77abfcdbb281d08df2e9fb09cf84b2a648ea9008
esol,537d47a9a7e6a6c9,CCOP(=S)(OCC)N1C(=O)c2ccccc2C1=O,aqueous_solubility,log10(mol/L),train,O=C1NC(=O)c2ccccc21,-3.3499999046325684,-3.4644599439501786,-4.979383995678278,-1.949535892222079,scaffold,2030,rf_rdkit,random_forest,rdkit,none,77abfcdbb281d08df2e9fb09cf84b2a648ea9008
esol,a4d09552af3a116a,CCOP(=S)(OCC)ON=C(C#N)c1ccccc1,aqueous_solubility,log10(mol/L),train,c1ccccc1,-4.861999988555908,-4.6048399832248785,-6.119764034952978,-3.089915931496779,scaffold,2030,rf_rdkit,random_forest,rdkit,none,77abfcdbb281d08df2e9fb09cf84b2a648ea9008
esol,a859beccae572be5,CCOP(=S)(OCC)Oc1cc(C)nc(C(C)C)n1,aqueous_solubility,log10(mol/L),calibration,c1cncnc1,-3.640000104904175,-4.163149987429382,-5.678074039157481,-2.648225935701282,scaffold,2030,rf_rdkit,random_forest,rdkit,none,77abfcdbb281d08df2e9fb09cf84b2a648ea9008
esol,2655a393a9271294,CCOP(=S)(OCC)Oc1ccc(S(C)=O)cc1,aqueous_solubility,log10(mol/L),train,c1ccccc1,-2.299999952316284,-3.047853963255881,-4.562778014983981,-1.5329299115277815,scaffold,2030,rf_rdkit,random_forest,rdkit,none,77abfcdbb281d08df2e9fb09cf84b2a648ea9008
esol,8025defab702547a,CCOP(=S)(OCC)Oc1ccc([N+](=O)[O-])cc1,aqueous_solubility,log10(mol/L),train,c1ccccc1,-4.659999847412109,-4.425659905433655,-5.9405839571617545,-2.910735853705555,scaffold,2030,rf_rdkit,random_forest,rdkit,none,77abfcdbb281d08df2e9fb09cf84b2a648ea9008
esol,edd5605813d6f216,CCOP(=S)(OCC)Oc1ccc2oc(=O)c(Cl)c(C)c2c1,aqueous_solubility,log10(mol/L),calibration,O=c1ccc2ccccc2o1,-5.381999969482422,-4.757653989791872,-6.272578041519972,-3.242729938063772,scaffold,2030,rf_rdkit,random_forest,rdkit,none,77abfcdbb281d08df2e9fb09cf84b2a648ea9008
esol,b577f5a2343d6332,CCOP(=S)(OCC)Oc1nc(Cl)c(Cl)cc1Cl,aqueous_solubility,log10(mol/L),validation,c1ccncc1,-5.670000076293945,-5.133121963769193,-6.648046015497293,-3.6181979120410936,scaffold,2030,rf_rdkit,random_forest,rdkit,none,77abfcdbb281d08df2e9fb09cf84b2a648ea9008
esol,3f40312accc983dd,CCOP(=S)(OCC)Oc1nc(Cl)n(C(C)C)n1,aqueous_solubility,log10(mol/L),test,c1nc[nH]n1,-3.6579999923706055,-3.987731980577113,-5.502656032305213,-2.4728079288490132,scaffold,2030,rf_rdkit,random_forest,rdkit,none,77abfcdbb281d08df2e9fb09cf84b2a648ea9008
esol,24384b764548a445,CCOP(=S)(OCC)SC(CCl)N1C(=O)c2ccccc2C1=O,aqueous_solubility,log10(mol/L),train,O=C1NC(=O)c2ccccc21,-6.340000152587891,-5.570782088041311,-7.08570613976941,-4.055858036313211,scaffold,2030,rf_rdkit,random_forest,rdkit,none,77abfcdbb281d08df2e9fb09cf84b2a648ea9008
esol,6d5b96eb33cae81f,CCOP(=S)(OCC)SCCSCC,aqueous_solubility,log10(mol/L),train,,-4.230000019073486,-4.1520200380086845,-5.666944089736784,-2.6370959862805847,scaffold,2030,rf_rdkit,random_forest,rdkit,none,77abfcdbb281d08df2e9fb09cf84b2a648ea9008
esol,66e03fb49f8d10d6,CCOP(=S)(OCC)SCSC(C)(C)C,aqueous_solubility,log10(mol/L),train,,-4.755000114440918,-4.541476082563388,-6.056400134291488,-3.0265520308352887,scaffold,2030,rf_rdkit,random_forest,rdkit,none,77abfcdbb281d08df2e9fb09cf84b2a648ea9008
esol,9b4868f35e883ba4,CCOP(=S)(OCC)SCSCC,aqueous_solubility,log10(mol/L),train,,-4.110000133514404,-4.0627800983786555,-5.577704150106755,-2.5478560466505558,scaffold,2030,rf_rdkit,random_forest,rdkit,none,77abfcdbb281d08df2e9fb09cf84b2a648ea9008
esol,9f7fec61cd56ae76,CCOP(=S)(OCC)SCSP(=S)(OCC)OCC,aqueous_solubility,log10(mol/L),train,,-5.539999961853027,-5.364041979193685,-6.878966030921784,-3.849117927465585,scaffold,2030,rf_rdkit,random_forest,rdkit,none,77abfcdbb281d08df2e9fb09cf84b2a648ea9008
esol,2e3febfb504819dd,CCOP(=S)(OCC)SCSc1ccc(Cl)cc1,aqueous_solubility,log10(mol/L),train,c1ccccc1,-5.736000061035156,-5.4762520394325325,-6.991176091160632,-3.9613279877044327,scaffold,2030,rf_rdkit,random_forest,rdkit,none,77abfcdbb281d08df2e9fb09cf84b2a648ea9008
esol,bc087b99671770ce,CCOP(=S)(OCC)SCn1c(=O)oc2cc(Cl)ccc21,aqueous_solubility,log10(mol/L),test,O=c1[nH]c2ccccc2o1,-5.232999801635742,-4.798056005656723,-6.312980057384823,-3.2831319539286232,scaffold,2030,rf_rdkit,random_forest,rdkit,none,77abfcdbb281d08df2e9fb09cf84b2a648ea9008
esol,d489007731d8d5eb,CCOc1ccc(C(C)(C)COCc2cccc(Oc3ccccc3)c2)cc1,aqueous_solubility,log10(mol/L),validation,c1ccc(CCOCc2cccc(Oc3ccccc3)c2)cc1,-8.600000381469727,-5.363301977694034,-6.878226029422134,-3.8483779259659343,scaffold,2030,rf_rdkit,random_forest,rdkit,none,77abfcdbb281d08df2e9fb09cf84b2a648ea9008
esol,a7d882d72bb25f91,CCOc1ccc(NC(C)=O)cc1,aqueous_solubility,log10(mol/L),train,c1ccccc1,-2.3499999046325684,-2.3223199346065524,-3.837243986334652,-0.8073958828784527,scaffold,2030,rf_rdkit,random_forest,rdkit,none,77abfcdbb281d08df2e9fb09cf84b2a648ea9008
esol,7ccb0f8bf75e392d,CCOc1ccc(NC(N)=O)cc1,aqueous_solubility,log10(mol/L),train,c1ccccc1,-2.1700000762939453,-2.1634400353133705,-3.67836408704147,-0.6485159835852707,scaffold,2030,rf_rdkit,random_forest,rdkit,none,77abfcdbb281d08df2e9fb09cf84b2a648ea9008
esol,d70f36bd68ed3056,CCOc1ccc2nc(S(N)(=O)=O)sc2c1,aqueous_solubility,log10(mol/L),test,c1ccc2scnc2c1,-3.809999942779541,-2.8611359881460667,-4.376060039874167,-1.346211936417967,scaffold,2030,rf_rdkit,random_forest,rdkit,none,77abfcdbb281d08df2e9fb09cf84b2a648ea9008
esol,d19caccfe21491e3,CCOc1ccccc1,aqueous_solubility,log10(mol/L),train,c1ccccc1,-2.3299999237060547,-2.1008179567717047,-3.6157420084998044,-0.585893905043605,scaffold,2030,rf_rdkit,random_forest,rdkit,none,77abfcdbb281d08df2e9fb09cf84b2a648ea9008
esol,733c64bc774b16dc,CCS,aqueous_solubility,log10(mol/L),train,,-0.6000000238418579,-0.6693160144910135,-2.1842400662191133,0.8456080372370862,scaffold,2030,rf_rdkit,random_forest,rdkit,none,77abfcdbb281d08df2e9fb09cf84b2a648ea9008
esol,4210d252a5e4b130,CCSC(=O)N(CC(C)C)CC(C)C,aqueous_solubility,log10(mol/L),train,,-3.680000066757202,-3.677440040588382,-5.192364092316481,-2.162515988860282,scaffold,2030,rf_rdkit,random_forest,rdkit,none,77abfcdbb281d08df2e9fb09cf84b2a648ea9008
esol,0eacc78ccb3b2ec7,CCSC(=O)N(CC)C1CCCCC1,aqueous_solubility,log10(mol/L),test,C1CCCCC1,-3.4000000953674316,-3.5117979938983925,-5.026722045626492,-1.9968739421702928,scaffold,2030,rf_rdkit,random_forest,rdkit,none,77abfcdbb281d08df2e9fb09cf84b2a648ea9008
esol,b34c23ed3887b6c3,CCSCC,aqueous_solubility,log10(mol/L),train,,-1.340000033378601,-1.5211360232532016,-3.036060074981301,-0.006211971525101889,scaffold,2030,rf_rdkit,random_forest,rdkit,none,77abfcdbb281d08df2e9fb09cf84b2a648ea9008
esol,891c2426f12aec2e,CCSCCSP(=S)(OC)OC,aqueous_solubility,log10(mol/L),train,,-3.0910000801086426,-3.250794065356258,-4.765718117084358,-1.7358700136281584,scaffold,2030,rf_rdkit,random_forest,rdkit,none,77abfcdbb281d08df2e9fb09cf84b2a648ea9008
esol,0a4abbde14334c18,CCSCc1ccccc1OC(=O)NC,aqueous_solubility,log10(mol/L),train,c1ccccc1,-2.0899999141693115,-2.409025941342116,-3.9239499930702157,-0.8941018896140163,scaffold,2030,rf_rdkit,random_forest,rdkit,none,77abfcdbb281d08df2e9fb09cf84b2a648ea9008
esol,87fc28998371cbb0,CCSSCC,aqueous_solubility,log10(mol/L),train,,-2.4200000762939453,-2.4251280473172687,-3.9400520990453685,-0.910203995589169,scaffold,2030,rf_rdkit,random_forest,rdkit,none,77abfcdbb281d08df2e9fb09cf84b2a648ea9008
esol,f3b46b3354c9eed2,CC[N+](=O)[O-],aqueous_solubility,log10(mol/L),train,,-0.2199999988079071,-0.09765599987282547,-1.6125800516009252,1.4172680518552743,scaffold,2030,rf_rdkit,random_forest,rdkit,none,77abfcdbb281d08df2e9fb09cf84b2a648ea9008
esol,bb694e02c2818edd,CCc1ccc(C)cc1,aqueous_solubility,log10(mol/L),train,c1ccccc1,-3.109999895095825,-3.168399930834771,-4.683323982562871,-1.6534758791066713,scaffold,2030,rf_rdkit,random_forest,rdkit,none,77abfcdbb281d08df2e9fb09cf84b2a648ea9008
esol,d26225632c84855c,CCc1ccc(CC)cc1,aqueous_solubility,log10(mol/L),train,c1ccccc1,-3.75,-3.6933499917984007,-5.208274043526501,-2.178425940070301,scaffold,2030,rf_rdkit,random_forest,rdkit,none,77abfcdbb281d08df2e9fb09cf84b2a648ea9008
esol,33ad79fcb84e93ac,CCc1ccc2ccccc2c1,aqueous_solubility,log10(mol/L),train,c1ccc2ccccc2c1,-4.289999961853027,-4.30028597211838,-5.81521002384648,-2.7853619203902804,scaffold,2030,rf_rdkit,random_forest,rdkit,none,77abfcdbb281d08df2e9fb09cf84b2a648ea9008
esol,354b210ac00c8e34,CCc1cccc(C)c1N(C(=O)CCl)C(C)COC,aqueous_solubility,log10(mol/L),train,c1ccccc1,-2.7300000190734863,-3.0933120057582837,-4.608236057486383,-1.578387954030184,scaffold,2030,rf_rdkit,random_forest,rdkit,none,77abfcdbb281d08df2e9fb09cf84b2a648ea9008
esol,fbe7773591d8989f,CCc1cccc(CC)c1N(COC)C(=O)CCl,aqueous_solubility,log10(mol/L),train,c1ccccc1,-3.259999990463257,-3.3579299968481053,-4.872854048576205,-1.8430059451200056,scaffold,2030,rf_rdkit,random_forest,rdkit,none,77abfcdbb281d08df2e9fb09cf84b2a648ea9008
esol,e28c9726a0795ed3,CCc1cccc2ccccc12,aqueous_solubility,log10(mol/L),train,c1ccc2ccccc2c1,-4.170000076293945,-4.229596030712132,-5.744520082440232,-2.7146719789840326,scaffold,2030,rf_rdkit,random_forest,rdkit,none,77abfcdbb281d08df2e9fb09cf84b2a648ea9008
esol,8c96f07140aea378,CCc1ccccc1,aqueous_solubility,log10(mol/L),train,c1ccccc1,-2.7699999809265137,-2.790099979281426,-4.305024031009525,-1.275175927553326,scaffold,2030,rf_rdkit,random_forest,rdkit,none,77abfcdbb281d08df2e9fb09cf84b2a648ea9008
esol,03e6bb14b7cd4e84,CCc1ccccc1C,aqueous_solubility,log10(mol/L),train,c1ccccc1,-3.2100000381469727,-3.2344080116748803,-4.74933206340298,-1.7194839599467806,scaffold,2030,rf_rdkit,random_forest,rdkit,none,77abfcdbb281d08df2e9fb09cf84b2a648ea9008
esol,d5b47e98960e200b,CCc1ccccc1CC,aqueous_solubility,log10(mol/L),train,c1ccccc1,-3.2799999713897705,-3.479653976917268,-4.994578028645368,-1.9647299251891681,scaffold,2030,rf_rdkit,random_forest,rdkit,none,77abfcdbb281d08df2e9fb09cf84b2a648ea9008
esol,c72e4f98e3a14f65,CCc1ccccn1,aqueous_solubility,log10(mol/L),validation,c1ccncc1,0.5099999904632568,-1.680744004197419,-3.195668055925519,-0.16581995246931935,scaffold,2030,rf_rdkit,random_forest,rdkit,none,77abfcdbb281d08df2e9fb09cf84b2a648ea9008
esol,dfcfa377f0081086,CI,aqueous_solubility,log10(mol/L),train,,-1.0,-1.03134000368416,-2.5462640554122595,0.48358404804393973,scaffold,2030,rf_rdkit,random_forest,rdkit,none,77abfcdbb281d08df2e9fb09cf84b2a648ea9008
esol,17b9e8aacba5bcf4,CN(C(=O)COc1nc2ccccc2s1)c1ccccc1,aqueous_solubility,log10(mol/L),calibration,O=C(COc1nc2ccccc2s1)Nc1ccccc1,-4.873000144958496,-3.8804619768112927,-5.395386028539392,-2.365537925083193,scaffold,2030,rf_rdkit,random_forest,rdkit,none,77abfcdbb281d08df2e9fb09cf84b2a648ea9008
esol,21c12c9bffc5a79f,CN(C(=O)NC(C)(C)c1ccccc1)c1ccccc1,aqueous_solubility,log10(mol/L),train,O=C(NCc1ccccc1)Nc1ccccc1,-3.3499999046325684,-3.6249399337768553,-5.139863985504955,-2.1100158820487556,scaffold,2030,rf_rdkit,random_forest,rdkit,none,77abfcdbb281d08df2e9fb09cf84b2a648ea9008
esol,5b2b342c6e910b68,CN(C)C(=O)C(c1ccccc1)c1ccccc1,aqueous_solubility,log10(mol/L),calibration,c1ccc(Cc2ccccc2)cc1,-2.9800000190734863,-3.915443983793261,-5.430368035521361,-2.400519932065161,scaffold,2030,rf_rdkit,random_forest,rdkit,none,77abfcdbb281d08df2e9fb09cf84b2a648ea9008
esol,e134da02d6e9cf26,CN(C)C(=O)N(C)C,aqueous_solubility,log10(mol/L),train,,0.9399999976158142,0.34382199832050775,-1.171102053407592,1.8587460500486075,scaffold,2030,rf_rdkit,random_forest,rdkit,none,77abfcdbb281d08df2e9fb09cf84b2a648ea9008
esol,0842d549a4381515,CN(C)C(=O)NC1CC2CC1C1CCCC21,aqueous_solubility,log10(mol/L),test,C1CC2C3CCC(C3)C2C1,-3.1710000038146973,-2.948152003701776,-4.463076055429876,-1.4332279519736764,scaffold,2030,rf_rdkit,random_forest,rdkit,none,77abfcdbb281d08df2e9fb09cf84b2a648ea9008
esol,6a218e40dde53207,CN(C)C(=O)NC1CCCCCCC1,aqueous_solubility,log10(mol/L),calibration,C1CCCCCCC1,-2.2179999351501465,-2.841203998375684,-4.356128050103784,-1.3262799466475843,scaffold,2030,rf_rdkit,random_forest,rdkit,none,77abfcdbb281d08df2e9fb09cf84b2a648ea9008
esol,f0f2d211a8e908bf,CN(C)C(=O)Nc1ccc(-n2nc(C(C)(C)C)oc2=O)c(Cl)c1,aqueous_solubility,log10(mol/L),train,O=c1ocnn1-c1ccccc1,-4.328000068664551,-4.218580044597389,-5.733504096325489,-2.7036559928692894,scaffold,2030,rf_rdkit,random_forest,rdkit,none,77abfcdbb281d08df2e9fb09cf84b2a648ea9008
esol,9a5249c275292eb3,CN(C)C(=O)Nc1ccc(Cl)c(Cl)c1,aqueous_solubility,log10(mol/L),train,c1ccccc1,-3.799999952316284,-3.637203978061678,-5.152128029789777,-2.122279926333578,scaffold,2030,rf_rdkit,random_forest,rdkit,none,77abfcdbb281d08df2e9fb09cf84b2a648ea9008
esol,9e5215f43f1d56ea,CN(C)C(=O)Nc1ccc(Cl)cc1,aqueous_solubility,log10(mol/L),train,c1ccccc1,-2.890000104904175,-2.88051006102562,-4.395434112753719,-1.36558600929752,scaffold,2030,rf_rdkit,random_forest,rdkit,none,77abfcdbb281d08df2e9fb09cf84b2a648ea9008
esol,d673d5fc135e5b84,CN(C)C(=O)Nc1ccc(Oc2ccc(Cl)cc2)cc1,aqueous_solubility,log10(mol/L),validation,c1ccc(Oc2ccccc2)cc1,-4.889999866485596,-4.127495993614199,-5.642420045342298,-2.612571941886099,scaffold,2030,rf_rdkit,random_forest,rdkit,none,77abfcdbb281d08df2e9fb09cf84b2a648ea9008
esol,a7978985d5bfccc6,CN(C)C(=O)Nc1cccc(C(F)(F)F)c1,aqueous_solubility,log10(mol/L),train,c1ccccc1,-3.430000066757202,-3.3047900369465375,-4.819714088674637,-1.7898659852184378,scaffold,2030,rf_rdkit,random_forest,rdkit,none,77abfcdbb281d08df2e9fb09cf84b2a648ea9008
esol,acfcc9ff5ed16439,CN(C)C(=O)Nc1cccc(OC(=O)NC(C)(C)C)c1,aqueous_solubility,log10(mol/L),train,c1ccccc1,-2.930000066757202,-3.0760940350443127,-4.591018086772412,-1.561169983316213,scaffold,2030,rf_rdkit,random_forest,rdkit,none,77abfcdbb281d08df2e9fb09cf84b2a648ea9008
esol,a051aff34d8c425d,CN(C)C(=O)Nc1ccccc1,aqueous_solubility,log10(mol/L),train,c1ccccc1,-1.600000023841858,-1.8508400139808718,-3.3657640657089716,-0.3359159622527721,scaffold,2030,rf_rdkit,random_forest,rdkit,none,77abfcdbb281d08df2e9fb09cf84b2a648ea9008
esol,0483f0df1603d0eb,CN(C)C(=O)OC1=CC(=O)CC(C)(C)C1,aqueous_solubility,log10(mol/L),test,O=C1C=CCCC1,-0.8500000238418579,-2.21589599750936,-3.73082004923746,-0.7009719457812604,scaffold,2030,rf_rdkit,random_forest,rdkit,none,77abfcdbb281d08df2e9fb09cf84b2a648ea9008
esol,c8b9b536892e09bf,CN(C)C(=O)SCCCCOc1ccccc1,aqueous_solubility,log10(mol/L),train,c1ccccc1,-3.927000045776367,-3.730626029908656,-5.245550081636756,-2.2157019781805563,scaffold,2030,rf_rdkit,random_forest,rdkit,none,77abfcdbb281d08df2e9fb09cf84b2a648ea9008
esol,910101c5cb9a1670,CN(C)C(=S)SSC(=S)N(C)C,aqueous_solubility,log10(mol/L),train,,-3.9000000953674316,-3.451678067408504,-4.966602119136604,-1.9367540156804042,scaffold,2030,rf_rdkit,random_forest,rdkit,none,77abfcdbb281d08df2e9fb09cf84b2a648ea9008
esol,b0ec6d6c54570db8,CN(C)c1ccccc1,aqueous_solubility,log10(mol/L),train,c1ccccc1,-1.9199999570846558,-1.9199699733182816,-3.4348940250463813,-0.4050459215901818,scaffold,2030,rf_rdkit,random_forest,rdkit,none,77abfcdbb281d08df2e9fb09cf84b2a648ea9008
esol,925de75b6c7bfe03,CN(C)c1nc(N(C)C)nc(N(C)C)n1,aqueous_solubility,log10(mol/L),train,c1ncncn1,-3.364000082015991,-3.190074062760918,-4.704998114489017,-1.6751500110328181,scaffold,2030,rf_rdkit,random_forest,rdkit,none,77abfcdbb281d08df2e9fb09cf84b2a648ea9008
esol,24d71af8b3e29e2a,CN1C(=O)CN=C(c2ccccc2)c2cc(Cl)ccc21,aqueous_solubility,log10(mol/L),train,O=C1CN=C(c2ccccc2)c2ccccc2N1,-3.753999948501587,-3.7985339629650157,-5.313458014693115,-2.283609911236916,scaffold,2030,rf_rdkit,random_forest,rdkit,none,77abfcdbb281d08df2e9fb09cf84b2a648ea9008
esol,764380275cf6ecfe,CN1C(=O)CN=C(c2ccccc2)c2cc([N+](=O)[O-])ccc21,aqueous_solubility,log10(mol/L),train,O=C1CN=C(c2ccccc2)c2ccccc2N1,-3.7960000038146973,-3.7496700007915464,-5.264594052519646,-2.2347459490634467,scaffold,2030,rf_rdkit,random_forest,rdkit,none,77abfcdbb281d08df2e9fb09cf84b2a648ea9008
esol,5892fb4917f1bd4c,CN1C(=O)c2cccnc2Oc2ccccc21,aqueous_solubility,log10(mol/L),calibration,O=C1Nc2ccccc2Oc2ncccc21,-3.671999931335449,-3.2025479924231766,-4.717472044151276,-1.6876239406950768,scaffold,2030,rf_rdkit,random_forest,rdkit,none,77abfcdbb281d08df2e9fb09cf84b2a648ea9008
esol,e866140d3ce88cc7,CN1C(C(=O)Nc2ccccn2)=C(O)c2ccccc2S1(=O)=O,aqueous_solubility,log10(mol/L),train,O=C(Nc1ccccn1)C1=Cc2ccccc2S(=O)(=O)N1,-4.159999847412109,-3.948073903739454,-5.462997955467554,-2.433149852011354,scaffold,2030,rf_rdkit,random_forest,rdkit,none,77abfcdbb281d08df2e9fb09cf84b2a648ea9008
esol,c3339d1527a56a6a,CN1CC(O)N(c2nnc(C(C)(C)C)s2)C1=O,aqueous_solubility,log10(mol/L),calibration,O=C1NCCN1c1nncs1,-1.8769999742507935,-2.64228800521791,-4.15721205694601,-1.1273639534898101,scaffold,2030,rf_rdkit,random_forest,rdkit,none,77abfcdbb281d08df2e9fb09cf84b2a648ea9008
esol,61a26c632a00b9e2,CNC(=O)C(C)SCCSP(=O)(OC)OC,aqueous_solubility,log10(mol/L),train,,1.1440000534057617,-0.18442195720972832,-1.699346008937828,1.3305020945183714,scaffold,2030,rf_rdkit,random_forest,rdkit,none,77abfcdbb281d08df2e9fb09cf84b2a648ea9008
esol,83a38e89cdeb9ac2,CNC(=O)C=C(C)OP(=O)(OC)OC,aqueous_solubility,log10(mol/L),train,,0.6510000228881836,-0.17875998492910794,-1.6936840366572077,1.3361640667989918,scaffold,2030,rf_rdkit,random_forest,rdkit,none,77abfcdbb281d08df2e9fb09cf84b2a648ea9008
esol,ca4d409d99769eda,CNC(=O)ON=C(CSC)C(C)(C)C,aqueous_solubility,log10(mol/L),train,,-1.6200000047683716,-1.8555520045608296,-3.370476056288929,-0.34062795283272984,scaffold,2030,rf_rdkit,random_forest,rdkit,none,77abfcdbb281d08df2e9fb09cf84b2a648ea9008
esol,9c9e6971a60807b7,CNC(=O)ON=C(SC)C(=O)N(C)C,aqueous_solubility,log10(mol/L),train,,0.10599999874830246,-0.64962400219963,-2.1645480539277298,0.8653000495284697,scaffold,2030,rf_rdkit,random_forest,rdkit,none,77abfcdbb281d08df2e9fb09cf84b2a648ea9008
esol,f974acb9680d10ae,CNC(=O)Oc1cc(C(C)(C)C)cc(C(C)(C)C)c1,aqueous_solubility,log10(mol/L),train,c1ccccc1,-4.239999771118164,-4.157441847205156,-5.672365898933256,-2.6425177954770565,scaffold,2030,rf_rdkit,random_forest,rdkit,none,77abfcdbb281d08df2e9fb09cf84b2a648ea9008
esol,bf5c31c40ed233f0,CNC(=O)Oc1cc(C)cc(C)c1,aqueous_solubility,log10(mol/L),train,c1ccccc1,-2.5810000896453857,-2.485886044621469,-4.000810096349569,-0.9709619928933693,scaffold,2030,rf_rdkit,random_forest,rdkit,none,77abfcdbb281d08df2e9fb09cf84b2a648ea9008
esol,467d5329fab3eb8c,CNC(=O)Oc1ccc(N(C)C)c(C)c1,aqueous_solubility,log10(mol/L),train,c1ccccc1,-2.359999895095825,-2.4445179339051233,-3.959441985633223,-0.9295938821770235,scaffold,2030,rf_rdkit,random_forest,rdkit,none,77abfcdbb281d08df2e9fb09cf84b2a648ea9008
esol,93b1c63994d0c3ae,CNC(=O)Oc1cccc(N=CN(C)C)c1,aqueous_solubility,log10(mol/L),train,c1ccccc1,-2.3399999141693115,-2.397939939275386,-3.9128639910034857,-0.8830158875472862,scaffold,2030,rf_rdkit,random_forest,rdkit,none,77abfcdbb281d08df2e9fb09cf84b2a648ea9008
esol,7c2469e5e8621db7,CNC(=O)Oc1cccc2c1OC(C)(C)C2,aqueous_solubility,log10(mol/L),calibration,c1ccc2c(c1)CCO2,-2.799999952316284,-2.6481839885227383,-4.1631080402508385,-1.1332599367946385,scaffold,2030,rf_rdkit,random_forest,rdkit,none,77abfcdbb281d08df2e9fb09cf84b2a648ea9008
esol,30aebbb20e458ecc,CNC(=O)Oc1cccc2ccccc12,aqueous_solubility,log10(mol/L),train,c1ccc2ccccc2c1,-3.2239999771118164,-3.1115419830083857,-4.626466034736485,-1.596617931280286,scaffold,2030,rf_rdkit,random_forest,rdkit,none,77abfcdbb281d08df2e9fb09cf84b2a648ea9008
esol,4b69c82630d9473f,CNC(=O)Oc1ccccc1,aqueous_solubility,log10(mol/L),train,c1ccccc1,-1.8029999732971191,-1.7690599837303194,-3.283984035458419,-0.2541359320022196,scaffold,2030,rf_rdkit,random_forest,rdkit,none,77abfcdbb281d08df2e9fb09cf84b2a648ea9008
esol,18eaa4bff7b0ffc4,CNC(=O)Oc1ccccc1C(C)C,aqueous_solubility,log10(mol/L),train,c1ccccc1,-2.86299991607666,-2.768061941623688,-4.2829859933517875,-1.253137889895588,scaffold,2030,rf_rdkit,random_forest,rdkit,none,77abfcdbb281d08df2e9fb09cf84b2a648ea9008
esol,27b2b9a51d2a3dfb,CNC(=O)Oc1ccccc1C1OCCO1,aqueous_solubility,log10(mol/L),test,c1ccc(C2OCCO2)cc1,-1.5700000524520874,-2.3666019891612224,-3.881526040889322,-0.8516779374331227,scaffold,2030,rf_rdkit,random_forest,rdkit,none,77abfcdbb281d08df2e9fb09cf84b2a648ea9008
esol,4429a01a775681b0,CNC(=O)Oc1ccccc1OC(C)C,aqueous_solubility,log10(mol/L),train,c1ccccc1,-2.049999952316284,-2.20811396682262,-3.72303801855072,-0.6931899150945204,scaffold,2030,rf_rdkit,random_forest,rdkit,none,77abfcdbb281d08df2e9fb09cf84b2a648ea9008
esol,ce17742748339d63,CNN,aqueous_solubility,log10(mol/L),train,,1.340000033378601,0.8307660209908967,-0.684158030737203,2.3456900727189964,scaffold,2030,rf_rdkit,random_forest,rdkit,none,77abfcdbb281d08df2e9fb09cf84b2a648ea9008
esol,05148dad0482f4d2,CNc1ccccc1,aqueous_solubility,log10(mol/L),train,c1ccccc1,-1.2799999713897705,-1.323051987022166,-2.8379760387502655,0.19187206470593376,scaffold,2030,rf_rdkit,random_forest,rdkit,none,77abfcdbb281d08df2e9fb09cf84b2a648ea9008
esol,a9c91e9f39b50d3c,CNc1cnn(-c2cccc(C(F)(F)F)c2)c(=O)c1Cl,aqueous_solubility,log10(mol/L),train,O=c1cccnn1-c1ccccc1,-4.046000003814697,-3.88286000575125,-5.39778405747935,-2.3679359540231504,scaffold,2030,rf_rdkit,random_forest,rdkit,none,77abfcdbb281d08df2e9fb09cf84b2a648ea9008
esol,0bab33f79e992ea8,CO,aqueous_solubility,log10(mol/L),train,,1.5700000524520874,1.1567000337503606,-0.3582240179777392,2.6716240854784603,scaffold,2030,rf_rdkit,random_forest,rdkit,none,77abfcdbb281d08df2e9fb09cf84b2a648ea9008
esol,f81db077a722c928,COC(=O)C1=C(C)NC(C)=C(C(=O)OC)C1c1ccccc1[N+](=O)[O-],aqueous_solubility,log10(mol/L),train,C1=CC(c2ccccc2)C=CN1,-4.760000228881836,-4.354344134807582,-5.869268186535682,-2.8394200830794825,scaffold,2030,rf_rdkit,random_forest,rdkit,none,77abfcdbb281d08df2e9fb09cf84b2a648ea9008
esol,749fcea5bdddd1e6,COC(=O)Nc1cccc(OC(=O)Nc2cccc(C)c2)c1,aqueous_solubility,log10(mol/L),validation,O=C(Nc1ccccc1)Oc1ccccc1,-4.804999828338623,-3.907485987305642,-5.422410039033742,-2.3925619355775423,scaffold,2030,rf_rdkit,random_forest,rdkit,none,77abfcdbb281d08df2e9fb09cf84b2a648ea9008
esol,a22f0678e1767ab7,COC(=O)Nc1nc2ccc(C(=O)c3ccccc3)cc2[nH]1,aqueous_solubility,log10(mol/L),calibration,O=C(c1ccccc1)c1ccc2nc[nH]c2c1,-3.880000114440918,-3.735923985749483,-5.250848037477583,-2.2209999340213833,scaffold,2030,rf_rdkit,random_forest,rdkit,none,77abfcdbb281d08df2e9fb09cf84b2a648ea9008
esol,666ddf99a256128a,COC(=O)c1cc(O)c(O)c(O)c1,aqueous_solubility,log10(mol/L),train,c1ccccc1,-1.2400000095367432,-1.4748820016570359,-2.9898060533851356,0.04004205007106387,scaffold,2030,rf_rdkit,random_forest,rdkit,none,77abfcdbb281d08df2e9fb09cf84b2a648ea9008
esol,188786e497548b05,COC(=O)c1ccc(O)cc1,aqueous_solubility,log10(mol/L),train,c1ccccc1,-1.8270000219345093,-1.8063100105524128,-3.3212340622805128,-0.29138595882431306,scaffold,2030,rf_rdkit,random_forest,rdkit,none,77abfcdbb281d08df2e9fb09cf84b2a648ea9008
esol,49577c11df1cfd38,COC(=O)c1ccccc1,aqueous_solubility,log10(mol/L),train,c1ccccc1,-1.850000023841858,-1.8235980123281421,-3.338522064056242,-0.3086739606000424,scaffold,2030,rf_rdkit,random_forest,rdkit,none,77abfcdbb281d08df2e9fb09cf84b2a648ea9008
esol,ed34e85526590345,COC(=O)c1ccccc1C(=O)OC,aqueous_solubility,log10(mol/L),train,c1ccccc1,-1.659999966621399,-1.879391971826557,-3.394316023554657,-0.3644679200984573,scaffold,2030,rf_rdkit,random_forest,rdkit,none,77abfcdbb281d08df2e9fb09cf84b2a648ea9008
esol,6e2b5874bd54e152,COC(=O)c1ccccc1OC1OC(COC2OCC(O)C(O)C2O)C(O)C(O)C1O,aqueous_solubility,log10(mol/L),validation,c1ccc(OC2CCCC(COC3CCCCO3)O2)cc1,-0.7419999837875366,-1.9934179913178092,-3.508342043045909,-0.4784939395897094,scaffold,2030,rf_rdkit,random_forest,rdkit,none,77abfcdbb281d08df2e9fb09cf84b2a648ea9008
esol,88ead3f7cdc58cf9,COC(=O)c1cccnc1,aqueous_solubility,log10(mol/L),validation,c1ccncc1,-0.46000000834465027,-1.690094005595891,-3.205018057323991,-0.17516995386779133,scaffold,2030,rf_rdkit,random_forest,rdkit,none,77abfcdbb281d08df2e9fb09cf84b2a648ea9008
esol,5c08f88c70ebf4aa,COC(C)(C)C,aqueous_solubility,log10(mol/L),train,,-0.23999999463558197,-0.4266279985494945,-1.9415520502775943,1.0882960531786052,scaffold,2030,rf_rdkit,random_forest,rdkit,none,77abfcdbb281d08df2e9fb09cf84b2a648ea9008
esol,6773ea5b6283d92d,COC(C)(C)CCCC(C)CC=CC(C)=CC(=O)OC(C)C,aqueous_solubility,log10(mol/L),train,,-5.190000057220459,-4.934536030888548,-6.449460082616648,-3.4196119791604485,scaffold,2030,rf_rdkit,random_forest,rdkit,none,77abfcdbb281d08df2e9fb09cf84b2a648ea9008
esol,798f5eefa4edc99d,COC(C)=O,aqueous_solubility,log10(mol/L),train,,0.46000000834465027,0.3254240051433319,-1.1895000465847678,1.8403480568714317,scaffold,2030,rf_rdkit,random_forest,rdkit,none,77abfcdbb281d08df2e9fb09cf84b2a648ea9008
esol,fe98fc7972b9fbd7,COC1=C(OC)C2C(=O)OCC2C=C1,aqueous_solubility,log10(mol/L),train,O=C1OCC2C=CC=CC12,-1.8990000486373901,-2.0314880329817555,-3.5464120847098553,-0.5165639812536558,scaffold,2030,rf_rdkit,random_forest,rdkit,none,77abfcdbb281d08df2e9fb09cf84b2a648ea9008
esol,033c75d289f7b25e,COC1=CC(=O)CC(C)C12Oc1c(Cl)c(OC)cc(OC)c1C2=O,aqueous_solubility,log10(mol/L),train,O=C1C=CC2(CC1)Oc1ccccc1C2=O,-3.246000051498413,-3.47274403309822,-4.9876680848263195,-1.9578199813701205,scaffold,2030,rf_rdkit,random_forest,rdkit,none,77abfcdbb281d08df2e9fb09cf84b2a648ea9008
esol,14db5dcd22155360,COC1=CC2OC3C=CC(O)=CC3C(=O)C2C(O)=C1,aqueous_solubility,log10(mol/L),train,O=C1C2C=CC=CC2OC2C=CC=CC12,-2.943000078201294,-2.9037740468084814,-4.418698098536581,-1.3888499950803816,scaffold,2030,rf_rdkit,random_forest,rdkit,none,77abfcdbb281d08df2e9fb09cf84b2a648ea9008
esol,68ee9b244d6cfe81,COC=O,aqueous_solubility,log10(mol/L),train,,0.5799999833106995,0.49215999137611366,-1.022764060351986,2.0070840431042134,scaffold,2030,rf_rdkit,random_forest,rdkit,none,77abfcdbb281d08df2e9fb09cf84b2a648ea9008
esol,89703926e52a5f1b,COCC(=O)N(c1c(C)cccc1C)C(C)C(=O)OC,aqueous_solubility,log10(mol/L),train,c1ccccc1,-1.6009999513626099,-2.112287963479759,-3.6272120152078586,-0.5973639117516591,scaffold,2030,rf_rdkit,random_forest,rdkit,none,77abfcdbb281d08df2e9fb09cf84b2a648ea9008
esol,8828034dbcc2ba49,COCCCNc1nc(NC(C)C)nc(SC)n1,aqueous_solubility,log10(mol/L),train,c1ncncn1,-2.927999973297119,-3.0405259730368837,-4.555450024764983,-1.525601921308784,scaffold,2030,rf_rdkit,random_forest,rdkit,none,77abfcdbb281d08df2e9fb09cf84b2a648ea9008
esol,16dde7866f46c4c1,COCOC,aqueous_solubility,log10(mol/L),train,,0.47999998927116394,0.34163599490001584,-1.173288056828084,1.8565600466281156,scaffold,2030,rf_rdkit,random_forest,rdkit,none,77abfcdbb281d08df2e9fb09cf84b2a648ea9008
esol,e2974c195ea5145c,CON(C)C(=O)Nc1ccc(Br)c(Cl)c1,aqueous_solubility,log10(mol/L),train,c1ccccc1,-3.9240000247955322,-3.7796020145416263,-5.294526066269726,-2.2646779628135265,scaffold,2030,rf_rdkit,random_forest,rdkit,none,77abfcdbb281d08df2e9fb09cf84b2a648ea9008
esol,6ff13bb4acd5abdb,CON(C)C(=O)Nc1ccc(Cl)c(Cl)c1,aqueous_solubility,log10(mol/L),train,c1ccccc1,-3.5920000076293945,-3.6024480067193565,-5.117372058447456,-2.0875239549912568,scaffold,2030,rf_rdkit,random_forest,rdkit,none,77abfcdbb281d08df2e9fb09cf84b2a648ea9008
esol,48039236e49fe73d,CON(C)C(=O)Nc1ccc(Cl)cc1,aqueous_solubility,log10(mol/L),train,c1ccccc1,-2.569999933242798,-2.7045239625871185,-4.219448014315218,-1.1895999108590187,scaffold,2030,rf_rdkit,random_forest,rdkit,none,77abfcdbb281d08df2e9fb09cf84b2a648ea9008
esol,af9e24623c743976,COP(=O)(NC(C)=O)SC,aqueous_solubility,log10(mol/L),train,,0.5400000214576721,-0.2617579859159882,-1.776682037644088,1.2531660658121115,scaffold,2030,rf_rdkit,random_forest,rdkit,none,77abfcdbb281d08df2e9fb09cf84b2a648ea9008
esol,13a3fd60c5aabbbd,COP(=O)(OC)C(O)C(Cl)(Cl)Cl,aqueous_solubility,log10(mol/L),train,,-0.2199999988079071,-0.9519559985101282,-2.466880050238228,0.5629680532179715,scaffold,2030,rf_rdkit,random_forest,rdkit,none,77abfcdbb281d08df2e9fb09cf84b2a648ea9008
esol,780a5f925619f9f0,COP(=O)(OC)OC(=CCl)c1cc(Cl)c(Cl)cc1Cl,aqueous_solubility,log10(mol/L),train,c1ccccc1,-4.521999835968018,-4.822079886436452,-6.3370039381645515,-3.307155834708352,scaffold,2030,rf_rdkit,random_forest,rdkit,none,77abfcdbb281d08df2e9fb09cf84b2a648ea9008
esol,5a3a208a796a3e9e,COP(=O)(OC)OC(Br)C(Cl)(Cl)Br,aqueous_solubility,log10(mol/L),train,,-2.2799999713897705,-2.6013499822020547,-4.1162740339301545,-1.086425930473955,scaffold,2030,rf_rdkit,random_forest,rdkit,none,77abfcdbb281d08df2e9fb09cf84b2a648ea9008
esol,6d1ebe733929addc,COP(=S)(OC)Oc1cc(Cl)c(Br)cc1Cl,aqueous_solubility,log10(mol/L),train,c1ccccc1,-6.090000152587891,-5.942826053619379,-7.457750105347479,-4.42790200189128,scaffold,2030,rf_rdkit,random_forest,rdkit,none,77abfcdbb281d08df2e9fb09cf84b2a648ea9008
esol,57f26cdf89d354e1,COP(=S)(OC)Oc1cc(Cl)c(Cl)cc1Cl,aqueous_solubility,log10(mol/L),train,c1ccccc1,-5.71999979019165,-5.555877867937069,-7.070801919665168,-4.040953816208969,scaffold,2030,rf_rdkit,random_forest,rdkit,none,77abfcdbb281d08df2e9fb09cf84b2a648ea9008
esol,c8a8a21070ddea32,COP(=S)(OC)Oc1cc(Cl)c(I)cc1Cl,aqueous_solubility,log10(mol/L),train,c1ccccc1,-6.619999885559082,-6.241257942914981,-7.756181994643081,-4.726333891186881,scaffold,2030,rf_rdkit,random_forest,rdkit,none,77abfcdbb281d08df2e9fb09cf84b2a648ea9008
esol,93a69b9aac77fb83,COP(=S)(OC)Oc1ccc(SC)c(C)c1,aqueous_solubility,log10(mol/L),train,c1ccccc1,-4.570000171661377,-4.350764097928993,-5.8656881496570925,-2.835840046200893,scaffold,2030,rf_rdkit,random_forest,rdkit,none,77abfcdbb281d08df2e9fb09cf84b2a648ea9008
esol,af206ce7eb35e12c,COP(=S)(OC)Oc1ccc(Sc2ccc(OP(=S)(OC)OC)cc2)cc1,aqueous_solubility,log10(mol/L),calibration,c1ccc(Sc2ccccc2)cc1,-6.236999988555908,-5.407655989527704,-6.922580041255804,-3.8927319377996046,scaffold,2030,rf_rdkit,random_forest,rdkit,none,77abfcdbb281d08df2e9fb09cf84b2a648ea9008
esol,0630c7b78d9001c5,COP(=S)(OC)Oc1ccc([N+](=O)[O-])c(C)c1,aqueous_solubility,log10(mol/L),train,c1ccccc1,-4.039999961853027,-3.9039299668073717,-5.418854018535471,-2.389005915079272,scaffold,2030,rf_rdkit,random_forest,rdkit,none,77abfcdbb281d08df2e9fb09cf84b2a648ea9008
esol,26a3764db159060c,COP(=S)(OC)Oc1ccc([N+](=O)[O-])cc1Cl,aqueous_solubility,log10(mol/L),train,c1ccccc1,-4.309999942779541,-4.126359953969723,-5.641284005697822,-2.611435902241623,scaffold,2030,rf_rdkit,random_forest,rdkit,none,77abfcdbb281d08df2e9fb09cf84b2a648ea9008
esol,3c1bae9a1671999e,COP(=S)(OC)SCC(=O)N(C)C=O,aqueous_solubility,log10(mol/L),train,,-1.9950000047683716,-1.9920140029527207,-3.5069380546808206,-0.47708995122462095,scaffold,2030,rf_rdkit,random_forest,rdkit,none,77abfcdbb281d08df2e9fb09cf84b2a648ea9008
esol,3c7c2897c14190e7,COP(=S)(OC)SCC(=O)N(c1ccc(Cl)cc1)C(C)C,aqueous_solubility,log10(mol/L),train,c1ccccc1,-4.432000160217285,-4.473178097426902,-5.988102149155002,-2.9582540456988022,scaffold,2030,rf_rdkit,random_forest,rdkit,none,77abfcdbb281d08df2e9fb09cf84b2a648ea9008
esol,73a7a17726ecb1d8,COc1c(O)c(Cl)c(Cl)c(Cl)c1Cl,aqueous_solubility,log10(mol/L),train,c1ccccc1,-4.019999980926514,-3.8958999912142698,-5.4108240429423695,-2.38097593948617,scaffold,2030,rf_rdkit,random_forest,rdkit,none,77abfcdbb281d08df2e9fb09cf84b2a648ea9008
esol,f6aaf2955176d64c,COc1c2occc2c(OC)c2c(=O)cc(C)oc12,aqueous_solubility,log10(mol/L),train,O=c1ccoc2cc3occc3cc12,-3.0209999084472656,-3.3115979389846344,-4.826521990712735,-1.7966738872565347,scaffold,2030,rf_rdkit,random_forest,rdkit,none,77abfcdbb281d08df2e9fb09cf84b2a648ea9008
esol,d81d239372dc39ef,COc1c2occc2cc2ccc(=O)oc12,aqueous_solubility,log10(mol/L),train,O=c1ccc2cc3ccoc3cc2o1,-3.6640000343322754,-3.4419580135941508,-4.956882065322251,-1.927033961866051,scaffold,2030,rf_rdkit,random_forest,rdkit,none,77abfcdbb281d08df2e9fb09cf84b2a648ea9008
esol,fb0727226d8bda00,COc1cc(C2c3cc4c(cc3C(OC3OC5COC(C)OC5C(O)C3O)C3COC(=O)C23)OCO4)cc(OC)c1O,aqueous_solubility,log10(mol/L),calibration,O=C1OCC2C(OC3CCC4OCOCC4O3)c3cc4c(cc3C(c3ccccc3)C12)OCO4,-3.571000099182129,-3.762886002317071,-5.277810054045171,-2.247961950588971,scaffold,2030,rf_rdkit,random_forest,rdkit,none,77abfcdbb281d08df2e9fb09cf84b2a648ea9008
esol,a2fe2787bc40ab5d,COc1cc2c(N)nc(N3CCN(C(=O)OCC(C)(C)O)CC3)nc2c(OC)c1OC,aqueous_solubility,log10(mol/L),train,c1ccc2nc(N3CCNCC3)ncc2c1,-3.638000011444092,-3.5617060003019847,-5.076630052030085,-2.046781948573885,scaffold,2030,rf_rdkit,random_forest,rdkit,none,77abfcdbb281d08df2e9fb09cf84b2a648ea9008
esol,0bd779b87e0a0d4a,COc1ccc(C(O)(c2cncnc2)C2CC2)cc1,aqueous_solubility,log10(mol/L),test,c1ccc(C(c2cncnc2)C2CC2)cc1,-2.5959999561309814,-3.2677759891748437,-4.782700040902943,-1.752851937446744,scaffold,2030,rf_rdkit,random_forest,rdkit,none,77abfcdbb281d08df2e9fb09cf84b2a648ea9008
esol,9068cc8b834cc0eb,COc1ccc(C(c2ccc(OC)cc2)C(Cl)(Cl)Cl)cc1,aqueous_solubility,log10(mol/L),calibration,c1ccc(Cc2ccccc2)cc1,-6.889999866485596,-5.595287999391556,-7.110212051119656,-4.080363947663456,scaffold,2030,rf_rdkit,random_forest,rdkit,none,77abfcdbb281d08df2e9fb09cf84b2a648ea9008
esol,53952794d358f97b,COc1ccc(C=O)cc1,aqueous_solubility,log10(mol/L),train,c1ccccc1,-1.4900000095367432,-1.656774006783959,-3.1716980585120584,-0.14184995505585918,scaffold,2030,rf_rdkit,random_forest,rdkit,none,77abfcdbb281d08df2e9fb09cf84b2a648ea9008
esol,61e05515e58dc633,COc1ccc(Cl)cc1,aqueous_solubility,log10(mol/L),train,c1ccccc1,-2.7799999713897705,-2.6545759813487515,-4.169500033076851,-1.1396519296206518,scaffold,2030,rf_rdkit,random_forest,rdkit,none,77abfcdbb281d08df2e9fb09cf84b2a648ea9008
esol,6f0d5c822a2c8b54,COc1ccc(NC(=O)N(C)C)cc1Cl,aqueous_solubility,log10(mol/L),train,c1ccccc1,-2.563999891281128,-2.747363932222128,-4.262287983950228,-1.2324398804940282,scaffold,2030,rf_rdkit,random_forest,rdkit,none,77abfcdbb281d08df2e9fb09cf84b2a648ea9008
esol,a440351c22fbaf2f,COc1ccc(Oc2ccc(NC(=O)N(C)C)cc2)cc1,aqueous_solubility,log10(mol/L),validation,c1ccc(Oc2ccccc2)cc1,-4.159999847412109,-3.7292939908504494,-5.244218042578549,-2.2143699391223497,scaffold,2030,rf_rdkit,random_forest,rdkit,none,77abfcdbb281d08df2e9fb09cf84b2a648ea9008
esol,54c11156225fcdea,COc1ccc([N+](=O)[O-])cc1,aqueous_solubility,log10(mol/L),train,c1ccccc1,-2.4100000858306885,-2.2757620528936346,-3.7906861046217344,-0.7608380011655349,scaffold,2030,rf_rdkit,random_forest,rdkit,none,77abfcdbb281d08df2e9fb09cf84b2a648ea9008
esol,76a18f4c2024b3d3,COc1ccc2ccc(=O)oc2c1CC=C(C)C,aqueous_solubility,log10(mol/L),calibration,O=c1ccc2ccccc2o1,-4.314000129699707,-3.733529998153449,-5.248454049881548,-2.2186059464253494,scaffold,2030,rf_rdkit,random_forest,rdkit,none,77abfcdbb281d08df2e9fb09cf84b2a648ea9008
esol,28951249e2791f06,COc1cccc(Cl)c1,aqueous_solubility,log10(mol/L),train,c1ccccc1,-2.7799999713897705,-2.667689980864523,-4.182614032592623,-1.1527659291364234,scaffold,2030,rf_rdkit,random_forest,rdkit,none,77abfcdbb281d08df2e9fb09cf84b2a648ea9008
esol,93c51a6d6f685836,COc1ccccc1,aqueous_solubility,log10(mol/L),train,c1ccccc1,-1.850000023841858,-1.7210140148959996,-3.235938066624099,-0.20608996316789985,scaffold,2030,rf_rdkit,random_forest,rdkit,none,77abfcdbb281d08df2e9fb09cf84b2a648ea9008
esol,61ef7d42849f3184,COc1ccccc1Cl,aqueous_solubility,log10(mol/L),train,c1ccccc1,-2.4600000381469727,-2.457494021534919,-3.9724180732630185,-0.9425699698068191,scaffold,2030,rf_rdkit,random_forest,rdkit,none,77abfcdbb281d08df2e9fb09cf84b2a648ea9008
esol,eb6f42a07bb6de18,COc1ccccc1O,aqueous_solubility,log10(mol/L),train,c1ccccc1,-1.9600000381469727,-1.6566800245903475,-3.171604076318447,-0.14175597286224773,scaffold,2030,rf_rdkit,random_forest,rdkit,none,77abfcdbb281d08df2e9fb09cf84b2a648ea9008
esol,814823a858f686a6,COc1ccccc1OCC(O)COC(N)=O,aqueous_solubility,log10(mol/L),train,c1ccccc1,-0.9850000143051147,-1.4203680042326503,-2.9352920559607503,0.09455604749544944,scaffold,2030,rf_rdkit,random_forest,rdkit,none,77abfcdbb281d08df2e9fb09cf84b2a648ea9008
esol,d4928ef8bde7d1fe,COc1ccccc1[N+](=O)[O-],aqueous_solubility,log10(mol/L),train,c1ccccc1,-1.9600000381469727,-2.0268460273146682,-3.541770079042768,-0.5119219755865685,scaffold,2030,rf_rdkit,random_forest,rdkit,none,77abfcdbb281d08df2e9fb09cf84b2a648ea9008
esol,f77319b49caa9f62,COc1cnc2cncnc2n1,aqueous_solubility,log10(mol/L),calibration,c1cnc2ncncc2n1,-0.9100000262260437,-2.289193993143737,-3.804118044871837,-0.7742699414156373,scaffold,2030,rf_rdkit,random_forest,rdkit,none,77abfcdbb281d08df2e9fb09cf84b2a648ea9008
esol,5dffcf404f645444,COc1cnc2ncncc2n1,aqueous_solubility,log10(mol/L),calibration,c1cnc2ncncc2n1,-1.1390000581741333,-2.298609990783035,-3.813534042511135,-0.7836859390549353,scaffold,2030,rf_rdkit,random_forest,rdkit,none,77abfcdbb281d08df2e9fb09cf84b2a648ea9008
esol,80014862d89a7874,COc1nc(NC(C)C)nc(NC(C)C)n1,aqueous_solubility,log10(mol/L),train,c1ncncn1,-2.4779999256134033,-2.7277379630804064,-4.242662014808506,-1.2128139113523067,scaffold,2030,rf_rdkit,random_forest,rdkit,none,77abfcdbb281d08df2e9fb09cf84b2a648ea9008
esol,6d629ddb03b3976b,COc1ncc2nccnc2n1,aqueous_solubility,log10(mol/L),calibration,c1cnc2ncncc2n1,-1.1100000143051147,-2.2896299963816995,-3.8045540481097992,-0.7747059446535998,scaffold,2030,rf_rdkit,random_forest,rdkit,none,77abfcdbb281d08df2e9fb09cf84b2a648ea9008
esol,1b1400c943fc116e,COc1ncnc2nccnc12,aqueous_solubility,log10(mol/L),calibration,c1cnc2ncncc2n1,-1.1100000143051147,-2.336537993229925,-3.8514620449580246,-0.8216139415018251,scaffold,2030,rf_rdkit,random_forest,rdkit,none,77abfcdbb281d08df2e9fb09cf84b2a648ea9008
esol,ac0041960cd300cd,CS(=O)(=O)c1ccc(C(O)C(CO)NC(=O)C(Cl)Cl)cc1,aqueous_solubility,log10(mol/L),train,c1ccccc1,-2.1540000438690186,-2.467022018611431,-3.981946070339531,-0.9520979668833314,scaffold,2030,rf_rdkit,random_forest,rdkit,none,77abfcdbb281d08df2e9fb09cf84b2a648ea9008
esol,15427e61e6c5e494,CSC,aqueous_solubility,log10(mol/L),train,,-0.44999998807907104,-0.5968739947639294,-2.111798046492029,0.9180500569641703,scaffold,2030,rf_rdkit,random_forest,rdkit,none,77abfcdbb281d08df2e9fb09cf84b2a648ea9008
esol,27be4a939cf2095e,CSCS(=O)CC(CO)NC(=O)C=Cc1c(C)[nH]c(=O)[nH]c1=O,aqueous_solubility,log10(mol/L),test,O=c1cc[nH]c(=O)[nH]1,-1.9809999465942383,-2.9418039857633413,-4.456728037491441,-1.4268799340352416,scaffold,2030,rf_rdkit,random_forest,rdkit,none,77abfcdbb281d08df2e9fb09cf84b2a648ea9008
esol,34db32618c7c0bd7,CSSC,aqueous_solubility,log10(mol/L),train,,-1.440000057220459,-1.5717600389383768,-3.0866840906664765,-0.05683598721027705,scaffold,2030,rf_rdkit,random_forest,rdkit,none,77abfcdbb281d08df2e9fb09cf84b2a648ea9008
esol,c0328538a0e8d514,CSc1ccccc1,aqueous_solubility,log10(mol/L),train,c1ccccc1,-2.390000104904175,-2.440656065702439,-3.955580117430539,-0.9257320139743395,scaffold,2030,rf_rdkit,random_forest,rdkit,none,77abfcdbb281d08df2e9fb09cf84b2a648ea9008
esol,01435d46358b4e6f,CSc1nc(N(C)C)nc(N(C)C)n1,aqueous_solubility,log10(mol/L),train,c1ncncn1,-2.6760001182556152,-2.800020080924034,-4.314944132652133,-1.2850960291959344,scaffold,2030,rf_rdkit,random_forest,rdkit,none,77abfcdbb281d08df2e9fb09cf84b2a648ea9008
esol,a2e1c537815223d9,CSc1nc(NC(C)C)nc(NC(C)C)n1,aqueous_solubility,log10(mol/L),train,c1ncncn1,-4.099999904632568,-3.915495928525928,-5.430419980254028,-2.4005718767978284,scaffold,2030,rf_rdkit,random_forest,rdkit,none,77abfcdbb281d08df2e9fb09cf84b2a648ea9008
esol,6c043c25cd0ee673,CSc1nnc(C(C)(C)C)c(=O)n1N,aqueous_solubility,log10(mol/L),calibration,O=c1cnnc[nH]1,-2.253000020980835,-2.5017880053669215,-4.016712057095021,-0.9868639536388217,scaffold,2030,rf_rdkit,random_forest,rdkit,none,77abfcdbb281d08df2e9fb09cf84b2a648ea9008
esol,939a64a917fc1fbc,C[N+](=O)[O-],aqueous_solubility,log10(mol/L),train,,0.25999999046325684,0.36168799700589593,-1.1532360547222038,1.8766120487339957,scaffold,2030,rf_rdkit,random_forest,rdkit,none,77abfcdbb281d08df2e9fb09cf84b2a648ea9008
esol,6a00bcc744815977,Cc1[nH]c(=O)n(C(C)(C)C)c(=O)c1Cl,aqueous_solubility,log10(mol/L),test,O=c1cc[nH]c(=O)[nH]1,-2.4839999675750732,-2.612708002150059,-4.127632053878159,-1.097783950421959,scaffold,2030,rf_rdkit,random_forest,rdkit,none,77abfcdbb281d08df2e9fb09cf84b2a648ea9008
esol,011959fb02a50970,Cc1c(C)c(C)c(C)c(C)c1C,aqueous_solubility,log10(mol/L),train,c1ccccc1,-5.230000019073486,-5.0022600157894335,-6.517184067517533,-3.4873359640613337,scaffold,2030,rf_rdkit,random_forest,rdkit,none,77abfcdbb281d08df2e9fb09cf84b2a648ea9008
esol,255cf0d2a2107c67,Cc1c(C)c2c3ccccc3ccc2c2ccccc12,aqueous_solubility,log10(mol/L),validation,c1ccc2c(c1)ccc1c3ccccc3ccc21,-7.010000228881836,-7.3839678835868865,-8.898891935314985,-5.869043831858787,scaffold,2030,rf_rdkit,random_forest,rdkit,none,77abfcdbb281d08df2e9fb09cf84b2a648ea9008
esol,96b9df861fc1a5b7,Cc1c(F)c(F)c(COC(=O)C2C(C=C(Cl)C(F)(F)F)C2(C)C)c(F)c1F,aqueous_solubility,log10(mol/L),train,O=C(OCc1ccccc1)C1CC1,-7.321000099182129,-6.471774063110342,-7.9866981148384415,-4.956850011382242,scaffold,2030,rf_rdkit,random_forest,rdkit,none,77abfcdbb281d08df2e9fb09cf84b2a648ea9008
esol,27f7cb057fe02c05,Cc1c(N(C)C)c(=O)n(-c2ccccc2)n1C,aqueous_solubility,log10(mol/L),validation,O=c1cc[nH]n1-c1ccccc1,-0.36399999260902405,-2.908319995056838,-4.423244046784937,-1.3933959433287382,scaffold,2030,rf_rdkit,random_forest,rdkit,none,77abfcdbb281d08df2e9fb09cf84b2a648ea9008
esol,a71940fe39e775e7,Cc1c(N)c(=O)n(-c2ccccc2)n1C,aqueous_solubility,log10(mol/L),validation,O=c1cc[nH]n1-c1ccccc1,-0.6240000128746033,-2.6059380063973365,-4.120862058125436,-1.0910139546692368,scaffold,2030,rf_rdkit,random_forest,rdkit,none,77abfcdbb281d08df2e9fb09cf84b2a648ea9008
esol,405aedd218ada939,Cc1c([N+](=O)[O-])cc([N+](=O)[O-])cc1[N+](=O)[O-],aqueous_solubility,log10(mol/L),train,c1ccccc1,-3.2200000286102295,-3.105092018842697,-4.620016070570797,-1.5901679671145974,scaffold,2030,rf_rdkit,random_forest,rdkit,none,77abfcdbb281d08df2e9fb09cf84b2a648ea9008
esol,6bbc2d7fd1aa6c13,Cc1c([N+](=O)[O-])cccc1[N+](=O)[O-],aqueous_solubility,log10(mol/L),train,c1ccccc1,-3.0,-2.8870679875612257,-4.4019920392893255,-1.372143935833126,scaffold,2030,rf_rdkit,random_forest,rdkit,none,77abfcdbb281d08df2e9fb09cf84b2a648ea9008
esol,2e4e642d79dc2dce,Cc1c2ccccc2c(C)c2c1ccc1ccccc12,aqueous_solubility,log10(mol/L),calibration,c1ccc2cc3c(ccc4ccccc43)cc2c1,-7.019999980926514,-7.47328988027573,-8.98821393200383,-5.95836582854763,scaffold,2030,rf_rdkit,random_forest,rdkit,none,77abfcdbb281d08df2e9fb09cf84b2a648ea9008
esol,74b6a8e9080bc721,Cc1c2ccccc2c(C)c2ccccc12,aqueous_solubility,log10(mol/L),train,c1ccc2cc3ccccc3cc2c1,-6.570000171661377,-6.444798086643198,-7.959722138371298,-4.929874034915098,scaffold,2030,rf_rdkit,random_forest,rdkit,none,77abfcdbb281d08df2e9fb09cf84b2a648ea9008
esol,64f1735379f646a8,Cc1c2ccccc2cc2ccccc12,aqueous_solubility,log10(mol/L),train,c1ccc2cc3ccccc3cc2c1,-5.889999866485596,-6.021875923156723,-7.536799974884823,-4.506951871428623,scaffold,2030,rf_rdkit,random_forest,rdkit,none,77abfcdbb281d08df2e9fb09cf84b2a648ea9008
esol,0ada1641492d4a17,Cc1c[nH]c(=O)[nH]c1=O,aqueous_solubility,log10(mol/L),test,O=c1cc[nH]c(=O)[nH]1,-1.50600004196167,-1.4057719964832056,-2.9206960482113056,0.10915205524489413,scaffold,2030,rf_rdkit,random_forest,rdkit,none,77abfcdbb281d08df2e9fb09cf84b2a648ea9008
esol,b32a6b50a85ca7a0,Cc1c[nH]c(=O)nc1N,aqueous_solubility,log10(mol/L),train,O=c1nccc[nH]1,-1.4579999446868896,-1.4352859680727112,-2.950210019800811,0.07963808365538849,scaffold,2030,rf_rdkit,random_forest,rdkit,none,77abfcdbb281d08df2e9fb09cf84b2a648ea9008
esol,855b948e58b48eae,Cc1c[nH]c2ccccc12,aqueous_solubility,log10(mol/L),calibration,c1ccc2[nH]ccc2c1,-2.4200000762939453,-2.6654539931714534,-4.180378044899554,-1.1505299414433536,scaffold,2030,rf_rdkit,random_forest,rdkit,none,77abfcdbb281d08df2e9fb09cf84b2a648ea9008
esol,412aec08aadb9b06,Cc1cc(=O)[nH]c(=S)[nH]1,aqueous_solubility,log10(mol/L),train,O=c1cc[nH]c(=S)[nH]1,-2.436000108718872,-2.1107200667187547,-3.6256441184468544,-0.5957960149906549,scaffold,2030,rf_rdkit,random_forest,rdkit,none,77abfcdbb281d08df2e9fb09cf84b2a648ea9008
esol,e96744a6c5b15c2c,Cc1cc(=O)n(-c2ccccc2)n1C,aqueous_solubility,log10(mol/L),validation,O=c1cc[nH]n1-c1ccccc1,0.7149999737739563,-2.7253659959286454,-4.240290047656745,-1.2104419442005456,scaffold,2030,rf_rdkit,random_forest,rdkit,none,77abfcdbb281d08df2e9fb09cf84b2a648ea9008
esol,c699d455e9ba8b21,Cc1cc(C(=O)NNCc2ccccc2)no1,aqueous_solubility,log10(mol/L),test,O=C(NNCc1ccccc1)c1ccon1,-2.4609999656677246,-2.7432259983420373,-4.258150050070137,-1.2283019466139375,scaffold,2030,rf_rdkit,random_forest,rdkit,none,77abfcdbb281d08df2e9fb09cf84b2a648ea9008
esol,f4af7cb57402c3b2,Cc1cc(C)c(C)c(C)c1C,aqueous_solubility,log10(mol/L),train,c1ccccc1,-4.0,-4.168482008934026,-5.683406060662126,-2.6535579572059262,scaffold,2030,rf_rdkit,random_forest,rdkit,none,77abfcdbb281d08df2e9fb09cf84b2a648ea9008
esol,10496a05f7b4af1b,Cc1cc(C)c(C)cc1C,aqueous_solubility,log10(mol/L),train,c1ccccc1,-4.590000152587891,-4.397874095439917,-5.912798147168017,-2.8829500437118174,scaffold,2030,rf_rdkit,random_forest,rdkit,none,77abfcdbb281d08df2e9fb09cf84b2a648ea9008
esol,30a7fa25e77ab523,Cc1cc(C)c(O)c(C)c1,aqueous_solubility,log10(mol/L),train,c1ccccc1,-2.049999952316284,-2.0527879698276474,-3.567712021555747,-0.5378639180995477,scaffold,2030,rf_rdkit,random_forest,rdkit,none,77abfcdbb281d08df2e9fb09cf84b2a648ea9008
esol,30cd61fe6a9269f3,Cc1cc(C)c2ccccc2c1,aqueous_solubility,log10(mol/L),train,c1ccc2ccccc2c1,-4.289999961853027,-4.344875945568087,-5.859799997296187,-2.8299518938399872,scaffold,2030,rf_rdkit,random_forest,rdkit,none,77abfcdbb281d08df2e9fb09cf84b2a648ea9008
esol,ac4846758902f02f,Cc1cc(C)cc(C)c1,aqueous_solubility,log10(mol/L),train,c1ccccc1,-3.4000000953674316,-3.396030053138734,-4.910954104866834,-1.8811060014106342,scaffold,2030,rf_rdkit,random_forest,rdkit,none,77abfcdbb281d08df2e9fb09cf84b2a648ea9008
esol,dc9647b3b1f901cf,Cc1cc(C)cc(O)c1,aqueous_solubility,log10(mol/L),train,c1ccccc1,-1.399999976158142,-1.3684319885186933,-2.883356040246793,0.14649206320940644,scaffold,2030,rf_rdkit,random_forest,rdkit,none,77abfcdbb281d08df2e9fb09cf84b2a648ea9008
esol,3d3499c252e700d7,Cc1cc(Cl)ccc1N=CN(C)C,aqueous_solubility,log10(mol/L),train,c1ccccc1,-2.859999895095825,-2.987553939938544,-4.502477991666644,-1.4726298882104443,scaffold,2030,rf_rdkit,random_forest,rdkit,none,77abfcdbb281d08df2e9fb09cf84b2a648ea9008
esol,867fad1f4374306f,Cc1cc(OC(=O)N(C)C)n(-c2ccccc2)n1,aqueous_solubility,log10(mol/L),calibration,c1ccc(-n2cccn2)cc1,-2.0899999141693115,-2.9914999927543104,-4.50642404448241,-1.4765759410262107,scaffold,2030,rf_rdkit,random_forest,rdkit,none,77abfcdbb281d08df2e9fb09cf84b2a648ea9008
esol,441ca226655131b8,Cc1cc(S(=O)(=O)c2ccccc2)ccc1NS(=O)(=O)C(F)(F)F,aqueous_solubility,log10(mol/L),test,O=S(=O)(c1ccccc1)c1ccccc1,-3.799999952316284,-4.376631989330056,-5.891556041058156,-2.861707937601956,scaffold,2030,rf_rdkit,random_forest,rdkit,none,77abfcdbb281d08df2e9fb09cf84b2a648ea9008
esol,1fa0d1470ef45a5f,Cc1cc([N+](=O)[O-])cc([N+](=O)[O-])c1O,aqueous_solubility,log10(mol/L),train,c1ccccc1,-1.4559999704360962,-1.9013679833449386,-3.416292035073038,-0.3864439316168389,scaffold,2030,rf_rdkit,random_forest,rdkit,none,77abfcdbb281d08df2e9fb09cf84b2a648ea9008
esol,15fb6126c6fb5019,Cc1cc2c3ccccc3ccc2c2ccccc12,aqueous_solubility,log10(mol/L),validation,c1ccc2c(c1)ccc1c3ccccc3ccc21,-6.570000171661377,-7.282499894618987,-8.797423946347088,-5.767575842890888,scaffold,2030,rf_rdkit,random_forest,rdkit,none,77abfcdbb281d08df2e9fb09cf84b2a648ea9008
esol,c93bd0af60161701,Cc1cc2ccccc2c2ccc3ccccc3c12,aqueous_solubility,log10(mol/L),validation,c1ccc2c(c1)ccc1c3ccccc3ccc21,-6.590000152587891,-7.1470238944292035,-8.661947946157303,-5.632099842701104,scaffold,2030,rf_rdkit,random_forest,rdkit,none,77abfcdbb281d08df2e9fb09cf84b2a648ea9008
esol,efd1cc43cd7740a7,Cc1cc2ccccc2cc1C,aqueous_solubility,log10(mol/L),train,c1ccc2ccccc2c1,-4.71999979019165,-4.613825838088995,-6.128749889817095,-3.098901786360895,scaffold,2030,rf_rdkit,random_forest,rdkit,none,77abfcdbb281d08df2e9fb09cf84b2a648ea9008
esol,6f06d12b282eda81,Cc1cc2nc3c(=O)[nH]c(=O)nc-3n(CC(O)C(O)C(O)CO)c2cc1C,aqueous_solubility,log10(mol/L),train,O=c1nc2[nH]c3ccccc3nc-2c(=O)[nH]1,-3.684999942779541,-3.452341962948439,-4.967266014676539,-1.9374179112203391,scaffold,2030,rf_rdkit,random_forest,rdkit,none,77abfcdbb281d08df2e9fb09cf84b2a648ea9008
esol,2a4331f10b97d5ab,Cc1ccc(-c2ccccc2)cc1,aqueous_solubility,log10(mol/L),train,c1ccc(-c2ccccc2)cc1,-4.619999885559082,-4.671667911529545,-6.186591963257645,-3.1567438598014457,scaffold,2030,rf_rdkit,random_forest,rdkit,none,77abfcdbb281d08df2e9fb09cf84b2a648ea9008
esol,93239662ab8fbc9f,Cc1ccc(Br)cc1,aqueous_solubility,log10(mol/L),train,c1ccccc1,-3.190000057220459,-3.1146520380973817,-4.629576089825481,-1.599727986369282,scaffold,2030,rf_rdkit,random_forest,rdkit,none,77abfcdbb281d08df2e9fb09cf84b2a648ea9008
esol,5a420868d7b8f3d4,Cc1ccc(C(C)C)c(O)c1,aqueous_solubility,log10(mol/L),train,c1ccccc1,-2.2200000286102295,-2.2170040016174344,-3.731928053345534,-0.7020799498893346,scaffold,2030,rf_rdkit,random_forest,rdkit,none,77abfcdbb281d08df2e9fb09cf84b2a648ea9008
esol,55d42f10edd4630a,Cc1ccc(C(C)C)cc1,aqueous_solubility,log10(mol/L),train,c1ccccc1,-3.7699999809265137,-3.783069984436028,-5.297994036164128,-2.2681459327079283,scaffold,2030,rf_rdkit,random_forest,rdkit,none,77abfcdbb281d08df2e9fb09cf84b2a648ea9008
esol,80356e4fbac18ade,Cc1ccc(C(C)C)cc1O,aqueous_solubility,log10(mol/L),train,c1ccccc1,-2.0799999237060547,-2.2144759564399763,-3.729400008168076,-0.6995519047118766,scaffold,2030,rf_rdkit,random_forest,rdkit,none,77abfcdbb281d08df2e9fb09cf84b2a648ea9008
esol,b3cdd1fa6b9ddc97,Cc1ccc(C)c(C)c1,aqueous_solubility,log10(mol/L),train,c1ccccc1,-3.309999942779541,-3.2928599750995637,-4.8077840268276635,-1.777935923371464,scaffold,2030,rf_rdkit,random_forest,rdkit,none,77abfcdbb281d08df2e9fb09cf84b2a648ea9008
esol,c41a4db964d8c35c,Cc1ccc(C)c2ccccc12,aqueous_solubility,log10(mol/L),train,c1ccc2ccccc2c1,-4.139999866485596,-4.351475878715501,-5.866399930443601,-2.8365518269874013,scaffold,2030,rf_rdkit,random_forest,rdkit,none,77abfcdbb281d08df2e9fb09cf84b2a648ea9008
esol,e70d51f4f2d7e744,Cc1ccc(C)cc1,aqueous_solubility,log10(mol/L),train,c1ccccc1,-2.7699999809265137,-2.8112799754142763,-4.326204027142376,-1.2963559236861766,scaffold,2030,rf_rdkit,random_forest,rdkit,none,77abfcdbb281d08df2e9fb09cf84b2a648ea9008
esol,407f9df507c39d4f,Cc1ccc(Cl)cc1,aqueous_solubility,log10(mol/L),train,c1ccccc1,-3.0799999237060547,-3.023719959497451,-4.538644011225551,-1.5087959077693514,scaffold,2030,rf_rdkit,random_forest,rdkit,none,77abfcdbb281d08df2e9fb09cf84b2a648ea9008
esol,01cfad37701e8c61,Cc1ccc(N)cc1,aqueous_solubility,log10(mol/L),train,c1ccccc1,-1.2100000381469727,-1.2393380293101088,-2.754262081038209,0.2755860224179909,scaffold,2030,rf_rdkit,random_forest,rdkit,none,77abfcdbb281d08df2e9fb09cf84b2a648ea9008
esol,5140ae913c5e9340,Cc1ccc(N=CN(C)C=Nc2ccc(C)cc2C)c(C)c1,aqueous_solubility,log10(mol/L),validation,C(=Nc1ccccc1)NC=Nc1ccccc1,-5.46999979019165,-5.0055739949941636,-6.520498046722263,-3.490649943266064,scaffold,2030,rf_rdkit,random_forest,rdkit,none,77abfcdbb281d08df2e9fb09cf84b2a648ea9008
esol,ec39337ff30f2e1c,Cc1ccc(NC(=O)N(C)C)cc1Cl,aqueous_solubility,log10(mol/L),train,c1ccccc1,-3.4830000400543213,-3.319550024509428,-4.834474076237528,-1.804625972781328,scaffold,2030,rf_rdkit,random_forest,rdkit,none,77abfcdbb281d08df2e9fb09cf84b2a648ea9008
esol,543e85576d5b1ad7,Cc1ccc(O)c(C)c1,aqueous_solubility,log10(mol/L),train,c1ccccc1,-1.190000057220459,-1.2597800350189305,-2.7747040867470303,0.2551440167091692,scaffold,2030,rf_rdkit,random_forest,rdkit,none,77abfcdbb281d08df2e9fb09cf84b2a648ea9008
esol,807595891e8d435d,Cc1ccc(O)cc1,aqueous_solubility,log10(mol/L),train,c1ccccc1,-0.7300000190734863,-0.7720360136777034,-2.286960065405803,0.7428880380503964,scaffold,2030,rf_rdkit,random_forest,rdkit,none,77abfcdbb281d08df2e9fb09cf84b2a648ea9008
esol,6d71e1108f6d1e43,Cc1ccc(O)cc1C,aqueous_solubility,log10(mol/L),train,c1ccccc1,-1.3799999952316284,-1.387435998559004,-2.9023600502871036,0.12748805316909584,scaffold,2030,rf_rdkit,random_forest,rdkit,none,77abfcdbb281d08df2e9fb09cf84b2a648ea9008
esol,be3de4bd034b2ced,Cc1ccc(OP(=O)(Oc2cccc(C)c2)Oc2ccccc2C)cc1,aqueous_solubility,log10(mol/L),validation,O=P(Oc1ccccc1)(Oc1ccccc1)Oc1ccccc1,-6.010000228881836,-5.411277982711791,-6.926202034439891,-3.8963539309836914,scaffold,2030,rf_rdkit,random_forest,rdkit,none,77abfcdbb281d08df2e9fb09cf84b2a648ea9008
esol,a1641c5766fa1d1e,Cc1ccc(S(N)(=O)=O)cc1,aqueous_solubility,log10(mol/L),train,c1ccccc1,-1.7400000095367432,-1.8251580059081305,-3.3400820576362302,-0.31023395418003075,scaffold,2030,rf_rdkit,random_forest,rdkit,none,77abfcdbb281d08df2e9fb09cf84b2a648ea9008
esol,b040d11e09a9051b,Cc1ccc([N+](=O)[O-])cc1,aqueous_solubility,log10(mol/L),train,c1ccccc1,-2.490000009536743,-2.405830010175702,-3.9207540619038017,-0.8909059584476022,scaffold,2030,rf_rdkit,random_forest,rdkit,none,77abfcdbb281d08df2e9fb09cf84b2a648ea9008
esol,2514a688d2813b05,Cc1ccc([N+](=O)[O-])cc1[N+](=O)[O-],aqueous_solubility,log10(mol/L),train,c1ccccc1,-2.819999933242798,-2.7757739573717117,-4.2906980090998115,-1.260849905643612,scaffold,2030,rf_rdkit,random_forest,rdkit,none,77abfcdbb281d08df2e9fb09cf84b2a648ea9008
esol,75d407b5695faf1e,Cc1ccc2c(c1)C(=O)N(C)c1cc(N)ccc1O2,aqueous_solubility,log10(mol/L),test,O=C1Nc2ccccc2Oc2ccccc21,-3.927999973297119,-3.6240839801430718,-5.139008031871171,-2.109159928414972,scaffold,2030,rf_rdkit,random_forest,rdkit,none,77abfcdbb281d08df2e9fb09cf84b2a648ea9008
esol,cf6110a1ac72a9f2,Cc1ccc2c(c1)Oc1ncc(N)cc1C(=O)N2C,aqueous_solubility,log10(mol/L),calibration,O=C1Nc2ccccc2Oc2ncccc21,-3.0429999828338623,-3.2492939838767056,-4.764218035604806,-1.734369932148606,scaffold,2030,rf_rdkit,random_forest,rdkit,none,77abfcdbb281d08df2e9fb09cf84b2a648ea9008
esol,484807ab7d19194e,Cc1ccc2c(ccc3c4c5c(cccc5cc32)CC4)c1,aqueous_solubility,log10(mol/L),validation,c1cc2c3c(c4ccc5ccccc5c4cc3c1)CC2,-7.920000076293945,-6.79785389041901,-8.31277794214711,-5.28292983869091,scaffold,2030,rf_rdkit,random_forest,rdkit,none,77abfcdbb281d08df2e9fb09cf84b2a648ea9008
esol,0d7d0a46ef5fcffa,Cc1ccc2c(ccc3ccccc32)c1,aqueous_solubility,log10(mol/L),calibration,c1ccc2c(c1)ccc1ccccc12,-5.840000152587891,-6.002283968090997,-7.517208019819097,-4.487359916362897,scaffold,2030,rf_rdkit,random_forest,rdkit,none,77abfcdbb281d08df2e9fb09cf84b2a648ea9008
esol,f21bb8ad915e950d,Cc1ccc2cc(C)ccc2c1,aqueous_solubility,log10(mol/L),train,c1ccc2ccccc2c1,-4.889999866485596,-4.739293889045701,-6.254217940773801,-3.2243698373176013,scaffold,2030,rf_rdkit,random_forest,rdkit,none,77abfcdbb281d08df2e9fb09cf84b2a648ea9008
esol,6a4cbbb1228ffe70,Cc1ccc2cc3ccccc3cc2c1,aqueous_solubility,log10(mol/L),train,c1ccc2cc3ccccc3cc2c1,-6.960000038146973,-6.510573996543856,-8.025498048271956,-4.9956499448157565,scaffold,2030,rf_rdkit,random_forest,rdkit,none,77abfcdbb281d08df2e9fb09cf84b2a648ea9008
esol,7c337e72c4fb8697,Cc1ccc2ccc(C)nc2c1,aqueous_solubility,log10(mol/L),test,c1ccc2ncccc2c1,-1.940000057220459,-3.209071983218193,-4.723996034946293,-1.6941479314900931,scaffold,2030,rf_rdkit,random_forest,rdkit,none,77abfcdbb281d08df2e9fb09cf84b2a648ea9008
esol,62365c0b67433ee7,Cc1ccc2ccccc2c1,aqueous_solubility,log10(mol/L),train,c1ccc2ccccc2c1,-3.7699999809265137,-3.8261579828262264,-5.341082034554326,-2.3112339310981267,scaffold,2030,rf_rdkit,random_forest,rdkit,none,77abfcdbb281d08df2e9fb09cf84b2a648ea9008
esol,39db8370e4db7035,Cc1cccc(C)c1,aqueous_solubility,log10(mol/L),train,c1ccccc1,-2.819999933242798,-2.8257599520683288,-4.3406840037964285,-1.310835900340229,scaffold,2030,rf_rdkit,random_forest,rdkit,none,77abfcdbb281d08df2e9fb09cf84b2a648ea9008
esol,84bea6e6f81eeef8,Cc1cccc(C)c1C,aqueous_solubility,log10(mol/L),train,c1ccccc1,-3.200000047683716,-3.2844880275726336,-4.799412079300733,-1.7695639758445338,scaffold,2030,rf_rdkit,random_forest,rdkit,none,77abfcdbb281d08df2e9fb09cf84b2a648ea9008
esol,ca35ffe188dcb62e,Cc1cccc(C)c1NC(=O)c1cc(S(N)(=O)=O)c(Cl)cc1O,aqueous_solubility,log10(mol/L),test,O=C(Nc1ccccc1)c1ccccc1,-3.7899999618530273,-3.71354198524356,-5.22846603697166,-2.19861793351546,scaffold,2030,rf_rdkit,random_forest,rdkit,none,77abfcdbb281d08df2e9fb09cf84b2a648ea9008
esol,9e3832bcb765a66a,Cc1cccc(C)c1O,aqueous_solubility,log10(mol/L),train,c1ccccc1,-1.2899999618530273,-1.3667479822635764,-2.881672033991676,0.14817606946452333,scaffold,2030,rf_rdkit,random_forest,rdkit,none,77abfcdbb281d08df2e9fb09cf84b2a648ea9008
esol,09c3568484741bd2,Cc1cccc(C)n1,aqueous_solubility,log10(mol/L),validation,c1ccncc1,0.44999998807907104,-1.5987040020637215,-3.113628053791821,-0.0837799503356218,scaffold,2030,rf_rdkit,random_forest,rdkit,none,77abfcdbb281d08df2e9fb09cf84b2a648ea9008
esol,f8b18cec21f70926,Cc1cccc(N)c1,aqueous_solubility,log10(mol/L),train,c1ccccc1,-0.8500000238418579,-1.0788180227130761,-2.5937420744411757,0.4361060290150236,scaffold,2030,rf_rdkit,random_forest,rdkit,none,77abfcdbb281d08df2e9fb09cf84b2a648ea9008
esol,e5c2622998da5c45,Cc1cccc(O)c1,aqueous_solubility,log10(mol/L),train,c1ccccc1,-0.6800000071525574,-0.7334260080903605,-2.2483500598184603,0.7814980436377392,scaffold,2030,rf_rdkit,random_forest,rdkit,none,77abfcdbb281d08df2e9fb09cf84b2a648ea9008
esol,5bbfd578bb7356ff,Cc1cccc([N+](=O)[O-])c1,aqueous_solubility,log10(mol/L),train,c1ccccc1,-2.440000057220459,-2.3855840361118337,-3.9005080878399334,-0.8706599843837339,scaffold,2030,rf_rdkit,random_forest,rdkit,none,77abfcdbb281d08df2e9fb09cf84b2a648ea9008
esol,fbc530657b31c9ba,Cc1cccc2c(C)cccc12,aqueous_solubility,log10(mol/L),train,c1ccc2ccccc2c1,-4.678999900817871,-4.577331893444046,-6.092255945172146,-3.062407841715946,scaffold,2030,rf_rdkit,random_forest,rdkit,none,77abfcdbb281d08df2e9fb09cf84b2a648ea9008
esol,0dd4170e780f9e1b,Cc1cccc2c1Cc1ccccc1-2,aqueous_solubility,log10(mol/L),train,c1ccc2c(c1)Cc1ccccc1-2,-5.21999979019165,-5.137087860345854,-6.652011912073954,-3.6221638086177546,scaffold,2030,rf_rdkit,random_forest,rdkit,none,77abfcdbb281d08df2e9fb09cf84b2a648ea9008
esol,92d50cda130f67ac,Cc1cccc2c1ccc1ccccc12,aqueous_solubility,log10(mol/L),calibration,c1ccc2c(c1)ccc1ccccc12,-5.849999904632568,-6.0659359651803815,-7.580860016908481,-4.551011913452282,scaffold,2030,rf_rdkit,random_forest,rdkit,none,77abfcdbb281d08df2e9fb09cf84b2a648ea9008
esol,629d13feb3a3b8cd,Cc1cccc2ccccc12,aqueous_solubility,log10(mol/L),train,c1ccc2ccccc2c1,-3.700000047683716,-3.7923900163173627,-5.3073140680454625,-2.277465964589263,scaffold,2030,rf_rdkit,random_forest,rdkit,none,77abfcdbb281d08df2e9fb09cf84b2a648ea9008
esol,b79b110dff884a0e,Cc1cccc2sc3nncn3c12,aqueous_solubility,log10(mol/L),train,c1ccc2c(c1)sc1nncn12,-2.069999933242798,-2.46063595318794,-3.97556000491604,-0.9457119014598403,scaffold,2030,rf_rdkit,random_forest,rdkit,none,77abfcdbb281d08df2e9fb09cf84b2a648ea9008
esol,613c1068601fad75,Cc1ccccc1,aqueous_solubility,log10(mol/L),train,c1ccccc1,-2.2100000381469727,-2.323060018356892,-3.8379840700849917,-0.8081359666287922,scaffold,2030,rf_rdkit,random_forest,rdkit,none,77abfcdbb281d08df2e9fb09cf84b2a648ea9008
esol,e3961bd7a5f3a550,Cc1ccccc1-n1c(C)nc2ccccc2c1=O,aqueous_solubility,log10(mol/L),validation,O=c1c2ccccc2ncn1-c1ccccc1,-2.924999952316284,-3.7601319825053223,-5.2750560342334225,-2.2452079307772226,scaffold,2030,rf_rdkit,random_forest,rdkit,none,77abfcdbb281d08df2e9fb09cf84b2a648ea9008
esol,2ff33823d5772c05,Cc1ccccc1Br,aqueous_solubility,log10(mol/L),train,c1ccccc1,-2.2300000190734863,-2.6572260131835943,-4.172150064911694,-1.1423019614554946,scaffold,2030,rf_rdkit,random_forest,rdkit,none,77abfcdbb281d08df2e9fb09cf84b2a648ea9008
esol,c0b1929de20edfb4,Cc1ccccc1C,aqueous_solubility,log10(mol/L),train,c1ccccc1,-2.799999952316284,-2.8485799621343615,-4.363504013862461,-1.3336559104062617,scaffold,2030,rf_rdkit,random_forest,rdkit,none,77abfcdbb281d08df2e9fb09cf84b2a648ea9008
esol,00f0fa1f0651f60d,Cc1ccccc1C(C)C,aqueous_solubility,log10(mol/L),train,c1ccccc1,-3.759999990463257,-3.77121199178695,-5.28613604351505,-2.2562879400588502,scaffold,2030,rf_rdkit,random_forest,rdkit,none,77abfcdbb281d08df2e9fb09cf84b2a648ea9008
esol,a7f475b5b8228872,Cc1ccccc1Cl,aqueous_solubility,log10(mol/L),train,c1ccccc1,-3.5199999809265137,-3.2372959824800467,-4.752220034208147,-1.722371930751947,scaffold,2030,rf_rdkit,random_forest,rdkit,none,77abfcdbb281d08df2e9fb09cf84b2a648ea9008
esol,0dd4c8702dc1fdce,Cc1ccccc1N,aqueous_solubility,log10(mol/L),train,c1ccccc1,-2.2100000381469727,-1.8227920284122172,-3.337716080140317,-0.3078679766841175,scaffold,2030,rf_rdkit,random_forest,rdkit,none,77abfcdbb281d08df2e9fb09cf84b2a648ea9008
esol,a7dff4308003efd2,Cc1ccccc1N1C(=O)c2cc(S(N)(=O)=O)c(Cl)cc2NC1C,aqueous_solubility,log10(mol/L),calibration,O=C1c2ccccc2NCN1c1ccccc1,-3.7799999713897705,-3.8193159856200234,-5.334240037348123,-2.3043919338919236,scaffold,2030,rf_rdkit,random_forest,rdkit,none,77abfcdbb281d08df2e9fb09cf84b2a648ea9008
esol,24d16ceffc604697,Cc1ccccc1O,aqueous_solubility,log10(mol/L),train,c1ccccc1,-0.6200000047683716,-0.762256005108346,-2.2771800568364458,0.7526680466197537,scaffold,2030,rf_rdkit,random_forest,rdkit,none,77abfcdbb281d08df2e9fb09cf84b2a648ea9008
esol,805826dee21e2541,Cc1ccccc1[N+](=O)[O-],aqueous_solubility,log10(mol/L),train,c1ccccc1,-2.3299999237060547,-2.3078639590740186,-3.8227880108021184,-0.7929399073459189,scaffold,2030,rf_rdkit,random_forest,rdkit,none,77abfcdbb281d08df2e9fb09cf84b2a648ea9008
esol,474ee05eaf81182e,Cc1cccnc1C,aqueous_solubility,log10(mol/L),validation,c1ccncc1,0.3799999952316284,-1.8163280036523934,-3.331252055380493,-0.3014039519242937,scaffold,2030,rf_rdkit,random_forest,rdkit,none,77abfcdbb281d08df2e9fb09cf84b2a648ea9008
esol,c62348f6c851f984,Cc1ccnc(C)c1,aqueous_solubility,log10(mol/L),validation,c1ccncc1,0.3799999952316284,-1.68973400489986,-3.2046580566279594,-0.17480995317176018,scaffold,2030,rf_rdkit,random_forest,rdkit,none,77abfcdbb281d08df2e9fb09cf84b2a648ea9008
esol,4de2045f3a11fa0a,Cc1ccnc2c1NC(=O)c1cccnc1N2C1CC1,aqueous_solubility,log10(mol/L),validation,O=C1Nc2cccnc2N(C2CC2)c2ncccc21,-3.190000057220459,-3.69070196774602,-5.20562601947412,-2.1757779160179203,scaffold,2030,rf_rdkit,random_forest,rdkit,none,77abfcdbb281d08df2e9fb09cf84b2a648ea9008
esol,acc76910d8f4ff6b,Cc1ccncc1C,aqueous_solubility,log10(mol/L),validation,c1ccncc1,0.36000001430511475,-1.8931760034598415,-3.4081000551879415,-0.37825195173174175,scaffold,2030,rf_rdkit,random_forest,rdkit,none,77abfcdbb281d08df2e9fb09cf84b2a648ea9008
esol,ee3c8e9fe56171f6,Cc1cnc2cncnc2n1,aqueous_solubility,log10(mol/L),calibration,c1cnc2ncncc2n1,-0.8539999723434448,-2.2047899907045077,-3.7197140424326074,-0.6898659389764079,scaffold,2030,rf_rdkit,random_forest,rdkit,none,77abfcdbb281d08df2e9fb09cf84b2a648ea9008
esol,b7bc00c49d3331ef,Cc1cncc(C)c1,aqueous_solubility,log10(mol/L),validation,c1ccncc1,0.3799999952316284,-1.6518880005329857,-3.1668120522610854,-0.13696394880488594,scaffold,2030,rf_rdkit,random_forest,rdkit,none,77abfcdbb281d08df2e9fb09cf84b2a648ea9008
esol,042b34bcb74741d5,Cc1nc(N(C)C)nc(OC(=O)N(C)C)c1C,aqueous_solubility,log10(mol/L),calibration,c1cncnc1,-1.9500000476837158,-2.572201991930604,-4.087126043658704,-1.0572779402025043,scaffold,2030,rf_rdkit,random_forest,rdkit,none,77abfcdbb281d08df2e9fb09cf84b2a648ea9008
esol,cec71bf80bd8f6e3,Cc1ncc([N+](=O)[O-])n1CCO,aqueous_solubility,log10(mol/L),validation,c1c[nH]cn1,-1.2400000095367432,-1.8330399982444945,-3.3479640499725942,-0.31811594651639474,scaffold,2030,rf_rdkit,random_forest,rdkit,none,77abfcdbb281d08df2e9fb09cf84b2a648ea9008
esol,1cb0421cc2c2827f,Cc1ncc2nccnc2n1,aqueous_solubility,log10(mol/L),calibration,c1cnc2ncncc2n1,-0.11999999731779099,-2.226679993890226,-3.7416040456183257,-0.7117559421621262,scaffold,2030,rf_rdkit,random_forest,rdkit,none,77abfcdbb281d08df2e9fb09cf84b2a648ea9008
esol,cfa09bff2b7e2c4b,Cc1ncnc2nccnc12,aqueous_solubility,log10(mol/L),calibration,c1cnc2ncncc2n1,-0.4659999907016754,-2.2509319930113847,-3.7658560447394844,-0.736007941283285,scaffold,2030,rf_rdkit,random_forest,rdkit,none,77abfcdbb281d08df2e9fb09cf84b2a648ea9008
esol,284d1cdd17c0d81f,Cc1nnc2n1-c1ccc(Cl)cc1C(c1ccccc1Cl)=NC2,aqueous_solubility,log10(mol/L),train,c1ccc(C2=NCc3nncn3-c3ccccc32)cc1,-4.090000152587891,-4.294178087651738,-5.809102139379838,-2.779254035923638,scaffold,2030,rf_rdkit,random_forest,rdkit,none,77abfcdbb281d08df2e9fb09cf84b2a648ea9008
esol,ec2b7fe9f13b2d9c,Cc1occc1C(=O)Nc1ccccc1,aqueous_solubility,log10(mol/L),test,O=C(Nc1ccccc1)c1ccoc1,-3.299999952316284,-3.114543992847204,-4.629468044575304,-1.599619941119104,scaffold,2030,rf_rdkit,random_forest,rdkit,none,77abfcdbb281d08df2e9fb09cf84b2a648ea9008
esol,cdc579c966071175,Cl/C=C\Cl,aqueous_solubility,log10(mol/L),train,,-1.2999999523162842,-1.4533759667873438,-2.9683000185154436,0.06154808494075592,scaffold,2030,rf_rdkit,random_forest,rdkit,none,77abfcdbb281d08df2e9fb09cf84b2a648ea9008
esol,02468b6be0148620,ClC(Br)Br,aqueous_solubility,log10(mol/L),train,,-1.899999976158142,-1.8916839746087748,-3.4066080263368743,-0.37675992288067506,scaffold,2030,rf_rdkit,random_forest,rdkit,none,77abfcdbb281d08df2e9fb09cf84b2a648ea9008
esol,0ca70198c63a232f,ClC(Cl)(Cl)C(Cl)(Cl)Cl,aqueous_solubility,log10(mol/L),train,,-3.6700000762939453,-4.009884056333462,-5.524808108061562,-2.494960004605362,scaffold,2030,rf_rdkit,random_forest,rdkit,none,77abfcdbb281d08df2e9fb09cf84b2a648ea9008
esol,d2ba0174e7c2c4be,ClC(Cl)(Cl)Cl,aqueous_solubility,log10(mol/L),train,,-2.309999942779541,-2.357587964773175,-3.8725120165012745,-0.842663913045075,scaffold,2030,rf_rdkit,random_forest,rdkit,none,77abfcdbb281d08df2e9fb09cf84b2a648ea9008
esol,41b1caa188d009ed,ClC(Cl)=C(Cl)C(Cl)=C(Cl)Cl,aqueous_solubility,log10(mol/L),train,,-4.920000076293945,-4.935578059017667,-6.4505021107457665,-3.420654007289567,scaffold,2030,rf_rdkit,random_forest,rdkit,none,77abfcdbb281d08df2e9fb09cf84b2a648ea9008
esol,0a598a4f3d7fd0d1,ClC(Cl)=C(Cl)Cl,aqueous_solubility,log10(mol/L),train,,-2.5399999618530273,-2.723739977896213,-4.238664029624313,-1.2088159261681133,scaffold,2030,rf_rdkit,random_forest,rdkit,none,77abfcdbb281d08df2e9fb09cf84b2a648ea9008
esol,4ab2bc44793c9976,ClC(Cl)=C(c1ccc(Cl)cc1)c1ccc(Cl)cc1,aqueous_solubility,log10(mol/L),validation,C=C(c1ccccc1)c1ccccc1,-6.900000095367432,-6.8453080363273635,-8.360232088055463,-5.330383984599264,scaffold,2030,rf_rdkit,random_forest,rdkit,none,77abfcdbb281d08df2e9fb09cf84b2a648ea9008
esol,67aa014f03d20911,ClC(Cl)Br,aqueous_solubility,log10(mol/L),train,,-1.5399999618530273,-1.6301499683856888,-3.1450740201137886,-0.11522591665758908,scaffold,2030,rf_rdkit,random_forest,rdkit,none,77abfcdbb281d08df2e9fb09cf84b2a648ea9008
esol,54b833be7f8d53bc,ClC(Cl)C(Cl)(Cl)Cl,aqueous_solubility,log10(mol/L),train,,-2.5999999046325684,-2.828227954089642,-4.343152005817742,-1.3133039023615423,scaffold,2030,rf_rdkit,random_forest,rdkit,none,77abfcdbb281d08df2e9fb09cf84b2a648ea9008
esol,84612cb9c965a207,ClC(Cl)C(Cl)Cl,aqueous_solubility,log10(mol/L),train,,-1.7400000095367432,-2.0268300060220055,-3.541754057750105,-0.5119059542939057,scaffold,2030,rf_rdkit,random_forest,rdkit,none,77abfcdbb281d08df2e9fb09cf84b2a648ea9008
esol,98805ccd27cea784,ClC(Cl)Cl,aqueous_solubility,log10(mol/L),train,,-1.1699999570846558,-1.3865919650793108,-2.9015160168074106,0.12833208664878892,scaffold,2030,rf_rdkit,random_forest,rdkit,none,77abfcdbb281d08df2e9fb09cf84b2a648ea9008
esol,06320f68e141f9e5,ClC1(Cl)C2(Cl)C3(Cl)C4(Cl)C(Cl)(Cl)C5(Cl)C3(Cl)C1(Cl)C5(Cl)C24Cl,aqueous_solubility,log10(mol/L),calibration,C1C2C3C4CC5C3C1C5C24,-6.800000190734863,-6.643051970455806,-8.157976022183906,-5.1281279187277065,scaffold,2030,rf_rdkit,random_forest,rdkit,none,77abfcdbb281d08df2e9fb09cf84b2a648ea9008
esol,e4dfffaeb7fece39,ClC1=C(Cl)C(Cl)(C2(Cl)C(Cl)=C(Cl)C(Cl)=C2Cl)C(Cl)=C1Cl,aqueous_solubility,log10(mol/L),train,C1=CC(C2C=CC=C2)C=C1,-7.2779998779296875,-7.256261917203685,-8.771185968931785,-5.741337865475585,scaffold,2030,rf_rdkit,random_forest,rdkit,none,77abfcdbb281d08df2e9fb09cf84b2a648ea9008
esol,75fac8bbc9bd1273,ClC1=C(Cl)C2(Cl)C3C(Cl)C(Cl)CC3C1(Cl)C2(Cl)Cl,aqueous_solubility,log10(mol/L),calibration,C1=CC2CC1C1CCCC21,-6.860000133514404,-5.777369960546496,-7.292294012274596,-4.262445908818396,scaffold,2030,rf_rdkit,random_forest,rdkit,none,77abfcdbb281d08df2e9fb09cf84b2a648ea9008
esol,ff8fb7708cb3f0c6,ClC1=C(Cl)C2(Cl)C3C(Cl)C=CC3C1(Cl)C2(Cl)Cl,aqueous_solubility,log10(mol/L),test,C1=CC2C3C=CC(C3)C2C1,-6.316999912261963,-5.786927960604434,-7.3018520123325334,-4.272003908876334,scaffold,2030,rf_rdkit,random_forest,rdkit,none,77abfcdbb281d08df2e9fb09cf84b2a648ea9008
esol,c61121c1c8eea03b,ClC1=C(Cl)C2(Cl)C3C4C=CC(C4)C3C1(Cl)C2(Cl)Cl,aqueous_solubility,log10(mol/L),test,C1=CC2CC1C1C3C=CC(C3)C21,-6.307000160217285,-5.966173968017106,-7.481098019745206,-4.451249916289006,scaffold,2030,rf_rdkit,random_forest,rdkit,none,77abfcdbb281d08df2e9fb09cf84b2a648ea9008
esol,602d941d17fdc2a1,ClC1=C(Cl)C2(Cl)C3C4CC(C5OC45)C3C1(Cl)C2(Cl)Cl,aqueous_solubility,log10(mol/L),calibration,C1=CC2CC1C1C3CC(C4OC34)C21,-6.289999961853027,-5.2971119852066035,-6.812036036934703,-3.782187933478504,scaffold,2030,rf_rdkit,random_forest,rdkit,none,77abfcdbb281d08df2e9fb09cf84b2a648ea9008
esol,c0c11f69a53518bf,ClC1=C(Cl)C2(Cl)C3CC=CC3C1(Cl)C2(Cl)Cl,aqueous_solubility,log10(mol/L),test,C1=CC2C3C=CC(C3)C2C1,-5.639999866485596,-5.710575977504256,-7.2255000292323555,-4.195651925776156,scaffold,2030,rf_rdkit,random_forest,rdkit,none,77abfcdbb281d08df2e9fb09cf84b2a648ea9008
esol,acc3e463d708804a,ClC1C(Cl)C(Cl)C(Cl)C(Cl)C1Cl,aqueous_solubility,log10(mol/L),test,C1CCCCC1,-4.639999866485596,-4.755562015965584,-6.2704860676936836,-3.240637964237484,scaffold,2030,rf_rdkit,random_forest,rdkit,none,77abfcdbb281d08df2e9fb09cf84b2a648ea9008
esol,d8c7cd86e810e44c,ClC=C(Cl)Cl,aqueous_solubility,log10(mol/L),train,,-1.9600000381469727,-1.9731680226959356,-3.4880920744240353,-0.45824397096783587,scaffold,2030,rf_rdkit,random_forest,rdkit,none,77abfcdbb281d08df2e9fb09cf84b2a648ea9008
esol,799ae202d8673e0d,ClCBr,aqueous_solubility,log10(mol/L),train,,-0.8899999856948853,-1.012003988705581,-2.5269280404336807,0.5029200630225188,scaffold,2030,rf_rdkit,random_forest,rdkit,none,77abfcdbb281d08df2e9fb09cf84b2a648ea9008
esol,2f88b15161704fe1,ClCC(Cl)(Cl)Cl,aqueous_solubility,log10(mol/L),train,,-2.180000066757202,-2.1830640364736364,-3.697988088201736,-0.6681399847455367,scaffold,2030,rf_rdkit,random_forest,rdkit,none,77abfcdbb281d08df2e9fb09cf84b2a648ea9008
esol,a707f7db404f8b28,ClCC(Cl)Cl,aqueous_solubility,log10(mol/L),train,,-1.4800000190734863,-1.5645780124366322,-3.079502064164732,-0.04965396070853245,scaffold,2030,rf_rdkit,random_forest,rdkit,none,77abfcdbb281d08df2e9fb09cf84b2a648ea9008
esol,8842b999c889ea96,ClCCBr,aqueous_solubility,log10(mol/L),train,,-1.3200000524520874,-1.3711800298094727,-2.8861040815375727,0.143744021918627,scaffold,2030,rf_rdkit,random_forest,rdkit,none,77abfcdbb281d08df2e9fb09cf84b2a648ea9008
esol,02febcd9230316dc,ClCCCCl,aqueous_solubility,log10(mol/L),train,,-1.6200000047683716,-1.6085520001053832,-3.123476051833483,-0.0936279483772835,scaffold,2030,rf_rdkit,random_forest,rdkit,none,77abfcdbb281d08df2e9fb09cf84b2a648ea9008
esol,9568f991b43a2bb3,ClCCCl,aqueous_solubility,log10(mol/L),train,,-1.059999942779541,-1.1175719662904848,-2.6324960180185846,0.3973520854376149,scaffold,2030,rf_rdkit,random_forest,rdkit,none,77abfcdbb281d08df2e9fb09cf84b2a648ea9008
esol,ff331298818c6b38,ClCCl,aqueous_solubility,log10(mol/L),train,,-0.6299999952316284,-0.7412279916442808,-2.2561520433723805,0.773696060083819,scaffold,2030,rf_rdkit,random_forest,rdkit,none,77abfcdbb281d08df2e9fb09cf84b2a648ea9008
esol,aafa74db54a6879c,ClCc1ccccc1,aqueous_solubility,log10(mol/L),train,c1ccccc1,-2.390000104904175,-2.4780920636653905,-3.99301611539349,-0.9631680119372907,scaffold,2030,rf_rdkit,random_forest,rdkit,none,77abfcdbb281d08df2e9fb09cf84b2a648ea9008
esol,f7d72e8c224bfbc6,Clc1c(Cl)c(Cl)c(-c2c(Cl)c(Cl)c(Cl)c(Cl)c2Cl)c(Cl)c1Cl,aqueous_solubility,log10(mol/L),train,c1ccc(-c2ccccc2)cc1,-11.600000381469727,-10.479774149894734,-11.994698201622834,-8.964850098166634,scaffold,2030,rf_rdkit,random_forest,rdkit,none,77abfcdbb281d08df2e9fb09cf84b2a648ea9008
esol,d6d8debb73fe7fc2,Clc1c(Cl)c(Cl)c(-c2ccccc2)c(Cl)c1Cl,aqueous_solubility,log10(mol/L),train,c1ccc(-c2ccccc2)cc1,-7.920000076293945,-7.8211880602836725,-9.336112112011772,-6.306264008555573,scaffold,2030,rf_rdkit,random_forest,rdkit,none,77abfcdbb281d08df2e9fb09cf84b2a648ea9008
esol,8d2e833fc0a927e0,Clc1c(Cl)c(Cl)c2nccnc2c1Cl,aqueous_solubility,log10(mol/L),calibration,c1ccc2nccnc2c1,-5.429999828338623,-5.041736016243698,-6.556660067971798,-3.5268119645155984,scaffold,2030,rf_rdkit,random_forest,rdkit,none,77abfcdbb281d08df2e9fb09cf84b2a648ea9008
esol,2961e60af2c2e639,Clc1cc(-c2cc(Cl)c(Cl)c(Cl)c2Cl)c(Cl)c(Cl)c1Cl,aqueous_solubility,log10(mol/L),train,c1ccc(-c2ccccc2)cc1,-9.15999984741211,-8.965295838356028,-10.480219890084127,-7.450371786627928,scaffold,2030,rf_rdkit,random_forest,rdkit,none,77abfcdbb281d08df2e9fb09cf84b2a648ea9008
esol,774278a3eb0e299f,Clc1cc(Cl)c(-c2c(Cl)cc(Cl)cc2Cl)c(Cl)c1,aqueous_solubility,log10(mol/L),train,c1ccc(-c2ccccc2)cc1,-8.710000038146973,-8.356184079170207,-9.871108130898307,-6.841260027442107,scaffold,2030,rf_rdkit,random_forest,rdkit,none,77abfcdbb281d08df2e9fb09cf84b2a648ea9008
esol,65c97c9a853ac7b7,Clc1cc(Cl)c(-c2c(Cl)cccc2Cl)c(Cl)c1,aqueous_solubility,log10(mol/L),train,c1ccc(-c2ccccc2)cc1,-7.320000171661377,-7.381560101509073,-8.896484153237171,-5.866636049780973,scaffold,2030,rf_rdkit,random_forest,rdkit,none,77abfcdbb281d08df2e9fb09cf84b2a648ea9008
esol,e95750f09c02f459,Clc1cc(Cl)c(-c2cc(Cl)c(Cl)cc2Cl)cc1Cl,aqueous_solubility,log10(mol/L),train,c1ccc(-c2ccccc2)cc1,-8.5600004196167,-8.28668029117582,-9.80160434290392,-6.77175623944772,scaffold,2030,rf_rdkit,random_forest,rdkit,none,77abfcdbb281d08df2e9fb09cf84b2a648ea9008
esol,b157946c30a80eb4,Clc1cc(Cl)c(-c2cccc(Cl)c2Cl)cc1Cl,aqueous_solubility,log10(mol/L),train,c1ccc(-c2ccccc2)cc1,-7.210000038146973,-7.362440062522866,-8.877364114250966,-5.847516010794767,scaffold,2030,rf_rdkit,random_forest,rdkit,none,77abfcdbb281d08df2e9fb09cf84b2a648ea9008
esol,a0bcec40342b3841,Clc1cc(Cl)c(Cl)c(-c2c(Cl)c(Cl)cc(Cl)c2Cl)c1Cl,aqueous_solubility,log10(mol/L),train,c1ccc(-c2ccccc2)cc1,-9.149999618530273,-9.081483726501439,-10.596407778229539,-7.566559674773339,scaffold,2030,rf_rdkit,random_forest,rdkit,none,77abfcdbb281d08df2e9fb09cf84b2a648ea9008
esol,2616b1e4874424ae,Clc1cc(Cl)c(Cl)c(Cl)c1,aqueous_solubility,log10(mol/L),train,c1ccccc1,-4.630000114440918,-4.646362083435055,-6.161286135163155,-3.1314380317069554,scaffold,2030,rf_rdkit,random_forest,rdkit,none,77abfcdbb281d08df2e9fb09cf84b2a648ea9008
esol,4ae057200d12c27a,Clc1cc(Cl)c(Cl)c(Cl)c1Cl,aqueous_solubility,log10(mol/L),train,c1ccccc1,-5.650000095367432,-5.475520080089575,-6.990444131817675,-3.9605960283614756,scaffold,2030,rf_rdkit,random_forest,rdkit,none,77abfcdbb281d08df2e9fb09cf84b2a648ea9008
esol,0c3f97461e3a6ac5,Clc1cc(Cl)c(Cl)cc1Cl,aqueous_solubility,log10(mol/L),train,c1ccccc1,-5.559999942779541,-5.21418800020217,-6.72911205193027,-3.69926394847407,scaffold,2030,rf_rdkit,random_forest,rdkit,none,77abfcdbb281d08df2e9fb09cf84b2a648ea9008
esol,2ed6ea5c9ed07a30,Clc1cc(Cl)cc(Cl)c1,aqueous_solubility,log10(mol/L),train,c1ccccc1,-4.480000019073486,-4.2047900022268365,-5.719714053954936,-2.689865950498737,scaffold,2030,rf_rdkit,random_forest,rdkit,none,77abfcdbb281d08df2e9fb09cf84b2a648ea9008
esol,c0af4f765a7a2f7b,Clc1ccc(-c2c(Cl)c(Cl)c(Cl)c(Cl)c2Cl)c(Cl)c1,aqueous_solubility,log10(mol/L),train,c1ccc(-c2ccccc2)cc1,-7.920000076293945,-8.137319956779491,-9.65224400850759,-6.622395905051391,scaffold,2030,rf_rdkit,random_forest,rdkit,none,77abfcdbb281d08df2e9fb09cf84b2a648ea9008
esol,b77c693b7971506a,Clc1ccc(-c2c(Cl)cc(Cl)c(Cl)c2Cl)c(Cl)c1Cl,aqueous_solubility,log10(mol/L),train,c1ccc(-c2ccccc2)cc1,-7.659999847412109,-7.943559899330144,-9.458483951058245,-6.428635847602044,scaffold,2030,rf_rdkit,random_forest,rdkit,none,77abfcdbb281d08df2e9fb09cf84b2a648ea9008
esol,74e4508e371d2f48,Clc1ccc(-c2c(Cl)ccc(Cl)c2Cl)c(Cl)c1,aqueous_solubility,log10(mol/L),train,c1ccc(-c2ccccc2)cc1,-7.429999828338623,-7.405955926895102,-8.920879978623201,-5.891031875167002,scaffold,2030,rf_rdkit,random_forest,rdkit,none,77abfcdbb281d08df2e9fb09cf84b2a648ea9008
esol,cb495e06db8d7232,Clc1ccc(-c2c(Cl)cccc2Cl)cc1,aqueous_solubility,log10(mol/L),train,c1ccc(-c2ccccc2)cc1,-6.139999866485596,-6.133975936889648,-7.648899988617748,-4.619051885161548,scaffold,2030,rf_rdkit,random_forest,rdkit,none,77abfcdbb281d08df2e9fb09cf84b2a648ea9008
esol,5ee831f51afeddb2,Clc1ccc(-c2cc(Cl)c(Cl)c(Cl)c2Cl)c(Cl)c1,aqueous_solubility,log10(mol/L),train,c1ccc(-c2ccccc2)cc1,-7.389999866485596,-7.547419931411728,-9.062343983139828,-6.032495879683628,scaffold,2030,rf_rdkit,random_forest,rdkit,none,77abfcdbb281d08df2e9fb09cf84b2a648ea9008
esol,1a12f3f13f6a0e9e,Clc1ccc(-c2cc(Cl)c(Cl)c(Cl)c2Cl)cc1Cl,aqueous_solubility,log10(mol/L),train,c1ccc(-c2ccccc2)cc1,-7.820000171661377,-7.821760131835931,-9.336684183564032,-6.306836080107831,scaffold,2030,rf_rdkit,random_forest,rdkit,none,77abfcdbb281d08df2e9fb09cf84b2a648ea9008
esol,8518e78fe40ac045,Clc1ccc(-c2cc(Cl)ccc2Cl)c(Cl)c1,aqueous_solubility,log10(mol/L),train,c1ccc(-c2ccccc2)cc1,-6.570000171661377,-6.671868105411515,-8.186792157139614,-5.156944053683415,scaffold,2030,rf_rdkit,random_forest,rdkit,none,77abfcdbb281d08df2e9fb09cf84b2a648ea9008
esol,9f1b9d25fb44f83d,Clc1ccc(-c2cc(Cl)ccc2Cl)cc1,aqueous_solubility,log10(mol/L),train,c1ccc(-c2ccccc2)cc1,-6.25,-6.202000029563921,-7.716924081292021,-4.687075977835821,scaffold,2030,rf_rdkit,random_forest,rdkit,none,77abfcdbb281d08df2e9fb09cf84b2a648ea9008
esol,22cebd56a1304897,Clc1ccc(-c2ccc(Cl)c(Cl)c2Cl)c(Cl)c1,aqueous_solubility,log10(mol/L),train,c1ccc(-c2ccccc2)cc1,-7.800000190734863,-7.607760115623463,-9.122684167351562,-6.092836063895363,scaffold,2030,rf_rdkit,random_forest,rdkit,none,77abfcdbb281d08df2e9fb09cf84b2a648ea9008
esol,7095be81338edf2f,Clc1ccc(-c2ccc(Cl)c(Cl)c2Cl)c(Cl)c1Cl,aqueous_solubility,log10(mol/L),train,c1ccc(-c2ccccc2)cc1,-8.010000228881836,-8.015196196556094,-9.530120248284193,-6.500272144827994,scaffold,2030,rf_rdkit,random_forest,rdkit,none,77abfcdbb281d08df2e9fb09cf84b2a648ea9008
esol,ce368bfaa7504ff6,Clc1ccc(-c2ccc(Cl)cc2)cc1,aqueous_solubility,log10(mol/L),train,c1ccc(-c2ccccc2)cc1,-6.559999942779541,-6.103621972084033,-7.618546023812133,-4.5886979203559335,scaffold,2030,rf_rdkit,random_forest,rdkit,none,77abfcdbb281d08df2e9fb09cf84b2a648ea9008
esol,6f8edbb2bf0f81e8,Clc1ccc(-c2cccc(Cl)c2Cl)cc1,aqueous_solubility,log10(mol/L),train,c1ccc(-c2ccccc2)cc1,-6.289999961853027,-6.225187969207768,-7.740112020935868,-4.7102639174796685,scaffold,2030,rf_rdkit,random_forest,rdkit,none,77abfcdbb281d08df2e9fb09cf84b2a648ea9008
esol,f833b27b81b2d3f3,Clc1ccc(-c2ccccc2)cc1Cl,aqueous_solubility,log10(mol/L),train,c1ccc(-c2ccccc2)cc1,-6.389999866485596,-6.029971937656381,-7.5448959893844805,-4.515047885928281,scaffold,2030,rf_rdkit,random_forest,rdkit,none,77abfcdbb281d08df2e9fb09cf84b2a648ea9008
esol,8746749198ee72df,Clc1ccc(-c2ccccc2Cl)cc1,aqueous_solubility,log10(mol/L),train,c1ccc(-c2ccccc2)cc1,-5.28000020980835,-5.393338128566729,-6.9082621802948285,-3.878414076838629,scaffold,2030,rf_rdkit,random_forest,rdkit,none,77abfcdbb281d08df2e9fb09cf84b2a648ea9008
esol,2552a8a5c530456d,Clc1ccc(Br)cc1,aqueous_solubility,log10(mol/L),train,c1ccccc1,-3.630000114440918,-3.523854087591178,-5.038778139319278,-2.008930035863078,scaffold,2030,rf_rdkit,random_forest,rdkit,none,77abfcdbb281d08df2e9fb09cf84b2a648ea9008
esol,18756f35eaee5f67,Clc1ccc(C(c2ccc(Cl)cc2)C(Cl)(Cl)Cl)cc1,aqueous_solubility,log10(mol/L),calibration,c1ccc(Cc2ccccc2)cc1,-7.150000095367432,-6.830152005672453,-8.345076057400552,-5.315227953944353,scaffold,2030,rf_rdkit,random_forest,rdkit,none,77abfcdbb281d08df2e9fb09cf84b2a648ea9008
esol,d83db8991c46c008,Clc1ccc(C(c2ccc(Cl)cc2)C(Cl)Cl)cc1,aqueous_solubility,log10(mol/L),calibration,c1ccc(Cc2ccccc2)cc1,-7.199999809265137,-6.3352980089187625,-7.850222060646862,-4.820373957190663,scaffold,2030,rf_rdkit,random_forest,rdkit,none,77abfcdbb281d08df2e9fb09cf84b2a648ea9008
esol,ee7e8b5757931b2a,Clc1ccc(C(c2ccccc2Cl)C(Cl)Cl)cc1,aqueous_solubility,log10(mol/L),calibration,c1ccc(Cc2ccccc2)cc1,-6.510000228881836,-6.0471379919052115,-7.562062043633311,-4.532213940177112,scaffold,2030,rf_rdkit,random_forest,rdkit,none,77abfcdbb281d08df2e9fb09cf84b2a648ea9008
esol,cbeeaf51493722da,Clc1ccc(Cl)c(-c2c(Cl)c(Cl)c(Cl)c(Cl)c2Cl)c1,aqueous_solubility,log10(mol/L),train,c1ccc(-c2ccccc2)cc1,-8.9399995803833,-8.610647732734662,-10.125571784462762,-7.095723681006563,scaffold,2030,rf_rdkit,random_forest,rdkit,none,77abfcdbb281d08df2e9fb09cf84b2a648ea9008
esol,4b1903b76dbb120d,Clc1ccc(Cl)c(-c2c(Cl)c(Cl)cc(Cl)c2Cl)c1,aqueous_solubility,log10(mol/L),train,c1ccc(-c2ccccc2)cc1,-7.420000076293945,-7.67746009445189,-9.19238414617999,-6.16253604272379,scaffold,2030,rf_rdkit,random_forest,rdkit,none,77abfcdbb281d08df2e9fb09cf84b2a648ea9008
esol,645ccf5d504a0dec,Clc1ccc(Cl)c(-c2cc(Cl)c(Cl)c(Cl)c2Cl)c1,aqueous_solubility,log10(mol/L),train,c1ccc(-c2ccccc2)cc1,-7.679999828338623,-7.682939911842342,-9.197863963570441,-6.1680158601142425,scaffold,2030,rf_rdkit,random_forest,rdkit,none,77abfcdbb281d08df2e9fb09cf84b2a648ea9008
esol,3c9ca7c6d703a964,Clc1ccc(Cl)c(-c2ccc(Cl)c(Cl)c2)c1,aqueous_solubility,log10(mol/L),train,c1ccc(-c2ccccc2)cc1,-7.25,-7.006352000713376,-8.521276052441475,-5.491427948985276,scaffold,2030,rf_rdkit,random_forest,rdkit,none,77abfcdbb281d08df2e9fb09cf84b2a648ea9008
esol,35e214a2d4a10c28,Clc1ccc(Cl)c(-c2cccc(Cl)c2Cl)c1,aqueous_solubility,log10(mol/L),train,c1ccc(-c2ccccc2)cc1,-6.46999979019165,-6.643995875835436,-8.158919927563534,-5.129071824107336,scaffold,2030,rf_rdkit,random_forest,rdkit,none,77abfcdbb281d08df2e9fb09cf84b2a648ea9008
esol,33236e25aeefc7f1,Clc1ccc(Cl)c(Cl)c1,aqueous_solubility,log10(mol/L),train,c1ccccc1,-3.5899999141693115,-3.7170019515752823,-5.231926003303382,-2.2020778998471826,scaffold,2030,rf_rdkit,random_forest,rdkit,none,77abfcdbb281d08df2e9fb09cf84b2a648ea9008
esol,a3a6b3e68efa0c93,Clc1ccc(Cl)c(Cl)c1Cl,aqueous_solubility,log10(mol/L),train,c1ccccc1,-4.570000171661377,-4.702152119755731,-6.217076171483831,-3.1872280680276317,scaffold,2030,rf_rdkit,random_forest,rdkit,none,77abfcdbb281d08df2e9fb09cf84b2a648ea9008
esol,815634865cf712a3,Clc1ccc(Cl)cc1,aqueous_solubility,log10(mol/L),train,c1ccccc1,-3.2699999809265137,-3.2220599834919,-4.73698403522,-1.7071359317638004,scaffold,2030,rf_rdkit,random_forest,rdkit,none,77abfcdbb281d08df2e9fb09cf84b2a648ea9008
esol,ae221f98af80122f,Clc1ccc(I)cc1,aqueous_solubility,log10(mol/L),train,c1ccccc1,-4.03000020980835,-3.8962521264553143,-5.411176178183414,-2.3813280747272145,scaffold,2030,rf_rdkit,random_forest,rdkit,none,77abfcdbb281d08df2e9fb09cf84b2a648ea9008
esol,45b800e2f19955f8,Clc1ccc2ccccc2c1,aqueous_solubility,log10(mol/L),train,c1ccc2ccccc2c1,-4.139999866485596,-4.049047928094855,-5.563971979822955,-2.5341238763667553,scaffold,2030,rf_rdkit,random_forest,rdkit,none,77abfcdbb281d08df2e9fb09cf84b2a648ea9008
esol,eb7d09b2417f6c70,Clc1cccc(-c2c(Cl)c(Cl)cc(Cl)c2Cl)c1Cl,aqueous_solubility,log10(mol/L),train,c1ccc(-c2ccccc2)cc1,-8.600000381469727,-8.236740247726448,-9.751664299454548,-6.721816195998349,scaffold,2030,rf_rdkit,random_forest,rdkit,none,77abfcdbb281d08df2e9fb09cf84b2a648ea9008
esol,70ccc7bf4de46f33,Clc1cccc(-c2cc(Cl)ccc2Cl)c1,aqueous_solubility,log10(mol/L),train,c1ccc(-c2ccccc2)cc1,-6.010000228881836,-6.051202130794539,-7.5661261825226385,-4.536278079066439,scaffold,2030,rf_rdkit,random_forest,rdkit,none,77abfcdbb281d08df2e9fb09cf84b2a648ea9008
esol,99327cae5414d340,Clc1cccc(-c2cccc(Cl)c2Cl)c1Cl,aqueous_solubility,log10(mol/L),train,c1ccc(-c2ccccc2)cc1,-7.28000020980835,-7.137620125770583,-8.652544177498683,-5.622696074042484,scaffold,2030,rf_rdkit,random_forest,rdkit,none,77abfcdbb281d08df2e9fb09cf84b2a648ea9008
esol,8e2dcd65ee407c2e,Clc1cccc(-c2ccccc2)c1,aqueous_solubility,log10(mol/L),train,c1ccc(-c2ccccc2)cc1,-4.880000114440918,-4.8387200679778894,-6.353644119705989,-3.3237960162497897,scaffold,2030,rf_rdkit,random_forest,rdkit,none,77abfcdbb281d08df2e9fb09cf84b2a648ea9008
esol,78d46e77b5e487ad,Clc1cccc(Br)c1,aqueous_solubility,log10(mol/L),train,c1ccccc1,-3.2100000381469727,-3.311892038583755,-4.826816090311855,-1.7969679868556554,scaffold,2030,rf_rdkit,random_forest,rdkit,none,77abfcdbb281d08df2e9fb09cf84b2a648ea9008
esol,8efb6c83a60e44a4,Clc1cccc(C(Cl)(Cl)Cl)n1,aqueous_solubility,log10(mol/L),validation,c1ccncc1,-3.759999990463257,-3.6302340125590575,-5.145158064287157,-2.115309960830958,scaffold,2030,rf_rdkit,random_forest,rdkit,none,77abfcdbb281d08df2e9fb09cf84b2a648ea9008
esol,cb0d1003dc0467b1,Clc1cccc(Cl)c1,aqueous_solubility,log10(mol/L),train,c1ccccc1,-3.0399999618530273,-3.067299972772598,-4.5822240245006975,-1.552375921044498,scaffold,2030,rf_rdkit,random_forest,rdkit,none,77abfcdbb281d08df2e9fb09cf84b2a648ea9008
esol,199ff11278c6332f,Clc1cccc(Cl)c1-c1c(Cl)cccc1Cl,aqueous_solubility,log10(mol/L),train,c1ccc(-c2ccccc2)cc1,-7.389999866485596,-7.229239943027478,-8.744163994755578,-5.714315891299378,scaffold,2030,rf_rdkit,random_forest,rdkit,none,77abfcdbb281d08df2e9fb09cf84b2a648ea9008
esol,482eb7682ff0e92b,Clc1cccc(Cl)c1-c1ccccc1,aqueous_solubility,log10(mol/L),train,c1ccc(-c2ccccc2)cc1,-5.210000038146973,-5.316584032058728,-6.831508083786828,-3.801659980330628,scaffold,2030,rf_rdkit,random_forest,rdkit,none,77abfcdbb281d08df2e9fb09cf84b2a648ea9008
esol,ff600f65c6e69d2a,Clc1cccc(Cl)c1Cl,aqueous_solubility,log10(mol/L),train,c1ccccc1,-4.0,-3.9205199948549314,-5.435444046583031,-2.4055959431268317,scaffold,2030,rf_rdkit,random_forest,rdkit,none,77abfcdbb281d08df2e9fb09cf84b2a648ea9008
esol,c88faf6d6d8a4214,Clc1cccc(I)c1,aqueous_solubility,log10(mol/L),train,c1ccccc1,-3.549999952316284,-3.581141989469526,-5.096066041197625,-2.0662179377414263,scaffold,2030,rf_rdkit,random_forest,rdkit,none,77abfcdbb281d08df2e9fb09cf84b2a648ea9008
esol,22332e2b89c83c5f,Clc1cccc2ccccc12,aqueous_solubility,log10(mol/L),train,c1ccc2ccccc2c1,-3.930000066757202,-3.985714020729068,-5.500638072457168,-2.4707899690009683,scaffold,2030,rf_rdkit,random_forest,rdkit,none,77abfcdbb281d08df2e9fb09cf84b2a648ea9008
esol,d52f3f9c11639cc6,Clc1ccccc1,aqueous_solubility,log10(mol/L),train,c1ccccc1,-2.380000114440918,-2.365380065556614,-3.8803041172847137,-0.8504560138285142,scaffold,2030,rf_rdkit,random_forest,rdkit,none,77abfcdbb281d08df2e9fb09cf84b2a648ea9008
esol,cc6468679450f933,Clc1ccccc1-c1ccccc1,aqueous_solubility,log10(mol/L),train,c1ccc(-c2ccccc2)cc1,-4.539999961853027,-4.685197990179054,-6.200122041907154,-3.170273938450954,scaffold,2030,rf_rdkit,random_forest,rdkit,none,77abfcdbb281d08df2e9fb09cf84b2a648ea9008
esol,1f96112c7da52a22,Clc1ccccc1-c1ccccc1Cl,aqueous_solubility,log10(mol/L),train,c1ccc(-c2ccccc2)cc1,-5.269999980926514,-5.373518006801598,-6.888442058529698,-3.8585939550734984,scaffold,2030,rf_rdkit,random_forest,rdkit,none,77abfcdbb281d08df2e9fb09cf84b2a648ea9008
esol,d77b9b0620096cb1,Clc1ccccc1Br,aqueous_solubility,log10(mol/L),train,c1ccccc1,-3.190000057220459,-3.2465520410537754,-4.761476092781875,-1.7316279893256756,scaffold,2030,rf_rdkit,random_forest,rdkit,none,77abfcdbb281d08df2e9fb09cf84b2a648ea9008
esol,ca929f1a7e270264,Clc1ccccc1Cl,aqueous_solubility,log10(mol/L),train,c1ccccc1,-3.049999952316284,-3.0682799658775326,-4.583204017605633,-1.5533559141494329,scaffold,2030,rf_rdkit,random_forest,rdkit,none,77abfcdbb281d08df2e9fb09cf84b2a648ea9008
esol,d42088fe993e3c16,Clc1ccccc1I,aqueous_solubility,log10(mol/L),train,c1ccccc1,-3.5399999618530273,-3.5518419876098646,-5.066766039337964,-2.036917935881765,scaffold,2030,rf_rdkit,random_forest,rdkit,none,77abfcdbb281d08df2e9fb09cf84b2a648ea9008
esol,4334fadd67deac29,Cn1c(=O)c2[nH]cnc2n(C)c1=O,aqueous_solubility,log10(mol/L),train,O=c1[nH]c(=O)c2[nH]cnc2[nH]1,-1.3899999856948853,-1.6121979891359906,-3.1271220408640903,-0.09727393740789081,scaffold,2030,rf_rdkit,random_forest,rdkit,none,77abfcdbb281d08df2e9fb09cf84b2a648ea9008
esol,100f62324cf1989a,Cn1c(=O)c2c(ncn2C)n(C)c1=O,aqueous_solubility,log10(mol/L),train,O=c1[nH]c(=O)c2[nH]cnc2[nH]1,-0.8759999871253967,-1.3476459883004326,-2.8625700400285323,0.16727806342766716,scaffold,2030,rf_rdkit,random_forest,rdkit,none,77abfcdbb281d08df2e9fb09cf84b2a648ea9008
esol,74f764e5b66b2fb7,Cn1c(=O)c2c(ncn2CC(O)CO)n(C)c1=O,aqueous_solubility,log10(mol/L),train,O=c1[nH]c(=O)c2[nH]cnc2[nH]1,-0.17000000178813934,-1.025118001028888,-2.540042052756988,0.4898060506992117,scaffold,2030,rf_rdkit,random_forest,rdkit,none,77abfcdbb281d08df2e9fb09cf84b2a648ea9008
esol,815a38abaf9ec4b7,Cn1c(=O)on(-c2ccc(Cl)c(Cl)c2)c1=O,aqueous_solubility,log10(mol/L),validation,O=c1[nH]c(=O)n(-c2ccccc2)o1,-2.819999933242798,-3.205424007117749,-4.720348058845849,-1.6904999553896491,scaffold,2030,rf_rdkit,random_forest,rdkit,none,77abfcdbb281d08df2e9fb09cf84b2a648ea9008
esol,49b2a1fbf2e41a7a,Cn1cc(-c2ccccc2)c(=O)c(-c2cccc(C(F)(F)F)c2)c1,aqueous_solubility,log10(mol/L),train,O=c1c(-c2ccccc2)c[nH]cc1-c1ccccc1,-4.445000171661377,-4.632590101599691,-6.147514153327791,-3.117666049871591,scaffold,2030,rf_rdkit,random_forest,rdkit,none,77abfcdbb281d08df2e9fb09cf84b2a648ea9008
esol,f3e6689447a36e81,Cn1ccc(=O)[nH]c1=O,aqueous_solubility,log10(mol/L),test,O=c1cc[nH]c(=O)[nH]1,-0.8069999814033508,-1.3110419957973047,-2.8259660475254043,0.203882055930795,scaffold,2030,rf_rdkit,random_forest,rdkit,none,77abfcdbb281d08df2e9fb09cf84b2a648ea9008
esol,4025a4d6efb5259a,Cn1cnc2c1c(=O)[nH]c(=O)n2C,aqueous_solubility,log10(mol/L),train,O=c1[nH]c(=O)c2[nH]cnc2[nH]1,-2.5230000019073486,-2.175367995858195,-3.690292047586295,-0.6604439441300953,scaffold,2030,rf_rdkit,random_forest,rdkit,none,77abfcdbb281d08df2e9fb09cf84b2a648ea9008
esol,d2eee638c5fa61ad,FC(F)(Cl)C(F)(Cl)Cl,aqueous_solubility,log10(mol/L),train,,-3.0399999618530273,-2.86094798129797,-4.37587203302607,-1.3460239295698702,scaffold,2030,rf_rdkit,random_forest,rdkit,none,77abfcdbb281d08df2e9fb09cf84b2a648ea9008
esol,105d6d24139d1acd,FC(F)(Cl)C(F)(F)Cl,aqueous_solubility,log10(mol/L),train,,-2.740000009536743,-2.532414006385951,-4.04733805811405,-1.0174899546578513,scaffold,2030,rf_rdkit,random_forest,rdkit,none,77abfcdbb281d08df2e9fb09cf84b2a648ea9008
esol,02db24b7bbfd7402,FC(F)(F)C(Cl)Br,aqueous_solubility,log10(mol/L),train,,-1.7100000381469727,-1.9225940244942927,-3.4375180762223927,-0.407669972766193,scaffold,2030,rf_rdkit,random_forest,rdkit,none,77abfcdbb281d08df2e9fb09cf84b2a648ea9008
esol,db15bed8f8ac2fa5,FC(F)(F)c1ccccc1,aqueous_solubility,log10(mol/L),train,c1ccccc1,-2.509999990463257,-2.511299992799757,-4.026224044527856,-0.9963759410716571,scaffold,2030,rf_rdkit,random_forest,rdkit,none,77abfcdbb281d08df2e9fb09cf84b2a648ea9008
esol,b10b42eecfc867c6,Fc1ccc(F)cc1,aqueous_solubility,log10(mol/L),train,c1ccccc1,-1.9700000286102295,-1.9565960167609164,-3.471520068489016,-0.4416719650328167,scaffold,2030,rf_rdkit,random_forest,rdkit,none,77abfcdbb281d08df2e9fb09cf84b2a648ea9008
esol,ca29ab8bab4202a6,Fc1cccc(Br)c1,aqueous_solubility,log10(mol/L),train,c1ccccc1,-2.6700000762939453,-2.6106160539239647,-4.125540105652064,-1.095692002195865,scaffold,2030,rf_rdkit,random_forest,rdkit,none,77abfcdbb281d08df2e9fb09cf84b2a648ea9008
esol,9b9e86ab0c3b7436,Fc1cccc(F)c1,aqueous_solubility,log10(mol/L),train,c1ccccc1,-2.0,-1.955880001269279,-3.4708040529973787,-0.4409559495411792,scaffold,2030,rf_rdkit,random_forest,rdkit,none,77abfcdbb281d08df2e9fb09cf84b2a648ea9008
esol,9ef5e809c1cc37a8,Fc1ccccc1,aqueous_solubility,log10(mol/L),train,c1ccccc1,-1.7999999523162842,-1.7359439740329945,-3.2508680257610942,-0.22101992230489476,scaffold,2030,rf_rdkit,random_forest,rdkit,none,77abfcdbb281d08df2e9fb09cf84b2a648ea9008
esol,c6e4a122702ad957,Fc1ccccc1Br,aqueous_solubility,log10(mol/L),train,c1ccccc1,-2.700000047683716,-2.61892004084587,-4.13384409257397,-1.1039959891177702,scaffold,2030,rf_rdkit,random_forest,rdkit,none,77abfcdbb281d08df2e9fb09cf84b2a648ea9008
esol,dd1f99766897a9a2,ICI,aqueous_solubility,log10(mol/L),train,,-2.3399999141693115,-2.157161937493835,-3.6720859892219346,-0.6422378857657352,scaffold,2030,rf_rdkit,random_forest,rdkit,none,77abfcdbb281d08df2e9fb09cf84b2a648ea9008
esol,3ab248fecad2cfcc,Ic1cccc2ccccc12,aqueous_solubility,log10(mol/L),train,c1ccc2ccccc2c1,-4.550000190734863,-4.475222121477125,-5.990146173205225,-2.960298069749025,scaffold,2030,rf_rdkit,random_forest,rdkit,none,77abfcdbb281d08df2e9fb09cf84b2a648ea9008
esol,bc20dafaf54360d0,Ic1ccccc1,aqueous_solubility,log10(mol/L),train,c1ccccc1,-3.009999990463257,-2.9109799988269804,-4.42590405055508,-1.3960559470988807,scaffold,2030,rf_rdkit,random_forest,rdkit,none,77abfcdbb281d08df2e9fb09cf84b2a648ea9008
esol,2c92806a2902f400,N#CC(Cl)(Cl)Cl,aqueous_solubility,log10(mol/L),train,,-2.1679999828338623,-1.9761179889440568,-3.4910420406721565,-0.46119393721595703,scaffold,2030,rf_rdkit,random_forest,rdkit,none,77abfcdbb281d08df2e9fb09cf84b2a648ea9008
esol,85031b7bb2a70254,N#CC(OC1OC(COC2OC(CO)C(O)C(O)C2O)C(O)C(O)C1O)c1ccccc1,aqueous_solubility,log10(mol/L),train,c1ccc(COC2CCCC(COC3CCCCO3)O2)cc1,-0.7699999809265137,-1.3345439838804405,-2.84946803560854,0.18038006784765925,scaffold,2030,rf_rdkit,random_forest,rdkit,none,77abfcdbb281d08df2e9fb09cf84b2a648ea9008
esol,e9839d44c23ebe38,N#CCCCl,aqueous_solubility,log10(mol/L),train,,-0.28999999165534973,-0.40344199433549743,-1.9183660460635972,1.1114820573926023,scaffold,2030,rf_rdkit,random_forest,rdkit,none,77abfcdbb281d08df2e9fb09cf84b2a648ea9008
esol,9e6f7a062ea6ba54,N#CCCl,aqueous_solubility,log10(mol/L),train,,-0.09200000017881393,-0.14389199910310735,-1.658816050831207,1.3710320526249924,scaffold,2030,rf_rdkit,random_forest,rdkit,none,77abfcdbb281d08df2e9fb09cf84b2a648ea9008
esol,5529331eae217480,N#CN=C(N)N,aqueous_solubility,log10(mol/L),train,,-0.3100000023841858,-0.08986599981040522,-1.604790051538505,1.4250580519176945,scaffold,2030,rf_rdkit,random_forest,rdkit,none,77abfcdbb281d08df2e9fb09cf84b2a648ea9008
esol,98ce09904f0cd677,N#Cc1c(Cl)c(Cl)c(Cl)c(C#N)c1Cl,aqueous_solubility,log10(mol/L),train,c1ccccc1,-5.639999866485596,-5.309217927932751,-6.824141979660851,-3.7942938762046516,scaffold,2030,rf_rdkit,random_forest,rdkit,none,77abfcdbb281d08df2e9fb09cf84b2a648ea9008
esol,f7eb31053f664583,N#Cc1cc(Br)c(O)c(Br)c1,aqueous_solubility,log10(mol/L),train,c1ccccc1,-3.3299999237060547,-3.255733945012096,-4.770657996740196,-1.7408098932839962,scaffold,2030,rf_rdkit,random_forest,rdkit,none,77abfcdbb281d08df2e9fb09cf84b2a648ea9008
esol,dd860792cadf3093,N#Cc1cc(I)c(O)c(I)c1,aqueous_solubility,log10(mol/L),train,c1ccccc1,-3.609999895095825,-3.4111519290208845,-4.926075980748984,-1.8962278772927847,scaffold,2030,rf_rdkit,random_forest,rdkit,none,77abfcdbb281d08df2e9fb09cf84b2a648ea9008
esol,5533344c324d3435,N#Cc1ccccc1,aqueous_solubility,log10(mol/L),train,c1ccccc1,-1.0,-1.2062340053170921,-2.7211580570451916,0.3086900464110076,scaffold,2030,rf_rdkit,random_forest,rdkit,none,77abfcdbb281d08df2e9fb09cf84b2a648ea9008
esol,66c6f633624542b8,N#Cc1ccccc1C#N,aqueous_solubility,log10(mol/L),train,c1ccccc1,-2.380000114440918,-2.1395680705755966,-3.6544921223036964,-0.6246440188474969,scaffold,2030,rf_rdkit,random_forest,rdkit,none,77abfcdbb281d08df2e9fb09cf84b2a648ea9008
esol,5f065dfe6c5d67ee,N=C(N)NS(=O)(=O)c1ccc(N)cc1,aqueous_solubility,log10(mol/L),train,c1ccccc1,-1.9900000095367432,-2.0521600040644383,-3.567084055792538,-0.5372359523363386,scaffold,2030,rf_rdkit,random_forest,rdkit,none,77abfcdbb281d08df2e9fb09cf84b2a648ea9008
esol,8f9adffcd0a5a36e,NC(=O)CCl,aqueous_solubility,log10(mol/L),train,,-0.019999999552965164,0.013260001935049281,-1.5016640497930505,1.528184053663149,scaffold,2030,rf_rdkit,random_forest,rdkit,none,77abfcdbb281d08df2e9fb09cf84b2a648ea9008
esol,a9190d547db6a242,NC(=O)NC1NC(=O)NC1=O,aqueous_solubility,log10(mol/L),validation,O=C1CNC(=O)N1,-1.600000023841858,-1.1914360072948034,-2.706360059022903,0.3234880444332964,scaffold,2030,rf_rdkit,random_forest,rdkit,none,77abfcdbb281d08df2e9fb09cf84b2a648ea9008
esol,20e79a0747e391cd,NC(=O)NCc1ccccc1,aqueous_solubility,log10(mol/L),train,c1ccccc1,-0.949999988079071,-1.2791139938086262,-2.794038045536726,0.23581005791947351,scaffold,2030,rf_rdkit,random_forest,rdkit,none,77abfcdbb281d08df2e9fb09cf84b2a648ea9008
esol,41b7655c6cb7d7df,NC(=O)c1ccccc1,aqueous_solubility,log10(mol/L),train,c1ccccc1,-0.9599999785423279,-1.0528079845830742,-2.567732036311174,0.4621160671450255,scaffold,2030,rf_rdkit,random_forest,rdkit,none,77abfcdbb281d08df2e9fb09cf84b2a648ea9008
esol,22bbce38ab5c479c,NC(=O)c1ccccc1O,aqueous_solubility,log10(mol/L),train,c1ccccc1,-1.8200000524520874,-1.7117180320099032,-3.226642083738003,-0.1967939802818035,scaffold,2030,rf_rdkit,random_forest,rdkit,none,77abfcdbb281d08df2e9fb09cf84b2a648ea9008
esol,2fc7b7dbeee95b0c,NC(=O)c1cccnc1,aqueous_solubility,log10(mol/L),validation,c1ccncc1,0.6100000143051147,-1.139821994688358,-2.6547460464164576,0.37510205703974164,scaffold,2030,rf_rdkit,random_forest,rdkit,none,77abfcdbb281d08df2e9fb09cf84b2a648ea9008
esol,d3f13e32ceadf7ee,NC(=O)c1cnccn1,aqueous_solubility,log10(mol/L),calibration,c1cnccn1,-0.6669999957084656,-1.056707994773981,-2.5716320465020805,0.4582160569541187,scaffold,2030,rf_rdkit,random_forest,rdkit,none,77abfcdbb281d08df2e9fb09cf84b2a648ea9008
esol,14add58d16075efc,NC(=S)Nc1ccccc1,aqueous_solubility,log10(mol/L),train,c1ccccc1,-1.7699999809265137,-1.7749919930398503,-3.28991604476795,-0.2600679413117506,scaffold,2030,rf_rdkit,random_forest,rdkit,none,77abfcdbb281d08df2e9fb09cf84b2a648ea9008
esol,cff6a05057ab433d,NC(N)=O,aqueous_solubility,log10(mol/L),train,,0.9599999785423279,0.8881359912082334,-0.6267880605198664,2.403060042936333,scaffold,2030,rf_rdkit,random_forest,rdkit,none,77abfcdbb281d08df2e9fb09cf84b2a648ea9008
esol,5c937bef90624cba,NC(N)=S,aqueous_solubility,log10(mol/L),train,,0.3199999928474426,0.12369799646363555,-1.3912260552644642,1.6386220481917353,scaffold,2030,rf_rdkit,random_forest,rdkit,none,77abfcdbb281d08df2e9fb09cf84b2a648ea9008
esol,8d9f3b8d61c37fad,NNC(=O)c1ccncc1,aqueous_solubility,log10(mol/L),validation,c1ccncc1,0.008999999612569809,-1.5223779956102357,-3.0373020473383354,-0.007453943882135938,scaffold,2030,rf_rdkit,random_forest,rdkit,none,77abfcdbb281d08df2e9fb09cf84b2a648ea9008
esol,792927bc26e5ee98,NNc1ccccc1,aqueous_solubility,log10(mol/L),train,c1ccccc1,0.07000000029802322,-0.44521200100704217,-1.960136052735142,1.0697120507210576,scaffold,2030,rf_rdkit,random_forest,rdkit,none,77abfcdbb281d08df2e9fb09cf84b2a648ea9008
esol,13a0d92f513022b0,NS(=O)(=O)c1cc(C2(O)NC(=O)c3ccccc32)ccc1Cl,aqueous_solubility,log10(mol/L),validation,O=C1NC(c2ccccc2)c2ccccc21,-3.4509999752044678,-3.611079973667862,-5.126004025395962,-2.0961559219397623,scaffold,2030,rf_rdkit,random_forest,rdkit,none,77abfcdbb281d08df2e9fb09cf84b2a648ea9008
esol,d1af900dda6b8816,NS(=O)(=O)c1cc2c(cc1C(F)(F)F)NC(Cc1ccccc1)NS2(=O)=O,aqueous_solubility,log10(mol/L),calibration,O=S1(=O)NC(Cc2ccccc2)Nc2ccccc21,-3.5899999141693115,-4.013505979269743,-5.528430030997843,-2.498581927541643,scaffold,2030,rf_rdkit,random_forest,rdkit,none,77abfcdbb281d08df2e9fb09cf84b2a648ea9008
esol,21a70933e40d38d8,NS(=O)(=O)c1cc2c(cc1Cl)N=CNS2(=O)=O,aqueous_solubility,log10(mol/L),calibration,O=S1(=O)NC=Nc2ccccc21,-3.049999952316284,-2.898351992622018,-4.413276044350118,-1.383427940893918,scaffold,2030,rf_rdkit,random_forest,rdkit,none,77abfcdbb281d08df2e9fb09cf84b2a648ea9008
esol,4be98313bb8411d6,NS(=O)(=O)c1cc2c(cc1Cl)NC(C(Cl)Cl)NS2(=O)=O,aqueous_solubility,log10(mol/L),test,O=S1(=O)NCNc2ccccc21,-2.680000066757202,-3.3683499868065114,-4.883274038534611,-1.8534259350784117,scaffold,2030,rf_rdkit,random_forest,rdkit,none,77abfcdbb281d08df2e9fb09cf84b2a648ea9008
esol,6704f9b02657d351,NS(=O)(=O)c1cc2c(cc1Cl)NCNS2(=O)=O,aqueous_solubility,log10(mol/L),test,O=S1(=O)NCNc2ccccc21,-2.630000114440918,-2.8901699877232314,-4.405094039451331,-1.3752459359951317,scaffold,2030,rf_rdkit,random_forest,rdkit,none,77abfcdbb281d08df2e9fb09cf84b2a648ea9008
esol,d486e39e13c6c365,Nc1cc(N2CCCCC2)nc(N)[n+]1[O-],aqueous_solubility,log10(mol/L),validation,c1cc(N2CCCCC2)nc[nH+]1,-1.9889999628067017,-2.4440900000482793,-3.959014051776379,-0.9291659483201795,scaffold,2030,rf_rdkit,random_forest,rdkit,none,77abfcdbb281d08df2e9fb09cf84b2a648ea9008
esol,aceb689c32139048,Nc1cc2c3ccccc3ccc2c2ccccc12,aqueous_solubility,log10(mol/L),validation,c1ccc2c(c1)ccc1c3ccccc3ccc21,-6.199999809265137,-6.0899479572773,-7.604872009005399,-4.5750239055492,scaffold,2030,rf_rdkit,random_forest,rdkit,none,77abfcdbb281d08df2e9fb09cf84b2a648ea9008
esol,80c616c2c10da4cc,Nc1cc[nH]c(=O)n1,aqueous_solubility,log10(mol/L),train,O=c1nccc[nH]1,-1.1549999713897705,-0.9629679803773625,-2.477892032105462,0.5519560713507372,scaffold,2030,rf_rdkit,random_forest,rdkit,none,77abfcdbb281d08df2e9fb09cf84b2a648ea9008
esol,d3c8a8dbbf41fcef,Nc1ccc(-c2ccc(N)cc2)cc1,aqueous_solubility,log10(mol/L),train,c1ccc(-c2ccccc2)cc1,-2.700000047683716,-3.131692031145095,-4.646616082873194,-1.6167679794169953,scaffold,2030,rf_rdkit,random_forest,rdkit,none,77abfcdbb281d08df2e9fb09cf84b2a648ea9008
esol,ddbccadea4def28d,Nc1ccc(Cl)cc1,aqueous_solubility,log10(mol/L),train,c1ccccc1,-1.659999966621399,-1.5789799810349947,-3.0939040327630947,-0.06405592930689497,scaffold,2030,rf_rdkit,random_forest,rdkit,none,77abfcdbb281d08df2e9fb09cf84b2a648ea9008
esol,5f061feada924c1b,Nc1ccc(O)cc1,aqueous_solubility,log10(mol/L),train,c1ccccc1,-0.800000011920929,-0.7173280105739916,-2.2322520623020914,0.7975960411541081,scaffold,2030,rf_rdkit,random_forest,rdkit,none,77abfcdbb281d08df2e9fb09cf84b2a648ea9008
esol,1740fca00afdaeed,Nc1ccc(S(=O)(=O)c2ccc(N)cc2)cc1,aqueous_solubility,log10(mol/L),test,O=S(=O)(c1ccccc1)c1ccccc1,-3.0940001010894775,-3.4828439942598353,-4.997768045987935,-1.9679199425317355,scaffold,2030,rf_rdkit,random_forest,rdkit,none,77abfcdbb281d08df2e9fb09cf84b2a648ea9008
esol,672dea3500e56345,Nc1ccc(S(N)(=O)=O)cc1,aqueous_solubility,log10(mol/L),train,c1ccccc1,-1.340000033378601,-1.5524340206384672,-3.067358072366567,-0.03750996891036751,scaffold,2030,rf_rdkit,random_forest,rdkit,none,77abfcdbb281d08df2e9fb09cf84b2a648ea9008
esol,b1562a3a4e3dbd2b,Nc1ccc([N+](=O)[O-])cc1,aqueous_solubility,log10(mol/L),train,c1ccccc1,-2.369999885559082,-2.141971945643424,-3.6568959973715236,-0.6270478939153241,scaffold,2030,rf_rdkit,random_forest,rdkit,none,77abfcdbb281d08df2e9fb09cf84b2a648ea9008
esol,7ea90919dd02fbb4,Nc1ccc2cc3ccccc3cc2c1,aqueous_solubility,log10(mol/L),train,c1ccc2cc3ccccc3cc2c1,-5.170000076293945,-5.023090040802947,-6.538014092531046,-3.508165989074847,scaffold,2030,rf_rdkit,random_forest,rdkit,none,77abfcdbb281d08df2e9fb09cf84b2a648ea9008
esol,7071d63d842d86c6,Nc1cccc(Cl)c1,aqueous_solubility,log10(mol/L),train,c1ccccc1,-1.3700000047683716,-1.4500339982956711,-2.964958050023771,0.0648900534324286,scaffold,2030,rf_rdkit,random_forest,rdkit,none,77abfcdbb281d08df2e9fb09cf84b2a648ea9008
esol,3614002c0eb76c64,Nc1cccc([N+](=O)[O-])c1,aqueous_solubility,log10(mol/L),train,c1ccccc1,-2.190000057220459,-2.100084023475648,-3.6150080752037477,-0.5851599717475482,scaffold,2030,rf_rdkit,random_forest,rdkit,none,77abfcdbb281d08df2e9fb09cf84b2a648ea9008
esol,fdeaad6aac85a0a2,Nc1cccc2ccccc12,aqueous_solubility,log10(mol/L),train,c1ccc2ccccc2c1,-1.9199999570846558,-2.291657972380516,-3.8065820241086157,-0.7767339206524162,scaffold,2030,rf_rdkit,random_forest,rdkit,none,77abfcdbb281d08df2e9fb09cf84b2a648ea9008
esol,2ed7e76dec2701ce,Nc1cccc2nc3ccccc3cc12,aqueous_solubility,log10(mol/L),train,c1ccc2nc3ccccc3cc2c1,-4.21999979019165,-4.115495877146721,-5.6304199288748205,-2.600571825418621,scaffold,2030,rf_rdkit,random_forest,rdkit,none,77abfcdbb281d08df2e9fb09cf84b2a648ea9008
esol,a7f3f1e11af18400,Nc1ccccc1,aqueous_solubility,log10(mol/L),train,c1ccccc1,-0.4099999964237213,-0.5365539983473764,-2.051478050075476,0.9783700533807234,scaffold,2030,rf_rdkit,random_forest,rdkit,none,77abfcdbb281d08df2e9fb09cf84b2a648ea9008
esol,2f7de38fb26014ee,Nc1ccccc1Cl,aqueous_solubility,log10(mol/L),train,c1ccccc1,-1.5199999809265137,-1.5817279860824345,-3.096652037810534,-0.06680393435433474,scaffold,2030,rf_rdkit,random_forest,rdkit,none,77abfcdbb281d08df2e9fb09cf84b2a648ea9008
esol,8cce7ad82c85b377,Nc1ccccc1O,aqueous_solubility,log10(mol/L),train,c1ccccc1,-0.7200000286102295,-0.6890960185527715,-2.204020070280871,0.8258280331753283,scaffold,2030,rf_rdkit,random_forest,rdkit,none,77abfcdbb281d08df2e9fb09cf84b2a648ea9008
esol,8c073316e654db6b,Nc1ccccc1[N+](=O)[O-],aqueous_solubility,log10(mol/L),train,c1ccccc1,-1.9600000381469727,-1.9432120251059604,-3.45813607683406,-0.4282879733778606,scaffold,2030,rf_rdkit,random_forest,rdkit,none,77abfcdbb281d08df2e9fb09cf84b2a648ea9008
esol,d170b211091619c1,Nc1cnn(-c2ccccc2)c(=O)c1Br,aqueous_solubility,log10(mol/L),train,O=c1cccnn1-c1ccccc1,-3.127000093460083,-3.098764056324957,-4.613688108053057,-1.5838400045968575,scaffold,2030,rf_rdkit,random_forest,rdkit,none,77abfcdbb281d08df2e9fb09cf84b2a648ea9008
esol,364a3d9e736a968c,Nc1cnn(-c2ccccc2)c(=O)c1Cl,aqueous_solubility,log10(mol/L),train,O=c1cccnn1-c1ccccc1,-2.878000020980835,-2.925326018333435,-4.440250070061534,-1.4104019666053351,scaffold,2030,rf_rdkit,random_forest,rdkit,none,77abfcdbb281d08df2e9fb09cf84b2a648ea9008
esol,2fef74534c90c0fd,Nc1nc(=O)[nH]cc1F,aqueous_solubility,log10(mol/L),train,O=c1nccc[nH]1,-0.972000002861023,-1.106890000440172,-2.621814052168272,0.4080340512879277,scaffold,2030,rf_rdkit,random_forest,rdkit,none,77abfcdbb281d08df2e9fb09cf84b2a648ea9008
esol,5167dc273870cd3a,Nc1nc(N)c2nc(-c3ccccc3)c(N)nc2n1,aqueous_solubility,log10(mol/L),test,c1ccc(-c2cnc3ncncc3n2)cc1,-2.4040000438690186,-3.3181359970867628,-4.833060048814863,-1.803211945358663,scaffold,2030,rf_rdkit,random_forest,rdkit,none,77abfcdbb281d08df2e9fb09cf84b2a648ea9008
esol,c363f1a8372173dd,Nc1nc(O)nc2nc[nH]c12,aqueous_solubility,log10(mol/L),train,c1ncc2[nH]cnc2n1,-3.4010000228881836,-2.821252002462745,-4.336176054190845,-1.3063279507346452,scaffold,2030,rf_rdkit,random_forest,rdkit,none,77abfcdbb281d08df2e9fb09cf84b2a648ea9008
esol,0f42ff187b1e26ff,Nc1nc2[nH]cnc2c(=O)[nH]1,aqueous_solubility,log10(mol/L),calibration,O=c1[nH]cnc2[nH]cnc12,-3.5829999446868896,-2.292089986562728,-3.807014038290828,-0.7771659348346285,scaffold,2030,rf_rdkit,random_forest,rdkit,none,77abfcdbb281d08df2e9fb09cf84b2a648ea9008
esol,45bfe1eca9942b5f,Nc1nc[nH]n1,aqueous_solubility,log10(mol/L),test,c1nc[nH]n1,0.5220000147819519,-0.43364399622380523,-1.948568047951905,1.0812800555042945,scaffold,2030,rf_rdkit,random_forest,rdkit,none,77abfcdbb281d08df2e9fb09cf84b2a648ea9008
esol,a5efc882bab6aeb8,Nc1nccs1,aqueous_solubility,log10(mol/L),test,c1cscn1,-0.36000001430511475,-0.9838199998885389,-2.4987440516166384,0.5311040518395609,scaffold,2030,rf_rdkit,random_forest,rdkit,none,77abfcdbb281d08df2e9fb09cf84b2a648ea9008
esol,292b9554c28881be,Nc1ncnc2c1ccn2C1OC(CO)C(O)C1O,aqueous_solubility,log10(mol/L),validation,c1ncc2ccn(C3CCCO3)c2n1,-1.9500000476837158,-2.4087819966375816,-3.9237060483656814,-0.8938579449094819,scaffold,2030,rf_rdkit,random_forest,rdkit,none,77abfcdbb281d08df2e9fb09cf84b2a648ea9008
esol,6c84c1ca795f19ca,Nc1ncnc2nc[nH]c12,aqueous_solubility,log10(mol/L),train,c1ncc2[nH]cnc2n1,-2.119999885559082,-2.1887859290242218,-3.7037099807523215,-0.673861877296122,scaffold,2030,rf_rdkit,random_forest,rdkit,none,77abfcdbb281d08df2e9fb09cf84b2a648ea9008
esol,690374c4203120f3,O=C(C=CC=Cc1ccc2c(c1)OCO2)N1CCCCC1,aqueous_solubility,log10(mol/L),validation,O=C(C=CC=Cc1ccc2c(c1)OCO2)N1CCCCC1,-3.4600000381469727,-3.7867179905772224,-5.301642042305322,-2.2717939388491226,scaffold,2030,rf_rdkit,random_forest,rdkit,none,77abfcdbb281d08df2e9fb09cf84b2a648ea9008
esol,f6ac174891d4cbfe,O=C(CC(Cl)Cl)NC1=C(Cl)C(=O)c2ccccc2C1=O,aqueous_solubility,log10(mol/L),calibration,O=C1C=CC(=O)c2ccccc21,-5.03000020980835,-3.9042139954566952,-5.419138047184795,-2.3892899437285955,scaffold,2030,rf_rdkit,random_forest,rdkit,none,77abfcdbb281d08df2e9fb09cf84b2a648ea9008
esol,3bd7903f0fc524b9,O=C(Cn1ccnc1[N+](=O)[O-])NCc1ccccc1,aqueous_solubility,log10(mol/L),test,O=C(Cn1ccnc1)NCc1ccccc1,-2.809999942779541,-2.7890700017660857,-4.303994053494185,-1.274145950037986,scaffold,2030,rf_rdkit,random_forest,rdkit,none,77abfcdbb281d08df2e9fb09cf84b2a648ea9008
esol,baa633118e4124e0,O=C(NC(=O)c1c(F)cccc1F)Nc1cc(Cl)c(F)c(Cl)c1F,aqueous_solubility,log10(mol/L),test,O=C(NC(=O)c1ccccc1)Nc1ccccc1,-7.28000020980835,-4.784755999803544,-6.299680051531643,-3.269831948075444,scaffold,2030,rf_rdkit,random_forest,rdkit,none,77abfcdbb281d08df2e9fb09cf84b2a648ea9008
esol,c045f77f3d14db05,O=C(NC(=O)c1c(F)cccc1F)Nc1ccc(Cl)cc1,aqueous_solubility,log10(mol/L),test,O=C(NC(=O)c1ccccc1)Nc1ccccc1,-6.019999980926514,-3.96015399158001,-5.47507804330811,-2.4452299398519104,scaffold,2030,rf_rdkit,random_forest,rdkit,none,77abfcdbb281d08df2e9fb09cf84b2a648ea9008
esol,e690eafd94d35c0c,O=C(NC(CO)C(O)c1ccc([N+](=O)[O-])cc1)C(Cl)Cl,aqueous_solubility,log10(mol/L),train,c1ccccc1,-2.1110000610351562,-2.3836540373265755,-3.8985780890546753,-0.8687299855984758,scaffold,2030,rf_rdkit,random_forest,rdkit,none,77abfcdbb281d08df2e9fb09cf84b2a648ea9008
esol,688fd8c1fae69203,O=C(Nc1ccc([N+](=O)[O-])cc1Cl)c1cc(Cl)ccc1O,aqueous_solubility,log10(mol/L),test,O=C(Nc1ccccc1)c1ccccc1,-4.699999809265137,-4.145507987022401,-5.660432038750501,-2.6305839352943012,scaffold,2030,rf_rdkit,random_forest,rdkit,none,77abfcdbb281d08df2e9fb09cf84b2a648ea9008
esol,6e4bde6d2f6a6816,O=C(Nc1cccc(Cl)c1)OCC#CCCl,aqueous_solubility,log10(mol/L),train,c1ccccc1,-4.369999885559082,-3.9828339376002533,-5.497757989328353,-2.4679098858721535,scaffold,2030,rf_rdkit,random_forest,rdkit,none,77abfcdbb281d08df2e9fb09cf84b2a648ea9008
esol,60c0e74fff4c1ae4,O=C(Nc1ccccc1)N(Cc1ccc(Cl)cc1)C1CCCC1,aqueous_solubility,log10(mol/L),test,O=C(Nc1ccccc1)N(Cc1ccccc1)C1CCCC1,-5.914999961853027,-4.626677992582323,-6.141602044310423,-3.111753940854223,scaffold,2030,rf_rdkit,random_forest,rdkit,none,77abfcdbb281d08df2e9fb09cf84b2a648ea9008
esol,0991c75b100e534a,O=C(Nc1ccccc1)Nc1ccccc1,aqueous_solubility,log10(mol/L),validation,O=C(Nc1ccccc1)Nc1ccccc1,-3.1500000953674316,-3.5863520111180835,-5.101276062846184,-2.071427959389984,scaffold,2030,rf_rdkit,random_forest,rdkit,none,77abfcdbb281d08df2e9fb09cf84b2a648ea9008
esol,fe14526b987406f2,O=C(Nc1ccccc1)c1ccccc1I,aqueous_solubility,log10(mol/L),test,O=C(Nc1ccccc1)c1ccccc1,-4.210000038146973,-3.9692539920806906,-5.48417804380879,-2.454329940352591,scaffold,2030,rf_rdkit,random_forest,rdkit,none,77abfcdbb281d08df2e9fb09cf84b2a648ea9008
esol,7745315b46a851c2,O=C(Nc1ccccc1)c1ccccc1O,aqueous_solubility,log10(mol/L),test,O=C(Nc1ccccc1)c1ccccc1,-3.5899999141693115,-3.0806019821316,-4.5955260338597,-1.5656779304035005,scaffold,2030,rf_rdkit,random_forest,rdkit,none,77abfcdbb281d08df2e9fb09cf84b2a648ea9008
esol,39383db26262b98a,O=C(OCC(O)CO)c1ccccc1Nc1ccnc2cc(Cl)ccc12,aqueous_solubility,log10(mol/L),calibration,c1ccc(Nc2ccnc3ccccc23)cc1,-4.571000099182129,-4.015857992321255,-5.530782044049355,-2.500933940593155,scaffold,2030,rf_rdkit,random_forest,rdkit,none,77abfcdbb281d08df2e9fb09cf84b2a648ea9008
esol,1da91787f38885ba,O=C(c1ccccc1)C(O)c1ccccc1,aqueous_solubility,log10(mol/L),train,O=C(Cc1ccccc1)c1ccccc1,-2.8499999046325684,-3.0783879331052284,-4.593311984833328,-1.5634638813771287,scaffold,2030,rf_rdkit,random_forest,rdkit,none,77abfcdbb281d08df2e9fb09cf84b2a648ea9008
esol,4dba3a2e70cac673,O=C(c1ccccc1)c1ccccc1,aqueous_solubility,log10(mol/L),calibration,O=C(c1ccccc1)c1ccccc1,-3.119999885559082,-3.7608579968214038,-5.2757820485495035,-2.245933945093304,scaffold,2030,rf_rdkit,random_forest,rdkit,none,77abfcdbb281d08df2e9fb09cf84b2a648ea9008
esol,db8d3eba6fa98f98,O=C1C(Cl)C(CCl)CN1c1cccc(C(F)(F)F)c1,aqueous_solubility,log10(mol/L),validation,O=C1CCCN1c1ccccc1,-4.046999931335449,-3.940098003376276,-5.455022055104376,-2.4251739516481763,scaffold,2030,rf_rdkit,random_forest,rdkit,none,77abfcdbb281d08df2e9fb09cf84b2a648ea9008
esol,6b583bedb8c16dc6,O=C1C(O)=C(C2CCC(c3ccc(Cl)cc3)CC2)C(=O)c2ccccc21,aqueous_solubility,log10(mol/L),calibration,O=C1C=C(C2CCC(c3ccccc3)CC2)C(=O)c2ccccc21,-5.931000232696533,-4.792860004425052,-6.307784056153151,-3.277935952696952,scaffold,2030,rf_rdkit,random_forest,rdkit,none,77abfcdbb281d08df2e9fb09cf84b2a648ea9008
esol,43baf9d8ef42876c,O=C1C2(Cl)C3(Cl)C4(Cl)C(Cl)(Cl)C5(Cl)C3(Cl)C1(Cl)C5(Cl)C24Cl,aqueous_solubility,log10(mol/L),validation,O=C1C2C3C4CC5C3C1C5C42,-5.258999824523926,-5.425433980587869,-6.940358032315968,-3.910509928859769,scaffold,2030,rf_rdkit,random_forest,rdkit,none,77abfcdbb281d08df2e9fb09cf84b2a648ea9008
esol,046f28c7cfbee993,O=C1C2CC=CCC2C(=O)N1SC(Cl)(Cl)C(Cl)Cl,aqueous_solubility,log10(mol/L),test,O=C1NC(=O)C2CC=CCC12,-5.400000095367432,-4.619928006649021,-6.13485205837712,-3.105003954920921,scaffold,2030,rf_rdkit,random_forest,rdkit,none,77abfcdbb281d08df2e9fb09cf84b2a648ea9008
esol,fb996a8251e32b19,O=C1C=C2CC3(O)COc4c(ccc(O)c4O)C3=C2C=C1O,aqueous_solubility,log10(mol/L),test,O=C1C=CC2=C3c4ccccc4OCC3CC2=C1,-2.700000047683716,-3.320979987427592,-4.835904039155691,-1.8060559356994923,scaffold,2030,rf_rdkit,random_forest,rdkit,none,77abfcdbb281d08df2e9fb09cf84b2a648ea9008
esol,2287e3509b11a6c4,O=C1CC(c2ccc(O)c(O)c2)Oc2cc(O)cc(O)c21,aqueous_solubility,log10(mol/L),train,O=C1CC(c2ccccc2)Oc2ccccc21,-3.619999885559082,-3.4899099318683127,-5.004833983596413,-1.974985880140213,scaffold,2030,rf_rdkit,random_forest,rdkit,none,77abfcdbb281d08df2e9fb09cf84b2a648ea9008
esol,98e81285f39d4a65,O=C1CCC(=O)N1,aqueous_solubility,log10(mol/L),calibration,O=C1CCC(=O)N1,0.30000001192092896,-0.6170979998856772,-2.132022051613777,0.8978260518424226,scaffold,2030,rf_rdkit,random_forest,rdkit,none,77abfcdbb281d08df2e9fb09cf84b2a648ea9008
esol,552029f553c6de90,O=C1CCC(N2C(=O)c3ccccc3C2=O)C(=O)N1,aqueous_solubility,log10(mol/L),train,O=C1CCC(N2C(=O)c3ccccc3C2=O)C(=O)N1,-2.6760001182556152,-2.7350460725128647,-4.249970124240964,-1.220122020784765,scaffold,2030,rf_rdkit,random_forest,rdkit,none,77abfcdbb281d08df2e9fb09cf84b2a648ea9008
esol,f8fc82e8cbf0dbbb,O=C1CCCCC1,aqueous_solubility,log10(mol/L),test,O=C1CCCCC1,-0.6000000238418579,-1.1593179986774946,-2.6742420504055944,0.3556060530506051,scaffold,2030,rf_rdkit,random_forest,rdkit,none,77abfcdbb281d08df2e9fb09cf84b2a648ea9008
esol,88292b2a0d08280c,O=C1CCCN1,aqueous_solubility,log10(mol/L),calibration,O=C1CCCN1,1.0700000524520874,-0.44492399927601234,-1.959848051004112,1.0700000524520874,scaffold,2030,rf_rdkit,random_forest,rdkit,none,77abfcdbb281d08df2e9fb09cf84b2a648ea9008
esol,464ea5384e52ed18,O=C1CN(N=Cc2ccc([N+](=O)[O-])o2)C(=O)N1,aqueous_solubility,log10(mol/L),calibration,O=C1CN(N=Cc2ccco2)C(=O)N1,-3.380000114440918,-2.2953000013232225,-3.8102240530513223,-0.7803759495951228,scaffold,2030,rf_rdkit,random_forest,rdkit,none,77abfcdbb281d08df2e9fb09cf84b2a648ea9008
esol,ad5815f8ca05b4e0,O=C1CN=C(c2ccccc2)c2cc([N+](=O)[O-])ccc2N1,aqueous_solubility,log10(mol/L),train,O=C1CN=C(c2ccccc2)c2ccccc2N1,-3.7960000038146973,-3.7005000008344626,-5.215424052562563,-2.185575949106363,scaffold,2030,rf_rdkit,random_forest,rdkit,none,77abfcdbb281d08df2e9fb09cf84b2a648ea9008
esol,3bcf5a8597ee7358,O=C1CN=C(c2ccccc2Cl)c2cc([N+](=O)[O-])ccc2N1,aqueous_solubility,log10(mol/L),train,O=C1CN=C(c2ccccc2)c2ccccc2N1,-3.499000072479248,-3.639974043369298,-5.154898095097398,-2.1250499916411982,scaffold,2030,rf_rdkit,random_forest,rdkit,none,77abfcdbb281d08df2e9fb09cf84b2a648ea9008
esol,7431852da1dce5b8,O=C1CNC(=O)N1,aqueous_solubility,log10(mol/L),validation,O=C1CNC(=O)N1,-0.4000000059604645,-0.39856800052151087,-1.9134920522496106,1.1163560512065889,scaffold,2030,rf_rdkit,random_forest,rdkit,none,77abfcdbb281d08df2e9fb09cf84b2a648ea9008
esol,5e3e17dfed89e466,O=C1CSC(=S)N1,aqueous_solubility,log10(mol/L),test,O=C1CSC(=S)N1,-1.7699999809265137,-1.418140005007387,-2.9330640567354864,0.09678404672071284,scaffold,2030,rf_rdkit,random_forest,rdkit,none,77abfcdbb281d08df2e9fb09cf84b2a648ea9008
esol,9b850b8ead100465,O=C1NC(=O)C(=O)C(=O)N1,aqueous_solubility,log10(mol/L),test,O=C1NC(=O)C(=O)C(=O)N1,-1.25,-1.0301740024909398,-2.5450980542190393,0.4847500492371599,scaffold,2030,rf_rdkit,random_forest,rdkit,none,77abfcdbb281d08df2e9fb09cf84b2a648ea9008
esol,9f97173311018951,O=C1NC(=O)C(=O)N1,aqueous_solubility,log10(mol/L),train,O=C1NC(=O)C(=O)N1,-0.4000000059604645,-0.49424600230902005,-2.00917005403712,1.0206780494190797,scaffold,2030,rf_rdkit,random_forest,rdkit,none,77abfcdbb281d08df2e9fb09cf84b2a648ea9008
esol,f58d70889d342b7a,O=C1NC(=O)C(O)(C2(O)C(=O)NC(=O)NC2=O)C(=O)N1,aqueous_solubility,log10(mol/L),validation,O=C1NC(=O)C(C2C(=O)NC(=O)NC2=O)C(=O)N1,-1.9900000095367432,-2.6357959986664357,-4.150720050394535,-1.120871946938336,scaffold,2030,rf_rdkit,random_forest,rdkit,none,77abfcdbb281d08df2e9fb09cf84b2a648ea9008
esol,a2f9df8a5d8811db,O=C1NC(=O)C(c2ccccc2)(c2ccccc2)N1,aqueous_solubility,log10(mol/L),test,O=C1NC(=O)C(c2ccccc2)(c2ccccc2)N1,-4.0970001220703125,-3.6132359927035864,-5.128160044431686,-2.0983119409754867,scaffold,2030,rf_rdkit,random_forest,rdkit,none,77abfcdbb281d08df2e9fb09cf84b2a648ea9008
esol,abaed2608bdfc2de,O=C1NC(=O)C2(CC2)C(=O)N1,aqueous_solubility,log10(mol/L),calibration,O=C1NC(=O)C2(CC2)C(=O)N1,-1.8860000371932983,-1.8850360107980664,-3.399960062526166,-0.37011195906996663,scaffold,2030,rf_rdkit,random_forest,rdkit,none,77abfcdbb281d08df2e9fb09cf84b2a648ea9008
esol,c4e073085482ca83,O=C1NC(=O)C2(CCC2)C(=O)N1,aqueous_solubility,log10(mol/L),test,O=C1NC(=O)C2(CCC2)C(=O)N1,-1.6549999713897705,-1.8912260201536117,-3.4061500718817115,-0.376301968425512,scaffold,2030,rf_rdkit,random_forest,rdkit,none,77abfcdbb281d08df2e9fb09cf84b2a648ea9008
esol,fb010ec97af69bc4,O=C1NC(=O)C2(CCCC2)C(=O)N1,aqueous_solubility,log10(mol/L),test,O=C1NC(=O)C2(CCCC2)C(=O)N1,-2.3489999771118164,-2.0717280224598937,-3.5866520741879935,-0.556803970731794,scaffold,2030,rf_rdkit,random_forest,rdkit,none,77abfcdbb281d08df2e9fb09cf84b2a648ea9008
esol,f7fa422f6b89ab0c,O=C1NC(=O)C2(CCCCC2)C(=O)N1,aqueous_solubility,log10(mol/L),validation,O=C1NC(=O)C2(CCCCC2)C(=O)N1,-3.059999942779541,-2.2628460307158527,-3.7777700824439524,-0.7479219789877529,scaffold,2030,rf_rdkit,random_forest,rdkit,none,77abfcdbb281d08df2e9fb09cf84b2a648ea9008
esol,1079ed78c10335aa,O=C1NC(=O)C2(CCCCCC2)C(=O)N1,aqueous_solubility,log10(mol/L),test,O=C1NC(=O)C2(CCCCCC2)C(=O)N1,-3.1679999828338623,-2.5002540491819376,-4.015178100910037,-0.9853299974538379,scaffold,2030,rf_rdkit,random_forest,rdkit,none,77abfcdbb281d08df2e9fb09cf84b2a648ea9008
esol,2763289c3c31ca3c,O=C1NC(=O)C2(CCCCCCC2)C(=O)N1,aqueous_solubility,log10(mol/L),train,O=C1NC(=O)C2(CCCCCCC2)C(=O)N1,-2.9820001125335693,-2.842004079043865,-4.356928130771965,-1.3270800273157652,scaffold,2030,rf_rdkit,random_forest,rdkit,none,77abfcdbb281d08df2e9fb09cf84b2a648ea9008
esol,6122d0570c0fafbd,O=C1NC(=O)C2C3C(C(O)(c4ccccc4)c4ccccn4)=CC(C3=C(c3ccccc3)c3ccccn3)C12,aqueous_solubility,log10(mol/L),train,O=C1NC(=O)C2C3C(C(c4ccccc4)c4ccccn4)=CC(C3=C(c3ccccc3)c3ccccn3)C12,-3.930999994277954,-4.467049991846075,-5.981974043574175,-2.952125940117975,scaffold,2030,rf_rdkit,random_forest,rdkit,none,77abfcdbb281d08df2e9fb09cf84b2a648ea9008
esol,80765813e3dd85bc,O=C1NC(=O)C2C=CC=CC12,aqueous_solubility,log10(mol/L),test,O=C1NC(=O)C2C=CC=CC12,-2.931999921798706,-2.0764919958040116,-3.5914160475321113,-0.5615679440759118,scaffold,2030,rf_rdkit,random_forest,rdkit,none,77abfcdbb281d08df2e9fb09cf84b2a648ea9008
esol,8c073a83b27c7462,O=C1NC(=O)c2ccccc21,aqueous_solubility,log10(mol/L),train,O=C1NC(=O)c2ccccc21,-2.609999895095825,-2.4107099382020536,-3.9256339899301533,-0.8957858864739539,scaffold,2030,rf_rdkit,random_forest,rdkit,none,77abfcdbb281d08df2e9fb09cf84b2a648ea9008
esol,6b563f4c04c1dd29,O=C1NCCN1c1ncc([N+](=O)[O-])s1,aqueous_solubility,log10(mol/L),test,O=C1NCCN1c1nccs1,-3.2200000286102295,-2.4403439974077044,-3.955268049135804,-0.9254199456796046,scaffold,2030,rf_rdkit,random_forest,rdkit,none,77abfcdbb281d08df2e9fb09cf84b2a648ea9008
esol,e431f760674c4ee6,O=C1Nc2ccc(Cl)cc2C(c2ccccc2)=NC1O,aqueous_solubility,log10(mol/L),train,O=C1CN=C(c2ccccc2)c2ccccc2N1,-3.9519999027252197,-3.783097941637044,-5.298021993365143,-2.2681738899089443,scaffold,2030,rf_rdkit,random_forest,rdkit,none,77abfcdbb281d08df2e9fb09cf84b2a648ea9008
esol,e7367b803a2a0cad,O=C1Nc2ccc(Cl)cc2C(c2ccccc2Cl)=NC1O,aqueous_solubility,log10(mol/L),train,O=C1CN=C(c2ccccc2)c2ccccc2N1,-3.6040000915527344,-3.7591260511875197,-5.27405010291562,-2.24420199945942,scaffold,2030,rf_rdkit,random_forest,rdkit,none,77abfcdbb281d08df2e9fb09cf84b2a648ea9008
esol,cccf416cbf91333f,O=C1OC(c2ccc(O)cc2)(c2ccc(O)cc2)c2ccccc21,aqueous_solubility,log10(mol/L),validation,O=C1OC(c2ccccc2)(c2ccccc2)c2ccccc21,-2.9000000953674316,-4.4767900000326355,-5.991714051760735,-2.9618659483045358,scaffold,2030,rf_rdkit,random_forest,rdkit,none,77abfcdbb281d08df2e9fb09cf84b2a648ea9008
esol,1d8559207fba752d,O=C1c2ccccc2C(=O)c2ccccc21,aqueous_solubility,log10(mol/L),test,O=C1c2ccccc2C(=O)c2ccccc21,-5.190000057220459,-3.8097999882735314,-5.324724040001631,-2.2948759365454316,scaffold,2030,rf_rdkit,random_forest,rdkit,none,77abfcdbb281d08df2e9fb09cf84b2a648ea9008
esol,40f1ac185330e905,O=C1c2ccccc2Cc2ccccc2N1CCF,aqueous_solubility,log10(mol/L),test,O=C1Nc2ccccc2Cc2ccccc21,-4.798999786376953,-3.745623981151731,-5.26054803287983,-2.2306999294236314,scaffold,2030,rf_rdkit,random_forest,rdkit,none,77abfcdbb281d08df2e9fb09cf84b2a648ea9008
esol,1c5ae882fec16e7a,O=CNC(N1C=CN(C(NC=O)C(Cl)(Cl)Cl)C=C1)C(Cl)(Cl)Cl,aqueous_solubility,log10(mol/L),test,C1=CNC=CN1,-4.190000057220459,-4.394689998362214,-5.909614050090314,-2.879765946634114,scaffold,2030,rf_rdkit,random_forest,rdkit,none,77abfcdbb281d08df2e9fb09cf84b2a648ea9008
esol,24abd616835cfd2d,O=Cc1ccc(O)cc1,aqueous_solubility,log10(mol/L),train,c1ccccc1,-0.9599999785423279,-1.0196359862238102,-2.53456003795191,0.4952880655042895,scaffold,2030,rf_rdkit,random_forest,rdkit,none,77abfcdbb281d08df2e9fb09cf84b2a648ea9008
esol,01bc1188fd568fec,O=Cc1ccc2c(c1)OCO2,aqueous_solubility,log10(mol/L),validation,c1ccc2c(c1)OCO2,-1.6299999952316284,-2.01648199061677,-3.53140604234487,-0.5015579388886704,scaffold,2030,rf_rdkit,random_forest,rdkit,none,77abfcdbb281d08df2e9fb09cf84b2a648ea9008
esol,f96a284663242b78,O=Cc1ccccc1,aqueous_solubility,log10(mol/L),train,c1ccccc1,-1.190000057220459,-1.221576037164785,-2.7365000888928845,0.2933480145633147,scaffold,2030,rf_rdkit,random_forest,rdkit,none,77abfcdbb281d08df2e9fb09cf84b2a648ea9008
esol,363e8ba4d5020110,O=Cc1ccco1,aqueous_solubility,log10(mol/L),validation,c1ccoc1,-0.10000000149011612,-0.7519100004844375,-2.266834052212537,0.7630140512436623,scaffold,2030,rf_rdkit,random_forest,rdkit,none,77abfcdbb281d08df2e9fb09cf84b2a648ea9008
esol,8a081af65ed6bef7,O=[N+]([O-])C(Cl)(Cl)Cl,aqueous_solubility,log10(mol/L),train,,-2.0,-1.7884299997203033,-3.303354051448403,-0.2735059479922035,scaffold,2030,rf_rdkit,random_forest,rdkit,none,77abfcdbb281d08df2e9fb09cf84b2a648ea9008
esol,b3623792d168d2ab,O=[N+]([O-])OCC(CO[N+](=O)[O-])O[N+](=O)[O-],aqueous_solubility,log10(mol/L),train,,-2.2200000286102295,-1.7983160185776719,-3.3132400703057714,-0.28339196684957213,scaffold,2030,rf_rdkit,random_forest,rdkit,none,77abfcdbb281d08df2e9fb09cf84b2a648ea9008
esol,ff424e90dc845655,O=[N+]([O-])c1c(Cl)c(Cl)c(Cl)c(Cl)c1Cl,aqueous_solubility,log10(mol/L),train,c1ccccc1,-5.820000171661377,-5.376500115692634,-6.891424167420734,-3.8615760639645345,scaffold,2030,rf_rdkit,random_forest,rdkit,none,77abfcdbb281d08df2e9fb09cf84b2a648ea9008
esol,57e68a80baabc9d1,O=[N+]([O-])c1cc([N+](=O)[O-])cc([N+](=O)[O-])c1,aqueous_solubility,log10(mol/L),train,c1ccccc1,-2.890000104904175,-2.920112067595124,-4.4350361193232235,-1.4051880158670245,scaffold,2030,rf_rdkit,random_forest,rdkit,none,77abfcdbb281d08df2e9fb09cf84b2a648ea9008
esol,bc600864e500c480,O=[N+]([O-])c1ccc(C=NO)o1,aqueous_solubility,log10(mol/L),validation,c1ccoc1,-2.190000057220459,-1.6334000008292482,-3.148324052557348,-0.11847594910114845,scaffold,2030,rf_rdkit,random_forest,rdkit,none,77abfcdbb281d08df2e9fb09cf84b2a648ea9008
esol,4b83ca53ecb4e64f,O=[N+]([O-])c1ccc(Cl)c(Cl)c1,aqueous_solubility,log10(mol/L),train,c1ccccc1,-3.200000047683716,-3.1804180309772505,-4.69534208270535,-1.6654939792491508,scaffold,2030,rf_rdkit,random_forest,rdkit,none,77abfcdbb281d08df2e9fb09cf84b2a648ea9008
esol,a677b460c36a2d5e,O=[N+]([O-])c1ccc(Cl)cc1,aqueous_solubility,log10(mol/L),train,c1ccccc1,-2.9200000762939453,-2.8198280435800553,-4.334752095308155,-1.3049039918519556,scaffold,2030,rf_rdkit,random_forest,rdkit,none,77abfcdbb281d08df2e9fb09cf84b2a648ea9008
esol,dde4a1cff0933018,O=[N+]([O-])c1ccc(O)cc1,aqueous_solubility,log10(mol/L),train,c1ccccc1,-0.7400000095367432,-1.0476260037720038,-2.5625500555001035,0.467298047956096,scaffold,2030,rf_rdkit,random_forest,rdkit,none,77abfcdbb281d08df2e9fb09cf84b2a648ea9008
esol,0cfb53848f1c44c5,O=[N+]([O-])c1ccc(Oc2ccc(Cl)cc2Cl)cc1,aqueous_solubility,log10(mol/L),validation,c1ccc(Oc2ccccc2)cc1,-5.460000038146973,-4.459480006456376,-5.974404058184476,-2.9445559547282762,scaffold,2030,rf_rdkit,random_forest,rdkit,none,77abfcdbb281d08df2e9fb09cf84b2a648ea9008
esol,82051d5601294b9c,O=[N+]([O-])c1ccc([N+](=O)[O-])cc1,aqueous_solubility,log10(mol/L),train,c1ccccc1,-3.390000104904175,-3.0589700584486144,-4.573894110176714,-1.5440460067205146,scaffold,2030,rf_rdkit,random_forest,rdkit,none,77abfcdbb281d08df2e9fb09cf84b2a648ea9008
esol,b8a8d3aea70aedef,O=[N+]([O-])c1cccc(Cl)c1,aqueous_solubility,log10(mol/L),train,c1ccccc1,-2.7699999809265137,-2.712837994337082,-4.227762046065182,-1.1979139426089822,scaffold,2030,rf_rdkit,random_forest,rdkit,none,77abfcdbb281d08df2e9fb09cf84b2a648ea9008
esol,feef886840fa5400,O=[N+]([O-])c1cccc(Cl)c1Cl,aqueous_solubility,log10(mol/L),train,c1ccccc1,-3.4800000190734863,-3.310758016347888,-4.825682068075988,-1.795833964619788,scaffold,2030,rf_rdkit,random_forest,rdkit,none,77abfcdbb281d08df2e9fb09cf84b2a648ea9008
esol,8b82235acd1bad51,O=[N+]([O-])c1cccc(O)c1,aqueous_solubility,log10(mol/L),train,c1ccccc1,-1.0099999904632568,-1.1758599990010177,-2.6907840507291176,0.33906405272708207,scaffold,2030,rf_rdkit,random_forest,rdkit,none,77abfcdbb281d08df2e9fb09cf84b2a648ea9008
esol,ec688ee4a0e28848,O=[N+]([O-])c1cccc([N+](=O)[O-])c1,aqueous_solubility,log10(mol/L),train,c1ccccc1,-2.2899999618530273,-2.5078519827127455,-4.022776034440845,-0.9929279309846457,scaffold,2030,rf_rdkit,random_forest,rdkit,none,77abfcdbb281d08df2e9fb09cf84b2a648ea9008
esol,c6bfe39ba4dc7a2a,O=[N+]([O-])c1cccc2ccccc12,aqueous_solubility,log10(mol/L),train,c1ccc2ccccc2c1,-3.5399999618530273,-3.3908219785690323,-4.9057460302971325,-1.8758979268409326,scaffold,2030,rf_rdkit,random_forest,rdkit,none,77abfcdbb281d08df2e9fb09cf84b2a648ea9008
esol,e7485af5868fe30e,O=[N+]([O-])c1ccccc1,aqueous_solubility,log10(mol/L),train,c1ccccc1,-1.7999999523162842,-1.774743967875834,-3.289668019603934,-0.25981991614773436,scaffold,2030,rf_rdkit,random_forest,rdkit,none,77abfcdbb281d08df2e9fb09cf84b2a648ea9008
esol,5f297c0e1cebb1e6,O=[N+]([O-])c1ccccc1Cl,aqueous_solubility,log10(mol/L),train,c1ccccc1,-2.549999952316284,-2.5525079721808415,-4.067432023908941,-1.0375839204527417,scaffold,2030,rf_rdkit,random_forest,rdkit,none,77abfcdbb281d08df2e9fb09cf84b2a648ea9008
esol,5598414c70a5d146,O=[N+]([O-])c1ccccc1O,aqueous_solubility,log10(mol/L),train,c1ccccc1,-1.7400000095367432,-1.6123700080178631,-3.127294059745963,-0.09744595628976338,scaffold,2030,rf_rdkit,random_forest,rdkit,none,77abfcdbb281d08df2e9fb09cf84b2a648ea9008
esol,059b799d8722bb7e,O=[N+]([O-])c1ccccc1[N+](=O)[O-],aqueous_solubility,log10(mol/L),train,c1ccccc1,-3.0999999046325684,-2.847691939949989,-4.362615991678089,-1.3327678882218894,scaffold,2030,rf_rdkit,random_forest,rdkit,none,77abfcdbb281d08df2e9fb09cf84b2a648ea9008
esol,d74439078cde9040,O=c1[nH]c(=O)c2[nH]c(=O)[nH]c2[nH]1,aqueous_solubility,log10(mol/L),calibration,O=c1[nH]c(=O)c2[nH]c(=O)[nH]c2[nH]1,-3.930000066757202,-2.191683993346989,-3.7066080450750887,-0.6767599416188892,scaffold,2030,rf_rdkit,random_forest,rdkit,none,77abfcdbb281d08df2e9fb09cf84b2a648ea9008
esol,2ba1a048585b1487,O=c1[nH]c2c(c(=O)n1C1CCCCC1)CCC2,aqueous_solubility,log10(mol/L),test,O=c1[nH]c2c(c(=O)n1C1CCCCC1)CCC2,-4.593999862670898,-3.0369439966045317,-4.551868048332631,-1.522019944876432,scaffold,2030,rf_rdkit,random_forest,rdkit,none,77abfcdbb281d08df2e9fb09cf84b2a648ea9008
esol,d07e545f1899310f,O=c1[nH]c2cc(Cl)ccc2o1,aqueous_solubility,log10(mol/L),test,O=c1[nH]c2ccccc2o1,-2.8310000896453857,-2.667567991107702,-4.182492042835802,-1.1526439393796024,scaffold,2030,rf_rdkit,random_forest,rdkit,none,77abfcdbb281d08df2e9fb09cf84b2a648ea9008
esol,4c7d2cc71ad43d92,O=c1[nH]cc(F)c(=O)[nH]1,aqueous_solubility,log10(mol/L),test,O=c1cc[nH]c(=O)[nH]1,-1.0770000219345093,-1.2187720006927818,-2.7336960524208815,0.29615205103531794,scaffold,2030,rf_rdkit,random_forest,rdkit,none,77abfcdbb281d08df2e9fb09cf84b2a648ea9008
esol,dffd0d1aff11120c,O=c1[nH]cnc2[nH]ncc12,aqueous_solubility,log10(mol/L),test,O=c1[nH]cnc2[nH]ncc12,-2.2660000324249268,-2.0656459796130684,-3.580570031341168,-0.5507219278849687,scaffold,2030,rf_rdkit,random_forest,rdkit,none,77abfcdbb281d08df2e9fb09cf84b2a648ea9008
esol,efd3b4d838ecabb0,O=c1[nH]cnc2nc[nH]c12,aqueous_solubility,log10(mol/L),test,O=c1[nH]cnc2nc[nH]c12,-2.2960000038146973,-1.9488539779633314,-3.463778029691431,-0.43392992623523163,scaffold,2030,rf_rdkit,random_forest,rdkit,none,77abfcdbb281d08df2e9fb09cf84b2a648ea9008
esol,c401593400567088,O=c1c(O)c(-c2ccc(O)cc2O)oc2cc(O)cc(O)c12,aqueous_solubility,log10(mol/L),calibration,O=c1cc(-c2ccccc2)oc2ccccc12,-3.0829999446868896,-3.3589539804458615,-4.873878032173961,-1.8440299287177617,scaffold,2030,rf_rdkit,random_forest,rdkit,none,77abfcdbb281d08df2e9fb09cf84b2a648ea9008
esol,d67cde4d4f9d08e2,O=c1cc[nH]c(=O)[nH]1,aqueous_solubility,log10(mol/L),test,O=c1cc[nH]c(=O)[nH]1,-1.4880000352859497,-0.8266859948337024,-2.341610046561802,0.6882380568943973,scaffold,2030,rf_rdkit,random_forest,rdkit,none,77abfcdbb281d08df2e9fb09cf84b2a648ea9008
esol,834dfd465548d669,O=c1ccnc(S)[nH]1,aqueous_solubility,log10(mol/L),validation,O=c1ccnc[nH]1,-2.2730000019073486,-1.34299401215091,-2.85791806387901,0.17193003957718966,scaffold,2030,rf_rdkit,random_forest,rdkit,none,77abfcdbb281d08df2e9fb09cf84b2a648ea9008
esol,7b29bd731c5c5440,O=c1oc2ccccc2c(O)c1C(CC(O)c1ccc(-c2ccc(Br)cc2)cc1)c1ccccc1,aqueous_solubility,log10(mol/L),validation,O=c1oc2ccccc2cc1C(CCc1ccc(-c2ccccc2)cc1)c1ccccc1,-4.445000171661377,-5.519887979164716,-7.034812030892816,-4.0049639274366164,scaffold,2030,rf_rdkit,random_forest,rdkit,none,77abfcdbb281d08df2e9fb09cf84b2a648ea9008
esol,f395281a134eed26,O=c1oc2ccccc2c(O)c1C1CCCc2ccccc21,aqueous_solubility,log10(mol/L),validation,O=c1oc2ccccc2cc1C1CCCc2ccccc21,-2.8399999141693115,-4.1685959913730635,-5.683520043101163,-2.6536719396449637,scaffold,2030,rf_rdkit,random_forest,rdkit,none,77abfcdbb281d08df2e9fb09cf84b2a648ea9008
esol,e761650b94280ee4,OC(Cn1cncn1)(Cn1cncn1)c1ccc(F)cc1F,aqueous_solubility,log10(mol/L),test,c1ccc(C(Cn2cncn2)Cn2cncn2)cc1,-1.7999999523162842,-3.038443994641304,-4.553368046369403,-1.5235199429132043,scaffold,2030,rf_rdkit,random_forest,rdkit,none,77abfcdbb281d08df2e9fb09cf84b2a648ea9008
esol,1101da9b7991cc75,OC(Cn1cncn1)(c1ccc(F)cc1)c1ccccc1F,aqueous_solubility,log10(mol/L),validation,c1ccc(C(Cn2cncn2)c2ccccc2)cc1,-3.369999885559082,-3.510977991431951,-5.025902043160051,-1.9960539397038515,scaffold,2030,rf_rdkit,random_forest,rdkit,none,77abfcdbb281d08df2e9fb09cf84b2a648ea9008
esol,6711c4961ef774a1,OC(c1ccc(Cl)cc1)(c1ccc(Cl)cc1)C(Cl)(Cl)Cl,aqueous_solubility,log10(mol/L),calibration,c1ccc(Cc2ccccc2)cc1,-5.665999889373779,-6.114705984473227,-7.629630036201327,-4.5997819327451275,scaffold,2030,rf_rdkit,random_forest,rdkit,none,77abfcdbb281d08df2e9fb09cf84b2a648ea9008
esol,a2c2454d143b1950,OC(c1ccc(Cl)cc1)(c1cncnc1)c1ccccc1Cl,aqueous_solubility,log10(mol/L),calibration,c1ccc(C(c2ccccc2)c2cncnc2)cc1,-4.380000114440918,-4.510766009896998,-6.025690061625098,-2.9958419581688984,scaffold,2030,rf_rdkit,random_forest,rdkit,none,77abfcdbb281d08df2e9fb09cf84b2a648ea9008
esol,b3f3b509e457b989,OC(c1ccccc1)C(O)c1ccccc1,aqueous_solubility,log10(mol/L),calibration,c1ccc(CCc2ccccc2)cc1,-1.9299999475479126,-3.546591982498766,-5.061516034226866,-2.0316679307706664,scaffold,2030,rf_rdkit,random_forest,rdkit,none,77abfcdbb281d08df2e9fb09cf84b2a648ea9008
esol,815eaa2e8194a1de,OC(c1ccccc1)c1ccccc1,aqueous_solubility,log10(mol/L),calibration,c1ccc(Cc2ccccc2)cc1,-2.549999952316284,-3.642911997199061,-5.157836048927161,-2.127987945470961,scaffold,2030,rf_rdkit,random_forest,rdkit,none,77abfcdbb281d08df2e9fb09cf84b2a648ea9008
esol,ccd31a926e2435b6,OC1C(O)C(O)C(O)C(O)C1O,aqueous_solubility,log10(mol/L),test,C1CCCCC1,0.3499999940395355,-0.7745559997782081,-2.289480051506308,0.7403680519498916,scaffold,2030,rf_rdkit,random_forest,rdkit,none,77abfcdbb281d08df2e9fb09cf84b2a648ea9008
esol,1dee6b11c4cd6fe7,OC1C=CC2C1C1(Cl)C(Cl)=C(Cl)C2(Cl)C1(Cl)Cl,aqueous_solubility,log10(mol/L),test,C1=CC2C3C=CC(C3)C2C1,-5.460000038146973,-4.899445993810891,-6.414370045538991,-3.3845219420827917,scaffold,2030,rf_rdkit,random_forest,rdkit,none,77abfcdbb281d08df2e9fb09cf84b2a648ea9008
esol,d2b075aa3c9f907a,OC1CCCCC1,aqueous_solubility,log10(mol/L),test,C1CCCCC1,-0.4399999976158142,-0.8900780015774103,-2.40500205330551,0.6248460501506894,scaffold,2030,rf_rdkit,random_forest,rdkit,none,77abfcdbb281d08df2e9fb09cf84b2a648ea9008
esol,a260f3bd66239d10,OC1CCCCCC1,aqueous_solubility,log10(mol/L),calibration,C1CCCCCC1,-0.8799999952316284,-1.4452820028625455,-2.9602060545906452,0.06964204886555425,scaffold,2030,rf_rdkit,random_forest,rdkit,none,77abfcdbb281d08df2e9fb09cf84b2a648ea9008
esol,cd07d7b7d929883b,OC1CCCCCCC1,aqueous_solubility,log10(mol/L),calibration,C1CCCCCCC1,-1.2899999618530273,-2.0614880101494504,-3.57641206187755,-0.5465639584213506,scaffold,2030,rf_rdkit,random_forest,rdkit,none,77abfcdbb281d08df2e9fb09cf84b2a648ea9008
esol,ee355a6432d1756f,OC1COC(O)C(O)C1O,aqueous_solubility,log10(mol/L),train,C1CCOCC1,0.38999998569488525,0.09403199144453245,-1.4208920602835673,1.6089560431726322,scaffold,2030,rf_rdkit,random_forest,rdkit,none,77abfcdbb281d08df2e9fb09cf84b2a648ea9008
esol,ad18eddfa134971c,OCC(O)C(O)C(O)C(O)CO,aqueous_solubility,log10(mol/L),train,,0.5750000160187483,-0.05442199216783994,-1.5693460438959397,1.4605020595602598,scaffold,2030,rf_rdkit,random_forest,rdkit,none,77abfcdbb281d08df2e9fb09cf84b2a648ea9008
esol,5aedb2f44a5cfe15,OCC(O)C(O)CO,aqueous_solubility,log10(mol/L),train,,0.699999988079071,0.40166999358311717,-1.1132540581449826,1.916594045311217,scaffold,2030,rf_rdkit,random_forest,rdkit,none,77abfcdbb281d08df2e9fb09cf84b2a648ea9008
esol,5a22885eb34ba977,OCC(O)C1OC2OC(C(Cl)(Cl)Cl)OC2C1O,aqueous_solubility,log10(mol/L),validation,C1CC2OCOC2O1,-1.840000033378601,-2.1074679959639893,-3.622392047692089,-0.5925439442358895,scaffold,2030,rf_rdkit,random_forest,rdkit,none,77abfcdbb281d08df2e9fb09cf84b2a648ea9008
esol,ecae793a151a86c7,OCC(O)CO,aqueous_solubility,log10(mol/L),train,,1.1200000047683716,0.7231400030851161,-0.7917840486429837,2.238064054813216,scaffold,2030,rf_rdkit,random_forest,rdkit,none,77abfcdbb281d08df2e9fb09cf84b2a648ea9008
esol,23e4b685b19bde7d,OCC1OC(O)(CO)C(O)C1O,aqueous_solubility,log10(mol/L),validation,C1CCOC1,0.6399999856948853,-0.15699199556186327,-1.671916047289963,1.3579320561662365,scaffold,2030,rf_rdkit,random_forest,rdkit,none,77abfcdbb281d08df2e9fb09cf84b2a648ea9008
esol,8d06c6c063ad1f13,OCC1OC(O)C(O)C(O)C1O,aqueous_solubility,log10(mol/L),train,C1CCOCC1,0.7400000095367432,0.2612480042204388,-1.253676047507661,1.7761720559485386,scaffold,2030,rf_rdkit,random_forest,rdkit,none,77abfcdbb281d08df2e9fb09cf84b2a648ea9008
esol,20a6ee58628f6410,OCC1OC(OC2(CO)OC(CO)C(O)C2O)C(O)C(O)C1O,aqueous_solubility,log10(mol/L),train,C1CCC(OC2CCCO2)OC1,0.7900000214576721,-0.13227398287130754,-1.6471980345994073,1.3826500688567922,scaffold,2030,rf_rdkit,random_forest,rdkit,none,77abfcdbb281d08df2e9fb09cf84b2a648ea9008
esol,74372de6e813da3c,OCC1OC(OC2C(CO)OC(O)C(O)C2O)C(O)C(O)C1O,aqueous_solubility,log10(mol/L),calibration,C1CCC(OC2CCCOC2)OC1,-0.24400000274181366,-1.0283899814262938,-2.5433140331543935,0.48653407030180595,scaffold,2030,rf_rdkit,random_forest,rdkit,none,77abfcdbb281d08df2e9fb09cf84b2a648ea9008
esol,3bb6576d1676177b,OCC1OC(OCC2OC(OC3(CO)OC(CO)C(O)C3O)C(O)C(O)C2O)C(O)C(O)C1O,aqueous_solubility,log10(mol/L),test,C1CCC(OCC2CCCC(OC3CCCO3)O2)OC1,-0.4099999964237213,-1.708051980894057,-3.2229760326221566,-0.19312792916595733,scaffold,2030,rf_rdkit,random_forest,rdkit,none,77abfcdbb281d08df2e9fb09cf84b2a648ea9008
esol,cafb5394ad49e2da,OCC1OC(n2cnc3c(O)ncnc32)C(O)C1O,aqueous_solubility,log10(mol/L),validation,c1ncc2ncn(C3CCCO3)c2n1,-1.2300000190734863,-2.14600399378687,-3.6609280455149698,-0.6310799420587703,scaffold,2030,rf_rdkit,random_forest,rdkit,none,77abfcdbb281d08df2e9fb09cf84b2a648ea9008
esol,347360ba4eef9a17,OCCOc1ccccc1,aqueous_solubility,log10(mol/L),train,c1ccccc1,-0.699999988079071,-0.990929993152629,-2.5058540448807287,0.5239940585754708,scaffold,2030,rf_rdkit,random_forest,rdkit,none,77abfcdbb281d08df2e9fb09cf84b2a648ea9008
esol,8a2610c4845c31dd,OCc1ccccc1,aqueous_solubility,log10(mol/L),train,c1ccccc1,-0.4000000059604645,-0.620422005608674,-2.1353460573367737,0.8945020461194257,scaffold,2030,rf_rdkit,random_forest,rdkit,none,77abfcdbb281d08df2e9fb09cf84b2a648ea9008
esol,21fced0c0e248caf,OCc1ccccc1OC1OC(CO)C(O)C(O)C1O,aqueous_solubility,log10(mol/L),train,c1ccc(OC2CCCCO2)cc1,-0.8500000238418579,-1.4031580137461483,-2.9180820654742483,0.1117660379819514,scaffold,2030,rf_rdkit,random_forest,rdkit,none,77abfcdbb281d08df2e9fb09cf84b2a648ea9008
esol,3beaac315c00705a,Oc1c(Cl)c(Cl)c(Cl)c(Cl)c1Cl,aqueous_solubility,log10(mol/L),train,c1ccccc1,-4.28000020980835,-4.456472146093852,-5.971396197821952,-2.9415480943657526,scaffold,2030,rf_rdkit,random_forest,rdkit,none,77abfcdbb281d08df2e9fb09cf84b2a648ea9008
esol,ace4936ebfc84643,Oc1c(Cl)c(Cl)cc(Cl)c1Cl,aqueous_solubility,log10(mol/L),train,c1ccccc1,-3.369999885559082,-3.329973923921584,-4.844897975649683,-1.8150498721934842,scaffold,2030,rf_rdkit,random_forest,rdkit,none,77abfcdbb281d08df2e9fb09cf84b2a648ea9008
esol,68fb3cd38ab259db,Oc1c(Cl)cc(Cl)c(Cl)c1Cl,aqueous_solubility,log10(mol/L),train,c1ccccc1,-3.0999999046325684,-3.2025959324836744,-4.7175199842117745,-1.6876718807555746,scaffold,2030,rf_rdkit,random_forest,rdkit,none,77abfcdbb281d08df2e9fb09cf84b2a648ea9008
esol,ff5529c308a61bd5,Oc1c(Cl)cc(Cl)cc1Cl,aqueous_solubility,log10(mol/L),train,c1ccccc1,-2.3399999141693115,-2.433715964555742,-3.9486400162838415,-0.918791912827642,scaffold,2030,rf_rdkit,random_forest,rdkit,none,77abfcdbb281d08df2e9fb09cf84b2a648ea9008
esol,47fd413d31b8b8eb,Oc1c(Cl)ccc(Cl)c1Cl,aqueous_solubility,log10(mol/L),train,c1ccccc1,-2.640000104904175,-2.6325560741424567,-4.1474801258705565,-1.117632022414357,scaffold,2030,rf_rdkit,random_forest,rdkit,none,77abfcdbb281d08df2e9fb09cf84b2a648ea9008
esol,f2b15729f987cf3b,Oc1c(Cl)cccc1Cl,aqueous_solubility,log10(mol/L),train,c1ccccc1,-1.7899999618530273,-1.737969969570634,-3.252894021298734,-0.22304591784253436,scaffold,2030,rf_rdkit,random_forest,rdkit,none,77abfcdbb281d08df2e9fb09cf84b2a648ea9008
esol,42fadcd62d5dfa18,Oc1c2ccccc2cc2ccccc12,aqueous_solubility,log10(mol/L),train,c1ccc2cc3ccccc3cc2c1,-4.730000019073486,-4.568136014461519,-6.083060066189619,-3.0532119627334193,scaffold,2030,rf_rdkit,random_forest,rdkit,none,77abfcdbb281d08df2e9fb09cf84b2a648ea9008
esol,f69f5a78d0052c90,Oc1cc(Cl)c(Cl)c(Cl)c1Cl,aqueous_solubility,log10(mol/L),train,c1ccccc1,-3.1500000953674316,-3.2295940387248994,-4.744518090452999,-1.7146699869967996,scaffold,2030,rf_rdkit,random_forest,rdkit,none,77abfcdbb281d08df2e9fb09cf84b2a648ea9008
esol,5201b0d96bea2487,Oc1cc(Cl)c(Cl)cc1Cl,aqueous_solubility,log10(mol/L),train,c1ccccc1,-2.2100000381469727,-2.36421203839779,-3.87913609012589,-0.8492879866696903,scaffold,2030,rf_rdkit,random_forest,rdkit,none,77abfcdbb281d08df2e9fb09cf84b2a648ea9008
esol,83266a15b21d9a5e,Oc1cc(Cl)cc(Cl)c1,aqueous_solubility,log10(mol/L),train,c1ccccc1,-1.340000033378601,-1.4487720162644975,-2.963696067992597,0.06615203546360227,scaffold,2030,rf_rdkit,random_forest,rdkit,none,77abfcdbb281d08df2e9fb09cf84b2a648ea9008
esol,aefc79dc4755abd1,Oc1cc(Cl)cc(Cl)c1Cl,aqueous_solubility,log10(mol/L),train,c1ccccc1,-2.6700000762939453,-2.5825200501680374,-4.097444101896137,-1.0675959984399377,scaffold,2030,rf_rdkit,random_forest,rdkit,none,77abfcdbb281d08df2e9fb09cf84b2a648ea9008
esol,1d86e9c441b31155,Oc1cc(Cl)ccc1Oc1ccc(Cl)cc1Cl,aqueous_solubility,log10(mol/L),validation,c1ccc(Oc2ccccc2)cc1,-4.460000038146973,-4.611143996238709,-6.126068047966808,-3.096219944510609,scaffold,2030,rf_rdkit,random_forest,rdkit,none,77abfcdbb281d08df2e9fb09cf84b2a648ea9008
esol,1d621a1129d76fde,Oc1ccc(-c2ccccc2)cc1,aqueous_solubility,log10(mol/L),train,c1ccc(-c2ccccc2)cc1,-3.4800000190734863,-3.4772700128555334,-4.992194064583633,-1.9623459611274336,scaffold,2030,rf_rdkit,random_forest,rdkit,none,77abfcdbb281d08df2e9fb09cf84b2a648ea9008
esol,6ccb98da78f7e118,Oc1ccc(Br)cc1,aqueous_solubility,log10(mol/L),train,c1ccccc1,-1.090000033378601,-1.2356800173521105,-2.75060406908021,0.2792440343759892,scaffold,2030,rf_rdkit,random_forest,rdkit,none,77abfcdbb281d08df2e9fb09cf84b2a648ea9008
esol,1645a8e7ef24eacf,Oc1ccc(Cl)c(Cl)c1,aqueous_solubility,log10(mol/L),train,c1ccccc1,-1.25,-1.3940999945402102,-2.9090240462683097,0.12082405718788958,scaffold,2030,rf_rdkit,random_forest,rdkit,none,77abfcdbb281d08df2e9fb09cf84b2a648ea9008
esol,12d83c9e4cfe8609,Oc1ccc(Cl)c(Cl)c1Cl,aqueous_solubility,log10(mol/L),train,c1ccccc1,-2.6700000762939453,-2.6419960650205616,-4.156920116748662,-1.1270720132924619,scaffold,2030,rf_rdkit,random_forest,rdkit,none,77abfcdbb281d08df2e9fb09cf84b2a648ea9008
esol,d0f354a94dd9e30c,Oc1ccc(Cl)cc1,aqueous_solubility,log10(mol/L),train,c1ccccc1,-0.699999988079071,-0.8599159897267952,-2.374840041454895,0.6550080620013046,scaffold,2030,rf_rdkit,random_forest,rdkit,none,77abfcdbb281d08df2e9fb09cf84b2a648ea9008
esol,574d72e0485c2a4c,Oc1ccc(Cl)cc1Cc1cc(Cl)ccc1O,aqueous_solubility,log10(mol/L),calibration,c1ccc(Cc2ccccc2)cc1,-3.953000068664551,-4.332069993674758,-5.846994045402858,-2.8171459419466585,scaffold,2030,rf_rdkit,random_forest,rdkit,none,77abfcdbb281d08df2e9fb09cf84b2a648ea9008
esol,3146d92924b6ceda,Oc1ccc(Cl)cc1Cl,aqueous_solubility,log10(mol/L),train,c1ccccc1,-1.5499999523162842,-1.5171539701223384,-3.032078021850438,-0.0022299183942386946,scaffold,2030,rf_rdkit,random_forest,rdkit,none,77abfcdbb281d08df2e9fb09cf84b2a648ea9008
esol,9b903cfe28e8dec2,Oc1ccc(O)cc1,aqueous_solubility,log10(mol/L),train,c1ccccc1,-0.17000000178813934,-0.16017000062391906,-1.6750940523520188,1.3547540511041807,scaffold,2030,rf_rdkit,random_forest,rdkit,none,77abfcdbb281d08df2e9fb09cf84b2a648ea9008
esol,49fae57f275a6265,Oc1ccc2c(c1)CCCC2,aqueous_solubility,log10(mol/L),validation,c1ccc2c(c1)CCCC2,-1.9900000095367432,-2.3116859937310212,-3.826610045459121,-0.7967619420029215,scaffold,2030,rf_rdkit,random_forest,rdkit,none,77abfcdbb281d08df2e9fb09cf84b2a648ea9008
esol,7daf411051bf1f30,Oc1ccc2ccccc2c1,aqueous_solubility,log10(mol/L),train,c1ccc2ccccc2c1,-2.2799999713897705,-2.3183719878792735,-3.833296039607373,-0.8034479361511737,scaffold,2030,rf_rdkit,random_forest,rdkit,none,77abfcdbb281d08df2e9fb09cf84b2a648ea9008
esol,068adc1c3a01e09a,Oc1ccc2ncccc2c1,aqueous_solubility,log10(mol/L),test,c1ccc2ncccc2c1,-2.1600000858306885,-2.0690819929838202,-3.58400604471192,-0.5541579412557205,scaffold,2030,rf_rdkit,random_forest,rdkit,none,77abfcdbb281d08df2e9fb09cf84b2a648ea9008
esol,e25e7ed45d0af63a,Oc1cccc(Cl)c1,aqueous_solubility,log10(mol/L),train,c1ccccc1,-0.699999988079071,-0.8582399894222765,-2.3731640411503765,0.6566840623058232,scaffold,2030,rf_rdkit,random_forest,rdkit,none,77abfcdbb281d08df2e9fb09cf84b2a648ea9008
esol,37986dfa66563881,Oc1cccc(Cl)c1Cl,aqueous_solubility,log10(mol/L),train,c1ccccc1,-1.2999999523162842,-1.4837339631319122,-2.9986580148600117,0.03119008859618755,scaffold,2030,rf_rdkit,random_forest,rdkit,none,77abfcdbb281d08df2e9fb09cf84b2a648ea9008
esol,084f0a95be5b9a25,Oc1cccc(O)c1,aqueous_solubility,log10(mol/L),train,c1ccccc1,0.8100000023841858,0.3667080004215273,-1.1482160513065724,1.881632052149627,scaffold,2030,rf_rdkit,random_forest,rdkit,none,77abfcdbb281d08df2e9fb09cf84b2a648ea9008
esol,34e720a34db81320,Oc1cccc2ccccc12,aqueous_solubility,log10(mol/L),train,c1ccc2ccccc2c1,-2.2200000286102295,-2.290734012365341,-3.8056580640934405,-0.7758099606372411,scaffold,2030,rf_rdkit,random_forest,rdkit,none,77abfcdbb281d08df2e9fb09cf84b2a648ea9008
esol,3ded71ac51eeff27,Oc1cccc2cccnc12,aqueous_solubility,log10(mol/L),test,c1ccc2ncccc2c1,-2.4200000762939453,-2.109393997907641,-3.6243180496357406,-0.5944699461795411,scaffold,2030,rf_rdkit,random_forest,rdkit,none,77abfcdbb281d08df2e9fb09cf84b2a648ea9008
esol,409af28e16979e80,Oc1cccc2ncccc12,aqueous_solubility,log10(mol/L),test,c1ccc2ncccc2c1,-2.5399999618530273,-2.1285299961268915,-3.6434540478549913,-0.6136059443987918,scaffold,2030,rf_rdkit,random_forest,rdkit,none,77abfcdbb281d08df2e9fb09cf84b2a648ea9008
esol,2e890eb023abb6b6,Oc1ccccc1,aqueous_solubility,log10(mol/L),train,c1ccccc1,0.0,-0.2122800012379864,-1.7272040529660861,1.3026440504901133,scaffold,2030,rf_rdkit,random_forest,rdkit,none,77abfcdbb281d08df2e9fb09cf84b2a648ea9008
esol,9c5ba45c0976f989,Oc1ccccc1Cl,aqueous_solubility,log10(mol/L),train,c1ccccc1,-1.059999942779541,-1.0674359643049676,-2.5823600160330673,0.4474880874231322,scaffold,2030,rf_rdkit,random_forest,rdkit,none,77abfcdbb281d08df2e9fb09cf84b2a648ea9008
esol,f8f88ccdc1aea39d,Oc1ccccc1O,aqueous_solubility,log10(mol/L),train,c1ccccc1,0.6200000047683716,0.3317560021877477,-1.183168049540352,1.8466800539158474,scaffold,2030,rf_rdkit,random_forest,rdkit,none,77abfcdbb281d08df2e9fb09cf84b2a648ea9008
esol,d40cc33ca3b960af,Oc1ccccn1,aqueous_solubility,log10(mol/L),validation,c1ccncc1,1.0199999809265137,-0.3496679977327557,-1.8645920494608554,1.165256053995344,scaffold,2030,rf_rdkit,random_forest,rdkit,none,77abfcdbb281d08df2e9fb09cf84b2a648ea9008
esol,132a9e790a3605bd,Oc1ccncc1,aqueous_solubility,log10(mol/L),validation,c1ccncc1,1.0199999809265137,-0.35616999867185495,-1.8710940503999547,1.1587540530562448,scaffold,2030,rf_rdkit,random_forest,rdkit,none,77abfcdbb281d08df2e9fb09cf84b2a648ea9008
esol,a09b72bf3065ba5b,Oc1ncc2nccnc2n1,aqueous_solubility,log10(mol/L),calibration,c1cnc2ncncc2n1,-1.9470000267028809,-2.1338079954534783,-3.648732047181578,-0.6188839437253786,scaffold,2030,rf_rdkit,random_forest,rdkit,none,77abfcdbb281d08df2e9fb09cf84b2a648ea9008
esol,eb1ba46c82d06028,Sc1ccccc1,aqueous_solubility,log10(mol/L),train,c1ccccc1,-2.119999885559082,-2.0427379359901012,-3.557661987718201,-0.5278138842620015,scaffold,2030,rf_rdkit,random_forest,rdkit,none,77abfcdbb281d08df2e9fb09cf84b2a648ea9008
esol,53eadfaa30a28b1e,Sc1nc2ccccc2s1,aqueous_solubility,log10(mol/L),test,c1ccc2scnc2c1,-3.180000066757202,-2.7654019984155895,-4.280326050143689,-1.2504779466874898,scaffold,2030,rf_rdkit,random_forest,rdkit,none,77abfcdbb281d08df2e9fb09cf84b2a648ea9008
esol,797be817db1564f7,c1cc2c3c(c4ccc5ccccc5c4cc3c1)CC2,aqueous_solubility,log10(mol/L),validation,c1cc2c3c(c4ccc5ccccc5c4cc3c1)CC2,-7.849999904632568,-6.862531882762913,-8.377455934491014,-5.347607831034813,scaffold,2030,rf_rdkit,random_forest,rdkit,none,77abfcdbb281d08df2e9fb09cf84b2a648ea9008
esol,acff556887e1b591,c1cc2c3c(cccc3c1)CC2,aqueous_solubility,log10(mol/L),test,c1cc2c3c(cccc3c1)CC2,-4.630000114440918,-4.4361179599761975,-5.951042011704297,-2.9211939082480978,scaffold,2030,rf_rdkit,random_forest,rdkit,none,77abfcdbb281d08df2e9fb09cf84b2a648ea9008
esol,075c09059a47afaf,c1cc2ccc3ccc4ccc5ccc6ccc1c1c2c3c4c5c61,aqueous_solubility,log10(mol/L),validation,c1cc2ccc3ccc4ccc5ccc6ccc1c1c2c3c4c5c61,-9.331999778747559,-7.964729866027831,-9.47965391775593,-6.449805814299731,scaffold,2030,rf_rdkit,random_forest,rdkit,none,77abfcdbb281d08df2e9fb09cf84b2a648ea9008
esol,ee187c15393c12d9,c1cc2ccc3ccc4ccc5cccc6c(c1)c2c3c4c56,aqueous_solubility,log10(mol/L),validation,c1cc2ccc3ccc4ccc5cccc6c(c1)c2c3c4c56,-9.017999649047852,-7.810043859481814,-9.324967911209914,-6.295119807753714,scaffold,2030,rf_rdkit,random_forest,rdkit,none,77abfcdbb281d08df2e9fb09cf84b2a648ea9008
esol,23bf38caf7a251b5,c1cc2ccc3cccc4ccc(c1)c2c34,aqueous_solubility,log10(mol/L),test,c1cc2ccc3cccc4ccc(c1)c2c34,-6.176000118255615,-6.448089978933332,-7.963014030661432,-4.933165927205232,scaffold,2030,rf_rdkit,random_forest,rdkit,none,77abfcdbb281d08df2e9fb09cf84b2a648ea9008
esol,2ae996bfabe8a242,c1cc2cccc3c4cccc5cccc(c(c1)c23)c54,aqueous_solubility,log10(mol/L),calibration,c1cc2cccc3c4cccc5cccc(c(c1)c23)c54,-8.803999900817871,-7.762607847213746,-9.277531898941845,-6.247683795485647,scaffold,2030,rf_rdkit,random_forest,rdkit,none,77abfcdbb281d08df2e9fb09cf84b2a648ea9008
esol,28cdc5dc458e073d,c1ccc(-c2ccc(-c3ccccc3)cc2)cc1,aqueous_solubility,log10(mol/L),test,c1ccc(-c2ccc(-c3ccccc3)cc2)cc1,-7.110000133514404,-6.626555950164793,-8.141480001892893,-5.111631898436693,scaffold,2030,rf_rdkit,random_forest,rdkit,none,77abfcdbb281d08df2e9fb09cf84b2a648ea9008
esol,03857fb18d8cb81d,c1ccc(-c2ccccc2)cc1,aqueous_solubility,log10(mol/L),train,c1ccc(-c2ccccc2)cc1,-4.34499979019165,-4.434391853809348,-5.949315905537448,-2.9194678020812486,scaffold,2030,rf_rdkit,random_forest,rdkit,none,77abfcdbb281d08df2e9fb09cf84b2a648ea9008
esol,10d1aaeb741ae67d,c1ccc(C2CO2)cc1,aqueous_solubility,log10(mol/L),validation,c1ccc(C2CO2)cc1,-1.600000023841858,-2.016573999587446,-3.5314980513155456,-0.5016499478593461,scaffold,2030,rf_rdkit,random_forest,rdkit,none,77abfcdbb281d08df2e9fb09cf84b2a648ea9008
esol,545e9105a6579e7d,c1ccc(CCc2ccccc2)cc1,aqueous_solubility,log10(mol/L),calibration,c1ccc(CCc2ccccc2)cc1,-4.619999885559082,-5.036469961285594,-6.551394013013693,-3.521545909557494,scaffold,2030,rf_rdkit,random_forest,rdkit,none,77abfcdbb281d08df2e9fb09cf84b2a648ea9008
esol,9bbe47f36a3bdefa,c1ccc(Cc2ccccc2)cc1,aqueous_solubility,log10(mol/L),calibration,c1ccc(Cc2ccccc2)cc1,-4.079999923706055,-4.645953948378563,-6.1608780001066625,-3.131029896650463,scaffold,2030,rf_rdkit,random_forest,rdkit,none,77abfcdbb281d08df2e9fb09cf84b2a648ea9008
esol,f09f4fd0db478819,c1ccc(N=Nc2ccccc2)cc1,aqueous_solubility,log10(mol/L),test,c1ccc(N=Nc2ccccc2)cc1,-4.449999809265137,-3.814054016377776,-5.328978068105876,-2.2991299646496763,scaffold,2030,rf_rdkit,random_forest,rdkit,none,77abfcdbb281d08df2e9fb09cf84b2a648ea9008
esol,d0cc06f38fc23dc0,c1ccc(NNc2ccccc2)cc1,aqueous_solubility,log10(mol/L),train,c1ccc(NNc2ccccc2)cc1,-2.9200000762939453,-3.2148640515804274,-4.729788103308527,-1.6999399998523277,scaffold,2030,rf_rdkit,random_forest,rdkit,none,77abfcdbb281d08df2e9fb09cf84b2a648ea9008
esol,e208b87a10a8a69f,c1ccc(Nc2ccccc2)cc1,aqueous_solubility,log10(mol/L),validation,c1ccc(Nc2ccccc2)cc1,-3.503999948501587,-3.640882016301155,-5.155806068029255,-2.1259579645730553,scaffold,2030,rf_rdkit,random_forest,rdkit,none,77abfcdbb281d08df2e9fb09cf84b2a648ea9008
esol,be134013772d5968,c1ccc(Oc2ccccc2)cc1,aqueous_solubility,log10(mol/L),validation,c1ccc(Oc2ccccc2)cc1,-3.9600000381469727,-3.5705020061731334,-5.085426057901233,-2.0555779544450337,scaffold,2030,rf_rdkit,random_forest,rdkit,none,77abfcdbb281d08df2e9fb09cf84b2a648ea9008
esol,043c2e23f851d45f,c1ccc2[nH]ccc2c1,aqueous_solubility,log10(mol/L),calibration,c1ccc2[nH]ccc2c1,-1.5199999809265137,-2.3489799917154004,-3.8639040434435,-0.8340559399873007,scaffold,2030,rf_rdkit,random_forest,rdkit,none,77abfcdbb281d08df2e9fb09cf84b2a648ea9008
esol,f272883f418f13bd,c1ccc2[nH]ncc2c1,aqueous_solubility,log10(mol/L),validation,c1ccc2[nH]ncc2c1,-2.1600000858306885,-1.997217993360013,-3.5121420450881127,-0.4822939416319132,scaffold,2030,rf_rdkit,random_forest,rdkit,none,77abfcdbb281d08df2e9fb09cf84b2a648ea9008
esol,cef035936674febe,c1ccc2[nH]nnc2c1,aqueous_solubility,log10(mol/L),test,c1ccc2[nH]nnc2c1,-0.7799999713897705,-1.8880399948023274,-3.4029640465304274,-0.3731159430742277,scaffold,2030,rf_rdkit,random_forest,rdkit,none,77abfcdbb281d08df2e9fb09cf84b2a648ea9008
esol,858996c131e6717c,c1ccc2c(c1)-c1cccc3c1c-2cc1ccccc13,aqueous_solubility,log10(mol/L),train,c1ccc2c(c1)-c1cccc3c1c-2cc1ccccc13,-8.229999542236328,-8.005673659801474,-9.520597711529573,-6.490749608073374,scaffold,2030,rf_rdkit,random_forest,rdkit,none,77abfcdbb281d08df2e9fb09cf84b2a648ea9008
esol,ba95d41fcaa26d7b,c1ccc2c(c1)-c1cccc3cccc-2c13,aqueous_solubility,log10(mol/L),train,c1ccc2c(c1)-c1cccc3cccc-2c13,-6.0,-6.170945976734174,-7.685870028462274,-4.656021925006074,scaffold,2030,rf_rdkit,random_forest,rdkit,none,77abfcdbb281d08df2e9fb09cf84b2a648ea9008
esol,f9f080dc7bc9c455,c1ccc2c(c1)CCC2,aqueous_solubility,log10(mol/L),calibration,c1ccc2c(c1)CCC2,-3.0399999618530273,-3.3205499883890153,-4.835474040117115,-1.8056259366609155,scaffold,2030,rf_rdkit,random_forest,rdkit,none,77abfcdbb281d08df2e9fb09cf84b2a648ea9008
esol,3426417016495efe,c1ccc2c(c1)CCCC2,aqueous_solubility,log10(mol/L),validation,c1ccc2c(c1)CCCC2,-4.369999885559082,-3.655661999464034,-5.170586051192133,-2.1407379477359343,scaffold,2030,rf_rdkit,random_forest,rdkit,none,77abfcdbb281d08df2e9fb09cf84b2a648ea9008
esol,ca7ddb86099a1f31,c1ccc2c(c1)CCN2,aqueous_solubility,log10(mol/L),test,c1ccc2c(c1)CCN2,-1.0399999618530273,-2.132883995782584,-3.6478080475106838,-0.6179599440544843,scaffold,2030,rf_rdkit,random_forest,rdkit,none,77abfcdbb281d08df2e9fb09cf84b2a648ea9008
esol,9eec1c422eb0736e,c1ccc2c(c1)Cc1c-2ccc2ccccc12,aqueous_solubility,log10(mol/L),calibration,c1ccc2c(c1)Cc1c-2ccc2ccccc12,-6.679999828338623,-6.119815955162052,-7.634740006890151,-4.604891903433952,scaffold,2030,rf_rdkit,random_forest,rdkit,none,77abfcdbb281d08df2e9fb09cf84b2a648ea9008
esol,e917e96074d0112a,c1ccc2c(c1)Cc1cc3ccccc3cc1-2,aqueous_solubility,log10(mol/L),calibration,c1ccc2c(c1)Cc1cc3ccccc3cc1-2,-8.039999961853027,-6.207451965808868,-7.722376017536968,-4.6925279140807685,scaffold,2030,rf_rdkit,random_forest,rdkit,none,77abfcdbb281d08df2e9fb09cf84b2a648ea9008
esol,2bcb3025945f885d,c1ccc2c(c1)Cc1ccccc1-2,aqueous_solubility,log10(mol/L),train,c1ccc2c(c1)Cc1ccccc1-2,-5.0,-4.988969987869279,-6.5038940395973786,-3.474045936141179,scaffold,2030,rf_rdkit,random_forest,rdkit,none,77abfcdbb281d08df2e9fb09cf84b2a648ea9008
esol,32aefa1fca7e764e,c1ccc2c(c1)[nH]c1ccccc12,aqueous_solubility,log10(mol/L),train,c1ccc2c(c1)[nH]c1ccccc12,-5.269999980926514,-4.833431989550583,-6.348356041278683,-3.318507937822483,scaffold,2030,rf_rdkit,random_forest,rdkit,none,77abfcdbb281d08df2e9fb09cf84b2a648ea9008
esol,7f4d532e99809c67,c1ccc2c(c1)c1cccc3ccc4cccc2c4c31,aqueous_solubility,log10(mol/L),validation,c1ccc2c(c1)c1cccc3ccc4cccc2c4c31,-7.800000190734863,-7.748641836166383,-9.263565887894483,-6.233717784438284,scaffold,2030,rf_rdkit,random_forest,rdkit,none,77abfcdbb281d08df2e9fb09cf84b2a648ea9008
esol,8b5d8475b535b0bc,c1ccc2c(c1)c1ccccc1c1ccccc21,aqueous_solubility,log10(mol/L),validation,c1ccc2c(c1)c1ccccc1c1ccccc21,-6.72599983215332,-7.155297938585282,-8.670221990313383,-5.640373886857183,scaffold,2030,rf_rdkit,random_forest,rdkit,none,77abfcdbb281d08df2e9fb09cf84b2a648ea9008
esol,0a42b5468f3cec71,c1ccc2c(c1)cc1ccc3cccc4ccc2c1c34,aqueous_solubility,log10(mol/L),validation,c1ccc2c(c1)cc1ccc3cccc4ccc2c1c34,-8.699000358581543,-7.792949820995337,-9.307873872723437,-6.278025769267237,scaffold,2030,rf_rdkit,random_forest,rdkit,none,77abfcdbb281d08df2e9fb09cf84b2a648ea9008
esol,abc2212d577a0a52,c1ccc2c(c1)ccc1c2ccc2c3ccccc3ccc21,aqueous_solubility,log10(mol/L),train,c1ccc2c(c1)ccc1c2ccc2c3ccccc3ccc21,-7.869999885559082,-7.806271862506872,-9.321195914234972,-6.291347810778772,scaffold,2030,rf_rdkit,random_forest,rdkit,none,77abfcdbb281d08df2e9fb09cf84b2a648ea9008
esol,0b54a7f3ed5c794f,c1ccc2c(c1)ccc1c3ccccc3ccc21,aqueous_solubility,log10(mol/L),validation,c1ccc2c(c1)ccc1c3ccccc3ccc21,-8.057000160217285,-7.0906399166584055,-8.605563968386505,-5.575715864930306,scaffold,2030,rf_rdkit,random_forest,rdkit,none,77abfcdbb281d08df2e9fb09cf84b2a648ea9008
esol,7fa04ee43db30bc0,c1ccc2c(c1)ccc1ccccc12,aqueous_solubility,log10(mol/L),calibration,c1ccc2c(c1)ccc1ccccc12,-5.260000228881836,-5.882237951993938,-7.397162003722038,-4.367313900265838,scaffold,2030,rf_rdkit,random_forest,rdkit,none,77abfcdbb281d08df2e9fb09cf84b2a648ea9008
esol,51da36469766fc21,c1ccc2c(c1)cnc1ccccc12,aqueous_solubility,log10(mol/L),test,c1ccc2c(c1)cnc1ccccc12,-2.7799999713897705,-4.230660010576252,-5.745584062304352,-2.7157359588481524,scaffold,2030,rf_rdkit,random_forest,rdkit,none,77abfcdbb281d08df2e9fb09cf84b2a648ea9008
esol,afc851d31ce87445,c1ccc2c(c1)oc1ccccc12,aqueous_solubility,log10(mol/L),validation,c1ccc2c(c1)oc1ccccc12,-4.599999904632568,-4.175188016176224,-5.690112067904324,-2.6602639644481245,scaffold,2030,rf_rdkit,random_forest,rdkit,none,77abfcdbb281d08df2e9fb09cf84b2a648ea9008
esol,a270f9ffb22d606f,c1ccc2c(c1)sc1ccccc12,aqueous_solubility,log10(mol/L),train,c1ccc2c(c1)sc1ccccc12,-4.380000114440918,-4.5896460673809125,-6.104570119109012,-3.074722015652813,scaffold,2030,rf_rdkit,random_forest,rdkit,none,77abfcdbb281d08df2e9fb09cf84b2a648ea9008
esol,aaf3871c0ae0900f,c1ccc2c3c(ccc2c1)-c1cccc2cccc-3c12,aqueous_solubility,log10(mol/L),validation,c1ccc2c3c(ccc2c1)-c1cccc2cccc-3c12,-8.0,-7.931175704479214,-9.446099756207314,-6.416251652751114,scaffold,2030,rf_rdkit,random_forest,rdkit,none,77abfcdbb281d08df2e9fb09cf84b2a648ea9008
esol,23d82fe5f429d7a9,c1ccc2cc3c(cc2c1)-c1cccc2cccc-3c12,aqueous_solubility,log10(mol/L),train,c1ccc2cc3c(cc2c1)-c1cccc2cccc-3c12,-8.489999771118164,-8.054789760112788,-9.569713811840888,-6.5398657083846885,scaffold,2030,rf_rdkit,random_forest,rdkit,none,77abfcdbb281d08df2e9fb09cf84b2a648ea9008
esol,7d36e8549432d64d,c1ccc2cc3cc4ccccc4cc3cc2c1,aqueous_solubility,log10(mol/L),calibration,c1ccc2cc3cc4ccccc4cc3cc2c1,-8.600000381469727,-7.044147934198379,-8.55907198592648,-5.529223882470279,scaffold,2030,rf_rdkit,random_forest,rdkit,none,77abfcdbb281d08df2e9fb09cf84b2a648ea9008
esol,c4ee64098e4aa12f,c1ccc2cc3ccccc3cc2c1,aqueous_solubility,log10(mol/L),train,c1ccc2cc3ccccc3cc2c1,-6.349999904632568,-6.078349929094305,-7.593273980822405,-4.563425877366205,scaffold,2030,rf_rdkit,random_forest,rdkit,none,77abfcdbb281d08df2e9fb09cf84b2a648ea9008
esol,da702d9864f1c117,c1ccc2ccccc2c1,aqueous_solubility,log10(mol/L),train,c1ccc2ccccc2c1,-3.5999999046325684,-3.6645999310016606,-5.17952398272976,-2.149675879273561,scaffold,2030,rf_rdkit,random_forest,rdkit,none,77abfcdbb281d08df2e9fb09cf84b2a648ea9008
esol,9ca1add01351675c,c1ccc2cnccc2c1,aqueous_solubility,log10(mol/L),validation,c1ccc2cnccc2c1,-1.4500000476837158,-2.553048003759235,-4.067972055487335,-1.0381239520311354,scaffold,2030,rf_rdkit,random_forest,rdkit,none,77abfcdbb281d08df2e9fb09cf84b2a648ea9008
esol,efcaebe6e1d57dd8,c1ccc2nc(-c3ccc4ccccc4n3)ccc2c1,aqueous_solubility,log10(mol/L),validation,c1ccc2nc(-c3ccc4ccccc4n3)ccc2c1,-5.400000095367432,-5.284043970912696,-6.798968022640795,-3.769119919184596,scaffold,2030,rf_rdkit,random_forest,rdkit,none,77abfcdbb281d08df2e9fb09cf84b2a648ea9008
esol,85d224abca7da7f7,c1ccc2nc3ccccc3cc2c1,aqueous_solubility,log10(mol/L),train,c1ccc2nc3ccccc3cc2c1,-3.6700000762939453,-3.9614480444192974,-5.476372096147397,-2.4465239926911977,scaffold,2030,rf_rdkit,random_forest,rdkit,none,77abfcdbb281d08df2e9fb09cf84b2a648ea9008
esol,6605621e5bb09b5b,c1ccc2ncccc2c1,aqueous_solubility,log10(mol/L),test,c1ccc2ncccc2c1,-1.2999999523162842,-2.5103920035026968,-4.025316055230796,-0.995467951774597,scaffold,2030,rf_rdkit,random_forest,rdkit,none,77abfcdbb281d08df2e9fb09cf84b2a648ea9008
esol,974e231cb1343190,c1ccc2ocnc2c1,aqueous_solubility,log10(mol/L),calibration,c1ccc2ocnc2c1,-1.159999966621399,-1.921657997634263,-3.4365820493623627,-0.4067339459061632,scaffold,2030,rf_rdkit,random_forest,rdkit,none,77abfcdbb281d08df2e9fb09cf84b2a648ea9008
esol,5ef8ef9683725da1,c1ccc2scnc2c1,aqueous_solubility,log10(mol/L),test,c1ccc2scnc2c1,-1.5,-2.556789998039603,-4.071714049767703,-1.0418659463115034,scaffold,2030,rf_rdkit,random_forest,rdkit,none,77abfcdbb281d08df2e9fb09cf84b2a648ea9008
esol,e3e14b72b0c1eee5,c1ccccc1,aqueous_solubility,log10(mol/L),train,c1ccccc1,-1.6399999856948853,-1.8716499887853817,-3.3865740405134814,-0.35672593705728195,scaffold,2030,rf_rdkit,random_forest,rdkit,none,77abfcdbb281d08df2e9fb09cf84b2a648ea9008
esol,495345b0563a50a0,c1ccncc1,aqueous_solubility,log10(mol/L),validation,c1ccncc1,0.7599999904632568,-0.7733139990717155,-2.2882380507998152,0.7416100526563842,scaffold,2030,rf_rdkit,random_forest,rdkit,none,77abfcdbb281d08df2e9fb09cf84b2a648ea9008
esol,593bada07a65209c,c1ccnnc1,aqueous_solubility,log10(mol/L),calibration,c1ccnnc1,1.100000023841858,-0.6620980019718394,-2.177022053699939,0.8528260497562603,scaffold,2030,rf_rdkit,random_forest,rdkit,none,77abfcdbb281d08df2e9fb09cf84b2a648ea9008
esol,d626cfeba6db6df0,c1ccoc1,aqueous_solubility,log10(mol/L),validation,c1ccoc1,-0.8199999928474426,-0.615750003237276,-2.1306740549653758,0.8991740484908237,scaffold,2030,rf_rdkit,random_forest,rdkit,none,77abfcdbb281d08df2e9fb09cf84b2a648ea9008
esol,f1e6672b0806900d,c1ccsc1,aqueous_solubility,log10(mol/L),train,c1ccsc1,-1.3300000429153442,-1.4451140256635762,-2.960038077391676,0.06981002606452358,scaffold,2030,rf_rdkit,random_forest,rdkit,none,77abfcdbb281d08df2e9fb09cf84b2a648ea9008
esol,d72a83266a26ee75,c1cnc2c(c1)ccc1ncccc12,aqueous_solubility,log10(mol/L),calibration,c1cnc2c(c1)ccc1ncccc12,-2.680000066757202,-3.646571976780893,-5.161496028508992,-2.131647925052793,scaffold,2030,rf_rdkit,random_forest,rdkit,none,77abfcdbb281d08df2e9fb09cf84b2a648ea9008
esol,363c54343f9cb2c9,c1cnc2ncncc2n1,aqueous_solubility,log10(mol/L),calibration,c1cnc2ncncc2n1,0.019999999552965164,-1.9667419895268994,-3.481666041254999,-0.45181793779879964,scaffold,2030,rf_rdkit,random_forest,rdkit,none,77abfcdbb281d08df2e9fb09cf84b2a648ea9008
esol,7f841726f00af1d6,c1cncnc1,aqueous_solubility,log10(mol/L),calibration,c1cncnc1,1.100000023841858,-0.560083999868481,-2.0750080515965807,0.9548400518596187,scaffold,2030,rf_rdkit,random_forest,rdkit,none,77abfcdbb281d08df2e9fb09cf84b2a648ea9008
