dataset,molecule_id,smiles,property,units,partition,scaffold,y_true,y_pred,prediction_lower,prediction_upper,split_strategy,seed,model,family,features,fusion,git_commit
freesolv,df22605fe31c3941,BrC(Br)Br,hydration_free_energy,kcal/mol,validation,,-2.130000114440918,-2.391516420856866,-6.091070572597631,1.3080377308838989,random,2027,node_gnn,node_gnn,none,none,721e3c494613d3aa378fb20e47d69b51245b538e
freesolv,547de2d39a6410f7,BrCBr,hydration_free_energy,kcal/mol,train,,-1.9600000381469727,-1.2922056314178842,-4.991759783158649,2.4073485203228806,random,2027,node_gnn,node_gnn,none,none,721e3c494613d3aa378fb20e47d69b51245b538e
freesolv,a726c11be0067cf9,BrCCBr,hydration_free_energy,kcal/mol,train,,-2.3299999237060547,-3.327324833591196,-7.026878985331961,0.37222931814956883,random,2027,node_gnn,node_gnn,none,none,721e3c494613d3aa378fb20e47d69b51245b538e
freesolv,0c0c46a21a6193f8,BrCc1ccccc1,hydration_free_energy,kcal/mol,train,,-2.380000114440918,-5.649811097443074,-9.349365249183839,-1.950256945702309,random,2027,node_gnn,node_gnn,none,none,721e3c494613d3aa378fb20e47d69b51245b538e
freesolv,c53eae19c75b9d3a,Brc1ccc(Br)cc1,hydration_free_energy,kcal/mol,train,,-2.299999952316284,0.10097139780351805,-3.598582753937247,3.800525549544283,random,2027,node_gnn,node_gnn,none,none,721e3c494613d3aa378fb20e47d69b51245b538e
freesolv,2f717e5e14f94e95,Brc1ccccc1,hydration_free_energy,kcal/mol,train,,-1.4600000381469727,-2.8057253826985376,-6.505279534439302,0.8938287690422273,random,2027,node_gnn,node_gnn,none,none,721e3c494613d3aa378fb20e47d69b51245b538e
freesolv,799a4d5aeacde815,C,hydration_free_energy,kcal/mol,calibration,,2.0,1.172774839527643,-2.526779312213122,4.872328991268407,random,2027,node_gnn,node_gnn,none,none,721e3c494613d3aa378fb20e47d69b51245b538e
freesolv,7bac3cc21644af9b,C#CC,hydration_free_energy,kcal/mol,test,,-0.47999998927116394,-0.07571181755547185,-3.7752659692962367,3.623842334185293,random,2027,node_gnn,node_gnn,none,none,721e3c494613d3aa378fb20e47d69b51245b538e
freesolv,4de45e357be4160e,C#CCC,hydration_free_energy,kcal/mol,train,,-0.1599999964237213,-2.827941715917463,-6.527495867658228,0.8716124358233017,random,2027,node_gnn,node_gnn,none,none,721e3c494613d3aa378fb20e47d69b51245b538e
freesolv,4b665013fe211d04,C#CCCC,hydration_free_energy,kcal/mol,calibration,,0.009999999776482582,0.6532302547124513,-3.0463238970283135,4.352784406453216,random,2027,node_gnn,node_gnn,none,none,721e3c494613d3aa378fb20e47d69b51245b538e
freesolv,de4570425c5f404b,C#CCCCC,hydration_free_energy,kcal/mol,validation,,0.28999999165534973,0.8015537334651897,-2.898000418275575,4.501107885205954,random,2027,node_gnn,node_gnn,none,none,721e3c494613d3aa378fb20e47d69b51245b538e
freesolv,91f909baf2cb8a67,C#CCCCCC,hydration_free_energy,kcal/mol,train,,0.6000000238418579,-3.9079780338656165,-7.607532185606381,-0.20842388212485163,random,2027,node_gnn,node_gnn,none,none,721e3c494613d3aa378fb20e47d69b51245b538e
freesolv,d9be4b22d82a6627,C#CCCCCCC,hydration_free_energy,kcal/mol,validation,,0.7099999785423279,1.041047441416667,-2.658506710324098,4.740601593157432,random,2027,node_gnn,node_gnn,none,none,721e3c494613d3aa378fb20e47d69b51245b538e
freesolv,3a5a694349ed4368,C/C=C/C=O,hydration_free_energy,kcal/mol,train,,-4.21999979019165,-5.368577444834644,-9.068131596575409,-1.669023293093879,random,2027,node_gnn,node_gnn,none,none,721e3c494613d3aa378fb20e47d69b51245b538e
freesolv,e32f5981f08df790,C/C=C/CCCC,hydration_free_energy,kcal/mol,train,,1.6799999475479126,-10.705523984537455,-14.40507813627822,-7.005969832796691,random,2027,node_gnn,node_gnn,none,none,721e3c494613d3aa378fb20e47d69b51245b538e
freesolv,c66a02f97f456f75,C/C=C\CC,hydration_free_energy,kcal/mol,train,,1.309999942779541,-2.9432273134784745,-6.642781465219239,0.7563268382622903,random,2027,node_gnn,node_gnn,none,none,721e3c494613d3aa378fb20e47d69b51245b538e
freesolv,d4efeed1de0c8e90,C1=CC=CCC=C1,hydration_free_energy,kcal/mol,validation,,-0.9900000095367432,-0.8120974734631186,-4.511651625203884,2.8874566782776463,random,2027,node_gnn,node_gnn,none,none,721e3c494613d3aa378fb20e47d69b51245b538e
freesolv,609192e51bba544f,C1=CCCC1,hydration_free_energy,kcal/mol,train,,0.5600000023841858,-1.9955296265515237,-5.695083778292289,1.7040245251892412,random,2027,node_gnn,node_gnn,none,none,721e3c494613d3aa378fb20e47d69b51245b538e
freesolv,742af15a9113ada1,C1=CCCCC1,hydration_free_energy,kcal/mol,train,,0.14000000059604645,2.2767393047065654,-1.4228148470341995,5.97629345644733,random,2027,node_gnn,node_gnn,none,none,721e3c494613d3aa378fb20e47d69b51245b538e
freesolv,d0aafdecbb3a419b,C1CC1,hydration_free_energy,kcal/mol,train,,0.75,-4.586631832436416,-8.28618598417718,-0.8870776806956515,random,2027,node_gnn,node_gnn,none,none,721e3c494613d3aa378fb20e47d69b51245b538e
freesolv,69894e058da716db,C1CCCC1,hydration_free_energy,kcal/mol,train,,1.2000000476837158,-0.7575326371841711,-4.457086788924936,2.9420215145565938,random,2027,node_gnn,node_gnn,none,none,721e3c494613d3aa378fb20e47d69b51245b538e
freesolv,3a0c3c3efb54d833,C1CCCCC1,hydration_free_energy,kcal/mol,train,,1.2300000190734863,-10.977338625018776,-14.67689277675954,-7.277784473278011,random,2027,node_gnn,node_gnn,none,none,721e3c494613d3aa378fb20e47d69b51245b538e
freesolv,0f4b768883232061,C1CCNC1,hydration_free_energy,kcal/mol,train,,-5.480000019073486,1.3880800023346622,-2.3114741494061026,5.0876341540754275,random,2027,node_gnn,node_gnn,none,none,721e3c494613d3aa378fb20e47d69b51245b538e
freesolv,cb23ab0e59dd1c08,C1CCNCC1,hydration_free_energy,kcal/mol,validation,,-5.110000133514404,-4.917833969311185,-8.617388121051949,-1.2182798175704201,random,2027,node_gnn,node_gnn,none,none,721e3c494613d3aa378fb20e47d69b51245b538e
freesolv,1af8e9f6ace97eee,C1CCOC1,hydration_free_energy,kcal/mol,train,,-3.4700000286102295,-6.86439082724775,-10.563944978988514,-3.1648366755069848,random,2027,node_gnn,node_gnn,none,none,721e3c494613d3aa378fb20e47d69b51245b538e
freesolv,064f079e10086f29,C1CCOCC1,hydration_free_energy,kcal/mol,train,,-3.119999885559082,2.1603714489587857,-1.539182702781979,5.859925600699551,random,2027,node_gnn,node_gnn,none,none,721e3c494613d3aa378fb20e47d69b51245b538e
freesolv,575f25bc7815593d,C1CNC1,hydration_free_energy,kcal/mol,train,,-5.559999942779541,-2.340246722443247,-6.039800874184012,1.3593074292975178,random,2027,node_gnn,node_gnn,none,none,721e3c494613d3aa378fb20e47d69b51245b538e
freesolv,683feaf94c606491,C1CNCCN1,hydration_free_energy,kcal/mol,train,,-7.400000095367432,-1.0604096154926221,-4.759963767233387,2.6391445362481427,random,2027,node_gnn,node_gnn,none,none,721e3c494613d3aa378fb20e47d69b51245b538e
freesolv,325f288037972770,C1COCCN1,hydration_free_energy,kcal/mol,train,,-7.170000076293945,-2.9858781195262436,-6.6854322712670085,0.7136760322145212,random,2027,node_gnn,node_gnn,none,none,721e3c494613d3aa378fb20e47d69b51245b538e
freesolv,b520ba34e96e6b2a,C1COCCO1,hydration_free_energy,kcal/mol,train,,-5.059999942779541,-4.804103464529527,-8.503657616270292,-1.1045493127887624,random,2027,node_gnn,node_gnn,none,none,721e3c494613d3aa378fb20e47d69b51245b538e
freesolv,32766722dbae4c61,C=C,hydration_free_energy,kcal/mol,validation,,1.2799999713897705,1.8351784240139257,-1.8643757277268391,5.53473257575469,random,2027,node_gnn,node_gnn,none,none,721e3c494613d3aa378fb20e47d69b51245b538e
freesolv,6ba07a348009ad29,C=C(C)C,hydration_free_energy,kcal/mol,train,,1.159999966621399,-8.889024439846223,-12.588578591586987,-5.189470288105458,random,2027,node_gnn,node_gnn,none,none,721e3c494613d3aa378fb20e47d69b51245b538e
freesolv,d1f6cbeec10124e5,C=C(C)C(=C)C,hydration_free_energy,kcal/mol,train,,0.4000000059604645,-6.593038912164616,-10.29259306390538,-2.893484760423851,random,2027,node_gnn,node_gnn,none,none,721e3c494613d3aa378fb20e47d69b51245b538e
freesolv,0df6a67583c65bae,C=C(C)CCC,hydration_free_energy,kcal/mol,train,,1.4700000286102295,1.2231411435690345,-2.4764130081717304,4.922695295309799,random,2027,node_gnn,node_gnn,none,none,721e3c494613d3aa378fb20e47d69b51245b538e
freesolv,1b19887cda12dbee,C=C(C)[C@@H]1CC=C(C)[C@@H](O)C1,hydration_free_energy,kcal/mol,train,,-4.440000057220459,-4.874742379412165,-8.57429653115293,-1.1751882276714003,random,2027,node_gnn,node_gnn,none,none,721e3c494613d3aa378fb20e47d69b51245b538e
freesolv,4dadf5d2245646e2,C=C(C)[C@@H]1CC=C(C=O)CC1,hydration_free_energy,kcal/mol,train,,-4.090000152587891,-28.094553752170363,-31.794107903911126,-24.3949996004296,random,2027,node_gnn,node_gnn,none,none,721e3c494613d3aa378fb20e47d69b51245b538e
freesolv,9bd6e8248a6ac888,C=C(C)[C@@H]1CC[C@@H](C)C(=O)C1,hydration_free_energy,kcal/mol,train,,-3.75,-5.290690811953767,-8.990244963694533,-1.5911366602130022,random,2027,node_gnn,node_gnn,none,none,721e3c494613d3aa378fb20e47d69b51245b538e
freesolv,6f9249e288ca4886,C=C(C)c1ccccc1,hydration_free_energy,kcal/mol,train,,-1.2400000095367432,-6.433968440747771,-10.133522592488536,-2.734414289007006,random,2027,node_gnn,node_gnn,none,none,721e3c494613d3aa378fb20e47d69b51245b538e
freesolv,74e264a8023b8226,C=C(Cl)Cl,hydration_free_energy,kcal/mol,train,,0.25,-4.6659540857992,-8.365508237539965,-0.966399934058435,random,2027,node_gnn,node_gnn,none,none,721e3c494613d3aa378fb20e47d69b51245b538e
freesolv,19b85ec9c712b308,C=C(c1ccccc1)c1ccccc1,hydration_free_energy,kcal/mol,train,,-2.7799999713897705,-3.6485322799248383,-7.348086431665603,0.051021871815926545,random,2027,node_gnn,node_gnn,none,none,721e3c494613d3aa378fb20e47d69b51245b538e
freesolv,4ad22e011ffa96ba,C=CC,hydration_free_energy,kcal/mol,train,,1.3200000524520874,-1.2014609074015876,-4.9010150591423525,2.4980932443391772,random,2027,node_gnn,node_gnn,none,none,721e3c494613d3aa378fb20e47d69b51245b538e
freesolv,d00fecc2d59f99d6,C=CC(=C)C,hydration_free_energy,kcal/mol,train,,0.6800000071525574,-1.9465071561019809,-5.6460613078427455,1.753046995638784,random,2027,node_gnn,node_gnn,none,none,721e3c494613d3aa378fb20e47d69b51245b538e
freesolv,55c28b8ad121023c,C=CC(C)C,hydration_free_energy,kcal/mol,train,,1.8300000429153442,-4.025488228580515,-7.7250423803212795,-0.32593407683974984,random,2027,node_gnn,node_gnn,none,none,721e3c494613d3aa378fb20e47d69b51245b538e
freesolv,97213f023267d9a8,C=CC=C,hydration_free_energy,kcal/mol,calibration,,0.5600000023841858,0.43539963134095716,-3.2641545203998077,4.134953783081722,random,2027,node_gnn,node_gnn,none,none,721e3c494613d3aa378fb20e47d69b51245b538e
freesolv,f810c7c1cf2244ef,C=CCC,hydration_free_energy,kcal/mol,train,,1.3799999952316284,-18.323146136513003,-22.022700288253766,-14.623591984772238,random,2027,node_gnn,node_gnn,none,none,721e3c494613d3aa378fb20e47d69b51245b538e
freesolv,1a9c34146a9dfca2,C=CCC=C,hydration_free_energy,kcal/mol,test,,0.9300000071525574,0.5361699191483207,-3.163384232592444,4.235724070889086,random,2027,node_gnn,node_gnn,none,none,721e3c494613d3aa378fb20e47d69b51245b538e
freesolv,4f9a22896fa30cb2,C=CCCC,hydration_free_energy,kcal/mol,train,,1.6799999475479126,-4.583242725014058,-8.282796876754823,-0.8836885732732931,random,2027,node_gnn,node_gnn,none,none,721e3c494613d3aa378fb20e47d69b51245b538e
freesolv,05e112973dc272f3,C=CCCC=C,hydration_free_energy,kcal/mol,train,,1.0099999904632568,-0.3510552561453939,-4.050609407886158,3.348498895595371,random,2027,node_gnn,node_gnn,none,none,721e3c494613d3aa378fb20e47d69b51245b538e
freesolv,b04353e13b080b0e,C=CCCCC,hydration_free_energy,kcal/mol,train,,1.5800000429153442,-3.2990392502234074,-6.998593401964172,0.40051490151735747,random,2027,node_gnn,node_gnn,none,none,721e3c494613d3aa378fb20e47d69b51245b538e
freesolv,068d3d8e9203407c,C=CCCCCC,hydration_free_energy,kcal/mol,train,,1.659999966621399,3.299809996302454,-0.39974415543831077,6.9993641480432185,random,2027,node_gnn,node_gnn,none,none,721e3c494613d3aa378fb20e47d69b51245b538e
freesolv,d200520d964a9529,C=CCCCCCC,hydration_free_energy,kcal/mol,validation,,1.9199999570846558,2.341021374347403,-1.358532777393362,6.040575526088167,random,2027,node_gnn,node_gnn,none,none,721e3c494613d3aa378fb20e47d69b51245b538e
freesolv,c97dbca79441aa87,C=CCCCCCCC,hydration_free_energy,kcal/mol,train,,2.059999942779541,-2.1431875067548365,-5.842741658495601,1.5563666449859284,random,2027,node_gnn,node_gnn,none,none,721e3c494613d3aa378fb20e47d69b51245b538e
freesolv,9646b5044f2d381b,C=CCCl,hydration_free_energy,kcal/mol,train,,-0.5699999928474426,-3.2799530911975676,-6.9795072429383325,0.41960106054319724,random,2027,node_gnn,node_gnn,none,none,721e3c494613d3aa378fb20e47d69b51245b538e
freesolv,a9cb4c82f996239d,C=CCO,hydration_free_energy,kcal/mol,train,,-5.03000020980835,-18.85250123498386,-22.552055386724625,-15.152947083243093,random,2027,node_gnn,node_gnn,none,none,721e3c494613d3aa378fb20e47d69b51245b538e
freesolv,f82b64c47a30e806,C=CCl,hydration_free_energy,kcal/mol,validation,,-0.5899999737739563,-1.206910222691636,-4.906464374432401,2.492643929049129,random,2027,node_gnn,node_gnn,none,none,721e3c494613d3aa378fb20e47d69b51245b538e
freesolv,fb63886955500778,C=C[C@@](C)(CCC=C(C)C)OC(C)=O,hydration_free_energy,kcal/mol,train,,-2.490000009536743,0.4320714088394122,-3.2674827429013527,4.1316255605801775,random,2027,node_gnn,node_gnn,none,none,721e3c494613d3aa378fb20e47d69b51245b538e
freesolv,922f2c1b03db117d,C=Cc1ccccc1,hydration_free_energy,kcal/mol,train,,-1.2400000095367432,2.5463427886674608,-1.153211363073304,6.245896940408226,random,2027,node_gnn,node_gnn,none,none,721e3c494613d3aa378fb20e47d69b51245b538e
freesolv,67300569a949ad42,C=O,hydration_free_energy,kcal/mol,train,,-2.75,-3.3614469833208505,-7.061001135061615,0.3381071684199144,random,2027,node_gnn,node_gnn,none,none,721e3c494613d3aa378fb20e47d69b51245b538e
freesolv,73c7d73efb8bdd41,CBr,hydration_free_energy,kcal/mol,train,,-0.8199999928474426,-0.42439700200333075,-4.123951153744096,3.275157149737434,random,2027,node_gnn,node_gnn,none,none,721e3c494613d3aa378fb20e47d69b51245b538e
freesolv,05b1a8d05d1c3e6c,CC,hydration_free_energy,kcal/mol,calibration,,1.8300000429153442,2.967573619914313,-0.7319805318264518,6.667127771655078,random,2027,node_gnn,node_gnn,none,none,721e3c494613d3aa378fb20e47d69b51245b538e
freesolv,1eb27a465c7bf134,CC#N,hydration_free_energy,kcal/mol,train,,-3.880000114440918,-2.0962281161032106,-5.795782267843975,1.6033260356375543,random,2027,node_gnn,node_gnn,none,none,721e3c494613d3aa378fb20e47d69b51245b538e
freesolv,1d67b723d41f51ac,CC(=O)C(C)(C)C,hydration_free_energy,kcal/mol,train,,-3.109999895095825,-9.174384022296067,-12.873938174036832,-5.474829870555302,random,2027,node_gnn,node_gnn,none,none,721e3c494613d3aa378fb20e47d69b51245b538e
freesolv,58249ca616cb22d8,CC(=O)C(C)C,hydration_free_energy,kcal/mol,train,,-3.240000009536743,1.0377164618621042,-2.6618376898786607,4.737270613602869,random,2027,node_gnn,node_gnn,none,none,721e3c494613d3aa378fb20e47d69b51245b538e
freesolv,582f8c2ed097dabc,CC(=O)C1CC1,hydration_free_energy,kcal/mol,train,,-4.610000133514404,-1.2234502432553662,-4.923004394996131,2.4761039084853986,random,2027,node_gnn,node_gnn,none,none,721e3c494613d3aa378fb20e47d69b51245b538e
freesolv,b173a8fb75f4db23,CC(=O)C1CCCCC1,hydration_free_energy,kcal/mol,train,,-3.9000000953674316,-1.4543120777163678,-5.153866229457133,2.245242074024397,random,2027,node_gnn,node_gnn,none,none,721e3c494613d3aa378fb20e47d69b51245b538e
freesolv,16cf4f31208ab363,CC(=O)CC(C)C,hydration_free_energy,kcal/mol,test,,-3.049999952316284,-3.24293896516786,-6.942493116908625,0.4566151865729049,random,2027,node_gnn,node_gnn,none,none,721e3c494613d3aa378fb20e47d69b51245b538e
freesolv,cbb660b5eaf183ba,CC(=O)CO[N+](=O)[O-],hydration_free_energy,kcal/mol,train,,-5.989999771118164,-4.212747556755101,-7.912301708495866,-0.5131934050143361,random,2027,node_gnn,node_gnn,none,none,721e3c494613d3aa378fb20e47d69b51245b538e
freesolv,0780b195cfdf2ed6,CC(=O)N1CCCC1,hydration_free_energy,kcal/mol,train,,-9.800000190734863,-4.141442009428156,-7.8409961611689205,-0.4418878576873908,random,2027,node_gnn,node_gnn,none,none,721e3c494613d3aa378fb20e47d69b51245b538e
freesolv,a208ad1788f26aee,CC(=O)O,hydration_free_energy,kcal/mol,train,,-6.690000057220459,-6.749450205945614,-10.449004357686379,-3.049896054204849,random,2027,node_gnn,node_gnn,none,none,721e3c494613d3aa378fb20e47d69b51245b538e
freesolv,a3332288868582b4,CC(=O)OC(C)C,hydration_free_energy,kcal/mol,train,,-2.640000104904175,-17.689442095417437,-21.388996247158204,-13.989887943676672,random,2027,node_gnn,node_gnn,none,none,721e3c494613d3aa378fb20e47d69b51245b538e
freesolv,b8e46696f168483c,CC(=O)OC(C)OC(C)=O,hydration_free_energy,kcal/mol,train,,-4.96999979019165,-5.208930519582621,-8.908484671323386,-1.5093763678418561,random,2027,node_gnn,node_gnn,none,none,721e3c494613d3aa378fb20e47d69b51245b538e
freesolv,d514c2011a6bb3d5,CC(=O)OCC(C)C,hydration_free_energy,kcal/mol,train,,-2.359999895095825,-3.0092995146684474,-6.708853666409212,0.6902546370723175,random,2027,node_gnn,node_gnn,none,none,721e3c494613d3aa378fb20e47d69b51245b538e
freesolv,e3057c8b93a65a68,CC(=O)OCC(COC(C)=O)OC(C)=O,hydration_free_energy,kcal/mol,train,,-8.84000015258789,-6.653188159331492,-10.352742311072257,-2.9536340075907273,random,2027,node_gnn,node_gnn,none,none,721e3c494613d3aa378fb20e47d69b51245b538e
freesolv,1f85a7027c370d59,CC(=O)OCCC(C)C,hydration_free_energy,kcal/mol,train,,-2.2100000381469727,-1.7474571183801668,-5.447011270120932,1.952097033360598,random,2027,node_gnn,node_gnn,none,none,721e3c494613d3aa378fb20e47d69b51245b538e
freesolv,ba887869a6295619,CC(=O)OCCOC(C)=O,hydration_free_energy,kcal/mol,train,,-6.340000152587891,-3.9894717249537837,-7.689025876694549,-0.2899175732130188,random,2027,node_gnn,node_gnn,none,none,721e3c494613d3aa378fb20e47d69b51245b538e
freesolv,646bf545cef99fa9,CC(=O)Oc1ccccc1C(=O)O,hydration_free_energy,kcal/mol,train,,-9.9399995803833,-6.303164195888984,-10.002718347629749,-2.603610044148219,random,2027,node_gnn,node_gnn,none,none,721e3c494613d3aa378fb20e47d69b51245b538e
freesolv,db4526f4bded9150,CC(=O)c1ccc(C)cc1,hydration_free_energy,kcal/mol,train,,-4.699999809265137,3.2430983347401683,-0.45645581700059656,6.942652486480933,random,2027,node_gnn,node_gnn,none,none,721e3c494613d3aa378fb20e47d69b51245b538e
freesolv,e340b59450b263da,CC(=O)c1ccccc1,hydration_free_energy,kcal/mol,validation,,-4.579999923706055,-5.154381536358527,-8.853935688099291,-1.4548273846177624,random,2027,node_gnn,node_gnn,none,none,721e3c494613d3aa378fb20e47d69b51245b538e
freesolv,b1930bd9e457359d,CC(=O)c1cccnc1,hydration_free_energy,kcal/mol,train,,-8.260000228881836,-4.71926377369171,-8.418817925432474,-1.0197096219509447,random,2027,node_gnn,node_gnn,none,none,721e3c494613d3aa378fb20e47d69b51245b538e
freesolv,3b8746d9ecf84cbe,CC(=O)c1ccncc1,hydration_free_energy,kcal/mol,validation,,-7.619999885559082,-7.689421941052915,-11.38897609279368,-3.98986778931215,random,2027,node_gnn,node_gnn,none,none,721e3c494613d3aa378fb20e47d69b51245b538e
freesolv,49b42640c31e4afa,CC(C)(C)Br,hydration_free_energy,kcal/mol,test,,0.8399999737739563,0.6293656632976066,-3.0701884884431583,4.328919815038372,random,2027,node_gnn,node_gnn,none,none,721e3c494613d3aa378fb20e47d69b51245b538e
freesolv,30434d3b14f885bd,CC(C)(C)C,hydration_free_energy,kcal/mol,train,,2.509999990463257,-9.783576483535233,-13.483130635275998,-6.084022331794468,random,2027,node_gnn,node_gnn,none,none,721e3c494613d3aa378fb20e47d69b51245b538e
freesolv,8196c4a2dfe7d9d4,CC(C)(C)Cl,hydration_free_energy,kcal/mol,train,,1.090000033378601,-7.334874572625565,-11.034428724366329,-3.6353204208848,random,2027,node_gnn,node_gnn,none,none,721e3c494613d3aa378fb20e47d69b51245b538e
freesolv,27c766beb9d56df8,CC(C)(C)O,hydration_free_energy,kcal/mol,train,,-4.46999979019165,-4.783293572981401,-8.482847724722166,-1.0837394212406357,random,2027,node_gnn,node_gnn,none,none,721e3c494613d3aa378fb20e47d69b51245b538e
freesolv,9f57f1a7941e4d72,CC(C)(C)c1ccc(O)cc1,hydration_free_energy,kcal/mol,validation,,-5.909999847412109,-4.586550384495177,-8.286104536235943,-0.8869962327544121,random,2027,node_gnn,node_gnn,none,none,721e3c494613d3aa378fb20e47d69b51245b538e
freesolv,4e93122b9a1de48f,CC(C)(C)c1ccccc1,hydration_free_energy,kcal/mol,train,,-0.4399999976158142,-1.5663210326427124,-5.265875184383477,2.1332331190980525,random,2027,node_gnn,node_gnn,none,none,721e3c494613d3aa378fb20e47d69b51245b538e
freesolv,4547266f8bdfb534,CC(C)=CCC/C(C)=C/CO,hydration_free_energy,kcal/mol,train,,-4.449999809265137,-3.7752043054150133,-7.474758457155778,-0.07565015367424843,random,2027,node_gnn,node_gnn,none,none,721e3c494613d3aa378fb20e47d69b51245b538e
freesolv,8d8b5be02a6bec10,CC(C)=CCC/C(C)=C\CO,hydration_free_energy,kcal/mol,train,,-4.78000020980835,-18.244343128135274,-21.94389727987604,-14.544788976394509,random,2027,node_gnn,node_gnn,none,none,721e3c494613d3aa378fb20e47d69b51245b538e
freesolv,93243e4e6bacc8c0,CC(C)=O,hydration_free_energy,kcal/mol,train,,-3.799999952316284,-2.8674636114214467,-6.5670177631622115,0.8320905403193182,random,2027,node_gnn,node_gnn,none,none,721e3c494613d3aa378fb20e47d69b51245b538e
freesolv,6ef30f66f852c308,CC(C)Br,hydration_free_energy,kcal/mol,train,,-0.47999998927116394,-9.387926968715758,-13.087481120456523,-5.688372816974994,random,2027,node_gnn,node_gnn,none,none,721e3c494613d3aa378fb20e47d69b51245b538e
freesolv,ef6d460c1e6abde9,CC(C)C,hydration_free_energy,kcal/mol,calibration,,2.299999952316284,3.4026296935198537,-0.2969244582209112,7.102183845260619,random,2027,node_gnn,node_gnn,none,none,721e3c494613d3aa378fb20e47d69b51245b538e
freesolv,0f765371c44aaa59,CC(C)C(=O)C(C)C,hydration_free_energy,kcal/mol,train,,-2.740000009536743,-0.2810977928670342,-3.980651944607799,3.4184563588737307,random,2027,node_gnn,node_gnn,none,none,721e3c494613d3aa378fb20e47d69b51245b538e
freesolv,cc8a3aa0542cebe6,CC(C)C(C)C,hydration_free_energy,kcal/mol,calibration,,2.3399999141693115,3.403120908465891,-0.29643324327487397,7.102675060206655,random,2027,node_gnn,node_gnn,none,none,721e3c494613d3aa378fb20e47d69b51245b538e
freesolv,d74aca5cf4b1237c,CC(C)C(C)C(C)C,hydration_free_energy,kcal/mol,train,,2.559999942779541,-3.037799631224198,-6.737353782964963,0.6617545205165669,random,2027,node_gnn,node_gnn,none,none,721e3c494613d3aa378fb20e47d69b51245b538e
freesolv,e413b9ce1efba5a0,CC(C)C=O,hydration_free_energy,kcal/mol,train,,-2.859999895095825,-0.7399947931823481,-4.4395489449231125,2.959559358558417,random,2027,node_gnn,node_gnn,none,none,721e3c494613d3aa378fb20e47d69b51245b538e
freesolv,e7ba17e129e75195,CC(C)CBr,hydration_free_energy,kcal/mol,validation,,-0.029999999329447746,-0.27443307670489103,-3.973987228445656,3.425121075035874,random,2027,node_gnn,node_gnn,none,none,721e3c494613d3aa378fb20e47d69b51245b538e
freesolv,5c23882ab3e2d463,CC(C)CC(=O)O,hydration_free_energy,kcal/mol,train,,-6.090000152587891,-2.5579686719749493,-6.257522823715714,1.1415854797658156,random,2027,node_gnn,node_gnn,none,none,721e3c494613d3aa378fb20e47d69b51245b538e
freesolv,1ce5066619b734b1,CC(C)CC(C)(C)C,hydration_free_energy,kcal/mol,train,,2.890000104904175,-0.9028729845714492,-4.602427136312214,2.7966811671693157,random,2027,node_gnn,node_gnn,none,none,721e3c494613d3aa378fb20e47d69b51245b538e
freesolv,608ba2d71e9299bf,CC(C)CC(C)C,hydration_free_energy,kcal/mol,validation,,2.8299999237060547,3.3223727991839733,-0.3771813525567915,7.021926950924739,random,2027,node_gnn,node_gnn,none,none,721e3c494613d3aa378fb20e47d69b51245b538e
freesolv,05047a8dca414cad,CC(C)CCC(C)(C)C,hydration_free_energy,kcal/mol,train,,2.930000066757202,-5.109239158522962,-8.808793310263727,-1.4096850067821975,random,2027,node_gnn,node_gnn,none,none,721e3c494613d3aa378fb20e47d69b51245b538e
freesolv,6bc633f1f12c1ee7,CC(C)CCO,hydration_free_energy,kcal/mol,train,,-4.420000076293945,-11.4173132812084,-15.116867432949165,-7.717759129467636,random,2027,node_gnn,node_gnn,none,none,721e3c494613d3aa378fb20e47d69b51245b538e
freesolv,b3a79ff7deca4dc9,CC(C)CCOC=O,hydration_free_energy,kcal/mol,train,,-2.130000114440918,-0.06883274052118038,-3.7683868922619452,3.6307214112195845,random,2027,node_gnn,node_gnn,none,none,721e3c494613d3aa378fb20e47d69b51245b538e
freesolv,df4f318c47e4982d,CC(C)CO,hydration_free_energy,kcal/mol,calibration,,-4.5,-5.1071224310684045,-8.80667658280917,-1.4075682793276396,random,2027,node_gnn,node_gnn,none,none,721e3c494613d3aa378fb20e47d69b51245b538e
freesolv,06f73f92690f97f5,CC(C)COC(=O)C(C)C,hydration_free_energy,kcal/mol,test,,-1.690000057220459,-3.879921810025587,-7.579475961766352,-0.18036765828482215,random,2027,node_gnn,node_gnn,none,none,721e3c494613d3aa378fb20e47d69b51245b538e
freesolv,d15c883b9a56c622,CC(C)COC=O,hydration_free_energy,kcal/mol,train,,-2.2200000286102295,-0.16664103436955502,-3.86619518611032,3.53291311737121,random,2027,node_gnn,node_gnn,none,none,721e3c494613d3aa378fb20e47d69b51245b538e
freesolv,663bdfbc5dd043d9,CC(C)CO[N+](=O)[O-],hydration_free_energy,kcal/mol,train,,-1.8799999952316284,-11.263353467069228,-14.962907618809993,-7.563799315328463,random,2027,node_gnn,node_gnn,none,none,721e3c494613d3aa378fb20e47d69b51245b538e
freesolv,80e95678623257ff,CC(C)C[C@@H](C)O,hydration_free_energy,kcal/mol,train,,-3.7300000190734863,-2.172745182897403,-5.872299334638168,1.526808968843362,random,2027,node_gnn,node_gnn,none,none,721e3c494613d3aa378fb20e47d69b51245b538e
freesolv,3a8d190e00649828,CC(C)Cc1ccc([C@H](C)C(=O)O)cc1,hydration_free_energy,kcal/mol,train,,-7.0,-7.388757038282561,-11.088311190023326,-3.6892028865417963,random,2027,node_gnn,node_gnn,none,none,721e3c494613d3aa378fb20e47d69b51245b538e
freesolv,86c01edec2b47ea9,CC(C)Cc1ccccc1,hydration_free_energy,kcal/mol,test,,0.1599999964237213,-0.2825928048660371,-3.982146956606802,3.4169613468747277,random,2027,node_gnn,node_gnn,none,none,721e3c494613d3aa378fb20e47d69b51245b538e
freesolv,a05474e354458b4f,CC(C)Cc1cnccn1,hydration_free_energy,kcal/mol,train,,-5.039999961853027,-3.0105674144250933,-6.710121566165858,0.6889867373156715,random,2027,node_gnn,node_gnn,none,none,721e3c494613d3aa378fb20e47d69b51245b538e
freesolv,782413599639bd48,CC(C)Cl,hydration_free_energy,kcal/mol,train,,-0.25,-0.33701174708944936,-4.036565898830214,3.3625424046513155,random,2027,node_gnn,node_gnn,none,none,721e3c494613d3aa378fb20e47d69b51245b538e
freesolv,5010d23b5654a272,CC(C)I,hydration_free_energy,kcal/mol,train,,-0.46000000834465027,-10.229192070199657,-13.928746221940422,-6.529637918458892,random,2027,node_gnn,node_gnn,none,none,721e3c494613d3aa378fb20e47d69b51245b538e
freesolv,a58327f405c6019d,CC(C)NC(C)C,hydration_free_energy,kcal/mol,train,,-3.2200000286102295,-4.996632612354969,-8.696186764095735,-1.2970784606142045,random,2027,node_gnn,node_gnn,none,none,721e3c494613d3aa378fb20e47d69b51245b538e
freesolv,0a10a3c5ae6dbefa,CC(C)O,hydration_free_energy,kcal/mol,train,,-4.739999771118164,-1.7779988326957357,-5.4775529844365005,1.9215553190450292,random,2027,node_gnn,node_gnn,none,none,721e3c494613d3aa378fb20e47d69b51245b538e
freesolv,e9770c4c53aa3244,CC(C)OC(C)C,hydration_free_energy,kcal/mol,train,,-0.5299999713897705,-8.310397587382115,-12.00995173912288,-4.61084343564135,random,2027,node_gnn,node_gnn,none,none,721e3c494613d3aa378fb20e47d69b51245b538e
freesolv,5125da25cc580c3f,CC(C)OC=O,hydration_free_energy,kcal/mol,test,,-2.0199999809265137,-2.9941518058787997,-6.6937059576195646,0.7054023458619652,random,2027,node_gnn,node_gnn,none,none,721e3c494613d3aa378fb20e47d69b51245b538e
freesolv,08532f1ef39cb3c2,CC(C)SC(C)C,hydration_free_energy,kcal/mol,train,,-1.2100000381469727,-2.79572107119115,-6.495275222931915,0.9038330805496146,random,2027,node_gnn,node_gnn,none,none,721e3c494613d3aa378fb20e47d69b51245b538e
freesolv,2f13ba5e9b2c1d12,CC(C)[C@@H]1CC[C@@H](C)CC1=O,hydration_free_energy,kcal/mol,train,,-2.5299999713897705,-4.8893906020967215,-8.588944753837486,-1.1898364503559566,random,2027,node_gnn,node_gnn,none,none,721e3c494613d3aa378fb20e47d69b51245b538e
freesolv,8c1b6e7115a08cd9,CC(C)[C@@H]1CC[C@@H](C)C[C@H]1O,hydration_free_energy,kcal/mol,test,,-3.200000047683716,-3.245669022041711,-6.945223173782476,0.4538851296990538,random,2027,node_gnn,node_gnn,none,none,721e3c494613d3aa378fb20e47d69b51245b538e
freesolv,70007fb176a0ffc0,CC(C)[N+](=O)[O-],hydration_free_energy,kcal/mol,train,,-3.130000114440918,-7.0709602675672825,-10.770514419308046,-3.3714061158265176,random,2027,node_gnn,node_gnn,none,none,721e3c494613d3aa378fb20e47d69b51245b538e
freesolv,4766bce8aaa6feeb,CC(C)c1ccccc1,hydration_free_energy,kcal/mol,calibration,,-0.30000001192092896,-0.6877281903483095,-4.387282342089074,3.0118259613924554,random,2027,node_gnn,node_gnn,none,none,721e3c494613d3aa378fb20e47d69b51245b538e
freesolv,e0eb500eaa83e532,CC(Cl)(Cl)Cl,hydration_free_energy,kcal/mol,train,,-0.1899999976158142,-2.4832102603746042,-6.182764412115369,1.2163438913661606,random,2027,node_gnn,node_gnn,none,none,721e3c494613d3aa378fb20e47d69b51245b538e
freesolv,e8a1f1b7fb50720b,CC(Cl)Cl,hydration_free_energy,kcal/mol,validation,,-0.8399999737739563,-1.2715417488025023,-4.971095900543267,2.4280124029382626,random,2027,node_gnn,node_gnn,none,none,721e3c494613d3aa378fb20e47d69b51245b538e
freesolv,9b75e9a74817c850,CC(F)F,hydration_free_energy,kcal/mol,train,,-0.10999999940395355,0.06161768253363187,-3.637936469207133,3.7611718342743967,random,2027,node_gnn,node_gnn,none,none,721e3c494613d3aa378fb20e47d69b51245b538e
freesolv,35dddcda2702a4ad,CC(N)=O,hydration_free_energy,kcal/mol,train,,-9.710000038146973,-4.3188454474494895,-8.018399599190253,-0.6192912957087247,random,2027,node_gnn,node_gnn,none,none,721e3c494613d3aa378fb20e47d69b51245b538e
freesolv,2f90b29d0ea2bd0f,CC1=CC(=O)CC(C)(C)C1,hydration_free_energy,kcal/mol,train,,-5.179999828338623,-6.431147516001535,-10.1307016677423,-2.73159336426077,random,2027,node_gnn,node_gnn,none,none,721e3c494613d3aa378fb20e47d69b51245b538e
freesolv,196b98c38a9ef9ff,CC1=CC(=O)[C@H](C(C)C)CC1,hydration_free_energy,kcal/mol,test,,-4.510000228881836,-3.358901648999205,-7.05845580073997,0.3406525027415599,random,2027,node_gnn,node_gnn,none,none,721e3c494613d3aa378fb20e47d69b51245b538e
freesolv,71b4ae69ea038c45,CC1=CCCCC1,hydration_free_energy,kcal/mol,train,,0.6700000166893005,-7.76773327497577,-11.467287426716535,-4.068179123235005,random,2027,node_gnn,node_gnn,none,none,721e3c494613d3aa378fb20e47d69b51245b538e
freesolv,3657f3498f9e2294,CC1CCC(C)CC1,hydration_free_energy,kcal/mol,train,,2.109999895095825,-3.2681834616182064,-6.967737613358971,0.43137069012255846,random,2027,node_gnn,node_gnn,none,none,721e3c494613d3aa378fb20e47d69b51245b538e
freesolv,d24802ff551c31d8,CC1CCCC1,hydration_free_energy,kcal/mol,validation,,1.590000033378601,2.044406122951633,-1.655148028789132,5.743960274692398,random,2027,node_gnn,node_gnn,none,none,721e3c494613d3aa378fb20e47d69b51245b538e
freesolv,acaaa8b4649c614e,CC1CCCCC1,hydration_free_energy,kcal/mol,train,,1.7000000476837158,-4.536312742927957,-8.235866894668721,-0.8367585911871922,random,2027,node_gnn,node_gnn,none,none,721e3c494613d3aa378fb20e47d69b51245b538e
freesolv,5358908f8e9c796f,CC=C(C)C,hydration_free_energy,kcal/mol,calibration,,1.309999942779541,1.526131161051223,-2.173422990689542,5.225685312791988,random,2027,node_gnn,node_gnn,none,none,721e3c494613d3aa378fb20e47d69b51245b538e
freesolv,3ba5780e519232af,CC=O,hydration_free_energy,kcal/mol,train,,-3.5,-0.10135264037715341,-3.8009067921179183,3.5982015113636114,random,2027,node_gnn,node_gnn,none,none,721e3c494613d3aa378fb20e47d69b51245b538e
freesolv,9f9bae4da613fd97,CCBr,hydration_free_energy,kcal/mol,calibration,,-0.7400000095367432,-0.5152664826686912,-4.214820634409456,3.1842876690720736,random,2027,node_gnn,node_gnn,none,none,721e3c494613d3aa378fb20e47d69b51245b538e
freesolv,72281cabb90098ca,CCC,hydration_free_energy,kcal/mol,validation,,2.0,2.9182067475919404,-0.7813474041488244,6.617760899332705,random,2027,node_gnn,node_gnn,none,none,721e3c494613d3aa378fb20e47d69b51245b538e
freesolv,b081cbfb90b7402a,CCC#N,hydration_free_energy,kcal/mol,train,,-3.8399999141693115,-2.5972229035817698,-6.296777055322535,1.102331248158995,random,2027,node_gnn,node_gnn,none,none,721e3c494613d3aa378fb20e47d69b51245b538e
freesolv,b137901ff30dac85,CCC(=O)CC,hydration_free_energy,kcal/mol,train,,-3.4100000858306885,-0.9331858634865253,-4.63274001522729,2.7663682882542395,random,2027,node_gnn,node_gnn,none,none,721e3c494613d3aa378fb20e47d69b51245b538e
freesolv,d73fa90c49909081,CCC(=O)Nc1ccc(Cl)c(Cl)c1,hydration_free_energy,kcal/mol,test,,-7.78000020980835,-7.756708279465684,-11.456262431206449,-4.057154127724919,random,2027,node_gnn,node_gnn,none,none,721e3c494613d3aa378fb20e47d69b51245b538e
freesolv,ae711e3e1cb2b62c,CCC(=O)O,hydration_free_energy,kcal/mol,calibration,,-6.460000038146973,-7.963347105619503,-11.662901257360268,-4.263792953878738,random,2027,node_gnn,node_gnn,none,none,721e3c494613d3aa378fb20e47d69b51245b538e
freesolv,3b1dd60ed1dfbb76,CCC(=O)OC,hydration_free_energy,kcal/mol,train,,-2.930000066757202,-6.571879219514832,-10.271433371255597,-2.8723250677740673,random,2027,node_gnn,node_gnn,none,none,721e3c494613d3aa378fb20e47d69b51245b538e
freesolv,95159b36053bb032,CCC(C)(C)C,hydration_free_energy,kcal/mol,validation,,2.509999990463257,2.6067498202915194,-1.0928043314492455,6.306303972032284,random,2027,node_gnn,node_gnn,none,none,721e3c494613d3aa378fb20e47d69b51245b538e
freesolv,3fb4e89120f988ad,CCC(C)(C)CC,hydration_free_energy,kcal/mol,test,,2.559999942779541,2.565154161409174,-1.1343999903315907,6.264708313149939,random,2027,node_gnn,node_gnn,none,none,721e3c494613d3aa378fb20e47d69b51245b538e
freesolv,bdf2d11354f3860d,CCC(C)(C)O,hydration_free_energy,kcal/mol,train,,-4.429999828338623,-5.144899341766421,-8.844453493507185,-1.4453451900256562,random,2027,node_gnn,node_gnn,none,none,721e3c494613d3aa378fb20e47d69b51245b538e
freesolv,6c45d8284f5ddf4f,CCC(C)C,hydration_free_energy,kcal/mol,train,,2.380000114440918,-6.094586242445848,-9.794140394186613,-2.395032090705083,random,2027,node_gnn,node_gnn,none,none,721e3c494613d3aa378fb20e47d69b51245b538e
freesolv,70ffb28e88de4627,CCC(C)CC,hydration_free_energy,kcal/mol,test,,2.509999990463257,3.2682569030381203,-0.4312972487026445,6.967811054778885,random,2027,node_gnn,node_gnn,none,none,721e3c494613d3aa378fb20e47d69b51245b538e
freesolv,828963364af80af0,CCC(N)=O,hydration_free_energy,kcal/mol,calibration,,-9.399999618530273,-10.258055198736109,-13.957609350476874,-6.558501046995344,random,2027,node_gnn,node_gnn,none,none,721e3c494613d3aa378fb20e47d69b51245b538e
freesolv,960c6dcb6922b929,CCC(O)CC,hydration_free_energy,kcal/mol,train,,-4.349999904632568,-4.0287198106299185,-7.728273962370683,-0.3291656588891536,random,2027,node_gnn,node_gnn,none,none,721e3c494613d3aa378fb20e47d69b51245b538e
freesolv,f58f8a95565cd02f,CCC/C=C/C=O,hydration_free_energy,kcal/mol,validation,,-3.680000066757202,-3.1721217608567254,-6.871675912597491,0.5274323908840395,random,2027,node_gnn,node_gnn,none,none,721e3c494613d3aa378fb20e47d69b51245b538e
freesolv,12b118fa49abcab8,CCC=O,hydration_free_energy,kcal/mol,train,,-3.430000066757202,-6.438512523630246,-10.138066675371011,-2.738958371889481,random,2027,node_gnn,node_gnn,none,none,721e3c494613d3aa378fb20e47d69b51245b538e
freesolv,5a7f7c6b893c81e5,CCCBr,hydration_free_energy,kcal/mol,train,,-0.5600000023841858,-3.2522854897760394,-6.951839641516804,0.4472686619647255,random,2027,node_gnn,node_gnn,none,none,721e3c494613d3aa378fb20e47d69b51245b538e
freesolv,0c02aaf039e3096f,CCCC,hydration_free_energy,kcal/mol,train,,2.0999999046325684,-5.111409648511371,-8.810963800252136,-1.411855496770606,random,2027,node_gnn,node_gnn,none,none,721e3c494613d3aa378fb20e47d69b51245b538e
freesolv,bdf503d5fea27e4f,CCCC#N,hydration_free_energy,kcal/mol,train,,-3.640000104904175,-1.7767590778553148,-5.47631322959608,1.92279507388545,random,2027,node_gnn,node_gnn,none,none,721e3c494613d3aa378fb20e47d69b51245b538e
freesolv,363c7fa2de9ba737,CCCC(=O)CCC,hydration_free_energy,kcal/mol,train,,-2.9200000762939453,-3.238674148780664,-6.938228300521429,0.460880002960101,random,2027,node_gnn,node_gnn,none,none,721e3c494613d3aa378fb20e47d69b51245b538e
freesolv,7e19891bed0df61a,CCCC(=O)O,hydration_free_energy,kcal/mol,train,,-6.349999904632568,-25.10791541527136,-28.807469567012127,-21.408361263530594,random,2027,node_gnn,node_gnn,none,none,721e3c494613d3aa378fb20e47d69b51245b538e
freesolv,74fe519ef396aa2d,CCCC(=O)OC,hydration_free_energy,kcal/mol,train,,-2.8299999237060547,0.8102163940476994,-2.8893377576930654,4.509770545788465,random,2027,node_gnn,node_gnn,none,none,721e3c494613d3aa378fb20e47d69b51245b538e
freesolv,875e5e4c442371b3,CCCC(=O)OCC,hydration_free_energy,kcal/mol,train,,-2.490000009536743,-4.751761042737494,-8.451315194478259,-1.0522068909967288,random,2027,node_gnn,node_gnn,none,none,721e3c494613d3aa378fb20e47d69b51245b538e
freesolv,03542dfab9a8b00c,CCCC(C)(C)C,hydration_free_energy,kcal/mol,test,,2.880000114440918,2.7189715278090847,-0.9805826239316802,6.41852567954985,random,2027,node_gnn,node_gnn,none,none,721e3c494613d3aa378fb20e47d69b51245b538e
freesolv,f1b212ed322c6018,CCCC(C)(C)O,hydration_free_energy,kcal/mol,train,,-3.9200000762939453,-6.6684493668037135,-10.368003518544478,-2.9688952150629486,random,2027,node_gnn,node_gnn,none,none,721e3c494613d3aa378fb20e47d69b51245b538e
freesolv,39533f2780e046ad,CCCC(C)=O,hydration_free_energy,kcal/mol,train,,-3.5199999809265137,-2.969862743176394,-6.669416894917159,0.7296914085643706,random,2027,node_gnn,node_gnn,none,none,721e3c494613d3aa378fb20e47d69b51245b538e
freesolv,b26bad70227ef601,CCCC(C)C,hydration_free_energy,kcal/mol,validation,,2.509999990463257,3.2481612030988622,-0.4513929486419026,6.947715354839627,random,2027,node_gnn,node_gnn,none,none,721e3c494613d3aa378fb20e47d69b51245b538e
freesolv,aa05bf74b194f434,CCCC1CCCC1,hydration_free_energy,kcal/mol,train,,2.130000114440918,-2.4688084493035305,-6.168362601044295,1.2307457024372344,random,2027,node_gnn,node_gnn,none,none,721e3c494613d3aa378fb20e47d69b51245b538e
freesolv,397cb77fff01ff68,CCCC=O,hydration_free_energy,kcal/mol,test,,-3.180000066757202,-3.09971787253374,-6.799272024274504,0.5998362792070249,random,2027,node_gnn,node_gnn,none,none,721e3c494613d3aa378fb20e47d69b51245b538e
freesolv,dbe273c607f375c1,CCCCBr,hydration_free_energy,kcal/mol,train,,-0.4000000059604645,-6.011369881449578,-9.710924033190343,-2.3118157297088135,random,2027,node_gnn,node_gnn,none,none,721e3c494613d3aa378fb20e47d69b51245b538e
freesolv,c65a887de1f68c42,CCCCC,hydration_free_energy,kcal/mol,train,,2.299999952316284,-4.5004541667444125,-8.200008318485178,-0.8009000150036476,random,2027,node_gnn,node_gnn,none,none,721e3c494613d3aa378fb20e47d69b51245b538e
freesolv,41df5f7378e36325,CCCCC#N,hydration_free_energy,kcal/mol,test,,-3.5199999809265137,-3.606307122656023,-7.305861274396788,0.09324702908474203,random,2027,node_gnn,node_gnn,none,none,721e3c494613d3aa378fb20e47d69b51245b538e
freesolv,e6007044d8c0034f,CCCCC(=O)CCCC,hydration_free_energy,kcal/mol,train,,-2.640000104904175,-6.674351298297548,-10.373905450038313,-2.9747971465567833,random,2027,node_gnn,node_gnn,none,none,721e3c494613d3aa378fb20e47d69b51245b538e
freesolv,32ecc9982d398376,CCCCC(=O)O,hydration_free_energy,kcal/mol,train,,-6.159999847412109,2.948344094131538,-0.7512100576092267,6.6478982458723035,random,2027,node_gnn,node_gnn,none,none,721e3c494613d3aa378fb20e47d69b51245b538e
freesolv,6751478463d88fc8,CCCCC(=O)OC,hydration_free_energy,kcal/mol,train,,-2.559999942779541,-6.066192042676872,-9.765746194417638,-2.366637890936107,random,2027,node_gnn,node_gnn,none,none,721e3c494613d3aa378fb20e47d69b51245b538e
freesolv,5c2b6f5593568a0c,CCCCC(=O)OCC,hydration_free_energy,kcal/mol,validation,,-2.490000009536743,-2.5077325238114474,-6.207286675552212,1.1918216279293175,random,2027,node_gnn,node_gnn,none,none,721e3c494613d3aa378fb20e47d69b51245b538e
freesolv,1af343ef31d31c1a,CCCCC(C)=O,hydration_free_energy,kcal/mol,train,,-3.2799999713897705,-5.3162867177866975,-9.015840869527462,-1.6167325660459326,random,2027,node_gnn,node_gnn,none,none,721e3c494613d3aa378fb20e47d69b51245b538e
freesolv,b312f6bfc607a5c1,CCCCC(C)C,hydration_free_energy,kcal/mol,train,,2.930000066757202,-1.8288857602486908,-5.528439911989455,1.870668391492074,random,2027,node_gnn,node_gnn,none,none,721e3c494613d3aa378fb20e47d69b51245b538e
freesolv,ff3070e7bd7554be,CCCCC/C=C/C=O,hydration_free_energy,kcal/mol,train,,-3.430000066757202,-6.316385643636732,-10.015939795377497,-2.616831491895967,random,2027,node_gnn,node_gnn,none,none,721e3c494613d3aa378fb20e47d69b51245b538e
freesolv,f448cc7ab5087548,CCCCC=O,hydration_free_energy,kcal/mol,validation,,-3.0299999713897705,-3.0388236466659615,-6.738377798406726,0.6607305050748034,random,2027,node_gnn,node_gnn,none,none,721e3c494613d3aa378fb20e47d69b51245b538e
freesolv,133c9950c099219b,CCCCCBr,hydration_free_energy,kcal/mol,train,,-0.10000000149011612,-4.09282815721132,-7.792382308952085,-0.39327400547055547,random,2027,node_gnn,node_gnn,none,none,721e3c494613d3aa378fb20e47d69b51245b538e
freesolv,b9d709c5baaf140a,CCCCCC,hydration_free_energy,kcal/mol,validation,,2.4800000190734863,3.1533456903015105,-0.5462084614392544,6.852899842042275,random,2027,node_gnn,node_gnn,none,none,721e3c494613d3aa378fb20e47d69b51245b538e
freesolv,6fba198d3d1721fb,CCCCCC(=O)O,hydration_free_energy,kcal/mol,train,,-6.210000038146973,-0.6316111332202361,-4.331165284961001,3.0679430185205288,random,2027,node_gnn,node_gnn,none,none,721e3c494613d3aa378fb20e47d69b51245b538e
freesolv,b6b4fcf38b80bb62,CCCCCC(=O)OC,hydration_free_energy,kcal/mol,test,,-2.490000009536743,-2.41472736095203,-6.114281512692795,1.2848267907887347,random,2027,node_gnn,node_gnn,none,none,721e3c494613d3aa378fb20e47d69b51245b538e
freesolv,c27d3eb691086c0e,CCCCCC(=O)OCC,hydration_free_energy,kcal/mol,test,,-2.2300000190734863,-2.403328095494752,-6.102882247235517,1.296226056246013,random,2027,node_gnn,node_gnn,none,none,721e3c494613d3aa378fb20e47d69b51245b538e
freesolv,ece018572b2d8a14,CCCCCC(C)=O,hydration_free_energy,kcal/mol,train,,-3.0399999618530273,-2.028658835124472,-5.728212986865237,1.670895316616293,random,2027,node_gnn,node_gnn,none,none,721e3c494613d3aa378fb20e47d69b51245b538e
freesolv,721a178df646ca1b,CCCCCC(N)=O,hydration_free_energy,kcal/mol,calibration,,-9.3100004196167,-8.264823960503653,-11.964378112244418,-4.5652698087628885,random,2027,node_gnn,node_gnn,none,none,721e3c494613d3aa378fb20e47d69b51245b538e
freesolv,3246863db31fc62b,CCCCCC1CCCC1,hydration_free_energy,kcal/mol,train,,2.549999952316284,-2.8913299259944276,-6.5908840777351925,0.8082242257463372,random,2027,node_gnn,node_gnn,none,none,721e3c494613d3aa378fb20e47d69b51245b538e
freesolv,2a429658212632e6,CCCCCC=O,hydration_free_energy,kcal/mol,calibration,,-2.809999942779541,-2.950973139055295,-6.6505272907960595,0.7485810126854697,random,2027,node_gnn,node_gnn,none,none,721e3c494613d3aa378fb20e47d69b51245b538e
freesolv,fa17305ea323628e,CCCCCCBr,hydration_free_energy,kcal/mol,calibration,,0.18000000715255737,-0.07176808296766168,-3.7713222347084265,3.627786068773103,random,2027,node_gnn,node_gnn,none,none,721e3c494613d3aa378fb20e47d69b51245b538e
freesolv,0d31a6c328196dcb,CCCCCCC,hydration_free_energy,kcal/mol,train,,2.6700000762939453,-8.870975392263981,-12.570529544004746,-5.171421240523216,random,2027,node_gnn,node_gnn,none,none,721e3c494613d3aa378fb20e47d69b51245b538e
freesolv,95b742928f6b9c7c,CCCCCCC(C)=O,hydration_free_energy,kcal/mol,train,,-2.880000114440918,-5.374573345885507,-9.074127497626272,-1.6750191941447419,random,2027,node_gnn,node_gnn,none,none,721e3c494613d3aa378fb20e47d69b51245b538e
freesolv,94d55096ffe1cf8f,CCCCCCC=O,hydration_free_energy,kcal/mol,train,,-2.6700000762939453,-7.541502370567311,-11.241056522308076,-3.8419482188265466,random,2027,node_gnn,node_gnn,none,none,721e3c494613d3aa378fb20e47d69b51245b538e
freesolv,e5f6857cc48520e1,CCCCCCCBr,hydration_free_energy,kcal/mol,train,,0.3400000035762787,-6.1327939426779245,-9.83234809441869,-2.4332397909371597,random,2027,node_gnn,node_gnn,none,none,721e3c494613d3aa378fb20e47d69b51245b538e
freesolv,b8c87ca6a3bbaf9a,CCCCCCCC,hydration_free_energy,kcal/mol,train,,2.880000114440918,-1.946690270373259,-5.646244422114024,1.752863881367506,random,2027,node_gnn,node_gnn,none,none,721e3c494613d3aa378fb20e47d69b51245b538e
freesolv,aa39ba56ac3bb10c,CCCCCCCC(=O)OC,hydration_free_energy,kcal/mol,train,,-2.0399999618530273,-5.263932693396547,-8.96348684513731,-1.564378541655782,random,2027,node_gnn,node_gnn,none,none,721e3c494613d3aa378fb20e47d69b51245b538e
freesolv,abda4bc05ccb6a0f,CCCCCCCC(C)=O,hydration_free_energy,kcal/mol,train,,-2.490000009536743,-0.1922490023094392,-3.891803154050204,3.5073051494313257,random,2027,node_gnn,node_gnn,none,none,721e3c494613d3aa378fb20e47d69b51245b538e
freesolv,4be165ba79237734,CCCCCCCC=O,hydration_free_energy,kcal/mol,calibration,,-2.2899999618530273,-2.760872954938698,-6.460427106679463,0.938681196802067,random,2027,node_gnn,node_gnn,none,none,721e3c494613d3aa378fb20e47d69b51245b538e
freesolv,09f8afe9d3b8d320,CCCCCCCCBr,hydration_free_energy,kcal/mol,train,,0.5199999809265137,0.11986318459159007,-3.579690967149175,3.819417336332355,random,2027,node_gnn,node_gnn,none,none,721e3c494613d3aa378fb20e47d69b51245b538e
freesolv,c1789540a8674e1a,CCCCCCCCC,hydration_free_energy,kcal/mol,calibration,,3.130000114440918,3.189445163992501,-0.5101089877482639,6.888999315733265,random,2027,node_gnn,node_gnn,none,none,721e3c494613d3aa378fb20e47d69b51245b538e
freesolv,4a3ffcd0d28fe78b,CCCCCCCCC(C)=O,hydration_free_energy,kcal/mol,train,,-2.3399999141693115,1.4784635524056022,-2.2210905993351626,5.178017704146367,random,2027,node_gnn,node_gnn,none,none,721e3c494613d3aa378fb20e47d69b51245b538e
freesolv,ec8b98d1cb1ce133,CCCCCCCCC=O,hydration_free_energy,kcal/mol,train,,-2.069999933242798,-2.395960215935813,-6.095514367676578,1.303593935804952,random,2027,node_gnn,node_gnn,none,none,721e3c494613d3aa378fb20e47d69b51245b538e
freesolv,75b6097552666ac9,CCCCCCCCCC,hydration_free_energy,kcal/mol,train,,3.1600000858306885,-7.73681981801161,-11.436373969752374,-4.037265666270845,random,2027,node_gnn,node_gnn,none,none,721e3c494613d3aa378fb20e47d69b51245b538e
freesolv,f39cab9e03836a2a,CCCCCCCCCC(C)=O,hydration_free_energy,kcal/mol,validation,,-2.1500000953674316,-2.5689543794795298,-6.268508531220295,1.130599772261235,random,2027,node_gnn,node_gnn,none,none,721e3c494613d3aa378fb20e47d69b51245b538e
freesolv,f291a8c4f28957ac,CCCCCCCCCCO,hydration_free_energy,kcal/mol,train,,-3.640000104904175,-2.9668606570714355,-6.666414808812201,0.7326934946693293,random,2027,node_gnn,node_gnn,none,none,721e3c494613d3aa378fb20e47d69b51245b538e
freesolv,47c556dcc89524e8,CCCCCCCCCO,hydration_free_energy,kcal/mol,train,,-3.880000114440918,-3.4979879662468107,-7.197542117987576,0.2015661854939541,random,2027,node_gnn,node_gnn,none,none,721e3c494613d3aa378fb20e47d69b51245b538e
freesolv,8d563aedccae05a5,CCCCCCCCN,hydration_free_energy,kcal/mol,validation,,-3.6500000953674316,-3.7193157390558054,-7.41886989079657,-0.01976158731504052,random,2027,node_gnn,node_gnn,none,none,721e3c494613d3aa378fb20e47d69b51245b538e
freesolv,792f87dcc6bad3ab,CCCCCCCCO,hydration_free_energy,kcal/mol,train,,-4.090000152587891,-6.376016105327391,-10.075570257068156,-2.6764619535866263,random,2027,node_gnn,node_gnn,none,none,721e3c494613d3aa378fb20e47d69b51245b538e
freesolv,7160687123739e47,CCCCCCCCl,hydration_free_energy,kcal/mol,train,,0.28999999165534973,-11.932689661369235,-15.63224381311,-8.23313550962847,random,2027,node_gnn,node_gnn,none,none,721e3c494613d3aa378fb20e47d69b51245b538e
freesolv,d314880f871cdc72,CCCCCCCI,hydration_free_energy,kcal/mol,train,,0.27000001072883606,-0.26483853220230236,-3.964392683943067,3.4347156195384625,random,2027,node_gnn,node_gnn,none,none,721e3c494613d3aa378fb20e47d69b51245b538e
freesolv,52c877fb1fc39037,CCCCCCCN,hydration_free_energy,kcal/mol,train,,-3.7899999618530273,-4.392429756534405,-8.09198390827517,-0.69287560479364,random,2027,node_gnn,node_gnn,none,none,721e3c494613d3aa378fb20e47d69b51245b538e
freesolv,26d2aa460794e065,CCCCCCCO,hydration_free_energy,kcal/mol,validation,,-4.210000038146973,-4.502228330361486,-8.201782482102251,-0.8026741786207214,random,2027,node_gnn,node_gnn,none,none,721e3c494613d3aa378fb20e47d69b51245b538e
freesolv,025d577d95efe3b4,CCCCCCCl,hydration_free_energy,kcal/mol,train,,0.0,-2.792391929671933,-6.4919460814126975,0.9071622220688318,random,2027,node_gnn,node_gnn,none,none,721e3c494613d3aa378fb20e47d69b51245b538e
freesolv,88afe17e741468f3,CCCCCCI,hydration_free_energy,kcal/mol,calibration,,0.07999999821186066,-0.43756330869072,-4.137117460431485,3.261990843050045,random,2027,node_gnn,node_gnn,none,none,721e3c494613d3aa378fb20e47d69b51245b538e
freesolv,9e36e298d03ebb99,CCCCCCN,hydration_free_energy,kcal/mol,train,,-3.950000047683716,-1.6850634003022318,-5.384617552042997,2.014490751438533,random,2027,node_gnn,node_gnn,none,none,721e3c494613d3aa378fb20e47d69b51245b538e
freesolv,67a84046ee2724da,CCCCCCO,hydration_free_energy,kcal/mol,train,,-4.400000095367432,-6.0654225951304355,-9.7649767468712,-2.3658684433896706,random,2027,node_gnn,node_gnn,none,none,721e3c494613d3aa378fb20e47d69b51245b538e
freesolv,045b8d8a43ece3f6,CCCCCCOC(C)=O,hydration_free_energy,kcal/mol,train,,-2.259999990463257,-3.365997786520058,-7.065551938260823,0.33355636522070675,random,2027,node_gnn,node_gnn,none,none,721e3c494613d3aa378fb20e47d69b51245b538e
freesolv,2fd5e6e45fde1339,CCCCCCO[N+](=O)[O-],hydration_free_energy,kcal/mol,calibration,,-1.659999966621399,-1.7898904618711429,-5.489444613611908,1.909663689869622,random,2027,node_gnn,node_gnn,none,none,721e3c494613d3aa378fb20e47d69b51245b538e
freesolv,cd6c3d0610e05c69,CCCCCCc1ccccc1,hydration_free_energy,kcal/mol,train,,-0.03999999910593033,1.3880800023346622,-2.3114741494061026,5.0876341540754275,random,2027,node_gnn,node_gnn,none,none,721e3c494613d3aa378fb20e47d69b51245b538e
freesolv,8ac2131167ce2101,CCCCCCl,hydration_free_energy,kcal/mol,train,,-0.10000000149011612,-1.6592314218046362,-5.358785573545401,2.0403227299361286,random,2027,node_gnn,node_gnn,none,none,721e3c494613d3aa378fb20e47d69b51245b538e
freesolv,61a8967b60de201c,CCCCCI,hydration_free_energy,kcal/mol,test,,-0.14000000059604645,-0.5351855014603806,-4.234739653201146,3.1643686502803843,random,2027,node_gnn,node_gnn,none,none,721e3c494613d3aa378fb20e47d69b51245b538e
freesolv,964f1e46b133a777,CCCCCN,hydration_free_energy,kcal/mol,train,,-4.090000152587891,-3.809354169271359,-7.5089083210121235,-0.10980001753059421,random,2027,node_gnn,node_gnn,none,none,721e3c494613d3aa378fb20e47d69b51245b538e
freesolv,b360cef7ae377473,CCCCCO,hydration_free_energy,kcal/mol,validation,,-4.570000171661377,-4.816449088435229,-8.516003240175994,-1.1168949366944645,random,2027,node_gnn,node_gnn,none,none,721e3c494613d3aa378fb20e47d69b51245b538e
freesolv,0c072a2731172132,CCCCCOC(=O)CC,hydration_free_energy,kcal/mol,test,,-2.109999895095825,-2.6228154779756365,-6.322369629716402,1.0767386737651283,random,2027,node_gnn,node_gnn,none,none,721e3c494613d3aa378fb20e47d69b51245b538e
freesolv,5f4efc6ed5a32666,CCCCCOC(C)=O,hydration_free_energy,kcal/mol,train,,-2.509999990463257,-5.590969612424394,-9.290523764165158,-1.8914154606836293,random,2027,node_gnn,node_gnn,none,none,721e3c494613d3aa378fb20e47d69b51245b538e
freesolv,a580f6b292969b53,CCCCC[N+](=O)[O-],hydration_free_energy,kcal/mol,calibration,,-2.819999933242798,-2.4699406790762497,-6.1694948308170146,1.2296134726645152,random,2027,node_gnn,node_gnn,none,none,721e3c494613d3aa378fb20e47d69b51245b538e
freesolv,468b092da3632d2d,CCCCCc1ccccc1,hydration_free_energy,kcal/mol,train,,-0.23000000417232513,-0.1905258441731985,-3.8900799959139634,3.5090283075675663,random,2027,node_gnn,node_gnn,none,none,721e3c494613d3aa378fb20e47d69b51245b538e
freesolv,c514ddd9e3b812c1,CCCCCl,hydration_free_energy,kcal/mol,calibration,,-0.1599999964237213,-0.0698491740671443,-3.769403325807909,3.6297049776736205,random,2027,node_gnn,node_gnn,none,none,721e3c494613d3aa378fb20e47d69b51245b538e
freesolv,0d8fa2ca3dfd887f,CCCCI,hydration_free_energy,kcal/mol,train,,-0.25,-0.6953794719820547,-4.394933623722819,3.00417467975871,random,2027,node_gnn,node_gnn,none,none,721e3c494613d3aa378fb20e47d69b51245b538e
freesolv,49a122776d5ed26c,CCCCN,hydration_free_energy,kcal/mol,train,,-4.239999771118164,-1.1480427754237037,-4.847596927164469,2.551511376317061,random,2027,node_gnn,node_gnn,none,none,721e3c494613d3aa378fb20e47d69b51245b538e
freesolv,d21d0b3984a63f44,CCCCN(CC)C(=O)SCCC,hydration_free_energy,kcal/mol,train,,-3.640000104904175,-3.164245779402014,-6.863799931142779,0.5353083723387511,random,2027,node_gnn,node_gnn,none,none,721e3c494613d3aa378fb20e47d69b51245b538e
freesolv,80fb9cecc75acbd8,CCCCN(CC)c1c([N+](=O)[O-])cc(C(F)(F)F)cc1[N+](=O)[O-],hydration_free_energy,kcal/mol,train,,-3.509999990463257,-2.679932196577148,-6.379486348317913,1.019621955163617,random,2027,node_gnn,node_gnn,none,none,721e3c494613d3aa378fb20e47d69b51245b538e
freesolv,a629bf56a3d8d9a4,CCCCNCCCC,hydration_free_energy,kcal/mol,train,,-3.240000009536743,-0.6425051687119687,-4.342059320452734,3.057048983028796,random,2027,node_gnn,node_gnn,none,none,721e3c494613d3aa378fb20e47d69b51245b538e
freesolv,05c1bfb084995387,CCCCO,hydration_free_energy,kcal/mol,train,,-4.71999979019165,2.3796775552037386,-1.3198765965370263,6.079231706944503,random,2027,node_gnn,node_gnn,none,none,721e3c494613d3aa378fb20e47d69b51245b538e
freesolv,568d2f3ccef5f29e,CCCCOC(=O)c1ccc(O)cc1,hydration_free_energy,kcal/mol,calibration,,-8.720000267028809,-8.604777787797971,-12.304331939538736,-4.905223636057206,random,2027,node_gnn,node_gnn,none,none,721e3c494613d3aa378fb20e47d69b51245b538e
freesolv,46583bb6ead842fb,CCCCOC(C)=O,hydration_free_energy,kcal/mol,train,,-2.640000104904175,-2.8452426831141575,-6.544796834854923,0.8543114686266073,random,2027,node_gnn,node_gnn,none,none,721e3c494613d3aa378fb20e47d69b51245b538e
freesolv,9db897b9a26af7f8,CCCCOCCCC,hydration_free_energy,kcal/mol,train,,-0.8299999833106995,-2.4549108343031207,-6.154464986043886,1.2446433174376441,random,2027,node_gnn,node_gnn,none,none,721e3c494613d3aa378fb20e47d69b51245b538e
freesolv,f95f835b86cb25c6,CCCCOCCO,hydration_free_energy,kcal/mol,validation,,-6.25,-6.016894326434366,-9.716448478175131,-2.3173401746936015,random,2027,node_gnn,node_gnn,none,none,721e3c494613d3aa378fb20e47d69b51245b538e
freesolv,2caada664cae6a44,CCCCOC[C@H](C)O,hydration_free_energy,kcal/mol,train,,-5.730000019073486,3.212489991643331,-0.4870641600974337,6.912044143384096,random,2027,node_gnn,node_gnn,none,none,721e3c494613d3aa378fb20e47d69b51245b538e
freesolv,cde238e2926e5f58,CCCCO[N+](=O)[O-],hydration_free_energy,kcal/mol,train,,-2.0899999141693115,2.3987090326780547,-1.3008451190627102,6.098263184418819,random,2027,node_gnn,node_gnn,none,none,721e3c494613d3aa378fb20e47d69b51245b538e
freesolv,6287c96eb11ffacf,CCCCS,hydration_free_energy,kcal/mol,train,,-0.9900000095367432,3.0616332406759006,-0.6379209110648643,6.761187392416666,random,2027,node_gnn,node_gnn,none,none,721e3c494613d3aa378fb20e47d69b51245b538e
freesolv,e63ff875f53e1b76,CCCC[C@@H](C)CC,hydration_free_energy,kcal/mol,train,,2.9700000286102295,-14.572179181614652,-18.271733333355417,-10.872625029873888,random,2027,node_gnn,node_gnn,none,none,721e3c494613d3aa378fb20e47d69b51245b538e
freesolv,4297266e950b3a36,CCCC[N+](=O)[O-],hydration_free_energy,kcal/mol,train,,-3.0899999141693115,1.0066398792610465,-2.6929142724797184,4.706194031001811,random,2027,node_gnn,node_gnn,none,none,721e3c494613d3aa378fb20e47d69b51245b538e
freesolv,0d50519807301d63,CCCCc1ccccc1,hydration_free_energy,kcal/mol,train,,-0.4000000059604645,-2.317040147682029,-6.016594299422794,1.382514004058736,random,2027,node_gnn,node_gnn,none,none,721e3c494613d3aa378fb20e47d69b51245b538e
freesolv,b28f009eb10da6e6,CCCCl,hydration_free_energy,kcal/mol,train,,-0.33000001311302185,-2.8022284055768503,-6.501782557317615,0.8973257461639146,random,2027,node_gnn,node_gnn,none,none,721e3c494613d3aa378fb20e47d69b51245b538e
freesolv,ea2c409d9d4aedd5,CCCI,hydration_free_energy,kcal/mol,calibration,,-0.5299999713897705,-0.7617830939202315,-4.461337245660996,2.9377710578205334,random,2027,node_gnn,node_gnn,none,none,721e3c494613d3aa378fb20e47d69b51245b538e
freesolv,4a77fe430575ea6c,CCCN,hydration_free_energy,kcal/mol,train,,-4.389999866485596,-7.2120786477663525,-10.911632799507117,-3.5125244960255877,random,2027,node_gnn,node_gnn,none,none,721e3c494613d3aa378fb20e47d69b51245b538e
freesolv,2628eefa16acabf5,CCCN(CC1CC1)c1c([N+](=O)[O-])cc(C(F)(F)F)cc1[N+](=O)[O-],hydration_free_energy,kcal/mol,validation,,-2.450000047683716,-3.8430933614648852,-7.54264751320565,-0.14353920972412038,random,2027,node_gnn,node_gnn,none,none,721e3c494613d3aa378fb20e47d69b51245b538e
freesolv,2ed1f3bed4d2e8b5,CCCN(CCC)c1c([N+](=O)[O-])cc(C(F)(F)F)cc1[N+](=O)[O-],hydration_free_energy,kcal/mol,train,,-3.25,-2.457777020669735,-6.157331172410499,1.24177713107103,random,2027,node_gnn,node_gnn,none,none,721e3c494613d3aa378fb20e47d69b51245b538e
freesolv,b54ecd51b4236e1f,CCCN(CCC)c1c([N+](=O)[O-])cc(S(C)(=O)=O)cc1[N+](=O)[O-],hydration_free_energy,kcal/mol,train,,-7.980000019073486,0.015447613185613385,-3.6841065385551515,3.7150017649263782,random,2027,node_gnn,node_gnn,none,none,721e3c494613d3aa378fb20e47d69b51245b538e
freesolv,c5cecb085a70d066,CCCNCCC,hydration_free_energy,kcal/mol,train,,-3.6500000953674316,0.31777961401417576,-3.381774537726589,4.017333765754941,random,2027,node_gnn,node_gnn,none,none,721e3c494613d3aa378fb20e47d69b51245b538e
freesolv,14e1e55c7f98f735,CCCO,hydration_free_energy,kcal/mol,train,,-4.849999904632568,-2.1168106656545618,-5.816364817395327,1.582743486086203,random,2027,node_gnn,node_gnn,none,none,721e3c494613d3aa378fb20e47d69b51245b538e
freesolv,2a3bb72367a885ab,CCCOC,hydration_free_energy,kcal/mol,test,,-1.659999966621399,-1.799670188434773,-5.499224340175537,1.8998839633059919,random,2027,node_gnn,node_gnn,none,none,721e3c494613d3aa378fb20e47d69b51245b538e
freesolv,9516158b89342f01,CCCOC(=O)CC,hydration_free_energy,kcal/mol,train,,-2.440000057220459,-2.595451611894923,-6.295005763635688,1.104102539845842,random,2027,node_gnn,node_gnn,none,none,721e3c494613d3aa378fb20e47d69b51245b538e
freesolv,f035596c68056a32,CCCOC(=O)CCC,hydration_free_energy,kcal/mol,train,,-2.2799999713897705,-2.6435471381443776,-6.343101289885142,1.0560070135963873,random,2027,node_gnn,node_gnn,none,none,721e3c494613d3aa378fb20e47d69b51245b538e
freesolv,ea0843191f1b6e45,CCCOC(=O)c1ccc(O)cc1,hydration_free_energy,kcal/mol,train,,-9.369999885559082,-7.564753058176818,-11.264307209917582,-3.865198906436053,random,2027,node_gnn,node_gnn,none,none,721e3c494613d3aa378fb20e47d69b51245b538e
freesolv,18552703d063ac27,CCCOC(C)=O,hydration_free_energy,kcal/mol,train,,-2.7899999618530273,-7.833505072263993,-11.533059224004758,-4.133950920523228,random,2027,node_gnn,node_gnn,none,none,721e3c494613d3aa378fb20e47d69b51245b538e
freesolv,057b911b93e037d5,CCCOC=O,hydration_free_energy,kcal/mol,train,,-2.4800000190734863,2.3382748900326527,-1.3612792617081122,6.037829041773417,random,2027,node_gnn,node_gnn,none,none,721e3c494613d3aa378fb20e47d69b51245b538e
freesolv,71c0327f59bc314e,CCCOCCC,hydration_free_energy,kcal/mol,calibration,,-1.159999966621399,-1.5708527087866075,-5.270406860527372,2.1287014429541573,random,2027,node_gnn,node_gnn,none,none,721e3c494613d3aa378fb20e47d69b51245b538e
freesolv,521c123566b724eb,CCCOCCO,hydration_free_energy,kcal/mol,train,,-6.400000095367432,-5.380021857035092,-9.079576008775856,-1.680467705294327,random,2027,node_gnn,node_gnn,none,none,721e3c494613d3aa378fb20e47d69b51245b538e
freesolv,63f950a5f14d4dfc,CCCS,hydration_free_energy,kcal/mol,test,,-1.100000023841858,-1.9970375047979434,-5.6965916565387085,1.7025166469428215,random,2027,node_gnn,node_gnn,none,none,721e3c494613d3aa378fb20e47d69b51245b538e
freesolv,e54fed017ace88c1,CCCSC(=O)N(CCC)CCC,hydration_free_energy,kcal/mol,calibration,,-4.130000114440918,-3.950231063217286,-7.649785214958051,-0.25067691147652127,random,2027,node_gnn,node_gnn,none,none,721e3c494613d3aa378fb20e47d69b51245b538e
freesolv,b1b55628116aeb6c,CCCSCCC,hydration_free_energy,kcal/mol,train,,-1.2799999713897705,-5.379775100789982,-9.079329252530748,-1.6802209490492173,random,2027,node_gnn,node_gnn,none,none,721e3c494613d3aa378fb20e47d69b51245b538e
freesolv,e3c745ed4598aaaa,CCC[C@@H](C)O,hydration_free_energy,kcal/mol,train,,-4.389999866485596,-0.7649010911291549,-4.46445524286992,2.93465306061161,random,2027,node_gnn,node_gnn,none,none,721e3c494613d3aa378fb20e47d69b51245b538e
freesolv,d5ee437817540c30,CCC[C@@H](O)CC,hydration_free_energy,kcal/mol,calibration,,-4.059999942779541,-3.9404976178092648,-7.64005176955003,-0.24094346606849992,random,2027,node_gnn,node_gnn,none,none,721e3c494613d3aa378fb20e47d69b51245b538e
freesolv,a63b1c7e6ba8bcb0,CCC[C@H](C)CC,hydration_free_energy,kcal/mol,test,,2.7100000381469727,3.147838017389248,-0.5517161343515169,6.847392169130012,random,2027,node_gnn,node_gnn,none,none,721e3c494613d3aa378fb20e47d69b51245b538e
freesolv,cd5b9b418bb348af,CCC[N+](=O)[O-],hydration_free_energy,kcal/mol,validation,,-3.3399999141693115,-2.7203000478488164,-6.419854199589581,0.9792541038919484,random,2027,node_gnn,node_gnn,none,none,721e3c494613d3aa378fb20e47d69b51245b538e
freesolv,c5c03d560157f2ad,CCCc1ccc(O)c(OC)c1,hydration_free_energy,kcal/mol,train,,-5.260000228881836,-4.918083482609313,-8.617637634350078,-1.2185293308685479,random,2027,node_gnn,node_gnn,none,none,721e3c494613d3aa378fb20e47d69b51245b538e
freesolv,563deebbd969756a,CCCc1ccc(O)cc1,hydration_free_energy,kcal/mol,train,,-5.210000038146973,-4.302987108244456,-8.002541259985222,-0.6034329565036911,random,2027,node_gnn,node_gnn,none,none,721e3c494613d3aa378fb20e47d69b51245b538e
freesolv,5c778e54f5d0e8db,CCCc1ccccc1,hydration_free_energy,kcal/mol,test,,-0.5299999713897705,-0.3736107068855321,-4.073164858626297,3.3259434448552327,random,2027,node_gnn,node_gnn,none,none,721e3c494613d3aa378fb20e47d69b51245b538e
freesolv,015ecefa34d9ae39,CCCl,hydration_free_energy,kcal/mol,train,,-0.6299999952316284,-0.2468257858181313,-3.946379937558896,3.4527283659226335,random,2027,node_gnn,node_gnn,none,none,721e3c494613d3aa378fb20e47d69b51245b538e
freesolv,e6833630dd227931,CCI,hydration_free_energy,kcal/mol,train,,-0.7400000095367432,-0.9346912144343453,-4.63424536617511,2.7648629373064195,random,2027,node_gnn,node_gnn,none,none,721e3c494613d3aa378fb20e47d69b51245b538e
freesolv,5358de96aa5a405c,CCN,hydration_free_energy,kcal/mol,test,,-4.5,-4.899033739658752,-8.598587891399518,-1.1994795879179874,random,2027,node_gnn,node_gnn,none,none,721e3c494613d3aa378fb20e47d69b51245b538e
freesolv,2e65611bdb8133fc,CCN(CC)CC,hydration_free_energy,kcal/mol,train,,-3.2200000286102295,-3.517712268169105,-7.21726641990987,0.18184188357165976,random,2027,node_gnn,node_gnn,none,none,721e3c494613d3aa378fb20e47d69b51245b538e
freesolv,a4faf5093d2ab9ee,CCN(CC)c1c([N+](=O)[O-])cc(C(F)(F)F)c(N)c1[N+](=O)[O-],hydration_free_energy,kcal/mol,validation,,-5.659999847412109,-5.5944617647033,-9.294015916444064,-1.8949076129625348,random,2027,node_gnn,node_gnn,none,none,721e3c494613d3aa378fb20e47d69b51245b538e
freesolv,f3ee692836994141,CCNCC,hydration_free_energy,kcal/mol,train,,-4.070000171661377,2.386822458099848,-1.312731693640917,6.086376609840613,random,2027,node_gnn,node_gnn,none,none,721e3c494613d3aa378fb20e47d69b51245b538e
freesolv,c506d303fb751324,CCNc1nc(Cl)nc(NCC)n1,hydration_free_energy,kcal/mol,train,,-10.220000267028809,-4.305686780096504,-8.00524093183727,-0.6061326283557396,random,2027,node_gnn,node_gnn,none,none,721e3c494613d3aa378fb20e47d69b51245b538e
freesolv,f0b13e9a8de1870e,CCNc1nc(NC(C)(C)C)nc(SC)n1,hydration_free_energy,kcal/mol,train,,-6.679999828338623,-1.9264525822035736,-5.6260067339443385,1.7731015695371912,random,2027,node_gnn,node_gnn,none,none,721e3c494613d3aa378fb20e47d69b51245b538e
freesolv,48cf6f23e72121d4,CCNc1nc(NC(C)C)nc(SC)n1,hydration_free_energy,kcal/mol,test,,-7.650000095367432,-9.299408105502648,-12.998962257243413,-5.599853953761883,random,2027,node_gnn,node_gnn,none,none,721e3c494613d3aa378fb20e47d69b51245b538e
freesolv,ca789066a644a873,CCO,hydration_free_energy,kcal/mol,train,,-5.0,3.329116550865965,-0.37043760087480004,7.02867070260673,random,2027,node_gnn,node_gnn,none,none,721e3c494613d3aa378fb20e47d69b51245b538e
freesolv,eb85ffd9d4e232dd,CCOC,hydration_free_energy,kcal/mol,train,,-2.0999999046325684,-2.5062275174952546,-6.2057816692360195,1.1933266342455102,random,2027,node_gnn,node_gnn,none,none,721e3c494613d3aa378fb20e47d69b51245b538e
freesolv,c5d7586c4df2935f,CCOC(=O)CC,hydration_free_energy,kcal/mol,train,,-2.680000066757202,-8.963721277262499,-12.663275429003264,-5.264167125521734,random,2027,node_gnn,node_gnn,none,none,721e3c494613d3aa378fb20e47d69b51245b538e
freesolv,9cc7e547b13b7996,CCOC(=O)CC(=O)OCC,hydration_free_energy,kcal/mol,train,,-6.0,-4.326218898553068,-8.025773050293832,-0.6266647468123034,random,2027,node_gnn,node_gnn,none,none,721e3c494613d3aa378fb20e47d69b51245b538e
freesolv,2b4d8e742733b5fd,CCOC(=O)CCC(=O)OCC,hydration_free_energy,kcal/mol,train,,-5.710000038146973,0.7157937613054108,-2.983760390435354,4.415347913046176,random,2027,node_gnn,node_gnn,none,none,721e3c494613d3aa378fb20e47d69b51245b538e
freesolv,9a148610b2e6e2f6,CCOC(=O)C[C@@H](SP(=S)(OC)OC)C(=O)OCC,hydration_free_energy,kcal/mol,train,,-8.149999618530273,-2.433743674634748,-6.133297826375513,1.265810477106017,random,2027,node_gnn,node_gnn,none,none,721e3c494613d3aa378fb20e47d69b51245b538e
freesolv,06cda49eadbecf92,CCOC(=O)c1ccc(O)cc1,hydration_free_energy,kcal/mol,train,,-9.199999809265137,-4.463654401586854,-8.163208553327618,-0.7641002498460887,random,2027,node_gnn,node_gnn,none,none,721e3c494613d3aa378fb20e47d69b51245b538e
freesolv,11e7d1ad91c8f3c6,CCOC(=O)c1ccccc1,hydration_free_energy,kcal/mol,train,,-3.640000104904175,-27.494062090747125,-31.19361624248789,-23.79450793900636,random,2027,node_gnn,node_gnn,none,none,721e3c494613d3aa378fb20e47d69b51245b538e
freesolv,31ca2a93eb56b1c9,CCOC(C)=O,hydration_free_energy,kcal/mol,validation,,-2.940000057220459,-2.886617662877854,-6.586171814618619,0.8129364888629107,random,2027,node_gnn,node_gnn,none,none,721e3c494613d3aa378fb20e47d69b51245b538e
freesolv,0f30fb54765a4a71,CCOC(C)OCC,hydration_free_energy,kcal/mol,test,,-3.2799999713897705,-3.7707495539222498,-7.470303705663015,-0.0711954021814849,random,2027,node_gnn,node_gnn,none,none,721e3c494613d3aa378fb20e47d69b51245b538e
freesolv,ba554b8b161e7746,CCOC(OCC)Oc1ccccc1,hydration_free_energy,kcal/mol,train,,-5.230000019073486,-6.775499302368376,-10.47505345410914,-3.0759451506276108,random,2027,node_gnn,node_gnn,none,none,721e3c494613d3aa378fb20e47d69b51245b538e
freesolv,50ed9f322b5791b3,CCOC=O,hydration_free_energy,kcal/mol,train,,-2.559999942779541,-3.5951741138500957,-7.2947282655908605,0.10438003789066919,random,2027,node_gnn,node_gnn,none,none,721e3c494613d3aa378fb20e47d69b51245b538e
freesolv,55c67ac3acc4815b,CCOCC,hydration_free_energy,kcal/mol,train,,-1.590000033378601,-2.2705179796881714,-5.970072131428936,1.4290361720525935,random,2027,node_gnn,node_gnn,none,none,721e3c494613d3aa378fb20e47d69b51245b538e
freesolv,a9f3bd414c2b7a32,CCOCCO,hydration_free_energy,kcal/mol,train,,-6.690000057220459,-3.6582574110948523,-7.357811562835617,0.0412967406459126,random,2027,node_gnn,node_gnn,none,none,721e3c494613d3aa378fb20e47d69b51245b538e
freesolv,30f1421c9e037d21,CCOCCOC(C)=O,hydration_free_energy,kcal/mol,train,,-5.309999942779541,-0.3754974501675066,-4.075051601908271,3.3240567015732583,random,2027,node_gnn,node_gnn,none,none,721e3c494613d3aa378fb20e47d69b51245b538e
freesolv,06d7492e30c5c56e,CCOCCOCC,hydration_free_energy,kcal/mol,train,,-3.5399999618530273,-2.4549435743077095,-6.154497726048474,1.2446105774330554,random,2027,node_gnn,node_gnn,none,none,721e3c494613d3aa378fb20e47d69b51245b538e
freesolv,4024725848eb763d,CCOP(=O)(OCC)O/C(=C/Cl)c1ccc(Cl)cc1Cl,hydration_free_energy,kcal/mol,validation,,-7.070000171661377,-6.517727711434165,-10.217281863174929,-2.8181735596934,random,2027,node_gnn,node_gnn,none,none,721e3c494613d3aa378fb20e47d69b51245b538e
freesolv,b7d694fcb2ed16b9,CCOP(=O)(OCC)OCC,hydration_free_energy,kcal/mol,train,,-7.5,-4.576133204298347,-8.27568735603911,-0.8765790525575818,random,2027,node_gnn,node_gnn,none,none,721e3c494613d3aa378fb20e47d69b51245b538e
freesolv,181e12660bc9d5d1,CCOP(=S)(OCC)Oc1cc(C)nc(C(C)C)n1,hydration_free_energy,kcal/mol,train,,-6.480000019073486,0.9286809886156564,-2.7708731631251085,4.628235140356422,random,2027,node_gnn,node_gnn,none,none,721e3c494613d3aa378fb20e47d69b51245b538e
freesolv,53478077bdfb11ad,CCOP(=S)(OCC)Oc1ccc([N+](=O)[O-])cc1,hydration_free_energy,kcal/mol,validation,,-6.739999771118164,-7.503129936417411,-11.202684088158176,-3.803575784676646,random,2027,node_gnn,node_gnn,none,none,721e3c494613d3aa378fb20e47d69b51245b538e
freesolv,4a53f2c0125f5222,CCOP(=S)(OCC)Oc1nc(Cl)c(Cl)cc1Cl,hydration_free_energy,kcal/mol,train,,-5.039999961853027,-8.223727328217564,-11.923281479958328,-4.524173176476799,random,2027,node_gnn,node_gnn,none,none,721e3c494613d3aa378fb20e47d69b51245b538e
freesolv,e8ca88ad8ca9eec5,CCOP(=S)(OCC)SCSCC,hydration_free_energy,kcal/mol,train,,-4.369999885559082,-1.0398502711375053,-4.73940442287827,2.6597038806032596,random,2027,node_gnn,node_gnn,none,none,721e3c494613d3aa378fb20e47d69b51245b538e
freesolv,e55a87e3bb6fb68e,CCOP(=S)(OCC)SCSP(=S)(OCC)OCC,hydration_free_energy,kcal/mol,test,,-6.099999904632568,-6.790150741614786,-10.489704893355551,-3.0905965898740213,random,2027,node_gnn,node_gnn,none,none,721e3c494613d3aa378fb20e47d69b51245b538e
freesolv,f0e2c44dc296a6e5,CCOP(=S)(OCC)SCSc1ccc(Cl)cc1,hydration_free_energy,kcal/mol,train,,-6.5,-4.032082352697676,-7.731636504438441,-0.3325282009569115,random,2027,node_gnn,node_gnn,none,none,721e3c494613d3aa378fb20e47d69b51245b538e
freesolv,458f5f3358ffa842,CCOP(=S)(OCC)S[C@@H](CCl)N1C(=O)c2ccccc2C1=O,hydration_free_energy,kcal/mol,train,,-5.739999771118164,-2.6546180845380976,-6.354172236278862,1.0449360672026673,random,2027,node_gnn,node_gnn,none,none,721e3c494613d3aa378fb20e47d69b51245b538e
freesolv,d03f12d520c785a7,CCOc1ccccc1,hydration_free_energy,kcal/mol,test,,-2.2200000286102295,-1.969302700209102,-5.668856851949867,1.730251451531663,random,2027,node_gnn,node_gnn,none,none,721e3c494613d3aa378fb20e47d69b51245b538e
freesolv,e59096cd88e01589,CCS,hydration_free_energy,kcal/mol,train,,-1.1399999856948853,0.9006109723307119,-2.798943179410053,4.600165124071477,random,2027,node_gnn,node_gnn,none,none,721e3c494613d3aa378fb20e47d69b51245b538e
freesolv,c868bf4a1b1b5939,CCSC,hydration_free_energy,kcal/mol,train,,-1.5,-1.3527911822248573,-5.052345333965622,2.3467629695159076,random,2027,node_gnn,node_gnn,none,none,721e3c494613d3aa378fb20e47d69b51245b538e
freesolv,9f27d20fc9bfb022,CCSCC,hydration_free_energy,kcal/mol,train,,-1.4600000381469727,-3.4620707739673318,-7.161624925708097,0.2374833777734331,random,2027,node_gnn,node_gnn,none,none,721e3c494613d3aa378fb20e47d69b51245b538e
freesolv,4fc9e69deb3fc3dc,CCSSCC,hydration_free_energy,kcal/mol,train,,-1.6399999856948853,-3.3240109133021822,-7.023565065042947,0.3755432384385826,random,2027,node_gnn,node_gnn,none,none,721e3c494613d3aa378fb20e47d69b51245b538e
freesolv,bfa0e17b5e26ea0d,CC[C@@H](C)C(C)C,hydration_free_energy,kcal/mol,train,,2.5199999809265137,-5.0222853824063955,-8.721839534147161,-1.3227312306656307,random,2027,node_gnn,node_gnn,none,none,721e3c494613d3aa378fb20e47d69b51245b538e
freesolv,d551cb41de0123da,CC[C@@H](C)CO,hydration_free_energy,kcal/mol,calibration,,-4.420000076293945,-4.785138730713688,-8.484692882454453,-1.0855845789729228,random,2027,node_gnn,node_gnn,none,none,721e3c494613d3aa378fb20e47d69b51245b538e
freesolv,43bfd896ecc8fa0d,CC[C@@H](C)c1cc([N+](=O)[O-])cc([N+](=O)[O-])c1O,hydration_free_energy,kcal/mol,train,,-6.230000019073486,-2.5794705838305894,-6.279024735571355,1.1200835679101755,random,2027,node_gnn,node_gnn,none,none,721e3c494613d3aa378fb20e47d69b51245b538e
freesolv,72e6cc3958fe9748,CC[C@@H](O)C(C)C,hydration_free_energy,kcal/mol,calibration,,-3.880000114440918,-3.5762067665777497,-7.275760918318515,0.12334738516301513,random,2027,node_gnn,node_gnn,none,none,721e3c494613d3aa378fb20e47d69b51245b538e
freesolv,30fe9e05f0944b46,CC[C@H](C)Cl,hydration_free_energy,kcal/mol,train,,0.0,-4.845815034515836,-8.5453691862566,-1.1462608827750715,random,2027,node_gnn,node_gnn,none,none,721e3c494613d3aa378fb20e47d69b51245b538e
freesolv,4bac7107d8eee406,CC[C@H](C)O,hydration_free_energy,kcal/mol,train,,-4.619999885559082,-7.2743193494017895,-10.973873501142554,-3.5747651976610246,random,2027,node_gnn,node_gnn,none,none,721e3c494613d3aa378fb20e47d69b51245b538e
freesolv,5ebfcf19058e296f,CC[C@H](C)O[N+](=O)[O-],hydration_free_energy,kcal/mol,validation,,-1.8200000524520874,-2.6236524733210134,-6.323206625061778,1.0759016784197515,random,2027,node_gnn,node_gnn,none,none,721e3c494613d3aa378fb20e47d69b51245b538e
freesolv,df64aadb6927ab47,CC[C@H](C)c1ccccc1,hydration_free_energy,kcal/mol,train,,-0.44999998807907104,-1.5327369103217965,-5.232291062062561,2.1668172414189684,random,2027,node_gnn,node_gnn,none,none,721e3c494613d3aa378fb20e47d69b51245b538e
freesolv,2be6ddc7a67dd59d,CC[C@H](C)n1c(=O)[nH]c(C)c(Br)c1=O,hydration_free_energy,kcal/mol,train,,-9.729999542236328,-5.441844980015513,-9.141399131756277,-1.742290828274748,random,2027,node_gnn,node_gnn,none,none,721e3c494613d3aa378fb20e47d69b51245b538e
freesolv,7e80f2c2416f6238,CC[N+](=O)[O-],hydration_free_energy,kcal/mol,train,,-3.7100000381469727,-7.379797075482945,-11.079351227223711,-3.6802429237421803,random,2027,node_gnn,node_gnn,none,none,721e3c494613d3aa378fb20e47d69b51245b538e
freesolv,8c11f08cc436c38e,CCc1ccc(C)cc1,hydration_free_energy,kcal/mol,validation,,-0.949999988079071,-0.5001226797041523,-4.199676831444917,3.1994314720366126,random,2027,node_gnn,node_gnn,none,none,721e3c494613d3aa378fb20e47d69b51245b538e
freesolv,66b7acb5e2d6c3d2,CCc1ccc(O)cc1,hydration_free_energy,kcal/mol,validation,,-6.130000114440918,-6.089596895500968,-9.789151047241733,-2.390042743760203,random,2027,node_gnn,node_gnn,none,none,721e3c494613d3aa378fb20e47d69b51245b538e
freesolv,7e17a2e61f09e50a,CCc1cccc(CC)c1N(COC)C(=O)CCl,hydration_free_energy,kcal/mol,train,,-8.210000038146973,-10.53941154020384,-14.238965691944605,-6.839857388463075,random,2027,node_gnn,node_gnn,none,none,721e3c494613d3aa378fb20e47d69b51245b538e
freesolv,d83d21ac42fea8f4,CCc1cccc(O)c1,hydration_free_energy,kcal/mol,calibration,,-6.25,-5.4292050407001415,-9.128759192440906,-1.7296508889593767,random,2027,node_gnn,node_gnn,none,none,721e3c494613d3aa378fb20e47d69b51245b538e
freesolv,2b77950e97163b16,CCc1cccc2ccccc12,hydration_free_energy,kcal/mol,train,,-2.4000000953674316,-3.0126712756322345,-6.712225427372999,0.6868828761085304,random,2027,node_gnn,node_gnn,none,none,721e3c494613d3aa378fb20e47d69b51245b538e
freesolv,d9d3904fcfb40c49,CCc1ccccc1,hydration_free_energy,kcal/mol,train,,-0.7900000214576721,-4.721267002463694,-8.420821154204459,-1.0217128507229294,random,2027,node_gnn,node_gnn,none,none,721e3c494613d3aa378fb20e47d69b51245b538e
freesolv,d3d42d2d2434b6a4,CCc1ccccc1C,hydration_free_energy,kcal/mol,train,,-0.8500000238418579,1.749314143348299,-1.9502400083924658,5.4488682950890635,random,2027,node_gnn,node_gnn,none,none,721e3c494613d3aa378fb20e47d69b51245b538e
freesolv,5dce688cbe158876,CCc1ccccc1O,hydration_free_energy,kcal/mol,train,,-5.659999847412109,-10.331820611741144,-14.031374763481908,-6.632266460000379,random,2027,node_gnn,node_gnn,none,none,721e3c494613d3aa378fb20e47d69b51245b538e
freesolv,ef41bd7574f5dbfd,CCc1ccccn1,hydration_free_energy,kcal/mol,train,,-4.329999923706055,-11.36629447461942,-15.065848626360184,-7.666740322878654,random,2027,node_gnn,node_gnn,none,none,721e3c494613d3aa378fb20e47d69b51245b538e
freesolv,5574eabc651548ff,CCc1cccnc1,hydration_free_energy,kcal/mol,train,,-4.590000152587891,-3.904297454244513,-7.603851605985278,-0.20474330250374795,random,2027,node_gnn,node_gnn,none,none,721e3c494613d3aa378fb20e47d69b51245b538e
freesolv,74500def09ca4c11,CCc1ccncc1,hydration_free_energy,kcal/mol,train,,-4.730000019073486,-8.451651982196738,-12.151206133937503,-4.752097830455973,random,2027,node_gnn,node_gnn,none,none,721e3c494613d3aa378fb20e47d69b51245b538e
freesolv,b06c750d00374d3a,CCc1cnccn1,hydration_free_energy,kcal/mol,calibration,,-5.449999809265137,-6.577704413032999,-10.277258564773764,-2.878150261292234,random,2027,node_gnn,node_gnn,none,none,721e3c494613d3aa378fb20e47d69b51245b538e
freesolv,8ec2d1ea7f63089d,CCl,hydration_free_energy,kcal/mol,train,,-0.550000011920929,-11.229535914259456,-14.92909006600022,-7.529981762518691,random,2027,node_gnn,node_gnn,none,none,721e3c494613d3aa378fb20e47d69b51245b538e
freesolv,c17d9f4bb13fd7ab,CF,hydration_free_energy,kcal/mol,test,,-0.2199999988079071,0.6774762384614506,-3.0220779132793143,4.377030390202215,random,2027,node_gnn,node_gnn,none,none,721e3c494613d3aa378fb20e47d69b51245b538e
freesolv,1d3ef8ffa7fbb106,CI,hydration_free_energy,kcal/mol,train,,-0.8899999856948853,-4.399454095799581,-8.099008247540347,-0.6998999440588163,random,2027,node_gnn,node_gnn,none,none,721e3c494613d3aa378fb20e47d69b51245b538e
freesolv,6b48636a029cf296,CN,hydration_free_energy,kcal/mol,train,,-4.550000190734863,2.2047007259084634,-1.4948534258323014,5.904254877649228,random,2027,node_gnn,node_gnn,none,none,721e3c494613d3aa378fb20e47d69b51245b538e
freesolv,ae740ecf42fc66b3,CN(C)C,hydration_free_energy,kcal/mol,train,,-3.200000047683716,-4.040982378313454,-7.740536530054219,-0.3414282265726891,random,2027,node_gnn,node_gnn,none,none,721e3c494613d3aa378fb20e47d69b51245b538e
freesolv,3730b07de9065cc6,CN(C)C(=O)Nc1ccccc1,hydration_free_energy,kcal/mol,calibration,,-9.130000114440918,-12.93907283006493,-16.638626981805693,-9.239518678324165,random,2027,node_gnn,node_gnn,none,none,721e3c494613d3aa378fb20e47d69b51245b538e
freesolv,427a8b23dbe39998,CN(C)C(=O)c1ccc([N+](=O)[O-])cc1,hydration_free_energy,kcal/mol,train,,-11.949999809265137,-2.9458393914585974,-6.645393543199362,0.7537147602821674,random,2027,node_gnn,node_gnn,none,none,721e3c494613d3aa378fb20e47d69b51245b538e
freesolv,ab53bae8e7e2439a,CN(C)C(=O)c1ccccc1,hydration_free_energy,kcal/mol,train,,-9.289999961853027,-1.5999079120166457,-5.29946206375741,2.099646239724119,random,2027,node_gnn,node_gnn,none,none,721e3c494613d3aa378fb20e47d69b51245b538e
freesolv,df162aa01d1e1807,CN(C)C=O,hydration_free_energy,kcal/mol,train,,-7.809999942779541,-0.8898822102595387,-4.589436362000304,2.809671941481226,random,2027,node_gnn,node_gnn,none,none,721e3c494613d3aa378fb20e47d69b51245b538e
freesolv,8ae90c7343e88285,CN(C)CCC=C1c2ccccc2CCc2ccccc21,hydration_free_energy,kcal/mol,calibration,,-7.429999828338623,-5.85518030068211,-9.554734452422874,-2.1556261489413453,random,2027,node_gnn,node_gnn,none,none,721e3c494613d3aa378fb20e47d69b51245b538e
freesolv,6ba867aa7081b5d5,CN(C)CCOC(c1ccccc1)c1ccccc1,hydration_free_energy,kcal/mol,train,,-9.34000015258789,-5.72159740589003,-9.421151557630795,-2.0220432541492652,random,2027,node_gnn,node_gnn,none,none,721e3c494613d3aa378fb20e47d69b51245b538e
freesolv,f138fff4fe28c100,CN(C)c1ccccc1,hydration_free_energy,kcal/mol,calibration,,-3.450000047683716,-7.149554199424481,-10.849108351165246,-3.450000047683716,random,2027,node_gnn,node_gnn,none,none,721e3c494613d3aa378fb20e47d69b51245b538e
freesolv,22b8524d6432124c,CN(CC(F)(F)F)c1ccccc1,hydration_free_energy,kcal/mol,train,,-1.9199999570846558,-6.364665777561182,-10.064219929301947,-2.6651116258204173,random,2027,node_gnn,node_gnn,none,none,721e3c494613d3aa378fb20e47d69b51245b538e
freesolv,aef820157b9e02ff,CN1CCCCC1,hydration_free_energy,kcal/mol,calibration,,-3.880000114440918,-5.6734212358398,-9.372975387580565,-1.9738670840990356,random,2027,node_gnn,node_gnn,none,none,721e3c494613d3aa378fb20e47d69b51245b538e
freesolv,caa26b776de24e5a,CN1CCN(C)CC1,hydration_free_energy,kcal/mol,train,,-7.579999923706055,-6.71523333995707,-10.414787491697835,-3.015679188216305,random,2027,node_gnn,node_gnn,none,none,721e3c494613d3aa378fb20e47d69b51245b538e
freesolv,3cff3d64db2ccf3c,CN1CCNCC1,hydration_free_energy,kcal/mol,calibration,,-7.769999980926514,-7.0418076484639425,-10.741361800204707,-3.3422534967231776,random,2027,node_gnn,node_gnn,none,none,721e3c494613d3aa378fb20e47d69b51245b538e
freesolv,d6cea68731e98da0,CN1CCOCC1,hydration_free_energy,kcal/mol,train,,-6.320000171661377,-0.550614429657863,-4.250168581398627,3.148939722082902,random,2027,node_gnn,node_gnn,none,none,721e3c494613d3aa378fb20e47d69b51245b538e
freesolv,9afd0df86add5901,CNC,hydration_free_energy,kcal/mol,train,,-4.289999961853027,-0.3622555542765413,-4.061809706017306,3.3372985974642235,random,2027,node_gnn,node_gnn,none,none,721e3c494613d3aa378fb20e47d69b51245b538e
freesolv,5cb6cf4121e34498,CNC(=O)O/N=C\C(C)(C)SC,hydration_free_energy,kcal/mol,test,,-9.84000015258789,-8.02327349100076,-11.722827642741525,-4.323719339259995,random,2027,node_gnn,node_gnn,none,none,721e3c494613d3aa378fb20e47d69b51245b538e
freesolv,90a200a5ff27cc37,CNC(=O)Oc1cccc2c1OC(C)(C)C2,hydration_free_energy,kcal/mol,train,,-9.609999656677246,-3.1909925251155347,-6.8905466768562995,0.5085616266252302,random,2027,node_gnn,node_gnn,none,none,721e3c494613d3aa378fb20e47d69b51245b538e
freesolv,0a5851c2ca44922c,CNC(=O)Oc1cccc2ccccc12,hydration_free_energy,kcal/mol,train,,-9.449999809265137,-4.340014157960185,-8.03956830970095,-0.6404600062194206,random,2027,node_gnn,node_gnn,none,none,721e3c494613d3aa378fb20e47d69b51245b538e
freesolv,d876777714879c8e,CNC(C)=O,hydration_free_energy,kcal/mol,validation,,-10.0,-9.385266872062239,-13.084821023803004,-5.685712720321474,random,2027,node_gnn,node_gnn,none,none,721e3c494613d3aa378fb20e47d69b51245b538e
freesolv,6bfbe627b61bb1f8,CNc1ccccc1,hydration_free_energy,kcal/mol,train,,-4.690000057220459,-3.107397184206502,-6.806951335947266,0.5921569675342631,random,2027,node_gnn,node_gnn,none,none,721e3c494613d3aa378fb20e47d69b51245b538e
freesolv,32c1365b28b1a0c9,CO,hydration_free_energy,kcal/mol,train,,-5.099999904632568,-4.425281967436952,-8.124836119177717,-0.725727815696187,random,2027,node_gnn,node_gnn,none,none,721e3c494613d3aa378fb20e47d69b51245b538e
freesolv,c4ae432b7146eac6,COC,hydration_free_energy,kcal/mol,test,,-1.909999966621399,-1.898881592514884,-5.598435744255649,1.8006725592258808,random,2027,node_gnn,node_gnn,none,none,721e3c494613d3aa378fb20e47d69b51245b538e
freesolv,dba50d69eba4553d,COC(=O)C(C)(C)C,hydration_free_energy,kcal/mol,train,,-2.4000000953674316,-3.8076702847809734,-7.507224436521739,-0.1081161330402085,random,2027,node_gnn,node_gnn,none,none,721e3c494613d3aa378fb20e47d69b51245b538e
freesolv,78896c16a1730e57,COC(=O)C(F)(F)F,hydration_free_energy,kcal/mol,calibration,,-1.100000023841858,-2.3079075244371614,-6.007461676177926,1.3916466273036034,random,2027,node_gnn,node_gnn,none,none,721e3c494613d3aa378fb20e47d69b51245b538e
freesolv,d0ab69455128b9fd,COC(=O)C1CC1,hydration_free_energy,kcal/mol,train,,-4.099999904632568,-8.196480751767323,-11.896034903508088,-4.496926600026558,random,2027,node_gnn,node_gnn,none,none,721e3c494613d3aa378fb20e47d69b51245b538e
freesolv,86863ff15d16d981,COC(=O)C1CCCCC1,hydration_free_energy,kcal/mol,train,,-3.299999952316284,-10.236539616492589,-13.936093768233354,-6.536985464751824,random,2027,node_gnn,node_gnn,none,none,721e3c494613d3aa378fb20e47d69b51245b538e
freesolv,80ffd5e0b0a9be02,COC(=O)CC#N,hydration_free_energy,kcal/mol,train,,-6.71999979019165,-3.0233863324322163,-6.722940484172981,0.6761678193085485,random,2027,node_gnn,node_gnn,none,none,721e3c494613d3aa378fb20e47d69b51245b538e
freesolv,b6cd478b6894d483,COC(=O)CCl,hydration_free_energy,kcal/mol,train,,-4.0,-2.2552506837238684,-5.954804835464634,1.4443034680168965,random,2027,node_gnn,node_gnn,none,none,721e3c494613d3aa378fb20e47d69b51245b538e
freesolv,1ee4d9131fedf122,COC(=O)c1ccc(O)cc1,hydration_free_energy,kcal/mol,train,,-9.510000228881836,0.18655445906130952,-3.5129996926794553,3.8861086108020744,random,2027,node_gnn,node_gnn,none,none,721e3c494613d3aa378fb20e47d69b51245b538e
freesolv,f7f1cf0080e3fe6c,COC(=O)c1ccc(OC)cc1,hydration_free_energy,kcal/mol,test,,-5.329999923706055,-5.74423028386909,-9.443784435609855,-2.044676132128325,random,2027,node_gnn,node_gnn,none,none,721e3c494613d3aa378fb20e47d69b51245b538e
freesolv,03666b9268eeead7,COC(=O)c1ccc([N+](=O)[O-])cc1,hydration_free_energy,kcal/mol,train,,-6.880000114440918,-3.5328224121113827,-7.2323765638521476,0.16673173962938215,random,2027,node_gnn,node_gnn,none,none,721e3c494613d3aa378fb20e47d69b51245b538e
freesolv,6606bca5fe63957e,COC(=O)c1ccccc1,hydration_free_energy,kcal/mol,train,,-3.9200000762939453,-3.64207833472206,-7.341632486462824,0.057475817018704856,random,2027,node_gnn,node_gnn,none,none,721e3c494613d3aa378fb20e47d69b51245b538e
freesolv,3df2b5140200cf21,COC(C)(C)C,hydration_free_energy,kcal/mol,train,,-2.2100000381469727,3.1548629884790746,-0.5446911632616902,6.854417140219839,random,2027,node_gnn,node_gnn,none,none,721e3c494613d3aa378fb20e47d69b51245b538e
freesolv,0b5928b255a9be06,COC(C)(OC)OC,hydration_free_energy,kcal/mol,train,,-4.420000076293945,-3.112078660231041,-6.811632811971806,0.587475491509724,random,2027,node_gnn,node_gnn,none,none,721e3c494613d3aa378fb20e47d69b51245b538e
freesolv,343056c6313cf7f2,COC(C)=O,hydration_free_energy,kcal/mol,train,,-3.130000114440918,-3.292556154928824,-6.992110306669589,0.40699799681194104,random,2027,node_gnn,node_gnn,none,none,721e3c494613d3aa378fb20e47d69b51245b538e
freesolv,366c595dc8dd0749,COC(C)C,hydration_free_energy,kcal/mol,test,,-2.009999990463257,-1.9465855023585754,-5.64613965409934,1.7529686493821894,random,2027,node_gnn,node_gnn,none,none,721e3c494613d3aa378fb20e47d69b51245b538e
freesolv,cecd292832da1853,COC(CC#N)(OC)OC,hydration_free_energy,kcal/mol,test,,-6.400000095367432,-5.732504767138017,-9.43205891887878,-2.032950615397252,random,2027,node_gnn,node_gnn,none,none,721e3c494613d3aa378fb20e47d69b51245b538e
freesolv,8465a94b854e5f5e,COC(CCl)(OC)OC,hydration_free_energy,kcal/mol,train,,-4.590000152587891,-1.3810043355123192,-5.080558487253084,2.3185498162284457,random,2027,node_gnn,node_gnn,none,none,721e3c494613d3aa378fb20e47d69b51245b538e
freesolv,792c6eb18e8ee8a5,COC(F)(F)C(Cl)Cl,hydration_free_energy,kcal/mol,train,,-1.1200000047683716,-8.175988036193475,-11.87554218793424,-4.47643388445271,random,2027,node_gnn,node_gnn,none,none,721e3c494613d3aa378fb20e47d69b51245b538e
freesolv,c89b39a05b1f8fe2,COC(OC)(OC)C(F)(F)F,hydration_free_energy,kcal/mol,test,,-0.800000011920929,-3.7840124723424773,-7.483566624083242,-0.08445832060171243,random,2027,node_gnn,node_gnn,none,none,721e3c494613d3aa378fb20e47d69b51245b538e
freesolv,4f9776f71274bb0a,COC(OC)(OC)c1ccccc1,hydration_free_energy,kcal/mol,train,,-4.039999961853027,-4.340014100521581,-8.039568252262345,-0.6404599487808165,random,2027,node_gnn,node_gnn,none,none,721e3c494613d3aa378fb20e47d69b51245b538e
freesolv,43e9689fb007ea3d,COC(OC)OC,hydration_free_energy,kcal/mol,train,,-4.420000076293945,-4.6847717767874135,-8.384325928528177,-0.9852176250466487,random,2027,node_gnn,node_gnn,none,none,721e3c494613d3aa378fb20e47d69b51245b538e
freesolv,79cb04263c54cc58,COC=O,hydration_free_energy,kcal/mol,calibration,,-2.7799999713897705,-2.8861025534723272,-6.585656705213092,0.8134515982684376,random,2027,node_gnn,node_gnn,none,none,721e3c494613d3aa378fb20e47d69b51245b538e
freesolv,cbf68aa07930e926,COCC(OC)(OC)OC,hydration_free_energy,kcal/mol,train,,-5.730000019073486,-1.1497585814185634,-4.849312733159328,2.5497955703222015,random,2027,node_gnn,node_gnn,none,none,721e3c494613d3aa378fb20e47d69b51245b538e
freesolv,f3a3789f1e894352,COCCN,hydration_free_energy,kcal/mol,validation,,-6.550000190734863,-6.584526510971585,-10.28408066271235,-2.8849723592308205,random,2027,node_gnn,node_gnn,none,none,721e3c494613d3aa378fb20e47d69b51245b538e
freesolv,36f9489fd7c43523,COCCO,hydration_free_energy,kcal/mol,train,,-6.619999885559082,-4.379793148658096,-8.079347300398862,-0.680238996917331,random,2027,node_gnn,node_gnn,none,none,721e3c494613d3aa378fb20e47d69b51245b538e
freesolv,6176386a08c65b6a,COCCOC,hydration_free_energy,kcal/mol,validation,,-4.840000152587891,-4.157516576259985,-7.85707072800075,-0.45796242451922,random,2027,node_gnn,node_gnn,none,none,721e3c494613d3aa378fb20e47d69b51245b538e
freesolv,dde41266c6fb0f78,COCOC,hydration_free_energy,kcal/mol,test,,-2.930000066757202,-3.4958031453265686,-7.195357297067334,0.2037510064141963,random,2027,node_gnn,node_gnn,none,none,721e3c494613d3aa378fb20e47d69b51245b538e
freesolv,b4138e6574e5938a,COP(=O)(OC)OC,hydration_free_energy,kcal/mol,train,,-8.699999809265137,-2.045010457065306,-5.744564608806071,1.6545436946754588,random,2027,node_gnn,node_gnn,none,none,721e3c494613d3aa378fb20e47d69b51245b538e
freesolv,cfd15d18e41c6b74,COP(=O)(OC)[C@@H](O)C(Cl)(Cl)Cl,hydration_free_energy,kcal/mol,calibration,,-12.739999771118164,-8.936343740793905,-12.63589789253467,-5.23678958905314,random,2027,node_gnn,node_gnn,none,none,721e3c494613d3aa378fb20e47d69b51245b538e
freesolv,f7eaea59fbdc4fd0,COP(=S)(OC)Oc1ccc([N+](=O)[O-])cc1,hydration_free_energy,kcal/mol,train,,-7.190000057220459,-3.34618692462072,-7.045741076361485,0.353367227120045,random,2027,node_gnn,node_gnn,none,none,721e3c494613d3aa378fb20e47d69b51245b538e
freesolv,2ef9be15cbbcce71,COP(=S)(OC)SCn1nnc2ccccc2c1=O,hydration_free_energy,kcal/mol,train,,-10.029999732971191,-7.381983418526207,-11.081537570266972,-3.6824292667854426,random,2027,node_gnn,node_gnn,none,none,721e3c494613d3aa378fb20e47d69b51245b538e
freesolv,f5ba54488f372966,COS(=O)(=O)OC,hydration_free_energy,kcal/mol,test,,-5.099999904632568,-6.0524626079105595,-9.752016759651324,-2.3529084561697946,random,2027,node_gnn,node_gnn,none,none,721e3c494613d3aa378fb20e47d69b51245b538e
freesolv,5b75e056d7667332,COS(C)(=O)=O,hydration_free_energy,kcal/mol,train,,-4.869999885559082,-4.007986398583739,-7.707540550324504,-0.3084322468429743,random,2027,node_gnn,node_gnn,none,none,721e3c494613d3aa378fb20e47d69b51245b538e
freesolv,58aa2cd0ec0f3549,COc1c(Cl)cc(Cl)c(OC)c1O,hydration_free_energy,kcal/mol,calibration,,-6.440000057220459,-6.669739437861713,-10.369293589602478,-2.970185286120948,random,2027,node_gnn,node_gnn,none,none,721e3c494613d3aa378fb20e47d69b51245b538e
freesolv,f4958df0775de6da,COc1c(Cl)ccc(Cl)c1C(=O)O,hydration_free_energy,kcal/mol,train,,-9.859999656677246,-7.678033014544454,-11.377587166285219,-3.978478862803689,random,2027,node_gnn,node_gnn,none,none,721e3c494613d3aa378fb20e47d69b51245b538e
freesolv,1602b6352b27cd5c,COc1c(O)c(OC)c(Cl)c(C=O)c1Cl,hydration_free_energy,kcal/mol,train,,-8.680000305175781,-5.341497095705947,-9.041051247446712,-1.6419429439651818,random,2027,node_gnn,node_gnn,none,none,721e3c494613d3aa378fb20e47d69b51245b538e
freesolv,dfc5e1986eb52bfc,COc1cc(C)ccc1O,hydration_free_energy,kcal/mol,train,,-5.800000190734863,-2.880830378838685,-6.580384530579449,0.81872377290208,random,2027,node_gnn,node_gnn,none,none,721e3c494613d3aa378fb20e47d69b51245b538e
freesolv,2dcda2689245ae18,COc1cc(C=O)c(Cl)c(OC)c1O,hydration_free_energy,kcal/mol,train,,-7.78000020980835,-2.319915983734205,-6.01947013547497,1.3796381680065597,random,2027,node_gnn,node_gnn,none,none,721e3c494613d3aa378fb20e47d69b51245b538e
freesolv,b57067c3389817fe,COc1ccc(C(=O)N(C)C)cc1,hydration_free_energy,kcal/mol,train,,-11.010000228881836,-5.627080918467921,-9.326635070208685,-1.9275267667271558,random,2027,node_gnn,node_gnn,none,none,721e3c494613d3aa378fb20e47d69b51245b538e
freesolv,b0f92eb0fbf5865f,COc1ccc(C(C)=O)cc1,hydration_free_energy,kcal/mol,train,,-4.400000095367432,-2.0009888212815525,-5.700542973022317,1.6985653304592123,random,2027,node_gnn,node_gnn,none,none,721e3c494613d3aa378fb20e47d69b51245b538e
freesolv,9f101fc6ba15503f,COc1ccc(N)cc1,hydration_free_energy,kcal/mol,train,,-7.480000019073486,-0.5128763474565159,-4.21243049919728,3.186677804284249,random,2027,node_gnn,node_gnn,none,none,721e3c494613d3aa378fb20e47d69b51245b538e
freesolv,47a5d1f5f0d9c9e0,COc1ccc2cc([C@H](C)C(=O)O)ccc2c1,hydration_free_energy,kcal/mol,train,,-10.210000038146973,-0.7752632451428347,-4.4748173968836,2.92429090659793,random,2027,node_gnn,node_gnn,none,none,721e3c494613d3aa378fb20e47d69b51245b538e
freesolv,f3601ce4990f38bf,COc1cccc(N)c1,hydration_free_energy,kcal/mol,train,,-7.289999961853027,-1.5665406778664783,-5.266094829607243,2.1330134738742865,random,2027,node_gnn,node_gnn,none,none,721e3c494613d3aa378fb20e47d69b51245b538e
freesolv,128c8182726e93c8,COc1cccc(O)c1,hydration_free_energy,kcal/mol,train,,-7.659999847412109,0.6401944485345799,-3.059359703206185,4.339748600275344,random,2027,node_gnn,node_gnn,none,none,721e3c494613d3aa378fb20e47d69b51245b538e
freesolv,31e7b18f3228ba99,COc1cccc(OC)c1O,hydration_free_energy,kcal/mol,train,,-6.960000038146973,-1.858475372255382,-5.558029523996147,1.841078779485383,random,2027,node_gnn,node_gnn,none,none,721e3c494613d3aa378fb20e47d69b51245b538e
freesolv,ad217bed88d732e8,COc1ccccc1,hydration_free_energy,kcal/mol,train,,-2.450000047683716,-4.479026235811421,-8.178580387552186,-0.7794720840706564,random,2027,node_gnn,node_gnn,none,none,721e3c494613d3aa378fb20e47d69b51245b538e
freesolv,b00362e6f2a54653,COc1ccccc1N,hydration_free_energy,kcal/mol,train,,-6.119999885559082,-2.479677556440892,-6.179231708181657,1.2198765952998727,random,2027,node_gnn,node_gnn,none,none,721e3c494613d3aa378fb20e47d69b51245b538e
freesolv,3d2d00e608cdd36c,COc1ccccc1O,hydration_free_energy,kcal/mol,validation,,-5.940000057220459,-6.55839401369503,-10.257948165435796,-2.858839861954265,random,2027,node_gnn,node_gnn,none,none,721e3c494613d3aa378fb20e47d69b51245b538e
freesolv,db3f12030831b04a,COc1ccccc1OC,hydration_free_energy,kcal/mol,train,,-5.329999923706055,-0.3304256069383187,-4.029979758679083,3.369128544802446,random,2027,node_gnn,node_gnn,none,none,721e3c494613d3aa378fb20e47d69b51245b538e
freesolv,5987ac0025350d65,CS,hydration_free_energy,kcal/mol,train,,-1.2000000476837158,-7.625871868988353,-11.325426020729118,-3.9263177172475885,random,2027,node_gnn,node_gnn,none,none,721e3c494613d3aa378fb20e47d69b51245b538e
freesolv,0d11fc91d7076b61,CS(=O)(=O)Cl,hydration_free_energy,kcal/mol,calibration,,-4.869999885559082,-9.045375537969662,-12.744929689710427,-5.345821386228897,random,2027,node_gnn,node_gnn,none,none,721e3c494613d3aa378fb20e47d69b51245b538e
freesolv,aa2bea624cb0b32d,CS(C)(=O)=O,hydration_free_energy,kcal/mol,train,,-10.079999923706055,-10.828716465522422,-14.528270617263187,-7.1291623137816575,random,2027,node_gnn,node_gnn,none,none,721e3c494613d3aa378fb20e47d69b51245b538e
freesolv,f2cc1c4234198db0,CS(C)=O,hydration_free_energy,kcal/mol,calibration,,-9.279999732971191,-5.148504877850691,-8.848059029591456,-1.448950726109926,random,2027,node_gnn,node_gnn,none,none,721e3c494613d3aa378fb20e47d69b51245b538e
freesolv,91658d5a001d49e4,CSC,hydration_free_energy,kcal/mol,train,,-1.6100000143051147,-2.6821811476993602,-6.381735299440125,1.0173730040414046,random,2027,node_gnn,node_gnn,none,none,721e3c494613d3aa378fb20e47d69b51245b538e
freesolv,60bb71e7a2455ffa,CSSC,hydration_free_energy,kcal/mol,train,,-1.8300000429153442,-9.133741384740272,-12.833295536481037,-5.434187232999507,random,2027,node_gnn,node_gnn,none,none,721e3c494613d3aa378fb20e47d69b51245b538e
freesolv,941bd3545404064b,CSc1ccccc1,hydration_free_energy,kcal/mol,test,,-2.7300000190734863,-2.0836471087960984,-5.783201260536863,1.6159070429446665,random,2027,node_gnn,node_gnn,none,none,721e3c494613d3aa378fb20e47d69b51245b538e
freesolv,63b335b2fd4df5b3,C[C@@H](CCO[N+](=O)[O-])O[N+](=O)[O-],hydration_free_energy,kcal/mol,train,,-4.289999961853027,2.943786685492808,-0.7557674662479568,6.643340837233573,random,2027,node_gnn,node_gnn,none,none,721e3c494613d3aa378fb20e47d69b51245b538e
freesolv,eefa0b3674c064ad,C[C@@H](CO[N+](=O)[O-])O[N+](=O)[O-],hydration_free_energy,kcal/mol,train,,-4.949999809265137,-10.073556427334385,-13.77311057907515,-6.37400227559362,random,2027,node_gnn,node_gnn,none,none,721e3c494613d3aa378fb20e47d69b51245b538e
freesolv,7beeddda4325576e,C[C@@H](O)C(F)(F)F,hydration_free_energy,kcal/mol,train,,-4.199999809265137,1.9697828069491687,-1.729771344791596,5.669336958689934,random,2027,node_gnn,node_gnn,none,none,721e3c494613d3aa378fb20e47d69b51245b538e
freesolv,0e2e060fa7263040,C[C@@H]1CCCC[C@@H]1C,hydration_free_energy,kcal/mol,train,,1.5800000429153442,-4.75535957131201,-8.454913723052774,-1.0558054195712447,random,2027,node_gnn,node_gnn,none,none,721e3c494613d3aa378fb20e47d69b51245b538e
freesolv,76ad3abc60765b03,C[C@H](C(=O)O)c1ccc(-c2ccccc2)c(F)c1,hydration_free_energy,kcal/mol,train,,-8.420000076293945,-5.442529533304437,-9.1420836850452,-1.7429753815636717,random,2027,node_gnn,node_gnn,none,none,721e3c494613d3aa378fb20e47d69b51245b538e
freesolv,e8b904ba4abc81e9,C[C@H](C(=O)O)c1cccc(C(=O)c2ccccc2)c1,hydration_free_energy,kcal/mol,train,,-10.779999732971191,-10.071080593724234,-13.770634745465,-6.37152644198347,random,2027,node_gnn,node_gnn,none,none,721e3c494613d3aa378fb20e47d69b51245b538e
freesolv,8c52d3fff30b9cac,C[C@H](Cl)CCl,hydration_free_energy,kcal/mol,validation,,-1.2699999809265137,-1.541702846736285,-5.24125699847705,2.15785130500448,random,2027,node_gnn,node_gnn,none,none,721e3c494613d3aa378fb20e47d69b51245b538e
freesolv,8092a23e37101382,C[C@H](O)C(F)(F)F,hydration_free_energy,kcal/mol,train,,-4.159999847412109,-0.38520204703639704,-4.084756198777162,3.314352104704368,random,2027,node_gnn,node_gnn,none,none,721e3c494613d3aa378fb20e47d69b51245b538e
freesolv,39051be56e99ad8d,C[C@H]1CCCO1,hydration_free_energy,kcal/mol,validation,,-3.299999952316284,-2.6726561039082664,-6.372210255649032,1.0268980478324985,random,2027,node_gnn,node_gnn,none,none,721e3c494613d3aa378fb20e47d69b51245b538e
freesolv,8efd3b8359228fb2,C[C@H]1CC[C@H](C)O1,hydration_free_energy,kcal/mol,train,,-2.9200000762939453,-3.688977903067056,-7.388532054807821,0.010576248673708655,random,2027,node_gnn,node_gnn,none,none,721e3c494613d3aa378fb20e47d69b51245b538e
freesolv,5fc027dd434528e2,C[N+](=O)[O-],hydration_free_energy,kcal/mol,train,,-4.019999980926514,-5.127002851117842,-8.826557002858607,-1.4274486993770772,random,2027,node_gnn,node_gnn,none,none,721e3c494613d3aa378fb20e47d69b51245b538e
freesolv,bba10d76dab59e54,Cc1[nH]c(=O)n(C(C)(C)C)c(=O)c1Cl,hydration_free_energy,kcal/mol,train,,-11.140000343322754,-3.148788706288306,-6.848342858029071,0.5507654454524586,random,2027,node_gnn,node_gnn,none,none,721e3c494613d3aa378fb20e47d69b51245b538e
freesolv,9dcf8b914c150733,Cc1c[nH]c2ccccc12,hydration_free_energy,kcal/mol,train,,-5.880000114440918,-10.413273148069157,-14.112827299809922,-6.713718996328392,random,2027,node_gnn,node_gnn,none,none,721e3c494613d3aa378fb20e47d69b51245b538e
freesolv,43e45de3a2ec7d7d,Cc1c[nH]cn1,hydration_free_energy,kcal/mol,train,,-10.270000457763672,-1.718281983343846,-5.417836135084611,1.9812721683969188,random,2027,node_gnn,node_gnn,none,none,721e3c494613d3aa378fb20e47d69b51245b538e
freesolv,2b84963bcd80619e,Cc1cc(C)c2ccccc2c1,hydration_free_energy,kcal/mol,train,,-2.4700000286102295,-3.4387571049279453,-7.13831125666871,0.26079704681281957,random,2027,node_gnn,node_gnn,none,none,721e3c494613d3aa378fb20e47d69b51245b538e
freesolv,ceb5d836647f1bc3,Cc1cc(C)cc(C)c1,hydration_free_energy,kcal/mol,calibration,,-0.8999999761581421,-0.438723108993619,-4.138277260734384,3.260831042747146,random,2027,node_gnn,node_gnn,none,none,721e3c494613d3aa378fb20e47d69b51245b538e
freesolv,7cd11e1061f8550e,Cc1cc(C)cc(O)c1,hydration_free_energy,kcal/mol,calibration,,-6.269999980926514,-5.812652068616432,-9.512206220357196,-2.1130979168756667,random,2027,node_gnn,node_gnn,none,none,721e3c494613d3aa378fb20e47d69b51245b538e
freesolv,4b34ae40486b3c5f,Cc1cc(O)ccc1Cl,hydration_free_energy,kcal/mol,train,,-6.789999961853027,-2.892852968032446,-6.5924071197732115,0.8067011837083187,random,2027,node_gnn,node_gnn,none,none,721e3c494613d3aa378fb20e47d69b51245b538e
freesolv,967700a6cac6d34b,Cc1cc2ccccc2cc1C,hydration_free_energy,kcal/mol,train,,-2.7799999713897705,-1.853891082349727,-5.553445234090492,1.8456630693910379,random,2027,node_gnn,node_gnn,none,none,721e3c494613d3aa378fb20e47d69b51245b538e
freesolv,70816019155cbeb1,Cc1ccc(Br)cc1,hydration_free_energy,kcal/mol,train,,-1.3899999856948853,-4.9087880783591755,-8.60834223009994,-1.2092339266184107,random,2027,node_gnn,node_gnn,none,none,721e3c494613d3aa378fb20e47d69b51245b538e
freesolv,7a4c55f55feeaf18,Cc1ccc(C(=O)N(C)C)cc1,hydration_free_energy,kcal/mol,train,,-9.760000228881836,-0.7214924401330665,-4.421046591873831,2.9780617116076984,random,2027,node_gnn,node_gnn,none,none,721e3c494613d3aa378fb20e47d69b51245b538e
freesolv,4bd93a52b68e3179,Cc1ccc(C(C)C)cc1,hydration_free_energy,kcal/mol,validation,,-0.6800000071525574,-0.2928593810417599,-3.9924135327825248,3.406694770699005,random,2027,node_gnn,node_gnn,none,none,721e3c494613d3aa378fb20e47d69b51245b538e
freesolv,075799439fc6d183,Cc1ccc(C)c(C)c1,hydration_free_energy,kcal/mol,train,,-0.8600000143051147,-7.225369021839551,-10.924923173580316,-3.5258148700987864,random,2027,node_gnn,node_gnn,none,none,721e3c494613d3aa378fb20e47d69b51245b538e
freesolv,8961bdfb7ede6e86,Cc1ccc(C)c(O)c1,hydration_free_energy,kcal/mol,train,,-5.909999847412109,-2.6344763188379963,-6.334030470578761,1.0650778329027686,random,2027,node_gnn,node_gnn,none,none,721e3c494613d3aa378fb20e47d69b51245b538e
freesolv,cc9a7bf8731f0c53,Cc1ccc(C)c2ccccc12,hydration_free_energy,kcal/mol,calibration,,-2.819999933242798,-1.8974617102106217,-5.597015861951387,1.8020924415301431,random,2027,node_gnn,node_gnn,none,none,721e3c494613d3aa378fb20e47d69b51245b538e
freesolv,34be3af199e92ace,Cc1ccc(C)cc1,hydration_free_energy,kcal/mol,train,,-0.800000011920929,2.1040958612821785,-1.5954582904585863,5.803650013022944,random,2027,node_gnn,node_gnn,none,none,721e3c494613d3aa378fb20e47d69b51245b538e
freesolv,645ebc5211491348,Cc1ccc(C)nc1,hydration_free_energy,kcal/mol,train,,-4.71999979019165,-2.5742382715884986,-6.2737924233292635,1.1253158801522662,random,2027,node_gnn,node_gnn,none,none,721e3c494613d3aa378fb20e47d69b51245b538e
freesolv,a2b8c44da80cf8f1,Cc1ccc(C=O)cc1,hydration_free_energy,kcal/mol,validation,,-4.269999980926514,-4.39375974742256,-8.093313899163324,-0.6942055956817947,random,2027,node_gnn,node_gnn,none,none,721e3c494613d3aa378fb20e47d69b51245b538e
freesolv,e51c7600c42704bd,Cc1ccc(N)cc1,hydration_free_energy,kcal/mol,validation,,-5.570000171661377,-6.503171850025711,-10.202726001766475,-2.8036176982849463,random,2027,node_gnn,node_gnn,none,none,721e3c494613d3aa378fb20e47d69b51245b538e
freesolv,0317a2fef5322bb6,Cc1ccc(O)c(C)c1,hydration_free_energy,kcal/mol,calibration,,-6.010000228881836,-5.600835382017627,-9.300389533758391,-1.9012812302768625,random,2027,node_gnn,node_gnn,none,none,721e3c494613d3aa378fb20e47d69b51245b538e
freesolv,303fffa88a746bce,Cc1ccc(O)cc1,hydration_free_energy,kcal/mol,calibration,,-6.130000114440918,-7.259095132390893,-10.958649284131658,-3.5595409806501284,random,2027,node_gnn,node_gnn,none,none,721e3c494613d3aa378fb20e47d69b51245b538e
freesolv,c7963a073ba52ba9,Cc1ccc(O)cc1C,hydration_free_energy,kcal/mol,validation,,-6.5,-6.369321061582051,-10.068875213322816,-2.669766909841286,random,2027,node_gnn,node_gnn,none,none,721e3c494613d3aa378fb20e47d69b51245b538e
freesolv,204d7c1d632d08ff,Cc1ccc2cc(C)ccc2c1,hydration_free_energy,kcal/mol,train,,-2.630000114440918,-1.2796330101470348,-4.9791871618878,2.41992114159373,random,2027,node_gnn,node_gnn,none,none,721e3c494613d3aa378fb20e47d69b51245b538e
freesolv,5777c886aebe8d88,Cc1cccc(C)c1,hydration_free_energy,kcal/mol,train,,-0.8299999833106995,-7.582516291262861,-11.282070443003626,-3.882962139522096,random,2027,node_gnn,node_gnn,none,none,721e3c494613d3aa378fb20e47d69b51245b538e
freesolv,6c6362cf1ea134cd,Cc1cccc(C)c1C,hydration_free_energy,kcal/mol,train,,-1.2100000381469727,-2.4032304498670314,-6.102784601607796,1.2963237018737335,random,2027,node_gnn,node_gnn,none,none,721e3c494613d3aa378fb20e47d69b51245b538e
freesolv,46065e9d43127bda,Cc1cccc(C)c1N,hydration_free_energy,kcal/mol,train,,-5.210000038146973,1.9797095763404253,-1.7198445754003395,5.679263728081191,random,2027,node_gnn,node_gnn,none,none,721e3c494613d3aa378fb20e47d69b51245b538e
freesolv,90fe3b9955e6cbdb,Cc1cccc(C)c1O,hydration_free_energy,kcal/mol,train,,-5.260000228881836,-10.982972203352192,-14.682526355092957,-7.283418051611427,random,2027,node_gnn,node_gnn,none,none,721e3c494613d3aa378fb20e47d69b51245b538e
freesolv,5c1b4ae8424cac54,Cc1cccc(C)n1,hydration_free_energy,kcal/mol,train,,-4.590000152587891,-5.329112758180783,-9.028666909921547,-1.6295586064400185,random,2027,node_gnn,node_gnn,none,none,721e3c494613d3aa378fb20e47d69b51245b538e
freesolv,ece8755eefcca82d,Cc1cccc(Nc2ccccc2C(=O)O)c1C,hydration_free_energy,kcal/mol,test,,-6.78000020980835,-9.372635433660339,-13.072189585401103,-5.673081281919574,random,2027,node_gnn,node_gnn,none,none,721e3c494613d3aa378fb20e47d69b51245b538e
freesolv,4d8ccb9d19efe382,Cc1cccc(O)c1,hydration_free_energy,kcal/mol,train,,-5.489999771118164,-5.09893111167476,-8.798485263415525,-1.3993769599339956,random,2027,node_gnn,node_gnn,none,none,721e3c494613d3aa378fb20e47d69b51245b538e
freesolv,05900ca825c16377,Cc1cccc(O)c1C,hydration_free_energy,kcal/mol,train,,-6.159999847412109,-5.963006346671335,-9.6625604984121,-2.2634521949305704,random,2027,node_gnn,node_gnn,none,none,721e3c494613d3aa378fb20e47d69b51245b538e
freesolv,5e20fb1606241f76,Cc1cccc([N+](=O)[O-])c1,hydration_free_energy,kcal/mol,train,,-3.450000047683716,-10.01359603829924,-13.713150190040006,-6.314041886558476,random,2027,node_gnn,node_gnn,none,none,721e3c494613d3aa378fb20e47d69b51245b538e
freesolv,3d2a5a9bdd85ae66,Cc1cccc2ccccc12,hydration_free_energy,kcal/mol,train,,-2.440000057220459,-4.5442944114150245,-8.24384856315579,-0.8447402596742597,random,2027,node_gnn,node_gnn,none,none,721e3c494613d3aa378fb20e47d69b51245b538e
freesolv,4f125c9e2659a314,Cc1ccccc1,hydration_free_energy,kcal/mol,train,,-0.8999999761581421,0.02274231596236609,-3.6768118357783988,3.722296467703131,random,2027,node_gnn,node_gnn,none,none,721e3c494613d3aa378fb20e47d69b51245b538e
freesolv,c00af97cfccb1719,Cc1ccccc1C,hydration_free_energy,kcal/mol,train,,-0.8999999761581421,-2.4108124605437,-6.110366612284465,1.2887416911970648,random,2027,node_gnn,node_gnn,none,none,721e3c494613d3aa378fb20e47d69b51245b538e
freesolv,ccb7ce5930753de8,Cc1ccccc1C=O,hydration_free_energy,kcal/mol,calibration,,-3.930000066757202,-4.219159083548426,-7.918713235289191,-0.5196049318076614,random,2027,node_gnn,node_gnn,none,none,721e3c494613d3aa378fb20e47d69b51245b538e
freesolv,6371bdc9e0fe2c8e,Cc1ccccc1Cl,hydration_free_energy,kcal/mol,validation,,-1.1399999856948853,-1.7233682866531925,-5.422922438393957,1.9761858650875723,random,2027,node_gnn,node_gnn,none,none,721e3c494613d3aa378fb20e47d69b51245b538e
freesolv,9fcb7285eb66a730,Cc1ccccc1N,hydration_free_energy,kcal/mol,calibration,,-5.53000020980835,-5.524730494649624,-9.22428464639039,-1.8251763429088594,random,2027,node_gnn,node_gnn,none,none,721e3c494613d3aa378fb20e47d69b51245b538e
freesolv,409664775e84e6ca,Cc1ccccc1O,hydration_free_energy,kcal/mol,validation,,-5.900000095367432,-5.838500589432135,-9.5380547411729,-2.13894643769137,random,2027,node_gnn,node_gnn,none,none,721e3c494613d3aa378fb20e47d69b51245b538e
freesolv,131ca815559de33c,Cc1ccccc1[N+](=O)[O-],hydration_free_energy,kcal/mol,test,,-3.5799999237060547,-3.809471487621135,-7.5090256393619,-0.10991733588037,random,2027,node_gnn,node_gnn,none,none,721e3c494613d3aa378fb20e47d69b51245b538e
freesolv,9e03a65773ba0113,Cc1ccccn1,hydration_free_energy,kcal/mol,test,,-4.630000114440918,-5.027031074790812,-8.726585226531576,-1.327476923050047,random,2027,node_gnn,node_gnn,none,none,721e3c494613d3aa378fb20e47d69b51245b538e
freesolv,0de8988b53c23a36,Cc1cccnc1,hydration_free_energy,kcal/mol,train,,-4.769999980926514,-0.5768367609119216,-4.276390912652687,3.1227173908288433,random,2027,node_gnn,node_gnn,none,none,721e3c494613d3aa378fb20e47d69b51245b538e
freesolv,995ffa71ceee0953,Cc1cccnc1C,hydration_free_energy,kcal/mol,train,,-4.820000171661377,-4.198829091541243,-7.898383243282008,-0.4992749398004781,random,2027,node_gnn,node_gnn,none,none,721e3c494613d3aa378fb20e47d69b51245b538e
freesolv,223487757991e398,Cc1cccs1,hydration_free_energy,kcal/mol,train,,-1.3799999952316284,-9.511113476085852,-13.210667627826616,-5.811559324345087,random,2027,node_gnn,node_gnn,none,none,721e3c494613d3aa378fb20e47d69b51245b538e
freesolv,eb8e7ab81714406e,Cc1ccnc(C)c1,hydration_free_energy,kcal/mol,train,,-4.860000133514404,-1.7422017158190504,-5.441755867559815,1.9573524359217145,random,2027,node_gnn,node_gnn,none,none,721e3c494613d3aa378fb20e47d69b51245b538e
freesolv,f8014d3a408f32f1,Cc1ccncc1,hydration_free_energy,kcal/mol,train,,-4.929999828338623,-0.7832476706829201,-4.482801822423685,2.9163064810578447,random,2027,node_gnn,node_gnn,none,none,721e3c494613d3aa378fb20e47d69b51245b538e
freesolv,0021d8f1e075cf09,Cc1ccncc1C,hydration_free_energy,kcal/mol,validation,,-5.21999979019165,-5.393850890341679,-9.093405042082445,-1.6942967386009142,random,2027,node_gnn,node_gnn,none,none,721e3c494613d3aa378fb20e47d69b51245b538e
freesolv,3ce397d40b765988,Cc1cncc(C)c1,hydration_free_energy,kcal/mol,train,,-4.840000152587891,-7.670524180649972,-11.370078332390737,-3.970970028909207,random,2027,node_gnn,node_gnn,none,none,721e3c494613d3aa378fb20e47d69b51245b538e
freesolv,c84c66bb702a24a5,Cc1cnccn1,hydration_free_energy,kcal/mol,train,,-5.510000228881836,3.20646996637856,-0.4930841853622048,6.9060241181193245,random,2027,node_gnn,node_gnn,none,none,721e3c494613d3aa378fb20e47d69b51245b538e
freesolv,98617ccb94c6f2d9,Cc1nc(N(C)C)nc(OC(=O)N(C)C)c1C,hydration_free_energy,kcal/mol,train,,-9.40999984741211,-6.796709770744573,-10.496263922485337,-3.097155619003808,random,2027,node_gnn,node_gnn,none,none,721e3c494613d3aa378fb20e47d69b51245b538e
freesolv,d00d5844e4fd190b,Cl/C=C/Cl,hydration_free_energy,kcal/mol,calibration,,-0.7799999713897705,-1.4362843972950161,-5.135838549035781,2.2632697544457487,random,2027,node_gnn,node_gnn,none,none,721e3c494613d3aa378fb20e47d69b51245b538e
freesolv,2d79f7bb0f919d3e,Cl/C=C\Cl,hydration_free_energy,kcal/mol,calibration,,-1.1699999570846558,-1.4362843972950161,-5.135838549035781,2.2632697544457487,random,2027,node_gnn,node_gnn,none,none,721e3c494613d3aa378fb20e47d69b51245b538e
freesolv,57eb58d51da68949,ClC(Cl)(Cl)C(Cl)(Cl)Cl,hydration_free_energy,kcal/mol,train,,-0.6399999856948853,-0.1307699365702204,-3.8303240883109853,3.5687842151705444,random,2027,node_gnn,node_gnn,none,none,721e3c494613d3aa378fb20e47d69b51245b538e
freesolv,451a93262591a307,ClC(Cl)(Cl)Cl,hydration_free_energy,kcal/mol,train,,0.07999999821186066,-8.822538106317506,-12.52209225805827,-5.122983954576741,random,2027,node_gnn,node_gnn,none,none,721e3c494613d3aa378fb20e47d69b51245b538e
freesolv,cff56a18f71b6c9d,ClC(Cl)=C(Cl)Cl,hydration_free_energy,kcal/mol,train,,0.10000000149011612,1.8858071076008627,-1.8137470441399022,5.585361259341628,random,2027,node_gnn,node_gnn,none,none,721e3c494613d3aa378fb20e47d69b51245b538e
freesolv,39844b260e442ec8,ClC(Cl)C(Cl)(Cl)Cl,hydration_free_energy,kcal/mol,train,,-1.2300000190734863,-1.608699924336583,-5.308254076077348,2.090854227404182,random,2027,node_gnn,node_gnn,none,none,721e3c494613d3aa378fb20e47d69b51245b538e
freesolv,e99f44b2e8cdbde1,ClC(Cl)C(Cl)Cl,hydration_free_energy,kcal/mol,train,,-2.369999885559082,-2.5172382682314156,-6.2167924199721805,1.1823158835093492,random,2027,node_gnn,node_gnn,none,none,721e3c494613d3aa378fb20e47d69b51245b538e
freesolv,c05e45a87f5e3de3,ClC(Cl)Cl,hydration_free_energy,kcal/mol,train,,-1.0800000429153442,0.97155178451882,-2.728002367221945,4.671105936259584,random,2027,node_gnn,node_gnn,none,none,721e3c494613d3aa378fb20e47d69b51245b538e
freesolv,8474f5ea098cd11d,ClC1=C(Cl)[C@]2(Cl)[C@@H]3[C@@H](Cl)C=C[C@@H]3[C@@]1(Cl)C2(Cl)Cl,hydration_free_energy,kcal/mol,train,,-2.549999952316284,-3.605781501985865,-7.30533565372663,0.09377264975490007,random,2027,node_gnn,node_gnn,none,none,721e3c494613d3aa378fb20e47d69b51245b538e
freesolv,800b96b699e00f5e,ClC1=C(Cl)[C@]2(Cl)[C@@H]3[C@@H]([C@H](Cl)C[C@@H]3Cl)[C@@]1(Cl)C2(Cl)Cl,hydration_free_energy,kcal/mol,train,,-3.440000057220459,-7.1687118120743705,-10.868265963815135,-3.4691576603336056,random,2027,node_gnn,node_gnn,none,none,721e3c494613d3aa378fb20e47d69b51245b538e
freesolv,8d55de7ac9d2f01a,ClC1=C(Cl)[C@]2(Cl)[C@H]3[C@H]4C[C@H]([C@@H]5O[C@H]45)[C@H]3[C@@]1(Cl)C2(Cl)Cl,hydration_free_energy,kcal/mol,train,,-4.820000171661377,-10.099631715760818,-13.799185867501583,-6.400077564020053,random,2027,node_gnn,node_gnn,none,none,721e3c494613d3aa378fb20e47d69b51245b538e
freesolv,fabbfc787087f50a,ClC=C(Cl)Cl,hydration_free_energy,kcal/mol,train,,-0.4399999976158142,-0.38310461895296477,-4.08265877069373,3.3164495327878,random,2027,node_gnn,node_gnn,none,none,721e3c494613d3aa378fb20e47d69b51245b538e
freesolv,df58138ec50f3742,ClCC(Cl)(Cl)Cl,hydration_free_energy,kcal/mol,train,,-1.4299999475479126,-1.6501221186332127,-5.349676270373978,2.049432033107552,random,2027,node_gnn,node_gnn,none,none,721e3c494613d3aa378fb20e47d69b51245b538e
freesolv,372630505bbbf500,ClCC(Cl)Cl,hydration_free_energy,kcal/mol,train,,-1.9900000095367432,-7.569000298351025,-11.26855445009179,-3.86944614661026,random,2027,node_gnn,node_gnn,none,none,721e3c494613d3aa378fb20e47d69b51245b538e
freesolv,947bdf8b981c551d,ClCCBr,hydration_free_energy,kcal/mol,test,,-1.9500000476837158,-1.6968619789382817,-5.396416130679047,2.002692172802483,random,2027,node_gnn,node_gnn,none,none,721e3c494613d3aa378fb20e47d69b51245b538e
freesolv,8ef9c8d30a109454,ClCCCCCl,hydration_free_energy,kcal/mol,validation,,-2.319999933242798,-1.2259237793213353,-4.9254779310621,2.4736303724194295,random,2027,node_gnn,node_gnn,none,none,721e3c494613d3aa378fb20e47d69b51245b538e
freesolv,3de4ce097f03cac7,ClCCCCl,hydration_free_energy,kcal/mol,validation,,-1.8899999856948853,-1.294520407180901,-4.994074558921666,2.405033744559864,random,2027,node_gnn,node_gnn,none,none,721e3c494613d3aa378fb20e47d69b51245b538e
freesolv,c5a6e0db31e85253,ClCCCl,hydration_free_energy,kcal/mol,validation,,-1.7899999618530273,-1.4417302662687916,-5.1412844180095565,2.257823885471973,random,2027,node_gnn,node_gnn,none,none,721e3c494613d3aa378fb20e47d69b51245b538e
freesolv,033cbc65185d3a9b,ClCCOCCCl,hydration_free_energy,kcal/mol,train,,-4.230000019073486,0.37618456563834046,-3.3233695861024244,4.075738717379105,random,2027,node_gnn,node_gnn,none,none,721e3c494613d3aa378fb20e47d69b51245b538e
freesolv,f161bdf0f763ae6e,ClCCl,hydration_free_energy,kcal/mol,train,,-1.309999942779541,-4.343641578152786,-8.04319572989355,-0.6440874264120211,random,2027,node_gnn,node_gnn,none,none,721e3c494613d3aa378fb20e47d69b51245b538e
freesolv,4e8dd2d13fb39aaa,ClCc1ccccc1,hydration_free_energy,kcal/mol,train,,-1.9299999475479126,-0.3409692669423494,-4.040523418683114,3.3585848847984154,random,2027,node_gnn,node_gnn,none,none,721e3c494613d3aa378fb20e47d69b51245b538e
freesolv,79ee4896526f4503,Clc1c(Cl)c(Cl)c(-c2c(Cl)c(Cl)c(Cl)c(Cl)c2Cl)c(Cl)c1Cl,hydration_free_energy,kcal/mol,train,,-2.9800000190734863,-10.89414914528943,-14.593703297030196,-7.194594993548666,random,2027,node_gnn,node_gnn,none,none,721e3c494613d3aa378fb20e47d69b51245b538e
freesolv,ccec5e12da7518ad,Clc1c(Cl)c(Cl)c(Cl)c(Cl)c1Cl,hydration_free_energy,kcal/mol,train,,-2.3299999237060547,-2.626704416134714,-6.326258567875479,1.072849735606051,random,2027,node_gnn,node_gnn,none,none,721e3c494613d3aa378fb20e47d69b51245b538e
freesolv,a28bd5d295e9e627,Clc1c(Cl)c(Cl)c2c(c1Cl)Oc1c(Cl)c(Cl)c(Cl)c(Cl)c1O2,hydration_free_energy,kcal/mol,train,,-4.53000020980835,-2.8069604275733857,-6.506514579314151,0.8925937241673791,random,2027,node_gnn,node_gnn,none,none,721e3c494613d3aa378fb20e47d69b51245b538e
freesolv,ba13b193f5d8afe1,Clc1c(Cl)c(Cl)c2c(c1Cl)Oc1ccccc1O2,hydration_free_energy,kcal/mol,train,,-3.809999942779541,-6.259903736492612,-9.959457888233377,-2.5603495847518474,random,2027,node_gnn,node_gnn,none,none,721e3c494613d3aa378fb20e47d69b51245b538e
freesolv,e13c6cd035a12545,Clc1cc(-c2c(Cl)cc(Cl)c(Cl)c2Cl)c(Cl)c(Cl)c1Cl,hydration_free_energy,kcal/mol,train,,-4.610000133514404,-6.549261045818536,-10.248815197559301,-2.8497068940777712,random,2027,node_gnn,node_gnn,none,none,721e3c494613d3aa378fb20e47d69b51245b538e
freesolv,6fbc2c7ce9f24b3a,Clc1cc(-c2cc(Cl)c(Cl)c(Cl)c2Cl)cc(Cl)c1Cl,hydration_free_energy,kcal/mol,train,,-3.1700000762939453,-2.7802303390551817,-6.4797844907959465,0.9193238126855832,random,2027,node_gnn,node_gnn,none,none,721e3c494613d3aa378fb20e47d69b51245b538e
freesolv,4e1bfcb593ab9c04,Clc1cc(-c2ccccc2)c(Cl)c(Cl)c1Cl,hydration_free_energy,kcal/mol,train,,-3.4800000190734863,-4.289031767446483,-7.988585919187248,-0.589477615705718,random,2027,node_gnn,node_gnn,none,none,721e3c494613d3aa378fb20e47d69b51245b538e
freesolv,0deab88349fa7629,Clc1cc(Cl)c(-c2c(Cl)cccc2Cl)c(Cl)c1,hydration_free_energy,kcal/mol,train,,-1.9600000381469727,-7.929967464730755,-11.62952161647152,-4.23041331298999,random,2027,node_gnn,node_gnn,none,none,721e3c494613d3aa378fb20e47d69b51245b538e
freesolv,04794cb48c3fc005,Clc1cc(Cl)c(-c2ccccc2)c(Cl)c1,hydration_free_energy,kcal/mol,train,,-2.1600000858306885,-4.349209963670049,-8.048764115410814,-0.6496558119292839,random,2027,node_gnn,node_gnn,none,none,721e3c494613d3aa378fb20e47d69b51245b538e
freesolv,19ca7acd0f10b4d1,Clc1cc(Cl)c(Cl)c(Cl)c1,hydration_free_energy,kcal/mol,train,,-1.6200000047683716,-5.282858024329671,-8.982412176070437,-1.583303872588906,random,2027,node_gnn,node_gnn,none,none,721e3c494613d3aa378fb20e47d69b51245b538e
freesolv,60f7d335311cdf71,Clc1cc(Cl)c(Cl)cc1Cl,hydration_free_energy,kcal/mol,test,,-1.340000033378601,-1.4609602515604028,-5.160514403301168,2.238593900180362,random,2027,node_gnn,node_gnn,none,none,721e3c494613d3aa378fb20e47d69b51245b538e
freesolv,b172d409ecb64ee0,Clc1cc(Cl)c2c(c1Cl)Oc1ccccc1O2,hydration_free_energy,kcal/mol,train,,-4.050000190734863,-3.78053218113541,-7.480086332876175,-0.08097802939464493,random,2027,node_gnn,node_gnn,none,none,721e3c494613d3aa378fb20e47d69b51245b538e
freesolv,aa9841fac0aef1b2,Clc1cc(Cl)cc(Cl)c1,hydration_free_energy,kcal/mol,train,,-0.7799999713897705,-1.4280392004903129,-5.127593352231077,2.271514951250452,random,2027,node_gnn,node_gnn,none,none,721e3c494613d3aa378fb20e47d69b51245b538e
freesolv,43fd33f418137c4f,Clc1cc2c(cc1Cl)Oc1c(Cl)c(Cl)c(Cl)c(Cl)c1O2,hydration_free_energy,kcal/mol,train,,-3.7100000381469727,-5.045806950474919,-8.745361102215684,-1.3462527987341542,random,2027,node_gnn,node_gnn,none,none,721e3c494613d3aa378fb20e47d69b51245b538e
freesolv,6397b4e582e915d9,Clc1cc2c(cc1Cl)Oc1cc(Cl)c(Cl)cc1O2,hydration_free_energy,kcal/mol,train,,-3.369999885559082,-4.0513609310487295,-7.750915082789494,-0.35180677930796467,random,2027,node_gnn,node_gnn,none,none,721e3c494613d3aa378fb20e47d69b51245b538e
freesolv,16993358a556f1c5,Clc1cc2c(cc1Cl)Oc1ccccc1O2,hydration_free_energy,kcal/mol,train,,-3.559999942779541,-10.50053295707072,-14.200087108811484,-6.8009788053299545,random,2027,node_gnn,node_gnn,none,none,721e3c494613d3aa378fb20e47d69b51245b538e
freesolv,20936773c94dd64a,Clc1ccc(-c2c(Cl)c(Cl)cc(Cl)c2Cl)cc1Cl,hydration_free_energy,kcal/mol,train,,-4.380000114440918,2.516120432993142,-1.1834337187476227,6.215674584733907,random,2027,node_gnn,node_gnn,none,none,721e3c494613d3aa378fb20e47d69b51245b538e
freesolv,319dd799287910b3,Clc1ccc(-c2cc(Cl)c(Cl)c(Cl)c2Cl)c(Cl)c1Cl,hydration_free_energy,kcal/mol,train,,-4.400000095367432,2.089344708618284,-1.6102094431224807,5.788898860359049,random,2027,node_gnn,node_gnn,none,none,721e3c494613d3aa378fb20e47d69b51245b538e
freesolv,a85bed87f9eca383,Clc1ccc(-c2cc(Cl)c(Cl)c(Cl)c2Cl)cc1Cl,hydration_free_energy,kcal/mol,train,,-3.0399999618530273,-4.711205711860602,-8.410759863601367,-1.0116515601198373,random,2027,node_gnn,node_gnn,none,none,721e3c494613d3aa378fb20e47d69b51245b538e
freesolv,6db47ce14110b8af,Clc1ccc(Cl)c(-c2cc(Cl)c(Cl)c(Cl)c2)c1,hydration_free_energy,kcal/mol,train,,-3.609999895095825,-0.32751783502201715,-4.027071986762782,3.3720363167187477,random,2027,node_gnn,node_gnn,none,none,721e3c494613d3aa378fb20e47d69b51245b538e
freesolv,24197958a25d4719,Clc1ccc(Cl)c(-c2ccccc2)c1,hydration_free_energy,kcal/mol,train,,-2.4600000381469727,-4.490422054952427,-8.189976206693192,-0.7908679032116623,random,2027,node_gnn,node_gnn,none,none,721e3c494613d3aa378fb20e47d69b51245b538e
freesolv,0ef4c04d56b370af,Clc1ccc(Cl)c(Cl)c1,hydration_free_energy,kcal/mol,train,,-1.1200000047683716,3.1408461309356377,-0.5587080208051272,6.840400282676402,random,2027,node_gnn,node_gnn,none,none,721e3c494613d3aa378fb20e47d69b51245b538e
freesolv,23c0e090ee47408a,Clc1ccc(Cl)c(Cl)c1Cl,hydration_free_energy,kcal/mol,train,,-1.340000033378601,-6.69123549097969,-10.390789642720454,-2.9916813392389248,random,2027,node_gnn,node_gnn,none,none,721e3c494613d3aa378fb20e47d69b51245b538e
freesolv,7d123d1b480ae7d0,Clc1ccc(Cl)cc1,hydration_free_energy,kcal/mol,train,,-1.0099999904632568,-3.5934419665722444,-7.29299611831301,0.1061121851685205,random,2027,node_gnn,node_gnn,none,none,721e3c494613d3aa378fb20e47d69b51245b538e
freesolv,885ce1f8c2708f29,Clc1ccc2c(c1)Oc1c(Cl)c(Cl)c(Cl)c(Cl)c1O2,hydration_free_energy,kcal/mol,test,,-4.150000095367432,-3.3191172590724674,-7.018671410813232,0.3804368926682975,random,2027,node_gnn,node_gnn,none,none,721e3c494613d3aa378fb20e47d69b51245b538e
freesolv,74dd2e07b6c4a121,Clc1ccc2c(c1)Oc1cc(Cl)c(Cl)c(Cl)c1O2,hydration_free_energy,kcal/mol,train,,-3.8399999141693115,-2.5368030057102935,-6.236357157451058,1.1627511460304714,random,2027,node_gnn,node_gnn,none,none,721e3c494613d3aa378fb20e47d69b51245b538e
freesolv,cd4e7053a74ca64b,Clc1ccc2c(c1)Oc1ccc(Cl)cc1O2,hydration_free_energy,kcal/mol,test,,-3.6700000762939453,-3.8122024060740536,-7.511756557814818,-0.11264825433328873,random,2027,node_gnn,node_gnn,none,none,721e3c494613d3aa378fb20e47d69b51245b538e
freesolv,2bd39b933f024feb,Clc1ccc2c(c1)Oc1ccccc1O2,hydration_free_energy,kcal/mol,calibration,,-3.0999999046325684,-3.9255070754012933,-7.625061227142059,-0.22595292366052844,random,2027,node_gnn,node_gnn,none,none,721e3c494613d3aa378fb20e47d69b51245b538e
freesolv,566718c24572a00b,Clc1cccc(Cl)c1,hydration_free_energy,kcal/mol,train,,-0.9800000190734863,-5.372401936879426,-9.07195608862019,-1.6728477851386607,random,2027,node_gnn,node_gnn,none,none,721e3c494613d3aa378fb20e47d69b51245b538e
freesolv,f2cab0904fd16aa2,Clc1cccc(Cl)c1-c1c(Cl)cccc1Cl,hydration_free_energy,kcal/mol,calibration,,-2.2799999713897705,-2.166375356530975,-5.86592950827174,1.53317879520979,random,2027,node_gnn,node_gnn,none,none,721e3c494613d3aa378fb20e47d69b51245b538e
freesolv,1ad603575e0ebfa7,Clc1cccc(Cl)c1Cl,hydration_free_energy,kcal/mol,train,,-1.2400000095367432,-1.316610375469836,-5.0161645272106,2.382943776270929,random,2027,node_gnn,node_gnn,none,none,721e3c494613d3aa378fb20e47d69b51245b538e
freesolv,785e578bba1163db,Clc1cccc2c1Oc1ccccc1O2,hydration_free_energy,kcal/mol,calibration,,-3.5199999809265137,-3.915476184179655,-7.6150303359204194,-0.2159220324388902,random,2027,node_gnn,node_gnn,none,none,721e3c494613d3aa378fb20e47d69b51245b538e
freesolv,69ec888ea256144d,Clc1ccccc1,hydration_free_energy,kcal/mol,validation,,-1.1200000047683716,-1.4787101588901925,-5.178264310630958,2.2208439928505723,random,2027,node_gnn,node_gnn,none,none,721e3c494613d3aa378fb20e47d69b51245b538e
freesolv,2ec9810d47af9e60,Clc1ccccc1-c1ccccc1,hydration_free_energy,kcal/mol,test,,-2.690000057220459,-2.3542983877810366,-6.0538525395218015,1.3452557639597282,random,2027,node_gnn,node_gnn,none,none,721e3c494613d3aa378fb20e47d69b51245b538e
freesolv,39661093e01fca7b,Clc1ccccc1Cl,hydration_free_energy,kcal/mol,calibration,,-1.3600000143051147,-1.452225448090589,-5.151779599831354,2.247328703650176,random,2027,node_gnn,node_gnn,none,none,721e3c494613d3aa378fb20e47d69b51245b538e
freesolv,4379d39c87f9b6f0,Clc1ccccn1,hydration_free_energy,kcal/mol,train,,-4.389999866485596,1.3880800023346622,-2.3114741494061026,5.0876341540754275,random,2027,node_gnn,node_gnn,none,none,721e3c494613d3aa378fb20e47d69b51245b538e
freesolv,78ea6fc26ce7e63c,Clc1cccnc1,hydration_free_energy,kcal/mol,train,,-4.010000228881836,-10.801612796320281,-14.501166948061046,-7.102058644579516,random,2027,node_gnn,node_gnn,none,none,721e3c494613d3aa378fb20e47d69b51245b538e
freesolv,7baedb0930499b12,Cn1c(=O)c2c(ncn2C)n(C)c1=O,hydration_free_energy,kcal/mol,validation,,-12.640000343322754,-13.552928846484019,-17.252482998224785,-9.853374694743254,random,2027,node_gnn,node_gnn,none,none,721e3c494613d3aa378fb20e47d69b51245b538e
freesolv,6432ca91307da26e,Cn1cccc1,hydration_free_energy,kcal/mol,train,,-2.890000104904175,-8.987697988833409,-12.687252140574174,-5.288143837092644,random,2027,node_gnn,node_gnn,none,none,721e3c494613d3aa378fb20e47d69b51245b538e
freesolv,a9d61a9eba10cf50,Cn1ccnc1,hydration_free_energy,kcal/mol,train,,-8.40999984741211,-0.7852348166456329,-4.484788968386398,2.914319335095132,random,2027,node_gnn,node_gnn,none,none,721e3c494613d3aa378fb20e47d69b51245b538e
freesolv,908ab04466374d9d,FC(F)(Cl)C(F)(Cl)Cl,hydration_free_energy,kcal/mol,train,,1.7699999809265137,-4.874271727486553,-8.573825879227318,-1.1747175757457882,random,2027,node_gnn,node_gnn,none,none,721e3c494613d3aa378fb20e47d69b51245b538e
freesolv,f39816aba1ecf31f,FC(F)(F)Br,hydration_free_energy,kcal/mol,train,,1.7899999618530273,-3.723810008308493,-7.423364160049258,-0.024255856567727996,random,2027,node_gnn,node_gnn,none,none,721e3c494613d3aa378fb20e47d69b51245b538e
freesolv,d47c13a6f52d42a9,FC(F)(F)CCl,hydration_free_energy,kcal/mol,test,,0.05999999865889549,0.3409517256126704,-3.3586024261280945,4.040505877353436,random,2027,node_gnn,node_gnn,none,none,721e3c494613d3aa378fb20e47d69b51245b538e
freesolv,4f805e6dc0bb19f3,FC(F)(F)F,hydration_free_energy,kcal/mol,test,,3.119999885559082,2.9100127860224885,-0.7895413657182764,6.609566937763253,random,2027,node_gnn,node_gnn,none,none,721e3c494613d3aa378fb20e47d69b51245b538e
freesolv,e087d5496692127a,FC(F)(F)[C@H](Cl)Br,hydration_free_energy,kcal/mol,calibration,,-0.10999999940395355,-0.6006747008142588,-4.300228852555024,3.098879450926506,random,2027,node_gnn,node_gnn,none,none,721e3c494613d3aa378fb20e47d69b51245b538e
freesolv,e66e31556faf8723,FC(F)(F)c1cccc(C(F)(F)F)c1,hydration_free_energy,kcal/mol,train,,1.0700000524520874,3.010647978231971,-0.6889061735087938,6.7102021299727355,random,2027,node_gnn,node_gnn,none,none,721e3c494613d3aa378fb20e47d69b51245b538e
freesolv,dcb976b5c332cdf8,FC(F)(F)c1ccccc1,hydration_free_energy,kcal/mol,test,,-0.25,0.10231638016745892,-3.597237771573306,3.8018705319082238,random,2027,node_gnn,node_gnn,none,none,721e3c494613d3aa378fb20e47d69b51245b538e
freesolv,e0c64c9ec3b5247b,FC(F)(F)c1ccccc1C(F)(F)F,hydration_free_energy,kcal/mol,train,,1.0700000524520874,-8.507086668702861,-12.206640820443626,-4.807532516962096,random,2027,node_gnn,node_gnn,none,none,721e3c494613d3aa378fb20e47d69b51245b538e
freesolv,8c9c04ac1860cd6f,FC(F)=C(F)C(F)(F)F,hydration_free_energy,kcal/mol,train,,2.930000066757202,-6.947960320784739,-10.647514472525504,-3.2484061690439745,random,2027,node_gnn,node_gnn,none,none,721e3c494613d3aa378fb20e47d69b51245b538e
freesolv,23594d220c24abf8,FC(F)Cl,hydration_free_energy,kcal/mol,train,,-0.5,-9.023848927514068,-12.723403079254833,-5.3242947757733035,random,2027,node_gnn,node_gnn,none,none,721e3c494613d3aa378fb20e47d69b51245b538e
freesolv,d7ca7e6b994e166f,FC(F)O[C@H](Cl)C(F)(F)F,hydration_free_energy,kcal/mol,train,,0.10000000149011612,-9.967106610309973,-13.666660762050737,-6.267552458569208,random,2027,node_gnn,node_gnn,none,none,721e3c494613d3aa378fb20e47d69b51245b538e
freesolv,2c8bdbcd792f5b63,FC(F)[C@@H](F)Oc1ccccc1,hydration_free_energy,kcal/mol,train,,-1.2899999618530273,-5.932565954054176,-9.632120105794941,-2.2330118023134116,random,2027,node_gnn,node_gnn,none,none,721e3c494613d3aa378fb20e47d69b51245b538e
freesolv,96ea3ef9f2b367bd,FC1(F)C(F)(F)C(F)(F)C1(F)F,hydration_free_energy,kcal/mol,train,,3.430000066757202,-6.636672492736087,-10.336226644476852,-2.9371183409953225,random,2027,node_gnn,node_gnn,none,none,721e3c494613d3aa378fb20e47d69b51245b538e
freesolv,8fdbbf5493dc7312,FCCl,hydration_free_energy,kcal/mol,train,,-0.7699999809265137,-1.3265722972870715,-5.026126449027837,2.3729818544536934,random,2027,node_gnn,node_gnn,none,none,721e3c494613d3aa378fb20e47d69b51245b538e
freesolv,364f4509284cca15,F[C@H](Br)C(F)(F)F,hydration_free_energy,kcal/mol,train,,0.5,-9.107602684094427,-12.807156835835192,-5.4080485323536625,random,2027,node_gnn,node_gnn,none,none,721e3c494613d3aa378fb20e47d69b51245b538e
freesolv,7609d49f5493dda8,Fc1ccccc1,hydration_free_energy,kcal/mol,test,,-0.800000011920929,-0.9137049863702771,-4.613259138111042,2.7858491653704878,random,2027,node_gnn,node_gnn,none,none,721e3c494613d3aa378fb20e47d69b51245b538e
freesolv,2831ad6342d46d4c,ICI,hydration_free_energy,kcal/mol,train,,-2.490000009536743,3.1697942686068106,-0.5297598831339543,6.869348420347576,random,2027,node_gnn,node_gnn,none,none,721e3c494613d3aa378fb20e47d69b51245b538e
freesolv,768ab540d7f6bbaf,Ic1ccccc1,hydration_free_energy,kcal/mol,test,,-1.7400000095367432,-1.7965303645561241,-5.496084516296889,1.9030237871846407,random,2027,node_gnn,node_gnn,none,none,721e3c494613d3aa378fb20e47d69b51245b538e
freesolv,690a85bfd005509d,N,hydration_free_energy,kcal/mol,train,,-4.289999961853027,-2.4114861004977612,-6.111040252238526,1.2880680512430036,random,2027,node_gnn,node_gnn,none,none,721e3c494613d3aa378fb20e47d69b51245b538e
freesolv,ed84655a813c2ca5,N#Cc1c(Cl)cccc1Cl,hydration_free_energy,kcal/mol,train,,-4.710000038146973,-2.487336305093228,-6.186890456833993,1.2122178466475368,random,2027,node_gnn,node_gnn,none,none,721e3c494613d3aa378fb20e47d69b51245b538e
freesolv,51d65559d6656ecd,N#Cc1ccc(O)cc1,hydration_free_energy,kcal/mol,calibration,,-10.170000076293945,-11.055963343968008,-14.755517495708773,-7.356409192227243,random,2027,node_gnn,node_gnn,none,none,721e3c494613d3aa378fb20e47d69b51245b538e
freesolv,93f80fc3639971e8,N#Cc1cccc(O)c1,hydration_free_energy,kcal/mol,train,,-9.649999618530273,-3.2904779113393086,-6.990032063080074,0.4090762404014563,random,2027,node_gnn,node_gnn,none,none,721e3c494613d3aa378fb20e47d69b51245b538e
freesolv,9cb88318f4e0cbfd,N#Cc1ccccc1,hydration_free_energy,kcal/mol,test,,-4.099999904632568,-4.786994342272001,-8.486548494012766,-1.087440190531236,random,2027,node_gnn,node_gnn,none,none,721e3c494613d3aa378fb20e47d69b51245b538e
freesolv,ba3caebef2925f4d,N#Cc1cccnc1,hydration_free_energy,kcal/mol,train,,-6.75,-7.518976787901535,-11.2185309396423,-3.8194226361607697,random,2027,node_gnn,node_gnn,none,none,721e3c494613d3aa378fb20e47d69b51245b538e
freesolv,65eaf74ac87f48c4,N#Cc1ccncc1,hydration_free_energy,kcal/mol,train,,-6.019999980926514,-3.4540597543533433,-7.153613906094108,0.24549439738742151,random,2027,node_gnn,node_gnn,none,none,721e3c494613d3aa378fb20e47d69b51245b538e
freesolv,8c4e0b39823a21e5,NC(=O)c1ccccc1,hydration_free_energy,kcal/mol,train,,-11.0,-4.9001132407925025,-8.599667392533267,-1.2005590890517377,random,2027,node_gnn,node_gnn,none,none,721e3c494613d3aa378fb20e47d69b51245b538e
freesolv,08f91f035163f756,NC1CCCCC1,hydration_free_energy,kcal/mol,calibration,,-4.590000152587891,-5.328120448848727,-9.027674600589492,-1.6285662971079624,random,2027,node_gnn,node_gnn,none,none,721e3c494613d3aa378fb20e47d69b51245b538e
freesolv,24598c90512c15fe,NN,hydration_free_energy,kcal/mol,test,,-9.300000190734863,-15.16158013776421,-18.861134289504975,-11.462025986023445,random,2027,node_gnn,node_gnn,none,none,721e3c494613d3aa378fb20e47d69b51245b538e
freesolv,79ea9304963003ea,Nc1ccc(Cl)cc1,hydration_free_energy,kcal/mol,test,,-5.900000095367432,-6.474094130862692,-10.173648282603457,-2.7745399791219274,random,2027,node_gnn,node_gnn,none,none,721e3c494613d3aa378fb20e47d69b51245b538e
freesolv,cec2f5b1aa5dde8d,Nc1ccc(N)c2c1C(=O)c1ccccc1C2=O,hydration_free_energy,kcal/mol,train,,-11.850000381469727,-6.424187335657631,-10.123741487398396,-2.7246331839168665,random,2027,node_gnn,node_gnn,none,none,721e3c494613d3aa378fb20e47d69b51245b538e
freesolv,6021efa297cbff65,Nc1ccc(O)c2c1C(=O)c1ccccc1C2=O,hydration_free_energy,kcal/mol,train,,-9.529999732971191,-3.899027146365518,-7.598581298106283,-0.19947299462475332,random,2027,node_gnn,node_gnn,none,none,721e3c494613d3aa378fb20e47d69b51245b538e
freesolv,60b8f7cdcc4cc001,Nc1ccc([N+](=O)[O-])cc1,hydration_free_energy,kcal/mol,train,,-9.819999694824219,-1.3623691844093382,-5.0619233361501035,2.3371849673314267,random,2027,node_gnn,node_gnn,none,none,721e3c494613d3aa378fb20e47d69b51245b538e
freesolv,6dbfb544dc921040,Nc1ccc2c(c1)C(=O)c1ccccc1C2=O,hydration_free_energy,kcal/mol,train,,-11.529999732971191,-1.7738460215873952,-5.4734001733281605,1.9257081301533696,random,2027,node_gnn,node_gnn,none,none,721e3c494613d3aa378fb20e47d69b51245b538e
freesolv,151a28867ddf1a05,Nc1ccc2ccccc2c1,hydration_free_energy,kcal/mol,test,,-7.46999979019165,-8.043731743411882,-11.743285895152647,-4.344177591671118,random,2027,node_gnn,node_gnn,none,none,721e3c494613d3aa378fb20e47d69b51245b538e
freesolv,085acb392fb3c214,Nc1cccc(Cl)c1,hydration_free_energy,kcal/mol,validation,,-5.820000171661377,-5.659983129675721,-9.359537281416486,-1.9604289779349564,random,2027,node_gnn,node_gnn,none,none,721e3c494613d3aa378fb20e47d69b51245b538e
freesolv,e1aa0c9f03e27245,Nc1cccc([N+](=O)[O-])c1,hydration_free_energy,kcal/mol,train,,-8.84000015258789,-5.674551857331592,-9.374106009072356,-1.9749977055908268,random,2027,node_gnn,node_gnn,none,none,721e3c494613d3aa378fb20e47d69b51245b538e
freesolv,77fa39daade7a2ed,Nc1cccc2c1C(=O)c1ccccc1C2=O,hydration_free_energy,kcal/mol,test,,-9.4399995803833,-10.084251955008824,-13.783806106749589,-6.384697803268059,random,2027,node_gnn,node_gnn,none,none,721e3c494613d3aa378fb20e47d69b51245b538e
freesolv,c7df2333181b5728,Nc1cccc2ccccc12,hydration_free_energy,kcal/mol,validation,,-7.28000020980835,-7.175431439542455,-10.87498559128322,-3.4758772878016906,random,2027,node_gnn,node_gnn,none,none,721e3c494613d3aa378fb20e47d69b51245b538e
freesolv,8df927d11f3ed1df,Nc1ccccc1,hydration_free_energy,kcal/mol,train,,-5.489999771118164,-11.50581973768293,-15.205373889423695,-7.806265585942166,random,2027,node_gnn,node_gnn,none,none,721e3c494613d3aa378fb20e47d69b51245b538e
freesolv,47d345a94a412d55,Nc1ccccc1Cl,hydration_free_energy,kcal/mol,train,,-4.909999847412109,-9.773394686739813,-13.472948838480578,-6.073840534999048,random,2027,node_gnn,node_gnn,none,none,721e3c494613d3aa378fb20e47d69b51245b538e
freesolv,793b8d33b3567aa6,Nc1ccccc1[N+](=O)[O-],hydration_free_energy,kcal/mol,train,,-7.369999885559082,-6.427944739412309,-10.127498891153074,-2.7283905876715444,random,2027,node_gnn,node_gnn,none,none,721e3c494613d3aa378fb20e47d69b51245b538e
freesolv,e735fff07d370f67,Nc1cnn(-c2ccccc2)c(=O)c1Cl,hydration_free_energy,kcal/mol,test,,-16.43000030517578,-11.99314080584158,-15.692694957582345,-8.293586654100816,random,2027,node_gnn,node_gnn,none,none,721e3c494613d3aa378fb20e47d69b51245b538e
freesolv,3085b87749974b25,O=C(O)c1cc(-c2ccc(F)cc2F)ccc1O,hydration_free_energy,kcal/mol,train,,-9.399999618530273,-5.67064350492418,-9.370197656664946,-1.971089353183415,random,2027,node_gnn,node_gnn,none,none,721e3c494613d3aa378fb20e47d69b51245b538e
freesolv,ac7b3ba276fd0c1f,O=C1C=CC(=O)C=C1,hydration_free_energy,kcal/mol,train,,-6.5,-8.79032148229351,-12.489875634034275,-5.090767330552746,random,2027,node_gnn,node_gnn,none,none,721e3c494613d3aa378fb20e47d69b51245b538e
freesolv,efaecaee941d65ec,O=C1CCCC1,hydration_free_energy,kcal/mol,train,,-4.699999809265137,3.5230756901900695,-0.17647846155069535,7.222629841930834,random,2027,node_gnn,node_gnn,none,none,721e3c494613d3aa378fb20e47d69b51245b538e
freesolv,a257b754cb4a6804,O=C1CCCCC1,hydration_free_energy,kcal/mol,train,,-4.909999847412109,-3.65743893969944,-7.356993091440205,0.042115212041324845,random,2027,node_gnn,node_gnn,none,none,721e3c494613d3aa378fb20e47d69b51245b538e
freesolv,5d150ad954af7bcd,O=C1NC(=O)c2ccccc21,hydration_free_energy,kcal/mol,train,,-9.609999656677246,-2.9106969597964745,-6.61025111153724,0.7888571919442904,random,2027,node_gnn,node_gnn,none,none,721e3c494613d3aa378fb20e47d69b51245b538e
freesolv,bcdd6b15f2dd6f08,O=C1[C@@H]2CC=CC[C@H]2C(=O)N1SC(Cl)(Cl)Cl,hydration_free_energy,kcal/mol,train,,-9.010000228881836,-3.507261486388618,-7.206815638129383,0.19229266535214684,random,2027,node_gnn,node_gnn,none,none,721e3c494613d3aa378fb20e47d69b51245b538e
freesolv,a06e4a64d1733212,O=C1c2ccccc2C(=O)c2c(NCCO)cccc21,hydration_free_energy,kcal/mol,train,,-14.210000038146973,-4.735565079414966,-8.435119231155731,-1.0360109276742016,random,2027,node_gnn,node_gnn,none,none,721e3c494613d3aa378fb20e47d69b51245b538e
freesolv,373fcfa90050910c,O=COc1ccccc1,hydration_free_energy,kcal/mol,train,,-3.819999933242798,-7.38186670328178,-11.081420855022545,-3.682312551541015,random,2027,node_gnn,node_gnn,none,none,721e3c494613d3aa378fb20e47d69b51245b538e
freesolv,0834789a38b4d862,O=Cc1ccc(O)cc1,hydration_free_energy,kcal/mol,train,,-8.829999923706055,-2.7806186240218813,-6.480172775762647,0.9189355277188835,random,2027,node_gnn,node_gnn,none,none,721e3c494613d3aa378fb20e47d69b51245b538e
freesolv,cdcde67484b661eb,O=Cc1cccc(O)c1,hydration_free_energy,kcal/mol,calibration,,-9.520000457763672,-8.913606784063417,-12.613160935804181,-5.214052632322652,random,2027,node_gnn,node_gnn,none,none,721e3c494613d3aa378fb20e47d69b51245b538e
freesolv,958acf4ebef097af,O=Cc1ccccc1,hydration_free_energy,kcal/mol,train,,-4.019999980926514,-6.648995141199974,-10.348549292940739,-2.949440989459209,random,2027,node_gnn,node_gnn,none,none,721e3c494613d3aa378fb20e47d69b51245b538e
freesolv,936d7c3754abed80,O=Cc1ccccc1O,hydration_free_energy,kcal/mol,validation,,-4.679999828338623,-8.556658941475073,-12.256213093215838,-4.857104789734308,random,2027,node_gnn,node_gnn,none,none,721e3c494613d3aa378fb20e47d69b51245b538e
freesolv,edd708f27f82cb10,O=Cc1cccnc1,hydration_free_energy,kcal/mol,validation,,-7.099999904632568,-6.4985652739414945,-10.19811942568226,-2.7990111222007297,random,2027,node_gnn,node_gnn,none,none,721e3c494613d3aa378fb20e47d69b51245b538e
freesolv,ea971b24f0d35a80,O=Cc1ccncc1,hydration_free_energy,kcal/mol,train,,-7.0,-10.333043824263456,-14.03259797600422,-6.633489672522691,random,2027,node_gnn,node_gnn,none,none,721e3c494613d3aa378fb20e47d69b51245b538e
freesolv,7ad65a67ffa70f4b,O=S1OC[C@@H]2[C@H](CO1)[C@]1(Cl)C(Cl)=C(Cl)[C@@]2(Cl)C1(Cl)Cl,hydration_free_energy,kcal/mol,train,,-4.230000019073486,-3.0422677802714704,-6.741821932012235,0.6572863714692945,random,2027,node_gnn,node_gnn,none,none,721e3c494613d3aa378fb20e47d69b51245b538e
freesolv,92bc713f6762c1df,O=[N+]([O-])C(Cl)(Cl)Cl,hydration_free_energy,kcal/mol,train,,-1.4500000476837158,-9.098238813027676,-12.79779296476844,-5.398684661286911,random,2027,node_gnn,node_gnn,none,none,721e3c494613d3aa378fb20e47d69b51245b538e
freesolv,18b4905fa7a9467f,O=[N+]([O-])OCCCO[N+](=O)[O-],hydration_free_energy,kcal/mol,train,,-4.800000190734863,-1.079586297759219,-4.779140449499984,2.619967853981546,random,2027,node_gnn,node_gnn,none,none,721e3c494613d3aa378fb20e47d69b51245b538e
freesolv,8c7197a6424e71e3,O=[N+]([O-])OCCO,hydration_free_energy,kcal/mol,train,,-8.180000305175781,-2.061128993148912,-5.760683144889677,1.6384251585918528,random,2027,node_gnn,node_gnn,none,none,721e3c494613d3aa378fb20e47d69b51245b538e
freesolv,3f211c1bf953b801,O=[N+]([O-])OCCO[N+](=O)[O-],hydration_free_energy,kcal/mol,train,,-5.730000019073486,-5.1859029235131535,-8.885457075253917,-1.4863487717723887,random,2027,node_gnn,node_gnn,none,none,721e3c494613d3aa378fb20e47d69b51245b538e
freesolv,c7b90e22bebd2485,O=[N+]([O-])c1c(Cl)c(Cl)c(Cl)c(Cl)c1Cl,hydration_free_energy,kcal/mol,train,,-5.21999979019165,-7.4243331314089716,-11.123887283149736,-3.7247789796682067,random,2027,node_gnn,node_gnn,none,none,721e3c494613d3aa378fb20e47d69b51245b538e
freesolv,819d0d9fd216fcd8,O=[N+]([O-])c1ccc(O)cc1,hydration_free_energy,kcal/mol,train,,-10.640000343322754,-2.855503515429426,-6.555057667170191,0.8440506363113389,random,2027,node_gnn,node_gnn,none,none,721e3c494613d3aa378fb20e47d69b51245b538e
freesolv,f49e79a6c87b1ffc,O=[N+]([O-])c1cccc(O)c1,hydration_free_energy,kcal/mol,train,,-9.619999885559082,-5.126967698691862,-8.826521850432627,-1.4274135469510973,random,2027,node_gnn,node_gnn,none,none,721e3c494613d3aa378fb20e47d69b51245b538e
freesolv,2f207849e668e96f,O=[N+]([O-])c1ccccc1,hydration_free_energy,kcal/mol,train,,-4.119999885559082,-0.6593953350089832,-4.358949486749748,3.0401588167317817,random,2027,node_gnn,node_gnn,none,none,721e3c494613d3aa378fb20e47d69b51245b538e
freesolv,2e397c61ab395a28,O=[N+]([O-])c1ccccc1O,hydration_free_energy,kcal/mol,train,,-4.579999923706055,-3.2365205457419903,-6.936074697482756,0.4630336059987745,random,2027,node_gnn,node_gnn,none,none,721e3c494613d3aa378fb20e47d69b51245b538e
freesolv,573bd8a61399ae31,O=c1[nH]c(=O)[nH]c(=O)[nH]1,hydration_free_energy,kcal/mol,test,,-18.059999465942383,-25.89871358027871,-29.598267732019472,-22.199159428537946,random,2027,node_gnn,node_gnn,none,none,721e3c494613d3aa378fb20e47d69b51245b538e
freesolv,cddfd0f06e81b8b1,O=c1[nH]cc(Br)c(=O)[nH]1,hydration_free_energy,kcal/mol,train,,-18.170000076293945,-1.9390879264305825,-5.6386420781713475,1.7604662253101824,random,2027,node_gnn,node_gnn,none,none,721e3c494613d3aa378fb20e47d69b51245b538e
freesolv,2072aaa51fe60a41,O=c1[nH]cc(C(F)(F)F)c(=O)[nH]1,hydration_free_energy,kcal/mol,test,,-15.460000038146973,-13.771708355602536,-17.4712625073433,-10.072154203861771,random,2027,node_gnn,node_gnn,none,none,721e3c494613d3aa378fb20e47d69b51245b538e
freesolv,b20d78724d54723c,O=c1[nH]cc(Cl)c(=O)[nH]1,hydration_free_energy,kcal/mol,train,,-17.739999771118164,-4.76884006716624,-8.468394218907005,-1.0692859154254748,random,2027,node_gnn,node_gnn,none,none,721e3c494613d3aa378fb20e47d69b51245b538e
freesolv,fa4b084349774829,O=c1[nH]cc(F)c(=O)[nH]1,hydration_free_energy,kcal/mol,train,,-16.920000076293945,-6.934506131811389,-10.634060283552154,-3.2349519800706243,random,2027,node_gnn,node_gnn,none,none,721e3c494613d3aa378fb20e47d69b51245b538e
freesolv,f6ac8e5a51fd9b52,O=c1[nH]cc(I)c(=O)[nH]1,hydration_free_energy,kcal/mol,validation,,-18.719999313354492,-18.57965315912963,-22.279207310870397,-14.880099007388866,random,2027,node_gnn,node_gnn,none,none,721e3c494613d3aa378fb20e47d69b51245b538e
freesolv,05f89cf62c049133,O=c1cc(Cl)[nH]c(=O)[nH]1,hydration_free_energy,kcal/mol,train,,-15.829999923706055,-9.729521702064613,-13.429075853805378,-6.029967550323848,random,2027,node_gnn,node_gnn,none,none,721e3c494613d3aa378fb20e47d69b51245b538e
freesolv,79191f708aac72af,OC1CCCC1,hydration_free_energy,kcal/mol,calibration,,-5.489999771118164,-6.183613552186358,-9.883167703927123,-2.4840594004455934,random,2027,node_gnn,node_gnn,none,none,721e3c494613d3aa378fb20e47d69b51245b538e
freesolv,13bf59087e3f76ff,OC1CCCCC1,hydration_free_energy,kcal/mol,train,,-5.460000038146973,-6.223895705060051,-9.923449856800815,-2.524341553319286,random,2027,node_gnn,node_gnn,none,none,721e3c494613d3aa378fb20e47d69b51245b538e
freesolv,3a6088586348cf7f,OC1CCCCCC1,hydration_free_energy,kcal/mol,validation,,-5.480000019073486,-5.291307817443751,-8.990861969184515,-1.5917536657029858,random,2027,node_gnn,node_gnn,none,none,721e3c494613d3aa378fb20e47d69b51245b538e
freesolv,687a2dc922ea1a36,OCC(F)(F)F,hydration_free_energy,kcal/mol,train,,-4.309999942779541,1.1080649671601814,-2.5914891845805834,4.807619118900947,random,2027,node_gnn,node_gnn,none,none,721e3c494613d3aa378fb20e47d69b51245b538e
freesolv,7817e0695a0a58ee,OCC(O)CO,hydration_free_energy,kcal/mol,train,,-13.430000305175781,-3.0144404995293175,-6.713994651270083,0.6851136522114474,random,2027,node_gnn,node_gnn,none,none,721e3c494613d3aa378fb20e47d69b51245b538e
freesolv,da60db9636ea1107,OCCCc1ccccc1,hydration_free_energy,kcal/mol,train,,-6.920000076293945,-10.510034680788369,-14.209588832529134,-6.810480529047604,random,2027,node_gnn,node_gnn,none,none,721e3c494613d3aa378fb20e47d69b51245b538e
freesolv,5c3c2680787458c1,OCCO,hydration_free_energy,kcal/mol,train,,-9.300000190734863,-3.407574088592672,-7.107128240333437,0.29198006314809266,random,2027,node_gnn,node_gnn,none,none,721e3c494613d3aa378fb20e47d69b51245b538e
freesolv,cc6267fd5c207d0f,OCCc1ccccc1,hydration_free_energy,kcal/mol,calibration,,-6.789999961853027,-5.669109090042462,-9.368663241783228,-1.9695549383016973,random,2027,node_gnn,node_gnn,none,none,721e3c494613d3aa378fb20e47d69b51245b538e
freesolv,3fc407fd83f57079,OC[C@@H](O)[C@@H](O)[C@H](O)[C@H](O)CO,hydration_free_energy,kcal/mol,train,,-23.6200008392334,-2.144108477340053,-5.843662629080818,1.555445674400712,random,2027,node_gnn,node_gnn,none,none,721e3c494613d3aa378fb20e47d69b51245b538e
freesolv,70fe802de633ac06,OC[C@H]1O[C@@H](O)[C@H](O)[C@@H](O)[C@@H]1O,hydration_free_energy,kcal/mol,train,,-25.469999313354492,-10.028334784224553,-13.727888935965318,-6.328780632483788,random,2027,node_gnn,node_gnn,none,none,721e3c494613d3aa378fb20e47d69b51245b538e
freesolv,9aba038d3f4200a5,OCc1ccccc1,hydration_free_energy,kcal/mol,train,,-6.619999885559082,0.3829591044123668,-3.316595047328398,4.082513256153131,random,2027,node_gnn,node_gnn,none,none,721e3c494613d3aa378fb20e47d69b51245b538e
freesolv,a567f2cbddf29886,O[C@@H]1[C@@H](O)[C@@H](O)OC[C@H]1O,hydration_free_energy,kcal/mol,train,,-20.520000457763672,-2.6510811301476496,-6.350635281888414,1.0484730215931153,random,2027,node_gnn,node_gnn,none,none,721e3c494613d3aa378fb20e47d69b51245b538e
freesolv,67dc214c51fbc83b,Oc1ccc(Br)cc1,hydration_free_energy,kcal/mol,train,,-5.849999904632568,-1.1968322748932265,-4.896386426633992,2.5027218768475383,random,2027,node_gnn,node_gnn,none,none,721e3c494613d3aa378fb20e47d69b51245b538e
freesolv,b996f9741fc5cff6,Oc1ccc(Cl)c(Cl)c1,hydration_free_energy,kcal/mol,train,,-7.289999961853027,-7.707046402470386,-11.40660055421115,-4.007492250729621,random,2027,node_gnn,node_gnn,none,none,721e3c494613d3aa378fb20e47d69b51245b538e
freesolv,1aa838762f1917bf,Oc1ccc(Cl)cc1,hydration_free_energy,kcal/mol,test,,-7.03000020980835,-7.19153768376469,-10.891091835505454,-3.4919835320239248,random,2027,node_gnn,node_gnn,none,none,721e3c494613d3aa378fb20e47d69b51245b538e
freesolv,e2864dba67ef283d,Oc1ccc(F)cc1,hydration_free_energy,kcal/mol,calibration,,-6.190000057220459,-7.099989508548068,-10.799543660288833,-3.4004353568073036,random,2027,node_gnn,node_gnn,none,none,721e3c494613d3aa378fb20e47d69b51245b538e
freesolv,7f518d93e9c142c0,Oc1ccc2ccccc2c1,hydration_free_energy,kcal/mol,train,,-8.109999656677246,-1.6960895445844093,-5.395643696325174,2.0034646071563555,random,2027,node_gnn,node_gnn,none,none,721e3c494613d3aa378fb20e47d69b51245b538e
freesolv,cbbe38134650c076,Oc1cccc(Cl)c1,hydration_free_energy,kcal/mol,train,,-6.619999885559082,3.2377854935745103,-0.46176865816625456,6.937339645315275,random,2027,node_gnn,node_gnn,none,none,721e3c494613d3aa378fb20e47d69b51245b538e
freesolv,988ca1a38a1581f9,Oc1cccc2ccccc12,hydration_free_energy,kcal/mol,train,,-7.670000076293945,-2.690834962736771,-6.390389114477536,1.008719189003994,random,2027,node_gnn,node_gnn,none,none,721e3c494613d3aa378fb20e47d69b51245b538e
freesolv,3800b14c418b69c5,Oc1ccccc1,hydration_free_energy,kcal/mol,train,,-6.599999904632568,-8.917986362782486,-12.61754051452325,-5.218432211041721,random,2027,node_gnn,node_gnn,none,none,721e3c494613d3aa378fb20e47d69b51245b538e
freesolv,9bf03d8ccdb3c64c,Oc1ccccc1Cl,hydration_free_energy,kcal/mol,test,,-4.550000190734863,-5.8000433759019305,-9.499597527642695,-2.1004892241611657,random,2027,node_gnn,node_gnn,none,none,721e3c494613d3aa378fb20e47d69b51245b538e
freesolv,aedc78ece946d401,Oc1ccccc1F,hydration_free_energy,kcal/mol,test,,-5.289999961853027,-5.364362829787817,-9.063916981528582,-1.6648086780470521,random,2027,node_gnn,node_gnn,none,none,721e3c494613d3aa378fb20e47d69b51245b538e
freesolv,d3b87da98c67562d,Oc1ccccc1I,hydration_free_energy,kcal/mol,train,,-6.199999809265137,-0.7897143385366046,-4.48926849027737,2.9098398132041603,random,2027,node_gnn,node_gnn,none,none,721e3c494613d3aa378fb20e47d69b51245b538e
freesolv,3a126e2a44c3887a,S,hydration_free_energy,kcal/mol,calibration,,-0.699999988079071,-2.575063664335758,-6.274617816076523,1.1244904874050068,random,2027,node_gnn,node_gnn,none,none,721e3c494613d3aa378fb20e47d69b51245b538e
freesolv,371a5e389c8c0955,Sc1ccccc1,hydration_free_energy,kcal/mol,calibration,,-2.549999952316284,-3.9144762067938923,-7.614030358534658,-0.21492205505312745,random,2027,node_gnn,node_gnn,none,none,721e3c494613d3aa378fb20e47d69b51245b538e
freesolv,642af2bc8b818bc9,[O-][S+2]1([O-])CCCC1,hydration_free_energy,kcal/mol,train,,-8.609999656677246,-5.682659546117023,-9.382213697857788,-1.983105394376258,random,2027,node_gnn,node_gnn,none,none,721e3c494613d3aa378fb20e47d69b51245b538e
freesolv,f099726b50ba9b25,c1c[nH]cn1,hydration_free_energy,kcal/mol,train,,-9.630000114440918,-4.414078337866741,-8.113632489607506,-0.7145241861259759,random,2027,node_gnn,node_gnn,none,none,721e3c494613d3aa378fb20e47d69b51245b538e
freesolv,98f5a3867d0fbe7a,c1cc2c3c(cccc3c1)CC2,hydration_free_energy,kcal/mol,validation,,-3.1500000953674316,-3.418119586632048,-7.1176737383728135,0.28143456510871667,random,2027,node_gnn,node_gnn,none,none,721e3c494613d3aa378fb20e47d69b51245b538e
freesolv,b0c2afa3b4daa40d,c1cc2ccc3cccc4ccc(c1)c2c34,hydration_free_energy,kcal/mol,train,,-4.519999980926514,-4.248419084122957,-7.947973235863722,-0.5488649323821919,random,2027,node_gnn,node_gnn,none,none,721e3c494613d3aa378fb20e47d69b51245b538e
freesolv,7b676dabf15907c8,c1cc[nH]c1,hydration_free_energy,kcal/mol,test,,-4.78000020980835,-5.972592160506034,-9.672146312246799,-2.273038008765269,random,2027,node_gnn,node_gnn,none,none,721e3c494613d3aa378fb20e47d69b51245b538e
freesolv,7a5bc4f64c5195f9,c1ccc(-c2ccccc2)cc1,hydration_free_energy,kcal/mol,validation,,-2.700000047683716,-2.1583924243946075,-5.857946576135372,1.5411617273461573,random,2027,node_gnn,node_gnn,none,none,721e3c494613d3aa378fb20e47d69b51245b538e
freesolv,e797994168bdf8e5,c1ccc(Cn2ccnc2)cc1,hydration_free_energy,kcal/mol,train,,-7.630000114440918,-4.6463531619994605,-8.345907313740225,-0.9467990102586956,random,2027,node_gnn,node_gnn,none,none,721e3c494613d3aa378fb20e47d69b51245b538e
freesolv,dee9bfd78d64e4a2,c1ccc(Oc2ccccc2)cc1,hydration_free_energy,kcal/mol,train,,-2.869999885559082,-0.5007354347373996,-4.200289586478164,3.1988187170033653,random,2027,node_gnn,node_gnn,none,none,721e3c494613d3aa378fb20e47d69b51245b538e
freesolv,4ffb5477eed907c6,c1ccc2c(c1)CCC2,hydration_free_energy,kcal/mol,train,,-1.4600000381469727,-4.285931289011945,-7.98548544075271,-0.5863771372711799,random,2027,node_gnn,node_gnn,none,none,721e3c494613d3aa378fb20e47d69b51245b538e
freesolv,47543d385846569e,c1ccc2c(c1)Cc1ccccc1-2,hydration_free_energy,kcal/mol,train,,-3.3499999046325684,-5.017124408911146,-8.71667856065191,-1.317570257170381,random,2027,node_gnn,node_gnn,none,none,721e3c494613d3aa378fb20e47d69b51245b538e
freesolv,17465babc9cd1c82,c1ccc2c(c1)Cc1ccccc1C2,hydration_free_energy,kcal/mol,train,,-3.7799999713897705,-6.070243761841219,-9.769797913581984,-2.370689610100454,random,2027,node_gnn,node_gnn,none,none,721e3c494613d3aa378fb20e47d69b51245b538e
freesolv,fb7f87c7e6dfb66e,c1ccc2c(c1)Oc1ccccc1O2,hydration_free_energy,kcal/mol,validation,,-3.1500000953674316,-4.186184901769135,-7.8857390535099,-0.48663075002837,random,2027,node_gnn,node_gnn,none,none,721e3c494613d3aa378fb20e47d69b51245b538e
freesolv,ccd5156c3d611af8,c1ccc2c(c1)ccc1ccccc12,hydration_free_energy,kcal/mol,test,,-3.880000114440918,-3.395598082107194,-7.0951522338479585,0.3039560696335708,random,2027,node_gnn,node_gnn,none,none,721e3c494613d3aa378fb20e47d69b51245b538e
freesolv,784372b072523a7c,c1ccc2cc3ccccc3cc2c1,hydration_free_energy,kcal/mol,train,,-3.950000047683716,2.343999910624499,-1.3555542411162658,6.0435540623652635,random,2027,node_gnn,node_gnn,none,none,721e3c494613d3aa378fb20e47d69b51245b538e
freesolv,c7ef340f0fa3dd43,c1ccc2ccccc2c1,hydration_free_energy,kcal/mol,train,,-2.4000000953674316,-4.532878833394056,-8.232432985134821,-0.8333246816532913,random,2027,node_gnn,node_gnn,none,none,721e3c494613d3aa378fb20e47d69b51245b538e
freesolv,93816c4b27d69be9,c1ccc2ncccc2c1,hydration_free_energy,kcal/mol,train,,-5.71999979019165,-6.237272466794479,-9.936826618535244,-2.5377183150537146,random,2027,node_gnn,node_gnn,none,none,721e3c494613d3aa378fb20e47d69b51245b538e
freesolv,1c8645677ff2de98,c1ccccc1,hydration_free_energy,kcal/mol,train,,-0.8999999761581421,-11.928114791394725,-15.62766894313549,-8.22856063965396,random,2027,node_gnn,node_gnn,none,none,721e3c494613d3aa378fb20e47d69b51245b538e
freesolv,d311fe7bbff8011b,c1ccncc1,hydration_free_energy,kcal/mol,calibration,,-4.690000057220459,-4.907769577023448,-8.607323728764213,-1.2082154252826829,random,2027,node_gnn,node_gnn,none,none,721e3c494613d3aa378fb20e47d69b51245b538e
freesolv,dd5ad833c0c7aa1e,c1ccsc1,hydration_free_energy,kcal/mol,validation,,-1.399999976158142,-1.8550892516404596,-5.554643403381224,1.8444649001003053,random,2027,node_gnn,node_gnn,none,none,721e3c494613d3aa378fb20e47d69b51245b538e
