dataset,molecule_id,smiles,property,units,partition,scaffold,y_true,y_pred,prediction_lower,prediction_upper,split_strategy,seed,model,family,features,fusion,git_commit
esol,da61f9c875766442,BrC(Br)(Br)Br,aqueous_solubility,log10(mol/L),calibration,,-3.140000104904175,-4.038742004096505,-5.113503985583785,-2.963980022609226,random,2027,rf_rdkit,random_forest,rdkit,none,721e3c494613d3aa378fb20e47d69b51245b538e
esol,033a6d997321375a,BrC(Br)Br,aqueous_solubility,log10(mol/L),train,,-1.909999966621399,-2.245431977331635,-3.3201939588189147,-1.1706699958443556,random,2027,rf_rdkit,random_forest,rdkit,none,721e3c494613d3aa378fb20e47d69b51245b538e
esol,9ab68a3afbba9fc0,BrCBr,aqueous_solubility,log10(mol/L),validation,,-1.1699999570846558,-1.6018079916685826,-2.6765699731558623,-0.527046010181303,random,2027,rf_rdkit,random_forest,rdkit,none,721e3c494613d3aa378fb20e47d69b51245b538e
esol,bd914b232803b250,BrCCBr,aqueous_solubility,log10(mol/L),train,,-1.6799999475479126,-1.7832319746017473,-2.857993956089027,-0.7084699931144678,random,2027,rf_rdkit,random_forest,rdkit,none,721e3c494613d3aa378fb20e47d69b51245b538e
esol,77a4ca2bbfb75522,Brc1cc(Br)c(Br)cc1Br,aqueous_solubility,log10(mol/L),train,,-6.980000019073486,-6.208692008018484,-7.283453989505763,-5.133930026531204,random,2027,rf_rdkit,random_forest,rdkit,none,721e3c494613d3aa378fb20e47d69b51245b538e
esol,21cbcc346182e499,Brc1cc(Br)cc(Br)c1,aqueous_solubility,log10(mol/L),train,,-5.599999904632568,-5.161127946376789,-6.2358899278640685,-4.086365964889509,random,2027,rf_rdkit,random_forest,rdkit,none,721e3c494613d3aa378fb20e47d69b51245b538e
esol,599294ce62557e5e,Brc1ccc(Br)c(Br)c1,aqueous_solubility,log10(mol/L),calibration,,-4.5,-4.617953972339627,-5.692715953826906,-3.543191990852347,random,2027,rf_rdkit,random_forest,rdkit,none,721e3c494613d3aa378fb20e47d69b51245b538e
esol,5e05b0f3e484f559,Brc1ccc(Br)cc1,aqueous_solubility,log10(mol/L),train,,-4.070000171661377,-3.9199201107025083,-4.994682092189787,-2.845158129215229,random,2027,rf_rdkit,random_forest,rdkit,none,721e3c494613d3aa378fb20e47d69b51245b538e
esol,bbdc3f8b7bb7f0e8,Brc1ccc(I)cc1,aqueous_solubility,log10(mol/L),train,,-4.559999942779541,-4.228455968141555,-5.303217949628834,-3.1536939866542752,random,2027,rf_rdkit,random_forest,rdkit,none,721e3c494613d3aa378fb20e47d69b51245b538e
esol,30d2b25ba1f64487,Brc1ccc2ccccc2c1,aqueous_solubility,log10(mol/L),test,,-4.400000095367432,-4.227493991136547,-5.3022559726238265,-3.1527320096492675,random,2027,rf_rdkit,random_forest,rdkit,none,721e3c494613d3aa378fb20e47d69b51245b538e
esol,e49ac581c1a589b2,Brc1cccc(Br)c1,aqueous_solubility,log10(mol/L),train,,-3.5399999618530273,-3.5922659926414466,-4.667027974128726,-2.517504011154167,random,2027,rf_rdkit,random_forest,rdkit,none,721e3c494613d3aa378fb20e47d69b51245b538e
esol,4ec2811097081ab4,Brc1cccc2ccccc12,aqueous_solubility,log10(mol/L),train,,-4.349999904632568,-4.28678195667266,-5.361543938159939,-3.21201997518538,random,2027,rf_rdkit,random_forest,rdkit,none,721e3c494613d3aa378fb20e47d69b51245b538e
esol,0397bd2cd69b335c,Brc1ccccc1,aqueous_solubility,log10(mol/L),train,,-2.549999952316284,-2.64283598136902,-3.7175979628562996,-1.5680739998817406,random,2027,rf_rdkit,random_forest,rdkit,none,721e3c494613d3aa378fb20e47d69b51245b538e
esol,324f80b71abb8f48,Brc1ccccc1Br,aqueous_solubility,log10(mol/L),train,,-3.5,-3.56014000797272,-4.634901989459999,-2.4853780264854404,random,2027,rf_rdkit,random_forest,rdkit,none,721e3c494613d3aa378fb20e47d69b51245b538e
esol,ef653be8d856a3e3,C,aqueous_solubility,log10(mol/L),train,,-0.8999999761581421,-0.9020559877753183,-1.9768179692625978,0.17270599371196127,random,2027,rf_rdkit,random_forest,rdkit,none,721e3c494613d3aa378fb20e47d69b51245b538e
esol,1e62faae86ae77c5,C#C,aqueous_solubility,log10(mol/L),train,,0.28999999165534973,-0.10741600705683929,-1.1821779885441188,0.9673459744304402,random,2027,rf_rdkit,random_forest,rdkit,none,721e3c494613d3aa378fb20e47d69b51245b538e
esol,be01c31d44889bd9,C#CC,aqueous_solubility,log10(mol/L),calibration,,-0.4099999964237213,-0.8268480122834343,-1.9016099937707138,0.24791396920384523,random,2027,rf_rdkit,random_forest,rdkit,none,721e3c494613d3aa378fb20e47d69b51245b538e
esol,418e7591029ea69f,C#CC(C)N(C)C(=O)Nc1ccc(Cl)cc1,aqueous_solubility,log10(mol/L),train,,-3.9000000953674316,-3.635182063937182,-4.709944045424462,-2.5604200824499026,random,2027,rf_rdkit,random_forest,rdkit,none,721e3c494613d3aa378fb20e47d69b51245b538e
esol,9ab8feee6b5a7528,C#CC(C)OC(=O)Nc1cccc(Cl)c1,aqueous_solubility,log10(mol/L),validation,,-2.617000102996826,-3.1850800160169603,-4.25984199750424,-2.110318034529681,random,2027,rf_rdkit,random_forest,rdkit,none,721e3c494613d3aa378fb20e47d69b51245b538e
esol,254e2b1734e74745,C#CC1(O)CCC2C3CCC4=CC(=O)CCC4(C)C3CCC21C,aqueous_solubility,log10(mol/L),train,,-5.659999847412109,-5.219751913547524,-6.294513895034804,-4.144989932060245,random,2027,rf_rdkit,random_forest,rdkit,none,721e3c494613d3aa378fb20e47d69b51245b538e
esol,8df5408ffcddd97a,C#CC1(O)CCC2C3CCC4=CC(=O)CCC4(O)C3CCC21C,aqueous_solubility,log10(mol/L),train,,-4.570000171661377,-4.446582094416032,-5.521344075903311,-3.371820112928752,random,2027,rf_rdkit,random_forest,rdkit,none,721e3c494613d3aa378fb20e47d69b51245b538e
esol,1e8401e159a17ddb,C#CC1(O)CCC2C3CCC4=Cc5oncc5CC4(C)C3CCC21C,aqueous_solubility,log10(mol/L),train,,-5.506999969482422,-5.310931981801987,-6.385693963289267,-4.236170000314708,random,2027,rf_rdkit,random_forest,rdkit,none,721e3c494613d3aa378fb20e47d69b51245b538e
esol,0ede43d08b0b685a,C#CC1(O)CCC2C3CCc4cc(O)ccc4C3CCC21C,aqueous_solubility,log10(mol/L),train,,-4.300000190734863,-4.514046124070882,-5.5888081055581615,-3.4392841425836025,random,2027,rf_rdkit,random_forest,rdkit,none,721e3c494613d3aa378fb20e47d69b51245b538e
esol,f6f3f8ce45fa9dfa,C#CC1(OC(C)=O)CCC2C3CCC4=CC(=O)CCC4C3CCC21C,aqueous_solubility,log10(mol/L),calibration,,-4.800000190734863,-5.004733971834187,-6.079495953321467,-3.9299719903469077,random,2027,rf_rdkit,random_forest,rdkit,none,721e3c494613d3aa378fb20e47d69b51245b538e
esol,3e31eac302cfd8fc,C#CCC,aqueous_solubility,log10(mol/L),train,,-1.2400000095367432,-1.2014320076703884,-2.276193989157668,-0.12667002618310885,random,2027,rf_rdkit,random_forest,rdkit,none,721e3c494613d3aa378fb20e47d69b51245b538e
esol,ef58f1c4944033aa,C#CCCC,aqueous_solubility,log10(mol/L),train,,-1.6399999856948853,-1.6982039848975825,-2.772965966384862,-0.623442003410303,random,2027,rf_rdkit,random_forest,rdkit,none,721e3c494613d3aa378fb20e47d69b51245b538e
esol,9df9f03554f45e69,C#CCCCC,aqueous_solubility,log10(mol/L),train,,-2.359999895095825,-2.367139935255052,-3.4419019167423315,-1.2923779537677724,random,2027,rf_rdkit,random_forest,rdkit,none,721e3c494613d3aa378fb20e47d69b51245b538e
esol,0b51237b33e42d49,C#CCCCCC,aqueous_solubility,log10(mol/L),train,,-3.009999990463257,-2.9741399948596956,-4.048901976346976,-1.899378013372416,random,2027,rf_rdkit,random_forest,rdkit,none,721e3c494613d3aa378fb20e47d69b51245b538e
esol,48de0e30b5d246ce,C#CCCCCCC,aqueous_solubility,log10(mol/L),train,,-3.6600000858306885,-3.5111400544643434,-4.585902035951623,-2.436378072977064,random,2027,rf_rdkit,random_forest,rdkit,none,721e3c494613d3aa378fb20e47d69b51245b538e
esol,a3e71f83f986b969,C#CCCCCCCC,aqueous_solubility,log10(mol/L),validation,,-4.239999771118164,-3.9378600447177865,-5.012622026205066,-2.863098063230507,random,2027,rf_rdkit,random_forest,rdkit,none,721e3c494613d3aa378fb20e47d69b51245b538e
esol,004b9675aac80e82,C/C=C/C=O,aqueous_solubility,log10(mol/L),train,,0.3199999928474426,0.2094859931208357,-0.8652759883664438,1.2842479746081152,random,2027,rf_rdkit,random_forest,rdkit,none,721e3c494613d3aa378fb20e47d69b51245b538e
esol,0923717a6761fd77,C/C=C/CC,aqueous_solubility,log10(mol/L),train,,-2.5399999618530273,-2.5206999676227566,-3.595461949110036,-1.445937986135477,random,2027,rf_rdkit,random_forest,rdkit,none,721e3c494613d3aa378fb20e47d69b51245b538e
esol,c57120d38c0a4a68,C/C=C/CCCC,aqueous_solubility,log10(mol/L),train,,-3.819999933242798,-3.6489659597873683,-4.723727941274648,-2.5742039783000887,random,2027,rf_rdkit,random_forest,rdkit,none,721e3c494613d3aa378fb20e47d69b51245b538e
esol,26ab7efc03939d8f,C/C=C\CC,aqueous_solubility,log10(mol/L),train,,-2.5399999618530273,-2.5206999676227566,-3.595461949110036,-1.445937986135477,random,2027,rf_rdkit,random_forest,rdkit,none,721e3c494613d3aa378fb20e47d69b51245b538e
esol,5cd7d49aba9a7e17,C1=CCC=CC1,aqueous_solubility,log10(mol/L),train,,-2.059999942779541,-2.3404679679274536,-3.415229949414733,-1.265705986440174,random,2027,rf_rdkit,random_forest,rdkit,none,721e3c494613d3aa378fb20e47d69b51245b538e
esol,1d7f56772c078bb9,C1=CCCC1,aqueous_solubility,log10(mol/L),train,,-2.0999999046325684,-2.1922799405269284,-3.267041922014208,-1.117517959039649,random,2027,rf_rdkit,random_forest,rdkit,none,721e3c494613d3aa378fb20e47d69b51245b538e
esol,abde13413c473f18,C1=CCCCC1,aqueous_solubility,log10(mol/L),train,,-2.5899999141693115,-2.710079944252965,-3.7848419257402446,-1.6353179627656855,random,2027,rf_rdkit,random_forest,rdkit,none,721e3c494613d3aa378fb20e47d69b51245b538e
esol,bb8c20b84fd920a2,C1=CCCCCC1,aqueous_solubility,log10(mol/L),train,,-3.180000066757202,-3.200236034870148,-4.2749980163574275,-2.1254740533828684,random,2027,rf_rdkit,random_forest,rdkit,none,721e3c494613d3aa378fb20e47d69b51245b538e
esol,95b87f4f4f2bb613,C1=Cc2cccc3cccc1c23,aqueous_solubility,log10(mol/L),train,,-3.9600000381469727,-4.293058035850519,-5.367820017337799,-3.2182960543632397,random,2027,rf_rdkit,random_forest,rdkit,none,721e3c494613d3aa378fb20e47d69b51245b538e
esol,5c3986bd23acb32d,C1CCC2CCCCC2C1,aqueous_solubility,log10(mol/L),train,,-5.190000057220459,-5.020042034205034,-6.094804015692313,-3.945280052717754,random,2027,rf_rdkit,random_forest,rdkit,none,721e3c494613d3aa378fb20e47d69b51245b538e
esol,7c5d26a49231e799,C1CCCC1,aqueous_solubility,log10(mol/L),train,,-2.640000104904175,-2.698782065033914,-3.7735440465211934,-1.6240200835466343,random,2027,rf_rdkit,random_forest,rdkit,none,721e3c494613d3aa378fb20e47d69b51245b538e
esol,4d70c6ce3ea26712,C1CCCCC1,aqueous_solubility,log10(mol/L),validation,,-3.0999999046325684,-3.4870980034992103,-4.56185998498649,-2.4123360220119308,random,2027,rf_rdkit,random_forest,rdkit,none,721e3c494613d3aa378fb20e47d69b51245b538e
esol,70cfcad6dba4b5a4,C1CCCCCC1,aqueous_solubility,log10(mol/L),validation,,-3.509999990463257,-3.869389999862757,-4.9441519813500365,-2.7946280183754775,random,2027,rf_rdkit,random_forest,rdkit,none,721e3c494613d3aa378fb20e47d69b51245b538e
esol,3049de5674a74cb5,C1CCCCCCC1,aqueous_solubility,log10(mol/L),test,,-4.150000095367432,-4.783707990348336,-5.858469971835616,-3.708946008861057,random,2027,rf_rdkit,random_forest,rdkit,none,721e3c494613d3aa378fb20e47d69b51245b538e
esol,ec599f0cbd5e780b,C1CCOC1,aqueous_solubility,log10(mol/L),train,,0.49000000953674316,0.16996200624480817,-0.9047999752424714,1.2447239877320877,random,2027,rf_rdkit,random_forest,rdkit,none,721e3c494613d3aa378fb20e47d69b51245b538e
esol,6ee75a2f4b64ffb0,C1CCOCC1,aqueous_solubility,log10(mol/L),train,,-0.029999999329447746,-0.1716199991852161,-1.2463819806724956,0.9031419823020634,random,2027,rf_rdkit,random_forest,rdkit,none,721e3c494613d3aa378fb20e47d69b51245b538e
esol,dbdd245cf7f7502f,C=C,aqueous_solubility,log10(mol/L),train,,-0.4000000059604645,-0.5582640092372881,-1.6330259907245677,0.5164979722499914,random,2027,rf_rdkit,random_forest,rdkit,none,721e3c494613d3aa378fb20e47d69b51245b538e
esol,1ff48e0fc1bb46f2,C=C(Br)CC1(C(C)CC)C(=O)NC(=O)NC1=O,aqueous_solubility,log10(mol/L),train,,-2.6470000743865967,-2.755140049159528,-3.8299020306468075,-1.6803780676722484,random,2027,rf_rdkit,random_forest,rdkit,none,721e3c494613d3aa378fb20e47d69b51245b538e
esol,e7c10ec7ffa2f500,C=C(C)C,aqueous_solubility,log10(mol/L),train,,-2.3299999237060547,-2.158479952991001,-3.2332419344782806,-1.0837179715037215,random,2027,rf_rdkit,random_forest,rdkit,none,721e3c494613d3aa378fb20e47d69b51245b538e
esol,1e7286c23334c464,C=C(C)C(=C)C,aqueous_solubility,log10(mol/L),train,,-2.4000000953674316,-2.4668680584877727,-3.541630039975052,-1.3921060770004932,random,2027,rf_rdkit,random_forest,rdkit,none,721e3c494613d3aa378fb20e47d69b51245b538e
esol,2b835da78b020754,C=C(C)C1CC=C(C)C(=O)C1,aqueous_solubility,log10(mol/L),train,,-2.059999942779541,-2.051243962645529,-3.1260059441328085,-0.9764819811582495,random,2027,rf_rdkit,random_forest,rdkit,none,721e3c494613d3aa378fb20e47d69b51245b538e
esol,9920e0d07ed28e13,C=C(C)C1CC=C(C)CC1,aqueous_solubility,log10(mol/L),train,,-4.260000228881836,-4.10394815266132,-5.1787101341485995,-3.0291861711740404,random,2027,rf_rdkit,random_forest,rdkit,none,721e3c494613d3aa378fb20e47d69b51245b538e
esol,9ce3bd89adca3155,C=C(C)C1Cc2c(ccc3c2OC2COc4cc(OC)c(OC)cc4C2C3=O)O1,aqueous_solubility,log10(mol/L),train,,-4.420000076293945,-4.380494040846815,-5.455256022334095,-3.305732059359536,random,2027,rf_rdkit,random_forest,rdkit,none,721e3c494613d3aa378fb20e47d69b51245b538e
esol,c8d3a1f414f5bcce,C=C(C)CC,aqueous_solubility,log10(mol/L),train,,-2.7300000190734863,-2.6410000125169755,-3.715761994004255,-1.566238031029696,random,2027,rf_rdkit,random_forest,rdkit,none,721e3c494613d3aa378fb20e47d69b51245b538e
esol,08ff67a090d72c26,C=C(C)CCC,aqueous_solubility,log10(mol/L),calibration,,-3.0299999713897705,-2.8274800065122547,-3.9022419879995343,-1.7527180250249752,random,2027,rf_rdkit,random_forest,rdkit,none,721e3c494613d3aa378fb20e47d69b51245b538e
esol,43ca2dece41f5eb7,C=C(C)CN(CC)c1c([N+](=O)[O-])cc(C(F)(F)F)cc1[N+](=O)[O-],aqueous_solubility,log10(mol/L),train,,-6.124000072479248,-5.769408012866964,-6.844169994354243,-4.694646031379684,random,2027,rf_rdkit,random_forest,rdkit,none,721e3c494613d3aa378fb20e47d69b51245b538e
esol,49db12929fad29a3,C=C(Cl)CSC(=S)N(CC)CC,aqueous_solubility,log10(mol/L),train,,-3.390000104904175,-3.3893780708313,-4.46414005231858,-2.3146160893440206,random,2027,rf_rdkit,random_forest,rdkit,none,721e3c494613d3aa378fb20e47d69b51245b538e
esol,17bd196156d45488,C=C(Cl)Cl,aqueous_solubility,log10(mol/L),train,,-1.6399999856948853,-1.6302759921401724,-2.705037973627452,-0.5555140106528929,random,2027,rf_rdkit,random_forest,rdkit,none,721e3c494613d3aa378fb20e47d69b51245b538e
esol,4374b7441e7baae0,C=CC,aqueous_solubility,log10(mol/L),train,,-1.0800000429153442,-1.2114600292742173,-2.286222010761497,-0.13669804778693773,random,2027,rf_rdkit,random_forest,rdkit,none,721e3c494613d3aa378fb20e47d69b51245b538e
esol,b3adba63532cb668,C=CC#N,aqueous_solubility,log10(mol/L),calibration,,0.15000000596046448,-0.12138200611620409,-1.1961439876034836,0.9533799753710754,random,2027,rf_rdkit,random_forest,rdkit,none,721e3c494613d3aa378fb20e47d69b51245b538e
esol,2c3f4ff07d8cd113,C=CC(=C)C,aqueous_solubility,log10(mol/L),train,,-2.0299999713897705,-2.0662999821305346,-3.141061963617814,-0.991538000643255,random,2027,rf_rdkit,random_forest,rdkit,none,721e3c494613d3aa378fb20e47d69b51245b538e
esol,4813864c1e8d653b,C=CC(=O)OC,aqueous_solubility,log10(mol/L),train,,-0.2199999988079071,-0.1856059997901447,-1.2603679812774242,0.8891559816971348,random,2027,rf_rdkit,random_forest,rdkit,none,721e3c494613d3aa378fb20e47d69b51245b538e
esol,64f6eee3339816ef,C=CC(C)(O)CCC=C(C)C,aqueous_solubility,log10(mol/L),validation,,-1.9900000095367432,-2.223664001397788,-3.2984259828850675,-1.1489020199105084,random,2027,rf_rdkit,random_forest,rdkit,none,721e3c494613d3aa378fb20e47d69b51245b538e
esol,2e0d4bc22e47200f,C=CC(C)C,aqueous_solubility,log10(mol/L),train,,-2.7300000190734863,-2.6217600150108344,-3.696521996498114,-1.546998033523555,random,2027,rf_rdkit,random_forest,rdkit,none,721e3c494613d3aa378fb20e47d69b51245b538e
esol,a7f910903d65c55d,C=CC(O)CCC,aqueous_solubility,log10(mol/L),validation,,-0.5899999737739563,-0.8233599985428124,-1.898121980030092,0.25140198294446714,random,2027,rf_rdkit,random_forest,rdkit,none,721e3c494613d3aa378fb20e47d69b51245b538e
esol,9c5c4be6a611f0d4,C=CC1(C)OC(=O)N(c2cc(Cl)cc(Cl)c2)C1=O,aqueous_solubility,log10(mol/L),train,,-4.925000190734863,-4.544124126523732,-5.6188861080110115,-3.4693621450364525,random,2027,rf_rdkit,random_forest,rdkit,none,721e3c494613d3aa378fb20e47d69b51245b538e
esol,5f725e80c7d4ca6e,C=CC=C,aqueous_solubility,log10(mol/L),train,,-1.8700000047683716,-1.7554200067669197,-2.830181988254199,-0.6806580252796401,random,2027,rf_rdkit,random_forest,rdkit,none,721e3c494613d3aa378fb20e47d69b51245b538e
esol,7e5d57bf31e51f3b,C=CC=O,aqueous_solubility,log10(mol/L),train,,0.5699999928474426,0.4221399936080146,-0.652621987879265,1.496901975095294,random,2027,rf_rdkit,random_forest,rdkit,none,721e3c494613d3aa378fb20e47d69b51245b538e
esol,0c125e154592b036,C=CCC,aqueous_solubility,log10(mol/L),train,,-1.940000057220459,-1.8984760361313773,-2.973238017618657,-0.8237140546440977,random,2027,rf_rdkit,random_forest,rdkit,none,721e3c494613d3aa378fb20e47d69b51245b538e
esol,d82c07a526a33d28,C=CCC1(C(C)C)C(=O)NC(=O)NC1=O,aqueous_solubility,log10(mol/L),validation,,-1.7079999446868896,-2.1163419947624207,-3.1911039762497,-1.0415800132751412,random,2027,rf_rdkit,random_forest,rdkit,none,721e3c494613d3aa378fb20e47d69b51245b538e
esol,0a25a747148c7a1f,C=CCC1(C(C)CC)C(=O)NC(=O)NC1=O,aqueous_solubility,log10(mol/L),train,,-2.0160000324249268,-2.1483680205345133,-3.223130002021793,-1.0736060390472337,random,2027,rf_rdkit,random_forest,rdkit,none,721e3c494613d3aa378fb20e47d69b51245b538e
esol,755de189a5985744,C=CCC1(C(C)CCC)C(=O)NC(=O)NC1=O,aqueous_solubility,log10(mol/L),train,,-2.3559999465942383,-2.398745972871781,-3.4735079543590603,-1.3239839913845013,random,2027,rf_rdkit,random_forest,rdkit,none,721e3c494613d3aa378fb20e47d69b51245b538e
esol,2377f869d0ed780c,C=CCC1(C(C)CCC)C(=O)NC(=S)NC1=O,aqueous_solubility,log10(mol/L),train,,-3.4600000381469727,-3.2801080124378195,-4.354869993925099,-2.20534603095054,random,2027,rf_rdkit,random_forest,rdkit,none,721e3c494613d3aa378fb20e47d69b51245b538e
esol,1f2305f058bbb67d,C=CCC1(C)C(=O)NC(=O)NC1=O,aqueous_solubility,log10(mol/L),train,,-1.159999966621399,-1.3749379766583343,-2.449699958145614,-0.30017599517105475,random,2027,rf_rdkit,random_forest,rdkit,none,721e3c494613d3aa378fb20e47d69b51245b538e
esol,b2789fcdce54841c,C=CCC1(CC)C(=O)NC(=O)NC1=O,aqueous_solubility,log10(mol/L),train,,-1.6139999628067017,-1.777975980997084,-2.8527379624843636,-0.7032139995098046,random,2027,rf_rdkit,random_forest,rdkit,none,721e3c494613d3aa378fb20e47d69b51245b538e
esol,d7c2057651e25e8d,C=CCC1(CC=C)C(=O)NC(=O)NC1=O,aqueous_solubility,log10(mol/L),train,,-2.0769999027252197,-2.0812019407749225,-3.155963922262202,-1.006439959287643,random,2027,rf_rdkit,random_forest,rdkit,none,721e3c494613d3aa378fb20e47d69b51245b538e
esol,09c2f35273cfdcb6,C=CCC1(c2ccccc2)C(=O)NC(=O)NC1=O,aqueous_solubility,log10(mol/L),train,,-2.36899995803833,-2.489641977965828,-3.5644039594531076,-1.4148799964785486,random,2027,rf_rdkit,random_forest,rdkit,none,721e3c494613d3aa378fb20e47d69b51245b538e
esol,924236428a2d77f9,C=CCC=C,aqueous_solubility,log10(mol/L),validation,,-2.0899999141693115,-2.1049480032026775,-3.179709984689957,-1.030186021715398,random,2027,rf_rdkit,random_forest,rdkit,none,721e3c494613d3aa378fb20e47d69b51245b538e
esol,20d95e6e0ed5a2ad,C=CCCC,aqueous_solubility,log10(mol/L),train,,-2.680000066757202,-2.608300039768216,-3.6830620212554956,-1.5335380582809366,random,2027,rf_rdkit,random_forest,rdkit,none,721e3c494613d3aa378fb20e47d69b51245b538e
esol,4e33c9c7d0f0a61e,C=CCCC=C,aqueous_solubility,log10(mol/L),train,,-2.680000066757202,-2.5848200449943515,-3.659582026481631,-1.510058063507072,random,2027,rf_rdkit,random_forest,rdkit,none,721e3c494613d3aa378fb20e47d69b51245b538e
esol,59d1e0b0ecbe24ff,C=CCCCC,aqueous_solubility,log10(mol/L),test,,-3.2300000190734863,-2.905180006444455,-3.9799419879317344,-1.8304180249571753,random,2027,rf_rdkit,random_forest,rdkit,none,721e3c494613d3aa378fb20e47d69b51245b538e
esol,21083084379f0a6c,C=CCCCCC,aqueous_solubility,log10(mol/L),train,,-3.7300000190734863,-3.5979800095558154,-4.672741991043095,-2.523218028068536,random,2027,rf_rdkit,random_forest,rdkit,none,721e3c494613d3aa378fb20e47d69b51245b538e
esol,25723488a4ed1346,C=CCCCCCC,aqueous_solubility,log10(mol/L),train,,-4.440000057220459,-4.226414045691485,-5.301176027178765,-3.151652064204206,random,2027,rf_rdkit,random_forest,rdkit,none,721e3c494613d3aa378fb20e47d69b51245b538e
esol,2667126ae7a1dd89,C=CCCCCCCC,aqueous_solubility,log10(mol/L),train,,-5.050000190734863,-4.8581601455211505,-5.93292212700843,-3.783398164033871,random,2027,rf_rdkit,random_forest,rdkit,none,721e3c494613d3aa378fb20e47d69b51245b538e
esol,438c34629e40839e,C=CCCCCCCCC,aqueous_solubility,log10(mol/L),train,,-5.510000228881836,-5.2518281674385126,-6.326590148925792,-4.177066185951233,random,2027,rf_rdkit,random_forest,rdkit,none,721e3c494613d3aa378fb20e47d69b51245b538e
esol,fb7e490aa1b4d51e,C=CCCCO,aqueous_solubility,log10(mol/L),validation,,-0.15000000596046448,-0.3454500026144065,-1.420211984101686,0.729311978872873,random,2027,rf_rdkit,random_forest,rdkit,none,721e3c494613d3aa378fb20e47d69b51245b538e
esol,14bb3c94959a3803,C=CCSS(=O)CC=C,aqueous_solubility,log10(mol/L),train,,-0.8299999833106995,-1.1787179893814157,-2.2534799708686952,-0.10395600789413617,random,2027,rf_rdkit,random_forest,rdkit,none,721e3c494613d3aa378fb20e47d69b51245b538e
esol,2a16db7cc18684b8,C=CCc1ccc(O)c(OC)c1,aqueous_solubility,log10(mol/L),train,,-1.559999942779541,-1.8078479672074226,-2.882609948694702,-0.733085985720143,random,2027,rf_rdkit,random_forest,rdkit,none,721e3c494613d3aa378fb20e47d69b51245b538e
esol,766b85d6ebc35451,C=CCc1ccc(OC)cc1,aqueous_solubility,log10(mol/L),train,,-2.9200000762939453,-2.643738042414187,-3.7185000239014667,-1.5689760609269077,random,2027,rf_rdkit,random_forest,rdkit,none,721e3c494613d3aa378fb20e47d69b51245b538e
esol,196ca171baf9b009,C=CCl,aqueous_solubility,log10(mol/L),train,,-1.75,-1.5532540059499367,-2.628015987437216,-0.47849202446265715,random,2027,rf_rdkit,random_forest,rdkit,none,721e3c494613d3aa378fb20e47d69b51245b538e
esol,a264ecb5a75262c6,C=COCC,aqueous_solubility,log10(mol/L),test,,-0.8500000238418579,-0.31248800275474276,-1.3872499842420223,0.7622739787325368,random,2027,rf_rdkit,random_forest,rdkit,none,721e3c494613d3aa378fb20e47d69b51245b538e
esol,45e8e1638633d646,C=Cc1ccccc1,aqueous_solubility,log10(mol/L),train,,-2.819999933242798,-2.708199961051346,-3.7829619425386256,-1.6334379795640666,random,2027,rf_rdkit,random_forest,rdkit,none,721e3c494613d3aa378fb20e47d69b51245b538e
esol,2ed9dd6e3dc3579d,CBr,aqueous_solubility,log10(mol/L),test,,-0.7900000214576721,-1.2124980117529602,-2.28725999324024,-0.1377360302656807,random,2027,rf_rdkit,random_forest,rdkit,none,721e3c494613d3aa378fb20e47d69b51245b538e
esol,2bf59afa2658a8ce,CC,aqueous_solubility,log10(mol/L),train,,-1.3600000143051147,-1.2932800123095396,-2.368041993796819,-0.21851803082226007,random,2027,rf_rdkit,random_forest,rdkit,none,721e3c494613d3aa378fb20e47d69b51245b538e
esol,780406fdddd47378,CC#N,aqueous_solubility,log10(mol/L),train,,0.25999999046325684,0.17289599334449157,-0.901865988142788,1.247657974831771,random,2027,rf_rdkit,random_forest,rdkit,none,721e3c494613d3aa378fb20e47d69b51245b538e
esol,9e0bb6837efcdbd1,CC(=O)C(C)(C)C,aqueous_solubility,log10(mol/L),train,,-0.7200000286102295,-0.8154040187001312,-1.8901660001874108,0.2593579627871483,random,2027,rf_rdkit,random_forest,rdkit,none,721e3c494613d3aa378fb20e47d69b51245b538e
esol,6650bf346297661f,CC(=O)C(C)C,aqueous_solubility,log10(mol/L),train,,-0.11999999731779099,-0.2854200000427629,-1.3601819815300424,0.7893419814445166,random,2027,rf_rdkit,random_forest,rdkit,none,721e3c494613d3aa378fb20e47d69b51245b538e
esol,4ed306073e855fe0,CC(=O)C1(C)CCC2C3C=C(C)C4=CC(=O)CCC4(C)C3CCC21C,aqueous_solubility,log10(mol/L),train,,-5.269999980926514,-5.1540939860344075,-6.228855967521687,-4.079332004547128,random,2027,rf_rdkit,random_forest,rdkit,none,721e3c494613d3aa378fb20e47d69b51245b538e
esol,48d6efa11e6c3778,CC(=O)C1(O)CCC2C3CC(C)C4=CC(=O)C=CC4(C)C3(F)C(O)CC21C,aqueous_solubility,log10(mol/L),calibration,,-4.098999977111816,-3.991185991287229,-5.0659479727745085,-2.9164240097999494,random,2027,rf_rdkit,random_forest,rdkit,none,721e3c494613d3aa378fb20e47d69b51245b538e
esol,9a642a5271eefbe6,CC(=O)C1(O)CCC2C3CCC4=CC(=O)CCC4(C)C3CCC21C,aqueous_solubility,log10(mol/L),train,,-3.816999912261963,-4.069269944667809,-5.144031926155089,-2.9945079631805296,random,2027,rf_rdkit,random_forest,rdkit,none,721e3c494613d3aa378fb20e47d69b51245b538e
esol,442739c64f9533c1,CC(=O)C1CCC2C3CC=C4CC(O)CCC4(C)C3CCC12C,aqueous_solubility,log10(mol/L),train,,-4.650000095367432,-4.643010050296789,-5.717772031784069,-3.5682480688095097,random,2027,rf_rdkit,random_forest,rdkit,none,721e3c494613d3aa378fb20e47d69b51245b538e
esol,e9e2dbb6336bc14a,CC(=O)C1CCC2C3CCC4=CC(=O)CCC4(C)C3CCC12C,aqueous_solubility,log10(mol/L),train,,-4.420000076293945,-4.505640041828145,-5.580402023315425,-3.4308780603408655,random,2027,rf_rdkit,random_forest,rdkit,none,721e3c494613d3aa378fb20e47d69b51245b538e
esol,ac763713bd71395e,CC(=O)CC(C)C,aqueous_solubility,log10(mol/L),calibration,,-0.7400000095367432,-0.961905999615793,-2.0366679811030726,0.11285598187148649,random,2027,rf_rdkit,random_forest,rdkit,none,721e3c494613d3aa378fb20e47d69b51245b538e
esol,c350650ed5ccd420,CC(=O)CC(c1ccc(Cl)cc1)c1c(O)c2ccccc2oc1=O,aqueous_solubility,log10(mol/L),test,,-5.839000225067139,-4.497683995306491,-5.57244597679377,-3.4229220138192114,random,2027,rf_rdkit,random_forest,rdkit,none,721e3c494613d3aa378fb20e47d69b51245b538e
esol,f79626af0f93f0fc,CC(=O)CC(c1ccccc1)c1c(O)c2ccccc2oc1=O,aqueous_solubility,log10(mol/L),train,,-3.8929998874664307,-3.9969739258885366,-5.071735907375816,-2.922211944401257,random,2027,rf_rdkit,random_forest,rdkit,none,721e3c494613d3aa378fb20e47d69b51245b538e
esol,520e9565d0ff63f1,CC(=O)CCC1C(=O)N(c2ccccc2)N(c2ccccc2)C1=O,aqueous_solubility,log10(mol/L),train,,-3.2699999809265137,-3.5910039882659874,-4.6657659697532665,-2.516242006778708,random,2027,rf_rdkit,random_forest,rdkit,none,721e3c494613d3aa378fb20e47d69b51245b538e
esol,68045fdd244fe104,CC(=O)N(C)C,aqueous_solubility,log10(mol/L),train,,1.1100000143051147,0.6762000089436753,-0.39856197254360426,1.7509619904309548,random,2027,rf_rdkit,random_forest,rdkit,none,721e3c494613d3aa378fb20e47d69b51245b538e
esol,750f6483d79efce4,CC(=O)N(c1onc(C)c1C)S(=O)c1ccc(N)cc1,aqueous_solubility,log10(mol/L),train,,-3.5899999141693115,-3.5634239364266422,-4.638185917913922,-2.4886619549393627,random,2027,rf_rdkit,random_forest,rdkit,none,721e3c494613d3aa378fb20e47d69b51245b538e
esol,e8f62548f9fb3dff,CC(=O)Nc1cc(NS(=O)(=O)C(F)(F)F)c(C)cc1C,aqueous_solubility,log10(mol/L),test,,-3.240000009536743,-3.612733974277974,-4.687495955765254,-2.5379719927906943,random,2027,rf_rdkit,random_forest,rdkit,none,721e3c494613d3aa378fb20e47d69b51245b538e
esol,bc0455dc968fbfd2,CC(=O)Nc1ccc(Br)cc1,aqueous_solubility,log10(mol/L),train,,-3.0829999446868896,-2.969953957259655,-4.0447159387469345,-1.8951919757723754,random,2027,rf_rdkit,random_forest,rdkit,none,721e3c494613d3aa378fb20e47d69b51245b538e
esol,ddc4ca1b44741167,CC(=O)Nc1ccc(Cl)cc1,aqueous_solubility,log10(mol/L),train,,-2.8429999351501465,-2.7265459530353553,-3.801307934522635,-1.6517839715480758,random,2027,rf_rdkit,random_forest,rdkit,none,721e3c494613d3aa378fb20e47d69b51245b538e
esol,3213dd41893f5ff5,CC(=O)Nc1ccc(F)cc1,aqueous_solubility,log10(mol/L),train,,-1.7799999713897705,-1.854897979736333,-2.9296599612236127,-0.7801359982490534,random,2027,rf_rdkit,random_forest,rdkit,none,721e3c494613d3aa378fb20e47d69b51245b538e
esol,364ed725e437517c,CC(=O)Nc1ccc(O)cc1,aqueous_solubility,log10(mol/L),train,,-1.0299999713897705,-1.3563059797734052,-2.431067961260685,-0.28154399828612564,random,2027,rf_rdkit,random_forest,rdkit,none,721e3c494613d3aa378fb20e47d69b51245b538e
esol,44c52563864e600c,CC(=O)Nc1ccc([N+](=O)[O-])cc1,aqueous_solubility,log10(mol/L),train,,-2.691999912261963,-2.5058399430513423,-3.580601924538622,-1.4310779615640628,random,2027,rf_rdkit,random_forest,rdkit,none,721e3c494613d3aa378fb20e47d69b51245b538e
esol,9b680b4bccdaf6ee,CC(=O)Nc1ccccc1,aqueous_solubility,log10(mol/L),train,,-1.3300000429153442,-1.5142880217730914,-2.589050003260371,-0.4395260402858119,random,2027,rf_rdkit,random_forest,rdkit,none,721e3c494613d3aa378fb20e47d69b51245b538e
esol,04b69a71ae0c35a6,CC(=O)Nc1nnc(S(N)(=O)=O)s1,aqueous_solubility,log10(mol/L),test,,-2.359999895095825,-2.158926003515721,-3.2336879850030007,-1.0841640220284416,random,2027,rf_rdkit,random_forest,rdkit,none,721e3c494613d3aa378fb20e47d69b51245b538e
esol,0787d7077078fa64,CC(=O)OC(C)C,aqueous_solubility,log10(mol/L),train,,-0.550000011920929,-0.6010480082593892,-1.6758099897466687,0.47371397322789033,random,2027,rf_rdkit,random_forest,rdkit,none,721e3c494613d3aa378fb20e47d69b51245b538e
esol,bbbc24a21490bdee,CC(=O)OC1(C(C)=O)CCC2C3C=C(C)C4=CC(=O)CCC4(C)C3CCC21C,aqueous_solubility,log10(mol/L),train,,-5.349999904632568,-5.1769779443740935,-6.251739925861373,-4.102215962886814,random,2027,rf_rdkit,random_forest,rdkit,none,721e3c494613d3aa378fb20e47d69b51245b538e
esol,ea5969f950c93291,CC(=O)OC1(C)CCC2C3CCC4=CC(=O)CCC4(C)C3CCC21C,aqueous_solubility,log10(mol/L),test,,-5.283999919891357,-4.968693953037267,-6.043455934524546,-3.8939319715499874,random,2027,rf_rdkit,random_forest,rdkit,none,721e3c494613d3aa378fb20e47d69b51245b538e
esol,7e7c49cadb6eca2c,CC(=O)OC1CCC2C3CCC4=CC(=O)CCC4(C)C3CCC12C,aqueous_solubility,log10(mol/L),validation,,-5.184000015258789,-4.793797968387608,-5.8685599498748875,-3.7190359869003284,random,2027,rf_rdkit,random_forest,rdkit,none,721e3c494613d3aa378fb20e47d69b51245b538e
esol,744c94bb079c2bb4,CC(=O)OCC(=O)C1(O)C(C)CC2C3CCC4=CC(=O)C=CC4(C)C3(F)C(O)CC21C,aqueous_solubility,log10(mol/L),test,,-4.900000095367432,-4.282914023965596,-5.357676005452875,-3.208152042478316,random,2027,rf_rdkit,random_forest,rdkit,none,721e3c494613d3aa378fb20e47d69b51245b538e
esol,07046eaea87bf4e2,CC(=O)OCC(=O)C1(O)C(OC(C)=O)CC2C3CCC4=CC(=O)C=CC4(C)C3(F)C(O)CC21C,aqueous_solubility,log10(mol/L),train,,-4.130000114440918,-4.190496077716345,-5.265258059203624,-3.1157340962290654,random,2027,rf_rdkit,random_forest,rdkit,none,721e3c494613d3aa378fb20e47d69b51245b538e
esol,cc12069b3580cb1a,CC(=O)OCC(=O)C1(O)CCC2C3CCC4=CC(=O)C=CC4(C)C3C(O)CC21C,aqueous_solubility,log10(mol/L),validation,,-4.369999885559082,-4.265942047595976,-5.3407040290832555,-3.1911800661086964,random,2027,rf_rdkit,random_forest,rdkit,none,721e3c494613d3aa378fb20e47d69b51245b538e
esol,3d089eb4f693a11e,CC(=O)OCC(=O)C1(O)CCC2C3CCC4=CC(=O)CCC4(C)C3C(=O)CC21C,aqueous_solubility,log10(mol/L),train,,-4.210000038146973,-4.2622320427894556,-5.336994024276735,-3.187470061302176,random,2027,rf_rdkit,random_forest,rdkit,none,721e3c494613d3aa378fb20e47d69b51245b538e
esol,1111a5f49bc2a21c,CC(=O)OCC(=O)C1(O)CCC2C3CCC4=CC(=O)CCC4(C)C3C(O)CC21C,aqueous_solubility,log10(mol/L),train,,-4.880000114440918,-4.634396082639688,-5.709158064126967,-3.559634101152408,random,2027,rf_rdkit,random_forest,rdkit,none,721e3c494613d3aa378fb20e47d69b51245b538e
esol,db58b19853161161,CC(=O)OCC(=O)C1CCC2C3CCC4=CC(=O)CCC4(C)C3CCC12C,aqueous_solubility,log10(mol/L),train,,-4.630000114440918,-4.668698071479799,-5.7434600529670785,-3.5939360899925195,random,2027,rf_rdkit,random_forest,rdkit,none,721e3c494613d3aa378fb20e47d69b51245b538e
esol,c802460f2e388f09,CC(=O)OCC(C)C,aqueous_solubility,log10(mol/L),test,,-1.2100000381469727,-1.0533799994848678,-2.1281419809721474,0.021381982002411704,random,2027,rf_rdkit,random_forest,rdkit,none,721e3c494613d3aa378fb20e47d69b51245b538e
esol,55bc84385f2305fc,CC(=O)OCC(COC(C)=O)OC(C)=O,aqueous_solubility,log10(mol/L),train,,-0.6000000238418579,-0.9894900119788868,-2.0642519934661663,0.08527196950839278,random,2027,rf_rdkit,random_forest,rdkit,none,721e3c494613d3aa378fb20e47d69b51245b538e
esol,3105d2c69d258f40,CC(=O)OCCC(C)C,aqueous_solubility,log10(mol/L),validation,,-1.9199999570846558,-1.5459539931118484,-2.620715974599128,-0.4711920116245689,random,2027,rf_rdkit,random_forest,rdkit,none,721e3c494613d3aa378fb20e47d69b51245b538e
esol,78eea6db86aaac00,CC(=O)OCN1C(=O)NC(c2ccccc2)(c2ccccc2)C1=O,aqueous_solubility,log10(mol/L),train,,-4.46999979019165,-4.425451884806148,-5.500213866293428,-3.3506899033188686,random,2027,rf_rdkit,random_forest,rdkit,none,721e3c494613d3aa378fb20e47d69b51245b538e
esol,f38d027d6672664b,CC(=O)SC1CC2=CC(=O)CCC2(C)C2CCC3(C)C(CCC34CCC(=O)O4)C12,aqueous_solubility,log10(mol/L),train,,-4.172999858856201,-4.503323910474779,-5.578085891962059,-3.4285619289874996,random,2027,rf_rdkit,random_forest,rdkit,none,721e3c494613d3aa378fb20e47d69b51245b538e
esol,1ab070a2f685565e,CC(=O)c1ccccc1,aqueous_solubility,log10(mol/L),calibration,,-1.2799999713897705,-1.5556100045442576,-2.630371986031537,-0.48084802305697805,random,2027,rf_rdkit,random_forest,rdkit,none,721e3c494613d3aa378fb20e47d69b51245b538e
esol,a011ab9a0bd7406b,CC(C)(C)C(=O)C(Oc1ccc(Cl)cc1)n1cncn1,aqueous_solubility,log10(mol/L),train,,-3.609999895095825,-3.6552959330081958,-4.730057914495475,-2.5805339515209162,random,2027,rf_rdkit,random_forest,rdkit,none,721e3c494613d3aa378fb20e47d69b51245b538e
esol,6a037e1d876a10c4,CC(C)(C)CCO,aqueous_solubility,log10(mol/L),calibration,,-0.5,-1.0417059891298457,-2.1164679706171254,0.03305599235743384,random,2027,rf_rdkit,random_forest,rdkit,none,721e3c494613d3aa378fb20e47d69b51245b538e
esol,8316fd00a391507c,CC(C)(C)CO,aqueous_solubility,log10(mol/L),calibration,,-0.4000000059604645,-0.4230539976917167,-1.4978159791789962,0.6517079837955628,random,2027,rf_rdkit,random_forest,rdkit,none,721e3c494613d3aa378fb20e47d69b51245b538e
esol,4eb3d1ec75b7d913,CC(C)(C)Cc1ccccc1,aqueous_solubility,log10(mol/L),train,,-4.150000095367432,-4.141774064302443,-5.216536045789723,-3.0670120828151637,random,2027,rf_rdkit,random_forest,rdkit,none,721e3c494613d3aa378fb20e47d69b51245b538e
esol,5dfc781ddbce9df5,CC(C)(C)c1ccc(O)cc1,aqueous_solubility,log10(mol/L),train,,-2.4100000858306885,-2.3298500521183017,-3.404612033605581,-1.2550880706310221,random,2027,rf_rdkit,random_forest,rdkit,none,721e3c494613d3aa378fb20e47d69b51245b538e
esol,ca95101160b65379,CC(C)(C)c1ccccc1,aqueous_solubility,log10(mol/L),train,,-3.6600000858306885,-3.7589060616493235,-4.833668043136603,-2.684144080162044,random,2027,rf_rdkit,random_forest,rdkit,none,721e3c494613d3aa378fb20e47d69b51245b538e
esol,adff35ec9beff070,CC(C)=CC1C(C(=O)OCc2cccc(Oc3ccccc3)c2)C1(C)C,aqueous_solubility,log10(mol/L),test,,-5.239999771118164,-5.990826014876358,-7.065587996363638,-4.916064033389079,random,2027,rf_rdkit,random_forest,rdkit,none,721e3c494613d3aa378fb20e47d69b51245b538e
esol,e13f7769f4919957,CC(C)=CCC/C(C)=C\CO,aqueous_solubility,log10(mol/L),validation,,-2.4600000381469727,-2.3157479973994186,-3.390509978886698,-1.240986015912139,random,2027,rf_rdkit,random_forest,rdkit,none,721e3c494613d3aa378fb20e47d69b51245b538e
esol,40ac45a42a9ad758,CC(C)=CCC1(C(C)C)C(=O)NC(=O)NC1=O,aqueous_solubility,log10(mol/L),train,,-2.5929999351501465,-2.5164999618530244,-3.591261943340304,-1.4417379803657449,random,2027,rf_rdkit,random_forest,rdkit,none,721e3c494613d3aa378fb20e47d69b51245b538e
esol,c898ecabb1da3e61,CC(C)=CCCC(C)=CC=O,aqueous_solubility,log10(mol/L),train,,-2.059999942779541,-2.2624919675886614,-3.337253949075941,-1.187729986101382,random,2027,rf_rdkit,random_forest,rdkit,none,721e3c494613d3aa378fb20e47d69b51245b538e
esol,535c5d28e4e559d3,CC(C)Br,aqueous_solubility,log10(mol/L),validation,,-1.590000033378601,-1.9472699810117522,-3.0220319624990317,-0.8725079995244727,random,2027,rf_rdkit,random_forest,rdkit,none,721e3c494613d3aa378fb20e47d69b51245b538e
esol,95987bd68786d9ee,CC(C)C,aqueous_solubility,log10(mol/L),validation,,-2.549999952316284,-2.241479998435823,-3.3162419799231024,-1.1667180169485434,random,2027,rf_rdkit,random_forest,rdkit,none,721e3c494613d3aa378fb20e47d69b51245b538e
esol,e4f469dfbe6c7248,CC(C)C(=O)C(C)C,aqueous_solubility,log10(mol/L),test,,-1.2999999523162842,-1.3332120021432645,-2.4079739836305443,-0.258450020655985,random,2027,rf_rdkit,random_forest,rdkit,none,721e3c494613d3aa378fb20e47d69b51245b538e
esol,801fb00fd3e0c4d5,CC(C)C(C(=O)OC(C#N)c1cccc(Oc2ccccc2)c1)c1ccc(OC(F)F)cc1,aqueous_solubility,log10(mol/L),test,,-6.875999927520752,-5.93393005359172,-7.008692035078999,-4.85916807210444,random,2027,rf_rdkit,random_forest,rdkit,none,721e3c494613d3aa378fb20e47d69b51245b538e
esol,971a2d381549e1b6,CC(C)C(C)(C)C,aqueous_solubility,log10(mol/L),train,,-4.360000133514404,-4.2071001110076995,-5.281862092494979,-3.13233812952042,random,2027,rf_rdkit,random_forest,rdkit,none,721e3c494613d3aa378fb20e47d69b51245b538e
esol,9930f08568272bf1,CC(C)C(C)C,aqueous_solubility,log10(mol/L),calibration,,-3.6500000953674316,-3.477664036270231,-4.552426017757511,-2.4029020547829516,random,2027,rf_rdkit,random_forest,rdkit,none,721e3c494613d3aa378fb20e47d69b51245b538e
esol,c18974050e7ee138,CC(C)C(C)C(C)C,aqueous_solubility,log10(mol/L),train,,-4.800000190734863,-4.58596814346313,-5.660730124950409,-3.51120616197585,random,2027,rf_rdkit,random_forest,rdkit,none,721e3c494613d3aa378fb20e47d69b51245b538e
esol,978ea76b5feb1686,CC(C)C(C)O,aqueous_solubility,log10(mol/L),train,,-0.18000000715255737,-0.24871200387551884,-1.3234739853627984,0.8260499776117607,random,2027,rf_rdkit,random_forest,rdkit,none,721e3c494613d3aa378fb20e47d69b51245b538e
esol,e2b7150c83e31acf,CC(C)C(Nc1ccc(C(F)(F)F)cc1Cl)C(=O)OC(C#N)c1cccc(Oc2ccccc2)c1,aqueous_solubility,log10(mol/L),validation,,-8.003000259399414,-5.917668069124215,-6.992430050611494,-4.842906087636935,random,2027,rf_rdkit,random_forest,rdkit,none,721e3c494613d3aa378fb20e47d69b51245b538e
esol,32ad98a585def53e,CC(C)C(O)C(C)C,aqueous_solubility,log10(mol/L),validation,,-1.2200000286102295,-1.2332160008847701,-2.3079779823720497,-0.1584540193974906,random,2027,rf_rdkit,random_forest,rdkit,none,721e3c494613d3aa378fb20e47d69b51245b538e
esol,bb33156a890031e5,CC(C)C1(C(C)C)C(=O)NC(=O)NC1=O,aqueous_solubility,log10(mol/L),validation,,-2.7660000324249268,-2.309448028594255,-3.3842100100815347,-1.2346860471069756,random,2027,rf_rdkit,random_forest,rdkit,none,721e3c494613d3aa378fb20e47d69b51245b538e
esol,a9f5cc2dbef55d82,CC(C)CBr,aqueous_solubility,log10(mol/L),train,,-2.430000066757202,-2.3562760417461406,-3.43103802323342,-1.281514060258861,random,2027,rf_rdkit,random_forest,rdkit,none,721e3c494613d3aa378fb20e47d69b51245b538e
esol,9767ef661176963a,CC(C)CC(C)(C)C,aqueous_solubility,log10(mol/L),validation,,-4.739999771118164,-4.401720104932783,-5.476482086420063,-3.326958123445504,random,2027,rf_rdkit,random_forest,rdkit,none,721e3c494613d3aa378fb20e47d69b51245b538e
esol,65c6ae561970a8f6,CC(C)CC(C)(C)O,aqueous_solubility,log10(mol/L),train,,-0.9200000166893005,-0.9735480141490815,-2.048309995636361,0.10121396733819799,random,2027,rf_rdkit,random_forest,rdkit,none,721e3c494613d3aa378fb20e47d69b51245b538e
esol,fc51136a8a654d34,CC(C)CC(C)C,aqueous_solubility,log10(mol/L),calibration,,-4.260000228881836,-3.9027520735263836,-4.977514055013663,-2.827990092039104,random,2027,rf_rdkit,random_forest,rdkit,none,721e3c494613d3aa378fb20e47d69b51245b538e
esol,007b2ee5ac048d20,CC(C)CC(C)O,aqueous_solubility,log10(mol/L),train,,-0.800000011920929,-0.8185240047238764,-1.893285986211156,0.2562379767634031,random,2027,rf_rdkit,random_forest,rdkit,none,721e3c494613d3aa378fb20e47d69b51245b538e
esol,2774ef2a0e9764fc,CC(C)CCC(C)(C)C,aqueous_solubility,log10(mol/L),train,,-5.050000190734863,-4.806200140237793,-5.880962121725073,-3.731438158750514,random,2027,rf_rdkit,random_forest,rdkit,none,721e3c494613d3aa378fb20e47d69b51245b538e
esol,adfdc3a538b6bc95,CC(C)CCCCCOC(=O)c1ccccc1C(=O)OCCCCCC(C)C,aqueous_solubility,log10(mol/L),train,,-6.63700008392334,-6.405350037097952,-7.480112018585231,-5.330588055610672,random,2027,rf_rdkit,random_forest,rdkit,none,721e3c494613d3aa378fb20e47d69b51245b538e
esol,326152527f8ef260,CC(C)CCCO,aqueous_solubility,log10(mol/L),train,,-1.1399999856948853,-1.0851999887228156,-2.1599619702100954,-0.010438007235536118,random,2027,rf_rdkit,random_forest,rdkit,none,721e3c494613d3aa378fb20e47d69b51245b538e
esol,e72c942c9f10c105,CC(C)CCO,aqueous_solubility,log10(mol/L),test,,-0.5099999904632568,-0.5046719975545968,-1.5794339790418763,0.5700899839326827,random,2027,rf_rdkit,random_forest,rdkit,none,721e3c494613d3aa378fb20e47d69b51245b538e
esol,580633e5949870be,CC(C)CCOC=O,aqueous_solubility,log10(mol/L),train,,-1.5199999809265137,-1.4354999874606809,-2.5102619689479604,-0.36073800597340133,random,2027,rf_rdkit,random_forest,rdkit,none,721e3c494613d3aa378fb20e47d69b51245b538e
esol,044d6817573e4ec1,CC(C)CCl,aqueous_solubility,log10(mol/L),train,,-2.0,-2.0087880077809066,-3.083549989268186,-0.9340260262936271,random,2027,rf_rdkit,random_forest,rdkit,none,721e3c494613d3aa378fb20e47d69b51245b538e
esol,c7e2af3674efd1e5,CC(C)CNC(=O)N1CCNC1=O,aqueous_solubility,log10(mol/L),test,,-2.1500000953674316,-2.0206460019089287,-3.0954079833962083,-0.9458840204216492,random,2027,rf_rdkit,random_forest,rdkit,none,721e3c494613d3aa378fb20e47d69b51245b538e
esol,41c39e97374aea92,CC(C)CO,aqueous_solubility,log10(mol/L),train,,0.10000000149011612,0.024276000328377734,-1.0504859811589018,1.0990379818156573,random,2027,rf_rdkit,random_forest,rdkit,none,721e3c494613d3aa378fb20e47d69b51245b538e
esol,a5b3130b9ae3a50f,CC(C)COC=O,aqueous_solubility,log10(mol/L),train,,-1.0099999904632568,-1.0184959939271296,-2.093257975414409,0.05626598756014989,random,2027,rf_rdkit,random_forest,rdkit,none,721e3c494613d3aa378fb20e47d69b51245b538e
esol,89b6828cf758e524,CC(C)Cc1ccccc1,aqueous_solubility,log10(mol/L),train,,-4.119999885559082,-4.042457925319666,-5.1172199068069455,-2.9676959438323864,random,2027,rf_rdkit,random_forest,rdkit,none,721e3c494613d3aa378fb20e47d69b51245b538e
esol,6a779f0d95ea7e4a,CC(C)Cl,aqueous_solubility,log10(mol/L),calibration,,-1.409999966621399,-1.387431997783482,-2.4621939792707614,-0.3126700162962024,random,2027,rf_rdkit,random_forest,rdkit,none,721e3c494613d3aa378fb20e47d69b51245b538e
esol,24f73c6fe92d75d5,CC(C)I,aqueous_solubility,log10(mol/L),train,,-2.0899999141693115,-2.1163419505953853,-3.191103932082665,-1.0415799691081058,random,2027,rf_rdkit,random_forest,rdkit,none,721e3c494613d3aa378fb20e47d69b51245b538e
esol,277fa10e772d1085,CC(C)N(C(=O)CCl)c1ccccc1,aqueous_solubility,log10(mol/L),train,,-2.4800000190734863,-2.5911780115365963,-3.665939993023876,-1.5164160300493168,random,2027,rf_rdkit,random_forest,rdkit,none,721e3c494613d3aa378fb20e47d69b51245b538e
esol,bfb579ee7985265c,CC(C)N(C(=O)SCC(Cl)=C(Cl)Cl)C(C)C,aqueous_solubility,log10(mol/L),train,,-4.880000114440918,-4.70905005383491,-5.78381203532219,-3.6342880723476307,random,2027,rf_rdkit,random_forest,rdkit,none,721e3c494613d3aa378fb20e47d69b51245b538e
esol,70d46896362ebbb7,CC(C)N(C(=O)SCC(Cl)=CCl)C(C)C,aqueous_solubility,log10(mol/L),train,,-4.285999774932861,-4.153139869809156,-5.227901851296435,-3.078377888321876,random,2027,rf_rdkit,random_forest,rdkit,none,721e3c494613d3aa378fb20e47d69b51245b538e
esol,7e3c17dbde2fb402,CC(C)NC(=O)N1CC(=O)N(c2cc(Cl)cc(Cl)c2)C1=O,aqueous_solubility,log10(mol/L),train,,-4.375999927520752,-4.307197960615154,-5.381959942102434,-3.2324359791278745,random,2027,rf_rdkit,random_forest,rdkit,none,721e3c494613d3aa378fb20e47d69b51245b538e
esol,c6b4be5527562b2b,CC(C)Nc1nc(Cl)nc(NC(C)C)n1,aqueous_solubility,log10(mol/L),calibration,,-4.429999828338623,-3.8098859701156607,-4.88464795160294,-2.735123988628381,random,2027,rf_rdkit,random_forest,rdkit,none,721e3c494613d3aa378fb20e47d69b51245b538e
esol,cda3c19cb61dcf61,CC(C)O,aqueous_solubility,log10(mol/L),train,,0.4300000071525574,0.3721920049935825,-0.702569976493697,1.446953986480862,random,2027,rf_rdkit,random_forest,rdkit,none,721e3c494613d3aa378fb20e47d69b51245b538e
esol,29b5883563652a4a,CC(C)OC(=O)C(O)(c1ccc(Br)cc1)c1ccc(Br)cc1,aqueous_solubility,log10(mol/L),test,,-4.929999828338623,-5.230916052579881,-6.30567803406716,-4.156154071092601,random,2027,rf_rdkit,random_forest,rdkit,none,721e3c494613d3aa378fb20e47d69b51245b538e
esol,3a93ce33b34309ec,CC(C)OC(=O)C(O)(c1ccc(Cl)cc1)c1cccc(Cl)c1,aqueous_solubility,log10(mol/L),train,,-4.53000020980835,-4.683670145273215,-5.7584321267604945,-3.6089081637859355,random,2027,rf_rdkit,random_forest,rdkit,none,721e3c494613d3aa378fb20e47d69b51245b538e
esol,fe1b8ef4223e48b9,CC(C)OC(=O)Nc1cccc(Cl)c1,aqueous_solubility,log10(mol/L),train,,-3.380000114440918,-3.2404180692434315,-4.315180050730711,-2.165656087756152,random,2027,rf_rdkit,random_forest,rdkit,none,721e3c494613d3aa378fb20e47d69b51245b538e
esol,c058498368b6f45f,CC(C)OC(C)C,aqueous_solubility,log10(mol/L),calibration,,-1.100000023841858,-1.1689220064729426,-2.243683987960222,-0.09416002498566312,random,2027,rf_rdkit,random_forest,rdkit,none,721e3c494613d3aa378fb20e47d69b51245b538e
esol,64969de570667f54,CC(C)OC=O,aqueous_solubility,log10(mol/L),train,,-0.6299999952316284,-0.5011299989074538,-1.5758919803947333,0.5736319825798257,random,2027,rf_rdkit,random_forest,rdkit,none,721e3c494613d3aa378fb20e47d69b51245b538e
esol,a4f756df109453e5,CC(C)OP(=S)(OC(C)C)SCCNS(=O)(=O)c1ccccc1,aqueous_solubility,log10(mol/L),calibration,,-4.199999809265137,-4.689171989798549,-5.763933971285828,-3.6144100083112694,random,2027,rf_rdkit,random_forest,rdkit,none,721e3c494613d3aa378fb20e47d69b51245b538e
esol,ee085d3f01995af6,CC(C)Oc1cc(-n2nc(C(C)(C)C)oc2=O)c(Cl)cc1Cl,aqueous_solubility,log10(mol/L),validation,,-5.696000099182129,-4.422242001533509,-5.497003983020789,-3.3474800200462296,random,2027,rf_rdkit,random_forest,rdkit,none,721e3c494613d3aa378fb20e47d69b51245b538e
esol,76ccfd6237ac9890,CC(C)SC(C)C,aqueous_solubility,log10(mol/L),train,,-2.240000009536743,-2.361120010435579,-3.4358819919228587,-1.2863580289482996,random,2027,rf_rdkit,random_forest,rdkit,none,721e3c494613d3aa378fb20e47d69b51245b538e
esol,a33de185411c9169,CC(C)[N+](=O)[O-],aqueous_solubility,log10(mol/L),train,,-0.6200000047683716,-0.5045880029350469,-1.5793499844223264,0.5701739785522326,random,2027,rf_rdkit,random_forest,rdkit,none,721e3c494613d3aa378fb20e47d69b51245b538e
esol,5bf16fbdd33fd7e5,CC(C)c1ccc(NC(=O)N(C)C)cc1,aqueous_solubility,log10(mol/L),train,,-3.5360000133514404,-3.3568040089011193,-4.431565990388399,-2.2820420274138398,random,2027,rf_rdkit,random_forest,rdkit,none,721e3c494613d3aa378fb20e47d69b51245b538e
esol,ebcaf3b06d31e23c,CC(C)c1ccccc1,aqueous_solubility,log10(mol/L),validation,,-3.2699999809265137,-3.5430559841990488,-4.617817965686328,-2.4682940027117692,random,2027,rf_rdkit,random_forest,rdkit,none,721e3c494613d3aa378fb20e47d69b51245b538e
esol,e826c8452f856a21,CC(Cl)(Cl)Cl,aqueous_solubility,log10(mol/L),train,,-2.0,-2.1918560038804973,-3.266617985367777,-1.1170940223932178,random,2027,rf_rdkit,random_forest,rdkit,none,721e3c494613d3aa378fb20e47d69b51245b538e
esol,ae412188d225d1ff,CC(Cl)CCl,aqueous_solubility,log10(mol/L),train,,-1.600000023841858,-1.6066020160168437,-2.681363997504123,-0.5318400345295642,random,2027,rf_rdkit,random_forest,rdkit,none,721e3c494613d3aa378fb20e47d69b51245b538e
esol,6fc705daaa981f1c,CC(Cl)Cl,aqueous_solubility,log10(mol/L),train,,-1.2899999618530273,-1.3672579769194124,-2.442019958406692,-0.2924959954321329,random,2027,rf_rdkit,random_forest,rdkit,none,721e3c494613d3aa378fb20e47d69b51245b538e
esol,ca06354cc736b665,CC(N)=O,aqueous_solubility,log10(mol/L),validation,,1.5800000429153442,0.5807779991813042,-0.4939839823059753,1.6555399806685838,random,2027,rf_rdkit,random_forest,rdkit,none,721e3c494613d3aa378fb20e47d69b51245b538e
esol,ac8678e7da550080,CC(O)C(C)(C)C,aqueous_solubility,log10(mol/L),train,,-0.6200000047683716,-0.6642720033228353,-1.7390339848101148,0.4104899781644442,random,2027,rf_rdkit,random_forest,rdkit,none,721e3c494613d3aa378fb20e47d69b51245b538e
esol,37f42148c61ea59a,CC(O)c1ccccc1,aqueous_solubility,log10(mol/L),train,,-0.9200000166893005,-1.1915900085978317,-2.266351990085111,-0.11682802711055218,random,2027,rf_rdkit,random_forest,rdkit,none,721e3c494613d3aa378fb20e47d69b51245b538e
esol,5a24ac22a4147a29,CC1(C)C(=O)NC(=O)NC1=O,aqueous_solubility,log10(mol/L),train,,-1.7419999837875366,-1.615235996060074,-2.6899979775473533,-0.5404740145727944,random,2027,rf_rdkit,random_forest,rdkit,none,721e3c494613d3aa378fb20e47d69b51245b538e
esol,ad73c6a3bc5310b2,CC1(C)C(C(=O)OC(C#N)c2cccc(Oc3ccccc3)c2)C1(C)C,aqueous_solubility,log10(mol/L),train,,-6.025000095367432,-5.915200079202631,-6.98996206068991,-4.840438097715351,random,2027,rf_rdkit,random_forest,rdkit,none,721e3c494613d3aa378fb20e47d69b51245b538e
esol,f4cd15c48a6c1364,CC1(C)C(C=C(Br)Br)C1C(=O)OC(C#N)c1cccc(Oc2ccccc2)c1,aqueous_solubility,log10(mol/L),train,,-8.402000427246094,-7.813672292947741,-8.88843427443502,-6.738910311460462,random,2027,rf_rdkit,random_forest,rdkit,none,721e3c494613d3aa378fb20e47d69b51245b538e
esol,b671f3921f45bbf0,CC1(C)C(C=C(Cl)C(F)(F)F)C1C(=O)OC(C#N)c1cccc(Oc2ccccc2)c1,aqueous_solubility,log10(mol/L),validation,,-8.175999641418457,-6.795350069999677,-7.870112051486957,-5.720588088512398,random,2027,rf_rdkit,random_forest,rdkit,none,721e3c494613d3aa378fb20e47d69b51245b538e
esol,fe6fc5479a503890,CC1(C)C(C=C(Cl)Cl)C1C(=O)OC(C#N)c1ccc(F)c(Oc2ccccc2)c1,aqueous_solubility,log10(mol/L),train,,-7.336999893188477,-7.207025984525666,-8.281787966012946,-6.132264003038387,random,2027,rf_rdkit,random_forest,rdkit,none,721e3c494613d3aa378fb20e47d69b51245b538e
esol,2cf7a20f75b7dd82,CC1(C)C(C=C(Cl)Cl)C1C(=O)OC(C#N)c1cccc(Oc2ccccc2)c1,aqueous_solubility,log10(mol/L),train,,-8.017000198364258,-7.63961015248295,-8.71437213397023,-6.5648481709956705,random,2027,rf_rdkit,random_forest,rdkit,none,721e3c494613d3aa378fb20e47d69b51245b538e
esol,4fcaa23e29a00d85,CC1(C)C(C=C(Cl)Cl)C1C(=O)OCc1cccc(Oc2ccccc2)c1,aqueous_solubility,log10(mol/L),train,,-6.290999889373779,-6.441603967666607,-7.516365949153887,-5.3668419861793275,random,2027,rf_rdkit,random_forest,rdkit,none,721e3c494613d3aa378fb20e47d69b51245b538e
esol,51653ae53f89ae0c,CC1(C)C2CCC1(C)C(O)C2,aqueous_solubility,log10(mol/L),train,,-2.319999933242798,-2.3517719597220426,-3.426533941209322,-1.277009978234763,random,2027,rf_rdkit,random_forest,rdkit,none,721e3c494613d3aa378fb20e47d69b51245b538e
esol,db019bf83d05a9d8,CC1(C)CON(Cc2ccccc2Cl)C1=O,aqueous_solubility,log10(mol/L),validation,,-2.3380000591278076,-2.9294299964904784,-4.004191977977758,-1.8546680150031989,random,2027,rf_rdkit,random_forest,rdkit,none,721e3c494613d3aa378fb20e47d69b51245b538e
esol,308633e920b6ab7c,CC1(C)OC2CC3C4CCC5=CC(=O)C=CC5(C)C4(F)C(O)CC3(C)C2(C(=O)CO)O1,aqueous_solubility,log10(mol/L),train,,-4.309999942779541,-4.193493974775073,-5.268255956262353,-3.1187319932877937,random,2027,rf_rdkit,random_forest,rdkit,none,721e3c494613d3aa378fb20e47d69b51245b538e
esol,8bc400d159a3a189,CC12C=CC(=O)C=C1CCC1C2C(O)CC2(C)C1CCC2(O)C(=O)CO,aqueous_solubility,log10(mol/L),train,,-3.180000066757202,-3.2691580302715293,-4.343920011758809,-2.1943960487842498,random,2027,rf_rdkit,random_forest,rdkit,none,721e3c494613d3aa378fb20e47d69b51245b538e
esol,561a6a9236d5f10f,CC12C=CC(=O)C=C1CCC1C3CC(O)C(O)(C(=O)CO)C3(C)CC(O)C12F,aqueous_solubility,log10(mol/L),train,,-3.680000066757202,-3.6651720384359385,-4.7399340199232185,-2.590410056948659,random,2027,rf_rdkit,random_forest,rdkit,none,721e3c494613d3aa378fb20e47d69b51245b538e
esol,06060f1f62be068f,CC12CC(=O)C3C(CCC4=CC(=O)CCC43C)C1CCC2=O,aqueous_solubility,log10(mol/L),validation,,-3.4800000190734863,-4.195833984494209,-5.270595965981489,-3.1210720030069297,random,2027,rf_rdkit,random_forest,rdkit,none,721e3c494613d3aa378fb20e47d69b51245b538e
esol,eab4b4949a3f41a8,CC12CC1(C)C(=O)N(c1cc(Cl)cc(Cl)c1)C2=O,aqueous_solubility,log10(mol/L),calibration,,-4.800000190734863,-4.266586017981173,-5.341347999468453,-3.1918240364938937,random,2027,rf_rdkit,random_forest,rdkit,none,721e3c494613d3aa378fb20e47d69b51245b538e
esol,853813295aac305d,CC12CCC(=O)C=C1CCC1C2C(=O)CC2(C)C1CCC2(O)C(=O)CO,aqueous_solubility,log10(mol/L),train,,-3.109999895095825,-3.3125539333820337,-4.387315914869314,-2.237791951894754,random,2027,rf_rdkit,random_forest,rdkit,none,721e3c494613d3aa378fb20e47d69b51245b538e
esol,b030c0b4441d718d,CC12CCC(=O)C=C1CCC1C2C(O)CC2(C)C(C(=O)CO)CCC12,aqueous_solubility,log10(mol/L),validation,,-3.240000009536743,-3.836969992861152,-4.911731974348431,-2.7622080113738723,random,2027,rf_rdkit,random_forest,rdkit,none,721e3c494613d3aa378fb20e47d69b51245b538e
esol,66ce1fff4359da1b,CC12CCC(=O)C=C1CCC1C2C(O)CC2(C)C1CCC2(O)C(=O)CO,aqueous_solubility,log10(mol/L),train,,-3.0899999141693115,-3.282811953544617,-4.357573935031897,-2.2080499720573377,random,2027,rf_rdkit,random_forest,rdkit,none,721e3c494613d3aa378fb20e47d69b51245b538e
esol,16ed90921e2e8d8e,CC12CCC(=O)C=C1CCC1C2C(O)CC2(C=O)C(C(=O)CO)CCC12,aqueous_solubility,log10(mol/L),test,,-3.8499999046325684,-3.6821059947758923,-4.756867976263171,-2.6073440132886128,random,2027,rf_rdkit,random_forest,rdkit,none,721e3c494613d3aa378fb20e47d69b51245b538e
esol,e9814f0ffa3f1075,CC12CCC(=O)C=C1CCC1C2CCC2(C)C(C(=O)CO)CCC12,aqueous_solubility,log10(mol/L),train,,-3.450000047683716,-3.7896560230255174,-4.864418004512797,-2.714894041538238,random,2027,rf_rdkit,random_forest,rdkit,none,721e3c494613d3aa378fb20e47d69b51245b538e
esol,6db1181db60789c5,CC12CCC(=O)C=C1CCC1C2CCC2(C)C(O)CCC12,aqueous_solubility,log10(mol/L),train,,-4.019999980926514,-4.181033976912497,-5.255795958399776,-3.1062719954252174,random,2027,rf_rdkit,random_forest,rdkit,none,721e3c494613d3aa378fb20e47d69b51245b538e
esol,a410bd3aa9a97d06,CC12CCC(=O)C=C1CCC1C2CCC2(C)C1CCC2(C)O,aqueous_solubility,log10(mol/L),test,,-3.999000072479248,-4.641329977869992,-5.716091959357271,-3.5665679963827124,random,2027,rf_rdkit,random_forest,rdkit,none,721e3c494613d3aa378fb20e47d69b51245b538e
esol,b37910a504cc939f,CC12CCC(=O)C=C1CCC1C3CCC(O)(C(=O)CO)C3(C)CC(O)C12F,aqueous_solubility,log10(mol/L),train,,-3.430000066757202,-3.504484032630918,-4.579246014118198,-2.4297220511436386,random,2027,rf_rdkit,random_forest,rdkit,none,721e3c494613d3aa378fb20e47d69b51245b538e
esol,fc86c422a483c072,CC12CCC(C1)C(C)(C)C2=O,aqueous_solubility,log10(mol/L),calibration,,-1.850000023841858,-2.241544009327893,-3.3163059908151724,-1.1667820278406134,random,2027,rf_rdkit,random_forest,rdkit,none,721e3c494613d3aa378fb20e47d69b51245b538e
esol,1fb8edc59b2eefb0,CC12CCC(CC1)C(C)(C)O2,aqueous_solubility,log10(mol/L),calibration,,-1.6899999976158142,-2.5316419980190688,-3.6064039795063483,-1.4568800165317892,random,2027,rf_rdkit,random_forest,rdkit,none,721e3c494613d3aa378fb20e47d69b51245b538e
esol,d3c0277d3ba07790,CC12CCC(CC1=O)C2(C)C,aqueous_solubility,log10(mol/L),train,,-1.9600000381469727,-2.151726018428808,-3.2264879999160874,-1.0769640369415283,random,2027,rf_rdkit,random_forest,rdkit,none,721e3c494613d3aa378fb20e47d69b51245b538e
esol,dccc95418d7103ad,CC12CCC3C(=CCc4cc(O)ccc43)C1CCC2=O,aqueous_solubility,log10(mol/L),train,,-5.2820000648498535,-4.829290035009393,-5.9040520164966726,-3.7545280535221135,random,2027,rf_rdkit,random_forest,rdkit,none,721e3c494613d3aa378fb20e47d69b51245b538e
esol,70d2277f708f35c0,CC12CCC3C(CC=C4CC(O)CCC43C)C1CCC2=O,aqueous_solubility,log10(mol/L),train,,-4.119999885559082,-4.275903923034667,-5.3506659045219465,-3.2011419415473874,random,2027,rf_rdkit,random_forest,rdkit,none,721e3c494613d3aa378fb20e47d69b51245b538e
esol,3262b47324486ddb,CC12CCC3C(CCC4=CC(=O)CCC43C)C1CCC2=O,aqueous_solubility,log10(mol/L),test,,-3.690000057220459,-4.392095977663992,-5.466857959151271,-3.3173339961767123,random,2027,rf_rdkit,random_forest,rdkit,none,721e3c494613d3aa378fb20e47d69b51245b538e
esol,5eb9d5702255e00b,CC12CCC3C(CCC4CC(=O)CCC43C)C1CCC2O,aqueous_solubility,log10(mol/L),train,,-4.743000030517578,-4.6005460004806515,-5.675307981967931,-3.525784018993372,random,2027,rf_rdkit,random_forest,rdkit,none,721e3c494613d3aa378fb20e47d69b51245b538e
esol,d792bed320b4011c,CC12CCC3C(CCC4CC(O)CCC43C)C1CCC2=O,aqueous_solubility,log10(mol/L),train,,-4.2809998989105225,-4.39222193646431,-5.466983917951589,-3.3174599549770303,random,2027,rf_rdkit,random_forest,rdkit,none,721e3c494613d3aa378fb20e47d69b51245b538e
esol,b908be84e83c2496,CC12CCC3C(CCC4CC5SC5CC43C)C1CCC2O,aqueous_solubility,log10(mol/L),train,,-5.409999847412109,-5.196591896712772,-6.271353878200052,-4.121829915225493,random,2027,rf_rdkit,random_forest,rdkit,none,721e3c494613d3aa378fb20e47d69b51245b538e
esol,2daaedea250881cb,CC12CCC3c4ccc(O)cc4CCC3C1CC(O)C2O,aqueous_solubility,log10(mol/L),train,,-4.954999923706055,-4.584049966543908,-5.658811948031188,-3.5092879850566288,random,2027,rf_rdkit,random_forest,rdkit,none,721e3c494613d3aa378fb20e47d69b51245b538e
esol,9b5249c4f004fb08,CC12CCC3c4ccc(O)cc4CCC3C1CCC2=O,aqueous_solubility,log10(mol/L),train,,-3.9549999237060547,-4.215255970001226,-5.2900179514885055,-3.1404939885139465,random,2027,rf_rdkit,random_forest,rdkit,none,721e3c494613d3aa378fb20e47d69b51245b538e
esol,549c66ea8743a7af,CC12CCC3c4ccc(O)cc4CCC3C1CCC2O,aqueous_solubility,log10(mol/L),train,,-5.03000020980835,-4.710898124754435,-5.785660106241714,-3.636136143267155,random,2027,rf_rdkit,random_forest,rdkit,none,721e3c494613d3aa378fb20e47d69b51245b538e
esol,673567a4582a20ec,CC12CCc3c(ccc4cc(O)ccc34)C1CCC2=O,aqueous_solubility,log10(mol/L),test,,-5.239999771118164,-4.344850003898147,-5.419611985385426,-3.2700880224108673,random,2027,rf_rdkit,random_forest,rdkit,none,721e3c494613d3aa378fb20e47d69b51245b538e
esol,6cc22f666ec43b0c,CC1=C(C(=O)Nc2ccccc2)CCCO1,aqueous_solubility,log10(mol/L),train,,-2.559999942779541,-2.8109619624614726,-3.885723943948752,-1.736199980974193,random,2027,rf_rdkit,random_forest,rdkit,none,721e3c494613d3aa378fb20e47d69b51245b538e
esol,2e8679647e9c7af4,CC1=C(C(=O)Nc2ccccc2)S(=O)(=O)CCO1,aqueous_solubility,log10(mol/L),train,,-2.2809998989105225,-2.4749619345963,-3.5497239160835794,-1.4001999531090203,random,2027,rf_rdkit,random_forest,rdkit,none,721e3c494613d3aa378fb20e47d69b51245b538e
esol,b5b4cb2a5e9b9324,CC1=C(C(=O)Nc2ccccc2)SCCO1,aqueous_solubility,log10(mol/L),calibration,,-3.140000104904175,-2.874447975099087,-3.9492099565863663,-1.7996859936118073,random,2027,rf_rdkit,random_forest,rdkit,none,721e3c494613d3aa378fb20e47d69b51245b538e
esol,7efcd8aa4b87cc1a,CC1=C2C3OC(=O)C(C)C3CCC2(C)C=CC1=O,aqueous_solubility,log10(mol/L),train,,-3.0899999141693115,-3.1298039483726026,-4.204565929859882,-2.055041966885323,random,2027,rf_rdkit,random_forest,rdkit,none,721e3c494613d3aa378fb20e47d69b51245b538e
esol,96de9e25198b2092,CC1=CC(=O)CC(C)(C)C1,aqueous_solubility,log10(mol/L),train,,-1.059999942779541,-1.3674079623669277,-2.442169943854207,-0.2926459808796482,random,2027,rf_rdkit,random_forest,rdkit,none,721e3c494613d3aa378fb20e47d69b51245b538e
esol,f59c469fca861fbf,CC1=CC(=O)c2ccccc2C1=O,aqueous_solubility,log10(mol/L),validation,,-3.0299999713897705,-2.6025979854762555,-3.677359966963535,-1.527836003988976,random,2027,rf_rdkit,random_forest,rdkit,none,721e3c494613d3aa378fb20e47d69b51245b538e
esol,ded0a2c22ffe923c,CC1=CCCCC1,aqueous_solubility,log10(mol/L),train,,-3.2699999809265137,-3.2909039913974705,-4.3656659728847504,-2.216142009910191,random,2027,rf_rdkit,random_forest,rdkit,none,721e3c494613d3aa378fb20e47d69b51245b538e
esol,ed4c980dd8b4f9e0,CC1CC(C)C(=O)C(C(O)CC2CC(=O)NC(=O)C2)C1,aqueous_solubility,log10(mol/L),train,,-1.1299999952316284,-1.8083859947063008,-2.8831479761935803,-0.7336240132190213,random,2027,rf_rdkit,random_forest,rdkit,none,721e3c494613d3aa378fb20e47d69b51245b538e
esol,37ef59ba8bc69fae,CC1CC2C3CC(F)C4=CC(=O)C=CC4(C)C3(F)C(O)CC2(C)C1(O)C(=O)CO,aqueous_solubility,log10(mol/L),validation,,-5.61299991607666,-3.736542000234127,-4.811303981721407,-2.6617800187468474,random,2027,rf_rdkit,random_forest,rdkit,none,721e3c494613d3aa378fb20e47d69b51245b538e
esol,efe337a66ed3ef56,CC1CC2C3CCC4=CC(=O)C=CC4(C)C3(F)C(O)CC2(C)C1(O)C(=O)CO,aqueous_solubility,log10(mol/L),train,,-3.5899999141693115,-3.648123958110811,-4.722885939598091,-2.5733619766235316,random,2027,rf_rdkit,random_forest,rdkit,none,721e3c494613d3aa378fb20e47d69b51245b538e
esol,990639b2658aeabf,CC1CCC(C(C)C)C(=O)C1,aqueous_solubility,log10(mol/L),calibration,,-2.3499999046325684,-2.222907997220755,-3.2976699787080346,-1.1481460157334755,random,2027,rf_rdkit,random_forest,rdkit,none,721e3c494613d3aa378fb20e47d69b51245b538e
esol,355260992ae623bd,CC1CCC(C(C)C)C(O)C1,aqueous_solubility,log10(mol/L),train,,-2.5299999713897705,-2.440059979081151,-3.5148219605684305,-1.3652979975938715,random,2027,rf_rdkit,random_forest,rdkit,none,721e3c494613d3aa378fb20e47d69b51245b538e
esol,6deb7ea9bd9ff6c3,CC1CCC(C)CC1,aqueous_solubility,log10(mol/L),calibration,,-4.46999979019165,-4.247766100645068,-5.322528082132347,-3.1730041191577882,random,2027,rf_rdkit,random_forest,rdkit,none,721e3c494613d3aa378fb20e47d69b51245b538e
esol,7fed54044e7b496d,CC1CCCC1,aqueous_solubility,log10(mol/L),train,,-3.299999952316284,-3.3073819760680205,-4.3821439575553,-2.232619994580741,random,2027,rf_rdkit,random_forest,rdkit,none,721e3c494613d3aa378fb20e47d69b51245b538e
esol,07b03b234e331841,CC1CCCCC1,aqueous_solubility,log10(mol/L),train,,-3.8499999046325684,-3.860641951918605,-4.935403933405885,-2.7858799704313255,random,2027,rf_rdkit,random_forest,rdkit,none,721e3c494613d3aa378fb20e47d69b51245b538e
esol,1006f9328e658b00,CC1CCCCC1C,aqueous_solubility,log10(mol/L),train,,-4.300000190734863,-4.205138122797017,-5.279900104284296,-3.1303761413097373,random,2027,rf_rdkit,random_forest,rdkit,none,721e3c494613d3aa378fb20e47d69b51245b538e
esol,22f824d41aeea5a5,CC1CCCCC1NC(=O)Nc1ccccc1,aqueous_solubility,log10(mol/L),train,,-4.110000133514404,-3.9396120833158514,-5.014374064803131,-2.864850101828572,random,2027,rf_rdkit,random_forest,rdkit,none,721e3c494613d3aa378fb20e47d69b51245b538e
esol,14cfac60d34ed2f7,CC1CCCO1,aqueous_solubility,log10(mol/L),calibration,,0.10999999940395355,-0.6345859957188331,-1.7093479772061126,0.4401759857684464,random,2027,rf_rdkit,random_forest,rdkit,none,721e3c494613d3aa378fb20e47d69b51245b538e
esol,a9d5ebbbd488d8e2,CC1CO1,aqueous_solubility,log10(mol/L),train,,-0.5899999737739563,-0.44692598432301445,-1.521687965810294,0.6278359971642651,random,2027,rf_rdkit,random_forest,rdkit,none,721e3c494613d3aa378fb20e47d69b51245b538e
esol,1d04033e6224d00c,CC1COC2CC3(C)C(CC4C5C=C6CC(O)CCC6(C)CC5CCC43C)OC2C1,aqueous_solubility,log10(mol/L),train,,-7.320000171661377,-6.4504460980891976,-7.525208079576477,-5.375684116601918,random,2027,rf_rdkit,random_forest,rdkit,none,721e3c494613d3aa378fb20e47d69b51245b538e
esol,85e634af983f15c5,CC1Cc2ccccc2N1NC(=O)c1ccc(Cl)c(S(N)(=O)=O)c1,aqueous_solubility,log10(mol/L),validation,,-3.5859999656677246,-3.914273981660604,-4.989035963147884,-2.8395120001733245,random,2027,rf_rdkit,random_forest,rdkit,none,721e3c494613d3aa378fb20e47d69b51245b538e
esol,bd2b37eb42bf2e88,CC1OC(OC2C(O)CC(OC3C(O)CC(OC4CCC5(C)C(CCC6C5CC(O)C5(C)C(C7=CC(=O)OC7)CCC65O)C4)OC3C)OC2C)CC(O)C1O,aqueous_solubility,log10(mol/L),train,,-4.080999851226807,-3.990141943253581,-5.064903924740861,-2.9153799617663014,random,2027,rf_rdkit,random_forest,rdkit,none,721e3c494613d3aa378fb20e47d69b51245b538e
esol,ac668969e8b9e1f6,CC1OC(OC2C(O)CC(OC3C(O)CC(OC4CCC5(C)C(CCC6C5CCC5(C)C(C7=CC(=O)OC7)CCC65O)C4)OC3C)OC2C)CC(O)C1O,aqueous_solubility,log10(mol/L),train,,-5.293000221252441,-4.8699221135415165,-5.944684095028796,-3.795160132054237,random,2027,rf_rdkit,random_forest,rdkit,none,721e3c494613d3aa378fb20e47d69b51245b538e
esol,faccd04528716453,CC=C(C(=CC)c1ccc(O)cc1)c1ccc(O)cc1,aqueous_solubility,log10(mol/L),calibration,,-4.949999809265137,-4.510665972769261,-5.585427954256541,-3.4359039912819815,random,2027,rf_rdkit,random_forest,rdkit,none,721e3c494613d3aa378fb20e47d69b51245b538e
esol,9da6816a67862e68,CC=C(C)C,aqueous_solubility,log10(mol/L),train,,-2.559999942779541,-2.52107996368408,-3.5958419451713595,-1.4463179821968004,random,2027,rf_rdkit,random_forest,rdkit,none,721e3c494613d3aa378fb20e47d69b51245b538e
esol,ffbba6f6cfcc8f90,CC=CC=O,aqueous_solubility,log10(mol/L),test,,0.3199999928474426,0.2094859931208357,-0.8652759883664438,1.2842479746081152,random,2027,rf_rdkit,random_forest,rdkit,none,721e3c494613d3aa378fb20e47d69b51245b538e
esol,f220362f20674d76,CC=Cc1ccc(OC)cc1,aqueous_solubility,log10(mol/L),calibration,,-3.130000114440918,-2.5620200144052503,-3.63678199589253,-1.4872580329179708,random,2027,rf_rdkit,random_forest,rdkit,none,721e3c494613d3aa378fb20e47d69b51245b538e
esol,35cd7d074fa4c41d,CCBr,aqueous_solubility,log10(mol/L),train,,-1.090000033378601,-1.2178440267294652,-2.2926060082167448,-0.1430820452421857,random,2027,rf_rdkit,random_forest,rdkit,none,721e3c494613d3aa378fb20e47d69b51245b538e
esol,d4bb7958b02085f6,CCC,aqueous_solubility,log10(mol/L),train,,-1.940000057220459,-1.8701140345334946,-2.944876016020774,-0.795352053046215,random,2027,rf_rdkit,random_forest,rdkit,none,721e3c494613d3aa378fb20e47d69b51245b538e
esol,d172035a0575b4f0,CCC#CCC,aqueous_solubility,log10(mol/L),test,,-1.9900000095367432,-2.2426139938682317,-3.317375975355511,-1.1678520123809522,random,2027,rf_rdkit,random_forest,rdkit,none,721e3c494613d3aa378fb20e47d69b51245b538e
esol,5cc3b635245b012c,CCC#N,aqueous_solubility,log10(mol/L),train,,0.2800000011920929,0.0964619987905162,-0.9782999826967633,1.1712239802777957,random,2027,rf_rdkit,random_forest,rdkit,none,721e3c494613d3aa378fb20e47d69b51245b538e
esol,0547b83133ec728e,CCC(=C(CC)c1ccc(O)cc1)c1ccc(O)cc1,aqueous_solubility,log10(mol/L),calibration,,-4.070000171661377,-4.568165954411032,-5.642927935898311,-3.493403972923752,random,2027,rf_rdkit,random_forest,rdkit,none,721e3c494613d3aa378fb20e47d69b51245b538e
esol,711e0fc464234636,CCC(=O)CC,aqueous_solubility,log10(mol/L),validation,,-0.2800000011920929,-0.5579180013835408,-1.6326799828708203,0.5168439801037388,random,2027,rf_rdkit,random_forest,rdkit,none,721e3c494613d3aa378fb20e47d69b51245b538e
esol,ce30ab4b74767529,CCC(=O)Nc1ccc(Cl)c(Cl)c1,aqueous_solubility,log10(mol/L),train,,-3.0,-3.1176720013618473,-4.192433982849127,-2.0429100198745678,random,2027,rf_rdkit,random_forest,rdkit,none,721e3c494613d3aa378fb20e47d69b51245b538e
esol,4d970928ff053b01,CCC(=O)OC,aqueous_solubility,log10(mol/L),train,,-0.14000000059604645,-0.20940000037847462,-1.2841619818657541,0.8653619811088049,random,2027,rf_rdkit,random_forest,rdkit,none,721e3c494613d3aa378fb20e47d69b51245b538e
esol,9b12de6fa018a540,CCC(=O)OC1CCC2C3CCC4=CC(=O)CCC4(C)C3CCC12C,aqueous_solubility,log10(mol/L),train,,-5.369999885559082,-5.122751918792735,-6.197513900280015,-4.047989937305456,random,2027,rf_rdkit,random_forest,rdkit,none,721e3c494613d3aa378fb20e47d69b51245b538e
esol,e3c14a3a91bcd663,CCC(=O)OCN1C(=O)NC(c2ccccc2)(c2ccccc2)C1=O,aqueous_solubility,log10(mol/L),train,,-4.9070000648498535,-4.813752036333076,-5.888514017820356,-3.7389900548457966,random,2027,rf_rdkit,random_forest,rdkit,none,721e3c494613d3aa378fb20e47d69b51245b538e
esol,fba8f2ce4dada735,CCC(Br)(CC)C(=O)NC(N)=O,aqueous_solubility,log10(mol/L),test,,-2.680000066757202,-2.2840719986595213,-3.358833980146801,-1.2093100171722417,random,2027,rf_rdkit,random_forest,rdkit,none,721e3c494613d3aa378fb20e47d69b51245b538e
esol,0552a9e71d6cfea7,CCC(C)(C)C,aqueous_solubility,log10(mol/L),train,,-3.549999952316284,-3.5657399795651443,-4.640501961052424,-2.490977998077865,random,2027,rf_rdkit,random_forest,rdkit,none,721e3c494613d3aa378fb20e47d69b51245b538e
esol,a3c5654a10d5a78a,CCC(C)(C)CC,aqueous_solubility,log10(mol/L),calibration,,-4.230000019073486,-4.127020058751109,-5.201782040238388,-3.0522580772638293,random,2027,rf_rdkit,random_forest,rdkit,none,721e3c494613d3aa378fb20e47d69b51245b538e
esol,9d5b4ee33b32fb0c,CCC(C)(C)CO,aqueous_solubility,log10(mol/L),train,,-1.0399999618530273,-1.0129539745412885,-2.087715956028568,0.06180800694599098,random,2027,rf_rdkit,random_forest,rdkit,none,721e3c494613d3aa378fb20e47d69b51245b538e
esol,531e962faed70e1e,CCC(C)(C)Cl,aqueous_solubility,log10(mol/L),train,,-2.509999990463257,-2.436155997302384,-3.5109179787896636,-1.3613940158151046,random,2027,rf_rdkit,random_forest,rdkit,none,721e3c494613d3aa378fb20e47d69b51245b538e
esol,cad4fa1d66a14c52,CCC(C)(C)O,aqueous_solubility,log10(mol/L),train,,0.15000000596046448,-0.023979997124527586,-1.0987419786118071,1.050781984362752,random,2027,rf_rdkit,random_forest,rdkit,none,721e3c494613d3aa378fb20e47d69b51245b538e
esol,646485e6c04cc19e,CCC(C)(O)CC,aqueous_solubility,log10(mol/L),test,,-0.36000001430511475,-0.7678620084486871,-1.8426239899359667,0.3068999730385924,random,2027,rf_rdkit,random_forest,rdkit,none,721e3c494613d3aa378fb20e47d69b51245b538e
esol,4458adc1a90f205f,CCC(C)=O,aqueous_solubility,log10(mol/L),train,,0.5199999809265137,0.2796039873510745,-0.795157994136205,1.354365968838354,random,2027,rf_rdkit,random_forest,rdkit,none,721e3c494613d3aa378fb20e47d69b51245b538e
esol,860e76bc1b2205e5,CCC(C)C,aqueous_solubility,log10(mol/L),train,,-3.180000066757202,-3.0273360426723954,-4.102098024159675,-1.952574061185116,random,2027,rf_rdkit,random_forest,rdkit,none,721e3c494613d3aa378fb20e47d69b51245b538e
esol,7f0540e7d68d0353,CCC(C)C(=O)OC1CC(C)C=C2C=CC(C)C(CCC3CC(O)CC(=O)O3)C21,aqueous_solubility,log10(mol/L),train,,-6.005000114440918,-5.647542082369332,-6.722304063856612,-4.572780100882053,random,2027,rf_rdkit,random_forest,rdkit,none,721e3c494613d3aa378fb20e47d69b51245b538e
esol,11bac5bf3e21f269,CCC(C)C(C)=O,aqueous_solubility,log10(mol/L),validation,,-0.6700000166893005,-0.9523159999586697,-2.027077981445949,0.12244598152860986,random,2027,rf_rdkit,random_forest,rdkit,none,721e3c494613d3aa378fb20e47d69b51245b538e
esol,6085f1e95eaddcb2,CCC(C)C(C)C,aqueous_solubility,log10(mol/L),train,,-4.28000020980835,-4.149100132465363,-5.223862113952642,-3.0743381509780834,random,2027,rf_rdkit,random_forest,rdkit,none,721e3c494613d3aa378fb20e47d69b51245b538e
esol,a5ca898e35932a4d,CCC(C)C1(CC)C(=O)NC(=O)NC1=O,aqueous_solubility,log10(mol/L),train,,-2.390000104904175,-2.316986071109774,-3.3917480525970536,-1.2422240896224945,random,2027,rf_rdkit,random_forest,rdkit,none,721e3c494613d3aa378fb20e47d69b51245b538e
esol,8f174b3984e75df6,CCC(C)CC,aqueous_solubility,log10(mol/L),validation,,-3.680000066757202,-3.6671400096416495,-4.741901991128929,-2.59237802815437,random,2027,rf_rdkit,random_forest,rdkit,none,721e3c494613d3aa378fb20e47d69b51245b538e
esol,1e876450195412a0,CCC(C)CCO,aqueous_solubility,log10(mol/L),train,,-0.7099999785423279,-0.8790599861592101,-1.9538219676464896,0.19570199532806942,random,2027,rf_rdkit,random_forest,rdkit,none,721e3c494613d3aa378fb20e47d69b51245b538e
esol,aaff60003107c3bd,CCC(C)CO,aqueous_solubility,log10(mol/L),train,,-0.4699999988079071,-0.47389599810167393,-1.5486579795889535,0.6008659833856056,random,2027,rf_rdkit,random_forest,rdkit,none,721e3c494613d3aa378fb20e47d69b51245b538e
esol,d978eec75d4efefd,CCC(C)Cl,aqueous_solubility,log10(mol/L),test,,-1.9600000381469727,-1.8557900062501438,-2.9305519877374233,-0.7810280247628643,random,2027,rf_rdkit,random_forest,rdkit,none,721e3c494613d3aa378fb20e47d69b51245b538e
esol,1f701cf97ca02491,CCC(C)O,aqueous_solubility,log10(mol/L),train,,0.4699999988079071,0.23397200000657437,-0.8407899814807052,1.308733981493854,random,2027,rf_rdkit,random_forest,rdkit,none,721e3c494613d3aa378fb20e47d69b51245b538e
esol,4b3c75035a4fd961,CCC(C)c1cc([N+](=O)[O-])cc([N+](=O)[O-])c1O,aqueous_solubility,log10(mol/L),train,,-3.380000114440918,-3.199068070530892,-4.273830052018171,-2.1243060890436123,random,2027,rf_rdkit,random_forest,rdkit,none,721e3c494613d3aa378fb20e47d69b51245b538e
esol,4dd1c7df936dd0ff,CCC(C)n1c(=O)[nH]c(C)c(Br)c1=O,aqueous_solubility,log10(mol/L),train,,-2.5230000019073486,-2.600155997335913,-3.6749179788231925,-1.5253940158486334,random,2027,rf_rdkit,random_forest,rdkit,none,721e3c494613d3aa378fb20e47d69b51245b538e
esol,7964220aaea5eddd,CCC(C=O)CC,aqueous_solubility,log10(mol/L),train,,-1.5199999809265137,-1.3324399882219833,-2.407201969709263,-0.25767800673470376,random,2027,rf_rdkit,random_forest,rdkit,none,721e3c494613d3aa378fb20e47d69b51245b538e
esol,136ed49ee994d858,CCC(CC)CO,aqueous_solubility,log10(mol/L),train,,-1.1699999570846558,-1.15673796984553,-2.2314999513328093,-0.08197598835825048,random,2027,rf_rdkit,random_forest,rdkit,none,721e3c494613d3aa378fb20e47d69b51245b538e
esol,3d69b54547088a18,CCC(O)(CC)CC,aqueous_solubility,log10(mol/L),train,,-0.8500000238418579,-0.9971020186580541,-2.0718640001453337,0.07765996282922538,random,2027,rf_rdkit,random_forest,rdkit,none,721e3c494613d3aa378fb20e47d69b51245b538e
esol,1b6616ec4b6c9f5b,CCC(O)C(C)C,aqueous_solubility,log10(mol/L),train,,-0.699999988079071,-0.7615079921185912,-1.8362699736058707,0.3132539893686883,random,2027,rf_rdkit,random_forest,rdkit,none,721e3c494613d3aa378fb20e47d69b51245b538e
esol,ee3d88894451fd0c,CCC(O)CC,aqueous_solubility,log10(mol/L),train,,-0.23999999463558197,-0.31372799618915304,-1.3884899776764326,0.7610339852981265,random,2027,rf_rdkit,random_forest,rdkit,none,721e3c494613d3aa378fb20e47d69b51245b538e
esol,492e3c56afdd3d65,CCC(c1ccc(O)cc1)C(CC)c1ccc(O)cc1,aqueous_solubility,log10(mol/L),train,,-4.429999828338623,-4.472145888447769,-5.5469078699350485,-3.3973839069604894,random,2027,rf_rdkit,random_forest,rdkit,none,721e3c494613d3aa378fb20e47d69b51245b538e
esol,08bd60ba187c4c76,CCC1(C(C)C)C(=O)NC(=O)NC1=O,aqueous_solubility,log10(mol/L),calibration,,-2.1790000200271606,-2.1930160357952118,-3.2677780172824913,-1.1182540543079322,random,2027,rf_rdkit,random_forest,rdkit,none,721e3c494613d3aa378fb20e47d69b51245b538e
esol,f202255d52ab1ec3,CCC1(C)C(=O)NC(=O)NC1=O,aqueous_solubility,log10(mol/L),train,,-1.2280000448226929,-1.481434031330041,-2.5561960128173205,-0.4066720498427614,random,2027,rf_rdkit,random_forest,rdkit,none,721e3c494613d3aa378fb20e47d69b51245b538e
esol,823b22622722d6df,CCC1(C2=CCC3CCC2C3)C(=O)NC(=O)NC1=O,aqueous_solubility,log10(mol/L),train,,-2.696000099182129,-2.918074060678481,-3.9928360421657607,-1.8433120791912017,random,2027,rf_rdkit,random_forest,rdkit,none,721e3c494613d3aa378fb20e47d69b51245b538e
esol,6e86b2759d390dd5,CCC1(C2=CCCCC2)C(=O)NC(=O)NC1=O,aqueous_solubility,log10(mol/L),calibration,,-2.1700000762939453,-2.680876011133193,-3.7556379926204726,-1.6061140296459135,random,2027,rf_rdkit,random_forest,rdkit,none,721e3c494613d3aa378fb20e47d69b51245b538e
esol,4762407c150120c2,CCC1(CC)C(=O)NC(=O)N(C)C1=O,aqueous_solubility,log10(mol/L),train,,-2.2300000190734863,-2.212646021306514,-3.2874080027937937,-1.1378840398192347,random,2027,rf_rdkit,random_forest,rdkit,none,721e3c494613d3aa378fb20e47d69b51245b538e
esol,0ab736d75dfa233b,CCC1(CC)C(=O)NC(=O)NC1=O,aqueous_solubility,log10(mol/L),train,,-2.4000000953674316,-2.2138040651306454,-3.288566046617925,-1.139042083643366,random,2027,rf_rdkit,random_forest,rdkit,none,721e3c494613d3aa378fb20e47d69b51245b538e
esol,af8a1b1e82b5916e,CCC1(CC=C(C)C)C(=O)NC(=O)NC1=O,aqueous_solubility,log10(mol/L),train,,-2.253000020980835,-2.2706680107116703,-3.34542999219895,-1.1959060292243908,random,2027,rf_rdkit,random_forest,rdkit,none,721e3c494613d3aa378fb20e47d69b51245b538e
esol,b52cbbd90dba367d,CCC1(CCC(C)C)C(=O)NC(=O)NC1=O,aqueous_solubility,log10(mol/L),train,,-2.562999963760376,-2.469757989168164,-3.5445199706554433,-1.3949960076808843,random,2027,rf_rdkit,random_forest,rdkit,none,721e3c494613d3aa378fb20e47d69b51245b538e
esol,645fd10802de397b,CCC1(c2ccccc2)C(=O)NC(=O)NC1=O,aqueous_solubility,log10(mol/L),train,,-2.322000026702881,-2.4222340215444524,-3.496996003031732,-1.347472040057173,random,2027,rf_rdkit,random_forest,rdkit,none,721e3c494613d3aa378fb20e47d69b51245b538e
esol,8e80310464b10ca4,CCC1(c2ccccc2)C(=O)NCNC1=O,aqueous_solubility,log10(mol/L),train,,-2.640000104904175,-2.6359560642242443,-3.710718045711524,-1.5611940827369648,random,2027,rf_rdkit,random_forest,rdkit,none,721e3c494613d3aa378fb20e47d69b51245b538e
esol,e1033a252840196d,CCC1(c2ccccc2)CCC(=O)NC1=O,aqueous_solubility,log10(mol/L),validation,,-2.3369998931884766,-2.7889620019793515,-3.863723983466631,-1.714200020492072,random,2027,rf_rdkit,random_forest,rdkit,none,721e3c494613d3aa378fb20e47d69b51245b538e
esol,a55a5ec41782ba07,CCC1CCCCC1,aqueous_solubility,log10(mol/L),train,,-4.25,-4.407207975387568,-5.481969956874847,-3.332445993900288,random,2027,rf_rdkit,random_forest,rdkit,none,721e3c494613d3aa378fb20e47d69b51245b538e
esol,71227fc0ca5ecb0e,CCC1NC(=O)c2cc(S(N)(=O)=O)c(Cl)cc2N1,aqueous_solubility,log10(mol/L),test,,-3.2899999618530273,-2.9524439983665944,-4.027205979853874,-1.877682016879315,random,2027,rf_rdkit,random_forest,rdkit,none,721e3c494613d3aa378fb20e47d69b51245b538e
esol,fbbba53affc2f528,CCC=O,aqueous_solubility,log10(mol/L),train,,0.5799999833106995,0.4440899885743801,-0.6306719929128994,1.5188519700616596,random,2027,rf_rdkit,random_forest,rdkit,none,721e3c494613d3aa378fb20e47d69b51245b538e
esol,99307c59d7dfef35,CCCBr,aqueous_solubility,log10(mol/L),train,,-1.7300000190734863,-1.7465840186327692,-2.821346000120049,-0.6718220371454897,random,2027,rf_rdkit,random_forest,rdkit,none,721e3c494613d3aa378fb20e47d69b51245b538e
esol,8744e77d82d027a0,CCCC,aqueous_solubility,log10(mol/L),train,,-2.569999933242798,-2.4629799626171582,-3.5377419441044378,-1.3882179811298787,random,2027,rf_rdkit,random_forest,rdkit,none,721e3c494613d3aa378fb20e47d69b51245b538e
esol,50d5afa3055e4398,CCCC(=O)CC,aqueous_solubility,log10(mol/L),train,,-0.8299999833106995,-0.9902479898780712,-2.0650099713653507,0.08451399160920836,random,2027,rf_rdkit,random_forest,rdkit,none,721e3c494613d3aa378fb20e47d69b51245b538e
esol,c3223a40b30ff2ce,CCCC(=O)CCC,aqueous_solubility,log10(mol/L),calibration,,-1.2999999523162842,-1.4657239970713891,-2.5404859785586686,-0.3909620155841096,random,2027,rf_rdkit,random_forest,rdkit,none,721e3c494613d3aa378fb20e47d69b51245b538e
esol,530f34a8c65ac982,CCCC(=O)OC,aqueous_solubility,log10(mol/L),train,,-1.9199999570846558,-1.4247399791180988,-2.4995019606053783,-0.34997799763081927,random,2027,rf_rdkit,random_forest,rdkit,none,721e3c494613d3aa378fb20e47d69b51245b538e
esol,c2005837b63a1689,CCCC(=O)OCC,aqueous_solubility,log10(mol/L),train,,-1.3600000143051147,-1.261434006333343,-2.3361959878206227,-0.18667202484606338,random,2027,rf_rdkit,random_forest,rdkit,none,721e3c494613d3aa378fb20e47d69b51245b538e
esol,773f55f0ab7b02ec,CCCC(=O)OCN1C(=O)NC(c2ccccc2)(c2ccccc2)C1=O,aqueous_solubility,log10(mol/L),train,,-5.071000099182129,-4.980566070318211,-6.055328051805491,-3.9058040888309318,random,2027,rf_rdkit,random_forest,rdkit,none,721e3c494613d3aa378fb20e47d69b51245b538e
esol,eb02c03a46d859f4,CCCC(C)(C)C,aqueous_solubility,log10(mol/L),calibration,,-4.360000133514404,-4.00888004422188,-5.0836420257091595,-2.9341180627346004,random,2027,rf_rdkit,random_forest,rdkit,none,721e3c494613d3aa378fb20e47d69b51245b538e
esol,14c21e027fff9f63,CCCC(C)(C)CO,aqueous_solubility,log10(mol/L),train,,-1.5199999809265137,-1.4515239848196593,-2.526285966306939,-0.37676200333237975,random,2027,rf_rdkit,random_forest,rdkit,none,721e3c494613d3aa378fb20e47d69b51245b538e
esol,553c0fbe16a4173b,CCCC(C)(C)O,aqueous_solubility,log10(mol/L),train,,-0.49000000953674316,-0.6390600103437922,-1.7138219918310718,0.4357019711434873,random,2027,rf_rdkit,random_forest,rdkit,none,721e3c494613d3aa378fb20e47d69b51245b538e
esol,c13aa0325c4d7681,CCCC(C)(COC(N)=O)COC(N)=O,aqueous_solubility,log10(mol/L),test,,-1.8070000410079956,-1.872642003610729,-2.9474039850980085,-0.7978800221234494,random,2027,rf_rdkit,random_forest,rdkit,none,721e3c494613d3aa378fb20e47d69b51245b538e
esol,705240c8f60cb049,CCCC(C)(O)CC,aqueous_solubility,log10(mol/L),train,,-0.9800000190734863,-1.0484600183963682,-2.123221999883648,0.026301963090911373,random,2027,rf_rdkit,random_forest,rdkit,none,721e3c494613d3aa378fb20e47d69b51245b538e
esol,0148f694c74e1962,CCCC(C)=O,aqueous_solubility,log10(mol/L),train,,-0.1899999976158142,-0.30404000063238756,-1.378801982119667,0.770721980854892,random,2027,rf_rdkit,random_forest,rdkit,none,721e3c494613d3aa378fb20e47d69b51245b538e
esol,2a6bb1427ddc99d3,CCCC(C)C,aqueous_solubility,log10(mol/L),train,,-3.740000009536743,-3.613340005397799,-4.688101986885078,-2.5385780239105196,random,2027,rf_rdkit,random_forest,rdkit,none,721e3c494613d3aa378fb20e47d69b51245b538e
esol,6035d42dec3b21aa,CCCC(C)C1(CC)C(=O)NC(=O)NC1=O,aqueous_solubility,log10(mol/L),train,,-2.390000104904175,-2.428696060895919,-3.5034580423831985,-1.3539340794086394,random,2027,rf_rdkit,random_forest,rdkit,none,721e3c494613d3aa378fb20e47d69b51245b538e
esol,0bc9361c7a07aa90,CCCC(C)C1(CC)C(=O)NC(=S)NC1=O,aqueous_solubility,log10(mol/L),train,,-3.359999895095825,-3.192673937261105,-4.267435918748385,-2.1179119557738253,random,2027,rf_rdkit,random_forest,rdkit,none,721e3c494613d3aa378fb20e47d69b51245b538e
esol,b60aaba75c023587,CCCC(C)CO,aqueous_solubility,log10(mol/L),train,,-1.1100000143051147,-1.0459800020568177,-2.1207419835440975,0.02878197943046179,random,2027,rf_rdkit,random_forest,rdkit,none,721e3c494613d3aa378fb20e47d69b51245b538e
esol,a428353a26a96988,CCCC(C)O,aqueous_solubility,log10(mol/L),train,,-0.28999999165534973,-0.3435799942575408,-1.4183419757448203,0.7311819872297387,random,2027,rf_rdkit,random_forest,rdkit,none,721e3c494613d3aa378fb20e47d69b51245b538e
esol,911ea15ed7d45385,CCCC(O)CC,aqueous_solubility,log10(mol/L),calibration,,-0.800000011920929,-0.988979994520542,-2.0637419760078215,0.08578198696673756,random,2027,rf_rdkit,random_forest,rdkit,none,721e3c494613d3aa378fb20e47d69b51245b538e
esol,36679fca2c495432,CCCC(O)CCC,aqueous_solubility,log10(mol/L),train,,-1.399999976158142,-1.3778999844193531,-2.452661965906633,-0.3031380029320736,random,2027,rf_rdkit,random_forest,rdkit,none,721e3c494613d3aa378fb20e47d69b51245b538e
esol,f92375bd7aa00a4e,CCCC1C(=O)N2C(N(C)C)=Nc3ccc(C)cc3N2C1=O,aqueous_solubility,log10(mol/L),train,,-3.5380001068115234,-3.5491580574214474,-4.623920038908727,-2.474396075934168,random,2027,rf_rdkit,random_forest,rdkit,none,721e3c494613d3aa378fb20e47d69b51245b538e
esol,ec228ee9c15a775e,CCCC1CCCC1,aqueous_solubility,log10(mol/L),train,,-4.739999771118164,-4.6630398545265095,-5.737801836013789,-3.58827787303923,random,2027,rf_rdkit,random_forest,rdkit,none,721e3c494613d3aa378fb20e47d69b51245b538e
esol,9eb037d358bcc7a9,CCCC1COC(Cn2cncn2)(c2ccc(Cl)cc2Cl)O1,aqueous_solubility,log10(mol/L),train,,-3.493000030517578,-3.885492028236386,-4.960254009723665,-2.8107300467491063,random,2027,rf_rdkit,random_forest,rdkit,none,721e3c494613d3aa378fb20e47d69b51245b538e
esol,b3fc3b836b5caee3,CCCC=C(C=O)CC,aqueous_solubility,log10(mol/L),train,,-2.4600000381469727,-2.26043201950192,-3.3351940009891994,-1.1856700380146403,random,2027,rf_rdkit,random_forest,rdkit,none,721e3c494613d3aa378fb20e47d69b51245b538e
esol,2b15dc56b70f7e88,CCCC=O,aqueous_solubility,log10(mol/L),test,,-0.009999999776482582,-0.1502060081809704,-1.22496798966825,0.9245559733063091,random,2027,rf_rdkit,random_forest,rdkit,none,721e3c494613d3aa378fb20e47d69b51245b538e
esol,d8934e1ae61ae50b,CCCCBr,aqueous_solubility,log10(mol/L),validation,,-2.369999885559082,-2.4396600201725955,-3.514422001659875,-1.364898038685316,random,2027,rf_rdkit,random_forest,rdkit,none,721e3c494613d3aa378fb20e47d69b51245b538e
esol,cdbf47a4c8e3d287,CCCCC,aqueous_solubility,log10(mol/L),train,,-3.180000066757202,-3.124536034345627,-4.199298015832907,-2.0497740528583477,random,2027,rf_rdkit,random_forest,rdkit,none,721e3c494613d3aa378fb20e47d69b51245b538e
esol,046f34299e8e0593,CCCCC(=O)CCCC,aqueous_solubility,log10(mol/L),train,,-2.5799999237060547,-2.5237559472322504,-3.59851792871953,-1.4489939657449709,random,2027,rf_rdkit,random_forest,rdkit,none,721e3c494613d3aa378fb20e47d69b51245b538e
esol,d781e9733c524f88,CCCCC(=O)OC,aqueous_solubility,log10(mol/L),calibration,,-1.340000033378601,-1.3600739917308053,-2.434835973218085,-0.2853120102435258,random,2027,rf_rdkit,random_forest,rdkit,none,721e3c494613d3aa378fb20e47d69b51245b538e
esol,8186b98ad615d4fa,CCCCC(=O)OC1(C(=O)CO)C(C)CC2C3CCC4=CC(=O)C=CC4(C)C3(F)C(O)CC21C,aqueous_solubility,log10(mol/L),train,,-4.710000038146973,-4.666344036579129,-5.741106018066408,-3.591582055091849,random,2027,rf_rdkit,random_forest,rdkit,none,721e3c494613d3aa378fb20e47d69b51245b538e
esol,1e4a499efcb48181,CCCCC(=O)OCC,aqueous_solubility,log10(mol/L),calibration,,-2.25,-1.7191079900264687,-2.7938699715137485,-0.6443460085391892,random,2027,rf_rdkit,random_forest,rdkit,none,721e3c494613d3aa378fb20e47d69b51245b538e
esol,eb83f6d383b44ecd,CCCCC(=O)OCN1C(=O)NC(c2ccccc2)(c2ccccc2)C1=O,aqueous_solubility,log10(mol/L),train,,-4.677999973297119,-4.927984018325796,-6.002745999813076,-3.853222036838517,random,2027,rf_rdkit,random_forest,rdkit,none,721e3c494613d3aa378fb20e47d69b51245b538e
esol,0063512c4316b02d,CCCCC(C)(C)O,aqueous_solubility,log10(mol/L),train,,-1.0800000429153442,-1.0891800306439336,-2.163942012131213,-0.014418049156654122,random,2027,rf_rdkit,random_forest,rdkit,none,721e3c494613d3aa378fb20e47d69b51245b538e
esol,ca9a40b2ae6d7fac,CCCCC(C)(O)CC,aqueous_solubility,log10(mol/L),train,,-1.600000023841858,-1.6287240159511571,-2.7034859974384364,-0.5539620344638776,random,2027,rf_rdkit,random_forest,rdkit,none,721e3c494613d3aa378fb20e47d69b51245b538e
esol,cb1389de78271b03,CCCCC(C)=O,aqueous_solubility,log10(mol/L),calibration,,-0.800000011920929,-1.0598100008964544,-2.1345719823837337,0.014951980590825142,random,2027,rf_rdkit,random_forest,rdkit,none,721e3c494613d3aa378fb20e47d69b51245b538e
esol,ee72f0696072d63b,CCCCC(C)CC,aqueous_solubility,log10(mol/L),train,,-5.159999847412109,-4.94045190048218,-6.015213881969459,-3.8656899189949003,random,2027,rf_rdkit,random_forest,rdkit,none,721e3c494613d3aa378fb20e47d69b51245b538e
esol,886e9d2f85b3cb44,CCCCC(C)O,aqueous_solubility,log10(mol/L),train,,-0.8899999856948853,-0.9449999910890994,-2.019761972576379,0.12976199039818015,random,2027,rf_rdkit,random_forest,rdkit,none,721e3c494613d3aa378fb20e47d69b51245b538e
esol,0838a16aa5ae802e,CCCCC(C=O)CC,aqueous_solubility,log10(mol/L),calibration,,-2.130000114440918,-2.003363994523879,-3.0781259760111586,-0.9286020130365995,random,2027,rf_rdkit,random_forest,rdkit,none,721e3c494613d3aa378fb20e47d69b51245b538e
esol,0ee8c22e174f5540,CCCCC(CC)CO,aqueous_solubility,log10(mol/L),train,,-2.109999895095825,-2.030929938733572,-3.1056919202208517,-0.9561679572462927,random,2027,rf_rdkit,random_forest,rdkit,none,721e3c494613d3aa378fb20e47d69b51245b538e
esol,51a9b8b1d8173760,CCCCC(CC)COC(=O)c1ccccc1C(=O)OCC(CC)CCCC,aqueous_solubility,log10(mol/L),train,,-6.960000038146973,-6.581218027114851,-7.65598000860213,-5.506456045627571,random,2027,rf_rdkit,random_forest,rdkit,none,721e3c494613d3aa378fb20e47d69b51245b538e
esol,3a73360948f6d478,CCCCC(O)CC,aqueous_solubility,log10(mol/L),calibration,,-1.4700000286102295,-1.4096399926841294,-2.484401974171409,-0.3348780111968499,random,2027,rf_rdkit,random_forest,rdkit,none,721e3c494613d3aa378fb20e47d69b51245b538e
esol,b368fff92897feb5,CCCCC1(CC)C(=O)NC(=O)NC1=O,aqueous_solubility,log10(mol/L),train,,-1.6610000133514404,-1.9610440175533375,-3.035805999040617,-0.8862820360660579,random,2027,rf_rdkit,random_forest,rdkit,none,721e3c494613d3aa378fb20e47d69b51245b538e
esol,697b7adfb97e92d9,CCCCC1C(=O)N(c2ccccc2)N(c2ccc(O)cc2)C1=O,aqueous_solubility,log10(mol/L),train,,-3.7300000190734863,-3.889822009801864,-4.964583991289143,-2.8150600283145844,random,2027,rf_rdkit,random_forest,rdkit,none,721e3c494613d3aa378fb20e47d69b51245b538e
esol,9bb878f2acf6502d,CCCCC1C(=O)N(c2ccccc2)N(c2ccccc2)C1=O,aqueous_solubility,log10(mol/L),test,,-3.809999942779541,-4.302470003843309,-5.377231985330589,-3.2277080223560297,random,2027,rf_rdkit,random_forest,rdkit,none,721e3c494613d3aa378fb20e47d69b51245b538e
esol,cccde35c98b95e45,CCCCC=O,aqueous_solubility,log10(mol/L),train,,-0.8500000238418579,-0.7740320159457461,-1.8487939974330256,0.3007299655415334,random,2027,rf_rdkit,random_forest,rdkit,none,721e3c494613d3aa378fb20e47d69b51245b538e
esol,400a2153ad1cc41e,CCCCCBr,aqueous_solubility,log10(mol/L),test,,-3.0799999237060547,-2.895605997979641,-3.9703679794669204,-1.8208440164923614,random,2027,rf_rdkit,random_forest,rdkit,none,721e3c494613d3aa378fb20e47d69b51245b538e
esol,067861bb7f44340e,CCCCCC,aqueous_solubility,log10(mol/L),train,,-3.8399999141693115,-3.6712119510173773,-4.745973932504657,-2.5964499695300978,random,2027,rf_rdkit,random_forest,rdkit,none,721e3c494613d3aa378fb20e47d69b51245b538e
esol,15f1b3f210442886,CCCCCC(=O)OC,aqueous_solubility,log10(mol/L),train,,-1.8700000047683716,-1.8592519984245337,-2.9340139799118132,-0.7844900169372542,random,2027,rf_rdkit,random_forest,rdkit,none,721e3c494613d3aa378fb20e47d69b51245b538e
esol,f0c3620530b2fea4,CCCCCC(=O)OCC,aqueous_solubility,log10(mol/L),train,,-2.3499999046325684,-2.167867939233776,-3.2426299207210554,-1.0931059577464963,random,2027,rf_rdkit,random_forest,rdkit,none,721e3c494613d3aa378fb20e47d69b51245b538e
esol,e5611d7c920e4a9e,CCCCCC(=O)OCN1C(=O)NC(c2ccccc2)(c2ccccc2)C1=O,aqueous_solubility,log10(mol/L),train,,-5.886000156402588,-5.592796088695524,-6.667558070182803,-4.518034107208244,random,2027,rf_rdkit,random_forest,rdkit,none,721e3c494613d3aa378fb20e47d69b51245b538e
esol,6155649d8540ed94,CCCCCC(C)(C)O,aqueous_solubility,log10(mol/L),train,,-1.7200000286102295,-1.675604020714757,-2.7503660022020364,-0.6008420392274774,random,2027,rf_rdkit,random_forest,rdkit,none,721e3c494613d3aa378fb20e47d69b51245b538e
esol,e9eedb31eddae14a,CCCCCC(C)=O,aqueous_solubility,log10(mol/L),train,,-1.4500000476837158,-1.4719800274222996,-2.546742008909579,-0.3972180459350201,random,2027,rf_rdkit,random_forest,rdkit,none,721e3c494613d3aa378fb20e47d69b51245b538e
esol,66316631fd660d13,CCCCCC(C)C,aqueous_solubility,log10(mol/L),validation,,-5.079999923706055,-4.7211999512910845,-5.795961932778364,-3.646437969803805,random,2027,rf_rdkit,random_forest,rdkit,none,721e3c494613d3aa378fb20e47d69b51245b538e
esol,da7e9d52660f7666,CCCCCC(C)O,aqueous_solubility,log10(mol/L),validation,,-1.5499999523162842,-1.4341919931471365,-2.508953974634416,-0.359430011659857,random,2027,rf_rdkit,random_forest,rdkit,none,721e3c494613d3aa378fb20e47d69b51245b538e
esol,04583283814a1149,CCCCCC(O)CC,aqueous_solubility,log10(mol/L),train,,-1.9800000190734863,-1.9461540092229779,-3.0209159907102574,-0.8713920277356983,random,2027,rf_rdkit,random_forest,rdkit,none,721e3c494613d3aa378fb20e47d69b51245b538e
esol,a98e9ddfe0bfb71f,CCCCCC1CCCC1,aqueous_solubility,log10(mol/L),train,,-6.079999923706055,-5.693649931430802,-6.768411912918081,-4.618887949943522,random,2027,rf_rdkit,random_forest,rdkit,none,721e3c494613d3aa378fb20e47d69b51245b538e
esol,93bc9362240baa5a,CCCCCC=O,aqueous_solubility,log10(mol/L),train,,-1.2999999523162842,-1.3564479748979248,-2.4312099563852043,-0.28168599341064526,random,2027,rf_rdkit,random_forest,rdkit,none,721e3c494613d3aa378fb20e47d69b51245b538e
esol,a6326ae1c933fa1d,CCCCCCBr,aqueous_solubility,log10(mol/L),train,,-3.809999942779541,-3.6995439528226854,-4.7743059343099645,-2.624781971335406,random,2027,rf_rdkit,random_forest,rdkit,none,721e3c494613d3aa378fb20e47d69b51245b538e
esol,0742f60cc0d0b0c5,CCCCCCC,aqueous_solubility,log10(mol/L),test,,-4.53000020980835,-4.098727977573869,-5.173489959061149,-3.0239659960865897,random,2027,rf_rdkit,random_forest,rdkit,none,721e3c494613d3aa378fb20e47d69b51245b538e
esol,3350712a156b97ee,CCCCCCC(=O)OCC,aqueous_solubility,log10(mol/L),train,,-2.740000009536743,-2.7057840116024012,-3.7805459930896808,-1.6310220301151217,random,2027,rf_rdkit,random_forest,rdkit,none,721e3c494613d3aa378fb20e47d69b51245b538e
esol,7056b5401228fc27,CCCCCCC(=O)OCN1C(=O)NC(c2ccccc2)(c2ccccc2)C1=O,aqueous_solubility,log10(mol/L),validation,,-6.301000118255615,-5.8900919826030655,-6.964853964090345,-4.815330001115786,random,2027,rf_rdkit,random_forest,rdkit,none,721e3c494613d3aa378fb20e47d69b51245b538e
esol,59ece8e98d2096e2,CCCCCCC(C)=O,aqueous_solubility,log10(mol/L),test,,-2.049999952316284,-2.0906219933629004,-3.16538397485018,-1.015860011875621,random,2027,rf_rdkit,random_forest,rdkit,none,721e3c494613d3aa378fb20e47d69b51245b538e
esol,427cbb0dd97d6b50,CCCCCCC(C)O,aqueous_solubility,log10(mol/L),validation,,-2.0899999141693115,-2.0287160041034187,-3.103477985590698,-0.9539540226161392,random,2027,rf_rdkit,random_forest,rdkit,none,721e3c494613d3aa378fb20e47d69b51245b538e
esol,b17209ce34398ed5,CCCCCCCBr,aqueous_solubility,log10(mol/L),train,,-4.429999828338623,-4.3515238814354,-5.426285862922679,-3.27676189994812,random,2027,rf_rdkit,random_forest,rdkit,none,721e3c494613d3aa378fb20e47d69b51245b538e
esol,2f891eb6fbb926d4,CCCCCCCC,aqueous_solubility,log10(mol/L),test,,-5.239999771118164,-4.576940007627011,-5.65170198911429,-3.502178026139731,random,2027,rf_rdkit,random_forest,rdkit,none,721e3c494613d3aa378fb20e47d69b51245b538e
esol,d4e8db30d372de33,CCCCCCCC(=O)OC,aqueous_solubility,log10(mol/L),train,,-3.1700000762939453,-3.0284980576485396,-4.103260039135819,-1.95373607616126,random,2027,rf_rdkit,random_forest,rdkit,none,721e3c494613d3aa378fb20e47d69b51245b538e
esol,bbfb6e5e2f7f210b,CCCCCCCC(=O)OCC,aqueous_solubility,log10(mol/L),train,,-3.390000104904175,-3.2757140715122217,-4.350476052999501,-2.200952090024942,random,2027,rf_rdkit,random_forest,rdkit,none,721e3c494613d3aa378fb20e47d69b51245b538e
esol,fdf14f687f402c1b,CCCCCCCC(=O)OCN1C(=O)NC(c2ccccc2)(c2ccccc2)C1=O,aqueous_solubility,log10(mol/L),train,,-6.5229997634887695,-6.171011887311916,-7.245773868799196,-5.096249905824637,random,2027,rf_rdkit,random_forest,rdkit,none,721e3c494613d3aa378fb20e47d69b51245b538e
esol,fea1a3023a7fc0ae,CCCCCCCC(C)=O,aqueous_solubility,log10(mol/L),train,,-2.5799999237060547,-2.637083947539332,-3.7118459290266115,-1.5623219660520524,random,2027,rf_rdkit,random_forest,rdkit,none,721e3c494613d3aa378fb20e47d69b51245b538e
esol,866ae94d1cd7a5b1,CCCCCCCC(C)O,aqueous_solubility,log10(mol/L),train,,-2.740000009536743,-2.695832011222839,-3.7705939927101184,-1.6210700297355594,random,2027,rf_rdkit,random_forest,rdkit,none,721e3c494613d3aa378fb20e47d69b51245b538e
esol,0c834b867b0755f7,CCCCCCCCBr,aqueous_solubility,log10(mol/L),train,,-5.059999942779541,-4.819971957921992,-5.894733939409272,-3.7452099764347127,random,2027,rf_rdkit,random_forest,rdkit,none,721e3c494613d3aa378fb20e47d69b51245b538e
esol,52907309c5979835,CCCCCCCCC,aqueous_solubility,log10(mol/L),test,,-5.880000114440918,-5.0053100449442836,-6.080072026431563,-3.930548063457004,random,2027,rf_rdkit,random_forest,rdkit,none,721e3c494613d3aa378fb20e47d69b51245b538e
esol,91d1337f64867273,CCCCCCCCC(=O)OC,aqueous_solubility,log10(mol/L),train,,-3.380000114440918,-3.4460080867409713,-4.52077006822825,-2.3712461052536917,random,2027,rf_rdkit,random_forest,rdkit,none,721e3c494613d3aa378fb20e47d69b51245b538e
esol,91ca518d3bfa05a4,CCCCCCCCC(=O)OCC,aqueous_solubility,log10(mol/L),train,,-3.799999952316284,-3.797683992862707,-4.872445974349986,-2.7229220113754273,random,2027,rf_rdkit,random_forest,rdkit,none,721e3c494613d3aa378fb20e47d69b51245b538e
esol,190307f6f9c5d129,CCCCCCCCC(C)=O,aqueous_solubility,log10(mol/L),test,,-3.299999952316284,-3.200225997567176,-4.274987979054456,-2.1254640160798965,random,2027,rf_rdkit,random_forest,rdkit,none,721e3c494613d3aa378fb20e47d69b51245b538e
esol,a3ed57e5c214461b,CCCCCCCCCC(=O)OC,aqueous_solubility,log10(mol/L),train,,-4.690000057220459,-4.353866052389141,-5.428628033876421,-3.2791040709018615,random,2027,rf_rdkit,random_forest,rdkit,none,721e3c494613d3aa378fb20e47d69b51245b538e
esol,bacd88176dc73f72,CCCCCCCCCC(=O)OCC,aqueous_solubility,log10(mol/L),calibration,,-4.099999904632568,-4.120038014888767,-5.194799996376046,-3.0452760334014872,random,2027,rf_rdkit,random_forest,rdkit,none,721e3c494613d3aa378fb20e47d69b51245b538e
esol,0660e103e7d31762,CCCCCCCCCC(C)O,aqueous_solubility,log10(mol/L),train,,-2.940000057220459,-3.2598520560860624,-4.334614037573342,-2.185090074598783,random,2027,rf_rdkit,random_forest,rdkit,none,721e3c494613d3aa378fb20e47d69b51245b538e
esol,ff455d1cef69469a,CCCCCCCCCCCC(=O)OC,aqueous_solubility,log10(mol/L),train,,-4.690000057220459,-4.668254047632205,-5.7430160291194845,-3.5934920661449254,random,2027,rf_rdkit,random_forest,rdkit,none,721e3c494613d3aa378fb20e47d69b51245b538e
esol,a980398600f36d4e,CCCCCCCCCCCCCC,aqueous_solubility,log10(mol/L),train,,-7.960000038146973,-7.435081986755109,-8.50984396824239,-6.3603200052678295,random,2027,rf_rdkit,random_forest,rdkit,none,721e3c494613d3aa378fb20e47d69b51245b538e
esol,bc312e38ba02802a,CCCCCCCCCCCCCCCC,aqueous_solubility,log10(mol/L),train,,-8.399999618530273,-8.134615740776066,-9.209377722263346,-7.059853759288787,random,2027,rf_rdkit,random_forest,rdkit,none,721e3c494613d3aa378fb20e47d69b51245b538e
esol,1a06d4bca85cd592,CCCCCCCCCCCCCCCCCCCC,aqueous_solubility,log10(mol/L),train,,-8.17199993133545,-8.194703842639896,-9.269465824127176,-7.119941861152617,random,2027,rf_rdkit,random_forest,rdkit,none,721e3c494613d3aa378fb20e47d69b51245b538e
esol,384c121c7d12a56a,CCCCCCCCCCCCCCCCCCCCCCCCCC,aqueous_solubility,log10(mol/L),train,,-8.333999633789062,-8.28850372695926,-9.363265708446539,-7.21374174547198,random,2027,rf_rdkit,random_forest,rdkit,none,721e3c494613d3aa378fb20e47d69b51245b538e
esol,bc3d0429e3abc793,CCCCCCCCCCCCCCCCCCO,aqueous_solubility,log10(mol/L),train,,-8.399999618530273,-7.778331748485557,-8.853093729972837,-6.703569766998277,random,2027,rf_rdkit,random_forest,rdkit,none,721e3c494613d3aa378fb20e47d69b51245b538e
esol,c4c342bdb047ff91,CCCCCCCCCCCCCCCCO,aqueous_solubility,log10(mol/L),train,,-7.0,-6.81964396333691,-7.8944059448241894,-5.74488198184963,random,2027,rf_rdkit,random_forest,rdkit,none,721e3c494613d3aa378fb20e47d69b51245b538e
esol,cd68df105e34e541,CCCCCCCCCCCCCCCO,aqueous_solubility,log10(mol/L),train,,-6.349999904632568,-6.339025957584353,-7.413787939071632,-5.264263976097073,random,2027,rf_rdkit,random_forest,rdkit,none,721e3c494613d3aa378fb20e47d69b51245b538e
esol,1e9120d9df04f9e6,CCCCCCCCCCCCCCO,aqueous_solubility,log10(mol/L),train,,-5.840000152587891,-5.846880092143994,-6.921642073631274,-4.772118110656715,random,2027,rf_rdkit,random_forest,rdkit,none,721e3c494613d3aa378fb20e47d69b51245b538e
esol,de7e37932cf8aac8,CCCCCCCCCCCCO,aqueous_solubility,log10(mol/L),train,,-4.800000190734863,-4.688102148294441,-5.762864129781721,-3.613340166807162,random,2027,rf_rdkit,random_forest,rdkit,none,721e3c494613d3aa378fb20e47d69b51245b538e
esol,50df1a057983a774,CCCCCCCCCCO,aqueous_solubility,log10(mol/L),train,,-3.630000114440918,-3.63565409433842,-4.7104160758257,-2.5608921128511404,random,2027,rf_rdkit,random_forest,rdkit,none,721e3c494613d3aa378fb20e47d69b51245b538e
esol,0dd85d1472dc7f0a,CCCCCCCCCO,aqueous_solubility,log10(mol/L),train,,-3.009999990463257,-3.0363260159492493,-4.111087997436529,-1.9615640344619698,random,2027,rf_rdkit,random_forest,rdkit,none,721e3c494613d3aa378fb20e47d69b51245b538e
esol,0f0c5849c0728201,CCCCCCCCO,aqueous_solubility,log10(mol/L),train,,-2.390000104904175,-2.379800061941148,-3.4545620434284277,-1.3050380804538686,random,2027,rf_rdkit,random_forest,rdkit,none,721e3c494613d3aa378fb20e47d69b51245b538e
esol,c6dea0f9a59433fd,CCCCCCCCOC(=O)c1ccccc1C(=O)OCCCCCCCC,aqueous_solubility,log10(mol/L),train,,-5.114999771118164,-5.520155863255264,-6.594917844742543,-4.445393881767984,random,2027,rf_rdkit,random_forest,rdkit,none,721e3c494613d3aa378fb20e47d69b51245b538e
esol,38ee92fb024e7c6a,CCCCCCCCl,aqueous_solubility,log10(mol/L),train,,-4.0,-3.784397994756694,-4.859159976243974,-2.7096360132694146,random,2027,rf_rdkit,random_forest,rdkit,none,721e3c494613d3aa378fb20e47d69b51245b538e
esol,5fa8cd0096eff934,CCCCCCCI,aqueous_solubility,log10(mol/L),calibration,,-4.809999942779541,-4.388815932273868,-5.4635779137611475,-3.3140539507865885,random,2027,rf_rdkit,random_forest,rdkit,none,721e3c494613d3aa378fb20e47d69b51245b538e
esol,cd059d986249006a,CCCCCCCO,aqueous_solubility,log10(mol/L),train,,-1.809999942779541,-1.8075879701972015,-2.882349951684481,-0.732825988709922,random,2027,rf_rdkit,random_forest,rdkit,none,721e3c494613d3aa378fb20e47d69b51245b538e
esol,858786129af166f6,CCCCCCCl,aqueous_solubility,log10(mol/L),calibration,,-3.119999885559082,-3.0366720007658006,-4.1114339822530805,-1.961910019278521,random,2027,rf_rdkit,random_forest,rdkit,none,721e3c494613d3aa378fb20e47d69b51245b538e
esol,bff524d4cee6dd13,CCCCCCO,aqueous_solubility,log10(mol/L),train,,-1.2400000095367432,-1.260200001820912,-2.3349619833081916,-0.18543802033363255,random,2027,rf_rdkit,random_forest,rdkit,none,721e3c494613d3aa378fb20e47d69b51245b538e
esol,f99f09834a2307b7,CCCCCCOC(=O)c1ccccc1C(=O)OCCCCCC,aqueous_solubility,log10(mol/L),train,,-6.144000053405762,-5.803322014093392,-6.878083995580671,-4.728560032606112,random,2027,rf_rdkit,random_forest,rdkit,none,721e3c494613d3aa378fb20e47d69b51245b538e
esol,33da9a9e495cd260,CCCCCCc1ccc(O)cc1O,aqueous_solubility,log10(mol/L),validation,,-2.5899999141693115,-3.0124480093382298,-4.087209990825509,-1.9376860278509502,random,2027,rf_rdkit,random_forest,rdkit,none,721e3c494613d3aa378fb20e47d69b51245b538e
esol,4054ea097cbe803b,CCCCCCc1ccccc1,aqueous_solubility,log10(mol/L),train,,-5.210000038146973,-4.967500002384179,-6.042261983871459,-3.8927380208969,random,2027,rf_rdkit,random_forest,rdkit,none,721e3c494613d3aa378fb20e47d69b51245b538e
esol,3b56245e57457ea4,CCCCCCl,aqueous_solubility,log10(mol/L),train,,-2.7300000190734863,-2.5674200146794326,-3.642181996166712,-1.492658033192153,random,2027,rf_rdkit,random_forest,rdkit,none,721e3c494613d3aa378fb20e47d69b51245b538e
esol,a58a553e8e375de7,CCCCCO,aqueous_solubility,log10(mol/L),train,,-0.6000000238418579,-0.6268600141592322,-1.7016219956465117,0.4479019673280473,random,2027,rf_rdkit,random_forest,rdkit,none,721e3c494613d3aa378fb20e47d69b51245b538e
esol,2406a09c97f56f54,CCCCCOC(=O)CC,aqueous_solubility,log10(mol/L),train,,-1.2799999713897705,-1.6639419739246295,-2.738703955411909,-0.58917999243735,random,2027,rf_rdkit,random_forest,rdkit,none,721e3c494613d3aa378fb20e47d69b51245b538e
esol,67e3ba13863eb8fe,CCCCCOC(C)=O,aqueous_solubility,log10(mol/L),train,,-1.8899999856948853,-1.7787679882049519,-2.8535299696922314,-0.7040060067176723,random,2027,rf_rdkit,random_forest,rdkit,none,721e3c494613d3aa378fb20e47d69b51245b538e
esol,412c3e94bc5f3484,CCCCCc1ccccc1,aqueous_solubility,log10(mol/L),train,,-4.639999866485596,-4.5475399160385095,-5.622301897525789,-3.47277793455123,random,2027,rf_rdkit,random_forest,rdkit,none,721e3c494613d3aa378fb20e47d69b51245b538e
esol,4b17450fdb820e4a,CCCCCl,aqueous_solubility,log10(mol/L),calibration,,-2.0299999713897705,-1.9871760146915907,-3.0619379961788704,-0.9124140332043111,random,2027,rf_rdkit,random_forest,rdkit,none,721e3c494613d3aa378fb20e47d69b51245b538e
esol,83588fb58bfe7ab9,CCCCI,aqueous_solubility,log10(mol/L),train,,-2.9600000381469727,-2.7593760244250296,-3.834138005912309,-1.68461404293775,random,2027,rf_rdkit,random_forest,rdkit,none,721e3c494613d3aa378fb20e47d69b51245b538e
esol,6a5cef6cac9b1660,CCCCN(C)C(=O)Nc1ccc(Cl)c(Cl)c1,aqueous_solubility,log10(mol/L),calibration,,-4.769999980926514,-4.004067993849517,-5.078829975336797,-2.929306012362238,random,2027,rf_rdkit,random_forest,rdkit,none,721e3c494613d3aa378fb20e47d69b51245b538e
esol,6f272ede992bb6a7,CCCCN(CC)C(=O)SCCC,aqueous_solubility,log10(mol/L),train,,-3.5299999713897705,-3.4783239915370956,-4.553085973024375,-2.403562010049816,random,2027,rf_rdkit,random_forest,rdkit,none,721e3c494613d3aa378fb20e47d69b51245b538e
esol,b9d61b06f115b6ac,CCCCN(CC)c1c([N+](=O)[O-])cc(C(F)(F)F)cc1[N+](=O)[O-],aqueous_solubility,log10(mol/L),validation,,-5.53000020980835,-5.527823911190037,-6.602585892677316,-4.453061929702757,random,2027,rf_rdkit,random_forest,rdkit,none,721e3c494613d3aa378fb20e47d69b51245b538e
esol,a86b989f93448443,CCCCNC(=O)n1c(NC(=O)OC)nc2ccccc21,aqueous_solubility,log10(mol/L),train,,-4.882999897003174,-4.304351922810087,-5.379113904297366,-3.229589941322807,random,2027,rf_rdkit,random_forest,rdkit,none,721e3c494613d3aa378fb20e47d69b51245b538e
esol,29d728fa528693ff,CCCCO,aqueous_solubility,log10(mol/L),train,,0.0,-0.15727200210094772,-1.2320339835882272,0.9174899793863318,random,2027,rf_rdkit,random_forest,rdkit,none,721e3c494613d3aa378fb20e47d69b51245b538e
esol,4220bcb6b0bad406,CCCCOC,aqueous_solubility,log10(mol/L),train,,-0.9900000095367432,-0.9172400092817763,-1.9920019907690558,0.15752197220550324,random,2027,rf_rdkit,random_forest,rdkit,none,721e3c494613d3aa378fb20e47d69b51245b538e
esol,0341b123b22addd6,CCCCOC(=O)CCCCCCCCC(=O)OCCCC,aqueous_solubility,log10(mol/L),train,,-3.8959999084472656,-4.414827935725442,-5.489589917212721,-3.3400659542381623,random,2027,rf_rdkit,random_forest,rdkit,none,721e3c494613d3aa378fb20e47d69b51245b538e
esol,47e93f994dd9b389,CCCCOC(=O)c1ccc(N)cc1,aqueous_solubility,log10(mol/L),test,,-3.0820000171661377,-2.615257956270129,-3.6900199377574086,-1.5404959747828495,random,2027,rf_rdkit,random_forest,rdkit,none,721e3c494613d3aa378fb20e47d69b51245b538e
esol,d36555332cfcbf7b,CCCCOC(=O)c1ccccc1C(=O)OCCCC,aqueous_solubility,log10(mol/L),test,,-4.400000095367432,-4.191719992816447,-5.266481974303726,-3.1169580113291673,random,2027,rf_rdkit,random_forest,rdkit,none,721e3c494613d3aa378fb20e47d69b51245b538e
esol,48a64d2e2412d85f,CCCCOC=O,aqueous_solubility,log10(mol/L),train,,-1.3700000047683716,-1.2092000034749442,-2.2839619849622235,-0.13443802198766464,random,2027,rf_rdkit,random_forest,rdkit,none,721e3c494613d3aa378fb20e47d69b51245b538e
esol,8af231a36c0747d7,CCCCOCCCC,aqueous_solubility,log10(mol/L),train,,-1.850000023841858,-2.009108017198737,-3.0838699986860165,-0.9343460357114575,random,2027,rf_rdkit,random_forest,rdkit,none,721e3c494613d3aa378fb20e47d69b51245b538e
esol,f017fe662abba75e,CCCCOCCO,aqueous_solubility,log10(mol/L),train,,-0.41999998688697815,-0.6552839899361187,-1.7300459714233982,0.41947799155116083,random,2027,rf_rdkit,random_forest,rdkit,none,721e3c494613d3aa378fb20e47d69b51245b538e
esol,55b2c8230f6c76ce,CCCCOCN(C(=O)CCl)c1c(CC)cccc1CC,aqueous_solubility,log10(mol/L),train,,-4.190000057220459,-4.282908028125763,-5.3576700096130425,-3.2081460466384835,random,2027,rf_rdkit,random_forest,rdkit,none,721e3c494613d3aa378fb20e47d69b51245b538e
esol,b1ca0f86c249367e,CCCCOc1ccc(C(=O)OCC)c(N(CC)CC)c1,aqueous_solubility,log10(mol/L),train,,-3.8399999141693115,-4.014317941904065,-5.089079923391345,-2.9395559604167856,random,2027,rf_rdkit,random_forest,rdkit,none,721e3c494613d3aa378fb20e47d69b51245b538e
esol,3f27633474c9331c,CCCCS,aqueous_solubility,log10(mol/L),train,,-2.180000066757202,-1.9796620484366978,-3.054424029923977,-0.9049000669494183,random,2027,rf_rdkit,random_forest,rdkit,none,721e3c494613d3aa378fb20e47d69b51245b538e
esol,a6b160de7573685d,CCCCSP(=O)(SCCCC)SCCCC,aqueous_solubility,log10(mol/L),train,,-5.139999866485596,-5.172637909591193,-6.247399891078473,-4.097875928103914,random,2027,rf_rdkit,random_forest,rdkit,none,721e3c494613d3aa378fb20e47d69b51245b538e
esol,5e1f927897c55829,CCCCc1c(C)nc(N(C)C)nc1O,aqueous_solubility,log10(mol/L),test,,-2.240000009536743,-2.5396480084657664,-3.614409989953046,-1.464886026978487,random,2027,rf_rdkit,random_forest,rdkit,none,721e3c494613d3aa378fb20e47d69b51245b538e
esol,b67ef6c2163c44a1,CCCCc1c(C)nc(NCC)[nH]c1=O,aqueous_solubility,log10(mol/L),train,,-3.0280001163482666,-2.939564069360494,-4.014326050847774,-1.8648020878732146,random,2027,rf_rdkit,random_forest,rdkit,none,721e3c494613d3aa378fb20e47d69b51245b538e
esol,d3bdeb5ae2ce2d98,CCCCc1c(C)nc(NCC)nc1OS(=O)(=O)N(C)C,aqueous_solubility,log10(mol/L),train,,-4.159999847412109,-3.8370499019622835,-4.9118118834495625,-2.762287920475004,random,2027,rf_rdkit,random_forest,rdkit,none,721e3c494613d3aa378fb20e47d69b51245b538e
esol,da48ee1b0addb712,CCCCc1ccccc1,aqueous_solubility,log10(mol/L),calibration,,-4.059999942779541,-3.953967947006226,-5.028729928493505,-2.8792059655189464,random,2027,rf_rdkit,random_forest,rdkit,none,721e3c494613d3aa378fb20e47d69b51245b538e
esol,fe77a1079a4db71d,CCCCl,aqueous_solubility,log10(mol/L),train,,-1.4700000286102295,-1.4129700219146881,-2.487732003401968,-0.3382080404274086,random,2027,rf_rdkit,random_forest,rdkit,none,721e3c494613d3aa378fb20e47d69b51245b538e
esol,41afd5c9dc6469db,CCCI,aqueous_solubility,log10(mol/L),calibration,,-2.2899999618530273,-2.05898200725019,-3.1337439887374696,-0.9842200257629106,random,2027,rf_rdkit,random_forest,rdkit,none,721e3c494613d3aa378fb20e47d69b51245b538e
esol,ae1ed14bd61bab1f,CCCN(CCC)c1c([N+](=O)[O-])cc(C(C)C)cc1[N+](=O)[O-],aqueous_solubility,log10(mol/L),calibration,,-6.489999771118164,-4.618115970551969,-5.6928779520392485,-3.5433539890646895,random,2027,rf_rdkit,random_forest,rdkit,none,721e3c494613d3aa378fb20e47d69b51245b538e
esol,d9aea1b45f7377ec,CCCN(CCC)c1c([N+](=O)[O-])cc(C(F)(F)F)cc1[N+](=O)[O-],aqueous_solubility,log10(mol/L),train,,-5.679999828338623,-5.543773881196985,-6.618535862684265,-4.469011899709706,random,2027,rf_rdkit,random_forest,rdkit,none,721e3c494613d3aa378fb20e47d69b51245b538e
esol,b7e1fd1651859456,CCCN(CCC)c1c([N+](=O)[O-])cc(S(N)(=O)=O)cc1[N+](=O)[O-],aqueous_solubility,log10(mol/L),train,,-5.159999847412109,-4.758497891753916,-5.833259873241196,-3.6837359102666367,random,2027,rf_rdkit,random_forest,rdkit,none,721e3c494613d3aa378fb20e47d69b51245b538e
esol,86e90d5049758778,CCCO,aqueous_solubility,log10(mol/L),train,,0.6200000047683716,0.4891880042701904,-0.5855739772170891,1.56394998575747,random,2027,rf_rdkit,random_forest,rdkit,none,721e3c494613d3aa378fb20e47d69b51245b538e
esol,49ec4719ff98e140,CCCOC,aqueous_solubility,log10(mol/L),train,,-0.38999998569488525,-0.3598379934839744,-1.434599974971254,0.7149239880033051,random,2027,rf_rdkit,random_forest,rdkit,none,721e3c494613d3aa378fb20e47d69b51245b538e
esol,96ea40966d8e8384,CCCOC(=O)CC,aqueous_solubility,log10(mol/L),train,,-0.8199999928474426,-0.9586319960355811,-2.0333939775228607,0.11612998545169839,random,2027,rf_rdkit,random_forest,rdkit,none,721e3c494613d3aa378fb20e47d69b51245b538e
esol,a78b4649b8e0c24b,CCCOC(=O)CCC,aqueous_solubility,log10(mol/L),train,,-1.75,-1.6883859934955765,-2.7631479749828562,-0.613624012008297,random,2027,rf_rdkit,random_forest,rdkit,none,721e3c494613d3aa378fb20e47d69b51245b538e
esol,aabeb9ef9b6c73ef,CCCOC(=O)c1ccc(N)cc1,aqueous_solubility,log10(mol/L),train,,-2.4519999027252197,-2.447645928233866,-3.5224079097211454,-1.3728839467465863,random,2027,rf_rdkit,random_forest,rdkit,none,721e3c494613d3aa378fb20e47d69b51245b538e
esol,f6c176b746f92d7b,CCCOC(C)=O,aqueous_solubility,log10(mol/L),train,,-0.7200000286102295,-0.7354000208079872,-1.8101620022952667,0.33936196067929236,random,2027,rf_rdkit,random_forest,rdkit,none,721e3c494613d3aa378fb20e47d69b51245b538e
esol,5c8041e0824c9e19,CCCOC(C)C,aqueous_solubility,log10(mol/L),train,,-1.340000033378601,-1.2919320221394202,-2.3666940036266997,-0.21717004065214063,random,2027,rf_rdkit,random_forest,rdkit,none,721e3c494613d3aa378fb20e47d69b51245b538e
esol,c58c406c10bab020,CCCOC=O,aqueous_solubility,log10(mol/L),train,,-0.49000000953674316,-0.4473760072886983,-1.5221379887759778,0.6273859741985812,random,2027,rf_rdkit,random_forest,rdkit,none,721e3c494613d3aa378fb20e47d69b51245b538e
esol,54f4ecd667159550,CCCOCC,aqueous_solubility,log10(mol/L),train,,-0.6600000262260437,-0.6916740188374919,-1.7664360003247714,0.3830879626497876,random,2027,rf_rdkit,random_forest,rdkit,none,721e3c494613d3aa378fb20e47d69b51245b538e
esol,7befdae981b64317,CCCOCCC,aqueous_solubility,log10(mol/L),train,,-1.6200000047683716,-1.4756020063571729,-2.5503639878444524,-0.40084002486989334,random,2027,rf_rdkit,random_forest,rdkit,none,721e3c494613d3aa378fb20e47d69b51245b538e
esol,87aef906202e1ace,CCCOP(=S)(OCCC)SCC(=O)N1CCCCC1C,aqueous_solubility,log10(mol/L),train,,-4.150000095367432,-4.274850059986115,-5.349612041473394,-3.200088078498835,random,2027,rf_rdkit,random_forest,rdkit,none,721e3c494613d3aa378fb20e47d69b51245b538e
esol,d1d0163cab01efb4,CCCSCCC,aqueous_solubility,log10(mol/L),train,,-2.5799999237060547,-2.5170379625558876,-3.591799944043167,-1.442275981068608,random,2027,rf_rdkit,random_forest,rdkit,none,721e3c494613d3aa378fb20e47d69b51245b538e
esol,312bea6178167aac,CCC[N+](=O)[O-],aqueous_solubility,log10(mol/L),validation,,-0.800000011920929,-0.26218400104343376,-1.3369459825307133,0.8125779804438458,random,2027,rf_rdkit,random_forest,rdkit,none,721e3c494613d3aa378fb20e47d69b51245b538e
esol,d53a48903a4a1467,CCCc1ccccc1,aqueous_solubility,log10(mol/L),train,,-3.369999885559082,-3.3718199154138575,-4.446581896901137,-2.297057933926578,random,2027,rf_rdkit,random_forest,rdkit,none,721e3c494613d3aa378fb20e47d69b51245b538e
esol,301376a68f01135a,CCCl,aqueous_solubility,log10(mol/L),test,,-1.059999942779541,-0.9513960150182204,-2.0261579965055,0.12336596646905917,random,2027,rf_rdkit,random_forest,rdkit,none,721e3c494613d3aa378fb20e47d69b51245b538e
esol,9753008d844f22ea,CCI,aqueous_solubility,log10(mol/L),train,,-1.600000023841858,-1.6015880187302838,-2.676350000217563,-0.5268260372430043,random,2027,rf_rdkit,random_forest,rdkit,none,721e3c494613d3aa378fb20e47d69b51245b538e
esol,085c1fa9c2a1c504,CCN(CC)C(=O)C(C)Oc1cccc2ccccc12,aqueous_solubility,log10(mol/L),calibration,,-3.569999933242798,-3.8129679811745882,-4.887729962661868,-2.7382059996873087,random,2027,rf_rdkit,random_forest,rdkit,none,721e3c494613d3aa378fb20e47d69b51245b538e
esol,812e34c85846a730,CCN(CC)C(=O)C(Cl)=CCOP(=O)(OC)OC,aqueous_solubility,log10(mol/L),train,,0.5230000019073486,-0.8616339859366478,-1.9363959674239273,0.21312799555063178,random,2027,rf_rdkit,random_forest,rdkit,none,721e3c494613d3aa378fb20e47d69b51245b538e
esol,9723f4b3ba082caa,CCN(CC)C(=O)CSc1ccc(Cl)nn1,aqueous_solubility,log10(mol/L),train,,-1.715999960899353,-2.2430539737343835,-3.317815955221663,-1.168291992247104,random,2027,rf_rdkit,random_forest,rdkit,none,721e3c494613d3aa378fb20e47d69b51245b538e
esol,ee2ebbdca22199a1,CCN(CC)C(=S)SSC(=S)N(CC)CC,aqueous_solubility,log10(mol/L),train,,-4.860000133514404,-4.651824080556642,-5.726586062043921,-3.5770620990693622,random,2027,rf_rdkit,random_forest,rdkit,none,721e3c494613d3aa378fb20e47d69b51245b538e
esol,3878652960419c3c,CCN(CC)c1c([N+](=O)[O-])cc(C(F)(F)F)c(N)c1[N+](=O)[O-],aqueous_solubility,log10(mol/L),train,,-5.46999979019165,-5.058467866808187,-6.133229848295467,-3.9837058853209077,random,2027,rf_rdkit,random_forest,rdkit,none,721e3c494613d3aa378fb20e47d69b51245b538e
esol,3b5a9da1c47e3e46,CCN(CC)c1ccccc1,aqueous_solubility,log10(mol/L),train,,-3.0299999713897705,-2.8785499813556665,-3.953311962842946,-1.803787999868387,random,2027,rf_rdkit,random_forest,rdkit,none,721e3c494613d3aa378fb20e47d69b51245b538e
esol,cf6de63eb5d8eb0b,CCN(CC)c1nc(Cl)nc(N(CC)CC)n1,aqueous_solubility,log10(mol/L),train,,-4.410999774932861,-4.170379857122897,-5.245141838610176,-3.095617875635617,random,2027,rf_rdkit,random_forest,rdkit,none,721e3c494613d3aa378fb20e47d69b51245b538e
esol,d9740040550600bf,CCN(CC)c1nc(Cl)nc(NC(C)C)n1,aqueous_solubility,log10(mol/L),calibration,,-3.7850000858306885,-3.8599519458711122,-4.934713927358391,-2.7851899643838327,random,2027,rf_rdkit,random_forest,rdkit,none,721e3c494613d3aa378fb20e47d69b51245b538e
esol,adbb55de69618842,CCN(Cc1c(F)cccc1Cl)c1c([N+](=O)[O-])cc(C(F)(F)F)cc1[N+](=O)[O-],aqueous_solubility,log10(mol/L),train,,-6.78000020980835,-6.378242129087431,-7.45300411057471,-5.303480147600151,random,2027,rf_rdkit,random_forest,rdkit,none,721e3c494613d3aa378fb20e47d69b51245b538e
esol,75220b947a56ab9a,CCN1C(=O)c2ccccc2Oc2ccccc21,aqueous_solubility,log10(mol/L),train,,-3.680000066757202,-3.717690033793452,-4.792452015280732,-2.6429280523061727,random,2027,rf_rdkit,random_forest,rdkit,none,721e3c494613d3aa378fb20e47d69b51245b538e
esol,1c51d8c0da01f993,CCN1C(=O)c2cccnc2N(CC)c2ncccc21,aqueous_solubility,log10(mol/L),train,,-2.859999895095825,-3.1415999085903166,-4.2163618900775965,-2.066837927103037,random,2027,rf_rdkit,random_forest,rdkit,none,721e3c494613d3aa378fb20e47d69b51245b538e
esol,fc65bd185c530d51,CCN1c2cc(Cl)ccc2NC(=O)c2cccnc21,aqueous_solubility,log10(mol/L),test,,-5.360000133514404,-3.929829952597619,-5.004591934084898,-2.8550679711103393,random,2027,rf_rdkit,random_forest,rdkit,none,721e3c494613d3aa378fb20e47d69b51245b538e
esol,8ac4183ca5517018,CCN1c2cc(N(C)C)cc(C)c2NC(=O)c2cccnc21,aqueous_solubility,log10(mol/L),train,,-4.870999813079834,-4.515375863790515,-5.590137845277795,-3.4406138823032357,random,2027,rf_rdkit,random_forest,rdkit,none,721e3c494613d3aa378fb20e47d69b51245b538e
esol,b3cc642ed25cfae4,CCN1c2cc(OC)cc(C)c2NC(=O)c2cccnc21,aqueous_solubility,log10(mol/L),validation,,-5.1529998779296875,-3.9896679303646096,-5.064429911851889,-2.91490594887733,random,2027,rf_rdkit,random_forest,rdkit,none,721e3c494613d3aa378fb20e47d69b51245b538e
esol,04d6cee51b3fdde7,CCN1c2ccccc2C(=O)N(C)c2ccccc21,aqueous_solubility,log10(mol/L),train,,-4.749000072479248,-4.386378035366529,-5.4611400168538085,-3.3116160538792494,random,2027,rf_rdkit,random_forest,rdkit,none,721e3c494613d3aa378fb20e47d69b51245b538e
esol,b5a56231be537631,CCN1c2ccccc2N(C)C(=O)c2cccnc21,aqueous_solubility,log10(mol/L),train,,-3.3239998817443848,-3.4519479056894764,-4.5267098871767555,-2.377185924202197,random,2027,rf_rdkit,random_forest,rdkit,none,721e3c494613d3aa378fb20e47d69b51245b538e
esol,b188836e606e176d,CCN1c2ccccc2N(C)C(=S)c2cccnc21,aqueous_solubility,log10(mol/L),train,,-4.705999851226807,-4.589819878637796,-5.664581860125075,-3.515057897150516,random,2027,rf_rdkit,random_forest,rdkit,none,721e3c494613d3aa378fb20e47d69b51245b538e
esol,71aa580a3add68e5,CCN1c2nc(N(C)CCO)ccc2NC(=O)c2cccnc21,aqueous_solubility,log10(mol/L),train,,-3.359999895095825,-3.478179916411637,-4.552941897898917,-2.4034179349243576,random,2027,rf_rdkit,random_forest,rdkit,none,721e3c494613d3aa378fb20e47d69b51245b538e
esol,1e83595b274fb26c,CCN1c2ncccc2C(=O)N(C)c2ccc(Cl)nc21,aqueous_solubility,log10(mol/L),validation,,-4.113999843597412,-3.6806479349136354,-4.7554099164009145,-2.605885953426356,random,2027,rf_rdkit,random_forest,rdkit,none,721e3c494613d3aa378fb20e47d69b51245b538e
esol,8231b556c9fd8e9a,CCN1c2ncccc2C(=O)N(C)c2cccnc21,aqueous_solubility,log10(mol/L),train,,-2.619999885559082,-2.8713779038190834,-3.946139885306363,-1.796615922331804,random,2027,rf_rdkit,random_forest,rdkit,none,721e3c494613d3aa378fb20e47d69b51245b538e
esol,c60ea928a142a52f,CCN1c2ncccc2C(=O)Nc2c(C(F)(F)F)cc(C)nc21,aqueous_solubility,log10(mol/L),train,,-4.206999778747559,-4.2916158394217545,-5.366377820909034,-3.216853857934475,random,2027,rf_rdkit,random_forest,rdkit,none,721e3c494613d3aa378fb20e47d69b51245b538e
esol,5b312c3afed2bcc2,CCN1c2ncccc2C(=O)Nc2c(C)cc(C)nc21,aqueous_solubility,log10(mol/L),train,,-4.553999900817871,-4.168015914797788,-5.242777896285068,-3.0932539333105087,random,2027,rf_rdkit,random_forest,rdkit,none,721e3c494613d3aa378fb20e47d69b51245b538e
esol,1c4d269698bfb9cd,CCN1c2ncccc2C(=S)N(C)c2cccnc21,aqueous_solubility,log10(mol/L),train,,-4.633999824523926,-4.340059860557309,-5.414821842044589,-3.2652978790700296,random,2027,rf_rdkit,random_forest,rdkit,none,721e3c494613d3aa378fb20e47d69b51245b538e
esol,4c1fea9019ded5ce,CCNC(=O)C(C)OC(=O)Nc1ccccc1,aqueous_solubility,log10(mol/L),train,,-1.8300000429153442,-2.0843540222197854,-3.159116003707065,-1.0095920407325059,random,2027,rf_rdkit,random_forest,rdkit,none,721e3c494613d3aa378fb20e47d69b51245b538e
esol,36ea9a2e0669021e,CCNC(=S)NCC,aqueous_solubility,log10(mol/L),train,,-1.4600000381469727,-1.380956025987856,-2.4557180074751352,-0.3061940445005764,random,2027,rf_rdkit,random_forest,rdkit,none,721e3c494613d3aa378fb20e47d69b51245b538e
esol,f174e48b167c2837,CCNP(=S)(OC)OC(C)=CC(=O)OC(C)C,aqueous_solubility,log10(mol/L),test,,-3.4079999923706055,-2.5357779853045934,-3.610539966791873,-1.461016003817314,random,2027,rf_rdkit,random_forest,rdkit,none,721e3c494613d3aa378fb20e47d69b51245b538e
esol,0cb820324a34d951,CCNc1ccccc1,aqueous_solubility,log10(mol/L),calibration,,-1.7000000476837158,-1.8402699897028476,-2.9150319711901274,-0.7655080082155681,random,2027,rf_rdkit,random_forest,rdkit,none,721e3c494613d3aa378fb20e47d69b51245b538e
esol,78e4bc5caa3b64a1,CCNc1nc(Cl)nc(N(CC)CC)n1,aqueous_solubility,log10(mol/L),train,,-4.059999942779541,-3.8860359537601425,-4.960797935247422,-2.811273972272863,random,2027,rf_rdkit,random_forest,rdkit,none,721e3c494613d3aa378fb20e47d69b51245b538e
esol,25862c96dd4e6018,CCNc1nc(Cl)nc(NC(C)(C)C#N)n1,aqueous_solubility,log10(mol/L),calibration,,-3.1500000953674316,-3.3490859808772804,-4.42384796236456,-2.274323999390001,random,2027,rf_rdkit,random_forest,rdkit,none,721e3c494613d3aa378fb20e47d69b51245b538e
esol,c35dee1f5a7c37bc,CCNc1nc(Cl)nc(NC(C)C)n1,aqueous_solubility,log10(mol/L),train,,-3.8499999046325684,-3.758285952508451,-4.833047933995731,-2.6835239710211716,random,2027,rf_rdkit,random_forest,rdkit,none,721e3c494613d3aa378fb20e47d69b51245b538e
esol,9f2e4276303326ba,CCNc1nc(Cl)nc(NCC)n1,aqueous_solubility,log10(mol/L),train,,-4.550000190734863,-3.9600121152996968,-5.034774096786976,-2.8852501338124172,random,2027,rf_rdkit,random_forest,rdkit,none,721e3c494613d3aa378fb20e47d69b51245b538e
esol,6d5b8a3ff54e0b4d,CCNc1nc(NC(C)(C)C)nc(OC)n1,aqueous_solubility,log10(mol/L),validation,,-3.239000082015991,-2.7117579900026305,-3.78651997148991,-1.636996008515351,random,2027,rf_rdkit,random_forest,rdkit,none,721e3c494613d3aa378fb20e47d69b51245b538e
esol,857aac146f7605e1,CCNc1nc(NC(C)(C)C)nc(SC)n1,aqueous_solubility,log10(mol/L),train,,-4.0,-3.842603985309597,-4.9173659667968765,-2.7678420038223175,random,2027,rf_rdkit,random_forest,rdkit,none,721e3c494613d3aa378fb20e47d69b51245b538e
esol,6d1d1bb9e6f1635d,CCNc1nc(NC(C)C)nc(OC)n1,aqueous_solubility,log10(mol/L),train,,-2.0840001106262207,-2.308408054322007,-3.3831700358092864,-1.2336460728347274,random,2027,rf_rdkit,random_forest,rdkit,none,721e3c494613d3aa378fb20e47d69b51245b538e
esol,a9802b80d3391f2c,CCNc1nc(NC(C)C)nc(SC)n1,aqueous_solubility,log10(mol/L),train,,-3.0399999618530273,-3.1789119699895383,-4.253673951476818,-2.1041499885022588,random,2027,rf_rdkit,random_forest,rdkit,none,721e3c494613d3aa378fb20e47d69b51245b538e
esol,1f86e6cfdba212b8,CCO,aqueous_solubility,log10(mol/L),train,,1.100000023841858,0.8966120170802174,-0.1781499644070621,1.971373998567497,random,2027,rf_rdkit,random_forest,rdkit,none,721e3c494613d3aa378fb20e47d69b51245b538e
esol,e1acff73cd96c0da,CCOC(=O)C=Cc1ccccc1,aqueous_solubility,log10(mol/L),train,,-3.0,-2.762155996859073,-3.8369179783463525,-1.6873940153717935,random,2027,rf_rdkit,random_forest,rdkit,none,721e3c494613d3aa378fb20e47d69b51245b538e
esol,43f901d90deba605,CCOC(=O)CC,aqueous_solubility,log10(mol/L),train,,-0.6600000262260437,-0.776152016788703,-1.8509139982759826,0.2986099646985765,random,2027,rf_rdkit,random_forest,rdkit,none,721e3c494613d3aa378fb20e47d69b51245b538e
esol,1dba850e06249e9b,CCOC(=O)CC(=O)OCC,aqueous_solubility,log10(mol/L),validation,,-0.8199999928474426,-1.204057995751497,-2.2788199772387765,-0.12929601426421744,random,2027,rf_rdkit,random_forest,rdkit,none,721e3c494613d3aa378fb20e47d69b51245b538e
esol,ec3c35c717f3d59a,CCOC(=O)CC(SP(=S)(OC)OC)C(=O)OCC,aqueous_solubility,log10(mol/L),train,,-3.369999885559082,-3.088175921354444,-4.1629379028417235,-2.0134139398671644,random,2027,rf_rdkit,random_forest,rdkit,none,721e3c494613d3aa378fb20e47d69b51245b538e
esol,2421d1979260abb6,CCOC(=O)CCN(SN(C)C(=O)Oc1cccc2c1OC(C)(C)C2)C(C)C,aqueous_solubility,log10(mol/L),train,,-4.710000038146973,-4.695034030675884,-5.769796012163163,-3.6202720491886042,random,2027,rf_rdkit,random_forest,rdkit,none,721e3c494613d3aa378fb20e47d69b51245b538e
esol,9934a7cdf9d838a1,CCOC(=O)N(C)C(=O)CSP(=S)(OCC)OCC,aqueous_solubility,log10(mol/L),train,,-2.5179998874664307,-2.7835979252196865,-3.858359906706966,-1.708835943732407,random,2027,rf_rdkit,random_forest,rdkit,none,721e3c494613d3aa378fb20e47d69b51245b538e
esol,017bd56618b9c3e0,CCOC(=O)NCCOc1ccc(Oc2ccccc2)cc1,aqueous_solubility,log10(mol/L),calibration,,-4.699999809265137,-4.121569956902415,-5.196331938389695,-3.0468079754151356,random,2027,rf_rdkit,random_forest,rdkit,none,721e3c494613d3aa378fb20e47d69b51245b538e
esol,e44fba8f66380aba,CCOC(=O)Nc1cccc(OC(=O)Nc2ccccc2)c1,aqueous_solubility,log10(mol/L),validation,,-4.631999969482422,-4.41762192645669,-5.492383907943969,-3.34285994496941,random,2027,rf_rdkit,random_forest,rdkit,none,721e3c494613d3aa378fb20e47d69b51245b538e
esol,270eaa2f9b027f13,CCOC(=O)c1ccc(N)cc1,aqueous_solubility,log10(mol/L),train,,-2.615999937057495,-2.4317559522092376,-3.506517933696517,-1.356993970721958,random,2027,rf_rdkit,random_forest,rdkit,none,721e3c494613d3aa378fb20e47d69b51245b538e
esol,f9b586256095118b,CCOC(=O)c1ccc(O)cc1,aqueous_solubility,log10(mol/L),calibration,,-2.3499999046325684,-2.0214559929370868,-3.0962179744243663,-0.9466940114498072,random,2027,rf_rdkit,random_forest,rdkit,none,721e3c494613d3aa378fb20e47d69b51245b538e
esol,37b5741bf69cd1f0,CCOC(=O)c1ccccc1,aqueous_solubility,log10(mol/L),calibration,,-2.319999933242798,-2.088731992907821,-3.1634939743951005,-1.0139700114205414,random,2027,rf_rdkit,random_forest,rdkit,none,721e3c494613d3aa378fb20e47d69b51245b538e
esol,03ecbb03238f0c7b,CCOC(=O)c1ccccc1C(=O)OCC,aqueous_solubility,log10(mol/L),train,,-2.3499999046325684,-2.4515019330382324,-3.526263914525512,-1.3767399515509529,random,2027,rf_rdkit,random_forest,rdkit,none,721e3c494613d3aa378fb20e47d69b51245b538e
esol,6e27c736fee1b47a,CCOC(=O)c1ccccc1S(=O)(=O)NN(C=O)c1nc(Cl)cc(OC)n1,aqueous_solubility,log10(mol/L),train,,-4.576000213623047,-4.2734161190688615,-5.348178100556141,-3.198654137581582,random,2027,rf_rdkit,random_forest,rdkit,none,721e3c494613d3aa378fb20e47d69b51245b538e
esol,8561e62c87b0f110,CCOC(=O)c1cncn1C(C)c1ccccc1,aqueous_solubility,log10(mol/L),validation,,-4.735000133514404,-3.1467739851176737,-4.221535966604954,-2.072012003630394,random,2027,rf_rdkit,random_forest,rdkit,none,721e3c494613d3aa378fb20e47d69b51245b538e
esol,1c0c21773d52ccc9,CCOC(C)=O,aqueous_solubility,log10(mol/L),train,,-0.03999999910593033,-0.07004800029096625,-1.1448099817782458,1.0047139811963133,random,2027,rf_rdkit,random_forest,rdkit,none,721e3c494613d3aa378fb20e47d69b51245b538e
esol,8601bd8ced19ca47,CCOC(C)OCC,aqueous_solubility,log10(mol/L),calibration,,-0.4300000071525574,-0.9046260020621126,-1.9793879835493922,0.1701359794251669,random,2027,rf_rdkit,random_forest,rdkit,none,721e3c494613d3aa378fb20e47d69b51245b538e
esol,df86ba660a9b9e61,CCOC(N)=O,aqueous_solubility,log10(mol/L),train,,0.8500000238418579,0.5268720158785412,-0.5478899656087384,1.6016339973658207,random,2027,rf_rdkit,random_forest,rdkit,none,721e3c494613d3aa378fb20e47d69b51245b538e
esol,c3e06651eb242a60,CCOC1Oc2ccc(OS(C)(=O)=O)cc2C1(C)C,aqueous_solubility,log10(mol/L),train,,-3.4200000762939453,-3.314464042603969,-4.389226024091249,-2.2397020611166893,random,2027,rf_rdkit,random_forest,rdkit,none,721e3c494613d3aa378fb20e47d69b51245b538e
esol,b11a63b949b34974,CCOC=O,aqueous_solubility,log10(mol/L),validation,,0.15000000596046448,0.03390599979832398,-1.0408559816889555,1.1086679812856035,random,2027,rf_rdkit,random_forest,rdkit,none,721e3c494613d3aa378fb20e47d69b51245b538e
esol,ebb35693489e2f40,CCOCC,aqueous_solubility,log10(mol/L),calibration,,-0.09000000357627869,-0.3104540013633543,-1.3852159828506339,0.7643079801239252,random,2027,rf_rdkit,random_forest,rdkit,none,721e3c494613d3aa378fb20e47d69b51245b538e
esol,05fa589720d43836,CCOCCOCC,aqueous_solubility,log10(mol/L),test,,-0.7699999809265137,-0.806163999501619,-1.8809259809888985,0.26859798198566054,random,2027,rf_rdkit,random_forest,rdkit,none,721e3c494613d3aa378fb20e47d69b51245b538e
esol,481deb2db0ec848d,CCOP(=O)(OCC)OCC,aqueous_solubility,log10(mol/L),train,,0.4300000071525574,-0.37935199214889836,-1.454113973636178,0.6954099893383812,random,2027,rf_rdkit,random_forest,rdkit,none,721e3c494613d3aa378fb20e47d69b51245b538e
esol,7f91652770ced25a,CCOP(=S)(CC)Oc1cc(Cl)c(Cl)cc1Cl,aqueous_solubility,log10(mol/L),test,,-5.751999855041504,-5.3846439835429205,-6.4594059650302,-4.309882002055641,random,2027,rf_rdkit,random_forest,rdkit,none,721e3c494613d3aa378fb20e47d69b51245b538e
esol,7c5b6332fcb13dbf,CCOP(=S)(NC(C)C)Oc1ccccc1C(=O)OC(C)C,aqueous_solubility,log10(mol/L),test,,-4.193999767303467,-4.456115986406807,-5.530877967894087,-3.381354004919528,random,2027,rf_rdkit,random_forest,rdkit,none,721e3c494613d3aa378fb20e47d69b51245b538e
esol,537d47a9a7e6a6c9,CCOP(=S)(OCC)N1C(=O)c2ccccc2C1=O,aqueous_solubility,log10(mol/L),train,,-3.3499999046325684,-3.3872259348034865,-4.4619879162907665,-2.312463953316207,random,2027,rf_rdkit,random_forest,rdkit,none,721e3c494613d3aa378fb20e47d69b51245b538e
esol,a4d09552af3a116a,CCOP(=S)(OCC)ON=C(C#N)c1ccccc1,aqueous_solubility,log10(mol/L),calibration,,-4.861999988555908,-4.0488599953055395,-5.123621976792819,-2.97409801381826,random,2027,rf_rdkit,random_forest,rdkit,none,721e3c494613d3aa378fb20e47d69b51245b538e
esol,a859beccae572be5,CCOP(=S)(OCC)Oc1cc(C)nc(C(C)C)n1,aqueous_solubility,log10(mol/L),train,,-3.640000104904175,-3.792752062678339,-4.867514044165619,-2.7179900811910596,random,2027,rf_rdkit,random_forest,rdkit,none,721e3c494613d3aa378fb20e47d69b51245b538e
esol,2655a393a9271294,CCOP(=S)(OCC)Oc1ccc(S(C)=O)cc1,aqueous_solubility,log10(mol/L),calibration,,-2.299999952316284,-3.975213997602464,-5.049975979089743,-2.9004520161151843,random,2027,rf_rdkit,random_forest,rdkit,none,721e3c494613d3aa378fb20e47d69b51245b538e
esol,8025defab702547a,CCOP(=S)(OCC)Oc1ccc([N+](=O)[O-])cc1,aqueous_solubility,log10(mol/L),validation,,-4.659999847412109,-3.8912519892491413,-4.966013970736421,-2.8164900077618618,random,2027,rf_rdkit,random_forest,rdkit,none,721e3c494613d3aa378fb20e47d69b51245b538e
esol,edd5605813d6f216,CCOP(=S)(OCC)Oc1ccc2oc(=O)c(Cl)c(C)c2c1,aqueous_solubility,log10(mol/L),train,,-5.381999969482422,-5.262151974678046,-6.336913956165326,-4.1873899931907665,random,2027,rf_rdkit,random_forest,rdkit,none,721e3c494613d3aa378fb20e47d69b51245b538e
esol,b577f5a2343d6332,CCOP(=S)(OCC)Oc1nc(Cl)c(Cl)cc1Cl,aqueous_solubility,log10(mol/L),test,,-5.670000076293945,-4.991161983937028,-6.065923965424307,-3.9164000024497483,random,2027,rf_rdkit,random_forest,rdkit,none,721e3c494613d3aa378fb20e47d69b51245b538e
esol,3f40312accc983dd,CCOP(=S)(OCC)Oc1nc(Cl)n(C(C)C)n1,aqueous_solubility,log10(mol/L),train,,-3.6579999923706055,-3.74805199104548,-4.82281397253276,-2.6732900095582006,random,2027,rf_rdkit,random_forest,rdkit,none,721e3c494613d3aa378fb20e47d69b51245b538e
esol,24384b764548a445,CCOP(=S)(OCC)SC(CCl)N1C(=O)c2ccccc2C1=O,aqueous_solubility,log10(mol/L),train,,-6.340000152587891,-5.7201840969026145,-6.794946078389894,-4.645422115415335,random,2027,rf_rdkit,random_forest,rdkit,none,721e3c494613d3aa378fb20e47d69b51245b538e
esol,6d5b96eb33cae81f,CCOP(=S)(OCC)SCCSCC,aqueous_solubility,log10(mol/L),calibration,,-4.230000019073486,-3.6465520082153375,-4.721313989702617,-2.571790026728058,random,2027,rf_rdkit,random_forest,rdkit,none,721e3c494613d3aa378fb20e47d69b51245b538e
esol,66e03fb49f8d10d6,CCOP(=S)(OCC)SCSC(C)(C)C,aqueous_solubility,log10(mol/L),calibration,,-4.755000114440918,-3.884896007597447,-4.959657989084727,-2.8101340261101675,random,2027,rf_rdkit,random_forest,rdkit,none,721e3c494613d3aa378fb20e47d69b51245b538e
esol,9b4868f35e883ba4,CCOP(=S)(OCC)SCSCC,aqueous_solubility,log10(mol/L),calibration,,-4.110000133514404,-3.4425700181759895,-4.517331999663269,-2.36780803668871,random,2027,rf_rdkit,random_forest,rdkit,none,721e3c494613d3aa378fb20e47d69b51245b538e
esol,9f7fec61cd56ae76,CCOP(=S)(OCC)SCSP(=S)(OCC)OCC,aqueous_solubility,log10(mol/L),train,,-5.539999961853027,-5.349289972547455,-6.424051954034734,-4.274527991060175,random,2027,rf_rdkit,random_forest,rdkit,none,721e3c494613d3aa378fb20e47d69b51245b538e
esol,2e3febfb504819dd,CCOP(=S)(OCC)SCSc1ccc(Cl)cc1,aqueous_solubility,log10(mol/L),train,,-5.736000061035156,-5.508822034239774,-6.5835840157270535,-4.4340600527524945,random,2027,rf_rdkit,random_forest,rdkit,none,721e3c494613d3aa378fb20e47d69b51245b538e
esol,bc087b99671770ce,CCOP(=S)(OCC)SCn1c(=O)oc2cc(Cl)ccc21,aqueous_solubility,log10(mol/L),train,,-5.232999801635742,-5.078461877286427,-6.153223858773707,-4.003699895799148,random,2027,rf_rdkit,random_forest,rdkit,none,721e3c494613d3aa378fb20e47d69b51245b538e
esol,d489007731d8d5eb,CCOc1ccc(C(C)(C)COCc2cccc(Oc3ccccc3)c2)cc1,aqueous_solubility,log10(mol/L),test,,-8.600000381469727,-5.5199960129857075,-6.594757994472987,-4.445234031498428,random,2027,rf_rdkit,random_forest,rdkit,none,721e3c494613d3aa378fb20e47d69b51245b538e
esol,a7d882d72bb25f91,CCOc1ccc(NC(C)=O)cc1,aqueous_solubility,log10(mol/L),test,,-2.3499999046325684,-2.3022599873989824,-3.377021968886262,-1.2274980059117029,random,2027,rf_rdkit,random_forest,rdkit,none,721e3c494613d3aa378fb20e47d69b51245b538e
esol,7ccb0f8bf75e392d,CCOc1ccc(NC(N)=O)cc1,aqueous_solubility,log10(mol/L),train,,-2.1700000762939453,-2.2065840409100037,-3.2813460223972832,-1.1318220594227242,random,2027,rf_rdkit,random_forest,rdkit,none,721e3c494613d3aa378fb20e47d69b51245b538e
esol,d70f36bd68ed3056,CCOc1ccc2nc(S(N)(=O)=O)sc2c1,aqueous_solubility,log10(mol/L),test,,-3.809999942779541,-2.6817439940869807,-3.7565059755742602,-1.6069820125997012,random,2027,rf_rdkit,random_forest,rdkit,none,721e3c494613d3aa378fb20e47d69b51245b538e
esol,d19caccfe21491e3,CCOc1ccccc1,aqueous_solubility,log10(mol/L),train,,-2.3299999237060547,-2.086245952069752,-3.1610079335570314,-1.0114839705824723,random,2027,rf_rdkit,random_forest,rdkit,none,721e3c494613d3aa378fb20e47d69b51245b538e
esol,733c64bc774b16dc,CCS,aqueous_solubility,log10(mol/L),train,,-0.6000000238418579,-0.7677380205988853,-1.8425000020861648,0.30702396088839423,random,2027,rf_rdkit,random_forest,rdkit,none,721e3c494613d3aa378fb20e47d69b51245b538e
esol,4210d252a5e4b130,CCSC(=O)N(CC(C)C)CC(C)C,aqueous_solubility,log10(mol/L),train,,-3.680000066757202,-3.6779440432190924,-4.752706024706372,-2.603182061731813,random,2027,rf_rdkit,random_forest,rdkit,none,721e3c494613d3aa378fb20e47d69b51245b538e
esol,0eacc78ccb3b2ec7,CCSC(=O)N(CC)C1CCCCC1,aqueous_solubility,log10(mol/L),train,,-3.4000000953674316,-3.5079540669322,-4.5827160484194795,-2.4331920854449205,random,2027,rf_rdkit,random_forest,rdkit,none,721e3c494613d3aa378fb20e47d69b51245b538e
esol,b34c23ed3887b6c3,CCSCC,aqueous_solubility,log10(mol/L),train,,-1.340000033378601,-1.5645600296109854,-2.639322011098265,-0.48979804812370586,random,2027,rf_rdkit,random_forest,rdkit,none,721e3c494613d3aa378fb20e47d69b51245b538e
esol,891c2426f12aec2e,CCSCCSP(=S)(OC)OC,aqueous_solubility,log10(mol/L),validation,,-3.0910000801086426,-3.044342010561377,-4.1191039920486565,-1.9695800290740975,random,2027,rf_rdkit,random_forest,rdkit,none,721e3c494613d3aa378fb20e47d69b51245b538e
esol,0a4abbde14334c18,CCSCc1ccccc1OC(=O)NC,aqueous_solubility,log10(mol/L),train,,-2.0899999141693115,-2.390111938655379,-3.4648739201426584,-1.3153499571680993,random,2027,rf_rdkit,random_forest,rdkit,none,721e3c494613d3aa378fb20e47d69b51245b538e
esol,87fc28998371cbb0,CCSSCC,aqueous_solubility,log10(mol/L),train,,-2.4200000762939453,-2.383482050895688,-3.4582440323829675,-1.3087200694084085,random,2027,rf_rdkit,random_forest,rdkit,none,721e3c494613d3aa378fb20e47d69b51245b538e
esol,f3b46b3354c9eed2,CC[N+](=O)[O-],aqueous_solubility,log10(mol/L),validation,,-0.2199999988079071,0.0863160008080377,-0.9884459806792418,1.1610779822953172,random,2027,rf_rdkit,random_forest,rdkit,none,721e3c494613d3aa378fb20e47d69b51245b538e
esol,bb694e02c2818edd,CCc1ccc(C)cc1,aqueous_solubility,log10(mol/L),train,,-3.109999895095825,-3.170319929838181,-4.24508191132546,-2.0955579483509013,random,2027,rf_rdkit,random_forest,rdkit,none,721e3c494613d3aa378fb20e47d69b51245b538e
esol,d26225632c84855c,CCc1ccc(CC)cc1,aqueous_solubility,log10(mol/L),test,,-3.75,-3.445907971367239,-4.520669952854519,-2.3711459898799596,random,2027,rf_rdkit,random_forest,rdkit,none,721e3c494613d3aa378fb20e47d69b51245b538e
esol,33ad79fcb84e93ac,CCc1ccc2ccccc2c1,aqueous_solubility,log10(mol/L),train,,-4.289999961853027,-4.248019982337961,-5.322781963825241,-3.173258000850682,random,2027,rf_rdkit,random_forest,rdkit,none,721e3c494613d3aa378fb20e47d69b51245b538e
esol,354b210ac00c8e34,CCc1cccc(C)c1N(C(=O)CCl)C(C)COC,aqueous_solubility,log10(mol/L),train,,-2.7300000190734863,-3.1127760117053995,-4.187537993192679,-2.03801403021812,random,2027,rf_rdkit,random_forest,rdkit,none,721e3c494613d3aa378fb20e47d69b51245b538e
esol,fbe7773591d8989f,CCc1cccc(CC)c1N(COC)C(=O)CCl,aqueous_solubility,log10(mol/L),test,,-3.259999990463257,-3.324780004560947,-4.399541986048226,-2.2500180230736673,random,2027,rf_rdkit,random_forest,rdkit,none,721e3c494613d3aa378fb20e47d69b51245b538e
esol,e28c9726a0795ed3,CCc1cccc2ccccc12,aqueous_solubility,log10(mol/L),train,,-4.170000076293945,-4.18376603078843,-5.258528012275709,-3.1090040493011504,random,2027,rf_rdkit,random_forest,rdkit,none,721e3c494613d3aa378fb20e47d69b51245b538e
esol,8c96f07140aea378,CCc1ccccc1,aqueous_solubility,log10(mol/L),train,,-2.7699999809265137,-2.7688919807672523,-3.843653962254532,-1.6941299992799728,random,2027,rf_rdkit,random_forest,rdkit,none,721e3c494613d3aa378fb20e47d69b51245b538e
esol,03e6bb14b7cd4e84,CCc1ccccc1C,aqueous_solubility,log10(mol/L),train,,-3.2100000381469727,-3.199240002036094,-4.274001983523373,-2.1244780205488145,random,2027,rf_rdkit,random_forest,rdkit,none,721e3c494613d3aa378fb20e47d69b51245b538e
esol,d5b47e98960e200b,CCc1ccccc1CC,aqueous_solubility,log10(mol/L),train,,-3.2799999713897705,-3.446379977703093,-4.5211419591903725,-2.3716179962158135,random,2027,rf_rdkit,random_forest,rdkit,none,721e3c494613d3aa378fb20e47d69b51245b538e
esol,c72e4f98e3a14f65,CCc1ccccn1,aqueous_solubility,log10(mol/L),train,,0.5099999904632568,0.027169993549571725,-1.0475919879377078,1.1019319750368513,random,2027,rf_rdkit,random_forest,rdkit,none,721e3c494613d3aa378fb20e47d69b51245b538e
esol,dfcfa377f0081086,CI,aqueous_solubility,log10(mol/L),calibration,,-1.0,-1.3428600093200793,-2.417621990807359,-0.2680980278327998,random,2027,rf_rdkit,random_forest,rdkit,none,721e3c494613d3aa378fb20e47d69b51245b538e
esol,17b9e8aacba5bcf4,CN(C(=O)COc1nc2ccccc2s1)c1ccccc1,aqueous_solubility,log10(mol/L),test,,-4.873000144958496,-3.9506279786527165,-5.0253899601399965,-2.875865997165437,random,2027,rf_rdkit,random_forest,rdkit,none,721e3c494613d3aa378fb20e47d69b51245b538e
esol,21c12c9bffc5a79f,CN(C(=O)NC(C)(C)c1ccccc1)c1ccccc1,aqueous_solubility,log10(mol/L),train,,-3.3499999046325684,-3.65080393821001,-4.7255659196972895,-2.5760419567227304,random,2027,rf_rdkit,random_forest,rdkit,none,721e3c494613d3aa378fb20e47d69b51245b538e
esol,5b2b342c6e910b68,CN(C)C(=O)C(c1ccccc1)c1ccccc1,aqueous_solubility,log10(mol/L),train,,-2.9800000190734863,-3.1682600063681603,-4.24302198785544,-2.0934980248808808,random,2027,rf_rdkit,random_forest,rdkit,none,721e3c494613d3aa378fb20e47d69b51245b538e
esol,e134da02d6e9cf26,CN(C)C(=O)N(C)C,aqueous_solubility,log10(mol/L),train,,0.9399999976158142,0.31049199794976134,-0.7642699835375182,1.3852539794370409,random,2027,rf_rdkit,random_forest,rdkit,none,721e3c494613d3aa378fb20e47d69b51245b538e
esol,0842d549a4381515,CN(C)C(=O)NC1CC2CC1C1CCCC21,aqueous_solubility,log10(mol/L),train,,-3.1710000038146973,-3.1562560004591944,-4.231017981946474,-2.081494018971915,random,2027,rf_rdkit,random_forest,rdkit,none,721e3c494613d3aa378fb20e47d69b51245b538e
esol,6a218e40dde53207,CN(C)C(=O)NC1CCCCCCC1,aqueous_solubility,log10(mol/L),calibration,,-2.2179999351501465,-2.776388005286455,-3.8511499867737347,-1.7016260237991756,random,2027,rf_rdkit,random_forest,rdkit,none,721e3c494613d3aa378fb20e47d69b51245b538e
esol,f0f2d211a8e908bf,CN(C)C(=O)Nc1ccc(-n2nc(C(C)(C)C)oc2=O)c(Cl)c1,aqueous_solubility,log10(mol/L),test,,-4.328000068664551,-4.011027967453005,-5.085789948940285,-2.9362659859657256,random,2027,rf_rdkit,random_forest,rdkit,none,721e3c494613d3aa378fb20e47d69b51245b538e
esol,9a5249c275292eb3,CN(C)C(=O)Nc1ccc(Cl)c(Cl)c1,aqueous_solubility,log10(mol/L),train,,-3.799999952316284,-3.6523919703960464,-4.727153951883325,-2.577629988908767,random,2027,rf_rdkit,random_forest,rdkit,none,721e3c494613d3aa378fb20e47d69b51245b538e
esol,9e5215f43f1d56ea,CN(C)C(=O)Nc1ccc(Cl)cc1,aqueous_solubility,log10(mol/L),train,,-2.890000104904175,-2.957166061401368,-4.031928042888648,-1.8824040799140884,random,2027,rf_rdkit,random_forest,rdkit,none,721e3c494613d3aa378fb20e47d69b51245b538e
esol,d673d5fc135e5b84,CN(C)C(=O)Nc1ccc(Oc2ccc(Cl)cc2)cc1,aqueous_solubility,log10(mol/L),test,,-4.889999866485596,-4.37998795992136,-5.45474994140864,-3.3052259784340805,random,2027,rf_rdkit,random_forest,rdkit,none,721e3c494613d3aa378fb20e47d69b51245b538e
esol,a7978985d5bfccc6,CN(C)C(=O)Nc1cccc(C(F)(F)F)c1,aqueous_solubility,log10(mol/L),calibration,,-3.430000066757202,-2.942247988257557,-4.017009969744837,-1.8674860067702777,random,2027,rf_rdkit,random_forest,rdkit,none,721e3c494613d3aa378fb20e47d69b51245b538e
esol,acfcc9ff5ed16439,CN(C)C(=O)Nc1cccc(OC(=O)NC(C)(C)C)c1,aqueous_solubility,log10(mol/L),calibration,,-2.930000066757202,-3.233511974096298,-4.308273955583577,-2.1587499926090183,random,2027,rf_rdkit,random_forest,rdkit,none,721e3c494613d3aa378fb20e47d69b51245b538e
esol,a051aff34d8c425d,CN(C)C(=O)Nc1ccccc1,aqueous_solubility,log10(mol/L),validation,,-1.600000023841858,-2.241549999669194,-3.3163119811564736,-1.1667880181819146,random,2027,rf_rdkit,random_forest,rdkit,none,721e3c494613d3aa378fb20e47d69b51245b538e
esol,0483f0df1603d0eb,CN(C)C(=O)OC1=CC(=O)CC(C)(C)C1,aqueous_solubility,log10(mol/L),validation,,-0.8500000238418579,-2.138317996770144,-3.2130799782574235,-1.0635560152828645,random,2027,rf_rdkit,random_forest,rdkit,none,721e3c494613d3aa378fb20e47d69b51245b538e
esol,c8b9b536892e09bf,CN(C)C(=O)SCCCCOc1ccccc1,aqueous_solubility,log10(mol/L),train,,-3.927000045776367,-3.7217680259943027,-4.796530007481582,-2.647006044507023,random,2027,rf_rdkit,random_forest,rdkit,none,721e3c494613d3aa378fb20e47d69b51245b538e
esol,910101c5cb9a1670,CN(C)C(=S)SSC(=S)N(C)C,aqueous_solubility,log10(mol/L),train,,-3.9000000953674316,-3.470860069666055,-4.545622051153335,-2.3960980881787757,random,2027,rf_rdkit,random_forest,rdkit,none,721e3c494613d3aa378fb20e47d69b51245b538e
esol,b0ec6d6c54570db8,CN(C)c1ccccc1,aqueous_solubility,log10(mol/L),train,,-1.9199999570846558,-1.8257599716260995,-2.900521953113379,-0.75099799013882,random,2027,rf_rdkit,random_forest,rdkit,none,721e3c494613d3aa378fb20e47d69b51245b538e
esol,925de75b6c7bfe03,CN(C)c1nc(N(C)C)nc(N(C)C)n1,aqueous_solubility,log10(mol/L),train,,-3.364000082015991,-3.1028020670935517,-4.177564048580831,-2.028040085606272,random,2027,rf_rdkit,random_forest,rdkit,none,721e3c494613d3aa378fb20e47d69b51245b538e
esol,24d71af8b3e29e2a,CN1C(=O)CN=C(c2ccccc2)c2cc(Cl)ccc21,aqueous_solubility,log10(mol/L),train,,-3.753999948501587,-3.8309859633445704,-4.90574794483185,-2.756223981857291,random,2027,rf_rdkit,random_forest,rdkit,none,721e3c494613d3aa378fb20e47d69b51245b538e
esol,764380275cf6ecfe,CN1C(=O)CN=C(c2ccccc2)c2cc([N+](=O)[O-])ccc21,aqueous_solubility,log10(mol/L),test,,-3.7960000038146973,-3.707621985048054,-4.782383966535333,-2.6328600035607743,random,2027,rf_rdkit,random_forest,rdkit,none,721e3c494613d3aa378fb20e47d69b51245b538e
esol,5892fb4917f1bd4c,CN1C(=O)c2cccnc2Oc2ccccc21,aqueous_solubility,log10(mol/L),test,,-3.671999931335449,-3.038303976863623,-4.113065958350902,-1.9635419953763433,random,2027,rf_rdkit,random_forest,rdkit,none,721e3c494613d3aa378fb20e47d69b51245b538e
esol,e866140d3ce88cc7,CN1C(C(=O)Nc2ccccn2)=C(O)c2ccccc2S1(=O)=O,aqueous_solubility,log10(mol/L),test,,-4.159999847412109,-3.6264699771106246,-4.701231958597904,-2.551707995623345,random,2027,rf_rdkit,random_forest,rdkit,none,721e3c494613d3aa378fb20e47d69b51245b538e
esol,c3339d1527a56a6a,CN1CC(O)N(c2nnc(C(C)(C)C)s2)C1=O,aqueous_solubility,log10(mol/L),train,,-1.8769999742507935,-2.171861981570726,-3.2466239630580054,-1.0971000000834463,random,2027,rf_rdkit,random_forest,rdkit,none,721e3c494613d3aa378fb20e47d69b51245b538e
esol,61a26c632a00b9e2,CNC(=O)C(C)SCCSP(=O)(OC)OC,aqueous_solubility,log10(mol/L),validation,,1.1440000534057617,-2.429455985344946,-3.5042179668322255,-1.3546940038576665,random,2027,rf_rdkit,random_forest,rdkit,none,721e3c494613d3aa378fb20e47d69b51245b538e
esol,83a38e89cdeb9ac2,CNC(=O)C=C(C)OP(=O)(OC)OC,aqueous_solubility,log10(mol/L),train,,0.6510000228881836,-0.16307798612490032,-1.2378399676121798,0.9116839953623792,random,2027,rf_rdkit,random_forest,rdkit,none,721e3c494613d3aa378fb20e47d69b51245b538e
esol,ca4d409d99769eda,CNC(=O)ON=C(CSC)C(C)(C)C,aqueous_solubility,log10(mol/L),train,,-1.6200000047683716,-1.9547879997529092,-3.029549981240189,-0.8800260182656297,random,2027,rf_rdkit,random_forest,rdkit,none,721e3c494613d3aa378fb20e47d69b51245b538e
esol,9c9e6971a60807b7,CNC(=O)ON=C(SC)C(=O)N(C)C,aqueous_solubility,log10(mol/L),validation,,0.10599999874830246,-1.7711860021650787,-2.8459479836523585,-0.6964240206777992,random,2027,rf_rdkit,random_forest,rdkit,none,721e3c494613d3aa378fb20e47d69b51245b538e
esol,f974acb9680d10ae,CNC(=O)Oc1cc(C(C)(C)C)cc(C(C)(C)C)c1,aqueous_solubility,log10(mol/L),train,,-4.239999771118164,-4.1449978487491554,-5.219759830236435,-3.070235867261876,random,2027,rf_rdkit,random_forest,rdkit,none,721e3c494613d3aa378fb20e47d69b51245b538e
esol,bf5c31c40ed233f0,CNC(=O)Oc1cc(C)cc(C)c1,aqueous_solubility,log10(mol/L),validation,,-2.5810000896453857,-2.3149619800448433,-3.389723961532123,-1.2401999985575638,random,2027,rf_rdkit,random_forest,rdkit,none,721e3c494613d3aa378fb20e47d69b51245b538e
esol,467d5329fab3eb8c,CNC(=O)Oc1ccc(N(C)C)c(C)c1,aqueous_solubility,log10(mol/L),validation,,-2.359999895095825,-2.4088119835853585,-3.483573965072638,-1.334050002098079,random,2027,rf_rdkit,random_forest,rdkit,none,721e3c494613d3aa378fb20e47d69b51245b538e
esol,93b1c63994d0c3ae,CNC(=O)Oc1cccc(N=CN(C)C)c1,aqueous_solubility,log10(mol/L),train,,-2.3399999141693115,-2.2988939434885975,-3.373655924975877,-1.224131962001318,random,2027,rf_rdkit,random_forest,rdkit,none,721e3c494613d3aa378fb20e47d69b51245b538e
esol,7c2469e5e8621db7,CNC(=O)Oc1cccc2c1OC(C)(C)C2,aqueous_solubility,log10(mol/L),train,,-2.799999952316284,-2.67772796398401,-3.7524899454712894,-1.6029659824967304,random,2027,rf_rdkit,random_forest,rdkit,none,721e3c494613d3aa378fb20e47d69b51245b538e
esol,30aebbb20e458ecc,CNC(=O)Oc1cccc2ccccc12,aqueous_solubility,log10(mol/L),train,,-3.2239999771118164,-3.139749977767467,-4.214511959254747,-2.0649879962801876,random,2027,rf_rdkit,random_forest,rdkit,none,721e3c494613d3aa378fb20e47d69b51245b538e
esol,4b69c82630d9473f,CNC(=O)Oc1ccccc1,aqueous_solubility,log10(mol/L),train,,-1.8029999732971191,-1.8125819815695392,-2.8873439630568187,-0.7378200000822597,random,2027,rf_rdkit,random_forest,rdkit,none,721e3c494613d3aa378fb20e47d69b51245b538e
esol,18eaa4bff7b0ffc4,CNC(=O)Oc1ccccc1C(C)C,aqueous_solubility,log10(mol/L),train,,-2.86299991607666,-2.737441938281061,-3.8122039197683404,-1.6626799567937813,random,2027,rf_rdkit,random_forest,rdkit,none,721e3c494613d3aa378fb20e47d69b51245b538e
esol,27b2b9a51d2a3dfb,CNC(=O)Oc1ccccc1C1OCCO1,aqueous_solubility,log10(mol/L),train,,-1.5700000524520874,-1.830388024121527,-2.9051500056088067,-0.7556260426342474,random,2027,rf_rdkit,random_forest,rdkit,none,721e3c494613d3aa378fb20e47d69b51245b538e
esol,4429a01a775681b0,CNC(=O)Oc1ccccc1OC(C)C,aqueous_solubility,log10(mol/L),train,,-2.049999952316284,-2.2078739597797346,-3.282635941267014,-1.133111978292455,random,2027,rf_rdkit,random_forest,rdkit,none,721e3c494613d3aa378fb20e47d69b51245b538e
esol,ce17742748339d63,CNN,aqueous_solubility,log10(mol/L),test,,1.340000033378601,-0.049488000683481914,-1.1242499821707614,1.0252739808037976,random,2027,rf_rdkit,random_forest,rdkit,none,721e3c494613d3aa378fb20e47d69b51245b538e
esol,05148dad0482f4d2,CNc1ccccc1,aqueous_solubility,log10(mol/L),train,,-1.2799999713897705,-1.2259979826435379,-2.300759964130817,-0.15123600115625835,random,2027,rf_rdkit,random_forest,rdkit,none,721e3c494613d3aa378fb20e47d69b51245b538e
esol,a9c91e9f39b50d3c,CNc1cnn(-c2cccc(C(F)(F)F)c2)c(=O)c1Cl,aqueous_solubility,log10(mol/L),calibration,,-4.046000003814697,-3.85096997383237,-4.92573195531965,-2.7762079923450904,random,2027,rf_rdkit,random_forest,rdkit,none,721e3c494613d3aa378fb20e47d69b51245b538e
esol,0bab33f79e992ea8,CO,aqueous_solubility,log10(mol/L),train,,1.5700000524520874,1.2077440358586928,0.1329820543714133,2.2825060173459724,random,2027,rf_rdkit,random_forest,rdkit,none,721e3c494613d3aa378fb20e47d69b51245b538e
esol,f81db077a722c928,COC(=O)C1=C(C)NC(C)=C(C(=O)OC)C1c1ccccc1[N+](=O)[O-],aqueous_solubility,log10(mol/L),train,,-4.760000228881836,-4.540834135740987,-5.615596117228266,-3.466072154253707,random,2027,rf_rdkit,random_forest,rdkit,none,721e3c494613d3aa378fb20e47d69b51245b538e
esol,749fcea5bdddd1e6,COC(=O)Nc1cccc(OC(=O)Nc2cccc(C)c2)c1,aqueous_solubility,log10(mol/L),train,,-4.804999828338623,-4.627379885673519,-5.702141867160798,-3.5526179041862394,random,2027,rf_rdkit,random_forest,rdkit,none,721e3c494613d3aa378fb20e47d69b51245b538e
esol,a22f0678e1767ab7,COC(=O)Nc1nc2ccc(C(=O)c3ccccc3)cc2[nH]1,aqueous_solubility,log10(mol/L),train,,-3.880000114440918,-3.914488048642878,-4.989250030130158,-2.8397260671555986,random,2027,rf_rdkit,random_forest,rdkit,none,721e3c494613d3aa378fb20e47d69b51245b538e
esol,666ddf99a256128a,COC(=O)c1cc(O)c(O)c(O)c1,aqueous_solubility,log10(mol/L),calibration,,-1.2400000095367432,-1.7138039978444555,-2.788565979331735,-0.639042016357176,random,2027,rf_rdkit,random_forest,rdkit,none,721e3c494613d3aa378fb20e47d69b51245b538e
esol,188786e497548b05,COC(=O)c1ccc(O)cc1,aqueous_solubility,log10(mol/L),train,,-1.8270000219345093,-1.7722240135073564,-2.846985994994636,-0.6974620320200768,random,2027,rf_rdkit,random_forest,rdkit,none,721e3c494613d3aa378fb20e47d69b51245b538e
esol,49577c11df1cfd38,COC(=O)c1ccccc1,aqueous_solubility,log10(mol/L),train,,-1.850000023841858,-1.7781860165446952,-2.8529479980319747,-0.7034240350574157,random,2027,rf_rdkit,random_forest,rdkit,none,721e3c494613d3aa378fb20e47d69b51245b538e
esol,ed34e85526590345,COC(=O)c1ccccc1C(=O)OC,aqueous_solubility,log10(mol/L),train,,-1.659999966621399,-1.9214079703390547,-2.9961699518263343,-0.8466459888517752,random,2027,rf_rdkit,random_forest,rdkit,none,721e3c494613d3aa378fb20e47d69b51245b538e
esol,6e2b5874bd54e152,COC(=O)c1ccccc1OC1OC(COC2OCC(O)C(O)C2O)C(O)C(O)C1O,aqueous_solubility,log10(mol/L),train,,-0.7419999837875366,-1.203793986976142,-2.2785559684634213,-0.1290320054888625,random,2027,rf_rdkit,random_forest,rdkit,none,721e3c494613d3aa378fb20e47d69b51245b538e
esol,88ead3f7cdc58cf9,COC(=O)c1cccnc1,aqueous_solubility,log10(mol/L),train,,-0.46000000834465027,-0.9194360077716537,-1.9941979892589332,0.15532597371562584,random,2027,rf_rdkit,random_forest,rdkit,none,721e3c494613d3aa378fb20e47d69b51245b538e
esol,5c08f88c70ebf4aa,COC(C)(C)C,aqueous_solubility,log10(mol/L),validation,,-0.23999999463558197,-0.5351220015324634,-1.609883983019743,0.5396399799548162,random,2027,rf_rdkit,random_forest,rdkit,none,721e3c494613d3aa378fb20e47d69b51245b538e
esol,6773ea5b6283d92d,COC(C)(C)CCCC(C)CC=CC(C)=CC(=O)OC(C)C,aqueous_solubility,log10(mol/L),train,,-5.190000057220459,-4.914140031099308,-5.988902012586587,-3.839378049612028,random,2027,rf_rdkit,random_forest,rdkit,none,721e3c494613d3aa378fb20e47d69b51245b538e
esol,798f5eefa4edc99d,COC(C)=O,aqueous_solubility,log10(mol/L),train,,0.46000000834465027,0.34905000564457245,-0.7257119758427071,1.423811987131852,random,2027,rf_rdkit,random_forest,rdkit,none,721e3c494613d3aa378fb20e47d69b51245b538e
esol,fe98fc7972b9fbd7,COC1=C(OC)C2C(=O)OCC2C=C1,aqueous_solubility,log10(mol/L),train,,-1.8990000486373901,-1.9734360311366665,-3.048198012623946,-0.898674049649387,random,2027,rf_rdkit,random_forest,rdkit,none,721e3c494613d3aa378fb20e47d69b51245b538e
esol,033c75d289f7b25e,COC1=CC(=O)CC(C)C12Oc1c(Cl)c(OC)cc(OC)c1C2=O,aqueous_solubility,log10(mol/L),train,,-3.246000051498413,-3.553938038766387,-4.628700020253667,-2.4791760572791075,random,2027,rf_rdkit,random_forest,rdkit,none,721e3c494613d3aa378fb20e47d69b51245b538e
esol,14db5dcd22155360,COC1=CC2OC3C=CC(O)=CC3C(=O)C2C(O)=C1,aqueous_solubility,log10(mol/L),calibration,,-2.943000078201294,-2.790385998275131,-3.8651479797624106,-1.7156240167878516,random,2027,rf_rdkit,random_forest,rdkit,none,721e3c494613d3aa378fb20e47d69b51245b538e
esol,68ee9b244d6cfe81,COC=O,aqueous_solubility,log10(mol/L),validation,,0.5799999833106995,0.2902160012125994,-0.7845459802746801,1.364977982699879,random,2027,rf_rdkit,random_forest,rdkit,none,721e3c494613d3aa378fb20e47d69b51245b538e
esol,89703926e52a5f1b,COCC(=O)N(c1c(C)cccc1C)C(C)C(=O)OC,aqueous_solubility,log10(mol/L),train,,-1.6009999513626099,-2.1551099657416355,-3.229871947228915,-1.080347984254356,random,2027,rf_rdkit,random_forest,rdkit,none,721e3c494613d3aa378fb20e47d69b51245b538e
esol,8828034dbcc2ba49,COCCCNc1nc(NC(C)C)nc(SC)n1,aqueous_solubility,log10(mol/L),train,,-2.927999973297119,-3.064315970182419,-4.139077951669698,-1.9895539886951394,random,2027,rf_rdkit,random_forest,rdkit,none,721e3c494613d3aa378fb20e47d69b51245b538e
esol,16dde7866f46c4c1,COCOC,aqueous_solubility,log10(mol/L),validation,,0.47999998927116394,-0.054921997707333414,-1.129683979194613,1.0198399837799461,random,2027,rf_rdkit,random_forest,rdkit,none,721e3c494613d3aa378fb20e47d69b51245b538e
esol,e2974c195ea5145c,CON(C)C(=O)Nc1ccc(Br)c(Cl)c1,aqueous_solubility,log10(mol/L),train,,-3.9240000247955322,-3.8184580109119444,-4.893219992399224,-2.743696029424665,random,2027,rf_rdkit,random_forest,rdkit,none,721e3c494613d3aa378fb20e47d69b51245b538e
esol,6ff13bb4acd5abdb,CON(C)C(=O)Nc1ccc(Cl)c(Cl)c1,aqueous_solubility,log10(mol/L),calibration,,-3.5920000076293945,-3.4653379951715477,-4.540099976658827,-2.390576013684268,random,2027,rf_rdkit,random_forest,rdkit,none,721e3c494613d3aa378fb20e47d69b51245b538e
esol,48039236e49fe73d,CON(C)C(=O)Nc1ccc(Cl)cc1,aqueous_solubility,log10(mol/L),train,,-2.569999933242798,-2.699083962202073,-3.7738459436893526,-1.6243219807147935,random,2027,rf_rdkit,random_forest,rdkit,none,721e3c494613d3aa378fb20e47d69b51245b538e
esol,af9e24623c743976,COP(=O)(NC(C)=O)SC,aqueous_solubility,log10(mol/L),train,,0.5400000214576721,-0.3245479862094065,-1.399309967696686,0.750213995277873,random,2027,rf_rdkit,random_forest,rdkit,none,721e3c494613d3aa378fb20e47d69b51245b538e
esol,13a3fd60c5aabbbd,COP(=O)(OC)C(O)C(Cl)(Cl)Cl,aqueous_solubility,log10(mol/L),train,,-0.2199999988079071,-1.055735999289895,-2.1304979807771742,0.019025982197384605,random,2027,rf_rdkit,random_forest,rdkit,none,721e3c494613d3aa378fb20e47d69b51245b538e
esol,780a5f925619f9f0,COP(=O)(OC)OC(=CCl)c1cc(Cl)c(Cl)cc1Cl,aqueous_solubility,log10(mol/L),train,,-4.521999835968018,-4.805391891002657,-5.880153872489936,-3.730629909515377,random,2027,rf_rdkit,random_forest,rdkit,none,721e3c494613d3aa378fb20e47d69b51245b538e
esol,5a3a208a796a3e9e,COP(=O)(OC)OC(Br)C(Cl)(Cl)Br,aqueous_solubility,log10(mol/L),train,,-2.2799999713897705,-2.7894479843974125,-3.864209965884692,-1.714686002910133,random,2027,rf_rdkit,random_forest,rdkit,none,721e3c494613d3aa378fb20e47d69b51245b538e
esol,6d1ebe733929addc,COP(=S)(OC)Oc1cc(Cl)c(Br)cc1Cl,aqueous_solubility,log10(mol/L),train,,-6.090000152587891,-5.871258064866057,-6.946020046353336,-4.796496083378777,random,2027,rf_rdkit,random_forest,rdkit,none,721e3c494613d3aa378fb20e47d69b51245b538e
esol,57f26cdf89d354e1,COP(=S)(OC)Oc1cc(Cl)c(Cl)cc1Cl,aqueous_solubility,log10(mol/L),train,,-5.71999979019165,-5.538891877621404,-6.613653859108683,-4.464129896134124,random,2027,rf_rdkit,random_forest,rdkit,none,721e3c494613d3aa378fb20e47d69b51245b538e
esol,c8a8a21070ddea32,COP(=S)(OC)Oc1cc(Cl)c(I)cc1Cl,aqueous_solubility,log10(mol/L),train,,-6.619999885559082,-6.220073945641502,-7.294835927128782,-5.145311964154223,random,2027,rf_rdkit,random_forest,rdkit,none,721e3c494613d3aa378fb20e47d69b51245b538e
esol,93a69b9aac77fb83,COP(=S)(OC)Oc1ccc(SC)c(C)c1,aqueous_solubility,log10(mol/L),train,,-4.570000171661377,-4.2784320961833044,-5.353194077670584,-3.203670114696025,random,2027,rf_rdkit,random_forest,rdkit,none,721e3c494613d3aa378fb20e47d69b51245b538e
esol,af206ce7eb35e12c,COP(=S)(OC)Oc1ccc(Sc2ccc(OP(=S)(OC)OC)cc2)cc1,aqueous_solubility,log10(mol/L),train,,-6.236999988555908,-6.032049979090691,-7.1068119605779705,-4.957287997603411,random,2027,rf_rdkit,random_forest,rdkit,none,721e3c494613d3aa378fb20e47d69b51245b538e
esol,0630c7b78d9001c5,COP(=S)(OC)Oc1ccc([N+](=O)[O-])c(C)c1,aqueous_solubility,log10(mol/L),calibration,,-4.039999961853027,-3.327841994289309,-4.4026039757765885,-2.2530800128020294,random,2027,rf_rdkit,random_forest,rdkit,none,721e3c494613d3aa378fb20e47d69b51245b538e
esol,26a3764db159060c,COP(=S)(OC)Oc1ccc([N+](=O)[O-])cc1Cl,aqueous_solubility,log10(mol/L),validation,,-4.309999942779541,-3.853275992576033,-4.9280379740633125,-2.7785140110887534,random,2027,rf_rdkit,random_forest,rdkit,none,721e3c494613d3aa378fb20e47d69b51245b538e
esol,3c1bae9a1671999e,COP(=S)(OC)SCC(=O)N(C)C=O,aqueous_solubility,log10(mol/L),train,,-1.9950000047683716,-2.0545359983742184,-3.129297979861498,-0.9797740168869389,random,2027,rf_rdkit,random_forest,rdkit,none,721e3c494613d3aa378fb20e47d69b51245b538e
esol,3c7c2897c14190e7,COP(=S)(OC)SCC(=O)N(c1ccc(Cl)cc1)C(C)C,aqueous_solubility,log10(mol/L),test,,-4.432000160217285,-4.685563987731937,-5.760325969219217,-3.6108020062446577,random,2027,rf_rdkit,random_forest,rdkit,none,721e3c494613d3aa378fb20e47d69b51245b538e
esol,73a7a17726ecb1d8,COc1c(O)c(Cl)c(Cl)c(Cl)c1Cl,aqueous_solubility,log10(mol/L),train,,-4.019999980926514,-3.872241988897321,-4.947003970384601,-2.7974800074100417,random,2027,rf_rdkit,random_forest,rdkit,none,721e3c494613d3aa378fb20e47d69b51245b538e
esol,f6aaf2955176d64c,COc1c2occc2c(OC)c2c(=O)cc(C)oc12,aqueous_solubility,log10(mol/L),train,,-3.0209999084472656,-3.199499945282935,-4.274261926770214,-2.1247379637956554,random,2027,rf_rdkit,random_forest,rdkit,none,721e3c494613d3aa378fb20e47d69b51245b538e
esol,d81d239372dc39ef,COc1c2occc2cc2ccc(=O)oc12,aqueous_solubility,log10(mol/L),train,,-3.6640000343322754,-3.419746016979219,-4.494507998466498,-2.3449840354919393,random,2027,rf_rdkit,random_forest,rdkit,none,721e3c494613d3aa378fb20e47d69b51245b538e
esol,fb0727226d8bda00,COc1cc(C2c3cc4c(cc3C(OC3OC5COC(C)OC5C(O)C3O)C3COC(=O)C23)OCO4)cc(OC)c1O,aqueous_solubility,log10(mol/L),train,,-3.571000099182129,-3.620630069106816,-4.695392050594096,-2.5458680876195365,random,2027,rf_rdkit,random_forest,rdkit,none,721e3c494613d3aa378fb20e47d69b51245b538e
esol,a2fe2787bc40ab5d,COc1cc2c(N)nc(N3CCN(C(=O)OCC(C)(C)O)CC3)nc2c(OC)c1OC,aqueous_solubility,log10(mol/L),validation,,-3.638000011444092,-3.5405599974393844,-4.615321978926664,-2.465798015952105,random,2027,rf_rdkit,random_forest,rdkit,none,721e3c494613d3aa378fb20e47d69b51245b538e
esol,0bd779b87e0a0d4a,COc1ccc(C(O)(c2cncnc2)C2CC2)cc1,aqueous_solubility,log10(mol/L),train,,-2.5959999561309814,-3.002181964933872,-4.076943946421151,-1.9274199834465926,random,2027,rf_rdkit,random_forest,rdkit,none,721e3c494613d3aa378fb20e47d69b51245b538e
esol,9068cc8b834cc0eb,COc1ccc(C(c2ccc(OC)cc2)C(Cl)(Cl)Cl)cc1,aqueous_solubility,log10(mol/L),calibration,,-6.889999866485596,-5.627869997024533,-6.702631978511812,-4.553108015537253,random,2027,rf_rdkit,random_forest,rdkit,none,721e3c494613d3aa378fb20e47d69b51245b538e
esol,53952794d358f97b,COc1ccc(C=O)cc1,aqueous_solubility,log10(mol/L),train,,-1.4900000095367432,-1.5716680068671758,-2.6464299883544555,-0.49690602537989625,random,2027,rf_rdkit,random_forest,rdkit,none,721e3c494613d3aa378fb20e47d69b51245b538e
esol,61e05515e58dc633,COc1ccc(Cl)cc1,aqueous_solubility,log10(mol/L),train,,-2.7799999713897705,-2.520835985541345,-3.5955979670286244,-1.4460740040540654,random,2027,rf_rdkit,random_forest,rdkit,none,721e3c494613d3aa378fb20e47d69b51245b538e
esol,6f0d5c822a2c8b54,COc1ccc(NC(=O)N(C)C)cc1Cl,aqueous_solubility,log10(mol/L),train,,-2.563999891281128,-2.7310239358544344,-3.805785917341714,-1.6562619543671548,random,2027,rf_rdkit,random_forest,rdkit,none,721e3c494613d3aa378fb20e47d69b51245b538e
esol,a440351c22fbaf2f,COc1ccc(Oc2ccc(NC(=O)N(C)C)cc2)cc1,aqueous_solubility,log10(mol/L),train,,-4.159999847412109,-4.107801894068722,-5.182563875556002,-3.033039912581443,random,2027,rf_rdkit,random_forest,rdkit,none,721e3c494613d3aa378fb20e47d69b51245b538e
esol,54c11156225fcdea,COc1ccc([N+](=O)[O-])cc1,aqueous_solubility,log10(mol/L),train,,-2.4100000858306885,-2.1893480564951884,-3.264110037982468,-1.1145860750079088,random,2027,rf_rdkit,random_forest,rdkit,none,721e3c494613d3aa378fb20e47d69b51245b538e
esol,76a18f4c2024b3d3,COc1ccc2ccc(=O)oc2c1CC=C(C)C,aqueous_solubility,log10(mol/L),train,,-4.314000129699707,-4.018692080736158,-5.093454062223437,-2.9439300992488784,random,2027,rf_rdkit,random_forest,rdkit,none,721e3c494613d3aa378fb20e47d69b51245b538e
esol,28951249e2791f06,COc1cccc(Cl)c1,aqueous_solubility,log10(mol/L),calibration,,-2.7799999713897705,-2.419229999244214,-3.4939919807314936,-1.3444680177569346,random,2027,rf_rdkit,random_forest,rdkit,none,721e3c494613d3aa378fb20e47d69b51245b538e
esol,93c51a6d6f685836,COc1ccccc1,aqueous_solubility,log10(mol/L),validation,,-1.850000023841858,-1.183357996869831,-2.2581199783571106,-0.10859601538255137,random,2027,rf_rdkit,random_forest,rdkit,none,721e3c494613d3aa378fb20e47d69b51245b538e
esol,61ef7d42849f3184,COc1ccccc1Cl,aqueous_solubility,log10(mol/L),train,,-2.4600000381469727,-2.3875980211496355,-3.462360002636915,-1.312836039662356,random,2027,rf_rdkit,random_forest,rdkit,none,721e3c494613d3aa378fb20e47d69b51245b538e
esol,eb6f42a07bb6de18,COc1ccccc1O,aqueous_solubility,log10(mol/L),train,,-1.9600000381469727,-1.7397460256256212,-2.8145080071129005,-0.6649840441383417,random,2027,rf_rdkit,random_forest,rdkit,none,721e3c494613d3aa378fb20e47d69b51245b538e
esol,814823a858f686a6,COc1ccccc1OCC(O)COC(N)=O,aqueous_solubility,log10(mol/L),validation,,-0.9850000143051147,-1.9492479911856349,-3.024009972672914,-0.8744860096983553,random,2027,rf_rdkit,random_forest,rdkit,none,721e3c494613d3aa378fb20e47d69b51245b538e
esol,d4928ef8bde7d1fe,COc1ccccc1[N+](=O)[O-],aqueous_solubility,log10(mol/L),train,,-1.9600000381469727,-1.9809300276637127,-3.0556920091509925,-0.9061680461764332,random,2027,rf_rdkit,random_forest,rdkit,none,721e3c494613d3aa378fb20e47d69b51245b538e
esol,f77319b49caa9f62,COc1cnc2cncnc2n1,aqueous_solubility,log10(mol/L),train,,-0.9100000262260437,-1.0270100285261967,-2.1017720100134762,0.04775195296108281,random,2027,rf_rdkit,random_forest,rdkit,none,721e3c494613d3aa378fb20e47d69b51245b538e
esol,5dffcf404f645444,COc1cnc2ncncc2n1,aqueous_solubility,log10(mol/L),train,,-1.1390000581741333,-1.1157160442173575,-2.1904780257046372,-0.040954062730077956,random,2027,rf_rdkit,random_forest,rdkit,none,721e3c494613d3aa378fb20e47d69b51245b538e
esol,80014862d89a7874,COc1nc(NC(C)C)nc(NC(C)C)n1,aqueous_solubility,log10(mol/L),train,,-2.4779999256134033,-2.608631963312623,-3.6833939447999025,-1.5338699818253434,random,2027,rf_rdkit,random_forest,rdkit,none,721e3c494613d3aa378fb20e47d69b51245b538e
esol,6d629ddb03b3976b,COc1ncc2nccnc2n1,aqueous_solubility,log10(mol/L),train,,-1.1100000143051147,-1.1790100161358843,-2.253771997623164,-0.10424803464860477,random,2027,rf_rdkit,random_forest,rdkit,none,721e3c494613d3aa378fb20e47d69b51245b538e
esol,1b1400c943fc116e,COc1ncnc2nccnc12,aqueous_solubility,log10(mol/L),train,,-1.1100000143051147,-1.2037080170884855,-2.278469998575765,-0.128946035601206,random,2027,rf_rdkit,random_forest,rdkit,none,721e3c494613d3aa378fb20e47d69b51245b538e
esol,ac0041960cd300cd,CS(=O)(=O)c1ccc(C(O)C(CO)NC(=O)C(Cl)Cl)cc1,aqueous_solubility,log10(mol/L),calibration,,-2.1540000438690186,-3.19373800117895,-4.2684999826662295,-2.1189760196916705,random,2027,rf_rdkit,random_forest,rdkit,none,721e3c494613d3aa378fb20e47d69b51245b538e
esol,15427e61e6c5e494,CSC,aqueous_solubility,log10(mol/L),test,,-0.44999998807907104,-0.8755400119200316,-1.9503019934073111,0.19922196956724791,random,2027,rf_rdkit,random_forest,rdkit,none,721e3c494613d3aa378fb20e47d69b51245b538e
esol,27be4a939cf2095e,CSCS(=O)CC(CO)NC(=O)C=Cc1c(C)[nH]c(=O)[nH]c1=O,aqueous_solubility,log10(mol/L),calibration,,-1.9809999465942383,-3.148192004721612,-4.222953986208891,-2.0734300232343323,random,2027,rf_rdkit,random_forest,rdkit,none,721e3c494613d3aa378fb20e47d69b51245b538e
esol,34db32618c7c0bd7,CSSC,aqueous_solubility,log10(mol/L),validation,,-1.440000057220459,-1.6209960142672037,-2.6957579957544833,-0.5462340327799242,random,2027,rf_rdkit,random_forest,rdkit,none,721e3c494613d3aa378fb20e47d69b51245b538e
esol,c0328538a0e8d514,CSc1ccccc1,aqueous_solubility,log10(mol/L),train,,-2.390000104904175,-2.36259406836331,-3.4373560498505897,-1.2878320868760307,random,2027,rf_rdkit,random_forest,rdkit,none,721e3c494613d3aa378fb20e47d69b51245b538e
esol,01435d46358b4e6f,CSc1nc(N(C)C)nc(N(C)C)n1,aqueous_solubility,log10(mol/L),train,,-2.6760001182556152,-2.782008083105086,-3.8567700645923657,-1.7072461016178067,random,2027,rf_rdkit,random_forest,rdkit,none,721e3c494613d3aa378fb20e47d69b51245b538e
esol,a2e1c537815223d9,CSc1nc(NC(C)C)nc(NC(C)C)n1,aqueous_solubility,log10(mol/L),train,,-4.099999904632568,-3.879855930179359,-4.954617911666638,-2.8050939486920794,random,2027,rf_rdkit,random_forest,rdkit,none,721e3c494613d3aa378fb20e47d69b51245b538e
esol,6c043c25cd0ee673,CSc1nnc(C(C)(C)C)c(=O)n1N,aqueous_solubility,log10(mol/L),train,,-2.253000020980835,-2.3250120156407363,-3.399773997128016,-1.2502500341534568,random,2027,rf_rdkit,random_forest,rdkit,none,721e3c494613d3aa378fb20e47d69b51245b538e
esol,939a64a917fc1fbc,C[N+](=O)[O-],aqueous_solubility,log10(mol/L),validation,,0.25999999046325684,0.31529200483113984,-0.7594699766561397,1.3900539863184194,random,2027,rf_rdkit,random_forest,rdkit,none,721e3c494613d3aa378fb20e47d69b51245b538e
esol,6a00bcc744815977,Cc1[nH]c(=O)n(C(C)(C)C)c(=O)c1Cl,aqueous_solubility,log10(mol/L),train,,-2.4839999675750732,-2.5289579787552317,-3.603719960242511,-1.4541959972679521,random,2027,rf_rdkit,random_forest,rdkit,none,721e3c494613d3aa378fb20e47d69b51245b538e
esol,011959fb02a50970,Cc1c(C)c(C)c(C)c(C)c1C,aqueous_solubility,log10(mol/L),train,,-5.230000019073486,-4.988890018463142,-6.063651999950421,-3.914128036975862,random,2027,rf_rdkit,random_forest,rdkit,none,721e3c494613d3aa378fb20e47d69b51245b538e
esol,255cf0d2a2107c67,Cc1c(C)c2c3ccccc3ccc2c2ccccc12,aqueous_solubility,log10(mol/L),train,,-7.010000228881836,-7.086492168426555,-8.161254149913834,-6.011730186939276,random,2027,rf_rdkit,random_forest,rdkit,none,721e3c494613d3aa378fb20e47d69b51245b538e
esol,96b9df861fc1a5b7,Cc1c(F)c(F)c(COC(=O)C2C(C=C(Cl)C(F)(F)F)C2(C)C)c(F)c1F,aqueous_solubility,log10(mol/L),train,,-7.321000099182129,-6.62884206813572,-7.703604049622999,-5.55408008664844,random,2027,rf_rdkit,random_forest,rdkit,none,721e3c494613d3aa378fb20e47d69b51245b538e
esol,27f7cb057fe02c05,Cc1c(N(C)C)c(=O)n(-c2ccccc2)n1C,aqueous_solubility,log10(mol/L),train,,-0.36399999260902405,-1.1964479953646574,-2.271209976851937,-0.12168601387737787,random,2027,rf_rdkit,random_forest,rdkit,none,721e3c494613d3aa378fb20e47d69b51245b538e
esol,a71940fe39e775e7,Cc1c(N)c(=O)n(-c2ccccc2)n1C,aqueous_solubility,log10(mol/L),train,,-0.6240000128746033,-1.2090060076937152,-2.283767989180995,-0.13424402620643572,random,2027,rf_rdkit,random_forest,rdkit,none,721e3c494613d3aa378fb20e47d69b51245b538e
esol,405aedd218ada939,Cc1c([N+](=O)[O-])cc([N+](=O)[O-])cc1[N+](=O)[O-],aqueous_solubility,log10(mol/L),calibration,,-3.2200000286102295,-2.8166840119957923,-3.891445993483072,-1.7419220305085128,random,2027,rf_rdkit,random_forest,rdkit,none,721e3c494613d3aa378fb20e47d69b51245b538e
esol,6bbc2d7fd1aa6c13,Cc1c([N+](=O)[O-])cccc1[N+](=O)[O-],aqueous_solubility,log10(mol/L),train,,-3.0,-2.8577119865119447,-3.932473967999224,-1.7829500050246652,random,2027,rf_rdkit,random_forest,rdkit,none,721e3c494613d3aa378fb20e47d69b51245b538e
esol,2e4e642d79dc2dce,Cc1c2ccccc2c(C)c2c1ccc1ccccc12,aqueous_solubility,log10(mol/L),test,,-7.019999980926514,-7.245742146492039,-8.32050412797932,-6.170980165004759,random,2027,rf_rdkit,random_forest,rdkit,none,721e3c494613d3aa378fb20e47d69b51245b538e
esol,74b6a8e9080bc721,Cc1c2ccccc2c(C)c2ccccc12,aqueous_solubility,log10(mol/L),train,,-6.570000171661377,-6.425020116806045,-7.499782098293324,-5.350258135318765,random,2027,rf_rdkit,random_forest,rdkit,none,721e3c494613d3aa378fb20e47d69b51245b538e
esol,64f1735379f646a8,Cc1c2ccccc2cc2ccccc12,aqueous_solubility,log10(mol/L),calibration,,-5.889999866485596,-5.892992020130164,-6.967754001617443,-4.818230038642884,random,2027,rf_rdkit,random_forest,rdkit,none,721e3c494613d3aa378fb20e47d69b51245b538e
esol,0ada1641492d4a17,Cc1c[nH]c(=O)[nH]c1=O,aqueous_solubility,log10(mol/L),train,,-1.50600004196167,-1.4940240286812263,-2.568786010168506,-0.4192620471939468,random,2027,rf_rdkit,random_forest,rdkit,none,721e3c494613d3aa378fb20e47d69b51245b538e
esol,b32a6b50a85ca7a0,Cc1c[nH]c(=O)nc1N,aqueous_solubility,log10(mol/L),train,,-1.4579999446868896,-1.362363964296885,-2.4371259457841647,-0.28760198280960547,random,2027,rf_rdkit,random_forest,rdkit,none,721e3c494613d3aa378fb20e47d69b51245b538e
esol,855b948e58b48eae,Cc1c[nH]c2ccccc12,aqueous_solubility,log10(mol/L),train,,-2.4200000762939453,-2.3626120510697337,-3.4373740325570132,-1.2878500695824542,random,2027,rf_rdkit,random_forest,rdkit,none,721e3c494613d3aa378fb20e47d69b51245b538e
esol,412aec08aadb9b06,Cc1cc(=O)[nH]c(=S)[nH]1,aqueous_solubility,log10(mol/L),train,,-2.436000108718872,-2.106388073325156,-3.1811500548124356,-1.0316260918378766,random,2027,rf_rdkit,random_forest,rdkit,none,721e3c494613d3aa378fb20e47d69b51245b538e
esol,e96744a6c5b15c2c,Cc1cc(=O)n(-c2ccccc2)n1C,aqueous_solubility,log10(mol/L),test,,0.7149999737739563,-1.81961399744451,-2.8943759789317896,-0.7448520159572305,random,2027,rf_rdkit,random_forest,rdkit,none,721e3c494613d3aa378fb20e47d69b51245b538e
esol,c699d455e9ba8b21,Cc1cc(C(=O)NNCc2ccccc2)no1,aqueous_solubility,log10(mol/L),train,,-2.4609999656677246,-2.5697459677197028,-3.6445079492069823,-1.4949839862324232,random,2027,rf_rdkit,random_forest,rdkit,none,721e3c494613d3aa378fb20e47d69b51245b538e
esol,f4af7cb57402c3b2,Cc1cc(C)c(C)c(C)c1C,aqueous_solubility,log10(mol/L),train,,-4.0,-4.097740004762999,-5.172501986250278,-3.0229780232757193,random,2027,rf_rdkit,random_forest,rdkit,none,721e3c494613d3aa378fb20e47d69b51245b538e
esol,10496a05f7b4af1b,Cc1cc(C)c(C)cc1C,aqueous_solubility,log10(mol/L),test,,-4.590000152587891,-3.8637040055245144,-4.938465987011794,-2.788942024037235,random,2027,rf_rdkit,random_forest,rdkit,none,721e3c494613d3aa378fb20e47d69b51245b538e
esol,30a7fa25e77ab523,Cc1cc(C)c(O)c(C)c1,aqueous_solubility,log10(mol/L),train,,-2.049999952316284,-1.9955879675447867,-3.0703499490320665,-0.9208259860575072,random,2027,rf_rdkit,random_forest,rdkit,none,721e3c494613d3aa378fb20e47d69b51245b538e
esol,30cd61fe6a9269f3,Cc1cc(C)c2ccccc2c1,aqueous_solubility,log10(mol/L),validation,,-4.289999961853027,-4.137835976839069,-5.212597958326349,-3.0630739953517896,random,2027,rf_rdkit,random_forest,rdkit,none,721e3c494613d3aa378fb20e47d69b51245b538e
esol,ac4846758902f02f,Cc1cc(C)cc(C)c1,aqueous_solubility,log10(mol/L),calibration,,-3.4000000953674316,-3.3777779791355127,-4.452539960622792,-2.303015997648233,random,2027,rf_rdkit,random_forest,rdkit,none,721e3c494613d3aa378fb20e47d69b51245b538e
esol,dc9647b3b1f901cf,Cc1cc(C)cc(O)c1,aqueous_solubility,log10(mol/L),train,,-1.399999976158142,-1.359587982669479,-2.4343499641567585,-0.2848260011821995,random,2027,rf_rdkit,random_forest,rdkit,none,721e3c494613d3aa378fb20e47d69b51245b538e
esol,3d3499c252e700d7,Cc1cc(Cl)ccc1N=CN(C)C,aqueous_solubility,log10(mol/L),calibration,,-2.859999895095825,-3.0007620197832585,-4.075524001270538,-1.926000038295979,random,2027,rf_rdkit,random_forest,rdkit,none,721e3c494613d3aa378fb20e47d69b51245b538e
esol,867fad1f4374306f,Cc1cc(OC(=O)N(C)C)n(-c2ccccc2)n1,aqueous_solubility,log10(mol/L),train,,-2.0899999141693115,-2.284561937853698,-3.3593239193409774,-1.2097999563664183,random,2027,rf_rdkit,random_forest,rdkit,none,721e3c494613d3aa378fb20e47d69b51245b538e
esol,441ca226655131b8,Cc1cc(S(=O)(=O)c2ccccc2)ccc1NS(=O)(=O)C(F)(F)F,aqueous_solubility,log10(mol/L),train,,-3.799999952316284,-4.0862839698791555,-5.161045951366435,-3.011521988391876,random,2027,rf_rdkit,random_forest,rdkit,none,721e3c494613d3aa378fb20e47d69b51245b538e
esol,1fa0d1470ef45a5f,Cc1cc([N+](=O)[O-])cc([N+](=O)[O-])c1O,aqueous_solubility,log10(mol/L),train,,-1.4559999704360962,-1.8578359826505164,-2.9325979641377957,-0.7830740011632369,random,2027,rf_rdkit,random_forest,rdkit,none,721e3c494613d3aa378fb20e47d69b51245b538e
esol,15fb6126c6fb5019,Cc1cc2c3ccccc3ccc2c2ccccc12,aqueous_solubility,log10(mol/L),test,,-6.570000171661377,-6.812392098426848,-7.8871540799141275,-5.7376301169395685,random,2027,rf_rdkit,random_forest,rdkit,none,721e3c494613d3aa378fb20e47d69b51245b538e
esol,c93bd0af60161701,Cc1cc2ccccc2c2ccc3ccccc3c12,aqueous_solubility,log10(mol/L),train,,-6.590000152587891,-6.819826121330292,-7.894588102817572,-5.745064139843013,random,2027,rf_rdkit,random_forest,rdkit,none,721e3c494613d3aa378fb20e47d69b51245b538e
esol,efd1cc43cd7740a7,Cc1cc2ccccc2cc1C,aqueous_solubility,log10(mol/L),calibration,,-4.71999979019165,-4.093773965358736,-5.168535946846015,-3.019011983871456,random,2027,rf_rdkit,random_forest,rdkit,none,721e3c494613d3aa378fb20e47d69b51245b538e
esol,6f06d12b282eda81,Cc1cc2nc3c(=O)[nH]c(=O)nc-3n(CC(O)C(O)C(O)CO)c2cc1C,aqueous_solubility,log10(mol/L),test,,-3.684999942779541,-3.069676003463566,-4.144437984950846,-1.9949140219762866,random,2027,rf_rdkit,random_forest,rdkit,none,721e3c494613d3aa378fb20e47d69b51245b538e
esol,2a4331f10b97d5ab,Cc1ccc(-c2ccccc2)cc1,aqueous_solubility,log10(mol/L),calibration,,-4.619999885559082,-4.710349993705744,-5.785111975193024,-3.6355880122184647,random,2027,rf_rdkit,random_forest,rdkit,none,721e3c494613d3aa378fb20e47d69b51245b538e
esol,93239662ab8fbc9f,Cc1ccc(Br)cc1,aqueous_solubility,log10(mol/L),train,,-3.190000057220459,-3.075286035060883,-4.150048016548162,-2.0005240535736033,random,2027,rf_rdkit,random_forest,rdkit,none,721e3c494613d3aa378fb20e47d69b51245b538e
esol,5a420868d7b8f3d4,Cc1ccc(C(C)C)c(O)c1,aqueous_solubility,log10(mol/L),train,,-2.2200000286102295,-2.204876003026958,-3.2796379845142374,-1.1301140215396783,random,2027,rf_rdkit,random_forest,rdkit,none,721e3c494613d3aa378fb20e47d69b51245b538e
esol,55d42f10edd4630a,Cc1ccc(C(C)C)cc1,aqueous_solubility,log10(mol/L),train,,-3.7699999809265137,-3.76733998775482,-4.8421019692420995,-2.6925780062675404,random,2027,rf_rdkit,random_forest,rdkit,none,721e3c494613d3aa378fb20e47d69b51245b538e
esol,80356e4fbac18ade,Cc1ccc(C(C)C)cc1O,aqueous_solubility,log10(mol/L),train,,-2.0799999237060547,-2.170507959365845,-3.2452699408531247,-1.0957459778785656,random,2027,rf_rdkit,random_forest,rdkit,none,721e3c494613d3aa378fb20e47d69b51245b538e
esol,b3cdd1fa6b9ddc97,Cc1ccc(C)c(C)c1,aqueous_solubility,log10(mol/L),train,,-3.309999942779541,-3.2980199666023244,-4.372781948089604,-2.223257985115045,random,2027,rf_rdkit,random_forest,rdkit,none,721e3c494613d3aa378fb20e47d69b51245b538e
esol,c41a4db964d8c35c,Cc1ccc(C)c2ccccc12,aqueous_solubility,log10(mol/L),train,,-4.139999866485596,-4.155857929706576,-5.230619911193855,-3.0810959482192963,random,2027,rf_rdkit,random_forest,rdkit,none,721e3c494613d3aa378fb20e47d69b51245b538e
esol,e70d51f4f2d7e744,Cc1ccc(C)cc1,aqueous_solubility,log10(mol/L),train,,-2.7699999809265137,-2.8062599821090712,-3.8810219635963508,-1.7314980006217917,random,2027,rf_rdkit,random_forest,rdkit,none,721e3c494613d3aa378fb20e47d69b51245b538e
esol,407f9df507c39d4f,Cc1ccc(Cl)cc1,aqueous_solubility,log10(mol/L),train,,-3.0799999237060547,-2.9205539621114727,-3.995315943598752,-1.8457919806241931,random,2027,rf_rdkit,random_forest,rdkit,none,721e3c494613d3aa378fb20e47d69b51245b538e
esol,01cfad37701e8c61,Cc1ccc(N)cc1,aqueous_solubility,log10(mol/L),train,,-1.2100000381469727,-1.059350027233363,-2.1341120087206424,0.015411954253916615,random,2027,rf_rdkit,random_forest,rdkit,none,721e3c494613d3aa378fb20e47d69b51245b538e
esol,5140ae913c5e9340,Cc1ccc(N=CN(C)C=Nc2ccc(C)cc2C)c(C)c1,aqueous_solubility,log10(mol/L),train,,-5.46999979019165,-5.233943861395132,-6.308705842882412,-4.159181879907853,random,2027,rf_rdkit,random_forest,rdkit,none,721e3c494613d3aa378fb20e47d69b51245b538e
esol,ec39337ff30f2e1c,Cc1ccc(NC(=O)N(C)C)cc1Cl,aqueous_solubility,log10(mol/L),train,,-3.4830000400543213,-3.317048026800155,-4.391810008287434,-2.2422860453128757,random,2027,rf_rdkit,random_forest,rdkit,none,721e3c494613d3aa378fb20e47d69b51245b538e
esol,543e85576d5b1ad7,Cc1ccc(O)c(C)c1,aqueous_solubility,log10(mol/L),calibration,,-1.190000057220459,-1.3718299871385105,-2.44659196862579,-0.2970680056512309,random,2027,rf_rdkit,random_forest,rdkit,none,721e3c494613d3aa378fb20e47d69b51245b538e
esol,807595891e8d435d,Cc1ccc(O)cc1,aqueous_solubility,log10(mol/L),train,,-0.7300000190734863,-0.7451300143897521,-1.8198919958770317,0.3296319670975274,random,2027,rf_rdkit,random_forest,rdkit,none,721e3c494613d3aa378fb20e47d69b51245b538e
esol,6d71e1108f6d1e43,Cc1ccc(O)cc1C,aqueous_solubility,log10(mol/L),train,,-1.3799999952316284,-1.3923999916613103,-2.46716197314859,-0.3176380101740308,random,2027,rf_rdkit,random_forest,rdkit,none,721e3c494613d3aa378fb20e47d69b51245b538e
esol,be3de4bd034b2ced,Cc1ccc(OP(=O)(Oc2cccc(C)c2)Oc2ccccc2C)cc1,aqueous_solubility,log10(mol/L),validation,,-6.010000228881836,-5.711386015772817,-6.786147997260096,-4.636624034285537,random,2027,rf_rdkit,random_forest,rdkit,none,721e3c494613d3aa378fb20e47d69b51245b538e
esol,a1641c5766fa1d1e,Cc1ccc(S(N)(=O)=O)cc1,aqueous_solubility,log10(mol/L),calibration,,-1.7400000095367432,-1.7298940096236741,-2.8046559911109537,-0.6551320281363946,random,2027,rf_rdkit,random_forest,rdkit,none,721e3c494613d3aa378fb20e47d69b51245b538e
esol,b040d11e09a9051b,Cc1ccc([N+](=O)[O-])cc1,aqueous_solubility,log10(mol/L),train,,-2.490000009536743,-2.39247400438786,-3.4672359858751394,-1.3177120229005803,random,2027,rf_rdkit,random_forest,rdkit,none,721e3c494613d3aa378fb20e47d69b51245b538e
esol,2514a688d2813b05,Cc1ccc([N+](=O)[O-])cc1[N+](=O)[O-],aqueous_solubility,log10(mol/L),train,,-2.819999933242798,-2.7026119506359114,-3.777373932123191,-1.627849969148632,random,2027,rf_rdkit,random_forest,rdkit,none,721e3c494613d3aa378fb20e47d69b51245b538e
esol,75d407b5695faf1e,Cc1ccc2c(c1)C(=O)N(C)c1cc(N)ccc1O2,aqueous_solubility,log10(mol/L),calibration,,-3.927999973297119,-3.642067981481552,-4.7168299629688315,-2.5673059999942724,random,2027,rf_rdkit,random_forest,rdkit,none,721e3c494613d3aa378fb20e47d69b51245b538e
esol,cf6110a1ac72a9f2,Cc1ccc2c(c1)Oc1ncc(N)cc1C(=O)N2C,aqueous_solubility,log10(mol/L),train,,-3.0429999828338623,-3.1144539768695827,-4.189215958356862,-2.039691995382303,random,2027,rf_rdkit,random_forest,rdkit,none,721e3c494613d3aa378fb20e47d69b51245b538e
esol,484807ab7d19194e,Cc1ccc2c(ccc3c4c5c(cccc5cc32)CC4)c1,aqueous_solubility,log10(mol/L),train,,-7.920000076293945,-7.590670055866226,-8.665432037353504,-6.515908074378946,random,2027,rf_rdkit,random_forest,rdkit,none,721e3c494613d3aa378fb20e47d69b51245b538e
esol,0d7d0a46ef5fcffa,Cc1ccc2c(ccc3ccccc32)c1,aqueous_solubility,log10(mol/L),train,,-5.840000152587891,-5.802104097843158,-6.876866079330438,-4.727342116355879,random,2027,rf_rdkit,random_forest,rdkit,none,721e3c494613d3aa378fb20e47d69b51245b538e
esol,f21bb8ad915e950d,Cc1ccc2cc(C)ccc2c1,aqueous_solubility,log10(mol/L),validation,,-4.889999866485596,-4.1891339755058326,-5.263895956993112,-3.114371994018553,random,2027,rf_rdkit,random_forest,rdkit,none,721e3c494613d3aa378fb20e47d69b51245b538e
esol,6a4cbbb1228ffe70,Cc1ccc2cc3ccccc3cc2c1,aqueous_solubility,log10(mol/L),calibration,,-6.960000038146973,-5.885238056659693,-6.960000038146973,-4.810476075172414,random,2027,rf_rdkit,random_forest,rdkit,none,721e3c494613d3aa378fb20e47d69b51245b538e
esol,7c337e72c4fb8697,Cc1ccc2ccc(C)nc2c1,aqueous_solubility,log10(mol/L),train,,-1.940000057220459,-2.246484039828178,-3.3212460213154573,-1.1717220583408983,random,2027,rf_rdkit,random_forest,rdkit,none,721e3c494613d3aa378fb20e47d69b51245b538e
esol,62365c0b67433ee7,Cc1ccc2ccccc2c1,aqueous_solubility,log10(mol/L),train,,-3.7699999809265137,-3.8193599896430954,-4.8941219711303745,-2.744598008155816,random,2027,rf_rdkit,random_forest,rdkit,none,721e3c494613d3aa378fb20e47d69b51245b538e
esol,39db8370e4db7035,Cc1cccc(C)c1,aqueous_solubility,log10(mol/L),test,,-2.819999933242798,-2.8202999756336213,-3.895061957120901,-1.7455379941463418,random,2027,rf_rdkit,random_forest,rdkit,none,721e3c494613d3aa378fb20e47d69b51245b538e
esol,84bea6e6f81eeef8,Cc1cccc(C)c1C,aqueous_solubility,log10(mol/L),train,,-3.200000047683716,-3.2413800187110904,-4.31614200019837,-2.166618037223811,random,2027,rf_rdkit,random_forest,rdkit,none,721e3c494613d3aa378fb20e47d69b51245b538e
esol,ca35ffe188dcb62e,Cc1cccc(C)c1NC(=O)c1cc(S(N)(=O)=O)c(Cl)cc1O,aqueous_solubility,log10(mol/L),validation,,-3.7899999618530273,-4.02742998751998,-5.10219196900726,-2.9526680060327006,random,2027,rf_rdkit,random_forest,rdkit,none,721e3c494613d3aa378fb20e47d69b51245b538e
esol,9e3832bcb765a66a,Cc1cccc(C)c1O,aqueous_solubility,log10(mol/L),train,,-1.2899999618530273,-1.3868159705996488,-2.4615779520869285,-0.31205398911236926,random,2027,rf_rdkit,random_forest,rdkit,none,721e3c494613d3aa378fb20e47d69b51245b538e
esol,09c3568484741bd2,Cc1cccc(C)n1,aqueous_solubility,log10(mol/L),validation,,0.44999998807907104,-0.21468800496683116,-1.2894499864541107,0.8600739765204484,random,2027,rf_rdkit,random_forest,rdkit,none,721e3c494613d3aa378fb20e47d69b51245b538e
esol,f8b18cec21f70926,Cc1cccc(N)c1,aqueous_solubility,log10(mol/L),train,,-0.8500000238418579,-0.9116380209028545,-1.986400002390134,0.16312396058442502,random,2027,rf_rdkit,random_forest,rdkit,none,721e3c494613d3aa378fb20e47d69b51245b538e
esol,e5c2622998da5c45,Cc1cccc(O)c1,aqueous_solubility,log10(mol/L),train,,-0.6800000071525574,-0.7083060075789587,-1.7830679890662382,0.36645597390832085,random,2027,rf_rdkit,random_forest,rdkit,none,721e3c494613d3aa378fb20e47d69b51245b538e
esol,5bbfd578bb7356ff,Cc1cccc([N+](=O)[O-])c1,aqueous_solubility,log10(mol/L),train,,-2.440000057220459,-2.3905340329408706,-3.46529601442815,-1.315772051453591,random,2027,rf_rdkit,random_forest,rdkit,none,721e3c494613d3aa378fb20e47d69b51245b538e
esol,fbc530657b31c9ba,Cc1cccc2c(C)cccc12,aqueous_solubility,log10(mol/L),test,,-4.678999900817871,-4.134297937393191,-5.20905991888047,-3.059535955905911,random,2027,rf_rdkit,random_forest,rdkit,none,721e3c494613d3aa378fb20e47d69b51245b538e
esol,0dd4170e780f9e1b,Cc1cccc2c1Cc1ccccc1-2,aqueous_solubility,log10(mol/L),train,,-5.21999979019165,-5.116883868217455,-6.191645849704734,-4.042121886730175,random,2027,rf_rdkit,random_forest,rdkit,none,721e3c494613d3aa378fb20e47d69b51245b538e
esol,92d50cda130f67ac,Cc1cccc2c1ccc1ccccc12,aqueous_solubility,log10(mol/L),train,,-5.849999904632568,-5.84310598230363,-6.9178679637909095,-4.7683440008163505,random,2027,rf_rdkit,random_forest,rdkit,none,721e3c494613d3aa378fb20e47d69b51245b538e
esol,629d13feb3a3b8cd,Cc1cccc2ccccc12,aqueous_solubility,log10(mol/L),train,,-3.700000047683716,-3.785460027694705,-4.860222009181984,-2.7106980462074253,random,2027,rf_rdkit,random_forest,rdkit,none,721e3c494613d3aa378fb20e47d69b51245b538e
esol,b79b110dff884a0e,Cc1cccc2sc3nncn3c12,aqueous_solubility,log10(mol/L),validation,,-2.069999933242798,-2.8500140055865053,-3.924775987073785,-1.7752520240992258,random,2027,rf_rdkit,random_forest,rdkit,none,721e3c494613d3aa378fb20e47d69b51245b538e
esol,613c1068601fad75,Cc1ccccc1,aqueous_solubility,log10(mol/L),train,,-2.2100000381469727,-2.3437800168991094,-3.418541998386389,-1.26901803541183,random,2027,rf_rdkit,random_forest,rdkit,none,721e3c494613d3aa378fb20e47d69b51245b538e
esol,e3961bd7a5f3a550,Cc1ccccc1-n1c(C)nc2ccccc2c1=O,aqueous_solubility,log10(mol/L),test,,-2.924999952316284,-3.670873996913433,-4.7456359784007125,-2.5961120154261534,random,2027,rf_rdkit,random_forest,rdkit,none,721e3c494613d3aa378fb20e47d69b51245b538e
esol,2ff33823d5772c05,Cc1ccccc1Br,aqueous_solubility,log10(mol/L),train,,-2.2300000190734863,-2.5789880170822177,-3.6537499985694972,-1.5042260355949382,random,2027,rf_rdkit,random_forest,rdkit,none,721e3c494613d3aa378fb20e47d69b51245b538e
esol,c0b1929de20edfb4,Cc1ccccc1C,aqueous_solubility,log10(mol/L),train,,-2.799999952316284,-2.832979963779448,-3.9077419452667277,-1.7582179822921686,random,2027,rf_rdkit,random_forest,rdkit,none,721e3c494613d3aa378fb20e47d69b51245b538e
esol,00f0fa1f0651f60d,Cc1ccccc1C(C)C,aqueous_solubility,log10(mol/L),train,,-3.759999990463257,-3.779935993194574,-4.854697974681853,-2.7051740117072947,random,2027,rf_rdkit,random_forest,rdkit,none,721e3c494613d3aa378fb20e47d69b51245b538e
esol,a7f475b5b8228872,Cc1ccccc1Cl,aqueous_solubility,log10(mol/L),validation,,-3.5199999809265137,-2.7525879890918747,-3.8273499705791543,-1.6778260076045952,random,2027,rf_rdkit,random_forest,rdkit,none,721e3c494613d3aa378fb20e47d69b51245b538e
esol,0dd4c8702dc1fdce,Cc1ccccc1N,aqueous_solubility,log10(mol/L),validation,,-2.2100000381469727,-0.960924014344803,-2.0356859958320825,0.11383796714247651,random,2027,rf_rdkit,random_forest,rdkit,none,721e3c494613d3aa378fb20e47d69b51245b538e
esol,a7dff4308003efd2,Cc1ccccc1N1C(=O)c2cc(S(N)(=O)=O)c(Cl)cc2NC1C,aqueous_solubility,log10(mol/L),train,,-3.7799999713897705,-3.8613259727954836,-4.936087954282764,-2.786563991308204,random,2027,rf_rdkit,random_forest,rdkit,none,721e3c494613d3aa378fb20e47d69b51245b538e
esol,24d16ceffc604697,Cc1ccccc1O,aqueous_solubility,log10(mol/L),train,,-0.6200000047683716,-0.6868520039319939,-1.7616139854192734,0.38790997755528567,random,2027,rf_rdkit,random_forest,rdkit,none,721e3c494613d3aa378fb20e47d69b51245b538e
esol,805826dee21e2541,Cc1ccccc1[N+](=O)[O-],aqueous_solubility,log10(mol/L),train,,-2.3299999237060547,-2.3063319555520962,-3.3810939370393758,-1.2315699740648167,random,2027,rf_rdkit,random_forest,rdkit,none,721e3c494613d3aa378fb20e47d69b51245b538e
esol,474ee05eaf81182e,Cc1cccnc1C,aqueous_solubility,log10(mol/L),train,,0.3799999952316284,0.13849999787656797,-0.9362619836107116,1.2132619793638475,random,2027,rf_rdkit,random_forest,rdkit,none,721e3c494613d3aa378fb20e47d69b51245b538e
esol,c62348f6c851f984,Cc1ccnc(C)c1,aqueous_solubility,log10(mol/L),test,,0.3799999952316284,-0.02396600271017535,-1.0987279841974549,1.0507959787771042,random,2027,rf_rdkit,random_forest,rdkit,none,721e3c494613d3aa378fb20e47d69b51245b538e
esol,4de2045f3a11fa0a,Cc1ccnc2c1NC(=O)c1cccnc1N2C1CC1,aqueous_solubility,log10(mol/L),test,,-3.190000057220459,-3.8338339326381705,-4.90859591412545,-2.759071951150891,random,2027,rf_rdkit,random_forest,rdkit,none,721e3c494613d3aa378fb20e47d69b51245b538e
esol,acc76910d8f4ff6b,Cc1ccncc1C,aqueous_solubility,log10(mol/L),train,,0.36000001430511475,0.034564007922989415,-1.0401979735642901,1.109325989410269,random,2027,rf_rdkit,random_forest,rdkit,none,721e3c494613d3aa378fb20e47d69b51245b538e
esol,ee3c8e9fe56171f6,Cc1cnc2cncnc2n1,aqueous_solubility,log10(mol/L),train,,-0.8539999723434448,-0.735989983029655,-1.8107519645169345,0.3387719984576245,random,2027,rf_rdkit,random_forest,rdkit,none,721e3c494613d3aa378fb20e47d69b51245b538e
esol,b7bc00c49d3331ef,Cc1cncc(C)c1,aqueous_solubility,log10(mol/L),test,,0.3799999952316284,-0.12233599947021245,-1.197097980957492,0.9524259820170671,random,2027,rf_rdkit,random_forest,rdkit,none,721e3c494613d3aa378fb20e47d69b51245b538e
esol,042b34bcb74741d5,Cc1nc(N(C)C)nc(OC(=O)N(C)C)c1C,aqueous_solubility,log10(mol/L),train,,-1.9500000476837158,-2.0669080297797926,-3.141670011267072,-0.9921460482925131,random,2027,rf_rdkit,random_forest,rdkit,none,721e3c494613d3aa378fb20e47d69b51245b538e
esol,cec71bf80bd8f6e3,Cc1ncc([N+](=O)[O-])n1CCO,aqueous_solubility,log10(mol/L),train,,-1.2400000095367432,-1.4264540050551195,-2.501215986542399,-0.35169202356784,random,2027,rf_rdkit,random_forest,rdkit,none,721e3c494613d3aa378fb20e47d69b51245b538e
esol,1cb0421cc2c2827f,Cc1ncc2nccnc2n1,aqueous_solubility,log10(mol/L),train,,-0.11999999731779099,-0.42339999374746995,-1.4981619752347495,0.6513619877398096,random,2027,rf_rdkit,random_forest,rdkit,none,721e3c494613d3aa378fb20e47d69b51245b538e
esol,cfa09bff2b7e2c4b,Cc1ncnc2nccnc12,aqueous_solubility,log10(mol/L),train,,-0.4659999907016754,-0.62107199218124,-1.6958339736685195,0.45368998930603954,random,2027,rf_rdkit,random_forest,rdkit,none,721e3c494613d3aa378fb20e47d69b51245b538e
esol,284d1cdd17c0d81f,Cc1nnc2n1-c1ccc(Cl)cc1C(c1ccccc1Cl)=NC2,aqueous_solubility,log10(mol/L),test,,-4.090000152587891,-4.8380119903683685,-5.912773971855648,-3.763250008881089,random,2027,rf_rdkit,random_forest,rdkit,none,721e3c494613d3aa378fb20e47d69b51245b538e
esol,ec2b7fe9f13b2d9c,Cc1occc1C(=O)Nc1ccccc1,aqueous_solubility,log10(mol/L),train,,-3.299999952316284,-3.2357559682130823,-4.310517949700362,-2.160993986725803,random,2027,rf_rdkit,random_forest,rdkit,none,721e3c494613d3aa378fb20e47d69b51245b538e
esol,cdc579c966071175,Cl/C=C\Cl,aqueous_solubility,log10(mol/L),validation,,-1.2999999523162842,-1.8564080055058,-2.93116998699308,-0.7816460240185206,random,2027,rf_rdkit,random_forest,rdkit,none,721e3c494613d3aa378fb20e47d69b51245b538e
esol,02468b6be0148620,ClC(Br)Br,aqueous_solubility,log10(mol/L),train,,-1.899999976158142,-1.9621479778289765,-3.0369099593162563,-0.887385996341697,random,2027,rf_rdkit,random_forest,rdkit,none,721e3c494613d3aa378fb20e47d69b51245b538e
esol,0ca70198c63a232f,ClC(Cl)(Cl)C(Cl)(Cl)Cl,aqueous_solubility,log10(mol/L),train,,-3.6700000762939453,-3.973488055706021,-5.0482500371933,-2.8987260742187413,random,2027,rf_rdkit,random_forest,rdkit,none,721e3c494613d3aa378fb20e47d69b51245b538e
esol,d2ba0174e7c2c4be,ClC(Cl)(Cl)Cl,aqueous_solubility,log10(mol/L),validation,,-2.309999942779541,-2.697820007324218,-3.7725819888114973,-1.6230580258369383,random,2027,rf_rdkit,random_forest,rdkit,none,721e3c494613d3aa378fb20e47d69b51245b538e
esol,41b1caa188d009ed,ClC(Cl)=C(Cl)C(Cl)=C(Cl)Cl,aqueous_solubility,log10(mol/L),train,,-4.920000076293945,-4.745796056568621,-5.820558038055901,-3.6710340750813417,random,2027,rf_rdkit,random_forest,rdkit,none,721e3c494613d3aa378fb20e47d69b51245b538e
esol,0a598a4f3d7fd0d1,ClC(Cl)=C(Cl)Cl,aqueous_solubility,log10(mol/L),calibration,,-2.5399999618530273,-3.202146018996835,-4.276908000484115,-2.1273840375095556,random,2027,rf_rdkit,random_forest,rdkit,none,721e3c494613d3aa378fb20e47d69b51245b538e
esol,4ab2bc44793c9976,ClC(Cl)=C(c1ccc(Cl)cc1)c1ccc(Cl)cc1,aqueous_solubility,log10(mol/L),test,,-6.900000095367432,-6.913099978208535,-7.987861959695815,-5.838337996721256,random,2027,rf_rdkit,random_forest,rdkit,none,721e3c494613d3aa378fb20e47d69b51245b538e
esol,67aa014f03d20911,ClC(Cl)Br,aqueous_solubility,log10(mol/L),train,,-1.5399999618530273,-1.6713659729957562,-2.7461279544830357,-0.5966039915084766,random,2027,rf_rdkit,random_forest,rdkit,none,721e3c494613d3aa378fb20e47d69b51245b538e
esol,54b833be7f8d53bc,ClC(Cl)C(Cl)(Cl)Cl,aqueous_solubility,log10(mol/L),validation,,-2.5999999046325684,-3.1887760242223737,-4.263538005709654,-2.114014042735094,random,2027,rf_rdkit,random_forest,rdkit,none,721e3c494613d3aa378fb20e47d69b51245b538e
esol,84612cb9c965a207,ClC(Cl)C(Cl)Cl,aqueous_solubility,log10(mol/L),train,,-1.7400000095367432,-2.1498260146975436,-3.224587996184823,-1.0750640332102641,random,2027,rf_rdkit,random_forest,rdkit,none,721e3c494613d3aa378fb20e47d69b51245b538e
esol,98805ccd27cea784,ClC(Cl)Cl,aqueous_solubility,log10(mol/L),calibration,,-1.1699999570846558,-1.7607419909313335,-2.8355039724186133,-0.685980009444054,random,2027,rf_rdkit,random_forest,rdkit,none,721e3c494613d3aa378fb20e47d69b51245b538e
esol,06320f68e141f9e5,ClC1(Cl)C2(Cl)C3(Cl)C4(Cl)C(Cl)(Cl)C5(Cl)C3(Cl)C1(Cl)C5(Cl)C24Cl,aqueous_solubility,log10(mol/L),train,,-6.800000190734863,-6.6845701214670985,-7.759332102954378,-5.609808139979819,random,2027,rf_rdkit,random_forest,rdkit,none,721e3c494613d3aa378fb20e47d69b51245b538e
esol,e4dfffaeb7fece39,ClC1=C(Cl)C(Cl)(C2(Cl)C(Cl)=C(Cl)C(Cl)=C2Cl)C(Cl)=C1Cl,aqueous_solubility,log10(mol/L),train,,-7.2779998779296875,-7.201495934307552,-8.276257915794831,-6.126733952820272,random,2027,rf_rdkit,random_forest,rdkit,none,721e3c494613d3aa378fb20e47d69b51245b538e
esol,75fac8bbc9bd1273,ClC1=C(Cl)C2(Cl)C3C(Cl)C(Cl)CC3C1(Cl)C2(Cl)Cl,aqueous_solubility,log10(mol/L),train,,-6.860000133514404,-6.606568073749548,-7.6813300552368275,-5.5318060922622685,random,2027,rf_rdkit,random_forest,rdkit,none,721e3c494613d3aa378fb20e47d69b51245b538e
esol,ff8fb7708cb3f0c6,ClC1=C(Cl)C2(Cl)C3C(Cl)C=CC3C1(Cl)C2(Cl)Cl,aqueous_solubility,log10(mol/L),train,,-6.316999912261963,-6.275171949386584,-7.349933930873863,-5.200409967899304,random,2027,rf_rdkit,random_forest,rdkit,none,721e3c494613d3aa378fb20e47d69b51245b538e
esol,c61121c1c8eea03b,ClC1=C(Cl)C2(Cl)C3C4C=CC(C4)C3C1(Cl)C2(Cl)Cl,aqueous_solubility,log10(mol/L),train,,-6.307000160217285,-6.258198086023333,-7.332960067510612,-5.183436104536053,random,2027,rf_rdkit,random_forest,rdkit,none,721e3c494613d3aa378fb20e47d69b51245b538e
esol,602d941d17fdc2a1,ClC1=C(Cl)C2(Cl)C3C4CC(C5OC45)C3C1(Cl)C2(Cl)Cl,aqueous_solubility,log10(mol/L),train,,-6.289999961853027,-6.0894259840249765,-7.164187965512256,-5.014664002537697,random,2027,rf_rdkit,random_forest,rdkit,none,721e3c494613d3aa378fb20e47d69b51245b538e
esol,c0c11f69a53518bf,ClC1=C(Cl)C2(Cl)C3CC=CC3C1(Cl)C2(Cl)Cl,aqueous_solubility,log10(mol/L),train,,-5.639999866485596,-5.800951915264119,-6.875713896751399,-4.72618993377684,random,2027,rf_rdkit,random_forest,rdkit,none,721e3c494613d3aa378fb20e47d69b51245b538e
esol,acc3e463d708804a,ClC1C(Cl)C(Cl)C(Cl)C(Cl)C1Cl,aqueous_solubility,log10(mol/L),test,,-4.639999866485596,-4.49687401658669,-5.57163599807397,-3.4221120350994108,random,2027,rf_rdkit,random_forest,rdkit,none,721e3c494613d3aa378fb20e47d69b51245b538e
esol,d8c7cd86e810e44c,ClC=C(Cl)Cl,aqueous_solubility,log10(mol/L),train,,-1.9600000381469727,-2.0120400221347863,-3.086802003622066,-0.9372780406475067,random,2027,rf_rdkit,random_forest,rdkit,none,721e3c494613d3aa378fb20e47d69b51245b538e
esol,799ae202d8673e0d,ClCBr,aqueous_solubility,log10(mol/L),train,,-0.8899999856948853,-1.0122719944268406,-2.08703397591412,0.062489987060438956,random,2027,rf_rdkit,random_forest,rdkit,none,721e3c494613d3aa378fb20e47d69b51245b538e
esol,2f88b15161704fe1,ClCC(Cl)(Cl)Cl,aqueous_solubility,log10(mol/L),train,,-2.180000066757202,-2.2736640458106967,-3.3484260272979762,-1.1989020643234172,random,2027,rf_rdkit,random_forest,rdkit,none,721e3c494613d3aa378fb20e47d69b51245b538e
esol,a707f7db404f8b28,ClCC(Cl)Cl,aqueous_solubility,log10(mol/L),train,,-1.4800000190734863,-1.5783740149587435,-2.6531359964460233,-0.503612033471464,random,2027,rf_rdkit,random_forest,rdkit,none,721e3c494613d3aa378fb20e47d69b51245b538e
esol,8842b999c889ea96,ClCCBr,aqueous_solubility,log10(mol/L),train,,-1.3200000524520874,-1.3492740338593812,-2.424036015346661,-0.27451205237210163,random,2027,rf_rdkit,random_forest,rdkit,none,721e3c494613d3aa378fb20e47d69b51245b538e
esol,02febcd9230316dc,ClCCCCl,aqueous_solubility,log10(mol/L),validation,,-1.6200000047683716,-1.6542960106059925,-2.729057992093272,-0.579534029118713,random,2027,rf_rdkit,random_forest,rdkit,none,721e3c494613d3aa378fb20e47d69b51245b538e
esol,9568f991b43a2bb3,ClCCCl,aqueous_solubility,log10(mol/L),test,,-1.059999942779541,-1.1910640109628463,-2.265825992450126,-0.11630202947556678,random,2027,rf_rdkit,random_forest,rdkit,none,721e3c494613d3aa378fb20e47d69b51245b538e
esol,ff331298818c6b38,ClCCl,aqueous_solubility,log10(mol/L),train,,-0.6299999952316284,-0.7643899972885961,-1.8391519787758757,0.3103719841986834,random,2027,rf_rdkit,random_forest,rdkit,none,721e3c494613d3aa378fb20e47d69b51245b538e
esol,aafa74db54a6879c,ClCc1ccccc1,aqueous_solubility,log10(mol/L),train,,-2.390000104904175,-2.4115020728558307,-3.4862640543431103,-1.3367400913685512,random,2027,rf_rdkit,random_forest,rdkit,none,721e3c494613d3aa378fb20e47d69b51245b538e
esol,f7d72e8c224bfbc6,Clc1c(Cl)c(Cl)c(-c2c(Cl)c(Cl)c(Cl)c(Cl)c2Cl)c(Cl)c1Cl,aqueous_solubility,log10(mol/L),train,,-11.600000381469727,-10.329768168926233,-11.404530150413512,-9.255006187438953,random,2027,rf_rdkit,random_forest,rdkit,none,721e3c494613d3aa378fb20e47d69b51245b538e
esol,d6d8debb73fe7fc2,Clc1c(Cl)c(Cl)c(-c2ccccc2)c(Cl)c1Cl,aqueous_solubility,log10(mol/L),train,,-7.920000076293945,-7.755426041364657,-8.830188022851937,-6.680664059877378,random,2027,rf_rdkit,random_forest,rdkit,none,721e3c494613d3aa378fb20e47d69b51245b538e
esol,8d2e833fc0a927e0,Clc1c(Cl)c(Cl)c2nccnc2c1Cl,aqueous_solubility,log10(mol/L),calibration,,-5.429999828338623,-4.811346012294292,-5.886107993781572,-3.7365840308070126,random,2027,rf_rdkit,random_forest,rdkit,none,721e3c494613d3aa378fb20e47d69b51245b538e
esol,2961e60af2c2e639,Clc1cc(-c2cc(Cl)c(Cl)c(Cl)c2Cl)c(Cl)c(Cl)c1Cl,aqueous_solubility,log10(mol/L),validation,,-9.15999984741211,-8.560411852836609,-9.635173834323888,-7.485649871349329,random,2027,rf_rdkit,random_forest,rdkit,none,721e3c494613d3aa378fb20e47d69b51245b538e
esol,774278a3eb0e299f,Clc1cc(Cl)c(-c2c(Cl)cc(Cl)cc2Cl)c(Cl)c1,aqueous_solubility,log10(mol/L),train,,-8.710000038146973,-8.371600071907043,-9.446362053394322,-7.296838090419763,random,2027,rf_rdkit,random_forest,rdkit,none,721e3c494613d3aa378fb20e47d69b51245b538e
esol,65c97c9a853ac7b7,Clc1cc(Cl)c(-c2c(Cl)cccc2Cl)c(Cl)c1,aqueous_solubility,log10(mol/L),train,,-7.320000171661377,-7.412158082962014,-8.486920064449293,-6.337396101474734,random,2027,rf_rdkit,random_forest,rdkit,none,721e3c494613d3aa378fb20e47d69b51245b538e
esol,e95750f09c02f459,Clc1cc(Cl)c(-c2cc(Cl)c(Cl)cc2Cl)cc1Cl,aqueous_solubility,log10(mol/L),train,,-8.5600004196167,-8.3649362869263,-9.43969826841358,-7.29017430543902,random,2027,rf_rdkit,random_forest,rdkit,none,721e3c494613d3aa378fb20e47d69b51245b538e
esol,b157946c30a80eb4,Clc1cc(Cl)c(-c2cccc(Cl)c2Cl)cc1Cl,aqueous_solubility,log10(mol/L),train,,-7.210000038146973,-7.387100049972563,-8.461862031459843,-6.312338068485284,random,2027,rf_rdkit,random_forest,rdkit,none,721e3c494613d3aa378fb20e47d69b51245b538e
esol,a0bcec40342b3841,Clc1cc(Cl)c(Cl)c(-c2c(Cl)c(Cl)cc(Cl)c2Cl)c1Cl,aqueous_solubility,log10(mol/L),train,,-9.149999618530273,-8.835815779685959,-9.910577761173238,-7.761053798198679,random,2027,rf_rdkit,random_forest,rdkit,none,721e3c494613d3aa378fb20e47d69b51245b538e
esol,2616b1e4874424ae,Clc1cc(Cl)c(Cl)c(Cl)c1,aqueous_solubility,log10(mol/L),train,,-4.630000114440918,-4.602898084163669,-5.677660065650948,-3.528136102676389,random,2027,rf_rdkit,random_forest,rdkit,none,721e3c494613d3aa378fb20e47d69b51245b538e
esol,4ae057200d12c27a,Clc1cc(Cl)c(Cl)c(Cl)c1Cl,aqueous_solubility,log10(mol/L),calibration,,-5.650000095367432,-4.967942062139515,-6.042704043626794,-3.893180080652235,random,2027,rf_rdkit,random_forest,rdkit,none,721e3c494613d3aa378fb20e47d69b51245b538e
esol,0c3f97461e3a6ac5,Clc1cc(Cl)c(Cl)cc1Cl,aqueous_solubility,log10(mol/L),train,,-5.559999942779541,-5.262467989921586,-6.337229971408865,-4.187706008434306,random,2027,rf_rdkit,random_forest,rdkit,none,721e3c494613d3aa378fb20e47d69b51245b538e
esol,2ed6ea5c9ed07a30,Clc1cc(Cl)cc(Cl)c1,aqueous_solubility,log10(mol/L),train,,-4.480000019073486,-4.20639200097322,-5.281153982460499,-3.1316300194859403,random,2027,rf_rdkit,random_forest,rdkit,none,721e3c494613d3aa378fb20e47d69b51245b538e
esol,c0af4f765a7a2f7b,Clc1ccc(-c2c(Cl)c(Cl)c(Cl)c(Cl)c2Cl)c(Cl)c1,aqueous_solubility,log10(mol/L),test,,-7.920000076293945,-7.790745901107797,-8.865507882595075,-6.715983919620517,random,2027,rf_rdkit,random_forest,rdkit,none,721e3c494613d3aa378fb20e47d69b51245b538e
esol,b77c693b7971506a,Clc1ccc(-c2c(Cl)cc(Cl)c(Cl)c2Cl)c(Cl)c1Cl,aqueous_solubility,log10(mol/L),train,,-7.659999847412109,-7.787251884460463,-8.862013865947741,-6.712489902973183,random,2027,rf_rdkit,random_forest,rdkit,none,721e3c494613d3aa378fb20e47d69b51245b538e
esol,74e4508e371d2f48,Clc1ccc(-c2c(Cl)ccc(Cl)c2Cl)c(Cl)c1,aqueous_solubility,log10(mol/L),train,,-7.429999828338623,-7.401229914665246,-8.475991896152525,-6.326467933177966,random,2027,rf_rdkit,random_forest,rdkit,none,721e3c494613d3aa378fb20e47d69b51245b538e
esol,cb495e06db8d7232,Clc1ccc(-c2c(Cl)cccc2Cl)cc1,aqueous_solubility,log10(mol/L),train,,-6.139999866485596,-6.149253914356246,-7.224015895843525,-5.074491932868966,random,2027,rf_rdkit,random_forest,rdkit,none,721e3c494613d3aa378fb20e47d69b51245b538e
esol,5ee831f51afeddb2,Clc1ccc(-c2cc(Cl)c(Cl)c(Cl)c2Cl)c(Cl)c1,aqueous_solubility,log10(mol/L),train,,-7.389999866485596,-7.535939908981344,-8.610701890468624,-6.461177927494065,random,2027,rf_rdkit,random_forest,rdkit,none,721e3c494613d3aa378fb20e47d69b51245b538e
esol,1a12f3f13f6a0e9e,Clc1ccc(-c2cc(Cl)c(Cl)c(Cl)c2Cl)cc1Cl,aqueous_solubility,log10(mol/L),calibration,,-7.820000171661377,-7.697334016799941,-8.77209599828722,-6.622572035312661,random,2027,rf_rdkit,random_forest,rdkit,none,721e3c494613d3aa378fb20e47d69b51245b538e
esol,8518e78fe40ac045,Clc1ccc(-c2cc(Cl)ccc2Cl)c(Cl)c1,aqueous_solubility,log10(mol/L),validation,,-6.570000171661377,-6.9528979549407905,-8.02765993642807,-5.878135973453511,random,2027,rf_rdkit,random_forest,rdkit,none,721e3c494613d3aa378fb20e47d69b51245b538e
esol,9f1b9d25fb44f83d,Clc1ccc(-c2cc(Cl)ccc2Cl)cc1,aqueous_solubility,log10(mol/L),train,,-6.25,-6.2145539827346905,-7.28931596422197,-5.139792001247411,random,2027,rf_rdkit,random_forest,rdkit,none,721e3c494613d3aa378fb20e47d69b51245b538e
esol,22cebd56a1304897,Clc1ccc(-c2ccc(Cl)c(Cl)c2Cl)c(Cl)c1,aqueous_solubility,log10(mol/L),train,,-7.800000190734863,-7.628040121078511,-8.70280210256579,-6.553278139591232,random,2027,rf_rdkit,random_forest,rdkit,none,721e3c494613d3aa378fb20e47d69b51245b538e
esol,7095be81338edf2f,Clc1ccc(-c2ccc(Cl)c(Cl)c2Cl)c(Cl)c1Cl,aqueous_solubility,log10(mol/L),train,,-8.010000228881836,-7.964712146759042,-9.039474128246322,-6.889950165271762,random,2027,rf_rdkit,random_forest,rdkit,none,721e3c494613d3aa378fb20e47d69b51245b538e
esol,ce368bfaa7504ff6,Clc1ccc(-c2ccc(Cl)cc2)cc1,aqueous_solubility,log10(mol/L),train,,-6.559999942779541,-6.176853968620314,-7.251615950107594,-5.102091987133035,random,2027,rf_rdkit,random_forest,rdkit,none,721e3c494613d3aa378fb20e47d69b51245b538e
esol,6f8edbb2bf0f81e8,Clc1ccc(-c2cccc(Cl)c2Cl)cc1,aqueous_solubility,log10(mol/L),train,,-6.289999961853027,-6.243509958267195,-7.318271939754474,-5.168747976779915,random,2027,rf_rdkit,random_forest,rdkit,none,721e3c494613d3aa378fb20e47d69b51245b538e
esol,f833b27b81b2d3f3,Clc1ccc(-c2ccccc2)cc1Cl,aqueous_solubility,log10(mol/L),train,,-6.389999866485596,-6.079129930973046,-7.153891912460326,-5.004367949485767,random,2027,rf_rdkit,random_forest,rdkit,none,721e3c494613d3aa378fb20e47d69b51245b538e
esol,8746749198ee72df,Clc1ccc(-c2ccccc2Cl)cc1,aqueous_solubility,log10(mol/L),train,,-5.28000020980835,-5.449446116987611,-6.52420809847489,-4.374684135500331,random,2027,rf_rdkit,random_forest,rdkit,none,721e3c494613d3aa378fb20e47d69b51245b538e
esol,2552a8a5c530456d,Clc1ccc(Br)cc1,aqueous_solubility,log10(mol/L),test,,-3.630000114440918,-3.2882900125980394,-4.363051994085319,-2.21352803111076,random,2027,rf_rdkit,random_forest,rdkit,none,721e3c494613d3aa378fb20e47d69b51245b538e
esol,18756f35eaee5f67,Clc1ccc(C(c2ccc(Cl)cc2)C(Cl)(Cl)Cl)cc1,aqueous_solubility,log10(mol/L),train,,-7.150000095367432,-7.063538057565702,-8.138300039052982,-5.988776076078422,random,2027,rf_rdkit,random_forest,rdkit,none,721e3c494613d3aa378fb20e47d69b51245b538e
esol,d83db8991c46c008,Clc1ccc(C(c2ccc(Cl)cc2)C(Cl)Cl)cc1,aqueous_solubility,log10(mol/L),train,,-7.199999809265137,-6.943011905431724,-8.017773886919002,-5.868249923944444,random,2027,rf_rdkit,random_forest,rdkit,none,721e3c494613d3aa378fb20e47d69b51245b538e
esol,ee7e8b5757931b2a,Clc1ccc(C(c2ccccc2Cl)C(Cl)Cl)cc1,aqueous_solubility,log10(mol/L),train,,-6.510000228881836,-6.5320361270904375,-7.606798108577717,-5.457274145603158,random,2027,rf_rdkit,random_forest,rdkit,none,721e3c494613d3aa378fb20e47d69b51245b538e
esol,cbeeaf51493722da,Clc1ccc(Cl)c(-c2c(Cl)c(Cl)c(Cl)c(Cl)c2Cl)c1,aqueous_solubility,log10(mol/L),calibration,,-8.9399995803833,-7.794129891395578,-8.868891872882857,-6.719367909908298,random,2027,rf_rdkit,random_forest,rdkit,none,721e3c494613d3aa378fb20e47d69b51245b538e
esol,4b1903b76dbb120d,Clc1ccc(Cl)c(-c2c(Cl)c(Cl)cc(Cl)c2Cl)c1,aqueous_solubility,log10(mol/L),validation,,-7.420000076293945,-7.680307952880873,-8.755069934368152,-6.605545971393593,random,2027,rf_rdkit,random_forest,rdkit,none,721e3c494613d3aa378fb20e47d69b51245b538e
esol,645ccf5d504a0dec,Clc1ccc(Cl)c(-c2cc(Cl)c(Cl)c(Cl)c2Cl)c1,aqueous_solubility,log10(mol/L),train,,-7.679999828338623,-7.644019879341136,-8.718781860828415,-6.5692578978538565,random,2027,rf_rdkit,random_forest,rdkit,none,721e3c494613d3aa378fb20e47d69b51245b538e
esol,3c9ca7c6d703a964,Clc1ccc(Cl)c(-c2ccc(Cl)c(Cl)c2)c1,aqueous_solubility,log10(mol/L),train,,-7.25,-7.002247964858983,-8.077009946346262,-5.927485983371703,random,2027,rf_rdkit,random_forest,rdkit,none,721e3c494613d3aa378fb20e47d69b51245b538e
esol,35e214a2d4a10c28,Clc1ccc(Cl)c(-c2cccc(Cl)c2Cl)c1,aqueous_solubility,log10(mol/L),train,,-6.46999979019165,-6.689191869735725,-7.763953851223005,-5.614429888248446,random,2027,rf_rdkit,random_forest,rdkit,none,721e3c494613d3aa378fb20e47d69b51245b538e
esol,33236e25aeefc7f1,Clc1ccc(Cl)c(Cl)c1,aqueous_solubility,log10(mol/L),train,,-3.5899999141693115,-3.6398819469213506,-4.714643928408631,-2.565119965434071,random,2027,rf_rdkit,random_forest,rdkit,none,721e3c494613d3aa378fb20e47d69b51245b538e
esol,a3a6b3e68efa0c93,Clc1ccc(Cl)c(Cl)c1Cl,aqueous_solubility,log10(mol/L),train,,-4.570000171661377,-4.6389901242256295,-5.713752105712909,-3.56422814273835,random,2027,rf_rdkit,random_forest,rdkit,none,721e3c494613d3aa378fb20e47d69b51245b538e
esol,815634865cf712a3,Clc1ccc(Cl)cc1,aqueous_solubility,log10(mol/L),train,,-3.2699999809265137,-3.2356059842109683,-4.310367965698248,-2.160844002723689,random,2027,rf_rdkit,random_forest,rdkit,none,721e3c494613d3aa378fb20e47d69b51245b538e
esol,ae221f98af80122f,Clc1ccc(I)cc1,aqueous_solubility,log10(mol/L),calibration,,-4.03000020980835,-3.590307975530624,-4.665069957017904,-2.5155459940433444,random,2027,rf_rdkit,random_forest,rdkit,none,721e3c494613d3aa378fb20e47d69b51245b538e
esol,45b800e2f19955f8,Clc1ccc2ccccc2c1,aqueous_solubility,log10(mol/L),calibration,,-4.139999866485596,-3.819208028316498,-4.893970009803778,-2.7444460468292187,random,2027,rf_rdkit,random_forest,rdkit,none,721e3c494613d3aa378fb20e47d69b51245b538e
esol,eb7d09b2417f6c70,Clc1cccc(-c2c(Cl)c(Cl)cc(Cl)c2Cl)c1Cl,aqueous_solubility,log10(mol/L),calibration,,-8.600000381469727,-7.7619079980850305,-8.83666997957231,-6.687146016597751,random,2027,rf_rdkit,random_forest,rdkit,none,721e3c494613d3aa378fb20e47d69b51245b538e
esol,70ccc7bf4de46f33,Clc1cccc(-c2cc(Cl)ccc2Cl)c1,aqueous_solubility,log10(mol/L),test,,-6.010000228881836,-6.153239970803266,-7.228001952290546,-5.078477989315987,random,2027,rf_rdkit,random_forest,rdkit,none,721e3c494613d3aa378fb20e47d69b51245b538e
esol,99327cae5414d340,Clc1cccc(-c2cccc(Cl)c2Cl)c1Cl,aqueous_solubility,log10(mol/L),calibration,,-7.28000020980835,-7.025765969276437,-8.100527950763716,-5.951003987789157,random,2027,rf_rdkit,random_forest,rdkit,none,721e3c494613d3aa378fb20e47d69b51245b538e
esol,8e2dcd65ee407c2e,Clc1cccc(-c2ccccc2)c1,aqueous_solubility,log10(mol/L),train,,-4.880000114440918,-4.813848068475712,-5.888610049962992,-3.739086086988433,random,2027,rf_rdkit,random_forest,rdkit,none,721e3c494613d3aa378fb20e47d69b51245b538e
esol,78d46e77b5e487ad,Clc1cccc(Br)c1,aqueous_solubility,log10(mol/L),test,,-3.2100000381469727,-3.203630010247231,-4.278391991734511,-2.1288680287599515,random,2027,rf_rdkit,random_forest,rdkit,none,721e3c494613d3aa378fb20e47d69b51245b538e
esol,8efb6c83a60e44a4,Clc1cccc(C(Cl)(Cl)Cl)n1,aqueous_solubility,log10(mol/L),train,,-3.759999990463257,-3.701234000861641,-4.77599598234892,-2.6264720193743614,random,2027,rf_rdkit,random_forest,rdkit,none,721e3c494613d3aa378fb20e47d69b51245b538e
esol,cb0d1003dc0467b1,Clc1cccc(Cl)c1,aqueous_solubility,log10(mol/L),train,,-3.0399999618530273,-3.0522539687156676,-4.1270159502029475,-1.977491987228388,random,2027,rf_rdkit,random_forest,rdkit,none,721e3c494613d3aa378fb20e47d69b51245b538e
esol,199ff11278c6332f,Clc1cccc(Cl)c1-c1c(Cl)cccc1Cl,aqueous_solubility,log10(mol/L),train,,-7.389999866485596,-7.259293913841265,-8.334055895328545,-6.184531932353986,random,2027,rf_rdkit,random_forest,rdkit,none,721e3c494613d3aa378fb20e47d69b51245b538e
esol,482eb7682ff0e92b,Clc1cccc(Cl)c1-c1ccccc1,aqueous_solubility,log10(mol/L),train,,-5.210000038146973,-5.429124025344844,-6.503886006832124,-4.354362043857565,random,2027,rf_rdkit,random_forest,rdkit,none,721e3c494613d3aa378fb20e47d69b51245b538e
esol,ff600f65c6e69d2a,Clc1cccc(Cl)c1Cl,aqueous_solubility,log10(mol/L),test,,-4.0,-3.801527980327604,-4.876289961814884,-2.7267659988403246,random,2027,rf_rdkit,random_forest,rdkit,none,721e3c494613d3aa378fb20e47d69b51245b538e
esol,c88faf6d6d8a4214,Clc1cccc(I)c1,aqueous_solubility,log10(mol/L),train,,-3.549999952316284,-3.521137964367866,-4.5958999458551455,-2.4463759828805864,random,2027,rf_rdkit,random_forest,rdkit,none,721e3c494613d3aa378fb20e47d69b51245b538e
esol,22332e2b89c83c5f,Clc1cccc2ccccc12,aqueous_solubility,log10(mol/L),train,,-3.930000066757202,-3.9680660433769255,-5.042828024864205,-2.893304061889646,random,2027,rf_rdkit,random_forest,rdkit,none,721e3c494613d3aa378fb20e47d69b51245b538e
esol,d52f3f9c11639cc6,Clc1ccccc1,aqueous_solubility,log10(mol/L),train,,-2.380000114440918,-2.392746071353559,-3.4675080528408384,-1.3179840898662794,random,2027,rf_rdkit,random_forest,rdkit,none,721e3c494613d3aa378fb20e47d69b51245b538e
esol,cc6468679450f933,Clc1ccccc1-c1ccccc1,aqueous_solubility,log10(mol/L),train,,-4.539999961853027,-4.688900000572194,-5.763661982059474,-3.6141380190849146,random,2027,rf_rdkit,random_forest,rdkit,none,721e3c494613d3aa378fb20e47d69b51245b538e
esol,1f96112c7da52a22,Clc1ccccc1-c1ccccc1Cl,aqueous_solubility,log10(mol/L),validation,,-5.269999980926514,-5.534660040378567,-6.609422021865846,-4.459898058891287,random,2027,rf_rdkit,random_forest,rdkit,none,721e3c494613d3aa378fb20e47d69b51245b538e
esol,d77b9b0620096cb1,Clc1ccccc1Br,aqueous_solubility,log10(mol/L),train,,-3.190000057220459,-3.19961003279686,-4.27437201428414,-2.1248480513095807,random,2027,rf_rdkit,random_forest,rdkit,none,721e3c494613d3aa378fb20e47d69b51245b538e
esol,ca929f1a7e270264,Clc1ccccc1Cl,aqueous_solubility,log10(mol/L),train,,-3.049999952316284,-3.0516619668006895,-4.126423948287969,-1.97689998531341,random,2027,rf_rdkit,random_forest,rdkit,none,721e3c494613d3aa378fb20e47d69b51245b538e
esol,d42088fe993e3c16,Clc1ccccc1I,aqueous_solubility,log10(mol/L),train,,-3.5399999618530273,-3.5016579732894875,-4.576419954776767,-2.426895991802208,random,2027,rf_rdkit,random_forest,rdkit,none,721e3c494613d3aa378fb20e47d69b51245b538e
esol,4334fadd67deac29,Cn1c(=O)c2[nH]cnc2n(C)c1=O,aqueous_solubility,log10(mol/L),train,,-1.3899999856948853,-1.4915219889618485,-2.566283970449128,-0.416760007474569,random,2027,rf_rdkit,random_forest,rdkit,none,721e3c494613d3aa378fb20e47d69b51245b538e
esol,100f62324cf1989a,Cn1c(=O)c2c(ncn2C)n(C)c1=O,aqueous_solubility,log10(mol/L),train,,-0.8759999871253967,-1.1911679898314054,-2.265929971318685,-0.11640600834412584,random,2027,rf_rdkit,random_forest,rdkit,none,721e3c494613d3aa378fb20e47d69b51245b538e
esol,74f764e5b66b2fb7,Cn1c(=O)c2c(ncn2CC(O)CO)n(C)c1=O,aqueous_solubility,log10(mol/L),train,,-0.17000000178813934,-0.7780760025382185,-1.852837984025498,0.296685978949061,random,2027,rf_rdkit,random_forest,rdkit,none,721e3c494613d3aa378fb20e47d69b51245b538e
esol,815a38abaf9ec4b7,Cn1c(=O)on(-c2ccc(Cl)c(Cl)c2)c1=O,aqueous_solubility,log10(mol/L),validation,,-2.819999933242798,-3.1033080030232667,-4.178069984510547,-2.028546021535987,random,2027,rf_rdkit,random_forest,rdkit,none,721e3c494613d3aa378fb20e47d69b51245b538e
esol,49b2a1fbf2e41a7a,Cn1cc(-c2ccccc2)c(=O)c(-c2cccc(C(F)(F)F)c2)c1,aqueous_solubility,log10(mol/L),validation,,-4.445000171661377,-4.899031983852385,-5.973793965339665,-3.8242700023651057,random,2027,rf_rdkit,random_forest,rdkit,none,721e3c494613d3aa378fb20e47d69b51245b538e
esol,f3e6689447a36e81,Cn1ccc(=O)[nH]c1=O,aqueous_solubility,log10(mol/L),test,,-0.8069999814033508,-1.358238015051934,-2.4329999965392135,-0.28347603356465445,random,2027,rf_rdkit,random_forest,rdkit,none,721e3c494613d3aa378fb20e47d69b51245b538e
esol,4025a4d6efb5259a,Cn1cnc2c1c(=O)[nH]c(=O)n2C,aqueous_solubility,log10(mol/L),calibration,,-2.5230000019073486,-1.6417539944164472,-2.716515975903727,-0.5669920129291677,random,2027,rf_rdkit,random_forest,rdkit,none,721e3c494613d3aa378fb20e47d69b51245b538e
esol,d2eee638c5fa61ad,FC(F)(Cl)C(F)(Cl)Cl,aqueous_solubility,log10(mol/L),train,,-3.0399999618530273,-2.919749979794026,-3.9945119612813054,-1.8449879983067463,random,2027,rf_rdkit,random_forest,rdkit,none,721e3c494613d3aa378fb20e47d69b51245b538e
esol,105d6d24139d1acd,FC(F)(Cl)C(F)(F)Cl,aqueous_solubility,log10(mol/L),train,,-2.740000009536743,-2.681014004826544,-3.7557759863138234,-1.6062520233392643,random,2027,rf_rdkit,random_forest,rdkit,none,721e3c494613d3aa378fb20e47d69b51245b538e
esol,02db24b7bbfd7402,FC(F)(F)C(Cl)Br,aqueous_solubility,log10(mol/L),test,,-1.7100000381469727,-2.344657998163253,-3.4194199796505327,-1.2698960166759736,random,2027,rf_rdkit,random_forest,rdkit,none,721e3c494613d3aa378fb20e47d69b51245b538e
esol,db15bed8f8ac2fa5,FC(F)(F)c1ccccc1,aqueous_solubility,log10(mol/L),validation,,-2.509999990463257,-2.5978879990279675,-3.672649980515247,-1.523126017540688,random,2027,rf_rdkit,random_forest,rdkit,none,721e3c494613d3aa378fb20e47d69b51245b538e
esol,b10b42eecfc867c6,Fc1ccc(F)cc1,aqueous_solubility,log10(mol/L),train,,-1.9700000286102295,-1.981346016883854,-3.0561079983711332,-0.9065840353965744,random,2027,rf_rdkit,random_forest,rdkit,none,721e3c494613d3aa378fb20e47d69b51245b538e
esol,ca29ab8bab4202a6,Fc1cccc(Br)c1,aqueous_solubility,log10(mol/L),train,,-2.6700000762939453,-2.612616054654125,-3.6873780361414044,-1.5378540731668453,random,2027,rf_rdkit,random_forest,rdkit,none,721e3c494613d3aa378fb20e47d69b51245b538e
esol,9b9e86ab0c3b7436,Fc1cccc(F)c1,aqueous_solubility,log10(mol/L),train,,-2.0,-1.9951140014529203,-3.0698759829402,-0.9203520199656408,random,2027,rf_rdkit,random_forest,rdkit,none,721e3c494613d3aa378fb20e47d69b51245b538e
esol,9ef5e809c1cc37a8,Fc1ccccc1,aqueous_solubility,log10(mol/L),train,,-1.7999999523162842,-1.757863971695302,-2.8326259531825815,-0.6831019902080224,random,2027,rf_rdkit,random_forest,rdkit,none,721e3c494613d3aa378fb20e47d69b51245b538e
esol,c6e4a122702ad957,Fc1ccccc1Br,aqueous_solubility,log10(mol/L),train,,-2.700000047683716,-2.6265020412430204,-3.7012640227303,-1.551740059755741,random,2027,rf_rdkit,random_forest,rdkit,none,721e3c494613d3aa378fb20e47d69b51245b538e
esol,dd1f99766897a9a2,ICI,aqueous_solubility,log10(mol/L),validation,,-2.3399999141693115,-2.1822899889796963,-3.257051970466976,-1.1075280074924168,random,2027,rf_rdkit,random_forest,rdkit,none,721e3c494613d3aa378fb20e47d69b51245b538e
esol,3ab248fecad2cfcc,Ic1cccc2ccccc12,aqueous_solubility,log10(mol/L),train,,-4.550000190734863,-4.378764116764068,-5.453526098251348,-3.3040021352767885,random,2027,rf_rdkit,random_forest,rdkit,none,721e3c494613d3aa378fb20e47d69b51245b538e
esol,bc20dafaf54360d0,Ic1ccccc1,aqueous_solubility,log10(mol/L),train,,-3.009999990463257,-2.910153996944428,-3.9849159784317076,-1.8353920154571486,random,2027,rf_rdkit,random_forest,rdkit,none,721e3c494613d3aa378fb20e47d69b51245b538e
esol,2c92806a2902f400,N#CC(Cl)(Cl)Cl,aqueous_solubility,log10(mol/L),train,,-2.1679999828338623,-2.0531719911992576,-3.127933972686537,-0.9784100097119781,random,2027,rf_rdkit,random_forest,rdkit,none,721e3c494613d3aa378fb20e47d69b51245b538e
esol,85031b7bb2a70254,N#CC(OC1OC(COC2OC(CO)C(O)C(O)C2O)C(O)C(O)C1O)c1ccccc1,aqueous_solubility,log10(mol/L),train,,-0.7699999809265137,-1.089645986914624,-2.1644079684019033,-0.014884005427344471,random,2027,rf_rdkit,random_forest,rdkit,none,721e3c494613d3aa378fb20e47d69b51245b538e
esol,e9839d44c23ebe38,N#CCCCl,aqueous_solubility,log10(mol/L),train,,-0.28999999165534973,-0.4355499964803471,-1.5103119779676266,0.6392119850069324,random,2027,rf_rdkit,random_forest,rdkit,none,721e3c494613d3aa378fb20e47d69b51245b538e
esol,9e6f7a062ea6ba54,N#CCCl,aqueous_solubility,log10(mol/L),train,,-0.09200000017881393,-0.20402400068939075,-1.2787859821766703,0.8707379807978888,random,2027,rf_rdkit,random_forest,rdkit,none,721e3c494613d3aa378fb20e47d69b51245b538e
esol,5529331eae217480,N#CN=C(N)N,aqueous_solubility,log10(mol/L),validation,,-0.3100000023841858,0.05249000103771895,-1.0222719804495606,1.1272519825249985,random,2027,rf_rdkit,random_forest,rdkit,none,721e3c494613d3aa378fb20e47d69b51245b538e
esol,98ce09904f0cd677,N#Cc1c(Cl)c(Cl)c(Cl)c(C#N)c1Cl,aqueous_solubility,log10(mol/L),test,,-5.639999866485596,-4.439882026616484,-5.5146440081037635,-3.3651200451292045,random,2027,rf_rdkit,random_forest,rdkit,none,721e3c494613d3aa378fb20e47d69b51245b538e
esol,f7eb31053f664583,N#Cc1cc(Br)c(O)c(Br)c1,aqueous_solubility,log10(mol/L),train,,-3.3299999237060547,-3.14522395414114,-4.2199859356284195,-2.0704619726538604,random,2027,rf_rdkit,random_forest,rdkit,none,721e3c494613d3aa378fb20e47d69b51245b538e
esol,dd860792cadf3093,N#Cc1cc(I)c(O)c(I)c1,aqueous_solubility,log10(mol/L),test,,-3.609999895095825,-3.072923974081874,-4.147685955569154,-1.9981619925945946,random,2027,rf_rdkit,random_forest,rdkit,none,721e3c494613d3aa378fb20e47d69b51245b538e
esol,5533344c324d3435,N#Cc1ccccc1,aqueous_solubility,log10(mol/L),train,,-1.0,-1.0882900043949486,-2.163051985882228,-0.01352802290766908,random,2027,rf_rdkit,random_forest,rdkit,none,721e3c494613d3aa378fb20e47d69b51245b538e
esol,66c6f633624542b8,N#Cc1ccccc1C#N,aqueous_solubility,log10(mol/L),train,,-2.380000114440918,-2.103480075143283,-3.1782420566305625,-1.0287180936560034,random,2027,rf_rdkit,random_forest,rdkit,none,721e3c494613d3aa378fb20e47d69b51245b538e
esol,5f065dfe6c5d67ee,N=C(N)NS(=O)(=O)c1ccc(N)cc1,aqueous_solubility,log10(mol/L),validation,,-1.9900000095367432,-2.0742540033496923,-3.149015984836972,-0.9994920218624128,random,2027,rf_rdkit,random_forest,rdkit,none,721e3c494613d3aa378fb20e47d69b51245b538e
esol,8f9adffcd0a5a36e,NC(=O)CCl,aqueous_solubility,log10(mol/L),validation,,-0.019999999552965164,-0.08411800000071956,-1.158879981487999,0.99064398148656,random,2027,rf_rdkit,random_forest,rdkit,none,721e3c494613d3aa378fb20e47d69b51245b538e
esol,a9190d547db6a242,NC(=O)NC1NC(=O)NC1=O,aqueous_solubility,log10(mol/L),calibration,,-1.600000023841858,-1.561598004147412,-2.6363599856346918,-0.4868360226601325,random,2027,rf_rdkit,random_forest,rdkit,none,721e3c494613d3aa378fb20e47d69b51245b538e
esol,20e79a0747e391cd,NC(=O)NCc1ccccc1,aqueous_solubility,log10(mol/L),test,,-0.949999988079071,-1.7507599957808853,-2.825521977268165,-0.6759980142936057,random,2027,rf_rdkit,random_forest,rdkit,none,721e3c494613d3aa378fb20e47d69b51245b538e
esol,41b7655c6cb7d7df,NC(=O)c1ccccc1,aqueous_solubility,log10(mol/L),train,,-0.9599999785423279,-0.9770519880056261,-2.0518139694929056,0.09770999348165343,random,2027,rf_rdkit,random_forest,rdkit,none,721e3c494613d3aa378fb20e47d69b51245b538e
esol,22bbce38ab5c479c,NC(=O)c1ccccc1O,aqueous_solubility,log10(mol/L),train,,-1.8200000524520874,-1.6582020319290423,-2.732964013416322,-0.5834400504417627,random,2027,rf_rdkit,random_forest,rdkit,none,721e3c494613d3aa378fb20e47d69b51245b538e
esol,2fc7b7dbeee95b0c,NC(=O)c1cccnc1,aqueous_solubility,log10(mol/L),train,,0.6100000143051147,-0.018969991859043578,-1.093731973346323,1.055791989628236,random,2027,rf_rdkit,random_forest,rdkit,none,721e3c494613d3aa378fb20e47d69b51245b538e
esol,d3f13e32ceadf7ee,NC(=O)c1cnccn1,aqueous_solubility,log10(mol/L),validation,,-0.6669999957084656,-0.778741998516026,-1.8535039800033055,0.29601998297125354,random,2027,rf_rdkit,random_forest,rdkit,none,721e3c494613d3aa378fb20e47d69b51245b538e
esol,14add58d16075efc,NC(=S)Nc1ccccc1,aqueous_solubility,log10(mol/L),train,,-1.7699999809265137,-1.7873099896907805,-2.86207197117806,-0.712548008203501,random,2027,rf_rdkit,random_forest,rdkit,none,721e3c494613d3aa378fb20e47d69b51245b538e
esol,cff6a05057ab433d,NC(N)=O,aqueous_solubility,log10(mol/L),train,,0.9599999785423279,0.7431799870431259,-0.3315819944441536,1.8179419685304055,random,2027,rf_rdkit,random_forest,rdkit,none,721e3c494613d3aa378fb20e47d69b51245b538e
esol,5c937bef90624cba,NC(N)=S,aqueous_solubility,log10(mol/L),train,,0.3199999928474426,0.011855994757272281,-1.0629059867300072,1.0866179762445518,random,2027,rf_rdkit,random_forest,rdkit,none,721e3c494613d3aa378fb20e47d69b51245b538e
esol,8d9f3b8d61c37fad,NNC(=O)c1ccncc1,aqueous_solubility,log10(mol/L),validation,,0.008999999612569809,-1.3274000054597874,-2.4021619869470667,-0.2526380239725079,random,2027,rf_rdkit,random_forest,rdkit,none,721e3c494613d3aa378fb20e47d69b51245b538e
esol,792927bc26e5ee98,NNc1ccccc1,aqueous_solubility,log10(mol/L),train,,0.07000000029802322,-0.38417800058425744,-1.458939982071537,0.6905839809030221,random,2027,rf_rdkit,random_forest,rdkit,none,721e3c494613d3aa378fb20e47d69b51245b538e
esol,13a0d92f513022b0,NS(=O)(=O)c1cc(C2(O)NC(=O)c3ccccc32)ccc1Cl,aqueous_solubility,log10(mol/L),test,,-3.4509999752044678,-3.713741982996463,-4.788503964483743,-2.6389800015091835,random,2027,rf_rdkit,random_forest,rdkit,none,721e3c494613d3aa378fb20e47d69b51245b538e
esol,d1af900dda6b8816,NS(=O)(=O)c1cc2c(cc1C(F)(F)F)NC(Cc1ccccc1)NS2(=O)=O,aqueous_solubility,log10(mol/L),test,,-3.5899999141693115,-4.207792003840208,-5.282553985327487,-3.133030022352928,random,2027,rf_rdkit,random_forest,rdkit,none,721e3c494613d3aa378fb20e47d69b51245b538e
esol,21a70933e40d38d8,NS(=O)(=O)c1cc2c(cc1Cl)N=CNS2(=O)=O,aqueous_solubility,log10(mol/L),calibration,,-3.049999952316284,-2.839600026629865,-3.9143620081171444,-1.7648380451425854,random,2027,rf_rdkit,random_forest,rdkit,none,721e3c494613d3aa378fb20e47d69b51245b538e
esol,4be98313bb8411d6,NS(=O)(=O)c1cc2c(cc1Cl)NC(C(Cl)Cl)NS2(=O)=O,aqueous_solubility,log10(mol/L),test,,-2.680000066757202,-3.451250009626149,-4.526011991113428,-2.3764880281388696,random,2027,rf_rdkit,random_forest,rdkit,none,721e3c494613d3aa378fb20e47d69b51245b538e
esol,6704f9b02657d351,NS(=O)(=O)c1cc2c(cc1Cl)NCNS2(=O)=O,aqueous_solubility,log10(mol/L),train,,-2.630000114440918,-2.7210340607762316,-3.795796042263511,-1.646272079288952,random,2027,rf_rdkit,random_forest,rdkit,none,721e3c494613d3aa378fb20e47d69b51245b538e
esol,d486e39e13c6c365,Nc1cc(N2CCCCC2)nc(N)[n+]1[O-],aqueous_solubility,log10(mol/L),calibration,,-1.9889999628067017,-2.425226003672927,-3.4999879851602067,-1.3504640221856477,random,2027,rf_rdkit,random_forest,rdkit,none,721e3c494613d3aa378fb20e47d69b51245b538e
esol,aceb689c32139048,Nc1cc2c3ccccc3ccc2c2ccccc12,aqueous_solubility,log10(mol/L),train,,-6.199999809265137,-6.131429894268525,-7.206191875755804,-5.056667912781245,random,2027,rf_rdkit,random_forest,rdkit,none,721e3c494613d3aa378fb20e47d69b51245b538e
esol,80c616c2c10da4cc,Nc1cc[nH]c(=O)n1,aqueous_solubility,log10(mol/L),train,,-1.1549999713897705,-1.008661980673677,-2.0834239621609565,0.06610000081360257,random,2027,rf_rdkit,random_forest,rdkit,none,721e3c494613d3aa378fb20e47d69b51245b538e
esol,d3c8a8dbbf41fcef,Nc1ccc(-c2ccc(N)cc2)cc1,aqueous_solubility,log10(mol/L),train,,-2.700000047683716,-3.0768360296338795,-4.151598011121159,-2.0020740481466,random,2027,rf_rdkit,random_forest,rdkit,none,721e3c494613d3aa378fb20e47d69b51245b538e
esol,ddbccadea4def28d,Nc1ccc(Cl)cc1,aqueous_solubility,log10(mol/L),validation,,-1.659999966621399,-1.4810599988698898,-2.5558219803571696,-0.4062980173826103,random,2027,rf_rdkit,random_forest,rdkit,none,721e3c494613d3aa378fb20e47d69b51245b538e
esol,5f061feada924c1b,Nc1ccc(O)cc1,aqueous_solubility,log10(mol/L),train,,-0.800000011920929,-0.6845300095975473,-1.7592919910848268,0.39023197188973224,random,2027,rf_rdkit,random_forest,rdkit,none,721e3c494613d3aa378fb20e47d69b51245b538e
esol,1740fca00afdaeed,Nc1ccc(S(=O)(=O)c2ccc(N)cc2)cc1,aqueous_solubility,log10(mol/L),train,,-3.0940001010894775,-3.179896061152219,-4.254658042639498,-2.1051340796649396,random,2027,rf_rdkit,random_forest,rdkit,none,721e3c494613d3aa378fb20e47d69b51245b538e
esol,672dea3500e56345,Nc1ccc(S(N)(=O)=O)cc1,aqueous_solubility,log10(mol/L),train,,-1.340000033378601,-1.5341980198770684,-2.608960001364348,-0.45943603838978886,random,2027,rf_rdkit,random_forest,rdkit,none,721e3c494613d3aa378fb20e47d69b51245b538e
esol,b1562a3a4e3dbd2b,Nc1ccc([N+](=O)[O-])cc1,aqueous_solubility,log10(mol/L),train,,-2.369999885559082,-2.1941499379165523,-3.268911919403832,-1.1193879564292728,random,2027,rf_rdkit,random_forest,rdkit,none,721e3c494613d3aa378fb20e47d69b51245b538e
esol,7ea90919dd02fbb4,Nc1ccc2cc3ccccc3cc2c1,aqueous_solubility,log10(mol/L),train,,-5.170000076293945,-5.0074340519904945,-6.082196033477774,-3.932672070503215,random,2027,rf_rdkit,random_forest,rdkit,none,721e3c494613d3aa378fb20e47d69b51245b538e
esol,7071d63d842d86c6,Nc1cccc(Cl)c1,aqueous_solubility,log10(mol/L),train,,-1.3700000047683716,-1.4870280029773633,-2.561789984464643,-0.41226602149008373,random,2027,rf_rdkit,random_forest,rdkit,none,721e3c494613d3aa378fb20e47d69b51245b538e
esol,3614002c0eb76c64,Nc1cccc([N+](=O)[O-])c1,aqueous_solubility,log10(mol/L),train,,-2.190000057220459,-2.134920021817091,-3.2096820033043705,-1.0601580403298114,random,2027,rf_rdkit,random_forest,rdkit,none,721e3c494613d3aa378fb20e47d69b51245b538e
esol,fdeaad6aac85a0a2,Nc1cccc2ccccc12,aqueous_solubility,log10(mol/L),train,,-1.9199999570846558,-2.298951977968218,-3.3737139594554977,-1.2241899964809386,random,2027,rf_rdkit,random_forest,rdkit,none,721e3c494613d3aa378fb20e47d69b51245b538e
esol,2ed7e76dec2701ce,Nc1cccc2nc3ccccc3cc12,aqueous_solubility,log10(mol/L),validation,,-4.21999979019165,-3.7195380121469492,-4.794299993634229,-2.6447760306596697,random,2027,rf_rdkit,random_forest,rdkit,none,721e3c494613d3aa378fb20e47d69b51245b538e
esol,a7f3f1e11af18400,Nc1ccccc1,aqueous_solubility,log10(mol/L),train,,-0.4099999964237213,-0.5046760003119646,-1.579437981799244,0.570085981175315,random,2027,rf_rdkit,random_forest,rdkit,none,721e3c494613d3aa378fb20e47d69b51245b538e
esol,2f7de38fb26014ee,Nc1ccccc1Cl,aqueous_solubility,log10(mol/L),test,,-1.5199999809265137,-1.5951019999980873,-2.669863981485367,-0.5203400185108078,random,2027,rf_rdkit,random_forest,rdkit,none,721e3c494613d3aa378fb20e47d69b51245b538e
esol,8cce7ad82c85b377,Nc1ccccc1O,aqueous_solubility,log10(mol/L),train,,-0.7200000286102295,-0.7006620193868973,-1.7754240008741768,0.3740999621003822,random,2027,rf_rdkit,random_forest,rdkit,none,721e3c494613d3aa378fb20e47d69b51245b538e
esol,8c073316e654db6b,Nc1ccccc1[N+](=O)[O-],aqueous_solubility,log10(mol/L),train,,-1.9600000381469727,-1.9802280277609874,-3.054990009248267,-0.9054660462737079,random,2027,rf_rdkit,random_forest,rdkit,none,721e3c494613d3aa378fb20e47d69b51245b538e
esol,d170b211091619c1,Nc1cnn(-c2ccccc2)c(=O)c1Br,aqueous_solubility,log10(mol/L),train,,-3.127000093460083,-3.0381580614075063,-4.112920042894785,-1.9633960799202268,random,2027,rf_rdkit,random_forest,rdkit,none,721e3c494613d3aa378fb20e47d69b51245b538e
esol,364a3d9e736a968c,Nc1cnn(-c2ccccc2)c(=O)c1Cl,aqueous_solubility,log10(mol/L),train,,-2.878000020980835,-2.854922024071217,-3.9296840055584967,-1.7801600425839377,random,2027,rf_rdkit,random_forest,rdkit,none,721e3c494613d3aa378fb20e47d69b51245b538e
esol,2fef74534c90c0fd,Nc1nc(=O)[nH]cc1F,aqueous_solubility,log10(mol/L),train,,-0.972000002861023,-1.1346480013132192,-2.2094099828004987,-0.05988601982593966,random,2027,rf_rdkit,random_forest,rdkit,none,721e3c494613d3aa378fb20e47d69b51245b538e
esol,5167dc273870cd3a,Nc1nc(N)c2nc(-c3ccccc3)c(N)nc2n1,aqueous_solubility,log10(mol/L),train,,-2.4040000438690186,-2.739372022062541,-3.8141340035498206,-1.6646100405752615,random,2027,rf_rdkit,random_forest,rdkit,none,721e3c494613d3aa378fb20e47d69b51245b538e
esol,c363f1a8372173dd,Nc1nc(O)nc2nc[nH]c12,aqueous_solubility,log10(mol/L),train,,-3.4010000228881836,-2.937818010941147,-4.012579992428426,-1.8630560294538676,random,2027,rf_rdkit,random_forest,rdkit,none,721e3c494613d3aa378fb20e47d69b51245b538e
esol,0f42ff187b1e26ff,Nc1nc2[nH]cnc2c(=O)[nH]1,aqueous_solubility,log10(mol/L),train,,-3.5829999446868896,-3.1469539677649734,-4.221715949252253,-2.072191986277694,random,2027,rf_rdkit,random_forest,rdkit,none,721e3c494613d3aa378fb20e47d69b51245b538e
esol,45bfe1eca9942b5f,Nc1nc[nH]n1,aqueous_solubility,log10(mol/L),train,,0.5220000147819519,0.20438600926100392,-0.8703759722262756,1.2791479907482834,random,2027,rf_rdkit,random_forest,rdkit,none,721e3c494613d3aa378fb20e47d69b51245b538e
esol,a5efc882bab6aeb8,Nc1nccs1,aqueous_solubility,log10(mol/L),train,,-0.36000001430511475,-0.4866400096938164,-1.561401991181096,0.5881219717934631,random,2027,rf_rdkit,random_forest,rdkit,none,721e3c494613d3aa378fb20e47d69b51245b538e
esol,292b9554c28881be,Nc1ncnc2c1ccn2C1OC(CO)C(O)C1O,aqueous_solubility,log10(mol/L),validation,,-1.9500000476837158,-2.1438720017969595,-3.218633983284239,-1.06911002030968,random,2027,rf_rdkit,random_forest,rdkit,none,721e3c494613d3aa378fb20e47d69b51245b538e
esol,6c84c1ca795f19ca,Nc1ncnc2nc[nH]c12,aqueous_solubility,log10(mol/L),train,,-2.119999885559082,-2.0597799339368943,-3.134541915424174,-0.9850179524496148,random,2027,rf_rdkit,random_forest,rdkit,none,721e3c494613d3aa378fb20e47d69b51245b538e
esol,690374c4203120f3,O=C(C=CC=Cc1ccc2c(c1)OCO2)N1CCCCC1,aqueous_solubility,log10(mol/L),train,,-3.4600000381469727,-3.6466240197122097,-4.721386001199489,-2.57186203822493,random,2027,rf_rdkit,random_forest,rdkit,none,721e3c494613d3aa378fb20e47d69b51245b538e
esol,f6ac174891d4cbfe,O=C(CC(Cl)Cl)NC1=C(Cl)C(=O)c2ccccc2C1=O,aqueous_solubility,log10(mol/L),train,,-5.03000020980835,-4.695922129213816,-5.7706841107010955,-3.6211601477265365,random,2027,rf_rdkit,random_forest,rdkit,none,721e3c494613d3aa378fb20e47d69b51245b538e
esol,3bd7903f0fc524b9,O=C(Cn1ccnc1[N+](=O)[O-])NCc1ccccc1,aqueous_solubility,log10(mol/L),train,,-2.809999942779541,-2.8290239600241196,-3.903785941511399,-1.75426197853684,random,2027,rf_rdkit,random_forest,rdkit,none,721e3c494613d3aa378fb20e47d69b51245b538e
esol,baa633118e4124e0,O=C(NC(=O)c1c(F)cccc1F)Nc1cc(Cl)c(F)c(Cl)c1F,aqueous_solubility,log10(mol/L),train,,-7.28000020980835,-6.487158118009576,-7.561920099496856,-5.412396136522297,random,2027,rf_rdkit,random_forest,rdkit,none,721e3c494613d3aa378fb20e47d69b51245b538e
esol,c045f77f3d14db05,O=C(NC(=O)c1c(F)cccc1F)Nc1ccc(Cl)cc1,aqueous_solubility,log10(mol/L),train,,-6.019999980926514,-5.394567981004714,-6.469329962491994,-4.319805999517435,random,2027,rf_rdkit,random_forest,rdkit,none,721e3c494613d3aa378fb20e47d69b51245b538e
esol,e690eafd94d35c0c,O=C(NC(CO)C(O)c1ccc([N+](=O)[O-])cc1)C(Cl)Cl,aqueous_solubility,log10(mol/L),calibration,,-2.1110000610351562,-3.212028009332716,-4.286789990819996,-2.1372660278454365,random,2027,rf_rdkit,random_forest,rdkit,none,721e3c494613d3aa378fb20e47d69b51245b538e
esol,688fd8c1fae69203,O=C(Nc1ccc([N+](=O)[O-])cc1Cl)c1cc(Cl)ccc1O,aqueous_solubility,log10(mol/L),train,,-4.699999809265137,-4.61465587782861,-5.689417859315889,-3.5398938963413302,random,2027,rf_rdkit,random_forest,rdkit,none,721e3c494613d3aa378fb20e47d69b51245b538e
esol,6e4bde6d2f6a6816,O=C(Nc1cccc(Cl)c1)OCC#CCCl,aqueous_solubility,log10(mol/L),test,,-4.369999885559082,-3.4260300067514184,-4.5007919882386975,-2.351268025264139,random,2027,rf_rdkit,random_forest,rdkit,none,721e3c494613d3aa378fb20e47d69b51245b538e
esol,60c0e74fff4c1ae4,O=C(Nc1ccccc1)N(Cc1ccc(Cl)cc1)C1CCCC1,aqueous_solubility,log10(mol/L),train,,-5.914999961853027,-5.510525976657863,-6.585287958145143,-4.435763995170584,random,2027,rf_rdkit,random_forest,rdkit,none,721e3c494613d3aa378fb20e47d69b51245b538e
esol,0991c75b100e534a,O=C(Nc1ccccc1)Nc1ccccc1,aqueous_solubility,log10(mol/L),train,,-3.1500000953674316,-3.320550053596496,-4.3953120350837755,-2.2457880721092165,random,2027,rf_rdkit,random_forest,rdkit,none,721e3c494613d3aa378fb20e47d69b51245b538e
esol,fe14526b987406f2,O=C(Nc1ccccc1)c1ccccc1I,aqueous_solubility,log10(mol/L),train,,-4.210000038146973,-4.2122700223922696,-5.287032003879549,-3.13750804090499,random,2027,rf_rdkit,random_forest,rdkit,none,721e3c494613d3aa378fb20e47d69b51245b538e
esol,7745315b46a851c2,O=C(Nc1ccccc1)c1ccccc1O,aqueous_solubility,log10(mol/L),train,,-3.5899999141693115,-3.466747941970827,-4.541509923458106,-2.3919859604835474,random,2027,rf_rdkit,random_forest,rdkit,none,721e3c494613d3aa378fb20e47d69b51245b538e
esol,39383db26262b98a,O=C(OCC(O)CO)c1ccccc1Nc1ccnc2cc(Cl)ccc12,aqueous_solubility,log10(mol/L),test,,-4.571000099182129,-4.360600001841783,-5.435361983329063,-3.285838020354504,random,2027,rf_rdkit,random_forest,rdkit,none,721e3c494613d3aa378fb20e47d69b51245b538e
esol,1da91787f38885ba,O=C(c1ccccc1)C(O)c1ccccc1,aqueous_solubility,log10(mol/L),train,,-2.8499999046325684,-2.987395935535431,-4.062157917022711,-1.9126339540481516,random,2027,rf_rdkit,random_forest,rdkit,none,721e3c494613d3aa378fb20e47d69b51245b538e
esol,4dba3a2e70cac673,O=C(c1ccccc1)c1ccccc1,aqueous_solubility,log10(mol/L),train,,-3.119999885559082,-3.20448992663622,-4.279251908123499,-2.1297279451489404,random,2027,rf_rdkit,random_forest,rdkit,none,721e3c494613d3aa378fb20e47d69b51245b538e
esol,db8d3eba6fa98f98,O=C1C(Cl)C(CCl)CN1c1cccc(C(F)(F)F)c1,aqueous_solubility,log10(mol/L),test,,-4.046999931335449,-4.274470007270575,-5.349231988757855,-3.1997080257832957,random,2027,rf_rdkit,random_forest,rdkit,none,721e3c494613d3aa378fb20e47d69b51245b538e
esol,6b583bedb8c16dc6,O=C1C(O)=C(C2CCC(c3ccc(Cl)cc3)CC2)C(=O)c2ccccc21,aqueous_solubility,log10(mol/L),train,,-5.931000232696533,-5.593562153339391,-6.668324134826671,-4.518800171852112,random,2027,rf_rdkit,random_forest,rdkit,none,721e3c494613d3aa378fb20e47d69b51245b538e
esol,43baf9d8ef42876c,O=C1C2(Cl)C3(Cl)C4(Cl)C(Cl)(Cl)C5(Cl)C3(Cl)C1(Cl)C5(Cl)C24Cl,aqueous_solubility,log10(mol/L),train,,-5.258999824523926,-5.397955908212804,-6.472717889700084,-4.323193926725525,random,2027,rf_rdkit,random_forest,rdkit,none,721e3c494613d3aa378fb20e47d69b51245b538e
esol,046f28c7cfbee993,O=C1C2CC=CCC2C(=O)N1SC(Cl)(Cl)C(Cl)Cl,aqueous_solubility,log10(mol/L),train,,-5.400000095367432,-5.101332066535951,-6.176094048023231,-4.026570085048672,random,2027,rf_rdkit,random_forest,rdkit,none,721e3c494613d3aa378fb20e47d69b51245b538e
esol,fb996a8251e32b19,O=C1C=C2CC3(O)COc4c(ccc(O)c4O)C3=C2C=C1O,aqueous_solubility,log10(mol/L),validation,,-2.700000047683716,-3.342691990822554,-4.417453972309834,-2.2679300093352746,random,2027,rf_rdkit,random_forest,rdkit,none,721e3c494613d3aa378fb20e47d69b51245b538e
esol,2287e3509b11a6c4,O=C1CC(c2ccc(O)c(O)c2)Oc2cc(O)cc(O)c21,aqueous_solubility,log10(mol/L),train,,-3.619999885559082,-3.4498539174497154,-4.524615898936995,-2.375091935962436,random,2027,rf_rdkit,random_forest,rdkit,none,721e3c494613d3aa378fb20e47d69b51245b538e
esol,98e81285f39d4a65,O=C1CCC(=O)N1,aqueous_solubility,log10(mol/L),calibration,,0.30000001192092896,-0.8723839983567592,-1.9471459798440387,0.20237798313052036,random,2027,rf_rdkit,random_forest,rdkit,none,721e3c494613d3aa378fb20e47d69b51245b538e
esol,552029f553c6de90,O=C1CCC(N2C(=O)c3ccccc3C2=O)C(=O)N1,aqueous_solubility,log10(mol/L),train,,-2.6760001182556152,-2.771618065446614,-3.8463800469338936,-1.6968560839593345,random,2027,rf_rdkit,random_forest,rdkit,none,721e3c494613d3aa378fb20e47d69b51245b538e
esol,f8fc82e8cbf0dbbb,O=C1CCCCC1,aqueous_solubility,log10(mol/L),train,,-0.6000000238418579,-0.7886820149496194,-1.863443996436899,0.2860799665376601,random,2027,rf_rdkit,random_forest,rdkit,none,721e3c494613d3aa378fb20e47d69b51245b538e
esol,88292b2a0d08280c,O=C1CCCN1,aqueous_solubility,log10(mol/L),test,,1.0700000524520874,-0.315171997942028,-1.3899339794293075,0.7595899835452515,random,2027,rf_rdkit,random_forest,rdkit,none,721e3c494613d3aa378fb20e47d69b51245b538e
esol,464ea5384e52ed18,O=C1CN(N=Cc2ccc([N+](=O)[O-])o2)C(=O)N1,aqueous_solubility,log10(mol/L),calibration,,-3.380000114440918,-2.4443599968701593,-3.519121978357439,-1.3695980153828797,random,2027,rf_rdkit,random_forest,rdkit,none,721e3c494613d3aa378fb20e47d69b51245b538e
esol,ad5815f8ca05b4e0,O=C1CN=C(c2ccccc2)c2cc([N+](=O)[O-])ccc2N1,aqueous_solubility,log10(mol/L),train,,-3.7960000038146973,-3.7125659917592975,-4.787327973246577,-2.637804010272018,random,2027,rf_rdkit,random_forest,rdkit,none,721e3c494613d3aa378fb20e47d69b51245b538e
esol,3bcf5a8597ee7358,O=C1CN=C(c2ccccc2Cl)c2cc([N+](=O)[O-])ccc2N1,aqueous_solubility,log10(mol/L),validation,,-3.499000072479248,-3.980389980077743,-5.055151961565023,-2.9056279985904636,random,2027,rf_rdkit,random_forest,rdkit,none,721e3c494613d3aa378fb20e47d69b51245b538e
esol,7431852da1dce5b8,O=C1CNC(=O)N1,aqueous_solubility,log10(mol/L),test,,-0.4000000059604645,-0.6813700018897606,-1.7561319833770401,0.3933919795975189,random,2027,rf_rdkit,random_forest,rdkit,none,721e3c494613d3aa378fb20e47d69b51245b538e
esol,5e3e17dfed89e466,O=C1CSC(=S)N1,aqueous_solubility,log10(mol/L),train,,-1.7699999809265137,-1.642419988259674,-2.7171819697469535,-0.5676580067723944,random,2027,rf_rdkit,random_forest,rdkit,none,721e3c494613d3aa378fb20e47d69b51245b538e
esol,9b850b8ead100465,O=C1NC(=O)C(=O)C(=O)N1,aqueous_solubility,log10(mol/L),validation,,-1.25,-1.348578002493826,-2.423339983981106,-0.27381602100654656,random,2027,rf_rdkit,random_forest,rdkit,none,721e3c494613d3aa378fb20e47d69b51245b538e
esol,9f97173311018951,O=C1NC(=O)C(=O)N1,aqueous_solubility,log10(mol/L),train,,-0.4000000059604645,-0.6017560035511829,-1.6765179850384624,0.47300597793609667,random,2027,rf_rdkit,random_forest,rdkit,none,721e3c494613d3aa378fb20e47d69b51245b538e
esol,f58d70889d342b7a,O=C1NC(=O)C(O)(C2(O)C(=O)NC(=O)NC2=O)C(=O)N1,aqueous_solubility,log10(mol/L),train,,-1.9900000095367432,-2.1407860073596225,-3.215547988846902,-1.066024025872343,random,2027,rf_rdkit,random_forest,rdkit,none,721e3c494613d3aa378fb20e47d69b51245b538e
esol,a2f9df8a5d8811db,O=C1NC(=O)C(c2ccccc2)(c2ccccc2)N1,aqueous_solubility,log10(mol/L),train,,-4.0970001220703125,-3.886020067721609,-4.9607820492088885,-2.8112580862343295,random,2027,rf_rdkit,random_forest,rdkit,none,721e3c494613d3aa378fb20e47d69b51245b538e
esol,abaed2608bdfc2de,O=C1NC(=O)C2(CC2)C(=O)N1,aqueous_solubility,log10(mol/L),train,,-1.8860000371932983,-2.077932020485406,-3.1526940019726855,-1.0031700389981264,random,2027,rf_rdkit,random_forest,rdkit,none,721e3c494613d3aa378fb20e47d69b51245b538e
esol,c4e073085482ca83,O=C1NC(=O)C2(CCC2)C(=O)N1,aqueous_solubility,log10(mol/L),test,,-1.6549999713897705,-2.0958200110569583,-3.170581992544238,-1.0210580295696787,random,2027,rf_rdkit,random_forest,rdkit,none,721e3c494613d3aa378fb20e47d69b51245b538e
esol,fb010ec97af69bc4,O=C1NC(=O)C2(CCCC2)C(=O)N1,aqueous_solubility,log10(mol/L),test,,-2.3489999771118164,-2.378736001610756,-3.4534979830980355,-1.3039740201234764,random,2027,rf_rdkit,random_forest,rdkit,none,721e3c494613d3aa378fb20e47d69b51245b538e
esol,f7fa422f6b89ab0c,O=C1NC(=O)C2(CCCCC2)C(=O)N1,aqueous_solubility,log10(mol/L),train,,-3.059999942779541,-2.8324419720172886,-3.907203953504568,-1.7576799905300091,random,2027,rf_rdkit,random_forest,rdkit,none,721e3c494613d3aa378fb20e47d69b51245b538e
esol,1079ed78c10335aa,O=C1NC(=O)C2(CCCCCC2)C(=O)N1,aqueous_solubility,log10(mol/L),train,,-3.1679999828338623,-3.0271580028533935,-4.1019199843406735,-1.952396021366114,random,2027,rf_rdkit,random_forest,rdkit,none,721e3c494613d3aa378fb20e47d69b51245b538e
esol,2763289c3c31ca3c,O=C1NC(=O)C2(CCCCCCC2)C(=O)N1,aqueous_solubility,log10(mol/L),train,,-2.9820001125335693,-2.9396400701403618,-4.014402051627641,-1.8648780886530822,random,2027,rf_rdkit,random_forest,rdkit,none,721e3c494613d3aa378fb20e47d69b51245b538e
esol,6122d0570c0fafbd,O=C1NC(=O)C2C3C(C(O)(c4ccccc4)c4ccccn4)=CC(C3=C(c3ccccc3)c3ccccn3)C12,aqueous_solubility,log10(mol/L),test,,-3.930999994277954,-5.500190042585131,-6.57495202407241,-4.425428061097851,random,2027,rf_rdkit,random_forest,rdkit,none,721e3c494613d3aa378fb20e47d69b51245b538e
esol,80765813e3dd85bc,O=C1NC(=O)C2C=CC=CC12,aqueous_solubility,log10(mol/L),train,,-2.931999921798706,-2.619697949618103,-3.6944599311053827,-1.5449359681308237,random,2027,rf_rdkit,random_forest,rdkit,none,721e3c494613d3aa378fb20e47d69b51245b538e
esol,8c073a83b27c7462,O=C1NC(=O)c2ccccc21,aqueous_solubility,log10(mol/L),train,,-2.609999895095825,-2.4891179314851803,-3.56387991297246,-1.4143559499979008,random,2027,rf_rdkit,random_forest,rdkit,none,721e3c494613d3aa378fb20e47d69b51245b538e
esol,6b563f4c04c1dd29,O=C1NCCN1c1ncc([N+](=O)[O-])s1,aqueous_solubility,log10(mol/L),train,,-3.2200000286102295,-2.9089760159254077,-3.983737997412687,-1.8342140344381281,random,2027,rf_rdkit,random_forest,rdkit,none,721e3c494613d3aa378fb20e47d69b51245b538e
esol,e431f760674c4ee6,O=C1Nc2ccc(Cl)cc2C(c2ccccc2)=NC1O,aqueous_solubility,log10(mol/L),train,,-3.9519999027252197,-3.878601940482858,-4.953363921970137,-2.8038399589955785,random,2027,rf_rdkit,random_forest,rdkit,none,721e3c494613d3aa378fb20e47d69b51245b538e
esol,e7367b803a2a0cad,O=C1Nc2ccc(Cl)cc2C(c2ccccc2Cl)=NC1O,aqueous_solubility,log10(mol/L),validation,,-3.6040000915527344,-4.217825983852151,-5.292587965339431,-3.1430640023648717,random,2027,rf_rdkit,random_forest,rdkit,none,721e3c494613d3aa378fb20e47d69b51245b538e
esol,cccf416cbf91333f,O=C1OC(c2ccc(O)cc2)(c2ccc(O)cc2)c2ccccc21,aqueous_solubility,log10(mol/L),calibration,,-2.9000000953674316,-4.363683997392654,-5.438445978879933,-3.2889220159053743,random,2027,rf_rdkit,random_forest,rdkit,none,721e3c494613d3aa378fb20e47d69b51245b538e
esol,1d8559207fba752d,O=C1c2ccccc2C(=O)c2ccccc21,aqueous_solubility,log10(mol/L),test,,-5.190000057220459,-3.7216859873235215,-4.796447968810801,-2.646924005836242,random,2027,rf_rdkit,random_forest,rdkit,none,721e3c494613d3aa378fb20e47d69b51245b538e
esol,40f1ac185330e905,O=C1c2ccccc2Cc2ccccc2N1CCF,aqueous_solubility,log10(mol/L),test,,-4.798999786376953,-3.721649993658066,-4.796411975145345,-2.6468880121707863,random,2027,rf_rdkit,random_forest,rdkit,none,721e3c494613d3aa378fb20e47d69b51245b538e
esol,1c5ae882fec16e7a,O=CNC(N1C=CN(C(NC=O)C(Cl)(Cl)Cl)C=C1)C(Cl)(Cl)Cl,aqueous_solubility,log10(mol/L),train,,-4.190000057220459,-4.2022180362381025,-5.276980017725382,-3.127456054750823,random,2027,rf_rdkit,random_forest,rdkit,none,721e3c494613d3aa378fb20e47d69b51245b538e
esol,24abd616835cfd2d,O=Cc1ccc(O)cc1,aqueous_solubility,log10(mol/L),train,,-0.9599999785423279,-1.0385799889974159,-2.1133419704846954,0.036181992489863646,random,2027,rf_rdkit,random_forest,rdkit,none,721e3c494613d3aa378fb20e47d69b51245b538e
esol,01bc1188fd568fec,O=Cc1ccc2c(c1)OCO2,aqueous_solubility,log10(mol/L),train,,-1.6299999952316284,-1.7805099978446952,-2.8552719793319747,-0.7057480163574157,random,2027,rf_rdkit,random_forest,rdkit,none,721e3c494613d3aa378fb20e47d69b51245b538e
esol,f96a284663242b78,O=Cc1ccccc1,aqueous_solubility,log10(mol/L),train,,-1.190000057220459,-1.1524200336709673,-2.227182015158247,-0.07765805218368782,random,2027,rf_rdkit,random_forest,rdkit,none,721e3c494613d3aa378fb20e47d69b51245b538e
esol,363e8ba4d5020110,O=Cc1ccco1,aqueous_solubility,log10(mol/L),train,,-0.10000000149011612,-0.24177400210128175,-1.3165359835885613,0.8329879793859978,random,2027,rf_rdkit,random_forest,rdkit,none,721e3c494613d3aa378fb20e47d69b51245b538e
esol,8a081af65ed6bef7,O=[N+]([O-])C(Cl)(Cl)Cl,aqueous_solubility,log10(mol/L),train,,-2.0,-1.8792699996829036,-2.954031981170183,-0.8045080181956241,random,2027,rf_rdkit,random_forest,rdkit,none,721e3c494613d3aa378fb20e47d69b51245b538e
esol,b3623792d168d2ab,O=[N+]([O-])OCC(CO[N+](=O)[O-])O[N+](=O)[O-],aqueous_solubility,log10(mol/L),train,,-2.2200000286102295,-1.897240019585929,-2.9720020010732084,-0.8224780380986494,random,2027,rf_rdkit,random_forest,rdkit,none,721e3c494613d3aa378fb20e47d69b51245b538e
esol,ff424e90dc845655,O=[N+]([O-])c1c(Cl)c(Cl)c(Cl)c(Cl)c1Cl,aqueous_solubility,log10(mol/L),test,,-5.820000171661377,-4.320702030718327,-5.395464012205607,-3.2459400492310477,random,2027,rf_rdkit,random_forest,rdkit,none,721e3c494613d3aa378fb20e47d69b51245b538e
esol,57e68a80baabc9d1,O=[N+]([O-])c1cc([N+](=O)[O-])cc([N+](=O)[O-])c1,aqueous_solubility,log10(mol/L),train,,-2.890000104904175,-2.7818880570232873,-3.856650038510567,-1.7071260755360078,random,2027,rf_rdkit,random_forest,rdkit,none,721e3c494613d3aa378fb20e47d69b51245b538e
esol,bc600864e500c480,O=[N+]([O-])c1ccc(C=NO)o1,aqueous_solubility,log10(mol/L),train,,-2.190000057220459,-2.0031960335522907,-3.0779580150395702,-0.9284340520650112,random,2027,rf_rdkit,random_forest,rdkit,none,721e3c494613d3aa378fb20e47d69b51245b538e
esol,4b83ca53ecb4e64f,O=[N+]([O-])c1ccc(Cl)c(Cl)c1,aqueous_solubility,log10(mol/L),train,,-3.200000047683716,-3.021850025892258,-4.096612007379537,-1.9470880444049783,random,2027,rf_rdkit,random_forest,rdkit,none,721e3c494613d3aa378fb20e47d69b51245b538e
esol,a677b460c36a2d5e,O=[N+]([O-])c1ccc(Cl)cc1,aqueous_solubility,log10(mol/L),test,,-2.9200000762939453,-2.5885459815263756,-3.663307963013655,-1.513784000039096,random,2027,rf_rdkit,random_forest,rdkit,none,721e3c494613d3aa378fb20e47d69b51245b538e
esol,dde4a1cff0933018,O=[N+]([O-])c1ccc(O)cc1,aqueous_solubility,log10(mol/L),train,,-0.7400000095367432,-1.1271520035564984,-2.201913985043778,-0.05239002206921883,random,2027,rf_rdkit,random_forest,rdkit,none,721e3c494613d3aa378fb20e47d69b51245b538e
esol,0cfb53848f1c44c5,O=[N+]([O-])c1ccc(Oc2ccc(Cl)cc2Cl)cc1,aqueous_solubility,log10(mol/L),train,,-5.460000038146973,-5.096618021249755,-6.171380002737035,-4.021856039762476,random,2027,rf_rdkit,random_forest,rdkit,none,721e3c494613d3aa378fb20e47d69b51245b538e
esol,82051d5601294b9c,O=[N+]([O-])c1ccc([N+](=O)[O-])cc1,aqueous_solubility,log10(mol/L),validation,,-3.390000104904175,-2.4904379674158976,-3.565199948903177,-1.415675985928618,random,2027,rf_rdkit,random_forest,rdkit,none,721e3c494613d3aa378fb20e47d69b51245b538e
esol,b8a8d3aea70aedef,O=[N+]([O-])c1cccc(Cl)c1,aqueous_solubility,log10(mol/L),train,,-2.7699999809265137,-2.633391981840134,-3.7081539633274136,-1.5586300003528546,random,2027,rf_rdkit,random_forest,rdkit,none,721e3c494613d3aa378fb20e47d69b51245b538e
esol,feef886840fa5400,O=[N+]([O-])c1cccc(Cl)c1Cl,aqueous_solubility,log10(mol/L),calibration,,-3.4800000190734863,-2.931040013313294,-4.005801994800573,-1.8562780318260144,random,2027,rf_rdkit,random_forest,rdkit,none,721e3c494613d3aa378fb20e47d69b51245b538e
esol,8b82235acd1bad51,O=[N+]([O-])c1cccc(O)c1,aqueous_solubility,log10(mol/L),train,,-1.0099999904632568,-1.2187819972485383,-2.293543978735818,-0.14402001576125878,random,2027,rf_rdkit,random_forest,rdkit,none,721e3c494613d3aa378fb20e47d69b51245b538e
esol,ec688ee4a0e28848,O=[N+]([O-])c1cccc([N+](=O)[O-])c1,aqueous_solubility,log10(mol/L),train,,-2.2899999618530273,-2.41872596171498,-3.4934879432022594,-1.3439639802277004,random,2027,rf_rdkit,random_forest,rdkit,none,721e3c494613d3aa378fb20e47d69b51245b538e
esol,c6bfe39ba4dc7a2a,O=[N+]([O-])c1cccc2ccccc12,aqueous_solubility,log10(mol/L),train,,-3.5399999618530273,-3.3083799754381182,-4.383141956925398,-2.2336179939508387,random,2027,rf_rdkit,random_forest,rdkit,none,721e3c494613d3aa378fb20e47d69b51245b538e
esol,e7485af5868fe30e,O=[N+]([O-])c1ccccc1,aqueous_solubility,log10(mol/L),train,,-1.7999999523162842,-1.753225970759986,-2.8279879522472653,-0.6784639892727065,random,2027,rf_rdkit,random_forest,rdkit,none,721e3c494613d3aa378fb20e47d69b51245b538e
esol,5f297c0e1cebb1e6,O=[N+]([O-])c1ccccc1Cl,aqueous_solubility,log10(mol/L),train,,-2.549999952316284,-2.524995967864993,-3.5997579493522727,-1.4502339863777136,random,2027,rf_rdkit,random_forest,rdkit,none,721e3c494613d3aa378fb20e47d69b51245b538e
esol,5598414c70a5d146,O=[N+]([O-])c1ccccc1O,aqueous_solubility,log10(mol/L),train,,-1.7400000095367432,-1.633940006971349,-2.7087019884586283,-0.5591780254840695,random,2027,rf_rdkit,random_forest,rdkit,none,721e3c494613d3aa378fb20e47d69b51245b538e
esol,059b799d8722bb7e,O=[N+]([O-])c1ccccc1[N+](=O)[O-],aqueous_solubility,log10(mol/L),train,,-3.0999999046325684,-2.7640879357121877,-3.838849917199467,-1.6893259542249082,random,2027,rf_rdkit,random_forest,rdkit,none,721e3c494613d3aa378fb20e47d69b51245b538e
esol,d74439078cde9040,O=c1[nH]c(=O)c2[nH]c(=O)[nH]c2[nH]1,aqueous_solubility,log10(mol/L),train,,-3.930000066757202,-3.2100200403891512,-4.284782021876431,-2.1352580589018717,random,2027,rf_rdkit,random_forest,rdkit,none,721e3c494613d3aa378fb20e47d69b51245b538e
esol,2ba1a048585b1487,O=c1[nH]c2c(c(=O)n1C1CCCCC1)CCC2,aqueous_solubility,log10(mol/L),train,,-4.593999862670898,-3.971985914468762,-5.046747895956042,-2.8972239329814826,random,2027,rf_rdkit,random_forest,rdkit,none,721e3c494613d3aa378fb20e47d69b51245b538e
esol,d07e545f1899310f,O=c1[nH]c2cc(Cl)ccc2o1,aqueous_solubility,log10(mol/L),train,,-2.8310000896453857,-2.7159380591511746,-3.790700040638454,-1.641176077663895,random,2027,rf_rdkit,random_forest,rdkit,none,721e3c494613d3aa378fb20e47d69b51245b538e
esol,4c7d2cc71ad43d92,O=c1[nH]cc(F)c(=O)[nH]1,aqueous_solubility,log10(mol/L),train,,-1.0770000219345093,-1.2057640196383006,-2.28052600112558,-0.13100203815102107,random,2027,rf_rdkit,random_forest,rdkit,none,721e3c494613d3aa378fb20e47d69b51245b538e
esol,dffd0d1aff11120c,O=c1[nH]cnc2[nH]ncc12,aqueous_solubility,log10(mol/L),train,,-2.2660000324249268,-2.1464620178416403,-3.22122399932892,-1.0717000363543607,random,2027,rf_rdkit,random_forest,rdkit,none,721e3c494613d3aa378fb20e47d69b51245b538e
esol,efd3b4d838ecabb0,O=c1[nH]cnc2nc[nH]c12,aqueous_solubility,log10(mol/L),train,,-2.2960000038146973,-2.1726120022758817,-3.247373983763161,-1.0978500207886022,random,2027,rf_rdkit,random_forest,rdkit,none,721e3c494613d3aa378fb20e47d69b51245b538e
esol,c401593400567088,O=c1c(O)c(-c2ccc(O)cc2O)oc2cc(O)cc(O)c12,aqueous_solubility,log10(mol/L),train,,-3.0829999446868896,-3.3162159621156766,-4.390977943602956,-2.241453980628397,random,2027,rf_rdkit,random_forest,rdkit,none,721e3c494613d3aa378fb20e47d69b51245b538e
esol,d67cde4d4f9d08e2,O=c1cc[nH]c(=O)[nH]1,aqueous_solubility,log10(mol/L),train,,-1.4880000352859497,-1.2201520245522166,-2.2949140060394964,-0.14539004306493708,random,2027,rf_rdkit,random_forest,rdkit,none,721e3c494613d3aa378fb20e47d69b51245b538e
esol,834dfd465548d669,O=c1ccnc(S)[nH]1,aqueous_solubility,log10(mol/L),train,,-2.2730000019073486,-1.9244200059175545,-2.999181987404834,-0.8496580244302749,random,2027,rf_rdkit,random_forest,rdkit,none,721e3c494613d3aa378fb20e47d69b51245b538e
esol,7b29bd731c5c5440,O=c1oc2ccccc2c(O)c1C(CC(O)c1ccc(-c2ccc(Br)cc2)cc1)c1ccccc1,aqueous_solubility,log10(mol/L),train,,-4.445000171661377,-5.1149481143653315,-6.189710095852611,-4.040186132878052,random,2027,rf_rdkit,random_forest,rdkit,none,721e3c494613d3aa378fb20e47d69b51245b538e
esol,f395281a134eed26,O=c1oc2ccccc2c(O)c1C1CCCc2ccccc21,aqueous_solubility,log10(mol/L),validation,,-2.8399999141693115,-4.355107984125613,-5.429869965612893,-3.2803460026383338,random,2027,rf_rdkit,random_forest,rdkit,none,721e3c494613d3aa378fb20e47d69b51245b538e
esol,e761650b94280ee4,OC(Cn1cncn1)(Cn1cncn1)c1ccc(F)cc1F,aqueous_solubility,log10(mol/L),test,,-1.7999999523162842,-3.1835699656121434,-4.258331947099423,-2.108807984124864,random,2027,rf_rdkit,random_forest,rdkit,none,721e3c494613d3aa378fb20e47d69b51245b538e
esol,1101da9b7991cc75,OC(Cn1cncn1)(c1ccc(F)cc1)c1ccccc1F,aqueous_solubility,log10(mol/L),train,,-3.369999885559082,-3.4586979221403613,-4.533459903627641,-2.383935940653082,random,2027,rf_rdkit,random_forest,rdkit,none,721e3c494613d3aa378fb20e47d69b51245b538e
esol,6711c4961ef774a1,OC(c1ccc(Cl)cc1)(c1ccc(Cl)cc1)C(Cl)(Cl)Cl,aqueous_solubility,log10(mol/L),train,,-5.665999889373779,-5.680413941383362,-6.755175922870642,-4.605651959896083,random,2027,rf_rdkit,random_forest,rdkit,none,721e3c494613d3aa378fb20e47d69b51245b538e
esol,a2c2454d143b1950,OC(c1ccc(Cl)cc1)(c1cncnc1)c1ccccc1Cl,aqueous_solubility,log10(mol/L),train,,-4.380000114440918,-4.509488074600702,-5.584250056087981,-3.4347260931134223,random,2027,rf_rdkit,random_forest,rdkit,none,721e3c494613d3aa378fb20e47d69b51245b538e
esol,b3f3b509e457b989,OC(c1ccccc1)C(O)c1ccccc1,aqueous_solubility,log10(mol/L),train,,-1.9299999475479126,-2.4641439592912753,-3.538905940778555,-1.3893819778039957,random,2027,rf_rdkit,random_forest,rdkit,none,721e3c494613d3aa378fb20e47d69b51245b538e
esol,815eaa2e8194a1de,OC(c1ccccc1)c1ccccc1,aqueous_solubility,log10(mol/L),train,,-2.549999952316284,-2.777275958418845,-3.8520379399061246,-1.7025139769315656,random,2027,rf_rdkit,random_forest,rdkit,none,721e3c494613d3aa378fb20e47d69b51245b538e
esol,ccd31a926e2435b6,OC1C(O)C(O)C(O)C(O)C1O,aqueous_solubility,log10(mol/L),train,,0.3499999940395355,-0.005098003894087544,-1.079859985381367,1.069663977593192,random,2027,rf_rdkit,random_forest,rdkit,none,721e3c494613d3aa378fb20e47d69b51245b538e
esol,1dee6b11c4cd6fe7,OC1C=CC2C1C1(Cl)C(Cl)=C(Cl)C2(Cl)C1(Cl)Cl,aqueous_solubility,log10(mol/L),train,,-5.460000038146973,-5.448210017681105,-6.5229719991683845,-4.3734480361938255,random,2027,rf_rdkit,random_forest,rdkit,none,721e3c494613d3aa378fb20e47d69b51245b538e
esol,d2b075aa3c9f907a,OC1CCCCC1,aqueous_solubility,log10(mol/L),calibration,,-0.4399999976158142,-0.8361599978320235,-1.910921979319303,0.23860198365525598,random,2027,rf_rdkit,random_forest,rdkit,none,721e3c494613d3aa378fb20e47d69b51245b538e
esol,a260f3bd66239d10,OC1CCCCCC1,aqueous_solubility,log10(mol/L),train,,-0.8799999952316284,-1.0896999931745124,-2.164461974661792,-0.014938011687232855,random,2027,rf_rdkit,random_forest,rdkit,none,721e3c494613d3aa378fb20e47d69b51245b538e
esol,cd07d7b7d929883b,OC1CCCCCCC1,aqueous_solubility,log10(mol/L),train,,-1.2899999618530273,-1.5499419787786886,-2.6247039602659683,-0.47517999729140903,random,2027,rf_rdkit,random_forest,rdkit,none,721e3c494613d3aa378fb20e47d69b51245b538e
esol,ee355a6432d1756f,OC1COC(O)C(O)C1O,aqueous_solubility,log10(mol/L),train,,0.38999998569488525,0.0978559892513049,-0.9769059922359746,1.1726179707385844,random,2027,rf_rdkit,random_forest,rdkit,none,721e3c494613d3aa378fb20e47d69b51245b538e
esol,ad18eddfa134971c,OCC(O)C(O)C(O)C(O)CO,aqueous_solubility,log10(mol/L),train,,0.5750000160187483,0.2580420082621404,-0.8167199732251391,1.33280398974942,random,2027,rf_rdkit,random_forest,rdkit,none,721e3c494613d3aa378fb20e47d69b51245b538e
esol,5aedb2f44a5cfe15,OCC(O)C(O)CO,aqueous_solubility,log10(mol/L),train,,0.699999988079071,0.3718439923189685,-0.702917989168311,1.446605973806248,random,2027,rf_rdkit,random_forest,rdkit,none,721e3c494613d3aa378fb20e47d69b51245b538e
esol,5a22885eb34ba977,OCC(O)C1OC2OC(C(Cl)(Cl)Cl)OC2C1O,aqueous_solubility,log10(mol/L),train,,-1.840000033378601,-2.1381020183302417,-3.2128639998175212,-1.0633400368429622,random,2027,rf_rdkit,random_forest,rdkit,none,721e3c494613d3aa378fb20e47d69b51245b538e
esol,ecae793a151a86c7,OCC(O)CO,aqueous_solubility,log10(mol/L),train,,1.1200000047683716,0.7031040027253059,-0.3716579787619736,1.7778659842125855,random,2027,rf_rdkit,random_forest,rdkit,none,721e3c494613d3aa378fb20e47d69b51245b538e
esol,23e4b685b19bde7d,OCC1OC(O)(CO)C(O)C1O,aqueous_solubility,log10(mol/L),train,,0.6399999856948853,0.20777199039608663,-0.8669899910911929,1.2825339718833662,random,2027,rf_rdkit,random_forest,rdkit,none,721e3c494613d3aa378fb20e47d69b51245b538e
esol,8d06c6c063ad1f13,OCC1OC(O)C(O)C(O)C1O,aqueous_solubility,log10(mol/L),validation,,0.7400000095367432,0.08249599426985599,-0.9922659872174235,1.1572579757571355,random,2027,rf_rdkit,random_forest,rdkit,none,721e3c494613d3aa378fb20e47d69b51245b538e
esol,20a6ee58628f6410,OCC1OC(OC2(CO)OC(CO)C(O)C2O)C(O)C(O)C1O,aqueous_solubility,log10(mol/L),train,,0.7900000214576721,0.2173660143651186,-0.8573959671221609,1.2921279958523981,random,2027,rf_rdkit,random_forest,rdkit,none,721e3c494613d3aa378fb20e47d69b51245b538e
esol,74372de6e813da3c,OCC1OC(OC2C(CO)OC(O)C(O)C2O)C(O)C(O)C1O,aqueous_solubility,log10(mol/L),train,,-0.24400000274181366,-0.26846799955889233,-1.3432299810461719,0.8062939819283872,random,2027,rf_rdkit,random_forest,rdkit,none,721e3c494613d3aa378fb20e47d69b51245b538e
esol,3bb6576d1676177b,OCC1OC(OCC2OC(OC3(CO)OC(CO)C(O)C3O)C(O)C(O)C2O)C(O)C(O)C1O,aqueous_solubility,log10(mol/L),train,,-0.4099999964237213,-0.5820579948872249,-1.6568199763745044,0.49270398660005466,random,2027,rf_rdkit,random_forest,rdkit,none,721e3c494613d3aa378fb20e47d69b51245b538e
esol,cafb5394ad49e2da,OCC1OC(n2cnc3c(O)ncnc32)C(O)C1O,aqueous_solubility,log10(mol/L),train,,-1.2300000190734863,-1.5216800109073594,-2.596441992394639,-0.44691802942007985,random,2027,rf_rdkit,random_forest,rdkit,none,721e3c494613d3aa378fb20e47d69b51245b538e
esol,347360ba4eef9a17,OCCOc1ccccc1,aqueous_solubility,log10(mol/L),train,,-0.699999988079071,-1.0646399922743357,-2.1394019737616152,0.010121989212943827,random,2027,rf_rdkit,random_forest,rdkit,none,721e3c494613d3aa378fb20e47d69b51245b538e
esol,8a2610c4845c31dd,OCc1ccccc1,aqueous_solubility,log10(mol/L),validation,,-0.4000000059604645,-0.9008320032283677,-1.9755939847156472,0.17392997825891188,random,2027,rf_rdkit,random_forest,rdkit,none,721e3c494613d3aa378fb20e47d69b51245b538e
esol,21fced0c0e248caf,OCc1ccccc1OC1OC(CO)C(O)C(O)C1O,aqueous_solubility,log10(mol/L),train,,-0.8500000238418579,-1.291672014981498,-2.3664339964687775,-0.21691003349421845,random,2027,rf_rdkit,random_forest,rdkit,none,721e3c494613d3aa378fb20e47d69b51245b538e
esol,3beaac315c00705a,Oc1c(Cl)c(Cl)c(Cl)c(Cl)c1Cl,aqueous_solubility,log10(mol/L),train,,-4.28000020980835,-4.238208128541706,-5.312970110028986,-3.163446147054427,random,2027,rf_rdkit,random_forest,rdkit,none,721e3c494613d3aa378fb20e47d69b51245b538e
esol,ace4936ebfc84643,Oc1c(Cl)c(Cl)cc(Cl)c1Cl,aqueous_solubility,log10(mol/L),train,,-3.369999885559082,-3.349197922468186,-4.423959903955465,-2.2744359409809065,random,2027,rf_rdkit,random_forest,rdkit,none,721e3c494613d3aa378fb20e47d69b51245b538e
esol,68fb3cd38ab259db,Oc1c(Cl)cc(Cl)c(Cl)c1Cl,aqueous_solubility,log10(mol/L),train,,-3.0999999046325684,-3.2069299333095542,-4.281691914796834,-2.1321679518222747,random,2027,rf_rdkit,random_forest,rdkit,none,721e3c494613d3aa378fb20e47d69b51245b538e
esol,ff5529c308a61bd5,Oc1c(Cl)cc(Cl)cc1Cl,aqueous_solubility,log10(mol/L),train,,-2.3399999141693115,-2.4543459541797654,-3.529107935667045,-1.379583972692486,random,2027,rf_rdkit,random_forest,rdkit,none,721e3c494613d3aa378fb20e47d69b51245b538e
esol,47fd413d31b8b8eb,Oc1c(Cl)ccc(Cl)c1Cl,aqueous_solubility,log10(mol/L),validation,,-2.640000104904175,-2.567644003152849,-3.6424059846401287,-1.4928820216655696,random,2027,rf_rdkit,random_forest,rdkit,none,721e3c494613d3aa378fb20e47d69b51245b538e
esol,f2b15729f987cf3b,Oc1c(Cl)cccc1Cl,aqueous_solubility,log10(mol/L),train,,-1.7899999618530273,-1.742755967259415,-2.8175179487466946,-0.6679939857721355,random,2027,rf_rdkit,random_forest,rdkit,none,721e3c494613d3aa378fb20e47d69b51245b538e
esol,42fadcd62d5dfa18,Oc1c2ccccc2cc2ccccc12,aqueous_solubility,log10(mol/L),test,,-4.730000019073486,-4.3594780106544455,-5.434239992141725,-3.284716029167166,random,2027,rf_rdkit,random_forest,rdkit,none,721e3c494613d3aa378fb20e47d69b51245b538e
esol,f69f5a78d0052c90,Oc1cc(Cl)c(Cl)c(Cl)c1Cl,aqueous_solubility,log10(mol/L),train,,-3.1500000953674316,-3.202100033760071,-4.27686201524735,-2.1273380522727914,random,2027,rf_rdkit,random_forest,rdkit,none,721e3c494613d3aa378fb20e47d69b51245b538e
esol,5201b0d96bea2487,Oc1cc(Cl)c(Cl)cc1Cl,aqueous_solubility,log10(mol/L),train,,-2.2100000381469727,-2.3485300226062544,-3.423292004093534,-1.273768041118975,random,2027,rf_rdkit,random_forest,rdkit,none,721e3c494613d3aa378fb20e47d69b51245b538e
esol,83266a15b21d9a5e,Oc1cc(Cl)cc(Cl)c1,aqueous_solubility,log10(mol/L),train,,-1.340000033378601,-1.4240920161753803,-2.4988539976626596,-0.34933003468810075,random,2027,rf_rdkit,random_forest,rdkit,none,721e3c494613d3aa378fb20e47d69b51245b538e
esol,aefc79dc4755abd1,Oc1cc(Cl)cc(Cl)c1Cl,aqueous_solubility,log10(mol/L),calibration,,-2.6700000762939453,-2.439234001085163,-3.5139959825724425,-1.3644720195978834,random,2027,rf_rdkit,random_forest,rdkit,none,721e3c494613d3aa378fb20e47d69b51245b538e
esol,1d86e9c441b31155,Oc1cc(Cl)ccc1Oc1ccc(Cl)cc1Cl,aqueous_solubility,log10(mol/L),calibration,,-4.460000038146973,-4.759064000844954,-5.833825982332233,-3.6843020193576743,random,2027,rf_rdkit,random_forest,rdkit,none,721e3c494613d3aa378fb20e47d69b51245b538e
esol,1d621a1129d76fde,Oc1ccc(-c2ccccc2)cc1,aqueous_solubility,log10(mol/L),train,,-3.4800000190734863,-3.4434080139398553,-4.518169995427135,-2.3686460324525758,random,2027,rf_rdkit,random_forest,rdkit,none,721e3c494613d3aa378fb20e47d69b51245b538e
esol,6ccb98da78f7e118,Oc1ccc(Br)cc1,aqueous_solubility,log10(mol/L),train,,-1.090000033378601,-1.231920018330216,-2.3066819998174957,-0.1571580368429364,random,2027,rf_rdkit,random_forest,rdkit,none,721e3c494613d3aa378fb20e47d69b51245b538e
esol,1645a8e7ef24eacf,Oc1ccc(Cl)c(Cl)c1,aqueous_solubility,log10(mol/L),train,,-1.25,-1.3725259955823328,-2.447287977069612,-0.29776401409505326,random,2027,rf_rdkit,random_forest,rdkit,none,721e3c494613d3aa378fb20e47d69b51245b538e
esol,12d83c9e4cfe8609,Oc1ccc(Cl)c(Cl)c1Cl,aqueous_solubility,log10(mol/L),train,,-2.6700000762939453,-2.598038038492205,-3.6728000199794844,-1.5232760570049253,random,2027,rf_rdkit,random_forest,rdkit,none,721e3c494613d3aa378fb20e47d69b51245b538e
esol,d0f354a94dd9e30c,Oc1ccc(Cl)cc1,aqueous_solubility,log10(mol/L),train,,-0.699999988079071,-0.845275989145029,-1.9200379706323085,0.22948599234225053,random,2027,rf_rdkit,random_forest,rdkit,none,721e3c494613d3aa378fb20e47d69b51245b538e
esol,574d72e0485c2a4c,Oc1ccc(Cl)cc1Cc1cc(Cl)ccc1O,aqueous_solubility,log10(mol/L),train,,-3.953000068664551,-4.147580039590591,-5.22234202107787,-3.0728180581033113,random,2027,rf_rdkit,random_forest,rdkit,none,721e3c494613d3aa378fb20e47d69b51245b538e
esol,3146d92924b6ceda,Oc1ccc(Cl)cc1Cl,aqueous_solubility,log10(mol/L),train,,-1.5499999523162842,-1.5123539665937376,-2.587115948081017,-0.437591985106458,random,2027,rf_rdkit,random_forest,rdkit,none,721e3c494613d3aa378fb20e47d69b51245b538e
esol,9b903cfe28e8dec2,Oc1ccc(O)cc1,aqueous_solubility,log10(mol/L),train,,-0.17000000178813934,-0.2410220013484552,-1.3157839828357347,0.8337399801388243,random,2027,rf_rdkit,random_forest,rdkit,none,721e3c494613d3aa378fb20e47d69b51245b538e
esol,49fae57f275a6265,Oc1ccc2c(c1)CCCC2,aqueous_solubility,log10(mol/L),train,,-1.9900000095367432,-2.0859459990859,-3.1607079805731795,-1.0111840175986204,random,2027,rf_rdkit,random_forest,rdkit,none,721e3c494613d3aa378fb20e47d69b51245b538e
esol,7daf411051bf1f30,Oc1ccc2ccccc2c1,aqueous_solubility,log10(mol/L),train,,-2.2799999713897705,-2.3433159843683233,-3.418077965855603,-1.2685540028810438,random,2027,rf_rdkit,random_forest,rdkit,none,721e3c494613d3aa378fb20e47d69b51245b538e
esol,068adc1c3a01e09a,Oc1ccc2ncccc2c1,aqueous_solubility,log10(mol/L),train,,-2.1600000858306885,-2.1875460511892966,-3.262308032676576,-1.112784069702017,random,2027,rf_rdkit,random_forest,rdkit,none,721e3c494613d3aa378fb20e47d69b51245b538e
esol,e25e7ed45d0af63a,Oc1cccc(Cl)c1,aqueous_solubility,log10(mol/L),train,,-0.699999988079071,-0.8558019875883942,-1.9305639690756737,0.21895999389888532,random,2027,rf_rdkit,random_forest,rdkit,none,721e3c494613d3aa378fb20e47d69b51245b538e
esol,37986dfa66563881,Oc1cccc(Cl)c1Cl,aqueous_solubility,log10(mol/L),train,,-1.2999999523162842,-1.4580559601485767,-2.532817941635856,-0.3832939786612972,random,2027,rf_rdkit,random_forest,rdkit,none,721e3c494613d3aa378fb20e47d69b51245b538e
esol,084f0a95be5b9a25,Oc1cccc(O)c1,aqueous_solubility,log10(mol/L),test,,0.8100000023841858,-0.23095000074432326,-1.3057119822316028,0.8438119807429563,random,2027,rf_rdkit,random_forest,rdkit,none,721e3c494613d3aa378fb20e47d69b51245b538e
esol,34e720a34db81320,Oc1cccc2ccccc12,aqueous_solubility,log10(mol/L),calibration,,-2.2200000286102295,-2.4391339927911764,-3.513895974278456,-1.3643720113038968,random,2027,rf_rdkit,random_forest,rdkit,none,721e3c494613d3aa378fb20e47d69b51245b538e
esol,3ded71ac51eeff27,Oc1cccc2cccnc12,aqueous_solubility,log10(mol/L),train,,-2.4200000762939453,-2.363480045497414,-3.4382420269846934,-1.2887180640101343,random,2027,rf_rdkit,random_forest,rdkit,none,721e3c494613d3aa378fb20e47d69b51245b538e
esol,409af28e16979e80,Oc1cccc2ncccc12,aqueous_solubility,log10(mol/L),train,,-2.5399999618530273,-2.4185079896450037,-3.493269971132283,-1.3437460081577242,random,2027,rf_rdkit,random_forest,rdkit,none,721e3c494613d3aa378fb20e47d69b51245b538e
esol,2e890eb023abb6b6,Oc1ccccc1,aqueous_solubility,log10(mol/L),train,,0.0,-0.17810000178963037,-1.25286198327691,0.8966619796976492,random,2027,rf_rdkit,random_forest,rdkit,none,721e3c494613d3aa378fb20e47d69b51245b538e
esol,9c5ba45c0976f989,Oc1ccccc1Cl,aqueous_solubility,log10(mol/L),train,,-1.059999942779541,-1.0904999622553435,-2.165261943742623,-0.015737980768063986,random,2027,rf_rdkit,random_forest,rdkit,none,721e3c494613d3aa378fb20e47d69b51245b538e
esol,f8f88ccdc1aea39d,Oc1ccccc1O,aqueous_solubility,log10(mol/L),train,,0.6200000047683716,0.19007200233637045,-0.8846899791509091,1.26483398382365,random,2027,rf_rdkit,random_forest,rdkit,none,721e3c494613d3aa378fb20e47d69b51245b538e
esol,d40cc33ca3b960af,Oc1ccccn1,aqueous_solubility,log10(mol/L),test,,1.0199999809265137,0.2969759928993816,-0.7777859885878979,1.3717379743866611,random,2027,rf_rdkit,random_forest,rdkit,none,721e3c494613d3aa378fb20e47d69b51245b538e
esol,132a9e790a3605bd,Oc1ccncc1,aqueous_solubility,log10(mol/L),train,,1.0199999809265137,0.5615379870384865,-0.5132239944487931,1.636299968525766,random,2027,rf_rdkit,random_forest,rdkit,none,721e3c494613d3aa378fb20e47d69b51245b538e
esol,a09b72bf3065ba5b,Oc1ncc2nccnc2n1,aqueous_solubility,log10(mol/L),train,,-1.9470000267028809,-1.7345300164520774,-2.809291997939357,-0.6597680349647979,random,2027,rf_rdkit,random_forest,rdkit,none,721e3c494613d3aa378fb20e47d69b51245b538e
esol,eb1ba46c82d06028,Sc1ccccc1,aqueous_solubility,log10(mol/L),calibration,,-2.119999885559082,-1.9630620244331674,-3.037824005920447,-0.8883000429458878,random,2027,rf_rdkit,random_forest,rdkit,none,721e3c494613d3aa378fb20e47d69b51245b538e
esol,53eadfaa30a28b1e,Sc1nc2ccccc2s1,aqueous_solubility,log10(mol/L),train,,-3.180000066757202,-2.8406140436604614,-3.915376025147741,-1.765852062173182,random,2027,rf_rdkit,random_forest,rdkit,none,721e3c494613d3aa378fb20e47d69b51245b538e
esol,797be817db1564f7,c1cc2c3c(c4ccc5ccccc5c4cc3c1)CC2,aqueous_solubility,log10(mol/L),calibration,,-7.849999904632568,-7.350596024513239,-8.425358006000518,-6.275834043025959,random,2027,rf_rdkit,random_forest,rdkit,none,721e3c494613d3aa378fb20e47d69b51245b538e
esol,acff556887e1b591,c1cc2c3c(cccc3c1)CC2,aqueous_solubility,log10(mol/L),train,,-4.630000114440918,-4.455726068258286,-5.530488049745566,-3.380964086771007,random,2027,rf_rdkit,random_forest,rdkit,none,721e3c494613d3aa378fb20e47d69b51245b538e
esol,075c09059a47afaf,c1cc2ccc3ccc4ccc5ccc6ccc1c1c2c3c4c5c61,aqueous_solubility,log10(mol/L),test,,-9.331999778747559,-8.495081842422488,-9.569843823909768,-7.420319860935209,random,2027,rf_rdkit,random_forest,rdkit,none,721e3c494613d3aa378fb20e47d69b51245b538e
esol,ee187c15393c12d9,c1cc2ccc3ccc4ccc5cccc6c(c1)c2c3c4c56,aqueous_solubility,log10(mol/L),train,,-9.017999649047852,-8.639487792015078,-9.714249773502358,-7.564725810527799,random,2027,rf_rdkit,random_forest,rdkit,none,721e3c494613d3aa378fb20e47d69b51245b538e
esol,23bf38caf7a251b5,c1cc2ccc3cccc4ccc(c1)c2c34,aqueous_solubility,log10(mol/L),train,,-6.176000118255615,-6.371266067981715,-7.446028049468994,-5.296504086494435,random,2027,rf_rdkit,random_forest,rdkit,none,721e3c494613d3aa378fb20e47d69b51245b538e
esol,2ae996bfabe8a242,c1cc2cccc3c4cccc5cccc(c(c1)c23)c54,aqueous_solubility,log10(mol/L),train,,-8.803999900817871,-8.569305962562533,-9.644067944049812,-7.494543981075253,random,2027,rf_rdkit,random_forest,rdkit,none,721e3c494613d3aa378fb20e47d69b51245b538e
esol,28cdc5dc458e073d,c1ccc(-c2ccc(-c3ccccc3)cc2)cc1,aqueous_solubility,log10(mol/L),train,,-7.110000133514404,-6.850638087272638,-7.9254000687599175,-5.7758761057853585,random,2027,rf_rdkit,random_forest,rdkit,none,721e3c494613d3aa378fb20e47d69b51245b538e
esol,03857fb18d8cb81d,c1ccc(-c2ccccc2)cc1,aqueous_solubility,log10(mol/L),test,,-4.34499979019165,-4.7524139945507,-5.82717597603798,-3.6776520130634207,random,2027,rf_rdkit,random_forest,rdkit,none,721e3c494613d3aa378fb20e47d69b51245b538e
esol,10d1aaeb741ae67d,c1ccc(C2CO2)cc1,aqueous_solubility,log10(mol/L),train,,-1.600000023841858,-1.6010360122770078,-2.675797993764287,-0.5262740307897282,random,2027,rf_rdkit,random_forest,rdkit,none,721e3c494613d3aa378fb20e47d69b51245b538e
esol,545e9105a6579e7d,c1ccc(CCc2ccccc2)cc1,aqueous_solubility,log10(mol/L),train,,-4.619999885559082,-4.750453931093203,-5.825215912580482,-3.6756919496059233,random,2027,rf_rdkit,random_forest,rdkit,none,721e3c494613d3aa378fb20e47d69b51245b538e
esol,9bbe47f36a3bdefa,c1ccc(Cc2ccccc2)cc1,aqueous_solubility,log10(mol/L),validation,,-4.079999923706055,-4.554617974758142,-5.629379956245422,-3.4798559932708626,random,2027,rf_rdkit,random_forest,rdkit,none,721e3c494613d3aa378fb20e47d69b51245b538e
esol,f09f4fd0db478819,c1ccc(N=Nc2ccccc2)cc1,aqueous_solubility,log10(mol/L),validation,,-4.449999809265137,-4.007967999659479,-5.082729981146758,-2.933206018172199,random,2027,rf_rdkit,random_forest,rdkit,none,721e3c494613d3aa378fb20e47d69b51245b538e
esol,d0cc06f38fc23dc0,c1ccc(NNc2ccccc2)cc1,aqueous_solubility,log10(mol/L),validation,,-2.9200000762939453,-3.5035359990298747,-4.578297980517155,-2.428774017542595,random,2027,rf_rdkit,random_forest,rdkit,none,721e3c494613d3aa378fb20e47d69b51245b538e
esol,e208b87a10a8a69f,c1ccc(Nc2ccccc2)cc1,aqueous_solubility,log10(mol/L),train,,-3.503999948501587,-3.6339979724884026,-4.708759953975682,-2.559235991001123,random,2027,rf_rdkit,random_forest,rdkit,none,721e3c494613d3aa378fb20e47d69b51245b538e
esol,be134013772d5968,c1ccc(Oc2ccccc2)cc1,aqueous_solubility,log10(mol/L),train,,-3.9600000381469727,-3.7528800175413455,-4.827641999028625,-2.678118036054066,random,2027,rf_rdkit,random_forest,rdkit,none,721e3c494613d3aa378fb20e47d69b51245b538e
esol,043c2e23f851d45f,c1ccc2[nH]ccc2c1,aqueous_solubility,log10(mol/L),validation,,-1.5199999809265137,-2.0037880258932694,-3.078550007380549,-0.9290260444059899,random,2027,rf_rdkit,random_forest,rdkit,none,721e3c494613d3aa378fb20e47d69b51245b538e
esol,f272883f418f13bd,c1ccc2[nH]ncc2c1,aqueous_solubility,log10(mol/L),train,,-2.1600000858306885,-1.7734420495480259,-2.8482040310353054,-0.6986800680607463,random,2027,rf_rdkit,random_forest,rdkit,none,721e3c494613d3aa378fb20e47d69b51245b538e
esol,cef035936674febe,c1ccc2[nH]nnc2c1,aqueous_solubility,log10(mol/L),train,,-0.7799999713897705,-1.0137459874823604,-2.08850796896964,0.06101599400491908,random,2027,rf_rdkit,random_forest,rdkit,none,721e3c494613d3aa378fb20e47d69b51245b538e
esol,858996c131e6717c,c1ccc2c(c1)-c1cccc3c1c-2cc1ccccc13,aqueous_solubility,log10(mol/L),train,,-8.229999542236328,-8.169069715499901,-9.243831696987181,-7.094307734012622,random,2027,rf_rdkit,random_forest,rdkit,none,721e3c494613d3aa378fb20e47d69b51245b538e
esol,ba95d41fcaa26d7b,c1ccc2c(c1)-c1cccc3cccc-2c13,aqueous_solubility,log10(mol/L),calibration,,-6.0,-6.303676005363459,-7.378437986850739,-5.22891402387618,random,2027,rf_rdkit,random_forest,rdkit,none,721e3c494613d3aa378fb20e47d69b51245b538e
esol,f9f080dc7bc9c455,c1ccc2c(c1)CCC2,aqueous_solubility,log10(mol/L),train,,-3.0399999618530273,-3.0876399735212323,-4.162401955008512,-2.012877992033953,random,2027,rf_rdkit,random_forest,rdkit,none,721e3c494613d3aa378fb20e47d69b51245b538e
esol,3426417016495efe,c1ccc2c(c1)CCCC2,aqueous_solubility,log10(mol/L),validation,,-4.369999885559082,-3.4789839977025983,-4.553745979189878,-2.4042220162153187,random,2027,rf_rdkit,random_forest,rdkit,none,721e3c494613d3aa378fb20e47d69b51245b538e
esol,ca7ddb86099a1f31,c1ccc2c(c1)CCN2,aqueous_solubility,log10(mol/L),train,,-1.0399999618530273,-1.2626779769957135,-2.3374399584829932,-0.18791599550843396,random,2027,rf_rdkit,random_forest,rdkit,none,721e3c494613d3aa378fb20e47d69b51245b538e
esol,9eec1c422eb0736e,c1ccc2c(c1)Cc1c-2ccc2ccccc12,aqueous_solubility,log10(mol/L),train,,-6.679999828338623,-6.508705890178673,-7.5834678716659525,-5.433943908691393,random,2027,rf_rdkit,random_forest,rdkit,none,721e3c494613d3aa378fb20e47d69b51245b538e
esol,e917e96074d0112a,c1ccc2c(c1)Cc1cc3ccccc3cc1-2,aqueous_solubility,log10(mol/L),test,,-8.039999961853027,-6.511009938716885,-7.585771920204165,-5.436247957229606,random,2027,rf_rdkit,random_forest,rdkit,none,721e3c494613d3aa378fb20e47d69b51245b538e
esol,2bcb3025945f885d,c1ccc2c(c1)Cc1ccccc1-2,aqueous_solubility,log10(mol/L),train,,-5.0,-4.970861991882315,-6.045623973369595,-3.8961000103950356,random,2027,rf_rdkit,random_forest,rdkit,none,721e3c494613d3aa378fb20e47d69b51245b538e
esol,32aefa1fca7e764e,c1ccc2c(c1)[nH]c1ccccc12,aqueous_solubility,log10(mol/L),train,,-5.269999980926514,-4.674889986813077,-5.749651968300356,-3.6001280053257974,random,2027,rf_rdkit,random_forest,rdkit,none,721e3c494613d3aa378fb20e47d69b51245b538e
esol,7f4d532e99809c67,c1ccc2c(c1)c1cccc3ccc4cccc2c4c31,aqueous_solubility,log10(mol/L),test,,-7.800000190734863,-8.454546004295327,-9.529307985782607,-7.379784022808048,random,2027,rf_rdkit,random_forest,rdkit,none,721e3c494613d3aa378fb20e47d69b51245b538e
esol,8b5d8475b535b0bc,c1ccc2c(c1)c1ccccc1c1ccccc21,aqueous_solubility,log10(mol/L),train,,-6.72599983215332,-7.048281922578824,-8.123043904066105,-5.973519941091545,random,2027,rf_rdkit,random_forest,rdkit,none,721e3c494613d3aa378fb20e47d69b51245b538e
esol,0a42b5468f3cec71,c1ccc2c(c1)cc1ccc3cccc4ccc2c1c34,aqueous_solubility,log10(mol/L),train,,-8.699000358581543,-8.444314194679245,-9.519076176166525,-7.369552213191966,random,2027,rf_rdkit,random_forest,rdkit,none,721e3c494613d3aa378fb20e47d69b51245b538e
esol,abc2212d577a0a52,c1ccc2c(c1)ccc1c2ccc2c3ccccc3ccc21,aqueous_solubility,log10(mol/L),train,,-7.869999885559082,-7.92057392978668,-8.995335911273958,-6.8458119482994,random,2027,rf_rdkit,random_forest,rdkit,none,721e3c494613d3aa378fb20e47d69b51245b538e
esol,0b54a7f3ed5c794f,c1ccc2c(c1)ccc1c3ccccc3ccc21,aqueous_solubility,log10(mol/L),calibration,,-8.057000160217285,-7.32739805030824,-8.40216003179552,-6.25263606882096,random,2027,rf_rdkit,random_forest,rdkit,none,721e3c494613d3aa378fb20e47d69b51245b538e
esol,7fa04ee43db30bc0,c1ccc2c(c1)ccc1ccccc12,aqueous_solubility,log10(mol/L),train,,-5.260000228881836,-5.5332161369323565,-6.607978118419636,-4.458454155445077,random,2027,rf_rdkit,random_forest,rdkit,none,721e3c494613d3aa378fb20e47d69b51245b538e
esol,51da36469766fc21,c1ccc2c(c1)cnc1ccccc12,aqueous_solubility,log10(mol/L),train,,-2.7799999713897705,-3.3248619971275333,-4.399623978614812,-2.2501000156402537,random,2027,rf_rdkit,random_forest,rdkit,none,721e3c494613d3aa378fb20e47d69b51245b538e
esol,afc851d31ce87445,c1ccc2c(c1)oc1ccccc12,aqueous_solubility,log10(mol/L),train,,-4.599999904632568,-4.377153941154482,-5.451915922641762,-3.3023919596672027,random,2027,rf_rdkit,random_forest,rdkit,none,721e3c494613d3aa378fb20e47d69b51245b538e
esol,a270f9ffb22d606f,c1ccc2c(c1)sc1ccccc12,aqueous_solubility,log10(mol/L),test,,-4.380000114440918,-4.841022008776665,-5.915783990263945,-3.766260027289386,random,2027,rf_rdkit,random_forest,rdkit,none,721e3c494613d3aa378fb20e47d69b51245b538e
esol,aaf3871c0ae0900f,c1ccc2c3c(ccc2c1)-c1cccc2cccc-3c12,aqueous_solubility,log10(mol/L),train,,-8.0,-7.987251915931721,-9.062013897419,-6.912489934444442,random,2027,rf_rdkit,random_forest,rdkit,none,721e3c494613d3aa378fb20e47d69b51245b538e
esol,23d82fe5f429d7a9,c1ccc2cc3c(cc2c1)-c1cccc2cccc-3c12,aqueous_solubility,log10(mol/L),train,,-8.489999771118164,-8.31415581798555,-9.38891779947283,-7.239393836498271,random,2027,rf_rdkit,random_forest,rdkit,none,721e3c494613d3aa378fb20e47d69b51245b538e
esol,7d36e8549432d64d,c1ccc2cc3cc4ccccc4cc3cc2c1,aqueous_solubility,log10(mol/L),train,,-8.600000381469727,-7.932878244638473,-9.007640226125751,-6.858116263151193,random,2027,rf_rdkit,random_forest,rdkit,none,721e3c494613d3aa378fb20e47d69b51245b538e
esol,c4ee64098e4aa12f,c1ccc2cc3ccccc3cc2c1,aqueous_solubility,log10(mol/L),train,,-6.349999904632568,-5.9872339890002975,-7.061995970487577,-4.912472007513018,random,2027,rf_rdkit,random_forest,rdkit,none,721e3c494613d3aa378fb20e47d69b51245b538e
esol,da702d9864f1c117,c1ccc2ccccc2c1,aqueous_solubility,log10(mol/L),calibration,,-3.5999999046325684,-3.8098800005912787,-4.884641982078558,-2.735118019103999,random,2027,rf_rdkit,random_forest,rdkit,none,721e3c494613d3aa378fb20e47d69b51245b538e
esol,9ca1add01351675c,c1ccc2cnccc2c1,aqueous_solubility,log10(mol/L),validation,,-1.4500000476837158,-1.7052679910659816,-2.780029972553261,-0.6305060095787021,random,2027,rf_rdkit,random_forest,rdkit,none,721e3c494613d3aa378fb20e47d69b51245b538e
esol,efcaebe6e1d57dd8,c1ccc2nc(-c3ccc4ccccc4n3)ccc2c1,aqueous_solubility,log10(mol/L),train,,-5.400000095367432,-5.419966063499443,-6.494728044986722,-4.345204082012163,random,2027,rf_rdkit,random_forest,rdkit,none,721e3c494613d3aa378fb20e47d69b51245b538e
esol,85d224abca7da7f7,c1ccc2nc3ccccc3cc2c1,aqueous_solubility,log10(mol/L),train,,-3.6700000762939453,-3.700444043457506,-4.775206024944786,-2.6256820619702266,random,2027,rf_rdkit,random_forest,rdkit,none,721e3c494613d3aa378fb20e47d69b51245b538e
esol,6605621e5bb09b5b,c1ccc2ncccc2c1,aqueous_solubility,log10(mol/L),train,,-1.2999999523162842,-1.5328039732351932,-2.6075659547224728,-0.4580419917479137,random,2027,rf_rdkit,random_forest,rdkit,none,721e3c494613d3aa378fb20e47d69b51245b538e
esol,974e231cb1343190,c1ccc2ocnc2c1,aqueous_solubility,log10(mol/L),train,,-1.159999966621399,-1.3220499804615908,-2.3968119619488704,-0.2472879989743113,random,2027,rf_rdkit,random_forest,rdkit,none,721e3c494613d3aa378fb20e47d69b51245b538e
esol,5ef8ef9683725da1,c1ccc2scnc2c1,aqueous_solubility,log10(mol/L),train,,-1.5,-1.7144180086776712,-2.7891799901649508,-0.6396560271903917,random,2027,rf_rdkit,random_forest,rdkit,none,721e3c494613d3aa378fb20e47d69b51245b538e
esol,e3e14b72b0c1eee5,c1ccccc1,aqueous_solubility,log10(mol/L),train,,-1.6399999856948853,-1.8737999924719362,-2.9485619739592157,-0.7990380109846567,random,2027,rf_rdkit,random_forest,rdkit,none,721e3c494613d3aa378fb20e47d69b51245b538e
esol,495345b0563a50a0,c1ccncc1,aqueous_solubility,log10(mol/L),validation,,0.7599999904632568,-0.2508100040294212,-1.3255719855167007,0.8239519774578583,random,2027,rf_rdkit,random_forest,rdkit,none,721e3c494613d3aa378fb20e47d69b51245b538e
esol,593bada07a65209c,c1ccnnc1,aqueous_solubility,log10(mol/L),calibration,,1.100000023841858,-0.3714360044598579,-1.4461979859471374,0.7033259770274216,random,2027,rf_rdkit,random_forest,rdkit,none,721e3c494613d3aa378fb20e47d69b51245b538e
esol,d626cfeba6db6df0,c1ccoc1,aqueous_solubility,log10(mol/L),validation,,-0.8199999928474426,-0.3477440037131285,-1.422505985200408,0.727017977774151,random,2027,rf_rdkit,random_forest,rdkit,none,721e3c494613d3aa378fb20e47d69b51245b538e
esol,f1e6672b0806900d,c1ccsc1,aqueous_solubility,log10(mol/L),train,,-1.3300000429153442,-1.3588460272103435,-2.433608008697623,-0.284084045723064,random,2027,rf_rdkit,random_forest,rdkit,none,721e3c494613d3aa378fb20e47d69b51245b538e
esol,d72a83266a26ee75,c1cnc2c(c1)ccc1ncccc12,aqueous_solubility,log10(mol/L),train,,-2.680000066757202,-2.83427804529667,-3.9090400267839494,-1.7595160638093903,random,2027,rf_rdkit,random_forest,rdkit,none,721e3c494613d3aa378fb20e47d69b51245b538e
esol,363c54343f9cb2c9,c1cnc2ncncc2n1,aqueous_solubility,log10(mol/L),train,,0.019999999552965164,-0.4068699966520142,-1.4816319781392937,0.6678919848352654,random,2027,rf_rdkit,random_forest,rdkit,none,721e3c494613d3aa378fb20e47d69b51245b538e
esol,7f841726f00af1d6,c1cncnc1,aqueous_solubility,log10(mol/L),test,,1.100000023841858,-0.20634600150957727,-1.2811079829968568,0.8684159799777023,random,2027,rf_rdkit,random_forest,rdkit,none,721e3c494613d3aa378fb20e47d69b51245b538e
