dataset,molecule_id,smiles,property,units,partition,scaffold,y_true,y_pred,prediction_lower,prediction_upper,split_strategy,seed,model,family,features,fusion,git_commit
esol,da61f9c875766442,BrC(Br)(Br)Br,aqueous_solubility,log10(mol/L),train,,-3.140000104904175,-0.10838666080592274,-1.9000390717443363,1.6832657501324908,scaffold,2026,hybrid_concat,edge_gnn,rdkit,concat,721e3c494613d3aa378fb20e47d69b51245b538e
esol,033a6d997321375a,BrC(Br)Br,aqueous_solubility,log10(mol/L),train,,-1.909999966621399,-6.336158097819263,-8.127810508757676,-4.54450568688085,scaffold,2026,hybrid_concat,edge_gnn,rdkit,concat,721e3c494613d3aa378fb20e47d69b51245b538e
esol,9ab68a3afbba9fc0,BrCBr,aqueous_solubility,log10(mol/L),train,,-1.1699999570846558,-0.19689641949672954,-1.988548830435143,1.594755991441684,scaffold,2026,hybrid_concat,edge_gnn,rdkit,concat,721e3c494613d3aa378fb20e47d69b51245b538e
esol,bd914b232803b250,BrCCBr,aqueous_solubility,log10(mol/L),train,,-1.6799999475479126,-1.3334304758143607,-3.1250828867527742,0.45822193512405285,scaffold,2026,hybrid_concat,edge_gnn,rdkit,concat,721e3c494613d3aa378fb20e47d69b51245b538e
esol,77a4ca2bbfb75522,Brc1cc(Br)c(Br)cc1Br,aqueous_solubility,log10(mol/L),train,c1ccccc1,-6.980000019073486,-3.4053992577088974,-5.197051668647311,-1.6137468467704839,scaffold,2026,hybrid_concat,edge_gnn,rdkit,concat,721e3c494613d3aa378fb20e47d69b51245b538e
esol,21cbcc346182e499,Brc1cc(Br)cc(Br)c1,aqueous_solubility,log10(mol/L),train,c1ccccc1,-5.599999904632568,-1.7689016681206895,-3.560554079059103,0.022750742817724046,scaffold,2026,hybrid_concat,edge_gnn,rdkit,concat,721e3c494613d3aa378fb20e47d69b51245b538e
esol,599294ce62557e5e,Brc1ccc(Br)c(Br)c1,aqueous_solubility,log10(mol/L),train,c1ccccc1,-4.5,-2.646156351127372,-4.437808762065785,-0.8545039401889585,scaffold,2026,hybrid_concat,edge_gnn,rdkit,concat,721e3c494613d3aa378fb20e47d69b51245b538e
esol,5e05b0f3e484f559,Brc1ccc(Br)cc1,aqueous_solubility,log10(mol/L),train,c1ccccc1,-4.070000171661377,-3.5413092571914726,-5.332961668129887,-1.749656846253059,scaffold,2026,hybrid_concat,edge_gnn,rdkit,concat,721e3c494613d3aa378fb20e47d69b51245b538e
esol,bbdc3f8b7bb7f0e8,Brc1ccc(I)cc1,aqueous_solubility,log10(mol/L),train,c1ccccc1,-4.559999942779541,-0.5507750424996383,-2.342427453438052,1.2408773684387753,scaffold,2026,hybrid_concat,edge_gnn,rdkit,concat,721e3c494613d3aa378fb20e47d69b51245b538e
esol,30d2b25ba1f64487,Brc1ccc2ccccc2c1,aqueous_solubility,log10(mol/L),train,c1ccc2ccccc2c1,-4.400000095367432,-0.7014975499929683,-2.493149960931382,1.0901548609454452,scaffold,2026,hybrid_concat,edge_gnn,rdkit,concat,721e3c494613d3aa378fb20e47d69b51245b538e
esol,e49ac581c1a589b2,Brc1cccc(Br)c1,aqueous_solubility,log10(mol/L),train,c1ccccc1,-3.5399999618530273,-0.07070280657228567,-1.8623552175106992,1.7209496043661279,scaffold,2026,hybrid_concat,edge_gnn,rdkit,concat,721e3c494613d3aa378fb20e47d69b51245b538e
esol,4ec2811097081ab4,Brc1cccc2ccccc12,aqueous_solubility,log10(mol/L),train,c1ccc2ccccc2c1,-4.349999904632568,-6.475097393309106,-8.26674980424752,-4.683444982370693,scaffold,2026,hybrid_concat,edge_gnn,rdkit,concat,721e3c494613d3aa378fb20e47d69b51245b538e
esol,0397bd2cd69b335c,Brc1ccccc1,aqueous_solubility,log10(mol/L),train,c1ccccc1,-2.549999952316284,-4.710647159898654,-6.502299570837067,-2.9189947489602406,scaffold,2026,hybrid_concat,edge_gnn,rdkit,concat,721e3c494613d3aa378fb20e47d69b51245b538e
esol,324f80b71abb8f48,Brc1ccccc1Br,aqueous_solubility,log10(mol/L),train,c1ccccc1,-3.5,-0.9424724712096562,-2.7341248821480697,0.8491799397287574,scaffold,2026,hybrid_concat,edge_gnn,rdkit,concat,721e3c494613d3aa378fb20e47d69b51245b538e
esol,ef653be8d856a3e3,C,aqueous_solubility,log10(mol/L),train,,-0.8999999761581421,-4.27676442652144,-6.0684168374598535,-2.485112015583027,scaffold,2026,hybrid_concat,edge_gnn,rdkit,concat,721e3c494613d3aa378fb20e47d69b51245b538e
esol,1e62faae86ae77c5,C#C,aqueous_solubility,log10(mol/L),train,,0.28999999165534973,-4.052040937883849,-5.843693348822262,-2.260388526945435,scaffold,2026,hybrid_concat,edge_gnn,rdkit,concat,721e3c494613d3aa378fb20e47d69b51245b538e
esol,be01c31d44889bd9,C#CC,aqueous_solubility,log10(mol/L),train,,-0.4099999964237213,-2.741018092790762,-4.532670503729175,-0.9493656818523486,scaffold,2026,hybrid_concat,edge_gnn,rdkit,concat,721e3c494613d3aa378fb20e47d69b51245b538e
esol,418e7591029ea69f,C#CC(C)N(C)C(=O)Nc1ccc(Cl)cc1,aqueous_solubility,log10(mol/L),train,c1ccccc1,-3.9000000953674316,-1.27661793752426,-3.0682703484626734,0.5150344734141536,scaffold,2026,hybrid_concat,edge_gnn,rdkit,concat,721e3c494613d3aa378fb20e47d69b51245b538e
esol,9ab8feee6b5a7528,C#CC(C)OC(=O)Nc1cccc(Cl)c1,aqueous_solubility,log10(mol/L),train,c1ccccc1,-2.617000102996826,-3.451958472311693,-5.243610883250106,-1.6603060613732796,scaffold,2026,hybrid_concat,edge_gnn,rdkit,concat,721e3c494613d3aa378fb20e47d69b51245b538e
esol,254e2b1734e74745,C#CC1(O)CCC2C3CCC4=CC(=O)CCC4(C)C3CCC21C,aqueous_solubility,log10(mol/L),train,O=C1C=C2CCC3C4CCCC4CCC3C2CC1,-5.659999847412109,-3.3839607399293374,-5.1756131508677505,-1.592308328990924,scaffold,2026,hybrid_concat,edge_gnn,rdkit,concat,721e3c494613d3aa378fb20e47d69b51245b538e
esol,8df5408ffcddd97a,C#CC1(O)CCC2C3CCC4=CC(=O)CCC4(O)C3CCC21C,aqueous_solubility,log10(mol/L),train,O=C1C=C2CCC3C4CCCC4CCC3C2CC1,-4.570000171661377,-0.34615251009319836,-2.137804921031612,1.4454999008452152,scaffold,2026,hybrid_concat,edge_gnn,rdkit,concat,721e3c494613d3aa378fb20e47d69b51245b538e
esol,1e8401e159a17ddb,C#CC1(O)CCC2C3CCC4=Cc5oncc5CC4(C)C3CCC21C,aqueous_solubility,log10(mol/L),test,C1=C2CCC3C4CCCC4CCC3C2Cc2cnoc21,-5.506999969482422,-5.115634260683169,-6.907286671621582,-3.3239818497447557,scaffold,2026,hybrid_concat,edge_gnn,rdkit,concat,721e3c494613d3aa378fb20e47d69b51245b538e
esol,0ede43d08b0b685a,C#CC1(O)CCC2C3CCc4cc(O)ccc4C3CCC21C,aqueous_solubility,log10(mol/L),validation,c1ccc2c(c1)CCC1C2CCC2CCCC21,-4.300000190734863,-4.694165389419309,-6.485817800357722,-2.9025129784808956,scaffold,2026,hybrid_concat,edge_gnn,rdkit,concat,721e3c494613d3aa378fb20e47d69b51245b538e
esol,f6f3f8ce45fa9dfa,C#CC1(OC(C)=O)CCC2C3CCC4=CC(=O)CCC4C3CCC21C,aqueous_solubility,log10(mol/L),train,O=C1C=C2CCC3C4CCCC4CCC3C2CC1,-4.800000190734863,-3.7060674351170846,-5.497719846055498,-1.914415024178671,scaffold,2026,hybrid_concat,edge_gnn,rdkit,concat,721e3c494613d3aa378fb20e47d69b51245b538e
esol,3e31eac302cfd8fc,C#CCC,aqueous_solubility,log10(mol/L),train,,-1.2400000095367432,-3.634285084884352,-5.425937495822765,-1.8426326739459387,scaffold,2026,hybrid_concat,edge_gnn,rdkit,concat,721e3c494613d3aa378fb20e47d69b51245b538e
esol,ef58f1c4944033aa,C#CCCC,aqueous_solubility,log10(mol/L),train,,-1.6399999856948853,0.8995908767169394,-0.8920615342214742,2.691243287655353,scaffold,2026,hybrid_concat,edge_gnn,rdkit,concat,721e3c494613d3aa378fb20e47d69b51245b538e
esol,9df9f03554f45e69,C#CCCCC,aqueous_solubility,log10(mol/L),train,,-2.359999895095825,-1.1480677539182365,-2.93972016485665,0.6435846570201771,scaffold,2026,hybrid_concat,edge_gnn,rdkit,concat,721e3c494613d3aa378fb20e47d69b51245b538e
esol,0b51237b33e42d49,C#CCCCCC,aqueous_solubility,log10(mol/L),train,,-3.009999990463257,-3.367473381335391,-5.159125792273805,-1.5758209703969777,scaffold,2026,hybrid_concat,edge_gnn,rdkit,concat,721e3c494613d3aa378fb20e47d69b51245b538e
esol,48de0e30b5d246ce,C#CCCCCCC,aqueous_solubility,log10(mol/L),train,,-3.6600000858306885,-1.8913608665772708,-3.683013277515684,-0.09970845563885722,scaffold,2026,hybrid_concat,edge_gnn,rdkit,concat,721e3c494613d3aa378fb20e47d69b51245b538e
esol,a3e71f83f986b969,C#CCCCCCCC,aqueous_solubility,log10(mol/L),train,,-4.239999771118164,-1.730028949976376,-3.5216813609147897,0.061623460962037635,scaffold,2026,hybrid_concat,edge_gnn,rdkit,concat,721e3c494613d3aa378fb20e47d69b51245b538e
esol,004b9675aac80e82,C/C=C/C=O,aqueous_solubility,log10(mol/L),train,,0.3199999928474426,-2.5281527626348392,-4.319805173573252,-0.7365003516964257,scaffold,2026,hybrid_concat,edge_gnn,rdkit,concat,721e3c494613d3aa378fb20e47d69b51245b538e
esol,0923717a6761fd77,C/C=C/CC,aqueous_solubility,log10(mol/L),train,,-2.5399999618530273,-1.8722558498297064,-3.66390826076812,-0.08060343889129284,scaffold,2026,hybrid_concat,edge_gnn,rdkit,concat,721e3c494613d3aa378fb20e47d69b51245b538e
esol,c57120d38c0a4a68,C/C=C/CCCC,aqueous_solubility,log10(mol/L),train,,-3.819999933242798,-2.011122828542356,-3.8027752394807695,-0.21947041760394237,scaffold,2026,hybrid_concat,edge_gnn,rdkit,concat,721e3c494613d3aa378fb20e47d69b51245b538e
esol,26ab7efc03939d8f,C/C=C\CC,aqueous_solubility,log10(mol/L),train,,-2.5399999618530273,-4.991434200171984,-6.783086611110397,-3.1997817892335703,scaffold,2026,hybrid_concat,edge_gnn,rdkit,concat,721e3c494613d3aa378fb20e47d69b51245b538e
esol,5cd7d49aba9a7e17,C1=CCC=CC1,aqueous_solubility,log10(mol/L),train,C1=CCC=CC1,-2.059999942779541,-3.64156565113565,-5.433218062074063,-1.8499132401972362,scaffold,2026,hybrid_concat,edge_gnn,rdkit,concat,721e3c494613d3aa378fb20e47d69b51245b538e
esol,1d7f56772c078bb9,C1=CCCC1,aqueous_solubility,log10(mol/L),train,C1=CCCC1,-2.0999999046325684,-2.2158992582225743,-4.007551669160987,-0.42424684728416073,scaffold,2026,hybrid_concat,edge_gnn,rdkit,concat,721e3c494613d3aa378fb20e47d69b51245b538e
esol,abde13413c473f18,C1=CCCCC1,aqueous_solubility,log10(mol/L),validation,C1=CCCCC1,-2.5899999141693115,-2.710150871764655,-4.501803282703069,-0.9184984608262416,scaffold,2026,hybrid_concat,edge_gnn,rdkit,concat,721e3c494613d3aa378fb20e47d69b51245b538e
esol,bb8c20b84fd920a2,C1=CCCCCC1,aqueous_solubility,log10(mol/L),validation,C1=CCCCCC1,-3.180000066757202,-3.0474974910227393,-4.839149901961153,-1.2558450800843257,scaffold,2026,hybrid_concat,edge_gnn,rdkit,concat,721e3c494613d3aa378fb20e47d69b51245b538e
esol,95b87f4f4f2bb613,C1=Cc2cccc3cccc1c23,aqueous_solubility,log10(mol/L),test,C1=Cc2cccc3cccc1c23,-3.9600000381469727,-4.703437117446603,-6.495089528385016,-2.911784706508189,scaffold,2026,hybrid_concat,edge_gnn,rdkit,concat,721e3c494613d3aa378fb20e47d69b51245b538e
esol,5c3986bd23acb32d,C1CCC2CCCCC2C1,aqueous_solubility,log10(mol/L),validation,C1CCC2CCCCC2C1,-5.190000057220459,-5.040995696580979,-6.832648107519393,-3.2493432856425657,scaffold,2026,hybrid_concat,edge_gnn,rdkit,concat,721e3c494613d3aa378fb20e47d69b51245b538e
esol,7c5d26a49231e799,C1CCCC1,aqueous_solubility,log10(mol/L),train,C1CCCC1,-2.640000104904175,1.2988184542084675,-0.492833956729946,3.090470865146881,scaffold,2026,hybrid_concat,edge_gnn,rdkit,concat,721e3c494613d3aa378fb20e47d69b51245b538e
esol,4d70c6ce3ea26712,C1CCCCC1,aqueous_solubility,log10(mol/L),test,C1CCCCC1,-3.0999999046325684,-3.2122759295991514,-5.0039283405375645,-1.4206235186607379,scaffold,2026,hybrid_concat,edge_gnn,rdkit,concat,721e3c494613d3aa378fb20e47d69b51245b538e
esol,70cfcad6dba4b5a4,C1CCCCCC1,aqueous_solubility,log10(mol/L),validation,C1CCCCCC1,-3.509999990463257,-3.6050037229693372,-5.396656133907751,-1.8133513120309237,scaffold,2026,hybrid_concat,edge_gnn,rdkit,concat,721e3c494613d3aa378fb20e47d69b51245b538e
esol,3049de5674a74cb5,C1CCCCCCC1,aqueous_solubility,log10(mol/L),test,C1CCCCCCC1,-4.150000095367432,-4.057203160456782,-5.848855571395196,-2.265550749518369,scaffold,2026,hybrid_concat,edge_gnn,rdkit,concat,721e3c494613d3aa378fb20e47d69b51245b538e
esol,ec599f0cbd5e780b,C1CCOC1,aqueous_solubility,log10(mol/L),calibration,C1CCOC1,0.49000000953674316,-0.43950689519660546,-2.231159306135019,1.352145515741808,scaffold,2026,hybrid_concat,edge_gnn,rdkit,concat,721e3c494613d3aa378fb20e47d69b51245b538e
esol,6ee75a2f4b64ffb0,C1CCOCC1,aqueous_solubility,log10(mol/L),calibration,C1CCOCC1,-0.029999999329447746,-0.830166189675352,-2.6218186006137656,0.9614862212630615,scaffold,2026,hybrid_concat,edge_gnn,rdkit,concat,721e3c494613d3aa378fb20e47d69b51245b538e
esol,dbdd245cf7f7502f,C=C,aqueous_solubility,log10(mol/L),train,,-0.4000000059604645,-2.7585646755190805,-4.550217086457494,-0.9669122645806669,scaffold,2026,hybrid_concat,edge_gnn,rdkit,concat,721e3c494613d3aa378fb20e47d69b51245b538e
esol,1ff48e0fc1bb46f2,C=C(Br)CC1(C(C)CC)C(=O)NC(=O)NC1=O,aqueous_solubility,log10(mol/L),train,O=C1CC(=O)NC(=O)N1,-2.6470000743865967,-2.1401978765593768,-3.9318502874977903,-0.3485454656209632,scaffold,2026,hybrid_concat,edge_gnn,rdkit,concat,721e3c494613d3aa378fb20e47d69b51245b538e
esol,e7c10ec7ffa2f500,C=C(C)C,aqueous_solubility,log10(mol/L),train,,-2.3299999237060547,-4.775822625460682,-6.567475036399095,-2.9841702145222686,scaffold,2026,hybrid_concat,edge_gnn,rdkit,concat,721e3c494613d3aa378fb20e47d69b51245b538e
esol,1e7286c23334c464,C=C(C)C(=C)C,aqueous_solubility,log10(mol/L),train,,-2.4000000953674316,-0.37025371965581044,-2.161906130594224,1.421398691282603,scaffold,2026,hybrid_concat,edge_gnn,rdkit,concat,721e3c494613d3aa378fb20e47d69b51245b538e
esol,2b835da78b020754,C=C(C)C1CC=C(C)C(=O)C1,aqueous_solubility,log10(mol/L),test,O=C1C=CCCC1,-2.059999942779541,-2.8124123903005893,-4.604064801239003,-1.0207599793621758,scaffold,2026,hybrid_concat,edge_gnn,rdkit,concat,721e3c494613d3aa378fb20e47d69b51245b538e
esol,9920e0d07ed28e13,C=C(C)C1CC=C(C)CC1,aqueous_solubility,log10(mol/L),validation,C1=CCCCC1,-4.260000228881836,-4.411599954086354,-6.203252365024767,-2.61994754314794,scaffold,2026,hybrid_concat,edge_gnn,rdkit,concat,721e3c494613d3aa378fb20e47d69b51245b538e
esol,9ce3bd89adca3155,C=C(C)C1Cc2c(ccc3c2OC2COc4cc(OC)c(OC)cc4C2C3=O)O1,aqueous_solubility,log10(mol/L),test,O=C1c2ccc3c(c2OC2COc4ccccc4C12)CCO3,-4.420000076293945,-3.7859068903499296,-5.577559301288343,-1.994254479411516,scaffold,2026,hybrid_concat,edge_gnn,rdkit,concat,721e3c494613d3aa378fb20e47d69b51245b538e
esol,c8d3a1f414f5bcce,C=C(C)CC,aqueous_solubility,log10(mol/L),train,,-2.7300000190734863,-4.0598222231097925,-5.851474634048206,-2.268169812171379,scaffold,2026,hybrid_concat,edge_gnn,rdkit,concat,721e3c494613d3aa378fb20e47d69b51245b538e
esol,08ff67a090d72c26,C=C(C)CCC,aqueous_solubility,log10(mol/L),train,,-3.0299999713897705,-2.905126271386164,-4.696778682324577,-1.1134738604477503,scaffold,2026,hybrid_concat,edge_gnn,rdkit,concat,721e3c494613d3aa378fb20e47d69b51245b538e
esol,43ca2dece41f5eb7,C=C(C)CN(CC)c1c([N+](=O)[O-])cc(C(F)(F)F)cc1[N+](=O)[O-],aqueous_solubility,log10(mol/L),train,c1ccccc1,-6.124000072479248,-0.8899187336709629,-2.6815711446093764,0.9017336772674507,scaffold,2026,hybrid_concat,edge_gnn,rdkit,concat,721e3c494613d3aa378fb20e47d69b51245b538e
esol,49db12929fad29a3,C=C(Cl)CSC(=S)N(CC)CC,aqueous_solubility,log10(mol/L),train,,-3.390000104904175,0.6255210490239831,-1.1661313619144305,2.4171734599623966,scaffold,2026,hybrid_concat,edge_gnn,rdkit,concat,721e3c494613d3aa378fb20e47d69b51245b538e
esol,17bd196156d45488,C=C(Cl)Cl,aqueous_solubility,log10(mol/L),train,,-1.6399999856948853,-1.9169425977965933,-3.708595008735007,-0.12529018685817972,scaffold,2026,hybrid_concat,edge_gnn,rdkit,concat,721e3c494613d3aa378fb20e47d69b51245b538e
esol,4374b7441e7baae0,C=CC,aqueous_solubility,log10(mol/L),train,,-1.0800000429153442,-1.3042895638385221,-3.0959419747769354,0.4873628470998914,scaffold,2026,hybrid_concat,edge_gnn,rdkit,concat,721e3c494613d3aa378fb20e47d69b51245b538e
esol,b3adba63532cb668,C=CC#N,aqueous_solubility,log10(mol/L),train,,0.15000000596046448,-5.674654423442222,-7.466306834380635,-3.8830020125038085,scaffold,2026,hybrid_concat,edge_gnn,rdkit,concat,721e3c494613d3aa378fb20e47d69b51245b538e
esol,2c3f4ff07d8cd113,C=CC(=C)C,aqueous_solubility,log10(mol/L),train,,-2.0299999713897705,-4.241897221110565,-6.033549632048979,-2.4502448101721517,scaffold,2026,hybrid_concat,edge_gnn,rdkit,concat,721e3c494613d3aa378fb20e47d69b51245b538e
esol,4813864c1e8d653b,C=CC(=O)OC,aqueous_solubility,log10(mol/L),train,,-0.2199999988079071,-0.6206689088268029,-2.4123213197652165,1.1709835021116106,scaffold,2026,hybrid_concat,edge_gnn,rdkit,concat,721e3c494613d3aa378fb20e47d69b51245b538e
esol,64f6eee3339816ef,C=CC(C)(O)CCC=C(C)C,aqueous_solubility,log10(mol/L),train,,-1.9900000095367432,-3.546058198347639,-5.337710609286052,-1.7544057874092256,scaffold,2026,hybrid_concat,edge_gnn,rdkit,concat,721e3c494613d3aa378fb20e47d69b51245b538e
esol,2e0d4bc22e47200f,C=CC(C)C,aqueous_solubility,log10(mol/L),train,,-2.7300000190734863,-2.6673770818523117,-4.459029492790725,-0.8757246709138982,scaffold,2026,hybrid_concat,edge_gnn,rdkit,concat,721e3c494613d3aa378fb20e47d69b51245b538e
esol,a7f910903d65c55d,C=CC(O)CCC,aqueous_solubility,log10(mol/L),train,,-0.5899999737739563,-1.7523743560014926,-3.544026766939906,0.039278054936920936,scaffold,2026,hybrid_concat,edge_gnn,rdkit,concat,721e3c494613d3aa378fb20e47d69b51245b538e
esol,9c5c4be6a611f0d4,C=CC1(C)OC(=O)N(c2cc(Cl)cc(Cl)c2)C1=O,aqueous_solubility,log10(mol/L),calibration,O=C1COC(=O)N1c1ccccc1,-4.925000190734863,-3.940004320232763,-5.731656731171176,-2.1483519092943495,scaffold,2026,hybrid_concat,edge_gnn,rdkit,concat,721e3c494613d3aa378fb20e47d69b51245b538e
esol,5f725e80c7d4ca6e,C=CC=C,aqueous_solubility,log10(mol/L),train,,-1.8700000047683716,-2.4050514688924975,-4.1967038798309115,-0.613399057954084,scaffold,2026,hybrid_concat,edge_gnn,rdkit,concat,721e3c494613d3aa378fb20e47d69b51245b538e
esol,7e5d57bf31e51f3b,C=CC=O,aqueous_solubility,log10(mol/L),train,,0.5699999928474426,-5.518243155518878,-7.309895566457291,-3.7265907445804642,scaffold,2026,hybrid_concat,edge_gnn,rdkit,concat,721e3c494613d3aa378fb20e47d69b51245b538e
esol,0c125e154592b036,C=CCC,aqueous_solubility,log10(mol/L),train,,-1.940000057220459,-4.215611208153689,-6.007263619092102,-2.4239587972152754,scaffold,2026,hybrid_concat,edge_gnn,rdkit,concat,721e3c494613d3aa378fb20e47d69b51245b538e
esol,d82c07a526a33d28,C=CCC1(C(C)C)C(=O)NC(=O)NC1=O,aqueous_solubility,log10(mol/L),train,O=C1CC(=O)NC(=O)N1,-1.7079999446868896,-4.226528292276948,-6.018180703215361,-2.434875881338534,scaffold,2026,hybrid_concat,edge_gnn,rdkit,concat,721e3c494613d3aa378fb20e47d69b51245b538e
esol,0a25a747148c7a1f,C=CCC1(C(C)CC)C(=O)NC(=O)NC1=O,aqueous_solubility,log10(mol/L),train,O=C1CC(=O)NC(=O)N1,-2.0160000324249268,-3.753841452044856,-5.545493862983269,-1.9621890411064427,scaffold,2026,hybrid_concat,edge_gnn,rdkit,concat,721e3c494613d3aa378fb20e47d69b51245b538e
esol,755de189a5985744,C=CCC1(C(C)CCC)C(=O)NC(=O)NC1=O,aqueous_solubility,log10(mol/L),train,O=C1CC(=O)NC(=O)N1,-2.3559999465942383,-0.6432580403208386,-2.434910451259252,1.148394370617575,scaffold,2026,hybrid_concat,edge_gnn,rdkit,concat,721e3c494613d3aa378fb20e47d69b51245b538e
esol,2377f869d0ed780c,C=CCC1(C(C)CCC)C(=O)NC(=S)NC1=O,aqueous_solubility,log10(mol/L),train,O=C1CC(=O)NC(=S)N1,-3.4600000381469727,-3.140985662163953,-4.932638073102367,-1.3493332512255396,scaffold,2026,hybrid_concat,edge_gnn,rdkit,concat,721e3c494613d3aa378fb20e47d69b51245b538e
esol,1f2305f058bbb67d,C=CCC1(C)C(=O)NC(=O)NC1=O,aqueous_solubility,log10(mol/L),train,O=C1CC(=O)NC(=O)N1,-1.159999966621399,-0.9225183001064263,-2.71417071104484,0.8691341108319872,scaffold,2026,hybrid_concat,edge_gnn,rdkit,concat,721e3c494613d3aa378fb20e47d69b51245b538e
esol,b2789fcdce54841c,C=CCC1(CC)C(=O)NC(=O)NC1=O,aqueous_solubility,log10(mol/L),train,O=C1CC(=O)NC(=O)N1,-1.6139999628067017,-1.308662039391765,-3.1003144503301785,0.4829903715466486,scaffold,2026,hybrid_concat,edge_gnn,rdkit,concat,721e3c494613d3aa378fb20e47d69b51245b538e
esol,d7c2057651e25e8d,C=CCC1(CC=C)C(=O)NC(=O)NC1=O,aqueous_solubility,log10(mol/L),train,O=C1CC(=O)NC(=O)N1,-2.0769999027252197,-2.428539719060986,-4.2201921299994,-0.6368873081225725,scaffold,2026,hybrid_concat,edge_gnn,rdkit,concat,721e3c494613d3aa378fb20e47d69b51245b538e
esol,09c2f35273cfdcb6,C=CCC1(c2ccccc2)C(=O)NC(=O)NC1=O,aqueous_solubility,log10(mol/L),train,O=C1NC(=O)C(c2ccccc2)C(=O)N1,-2.36899995803833,-2.271074568583403,-4.062726979521816,-0.4794221576449895,scaffold,2026,hybrid_concat,edge_gnn,rdkit,concat,721e3c494613d3aa378fb20e47d69b51245b538e
esol,924236428a2d77f9,C=CCC=C,aqueous_solubility,log10(mol/L),train,,-2.0899999141693115,-2.2978373941422987,-4.089489805080712,-0.5061849832038852,scaffold,2026,hybrid_concat,edge_gnn,rdkit,concat,721e3c494613d3aa378fb20e47d69b51245b538e
esol,20d95e6e0ed5a2ad,C=CCCC,aqueous_solubility,log10(mol/L),train,,-2.680000066757202,-1.9290140011220838,-3.7206664120604973,-0.13736159018367022,scaffold,2026,hybrid_concat,edge_gnn,rdkit,concat,721e3c494613d3aa378fb20e47d69b51245b538e
esol,4e33c9c7d0f0a61e,C=CCCC=C,aqueous_solubility,log10(mol/L),train,,-2.680000066757202,-4.023369786130106,-5.815022197068519,-2.231717375191692,scaffold,2026,hybrid_concat,edge_gnn,rdkit,concat,721e3c494613d3aa378fb20e47d69b51245b538e
esol,59d1e0b0ecbe24ff,C=CCCCC,aqueous_solubility,log10(mol/L),train,,-3.2300000190734863,-4.010959988100098,-5.802612399038512,-2.219307577161685,scaffold,2026,hybrid_concat,edge_gnn,rdkit,concat,721e3c494613d3aa378fb20e47d69b51245b538e
esol,21083084379f0a6c,C=CCCCCC,aqueous_solubility,log10(mol/L),train,,-3.7300000190734863,-3.1641218909955287,-4.955774301933943,-1.372469480057115,scaffold,2026,hybrid_concat,edge_gnn,rdkit,concat,721e3c494613d3aa378fb20e47d69b51245b538e
esol,25723488a4ed1346,C=CCCCCCC,aqueous_solubility,log10(mol/L),train,,-4.440000057220459,-3.0454817355659047,-4.837134146504319,-1.2538293246274912,scaffold,2026,hybrid_concat,edge_gnn,rdkit,concat,721e3c494613d3aa378fb20e47d69b51245b538e
esol,2667126ae7a1dd89,C=CCCCCCCC,aqueous_solubility,log10(mol/L),train,,-5.050000190734863,-2.184884744058127,-3.9765371549965405,-0.3932323331197134,scaffold,2026,hybrid_concat,edge_gnn,rdkit,concat,721e3c494613d3aa378fb20e47d69b51245b538e
esol,438c34629e40839e,C=CCCCCCCCC,aqueous_solubility,log10(mol/L),train,,-5.510000228881836,-2.0337558282301598,-3.8254082391685733,-0.24210341729174623,scaffold,2026,hybrid_concat,edge_gnn,rdkit,concat,721e3c494613d3aa378fb20e47d69b51245b538e
esol,fb7e490aa1b4d51e,C=CCCCO,aqueous_solubility,log10(mol/L),train,,-0.15000000596046448,-3.5463514100078934,-5.338003820946307,-1.75469899906948,scaffold,2026,hybrid_concat,edge_gnn,rdkit,concat,721e3c494613d3aa378fb20e47d69b51245b538e
esol,14bb3c94959a3803,C=CCSS(=O)CC=C,aqueous_solubility,log10(mol/L),train,,-0.8299999833106995,-7.6167251804420975,-9.40837759138051,-5.825072769503684,scaffold,2026,hybrid_concat,edge_gnn,rdkit,concat,721e3c494613d3aa378fb20e47d69b51245b538e
esol,2a16db7cc18684b8,C=CCc1ccc(O)c(OC)c1,aqueous_solubility,log10(mol/L),train,c1ccccc1,-1.559999942779541,-5.577755918597052,-7.3694083295354655,-3.786103507658639,scaffold,2026,hybrid_concat,edge_gnn,rdkit,concat,721e3c494613d3aa378fb20e47d69b51245b538e
esol,766b85d6ebc35451,C=CCc1ccc(OC)cc1,aqueous_solubility,log10(mol/L),train,c1ccccc1,-2.9200000762939453,-2.770624334839019,-4.5622767457774325,-0.9789719239006054,scaffold,2026,hybrid_concat,edge_gnn,rdkit,concat,721e3c494613d3aa378fb20e47d69b51245b538e
esol,196ca171baf9b009,C=CCl,aqueous_solubility,log10(mol/L),train,,-1.75,-0.9817279303797075,-2.773380341318121,0.809924480558706,scaffold,2026,hybrid_concat,edge_gnn,rdkit,concat,721e3c494613d3aa378fb20e47d69b51245b538e
esol,a264ecb5a75262c6,C=COCC,aqueous_solubility,log10(mol/L),train,,-0.8500000238418579,-1.514462438777474,-3.306114849715888,0.27718997216093944,scaffold,2026,hybrid_concat,edge_gnn,rdkit,concat,721e3c494613d3aa378fb20e47d69b51245b538e
esol,45e8e1638633d646,C=Cc1ccccc1,aqueous_solubility,log10(mol/L),train,c1ccccc1,-2.819999933242798,-5.429162512649769,-7.220814923588183,-3.637510101711355,scaffold,2026,hybrid_concat,edge_gnn,rdkit,concat,721e3c494613d3aa378fb20e47d69b51245b538e
esol,2ed9dd6e3dc3579d,CBr,aqueous_solubility,log10(mol/L),train,,-0.7900000214576721,-1.9879242040782277,-3.779576615016641,-0.19627179313981413,scaffold,2026,hybrid_concat,edge_gnn,rdkit,concat,721e3c494613d3aa378fb20e47d69b51245b538e
esol,2bf59afa2658a8ce,CC,aqueous_solubility,log10(mol/L),train,,-1.3600000143051147,-4.814620875254266,-6.60627328619268,-3.0229684643158525,scaffold,2026,hybrid_concat,edge_gnn,rdkit,concat,721e3c494613d3aa378fb20e47d69b51245b538e
esol,780406fdddd47378,CC#N,aqueous_solubility,log10(mol/L),train,,0.25999999046325684,-0.18301398891297804,-1.9746663998513916,1.6086384220254355,scaffold,2026,hybrid_concat,edge_gnn,rdkit,concat,721e3c494613d3aa378fb20e47d69b51245b538e
esol,9e0bb6837efcdbd1,CC(=O)C(C)(C)C,aqueous_solubility,log10(mol/L),train,,-0.7200000286102295,-4.287018945527377,-6.07867135646579,-2.4953665345889635,scaffold,2026,hybrid_concat,edge_gnn,rdkit,concat,721e3c494613d3aa378fb20e47d69b51245b538e
esol,6650bf346297661f,CC(=O)C(C)C,aqueous_solubility,log10(mol/L),train,,-0.11999999731779099,-1.73677449160831,-3.5284269025467236,0.05487791933010344,scaffold,2026,hybrid_concat,edge_gnn,rdkit,concat,721e3c494613d3aa378fb20e47d69b51245b538e
esol,4ed306073e855fe0,CC(=O)C1(C)CCC2C3C=C(C)C4=CC(=O)CCC4(C)C3CCC21C,aqueous_solubility,log10(mol/L),calibration,O=C1C=C2C=CC3C4CCCC4CCC3C2CC1,-5.269999980926514,-5.017521073044887,-6.809173483983301,-3.2258686621064734,scaffold,2026,hybrid_concat,edge_gnn,rdkit,concat,721e3c494613d3aa378fb20e47d69b51245b538e
esol,48d6efa11e6c3778,CC(=O)C1(O)CCC2C3CC(C)C4=CC(=O)C=CC4(C)C3(F)C(O)CC21C,aqueous_solubility,log10(mol/L),train,O=C1C=CC2C(=C1)CCC1C3CCCC3CCC21,-4.098999977111816,-4.1591230793401195,-5.950775490278533,-2.367470668401706,scaffold,2026,hybrid_concat,edge_gnn,rdkit,concat,721e3c494613d3aa378fb20e47d69b51245b538e
esol,9a642a5271eefbe6,CC(=O)C1(O)CCC2C3CCC4=CC(=O)CCC4(C)C3CCC21C,aqueous_solubility,log10(mol/L),train,O=C1C=C2CCC3C4CCCC4CCC3C2CC1,-3.816999912261963,-0.5680414201285591,-2.3596938310669726,1.2236109908098545,scaffold,2026,hybrid_concat,edge_gnn,rdkit,concat,721e3c494613d3aa378fb20e47d69b51245b538e
esol,442739c64f9533c1,CC(=O)C1CCC2C3CC=C4CC(O)CCC4(C)C3CCC12C,aqueous_solubility,log10(mol/L),test,C1=C2CCCCC2C2CCC3CCCC3C2C1,-4.650000095367432,-4.594491832839747,-6.38614424377816,-2.8028394219013335,scaffold,2026,hybrid_concat,edge_gnn,rdkit,concat,721e3c494613d3aa378fb20e47d69b51245b538e
esol,e9e2dbb6336bc14a,CC(=O)C1CCC2C3CCC4=CC(=O)CCC4(C)C3CCC12C,aqueous_solubility,log10(mol/L),train,O=C1C=C2CCC3C4CCCC4CCC3C2CC1,-4.420000076293945,-1.9943727090302872,-3.7860251199687007,-0.20272029809187364,scaffold,2026,hybrid_concat,edge_gnn,rdkit,concat,721e3c494613d3aa378fb20e47d69b51245b538e
esol,ac763713bd71395e,CC(=O)CC(C)C,aqueous_solubility,log10(mol/L),train,,-0.7400000095367432,-3.2694752431153704,-5.061127654053784,-1.4778228321769569,scaffold,2026,hybrid_concat,edge_gnn,rdkit,concat,721e3c494613d3aa378fb20e47d69b51245b538e
esol,c350650ed5ccd420,CC(=O)CC(c1ccc(Cl)cc1)c1c(O)c2ccccc2oc1=O,aqueous_solubility,log10(mol/L),test,O=c1oc2ccccc2cc1Cc1ccccc1,-5.839000225067139,-4.216210779979142,-6.007863190917556,-2.4245583690407284,scaffold,2026,hybrid_concat,edge_gnn,rdkit,concat,721e3c494613d3aa378fb20e47d69b51245b538e
esol,f79626af0f93f0fc,CC(=O)CC(c1ccccc1)c1c(O)c2ccccc2oc1=O,aqueous_solubility,log10(mol/L),test,O=c1oc2ccccc2cc1Cc1ccccc1,-3.8929998874664307,-3.6435984697659456,-5.435250880704359,-1.851946058827532,scaffold,2026,hybrid_concat,edge_gnn,rdkit,concat,721e3c494613d3aa378fb20e47d69b51245b538e
esol,520e9565d0ff63f1,CC(=O)CCC1C(=O)N(c2ccccc2)N(c2ccccc2)C1=O,aqueous_solubility,log10(mol/L),calibration,O=C1CC(=O)N(c2ccccc2)N1c1ccccc1,-3.2699999809265137,-3.1537814883459343,-4.945433899284348,-1.3621290774075208,scaffold,2026,hybrid_concat,edge_gnn,rdkit,concat,721e3c494613d3aa378fb20e47d69b51245b538e
esol,68045fdd244fe104,CC(=O)N(C)C,aqueous_solubility,log10(mol/L),train,,1.1100000143051147,-3.503541252526193,-5.295193663464607,-1.7118888415877795,scaffold,2026,hybrid_concat,edge_gnn,rdkit,concat,721e3c494613d3aa378fb20e47d69b51245b538e
esol,750f6483d79efce4,CC(=O)N(c1onc(C)c1C)S(=O)c1ccc(N)cc1,aqueous_solubility,log10(mol/L),train,O=S(Nc1ccno1)c1ccccc1,-3.5899999141693115,-3.5053379957268103,-5.296990406665223,-1.7136855847883967,scaffold,2026,hybrid_concat,edge_gnn,rdkit,concat,721e3c494613d3aa378fb20e47d69b51245b538e
esol,e8f62548f9fb3dff,CC(=O)Nc1cc(NS(=O)(=O)C(F)(F)F)c(C)cc1C,aqueous_solubility,log10(mol/L),train,c1ccccc1,-3.240000009536743,-1.4384791412150881,-3.2301315521535017,0.3531732697233254,scaffold,2026,hybrid_concat,edge_gnn,rdkit,concat,721e3c494613d3aa378fb20e47d69b51245b538e
esol,bc0455dc968fbfd2,CC(=O)Nc1ccc(Br)cc1,aqueous_solubility,log10(mol/L),train,c1ccccc1,-3.0829999446868896,-0.9436119684608608,-2.7352643793992746,0.8480404424775527,scaffold,2026,hybrid_concat,edge_gnn,rdkit,concat,721e3c494613d3aa378fb20e47d69b51245b538e
esol,ddc4ca1b44741167,CC(=O)Nc1ccc(Cl)cc1,aqueous_solubility,log10(mol/L),train,c1ccccc1,-2.8429999351501465,-3.6408446947031896,-5.432497105641604,-1.849192283764776,scaffold,2026,hybrid_concat,edge_gnn,rdkit,concat,721e3c494613d3aa378fb20e47d69b51245b538e
esol,3213dd41893f5ff5,CC(=O)Nc1ccc(F)cc1,aqueous_solubility,log10(mol/L),train,c1ccccc1,-1.7799999713897705,-2.506841456640614,-4.298493867579028,-0.7151890457022003,scaffold,2026,hybrid_concat,edge_gnn,rdkit,concat,721e3c494613d3aa378fb20e47d69b51245b538e
esol,364ed725e437517c,CC(=O)Nc1ccc(O)cc1,aqueous_solubility,log10(mol/L),train,c1ccccc1,-1.0299999713897705,-1.0762246814990346,-2.867877092437448,0.7154277294393789,scaffold,2026,hybrid_concat,edge_gnn,rdkit,concat,721e3c494613d3aa378fb20e47d69b51245b538e
esol,44c52563864e600c,CC(=O)Nc1ccc([N+](=O)[O-])cc1,aqueous_solubility,log10(mol/L),train,c1ccccc1,-2.691999912261963,-1.826094198203676,-3.6177466091420896,-0.03444178726526248,scaffold,2026,hybrid_concat,edge_gnn,rdkit,concat,721e3c494613d3aa378fb20e47d69b51245b538e
esol,9b680b4bccdaf6ee,CC(=O)Nc1ccccc1,aqueous_solubility,log10(mol/L),train,c1ccccc1,-1.3300000429153442,-6.5751759238409475,-8.366828334779361,-4.7835235129025335,scaffold,2026,hybrid_concat,edge_gnn,rdkit,concat,721e3c494613d3aa378fb20e47d69b51245b538e
esol,04b69a71ae0c35a6,CC(=O)Nc1nnc(S(N)(=O)=O)s1,aqueous_solubility,log10(mol/L),validation,c1nncs1,-2.359999895095825,-2.0214973575388733,-3.813149768477287,-0.22984494660045973,scaffold,2026,hybrid_concat,edge_gnn,rdkit,concat,721e3c494613d3aa378fb20e47d69b51245b538e
esol,0787d7077078fa64,CC(=O)OC(C)C,aqueous_solubility,log10(mol/L),train,,-0.550000011920929,-1.880546938451893,-3.6721993493903065,-0.08889452751347937,scaffold,2026,hybrid_concat,edge_gnn,rdkit,concat,721e3c494613d3aa378fb20e47d69b51245b538e
esol,bbbc24a21490bdee,CC(=O)OC1(C(C)=O)CCC2C3C=C(C)C4=CC(=O)CCC4(C)C3CCC21C,aqueous_solubility,log10(mol/L),calibration,O=C1C=C2C=CC3C4CCCC4CCC3C2CC1,-5.349999904632568,-4.92496826861562,-6.716620679554033,-3.1333158576772067,scaffold,2026,hybrid_concat,edge_gnn,rdkit,concat,721e3c494613d3aa378fb20e47d69b51245b538e
esol,ea5969f950c93291,CC(=O)OC1(C)CCC2C3CCC4=CC(=O)CCC4(C)C3CCC21C,aqueous_solubility,log10(mol/L),train,O=C1C=C2CCC3C4CCCC4CCC3C2CC1,-5.283999919891357,-3.2489814752990127,-5.040633886237426,-1.4573290643605992,scaffold,2026,hybrid_concat,edge_gnn,rdkit,concat,721e3c494613d3aa378fb20e47d69b51245b538e
esol,7e7c49cadb6eca2c,CC(=O)OC1CCC2C3CCC4=CC(=O)CCC4(C)C3CCC12C,aqueous_solubility,log10(mol/L),train,O=C1C=C2CCC3C4CCCC4CCC3C2CC1,-5.184000015258789,-5.256967062200298,-7.048619473138711,-3.465314651261884,scaffold,2026,hybrid_concat,edge_gnn,rdkit,concat,721e3c494613d3aa378fb20e47d69b51245b538e
esol,744c94bb079c2bb4,CC(=O)OCC(=O)C1(O)C(C)CC2C3CCC4=CC(=O)C=CC4(C)C3(F)C(O)CC21C,aqueous_solubility,log10(mol/L),train,O=C1C=CC2C(=C1)CCC1C3CCCC3CCC21,-4.900000095367432,-2.7366425990579755,-4.5282950099963895,-0.9449901881195619,scaffold,2026,hybrid_concat,edge_gnn,rdkit,concat,721e3c494613d3aa378fb20e47d69b51245b538e
esol,07046eaea87bf4e2,CC(=O)OCC(=O)C1(O)C(OC(C)=O)CC2C3CCC4=CC(=O)C=CC4(C)C3(F)C(O)CC21C,aqueous_solubility,log10(mol/L),train,O=C1C=CC2C(=C1)CCC1C3CCCC3CCC21,-4.130000114440918,-3.3891107702522314,-5.180763181190645,-1.5974583593138179,scaffold,2026,hybrid_concat,edge_gnn,rdkit,concat,721e3c494613d3aa378fb20e47d69b51245b538e
esol,cc12069b3580cb1a,CC(=O)OCC(=O)C1(O)CCC2C3CCC4=CC(=O)C=CC4(C)C3C(O)CC21C,aqueous_solubility,log10(mol/L),train,O=C1C=CC2C(=C1)CCC1C3CCCC3CCC21,-4.369999885559082,-2.295588521669398,-4.087240932607811,-0.5039361107309843,scaffold,2026,hybrid_concat,edge_gnn,rdkit,concat,721e3c494613d3aa378fb20e47d69b51245b538e
esol,3d089eb4f693a11e,CC(=O)OCC(=O)C1(O)CCC2C3CCC4=CC(=O)CCC4(C)C3C(=O)CC21C,aqueous_solubility,log10(mol/L),calibration,O=C1C=C2CCC3C4CCCC4CC(=O)C3C2CC1,-4.210000038146973,-3.9706375875197617,-5.762289998458176,-2.178985176581348,scaffold,2026,hybrid_concat,edge_gnn,rdkit,concat,721e3c494613d3aa378fb20e47d69b51245b538e
esol,1111a5f49bc2a21c,CC(=O)OCC(=O)C1(O)CCC2C3CCC4=CC(=O)CCC4(C)C3C(O)CC21C,aqueous_solubility,log10(mol/L),train,O=C1C=C2CCC3C4CCCC4CCC3C2CC1,-4.880000114440918,-2.6534155809411013,-4.445067991879515,-0.8617631700026878,scaffold,2026,hybrid_concat,edge_gnn,rdkit,concat,721e3c494613d3aa378fb20e47d69b51245b538e
esol,db58b19853161161,CC(=O)OCC(=O)C1CCC2C3CCC4=CC(=O)CCC4(C)C3CCC12C,aqueous_solubility,log10(mol/L),train,O=C1C=C2CCC3C4CCCC4CCC3C2CC1,-4.630000114440918,-2.6156011979129277,-4.407253608851342,-0.8239487869745141,scaffold,2026,hybrid_concat,edge_gnn,rdkit,concat,721e3c494613d3aa378fb20e47d69b51245b538e
esol,c802460f2e388f09,CC(=O)OCC(C)C,aqueous_solubility,log10(mol/L),train,,-1.2100000381469727,-1.3586687919909148,-3.1503212029293284,0.4329836189474987,scaffold,2026,hybrid_concat,edge_gnn,rdkit,concat,721e3c494613d3aa378fb20e47d69b51245b538e
esol,55bc84385f2305fc,CC(=O)OCC(COC(C)=O)OC(C)=O,aqueous_solubility,log10(mol/L),train,,-0.6000000238418579,-1.9644963175006187,-3.7561487284390322,-0.17284390656220516,scaffold,2026,hybrid_concat,edge_gnn,rdkit,concat,721e3c494613d3aa378fb20e47d69b51245b538e
esol,3105d2c69d258f40,CC(=O)OCCC(C)C,aqueous_solubility,log10(mol/L),train,,-1.9199999570846558,-6.108862761614597,-7.9005151725530105,-4.317210350676184,scaffold,2026,hybrid_concat,edge_gnn,rdkit,concat,721e3c494613d3aa378fb20e47d69b51245b538e
esol,78eea6db86aaac00,CC(=O)OCN1C(=O)NC(c2ccccc2)(c2ccccc2)C1=O,aqueous_solubility,log10(mol/L),test,O=C1NC(=O)C(c2ccccc2)(c2ccccc2)N1,-4.46999979019165,-3.1260635733176754,-4.917715984256089,-1.3344111623792618,scaffold,2026,hybrid_concat,edge_gnn,rdkit,concat,721e3c494613d3aa378fb20e47d69b51245b538e
esol,f38d027d6672664b,CC(=O)SC1CC2=CC(=O)CCC2(C)C2CCC3(C)C(CCC34CCC(=O)O4)C12,aqueous_solubility,log10(mol/L),train,O=C1C=C2CCC3C(CCC4C3CCC43CCC(=O)O3)C2CC1,-4.172999858856201,-3.0863373080217267,-4.877989718960141,-1.2946848970833131,scaffold,2026,hybrid_concat,edge_gnn,rdkit,concat,721e3c494613d3aa378fb20e47d69b51245b538e
esol,1ab070a2f685565e,CC(=O)c1ccccc1,aqueous_solubility,log10(mol/L),train,c1ccccc1,-1.2799999713897705,-7.771759441302201,-9.563411852240614,-5.980107030363788,scaffold,2026,hybrid_concat,edge_gnn,rdkit,concat,721e3c494613d3aa378fb20e47d69b51245b538e
esol,a011ab9a0bd7406b,CC(C)(C)C(=O)C(Oc1ccc(Cl)cc1)n1cncn1,aqueous_solubility,log10(mol/L),validation,c1ccc(OCn2cncn2)cc1,-3.609999895095825,-3.3980014306998707,-5.189653841638284,-1.6063490197614572,scaffold,2026,hybrid_concat,edge_gnn,rdkit,concat,721e3c494613d3aa378fb20e47d69b51245b538e
esol,6a037e1d876a10c4,CC(C)(C)CCO,aqueous_solubility,log10(mol/L),train,,-0.5,-3.3426825924543904,-5.134335003392804,-1.5510301815159768,scaffold,2026,hybrid_concat,edge_gnn,rdkit,concat,721e3c494613d3aa378fb20e47d69b51245b538e
esol,8316fd00a391507c,CC(C)(C)CO,aqueous_solubility,log10(mol/L),train,,-0.4000000059604645,-5.5539341745304345,-7.345586585468848,-3.762281763592021,scaffold,2026,hybrid_concat,edge_gnn,rdkit,concat,721e3c494613d3aa378fb20e47d69b51245b538e
esol,4eb3d1ec75b7d913,CC(C)(C)Cc1ccccc1,aqueous_solubility,log10(mol/L),train,c1ccccc1,-4.150000095367432,-2.407055629758608,-4.198708040697022,-0.6154032188201946,scaffold,2026,hybrid_concat,edge_gnn,rdkit,concat,721e3c494613d3aa378fb20e47d69b51245b538e
esol,5dfc781ddbce9df5,CC(C)(C)c1ccc(O)cc1,aqueous_solubility,log10(mol/L),train,c1ccccc1,-2.4100000858306885,-3.4218610663671,-5.213513477305513,-1.6302086554286865,scaffold,2026,hybrid_concat,edge_gnn,rdkit,concat,721e3c494613d3aa378fb20e47d69b51245b538e
esol,ca95101160b65379,CC(C)(C)c1ccccc1,aqueous_solubility,log10(mol/L),train,c1ccccc1,-3.6600000858306885,-5.668549453064793,-7.460201864003206,-3.8768970421263798,scaffold,2026,hybrid_concat,edge_gnn,rdkit,concat,721e3c494613d3aa378fb20e47d69b51245b538e
esol,adff35ec9beff070,CC(C)=CC1C(C(=O)OCc2cccc(Oc3ccccc3)c2)C1(C)C,aqueous_solubility,log10(mol/L),test,O=C(OCc1cccc(Oc2ccccc2)c1)C1CC1,-5.239999771118164,-6.517222095321695,-8.308874506260109,-4.725569684383281,scaffold,2026,hybrid_concat,edge_gnn,rdkit,concat,721e3c494613d3aa378fb20e47d69b51245b538e
esol,e13f7769f4919957,CC(C)=CCC/C(C)=C\CO,aqueous_solubility,log10(mol/L),train,,-2.4600000381469727,-3.759798561507594,-5.551450972446007,-1.9681461505691806,scaffold,2026,hybrid_concat,edge_gnn,rdkit,concat,721e3c494613d3aa378fb20e47d69b51245b538e
esol,40ac45a42a9ad758,CC(C)=CCC1(C(C)C)C(=O)NC(=O)NC1=O,aqueous_solubility,log10(mol/L),train,O=C1CC(=O)NC(=O)N1,-2.5929999351501465,-1.3089525018191674,-3.100604912757581,0.4826999091192461,scaffold,2026,hybrid_concat,edge_gnn,rdkit,concat,721e3c494613d3aa378fb20e47d69b51245b538e
esol,c898ecabb1da3e61,CC(C)=CCCC(C)=CC=O,aqueous_solubility,log10(mol/L),train,,-2.059999942779541,-4.436036809120631,-6.227689220059045,-2.644384398182217,scaffold,2026,hybrid_concat,edge_gnn,rdkit,concat,721e3c494613d3aa378fb20e47d69b51245b538e
esol,535c5d28e4e559d3,CC(C)Br,aqueous_solubility,log10(mol/L),train,,-1.590000033378601,-2.0573760415755427,-3.849028452513956,-0.2657236306371291,scaffold,2026,hybrid_concat,edge_gnn,rdkit,concat,721e3c494613d3aa378fb20e47d69b51245b538e
esol,95987bd68786d9ee,CC(C)C,aqueous_solubility,log10(mol/L),train,,-2.549999952316284,-2.7625888053402012,-4.554241216278615,-0.9709363944017877,scaffold,2026,hybrid_concat,edge_gnn,rdkit,concat,721e3c494613d3aa378fb20e47d69b51245b538e
esol,e4f469dfbe6c7248,CC(C)C(=O)C(C)C,aqueous_solubility,log10(mol/L),train,,-1.2999999523162842,-0.116754847479827,-1.9084072584182405,1.6748975634585865,scaffold,2026,hybrid_concat,edge_gnn,rdkit,concat,721e3c494613d3aa378fb20e47d69b51245b538e
esol,801fb00fd3e0c4d5,CC(C)C(C(=O)OC(C#N)c1cccc(Oc2ccccc2)c1)c1ccc(OC(F)F)cc1,aqueous_solubility,log10(mol/L),train,O=C(Cc1ccccc1)OCc1cccc(Oc2ccccc2)c1,-6.875999927520752,-3.166665469276973,-4.958317880215386,-1.3750130583385594,scaffold,2026,hybrid_concat,edge_gnn,rdkit,concat,721e3c494613d3aa378fb20e47d69b51245b538e
esol,971a2d381549e1b6,CC(C)C(C)(C)C,aqueous_solubility,log10(mol/L),train,,-4.360000133514404,-1.350451574060142,-3.1421039849985553,0.4412008368782716,scaffold,2026,hybrid_concat,edge_gnn,rdkit,concat,721e3c494613d3aa378fb20e47d69b51245b538e
esol,9930f08568272bf1,CC(C)C(C)C,aqueous_solubility,log10(mol/L),train,,-3.6500000953674316,-0.17240816576130724,-1.9640605766997208,1.6192442451771063,scaffold,2026,hybrid_concat,edge_gnn,rdkit,concat,721e3c494613d3aa378fb20e47d69b51245b538e
esol,c18974050e7ee138,CC(C)C(C)C(C)C,aqueous_solubility,log10(mol/L),train,,-4.800000190734863,-1.1008385632226052,-2.892490974161019,0.6908138477158083,scaffold,2026,hybrid_concat,edge_gnn,rdkit,concat,721e3c494613d3aa378fb20e47d69b51245b538e
esol,978ea76b5feb1686,CC(C)C(C)O,aqueous_solubility,log10(mol/L),train,,-0.18000000715255737,0.07672325119968448,-1.714929159738729,1.868375662138098,scaffold,2026,hybrid_concat,edge_gnn,rdkit,concat,721e3c494613d3aa378fb20e47d69b51245b538e
esol,e2b7150c83e31acf,CC(C)C(Nc1ccc(C(F)(F)F)cc1Cl)C(=O)OC(C#N)c1cccc(Oc2ccccc2)c1,aqueous_solubility,log10(mol/L),train,O=C(CNc1ccccc1)OCc1cccc(Oc2ccccc2)c1,-8.003000259399414,-2.645325544912697,-4.436977955851111,-0.8536731339742833,scaffold,2026,hybrid_concat,edge_gnn,rdkit,concat,721e3c494613d3aa378fb20e47d69b51245b538e
esol,32ad98a585def53e,CC(C)C(O)C(C)C,aqueous_solubility,log10(mol/L),train,,-1.2200000286102295,0.19052093179024387,-1.6011314791481697,1.9821733427286574,scaffold,2026,hybrid_concat,edge_gnn,rdkit,concat,721e3c494613d3aa378fb20e47d69b51245b538e
esol,bb33156a890031e5,CC(C)C1(C(C)C)C(=O)NC(=O)NC1=O,aqueous_solubility,log10(mol/L),train,O=C1CC(=O)NC(=O)N1,-2.7660000324249268,-3.9619751133988346,-5.753627524337248,-2.170322702460421,scaffold,2026,hybrid_concat,edge_gnn,rdkit,concat,721e3c494613d3aa378fb20e47d69b51245b538e
esol,a9f5cc2dbef55d82,CC(C)CBr,aqueous_solubility,log10(mol/L),train,,-2.430000066757202,-1.631955685980379,-3.4236080969187928,0.15969672495803455,scaffold,2026,hybrid_concat,edge_gnn,rdkit,concat,721e3c494613d3aa378fb20e47d69b51245b538e
esol,9767ef661176963a,CC(C)CC(C)(C)C,aqueous_solubility,log10(mol/L),train,,-4.739999771118164,-7.311224210275759,-9.102876621214172,-5.519571799337346,scaffold,2026,hybrid_concat,edge_gnn,rdkit,concat,721e3c494613d3aa378fb20e47d69b51245b538e
esol,65c6ae561970a8f6,CC(C)CC(C)(C)O,aqueous_solubility,log10(mol/L),train,,-0.9200000166893005,-2.467028919222452,-4.258681330160865,-0.6753765082840384,scaffold,2026,hybrid_concat,edge_gnn,rdkit,concat,721e3c494613d3aa378fb20e47d69b51245b538e
esol,fc51136a8a654d34,CC(C)CC(C)C,aqueous_solubility,log10(mol/L),train,,-4.260000228881836,-5.748488538105557,-7.54014094904397,-3.956836127167143,scaffold,2026,hybrid_concat,edge_gnn,rdkit,concat,721e3c494613d3aa378fb20e47d69b51245b538e
esol,007b2ee5ac048d20,CC(C)CC(C)O,aqueous_solubility,log10(mol/L),train,,-0.800000011920929,-3.530528618689976,-5.322181029628389,-1.7388762077515625,scaffold,2026,hybrid_concat,edge_gnn,rdkit,concat,721e3c494613d3aa378fb20e47d69b51245b538e
esol,2774ef2a0e9764fc,CC(C)CCC(C)(C)C,aqueous_solubility,log10(mol/L),train,,-5.050000190734863,-3.46302413454082,-5.254676545479233,-1.6713717236024066,scaffold,2026,hybrid_concat,edge_gnn,rdkit,concat,721e3c494613d3aa378fb20e47d69b51245b538e
esol,adfdc3a538b6bc95,CC(C)CCCCCOC(=O)c1ccccc1C(=O)OCCCCCC(C)C,aqueous_solubility,log10(mol/L),train,c1ccccc1,-6.63700008392334,-1.3403305721453203,-3.131982983083734,0.4513218387930933,scaffold,2026,hybrid_concat,edge_gnn,rdkit,concat,721e3c494613d3aa378fb20e47d69b51245b538e
esol,326152527f8ef260,CC(C)CCCO,aqueous_solubility,log10(mol/L),train,,-1.1399999856948853,-2.6290567204475153,-4.420709131385928,-0.8374043095091017,scaffold,2026,hybrid_concat,edge_gnn,rdkit,concat,721e3c494613d3aa378fb20e47d69b51245b538e
esol,e72c942c9f10c105,CC(C)CCO,aqueous_solubility,log10(mol/L),train,,-0.5099999904632568,-2.5523480736566997,-4.344000484595114,-0.7606956627182861,scaffold,2026,hybrid_concat,edge_gnn,rdkit,concat,721e3c494613d3aa378fb20e47d69b51245b538e
esol,580633e5949870be,CC(C)CCOC=O,aqueous_solubility,log10(mol/L),train,,-1.5199999809265137,-4.066340534669919,-5.857992945608332,-2.2746881237315058,scaffold,2026,hybrid_concat,edge_gnn,rdkit,concat,721e3c494613d3aa378fb20e47d69b51245b538e
esol,044d6817573e4ec1,CC(C)CCl,aqueous_solubility,log10(mol/L),train,,-2.0,-1.1760758624272056,-2.967728273365619,0.6155765485112079,scaffold,2026,hybrid_concat,edge_gnn,rdkit,concat,721e3c494613d3aa378fb20e47d69b51245b538e
esol,c7e2af3674efd1e5,CC(C)CNC(=O)N1CCNC1=O,aqueous_solubility,log10(mol/L),calibration,O=C1NCCN1,-2.1500000953674316,-1.5295939773309188,-3.3212463882693326,0.2620584336074947,scaffold,2026,hybrid_concat,edge_gnn,rdkit,concat,721e3c494613d3aa378fb20e47d69b51245b538e
esol,41c39e97374aea92,CC(C)CO,aqueous_solubility,log10(mol/L),train,,0.10000000149011612,-3.5987969114445235,-5.390449322382937,-1.80714450050611,scaffold,2026,hybrid_concat,edge_gnn,rdkit,concat,721e3c494613d3aa378fb20e47d69b51245b538e
esol,a5b3130b9ae3a50f,CC(C)COC=O,aqueous_solubility,log10(mol/L),train,,-1.0099999904632568,-3.9010702822426646,-5.692722693181079,-2.109417871304251,scaffold,2026,hybrid_concat,edge_gnn,rdkit,concat,721e3c494613d3aa378fb20e47d69b51245b538e
esol,89b6828cf758e524,CC(C)Cc1ccccc1,aqueous_solubility,log10(mol/L),train,c1ccccc1,-4.119999885559082,-1.1049520132284483,-2.8966044241668616,0.6867003977099653,scaffold,2026,hybrid_concat,edge_gnn,rdkit,concat,721e3c494613d3aa378fb20e47d69b51245b538e
esol,6a779f0d95ea7e4a,CC(C)Cl,aqueous_solubility,log10(mol/L),train,,-1.409999966621399,-0.6948984348933664,-2.48655084583178,1.096753976045047,scaffold,2026,hybrid_concat,edge_gnn,rdkit,concat,721e3c494613d3aa378fb20e47d69b51245b538e
esol,24f73c6fe92d75d5,CC(C)I,aqueous_solubility,log10(mol/L),train,,-2.0899999141693115,-0.48703993588830974,-2.2786923468267233,1.3046124750501038,scaffold,2026,hybrid_concat,edge_gnn,rdkit,concat,721e3c494613d3aa378fb20e47d69b51245b538e
esol,277fa10e772d1085,CC(C)N(C(=O)CCl)c1ccccc1,aqueous_solubility,log10(mol/L),train,c1ccccc1,-2.4800000190734863,-1.5107571900842147,-3.302409601022628,0.2808952208541988,scaffold,2026,hybrid_concat,edge_gnn,rdkit,concat,721e3c494613d3aa378fb20e47d69b51245b538e
esol,bfb579ee7985265c,CC(C)N(C(=O)SCC(Cl)=C(Cl)Cl)C(C)C,aqueous_solubility,log10(mol/L),train,,-4.880000114440918,-2.515744070274566,-4.3073964812129795,-0.7240916593361524,scaffold,2026,hybrid_concat,edge_gnn,rdkit,concat,721e3c494613d3aa378fb20e47d69b51245b538e
esol,70d46896362ebbb7,CC(C)N(C(=O)SCC(Cl)=CCl)C(C)C,aqueous_solubility,log10(mol/L),train,,-4.285999774932861,1.2054564190658197,-0.5861959918725939,2.9971088300042332,scaffold,2026,hybrid_concat,edge_gnn,rdkit,concat,721e3c494613d3aa378fb20e47d69b51245b538e
esol,7e3c17dbde2fb402,CC(C)NC(=O)N1CC(=O)N(c2cc(Cl)cc(Cl)c2)C1=O,aqueous_solubility,log10(mol/L),test,O=C1CNC(=O)N1c1ccccc1,-4.375999927520752,-3.761818470696672,-5.553470881635086,-1.9701660597582586,scaffold,2026,hybrid_concat,edge_gnn,rdkit,concat,721e3c494613d3aa378fb20e47d69b51245b538e
esol,c6b4be5527562b2b,CC(C)Nc1nc(Cl)nc(NC(C)C)n1,aqueous_solubility,log10(mol/L),train,c1ncncn1,-4.429999828338623,-3.698208693243834,-5.489861104182248,-1.9065562823054205,scaffold,2026,hybrid_concat,edge_gnn,rdkit,concat,721e3c494613d3aa378fb20e47d69b51245b538e
esol,cda3c19cb61dcf61,CC(C)O,aqueous_solubility,log10(mol/L),train,,0.4300000071525574,-1.154091084033148,-2.9457434949715617,0.6375613269052656,scaffold,2026,hybrid_concat,edge_gnn,rdkit,concat,721e3c494613d3aa378fb20e47d69b51245b538e
esol,29b5883563652a4a,CC(C)OC(=O)C(O)(c1ccc(Br)cc1)c1ccc(Br)cc1,aqueous_solubility,log10(mol/L),calibration,c1ccc(Cc2ccccc2)cc1,-4.929999828338623,-5.448229040137406,-7.239881451075819,-3.6565766291989923,scaffold,2026,hybrid_concat,edge_gnn,rdkit,concat,721e3c494613d3aa378fb20e47d69b51245b538e
esol,3a93ce33b34309ec,CC(C)OC(=O)C(O)(c1ccc(Cl)cc1)c1cccc(Cl)c1,aqueous_solubility,log10(mol/L),calibration,c1ccc(Cc2ccccc2)cc1,-4.53000020980835,-4.802453368310821,-6.594105779249235,-3.0108009573724073,scaffold,2026,hybrid_concat,edge_gnn,rdkit,concat,721e3c494613d3aa378fb20e47d69b51245b538e
esol,fe1b8ef4223e48b9,CC(C)OC(=O)Nc1cccc(Cl)c1,aqueous_solubility,log10(mol/L),train,c1ccccc1,-3.380000114440918,-0.8408284318664196,-2.632480842804833,0.9508239790719939,scaffold,2026,hybrid_concat,edge_gnn,rdkit,concat,721e3c494613d3aa378fb20e47d69b51245b538e
esol,c058498368b6f45f,CC(C)OC(C)C,aqueous_solubility,log10(mol/L),train,,-1.100000023841858,-9.044780477405729,-10.836432888344142,-7.2531280664673154,scaffold,2026,hybrid_concat,edge_gnn,rdkit,concat,721e3c494613d3aa378fb20e47d69b51245b538e
esol,64969de570667f54,CC(C)OC=O,aqueous_solubility,log10(mol/L),train,,-0.6299999952316284,-3.489851865901395,-5.281504276839808,-1.6981994549629813,scaffold,2026,hybrid_concat,edge_gnn,rdkit,concat,721e3c494613d3aa378fb20e47d69b51245b538e
esol,a4f756df109453e5,CC(C)OP(=S)(OC(C)C)SCCNS(=O)(=O)c1ccccc1,aqueous_solubility,log10(mol/L),train,c1ccccc1,-4.199999809265137,-4.844949097226561,-6.636601508164974,-3.053296686288147,scaffold,2026,hybrid_concat,edge_gnn,rdkit,concat,721e3c494613d3aa378fb20e47d69b51245b538e
esol,ee085d3f01995af6,CC(C)Oc1cc(-n2nc(C(C)(C)C)oc2=O)c(Cl)cc1Cl,aqueous_solubility,log10(mol/L),calibration,O=c1ocnn1-c1ccccc1,-5.696000099182129,-5.12938831404592,-6.9210407249843335,-3.337735903107507,scaffold,2026,hybrid_concat,edge_gnn,rdkit,concat,721e3c494613d3aa378fb20e47d69b51245b538e
esol,76ccfd6237ac9890,CC(C)SC(C)C,aqueous_solubility,log10(mol/L),train,,-2.240000009536743,-3.3541119303770857,-5.145764341315499,-1.5624595194386721,scaffold,2026,hybrid_concat,edge_gnn,rdkit,concat,721e3c494613d3aa378fb20e47d69b51245b538e
esol,a33de185411c9169,CC(C)[N+](=O)[O-],aqueous_solubility,log10(mol/L),train,,-0.6200000047683716,-7.350662075068945,-9.142314486007358,-5.5590096641305315,scaffold,2026,hybrid_concat,edge_gnn,rdkit,concat,721e3c494613d3aa378fb20e47d69b51245b538e
esol,5bf16fbdd33fd7e5,CC(C)c1ccc(NC(=O)N(C)C)cc1,aqueous_solubility,log10(mol/L),train,c1ccccc1,-3.5360000133514404,-0.6420364246796648,-2.4336888356180784,1.1496159862587487,scaffold,2026,hybrid_concat,edge_gnn,rdkit,concat,721e3c494613d3aa378fb20e47d69b51245b538e
esol,ebcaf3b06d31e23c,CC(C)c1ccccc1,aqueous_solubility,log10(mol/L),train,c1ccccc1,-3.2699999809265137,-6.2683691876017935,-8.060021598540207,-4.47671677666338,scaffold,2026,hybrid_concat,edge_gnn,rdkit,concat,721e3c494613d3aa378fb20e47d69b51245b538e
esol,e826c8452f856a21,CC(Cl)(Cl)Cl,aqueous_solubility,log10(mol/L),train,,-2.0,1.0766696819026649,-0.7149827290357487,2.8683220928410784,scaffold,2026,hybrid_concat,edge_gnn,rdkit,concat,721e3c494613d3aa378fb20e47d69b51245b538e
esol,ae412188d225d1ff,CC(Cl)CCl,aqueous_solubility,log10(mol/L),train,,-1.600000023841858,-1.2353501594384393,-3.027002570376853,0.5563022514999743,scaffold,2026,hybrid_concat,edge_gnn,rdkit,concat,721e3c494613d3aa378fb20e47d69b51245b538e
esol,6fc705daaa981f1c,CC(Cl)Cl,aqueous_solubility,log10(mol/L),train,,-1.2899999618530273,-2.242453440914379,-4.034105851852793,-0.4508010299759655,scaffold,2026,hybrid_concat,edge_gnn,rdkit,concat,721e3c494613d3aa378fb20e47d69b51245b538e
esol,ca06354cc736b665,CC(N)=O,aqueous_solubility,log10(mol/L),train,,1.5800000429153442,-2.4617011450190853,-4.253353555957499,-0.6700487340806718,scaffold,2026,hybrid_concat,edge_gnn,rdkit,concat,721e3c494613d3aa378fb20e47d69b51245b538e
esol,ac8678e7da550080,CC(O)C(C)(C)C,aqueous_solubility,log10(mol/L),train,,-0.6200000047683716,-2.0666861393309004,-3.858338550269314,-0.27503372839248685,scaffold,2026,hybrid_concat,edge_gnn,rdkit,concat,721e3c494613d3aa378fb20e47d69b51245b538e
esol,37f42148c61ea59a,CC(O)c1ccccc1,aqueous_solubility,log10(mol/L),train,c1ccccc1,-0.9200000166893005,-6.44418191129326,-8.235834322231673,-4.652529500354847,scaffold,2026,hybrid_concat,edge_gnn,rdkit,concat,721e3c494613d3aa378fb20e47d69b51245b538e
esol,5a24ac22a4147a29,CC1(C)C(=O)NC(=O)NC1=O,aqueous_solubility,log10(mol/L),train,O=C1CC(=O)NC(=O)N1,-1.7419999837875366,-4.099070510368056,-5.89072292130647,-2.307418099429642,scaffold,2026,hybrid_concat,edge_gnn,rdkit,concat,721e3c494613d3aa378fb20e47d69b51245b538e
esol,ad73c6a3bc5310b2,CC1(C)C(C(=O)OC(C#N)c2cccc(Oc3ccccc3)c2)C1(C)C,aqueous_solubility,log10(mol/L),test,O=C(OCc1cccc(Oc2ccccc2)c1)C1CC1,-6.025000095367432,-6.148589654452827,-7.9402420653912404,-4.356937243514414,scaffold,2026,hybrid_concat,edge_gnn,rdkit,concat,721e3c494613d3aa378fb20e47d69b51245b538e
esol,f4cd15c48a6c1364,CC1(C)C(C=C(Br)Br)C1C(=O)OC(C#N)c1cccc(Oc2ccccc2)c1,aqueous_solubility,log10(mol/L),test,O=C(OCc1cccc(Oc2ccccc2)c1)C1CC1,-8.402000427246094,-7.093967399000357,-8.88561980993877,-5.302314988061944,scaffold,2026,hybrid_concat,edge_gnn,rdkit,concat,721e3c494613d3aa378fb20e47d69b51245b538e
esol,b671f3921f45bbf0,CC1(C)C(C=C(Cl)C(F)(F)F)C1C(=O)OC(C#N)c1cccc(Oc2ccccc2)c1,aqueous_solubility,log10(mol/L),test,O=C(OCc1cccc(Oc2ccccc2)c1)C1CC1,-8.175999641418457,-6.707141491372143,-8.498793902310556,-4.91548908043373,scaffold,2026,hybrid_concat,edge_gnn,rdkit,concat,721e3c494613d3aa378fb20e47d69b51245b538e
esol,fe6fc5479a503890,CC1(C)C(C=C(Cl)Cl)C1C(=O)OC(C#N)c1ccc(F)c(Oc2ccccc2)c1,aqueous_solubility,log10(mol/L),test,O=C(OCc1cccc(Oc2ccccc2)c1)C1CC1,-7.336999893188477,-6.91669064904929,-8.708343059987703,-5.125038238110877,scaffold,2026,hybrid_concat,edge_gnn,rdkit,concat,721e3c494613d3aa378fb20e47d69b51245b538e
esol,2cf7a20f75b7dd82,CC1(C)C(C=C(Cl)Cl)C1C(=O)OC(C#N)c1cccc(Oc2ccccc2)c1,aqueous_solubility,log10(mol/L),test,O=C(OCc1cccc(Oc2ccccc2)c1)C1CC1,-8.017000198364258,-6.744910691356054,-8.536563102294467,-4.953258280417641,scaffold,2026,hybrid_concat,edge_gnn,rdkit,concat,721e3c494613d3aa378fb20e47d69b51245b538e
esol,4fcaa23e29a00d85,CC1(C)C(C=C(Cl)Cl)C1C(=O)OCc1cccc(Oc2ccccc2)c1,aqueous_solubility,log10(mol/L),test,O=C(OCc1cccc(Oc2ccccc2)c1)C1CC1,-6.290999889373779,-6.6433913237460605,-8.435043734684474,-4.851738912807647,scaffold,2026,hybrid_concat,edge_gnn,rdkit,concat,721e3c494613d3aa378fb20e47d69b51245b538e
esol,51653ae53f89ae0c,CC1(C)C2CCC1(C)C(O)C2,aqueous_solubility,log10(mol/L),validation,C1CC2CCC1C2,-2.319999933242798,-2.8730080373512945,-4.664660448289708,-1.081355626412881,scaffold,2026,hybrid_concat,edge_gnn,rdkit,concat,721e3c494613d3aa378fb20e47d69b51245b538e
esol,db019bf83d05a9d8,CC1(C)CON(Cc2ccccc2Cl)C1=O,aqueous_solubility,log10(mol/L),calibration,O=C1CCON1Cc1ccccc1,-2.3380000591278076,-3.454784922747231,-5.246437333685645,-1.6631325118088176,scaffold,2026,hybrid_concat,edge_gnn,rdkit,concat,721e3c494613d3aa378fb20e47d69b51245b538e
esol,308633e920b6ab7c,CC1(C)OC2CC3C4CCC5=CC(=O)C=CC5(C)C4(F)C(O)CC3(C)C2(C(=O)CO)O1,aqueous_solubility,log10(mol/L),validation,O=C1C=CC2C(=C1)CCC1C2CCC2C1CC1OCOC12,-4.309999942779541,-4.4494676483254825,-6.241120059263896,-2.657815237387069,scaffold,2026,hybrid_concat,edge_gnn,rdkit,concat,721e3c494613d3aa378fb20e47d69b51245b538e
esol,8bc400d159a3a189,CC12C=CC(=O)C=C1CCC1C2C(O)CC2(C)C1CCC2(O)C(=O)CO,aqueous_solubility,log10(mol/L),train,O=C1C=CC2C(=C1)CCC1C3CCCC3CCC21,-3.180000066757202,-2.771261342549855,-4.562913753488269,-0.9796089316114416,scaffold,2026,hybrid_concat,edge_gnn,rdkit,concat,721e3c494613d3aa378fb20e47d69b51245b538e
esol,561a6a9236d5f10f,CC12C=CC(=O)C=C1CCC1C3CC(O)C(O)(C(=O)CO)C3(C)CC(O)C12F,aqueous_solubility,log10(mol/L),train,O=C1C=CC2C(=C1)CCC1C3CCCC3CCC21,-3.680000066757202,-0.7315222805647794,-2.523174691503193,1.0601301303736341,scaffold,2026,hybrid_concat,edge_gnn,rdkit,concat,721e3c494613d3aa378fb20e47d69b51245b538e
esol,06060f1f62be068f,CC12CC(=O)C3C(CCC4=CC(=O)CCC43C)C1CCC2=O,aqueous_solubility,log10(mol/L),validation,O=C1C=C2CCC3C4CCC(=O)C4CC(=O)C3C2CC1,-3.4800000190734863,-3.813225957433894,-5.604878368372308,-2.0215735464954805,scaffold,2026,hybrid_concat,edge_gnn,rdkit,concat,721e3c494613d3aa378fb20e47d69b51245b538e
esol,eab4b4949a3f41a8,CC12CC1(C)C(=O)N(c1cc(Cl)cc(Cl)c1)C2=O,aqueous_solubility,log10(mol/L),validation,O=C1C2CC2C(=O)N1c1ccccc1,-4.800000190734863,-3.988730049854764,-5.780382460793177,-2.1970776389163507,scaffold,2026,hybrid_concat,edge_gnn,rdkit,concat,721e3c494613d3aa378fb20e47d69b51245b538e
esol,853813295aac305d,CC12CCC(=O)C=C1CCC1C2C(=O)CC2(C)C1CCC2(O)C(=O)CO,aqueous_solubility,log10(mol/L),calibration,O=C1C=C2CCC3C4CCCC4CC(=O)C3C2CC1,-3.109999895095825,-3.4291899234911014,-5.2208423344295145,-1.6375375125526879,scaffold,2026,hybrid_concat,edge_gnn,rdkit,concat,721e3c494613d3aa378fb20e47d69b51245b538e
esol,b030c0b4441d718d,CC12CCC(=O)C=C1CCC1C2C(O)CC2(C)C(C(=O)CO)CCC12,aqueous_solubility,log10(mol/L),train,O=C1C=C2CCC3C4CCCC4CCC3C2CC1,-3.240000009536743,-0.8849861318070997,-2.676638542745513,0.9066662791313138,scaffold,2026,hybrid_concat,edge_gnn,rdkit,concat,721e3c494613d3aa378fb20e47d69b51245b538e
esol,66ce1fff4359da1b,CC12CCC(=O)C=C1CCC1C2C(O)CC2(C)C1CCC2(O)C(=O)CO,aqueous_solubility,log10(mol/L),train,O=C1C=C2CCC3C4CCCC4CCC3C2CC1,-3.0899999141693115,-2.4133198763436554,-4.204972287282069,-0.6216674654052419,scaffold,2026,hybrid_concat,edge_gnn,rdkit,concat,721e3c494613d3aa378fb20e47d69b51245b538e
esol,16ed90921e2e8d8e,CC12CCC(=O)C=C1CCC1C2C(O)CC2(C=O)C(C(=O)CO)CCC12,aqueous_solubility,log10(mol/L),train,O=C1C=C2CCC3C4CCCC4CCC3C2CC1,-3.8499999046325684,-4.051066753199351,-5.842719164137765,-2.259414342260938,scaffold,2026,hybrid_concat,edge_gnn,rdkit,concat,721e3c494613d3aa378fb20e47d69b51245b538e
esol,e9814f0ffa3f1075,CC12CCC(=O)C=C1CCC1C2CCC2(C)C(C(=O)CO)CCC12,aqueous_solubility,log10(mol/L),train,O=C1C=C2CCC3C4CCCC4CCC3C2CC1,-3.450000047683716,-3.4870838665469264,-5.27873627748534,-1.6954314556085128,scaffold,2026,hybrid_concat,edge_gnn,rdkit,concat,721e3c494613d3aa378fb20e47d69b51245b538e
esol,6db1181db60789c5,CC12CCC(=O)C=C1CCC1C2CCC2(C)C(O)CCC12,aqueous_solubility,log10(mol/L),train,O=C1C=C2CCC3C4CCCC4CCC3C2CC1,-4.019999980926514,-1.0543766475563958,-2.8460290584948096,0.7372757633820177,scaffold,2026,hybrid_concat,edge_gnn,rdkit,concat,721e3c494613d3aa378fb20e47d69b51245b538e
esol,a410bd3aa9a97d06,CC12CCC(=O)C=C1CCC1C2CCC2(C)C1CCC2(C)O,aqueous_solubility,log10(mol/L),train,O=C1C=C2CCC3C4CCCC4CCC3C2CC1,-3.999000072479248,-1.63550817295256,-3.4271605838909736,0.15614423798585353,scaffold,2026,hybrid_concat,edge_gnn,rdkit,concat,721e3c494613d3aa378fb20e47d69b51245b538e
esol,b37910a504cc939f,CC12CCC(=O)C=C1CCC1C3CCC(O)(C(=O)CO)C3(C)CC(O)C12F,aqueous_solubility,log10(mol/L),train,O=C1C=C2CCC3C4CCCC4CCC3C2CC1,-3.430000066757202,-2.3308207773902683,-4.122473188328682,-0.5391683664518547,scaffold,2026,hybrid_concat,edge_gnn,rdkit,concat,721e3c494613d3aa378fb20e47d69b51245b538e
esol,fc86c422a483c072,CC12CCC(C1)C(C)(C)C2=O,aqueous_solubility,log10(mol/L),test,O=C1CC2CCC1C2,-1.850000023841858,-3.0443206329304395,-4.835973043868853,-1.252668221992026,scaffold,2026,hybrid_concat,edge_gnn,rdkit,concat,721e3c494613d3aa378fb20e47d69b51245b538e
esol,1fb8edc59b2eefb0,CC12CCC(CC1)C(C)(C)O2,aqueous_solubility,log10(mol/L),train,C1CC2CCC1CO2,-1.6899999976158142,0.8262174378541025,-0.965434973084311,2.617869848792516,scaffold,2026,hybrid_concat,edge_gnn,rdkit,concat,721e3c494613d3aa378fb20e47d69b51245b538e
esol,d3c0277d3ba07790,CC12CCC(CC1=O)C2(C)C,aqueous_solubility,log10(mol/L),test,O=C1CC2CCC1C2,-1.9600000381469727,-3.0292977787235444,-4.820950189661958,-1.237645367785131,scaffold,2026,hybrid_concat,edge_gnn,rdkit,concat,721e3c494613d3aa378fb20e47d69b51245b538e
esol,dccc95418d7103ad,CC12CCC3C(=CCc4cc(O)ccc43)C1CCC2=O,aqueous_solubility,log10(mol/L),calibration,O=C1CCC2C3=CCc4ccccc4C3CCC12,-5.2820000648498535,-4.174374269288556,-5.966026680226969,-2.3827218583501426,scaffold,2026,hybrid_concat,edge_gnn,rdkit,concat,721e3c494613d3aa378fb20e47d69b51245b538e
esol,70d2277f708f35c0,CC12CCC3C(CC=C4CC(O)CCC43C)C1CCC2=O,aqueous_solubility,log10(mol/L),train,O=C1CCC2C1CCC1C3CCCCC3=CCC21,-4.119999885559082,0.06864361444337241,-1.7230087964950411,1.860296025381786,scaffold,2026,hybrid_concat,edge_gnn,rdkit,concat,721e3c494613d3aa378fb20e47d69b51245b538e
esol,3262b47324486ddb,CC12CCC3C(CCC4=CC(=O)CCC43C)C1CCC2=O,aqueous_solubility,log10(mol/L),test,O=C1C=C2CCC3C4CCC(=O)C4CCC3C2CC1,-3.690000057220459,-4.324172915011765,-6.115825325950178,-2.5325205040733514,scaffold,2026,hybrid_concat,edge_gnn,rdkit,concat,721e3c494613d3aa378fb20e47d69b51245b538e
esol,5eb9d5702255e00b,CC12CCC3C(CCC4CC(=O)CCC43C)C1CCC2O,aqueous_solubility,log10(mol/L),validation,O=C1CCC2C(CCC3C4CCCC4CCC23)C1,-4.743000030517578,-4.288490741358079,-6.080143152296493,-2.4968383304196657,scaffold,2026,hybrid_concat,edge_gnn,rdkit,concat,721e3c494613d3aa378fb20e47d69b51245b538e
esol,d792bed320b4011c,CC12CCC3C(CCC4CC(O)CCC43C)C1CCC2=O,aqueous_solubility,log10(mol/L),calibration,O=C1CCC2C1CCC1C3CCCCC3CCC21,-4.2809998989105225,-4.217009730952293,-6.0086621418907065,-2.42535732001388,scaffold,2026,hybrid_concat,edge_gnn,rdkit,concat,721e3c494613d3aa378fb20e47d69b51245b538e
esol,b908be84e83c2496,CC12CCC3C(CCC4CC5SC5CC43C)C1CCC2O,aqueous_solubility,log10(mol/L),train,C1CC2CCC3C4CC5SC5CC4CCC3C2C1,-5.409999847412109,-0.1975519322341266,-1.9892043431725401,1.594100478704287,scaffold,2026,hybrid_concat,edge_gnn,rdkit,concat,721e3c494613d3aa378fb20e47d69b51245b538e
esol,2daaedea250881cb,CC12CCC3c4ccc(O)cc4CCC3C1CC(O)C2O,aqueous_solubility,log10(mol/L),validation,c1ccc2c(c1)CCC1C2CCC2CCCC21,-4.954999923706055,-3.6800861088793235,-5.4717385198177375,-1.88843369794091,scaffold,2026,hybrid_concat,edge_gnn,rdkit,concat,721e3c494613d3aa378fb20e47d69b51245b538e
esol,9b5249c4f004fb08,CC12CCC3c4ccc(O)cc4CCC3C1CCC2=O,aqueous_solubility,log10(mol/L),train,O=C1CCC2C1CCC1c3ccccc3CCC12,-3.9549999237060547,-0.8141329027464654,-2.605785313684879,0.9775195081919481,scaffold,2026,hybrid_concat,edge_gnn,rdkit,concat,721e3c494613d3aa378fb20e47d69b51245b538e
esol,549c66ea8743a7af,CC12CCC3c4ccc(O)cc4CCC3C1CCC2O,aqueous_solubility,log10(mol/L),validation,c1ccc2c(c1)CCC1C2CCC2CCCC21,-5.03000020980835,-4.194082921944919,-5.985735332883333,-2.402430511006506,scaffold,2026,hybrid_concat,edge_gnn,rdkit,concat,721e3c494613d3aa378fb20e47d69b51245b538e
esol,673567a4582a20ec,CC12CCc3c(ccc4cc(O)ccc34)C1CCC2=O,aqueous_solubility,log10(mol/L),train,O=C1CCC2c3ccc4ccccc4c3CCC12,-5.239999771118164,-2.322288473468288,-4.113940884406702,-0.5306360625298745,scaffold,2026,hybrid_concat,edge_gnn,rdkit,concat,721e3c494613d3aa378fb20e47d69b51245b538e
esol,6cc22f666ec43b0c,CC1=C(C(=O)Nc2ccccc2)CCCO1,aqueous_solubility,log10(mol/L),validation,O=C(Nc1ccccc1)C1=COCCC1,-2.559999942779541,-2.5188552456080764,-4.3105076565464895,-0.7272028346696628,scaffold,2026,hybrid_concat,edge_gnn,rdkit,concat,721e3c494613d3aa378fb20e47d69b51245b538e
esol,2e8679647e9c7af4,CC1=C(C(=O)Nc2ccccc2)S(=O)(=O)CCO1,aqueous_solubility,log10(mol/L),validation,O=C(Nc1ccccc1)C1=COCCS1(=O)=O,-2.2809998989105225,-2.645612989160555,-4.437265400098969,-0.8539605782221416,scaffold,2026,hybrid_concat,edge_gnn,rdkit,concat,721e3c494613d3aa378fb20e47d69b51245b538e
esol,b5b4cb2a5e9b9324,CC1=C(C(=O)Nc2ccccc2)SCCO1,aqueous_solubility,log10(mol/L),test,O=C(Nc1ccccc1)C1=COCCS1,-3.140000104904175,-2.353490174530395,-4.145142585468808,-0.5618377635919813,scaffold,2026,hybrid_concat,edge_gnn,rdkit,concat,721e3c494613d3aa378fb20e47d69b51245b538e
esol,7efcd8aa4b87cc1a,CC1=C2C3OC(=O)C(C)C3CCC2(C)C=CC1=O,aqueous_solubility,log10(mol/L),calibration,O=C1C=CC2CCC3CC(=O)OC3C2=C1,-3.0899999141693115,-3.4140974120909684,-5.205749823029382,-1.6224450011525549,scaffold,2026,hybrid_concat,edge_gnn,rdkit,concat,721e3c494613d3aa378fb20e47d69b51245b538e
esol,96de9e25198b2092,CC1=CC(=O)CC(C)(C)C1,aqueous_solubility,log10(mol/L),test,O=C1C=CCCC1,-1.059999942779541,-2.4446494466163435,-4.236301857554757,-0.65299703567793,scaffold,2026,hybrid_concat,edge_gnn,rdkit,concat,721e3c494613d3aa378fb20e47d69b51245b538e
esol,f59c469fca861fbf,CC1=CC(=O)c2ccccc2C1=O,aqueous_solubility,log10(mol/L),validation,O=C1C=CC(=O)c2ccccc21,-3.0299999713897705,-3.0338800924625096,-4.8255325034009235,-1.242227681524096,scaffold,2026,hybrid_concat,edge_gnn,rdkit,concat,721e3c494613d3aa378fb20e47d69b51245b538e
esol,ded0a2c22ffe923c,CC1=CCCCC1,aqueous_solubility,log10(mol/L),validation,C1=CCCCC1,-3.2699999809265137,-3.234349609816411,-5.026002020754825,-1.4426971988779975,scaffold,2026,hybrid_concat,edge_gnn,rdkit,concat,721e3c494613d3aa378fb20e47d69b51245b538e
esol,ed4c980dd8b4f9e0,CC1CC(C)C(=O)C(C(O)CC2CC(=O)NC(=O)C2)C1,aqueous_solubility,log10(mol/L),train,O=C1CC(CCC2CCCCC2=O)CC(=O)N1,-1.1299999952316284,-1.745457525209695,-3.5371099361481084,0.04619488572871844,scaffold,2026,hybrid_concat,edge_gnn,rdkit,concat,721e3c494613d3aa378fb20e47d69b51245b538e
esol,37ef59ba8bc69fae,CC1CC2C3CC(F)C4=CC(=O)C=CC4(C)C3(F)C(O)CC2(C)C1(O)C(=O)CO,aqueous_solubility,log10(mol/L),train,O=C1C=CC2C(=C1)CCC1C3CCCC3CCC21,-5.61299991607666,-3.0758885796211723,-4.867540990559586,-1.2842361686827588,scaffold,2026,hybrid_concat,edge_gnn,rdkit,concat,721e3c494613d3aa378fb20e47d69b51245b538e
esol,efe337a66ed3ef56,CC1CC2C3CCC4=CC(=O)C=CC4(C)C3(F)C(O)CC2(C)C1(O)C(=O)CO,aqueous_solubility,log10(mol/L),train,O=C1C=CC2C(=C1)CCC1C3CCCC3CCC21,-3.5899999141693115,-7.343806683654796,-9.135459094593209,-5.552154272716383,scaffold,2026,hybrid_concat,edge_gnn,rdkit,concat,721e3c494613d3aa378fb20e47d69b51245b538e
esol,990639b2658aeabf,CC1CCC(C(C)C)C(=O)C1,aqueous_solubility,log10(mol/L),validation,O=C1CCCCC1,-2.3499999046325684,-2.468734011367015,-4.260386422305428,-0.6770816004286013,scaffold,2026,hybrid_concat,edge_gnn,rdkit,concat,721e3c494613d3aa378fb20e47d69b51245b538e
esol,355260992ae623bd,CC1CCC(C(C)C)C(O)C1,aqueous_solubility,log10(mol/L),test,C1CCCCC1,-2.5299999713897705,-2.4859660534682524,-4.277618464406666,-0.6943136425298388,scaffold,2026,hybrid_concat,edge_gnn,rdkit,concat,721e3c494613d3aa378fb20e47d69b51245b538e
esol,6deb7ea9bd9ff6c3,CC1CCC(C)CC1,aqueous_solubility,log10(mol/L),test,C1CCCCC1,-4.46999979019165,-4.40378579759805,-6.195438208536464,-2.6121333866596363,scaffold,2026,hybrid_concat,edge_gnn,rdkit,concat,721e3c494613d3aa378fb20e47d69b51245b538e
esol,7fed54044e7b496d,CC1CCCC1,aqueous_solubility,log10(mol/L),train,C1CCCC1,-3.299999952316284,-3.813784529830294,-5.6054369407687075,-2.0221321188918804,scaffold,2026,hybrid_concat,edge_gnn,rdkit,concat,721e3c494613d3aa378fb20e47d69b51245b538e
esol,07b03b234e331841,CC1CCCCC1,aqueous_solubility,log10(mol/L),test,C1CCCCC1,-3.8499999046325684,-3.865543141415456,-5.657195552353869,-2.0738907304770424,scaffold,2026,hybrid_concat,edge_gnn,rdkit,concat,721e3c494613d3aa378fb20e47d69b51245b538e
esol,1006f9328e658b00,CC1CCCCC1C,aqueous_solubility,log10(mol/L),test,C1CCCCC1,-4.300000190734863,-4.485667873073967,-6.277320284012381,-2.6940154621355537,scaffold,2026,hybrid_concat,edge_gnn,rdkit,concat,721e3c494613d3aa378fb20e47d69b51245b538e
esol,22f824d41aeea5a5,CC1CCCCC1NC(=O)Nc1ccccc1,aqueous_solubility,log10(mol/L),test,O=C(Nc1ccccc1)NC1CCCCC1,-4.110000133514404,-3.2198113078996733,-5.011463718838087,-1.4281588969612597,scaffold,2026,hybrid_concat,edge_gnn,rdkit,concat,721e3c494613d3aa378fb20e47d69b51245b538e
esol,14cfac60d34ed2f7,CC1CCCO1,aqueous_solubility,log10(mol/L),calibration,C1CCOC1,0.10999999940395355,-0.9617057456463576,-2.7533581565847713,0.829946665292056,scaffold,2026,hybrid_concat,edge_gnn,rdkit,concat,721e3c494613d3aa378fb20e47d69b51245b538e
esol,a9d5ebbbd488d8e2,CC1CO1,aqueous_solubility,log10(mol/L),calibration,C1CO1,-0.5899999737739563,-0.24804171309217882,-2.0396941240305924,1.5436106978462347,scaffold,2026,hybrid_concat,edge_gnn,rdkit,concat,721e3c494613d3aa378fb20e47d69b51245b538e
esol,1d04033e6224d00c,CC1COC2CC3(C)C(CC4C5C=C6CC(O)CCC6(C)CC5CCC43C)OC2C1,aqueous_solubility,log10(mol/L),test,C1=C2CCCCC2CC2CCC3C4CC5OCCCC5OC4CC3C12,-7.320000171661377,-4.7939980429086955,-6.585650453847109,-3.002345631970282,scaffold,2026,hybrid_concat,edge_gnn,rdkit,concat,721e3c494613d3aa378fb20e47d69b51245b538e
esol,85e634af983f15c5,CC1Cc2ccccc2N1NC(=O)c1ccc(Cl)c(S(N)(=O)=O)c1,aqueous_solubility,log10(mol/L),calibration,O=C(NN1CCc2ccccc21)c1ccccc1,-3.5859999656677246,-3.418538498933647,-5.210190909872061,-1.6268860879952336,scaffold,2026,hybrid_concat,edge_gnn,rdkit,concat,721e3c494613d3aa378fb20e47d69b51245b538e
esol,bd2b37eb42bf2e88,CC1OC(OC2C(O)CC(OC3C(O)CC(OC4CCC5(C)C(CCC6C5CC(O)C5(C)C(C7=CC(=O)OC7)CCC65O)C4)OC3C)OC2C)CC(O)C1O,aqueous_solubility,log10(mol/L),train,O=C1C=C(C2CCC3C2CCC2C4CCC(OC5CCC(OC6CCC(OC7CCCCO7)CO6)CO5)CC4CCC23)CO1,-4.080999851226807,0.49651054821305163,-1.295141862725362,2.288162959151465,scaffold,2026,hybrid_concat,edge_gnn,rdkit,concat,721e3c494613d3aa378fb20e47d69b51245b538e
esol,ac668969e8b9e1f6,CC1OC(OC2C(O)CC(OC3C(O)CC(OC4CCC5(C)C(CCC6C5CCC5(C)C(C7=CC(=O)OC7)CCC65O)C4)OC3C)OC2C)CC(O)C1O,aqueous_solubility,log10(mol/L),train,O=C1C=C(C2CCC3C2CCC2C4CCC(OC5CCC(OC6CCC(OC7CCCCO7)CO6)CO5)CC4CCC23)CO1,-5.293000221252441,-2.3324221457606016,-4.124074556699015,-0.540769734822188,scaffold,2026,hybrid_concat,edge_gnn,rdkit,concat,721e3c494613d3aa378fb20e47d69b51245b538e
esol,faccd04528716453,CC=C(C(=CC)c1ccc(O)cc1)c1ccc(O)cc1,aqueous_solubility,log10(mol/L),test,C=C(C(=C)c1ccccc1)c1ccccc1,-4.949999809265137,-3.9184627659871856,-5.7101151769256,-2.126810355048772,scaffold,2026,hybrid_concat,edge_gnn,rdkit,concat,721e3c494613d3aa378fb20e47d69b51245b538e
esol,9da6816a67862e68,CC=C(C)C,aqueous_solubility,log10(mol/L),train,,-2.559999942779541,-6.534088758400314,-8.325741169338727,-4.742436347461901,scaffold,2026,hybrid_concat,edge_gnn,rdkit,concat,721e3c494613d3aa378fb20e47d69b51245b538e
esol,ffbba6f6cfcc8f90,CC=CC=O,aqueous_solubility,log10(mol/L),train,,0.3199999928474426,-2.0385366843937813,-3.830189095332195,-0.2468842734553678,scaffold,2026,hybrid_concat,edge_gnn,rdkit,concat,721e3c494613d3aa378fb20e47d69b51245b538e
esol,f220362f20674d76,CC=Cc1ccc(OC)cc1,aqueous_solubility,log10(mol/L),train,c1ccccc1,-3.130000114440918,-3.979476968798119,-5.771129379736532,-2.1878245578597055,scaffold,2026,hybrid_concat,edge_gnn,rdkit,concat,721e3c494613d3aa378fb20e47d69b51245b538e
esol,35cd7d074fa4c41d,CCBr,aqueous_solubility,log10(mol/L),train,,-1.090000033378601,-3.606617164057847,-5.39826957499626,-1.8149647531194333,scaffold,2026,hybrid_concat,edge_gnn,rdkit,concat,721e3c494613d3aa378fb20e47d69b51245b538e
esol,d4bb7958b02085f6,CCC,aqueous_solubility,log10(mol/L),train,,-1.940000057220459,-1.644258024865434,-3.4359104358038475,0.1473943860729796,scaffold,2026,hybrid_concat,edge_gnn,rdkit,concat,721e3c494613d3aa378fb20e47d69b51245b538e
esol,d172035a0575b4f0,CCC#CCC,aqueous_solubility,log10(mol/L),train,,-1.9900000095367432,-3.0763333278009077,-4.867985738739321,-1.2846809168624942,scaffold,2026,hybrid_concat,edge_gnn,rdkit,concat,721e3c494613d3aa378fb20e47d69b51245b538e
esol,5cc3b635245b012c,CCC#N,aqueous_solubility,log10(mol/L),train,,0.2800000011920929,-1.0940538151395647,-2.8857062260779784,0.6975985957988489,scaffold,2026,hybrid_concat,edge_gnn,rdkit,concat,721e3c494613d3aa378fb20e47d69b51245b538e
esol,0547b83133ec728e,CCC(=C(CC)c1ccc(O)cc1)c1ccc(O)cc1,aqueous_solubility,log10(mol/L),calibration,C(=Cc1ccccc1)c1ccccc1,-4.070000171661377,-4.161824618978688,-5.953477029917101,-2.3701722080402745,scaffold,2026,hybrid_concat,edge_gnn,rdkit,concat,721e3c494613d3aa378fb20e47d69b51245b538e
esol,711e0fc464234636,CCC(=O)CC,aqueous_solubility,log10(mol/L),train,,-0.2800000011920929,-0.30302732638622265,-2.094679737324636,1.488625084552191,scaffold,2026,hybrid_concat,edge_gnn,rdkit,concat,721e3c494613d3aa378fb20e47d69b51245b538e
esol,ce30ab4b74767529,CCC(=O)Nc1ccc(Cl)c(Cl)c1,aqueous_solubility,log10(mol/L),train,c1ccccc1,-3.0,-3.3688635966695077,-5.160516007607921,-1.5772111857310942,scaffold,2026,hybrid_concat,edge_gnn,rdkit,concat,721e3c494613d3aa378fb20e47d69b51245b538e
esol,4d970928ff053b01,CCC(=O)OC,aqueous_solubility,log10(mol/L),train,,-0.14000000059604645,-2.076162326610075,-3.8678147375484886,-0.2845099156716615,scaffold,2026,hybrid_concat,edge_gnn,rdkit,concat,721e3c494613d3aa378fb20e47d69b51245b538e
esol,9b12de6fa018a540,CCC(=O)OC1CCC2C3CCC4=CC(=O)CCC4(C)C3CCC12C,aqueous_solubility,log10(mol/L),train,O=C1C=C2CCC3C4CCCC4CCC3C2CC1,-5.369999885559082,-1.2982844025668063,-3.08993681350522,0.4933680083716072,scaffold,2026,hybrid_concat,edge_gnn,rdkit,concat,721e3c494613d3aa378fb20e47d69b51245b538e
esol,e3c14a3a91bcd663,CCC(=O)OCN1C(=O)NC(c2ccccc2)(c2ccccc2)C1=O,aqueous_solubility,log10(mol/L),test,O=C1NC(=O)C(c2ccccc2)(c2ccccc2)N1,-4.9070000648498535,-3.322167637615293,-5.113820048553706,-1.5305152266768793,scaffold,2026,hybrid_concat,edge_gnn,rdkit,concat,721e3c494613d3aa378fb20e47d69b51245b538e
esol,fba8f2ce4dada735,CCC(Br)(CC)C(=O)NC(N)=O,aqueous_solubility,log10(mol/L),train,,-2.680000066757202,-0.8222201895420178,-2.6138726004804314,0.9694322213963957,scaffold,2026,hybrid_concat,edge_gnn,rdkit,concat,721e3c494613d3aa378fb20e47d69b51245b538e
esol,0552a9e71d6cfea7,CCC(C)(C)C,aqueous_solubility,log10(mol/L),train,,-3.549999952316284,-5.813126349347232,-7.604778760285646,-4.021473938408818,scaffold,2026,hybrid_concat,edge_gnn,rdkit,concat,721e3c494613d3aa378fb20e47d69b51245b538e
esol,a3c5654a10d5a78a,CCC(C)(C)CC,aqueous_solubility,log10(mol/L),train,,-4.230000019073486,-2.691883205601272,-4.483535616539685,-0.9002307946628583,scaffold,2026,hybrid_concat,edge_gnn,rdkit,concat,721e3c494613d3aa378fb20e47d69b51245b538e
esol,9d5b4ee33b32fb0c,CCC(C)(C)CO,aqueous_solubility,log10(mol/L),train,,-1.0399999618530273,-3.872291551812105,-5.663943962750519,-2.0806391408736915,scaffold,2026,hybrid_concat,edge_gnn,rdkit,concat,721e3c494613d3aa378fb20e47d69b51245b538e
esol,531e962faed70e1e,CCC(C)(C)Cl,aqueous_solubility,log10(mol/L),train,,-2.509999990463257,-3.1450533912321497,-4.936705802170563,-1.3534009802937361,scaffold,2026,hybrid_concat,edge_gnn,rdkit,concat,721e3c494613d3aa378fb20e47d69b51245b538e
esol,cad4fa1d66a14c52,CCC(C)(C)O,aqueous_solubility,log10(mol/L),train,,0.15000000596046448,-3.300795041658248,-5.092447452596661,-1.5091426307198343,scaffold,2026,hybrid_concat,edge_gnn,rdkit,concat,721e3c494613d3aa378fb20e47d69b51245b538e
esol,646485e6c04cc19e,CCC(C)(O)CC,aqueous_solubility,log10(mol/L),train,,-0.36000001430511475,-3.642336512120966,-5.433988923059379,-1.8506841011825523,scaffold,2026,hybrid_concat,edge_gnn,rdkit,concat,721e3c494613d3aa378fb20e47d69b51245b538e
esol,4458adc1a90f205f,CCC(C)=O,aqueous_solubility,log10(mol/L),train,,0.5199999809265137,-4.302948120203479,-6.094600531141893,-2.5112957092650654,scaffold,2026,hybrid_concat,edge_gnn,rdkit,concat,721e3c494613d3aa378fb20e47d69b51245b538e
esol,860e76bc1b2205e5,CCC(C)C,aqueous_solubility,log10(mol/L),train,,-3.180000066757202,-1.2360308933989566,-3.02768330433737,0.555621517539457,scaffold,2026,hybrid_concat,edge_gnn,rdkit,concat,721e3c494613d3aa378fb20e47d69b51245b538e
esol,7f0540e7d68d0353,CCC(C)C(=O)OC1CC(C)C=C2C=CC(C)C(CCC3CC(O)CC(=O)O3)C21,aqueous_solubility,log10(mol/L),test,O=C1CCCC(CCC2CC=CC3=CCCCC32)O1,-6.005000114440918,-4.4716202494553725,-6.2632726603937865,-2.679967838516959,scaffold,2026,hybrid_concat,edge_gnn,rdkit,concat,721e3c494613d3aa378fb20e47d69b51245b538e
esol,11bac5bf3e21f269,CCC(C)C(C)=O,aqueous_solubility,log10(mol/L),train,,-0.6700000166893005,-4.909224009731778,-6.700876420670191,-3.1175715987933645,scaffold,2026,hybrid_concat,edge_gnn,rdkit,concat,721e3c494613d3aa378fb20e47d69b51245b538e
esol,6085f1e95eaddcb2,CCC(C)C(C)C,aqueous_solubility,log10(mol/L),train,,-4.28000020980835,-1.5108353639227008,-3.302487774861114,0.28081704701571275,scaffold,2026,hybrid_concat,edge_gnn,rdkit,concat,721e3c494613d3aa378fb20e47d69b51245b538e
esol,a5ca898e35932a4d,CCC(C)C1(CC)C(=O)NC(=O)NC1=O,aqueous_solubility,log10(mol/L),train,O=C1CC(=O)NC(=O)N1,-2.390000104904175,-2.9844356102767753,-4.776088021215189,-1.1927831993383617,scaffold,2026,hybrid_concat,edge_gnn,rdkit,concat,721e3c494613d3aa378fb20e47d69b51245b538e
esol,8f174b3984e75df6,CCC(C)CC,aqueous_solubility,log10(mol/L),train,,-3.680000066757202,-1.4335665011723673,-3.2252189121107806,0.35808590976604626,scaffold,2026,hybrid_concat,edge_gnn,rdkit,concat,721e3c494613d3aa378fb20e47d69b51245b538e
esol,1e876450195412a0,CCC(C)CCO,aqueous_solubility,log10(mol/L),train,,-0.7099999785423279,-1.8517169288520516,-3.643369339790465,-0.060064517913638094,scaffold,2026,hybrid_concat,edge_gnn,rdkit,concat,721e3c494613d3aa378fb20e47d69b51245b538e
esol,aaff60003107c3bd,CCC(C)CO,aqueous_solubility,log10(mol/L),train,,-0.4699999988079071,-1.831949705582755,-3.6236021165211687,-0.0402972946443414,scaffold,2026,hybrid_concat,edge_gnn,rdkit,concat,721e3c494613d3aa378fb20e47d69b51245b538e
esol,d978eec75d4efefd,CCC(C)Cl,aqueous_solubility,log10(mol/L),train,,-1.9600000381469727,-7.940442806549228,-9.732095217487641,-6.148790395610815,scaffold,2026,hybrid_concat,edge_gnn,rdkit,concat,721e3c494613d3aa378fb20e47d69b51245b538e
esol,1f701cf97ca02491,CCC(C)O,aqueous_solubility,log10(mol/L),train,,0.4699999988079071,-0.6448411203161131,-2.4364935312545266,1.1468112906223005,scaffold,2026,hybrid_concat,edge_gnn,rdkit,concat,721e3c494613d3aa378fb20e47d69b51245b538e
esol,4b3c75035a4fd961,CCC(C)c1cc([N+](=O)[O-])cc([N+](=O)[O-])c1O,aqueous_solubility,log10(mol/L),train,c1ccccc1,-3.380000114440918,-0.6672021850152996,-2.458854595953713,1.124450225923114,scaffold,2026,hybrid_concat,edge_gnn,rdkit,concat,721e3c494613d3aa378fb20e47d69b51245b538e
esol,4dd1c7df936dd0ff,CCC(C)n1c(=O)[nH]c(C)c(Br)c1=O,aqueous_solubility,log10(mol/L),validation,O=c1cc[nH]c(=O)[nH]1,-2.5230000019073486,-2.722377786044076,-4.514030196982489,-0.9307253751056623,scaffold,2026,hybrid_concat,edge_gnn,rdkit,concat,721e3c494613d3aa378fb20e47d69b51245b538e
esol,7964220aaea5eddd,CCC(C=O)CC,aqueous_solubility,log10(mol/L),train,,-1.5199999809265137,-1.151581632098627,-2.9432340430370405,0.6400707788397866,scaffold,2026,hybrid_concat,edge_gnn,rdkit,concat,721e3c494613d3aa378fb20e47d69b51245b538e
esol,136ed49ee994d858,CCC(CC)CO,aqueous_solubility,log10(mol/L),train,,-1.1699999570846558,-2.2298846057404793,-4.021537016678893,-0.43823219480206577,scaffold,2026,hybrid_concat,edge_gnn,rdkit,concat,721e3c494613d3aa378fb20e47d69b51245b538e
esol,3d69b54547088a18,CCC(O)(CC)CC,aqueous_solubility,log10(mol/L),train,,-0.8500000238418579,-2.268787983807685,-4.060440394746099,-0.47713557286927166,scaffold,2026,hybrid_concat,edge_gnn,rdkit,concat,721e3c494613d3aa378fb20e47d69b51245b538e
esol,1b6616ec4b6c9f5b,CCC(O)C(C)C,aqueous_solubility,log10(mol/L),train,,-0.699999988079071,-1.0834338872280445,-2.875086298166458,0.7082185237103691,scaffold,2026,hybrid_concat,edge_gnn,rdkit,concat,721e3c494613d3aa378fb20e47d69b51245b538e
esol,ee3d88894451fd0c,CCC(O)CC,aqueous_solubility,log10(mol/L),train,,-0.23999999463558197,-1.8422280114294538,-3.6338804223678673,-0.05057560049104026,scaffold,2026,hybrid_concat,edge_gnn,rdkit,concat,721e3c494613d3aa378fb20e47d69b51245b538e
esol,492e3c56afdd3d65,CCC(c1ccc(O)cc1)C(CC)c1ccc(O)cc1,aqueous_solubility,log10(mol/L),train,c1ccc(CCc2ccccc2)cc1,-4.429999828338623,-3.44707936095658,-5.238731771894994,-1.6554269500181666,scaffold,2026,hybrid_concat,edge_gnn,rdkit,concat,721e3c494613d3aa378fb20e47d69b51245b538e
esol,08bd60ba187c4c76,CCC1(C(C)C)C(=O)NC(=O)NC1=O,aqueous_solubility,log10(mol/L),train,O=C1CC(=O)NC(=O)N1,-2.1790000200271606,-1.6833077696990408,-3.4749601806374546,0.10834464123937271,scaffold,2026,hybrid_concat,edge_gnn,rdkit,concat,721e3c494613d3aa378fb20e47d69b51245b538e
esol,f202255d52ab1ec3,CCC1(C)C(=O)NC(=O)NC1=O,aqueous_solubility,log10(mol/L),train,O=C1CC(=O)NC(=O)N1,-1.2280000448226929,-4.731647593399848,-6.523300004338262,-2.9399951824614345,scaffold,2026,hybrid_concat,edge_gnn,rdkit,concat,721e3c494613d3aa378fb20e47d69b51245b538e
esol,823b22622722d6df,CCC1(C2=CCC3CCC2C3)C(=O)NC(=O)NC1=O,aqueous_solubility,log10(mol/L),calibration,O=C1NC(=O)C(C2=CCC3CCC2C3)C(=O)N1,-2.696000099182129,-2.9040811669531235,-4.695733577891537,-1.11242875601471,scaffold,2026,hybrid_concat,edge_gnn,rdkit,concat,721e3c494613d3aa378fb20e47d69b51245b538e
esol,6e86b2759d390dd5,CCC1(C2=CCCCC2)C(=O)NC(=O)NC1=O,aqueous_solubility,log10(mol/L),train,O=C1NC(=O)C(C2=CCCCC2)C(=O)N1,-2.1700000762939453,-4.343776379628576,-6.135428790566989,-2.5521239686901622,scaffold,2026,hybrid_concat,edge_gnn,rdkit,concat,721e3c494613d3aa378fb20e47d69b51245b538e
esol,4762407c150120c2,CCC1(CC)C(=O)NC(=O)N(C)C1=O,aqueous_solubility,log10(mol/L),train,O=C1CC(=O)NC(=O)N1,-2.2300000190734863,-2.2347901336373437,-4.026442544575757,-0.44313772269893015,scaffold,2026,hybrid_concat,edge_gnn,rdkit,concat,721e3c494613d3aa378fb20e47d69b51245b538e
esol,0ab736d75dfa233b,CCC1(CC)C(=O)NC(=O)NC1=O,aqueous_solubility,log10(mol/L),train,O=C1CC(=O)NC(=O)N1,-2.4000000953674316,-1.2149060272282455,-3.006558438166659,0.5767463837101681,scaffold,2026,hybrid_concat,edge_gnn,rdkit,concat,721e3c494613d3aa378fb20e47d69b51245b538e
esol,af8a1b1e82b5916e,CCC1(CC=C(C)C)C(=O)NC(=O)NC1=O,aqueous_solubility,log10(mol/L),train,O=C1CC(=O)NC(=O)N1,-2.253000020980835,-5.1442277167258785,-6.9358801276642925,-3.352575305787465,scaffold,2026,hybrid_concat,edge_gnn,rdkit,concat,721e3c494613d3aa378fb20e47d69b51245b538e
esol,b52cbbd90dba367d,CCC1(CCC(C)C)C(=O)NC(=O)NC1=O,aqueous_solubility,log10(mol/L),train,O=C1CC(=O)NC(=O)N1,-2.562999963760376,-5.329411260359173,-7.121063671297586,-3.5377588494207592,scaffold,2026,hybrid_concat,edge_gnn,rdkit,concat,721e3c494613d3aa378fb20e47d69b51245b538e
esol,645fd10802de397b,CCC1(c2ccccc2)C(=O)NC(=O)NC1=O,aqueous_solubility,log10(mol/L),train,O=C1NC(=O)C(c2ccccc2)C(=O)N1,-2.322000026702881,-1.568620532983079,-3.3602729439214922,0.22303187795533463,scaffold,2026,hybrid_concat,edge_gnn,rdkit,concat,721e3c494613d3aa378fb20e47d69b51245b538e
esol,8e80310464b10ca4,CCC1(c2ccccc2)C(=O)NCNC1=O,aqueous_solubility,log10(mol/L),calibration,O=C1NCNC(=O)C1c1ccccc1,-2.640000104904175,-2.1110909713985984,-3.902743382337012,-0.3194385604601848,scaffold,2026,hybrid_concat,edge_gnn,rdkit,concat,721e3c494613d3aa378fb20e47d69b51245b538e
esol,e1033a252840196d,CCC1(c2ccccc2)CCC(=O)NC1=O,aqueous_solubility,log10(mol/L),calibration,O=C1CCC(c2ccccc2)C(=O)N1,-2.3369998931884766,-2.287109289894647,-4.078761700833061,-0.49545687895623347,scaffold,2026,hybrid_concat,edge_gnn,rdkit,concat,721e3c494613d3aa378fb20e47d69b51245b538e
esol,a55a5ec41782ba07,CCC1CCCCC1,aqueous_solubility,log10(mol/L),test,C1CCCCC1,-4.25,-4.556944005866351,-6.348596416804764,-2.765291594927937,scaffold,2026,hybrid_concat,edge_gnn,rdkit,concat,721e3c494613d3aa378fb20e47d69b51245b538e
esol,71227fc0ca5ecb0e,CCC1NC(=O)c2cc(S(N)(=O)=O)c(Cl)cc2N1,aqueous_solubility,log10(mol/L),test,O=C1NCNc2ccccc21,-3.2899999618530273,-2.932704192190475,-4.724356603128888,-1.1410517812520613,scaffold,2026,hybrid_concat,edge_gnn,rdkit,concat,721e3c494613d3aa378fb20e47d69b51245b538e
esol,fbbba53affc2f528,CCC=O,aqueous_solubility,log10(mol/L),train,,0.5799999833106995,-3.0288816584250284,-4.8205340693634415,-1.237229247486615,scaffold,2026,hybrid_concat,edge_gnn,rdkit,concat,721e3c494613d3aa378fb20e47d69b51245b538e
esol,99307c59d7dfef35,CCCBr,aqueous_solubility,log10(mol/L),train,,-1.7300000190734863,-2.3634554861934913,-4.155107897131905,-0.5718030752550778,scaffold,2026,hybrid_concat,edge_gnn,rdkit,concat,721e3c494613d3aa378fb20e47d69b51245b538e
esol,8744e77d82d027a0,CCCC,aqueous_solubility,log10(mol/L),train,,-2.569999933242798,-2.7980618878823096,-4.589714298820724,-1.006409476943896,scaffold,2026,hybrid_concat,edge_gnn,rdkit,concat,721e3c494613d3aa378fb20e47d69b51245b538e
esol,50d5afa3055e4398,CCCC(=O)CC,aqueous_solubility,log10(mol/L),train,,-0.8299999833106995,-1.289341626226843,-3.080994037165256,0.5023107847115706,scaffold,2026,hybrid_concat,edge_gnn,rdkit,concat,721e3c494613d3aa378fb20e47d69b51245b538e
esol,c3223a40b30ff2ce,CCCC(=O)CCC,aqueous_solubility,log10(mol/L),train,,-1.2999999523162842,-4.156745351518766,-5.94839776245718,-2.3650929405803525,scaffold,2026,hybrid_concat,edge_gnn,rdkit,concat,721e3c494613d3aa378fb20e47d69b51245b538e
esol,530f34a8c65ac982,CCCC(=O)OC,aqueous_solubility,log10(mol/L),train,,-1.9199999570846558,-3.2859741066511425,-5.077626517589556,-1.494321695712729,scaffold,2026,hybrid_concat,edge_gnn,rdkit,concat,721e3c494613d3aa378fb20e47d69b51245b538e
esol,c2005837b63a1689,CCCC(=O)OCC,aqueous_solubility,log10(mol/L),train,,-1.3600000143051147,-0.847766300266128,-2.6394187112045415,0.9438861106722856,scaffold,2026,hybrid_concat,edge_gnn,rdkit,concat,721e3c494613d3aa378fb20e47d69b51245b538e
esol,773f55f0ab7b02ec,CCCC(=O)OCN1C(=O)NC(c2ccccc2)(c2ccccc2)C1=O,aqueous_solubility,log10(mol/L),test,O=C1NC(=O)C(c2ccccc2)(c2ccccc2)N1,-5.071000099182129,-3.682424032590255,-5.474076443528668,-1.8907716216518415,scaffold,2026,hybrid_concat,edge_gnn,rdkit,concat,721e3c494613d3aa378fb20e47d69b51245b538e
esol,eb02c03a46d859f4,CCCC(C)(C)C,aqueous_solubility,log10(mol/L),train,,-4.360000133514404,-0.13670304198990024,-1.9283554529283138,1.6549493689485133,scaffold,2026,hybrid_concat,edge_gnn,rdkit,concat,721e3c494613d3aa378fb20e47d69b51245b538e
esol,14c21e027fff9f63,CCCC(C)(C)CO,aqueous_solubility,log10(mol/L),train,,-1.5199999809265137,-2.061072205847204,-3.8527246167856175,-0.2694197949087904,scaffold,2026,hybrid_concat,edge_gnn,rdkit,concat,721e3c494613d3aa378fb20e47d69b51245b538e
esol,553c0fbe16a4173b,CCCC(C)(C)O,aqueous_solubility,log10(mol/L),train,,-0.49000000953674316,-3.187525393073059,-4.9791778040114725,-1.3958729821346454,scaffold,2026,hybrid_concat,edge_gnn,rdkit,concat,721e3c494613d3aa378fb20e47d69b51245b538e
esol,c13aa0325c4d7681,CCCC(C)(COC(N)=O)COC(N)=O,aqueous_solubility,log10(mol/L),train,,-1.8070000410079956,-2.8949884677738313,-4.686640878712245,-1.1033360568354178,scaffold,2026,hybrid_concat,edge_gnn,rdkit,concat,721e3c494613d3aa378fb20e47d69b51245b538e
esol,705240c8f60cb049,CCCC(C)(O)CC,aqueous_solubility,log10(mol/L),train,,-0.9800000190734863,-0.8394793952591506,-2.631131806197564,0.9521730156792629,scaffold,2026,hybrid_concat,edge_gnn,rdkit,concat,721e3c494613d3aa378fb20e47d69b51245b538e
esol,0148f694c74e1962,CCCC(C)=O,aqueous_solubility,log10(mol/L),train,,-0.1899999976158142,-0.4152926084914741,-2.2069450194298876,1.3763598024469395,scaffold,2026,hybrid_concat,edge_gnn,rdkit,concat,721e3c494613d3aa378fb20e47d69b51245b538e
esol,2a6bb1427ddc99d3,CCCC(C)C,aqueous_solubility,log10(mol/L),train,,-3.740000009536743,-3.981566266233743,-5.7732186771721565,-2.1899138552953294,scaffold,2026,hybrid_concat,edge_gnn,rdkit,concat,721e3c494613d3aa378fb20e47d69b51245b538e
esol,6035d42dec3b21aa,CCCC(C)C1(CC)C(=O)NC(=O)NC1=O,aqueous_solubility,log10(mol/L),train,O=C1CC(=O)NC(=O)N1,-2.390000104904175,-7.906523010685509,-9.698175421623922,-6.114870599747096,scaffold,2026,hybrid_concat,edge_gnn,rdkit,concat,721e3c494613d3aa378fb20e47d69b51245b538e
esol,0bc9361c7a07aa90,CCCC(C)C1(CC)C(=O)NC(=S)NC1=O,aqueous_solubility,log10(mol/L),train,O=C1CC(=O)NC(=S)N1,-3.359999895095825,-4.140325737608248,-5.931978148546662,-2.3486733266698345,scaffold,2026,hybrid_concat,edge_gnn,rdkit,concat,721e3c494613d3aa378fb20e47d69b51245b538e
esol,b60aaba75c023587,CCCC(C)CO,aqueous_solubility,log10(mol/L),train,,-1.1100000143051147,-1.0732019597442395,-2.864854370682653,0.7184504511941741,scaffold,2026,hybrid_concat,edge_gnn,rdkit,concat,721e3c494613d3aa378fb20e47d69b51245b538e
esol,a428353a26a96988,CCCC(C)O,aqueous_solubility,log10(mol/L),train,,-0.28999999165534973,-4.5531852068984096,-6.3448376178368235,-2.761532795959996,scaffold,2026,hybrid_concat,edge_gnn,rdkit,concat,721e3c494613d3aa378fb20e47d69b51245b538e
esol,911ea15ed7d45385,CCCC(O)CC,aqueous_solubility,log10(mol/L),train,,-0.800000011920929,-2.007716170443192,-3.7993685813816054,-0.2160637595047783,scaffold,2026,hybrid_concat,edge_gnn,rdkit,concat,721e3c494613d3aa378fb20e47d69b51245b538e
esol,36679fca2c495432,CCCC(O)CCC,aqueous_solubility,log10(mol/L),train,,-1.399999976158142,-2.0139252530734053,-3.805577664011819,-0.22227284213499177,scaffold,2026,hybrid_concat,edge_gnn,rdkit,concat,721e3c494613d3aa378fb20e47d69b51245b538e
esol,f92375bd7aa00a4e,CCCC1C(=O)N2C(N(C)C)=Nc3ccc(C)cc3N2C1=O,aqueous_solubility,log10(mol/L),test,O=C1CC(=O)N2c3ccccc3N=CN12,-3.5380001068115234,-3.322172837251339,-5.113825248189753,-1.5305204263129255,scaffold,2026,hybrid_concat,edge_gnn,rdkit,concat,721e3c494613d3aa378fb20e47d69b51245b538e
esol,ec228ee9c15a775e,CCCC1CCCC1,aqueous_solubility,log10(mol/L),train,C1CCCC1,-4.739999771118164,-2.103045759818867,-3.8946981707572808,-0.31139334888045367,scaffold,2026,hybrid_concat,edge_gnn,rdkit,concat,721e3c494613d3aa378fb20e47d69b51245b538e
esol,9eb037d358bcc7a9,CCCC1COC(Cn2cncn2)(c2ccc(Cl)cc2Cl)O1,aqueous_solubility,log10(mol/L),train,c1ccc(C2(Cn3cncn3)OCCO2)cc1,-3.493000030517578,-0.38934797853569325,-2.181000389474107,1.4023044324027203,scaffold,2026,hybrid_concat,edge_gnn,rdkit,concat,721e3c494613d3aa378fb20e47d69b51245b538e
esol,b3fc3b836b5caee3,CCCC=C(C=O)CC,aqueous_solubility,log10(mol/L),train,,-2.4600000381469727,-4.173197239032329,-5.964849649970743,-2.3815448280939155,scaffold,2026,hybrid_concat,edge_gnn,rdkit,concat,721e3c494613d3aa378fb20e47d69b51245b538e
esol,2b15dc56b70f7e88,CCCC=O,aqueous_solubility,log10(mol/L),train,,-0.009999999776482582,-1.3176735465530274,-3.109325957491441,0.47397886438538617,scaffold,2026,hybrid_concat,edge_gnn,rdkit,concat,721e3c494613d3aa378fb20e47d69b51245b538e
esol,d8934e1ae61ae50b,CCCCBr,aqueous_solubility,log10(mol/L),train,,-2.369999885559082,-8.087634820933193,-9.879287231871606,-6.29598240999478,scaffold,2026,hybrid_concat,edge_gnn,rdkit,concat,721e3c494613d3aa378fb20e47d69b51245b538e
esol,cdbf47a4c8e3d287,CCCCC,aqueous_solubility,log10(mol/L),train,,-3.180000066757202,-4.903622029434395,-6.695274440372808,-3.1119696184959813,scaffold,2026,hybrid_concat,edge_gnn,rdkit,concat,721e3c494613d3aa378fb20e47d69b51245b538e
esol,046f34299e8e0593,CCCCC(=O)CCCC,aqueous_solubility,log10(mol/L),train,,-2.5799999237060547,-2.461452399211915,-4.253104810150329,-0.6697999882735015,scaffold,2026,hybrid_concat,edge_gnn,rdkit,concat,721e3c494613d3aa378fb20e47d69b51245b538e
esol,d781e9733c524f88,CCCCC(=O)OC,aqueous_solubility,log10(mol/L),train,,-1.340000033378601,-3.41394847538951,-5.2056008863279235,-1.6222960644510964,scaffold,2026,hybrid_concat,edge_gnn,rdkit,concat,721e3c494613d3aa378fb20e47d69b51245b538e
esol,8186b98ad615d4fa,CCCCC(=O)OC1(C(=O)CO)C(C)CC2C3CCC4=CC(=O)C=CC4(C)C3(F)C(O)CC21C,aqueous_solubility,log10(mol/L),train,O=C1C=CC2C(=C1)CCC1C3CCCC3CCC21,-4.710000038146973,-8.313783846570455,-10.105436257508869,-6.522131435632042,scaffold,2026,hybrid_concat,edge_gnn,rdkit,concat,721e3c494613d3aa378fb20e47d69b51245b538e
esol,1e4a499efcb48181,CCCCC(=O)OCC,aqueous_solubility,log10(mol/L),train,,-2.25,-0.5622257168599023,-2.353878127798316,1.2294266940785112,scaffold,2026,hybrid_concat,edge_gnn,rdkit,concat,721e3c494613d3aa378fb20e47d69b51245b538e
esol,eb83f6d383b44ecd,CCCCC(=O)OCN1C(=O)NC(c2ccccc2)(c2ccccc2)C1=O,aqueous_solubility,log10(mol/L),test,O=C1NC(=O)C(c2ccccc2)(c2ccccc2)N1,-4.677999973297119,-3.97967873858308,-5.771331149521494,-2.1880263276446663,scaffold,2026,hybrid_concat,edge_gnn,rdkit,concat,721e3c494613d3aa378fb20e47d69b51245b538e
esol,0063512c4316b02d,CCCCC(C)(C)O,aqueous_solubility,log10(mol/L),train,,-1.0800000429153442,-3.3494625592629053,-5.141114970201318,-1.5578101483244917,scaffold,2026,hybrid_concat,edge_gnn,rdkit,concat,721e3c494613d3aa378fb20e47d69b51245b538e
esol,ca9a40b2ae6d7fac,CCCCC(C)(O)CC,aqueous_solubility,log10(mol/L),train,,-1.600000023841858,-1.3474490531902155,-3.139101464128629,0.4442033577481981,scaffold,2026,hybrid_concat,edge_gnn,rdkit,concat,721e3c494613d3aa378fb20e47d69b51245b538e
esol,cb1389de78271b03,CCCCC(C)=O,aqueous_solubility,log10(mol/L),train,,-0.800000011920929,-4.038173687846715,-5.829826098785128,-2.2465212769083016,scaffold,2026,hybrid_concat,edge_gnn,rdkit,concat,721e3c494613d3aa378fb20e47d69b51245b538e
esol,ee72f0696072d63b,CCCCC(C)CC,aqueous_solubility,log10(mol/L),train,,-5.159999847412109,-1.9831630109060907,-3.7748154218445045,-0.19151059996767716,scaffold,2026,hybrid_concat,edge_gnn,rdkit,concat,721e3c494613d3aa378fb20e47d69b51245b538e
esol,886e9d2f85b3cb44,CCCCC(C)O,aqueous_solubility,log10(mol/L),train,,-0.8899999856948853,-0.6423950202690505,-2.434047431207464,1.149257390669363,scaffold,2026,hybrid_concat,edge_gnn,rdkit,concat,721e3c494613d3aa378fb20e47d69b51245b538e
esol,0838a16aa5ae802e,CCCCC(C=O)CC,aqueous_solubility,log10(mol/L),train,,-2.130000114440918,-4.729402306882841,-6.521054717821254,-2.9377498959444277,scaffold,2026,hybrid_concat,edge_gnn,rdkit,concat,721e3c494613d3aa378fb20e47d69b51245b538e
esol,0ee8c22e174f5540,CCCCC(CC)CO,aqueous_solubility,log10(mol/L),train,,-2.109999895095825,-0.971697294553411,-2.763349705491825,0.8199551163850025,scaffold,2026,hybrid_concat,edge_gnn,rdkit,concat,721e3c494613d3aa378fb20e47d69b51245b538e
esol,51a9b8b1d8173760,CCCCC(CC)COC(=O)c1ccccc1C(=O)OCC(CC)CCCC,aqueous_solubility,log10(mol/L),train,c1ccccc1,-6.960000038146973,-4.2853286454508766,-6.07698105638929,-2.493676234512463,scaffold,2026,hybrid_concat,edge_gnn,rdkit,concat,721e3c494613d3aa378fb20e47d69b51245b538e
esol,3a73360948f6d478,CCCCC(O)CC,aqueous_solubility,log10(mol/L),train,,-1.4700000286102295,-7.870206840029789,-9.661859250968202,-6.078554429091376,scaffold,2026,hybrid_concat,edge_gnn,rdkit,concat,721e3c494613d3aa378fb20e47d69b51245b538e
esol,b368fff92897feb5,CCCCC1(CC)C(=O)NC(=O)NC1=O,aqueous_solubility,log10(mol/L),train,O=C1CC(=O)NC(=O)N1,-1.6610000133514404,-0.4979426761879924,-2.289595087126406,1.2937097347504212,scaffold,2026,hybrid_concat,edge_gnn,rdkit,concat,721e3c494613d3aa378fb20e47d69b51245b538e
esol,697b7adfb97e92d9,CCCCC1C(=O)N(c2ccccc2)N(c2ccc(O)cc2)C1=O,aqueous_solubility,log10(mol/L),calibration,O=C1CC(=O)N(c2ccccc2)N1c1ccccc1,-3.7300000190734863,-3.4644295901874855,-5.256082001125899,-1.672777179249072,scaffold,2026,hybrid_concat,edge_gnn,rdkit,concat,721e3c494613d3aa378fb20e47d69b51245b538e
esol,9bb878f2acf6502d,CCCCC1C(=O)N(c2ccccc2)N(c2ccccc2)C1=O,aqueous_solubility,log10(mol/L),calibration,O=C1CC(=O)N(c2ccccc2)N1c1ccccc1,-3.809999942779541,-3.625186438994869,-5.416838849933283,-1.8335340280564556,scaffold,2026,hybrid_concat,edge_gnn,rdkit,concat,721e3c494613d3aa378fb20e47d69b51245b538e
esol,cccde35c98b95e45,CCCCC=O,aqueous_solubility,log10(mol/L),train,,-0.8500000238418579,-1.7503513987499049,-3.5420038096883184,0.04130101218850868,scaffold,2026,hybrid_concat,edge_gnn,rdkit,concat,721e3c494613d3aa378fb20e47d69b51245b538e
esol,400a2153ad1cc41e,CCCCCBr,aqueous_solubility,log10(mol/L),train,,-3.0799999237060547,-0.29851858450901325,-2.090170995447427,1.4931338264294003,scaffold,2026,hybrid_concat,edge_gnn,rdkit,concat,721e3c494613d3aa378fb20e47d69b51245b538e
esol,067861bb7f44340e,CCCCCC,aqueous_solubility,log10(mol/L),train,,-3.8399999141693115,-3.151119304573301,-4.942771715511714,-1.3594668936348873,scaffold,2026,hybrid_concat,edge_gnn,rdkit,concat,721e3c494613d3aa378fb20e47d69b51245b538e
esol,15f1b3f210442886,CCCCCC(=O)OC,aqueous_solubility,log10(mol/L),train,,-1.8700000047683716,-0.31265442264259713,-2.1043068335810107,1.4789979882958164,scaffold,2026,hybrid_concat,edge_gnn,rdkit,concat,721e3c494613d3aa378fb20e47d69b51245b538e
esol,f0c3620530b2fea4,CCCCCC(=O)OCC,aqueous_solubility,log10(mol/L),train,,-2.3499999046325684,-4.292887362347674,-6.084539773286087,-2.5012349514092604,scaffold,2026,hybrid_concat,edge_gnn,rdkit,concat,721e3c494613d3aa378fb20e47d69b51245b538e
esol,e5611d7c920e4a9e,CCCCCC(=O)OCN1C(=O)NC(c2ccccc2)(c2ccccc2)C1=O,aqueous_solubility,log10(mol/L),test,O=C1NC(=O)C(c2ccccc2)(c2ccccc2)N1,-5.886000156402588,-4.464850681918949,-6.256503092857363,-2.6731982709805355,scaffold,2026,hybrid_concat,edge_gnn,rdkit,concat,721e3c494613d3aa378fb20e47d69b51245b538e
esol,6155649d8540ed94,CCCCCC(C)(C)O,aqueous_solubility,log10(mol/L),train,,-1.7200000286102295,-3.721813965106326,-5.5134663760447395,-1.9301615541679125,scaffold,2026,hybrid_concat,edge_gnn,rdkit,concat,721e3c494613d3aa378fb20e47d69b51245b538e
esol,e9eedb31eddae14a,CCCCCC(C)=O,aqueous_solubility,log10(mol/L),train,,-1.4500000476837158,-2.9541182657040252,-4.745770676642438,-1.1624658547656117,scaffold,2026,hybrid_concat,edge_gnn,rdkit,concat,721e3c494613d3aa378fb20e47d69b51245b538e
esol,66316631fd660d13,CCCCCC(C)C,aqueous_solubility,log10(mol/L),train,,-5.079999923706055,-3.7303596565969763,-5.52201206753539,-1.9387072456585628,scaffold,2026,hybrid_concat,edge_gnn,rdkit,concat,721e3c494613d3aa378fb20e47d69b51245b538e
esol,da7e9d52660f7666,CCCCCC(C)O,aqueous_solubility,log10(mol/L),train,,-1.5499999523162842,-5.120510921635088,-6.912163332573501,-3.328858510696674,scaffold,2026,hybrid_concat,edge_gnn,rdkit,concat,721e3c494613d3aa378fb20e47d69b51245b538e
esol,04583283814a1149,CCCCCC(O)CC,aqueous_solubility,log10(mol/L),train,,-1.9800000190734863,-1.5897107349134825,-3.3813631458518962,0.20194167602493107,scaffold,2026,hybrid_concat,edge_gnn,rdkit,concat,721e3c494613d3aa378fb20e47d69b51245b538e
esol,a98e9ddfe0bfb71f,CCCCCC1CCCC1,aqueous_solubility,log10(mol/L),train,C1CCCC1,-6.079999923706055,-2.2307357921378177,-4.022388203076231,-0.43908338119940415,scaffold,2026,hybrid_concat,edge_gnn,rdkit,concat,721e3c494613d3aa378fb20e47d69b51245b538e
esol,93bc9362240baa5a,CCCCCC=O,aqueous_solubility,log10(mol/L),train,,-1.2999999523162842,0.6179283850780566,-1.173724025860357,2.40958079601647,scaffold,2026,hybrid_concat,edge_gnn,rdkit,concat,721e3c494613d3aa378fb20e47d69b51245b538e
esol,a6326ae1c933fa1d,CCCCCCBr,aqueous_solubility,log10(mol/L),train,,-3.809999942779541,-0.23214206278627003,-2.0237944737246836,1.5595103481521435,scaffold,2026,hybrid_concat,edge_gnn,rdkit,concat,721e3c494613d3aa378fb20e47d69b51245b538e
esol,0742f60cc0d0b0c5,CCCCCCC,aqueous_solubility,log10(mol/L),train,,-4.53000020980835,-0.6157312866246882,-2.4073836975631018,1.1759211243137253,scaffold,2026,hybrid_concat,edge_gnn,rdkit,concat,721e3c494613d3aa378fb20e47d69b51245b538e
esol,3350712a156b97ee,CCCCCCC(=O)OCC,aqueous_solubility,log10(mol/L),train,,-2.740000009536743,-2.373438936816818,-4.165091347755231,-0.5817865258784045,scaffold,2026,hybrid_concat,edge_gnn,rdkit,concat,721e3c494613d3aa378fb20e47d69b51245b538e
esol,7056b5401228fc27,CCCCCCC(=O)OCN1C(=O)NC(c2ccccc2)(c2ccccc2)C1=O,aqueous_solubility,log10(mol/L),test,O=C1NC(=O)C(c2ccccc2)(c2ccccc2)N1,-6.301000118255615,-4.82878420571637,-6.620436616654784,-3.0371317947779564,scaffold,2026,hybrid_concat,edge_gnn,rdkit,concat,721e3c494613d3aa378fb20e47d69b51245b538e
esol,59ece8e98d2096e2,CCCCCCC(C)=O,aqueous_solubility,log10(mol/L),train,,-2.049999952316284,-2.72551833633295,-4.517170747271363,-0.9338659253945365,scaffold,2026,hybrid_concat,edge_gnn,rdkit,concat,721e3c494613d3aa378fb20e47d69b51245b538e
esol,427cbb0dd97d6b50,CCCCCCC(C)O,aqueous_solubility,log10(mol/L),train,,-2.0899999141693115,-4.609468697162304,-6.4011211081007175,-2.81781628622389,scaffold,2026,hybrid_concat,edge_gnn,rdkit,concat,721e3c494613d3aa378fb20e47d69b51245b538e
esol,b17209ce34398ed5,CCCCCCCBr,aqueous_solubility,log10(mol/L),train,,-4.429999828338623,-1.7916353136372478,-3.583287724575661,1.7097301165724943e-05,scaffold,2026,hybrid_concat,edge_gnn,rdkit,concat,721e3c494613d3aa378fb20e47d69b51245b538e
esol,2f891eb6fbb926d4,CCCCCCCC,aqueous_solubility,log10(mol/L),train,,-5.239999771118164,-3.6671162443046272,-5.458768655243041,-1.8754638333662137,scaffold,2026,hybrid_concat,edge_gnn,rdkit,concat,721e3c494613d3aa378fb20e47d69b51245b538e
esol,d4e8db30d372de33,CCCCCCCC(=O)OC,aqueous_solubility,log10(mol/L),train,,-3.1700000762939453,-6.423431418917868,-8.215083829856281,-4.631779007979455,scaffold,2026,hybrid_concat,edge_gnn,rdkit,concat,721e3c494613d3aa378fb20e47d69b51245b538e
esol,bbfb6e5e2f7f210b,CCCCCCCC(=O)OCC,aqueous_solubility,log10(mol/L),train,,-3.390000104904175,-4.278081667653117,-6.06973407859153,-2.4864292567147035,scaffold,2026,hybrid_concat,edge_gnn,rdkit,concat,721e3c494613d3aa378fb20e47d69b51245b538e
esol,fdf14f687f402c1b,CCCCCCCC(=O)OCN1C(=O)NC(c2ccccc2)(c2ccccc2)C1=O,aqueous_solubility,log10(mol/L),test,O=C1NC(=O)C(c2ccccc2)(c2ccccc2)N1,-6.5229997634887695,-5.181765263959046,-6.97341767489746,-3.3901128530206326,scaffold,2026,hybrid_concat,edge_gnn,rdkit,concat,721e3c494613d3aa378fb20e47d69b51245b538e
esol,fea1a3023a7fc0ae,CCCCCCCC(C)=O,aqueous_solubility,log10(mol/L),train,,-2.5799999237060547,-4.813174898306,-6.604827309244413,-3.0215224873675868,scaffold,2026,hybrid_concat,edge_gnn,rdkit,concat,721e3c494613d3aa378fb20e47d69b51245b538e
esol,866ae94d1cd7a5b1,CCCCCCCC(C)O,aqueous_solubility,log10(mol/L),train,,-2.740000009536743,-2.942007865108189,-4.733660276046603,-1.1503554541697754,scaffold,2026,hybrid_concat,edge_gnn,rdkit,concat,721e3c494613d3aa378fb20e47d69b51245b538e
esol,0c834b867b0755f7,CCCCCCCCBr,aqueous_solubility,log10(mol/L),train,,-5.059999942779541,-4.259792933998858,-6.051445344937271,-2.4681405230604443,scaffold,2026,hybrid_concat,edge_gnn,rdkit,concat,721e3c494613d3aa378fb20e47d69b51245b538e
esol,52907309c5979835,CCCCCCCCC,aqueous_solubility,log10(mol/L),train,,-5.880000114440918,-0.47877980601867387,-2.2704322169570874,1.3128726049197397,scaffold,2026,hybrid_concat,edge_gnn,rdkit,concat,721e3c494613d3aa378fb20e47d69b51245b538e
esol,91d1337f64867273,CCCCCCCCC(=O)OC,aqueous_solubility,log10(mol/L),train,,-3.380000114440918,-1.2011828130861815,-2.992835224024595,0.5904695978522321,scaffold,2026,hybrid_concat,edge_gnn,rdkit,concat,721e3c494613d3aa378fb20e47d69b51245b538e
esol,91ca518d3bfa05a4,CCCCCCCCC(=O)OCC,aqueous_solubility,log10(mol/L),train,,-3.799999952316284,0.36850076816023236,-1.4231516427781812,2.160153179098646,scaffold,2026,hybrid_concat,edge_gnn,rdkit,concat,721e3c494613d3aa378fb20e47d69b51245b538e
esol,190307f6f9c5d129,CCCCCCCCC(C)=O,aqueous_solubility,log10(mol/L),train,,-3.299999952316284,-3.4819881036898925,-5.2736405146283065,-1.690335692751479,scaffold,2026,hybrid_concat,edge_gnn,rdkit,concat,721e3c494613d3aa378fb20e47d69b51245b538e
esol,a3ed57e5c214461b,CCCCCCCCCC(=O)OC,aqueous_solubility,log10(mol/L),train,,-4.690000057220459,-2.0791650865437274,-3.870817497482141,-0.2875126756053139,scaffold,2026,hybrid_concat,edge_gnn,rdkit,concat,721e3c494613d3aa378fb20e47d69b51245b538e
esol,bacd88176dc73f72,CCCCCCCCCC(=O)OCC,aqueous_solubility,log10(mol/L),train,,-4.099999904632568,-4.478846070113357,-6.270498481051771,-2.6871936591749432,scaffold,2026,hybrid_concat,edge_gnn,rdkit,concat,721e3c494613d3aa378fb20e47d69b51245b538e
esol,0660e103e7d31762,CCCCCCCCCC(C)O,aqueous_solubility,log10(mol/L),train,,-2.940000057220459,-7.481323789037134,-9.272976199975547,-5.689671378098721,scaffold,2026,hybrid_concat,edge_gnn,rdkit,concat,721e3c494613d3aa378fb20e47d69b51245b538e
esol,ff455d1cef69469a,CCCCCCCCCCCC(=O)OC,aqueous_solubility,log10(mol/L),train,,-4.690000057220459,-3.1861146780244156,-4.977767088962829,-1.394462267086002,scaffold,2026,hybrid_concat,edge_gnn,rdkit,concat,721e3c494613d3aa378fb20e47d69b51245b538e
esol,a980398600f36d4e,CCCCCCCCCCCCCC,aqueous_solubility,log10(mol/L),train,,-7.960000038146973,-2.318899924446388,-4.110552335384801,-0.5272475135079744,scaffold,2026,hybrid_concat,edge_gnn,rdkit,concat,721e3c494613d3aa378fb20e47d69b51245b538e
esol,bc312e38ba02802a,CCCCCCCCCCCCCCCC,aqueous_solubility,log10(mol/L),train,,-8.399999618530273,-1.655584505619907,-3.4472369165583205,0.13606790531850654,scaffold,2026,hybrid_concat,edge_gnn,rdkit,concat,721e3c494613d3aa378fb20e47d69b51245b538e
esol,1a06d4bca85cd592,CCCCCCCCCCCCCCCCCCCC,aqueous_solubility,log10(mol/L),train,,-8.17199993133545,-4.638410229990443,-6.430062640928856,-2.8467578190520295,scaffold,2026,hybrid_concat,edge_gnn,rdkit,concat,721e3c494613d3aa378fb20e47d69b51245b538e
esol,384c121c7d12a56a,CCCCCCCCCCCCCCCCCCCCCCCCCC,aqueous_solubility,log10(mol/L),train,,-8.333999633789062,-4.6975300918345155,-6.489182502772929,-2.905877680896102,scaffold,2026,hybrid_concat,edge_gnn,rdkit,concat,721e3c494613d3aa378fb20e47d69b51245b538e
esol,bc3d0429e3abc793,CCCCCCCCCCCCCCCCCCO,aqueous_solubility,log10(mol/L),train,,-8.399999618530273,-2.4524942630275395,-4.244146673965953,-0.6608418520891259,scaffold,2026,hybrid_concat,edge_gnn,rdkit,concat,721e3c494613d3aa378fb20e47d69b51245b538e
esol,c4c342bdb047ff91,CCCCCCCCCCCCCCCCO,aqueous_solubility,log10(mol/L),train,,-7.0,-0.22055464397458735,-2.012207054913001,1.5710977669638262,scaffold,2026,hybrid_concat,edge_gnn,rdkit,concat,721e3c494613d3aa378fb20e47d69b51245b538e
esol,cd68df105e34e541,CCCCCCCCCCCCCCCO,aqueous_solubility,log10(mol/L),train,,-6.349999904632568,-5.143641532469096,-6.93529394340751,-3.3519891215306825,scaffold,2026,hybrid_concat,edge_gnn,rdkit,concat,721e3c494613d3aa378fb20e47d69b51245b538e
esol,1e9120d9df04f9e6,CCCCCCCCCCCCCCO,aqueous_solubility,log10(mol/L),train,,-5.840000152587891,-2.9713092784932433,-4.762961689431657,-1.1796568675548298,scaffold,2026,hybrid_concat,edge_gnn,rdkit,concat,721e3c494613d3aa378fb20e47d69b51245b538e
esol,de7e37932cf8aac8,CCCCCCCCCCCCO,aqueous_solubility,log10(mol/L),train,,-4.800000190734863,0.8967603621980551,-0.8948920487403584,2.6884127731364686,scaffold,2026,hybrid_concat,edge_gnn,rdkit,concat,721e3c494613d3aa378fb20e47d69b51245b538e
esol,50df1a057983a774,CCCCCCCCCCO,aqueous_solubility,log10(mol/L),train,,-3.630000114440918,-4.034337432231467,-5.8259898431698804,-2.242685021293054,scaffold,2026,hybrid_concat,edge_gnn,rdkit,concat,721e3c494613d3aa378fb20e47d69b51245b538e
esol,0dd85d1472dc7f0a,CCCCCCCCCO,aqueous_solubility,log10(mol/L),train,,-3.009999990463257,-2.381699365516112,-4.173351776454526,-0.5900469545776983,scaffold,2026,hybrid_concat,edge_gnn,rdkit,concat,721e3c494613d3aa378fb20e47d69b51245b538e
esol,0f0c5849c0728201,CCCCCCCCO,aqueous_solubility,log10(mol/L),train,,-2.390000104904175,-7.963878701761667,-9.75553111270008,-6.172226290823254,scaffold,2026,hybrid_concat,edge_gnn,rdkit,concat,721e3c494613d3aa378fb20e47d69b51245b538e
esol,c6dea0f9a59433fd,CCCCCCCCOC(=O)c1ccccc1C(=O)OCCCCCCCC,aqueous_solubility,log10(mol/L),train,c1ccccc1,-5.114999771118164,-4.906680371684402,-6.698332782622815,-3.1150279607459885,scaffold,2026,hybrid_concat,edge_gnn,rdkit,concat,721e3c494613d3aa378fb20e47d69b51245b538e
esol,38ee92fb024e7c6a,CCCCCCCCl,aqueous_solubility,log10(mol/L),train,,-4.0,-6.4605692516007345,-8.252221662539148,-4.668916840662321,scaffold,2026,hybrid_concat,edge_gnn,rdkit,concat,721e3c494613d3aa378fb20e47d69b51245b538e
esol,5fa8cd0096eff934,CCCCCCCI,aqueous_solubility,log10(mol/L),train,,-4.809999942779541,-6.899504357768665,-8.691156768707078,-5.107851946830252,scaffold,2026,hybrid_concat,edge_gnn,rdkit,concat,721e3c494613d3aa378fb20e47d69b51245b538e
esol,cd059d986249006a,CCCCCCCO,aqueous_solubility,log10(mol/L),train,,-1.809999942779541,-4.6652303113117775,-6.4568827222501906,-2.873577900373364,scaffold,2026,hybrid_concat,edge_gnn,rdkit,concat,721e3c494613d3aa378fb20e47d69b51245b538e
esol,858786129af166f6,CCCCCCCl,aqueous_solubility,log10(mol/L),train,,-3.119999885559082,-3.407860777366304,-5.199513188304717,-1.6162083664278906,scaffold,2026,hybrid_concat,edge_gnn,rdkit,concat,721e3c494613d3aa378fb20e47d69b51245b538e
esol,bff524d4cee6dd13,CCCCCCO,aqueous_solubility,log10(mol/L),train,,-1.2400000095367432,-2.034173771389589,-3.8258261823280026,-0.24252136045117556,scaffold,2026,hybrid_concat,edge_gnn,rdkit,concat,721e3c494613d3aa378fb20e47d69b51245b538e
esol,f99f09834a2307b7,CCCCCCOC(=O)c1ccccc1C(=O)OCCCCCC,aqueous_solubility,log10(mol/L),train,c1ccccc1,-6.144000053405762,-0.008229717371868617,-1.7998821283102822,1.783422693566545,scaffold,2026,hybrid_concat,edge_gnn,rdkit,concat,721e3c494613d3aa378fb20e47d69b51245b538e
esol,33da9a9e495cd260,CCCCCCc1ccc(O)cc1O,aqueous_solubility,log10(mol/L),train,c1ccccc1,-2.5899999141693115,-2.8423482414614227,-4.634000652399836,-1.0506958305230092,scaffold,2026,hybrid_concat,edge_gnn,rdkit,concat,721e3c494613d3aa378fb20e47d69b51245b538e
esol,4054ea097cbe803b,CCCCCCc1ccccc1,aqueous_solubility,log10(mol/L),train,c1ccccc1,-5.210000038146973,-4.751270183114759,-6.542922594053172,-2.9596177721763453,scaffold,2026,hybrid_concat,edge_gnn,rdkit,concat,721e3c494613d3aa378fb20e47d69b51245b538e
esol,3b56245e57457ea4,CCCCCCl,aqueous_solubility,log10(mol/L),train,,-2.7300000190734863,-1.8330790426255936,-3.6247314535640074,-0.04142663168718008,scaffold,2026,hybrid_concat,edge_gnn,rdkit,concat,721e3c494613d3aa378fb20e47d69b51245b538e
esol,a58a553e8e375de7,CCCCCO,aqueous_solubility,log10(mol/L),train,,-0.6000000238418579,-1.388493545755712,-3.1801459566941253,0.4031588651827016,scaffold,2026,hybrid_concat,edge_gnn,rdkit,concat,721e3c494613d3aa378fb20e47d69b51245b538e
esol,2406a09c97f56f54,CCCCCOC(=O)CC,aqueous_solubility,log10(mol/L),train,,-1.2799999713897705,-2.3887707510069345,-4.180423161945348,-0.5971183400685209,scaffold,2026,hybrid_concat,edge_gnn,rdkit,concat,721e3c494613d3aa378fb20e47d69b51245b538e
esol,67e3ba13863eb8fe,CCCCCOC(C)=O,aqueous_solubility,log10(mol/L),train,,-1.8899999856948853,-0.9264871165578841,-2.7181395274962976,0.8651652943805295,scaffold,2026,hybrid_concat,edge_gnn,rdkit,concat,721e3c494613d3aa378fb20e47d69b51245b538e
esol,412c3e94bc5f3484,CCCCCc1ccccc1,aqueous_solubility,log10(mol/L),train,c1ccccc1,-4.639999866485596,-5.867947247733884,-7.659599658672297,-4.076294836795471,scaffold,2026,hybrid_concat,edge_gnn,rdkit,concat,721e3c494613d3aa378fb20e47d69b51245b538e
esol,4b17450fdb820e4a,CCCCCl,aqueous_solubility,log10(mol/L),train,,-2.0299999713897705,0.5875993263827204,-1.2040530845556932,2.379251737321134,scaffold,2026,hybrid_concat,edge_gnn,rdkit,concat,721e3c494613d3aa378fb20e47d69b51245b538e
esol,83588fb58bfe7ab9,CCCCI,aqueous_solubility,log10(mol/L),train,,-2.9600000381469727,-7.979440315958648,-9.771092726897061,-6.187787905020235,scaffold,2026,hybrid_concat,edge_gnn,rdkit,concat,721e3c494613d3aa378fb20e47d69b51245b538e
esol,6a5cef6cac9b1660,CCCCN(C)C(=O)Nc1ccc(Cl)c(Cl)c1,aqueous_solubility,log10(mol/L),train,c1ccccc1,-4.769999980926514,-3.0367094415457285,-4.828361852484142,-1.245057030607315,scaffold,2026,hybrid_concat,edge_gnn,rdkit,concat,721e3c494613d3aa378fb20e47d69b51245b538e
esol,6f272ede992bb6a7,CCCCN(CC)C(=O)SCCC,aqueous_solubility,log10(mol/L),train,,-3.5299999713897705,-5.094489552223179,-6.886141963161592,-3.302837141284765,scaffold,2026,hybrid_concat,edge_gnn,rdkit,concat,721e3c494613d3aa378fb20e47d69b51245b538e
esol,b9d61b06f115b6ac,CCCCN(CC)c1c([N+](=O)[O-])cc(C(F)(F)F)cc1[N+](=O)[O-],aqueous_solubility,log10(mol/L),train,c1ccccc1,-5.53000020980835,-3.882032442402178,-5.673684853340592,-2.0903800314637646,scaffold,2026,hybrid_concat,edge_gnn,rdkit,concat,721e3c494613d3aa378fb20e47d69b51245b538e
esol,a86b989f93448443,CCCCNC(=O)n1c(NC(=O)OC)nc2ccccc21,aqueous_solubility,log10(mol/L),calibration,c1ccc2[nH]cnc2c1,-4.882999897003174,-3.0913474860647603,-4.882999897003174,-1.2996950751263467,scaffold,2026,hybrid_concat,edge_gnn,rdkit,concat,721e3c494613d3aa378fb20e47d69b51245b538e
esol,29d728fa528693ff,CCCCO,aqueous_solubility,log10(mol/L),train,,0.0,-4.274578188744819,-6.066230599683232,-2.4829257778064053,scaffold,2026,hybrid_concat,edge_gnn,rdkit,concat,721e3c494613d3aa378fb20e47d69b51245b538e
esol,4220bcb6b0bad406,CCCCOC,aqueous_solubility,log10(mol/L),train,,-0.9900000095367432,-1.1405050924699556,-2.9321575034083693,0.651147318468458,scaffold,2026,hybrid_concat,edge_gnn,rdkit,concat,721e3c494613d3aa378fb20e47d69b51245b538e
esol,0341b123b22addd6,CCCCOC(=O)CCCCCCCCC(=O)OCCCC,aqueous_solubility,log10(mol/L),train,,-3.8959999084472656,-2.160517934695643,-3.9521703456340567,-0.3688655237572296,scaffold,2026,hybrid_concat,edge_gnn,rdkit,concat,721e3c494613d3aa378fb20e47d69b51245b538e
esol,47e93f994dd9b389,CCCCOC(=O)c1ccc(N)cc1,aqueous_solubility,log10(mol/L),train,c1ccccc1,-3.0820000171661377,-1.8465942713258139,-3.6382466822642274,-0.05494186038740034,scaffold,2026,hybrid_concat,edge_gnn,rdkit,concat,721e3c494613d3aa378fb20e47d69b51245b538e
esol,d36555332cfcbf7b,CCCCOC(=O)c1ccccc1C(=O)OCCCC,aqueous_solubility,log10(mol/L),train,c1ccccc1,-4.400000095367432,-2.1843114094766305,-3.975963820415044,-0.39265899853821695,scaffold,2026,hybrid_concat,edge_gnn,rdkit,concat,721e3c494613d3aa378fb20e47d69b51245b538e
esol,48a64d2e2412d85f,CCCCOC=O,aqueous_solubility,log10(mol/L),train,,-1.3700000047683716,-1.562082498665536,-3.3537349096039497,0.2295699122728776,scaffold,2026,hybrid_concat,edge_gnn,rdkit,concat,721e3c494613d3aa378fb20e47d69b51245b538e
esol,8af231a36c0747d7,CCCCOCCCC,aqueous_solubility,log10(mol/L),train,,-1.850000023841858,-5.723874775913849,-7.515527186852262,-3.9322223649754355,scaffold,2026,hybrid_concat,edge_gnn,rdkit,concat,721e3c494613d3aa378fb20e47d69b51245b538e
esol,f017fe662abba75e,CCCCOCCO,aqueous_solubility,log10(mol/L),train,,-0.41999998688697815,-2.9598032758218342,-4.751455686760248,-1.1681508648834207,scaffold,2026,hybrid_concat,edge_gnn,rdkit,concat,721e3c494613d3aa378fb20e47d69b51245b538e
esol,55b2c8230f6c76ce,CCCCOCN(C(=O)CCl)c1c(CC)cccc1CC,aqueous_solubility,log10(mol/L),train,c1ccccc1,-4.190000057220459,-5.010867212351972,-6.802519623290385,-3.219214801413558,scaffold,2026,hybrid_concat,edge_gnn,rdkit,concat,721e3c494613d3aa378fb20e47d69b51245b538e
esol,b1ca0f86c249367e,CCCCOc1ccc(C(=O)OCC)c(N(CC)CC)c1,aqueous_solubility,log10(mol/L),train,c1ccccc1,-3.8399999141693115,-5.737769637811366,-7.52942204874978,-3.946117226872952,scaffold,2026,hybrid_concat,edge_gnn,rdkit,concat,721e3c494613d3aa378fb20e47d69b51245b538e
esol,3f27633474c9331c,CCCCS,aqueous_solubility,log10(mol/L),train,,-2.180000066757202,-2.153379432063674,-3.9450318430020874,-0.36172702112526034,scaffold,2026,hybrid_concat,edge_gnn,rdkit,concat,721e3c494613d3aa378fb20e47d69b51245b538e
esol,a6b160de7573685d,CCCCSP(=O)(SCCCC)SCCCC,aqueous_solubility,log10(mol/L),train,,-5.139999866485596,-4.324131556987123,-6.115783967925536,-2.532479146048709,scaffold,2026,hybrid_concat,edge_gnn,rdkit,concat,721e3c494613d3aa378fb20e47d69b51245b538e
esol,5e1f927897c55829,CCCCc1c(C)nc(N(C)C)nc1O,aqueous_solubility,log10(mol/L),test,c1cncnc1,-2.240000009536743,-2.6215241810287426,-4.413176591967156,-0.8298717700903291,scaffold,2026,hybrid_concat,edge_gnn,rdkit,concat,721e3c494613d3aa378fb20e47d69b51245b538e
esol,b67ef6c2163c44a1,CCCCc1c(C)nc(NCC)[nH]c1=O,aqueous_solubility,log10(mol/L),test,O=c1ccnc[nH]1,-3.0280001163482666,-2.3917765291201314,-4.183428940058545,-0.6001241181817178,scaffold,2026,hybrid_concat,edge_gnn,rdkit,concat,721e3c494613d3aa378fb20e47d69b51245b538e
esol,d3bdeb5ae2ce2d98,CCCCc1c(C)nc(NCC)nc1OS(=O)(=O)N(C)C,aqueous_solubility,log10(mol/L),test,c1cncnc1,-4.159999847412109,-3.7862384119723167,-5.57789082291073,-1.9945860010339032,scaffold,2026,hybrid_concat,edge_gnn,rdkit,concat,721e3c494613d3aa378fb20e47d69b51245b538e
esol,da48ee1b0addb712,CCCCc1ccccc1,aqueous_solubility,log10(mol/L),train,c1ccccc1,-4.059999942779541,-4.165375312972922,-5.957027723911336,-2.3737229020345088,scaffold,2026,hybrid_concat,edge_gnn,rdkit,concat,721e3c494613d3aa378fb20e47d69b51245b538e
esol,fe77a1079a4db71d,CCCCl,aqueous_solubility,log10(mol/L),train,,-1.4700000286102295,-4.028147833294944,-5.819800244233358,-2.2364954223565303,scaffold,2026,hybrid_concat,edge_gnn,rdkit,concat,721e3c494613d3aa378fb20e47d69b51245b538e
esol,41afd5c9dc6469db,CCCI,aqueous_solubility,log10(mol/L),train,,-2.2899999618530273,-2.1457763090797237,-3.9374287200181373,-0.3541238981413102,scaffold,2026,hybrid_concat,edge_gnn,rdkit,concat,721e3c494613d3aa378fb20e47d69b51245b538e
esol,ae1ed14bd61bab1f,CCCN(CCC)c1c([N+](=O)[O-])cc(C(C)C)cc1[N+](=O)[O-],aqueous_solubility,log10(mol/L),train,c1ccccc1,-6.489999771118164,-4.058313850528973,-5.849966261467387,-2.266661439590559,scaffold,2026,hybrid_concat,edge_gnn,rdkit,concat,721e3c494613d3aa378fb20e47d69b51245b538e
esol,d9aea1b45f7377ec,CCCN(CCC)c1c([N+](=O)[O-])cc(C(F)(F)F)cc1[N+](=O)[O-],aqueous_solubility,log10(mol/L),train,c1ccccc1,-5.679999828338623,-1.2225280960125016,-3.014180506950915,0.569124314925912,scaffold,2026,hybrid_concat,edge_gnn,rdkit,concat,721e3c494613d3aa378fb20e47d69b51245b538e
esol,b7e1fd1651859456,CCCN(CCC)c1c([N+](=O)[O-])cc(S(N)(=O)=O)cc1[N+](=O)[O-],aqueous_solubility,log10(mol/L),train,c1ccccc1,-5.159999847412109,-1.2252217465481037,-3.016874157486517,0.5664306643903099,scaffold,2026,hybrid_concat,edge_gnn,rdkit,concat,721e3c494613d3aa378fb20e47d69b51245b538e
esol,86e90d5049758778,CCCO,aqueous_solubility,log10(mol/L),train,,0.6200000047683716,-4.80523439663837,-6.596886807576784,-3.013581985699956,scaffold,2026,hybrid_concat,edge_gnn,rdkit,concat,721e3c494613d3aa378fb20e47d69b51245b538e
esol,49ec4719ff98e140,CCCOC,aqueous_solubility,log10(mol/L),train,,-0.38999998569488525,-4.705163635677631,-6.496816046616045,-2.9135112247392176,scaffold,2026,hybrid_concat,edge_gnn,rdkit,concat,721e3c494613d3aa378fb20e47d69b51245b538e
esol,96ea40966d8e8384,CCCOC(=O)CC,aqueous_solubility,log10(mol/L),train,,-0.8199999928474426,-1.9021535180310118,-3.693805928969425,-0.1105011070925983,scaffold,2026,hybrid_concat,edge_gnn,rdkit,concat,721e3c494613d3aa378fb20e47d69b51245b538e
esol,a78b4649b8e0c24b,CCCOC(=O)CCC,aqueous_solubility,log10(mol/L),train,,-1.75,-1.9487430937270425,-3.740395504665456,-0.15709068278862892,scaffold,2026,hybrid_concat,edge_gnn,rdkit,concat,721e3c494613d3aa378fb20e47d69b51245b538e
esol,aabeb9ef9b6c73ef,CCCOC(=O)c1ccc(N)cc1,aqueous_solubility,log10(mol/L),train,c1ccccc1,-2.4519999027252197,-1.6487913903064477,-3.4404438012448613,0.14286102063196582,scaffold,2026,hybrid_concat,edge_gnn,rdkit,concat,721e3c494613d3aa378fb20e47d69b51245b538e
esol,f6c176b746f92d7b,CCCOC(C)=O,aqueous_solubility,log10(mol/L),train,,-0.7200000286102295,-1.420319143377418,-3.2119715543158316,0.3713332675609955,scaffold,2026,hybrid_concat,edge_gnn,rdkit,concat,721e3c494613d3aa378fb20e47d69b51245b538e
esol,5c8041e0824c9e19,CCCOC(C)C,aqueous_solubility,log10(mol/L),train,,-1.340000033378601,-2.6639603233107136,-4.455612734249128,-0.8723079123723001,scaffold,2026,hybrid_concat,edge_gnn,rdkit,concat,721e3c494613d3aa378fb20e47d69b51245b538e
esol,c58c406c10bab020,CCCOC=O,aqueous_solubility,log10(mol/L),train,,-0.49000000953674316,-1.5159577823852124,-3.307610193323626,0.27569462855320115,scaffold,2026,hybrid_concat,edge_gnn,rdkit,concat,721e3c494613d3aa378fb20e47d69b51245b538e
esol,54f4ecd667159550,CCCOCC,aqueous_solubility,log10(mol/L),train,,-0.6600000262260437,-2.168232999269413,-3.9598854102078267,-0.3765805883309996,scaffold,2026,hybrid_concat,edge_gnn,rdkit,concat,721e3c494613d3aa378fb20e47d69b51245b538e
esol,7befdae981b64317,CCCOCCC,aqueous_solubility,log10(mol/L),train,,-1.6200000047683716,-2.3104668917367364,-4.10211930267515,-0.5188144807983228,scaffold,2026,hybrid_concat,edge_gnn,rdkit,concat,721e3c494613d3aa378fb20e47d69b51245b538e
esol,87aef906202e1ace,CCCOP(=S)(OCCC)SCC(=O)N1CCCCC1C,aqueous_solubility,log10(mol/L),train,C1CCNCC1,-4.150000095367432,-2.8908421614471105,-4.682494572385524,-1.099189750508697,scaffold,2026,hybrid_concat,edge_gnn,rdkit,concat,721e3c494613d3aa378fb20e47d69b51245b538e
esol,d1d0163cab01efb4,CCCSCCC,aqueous_solubility,log10(mol/L),train,,-2.5799999237060547,-2.76065953118634,-4.552311942124754,-0.9690071202479267,scaffold,2026,hybrid_concat,edge_gnn,rdkit,concat,721e3c494613d3aa378fb20e47d69b51245b538e
esol,312bea6178167aac,CCC[N+](=O)[O-],aqueous_solubility,log10(mol/L),train,,-0.800000011920929,-3.573118359416067,-5.364770770354481,-1.7814659484776536,scaffold,2026,hybrid_concat,edge_gnn,rdkit,concat,721e3c494613d3aa378fb20e47d69b51245b538e
esol,d53a48903a4a1467,CCCc1ccccc1,aqueous_solubility,log10(mol/L),train,c1ccccc1,-3.369999885559082,-5.159901212746748,-6.951553623685161,-3.3682488018083343,scaffold,2026,hybrid_concat,edge_gnn,rdkit,concat,721e3c494613d3aa378fb20e47d69b51245b538e
esol,301376a68f01135a,CCCl,aqueous_solubility,log10(mol/L),train,,-1.059999942779541,-1.2806581144980054,-3.0723105254364187,0.5109942964404082,scaffold,2026,hybrid_concat,edge_gnn,rdkit,concat,721e3c494613d3aa378fb20e47d69b51245b538e
esol,9753008d844f22ea,CCI,aqueous_solubility,log10(mol/L),train,,-1.600000023841858,-0.8352981706869138,-2.6269505816253274,0.9563542402514997,scaffold,2026,hybrid_concat,edge_gnn,rdkit,concat,721e3c494613d3aa378fb20e47d69b51245b538e
esol,085c1fa9c2a1c504,CCN(CC)C(=O)C(C)Oc1cccc2ccccc12,aqueous_solubility,log10(mol/L),train,c1ccc2ccccc2c1,-3.569999933242798,-3.5699147859523586,-5.361567196890772,-1.778262375013945,scaffold,2026,hybrid_concat,edge_gnn,rdkit,concat,721e3c494613d3aa378fb20e47d69b51245b538e
esol,812e34c85846a730,CCN(CC)C(=O)C(Cl)=CCOP(=O)(OC)OC,aqueous_solubility,log10(mol/L),train,,0.5230000019073486,-1.3874325809385828,-3.179084991876996,0.40421982999983075,scaffold,2026,hybrid_concat,edge_gnn,rdkit,concat,721e3c494613d3aa378fb20e47d69b51245b538e
esol,9723f4b3ba082caa,CCN(CC)C(=O)CSc1ccc(Cl)nn1,aqueous_solubility,log10(mol/L),validation,c1ccnnc1,-1.715999960899353,-2.5858938842036547,-4.377546295142068,-0.7942414732652412,scaffold,2026,hybrid_concat,edge_gnn,rdkit,concat,721e3c494613d3aa378fb20e47d69b51245b538e
esol,ee2ebbdca22199a1,CCN(CC)C(=S)SSC(=S)N(CC)CC,aqueous_solubility,log10(mol/L),train,,-4.860000133514404,-6.228776409513992,-8.020428820452405,-4.437123998575579,scaffold,2026,hybrid_concat,edge_gnn,rdkit,concat,721e3c494613d3aa378fb20e47d69b51245b538e
esol,3878652960419c3c,CCN(CC)c1c([N+](=O)[O-])cc(C(F)(F)F)c(N)c1[N+](=O)[O-],aqueous_solubility,log10(mol/L),train,c1ccccc1,-5.46999979019165,-6.086886828578411,-7.878539239516824,-4.295234417639998,scaffold,2026,hybrid_concat,edge_gnn,rdkit,concat,721e3c494613d3aa378fb20e47d69b51245b538e
esol,3b5a9da1c47e3e46,CCN(CC)c1ccccc1,aqueous_solubility,log10(mol/L),train,c1ccccc1,-3.0299999713897705,-2.5974031590598172,-4.389055569998231,-0.8057507481214037,scaffold,2026,hybrid_concat,edge_gnn,rdkit,concat,721e3c494613d3aa378fb20e47d69b51245b538e
esol,cf6de63eb5d8eb0b,CCN(CC)c1nc(Cl)nc(N(CC)CC)n1,aqueous_solubility,log10(mol/L),train,c1ncncn1,-4.410999774932861,-1.2157721551084752,-3.007424566046889,0.5758802558299383,scaffold,2026,hybrid_concat,edge_gnn,rdkit,concat,721e3c494613d3aa378fb20e47d69b51245b538e
esol,d9740040550600bf,CCN(CC)c1nc(Cl)nc(NC(C)C)n1,aqueous_solubility,log10(mol/L),train,c1ncncn1,-3.7850000858306885,-4.406171294990506,-6.19782370592892,-2.6145188840520928,scaffold,2026,hybrid_concat,edge_gnn,rdkit,concat,721e3c494613d3aa378fb20e47d69b51245b538e
esol,adbb55de69618842,CCN(Cc1c(F)cccc1Cl)c1c([N+](=O)[O-])cc(C(F)(F)F)cc1[N+](=O)[O-],aqueous_solubility,log10(mol/L),validation,c1ccc(CNc2ccccc2)cc1,-6.78000020980835,-6.772042033648975,-8.563694444587389,-4.980389622710561,scaffold,2026,hybrid_concat,edge_gnn,rdkit,concat,721e3c494613d3aa378fb20e47d69b51245b538e
esol,75220b947a56ab9a,CCN1C(=O)c2ccccc2Oc2ccccc21,aqueous_solubility,log10(mol/L),train,O=C1Nc2ccccc2Oc2ccccc21,-3.680000066757202,-0.31354708659644137,-2.105199497534855,1.4781053243419722,scaffold,2026,hybrid_concat,edge_gnn,rdkit,concat,721e3c494613d3aa378fb20e47d69b51245b538e
esol,1c51d8c0da01f993,CCN1C(=O)c2cccnc2N(CC)c2ncccc21,aqueous_solubility,log10(mol/L),validation,O=C1Nc2cccnc2Nc2ncccc21,-2.859999895095825,-3.5629601830918123,-5.354612594030225,-1.7713077721533987,scaffold,2026,hybrid_concat,edge_gnn,rdkit,concat,721e3c494613d3aa378fb20e47d69b51245b538e
esol,fc65bd185c530d51,CCN1c2cc(Cl)ccc2NC(=O)c2cccnc21,aqueous_solubility,log10(mol/L),calibration,O=C1Nc2ccccc2Nc2ncccc21,-5.360000133514404,-3.615097292321571,-5.406749703259985,-1.8234448813831574,scaffold,2026,hybrid_concat,edge_gnn,rdkit,concat,721e3c494613d3aa378fb20e47d69b51245b538e
esol,8ac4183ca5517018,CCN1c2cc(N(C)C)cc(C)c2NC(=O)c2cccnc21,aqueous_solubility,log10(mol/L),calibration,O=C1Nc2ccccc2Nc2ncccc21,-4.870999813079834,-3.4537196547830296,-5.245372065721443,-1.662067243844616,scaffold,2026,hybrid_concat,edge_gnn,rdkit,concat,721e3c494613d3aa378fb20e47d69b51245b538e
esol,b3cc642ed25cfae4,CCN1c2cc(OC)cc(C)c2NC(=O)c2cccnc21,aqueous_solubility,log10(mol/L),calibration,O=C1Nc2ccccc2Nc2ncccc21,-5.1529998779296875,-3.258776185110459,-5.050428596048873,-1.4671237741720455,scaffold,2026,hybrid_concat,edge_gnn,rdkit,concat,721e3c494613d3aa378fb20e47d69b51245b538e
esol,04d6cee51b3fdde7,CCN1c2ccccc2C(=O)N(C)c2ccccc21,aqueous_solubility,log10(mol/L),validation,O=C1Nc2ccccc2Nc2ccccc21,-4.749000072479248,-3.2653429668410845,-5.056995377779498,-1.473690555902671,scaffold,2026,hybrid_concat,edge_gnn,rdkit,concat,721e3c494613d3aa378fb20e47d69b51245b538e
esol,b5a56231be537631,CCN1c2ccccc2N(C)C(=O)c2cccnc21,aqueous_solubility,log10(mol/L),calibration,O=C1Nc2ccccc2Nc2ncccc21,-3.3239998817443848,-3.289649591910483,-5.081302002848897,-1.4979971809720696,scaffold,2026,hybrid_concat,edge_gnn,rdkit,concat,721e3c494613d3aa378fb20e47d69b51245b538e
esol,b188836e606e176d,CCN1c2ccccc2N(C)C(=S)c2cccnc21,aqueous_solubility,log10(mol/L),train,S=C1Nc2ccccc2Nc2ncccc21,-4.705999851226807,-4.484897490216103,-6.276549901154517,-2.69324507927769,scaffold,2026,hybrid_concat,edge_gnn,rdkit,concat,721e3c494613d3aa378fb20e47d69b51245b538e
esol,71aa580a3add68e5,CCN1c2nc(N(C)CCO)ccc2NC(=O)c2cccnc21,aqueous_solubility,log10(mol/L),validation,O=C1Nc2cccnc2Nc2ncccc21,-3.359999895095825,-3.3429466383400412,-5.134599049278455,-1.5512942274016277,scaffold,2026,hybrid_concat,edge_gnn,rdkit,concat,721e3c494613d3aa378fb20e47d69b51245b538e
esol,1e83595b274fb26c,CCN1c2ncccc2C(=O)N(C)c2ccc(Cl)nc21,aqueous_solubility,log10(mol/L),validation,O=C1Nc2cccnc2Nc2ncccc21,-4.113999843597412,-3.6965151658070288,-5.488167576745442,-1.9048627548686152,scaffold,2026,hybrid_concat,edge_gnn,rdkit,concat,721e3c494613d3aa378fb20e47d69b51245b538e
esol,8231b556c9fd8e9a,CCN1c2ncccc2C(=O)N(C)c2cccnc21,aqueous_solubility,log10(mol/L),validation,O=C1Nc2cccnc2Nc2ncccc21,-2.619999885559082,-3.434086665796026,-5.22573907673444,-1.6424342548576125,scaffold,2026,hybrid_concat,edge_gnn,rdkit,concat,721e3c494613d3aa378fb20e47d69b51245b538e
esol,c60ea928a142a52f,CCN1c2ncccc2C(=O)Nc2c(C(F)(F)F)cc(C)nc21,aqueous_solubility,log10(mol/L),validation,O=C1Nc2cccnc2Nc2ncccc21,-4.206999778747559,-3.9612422635459934,-5.752894674484407,-2.16958985260758,scaffold,2026,hybrid_concat,edge_gnn,rdkit,concat,721e3c494613d3aa378fb20e47d69b51245b538e
esol,5b312c3afed2bcc2,CCN1c2ncccc2C(=O)Nc2c(C)cc(C)nc21,aqueous_solubility,log10(mol/L),validation,O=C1Nc2cccnc2Nc2ncccc21,-4.553999900817871,-3.5422669464788585,-5.3339193574172725,-1.750614535540445,scaffold,2026,hybrid_concat,edge_gnn,rdkit,concat,721e3c494613d3aa378fb20e47d69b51245b538e
esol,1c4d269698bfb9cd,CCN1c2ncccc2C(=S)N(C)c2cccnc21,aqueous_solubility,log10(mol/L),calibration,S=C1Nc2cccnc2Nc2ncccc21,-4.633999824523926,-4.025477611004515,-5.817130021942928,-2.2338252000661014,scaffold,2026,hybrid_concat,edge_gnn,rdkit,concat,721e3c494613d3aa378fb20e47d69b51245b538e
esol,4c1fea9019ded5ce,CCNC(=O)C(C)OC(=O)Nc1ccccc1,aqueous_solubility,log10(mol/L),train,c1ccccc1,-1.8300000429153442,-2.415020246979625,-4.2066726579180385,-0.6233678360412114,scaffold,2026,hybrid_concat,edge_gnn,rdkit,concat,721e3c494613d3aa378fb20e47d69b51245b538e
esol,36ea9a2e0669021e,CCNC(=S)NCC,aqueous_solubility,log10(mol/L),train,,-1.4600000381469727,-3.3948233175230085,-5.1864757284614225,-1.603170906584595,scaffold,2026,hybrid_concat,edge_gnn,rdkit,concat,721e3c494613d3aa378fb20e47d69b51245b538e
esol,f174e48b167c2837,CCNP(=S)(OC)OC(C)=CC(=O)OC(C)C,aqueous_solubility,log10(mol/L),train,,-3.4079999923706055,-6.8961923689050995,-8.687844779843513,-5.104539957966686,scaffold,2026,hybrid_concat,edge_gnn,rdkit,concat,721e3c494613d3aa378fb20e47d69b51245b538e
esol,0cb820324a34d951,CCNc1ccccc1,aqueous_solubility,log10(mol/L),train,c1ccccc1,-1.7000000476837158,-1.824045780665242,-3.6156981916036557,-0.03239336972682838,scaffold,2026,hybrid_concat,edge_gnn,rdkit,concat,721e3c494613d3aa378fb20e47d69b51245b538e
esol,78e4bc5caa3b64a1,CCNc1nc(Cl)nc(N(CC)CC)n1,aqueous_solubility,log10(mol/L),train,c1ncncn1,-4.059999942779541,-2.3190144359712654,-4.1106668469096785,-0.5273620250328519,scaffold,2026,hybrid_concat,edge_gnn,rdkit,concat,721e3c494613d3aa378fb20e47d69b51245b538e
esol,25862c96dd4e6018,CCNc1nc(Cl)nc(NC(C)(C)C#N)n1,aqueous_solubility,log10(mol/L),train,c1ncncn1,-3.1500000953674316,-2.2133917785637944,-4.0050441895022075,-0.4217393676253809,scaffold,2026,hybrid_concat,edge_gnn,rdkit,concat,721e3c494613d3aa378fb20e47d69b51245b538e
esol,c35dee1f5a7c37bc,CCNc1nc(Cl)nc(NC(C)C)n1,aqueous_solubility,log10(mol/L),train,c1ncncn1,-3.8499999046325684,-4.46698838975914,-6.258640800697554,-2.6753359788207267,scaffold,2026,hybrid_concat,edge_gnn,rdkit,concat,721e3c494613d3aa378fb20e47d69b51245b538e
esol,9f2e4276303326ba,CCNc1nc(Cl)nc(NCC)n1,aqueous_solubility,log10(mol/L),train,c1ncncn1,-4.550000190734863,-2.4251830551635756,-4.216835466101989,-0.633530644225162,scaffold,2026,hybrid_concat,edge_gnn,rdkit,concat,721e3c494613d3aa378fb20e47d69b51245b538e
esol,6d5b8a3ff54e0b4d,CCNc1nc(NC(C)(C)C)nc(OC)n1,aqueous_solubility,log10(mol/L),train,c1ncncn1,-3.239000082015991,0.5313854036631671,-1.2602670072752464,2.3230378146015807,scaffold,2026,hybrid_concat,edge_gnn,rdkit,concat,721e3c494613d3aa378fb20e47d69b51245b538e
esol,857aac146f7605e1,CCNc1nc(NC(C)(C)C)nc(SC)n1,aqueous_solubility,log10(mol/L),train,c1ncncn1,-4.0,-2.9897604559494946,-4.781412866887909,-1.198108045011081,scaffold,2026,hybrid_concat,edge_gnn,rdkit,concat,721e3c494613d3aa378fb20e47d69b51245b538e
esol,6d1d1bb9e6f1635d,CCNc1nc(NC(C)C)nc(OC)n1,aqueous_solubility,log10(mol/L),train,c1ncncn1,-2.0840001106262207,-0.8328468112378733,-2.624499222176287,0.9588055997005402,scaffold,2026,hybrid_concat,edge_gnn,rdkit,concat,721e3c494613d3aa378fb20e47d69b51245b538e
esol,a9802b80d3391f2c,CCNc1nc(NC(C)C)nc(SC)n1,aqueous_solubility,log10(mol/L),train,c1ncncn1,-3.0399999618530273,-4.811907143365659,-6.603559554304072,-3.020254732427245,scaffold,2026,hybrid_concat,edge_gnn,rdkit,concat,721e3c494613d3aa378fb20e47d69b51245b538e
esol,1f86e6cfdba212b8,CCO,aqueous_solubility,log10(mol/L),train,,1.100000023841858,0.0009527203536676687,-1.7906996905847459,1.7926051312920812,scaffold,2026,hybrid_concat,edge_gnn,rdkit,concat,721e3c494613d3aa378fb20e47d69b51245b538e
esol,e1acff73cd96c0da,CCOC(=O)C=Cc1ccccc1,aqueous_solubility,log10(mol/L),train,c1ccccc1,-3.0,-1.562215657161061,-3.353868068099475,0.2294367537773525,scaffold,2026,hybrid_concat,edge_gnn,rdkit,concat,721e3c494613d3aa378fb20e47d69b51245b538e
esol,43f901d90deba605,CCOC(=O)CC,aqueous_solubility,log10(mol/L),train,,-0.6600000262260437,-3.134482321969683,-4.926134732908096,-1.3428299110312696,scaffold,2026,hybrid_concat,edge_gnn,rdkit,concat,721e3c494613d3aa378fb20e47d69b51245b538e
esol,1dba850e06249e9b,CCOC(=O)CC(=O)OCC,aqueous_solubility,log10(mol/L),train,,-0.8199999928474426,-2.4421869408210664,-4.23383935175948,-0.6505345298826528,scaffold,2026,hybrid_concat,edge_gnn,rdkit,concat,721e3c494613d3aa378fb20e47d69b51245b538e
esol,ec3c35c717f3d59a,CCOC(=O)CC(SP(=S)(OC)OC)C(=O)OCC,aqueous_solubility,log10(mol/L),train,,-3.369999885559082,-4.576336377212876,-6.367988788151289,-2.784683966274462,scaffold,2026,hybrid_concat,edge_gnn,rdkit,concat,721e3c494613d3aa378fb20e47d69b51245b538e
esol,2421d1979260abb6,CCOC(=O)CCN(SN(C)C(=O)Oc1cccc2c1OC(C)(C)C2)C(C)C,aqueous_solubility,log10(mol/L),test,c1ccc2c(c1)CCO2,-4.710000038146973,-4.598275733498944,-6.3899281444373575,-2.806623322560531,scaffold,2026,hybrid_concat,edge_gnn,rdkit,concat,721e3c494613d3aa378fb20e47d69b51245b538e
esol,9934a7cdf9d838a1,CCOC(=O)N(C)C(=O)CSP(=S)(OCC)OCC,aqueous_solubility,log10(mol/L),train,,-2.5179998874664307,-2.6959021656693123,-4.487554576607726,-0.9042497547308987,scaffold,2026,hybrid_concat,edge_gnn,rdkit,concat,721e3c494613d3aa378fb20e47d69b51245b538e
esol,017bd56618b9c3e0,CCOC(=O)NCCOc1ccc(Oc2ccccc2)cc1,aqueous_solubility,log10(mol/L),train,c1ccc(Oc2ccccc2)cc1,-4.699999809265137,-2.0569906708488164,-3.84864308178723,-0.26533825991040283,scaffold,2026,hybrid_concat,edge_gnn,rdkit,concat,721e3c494613d3aa378fb20e47d69b51245b538e
esol,e44fba8f66380aba,CCOC(=O)Nc1cccc(OC(=O)Nc2ccccc2)c1,aqueous_solubility,log10(mol/L),test,O=C(Nc1ccccc1)Oc1ccccc1,-4.631999969482422,-3.506103477778286,-5.297755888716699,-1.7144510668398723,scaffold,2026,hybrid_concat,edge_gnn,rdkit,concat,721e3c494613d3aa378fb20e47d69b51245b538e
esol,270eaa2f9b027f13,CCOC(=O)c1ccc(N)cc1,aqueous_solubility,log10(mol/L),train,c1ccccc1,-2.615999937057495,-4.629721936987081,-6.421374347925495,-2.8380695260486672,scaffold,2026,hybrid_concat,edge_gnn,rdkit,concat,721e3c494613d3aa378fb20e47d69b51245b538e
esol,f9b586256095118b,CCOC(=O)c1ccc(O)cc1,aqueous_solubility,log10(mol/L),train,c1ccccc1,-2.3499999046325684,-1.3090864970377345,-3.1007389079761483,0.48256591390067904,scaffold,2026,hybrid_concat,edge_gnn,rdkit,concat,721e3c494613d3aa378fb20e47d69b51245b538e
esol,37b5741bf69cd1f0,CCOC(=O)c1ccccc1,aqueous_solubility,log10(mol/L),train,c1ccccc1,-2.319999933242798,-2.5148699337595066,-4.30652234469792,-0.7232175228210931,scaffold,2026,hybrid_concat,edge_gnn,rdkit,concat,721e3c494613d3aa378fb20e47d69b51245b538e
esol,03ecbb03238f0c7b,CCOC(=O)c1ccccc1C(=O)OCC,aqueous_solubility,log10(mol/L),train,c1ccccc1,-2.3499999046325684,-5.6110070532184295,-7.402659464156843,-3.819354642280016,scaffold,2026,hybrid_concat,edge_gnn,rdkit,concat,721e3c494613d3aa378fb20e47d69b51245b538e
esol,6e27c736fee1b47a,CCOC(=O)c1ccccc1S(=O)(=O)NN(C=O)c1nc(Cl)cc(OC)n1,aqueous_solubility,log10(mol/L),test,O=S(=O)(NNc1ncccn1)c1ccccc1,-4.576000213623047,-3.9614049464117116,-5.753057357350125,-2.169752535473298,scaffold,2026,hybrid_concat,edge_gnn,rdkit,concat,721e3c494613d3aa378fb20e47d69b51245b538e
esol,8561e62c87b0f110,CCOC(=O)c1cncn1C(C)c1ccccc1,aqueous_solubility,log10(mol/L),test,c1ccc(Cn2ccnc2)cc1,-4.735000133514404,-3.1652703531364677,-4.956922764074881,-1.373617942198054,scaffold,2026,hybrid_concat,edge_gnn,rdkit,concat,721e3c494613d3aa378fb20e47d69b51245b538e
esol,1c0c21773d52ccc9,CCOC(C)=O,aqueous_solubility,log10(mol/L),train,,-0.03999999910593033,-4.064321163374225,-5.855973574312639,-2.2726687524358113,scaffold,2026,hybrid_concat,edge_gnn,rdkit,concat,721e3c494613d3aa378fb20e47d69b51245b538e
esol,8601bd8ced19ca47,CCOC(C)OCC,aqueous_solubility,log10(mol/L),train,,-0.4300000071525574,-1.1165518633538967,-2.90820427429231,0.6751005475845169,scaffold,2026,hybrid_concat,edge_gnn,rdkit,concat,721e3c494613d3aa378fb20e47d69b51245b538e
esol,df86ba660a9b9e61,CCOC(N)=O,aqueous_solubility,log10(mol/L),train,,0.8500000238418579,0.8052477240417324,-0.9864046868966811,2.596900134980146,scaffold,2026,hybrid_concat,edge_gnn,rdkit,concat,721e3c494613d3aa378fb20e47d69b51245b538e
esol,c3e06651eb242a60,CCOC1Oc2ccc(OS(C)(=O)=O)cc2C1(C)C,aqueous_solubility,log10(mol/L),test,c1ccc2c(c1)CCO2,-3.4200000762939453,-3.054975105550404,-4.846627516488818,-1.2633226946119906,scaffold,2026,hybrid_concat,edge_gnn,rdkit,concat,721e3c494613d3aa378fb20e47d69b51245b538e
esol,b11a63b949b34974,CCOC=O,aqueous_solubility,log10(mol/L),train,,0.15000000596046448,0.17134395686107595,-1.6203084540773376,1.9629963677994895,scaffold,2026,hybrid_concat,edge_gnn,rdkit,concat,721e3c494613d3aa378fb20e47d69b51245b538e
esol,ebb35693489e2f40,CCOCC,aqueous_solubility,log10(mol/L),train,,-0.09000000357627869,-0.7710925866623111,-2.5627449976007246,1.0205598242761025,scaffold,2026,hybrid_concat,edge_gnn,rdkit,concat,721e3c494613d3aa378fb20e47d69b51245b538e
esol,05fa589720d43836,CCOCCOCC,aqueous_solubility,log10(mol/L),train,,-0.7699999809265137,-0.7236059243335009,-2.5152583352719144,1.0680464866049126,scaffold,2026,hybrid_concat,edge_gnn,rdkit,concat,721e3c494613d3aa378fb20e47d69b51245b538e
esol,481deb2db0ec848d,CCOP(=O)(OCC)OCC,aqueous_solubility,log10(mol/L),train,,0.4300000071525574,-1.1207546036614968,-2.9124070145999106,0.6708978072769167,scaffold,2026,hybrid_concat,edge_gnn,rdkit,concat,721e3c494613d3aa378fb20e47d69b51245b538e
esol,7f91652770ced25a,CCOP(=S)(CC)Oc1cc(Cl)c(Cl)cc1Cl,aqueous_solubility,log10(mol/L),train,c1ccccc1,-5.751999855041504,-1.9723952220798804,-3.764047633018294,-0.18074281114146684,scaffold,2026,hybrid_concat,edge_gnn,rdkit,concat,721e3c494613d3aa378fb20e47d69b51245b538e
esol,7c5b6332fcb13dbf,CCOP(=S)(NC(C)C)Oc1ccccc1C(=O)OC(C)C,aqueous_solubility,log10(mol/L),train,c1ccccc1,-4.193999767303467,-4.710746849472503,-6.502399260410916,-2.91909443853409,scaffold,2026,hybrid_concat,edge_gnn,rdkit,concat,721e3c494613d3aa378fb20e47d69b51245b538e
esol,537d47a9a7e6a6c9,CCOP(=S)(OCC)N1C(=O)c2ccccc2C1=O,aqueous_solubility,log10(mol/L),calibration,O=C1NC(=O)c2ccccc21,-3.3499999046325684,-3.977431659088126,-5.76908407002654,-2.1857792481497125,scaffold,2026,hybrid_concat,edge_gnn,rdkit,concat,721e3c494613d3aa378fb20e47d69b51245b538e
esol,a4d09552af3a116a,CCOP(=S)(OCC)ON=C(C#N)c1ccccc1,aqueous_solubility,log10(mol/L),train,c1ccccc1,-4.861999988555908,-2.2984892611578704,-4.0901416720962835,-0.5068368502194569,scaffold,2026,hybrid_concat,edge_gnn,rdkit,concat,721e3c494613d3aa378fb20e47d69b51245b538e
esol,a859beccae572be5,CCOP(=S)(OCC)Oc1cc(C)nc(C(C)C)n1,aqueous_solubility,log10(mol/L),test,c1cncnc1,-3.640000104904175,-4.08397674388336,-5.875629154821773,-2.2923243329449465,scaffold,2026,hybrid_concat,edge_gnn,rdkit,concat,721e3c494613d3aa378fb20e47d69b51245b538e
esol,2655a393a9271294,CCOP(=S)(OCC)Oc1ccc(S(C)=O)cc1,aqueous_solubility,log10(mol/L),train,c1ccccc1,-2.299999952316284,-2.2829268102378473,-4.074579221176261,-0.49127439929943373,scaffold,2026,hybrid_concat,edge_gnn,rdkit,concat,721e3c494613d3aa378fb20e47d69b51245b538e
esol,8025defab702547a,CCOP(=S)(OCC)Oc1ccc([N+](=O)[O-])cc1,aqueous_solubility,log10(mol/L),train,c1ccccc1,-4.659999847412109,-5.2307840857094385,-7.0224364966478525,-3.439131674771025,scaffold,2026,hybrid_concat,edge_gnn,rdkit,concat,721e3c494613d3aa378fb20e47d69b51245b538e
esol,edd5605813d6f216,CCOP(=S)(OCC)Oc1ccc2oc(=O)c(Cl)c(C)c2c1,aqueous_solubility,log10(mol/L),test,O=c1ccc2ccccc2o1,-5.381999969482422,-4.887034353724317,-6.67868676466273,-3.0953819427859037,scaffold,2026,hybrid_concat,edge_gnn,rdkit,concat,721e3c494613d3aa378fb20e47d69b51245b538e
esol,b577f5a2343d6332,CCOP(=S)(OCC)Oc1nc(Cl)c(Cl)cc1Cl,aqueous_solubility,log10(mol/L),validation,c1ccncc1,-5.670000076293945,-5.177652411612518,-6.9693048225509315,-3.386000000674105,scaffold,2026,hybrid_concat,edge_gnn,rdkit,concat,721e3c494613d3aa378fb20e47d69b51245b538e
esol,3f40312accc983dd,CCOP(=S)(OCC)Oc1nc(Cl)n(C(C)C)n1,aqueous_solubility,log10(mol/L),test,c1nc[nH]n1,-3.6579999923706055,-3.5763377110857086,-5.367990122024122,-1.784685300147295,scaffold,2026,hybrid_concat,edge_gnn,rdkit,concat,721e3c494613d3aa378fb20e47d69b51245b538e
esol,24384b764548a445,CCOP(=S)(OCC)SC(CCl)N1C(=O)c2ccccc2C1=O,aqueous_solubility,log10(mol/L),calibration,O=C1NC(=O)c2ccccc21,-6.340000152587891,-5.0552216617393615,-6.846874072677775,-3.263569250800948,scaffold,2026,hybrid_concat,edge_gnn,rdkit,concat,721e3c494613d3aa378fb20e47d69b51245b538e
esol,6d5b96eb33cae81f,CCOP(=S)(OCC)SCCSCC,aqueous_solubility,log10(mol/L),train,,-4.230000019073486,-1.537483199829267,-3.329135610767681,0.2541692111091465,scaffold,2026,hybrid_concat,edge_gnn,rdkit,concat,721e3c494613d3aa378fb20e47d69b51245b538e
esol,66e03fb49f8d10d6,CCOP(=S)(OCC)SCSC(C)(C)C,aqueous_solubility,log10(mol/L),train,,-4.755000114440918,-4.523517039874311,-6.315169450812725,-2.7318646289358974,scaffold,2026,hybrid_concat,edge_gnn,rdkit,concat,721e3c494613d3aa378fb20e47d69b51245b538e
esol,9b4868f35e883ba4,CCOP(=S)(OCC)SCSCC,aqueous_solubility,log10(mol/L),train,,-4.110000133514404,-0.19611133421970095,-1.9877637451581145,1.5955410767187126,scaffold,2026,hybrid_concat,edge_gnn,rdkit,concat,721e3c494613d3aa378fb20e47d69b51245b538e
esol,9f7fec61cd56ae76,CCOP(=S)(OCC)SCSP(=S)(OCC)OCC,aqueous_solubility,log10(mol/L),train,,-5.539999961853027,-3.9721454819731283,-5.763797892911542,-2.180493071034715,scaffold,2026,hybrid_concat,edge_gnn,rdkit,concat,721e3c494613d3aa378fb20e47d69b51245b538e
esol,2e3febfb504819dd,CCOP(=S)(OCC)SCSc1ccc(Cl)cc1,aqueous_solubility,log10(mol/L),train,c1ccccc1,-5.736000061035156,-2.5280409704598483,-4.319693381398261,-0.7363885595214348,scaffold,2026,hybrid_concat,edge_gnn,rdkit,concat,721e3c494613d3aa378fb20e47d69b51245b538e
esol,bc087b99671770ce,CCOP(=S)(OCC)SCn1c(=O)oc2cc(Cl)ccc21,aqueous_solubility,log10(mol/L),train,O=c1[nH]c2ccccc2o1,-5.232999801635742,-8.599099710074,-10.390752121012413,-6.807447299135587,scaffold,2026,hybrid_concat,edge_gnn,rdkit,concat,721e3c494613d3aa378fb20e47d69b51245b538e
esol,d489007731d8d5eb,CCOc1ccc(C(C)(C)COCc2cccc(Oc3ccccc3)c2)cc1,aqueous_solubility,log10(mol/L),train,c1ccc(CCOCc2cccc(Oc3ccccc3)c2)cc1,-8.600000381469727,-3.690494584924969,-5.482146995863383,-1.8988421739865555,scaffold,2026,hybrid_concat,edge_gnn,rdkit,concat,721e3c494613d3aa378fb20e47d69b51245b538e
esol,a7d882d72bb25f91,CCOc1ccc(NC(C)=O)cc1,aqueous_solubility,log10(mol/L),train,c1ccccc1,-2.3499999046325684,-6.661254404435719,-8.452906815374133,-4.869601993497305,scaffold,2026,hybrid_concat,edge_gnn,rdkit,concat,721e3c494613d3aa378fb20e47d69b51245b538e
esol,7ccb0f8bf75e392d,CCOc1ccc(NC(N)=O)cc1,aqueous_solubility,log10(mol/L),train,c1ccccc1,-2.1700000762939453,-0.38121646495078343,-2.172868875889197,1.4104359459876301,scaffold,2026,hybrid_concat,edge_gnn,rdkit,concat,721e3c494613d3aa378fb20e47d69b51245b538e
esol,d70f36bd68ed3056,CCOc1ccc2nc(S(N)(=O)=O)sc2c1,aqueous_solubility,log10(mol/L),test,c1ccc2scnc2c1,-3.809999942779541,-2.6575066784885393,-4.449159089426953,-0.8658542675501257,scaffold,2026,hybrid_concat,edge_gnn,rdkit,concat,721e3c494613d3aa378fb20e47d69b51245b538e
esol,d19caccfe21491e3,CCOc1ccccc1,aqueous_solubility,log10(mol/L),train,c1ccccc1,-2.3299999237060547,0.5478052566374116,-1.243847154301002,2.339457667575825,scaffold,2026,hybrid_concat,edge_gnn,rdkit,concat,721e3c494613d3aa378fb20e47d69b51245b538e
esol,733c64bc774b16dc,CCS,aqueous_solubility,log10(mol/L),train,,-0.6000000238418579,-3.341009445200248,-5.132661856138661,-1.5493570342618344,scaffold,2026,hybrid_concat,edge_gnn,rdkit,concat,721e3c494613d3aa378fb20e47d69b51245b538e
esol,4210d252a5e4b130,CCSC(=O)N(CC(C)C)CC(C)C,aqueous_solubility,log10(mol/L),train,,-3.680000066757202,-1.417989945492495,-3.2096423564309084,0.37366246544591863,scaffold,2026,hybrid_concat,edge_gnn,rdkit,concat,721e3c494613d3aa378fb20e47d69b51245b538e
esol,0eacc78ccb3b2ec7,CCSC(=O)N(CC)C1CCCCC1,aqueous_solubility,log10(mol/L),test,C1CCCCC1,-3.4000000953674316,-4.3157095809748105,-6.1073619919132245,-2.524057170036397,scaffold,2026,hybrid_concat,edge_gnn,rdkit,concat,721e3c494613d3aa378fb20e47d69b51245b538e
esol,b34c23ed3887b6c3,CCSCC,aqueous_solubility,log10(mol/L),train,,-1.340000033378601,-0.5180531949681941,-2.3097056059066077,1.2735992159702194,scaffold,2026,hybrid_concat,edge_gnn,rdkit,concat,721e3c494613d3aa378fb20e47d69b51245b538e
esol,891c2426f12aec2e,CCSCCSP(=S)(OC)OC,aqueous_solubility,log10(mol/L),train,,-3.0910000801086426,-0.5914997873312657,-2.3831521982696793,1.2001526236071478,scaffold,2026,hybrid_concat,edge_gnn,rdkit,concat,721e3c494613d3aa378fb20e47d69b51245b538e
esol,0a4abbde14334c18,CCSCc1ccccc1OC(=O)NC,aqueous_solubility,log10(mol/L),train,c1ccccc1,-2.0899999141693115,-3.4776929054861627,-5.269345316424577,-1.6860404945477492,scaffold,2026,hybrid_concat,edge_gnn,rdkit,concat,721e3c494613d3aa378fb20e47d69b51245b538e
esol,87fc28998371cbb0,CCSSCC,aqueous_solubility,log10(mol/L),train,,-2.4200000762939453,1.5499357735434773,-0.2417166373949362,3.341588184481891,scaffold,2026,hybrid_concat,edge_gnn,rdkit,concat,721e3c494613d3aa378fb20e47d69b51245b538e
esol,f3b46b3354c9eed2,CC[N+](=O)[O-],aqueous_solubility,log10(mol/L),train,,-0.2199999988079071,1.107388892599253,-0.6842635183391605,2.8990413035376665,scaffold,2026,hybrid_concat,edge_gnn,rdkit,concat,721e3c494613d3aa378fb20e47d69b51245b538e
esol,bb694e02c2818edd,CCc1ccc(C)cc1,aqueous_solubility,log10(mol/L),train,c1ccccc1,-3.109999895095825,-3.8702107411387634,-5.661863152077177,-2.07855833020035,scaffold,2026,hybrid_concat,edge_gnn,rdkit,concat,721e3c494613d3aa378fb20e47d69b51245b538e
esol,d26225632c84855c,CCc1ccc(CC)cc1,aqueous_solubility,log10(mol/L),train,c1ccccc1,-3.75,-4.583200613984896,-6.3748530249233095,-2.791548203046483,scaffold,2026,hybrid_concat,edge_gnn,rdkit,concat,721e3c494613d3aa378fb20e47d69b51245b538e
esol,33ad79fcb84e93ac,CCc1ccc2ccccc2c1,aqueous_solubility,log10(mol/L),train,c1ccc2ccccc2c1,-4.289999961853027,-1.2705387860292674,-3.0621911969676807,0.5211136249091461,scaffold,2026,hybrid_concat,edge_gnn,rdkit,concat,721e3c494613d3aa378fb20e47d69b51245b538e
esol,354b210ac00c8e34,CCc1cccc(C)c1N(C(=O)CCl)C(C)COC,aqueous_solubility,log10(mol/L),train,c1ccccc1,-2.7300000190734863,-0.41791896258813477,-2.2095713735265483,1.3737334483502788,scaffold,2026,hybrid_concat,edge_gnn,rdkit,concat,721e3c494613d3aa378fb20e47d69b51245b538e
esol,fbe7773591d8989f,CCc1cccc(CC)c1N(COC)C(=O)CCl,aqueous_solubility,log10(mol/L),train,c1ccccc1,-3.259999990463257,0.16918999268749957,-1.622462418250914,1.960842403625913,scaffold,2026,hybrid_concat,edge_gnn,rdkit,concat,721e3c494613d3aa378fb20e47d69b51245b538e
esol,e28c9726a0795ed3,CCc1cccc2ccccc12,aqueous_solubility,log10(mol/L),train,c1ccc2ccccc2c1,-4.170000076293945,-5.362085773272819,-7.153738184211232,-3.570433362334405,scaffold,2026,hybrid_concat,edge_gnn,rdkit,concat,721e3c494613d3aa378fb20e47d69b51245b538e
esol,8c96f07140aea378,CCc1ccccc1,aqueous_solubility,log10(mol/L),train,c1ccccc1,-2.7699999809265137,-3.6666948347211674,-5.458347245659581,-1.8750424237827539,scaffold,2026,hybrid_concat,edge_gnn,rdkit,concat,721e3c494613d3aa378fb20e47d69b51245b538e
esol,03e6bb14b7cd4e84,CCc1ccccc1C,aqueous_solubility,log10(mol/L),train,c1ccccc1,-3.2100000381469727,-2.71857523841423,-4.510227649352643,-0.9269228274758166,scaffold,2026,hybrid_concat,edge_gnn,rdkit,concat,721e3c494613d3aa378fb20e47d69b51245b538e
esol,d5b47e98960e200b,CCc1ccccc1CC,aqueous_solubility,log10(mol/L),train,c1ccccc1,-3.2799999713897705,-9.592140785044043,-11.383793195982456,-7.80048837410563,scaffold,2026,hybrid_concat,edge_gnn,rdkit,concat,721e3c494613d3aa378fb20e47d69b51245b538e
esol,c72e4f98e3a14f65,CCc1ccccn1,aqueous_solubility,log10(mol/L),validation,c1ccncc1,0.5099999904632568,-1.8795138843248043,-3.671166295263218,-0.08786147338639072,scaffold,2026,hybrid_concat,edge_gnn,rdkit,concat,721e3c494613d3aa378fb20e47d69b51245b538e
esol,dfcfa377f0081086,CI,aqueous_solubility,log10(mol/L),train,,-1.0,-0.5639981353263726,-2.355650546264786,1.227654275612041,scaffold,2026,hybrid_concat,edge_gnn,rdkit,concat,721e3c494613d3aa378fb20e47d69b51245b538e
esol,17b9e8aacba5bcf4,CN(C(=O)COc1nc2ccccc2s1)c1ccccc1,aqueous_solubility,log10(mol/L),validation,O=C(COc1nc2ccccc2s1)Nc1ccccc1,-4.873000144958496,-3.2640863881299453,-5.055738799068359,-1.4724339771915318,scaffold,2026,hybrid_concat,edge_gnn,rdkit,concat,721e3c494613d3aa378fb20e47d69b51245b538e
esol,21c12c9bffc5a79f,CN(C(=O)NC(C)(C)c1ccccc1)c1ccccc1,aqueous_solubility,log10(mol/L),validation,O=C(NCc1ccccc1)Nc1ccccc1,-3.3499999046325684,-4.009389817546042,-5.801042228484455,-2.2177374066076285,scaffold,2026,hybrid_concat,edge_gnn,rdkit,concat,721e3c494613d3aa378fb20e47d69b51245b538e
esol,5b2b342c6e910b68,CN(C)C(=O)C(c1ccccc1)c1ccccc1,aqueous_solubility,log10(mol/L),calibration,c1ccc(Cc2ccccc2)cc1,-2.9800000190734863,-3.164714948334441,-4.956367359272854,-1.3730625373960272,scaffold,2026,hybrid_concat,edge_gnn,rdkit,concat,721e3c494613d3aa378fb20e47d69b51245b538e
esol,e134da02d6e9cf26,CN(C)C(=O)N(C)C,aqueous_solubility,log10(mol/L),train,,0.9399999976158142,-3.393260498178534,-5.184912909116948,-1.6016080872401206,scaffold,2026,hybrid_concat,edge_gnn,rdkit,concat,721e3c494613d3aa378fb20e47d69b51245b538e
esol,0842d549a4381515,CN(C)C(=O)NC1CC2CC1C1CCCC21,aqueous_solubility,log10(mol/L),train,C1CC2C3CCC(C3)C2C1,-3.1710000038146973,-1.2400900759389393,-3.031742486877353,0.5515623349994743,scaffold,2026,hybrid_concat,edge_gnn,rdkit,concat,721e3c494613d3aa378fb20e47d69b51245b538e
esol,6a218e40dde53207,CN(C)C(=O)NC1CCCCCCC1,aqueous_solubility,log10(mol/L),test,C1CCCCCCC1,-2.2179999351501465,-2.331366978238834,-4.123019389177248,-0.5397145673004204,scaffold,2026,hybrid_concat,edge_gnn,rdkit,concat,721e3c494613d3aa378fb20e47d69b51245b538e
esol,f0f2d211a8e908bf,CN(C)C(=O)Nc1ccc(-n2nc(C(C)(C)C)oc2=O)c(Cl)c1,aqueous_solubility,log10(mol/L),calibration,O=c1ocnn1-c1ccccc1,-4.328000068664551,-3.9487042078268493,-5.740356618765263,-2.1570517968884357,scaffold,2026,hybrid_concat,edge_gnn,rdkit,concat,721e3c494613d3aa378fb20e47d69b51245b538e
esol,9a5249c275292eb3,CN(C)C(=O)Nc1ccc(Cl)c(Cl)c1,aqueous_solubility,log10(mol/L),train,c1ccccc1,-3.799999952316284,-1.9807638271153056,-3.772416238053719,-0.1891114161768921,scaffold,2026,hybrid_concat,edge_gnn,rdkit,concat,721e3c494613d3aa378fb20e47d69b51245b538e
esol,9e5215f43f1d56ea,CN(C)C(=O)Nc1ccc(Cl)cc1,aqueous_solubility,log10(mol/L),train,c1ccccc1,-2.890000104904175,-0.6999761484390676,-2.491628559377481,1.091676262499346,scaffold,2026,hybrid_concat,edge_gnn,rdkit,concat,721e3c494613d3aa378fb20e47d69b51245b538e
esol,d673d5fc135e5b84,CN(C)C(=O)Nc1ccc(Oc2ccc(Cl)cc2)cc1,aqueous_solubility,log10(mol/L),train,c1ccc(Oc2ccccc2)cc1,-4.889999866485596,-3.55820221727998,-5.349854628218393,-1.7665498063415663,scaffold,2026,hybrid_concat,edge_gnn,rdkit,concat,721e3c494613d3aa378fb20e47d69b51245b538e
esol,a7978985d5bfccc6,CN(C)C(=O)Nc1cccc(C(F)(F)F)c1,aqueous_solubility,log10(mol/L),train,c1ccccc1,-3.430000066757202,-3.0630733892773643,-4.854725800215778,-1.2714209783389507,scaffold,2026,hybrid_concat,edge_gnn,rdkit,concat,721e3c494613d3aa378fb20e47d69b51245b538e
esol,acfcc9ff5ed16439,CN(C)C(=O)Nc1cccc(OC(=O)NC(C)(C)C)c1,aqueous_solubility,log10(mol/L),train,c1ccccc1,-2.930000066757202,-1.381207122443121,-3.1728595333815344,0.4104452884952925,scaffold,2026,hybrid_concat,edge_gnn,rdkit,concat,721e3c494613d3aa378fb20e47d69b51245b538e
esol,a051aff34d8c425d,CN(C)C(=O)Nc1ccccc1,aqueous_solubility,log10(mol/L),train,c1ccccc1,-1.600000023841858,0.0995736793465194,-1.6920787315918941,1.891226090284933,scaffold,2026,hybrid_concat,edge_gnn,rdkit,concat,721e3c494613d3aa378fb20e47d69b51245b538e
esol,0483f0df1603d0eb,CN(C)C(=O)OC1=CC(=O)CC(C)(C)C1,aqueous_solubility,log10(mol/L),test,O=C1C=CCCC1,-0.8500000238418579,-1.8530268785400776,-3.644679289478491,-0.061374467601664096,scaffold,2026,hybrid_concat,edge_gnn,rdkit,concat,721e3c494613d3aa378fb20e47d69b51245b538e
esol,c8b9b536892e09bf,CN(C)C(=O)SCCCCOc1ccccc1,aqueous_solubility,log10(mol/L),train,c1ccccc1,-3.927000045776367,-2.1207255383964183,-3.912377949334832,-0.32907312745800477,scaffold,2026,hybrid_concat,edge_gnn,rdkit,concat,721e3c494613d3aa378fb20e47d69b51245b538e
esol,910101c5cb9a1670,CN(C)C(=S)SSC(=S)N(C)C,aqueous_solubility,log10(mol/L),train,,-3.9000000953674316,0.024820364655726568,-1.766832046282687,1.81647277559414,scaffold,2026,hybrid_concat,edge_gnn,rdkit,concat,721e3c494613d3aa378fb20e47d69b51245b538e
esol,b0ec6d6c54570db8,CN(C)c1ccccc1,aqueous_solubility,log10(mol/L),train,c1ccccc1,-1.9199999570846558,-1.9604443068724235,-3.7520967178108373,-0.16879189593401,scaffold,2026,hybrid_concat,edge_gnn,rdkit,concat,721e3c494613d3aa378fb20e47d69b51245b538e
esol,925de75b6c7bfe03,CN(C)c1nc(N(C)C)nc(N(C)C)n1,aqueous_solubility,log10(mol/L),train,c1ncncn1,-3.364000082015991,-3.4734941097300456,-5.265146520668459,-1.681841698791632,scaffold,2026,hybrid_concat,edge_gnn,rdkit,concat,721e3c494613d3aa378fb20e47d69b51245b538e
esol,24d71af8b3e29e2a,CN1C(=O)CN=C(c2ccccc2)c2cc(Cl)ccc21,aqueous_solubility,log10(mol/L),train,O=C1CN=C(c2ccccc2)c2ccccc2N1,-3.753999948501587,-1.3771319226334788,-3.1687843335718924,0.4145204883049347,scaffold,2026,hybrid_concat,edge_gnn,rdkit,concat,721e3c494613d3aa378fb20e47d69b51245b538e
esol,764380275cf6ecfe,CN1C(=O)CN=C(c2ccccc2)c2cc([N+](=O)[O-])ccc21,aqueous_solubility,log10(mol/L),train,O=C1CN=C(c2ccccc2)c2ccccc2N1,-3.7960000038146973,-2.3949487254697686,-4.186601136408182,-0.603296314531355,scaffold,2026,hybrid_concat,edge_gnn,rdkit,concat,721e3c494613d3aa378fb20e47d69b51245b538e
esol,5892fb4917f1bd4c,CN1C(=O)c2cccnc2Oc2ccccc21,aqueous_solubility,log10(mol/L),calibration,O=C1Nc2ccccc2Oc2ncccc21,-3.671999931335449,-3.233117266190521,-5.024769677128935,-1.4414648552521077,scaffold,2026,hybrid_concat,edge_gnn,rdkit,concat,721e3c494613d3aa378fb20e47d69b51245b538e
esol,e866140d3ce88cc7,CN1C(C(=O)Nc2ccccn2)=C(O)c2ccccc2S1(=O)=O,aqueous_solubility,log10(mol/L),train,O=C(Nc1ccccn1)C1=Cc2ccccc2S(=O)(=O)N1,-4.159999847412109,-9.08984255542284,-10.881494966361252,-7.298190144484426,scaffold,2026,hybrid_concat,edge_gnn,rdkit,concat,721e3c494613d3aa378fb20e47d69b51245b538e
esol,c3339d1527a56a6a,CN1CC(O)N(c2nnc(C(C)(C)C)s2)C1=O,aqueous_solubility,log10(mol/L),test,O=C1NCCN1c1nncs1,-1.8769999742507935,-1.9191498731811252,-3.7108022841195387,-0.12749746224271163,scaffold,2026,hybrid_concat,edge_gnn,rdkit,concat,721e3c494613d3aa378fb20e47d69b51245b538e
esol,61a26c632a00b9e2,CNC(=O)C(C)SCCSP(=O)(OC)OC,aqueous_solubility,log10(mol/L),train,,1.1440000534057617,-2.3174057163913497,-4.109058127329764,-0.5257533054529362,scaffold,2026,hybrid_concat,edge_gnn,rdkit,concat,721e3c494613d3aa378fb20e47d69b51245b538e
esol,83a38e89cdeb9ac2,CNC(=O)C=C(C)OP(=O)(OC)OC,aqueous_solubility,log10(mol/L),train,,0.6510000228881836,-4.657313357421184,-6.448965768359598,-2.86566094648277,scaffold,2026,hybrid_concat,edge_gnn,rdkit,concat,721e3c494613d3aa378fb20e47d69b51245b538e
esol,ca4d409d99769eda,CNC(=O)ON=C(CSC)C(C)(C)C,aqueous_solubility,log10(mol/L),train,,-1.6200000047683716,-6.246011947922227,-8.03766435886064,-4.454359536983814,scaffold,2026,hybrid_concat,edge_gnn,rdkit,concat,721e3c494613d3aa378fb20e47d69b51245b538e
esol,9c9e6971a60807b7,CNC(=O)ON=C(SC)C(=O)N(C)C,aqueous_solubility,log10(mol/L),train,,0.10599999874830246,-2.420695739372832,-4.212348150311246,-0.6290433284344186,scaffold,2026,hybrid_concat,edge_gnn,rdkit,concat,721e3c494613d3aa378fb20e47d69b51245b538e
esol,f974acb9680d10ae,CNC(=O)Oc1cc(C(C)(C)C)cc(C(C)(C)C)c1,aqueous_solubility,log10(mol/L),train,c1ccccc1,-4.239999771118164,-4.400228051223891,-6.191880462162304,-2.6085756402854776,scaffold,2026,hybrid_concat,edge_gnn,rdkit,concat,721e3c494613d3aa378fb20e47d69b51245b538e
esol,bf5c31c40ed233f0,CNC(=O)Oc1cc(C)cc(C)c1,aqueous_solubility,log10(mol/L),train,c1ccccc1,-2.5810000896453857,-3.3132946678833965,-5.1049470788218105,-1.521642256944983,scaffold,2026,hybrid_concat,edge_gnn,rdkit,concat,721e3c494613d3aa378fb20e47d69b51245b538e
esol,467d5329fab3eb8c,CNC(=O)Oc1ccc(N(C)C)c(C)c1,aqueous_solubility,log10(mol/L),train,c1ccccc1,-2.359999895095825,-8.064182191259917,-9.85583460219833,-6.272529780321504,scaffold,2026,hybrid_concat,edge_gnn,rdkit,concat,721e3c494613d3aa378fb20e47d69b51245b538e
esol,93b1c63994d0c3ae,CNC(=O)Oc1cccc(N=CN(C)C)c1,aqueous_solubility,log10(mol/L),train,c1ccccc1,-2.3399999141693115,-1.936421510212024,-3.7280739211504375,-0.14476909927361037,scaffold,2026,hybrid_concat,edge_gnn,rdkit,concat,721e3c494613d3aa378fb20e47d69b51245b538e
esol,7c2469e5e8621db7,CNC(=O)Oc1cccc2c1OC(C)(C)C2,aqueous_solubility,log10(mol/L),test,c1ccc2c(c1)CCO2,-2.799999952316284,-2.2613855548219277,-4.053037965760341,-0.46973314388351417,scaffold,2026,hybrid_concat,edge_gnn,rdkit,concat,721e3c494613d3aa378fb20e47d69b51245b538e
esol,30aebbb20e458ecc,CNC(=O)Oc1cccc2ccccc12,aqueous_solubility,log10(mol/L),train,c1ccc2ccccc2c1,-3.2239999771118164,-1.6958849123374282,-3.4875373232758418,0.09576749860098532,scaffold,2026,hybrid_concat,edge_gnn,rdkit,concat,721e3c494613d3aa378fb20e47d69b51245b538e
esol,4b69c82630d9473f,CNC(=O)Oc1ccccc1,aqueous_solubility,log10(mol/L),train,c1ccccc1,-1.8029999732971191,-8.060916580759244,-9.852568991697657,-6.269264169820831,scaffold,2026,hybrid_concat,edge_gnn,rdkit,concat,721e3c494613d3aa378fb20e47d69b51245b538e
esol,18eaa4bff7b0ffc4,CNC(=O)Oc1ccccc1C(C)C,aqueous_solubility,log10(mol/L),train,c1ccccc1,-2.86299991607666,-4.698568465129513,-6.4902208760679265,-2.9069160541911,scaffold,2026,hybrid_concat,edge_gnn,rdkit,concat,721e3c494613d3aa378fb20e47d69b51245b538e
esol,27b2b9a51d2a3dfb,CNC(=O)Oc1ccccc1C1OCCO1,aqueous_solubility,log10(mol/L),test,c1ccc(C2OCCO2)cc1,-1.5700000524520874,-1.7210209092391444,-3.5126733201775577,0.07063150169926913,scaffold,2026,hybrid_concat,edge_gnn,rdkit,concat,721e3c494613d3aa378fb20e47d69b51245b538e
esol,4429a01a775681b0,CNC(=O)Oc1ccccc1OC(C)C,aqueous_solubility,log10(mol/L),train,c1ccccc1,-2.049999952316284,-3.400142844027819,-5.191795254966232,-1.6084904330894054,scaffold,2026,hybrid_concat,edge_gnn,rdkit,concat,721e3c494613d3aa378fb20e47d69b51245b538e
esol,ce17742748339d63,CNN,aqueous_solubility,log10(mol/L),train,,1.340000033378601,-3.8836954892138857,-5.6753479001523,-2.092043078275472,scaffold,2026,hybrid_concat,edge_gnn,rdkit,concat,721e3c494613d3aa378fb20e47d69b51245b538e
esol,05148dad0482f4d2,CNc1ccccc1,aqueous_solubility,log10(mol/L),train,c1ccccc1,-1.2799999713897705,-4.767373396183576,-6.559025807121989,-2.9757209852451623,scaffold,2026,hybrid_concat,edge_gnn,rdkit,concat,721e3c494613d3aa378fb20e47d69b51245b538e
esol,a9c91e9f39b50d3c,CNc1cnn(-c2cccc(C(F)(F)F)c2)c(=O)c1Cl,aqueous_solubility,log10(mol/L),train,O=c1cccnn1-c1ccccc1,-4.046000003814697,-4.815090037817046,-6.60674244875546,-3.0234376268786325,scaffold,2026,hybrid_concat,edge_gnn,rdkit,concat,721e3c494613d3aa378fb20e47d69b51245b538e
esol,0bab33f79e992ea8,CO,aqueous_solubility,log10(mol/L),train,,1.5700000524520874,-2.045178771198178,-3.8368311821365917,-0.2535263602597646,scaffold,2026,hybrid_concat,edge_gnn,rdkit,concat,721e3c494613d3aa378fb20e47d69b51245b538e
esol,f81db077a722c928,COC(=O)C1=C(C)NC(C)=C(C(=O)OC)C1c1ccccc1[N+](=O)[O-],aqueous_solubility,log10(mol/L),train,C1=CC(c2ccccc2)C=CN1,-4.760000228881836,-5.222633925153881,-7.014286336092294,-3.430981514215467,scaffold,2026,hybrid_concat,edge_gnn,rdkit,concat,721e3c494613d3aa378fb20e47d69b51245b538e
esol,749fcea5bdddd1e6,COC(=O)Nc1cccc(OC(=O)Nc2cccc(C)c2)c1,aqueous_solubility,log10(mol/L),test,O=C(Nc1ccccc1)Oc1ccccc1,-4.804999828338623,-3.4445045250929276,-5.236156936031341,-1.652852114154514,scaffold,2026,hybrid_concat,edge_gnn,rdkit,concat,721e3c494613d3aa378fb20e47d69b51245b538e
esol,a22f0678e1767ab7,COC(=O)Nc1nc2ccc(C(=O)c3ccccc3)cc2[nH]1,aqueous_solubility,log10(mol/L),test,O=C(c1ccccc1)c1ccc2nc[nH]c2c1,-3.880000114440918,-3.394774309459126,-5.18642672039754,-1.6031218985207123,scaffold,2026,hybrid_concat,edge_gnn,rdkit,concat,721e3c494613d3aa378fb20e47d69b51245b538e
esol,666ddf99a256128a,COC(=O)c1cc(O)c(O)c(O)c1,aqueous_solubility,log10(mol/L),train,c1ccccc1,-1.2400000095367432,-3.7886318582336713,-5.580284269172084,-1.9969794472952578,scaffold,2026,hybrid_concat,edge_gnn,rdkit,concat,721e3c494613d3aa378fb20e47d69b51245b538e
esol,188786e497548b05,COC(=O)c1ccc(O)cc1,aqueous_solubility,log10(mol/L),train,c1ccccc1,-1.8270000219345093,-3.4350084955244737,-5.226660906462888,-1.6433560845860602,scaffold,2026,hybrid_concat,edge_gnn,rdkit,concat,721e3c494613d3aa378fb20e47d69b51245b538e
esol,49577c11df1cfd38,COC(=O)c1ccccc1,aqueous_solubility,log10(mol/L),train,c1ccccc1,-1.850000023841858,-2.686483622631131,-4.478136033569545,-0.8948312116927175,scaffold,2026,hybrid_concat,edge_gnn,rdkit,concat,721e3c494613d3aa378fb20e47d69b51245b538e
esol,ed34e85526590345,COC(=O)c1ccccc1C(=O)OC,aqueous_solubility,log10(mol/L),train,c1ccccc1,-1.659999966621399,-3.595033570265784,-5.386685981204197,-1.8033811593273703,scaffold,2026,hybrid_concat,edge_gnn,rdkit,concat,721e3c494613d3aa378fb20e47d69b51245b538e
esol,6e2b5874bd54e152,COC(=O)c1ccccc1OC1OC(COC2OCC(O)C(O)C2O)C(O)C(O)C1O,aqueous_solubility,log10(mol/L),calibration,c1ccc(OC2CCCC(COC3CCCCO3)O2)cc1,-0.7419999837875366,-1.1345825277156616,-2.9262349386540754,0.657069883222752,scaffold,2026,hybrid_concat,edge_gnn,rdkit,concat,721e3c494613d3aa378fb20e47d69b51245b538e
esol,88ead3f7cdc58cf9,COC(=O)c1cccnc1,aqueous_solubility,log10(mol/L),validation,c1ccncc1,-0.46000000834465027,-1.6337179442384835,-3.425370355176897,0.15793446669993005,scaffold,2026,hybrid_concat,edge_gnn,rdkit,concat,721e3c494613d3aa378fb20e47d69b51245b538e
esol,5c08f88c70ebf4aa,COC(C)(C)C,aqueous_solubility,log10(mol/L),train,,-0.23999999463558197,-6.255291923648075,-8.046944334586488,-4.463639512709662,scaffold,2026,hybrid_concat,edge_gnn,rdkit,concat,721e3c494613d3aa378fb20e47d69b51245b538e
esol,6773ea5b6283d92d,COC(C)(C)CCCC(C)CC=CC(C)=CC(=O)OC(C)C,aqueous_solubility,log10(mol/L),train,,-5.190000057220459,-3.3254695260364247,-5.117121936974838,-1.533817115098011,scaffold,2026,hybrid_concat,edge_gnn,rdkit,concat,721e3c494613d3aa378fb20e47d69b51245b538e
esol,798f5eefa4edc99d,COC(C)=O,aqueous_solubility,log10(mol/L),train,,0.46000000834465027,-0.7557729049563022,-2.5474253158947158,1.0358795059821113,scaffold,2026,hybrid_concat,edge_gnn,rdkit,concat,721e3c494613d3aa378fb20e47d69b51245b538e
esol,fe98fc7972b9fbd7,COC1=C(OC)C2C(=O)OCC2C=C1,aqueous_solubility,log10(mol/L),train,O=C1OCC2C=CC=CC12,-1.8990000486373901,-1.8328881502401773,-3.624540561178591,-0.04123573930176372,scaffold,2026,hybrid_concat,edge_gnn,rdkit,concat,721e3c494613d3aa378fb20e47d69b51245b538e
esol,033c75d289f7b25e,COC1=CC(=O)CC(C)C12Oc1c(Cl)c(OC)cc(OC)c1C2=O,aqueous_solubility,log10(mol/L),validation,O=C1C=CC2(CC1)Oc1ccccc1C2=O,-3.246000051498413,-3.1837435543385,-4.975395965276913,-1.3920911434000867,scaffold,2026,hybrid_concat,edge_gnn,rdkit,concat,721e3c494613d3aa378fb20e47d69b51245b538e
esol,14db5dcd22155360,COC1=CC2OC3C=CC(O)=CC3C(=O)C2C(O)=C1,aqueous_solubility,log10(mol/L),calibration,O=C1C2C=CC=CC2OC2C=CC=CC12,-2.943000078201294,-1.6965975613054007,-3.488249972243814,0.0950548496330128,scaffold,2026,hybrid_concat,edge_gnn,rdkit,concat,721e3c494613d3aa378fb20e47d69b51245b538e
esol,68ee9b244d6cfe81,COC=O,aqueous_solubility,log10(mol/L),train,,0.5799999833106995,-2.4491298594419915,-4.2407822703804054,-0.6574774485035779,scaffold,2026,hybrid_concat,edge_gnn,rdkit,concat,721e3c494613d3aa378fb20e47d69b51245b538e
esol,89703926e52a5f1b,COCC(=O)N(c1c(C)cccc1C)C(C)C(=O)OC,aqueous_solubility,log10(mol/L),train,c1ccccc1,-1.6009999513626099,-3.007904145158589,-4.799556556097002,-1.2162517342201755,scaffold,2026,hybrid_concat,edge_gnn,rdkit,concat,721e3c494613d3aa378fb20e47d69b51245b538e
esol,8828034dbcc2ba49,COCCCNc1nc(NC(C)C)nc(SC)n1,aqueous_solubility,log10(mol/L),train,c1ncncn1,-2.927999973297119,-2.218912417428319,-4.010564828366732,-0.4272600064899055,scaffold,2026,hybrid_concat,edge_gnn,rdkit,concat,721e3c494613d3aa378fb20e47d69b51245b538e
esol,16dde7866f46c4c1,COCOC,aqueous_solubility,log10(mol/L),train,,0.47999998927116394,-2.165936254285329,-3.9575886652237426,-0.37428384334691556,scaffold,2026,hybrid_concat,edge_gnn,rdkit,concat,721e3c494613d3aa378fb20e47d69b51245b538e
esol,e2974c195ea5145c,CON(C)C(=O)Nc1ccc(Br)c(Cl)c1,aqueous_solubility,log10(mol/L),train,c1ccccc1,-3.9240000247955322,-2.7964231359217826,-4.588075546860196,-1.004770724983369,scaffold,2026,hybrid_concat,edge_gnn,rdkit,concat,721e3c494613d3aa378fb20e47d69b51245b538e
esol,6ff13bb4acd5abdb,CON(C)C(=O)Nc1ccc(Cl)c(Cl)c1,aqueous_solubility,log10(mol/L),train,c1ccccc1,-3.5920000076293945,-2.5317382702842095,-4.323390681222623,-0.740085859345796,scaffold,2026,hybrid_concat,edge_gnn,rdkit,concat,721e3c494613d3aa378fb20e47d69b51245b538e
esol,48039236e49fe73d,CON(C)C(=O)Nc1ccc(Cl)cc1,aqueous_solubility,log10(mol/L),train,c1ccccc1,-2.569999933242798,-0.65848305279125,-2.4501354637296635,1.1331693581471636,scaffold,2026,hybrid_concat,edge_gnn,rdkit,concat,721e3c494613d3aa378fb20e47d69b51245b538e
esol,af9e24623c743976,COP(=O)(NC(C)=O)SC,aqueous_solubility,log10(mol/L),train,,0.5400000214576721,-2.6042198520332787,-4.395872262971692,-0.8125674410948651,scaffold,2026,hybrid_concat,edge_gnn,rdkit,concat,721e3c494613d3aa378fb20e47d69b51245b538e
esol,13a3fd60c5aabbbd,COP(=O)(OC)C(O)C(Cl)(Cl)Cl,aqueous_solubility,log10(mol/L),train,,-0.2199999988079071,-1.6198646794293357,-3.411517090367749,0.1717877315090779,scaffold,2026,hybrid_concat,edge_gnn,rdkit,concat,721e3c494613d3aa378fb20e47d69b51245b538e
esol,780a5f925619f9f0,COP(=O)(OC)OC(=CCl)c1cc(Cl)c(Cl)cc1Cl,aqueous_solubility,log10(mol/L),train,c1ccccc1,-4.521999835968018,-0.701896069224639,-2.4935484801630525,1.0897563417137746,scaffold,2026,hybrid_concat,edge_gnn,rdkit,concat,721e3c494613d3aa378fb20e47d69b51245b538e
esol,5a3a208a796a3e9e,COP(=O)(OC)OC(Br)C(Cl)(Cl)Br,aqueous_solubility,log10(mol/L),train,,-2.2799999713897705,-3.6856048352340376,-5.477257246172451,-1.893952424295624,scaffold,2026,hybrid_concat,edge_gnn,rdkit,concat,721e3c494613d3aa378fb20e47d69b51245b538e
esol,6d1ebe733929addc,COP(=S)(OC)Oc1cc(Cl)c(Br)cc1Cl,aqueous_solubility,log10(mol/L),train,c1ccccc1,-6.090000152587891,-4.64205272445556,-6.433705135393973,-2.8504003135171465,scaffold,2026,hybrid_concat,edge_gnn,rdkit,concat,721e3c494613d3aa378fb20e47d69b51245b538e
esol,57f26cdf89d354e1,COP(=S)(OC)Oc1cc(Cl)c(Cl)cc1Cl,aqueous_solubility,log10(mol/L),train,c1ccccc1,-5.71999979019165,-3.4866616800063563,-5.27831409094477,-1.6950092690679428,scaffold,2026,hybrid_concat,edge_gnn,rdkit,concat,721e3c494613d3aa378fb20e47d69b51245b538e
esol,c8a8a21070ddea32,COP(=S)(OC)Oc1cc(Cl)c(I)cc1Cl,aqueous_solubility,log10(mol/L),train,c1ccccc1,-6.619999885559082,-2.792761187645942,-4.584413598584355,-1.0011087767075284,scaffold,2026,hybrid_concat,edge_gnn,rdkit,concat,721e3c494613d3aa378fb20e47d69b51245b538e
esol,93a69b9aac77fb83,COP(=S)(OC)Oc1ccc(SC)c(C)c1,aqueous_solubility,log10(mol/L),train,c1ccccc1,-4.570000171661377,-2.8713740218408446,-4.663026432779258,-1.079721610902431,scaffold,2026,hybrid_concat,edge_gnn,rdkit,concat,721e3c494613d3aa378fb20e47d69b51245b538e
esol,af206ce7eb35e12c,COP(=S)(OC)Oc1ccc(Sc2ccc(OP(=S)(OC)OC)cc2)cc1,aqueous_solubility,log10(mol/L),train,c1ccc(Sc2ccccc2)cc1,-6.236999988555908,0.14167375779530422,-1.6499786531431093,1.9333261687337178,scaffold,2026,hybrid_concat,edge_gnn,rdkit,concat,721e3c494613d3aa378fb20e47d69b51245b538e
esol,0630c7b78d9001c5,COP(=S)(OC)Oc1ccc([N+](=O)[O-])c(C)c1,aqueous_solubility,log10(mol/L),train,c1ccccc1,-4.039999961853027,-1.7313785842429605,-3.523030995181374,0.060273826695453,scaffold,2026,hybrid_concat,edge_gnn,rdkit,concat,721e3c494613d3aa378fb20e47d69b51245b538e
esol,26a3764db159060c,COP(=S)(OC)Oc1ccc([N+](=O)[O-])cc1Cl,aqueous_solubility,log10(mol/L),train,c1ccccc1,-4.309999942779541,-4.265807060160308,-6.057459471098722,-2.474154649221895,scaffold,2026,hybrid_concat,edge_gnn,rdkit,concat,721e3c494613d3aa378fb20e47d69b51245b538e
esol,3c1bae9a1671999e,COP(=S)(OC)SCC(=O)N(C)C=O,aqueous_solubility,log10(mol/L),train,,-1.9950000047683716,-1.2123527070999562,-3.0040051180383696,0.5792997038384573,scaffold,2026,hybrid_concat,edge_gnn,rdkit,concat,721e3c494613d3aa378fb20e47d69b51245b538e
esol,3c7c2897c14190e7,COP(=S)(OC)SCC(=O)N(c1ccc(Cl)cc1)C(C)C,aqueous_solubility,log10(mol/L),train,c1ccccc1,-4.432000160217285,-5.230675311713991,-7.022327722652404,-3.4390229007755777,scaffold,2026,hybrid_concat,edge_gnn,rdkit,concat,721e3c494613d3aa378fb20e47d69b51245b538e
esol,73a7a17726ecb1d8,COc1c(O)c(Cl)c(Cl)c(Cl)c1Cl,aqueous_solubility,log10(mol/L),train,c1ccccc1,-4.019999980926514,-0.9862351183426963,-2.77788752928111,0.8054172925957173,scaffold,2026,hybrid_concat,edge_gnn,rdkit,concat,721e3c494613d3aa378fb20e47d69b51245b538e
esol,f6aaf2955176d64c,COc1c2occc2c(OC)c2c(=O)cc(C)oc12,aqueous_solubility,log10(mol/L),calibration,O=c1ccoc2cc3occc3cc12,-3.0209999084472656,-3.6778808655364648,-5.469533276474879,-1.8862284545980512,scaffold,2026,hybrid_concat,edge_gnn,rdkit,concat,721e3c494613d3aa378fb20e47d69b51245b538e
esol,d81d239372dc39ef,COc1c2occc2cc2ccc(=O)oc12,aqueous_solubility,log10(mol/L),train,O=c1ccc2cc3ccoc3cc2o1,-3.6640000343322754,-4.365566918745049,-6.157219329683462,-2.5739145078066357,scaffold,2026,hybrid_concat,edge_gnn,rdkit,concat,721e3c494613d3aa378fb20e47d69b51245b538e
esol,fb0727226d8bda00,COc1cc(C2c3cc4c(cc3C(OC3OC5COC(C)OC5C(O)C3O)C3COC(=O)C23)OCO4)cc(OC)c1O,aqueous_solubility,log10(mol/L),validation,O=C1OCC2C(OC3CCC4OCOCC4O3)c3cc4c(cc3C(c3ccccc3)C12)OCO4,-3.571000099182129,-3.437989381127174,-5.229641792065587,-1.6463369701887602,scaffold,2026,hybrid_concat,edge_gnn,rdkit,concat,721e3c494613d3aa378fb20e47d69b51245b538e
esol,a2fe2787bc40ab5d,COc1cc2c(N)nc(N3CCN(C(=O)OCC(C)(C)O)CC3)nc2c(OC)c1OC,aqueous_solubility,log10(mol/L),validation,c1ccc2nc(N3CCNCC3)ncc2c1,-3.638000011444092,-3.1381072153679543,-4.929759626306367,-1.3464548044295408,scaffold,2026,hybrid_concat,edge_gnn,rdkit,concat,721e3c494613d3aa378fb20e47d69b51245b538e
esol,0bd779b87e0a0d4a,COc1ccc(C(O)(c2cncnc2)C2CC2)cc1,aqueous_solubility,log10(mol/L),train,c1ccc(C(c2cncnc2)C2CC2)cc1,-2.5959999561309814,1.2915212730281946,-0.5001311379102189,3.083173683966608,scaffold,2026,hybrid_concat,edge_gnn,rdkit,concat,721e3c494613d3aa378fb20e47d69b51245b538e
esol,9068cc8b834cc0eb,COc1ccc(C(c2ccc(OC)cc2)C(Cl)(Cl)Cl)cc1,aqueous_solubility,log10(mol/L),calibration,c1ccc(Cc2ccccc2)cc1,-6.889999866485596,-5.658564956537665,-7.450217367476078,-3.8669125455992517,scaffold,2026,hybrid_concat,edge_gnn,rdkit,concat,721e3c494613d3aa378fb20e47d69b51245b538e
esol,53952794d358f97b,COc1ccc(C=O)cc1,aqueous_solubility,log10(mol/L),train,c1ccccc1,-1.4900000095367432,0.43812162371201113,-1.3535307872264024,2.2297740346504247,scaffold,2026,hybrid_concat,edge_gnn,rdkit,concat,721e3c494613d3aa378fb20e47d69b51245b538e
esol,61e05515e58dc633,COc1ccc(Cl)cc1,aqueous_solubility,log10(mol/L),train,c1ccccc1,-2.7799999713897705,-2.169145027385084,-3.9607974383234974,-0.3774926164466703,scaffold,2026,hybrid_concat,edge_gnn,rdkit,concat,721e3c494613d3aa378fb20e47d69b51245b538e
esol,6f0d5c822a2c8b54,COc1ccc(NC(=O)N(C)C)cc1Cl,aqueous_solubility,log10(mol/L),train,c1ccccc1,-2.563999891281128,-2.978464216756393,-4.770116627694806,-1.1868118058179795,scaffold,2026,hybrid_concat,edge_gnn,rdkit,concat,721e3c494613d3aa378fb20e47d69b51245b538e
esol,a440351c22fbaf2f,COc1ccc(Oc2ccc(NC(=O)N(C)C)cc2)cc1,aqueous_solubility,log10(mol/L),train,c1ccc(Oc2ccccc2)cc1,-4.159999847412109,-3.7879314612816697,-5.579583872220083,-1.9962790503432561,scaffold,2026,hybrid_concat,edge_gnn,rdkit,concat,721e3c494613d3aa378fb20e47d69b51245b538e
esol,54c11156225fcdea,COc1ccc([N+](=O)[O-])cc1,aqueous_solubility,log10(mol/L),train,c1ccccc1,-2.4100000858306885,-4.61487404754484,-6.406526458483254,-2.823221636606427,scaffold,2026,hybrid_concat,edge_gnn,rdkit,concat,721e3c494613d3aa378fb20e47d69b51245b538e
esol,76a18f4c2024b3d3,COc1ccc2ccc(=O)oc2c1CC=C(C)C,aqueous_solubility,log10(mol/L),test,O=c1ccc2ccccc2o1,-4.314000129699707,-3.556686254425852,-5.348338665364265,-1.7650338434874384,scaffold,2026,hybrid_concat,edge_gnn,rdkit,concat,721e3c494613d3aa378fb20e47d69b51245b538e
esol,28951249e2791f06,COc1cccc(Cl)c1,aqueous_solubility,log10(mol/L),train,c1ccccc1,-2.7799999713897705,-4.161395977717509,-5.9530483886559225,-2.369743566779096,scaffold,2026,hybrid_concat,edge_gnn,rdkit,concat,721e3c494613d3aa378fb20e47d69b51245b538e
esol,93c51a6d6f685836,COc1ccccc1,aqueous_solubility,log10(mol/L),train,c1ccccc1,-1.850000023841858,-1.3101260656513636,-3.101778476589777,0.48152634528704996,scaffold,2026,hybrid_concat,edge_gnn,rdkit,concat,721e3c494613d3aa378fb20e47d69b51245b538e
esol,61ef7d42849f3184,COc1ccccc1Cl,aqueous_solubility,log10(mol/L),train,c1ccccc1,-2.4600000381469727,-3.4792243477165656,-5.270876758654979,-1.687571936778152,scaffold,2026,hybrid_concat,edge_gnn,rdkit,concat,721e3c494613d3aa378fb20e47d69b51245b538e
esol,eb6f42a07bb6de18,COc1ccccc1O,aqueous_solubility,log10(mol/L),train,c1ccccc1,-1.9600000381469727,-7.431674556240601,-9.223326967179014,-5.640022145302188,scaffold,2026,hybrid_concat,edge_gnn,rdkit,concat,721e3c494613d3aa378fb20e47d69b51245b538e
esol,814823a858f686a6,COc1ccccc1OCC(O)COC(N)=O,aqueous_solubility,log10(mol/L),train,c1ccccc1,-0.9850000143051147,-5.521985937217159,-7.313638348155573,-3.7303335262787454,scaffold,2026,hybrid_concat,edge_gnn,rdkit,concat,721e3c494613d3aa378fb20e47d69b51245b538e
esol,d4928ef8bde7d1fe,COc1ccccc1[N+](=O)[O-],aqueous_solubility,log10(mol/L),train,c1ccccc1,-1.9600000381469727,-1.7506523799812626,-3.542304790919676,0.04100003095715099,scaffold,2026,hybrid_concat,edge_gnn,rdkit,concat,721e3c494613d3aa378fb20e47d69b51245b538e
esol,f77319b49caa9f62,COc1cnc2cncnc2n1,aqueous_solubility,log10(mol/L),calibration,c1cnc2ncncc2n1,-0.9100000262260437,-2.0350599208568925,-3.826712331795306,-0.24340750991847893,scaffold,2026,hybrid_concat,edge_gnn,rdkit,concat,721e3c494613d3aa378fb20e47d69b51245b538e
esol,5dffcf404f645444,COc1cnc2ncncc2n1,aqueous_solubility,log10(mol/L),calibration,c1cnc2ncncc2n1,-1.1390000581741333,-1.9071691945397493,-3.698821605478163,-0.11551678360133577,scaffold,2026,hybrid_concat,edge_gnn,rdkit,concat,721e3c494613d3aa378fb20e47d69b51245b538e
esol,80014862d89a7874,COc1nc(NC(C)C)nc(NC(C)C)n1,aqueous_solubility,log10(mol/L),train,c1ncncn1,-2.4779999256134033,-2.8974247512666347,-4.689077162205049,-1.1057723403282211,scaffold,2026,hybrid_concat,edge_gnn,rdkit,concat,721e3c494613d3aa378fb20e47d69b51245b538e
esol,6d629ddb03b3976b,COc1ncc2nccnc2n1,aqueous_solubility,log10(mol/L),calibration,c1cnc2ncncc2n1,-1.1100000143051147,-1.9491906210225958,-3.7408430319610093,-0.15753821008418223,scaffold,2026,hybrid_concat,edge_gnn,rdkit,concat,721e3c494613d3aa378fb20e47d69b51245b538e
esol,1b1400c943fc116e,COc1ncnc2nccnc12,aqueous_solubility,log10(mol/L),calibration,c1cnc2ncncc2n1,-1.1100000143051147,-2.0374629894332292,-3.8291154003716428,-0.2458105784948157,scaffold,2026,hybrid_concat,edge_gnn,rdkit,concat,721e3c494613d3aa378fb20e47d69b51245b538e
esol,ac0041960cd300cd,CS(=O)(=O)c1ccc(C(O)C(CO)NC(=O)C(Cl)Cl)cc1,aqueous_solubility,log10(mol/L),train,c1ccccc1,-2.1540000438690186,-0.75637917056609,-2.5480315815045036,1.0352732403723235,scaffold,2026,hybrid_concat,edge_gnn,rdkit,concat,721e3c494613d3aa378fb20e47d69b51245b538e
esol,15427e61e6c5e494,CSC,aqueous_solubility,log10(mol/L),train,,-0.44999998807907104,-2.1310061153485167,-3.9226585262869302,-0.33935370441010315,scaffold,2026,hybrid_concat,edge_gnn,rdkit,concat,721e3c494613d3aa378fb20e47d69b51245b538e
esol,27be4a939cf2095e,CSCS(=O)CC(CO)NC(=O)C=Cc1c(C)[nH]c(=O)[nH]c1=O,aqueous_solubility,log10(mol/L),validation,O=c1cc[nH]c(=O)[nH]1,-1.9809999465942383,-1.9109802886978091,-3.7026326996362227,-0.11932787775939557,scaffold,2026,hybrid_concat,edge_gnn,rdkit,concat,721e3c494613d3aa378fb20e47d69b51245b538e
esol,34db32618c7c0bd7,CSSC,aqueous_solubility,log10(mol/L),train,,-1.440000057220459,-1.8539509793739246,-3.6456033903123384,-0.06229856843551107,scaffold,2026,hybrid_concat,edge_gnn,rdkit,concat,721e3c494613d3aa378fb20e47d69b51245b538e
esol,c0328538a0e8d514,CSc1ccccc1,aqueous_solubility,log10(mol/L),train,c1ccccc1,-2.390000104904175,-0.6850583328568969,-2.4767107437953104,1.1065940780815167,scaffold,2026,hybrid_concat,edge_gnn,rdkit,concat,721e3c494613d3aa378fb20e47d69b51245b538e
esol,01435d46358b4e6f,CSc1nc(N(C)C)nc(N(C)C)n1,aqueous_solubility,log10(mol/L),train,c1ncncn1,-2.6760001182556152,-2.1044427287032508,-3.8960951396416643,-0.31279031776483723,scaffold,2026,hybrid_concat,edge_gnn,rdkit,concat,721e3c494613d3aa378fb20e47d69b51245b538e
esol,a2e1c537815223d9,CSc1nc(NC(C)C)nc(NC(C)C)n1,aqueous_solubility,log10(mol/L),train,c1ncncn1,-4.099999904632568,-2.680988742883111,-4.472641153821525,-0.8893363319446976,scaffold,2026,hybrid_concat,edge_gnn,rdkit,concat,721e3c494613d3aa378fb20e47d69b51245b538e
esol,6c043c25cd0ee673,CSc1nnc(C(C)(C)C)c(=O)n1N,aqueous_solubility,log10(mol/L),test,O=c1cnnc[nH]1,-2.253000020980835,-2.429568081562447,-4.22122049250086,-0.6379156706240336,scaffold,2026,hybrid_concat,edge_gnn,rdkit,concat,721e3c494613d3aa378fb20e47d69b51245b538e
esol,939a64a917fc1fbc,C[N+](=O)[O-],aqueous_solubility,log10(mol/L),train,,0.25999999046325684,-4.108601144410885,-5.900253555349298,-2.3169487334724717,scaffold,2026,hybrid_concat,edge_gnn,rdkit,concat,721e3c494613d3aa378fb20e47d69b51245b538e
esol,6a00bcc744815977,Cc1[nH]c(=O)n(C(C)(C)C)c(=O)c1Cl,aqueous_solubility,log10(mol/L),validation,O=c1cc[nH]c(=O)[nH]1,-2.4839999675750732,-2.4134648087276984,-4.205117219666112,-0.6218123977892849,scaffold,2026,hybrid_concat,edge_gnn,rdkit,concat,721e3c494613d3aa378fb20e47d69b51245b538e
esol,011959fb02a50970,Cc1c(C)c(C)c(C)c(C)c1C,aqueous_solubility,log10(mol/L),train,c1ccccc1,-5.230000019073486,-3.2230808031858973,-5.014733214124311,-1.4314283922474837,scaffold,2026,hybrid_concat,edge_gnn,rdkit,concat,721e3c494613d3aa378fb20e47d69b51245b538e
esol,255cf0d2a2107c67,Cc1c(C)c2c3ccccc3ccc2c2ccccc12,aqueous_solubility,log10(mol/L),validation,c1ccc2c(c1)ccc1c3ccccc3ccc21,-7.010000228881836,-6.86581047712626,-8.657462888064673,-5.074158066187847,scaffold,2026,hybrid_concat,edge_gnn,rdkit,concat,721e3c494613d3aa378fb20e47d69b51245b538e
esol,96b9df861fc1a5b7,Cc1c(F)c(F)c(COC(=O)C2C(C=C(Cl)C(F)(F)F)C2(C)C)c(F)c1F,aqueous_solubility,log10(mol/L),test,O=C(OCc1ccccc1)C1CC1,-7.321000099182129,-5.822760139387942,-7.614412550326355,-4.031107728449529,scaffold,2026,hybrid_concat,edge_gnn,rdkit,concat,721e3c494613d3aa378fb20e47d69b51245b538e
esol,27f7cb057fe02c05,Cc1c(N(C)C)c(=O)n(-c2ccccc2)n1C,aqueous_solubility,log10(mol/L),calibration,O=c1cc[nH]n1-c1ccccc1,-0.36399999260902405,-2.9117471039311478,-4.703399514869561,-1.1200946929927342,scaffold,2026,hybrid_concat,edge_gnn,rdkit,concat,721e3c494613d3aa378fb20e47d69b51245b538e
esol,a71940fe39e775e7,Cc1c(N)c(=O)n(-c2ccccc2)n1C,aqueous_solubility,log10(mol/L),calibration,O=c1cc[nH]n1-c1ccccc1,-0.6240000128746033,-2.7121966297191347,-4.503849040657548,-0.9205442187807211,scaffold,2026,hybrid_concat,edge_gnn,rdkit,concat,721e3c494613d3aa378fb20e47d69b51245b538e
esol,405aedd218ada939,Cc1c([N+](=O)[O-])cc([N+](=O)[O-])cc1[N+](=O)[O-],aqueous_solubility,log10(mol/L),train,c1ccccc1,-3.2200000286102295,-2.4507588396727074,-4.242411250611121,-0.6591064287342938,scaffold,2026,hybrid_concat,edge_gnn,rdkit,concat,721e3c494613d3aa378fb20e47d69b51245b538e
esol,6bbc2d7fd1aa6c13,Cc1c([N+](=O)[O-])cccc1[N+](=O)[O-],aqueous_solubility,log10(mol/L),train,c1ccccc1,-3.0,-4.710573408739104,-6.502225819677518,-2.9189209978006905,scaffold,2026,hybrid_concat,edge_gnn,rdkit,concat,721e3c494613d3aa378fb20e47d69b51245b538e
esol,2e4e642d79dc2dce,Cc1c2ccccc2c(C)c2c1ccc1ccccc12,aqueous_solubility,log10(mol/L),validation,c1ccc2cc3c(ccc4ccccc43)cc2c1,-7.019999980926514,-6.953074235675814,-8.744726646614227,-5.161421824737401,scaffold,2026,hybrid_concat,edge_gnn,rdkit,concat,721e3c494613d3aa378fb20e47d69b51245b538e
esol,74b6a8e9080bc721,Cc1c2ccccc2c(C)c2ccccc12,aqueous_solubility,log10(mol/L),calibration,c1ccc2cc3ccccc3cc2c1,-6.570000171661377,-5.879123476936405,-7.670775887874818,-4.087471065997992,scaffold,2026,hybrid_concat,edge_gnn,rdkit,concat,721e3c494613d3aa378fb20e47d69b51245b538e
esol,64f1735379f646a8,Cc1c2ccccc2cc2ccccc12,aqueous_solubility,log10(mol/L),calibration,c1ccc2cc3ccccc3cc2c1,-5.889999866485596,-5.599011791689753,-7.390664202628166,-3.8073593807513393,scaffold,2026,hybrid_concat,edge_gnn,rdkit,concat,721e3c494613d3aa378fb20e47d69b51245b538e
esol,0ada1641492d4a17,Cc1c[nH]c(=O)[nH]c1=O,aqueous_solubility,log10(mol/L),validation,O=c1cc[nH]c(=O)[nH]1,-1.50600004196167,-1.2899524340474298,-3.0816048449858435,0.5016999768909838,scaffold,2026,hybrid_concat,edge_gnn,rdkit,concat,721e3c494613d3aa378fb20e47d69b51245b538e
esol,b32a6b50a85ca7a0,Cc1c[nH]c(=O)nc1N,aqueous_solubility,log10(mol/L),validation,O=c1nccc[nH]1,-1.4579999446868896,-1.177171491484642,-2.968823902423056,0.6144809194537715,scaffold,2026,hybrid_concat,edge_gnn,rdkit,concat,721e3c494613d3aa378fb20e47d69b51245b538e
esol,855b948e58b48eae,Cc1c[nH]c2ccccc12,aqueous_solubility,log10(mol/L),calibration,c1ccc2[nH]ccc2c1,-2.4200000762939453,-2.151367172913836,-3.9430195838522497,-0.3597147619754226,scaffold,2026,hybrid_concat,edge_gnn,rdkit,concat,721e3c494613d3aa378fb20e47d69b51245b538e
esol,412aec08aadb9b06,Cc1cc(=O)[nH]c(=S)[nH]1,aqueous_solubility,log10(mol/L),calibration,O=c1cc[nH]c(=S)[nH]1,-2.436000108718872,-1.4467710665603164,-3.23842347749873,0.34488134437809714,scaffold,2026,hybrid_concat,edge_gnn,rdkit,concat,721e3c494613d3aa378fb20e47d69b51245b538e
esol,e96744a6c5b15c2c,Cc1cc(=O)n(-c2ccccc2)n1C,aqueous_solubility,log10(mol/L),calibration,O=c1cc[nH]n1-c1ccccc1,0.7149999737739563,-2.592009702097662,-4.383662113036076,-0.8003572911592483,scaffold,2026,hybrid_concat,edge_gnn,rdkit,concat,721e3c494613d3aa378fb20e47d69b51245b538e
esol,c699d455e9ba8b21,Cc1cc(C(=O)NNCc2ccccc2)no1,aqueous_solubility,log10(mol/L),train,O=C(NNCc1ccccc1)c1ccon1,-2.4609999656677246,-2.9100052034434825,-4.7016576143818956,-1.118352792505069,scaffold,2026,hybrid_concat,edge_gnn,rdkit,concat,721e3c494613d3aa378fb20e47d69b51245b538e
esol,f4af7cb57402c3b2,Cc1cc(C)c(C)c(C)c1C,aqueous_solubility,log10(mol/L),train,c1ccccc1,-4.0,-1.1855828291611359,-2.9772352400995494,0.6060695817772777,scaffold,2026,hybrid_concat,edge_gnn,rdkit,concat,721e3c494613d3aa378fb20e47d69b51245b538e
esol,10496a05f7b4af1b,Cc1cc(C)c(C)cc1C,aqueous_solubility,log10(mol/L),train,c1ccccc1,-4.590000152587891,-5.1819840072685714,-6.9736364182069845,-3.390331596330158,scaffold,2026,hybrid_concat,edge_gnn,rdkit,concat,721e3c494613d3aa378fb20e47d69b51245b538e
esol,30a7fa25e77ab523,Cc1cc(C)c(O)c(C)c1,aqueous_solubility,log10(mol/L),train,c1ccccc1,-2.049999952316284,-4.0920728760367835,-5.8837252869751975,-2.30042046509837,scaffold,2026,hybrid_concat,edge_gnn,rdkit,concat,721e3c494613d3aa378fb20e47d69b51245b538e
esol,30cd61fe6a9269f3,Cc1cc(C)c2ccccc2c1,aqueous_solubility,log10(mol/L),train,c1ccc2ccccc2c1,-4.289999961853027,-1.2587634631287465,-3.05041587406716,0.532888947809667,scaffold,2026,hybrid_concat,edge_gnn,rdkit,concat,721e3c494613d3aa378fb20e47d69b51245b538e
esol,ac4846758902f02f,Cc1cc(C)cc(C)c1,aqueous_solubility,log10(mol/L),train,c1ccccc1,-3.4000000953674316,-2.9523555890843998,-4.744008000022813,-1.1607031781459862,scaffold,2026,hybrid_concat,edge_gnn,rdkit,concat,721e3c494613d3aa378fb20e47d69b51245b538e
esol,dc9647b3b1f901cf,Cc1cc(C)cc(O)c1,aqueous_solubility,log10(mol/L),train,c1ccccc1,-1.399999976158142,-1.5336549528488486,-3.325307363787262,0.257997458089565,scaffold,2026,hybrid_concat,edge_gnn,rdkit,concat,721e3c494613d3aa378fb20e47d69b51245b538e
esol,3d3499c252e700d7,Cc1cc(Cl)ccc1N=CN(C)C,aqueous_solubility,log10(mol/L),train,c1ccccc1,-2.859999895095825,-0.9443458941004701,-2.7359983050388834,0.8473065168379434,scaffold,2026,hybrid_concat,edge_gnn,rdkit,concat,721e3c494613d3aa378fb20e47d69b51245b538e
esol,867fad1f4374306f,Cc1cc(OC(=O)N(C)C)n(-c2ccccc2)n1,aqueous_solubility,log10(mol/L),train,c1ccc(-n2cccn2)cc1,-2.0899999141693115,-1.6802687916108603,-3.471921202549274,0.11138361932755325,scaffold,2026,hybrid_concat,edge_gnn,rdkit,concat,721e3c494613d3aa378fb20e47d69b51245b538e
esol,441ca226655131b8,Cc1cc(S(=O)(=O)c2ccccc2)ccc1NS(=O)(=O)C(F)(F)F,aqueous_solubility,log10(mol/L),validation,O=S(=O)(c1ccccc1)c1ccccc1,-3.799999952316284,-3.808306265011249,-5.5999586759496625,-2.0166538540728354,scaffold,2026,hybrid_concat,edge_gnn,rdkit,concat,721e3c494613d3aa378fb20e47d69b51245b538e
esol,1fa0d1470ef45a5f,Cc1cc([N+](=O)[O-])cc([N+](=O)[O-])c1O,aqueous_solubility,log10(mol/L),train,c1ccccc1,-1.4559999704360962,-3.597345794626143,-5.388998205564556,-1.8056933836877294,scaffold,2026,hybrid_concat,edge_gnn,rdkit,concat,721e3c494613d3aa378fb20e47d69b51245b538e
esol,15fb6126c6fb5019,Cc1cc2c3ccccc3ccc2c2ccccc12,aqueous_solubility,log10(mol/L),validation,c1ccc2c(c1)ccc1c3ccccc3ccc21,-6.570000171661377,-6.696671695480712,-8.488324106419126,-4.905019284542298,scaffold,2026,hybrid_concat,edge_gnn,rdkit,concat,721e3c494613d3aa378fb20e47d69b51245b538e
esol,c93bd0af60161701,Cc1cc2ccccc2c2ccc3ccccc3c12,aqueous_solubility,log10(mol/L),validation,c1ccc2c(c1)ccc1c3ccccc3ccc21,-6.590000152587891,-6.680222915795591,-8.471875326734004,-4.888570504857178,scaffold,2026,hybrid_concat,edge_gnn,rdkit,concat,721e3c494613d3aa378fb20e47d69b51245b538e
esol,efd1cc43cd7740a7,Cc1cc2ccccc2cc1C,aqueous_solubility,log10(mol/L),train,c1ccc2ccccc2c1,-4.71999979019165,-1.6270162708003175,-3.418668681738731,0.16463614013809602,scaffold,2026,hybrid_concat,edge_gnn,rdkit,concat,721e3c494613d3aa378fb20e47d69b51245b538e
esol,6f06d12b282eda81,Cc1cc2nc3c(=O)[nH]c(=O)nc-3n(CC(O)C(O)C(O)CO)c2cc1C,aqueous_solubility,log10(mol/L),validation,O=c1nc2[nH]c3ccccc3nc-2c(=O)[nH]1,-3.684999942779541,-2.1792047094541207,-3.9708571203925342,-0.38755229851570716,scaffold,2026,hybrid_concat,edge_gnn,rdkit,concat,721e3c494613d3aa378fb20e47d69b51245b538e
esol,2a4331f10b97d5ab,Cc1ccc(-c2ccccc2)cc1,aqueous_solubility,log10(mol/L),train,c1ccc(-c2ccccc2)cc1,-4.619999885559082,-3.5691532484523663,-5.360805659390779,-1.7775008375139527,scaffold,2026,hybrid_concat,edge_gnn,rdkit,concat,721e3c494613d3aa378fb20e47d69b51245b538e
esol,93239662ab8fbc9f,Cc1ccc(Br)cc1,aqueous_solubility,log10(mol/L),train,c1ccccc1,-3.190000057220459,-4.614385998947686,-6.406038409886099,-2.8227335880092723,scaffold,2026,hybrid_concat,edge_gnn,rdkit,concat,721e3c494613d3aa378fb20e47d69b51245b538e
esol,5a420868d7b8f3d4,Cc1ccc(C(C)C)c(O)c1,aqueous_solubility,log10(mol/L),train,c1ccccc1,-2.2200000286102295,-3.41451583337785,-5.206168244316263,-1.6228634224394365,scaffold,2026,hybrid_concat,edge_gnn,rdkit,concat,721e3c494613d3aa378fb20e47d69b51245b538e
esol,55d42f10edd4630a,Cc1ccc(C(C)C)cc1,aqueous_solubility,log10(mol/L),train,c1ccccc1,-3.7699999809265137,-6.934637641106866,-8.726290052045279,-5.142985230168453,scaffold,2026,hybrid_concat,edge_gnn,rdkit,concat,721e3c494613d3aa378fb20e47d69b51245b538e
esol,80356e4fbac18ade,Cc1ccc(C(C)C)cc1O,aqueous_solubility,log10(mol/L),train,c1ccccc1,-2.0799999237060547,-2.9536013202789597,-4.745253731217373,-1.1619489093405462,scaffold,2026,hybrid_concat,edge_gnn,rdkit,concat,721e3c494613d3aa378fb20e47d69b51245b538e
esol,b3cdd1fa6b9ddc97,Cc1ccc(C)c(C)c1,aqueous_solubility,log10(mol/L),train,c1ccccc1,-3.309999942779541,-2.1995334336504637,-3.9911858445888773,-0.4078810227120502,scaffold,2026,hybrid_concat,edge_gnn,rdkit,concat,721e3c494613d3aa378fb20e47d69b51245b538e
esol,c41a4db964d8c35c,Cc1ccc(C)c2ccccc12,aqueous_solubility,log10(mol/L),train,c1ccc2ccccc2c1,-4.139999866485596,-0.7277202110623859,-2.5193726220007995,1.0639321998760276,scaffold,2026,hybrid_concat,edge_gnn,rdkit,concat,721e3c494613d3aa378fb20e47d69b51245b538e
esol,e70d51f4f2d7e744,Cc1ccc(C)cc1,aqueous_solubility,log10(mol/L),train,c1ccccc1,-2.7699999809265137,-3.4020982060108076,-5.193750616949221,-1.610445795072394,scaffold,2026,hybrid_concat,edge_gnn,rdkit,concat,721e3c494613d3aa378fb20e47d69b51245b538e
esol,407f9df507c39d4f,Cc1ccc(Cl)cc1,aqueous_solubility,log10(mol/L),train,c1ccccc1,-3.0799999237060547,-1.984925149632332,-3.7765775605707455,-0.19327273869391837,scaffold,2026,hybrid_concat,edge_gnn,rdkit,concat,721e3c494613d3aa378fb20e47d69b51245b538e
esol,01cfad37701e8c61,Cc1ccc(N)cc1,aqueous_solubility,log10(mol/L),train,c1ccccc1,-1.2100000381469727,-0.9196439173937738,-2.711296328332187,0.8720084935446397,scaffold,2026,hybrid_concat,edge_gnn,rdkit,concat,721e3c494613d3aa378fb20e47d69b51245b538e
esol,5140ae913c5e9340,Cc1ccc(N=CN(C)C=Nc2ccc(C)cc2C)c(C)c1,aqueous_solubility,log10(mol/L),validation,C(=Nc1ccccc1)NC=Nc1ccccc1,-5.46999979019165,-4.198248368311224,-5.989900779249638,-2.40659595737281,scaffold,2026,hybrid_concat,edge_gnn,rdkit,concat,721e3c494613d3aa378fb20e47d69b51245b538e
esol,ec39337ff30f2e1c,Cc1ccc(NC(=O)N(C)C)cc1Cl,aqueous_solubility,log10(mol/L),train,c1ccccc1,-3.4830000400543213,-3.134309478895599,-4.925961889834013,-1.3426570679571856,scaffold,2026,hybrid_concat,edge_gnn,rdkit,concat,721e3c494613d3aa378fb20e47d69b51245b538e
esol,543e85576d5b1ad7,Cc1ccc(O)c(C)c1,aqueous_solubility,log10(mol/L),train,c1ccccc1,-1.190000057220459,-2.3818323447138425,-4.173484755652256,-0.590179933775429,scaffold,2026,hybrid_concat,edge_gnn,rdkit,concat,721e3c494613d3aa378fb20e47d69b51245b538e
esol,807595891e8d435d,Cc1ccc(O)cc1,aqueous_solubility,log10(mol/L),train,c1ccccc1,-0.7300000190734863,-1.4395267184635467,-3.2311791294019603,0.3521256924748668,scaffold,2026,hybrid_concat,edge_gnn,rdkit,concat,721e3c494613d3aa378fb20e47d69b51245b538e
esol,6d71e1108f6d1e43,Cc1ccc(O)cc1C,aqueous_solubility,log10(mol/L),train,c1ccccc1,-1.3799999952316284,-8.592680370896543,-10.384332781834956,-6.80102795995813,scaffold,2026,hybrid_concat,edge_gnn,rdkit,concat,721e3c494613d3aa378fb20e47d69b51245b538e
esol,be3de4bd034b2ced,Cc1ccc(OP(=O)(Oc2cccc(C)c2)Oc2ccccc2C)cc1,aqueous_solubility,log10(mol/L),calibration,O=P(Oc1ccccc1)(Oc1ccccc1)Oc1ccccc1,-6.010000228881836,-4.70606526452121,-6.497717675459624,-2.9144128535827964,scaffold,2026,hybrid_concat,edge_gnn,rdkit,concat,721e3c494613d3aa378fb20e47d69b51245b538e
esol,a1641c5766fa1d1e,Cc1ccc(S(N)(=O)=O)cc1,aqueous_solubility,log10(mol/L),train,c1ccccc1,-1.7400000095367432,-1.816632773109598,-3.6082851840480115,-0.024980362171184378,scaffold,2026,hybrid_concat,edge_gnn,rdkit,concat,721e3c494613d3aa378fb20e47d69b51245b538e
esol,b040d11e09a9051b,Cc1ccc([N+](=O)[O-])cc1,aqueous_solubility,log10(mol/L),train,c1ccccc1,-2.490000009536743,-2.12276965278778,-3.9144220637261937,-0.33111724184936664,scaffold,2026,hybrid_concat,edge_gnn,rdkit,concat,721e3c494613d3aa378fb20e47d69b51245b538e
esol,2514a688d2813b05,Cc1ccc([N+](=O)[O-])cc1[N+](=O)[O-],aqueous_solubility,log10(mol/L),train,c1ccccc1,-2.819999933242798,-0.510726369885866,-2.3023787808242795,1.2809260410525476,scaffold,2026,hybrid_concat,edge_gnn,rdkit,concat,721e3c494613d3aa378fb20e47d69b51245b538e
esol,75d407b5695faf1e,Cc1ccc2c(c1)C(=O)N(C)c1cc(N)ccc1O2,aqueous_solubility,log10(mol/L),train,O=C1Nc2ccccc2Oc2ccccc21,-3.927999973297119,-5.233356650467691,-7.025009061406104,-3.4417042395292774,scaffold,2026,hybrid_concat,edge_gnn,rdkit,concat,721e3c494613d3aa378fb20e47d69b51245b538e
esol,cf6110a1ac72a9f2,Cc1ccc2c(c1)Oc1ncc(N)cc1C(=O)N2C,aqueous_solubility,log10(mol/L),calibration,O=C1Nc2ccccc2Oc2ncccc21,-3.0429999828338623,-3.1870459507700506,-4.978698361708464,-1.395393539831637,scaffold,2026,hybrid_concat,edge_gnn,rdkit,concat,721e3c494613d3aa378fb20e47d69b51245b538e
esol,484807ab7d19194e,Cc1ccc2c(ccc3c4c5c(cccc5cc32)CC4)c1,aqueous_solubility,log10(mol/L),train,c1cc2c3c(c4ccc5ccccc5c4cc3c1)CC2,-7.920000076293945,-2.6218008674089197,-4.413453278347333,-0.8301484564705062,scaffold,2026,hybrid_concat,edge_gnn,rdkit,concat,721e3c494613d3aa378fb20e47d69b51245b538e
esol,0d7d0a46ef5fcffa,Cc1ccc2c(ccc3ccccc32)c1,aqueous_solubility,log10(mol/L),train,c1ccc2c(c1)ccc1ccccc12,-5.840000152587891,-4.50969879790106,-6.301351208839474,-2.7180463869626466,scaffold,2026,hybrid_concat,edge_gnn,rdkit,concat,721e3c494613d3aa378fb20e47d69b51245b538e
esol,f21bb8ad915e950d,Cc1ccc2cc(C)ccc2c1,aqueous_solubility,log10(mol/L),train,c1ccc2ccccc2c1,-4.889999866485596,-2.295651335663472,-4.087303746601886,-0.5039989247250585,scaffold,2026,hybrid_concat,edge_gnn,rdkit,concat,721e3c494613d3aa378fb20e47d69b51245b538e
esol,6a4cbbb1228ffe70,Cc1ccc2cc3ccccc3cc2c1,aqueous_solubility,log10(mol/L),calibration,c1ccc2cc3ccccc3cc2c1,-6.960000038146973,-5.498567254593011,-7.290219665531424,-3.7069148436545976,scaffold,2026,hybrid_concat,edge_gnn,rdkit,concat,721e3c494613d3aa378fb20e47d69b51245b538e
esol,7c337e72c4fb8697,Cc1ccc2ccc(C)nc2c1,aqueous_solubility,log10(mol/L),calibration,c1ccc2ncccc2c1,-1.940000057220459,-3.3519736846435104,-5.143626095581924,-1.5603212737050969,scaffold,2026,hybrid_concat,edge_gnn,rdkit,concat,721e3c494613d3aa378fb20e47d69b51245b538e
esol,62365c0b67433ee7,Cc1ccc2ccccc2c1,aqueous_solubility,log10(mol/L),train,c1ccc2ccccc2c1,-3.7699999809265137,-2.023338267762916,-3.8149906787013297,-0.2316858568245026,scaffold,2026,hybrid_concat,edge_gnn,rdkit,concat,721e3c494613d3aa378fb20e47d69b51245b538e
esol,39db8370e4db7035,Cc1cccc(C)c1,aqueous_solubility,log10(mol/L),train,c1ccccc1,-2.819999933242798,0.029919833000517038,-1.7617325779378965,1.8215722439389306,scaffold,2026,hybrid_concat,edge_gnn,rdkit,concat,721e3c494613d3aa378fb20e47d69b51245b538e
esol,84bea6e6f81eeef8,Cc1cccc(C)c1C,aqueous_solubility,log10(mol/L),train,c1ccccc1,-3.200000047683716,-8.511923687911981,-10.303576098850394,-6.720271276973568,scaffold,2026,hybrid_concat,edge_gnn,rdkit,concat,721e3c494613d3aa378fb20e47d69b51245b538e
esol,ca35ffe188dcb62e,Cc1cccc(C)c1NC(=O)c1cc(S(N)(=O)=O)c(Cl)cc1O,aqueous_solubility,log10(mol/L),test,O=C(Nc1ccccc1)c1ccccc1,-3.7899999618530273,-3.805179251705874,-5.596831662644288,-2.0135268407674602,scaffold,2026,hybrid_concat,edge_gnn,rdkit,concat,721e3c494613d3aa378fb20e47d69b51245b538e
esol,9e3832bcb765a66a,Cc1cccc(C)c1O,aqueous_solubility,log10(mol/L),train,c1ccccc1,-1.2899999618530273,-4.35569394544622,-6.147346356384633,-2.564041534507806,scaffold,2026,hybrid_concat,edge_gnn,rdkit,concat,721e3c494613d3aa378fb20e47d69b51245b538e
esol,09c3568484741bd2,Cc1cccc(C)n1,aqueous_solubility,log10(mol/L),validation,c1ccncc1,0.44999998807907104,-2.0299482602620627,-3.821600671200476,-0.2382958493236491,scaffold,2026,hybrid_concat,edge_gnn,rdkit,concat,721e3c494613d3aa378fb20e47d69b51245b538e
esol,f8b18cec21f70926,Cc1cccc(N)c1,aqueous_solubility,log10(mol/L),train,c1ccccc1,-0.8500000238418579,-7.250338504217689,-9.041990915156102,-5.458686093279276,scaffold,2026,hybrid_concat,edge_gnn,rdkit,concat,721e3c494613d3aa378fb20e47d69b51245b538e
esol,e5c2622998da5c45,Cc1cccc(O)c1,aqueous_solubility,log10(mol/L),train,c1ccccc1,-0.6800000071525574,-2.9651962098320883,-4.756848620770501,-1.1735437988936748,scaffold,2026,hybrid_concat,edge_gnn,rdkit,concat,721e3c494613d3aa378fb20e47d69b51245b538e
esol,5bbfd578bb7356ff,Cc1cccc([N+](=O)[O-])c1,aqueous_solubility,log10(mol/L),train,c1ccccc1,-2.440000057220459,0.9807047209085296,-0.810947690029884,2.772357131846943,scaffold,2026,hybrid_concat,edge_gnn,rdkit,concat,721e3c494613d3aa378fb20e47d69b51245b538e
esol,fbc530657b31c9ba,Cc1cccc2c(C)cccc12,aqueous_solubility,log10(mol/L),train,c1ccc2ccccc2c1,-4.678999900817871,-6.155699409671715,-7.947351820610129,-4.364046998733301,scaffold,2026,hybrid_concat,edge_gnn,rdkit,concat,721e3c494613d3aa378fb20e47d69b51245b538e
esol,0dd4170e780f9e1b,Cc1cccc2c1Cc1ccccc1-2,aqueous_solubility,log10(mol/L),validation,c1ccc2c(c1)Cc1ccccc1-2,-5.21999979019165,-5.282383361321051,-7.074035772259464,-3.490730950382637,scaffold,2026,hybrid_concat,edge_gnn,rdkit,concat,721e3c494613d3aa378fb20e47d69b51245b538e
esol,92d50cda130f67ac,Cc1cccc2c1ccc1ccccc12,aqueous_solubility,log10(mol/L),train,c1ccc2c(c1)ccc1ccccc12,-5.849999904632568,-1.0419730651832713,-2.833625476121685,0.7496793457551423,scaffold,2026,hybrid_concat,edge_gnn,rdkit,concat,721e3c494613d3aa378fb20e47d69b51245b538e
esol,629d13feb3a3b8cd,Cc1cccc2ccccc12,aqueous_solubility,log10(mol/L),train,c1ccc2ccccc2c1,-3.700000047683716,0.3082562310159842,-1.4833961799224293,2.0999086419543977,scaffold,2026,hybrid_concat,edge_gnn,rdkit,concat,721e3c494613d3aa378fb20e47d69b51245b538e
esol,b79b110dff884a0e,Cc1cccc2sc3nncn3c12,aqueous_solubility,log10(mol/L),test,c1ccc2c(c1)sc1nncn12,-2.069999933242798,-2.4608766142272245,-4.252529025165638,-0.6692242032888109,scaffold,2026,hybrid_concat,edge_gnn,rdkit,concat,721e3c494613d3aa378fb20e47d69b51245b538e
esol,613c1068601fad75,Cc1ccccc1,aqueous_solubility,log10(mol/L),train,c1ccccc1,-2.2100000381469727,-0.2514450242991755,-2.043097435237589,1.540207386639238,scaffold,2026,hybrid_concat,edge_gnn,rdkit,concat,721e3c494613d3aa378fb20e47d69b51245b538e
esol,e3961bd7a5f3a550,Cc1ccccc1-n1c(C)nc2ccccc2c1=O,aqueous_solubility,log10(mol/L),test,O=c1c2ccccc2ncn1-c1ccccc1,-2.924999952316284,-3.8964391397376112,-5.688091550676025,-2.1047867287991977,scaffold,2026,hybrid_concat,edge_gnn,rdkit,concat,721e3c494613d3aa378fb20e47d69b51245b538e
esol,2ff33823d5772c05,Cc1ccccc1Br,aqueous_solubility,log10(mol/L),train,c1ccccc1,-2.2300000190734863,-2.7578108328827775,-4.549463243821191,-0.966158421944364,scaffold,2026,hybrid_concat,edge_gnn,rdkit,concat,721e3c494613d3aa378fb20e47d69b51245b538e
esol,c0b1929de20edfb4,Cc1ccccc1C,aqueous_solubility,log10(mol/L),train,c1ccccc1,-2.799999952316284,-2.868464182989291,-4.660116593927705,-1.0768117720508776,scaffold,2026,hybrid_concat,edge_gnn,rdkit,concat,721e3c494613d3aa378fb20e47d69b51245b538e
esol,00f0fa1f0651f60d,Cc1ccccc1C(C)C,aqueous_solubility,log10(mol/L),train,c1ccccc1,-3.759999990463257,-6.599108593476548,-8.390761004414962,-4.807456182538134,scaffold,2026,hybrid_concat,edge_gnn,rdkit,concat,721e3c494613d3aa378fb20e47d69b51245b538e
esol,a7f475b5b8228872,Cc1ccccc1Cl,aqueous_solubility,log10(mol/L),train,c1ccccc1,-3.5199999809265137,-1.6510952474363876,-3.442747658374801,0.14055716350202596,scaffold,2026,hybrid_concat,edge_gnn,rdkit,concat,721e3c494613d3aa378fb20e47d69b51245b538e
esol,0dd4c8702dc1fdce,Cc1ccccc1N,aqueous_solubility,log10(mol/L),train,c1ccccc1,-2.2100000381469727,-1.7590851138612564,-3.55073752479967,0.03256729707715711,scaffold,2026,hybrid_concat,edge_gnn,rdkit,concat,721e3c494613d3aa378fb20e47d69b51245b538e
esol,a7dff4308003efd2,Cc1ccccc1N1C(=O)c2cc(S(N)(=O)=O)c(Cl)cc2NC1C,aqueous_solubility,log10(mol/L),train,O=C1c2ccccc2NCN1c1ccccc1,-3.7799999713897705,-1.215899337010844,-3.0075517479492575,0.5757530739275696,scaffold,2026,hybrid_concat,edge_gnn,rdkit,concat,721e3c494613d3aa378fb20e47d69b51245b538e
esol,24d16ceffc604697,Cc1ccccc1O,aqueous_solubility,log10(mol/L),train,c1ccccc1,-0.6200000047683716,-4.301251245874505,-6.0929036568129185,-2.509598834936092,scaffold,2026,hybrid_concat,edge_gnn,rdkit,concat,721e3c494613d3aa378fb20e47d69b51245b538e
esol,805826dee21e2541,Cc1ccccc1[N+](=O)[O-],aqueous_solubility,log10(mol/L),train,c1ccccc1,-2.3299999237060547,-1.3942701621051259,-3.1859225730435394,0.39738224883328765,scaffold,2026,hybrid_concat,edge_gnn,rdkit,concat,721e3c494613d3aa378fb20e47d69b51245b538e
esol,474ee05eaf81182e,Cc1cccnc1C,aqueous_solubility,log10(mol/L),validation,c1ccncc1,0.3799999952316284,-1.9694576667775645,-3.761110077715978,-0.17780525583915097,scaffold,2026,hybrid_concat,edge_gnn,rdkit,concat,721e3c494613d3aa378fb20e47d69b51245b538e
esol,c62348f6c851f984,Cc1ccnc(C)c1,aqueous_solubility,log10(mol/L),validation,c1ccncc1,0.3799999952316284,-1.9271244414297475,-3.718776852368161,-0.13547203049133394,scaffold,2026,hybrid_concat,edge_gnn,rdkit,concat,721e3c494613d3aa378fb20e47d69b51245b538e
esol,4de2045f3a11fa0a,Cc1ccnc2c1NC(=O)c1cccnc1N2C1CC1,aqueous_solubility,log10(mol/L),validation,O=C1Nc2cccnc2N(C2CC2)c2ncccc21,-3.190000057220459,-3.488950237057816,-5.280602647996229,-1.6972978261194025,scaffold,2026,hybrid_concat,edge_gnn,rdkit,concat,721e3c494613d3aa378fb20e47d69b51245b538e
esol,acc76910d8f4ff6b,Cc1ccncc1C,aqueous_solubility,log10(mol/L),validation,c1ccncc1,0.36000001430511475,-1.978098505631265,-3.7697509165696785,-0.18644609469285145,scaffold,2026,hybrid_concat,edge_gnn,rdkit,concat,721e3c494613d3aa378fb20e47d69b51245b538e
esol,ee3c8e9fe56171f6,Cc1cnc2cncnc2n1,aqueous_solubility,log10(mol/L),calibration,c1cnc2ncncc2n1,-0.8539999723434448,-1.991671408455445,-3.7833238193938588,-0.20001899751703145,scaffold,2026,hybrid_concat,edge_gnn,rdkit,concat,721e3c494613d3aa378fb20e47d69b51245b538e
esol,b7bc00c49d3331ef,Cc1cncc(C)c1,aqueous_solubility,log10(mol/L),validation,c1ccncc1,0.3799999952316284,-2.0081702719912173,-3.799822682929631,-0.2165178610528038,scaffold,2026,hybrid_concat,edge_gnn,rdkit,concat,721e3c494613d3aa378fb20e47d69b51245b538e
esol,042b34bcb74741d5,Cc1nc(N(C)C)nc(OC(=O)N(C)C)c1C,aqueous_solubility,log10(mol/L),test,c1cncnc1,-1.9500000476837158,-2.3517855306303184,-4.143437941568732,-0.5601331196919048,scaffold,2026,hybrid_concat,edge_gnn,rdkit,concat,721e3c494613d3aa378fb20e47d69b51245b538e
esol,cec71bf80bd8f6e3,Cc1ncc([N+](=O)[O-])n1CCO,aqueous_solubility,log10(mol/L),train,c1c[nH]cn1,-1.2400000095367432,-2.7576852198361124,-4.5493376307745255,-0.9660328088976988,scaffold,2026,hybrid_concat,edge_gnn,rdkit,concat,721e3c494613d3aa378fb20e47d69b51245b538e
esol,1cb0421cc2c2827f,Cc1ncc2nccnc2n1,aqueous_solubility,log10(mol/L),calibration,c1cnc2ncncc2n1,-0.11999999731779099,-2.006625800787733,-3.7982782117261467,-0.21497338984931957,scaffold,2026,hybrid_concat,edge_gnn,rdkit,concat,721e3c494613d3aa378fb20e47d69b51245b538e
esol,cfa09bff2b7e2c4b,Cc1ncnc2nccnc12,aqueous_solubility,log10(mol/L),calibration,c1cnc2ncncc2n1,-0.4659999907016754,-2.0365330913040207,-3.8281855022424343,-0.24488068036560717,scaffold,2026,hybrid_concat,edge_gnn,rdkit,concat,721e3c494613d3aa378fb20e47d69b51245b538e
esol,284d1cdd17c0d81f,Cc1nnc2n1-c1ccc(Cl)cc1C(c1ccccc1Cl)=NC2,aqueous_solubility,log10(mol/L),calibration,c1ccc(C2=NCc3nncn3-c3ccccc32)cc1,-4.090000152587891,-4.972393491566782,-6.764045902505195,-3.1807410806283687,scaffold,2026,hybrid_concat,edge_gnn,rdkit,concat,721e3c494613d3aa378fb20e47d69b51245b538e
esol,ec2b7fe9f13b2d9c,Cc1occc1C(=O)Nc1ccccc1,aqueous_solubility,log10(mol/L),validation,O=C(Nc1ccccc1)c1ccoc1,-3.299999952316284,-2.407113961307815,-4.1987663722462285,-0.6154615503694014,scaffold,2026,hybrid_concat,edge_gnn,rdkit,concat,721e3c494613d3aa378fb20e47d69b51245b538e
esol,cdc579c966071175,Cl/C=C\Cl,aqueous_solubility,log10(mol/L),train,,-1.2999999523162842,-0.7615214313178811,-2.5531738422562946,1.0301309796205325,scaffold,2026,hybrid_concat,edge_gnn,rdkit,concat,721e3c494613d3aa378fb20e47d69b51245b538e
esol,02468b6be0148620,ClC(Br)Br,aqueous_solubility,log10(mol/L),train,,-1.899999976158142,-4.972693994670687,-6.7643464056091,-3.181041583732273,scaffold,2026,hybrid_concat,edge_gnn,rdkit,concat,721e3c494613d3aa378fb20e47d69b51245b538e
esol,0ca70198c63a232f,ClC(Cl)(Cl)C(Cl)(Cl)Cl,aqueous_solubility,log10(mol/L),train,,-3.6700000762939453,-1.405793511838172,-3.1974459227765855,0.3858588991002416,scaffold,2026,hybrid_concat,edge_gnn,rdkit,concat,721e3c494613d3aa378fb20e47d69b51245b538e
esol,d2ba0174e7c2c4be,ClC(Cl)(Cl)Cl,aqueous_solubility,log10(mol/L),train,,-2.309999942779541,0.33039185862131015,-1.4612605523171034,2.1220442695597237,scaffold,2026,hybrid_concat,edge_gnn,rdkit,concat,721e3c494613d3aa378fb20e47d69b51245b538e
esol,41b1caa188d009ed,ClC(Cl)=C(Cl)C(Cl)=C(Cl)Cl,aqueous_solubility,log10(mol/L),train,,-4.920000076293945,-0.7229657116745845,-2.514618122612998,1.068686699263829,scaffold,2026,hybrid_concat,edge_gnn,rdkit,concat,721e3c494613d3aa378fb20e47d69b51245b538e
esol,0a598a4f3d7fd0d1,ClC(Cl)=C(Cl)Cl,aqueous_solubility,log10(mol/L),train,,-2.5399999618530273,-1.2184825401049153,-3.010134951043329,0.5731698708334982,scaffold,2026,hybrid_concat,edge_gnn,rdkit,concat,721e3c494613d3aa378fb20e47d69b51245b538e
esol,4ab2bc44793c9976,ClC(Cl)=C(c1ccc(Cl)cc1)c1ccc(Cl)cc1,aqueous_solubility,log10(mol/L),calibration,C=C(c1ccccc1)c1ccccc1,-6.900000095367432,-6.991176212366675,-8.782828623305088,-5.199523801428262,scaffold,2026,hybrid_concat,edge_gnn,rdkit,concat,721e3c494613d3aa378fb20e47d69b51245b538e
esol,67aa014f03d20911,ClC(Cl)Br,aqueous_solubility,log10(mol/L),train,,-1.5399999618530273,-1.1699957546773083,-2.961648165615722,0.6216566562611052,scaffold,2026,hybrid_concat,edge_gnn,rdkit,concat,721e3c494613d3aa378fb20e47d69b51245b538e
esol,54b833be7f8d53bc,ClC(Cl)C(Cl)(Cl)Cl,aqueous_solubility,log10(mol/L),train,,-2.5999999046325684,-2.6163784239699552,-4.408030834908368,-0.8247260130315417,scaffold,2026,hybrid_concat,edge_gnn,rdkit,concat,721e3c494613d3aa378fb20e47d69b51245b538e
esol,84612cb9c965a207,ClC(Cl)C(Cl)Cl,aqueous_solubility,log10(mol/L),train,,-1.7400000095367432,-5.743046730504766,-7.534699141443179,-3.951394319566352,scaffold,2026,hybrid_concat,edge_gnn,rdkit,concat,721e3c494613d3aa378fb20e47d69b51245b538e
esol,98805ccd27cea784,ClC(Cl)Cl,aqueous_solubility,log10(mol/L),train,,-1.1699999570846558,-2.782631362785473,-4.574283773723886,-0.9909789518470595,scaffold,2026,hybrid_concat,edge_gnn,rdkit,concat,721e3c494613d3aa378fb20e47d69b51245b538e
esol,06320f68e141f9e5,ClC1(Cl)C2(Cl)C3(Cl)C4(Cl)C(Cl)(Cl)C5(Cl)C3(Cl)C1(Cl)C5(Cl)C24Cl,aqueous_solubility,log10(mol/L),calibration,C1C2C3C4CC5C3C1C5C24,-6.800000190734863,-6.038774536477986,-7.830426947416399,-4.247122125539573,scaffold,2026,hybrid_concat,edge_gnn,rdkit,concat,721e3c494613d3aa378fb20e47d69b51245b538e
esol,e4dfffaeb7fece39,ClC1=C(Cl)C(Cl)(C2(Cl)C(Cl)=C(Cl)C(Cl)=C2Cl)C(Cl)=C1Cl,aqueous_solubility,log10(mol/L),test,C1=CC(C2C=CC=C2)C=C1,-7.2779998779296875,-7.600396649811284,-9.392049060749697,-5.808744238872871,scaffold,2026,hybrid_concat,edge_gnn,rdkit,concat,721e3c494613d3aa378fb20e47d69b51245b538e
esol,75fac8bbc9bd1273,ClC1=C(Cl)C2(Cl)C3C(Cl)C(Cl)CC3C1(Cl)C2(Cl)Cl,aqueous_solubility,log10(mol/L),train,C1=CC2CC1C1CCCC21,-6.860000133514404,1.1186311033902205,-0.673021307548193,2.910283514328634,scaffold,2026,hybrid_concat,edge_gnn,rdkit,concat,721e3c494613d3aa378fb20e47d69b51245b538e
esol,ff8fb7708cb3f0c6,ClC1=C(Cl)C2(Cl)C3C(Cl)C=CC3C1(Cl)C2(Cl)Cl,aqueous_solubility,log10(mol/L),train,C1=CC2C3C=CC(C3)C2C1,-6.316999912261963,-3.5710160927732932,-5.362668503711706,-1.7793636818348797,scaffold,2026,hybrid_concat,edge_gnn,rdkit,concat,721e3c494613d3aa378fb20e47d69b51245b538e
esol,c61121c1c8eea03b,ClC1=C(Cl)C2(Cl)C3C4C=CC(C4)C3C1(Cl)C2(Cl)Cl,aqueous_solubility,log10(mol/L),calibration,C1=CC2CC1C1C3C=CC(C3)C21,-6.307000160217285,-5.886020704502649,-7.677673115441063,-4.094368293564235,scaffold,2026,hybrid_concat,edge_gnn,rdkit,concat,721e3c494613d3aa378fb20e47d69b51245b538e
esol,602d941d17fdc2a1,ClC1=C(Cl)C2(Cl)C3C4CC(C5OC45)C3C1(Cl)C2(Cl)Cl,aqueous_solubility,log10(mol/L),test,C1=CC2CC1C1C3CC(C4OC34)C21,-6.289999961853027,-5.490685084474587,-7.282337495413001,-3.699032673536174,scaffold,2026,hybrid_concat,edge_gnn,rdkit,concat,721e3c494613d3aa378fb20e47d69b51245b538e
esol,c0c11f69a53518bf,ClC1=C(Cl)C2(Cl)C3CC=CC3C1(Cl)C2(Cl)Cl,aqueous_solubility,log10(mol/L),train,C1=CC2C3C=CC(C3)C2C1,-5.639999866485596,-4.573562759860841,-6.365215170799255,-2.7819103489224273,scaffold,2026,hybrid_concat,edge_gnn,rdkit,concat,721e3c494613d3aa378fb20e47d69b51245b538e
esol,acc3e463d708804a,ClC1C(Cl)C(Cl)C(Cl)C(Cl)C1Cl,aqueous_solubility,log10(mol/L),test,C1CCCCC1,-4.639999866485596,-3.3403728184972254,-5.132025229435639,-1.548720407558812,scaffold,2026,hybrid_concat,edge_gnn,rdkit,concat,721e3c494613d3aa378fb20e47d69b51245b538e
esol,d8c7cd86e810e44c,ClC=C(Cl)Cl,aqueous_solubility,log10(mol/L),train,,-1.9600000381469727,-6.223963339513258,-8.015615750451671,-4.432310928574845,scaffold,2026,hybrid_concat,edge_gnn,rdkit,concat,721e3c494613d3aa378fb20e47d69b51245b538e
esol,799ae202d8673e0d,ClCBr,aqueous_solubility,log10(mol/L),train,,-0.8899999856948853,-0.9978569623309601,-2.7895093732693734,0.7937954486074534,scaffold,2026,hybrid_concat,edge_gnn,rdkit,concat,721e3c494613d3aa378fb20e47d69b51245b538e
esol,2f88b15161704fe1,ClCC(Cl)(Cl)Cl,aqueous_solubility,log10(mol/L),train,,-2.180000066757202,-2.8915414079049295,-4.683193818843343,-1.099888996966516,scaffold,2026,hybrid_concat,edge_gnn,rdkit,concat,721e3c494613d3aa378fb20e47d69b51245b538e
esol,a707f7db404f8b28,ClCC(Cl)Cl,aqueous_solubility,log10(mol/L),train,,-1.4800000190734863,-6.18405236760581,-7.975704778544223,-4.392399956667397,scaffold,2026,hybrid_concat,edge_gnn,rdkit,concat,721e3c494613d3aa378fb20e47d69b51245b538e
esol,8842b999c889ea96,ClCCBr,aqueous_solubility,log10(mol/L),train,,-1.3200000524520874,-1.2240088567329381,-3.0156612676713515,0.5676435542054754,scaffold,2026,hybrid_concat,edge_gnn,rdkit,concat,721e3c494613d3aa378fb20e47d69b51245b538e
esol,02febcd9230316dc,ClCCCCl,aqueous_solubility,log10(mol/L),train,,-1.6200000047683716,-5.199735684261794,-6.991388095200207,-3.408083273323381,scaffold,2026,hybrid_concat,edge_gnn,rdkit,concat,721e3c494613d3aa378fb20e47d69b51245b538e
esol,9568f991b43a2bb3,ClCCCl,aqueous_solubility,log10(mol/L),train,,-1.059999942779541,-2.3153218576554977,-4.106974268593911,-0.5236694467170842,scaffold,2026,hybrid_concat,edge_gnn,rdkit,concat,721e3c494613d3aa378fb20e47d69b51245b538e
esol,ff331298818c6b38,ClCCl,aqueous_solubility,log10(mol/L),train,,-0.6299999952316284,-3.363008328354155,-5.154660739292568,-1.5713559174157417,scaffold,2026,hybrid_concat,edge_gnn,rdkit,concat,721e3c494613d3aa378fb20e47d69b51245b538e
esol,aafa74db54a6879c,ClCc1ccccc1,aqueous_solubility,log10(mol/L),train,c1ccccc1,-2.390000104904175,-5.705088192049659,-7.496740602988073,-3.9134357811112452,scaffold,2026,hybrid_concat,edge_gnn,rdkit,concat,721e3c494613d3aa378fb20e47d69b51245b538e
esol,f7d72e8c224bfbc6,Clc1c(Cl)c(Cl)c(-c2c(Cl)c(Cl)c(Cl)c(Cl)c2Cl)c(Cl)c1Cl,aqueous_solubility,log10(mol/L),train,c1ccc(-c2ccccc2)cc1,-11.600000381469727,-5.167237600378127,-6.958890011316541,-3.3755851894397133,scaffold,2026,hybrid_concat,edge_gnn,rdkit,concat,721e3c494613d3aa378fb20e47d69b51245b538e
esol,d6d8debb73fe7fc2,Clc1c(Cl)c(Cl)c(-c2ccccc2)c(Cl)c1Cl,aqueous_solubility,log10(mol/L),train,c1ccc(-c2ccccc2)cc1,-7.920000076293945,-2.565891153281029,-4.3575435642194424,-0.7742387423426154,scaffold,2026,hybrid_concat,edge_gnn,rdkit,concat,721e3c494613d3aa378fb20e47d69b51245b538e
esol,8d2e833fc0a927e0,Clc1c(Cl)c(Cl)c2nccnc2c1Cl,aqueous_solubility,log10(mol/L),validation,c1ccc2nccnc2c1,-5.429999828338623,-5.547366376778973,-7.339018787717386,-3.755713965840559,scaffold,2026,hybrid_concat,edge_gnn,rdkit,concat,721e3c494613d3aa378fb20e47d69b51245b538e
esol,2961e60af2c2e639,Clc1cc(-c2cc(Cl)c(Cl)c(Cl)c2Cl)c(Cl)c(Cl)c1Cl,aqueous_solubility,log10(mol/L),train,c1ccc(-c2ccccc2)cc1,-9.15999984741211,-2.7789004819783143,-4.570552892916728,-0.9872480710399008,scaffold,2026,hybrid_concat,edge_gnn,rdkit,concat,721e3c494613d3aa378fb20e47d69b51245b538e
esol,774278a3eb0e299f,Clc1cc(Cl)c(-c2c(Cl)cc(Cl)cc2Cl)c(Cl)c1,aqueous_solubility,log10(mol/L),train,c1ccc(-c2ccccc2)cc1,-8.710000038146973,0.19222880305062473,-1.5994236078877888,1.9838812139890383,scaffold,2026,hybrid_concat,edge_gnn,rdkit,concat,721e3c494613d3aa378fb20e47d69b51245b538e
esol,65c97c9a853ac7b7,Clc1cc(Cl)c(-c2c(Cl)cccc2Cl)c(Cl)c1,aqueous_solubility,log10(mol/L),train,c1ccc(-c2ccccc2)cc1,-7.320000171661377,-0.09991926268562157,-1.891571673624035,1.691733148252792,scaffold,2026,hybrid_concat,edge_gnn,rdkit,concat,721e3c494613d3aa378fb20e47d69b51245b538e
esol,e95750f09c02f459,Clc1cc(Cl)c(-c2cc(Cl)c(Cl)cc2Cl)cc1Cl,aqueous_solubility,log10(mol/L),train,c1ccc(-c2ccccc2)cc1,-8.5600004196167,-1.7531912367541131,-3.5448436476925265,0.038461174184300395,scaffold,2026,hybrid_concat,edge_gnn,rdkit,concat,721e3c494613d3aa378fb20e47d69b51245b538e
esol,b157946c30a80eb4,Clc1cc(Cl)c(-c2cccc(Cl)c2Cl)cc1Cl,aqueous_solubility,log10(mol/L),train,c1ccc(-c2ccccc2)cc1,-7.210000038146973,-0.17724203430622643,-1.96889444524464,1.6144103766321871,scaffold,2026,hybrid_concat,edge_gnn,rdkit,concat,721e3c494613d3aa378fb20e47d69b51245b538e
esol,a0bcec40342b3841,Clc1cc(Cl)c(Cl)c(-c2c(Cl)c(Cl)cc(Cl)c2Cl)c1Cl,aqueous_solubility,log10(mol/L),train,c1ccc(-c2ccccc2)cc1,-9.149999618530273,-3.302452918716875,-5.094105329655289,-1.5108005077784616,scaffold,2026,hybrid_concat,edge_gnn,rdkit,concat,721e3c494613d3aa378fb20e47d69b51245b538e
esol,2616b1e4874424ae,Clc1cc(Cl)c(Cl)c(Cl)c1,aqueous_solubility,log10(mol/L),train,c1ccccc1,-4.630000114440918,-3.433990562178071,-5.225642973116484,-1.6423381512396573,scaffold,2026,hybrid_concat,edge_gnn,rdkit,concat,721e3c494613d3aa378fb20e47d69b51245b538e
esol,4ae057200d12c27a,Clc1cc(Cl)c(Cl)c(Cl)c1Cl,aqueous_solubility,log10(mol/L),train,c1ccccc1,-5.650000095367432,-6.680640560125362,-8.472292971063775,-4.8889881491869485,scaffold,2026,hybrid_concat,edge_gnn,rdkit,concat,721e3c494613d3aa378fb20e47d69b51245b538e
esol,0c3f97461e3a6ac5,Clc1cc(Cl)c(Cl)cc1Cl,aqueous_solubility,log10(mol/L),train,c1ccccc1,-5.559999942779541,-1.5673495506824329,-3.359001961620846,0.22430286025598067,scaffold,2026,hybrid_concat,edge_gnn,rdkit,concat,721e3c494613d3aa378fb20e47d69b51245b538e
esol,2ed6ea5c9ed07a30,Clc1cc(Cl)cc(Cl)c1,aqueous_solubility,log10(mol/L),train,c1ccccc1,-4.480000019073486,-2.064631028008131,-3.8562834389465444,-0.27297861706971727,scaffold,2026,hybrid_concat,edge_gnn,rdkit,concat,721e3c494613d3aa378fb20e47d69b51245b538e
esol,c0af4f765a7a2f7b,Clc1ccc(-c2c(Cl)c(Cl)c(Cl)c(Cl)c2Cl)c(Cl)c1,aqueous_solubility,log10(mol/L),train,c1ccc(-c2ccccc2)cc1,-7.920000076293945,-3.7461947596967957,-5.537847170635209,-1.9545423487583822,scaffold,2026,hybrid_concat,edge_gnn,rdkit,concat,721e3c494613d3aa378fb20e47d69b51245b538e
esol,b77c693b7971506a,Clc1ccc(-c2c(Cl)cc(Cl)c(Cl)c2Cl)c(Cl)c1Cl,aqueous_solubility,log10(mol/L),train,c1ccc(-c2ccccc2)cc1,-7.659999847412109,-1.3690191755510803,-3.160671586489494,0.4226332353873332,scaffold,2026,hybrid_concat,edge_gnn,rdkit,concat,721e3c494613d3aa378fb20e47d69b51245b538e
esol,74e4508e371d2f48,Clc1ccc(-c2c(Cl)ccc(Cl)c2Cl)c(Cl)c1,aqueous_solubility,log10(mol/L),train,c1ccc(-c2ccccc2)cc1,-7.429999828338623,-1.9302403980377827,-3.7218928089761962,-0.13858798709936915,scaffold,2026,hybrid_concat,edge_gnn,rdkit,concat,721e3c494613d3aa378fb20e47d69b51245b538e
esol,cb495e06db8d7232,Clc1ccc(-c2c(Cl)cccc2Cl)cc1,aqueous_solubility,log10(mol/L),train,c1ccc(-c2ccccc2)cc1,-6.139999866485596,-5.500015024519224,-7.291667435457638,-3.7083626135808108,scaffold,2026,hybrid_concat,edge_gnn,rdkit,concat,721e3c494613d3aa378fb20e47d69b51245b538e
esol,5ee831f51afeddb2,Clc1ccc(-c2cc(Cl)c(Cl)c(Cl)c2Cl)c(Cl)c1,aqueous_solubility,log10(mol/L),train,c1ccc(-c2ccccc2)cc1,-7.389999866485596,-6.823155531768832,-8.614807942707246,-5.031503120830418,scaffold,2026,hybrid_concat,edge_gnn,rdkit,concat,721e3c494613d3aa378fb20e47d69b51245b538e
esol,1a12f3f13f6a0e9e,Clc1ccc(-c2cc(Cl)c(Cl)c(Cl)c2Cl)cc1Cl,aqueous_solubility,log10(mol/L),train,c1ccc(-c2ccccc2)cc1,-7.820000171661377,-1.256838282941198,-3.0484906938796117,0.5348141279972156,scaffold,2026,hybrid_concat,edge_gnn,rdkit,concat,721e3c494613d3aa378fb20e47d69b51245b538e
esol,8518e78fe40ac045,Clc1ccc(-c2cc(Cl)ccc2Cl)c(Cl)c1,aqueous_solubility,log10(mol/L),train,c1ccc(-c2ccccc2)cc1,-6.570000171661377,-2.3050544292083437,-4.096706840146757,-0.5134020182699301,scaffold,2026,hybrid_concat,edge_gnn,rdkit,concat,721e3c494613d3aa378fb20e47d69b51245b538e
esol,9f1b9d25fb44f83d,Clc1ccc(-c2cc(Cl)ccc2Cl)cc1,aqueous_solubility,log10(mol/L),train,c1ccc(-c2ccccc2)cc1,-6.25,1.582639691295452,-0.20901271964296164,3.3742921022338654,scaffold,2026,hybrid_concat,edge_gnn,rdkit,concat,721e3c494613d3aa378fb20e47d69b51245b538e
esol,22cebd56a1304897,Clc1ccc(-c2ccc(Cl)c(Cl)c2Cl)c(Cl)c1,aqueous_solubility,log10(mol/L),train,c1ccc(-c2ccccc2)cc1,-7.800000190734863,-3.076258799684247,-4.86791121062266,-1.2846063887458334,scaffold,2026,hybrid_concat,edge_gnn,rdkit,concat,721e3c494613d3aa378fb20e47d69b51245b538e
esol,7095be81338edf2f,Clc1ccc(-c2ccc(Cl)c(Cl)c2Cl)c(Cl)c1Cl,aqueous_solubility,log10(mol/L),train,c1ccc(-c2ccccc2)cc1,-8.010000228881836,-1.2767582679315728,-3.068410678869986,0.5148941430068408,scaffold,2026,hybrid_concat,edge_gnn,rdkit,concat,721e3c494613d3aa378fb20e47d69b51245b538e
esol,ce368bfaa7504ff6,Clc1ccc(-c2ccc(Cl)cc2)cc1,aqueous_solubility,log10(mol/L),train,c1ccc(-c2ccccc2)cc1,-6.559999942779541,-6.745252552484601,-8.536904963423014,-4.953600141546188,scaffold,2026,hybrid_concat,edge_gnn,rdkit,concat,721e3c494613d3aa378fb20e47d69b51245b538e
esol,6f8edbb2bf0f81e8,Clc1ccc(-c2cccc(Cl)c2Cl)cc1,aqueous_solubility,log10(mol/L),train,c1ccc(-c2ccccc2)cc1,-6.289999961853027,-2.840644113042506,-4.632296523980919,-1.0489917021040926,scaffold,2026,hybrid_concat,edge_gnn,rdkit,concat,721e3c494613d3aa378fb20e47d69b51245b538e
esol,f833b27b81b2d3f3,Clc1ccc(-c2ccccc2)cc1Cl,aqueous_solubility,log10(mol/L),train,c1ccc(-c2ccccc2)cc1,-6.389999866485596,-0.23985091170315753,-2.031503322641571,1.551801499235256,scaffold,2026,hybrid_concat,edge_gnn,rdkit,concat,721e3c494613d3aa378fb20e47d69b51245b538e
esol,8746749198ee72df,Clc1ccc(-c2ccccc2Cl)cc1,aqueous_solubility,log10(mol/L),train,c1ccc(-c2ccccc2)cc1,-5.28000020980835,-1.5238533400723064,-3.31550575101072,0.2677990708661071,scaffold,2026,hybrid_concat,edge_gnn,rdkit,concat,721e3c494613d3aa378fb20e47d69b51245b538e
esol,2552a8a5c530456d,Clc1ccc(Br)cc1,aqueous_solubility,log10(mol/L),train,c1ccccc1,-3.630000114440918,-3.9388632690673377,-5.730515680005752,-2.147210858128924,scaffold,2026,hybrid_concat,edge_gnn,rdkit,concat,721e3c494613d3aa378fb20e47d69b51245b538e
esol,18756f35eaee5f67,Clc1ccc(C(c2ccc(Cl)cc2)C(Cl)(Cl)Cl)cc1,aqueous_solubility,log10(mol/L),calibration,c1ccc(Cc2ccccc2)cc1,-7.150000095367432,-7.170594017050101,-8.962246427988514,-5.378941606111688,scaffold,2026,hybrid_concat,edge_gnn,rdkit,concat,721e3c494613d3aa378fb20e47d69b51245b538e
esol,d83db8991c46c008,Clc1ccc(C(c2ccc(Cl)cc2)C(Cl)Cl)cc1,aqueous_solubility,log10(mol/L),calibration,c1ccc(Cc2ccccc2)cc1,-7.199999809265137,-6.260315608791643,-8.051968019730056,-4.46866319785323,scaffold,2026,hybrid_concat,edge_gnn,rdkit,concat,721e3c494613d3aa378fb20e47d69b51245b538e
esol,ee7e8b5757931b2a,Clc1ccc(C(c2ccccc2Cl)C(Cl)Cl)cc1,aqueous_solubility,log10(mol/L),calibration,c1ccc(Cc2ccccc2)cc1,-6.510000228881836,-6.160686757128891,-7.952339168067304,-4.369034346190478,scaffold,2026,hybrid_concat,edge_gnn,rdkit,concat,721e3c494613d3aa378fb20e47d69b51245b538e
esol,cbeeaf51493722da,Clc1ccc(Cl)c(-c2c(Cl)c(Cl)c(Cl)c(Cl)c2Cl)c1,aqueous_solubility,log10(mol/L),train,c1ccc(-c2ccccc2)cc1,-8.9399995803833,-1.6214132147161662,-3.4130656256545797,0.17023919622224737,scaffold,2026,hybrid_concat,edge_gnn,rdkit,concat,721e3c494613d3aa378fb20e47d69b51245b538e
esol,4b1903b76dbb120d,Clc1ccc(Cl)c(-c2c(Cl)c(Cl)cc(Cl)c2Cl)c1,aqueous_solubility,log10(mol/L),train,c1ccc(-c2ccccc2)cc1,-7.420000076293945,-0.3200015681416577,-2.1116539790800712,1.4716508427967558,scaffold,2026,hybrid_concat,edge_gnn,rdkit,concat,721e3c494613d3aa378fb20e47d69b51245b538e
esol,645ccf5d504a0dec,Clc1ccc(Cl)c(-c2cc(Cl)c(Cl)c(Cl)c2Cl)c1,aqueous_solubility,log10(mol/L),train,c1ccc(-c2ccccc2)cc1,-7.679999828338623,-5.374780296200798,-7.1664327071392115,-3.583127885262384,scaffold,2026,hybrid_concat,edge_gnn,rdkit,concat,721e3c494613d3aa378fb20e47d69b51245b538e
esol,3c9ca7c6d703a964,Clc1ccc(Cl)c(-c2ccc(Cl)c(Cl)c2)c1,aqueous_solubility,log10(mol/L),train,c1ccc(-c2ccccc2)cc1,-7.25,-2.263972642701551,-4.0556250536399645,-0.4723202317631374,scaffold,2026,hybrid_concat,edge_gnn,rdkit,concat,721e3c494613d3aa378fb20e47d69b51245b538e
esol,35e214a2d4a10c28,Clc1ccc(Cl)c(-c2cccc(Cl)c2Cl)c1,aqueous_solubility,log10(mol/L),train,c1ccc(-c2ccccc2)cc1,-6.46999979019165,-0.8220949201494587,-2.6137473310878723,0.9695574907889548,scaffold,2026,hybrid_concat,edge_gnn,rdkit,concat,721e3c494613d3aa378fb20e47d69b51245b538e
esol,33236e25aeefc7f1,Clc1ccc(Cl)c(Cl)c1,aqueous_solubility,log10(mol/L),train,c1ccccc1,-3.5899999141693115,-1.3121450783514683,-3.1037974892898816,0.4795073325869452,scaffold,2026,hybrid_concat,edge_gnn,rdkit,concat,721e3c494613d3aa378fb20e47d69b51245b538e
esol,a3a6b3e68efa0c93,Clc1ccc(Cl)c(Cl)c1Cl,aqueous_solubility,log10(mol/L),train,c1ccccc1,-4.570000171661377,0.49657796418385614,-1.2950744467545574,2.2882303751222697,scaffold,2026,hybrid_concat,edge_gnn,rdkit,concat,721e3c494613d3aa378fb20e47d69b51245b538e
esol,815634865cf712a3,Clc1ccc(Cl)cc1,aqueous_solubility,log10(mol/L),train,c1ccccc1,-3.2699999809265137,-3.8079707988373785,-5.5996232097757925,-2.016318387898965,scaffold,2026,hybrid_concat,edge_gnn,rdkit,concat,721e3c494613d3aa378fb20e47d69b51245b538e
esol,ae221f98af80122f,Clc1ccc(I)cc1,aqueous_solubility,log10(mol/L),train,c1ccccc1,-4.03000020980835,-1.7164057840037505,-3.508058194942164,0.075246626934663,scaffold,2026,hybrid_concat,edge_gnn,rdkit,concat,721e3c494613d3aa378fb20e47d69b51245b538e
esol,45b800e2f19955f8,Clc1ccc2ccccc2c1,aqueous_solubility,log10(mol/L),train,c1ccc2ccccc2c1,-4.139999866485596,-4.368455884345003,-6.1601082952834165,-2.57680347340659,scaffold,2026,hybrid_concat,edge_gnn,rdkit,concat,721e3c494613d3aa378fb20e47d69b51245b538e
esol,eb7d09b2417f6c70,Clc1cccc(-c2c(Cl)c(Cl)cc(Cl)c2Cl)c1Cl,aqueous_solubility,log10(mol/L),train,c1ccc(-c2ccccc2)cc1,-8.600000381469727,-1.4845108617058975,-3.276163272644311,0.307141549232516,scaffold,2026,hybrid_concat,edge_gnn,rdkit,concat,721e3c494613d3aa378fb20e47d69b51245b538e
esol,70ccc7bf4de46f33,Clc1cccc(-c2cc(Cl)ccc2Cl)c1,aqueous_solubility,log10(mol/L),train,c1ccc(-c2ccccc2)cc1,-6.010000228881836,-2.6657590985530035,-4.457411509491417,-0.87410668761459,scaffold,2026,hybrid_concat,edge_gnn,rdkit,concat,721e3c494613d3aa378fb20e47d69b51245b538e
esol,99327cae5414d340,Clc1cccc(-c2cccc(Cl)c2Cl)c1Cl,aqueous_solubility,log10(mol/L),train,c1ccc(-c2ccccc2)cc1,-7.28000020980835,-2.7800781098938567,-4.57173052083227,-0.9884256989554432,scaffold,2026,hybrid_concat,edge_gnn,rdkit,concat,721e3c494613d3aa378fb20e47d69b51245b538e
esol,8e2dcd65ee407c2e,Clc1cccc(-c2ccccc2)c1,aqueous_solubility,log10(mol/L),train,c1ccc(-c2ccccc2)cc1,-4.880000114440918,-4.103024624400349,-5.894677035338763,-2.311372213461935,scaffold,2026,hybrid_concat,edge_gnn,rdkit,concat,721e3c494613d3aa378fb20e47d69b51245b538e
esol,78d46e77b5e487ad,Clc1cccc(Br)c1,aqueous_solubility,log10(mol/L),train,c1ccccc1,-3.2100000381469727,-3.937861831118046,-5.72951424205646,-2.1462094201796327,scaffold,2026,hybrid_concat,edge_gnn,rdkit,concat,721e3c494613d3aa378fb20e47d69b51245b538e
esol,8efb6c83a60e44a4,Clc1cccc(C(Cl)(Cl)Cl)n1,aqueous_solubility,log10(mol/L),validation,c1ccncc1,-3.759999990463257,-3.789545858625084,-5.581198269563497,-1.9978934476866703,scaffold,2026,hybrid_concat,edge_gnn,rdkit,concat,721e3c494613d3aa378fb20e47d69b51245b538e
esol,cb0d1003dc0467b1,Clc1cccc(Cl)c1,aqueous_solubility,log10(mol/L),train,c1ccccc1,-3.0399999618530273,-2.3037040179846486,-4.095356428923062,-0.5120516070462351,scaffold,2026,hybrid_concat,edge_gnn,rdkit,concat,721e3c494613d3aa378fb20e47d69b51245b538e
esol,199ff11278c6332f,Clc1cccc(Cl)c1-c1c(Cl)cccc1Cl,aqueous_solubility,log10(mol/L),train,c1ccc(-c2ccccc2)cc1,-7.389999866485596,-2.055574696398195,-3.8472271073366087,-0.2639222854597816,scaffold,2026,hybrid_concat,edge_gnn,rdkit,concat,721e3c494613d3aa378fb20e47d69b51245b538e
esol,482eb7682ff0e92b,Clc1cccc(Cl)c1-c1ccccc1,aqueous_solubility,log10(mol/L),train,c1ccc(-c2ccccc2)cc1,-5.210000038146973,-2.4127002530481625,-4.204352663986576,-0.621047842109749,scaffold,2026,hybrid_concat,edge_gnn,rdkit,concat,721e3c494613d3aa378fb20e47d69b51245b538e
esol,ff600f65c6e69d2a,Clc1cccc(Cl)c1Cl,aqueous_solubility,log10(mol/L),train,c1ccccc1,-4.0,-5.188670380628257,-6.980322791566671,-3.3970179696898435,scaffold,2026,hybrid_concat,edge_gnn,rdkit,concat,721e3c494613d3aa378fb20e47d69b51245b538e
esol,c88faf6d6d8a4214,Clc1cccc(I)c1,aqueous_solubility,log10(mol/L),train,c1ccccc1,-3.549999952316284,-2.393997819615615,-4.185650230554028,-0.6023454086772015,scaffold,2026,hybrid_concat,edge_gnn,rdkit,concat,721e3c494613d3aa378fb20e47d69b51245b538e
esol,22332e2b89c83c5f,Clc1cccc2ccccc12,aqueous_solubility,log10(mol/L),train,c1ccc2ccccc2c1,-3.930000066757202,-5.502868967283282,-7.294521378221695,-3.7112165563448687,scaffold,2026,hybrid_concat,edge_gnn,rdkit,concat,721e3c494613d3aa378fb20e47d69b51245b538e
esol,d52f3f9c11639cc6,Clc1ccccc1,aqueous_solubility,log10(mol/L),train,c1ccccc1,-2.380000114440918,-2.719223609122805,-4.510876020061218,-0.9275711981843915,scaffold,2026,hybrid_concat,edge_gnn,rdkit,concat,721e3c494613d3aa378fb20e47d69b51245b538e
esol,cc6468679450f933,Clc1ccccc1-c1ccccc1,aqueous_solubility,log10(mol/L),train,c1ccc(-c2ccccc2)cc1,-4.539999961853027,-5.779716237347893,-7.571368648286306,-3.9880638264094794,scaffold,2026,hybrid_concat,edge_gnn,rdkit,concat,721e3c494613d3aa378fb20e47d69b51245b538e
esol,1f96112c7da52a22,Clc1ccccc1-c1ccccc1Cl,aqueous_solubility,log10(mol/L),train,c1ccc(-c2ccccc2)cc1,-5.269999980926514,-0.7786974428582765,-2.57034985379669,1.012954968080137,scaffold,2026,hybrid_concat,edge_gnn,rdkit,concat,721e3c494613d3aa378fb20e47d69b51245b538e
esol,d77b9b0620096cb1,Clc1ccccc1Br,aqueous_solubility,log10(mol/L),train,c1ccccc1,-3.190000057220459,-1.973275215656233,-3.7649276265946465,-0.18162280471781944,scaffold,2026,hybrid_concat,edge_gnn,rdkit,concat,721e3c494613d3aa378fb20e47d69b51245b538e
esol,ca929f1a7e270264,Clc1ccccc1Cl,aqueous_solubility,log10(mol/L),train,c1ccccc1,-3.049999952316284,-2.5811321830210994,-4.372784593959513,-0.7894797720826858,scaffold,2026,hybrid_concat,edge_gnn,rdkit,concat,721e3c494613d3aa378fb20e47d69b51245b538e
esol,d42088fe993e3c16,Clc1ccccc1I,aqueous_solubility,log10(mol/L),train,c1ccccc1,-3.5399999618530273,-6.072776092136085,-7.864428503074498,-4.281123681197672,scaffold,2026,hybrid_concat,edge_gnn,rdkit,concat,721e3c494613d3aa378fb20e47d69b51245b538e
esol,4334fadd67deac29,Cn1c(=O)c2[nH]cnc2n(C)c1=O,aqueous_solubility,log10(mol/L),validation,O=c1[nH]c(=O)c2[nH]cnc2[nH]1,-1.3899999856948853,-2.392247843256447,-4.18390025419486,-0.6005954323180336,scaffold,2026,hybrid_concat,edge_gnn,rdkit,concat,721e3c494613d3aa378fb20e47d69b51245b538e
esol,100f62324cf1989a,Cn1c(=O)c2c(ncn2C)n(C)c1=O,aqueous_solubility,log10(mol/L),validation,O=c1[nH]c(=O)c2[nH]cnc2[nH]1,-0.8759999871253967,-2.613587414731835,-4.4052398256702485,-0.8219350037934214,scaffold,2026,hybrid_concat,edge_gnn,rdkit,concat,721e3c494613d3aa378fb20e47d69b51245b538e
esol,74f764e5b66b2fb7,Cn1c(=O)c2c(ncn2CC(O)CO)n(C)c1=O,aqueous_solubility,log10(mol/L),validation,O=c1[nH]c(=O)c2[nH]cnc2[nH]1,-0.17000000178813934,-1.948578259287788,-3.7402306702262016,-0.1569258483493745,scaffold,2026,hybrid_concat,edge_gnn,rdkit,concat,721e3c494613d3aa378fb20e47d69b51245b538e
esol,815a38abaf9ec4b7,Cn1c(=O)on(-c2ccc(Cl)c(Cl)c2)c1=O,aqueous_solubility,log10(mol/L),validation,O=c1[nH]c(=O)n(-c2ccccc2)o1,-2.819999933242798,-3.011486784043244,-4.803139194981657,-1.2198343731048307,scaffold,2026,hybrid_concat,edge_gnn,rdkit,concat,721e3c494613d3aa378fb20e47d69b51245b538e
esol,49b2a1fbf2e41a7a,Cn1cc(-c2ccccc2)c(=O)c(-c2cccc(C(F)(F)F)c2)c1,aqueous_solubility,log10(mol/L),calibration,O=c1c(-c2ccccc2)c[nH]cc1-c1ccccc1,-4.445000171661377,-5.583045203540491,-7.3746976144789045,-3.791392792602078,scaffold,2026,hybrid_concat,edge_gnn,rdkit,concat,721e3c494613d3aa378fb20e47d69b51245b538e
esol,f3e6689447a36e81,Cn1ccc(=O)[nH]c1=O,aqueous_solubility,log10(mol/L),validation,O=c1cc[nH]c(=O)[nH]1,-0.8069999814033508,-0.9394207032121209,-2.7310731141505347,0.8522317077262926,scaffold,2026,hybrid_concat,edge_gnn,rdkit,concat,721e3c494613d3aa378fb20e47d69b51245b538e
esol,4025a4d6efb5259a,Cn1cnc2c1c(=O)[nH]c(=O)n2C,aqueous_solubility,log10(mol/L),validation,O=c1[nH]c(=O)c2[nH]cnc2[nH]1,-2.5230000019073486,-2.3368371148911864,-4.1284895258296,-0.5451847039527729,scaffold,2026,hybrid_concat,edge_gnn,rdkit,concat,721e3c494613d3aa378fb20e47d69b51245b538e
esol,d2eee638c5fa61ad,FC(F)(Cl)C(F)(Cl)Cl,aqueous_solubility,log10(mol/L),train,,-3.0399999618530273,-3.808238072083334,-5.599890483021747,-2.0165856611449207,scaffold,2026,hybrid_concat,edge_gnn,rdkit,concat,721e3c494613d3aa378fb20e47d69b51245b538e
esol,105d6d24139d1acd,FC(F)(Cl)C(F)(F)Cl,aqueous_solubility,log10(mol/L),train,,-2.740000009536743,-3.887562823113547,-5.679215234051961,-2.0959104121751335,scaffold,2026,hybrid_concat,edge_gnn,rdkit,concat,721e3c494613d3aa378fb20e47d69b51245b538e
esol,02db24b7bbfd7402,FC(F)(F)C(Cl)Br,aqueous_solubility,log10(mol/L),train,,-1.7100000381469727,-1.8409024030673582,-3.632554814005772,-0.04924999212894465,scaffold,2026,hybrid_concat,edge_gnn,rdkit,concat,721e3c494613d3aa378fb20e47d69b51245b538e
esol,db15bed8f8ac2fa5,FC(F)(F)c1ccccc1,aqueous_solubility,log10(mol/L),train,c1ccccc1,-2.509999990463257,-5.313159230120761,-7.104811641059175,-3.5215068191823478,scaffold,2026,hybrid_concat,edge_gnn,rdkit,concat,721e3c494613d3aa378fb20e47d69b51245b538e
esol,b10b42eecfc867c6,Fc1ccc(F)cc1,aqueous_solubility,log10(mol/L),train,c1ccccc1,-1.9700000286102295,-1.33843551398728,-3.1300879249256934,0.45321689695113365,scaffold,2026,hybrid_concat,edge_gnn,rdkit,concat,721e3c494613d3aa378fb20e47d69b51245b538e
esol,ca29ab8bab4202a6,Fc1cccc(Br)c1,aqueous_solubility,log10(mol/L),train,c1ccccc1,-2.6700000762939453,-2.8064097242565165,-4.59806213519493,-1.014757313318103,scaffold,2026,hybrid_concat,edge_gnn,rdkit,concat,721e3c494613d3aa378fb20e47d69b51245b538e
esol,9b9e86ab0c3b7436,Fc1cccc(F)c1,aqueous_solubility,log10(mol/L),train,c1ccccc1,-2.0,-2.0857248158944284,-3.877377226832842,-0.29407240495601483,scaffold,2026,hybrid_concat,edge_gnn,rdkit,concat,721e3c494613d3aa378fb20e47d69b51245b538e
esol,9ef5e809c1cc37a8,Fc1ccccc1,aqueous_solubility,log10(mol/L),train,c1ccccc1,-1.7999999523162842,-4.219337613986722,-6.010990024925135,-2.4276852030483087,scaffold,2026,hybrid_concat,edge_gnn,rdkit,concat,721e3c494613d3aa378fb20e47d69b51245b538e
esol,c6e4a122702ad957,Fc1ccccc1Br,aqueous_solubility,log10(mol/L),train,c1ccccc1,-2.700000047683716,-0.9054379140565336,-2.697090324994947,0.8862144968818799,scaffold,2026,hybrid_concat,edge_gnn,rdkit,concat,721e3c494613d3aa378fb20e47d69b51245b538e
esol,dd1f99766897a9a2,ICI,aqueous_solubility,log10(mol/L),train,,-2.3399999141693115,-3.035510148479994,-4.827162559418408,-1.2438577375415805,scaffold,2026,hybrid_concat,edge_gnn,rdkit,concat,721e3c494613d3aa378fb20e47d69b51245b538e
esol,3ab248fecad2cfcc,Ic1cccc2ccccc12,aqueous_solubility,log10(mol/L),train,c1ccc2ccccc2c1,-4.550000190734863,-0.5399270477932689,-2.3315794587316825,1.2517253631451446,scaffold,2026,hybrid_concat,edge_gnn,rdkit,concat,721e3c494613d3aa378fb20e47d69b51245b538e
esol,bc20dafaf54360d0,Ic1ccccc1,aqueous_solubility,log10(mol/L),train,c1ccccc1,-3.009999990463257,-4.885221055360658,-6.676873466299071,-3.0935686444222443,scaffold,2026,hybrid_concat,edge_gnn,rdkit,concat,721e3c494613d3aa378fb20e47d69b51245b538e
esol,2c92806a2902f400,N#CC(Cl)(Cl)Cl,aqueous_solubility,log10(mol/L),train,,-2.1679999828338623,-4.407441321036248,-6.199093731974662,-2.615788910097834,scaffold,2026,hybrid_concat,edge_gnn,rdkit,concat,721e3c494613d3aa378fb20e47d69b51245b538e
esol,85031b7bb2a70254,N#CC(OC1OC(COC2OC(CO)C(O)C(O)C2O)C(O)C(O)C1O)c1ccccc1,aqueous_solubility,log10(mol/L),test,c1ccc(COC2CCCC(COC3CCCCO3)O2)cc1,-0.7699999809265137,-1.2608479792898455,-3.052500390228259,0.530804431648568,scaffold,2026,hybrid_concat,edge_gnn,rdkit,concat,721e3c494613d3aa378fb20e47d69b51245b538e
esol,e9839d44c23ebe38,N#CCCCl,aqueous_solubility,log10(mol/L),train,,-0.28999999165534973,-1.1438708706719296,-2.935523281610343,0.6477815402664839,scaffold,2026,hybrid_concat,edge_gnn,rdkit,concat,721e3c494613d3aa378fb20e47d69b51245b538e
esol,9e6f7a062ea6ba54,N#CCCl,aqueous_solubility,log10(mol/L),train,,-0.09200000017881393,-3.3231059029749206,-5.114758313913335,-1.531453492036507,scaffold,2026,hybrid_concat,edge_gnn,rdkit,concat,721e3c494613d3aa378fb20e47d69b51245b538e
esol,5529331eae217480,N#CN=C(N)N,aqueous_solubility,log10(mol/L),train,,-0.3100000023841858,0.44056150810219163,-1.351090902836222,2.232213919040605,scaffold,2026,hybrid_concat,edge_gnn,rdkit,concat,721e3c494613d3aa378fb20e47d69b51245b538e
esol,98ce09904f0cd677,N#Cc1c(Cl)c(Cl)c(Cl)c(C#N)c1Cl,aqueous_solubility,log10(mol/L),train,c1ccccc1,-5.639999866485596,-1.8324838934790766,-3.6241363044174904,-0.040831482540663044,scaffold,2026,hybrid_concat,edge_gnn,rdkit,concat,721e3c494613d3aa378fb20e47d69b51245b538e
esol,f7eb31053f664583,N#Cc1cc(Br)c(O)c(Br)c1,aqueous_solubility,log10(mol/L),train,c1ccccc1,-3.3299999237060547,-1.060989269756531,-2.8526416806949446,0.7306631411818825,scaffold,2026,hybrid_concat,edge_gnn,rdkit,concat,721e3c494613d3aa378fb20e47d69b51245b538e
esol,dd860792cadf3093,N#Cc1cc(I)c(O)c(I)c1,aqueous_solubility,log10(mol/L),train,c1ccccc1,-3.609999895095825,-2.936185520350387,-4.7278379312888,-1.1445331094119733,scaffold,2026,hybrid_concat,edge_gnn,rdkit,concat,721e3c494613d3aa378fb20e47d69b51245b538e
esol,5533344c324d3435,N#Cc1ccccc1,aqueous_solubility,log10(mol/L),train,c1ccccc1,-1.0,-7.302211507795866,-9.093863918734279,-5.5105590968574525,scaffold,2026,hybrid_concat,edge_gnn,rdkit,concat,721e3c494613d3aa378fb20e47d69b51245b538e
esol,66c6f633624542b8,N#Cc1ccccc1C#N,aqueous_solubility,log10(mol/L),train,c1ccccc1,-2.380000114440918,-0.8651053532678308,-2.6567577642062443,0.9265470576705828,scaffold,2026,hybrid_concat,edge_gnn,rdkit,concat,721e3c494613d3aa378fb20e47d69b51245b538e
esol,5f065dfe6c5d67ee,N=C(N)NS(=O)(=O)c1ccc(N)cc1,aqueous_solubility,log10(mol/L),train,c1ccccc1,-1.9900000095367432,-2.9491214752296617,-4.740773886168075,-1.1574690642912482,scaffold,2026,hybrid_concat,edge_gnn,rdkit,concat,721e3c494613d3aa378fb20e47d69b51245b538e
esol,8f9adffcd0a5a36e,NC(=O)CCl,aqueous_solubility,log10(mol/L),train,,-0.019999999552965164,-1.7189625705560705,-3.5106149814944843,0.07268984038234305,scaffold,2026,hybrid_concat,edge_gnn,rdkit,concat,721e3c494613d3aa378fb20e47d69b51245b538e
esol,a9190d547db6a242,NC(=O)NC1NC(=O)NC1=O,aqueous_solubility,log10(mol/L),validation,O=C1CNC(=O)N1,-1.600000023841858,-0.5770957196968216,-2.368748130635235,1.214556691241592,scaffold,2026,hybrid_concat,edge_gnn,rdkit,concat,721e3c494613d3aa378fb20e47d69b51245b538e
esol,20e79a0747e391cd,NC(=O)NCc1ccccc1,aqueous_solubility,log10(mol/L),train,c1ccccc1,-0.949999988079071,-0.10214040376627631,-1.8937928147046899,1.6895120071721372,scaffold,2026,hybrid_concat,edge_gnn,rdkit,concat,721e3c494613d3aa378fb20e47d69b51245b538e
esol,41b7655c6cb7d7df,NC(=O)c1ccccc1,aqueous_solubility,log10(mol/L),train,c1ccccc1,-0.9599999785423279,-0.4135766090644002,-2.2052290200028137,1.3780758018740134,scaffold,2026,hybrid_concat,edge_gnn,rdkit,concat,721e3c494613d3aa378fb20e47d69b51245b538e
esol,22bbce38ab5c479c,NC(=O)c1ccccc1O,aqueous_solubility,log10(mol/L),train,c1ccccc1,-1.8200000524520874,-2.2235720085167965,-4.01522441945521,-0.43191959757838294,scaffold,2026,hybrid_concat,edge_gnn,rdkit,concat,721e3c494613d3aa378fb20e47d69b51245b538e
esol,2fc7b7dbeee95b0c,NC(=O)c1cccnc1,aqueous_solubility,log10(mol/L),validation,c1ccncc1,0.6100000143051147,-0.7883360141735114,-2.579988425111925,1.0033163967649021,scaffold,2026,hybrid_concat,edge_gnn,rdkit,concat,721e3c494613d3aa378fb20e47d69b51245b538e
esol,d3f13e32ceadf7ee,NC(=O)c1cnccn1,aqueous_solubility,log10(mol/L),test,c1cnccn1,-0.6669999957084656,-0.6339125611339949,-2.4255649720724084,1.1577398498044187,scaffold,2026,hybrid_concat,edge_gnn,rdkit,concat,721e3c494613d3aa378fb20e47d69b51245b538e
esol,14add58d16075efc,NC(=S)Nc1ccccc1,aqueous_solubility,log10(mol/L),train,c1ccccc1,-1.7699999809265137,-2.1155946331716247,-3.907247044110038,-0.3239422222332111,scaffold,2026,hybrid_concat,edge_gnn,rdkit,concat,721e3c494613d3aa378fb20e47d69b51245b538e
esol,cff6a05057ab433d,NC(N)=O,aqueous_solubility,log10(mol/L),train,,0.9599999785423279,-0.6392145164549254,-2.430866927393339,1.152437894483488,scaffold,2026,hybrid_concat,edge_gnn,rdkit,concat,721e3c494613d3aa378fb20e47d69b51245b538e
esol,5c937bef90624cba,NC(N)=S,aqueous_solubility,log10(mol/L),train,,0.3199999928474426,-0.7125771974500807,-2.5042296083884943,1.0790752134883328,scaffold,2026,hybrid_concat,edge_gnn,rdkit,concat,721e3c494613d3aa378fb20e47d69b51245b538e
esol,8d9f3b8d61c37fad,NNC(=O)c1ccncc1,aqueous_solubility,log10(mol/L),validation,c1ccncc1,0.008999999612569809,-0.5481608806530165,-2.33981329159143,1.243491530285397,scaffold,2026,hybrid_concat,edge_gnn,rdkit,concat,721e3c494613d3aa378fb20e47d69b51245b538e
esol,792927bc26e5ee98,NNc1ccccc1,aqueous_solubility,log10(mol/L),train,c1ccccc1,0.07000000029802322,-1.4606494330607214,-3.2523018439991347,0.3310029778776922,scaffold,2026,hybrid_concat,edge_gnn,rdkit,concat,721e3c494613d3aa378fb20e47d69b51245b538e
esol,13a0d92f513022b0,NS(=O)(=O)c1cc(C2(O)NC(=O)c3ccccc32)ccc1Cl,aqueous_solubility,log10(mol/L),calibration,O=C1NC(c2ccccc2)c2ccccc21,-3.4509999752044678,-3.6631939257479265,-5.45484633668634,-1.871541514809513,scaffold,2026,hybrid_concat,edge_gnn,rdkit,concat,721e3c494613d3aa378fb20e47d69b51245b538e
esol,d1af900dda6b8816,NS(=O)(=O)c1cc2c(cc1C(F)(F)F)NC(Cc1ccccc1)NS2(=O)=O,aqueous_solubility,log10(mol/L),train,O=S1(=O)NC(Cc2ccccc2)Nc2ccccc21,-3.5899999141693115,-0.3706519998237545,-2.162304410762168,1.421000411114659,scaffold,2026,hybrid_concat,edge_gnn,rdkit,concat,721e3c494613d3aa378fb20e47d69b51245b538e
esol,21a70933e40d38d8,NS(=O)(=O)c1cc2c(cc1Cl)N=CNS2(=O)=O,aqueous_solubility,log10(mol/L),test,O=S1(=O)NC=Nc2ccccc21,-3.049999952316284,-2.734054614689379,-4.525707025627792,-0.9424022037509654,scaffold,2026,hybrid_concat,edge_gnn,rdkit,concat,721e3c494613d3aa378fb20e47d69b51245b538e
esol,4be98313bb8411d6,NS(=O)(=O)c1cc2c(cc1Cl)NC(C(Cl)Cl)NS2(=O)=O,aqueous_solubility,log10(mol/L),train,O=S1(=O)NCNc2ccccc21,-2.680000066757202,-2.315900272341177,-4.10755268327959,-0.5242478614027632,scaffold,2026,hybrid_concat,edge_gnn,rdkit,concat,721e3c494613d3aa378fb20e47d69b51245b538e
esol,6704f9b02657d351,NS(=O)(=O)c1cc2c(cc1Cl)NCNS2(=O)=O,aqueous_solubility,log10(mol/L),train,O=S1(=O)NCNc2ccccc21,-2.630000114440918,-2.6743985329073126,-4.466050943845726,-0.882746121968899,scaffold,2026,hybrid_concat,edge_gnn,rdkit,concat,721e3c494613d3aa378fb20e47d69b51245b538e
esol,d486e39e13c6c365,Nc1cc(N2CCCCC2)nc(N)[n+]1[O-],aqueous_solubility,log10(mol/L),test,c1cc(N2CCCCC2)nc[nH+]1,-1.9889999628067017,-2.571718451140409,-4.363370862078822,-0.7800660402019957,scaffold,2026,hybrid_concat,edge_gnn,rdkit,concat,721e3c494613d3aa378fb20e47d69b51245b538e
esol,aceb689c32139048,Nc1cc2c3ccccc3ccc2c2ccccc12,aqueous_solubility,log10(mol/L),validation,c1ccc2c(c1)ccc1c3ccccc3ccc21,-6.199999809265137,-6.231482132767771,-8.023134543706185,-4.439829721829357,scaffold,2026,hybrid_concat,edge_gnn,rdkit,concat,721e3c494613d3aa378fb20e47d69b51245b538e
esol,80c616c2c10da4cc,Nc1cc[nH]c(=O)n1,aqueous_solubility,log10(mol/L),validation,O=c1nccc[nH]1,-1.1549999713897705,-0.8192978745522503,-2.610950285490664,0.9723545363861632,scaffold,2026,hybrid_concat,edge_gnn,rdkit,concat,721e3c494613d3aa378fb20e47d69b51245b538e
esol,d3c8a8dbbf41fcef,Nc1ccc(-c2ccc(N)cc2)cc1,aqueous_solubility,log10(mol/L),train,c1ccc(-c2ccccc2)cc1,-2.700000047683716,-0.6300605273128141,-2.4217129382512277,1.1615918836255994,scaffold,2026,hybrid_concat,edge_gnn,rdkit,concat,721e3c494613d3aa378fb20e47d69b51245b538e
esol,ddbccadea4def28d,Nc1ccc(Cl)cc1,aqueous_solubility,log10(mol/L),train,c1ccccc1,-1.659999966621399,-3.392735932597194,-5.184388343535607,-1.6010835216587807,scaffold,2026,hybrid_concat,edge_gnn,rdkit,concat,721e3c494613d3aa378fb20e47d69b51245b538e
esol,5f061feada924c1b,Nc1ccc(O)cc1,aqueous_solubility,log10(mol/L),train,c1ccccc1,-0.800000011920929,-2.082251279717844,-3.8739036906562574,-0.2905988687794303,scaffold,2026,hybrid_concat,edge_gnn,rdkit,concat,721e3c494613d3aa378fb20e47d69b51245b538e
esol,1740fca00afdaeed,Nc1ccc(S(=O)(=O)c2ccc(N)cc2)cc1,aqueous_solubility,log10(mol/L),validation,O=S(=O)(c1ccccc1)c1ccccc1,-3.0940001010894775,-2.830071411423034,-4.621723822361448,-1.0384190004846205,scaffold,2026,hybrid_concat,edge_gnn,rdkit,concat,721e3c494613d3aa378fb20e47d69b51245b538e
esol,672dea3500e56345,Nc1ccc(S(N)(=O)=O)cc1,aqueous_solubility,log10(mol/L),train,c1ccccc1,-1.340000033378601,-0.6851754740827629,-2.4768278850211765,1.1064769368556506,scaffold,2026,hybrid_concat,edge_gnn,rdkit,concat,721e3c494613d3aa378fb20e47d69b51245b538e
esol,b1562a3a4e3dbd2b,Nc1ccc([N+](=O)[O-])cc1,aqueous_solubility,log10(mol/L),train,c1ccccc1,-2.369999885559082,0.7618775000153435,-1.02977491092307,2.553529910953757,scaffold,2026,hybrid_concat,edge_gnn,rdkit,concat,721e3c494613d3aa378fb20e47d69b51245b538e
esol,7ea90919dd02fbb4,Nc1ccc2cc3ccccc3cc2c1,aqueous_solubility,log10(mol/L),calibration,c1ccc2cc3ccccc3cc2c1,-5.170000076293945,-4.608027262424836,-6.39967967336325,-2.816374851486423,scaffold,2026,hybrid_concat,edge_gnn,rdkit,concat,721e3c494613d3aa378fb20e47d69b51245b538e
esol,7071d63d842d86c6,Nc1cccc(Cl)c1,aqueous_solubility,log10(mol/L),train,c1ccccc1,-1.3700000047683716,-4.357905882573414,-6.149558293511827,-2.5662534716350005,scaffold,2026,hybrid_concat,edge_gnn,rdkit,concat,721e3c494613d3aa378fb20e47d69b51245b538e
esol,3614002c0eb76c64,Nc1cccc([N+](=O)[O-])c1,aqueous_solubility,log10(mol/L),train,c1ccccc1,-2.190000057220459,-2.662035681016549,-4.453688091954962,-0.8703832700781353,scaffold,2026,hybrid_concat,edge_gnn,rdkit,concat,721e3c494613d3aa378fb20e47d69b51245b538e
esol,fdeaad6aac85a0a2,Nc1cccc2ccccc12,aqueous_solubility,log10(mol/L),train,c1ccc2ccccc2c1,-1.9199999570846558,-1.3391436207444536,-3.130796031682867,0.45250879019395995,scaffold,2026,hybrid_concat,edge_gnn,rdkit,concat,721e3c494613d3aa378fb20e47d69b51245b538e
esol,2ed7e76dec2701ce,Nc1cccc2nc3ccccc3cc12,aqueous_solubility,log10(mol/L),test,c1ccc2nc3ccccc3cc2c1,-4.21999979019165,-3.9513196845239653,-5.742972095462379,-2.1596672735855518,scaffold,2026,hybrid_concat,edge_gnn,rdkit,concat,721e3c494613d3aa378fb20e47d69b51245b538e
esol,a7f3f1e11af18400,Nc1ccccc1,aqueous_solubility,log10(mol/L),train,c1ccccc1,-0.4099999964237213,-5.062612316836601,-6.854264727775014,-3.2709599058981875,scaffold,2026,hybrid_concat,edge_gnn,rdkit,concat,721e3c494613d3aa378fb20e47d69b51245b538e
esol,2f7de38fb26014ee,Nc1ccccc1Cl,aqueous_solubility,log10(mol/L),train,c1ccccc1,-1.5199999809265137,-4.672297752251117,-6.46395016318953,-2.8806453413127033,scaffold,2026,hybrid_concat,edge_gnn,rdkit,concat,721e3c494613d3aa378fb20e47d69b51245b538e
esol,8cce7ad82c85b377,Nc1ccccc1O,aqueous_solubility,log10(mol/L),train,c1ccccc1,-0.7200000286102295,-7.905357814083732,-9.697010225022145,-6.113705403145319,scaffold,2026,hybrid_concat,edge_gnn,rdkit,concat,721e3c494613d3aa378fb20e47d69b51245b538e
esol,8c073316e654db6b,Nc1ccccc1[N+](=O)[O-],aqueous_solubility,log10(mol/L),train,c1ccccc1,-1.9600000381469727,-3.516502570572676,-5.308154981511089,-1.7248501596342622,scaffold,2026,hybrid_concat,edge_gnn,rdkit,concat,721e3c494613d3aa378fb20e47d69b51245b538e
esol,d170b211091619c1,Nc1cnn(-c2ccccc2)c(=O)c1Br,aqueous_solubility,log10(mol/L),train,O=c1cccnn1-c1ccccc1,-3.127000093460083,-6.196507109616354,-7.988159520554767,-4.404854698677941,scaffold,2026,hybrid_concat,edge_gnn,rdkit,concat,721e3c494613d3aa378fb20e47d69b51245b538e
esol,364a3d9e736a968c,Nc1cnn(-c2ccccc2)c(=O)c1Cl,aqueous_solubility,log10(mol/L),train,O=c1cccnn1-c1ccccc1,-2.878000020980835,-1.9700960266926026,-3.761748437631016,-0.1784436157541891,scaffold,2026,hybrid_concat,edge_gnn,rdkit,concat,721e3c494613d3aa378fb20e47d69b51245b538e
esol,2fef74534c90c0fd,Nc1nc(=O)[nH]cc1F,aqueous_solubility,log10(mol/L),validation,O=c1nccc[nH]1,-0.972000002861023,-1.2518964771238736,-3.043548888062287,0.5397559338145399,scaffold,2026,hybrid_concat,edge_gnn,rdkit,concat,721e3c494613d3aa378fb20e47d69b51245b538e
esol,5167dc273870cd3a,Nc1nc(N)c2nc(-c3ccccc3)c(N)nc2n1,aqueous_solubility,log10(mol/L),test,c1ccc(-c2cnc3ncncc3n2)cc1,-2.4040000438690186,-3.09480192702621,-4.886454337964624,-1.3031495160877964,scaffold,2026,hybrid_concat,edge_gnn,rdkit,concat,721e3c494613d3aa378fb20e47d69b51245b538e
esol,c363f1a8372173dd,Nc1nc(O)nc2nc[nH]c12,aqueous_solubility,log10(mol/L),train,c1ncc2[nH]cnc2n1,-3.4010000228881836,-0.18619640523691317,-1.9778488161753267,1.6054560057015004,scaffold,2026,hybrid_concat,edge_gnn,rdkit,concat,721e3c494613d3aa378fb20e47d69b51245b538e
esol,0f42ff187b1e26ff,Nc1nc2[nH]cnc2c(=O)[nH]1,aqueous_solubility,log10(mol/L),test,O=c1[nH]cnc2[nH]cnc12,-3.5829999446868896,-2.1168047737539384,-3.908457184692352,-0.32515236281552484,scaffold,2026,hybrid_concat,edge_gnn,rdkit,concat,721e3c494613d3aa378fb20e47d69b51245b538e
esol,45bfe1eca9942b5f,Nc1nc[nH]n1,aqueous_solubility,log10(mol/L),test,c1nc[nH]n1,0.5220000147819519,-0.297618031452203,-2.0892704423906165,1.4940343794862105,scaffold,2026,hybrid_concat,edge_gnn,rdkit,concat,721e3c494613d3aa378fb20e47d69b51245b538e
esol,a5efc882bab6aeb8,Nc1nccs1,aqueous_solubility,log10(mol/L),train,c1cscn1,-0.36000001430511475,-4.739545422192341,-6.531197833130754,-2.9478930112539277,scaffold,2026,hybrid_concat,edge_gnn,rdkit,concat,721e3c494613d3aa378fb20e47d69b51245b538e
esol,292b9554c28881be,Nc1ncnc2c1ccn2C1OC(CO)C(O)C1O,aqueous_solubility,log10(mol/L),test,c1ncc2ccn(C3CCCO3)c2n1,-1.9500000476837158,-1.5373022285884903,-3.328954639526904,0.25435018234992324,scaffold,2026,hybrid_concat,edge_gnn,rdkit,concat,721e3c494613d3aa378fb20e47d69b51245b538e
esol,6c84c1ca795f19ca,Nc1ncnc2nc[nH]c12,aqueous_solubility,log10(mol/L),train,c1ncc2[nH]cnc2n1,-2.119999885559082,-2.3306472171250054,-4.122299628063419,-0.5389948061865919,scaffold,2026,hybrid_concat,edge_gnn,rdkit,concat,721e3c494613d3aa378fb20e47d69b51245b538e
esol,690374c4203120f3,O=C(C=CC=Cc1ccc2c(c1)OCO2)N1CCCCC1,aqueous_solubility,log10(mol/L),test,O=C(C=CC=Cc1ccc2c(c1)OCO2)N1CCCCC1,-3.4600000381469727,-4.4066149972664395,-6.198267408204853,-2.614962586328026,scaffold,2026,hybrid_concat,edge_gnn,rdkit,concat,721e3c494613d3aa378fb20e47d69b51245b538e
esol,f6ac174891d4cbfe,O=C(CC(Cl)Cl)NC1=C(Cl)C(=O)c2ccccc2C1=O,aqueous_solubility,log10(mol/L),validation,O=C1C=CC(=O)c2ccccc21,-5.03000020980835,-4.528582680701836,-6.320235091640249,-2.736930269763423,scaffold,2026,hybrid_concat,edge_gnn,rdkit,concat,721e3c494613d3aa378fb20e47d69b51245b538e
esol,3bd7903f0fc524b9,O=C(Cn1ccnc1[N+](=O)[O-])NCc1ccccc1,aqueous_solubility,log10(mol/L),validation,O=C(Cn1ccnc1)NCc1ccccc1,-2.809999942779541,-2.9147066232133136,-4.706359034151728,-1.1230542122749,scaffold,2026,hybrid_concat,edge_gnn,rdkit,concat,721e3c494613d3aa378fb20e47d69b51245b538e
esol,baa633118e4124e0,O=C(NC(=O)c1c(F)cccc1F)Nc1cc(Cl)c(F)c(Cl)c1F,aqueous_solubility,log10(mol/L),calibration,O=C(NC(=O)c1ccccc1)Nc1ccccc1,-7.28000020980835,-5.372257934825059,-7.1639103457634725,-3.580605523886646,scaffold,2026,hybrid_concat,edge_gnn,rdkit,concat,721e3c494613d3aa378fb20e47d69b51245b538e
esol,c045f77f3d14db05,O=C(NC(=O)c1c(F)cccc1F)Nc1ccc(Cl)cc1,aqueous_solubility,log10(mol/L),calibration,O=C(NC(=O)c1ccccc1)Nc1ccccc1,-6.019999980926514,-4.41210987701446,-6.203762287952873,-2.6204574660760467,scaffold,2026,hybrid_concat,edge_gnn,rdkit,concat,721e3c494613d3aa378fb20e47d69b51245b538e
esol,e690eafd94d35c0c,O=C(NC(CO)C(O)c1ccc([N+](=O)[O-])cc1)C(Cl)Cl,aqueous_solubility,log10(mol/L),train,c1ccccc1,-2.1110000610351562,-1.3687815462071806,-3.160433957145594,0.4228708647312329,scaffold,2026,hybrid_concat,edge_gnn,rdkit,concat,721e3c494613d3aa378fb20e47d69b51245b538e
esol,688fd8c1fae69203,O=C(Nc1ccc([N+](=O)[O-])cc1Cl)c1cc(Cl)ccc1O,aqueous_solubility,log10(mol/L),test,O=C(Nc1ccccc1)c1ccccc1,-4.699999809265137,-4.559801056458849,-6.351453467397263,-2.768148645520436,scaffold,2026,hybrid_concat,edge_gnn,rdkit,concat,721e3c494613d3aa378fb20e47d69b51245b538e
esol,6e4bde6d2f6a6816,O=C(Nc1cccc(Cl)c1)OCC#CCCl,aqueous_solubility,log10(mol/L),train,c1ccccc1,-4.369999885559082,-4.801238207390256,-6.592890618328669,-3.009585796451842,scaffold,2026,hybrid_concat,edge_gnn,rdkit,concat,721e3c494613d3aa378fb20e47d69b51245b538e
esol,60c0e74fff4c1ae4,O=C(Nc1ccccc1)N(Cc1ccc(Cl)cc1)C1CCCC1,aqueous_solubility,log10(mol/L),test,O=C(Nc1ccccc1)N(Cc1ccccc1)C1CCCC1,-5.914999961853027,-5.089472799927673,-6.881125210866086,-3.2978203889892597,scaffold,2026,hybrid_concat,edge_gnn,rdkit,concat,721e3c494613d3aa378fb20e47d69b51245b538e
esol,0991c75b100e534a,O=C(Nc1ccccc1)Nc1ccccc1,aqueous_solubility,log10(mol/L),train,O=C(Nc1ccccc1)Nc1ccccc1,-3.1500000953674316,-4.857848736831669,-6.649501147770083,-3.0661963258932556,scaffold,2026,hybrid_concat,edge_gnn,rdkit,concat,721e3c494613d3aa378fb20e47d69b51245b538e
esol,fe14526b987406f2,O=C(Nc1ccccc1)c1ccccc1I,aqueous_solubility,log10(mol/L),test,O=C(Nc1ccccc1)c1ccccc1,-4.210000038146973,-4.634814233420084,-6.426466644358497,-2.84316182248167,scaffold,2026,hybrid_concat,edge_gnn,rdkit,concat,721e3c494613d3aa378fb20e47d69b51245b538e
esol,7745315b46a851c2,O=C(Nc1ccccc1)c1ccccc1O,aqueous_solubility,log10(mol/L),test,O=C(Nc1ccccc1)c1ccccc1,-3.5899999141693115,-2.415088798503129,-4.206741209441542,-0.6234363875647153,scaffold,2026,hybrid_concat,edge_gnn,rdkit,concat,721e3c494613d3aa378fb20e47d69b51245b538e
esol,39383db26262b98a,O=C(OCC(O)CO)c1ccccc1Nc1ccnc2cc(Cl)ccc12,aqueous_solubility,log10(mol/L),train,c1ccc(Nc2ccnc3ccccc23)cc1,-4.571000099182129,-3.7614944795816623,-5.553146890520075,-1.9698420686432487,scaffold,2026,hybrid_concat,edge_gnn,rdkit,concat,721e3c494613d3aa378fb20e47d69b51245b538e
esol,1da91787f38885ba,O=C(c1ccccc1)C(O)c1ccccc1,aqueous_solubility,log10(mol/L),calibration,O=C(Cc1ccccc1)c1ccccc1,-2.8499999046325684,-2.7004555228144342,-4.492107933752848,-0.9088031118760207,scaffold,2026,hybrid_concat,edge_gnn,rdkit,concat,721e3c494613d3aa378fb20e47d69b51245b538e
esol,4dba3a2e70cac673,O=C(c1ccccc1)c1ccccc1,aqueous_solubility,log10(mol/L),test,O=C(c1ccccc1)c1ccccc1,-3.119999885559082,-3.286682930599495,-5.078335341537908,-1.4950305196610816,scaffold,2026,hybrid_concat,edge_gnn,rdkit,concat,721e3c494613d3aa378fb20e47d69b51245b538e
esol,db8d3eba6fa98f98,O=C1C(Cl)C(CCl)CN1c1cccc(C(F)(F)F)c1,aqueous_solubility,log10(mol/L),train,O=C1CCCN1c1ccccc1,-4.046999931335449,-0.6380065274461484,-2.429658938384562,1.1536458834922652,scaffold,2026,hybrid_concat,edge_gnn,rdkit,concat,721e3c494613d3aa378fb20e47d69b51245b538e
esol,6b583bedb8c16dc6,O=C1C(O)=C(C2CCC(c3ccc(Cl)cc3)CC2)C(=O)c2ccccc21,aqueous_solubility,log10(mol/L),calibration,O=C1C=C(C2CCC(c3ccccc3)CC2)C(=O)c2ccccc21,-5.931000232696533,-5.58475259667342,-7.376405007611833,-3.7931001857350064,scaffold,2026,hybrid_concat,edge_gnn,rdkit,concat,721e3c494613d3aa378fb20e47d69b51245b538e
esol,43baf9d8ef42876c,O=C1C2(Cl)C3(Cl)C4(Cl)C(Cl)(Cl)C5(Cl)C3(Cl)C1(Cl)C5(Cl)C24Cl,aqueous_solubility,log10(mol/L),calibration,O=C1C2C3C4CC5C3C1C5C42,-5.258999824523926,-5.3870246621322355,-7.178677073070649,-3.595372251193822,scaffold,2026,hybrid_concat,edge_gnn,rdkit,concat,721e3c494613d3aa378fb20e47d69b51245b538e
esol,046f28c7cfbee993,O=C1C2CC=CCC2C(=O)N1SC(Cl)(Cl)C(Cl)Cl,aqueous_solubility,log10(mol/L),calibration,O=C1NC(=O)C2CC=CCC12,-5.400000095367432,-5.461589355543012,-7.253241766481425,-3.6699369446045984,scaffold,2026,hybrid_concat,edge_gnn,rdkit,concat,721e3c494613d3aa378fb20e47d69b51245b538e
esol,fb996a8251e32b19,O=C1C=C2CC3(O)COc4c(ccc(O)c4O)C3=C2C=C1O,aqueous_solubility,log10(mol/L),validation,O=C1C=CC2=C3c4ccccc4OCC3CC2=C1,-2.700000047683716,-2.8382563296031673,-4.62990874054158,-1.0466039186647538,scaffold,2026,hybrid_concat,edge_gnn,rdkit,concat,721e3c494613d3aa378fb20e47d69b51245b538e
esol,2287e3509b11a6c4,O=C1CC(c2ccc(O)c(O)c2)Oc2cc(O)cc(O)c21,aqueous_solubility,log10(mol/L),calibration,O=C1CC(c2ccccc2)Oc2ccccc21,-3.619999885559082,-2.1069395700262117,-3.8985919809646252,-0.31528715908779814,scaffold,2026,hybrid_concat,edge_gnn,rdkit,concat,721e3c494613d3aa378fb20e47d69b51245b538e
esol,98e81285f39d4a65,O=C1CCC(=O)N1,aqueous_solubility,log10(mol/L),validation,O=C1CCC(=O)N1,0.30000001192092896,-0.36431107354851067,-2.155963484486924,1.4273413373899029,scaffold,2026,hybrid_concat,edge_gnn,rdkit,concat,721e3c494613d3aa378fb20e47d69b51245b538e
esol,552029f553c6de90,O=C1CCC(N2C(=O)c3ccccc3C2=O)C(=O)N1,aqueous_solubility,log10(mol/L),train,O=C1CCC(N2C(=O)c3ccccc3C2=O)C(=O)N1,-2.6760001182556152,-2.19853839065585,-3.9901908015942635,-0.40688597971743645,scaffold,2026,hybrid_concat,edge_gnn,rdkit,concat,721e3c494613d3aa378fb20e47d69b51245b538e
esol,f8fc82e8cbf0dbbb,O=C1CCCCC1,aqueous_solubility,log10(mol/L),validation,O=C1CCCCC1,-0.6000000238418579,-1.0361017795982594,-2.827754190536673,0.7555506313401541,scaffold,2026,hybrid_concat,edge_gnn,rdkit,concat,721e3c494613d3aa378fb20e47d69b51245b538e
esol,88292b2a0d08280c,O=C1CCCN1,aqueous_solubility,log10(mol/L),test,O=C1CCCN1,1.0700000524520874,0.06110019762505514,-1.7305522133133584,1.8527526085634687,scaffold,2026,hybrid_concat,edge_gnn,rdkit,concat,721e3c494613d3aa378fb20e47d69b51245b538e
esol,464ea5384e52ed18,O=C1CN(N=Cc2ccc([N+](=O)[O-])o2)C(=O)N1,aqueous_solubility,log10(mol/L),train,O=C1CN(N=Cc2ccco2)C(=O)N1,-3.380000114440918,-3.0414388691252388,-4.833091280063652,-1.2497864581868252,scaffold,2026,hybrid_concat,edge_gnn,rdkit,concat,721e3c494613d3aa378fb20e47d69b51245b538e
esol,ad5815f8ca05b4e0,O=C1CN=C(c2ccccc2)c2cc([N+](=O)[O-])ccc2N1,aqueous_solubility,log10(mol/L),train,O=C1CN=C(c2ccccc2)c2ccccc2N1,-3.7960000038146973,-4.892413526628829,-6.684065937567242,-3.1007611156904153,scaffold,2026,hybrid_concat,edge_gnn,rdkit,concat,721e3c494613d3aa378fb20e47d69b51245b538e
esol,3bcf5a8597ee7358,O=C1CN=C(c2ccccc2Cl)c2cc([N+](=O)[O-])ccc2N1,aqueous_solubility,log10(mol/L),train,O=C1CN=C(c2ccccc2)c2ccccc2N1,-3.499000072479248,-0.9068836519410735,-2.698536062879487,0.8847687589973401,scaffold,2026,hybrid_concat,edge_gnn,rdkit,concat,721e3c494613d3aa378fb20e47d69b51245b538e
esol,7431852da1dce5b8,O=C1CNC(=O)N1,aqueous_solubility,log10(mol/L),validation,O=C1CNC(=O)N1,-0.4000000059604645,-0.004867046998335844,-1.7965194579367494,1.7867853639400777,scaffold,2026,hybrid_concat,edge_gnn,rdkit,concat,721e3c494613d3aa378fb20e47d69b51245b538e
esol,5e3e17dfed89e466,O=C1CSC(=S)N1,aqueous_solubility,log10(mol/L),calibration,O=C1CSC(=S)N1,-1.7699999809265137,-1.4610082677138332,-3.252660678652247,0.33064414322458036,scaffold,2026,hybrid_concat,edge_gnn,rdkit,concat,721e3c494613d3aa378fb20e47d69b51245b538e
esol,9b850b8ead100465,O=C1NC(=O)C(=O)C(=O)N1,aqueous_solubility,log10(mol/L),train,O=C1NC(=O)C(=O)C(=O)N1,-1.25,-1.070424278308858,-2.8620766892472718,0.7212281326295555,scaffold,2026,hybrid_concat,edge_gnn,rdkit,concat,721e3c494613d3aa378fb20e47d69b51245b538e
esol,9f97173311018951,O=C1NC(=O)C(=O)N1,aqueous_solubility,log10(mol/L),validation,O=C1NC(=O)C(=O)N1,-0.4000000059604645,-0.40663563283625104,-2.1982880437746646,1.3850167781021625,scaffold,2026,hybrid_concat,edge_gnn,rdkit,concat,721e3c494613d3aa378fb20e47d69b51245b538e
esol,f58d70889d342b7a,O=C1NC(=O)C(O)(C2(O)C(=O)NC(=O)NC2=O)C(=O)N1,aqueous_solubility,log10(mol/L),train,O=C1NC(=O)C(C2C(=O)NC(=O)NC2=O)C(=O)N1,-1.9900000095367432,-7.150585339417283,-8.942237750355696,-5.35893292847887,scaffold,2026,hybrid_concat,edge_gnn,rdkit,concat,721e3c494613d3aa378fb20e47d69b51245b538e
esol,a2f9df8a5d8811db,O=C1NC(=O)C(c2ccccc2)(c2ccccc2)N1,aqueous_solubility,log10(mol/L),test,O=C1NC(=O)C(c2ccccc2)(c2ccccc2)N1,-4.0970001220703125,-3.123211632712325,-4.914864043650739,-1.3315592217739116,scaffold,2026,hybrid_concat,edge_gnn,rdkit,concat,721e3c494613d3aa378fb20e47d69b51245b538e
esol,abaed2608bdfc2de,O=C1NC(=O)C2(CC2)C(=O)N1,aqueous_solubility,log10(mol/L),validation,O=C1NC(=O)C2(CC2)C(=O)N1,-1.8860000371932983,-2.4051049295182816,-4.196757340456696,-0.613452518579868,scaffold,2026,hybrid_concat,edge_gnn,rdkit,concat,721e3c494613d3aa378fb20e47d69b51245b538e
esol,c4e073085482ca83,O=C1NC(=O)C2(CCC2)C(=O)N1,aqueous_solubility,log10(mol/L),calibration,O=C1NC(=O)C2(CCC2)C(=O)N1,-1.6549999713897705,-2.456006527527778,-4.247658938466191,-0.6643541165893643,scaffold,2026,hybrid_concat,edge_gnn,rdkit,concat,721e3c494613d3aa378fb20e47d69b51245b538e
esol,fb010ec97af69bc4,O=C1NC(=O)C2(CCCC2)C(=O)N1,aqueous_solubility,log10(mol/L),train,O=C1NC(=O)C2(CCCC2)C(=O)N1,-2.3489999771118164,-1.7463914276563186,-3.5380438385947324,0.045260983282094935,scaffold,2026,hybrid_concat,edge_gnn,rdkit,concat,721e3c494613d3aa378fb20e47d69b51245b538e
esol,f7fa422f6b89ab0c,O=C1NC(=O)C2(CCCCC2)C(=O)N1,aqueous_solubility,log10(mol/L),validation,O=C1NC(=O)C2(CCCCC2)C(=O)N1,-3.059999942779541,-2.7595635211210903,-4.551215932059504,-0.9679111101826767,scaffold,2026,hybrid_concat,edge_gnn,rdkit,concat,721e3c494613d3aa378fb20e47d69b51245b538e
esol,1079ed78c10335aa,O=C1NC(=O)C2(CCCCCC2)C(=O)N1,aqueous_solubility,log10(mol/L),train,O=C1NC(=O)C2(CCCCCC2)C(=O)N1,-3.1679999828338623,-0.8082057957813724,-2.599858206719786,0.9834466151570411,scaffold,2026,hybrid_concat,edge_gnn,rdkit,concat,721e3c494613d3aa378fb20e47d69b51245b538e
esol,2763289c3c31ca3c,O=C1NC(=O)C2(CCCCCCC2)C(=O)N1,aqueous_solubility,log10(mol/L),calibration,O=C1NC(=O)C2(CCCCCCC2)C(=O)N1,-2.9820001125335693,-2.9553219814486957,-4.746974392387109,-1.1636695705102822,scaffold,2026,hybrid_concat,edge_gnn,rdkit,concat,721e3c494613d3aa378fb20e47d69b51245b538e
esol,6122d0570c0fafbd,O=C1NC(=O)C2C3C(C(O)(c4ccccc4)c4ccccn4)=CC(C3=C(c3ccccc3)c3ccccn3)C12,aqueous_solubility,log10(mol/L),train,O=C1NC(=O)C2C3C(C(c4ccccc4)c4ccccn4)=CC(C3=C(c3ccccc3)c3ccccn3)C12,-3.930999994277954,-2.3887677627103563,-4.18042017364877,-0.5971153517719427,scaffold,2026,hybrid_concat,edge_gnn,rdkit,concat,721e3c494613d3aa378fb20e47d69b51245b538e
esol,80765813e3dd85bc,O=C1NC(=O)C2C=CC=CC12,aqueous_solubility,log10(mol/L),calibration,O=C1NC(=O)C2C=CC=CC12,-2.931999921798706,-1.7114792782649069,-3.5031316892033204,0.08017313267350668,scaffold,2026,hybrid_concat,edge_gnn,rdkit,concat,721e3c494613d3aa378fb20e47d69b51245b538e
esol,8c073a83b27c7462,O=C1NC(=O)c2ccccc21,aqueous_solubility,log10(mol/L),calibration,O=C1NC(=O)c2ccccc21,-2.609999895095825,-2.143218924868088,-3.9348713358065015,-0.3515665139296744,scaffold,2026,hybrid_concat,edge_gnn,rdkit,concat,721e3c494613d3aa378fb20e47d69b51245b538e
esol,6b563f4c04c1dd29,O=C1NCCN1c1ncc([N+](=O)[O-])s1,aqueous_solubility,log10(mol/L),validation,O=C1NCCN1c1nccs1,-3.2200000286102295,-1.8933332618507552,-3.6849856727891686,-0.10168085091234169,scaffold,2026,hybrid_concat,edge_gnn,rdkit,concat,721e3c494613d3aa378fb20e47d69b51245b538e
esol,e431f760674c4ee6,O=C1Nc2ccc(Cl)cc2C(c2ccccc2)=NC1O,aqueous_solubility,log10(mol/L),train,O=C1CN=C(c2ccccc2)c2ccccc2N1,-3.9519999027252197,-4.165465679061447,-5.957118089999861,-2.3738132681230337,scaffold,2026,hybrid_concat,edge_gnn,rdkit,concat,721e3c494613d3aa378fb20e47d69b51245b538e
esol,e7367b803a2a0cad,O=C1Nc2ccc(Cl)cc2C(c2ccccc2Cl)=NC1O,aqueous_solubility,log10(mol/L),train,O=C1CN=C(c2ccccc2)c2ccccc2N1,-3.6040000915527344,-1.3040430891367512,-3.0956955000751645,0.4876093218016624,scaffold,2026,hybrid_concat,edge_gnn,rdkit,concat,721e3c494613d3aa378fb20e47d69b51245b538e
esol,cccf416cbf91333f,O=C1OC(c2ccc(O)cc2)(c2ccc(O)cc2)c2ccccc21,aqueous_solubility,log10(mol/L),calibration,O=C1OC(c2ccccc2)(c2ccccc2)c2ccccc21,-2.9000000953674316,-4.017411122753147,-5.80906353369156,-2.2257587118147337,scaffold,2026,hybrid_concat,edge_gnn,rdkit,concat,721e3c494613d3aa378fb20e47d69b51245b538e
esol,1d8559207fba752d,O=C1c2ccccc2C(=O)c2ccccc21,aqueous_solubility,log10(mol/L),validation,O=C1c2ccccc2C(=O)c2ccccc21,-5.190000057220459,-4.408630543542514,-6.200282954480928,-2.6169781326041,scaffold,2026,hybrid_concat,edge_gnn,rdkit,concat,721e3c494613d3aa378fb20e47d69b51245b538e
esol,40f1ac185330e905,O=C1c2ccccc2Cc2ccccc2N1CCF,aqueous_solubility,log10(mol/L),calibration,O=C1Nc2ccccc2Cc2ccccc21,-4.798999786376953,-3.738407497877696,-5.53005990881611,-1.9467550869392825,scaffold,2026,hybrid_concat,edge_gnn,rdkit,concat,721e3c494613d3aa378fb20e47d69b51245b538e
esol,1c5ae882fec16e7a,O=CNC(N1C=CN(C(NC=O)C(Cl)(Cl)Cl)C=C1)C(Cl)(Cl)Cl,aqueous_solubility,log10(mol/L),test,C1=CNC=CN1,-4.190000057220459,-4.412503375907879,-6.204155786846293,-2.6208509649694656,scaffold,2026,hybrid_concat,edge_gnn,rdkit,concat,721e3c494613d3aa378fb20e47d69b51245b538e
esol,24abd616835cfd2d,O=Cc1ccc(O)cc1,aqueous_solubility,log10(mol/L),train,c1ccccc1,-0.9599999785423279,-3.984001488881261,-5.775653899819675,-2.1923490779428474,scaffold,2026,hybrid_concat,edge_gnn,rdkit,concat,721e3c494613d3aa378fb20e47d69b51245b538e
esol,01bc1188fd568fec,O=Cc1ccc2c(c1)OCO2,aqueous_solubility,log10(mol/L),validation,c1ccc2c(c1)OCO2,-1.6299999952316284,-2.0846883551092406,-3.876340766047654,-0.293035944170827,scaffold,2026,hybrid_concat,edge_gnn,rdkit,concat,721e3c494613d3aa378fb20e47d69b51245b538e
esol,f96a284663242b78,O=Cc1ccccc1,aqueous_solubility,log10(mol/L),train,c1ccccc1,-1.190000057220459,-3.6785057781169006,-5.470158189055314,-1.886853367178487,scaffold,2026,hybrid_concat,edge_gnn,rdkit,concat,721e3c494613d3aa378fb20e47d69b51245b538e
esol,363e8ba4d5020110,O=Cc1ccco1,aqueous_solubility,log10(mol/L),validation,c1ccoc1,-0.10000000149011612,-0.9435543541028328,-2.735206765041246,0.8480980568355807,scaffold,2026,hybrid_concat,edge_gnn,rdkit,concat,721e3c494613d3aa378fb20e47d69b51245b538e
esol,8a081af65ed6bef7,O=[N+]([O-])C(Cl)(Cl)Cl,aqueous_solubility,log10(mol/L),train,,-2.0,-8.480736390439382,-10.272388801377796,-6.689083979500969,scaffold,2026,hybrid_concat,edge_gnn,rdkit,concat,721e3c494613d3aa378fb20e47d69b51245b538e
esol,b3623792d168d2ab,O=[N+]([O-])OCC(CO[N+](=O)[O-])O[N+](=O)[O-],aqueous_solubility,log10(mol/L),train,,-2.2200000286102295,-4.297860365981275,-6.089512776919689,-2.506207955042861,scaffold,2026,hybrid_concat,edge_gnn,rdkit,concat,721e3c494613d3aa378fb20e47d69b51245b538e
esol,ff424e90dc845655,O=[N+]([O-])c1c(Cl)c(Cl)c(Cl)c(Cl)c1Cl,aqueous_solubility,log10(mol/L),train,c1ccccc1,-5.820000171661377,-6.897362824908853,-8.689015235847267,-5.10571041397044,scaffold,2026,hybrid_concat,edge_gnn,rdkit,concat,721e3c494613d3aa378fb20e47d69b51245b538e
esol,57e68a80baabc9d1,O=[N+]([O-])c1cc([N+](=O)[O-])cc([N+](=O)[O-])c1,aqueous_solubility,log10(mol/L),train,c1ccccc1,-2.890000104904175,-1.613864418964008,-3.4055168299024214,0.17778799197440565,scaffold,2026,hybrid_concat,edge_gnn,rdkit,concat,721e3c494613d3aa378fb20e47d69b51245b538e
esol,bc600864e500c480,O=[N+]([O-])c1ccc(C=NO)o1,aqueous_solubility,log10(mol/L),validation,c1ccoc1,-2.190000057220459,-1.5102686633596083,-3.301921074298022,0.28138374757880524,scaffold,2026,hybrid_concat,edge_gnn,rdkit,concat,721e3c494613d3aa378fb20e47d69b51245b538e
esol,4b83ca53ecb4e64f,O=[N+]([O-])c1ccc(Cl)c(Cl)c1,aqueous_solubility,log10(mol/L),train,c1ccccc1,-3.200000047683716,-2.1938193324654662,-3.9854717434038798,-0.4021669215270527,scaffold,2026,hybrid_concat,edge_gnn,rdkit,concat,721e3c494613d3aa378fb20e47d69b51245b538e
esol,a677b460c36a2d5e,O=[N+]([O-])c1ccc(Cl)cc1,aqueous_solubility,log10(mol/L),train,c1ccccc1,-2.9200000762939453,-2.5535097141855485,-4.345162125123962,-0.761857303247135,scaffold,2026,hybrid_concat,edge_gnn,rdkit,concat,721e3c494613d3aa378fb20e47d69b51245b538e
esol,dde4a1cff0933018,O=[N+]([O-])c1ccc(O)cc1,aqueous_solubility,log10(mol/L),train,c1ccccc1,-0.7400000095367432,-2.2005942191697985,-3.992246630108212,-0.40894180823138493,scaffold,2026,hybrid_concat,edge_gnn,rdkit,concat,721e3c494613d3aa378fb20e47d69b51245b538e
esol,0cfb53848f1c44c5,O=[N+]([O-])c1ccc(Oc2ccc(Cl)cc2Cl)cc1,aqueous_solubility,log10(mol/L),train,c1ccc(Oc2ccccc2)cc1,-5.460000038146973,-4.306979929946805,-6.098632340885219,-2.5153275190083915,scaffold,2026,hybrid_concat,edge_gnn,rdkit,concat,721e3c494613d3aa378fb20e47d69b51245b538e
esol,82051d5601294b9c,O=[N+]([O-])c1ccc([N+](=O)[O-])cc1,aqueous_solubility,log10(mol/L),train,c1ccccc1,-3.390000104904175,-2.712047214890224,-4.503699625828638,-0.9203948039518104,scaffold,2026,hybrid_concat,edge_gnn,rdkit,concat,721e3c494613d3aa378fb20e47d69b51245b538e
esol,b8a8d3aea70aedef,O=[N+]([O-])c1cccc(Cl)c1,aqueous_solubility,log10(mol/L),train,c1ccccc1,-2.7699999809265137,-3.9197605234251727,-5.711412934363587,-2.128108112486759,scaffold,2026,hybrid_concat,edge_gnn,rdkit,concat,721e3c494613d3aa378fb20e47d69b51245b538e
esol,feef886840fa5400,O=[N+]([O-])c1cccc(Cl)c1Cl,aqueous_solubility,log10(mol/L),train,c1ccccc1,-3.4800000190734863,-3.1172491144327807,-4.908901525371194,-1.3255967034943672,scaffold,2026,hybrid_concat,edge_gnn,rdkit,concat,721e3c494613d3aa378fb20e47d69b51245b538e
esol,8b82235acd1bad51,O=[N+]([O-])c1cccc(O)c1,aqueous_solubility,log10(mol/L),train,c1ccccc1,-1.0099999904632568,-8.050775497491417,-9.84242790842983,-6.259123086553004,scaffold,2026,hybrid_concat,edge_gnn,rdkit,concat,721e3c494613d3aa378fb20e47d69b51245b538e
esol,ec688ee4a0e28848,O=[N+]([O-])c1cccc([N+](=O)[O-])c1,aqueous_solubility,log10(mol/L),train,c1ccccc1,-2.2899999618530273,-5.959011163276022,-7.750663574214435,-4.167358752337609,scaffold,2026,hybrid_concat,edge_gnn,rdkit,concat,721e3c494613d3aa378fb20e47d69b51245b538e
esol,c6bfe39ba4dc7a2a,O=[N+]([O-])c1cccc2ccccc12,aqueous_solubility,log10(mol/L),train,c1ccc2ccccc2c1,-3.5399999618530273,-4.103303253173301,-5.8949556641117145,-2.311650842234888,scaffold,2026,hybrid_concat,edge_gnn,rdkit,concat,721e3c494613d3aa378fb20e47d69b51245b538e
esol,e7485af5868fe30e,O=[N+]([O-])c1ccccc1,aqueous_solubility,log10(mol/L),train,c1ccccc1,-1.7999999523162842,-2.8439892084967884,-4.6356416194352015,-1.0523367975583748,scaffold,2026,hybrid_concat,edge_gnn,rdkit,concat,721e3c494613d3aa378fb20e47d69b51245b538e
esol,5f297c0e1cebb1e6,O=[N+]([O-])c1ccccc1Cl,aqueous_solubility,log10(mol/L),train,c1ccccc1,-2.549999952316284,-1.5845506639140856,-3.376203074852499,0.20710174702432793,scaffold,2026,hybrid_concat,edge_gnn,rdkit,concat,721e3c494613d3aa378fb20e47d69b51245b538e
esol,5598414c70a5d146,O=[N+]([O-])c1ccccc1O,aqueous_solubility,log10(mol/L),train,c1ccccc1,-1.7400000095367432,-1.0882687120278687,-2.879921122966282,0.7033836989105449,scaffold,2026,hybrid_concat,edge_gnn,rdkit,concat,721e3c494613d3aa378fb20e47d69b51245b538e
esol,059b799d8722bb7e,O=[N+]([O-])c1ccccc1[N+](=O)[O-],aqueous_solubility,log10(mol/L),train,c1ccccc1,-3.0999999046325684,-3.5176542600739196,-5.309306671012333,-1.726001849135506,scaffold,2026,hybrid_concat,edge_gnn,rdkit,concat,721e3c494613d3aa378fb20e47d69b51245b538e
esol,d74439078cde9040,O=c1[nH]c(=O)c2[nH]c(=O)[nH]c2[nH]1,aqueous_solubility,log10(mol/L),calibration,O=c1[nH]c(=O)c2[nH]c(=O)[nH]c2[nH]1,-3.930000066757202,-1.989721604704092,-3.7813740156425055,-0.19806919376567844,scaffold,2026,hybrid_concat,edge_gnn,rdkit,concat,721e3c494613d3aa378fb20e47d69b51245b538e
esol,2ba1a048585b1487,O=c1[nH]c2c(c(=O)n1C1CCCCC1)CCC2,aqueous_solubility,log10(mol/L),validation,O=c1[nH]c2c(c(=O)n1C1CCCCC1)CCC2,-4.593999862670898,-2.714103491648659,-4.505755902587072,-0.9224510807102453,scaffold,2026,hybrid_concat,edge_gnn,rdkit,concat,721e3c494613d3aa378fb20e47d69b51245b538e
esol,d07e545f1899310f,O=c1[nH]c2cc(Cl)ccc2o1,aqueous_solubility,log10(mol/L),train,O=c1[nH]c2ccccc2o1,-2.8310000896453857,-0.40312856797205887,-2.1947809789104724,1.3885238429663547,scaffold,2026,hybrid_concat,edge_gnn,rdkit,concat,721e3c494613d3aa378fb20e47d69b51245b538e
esol,4c7d2cc71ad43d92,O=c1[nH]cc(F)c(=O)[nH]1,aqueous_solubility,log10(mol/L),validation,O=c1cc[nH]c(=O)[nH]1,-1.0770000219345093,-1.2948593365607206,-3.0865117474991344,0.49679307437769293,scaffold,2026,hybrid_concat,edge_gnn,rdkit,concat,721e3c494613d3aa378fb20e47d69b51245b538e
esol,dffd0d1aff11120c,O=c1[nH]cnc2[nH]ncc12,aqueous_solubility,log10(mol/L),validation,O=c1[nH]cnc2[nH]ncc12,-2.2660000324249268,-1.4807458470810742,-3.2723982580194875,0.3109065638573394,scaffold,2026,hybrid_concat,edge_gnn,rdkit,concat,721e3c494613d3aa378fb20e47d69b51245b538e
esol,efd3b4d838ecabb0,O=c1[nH]cnc2nc[nH]c12,aqueous_solubility,log10(mol/L),test,O=c1[nH]cnc2nc[nH]c12,-2.2960000038146973,-2.0444135282104288,-3.8360659391488423,-0.2527611172720152,scaffold,2026,hybrid_concat,edge_gnn,rdkit,concat,721e3c494613d3aa378fb20e47d69b51245b538e
esol,c401593400567088,O=c1c(O)c(-c2ccc(O)cc2O)oc2cc(O)cc(O)c12,aqueous_solubility,log10(mol/L),calibration,O=c1cc(-c2ccccc2)oc2ccccc12,-3.0829999446868896,-2.1431417072845074,-3.934794118222921,-0.3514892963460938,scaffold,2026,hybrid_concat,edge_gnn,rdkit,concat,721e3c494613d3aa378fb20e47d69b51245b538e
esol,d67cde4d4f9d08e2,O=c1cc[nH]c(=O)[nH]1,aqueous_solubility,log10(mol/L),validation,O=c1cc[nH]c(=O)[nH]1,-1.4880000352859497,-0.980351401443919,-2.7720038123823327,0.8113010094944946,scaffold,2026,hybrid_concat,edge_gnn,rdkit,concat,721e3c494613d3aa378fb20e47d69b51245b538e
esol,834dfd465548d669,O=c1ccnc(S)[nH]1,aqueous_solubility,log10(mol/L),test,O=c1ccnc[nH]1,-2.2730000019073486,-1.1743702622722243,-2.966022673210638,0.6172821486661892,scaffold,2026,hybrid_concat,edge_gnn,rdkit,concat,721e3c494613d3aa378fb20e47d69b51245b538e
esol,7b29bd731c5c5440,O=c1oc2ccccc2c(O)c1C(CC(O)c1ccc(-c2ccc(Br)cc2)cc1)c1ccccc1,aqueous_solubility,log10(mol/L),calibration,O=c1oc2ccccc2cc1C(CCc1ccc(-c2ccccc2)cc1)c1ccccc1,-4.445000171661377,-6.266981183607144,-8.058633594545558,-4.47532877266873,scaffold,2026,hybrid_concat,edge_gnn,rdkit,concat,721e3c494613d3aa378fb20e47d69b51245b538e
esol,f395281a134eed26,O=c1oc2ccccc2c(O)c1C1CCCc2ccccc21,aqueous_solubility,log10(mol/L),train,O=c1oc2ccccc2cc1C1CCCc2ccccc21,-2.8399999141693115,-2.6558421076455767,-4.447494518583991,-0.8641896967071632,scaffold,2026,hybrid_concat,edge_gnn,rdkit,concat,721e3c494613d3aa378fb20e47d69b51245b538e
esol,e761650b94280ee4,OC(Cn1cncn1)(Cn1cncn1)c1ccc(F)cc1F,aqueous_solubility,log10(mol/L),validation,c1ccc(C(Cn2cncn2)Cn2cncn2)cc1,-1.7999999523162842,-2.701588834291722,-4.493241245230136,-0.9099364233533085,scaffold,2026,hybrid_concat,edge_gnn,rdkit,concat,721e3c494613d3aa378fb20e47d69b51245b538e
esol,1101da9b7991cc75,OC(Cn1cncn1)(c1ccc(F)cc1)c1ccccc1F,aqueous_solubility,log10(mol/L),calibration,c1ccc(C(Cn2cncn2)c2ccccc2)cc1,-3.369999885559082,-3.5871473958299456,-5.37879980676836,-1.795494984891532,scaffold,2026,hybrid_concat,edge_gnn,rdkit,concat,721e3c494613d3aa378fb20e47d69b51245b538e
esol,6711c4961ef774a1,OC(c1ccc(Cl)cc1)(c1ccc(Cl)cc1)C(Cl)(Cl)Cl,aqueous_solubility,log10(mol/L),calibration,c1ccc(Cc2ccccc2)cc1,-5.665999889373779,-6.507864902012265,-8.299517312950679,-4.716212491073852,scaffold,2026,hybrid_concat,edge_gnn,rdkit,concat,721e3c494613d3aa378fb20e47d69b51245b538e
esol,a2c2454d143b1950,OC(c1ccc(Cl)cc1)(c1cncnc1)c1ccccc1Cl,aqueous_solubility,log10(mol/L),test,c1ccc(C(c2ccccc2)c2cncnc2)cc1,-4.380000114440918,-4.757883044378621,-6.549535455317034,-2.9662306334402078,scaffold,2026,hybrid_concat,edge_gnn,rdkit,concat,721e3c494613d3aa378fb20e47d69b51245b538e
esol,b3f3b509e457b989,OC(c1ccccc1)C(O)c1ccccc1,aqueous_solubility,log10(mol/L),train,c1ccc(CCc2ccccc2)cc1,-1.9299999475479126,0.08510649888834321,-1.7065459120500703,1.8767589098267567,scaffold,2026,hybrid_concat,edge_gnn,rdkit,concat,721e3c494613d3aa378fb20e47d69b51245b538e
esol,815eaa2e8194a1de,OC(c1ccccc1)c1ccccc1,aqueous_solubility,log10(mol/L),calibration,c1ccc(Cc2ccccc2)cc1,-2.549999952316284,-2.543099116449332,-4.334751527387746,-0.7514467055109186,scaffold,2026,hybrid_concat,edge_gnn,rdkit,concat,721e3c494613d3aa378fb20e47d69b51245b538e
esol,ccd31a926e2435b6,OC1C(O)C(O)C(O)C(O)C1O,aqueous_solubility,log10(mol/L),test,C1CCCCC1,0.3499999940395355,0.34836012735052213,-1.4432922835878914,2.1400125382889357,scaffold,2026,hybrid_concat,edge_gnn,rdkit,concat,721e3c494613d3aa378fb20e47d69b51245b538e
esol,1dee6b11c4cd6fe7,OC1C=CC2C1C1(Cl)C(Cl)=C(Cl)C2(Cl)C1(Cl)Cl,aqueous_solubility,log10(mol/L),train,C1=CC2C3C=CC(C3)C2C1,-5.460000038146973,-2.9797037024111046,-4.771356113349518,-1.188051291472691,scaffold,2026,hybrid_concat,edge_gnn,rdkit,concat,721e3c494613d3aa378fb20e47d69b51245b538e
esol,d2b075aa3c9f907a,OC1CCCCC1,aqueous_solubility,log10(mol/L),test,C1CCCCC1,-0.4399999976158142,-0.9131142503066498,-2.7047666612450634,0.8785381606317637,scaffold,2026,hybrid_concat,edge_gnn,rdkit,concat,721e3c494613d3aa378fb20e47d69b51245b538e
esol,a260f3bd66239d10,OC1CCCCCC1,aqueous_solubility,log10(mol/L),validation,C1CCCCCC1,-0.8799999952316284,-1.263213634393023,-3.0548660453314365,0.5284387765453906,scaffold,2026,hybrid_concat,edge_gnn,rdkit,concat,721e3c494613d3aa378fb20e47d69b51245b538e
esol,cd07d7b7d929883b,OC1CCCCCCC1,aqueous_solubility,log10(mol/L),test,C1CCCCCCC1,-1.2899999618530273,-1.6761914402276819,-3.467843851166095,0.11546097071073169,scaffold,2026,hybrid_concat,edge_gnn,rdkit,concat,721e3c494613d3aa378fb20e47d69b51245b538e
esol,ee355a6432d1756f,OC1COC(O)C(O)C1O,aqueous_solubility,log10(mol/L),calibration,C1CCOCC1,0.38999998569488525,0.6404061128756569,-1.1512462980627567,2.4320585238140704,scaffold,2026,hybrid_concat,edge_gnn,rdkit,concat,721e3c494613d3aa378fb20e47d69b51245b538e
esol,ad18eddfa134971c,OCC(O)C(O)C(O)C(O)CO,aqueous_solubility,log10(mol/L),train,,0.5750000160187483,-2.7507643249609686,-4.542416735899382,-0.959111914022555,scaffold,2026,hybrid_concat,edge_gnn,rdkit,concat,721e3c494613d3aa378fb20e47d69b51245b538e
esol,5aedb2f44a5cfe15,OCC(O)C(O)CO,aqueous_solubility,log10(mol/L),train,,0.699999988079071,-8.599157563495755,-10.390809974434168,-6.807505152557342,scaffold,2026,hybrid_concat,edge_gnn,rdkit,concat,721e3c494613d3aa378fb20e47d69b51245b538e
esol,5a22885eb34ba977,OCC(O)C1OC2OC(C(Cl)(Cl)Cl)OC2C1O,aqueous_solubility,log10(mol/L),calibration,C1CC2OCOC2O1,-1.840000033378601,-1.2241145228999437,-3.015766933838357,0.5675378880384698,scaffold,2026,hybrid_concat,edge_gnn,rdkit,concat,721e3c494613d3aa378fb20e47d69b51245b538e
esol,ecae793a151a86c7,OCC(O)CO,aqueous_solubility,log10(mol/L),train,,1.1200000047683716,-1.992648581436521,-3.7843009923749342,-0.20099617049810736,scaffold,2026,hybrid_concat,edge_gnn,rdkit,concat,721e3c494613d3aa378fb20e47d69b51245b538e
esol,23e4b685b19bde7d,OCC1OC(O)(CO)C(O)C1O,aqueous_solubility,log10(mol/L),calibration,C1CCOC1,0.6399999856948853,0.5838570228118911,-1.2077953881265224,2.3755094337503047,scaffold,2026,hybrid_concat,edge_gnn,rdkit,concat,721e3c494613d3aa378fb20e47d69b51245b538e
esol,8d06c6c063ad1f13,OCC1OC(O)C(O)C(O)C1O,aqueous_solubility,log10(mol/L),calibration,C1CCOCC1,0.7400000095367432,0.5667998259434452,-1.2248525849949683,2.358452236881859,scaffold,2026,hybrid_concat,edge_gnn,rdkit,concat,721e3c494613d3aa378fb20e47d69b51245b538e
esol,20a6ee58628f6410,OCC1OC(OC2(CO)OC(CO)C(O)C2O)C(O)C(O)C1O,aqueous_solubility,log10(mol/L),validation,C1CCC(OC2CCCO2)OC1,0.7900000214576721,-0.081481711861767,-1.8731341228001805,1.7101706990766465,scaffold,2026,hybrid_concat,edge_gnn,rdkit,concat,721e3c494613d3aa378fb20e47d69b51245b538e
esol,74372de6e813da3c,OCC1OC(OC2C(CO)OC(O)C(O)C2O)C(O)C(O)C1O,aqueous_solubility,log10(mol/L),train,C1CCC(OC2CCCOC2)OC1,-0.24400000274181366,-0.8290925544807313,-2.620744965419145,0.9625598564576823,scaffold,2026,hybrid_concat,edge_gnn,rdkit,concat,721e3c494613d3aa378fb20e47d69b51245b538e
esol,3bb6576d1676177b,OCC1OC(OCC2OC(OC3(CO)OC(CO)C(O)C3O)C(O)C(O)C2O)C(O)C(O)C1O,aqueous_solubility,log10(mol/L),train,C1CCC(OCC2CCCC(OC3CCCO3)O2)OC1,-0.4099999964237213,1.040743185120744,-0.7509092258176695,2.8323955960591576,scaffold,2026,hybrid_concat,edge_gnn,rdkit,concat,721e3c494613d3aa378fb20e47d69b51245b538e
esol,cafb5394ad49e2da,OCC1OC(n2cnc3c(O)ncnc32)C(O)C1O,aqueous_solubility,log10(mol/L),validation,c1ncc2ncn(C3CCCO3)c2n1,-1.2300000190734863,-1.6774411458566911,-3.4690935567951047,0.11421126508172241,scaffold,2026,hybrid_concat,edge_gnn,rdkit,concat,721e3c494613d3aa378fb20e47d69b51245b538e
esol,347360ba4eef9a17,OCCOc1ccccc1,aqueous_solubility,log10(mol/L),train,c1ccccc1,-0.699999988079071,-4.583991675855081,-6.3756440867934945,-2.792339264916668,scaffold,2026,hybrid_concat,edge_gnn,rdkit,concat,721e3c494613d3aa378fb20e47d69b51245b538e
esol,8a2610c4845c31dd,OCc1ccccc1,aqueous_solubility,log10(mol/L),train,c1ccccc1,-0.4000000059604645,-4.866545636129177,-6.658198047067591,-3.0748932251907637,scaffold,2026,hybrid_concat,edge_gnn,rdkit,concat,721e3c494613d3aa378fb20e47d69b51245b538e
esol,21fced0c0e248caf,OCc1ccccc1OC1OC(CO)C(O)C(O)C1O,aqueous_solubility,log10(mol/L),validation,c1ccc(OC2CCCCO2)cc1,-0.8500000238418579,-0.5721124363229917,-2.3637648472614052,1.2195399746154219,scaffold,2026,hybrid_concat,edge_gnn,rdkit,concat,721e3c494613d3aa378fb20e47d69b51245b538e
esol,3beaac315c00705a,Oc1c(Cl)c(Cl)c(Cl)c(Cl)c1Cl,aqueous_solubility,log10(mol/L),train,c1ccccc1,-4.28000020980835,-2.088757040432342,-3.8804094513707557,-0.2971046294939286,scaffold,2026,hybrid_concat,edge_gnn,rdkit,concat,721e3c494613d3aa378fb20e47d69b51245b538e
esol,ace4936ebfc84643,Oc1c(Cl)c(Cl)cc(Cl)c1Cl,aqueous_solubility,log10(mol/L),train,c1ccccc1,-3.369999885559082,-2.509992286669717,-4.301644697608131,-0.7183398757313033,scaffold,2026,hybrid_concat,edge_gnn,rdkit,concat,721e3c494613d3aa378fb20e47d69b51245b538e
esol,68fb3cd38ab259db,Oc1c(Cl)cc(Cl)c(Cl)c1Cl,aqueous_solubility,log10(mol/L),train,c1ccccc1,-3.0999999046325684,-2.173969452912816,-3.9656218638512297,-0.38231704197440264,scaffold,2026,hybrid_concat,edge_gnn,rdkit,concat,721e3c494613d3aa378fb20e47d69b51245b538e
esol,ff5529c308a61bd5,Oc1c(Cl)cc(Cl)cc1Cl,aqueous_solubility,log10(mol/L),train,c1ccccc1,-2.3399999141693115,-3.582599148671972,-5.374251559610386,-1.7909467377335586,scaffold,2026,hybrid_concat,edge_gnn,rdkit,concat,721e3c494613d3aa378fb20e47d69b51245b538e
esol,47fd413d31b8b8eb,Oc1c(Cl)ccc(Cl)c1Cl,aqueous_solubility,log10(mol/L),train,c1ccccc1,-2.640000104904175,-2.486188472382569,-4.277840883320982,-0.6945360614441554,scaffold,2026,hybrid_concat,edge_gnn,rdkit,concat,721e3c494613d3aa378fb20e47d69b51245b538e
esol,f2b15729f987cf3b,Oc1c(Cl)cccc1Cl,aqueous_solubility,log10(mol/L),train,c1ccccc1,-1.7899999618530273,-5.669517422092409,-7.461169833030823,-3.8778650111539954,scaffold,2026,hybrid_concat,edge_gnn,rdkit,concat,721e3c494613d3aa378fb20e47d69b51245b538e
esol,42fadcd62d5dfa18,Oc1c2ccccc2cc2ccccc12,aqueous_solubility,log10(mol/L),calibration,c1ccc2cc3ccccc3cc2c1,-4.730000019073486,-3.8588183983277062,-5.650470809266119,-2.0671659873892927,scaffold,2026,hybrid_concat,edge_gnn,rdkit,concat,721e3c494613d3aa378fb20e47d69b51245b538e
esol,f69f5a78d0052c90,Oc1cc(Cl)c(Cl)c(Cl)c1Cl,aqueous_solubility,log10(mol/L),train,c1ccccc1,-3.1500000953674316,-3.8802038439600377,-5.671856254898451,-2.088551433021624,scaffold,2026,hybrid_concat,edge_gnn,rdkit,concat,721e3c494613d3aa378fb20e47d69b51245b538e
esol,5201b0d96bea2487,Oc1cc(Cl)c(Cl)cc1Cl,aqueous_solubility,log10(mol/L),train,c1ccccc1,-2.2100000381469727,-0.8370870845504959,-2.6287394954889094,0.9545653263879177,scaffold,2026,hybrid_concat,edge_gnn,rdkit,concat,721e3c494613d3aa378fb20e47d69b51245b538e
esol,83266a15b21d9a5e,Oc1cc(Cl)cc(Cl)c1,aqueous_solubility,log10(mol/L),train,c1ccccc1,-1.340000033378601,-3.8208981698347326,-5.612550580773146,-2.029245758896319,scaffold,2026,hybrid_concat,edge_gnn,rdkit,concat,721e3c494613d3aa378fb20e47d69b51245b538e
esol,aefc79dc4755abd1,Oc1cc(Cl)cc(Cl)c1Cl,aqueous_solubility,log10(mol/L),train,c1ccccc1,-2.6700000762939453,-4.794947245433799,-6.586599656372213,-3.0032948344953856,scaffold,2026,hybrid_concat,edge_gnn,rdkit,concat,721e3c494613d3aa378fb20e47d69b51245b538e
esol,1d86e9c441b31155,Oc1cc(Cl)ccc1Oc1ccc(Cl)cc1Cl,aqueous_solubility,log10(mol/L),train,c1ccc(Oc2ccccc2)cc1,-4.460000038146973,-1.2722923184613635,-3.0639447293997772,0.5193600924770501,scaffold,2026,hybrid_concat,edge_gnn,rdkit,concat,721e3c494613d3aa378fb20e47d69b51245b538e
esol,1d621a1129d76fde,Oc1ccc(-c2ccccc2)cc1,aqueous_solubility,log10(mol/L),train,c1ccc(-c2ccccc2)cc1,-3.4800000190734863,-3.9598240179899733,-5.751476428928386,-2.1681716070515598,scaffold,2026,hybrid_concat,edge_gnn,rdkit,concat,721e3c494613d3aa378fb20e47d69b51245b538e
esol,6ccb98da78f7e118,Oc1ccc(Br)cc1,aqueous_solubility,log10(mol/L),train,c1ccccc1,-1.090000033378601,-2.1162562420340416,-3.907908652972455,-0.32460383109562807,scaffold,2026,hybrid_concat,edge_gnn,rdkit,concat,721e3c494613d3aa378fb20e47d69b51245b538e
esol,1645a8e7ef24eacf,Oc1ccc(Cl)c(Cl)c1,aqueous_solubility,log10(mol/L),train,c1ccccc1,-1.25,-2.211394879258369,-4.003047290196783,-0.41974246831995554,scaffold,2026,hybrid_concat,edge_gnn,rdkit,concat,721e3c494613d3aa378fb20e47d69b51245b538e
esol,12d83c9e4cfe8609,Oc1ccc(Cl)c(Cl)c1Cl,aqueous_solubility,log10(mol/L),train,c1ccccc1,-2.6700000762939453,-3.5669031806608342,-5.358555591599248,-1.7752507697224207,scaffold,2026,hybrid_concat,edge_gnn,rdkit,concat,721e3c494613d3aa378fb20e47d69b51245b538e
esol,d0f354a94dd9e30c,Oc1ccc(Cl)cc1,aqueous_solubility,log10(mol/L),train,c1ccccc1,-0.699999988079071,-1.9281642491071027,-3.7198166600455163,-0.13651183816868917,scaffold,2026,hybrid_concat,edge_gnn,rdkit,concat,721e3c494613d3aa378fb20e47d69b51245b538e
esol,574d72e0485c2a4c,Oc1ccc(Cl)cc1Cc1cc(Cl)ccc1O,aqueous_solubility,log10(mol/L),calibration,c1ccc(Cc2ccccc2)cc1,-3.953000068664551,-3.5784035802761593,-5.370055991214572,-1.7867511693377458,scaffold,2026,hybrid_concat,edge_gnn,rdkit,concat,721e3c494613d3aa378fb20e47d69b51245b538e
esol,3146d92924b6ceda,Oc1ccc(Cl)cc1Cl,aqueous_solubility,log10(mol/L),train,c1ccccc1,-1.5499999523162842,-1.3789708008158488,-3.170623211754262,0.41268161012256477,scaffold,2026,hybrid_concat,edge_gnn,rdkit,concat,721e3c494613d3aa378fb20e47d69b51245b538e
esol,9b903cfe28e8dec2,Oc1ccc(O)cc1,aqueous_solubility,log10(mol/L),train,c1ccccc1,-0.17000000178813934,-5.093485723636625,-6.885138134575039,-3.301833312698211,scaffold,2026,hybrid_concat,edge_gnn,rdkit,concat,721e3c494613d3aa378fb20e47d69b51245b538e
esol,49fae57f275a6265,Oc1ccc2c(c1)CCCC2,aqueous_solubility,log10(mol/L),test,c1ccc2c(c1)CCCC2,-1.9900000095367432,-2.1091687197416964,-3.90082113068011,-0.31751630880328285,scaffold,2026,hybrid_concat,edge_gnn,rdkit,concat,721e3c494613d3aa378fb20e47d69b51245b538e
esol,7daf411051bf1f30,Oc1ccc2ccccc2c1,aqueous_solubility,log10(mol/L),train,c1ccc2ccccc2c1,-2.2799999713897705,-3.070594513403208,-4.862246924341622,-1.2789421024647947,scaffold,2026,hybrid_concat,edge_gnn,rdkit,concat,721e3c494613d3aa378fb20e47d69b51245b538e
esol,068adc1c3a01e09a,Oc1ccc2ncccc2c1,aqueous_solubility,log10(mol/L),calibration,c1ccc2ncccc2c1,-2.1600000858306885,-2.1604428686855983,-3.952095279624012,-0.3687904577471848,scaffold,2026,hybrid_concat,edge_gnn,rdkit,concat,721e3c494613d3aa378fb20e47d69b51245b538e
esol,e25e7ed45d0af63a,Oc1cccc(Cl)c1,aqueous_solubility,log10(mol/L),train,c1ccccc1,-0.699999988079071,-4.090525775132311,-5.882178186070725,-2.298873364193897,scaffold,2026,hybrid_concat,edge_gnn,rdkit,concat,721e3c494613d3aa378fb20e47d69b51245b538e
esol,37986dfa66563881,Oc1cccc(Cl)c1Cl,aqueous_solubility,log10(mol/L),train,c1ccccc1,-1.2999999523162842,-3.1873342616239166,-4.97898667256233,-1.395681850685503,scaffold,2026,hybrid_concat,edge_gnn,rdkit,concat,721e3c494613d3aa378fb20e47d69b51245b538e
esol,084f0a95be5b9a25,Oc1cccc(O)c1,aqueous_solubility,log10(mol/L),train,c1ccccc1,0.8100000023841858,-1.2426297694348318,-3.0342821803732454,0.5490226415035817,scaffold,2026,hybrid_concat,edge_gnn,rdkit,concat,721e3c494613d3aa378fb20e47d69b51245b538e
esol,34e720a34db81320,Oc1cccc2ccccc12,aqueous_solubility,log10(mol/L),train,c1ccc2ccccc2c1,-2.2200000286102295,-3.900262127316052,-5.691914538254466,-2.1086097163776385,scaffold,2026,hybrid_concat,edge_gnn,rdkit,concat,721e3c494613d3aa378fb20e47d69b51245b538e
esol,3ded71ac51eeff27,Oc1cccc2cccnc12,aqueous_solubility,log10(mol/L),calibration,c1ccc2ncccc2c1,-2.4200000762939453,-2.243029225899069,-4.034681636837483,-0.4513768149606556,scaffold,2026,hybrid_concat,edge_gnn,rdkit,concat,721e3c494613d3aa378fb20e47d69b51245b538e
esol,409af28e16979e80,Oc1cccc2ncccc12,aqueous_solubility,log10(mol/L),calibration,c1ccc2ncccc2c1,-2.5399999618530273,-2.1730979460987454,-3.964750357037159,-0.38144553516033186,scaffold,2026,hybrid_concat,edge_gnn,rdkit,concat,721e3c494613d3aa378fb20e47d69b51245b538e
esol,2e890eb023abb6b6,Oc1ccccc1,aqueous_solubility,log10(mol/L),train,c1ccccc1,0.0,0.29410987407844535,-1.4975425368599682,2.085762285016859,scaffold,2026,hybrid_concat,edge_gnn,rdkit,concat,721e3c494613d3aa378fb20e47d69b51245b538e
esol,9c5ba45c0976f989,Oc1ccccc1Cl,aqueous_solubility,log10(mol/L),train,c1ccccc1,-1.059999942779541,-7.012423240101503,-8.804075651039916,-5.22077082916309,scaffold,2026,hybrid_concat,edge_gnn,rdkit,concat,721e3c494613d3aa378fb20e47d69b51245b538e
esol,f8f88ccdc1aea39d,Oc1ccccc1O,aqueous_solubility,log10(mol/L),train,c1ccccc1,0.6200000047683716,-5.818425674967173,-7.610078085905586,-4.02677326402876,scaffold,2026,hybrid_concat,edge_gnn,rdkit,concat,721e3c494613d3aa378fb20e47d69b51245b538e
esol,d40cc33ca3b960af,Oc1ccccn1,aqueous_solubility,log10(mol/L),validation,c1ccncc1,1.0199999809265137,-0.3398608309455633,-2.131513241883977,1.4517915799928502,scaffold,2026,hybrid_concat,edge_gnn,rdkit,concat,721e3c494613d3aa378fb20e47d69b51245b538e
esol,132a9e790a3605bd,Oc1ccncc1,aqueous_solubility,log10(mol/L),validation,c1ccncc1,1.0199999809265137,-0.3265717565303823,-2.118224167468796,1.4650806544080313,scaffold,2026,hybrid_concat,edge_gnn,rdkit,concat,721e3c494613d3aa378fb20e47d69b51245b538e
esol,a09b72bf3065ba5b,Oc1ncc2nccnc2n1,aqueous_solubility,log10(mol/L),calibration,c1cnc2ncncc2n1,-1.9470000267028809,-1.6933888479715775,-3.485041258909991,0.09826356296683603,scaffold,2026,hybrid_concat,edge_gnn,rdkit,concat,721e3c494613d3aa378fb20e47d69b51245b538e
esol,eb1ba46c82d06028,Sc1ccccc1,aqueous_solubility,log10(mol/L),train,c1ccccc1,-2.119999885559082,-2.282284386239463,-4.073936797177876,-0.4906319753010493,scaffold,2026,hybrid_concat,edge_gnn,rdkit,concat,721e3c494613d3aa378fb20e47d69b51245b538e
esol,53eadfaa30a28b1e,Sc1nc2ccccc2s1,aqueous_solubility,log10(mol/L),test,c1ccc2scnc2c1,-3.180000066757202,-2.398868623506241,-4.190521034444655,-0.6072162125678275,scaffold,2026,hybrid_concat,edge_gnn,rdkit,concat,721e3c494613d3aa378fb20e47d69b51245b538e
esol,797be817db1564f7,c1cc2c3c(c4ccc5ccccc5c4cc3c1)CC2,aqueous_solubility,log10(mol/L),train,c1cc2c3c(c4ccc5ccccc5c4cc3c1)CC2,-7.849999904632568,-1.423254367808403,-3.2149067787468164,0.36839804313001046,scaffold,2026,hybrid_concat,edge_gnn,rdkit,concat,721e3c494613d3aa378fb20e47d69b51245b538e
esol,acff556887e1b591,c1cc2c3c(cccc3c1)CC2,aqueous_solubility,log10(mol/L),test,c1cc2c3c(cccc3c1)CC2,-4.630000114440918,-4.293153679338724,-6.084806090277137,-2.5015012684003106,scaffold,2026,hybrid_concat,edge_gnn,rdkit,concat,721e3c494613d3aa378fb20e47d69b51245b538e
esol,075c09059a47afaf,c1cc2ccc3ccc4ccc5ccc6ccc1c1c2c3c4c5c61,aqueous_solubility,log10(mol/L),train,c1cc2ccc3ccc4ccc5ccc6ccc1c1c2c3c4c5c61,-9.331999778747559,-7.185457087038959,-8.977109497977372,-5.393804676100546,scaffold,2026,hybrid_concat,edge_gnn,rdkit,concat,721e3c494613d3aa378fb20e47d69b51245b538e
esol,ee187c15393c12d9,c1cc2ccc3ccc4ccc5cccc6c(c1)c2c3c4c56,aqueous_solubility,log10(mol/L),test,c1cc2ccc3ccc4ccc5cccc6c(c1)c2c3c4c56,-9.017999649047852,-7.763343441883045,-9.554995852821458,-5.971691030944632,scaffold,2026,hybrid_concat,edge_gnn,rdkit,concat,721e3c494613d3aa378fb20e47d69b51245b538e
esol,23bf38caf7a251b5,c1cc2ccc3cccc4ccc(c1)c2c34,aqueous_solubility,log10(mol/L),test,c1cc2ccc3cccc4ccc(c1)c2c34,-6.176000118255615,-6.545921695658863,-8.337574106597277,-4.754269284720449,scaffold,2026,hybrid_concat,edge_gnn,rdkit,concat,721e3c494613d3aa378fb20e47d69b51245b538e
esol,2ae996bfabe8a242,c1cc2cccc3c4cccc5cccc(c(c1)c23)c54,aqueous_solubility,log10(mol/L),test,c1cc2cccc3c4cccc5cccc(c(c1)c23)c54,-8.803999900817871,-7.376204599837161,-9.167857010775574,-5.584552188898748,scaffold,2026,hybrid_concat,edge_gnn,rdkit,concat,721e3c494613d3aa378fb20e47d69b51245b538e
esol,28cdc5dc458e073d,c1ccc(-c2ccc(-c3ccccc3)cc2)cc1,aqueous_solubility,log10(mol/L),validation,c1ccc(-c2ccc(-c3ccccc3)cc2)cc1,-7.110000133514404,-6.13725420880862,-7.928906619747034,-4.345601797870206,scaffold,2026,hybrid_concat,edge_gnn,rdkit,concat,721e3c494613d3aa378fb20e47d69b51245b538e
esol,03857fb18d8cb81d,c1ccc(-c2ccccc2)cc1,aqueous_solubility,log10(mol/L),train,c1ccc(-c2ccccc2)cc1,-4.34499979019165,-0.13167218493454547,-1.923324595872959,1.659980226003868,scaffold,2026,hybrid_concat,edge_gnn,rdkit,concat,721e3c494613d3aa378fb20e47d69b51245b538e
esol,10d1aaeb741ae67d,c1ccc(C2CO2)cc1,aqueous_solubility,log10(mol/L),validation,c1ccc(C2CO2)cc1,-1.600000023841858,-1.660980771580846,-3.4526331825192598,0.13067163935756754,scaffold,2026,hybrid_concat,edge_gnn,rdkit,concat,721e3c494613d3aa378fb20e47d69b51245b538e
esol,545e9105a6579e7d,c1ccc(CCc2ccccc2)cc1,aqueous_solubility,log10(mol/L),train,c1ccc(CCc2ccccc2)cc1,-4.619999885559082,-5.399024704935438,-7.190677115873852,-3.6073722939970243,scaffold,2026,hybrid_concat,edge_gnn,rdkit,concat,721e3c494613d3aa378fb20e47d69b51245b538e
esol,9bbe47f36a3bdefa,c1ccc(Cc2ccccc2)cc1,aqueous_solubility,log10(mol/L),calibration,c1ccc(Cc2ccccc2)cc1,-4.079999923706055,-3.974612739159965,-5.766265150098379,-2.1829603282215513,scaffold,2026,hybrid_concat,edge_gnn,rdkit,concat,721e3c494613d3aa378fb20e47d69b51245b538e
esol,f09f4fd0db478819,c1ccc(N=Nc2ccccc2)cc1,aqueous_solubility,log10(mol/L),calibration,c1ccc(N=Nc2ccccc2)cc1,-4.449999809265137,-4.39512702896488,-6.186779439903294,-2.6034746180264663,scaffold,2026,hybrid_concat,edge_gnn,rdkit,concat,721e3c494613d3aa378fb20e47d69b51245b538e
esol,d0cc06f38fc23dc0,c1ccc(NNc2ccccc2)cc1,aqueous_solubility,log10(mol/L),calibration,c1ccc(NNc2ccccc2)cc1,-2.9200000762939453,-1.7964006904245942,-3.5880531013630077,-0.004748279486180618,scaffold,2026,hybrid_concat,edge_gnn,rdkit,concat,721e3c494613d3aa378fb20e47d69b51245b538e
esol,e208b87a10a8a69f,c1ccc(Nc2ccccc2)cc1,aqueous_solubility,log10(mol/L),validation,c1ccc(Nc2ccccc2)cc1,-3.503999948501587,-3.1196671842579398,-4.911319595196353,-1.3280147733195262,scaffold,2026,hybrid_concat,edge_gnn,rdkit,concat,721e3c494613d3aa378fb20e47d69b51245b538e
esol,be134013772d5968,c1ccc(Oc2ccccc2)cc1,aqueous_solubility,log10(mol/L),train,c1ccc(Oc2ccccc2)cc1,-3.9600000381469727,-0.7949215026407166,-2.58657391357913,0.996730908297697,scaffold,2026,hybrid_concat,edge_gnn,rdkit,concat,721e3c494613d3aa378fb20e47d69b51245b538e
esol,043c2e23f851d45f,c1ccc2[nH]ccc2c1,aqueous_solubility,log10(mol/L),calibration,c1ccc2[nH]ccc2c1,-1.5199999809265137,-1.7956097480862725,-3.587262159024686,-0.0039573371478589525,scaffold,2026,hybrid_concat,edge_gnn,rdkit,concat,721e3c494613d3aa378fb20e47d69b51245b538e
esol,f272883f418f13bd,c1ccc2[nH]ncc2c1,aqueous_solubility,log10(mol/L),validation,c1ccc2[nH]ncc2c1,-2.1600000858306885,-1.4234714376718445,-3.215123848610258,0.36818097326656907,scaffold,2026,hybrid_concat,edge_gnn,rdkit,concat,721e3c494613d3aa378fb20e47d69b51245b538e
esol,cef035936674febe,c1ccc2[nH]nnc2c1,aqueous_solubility,log10(mol/L),train,c1ccc2[nH]nnc2c1,-0.7799999713897705,-3.5504151945246067,-5.34206760546302,-1.7587627835861932,scaffold,2026,hybrid_concat,edge_gnn,rdkit,concat,721e3c494613d3aa378fb20e47d69b51245b538e
esol,858996c131e6717c,c1ccc2c(c1)-c1cccc3c1c-2cc1ccccc13,aqueous_solubility,log10(mol/L),test,c1ccc2c(c1)-c1cccc3c1c-2cc1ccccc13,-8.229999542236328,-7.344592725186729,-9.136245136125142,-5.552940314248316,scaffold,2026,hybrid_concat,edge_gnn,rdkit,concat,721e3c494613d3aa378fb20e47d69b51245b538e
esol,ba95d41fcaa26d7b,c1ccc2c(c1)-c1cccc3cccc-2c13,aqueous_solubility,log10(mol/L),validation,c1ccc2c(c1)-c1cccc3cccc-2c13,-6.0,-6.697290631467991,-8.488943042406405,-4.905638220529578,scaffold,2026,hybrid_concat,edge_gnn,rdkit,concat,721e3c494613d3aa378fb20e47d69b51245b538e
esol,f9f080dc7bc9c455,c1ccc2c(c1)CCC2,aqueous_solubility,log10(mol/L),test,c1ccc2c(c1)CCC2,-3.0399999618530273,-3.2021490407400703,-4.993801451678484,-1.4104966298016568,scaffold,2026,hybrid_concat,edge_gnn,rdkit,concat,721e3c494613d3aa378fb20e47d69b51245b538e
esol,3426417016495efe,c1ccc2c(c1)CCCC2,aqueous_solubility,log10(mol/L),test,c1ccc2c(c1)CCCC2,-4.369999885559082,-3.44490196853783,-5.236554379476244,-1.6532495575994166,scaffold,2026,hybrid_concat,edge_gnn,rdkit,concat,721e3c494613d3aa378fb20e47d69b51245b538e
esol,ca7ddb86099a1f31,c1ccc2c(c1)CCN2,aqueous_solubility,log10(mol/L),test,c1ccc2c(c1)CCN2,-1.0399999618530273,-1.7918394740594714,-3.583491884997885,-0.00018706312105787326,scaffold,2026,hybrid_concat,edge_gnn,rdkit,concat,721e3c494613d3aa378fb20e47d69b51245b538e
esol,9eec1c422eb0736e,c1ccc2c(c1)Cc1c-2ccc2ccccc12,aqueous_solubility,log10(mol/L),train,c1ccc2c(c1)Cc1c-2ccc2ccccc12,-6.679999828338623,-1.53550841391852,-3.3271608248569335,0.25614399701989354,scaffold,2026,hybrid_concat,edge_gnn,rdkit,concat,721e3c494613d3aa378fb20e47d69b51245b538e
esol,e917e96074d0112a,c1ccc2c(c1)Cc1cc3ccccc3cc1-2,aqueous_solubility,log10(mol/L),calibration,c1ccc2c(c1)Cc1cc3ccccc3cc1-2,-8.039999961853027,-6.576901485817071,-8.368553896755484,-4.785249074878658,scaffold,2026,hybrid_concat,edge_gnn,rdkit,concat,721e3c494613d3aa378fb20e47d69b51245b538e
esol,2bcb3025945f885d,c1ccc2c(c1)Cc1ccccc1-2,aqueous_solubility,log10(mol/L),validation,c1ccc2c(c1)Cc1ccccc1-2,-5.0,-5.241747309131863,-7.0333997200702765,-3.45009489819345,scaffold,2026,hybrid_concat,edge_gnn,rdkit,concat,721e3c494613d3aa378fb20e47d69b51245b538e
esol,32aefa1fca7e764e,c1ccc2c(c1)[nH]c1ccccc12,aqueous_solubility,log10(mol/L),calibration,c1ccc2c(c1)[nH]c1ccccc12,-5.269999980926514,-3.2456835911952955,-5.037336002133709,-1.454031180256882,scaffold,2026,hybrid_concat,edge_gnn,rdkit,concat,721e3c494613d3aa378fb20e47d69b51245b538e
esol,7f4d532e99809c67,c1ccc2c(c1)c1cccc3ccc4cccc2c4c31,aqueous_solubility,log10(mol/L),test,c1ccc2c(c1)c1cccc3ccc4cccc2c4c31,-7.800000190734863,-7.354373778482813,-9.146026189421226,-5.5627213675444,scaffold,2026,hybrid_concat,edge_gnn,rdkit,concat,721e3c494613d3aa378fb20e47d69b51245b538e
esol,8b5d8475b535b0bc,c1ccc2c(c1)c1ccccc1c1ccccc21,aqueous_solubility,log10(mol/L),validation,c1ccc2c(c1)c1ccccc1c1ccccc21,-6.72599983215332,-6.649442982912534,-8.441095393850947,-4.857790571974121,scaffold,2026,hybrid_concat,edge_gnn,rdkit,concat,721e3c494613d3aa378fb20e47d69b51245b538e
esol,0a42b5468f3cec71,c1ccc2c(c1)cc1ccc3cccc4ccc2c1c34,aqueous_solubility,log10(mol/L),validation,c1ccc2c(c1)cc1ccc3cccc4ccc2c1c34,-8.699000358581543,-7.2637844044372954,-9.055436815375709,-5.472131993498882,scaffold,2026,hybrid_concat,edge_gnn,rdkit,concat,721e3c494613d3aa378fb20e47d69b51245b538e
esol,abc2212d577a0a52,c1ccc2c(c1)ccc1c2ccc2c3ccccc3ccc21,aqueous_solubility,log10(mol/L),calibration,c1ccc2c(c1)ccc1c2ccc2c3ccccc3ccc21,-7.869999885559082,-7.224310680085171,-9.015963091023584,-5.432658269146758,scaffold,2026,hybrid_concat,edge_gnn,rdkit,concat,721e3c494613d3aa378fb20e47d69b51245b538e
esol,0b54a7f3ed5c794f,c1ccc2c(c1)ccc1c3ccccc3ccc21,aqueous_solubility,log10(mol/L),validation,c1ccc2c(c1)ccc1c3ccccc3ccc21,-8.057000160217285,-6.59192616288488,-8.383578573823293,-4.800273751946467,scaffold,2026,hybrid_concat,edge_gnn,rdkit,concat,721e3c494613d3aa378fb20e47d69b51245b538e
esol,7fa04ee43db30bc0,c1ccc2c(c1)ccc1ccccc12,aqueous_solubility,log10(mol/L),train,c1ccc2c(c1)ccc1ccccc12,-5.260000228881836,0.06447697275843689,-1.7271754381799767,1.8561293836968504,scaffold,2026,hybrid_concat,edge_gnn,rdkit,concat,721e3c494613d3aa378fb20e47d69b51245b538e
esol,51da36469766fc21,c1ccc2c(c1)cnc1ccccc12,aqueous_solubility,log10(mol/L),calibration,c1ccc2c(c1)cnc1ccccc12,-2.7799999713897705,-4.569552465852878,-6.361204876791291,-2.7779000549144643,scaffold,2026,hybrid_concat,edge_gnn,rdkit,concat,721e3c494613d3aa378fb20e47d69b51245b538e
esol,afc851d31ce87445,c1ccc2c(c1)oc1ccccc12,aqueous_solubility,log10(mol/L),validation,c1ccc2c(c1)oc1ccccc12,-4.599999904632568,-3.537304760478871,-5.328957171417285,-1.7456523495404577,scaffold,2026,hybrid_concat,edge_gnn,rdkit,concat,721e3c494613d3aa378fb20e47d69b51245b538e
esol,a270f9ffb22d606f,c1ccc2c(c1)sc1ccccc12,aqueous_solubility,log10(mol/L),validation,c1ccc2c(c1)sc1ccccc12,-4.380000114440918,-4.941497134649037,-6.73314954558745,-3.1498447237106233,scaffold,2026,hybrid_concat,edge_gnn,rdkit,concat,721e3c494613d3aa378fb20e47d69b51245b538e
esol,aaf3871c0ae0900f,c1ccc2c3c(ccc2c1)-c1cccc2cccc-3c12,aqueous_solubility,log10(mol/L),calibration,c1ccc2c3c(ccc2c1)-c1cccc2cccc-3c12,-8.0,-7.307839067911958,-9.099491478850371,-5.516186656973545,scaffold,2026,hybrid_concat,edge_gnn,rdkit,concat,721e3c494613d3aa378fb20e47d69b51245b538e
esol,23d82fe5f429d7a9,c1ccc2cc3c(cc2c1)-c1cccc2cccc-3c12,aqueous_solubility,log10(mol/L),test,c1ccc2cc3c(cc2c1)-c1cccc2cccc-3c12,-8.489999771118164,-7.372499112080176,-9.164151523018589,-5.580846701141763,scaffold,2026,hybrid_concat,edge_gnn,rdkit,concat,721e3c494613d3aa378fb20e47d69b51245b538e
esol,7d36e8549432d64d,c1ccc2cc3cc4ccccc4cc3cc2c1,aqueous_solubility,log10(mol/L),test,c1ccc2cc3cc4ccccc4cc3cc2c1,-8.600000381469727,-6.725904407927434,-8.517556818865847,-4.934251996989021,scaffold,2026,hybrid_concat,edge_gnn,rdkit,concat,721e3c494613d3aa378fb20e47d69b51245b538e
esol,c4ee64098e4aa12f,c1ccc2cc3ccccc3cc2c1,aqueous_solubility,log10(mol/L),calibration,c1ccc2cc3ccccc3cc2c1,-6.349999904632568,-5.500472114363828,-7.292124525302242,-3.7088197034254144,scaffold,2026,hybrid_concat,edge_gnn,rdkit,concat,721e3c494613d3aa378fb20e47d69b51245b538e
esol,da702d9864f1c117,c1ccc2ccccc2c1,aqueous_solubility,log10(mol/L),train,c1ccc2ccccc2c1,-3.5999999046325684,-1.8396874812105193,-3.631339892148933,-0.04803507027210574,scaffold,2026,hybrid_concat,edge_gnn,rdkit,concat,721e3c494613d3aa378fb20e47d69b51245b538e
esol,9ca1add01351675c,c1ccc2cnccc2c1,aqueous_solubility,log10(mol/L),calibration,c1ccc2cnccc2c1,-1.4500000476837158,-2.955381089955013,-4.747033500893426,-1.1637286790165993,scaffold,2026,hybrid_concat,edge_gnn,rdkit,concat,721e3c494613d3aa378fb20e47d69b51245b538e
esol,efcaebe6e1d57dd8,c1ccc2nc(-c3ccc4ccccc4n3)ccc2c1,aqueous_solubility,log10(mol/L),train,c1ccc2nc(-c3ccc4ccccc4n3)ccc2c1,-5.400000095367432,-2.655598232761829,-4.447250643700242,-0.8639458218234153,scaffold,2026,hybrid_concat,edge_gnn,rdkit,concat,721e3c494613d3aa378fb20e47d69b51245b538e
esol,85d224abca7da7f7,c1ccc2nc3ccccc3cc2c1,aqueous_solubility,log10(mol/L),test,c1ccc2nc3ccccc3cc2c1,-3.6700000762939453,-4.44363341761804,-6.235285828556453,-2.6519810066796263,scaffold,2026,hybrid_concat,edge_gnn,rdkit,concat,721e3c494613d3aa378fb20e47d69b51245b538e
esol,6605621e5bb09b5b,c1ccc2ncccc2c1,aqueous_solubility,log10(mol/L),calibration,c1ccc2ncccc2c1,-1.2999999523162842,-2.995066579944152,-4.786718990882566,-1.2034141690057383,scaffold,2026,hybrid_concat,edge_gnn,rdkit,concat,721e3c494613d3aa378fb20e47d69b51245b538e
esol,974e231cb1343190,c1ccc2ocnc2c1,aqueous_solubility,log10(mol/L),test,c1ccc2ocnc2c1,-1.159999966621399,-2.866479595465768,-4.658132006404181,-1.0748271845273543,scaffold,2026,hybrid_concat,edge_gnn,rdkit,concat,721e3c494613d3aa378fb20e47d69b51245b538e
esol,5ef8ef9683725da1,c1ccc2scnc2c1,aqueous_solubility,log10(mol/L),test,c1ccc2scnc2c1,-1.5,-1.9972477491681873,-3.788900160106601,-0.20559533822977372,scaffold,2026,hybrid_concat,edge_gnn,rdkit,concat,721e3c494613d3aa378fb20e47d69b51245b538e
esol,e3e14b72b0c1eee5,c1ccccc1,aqueous_solubility,log10(mol/L),train,c1ccccc1,-1.6399999856948853,-4.628911271891343,-6.420563682829757,-2.8372588609529292,scaffold,2026,hybrid_concat,edge_gnn,rdkit,concat,721e3c494613d3aa378fb20e47d69b51245b538e
esol,495345b0563a50a0,c1ccncc1,aqueous_solubility,log10(mol/L),validation,c1ccncc1,0.7599999904632568,-0.8210628820432069,-2.6127152929816204,0.9705895288952067,scaffold,2026,hybrid_concat,edge_gnn,rdkit,concat,721e3c494613d3aa378fb20e47d69b51245b538e
esol,593bada07a65209c,c1ccnnc1,aqueous_solubility,log10(mol/L),validation,c1ccnnc1,1.100000023841858,-0.2872747002719622,-2.0789271112103758,1.5043777106664513,scaffold,2026,hybrid_concat,edge_gnn,rdkit,concat,721e3c494613d3aa378fb20e47d69b51245b538e
esol,d626cfeba6db6df0,c1ccoc1,aqueous_solubility,log10(mol/L),validation,c1ccoc1,-0.8199999928474426,-1.060517597024626,-2.852170007963039,0.7311348139137877,scaffold,2026,hybrid_concat,edge_gnn,rdkit,concat,721e3c494613d3aa378fb20e47d69b51245b538e
esol,f1e6672b0806900d,c1ccsc1,aqueous_solubility,log10(mol/L),validation,c1ccsc1,-1.3300000429153442,-0.9097787136660473,-2.701431124604461,0.8818736972723662,scaffold,2026,hybrid_concat,edge_gnn,rdkit,concat,721e3c494613d3aa378fb20e47d69b51245b538e
esol,d72a83266a26ee75,c1cnc2c(c1)ccc1ncccc12,aqueous_solubility,log10(mol/L),calibration,c1cnc2c(c1)ccc1ncccc12,-2.680000066757202,-3.9384389309532315,-5.7300913418916455,-2.146786520014818,scaffold,2026,hybrid_concat,edge_gnn,rdkit,concat,721e3c494613d3aa378fb20e47d69b51245b538e
esol,363c54343f9cb2c9,c1cnc2ncncc2n1,aqueous_solubility,log10(mol/L),calibration,c1cnc2ncncc2n1,0.019999999552965164,-1.7356051113913233,-3.527257522329737,0.0560472995470902,scaffold,2026,hybrid_concat,edge_gnn,rdkit,concat,721e3c494613d3aa378fb20e47d69b51245b538e
esol,7f841726f00af1d6,c1cncnc1,aqueous_solubility,log10(mol/L),test,c1cncnc1,1.100000023841858,-0.3732819398763092,-2.1649343508147227,1.4183704710621043,scaffold,2026,hybrid_concat,edge_gnn,rdkit,concat,721e3c494613d3aa378fb20e47d69b51245b538e
