dataset,molecule_id,smiles,property,units,partition,scaffold,y_true,y_pred,prediction_lower,prediction_upper,split_strategy,seed,model,family,features,fusion,git_commit
freesolv,df22605fe31c3941,BrC(Br)Br,hydration_free_energy,kcal/mol,train,,-2.130000114440918,-3.3487788908846645,-5.779438650221276,-0.9181191315480532,random,2028,hybrid_gated,edge_gnn,rdkit,gated,721e3c494613d3aa378fb20e47d69b51245b538e
freesolv,547de2d39a6410f7,BrCBr,hydration_free_energy,kcal/mol,train,,-1.9600000381469727,-3.7299528247646996,-6.160612584101311,-1.2992930654280883,random,2028,hybrid_gated,edge_gnn,rdkit,gated,721e3c494613d3aa378fb20e47d69b51245b538e
freesolv,a726c11be0067cf9,BrCCBr,hydration_free_energy,kcal/mol,test,,-2.3299999237060547,-2.032658845119867,-4.463318604456479,0.3980009142167442,random,2028,hybrid_gated,edge_gnn,rdkit,gated,721e3c494613d3aa378fb20e47d69b51245b538e
freesolv,0c0c46a21a6193f8,BrCc1ccccc1,hydration_free_energy,kcal/mol,train,,-2.380000114440918,-3.5414321821378674,-5.972091941474479,-1.110772422801256,random,2028,hybrid_gated,edge_gnn,rdkit,gated,721e3c494613d3aa378fb20e47d69b51245b538e
freesolv,c53eae19c75b9d3a,Brc1ccc(Br)cc1,hydration_free_energy,kcal/mol,train,,-2.299999952316284,-7.110420224594428,-9.54107998393104,-4.679760465257816,random,2028,hybrid_gated,edge_gnn,rdkit,gated,721e3c494613d3aa378fb20e47d69b51245b538e
freesolv,2f717e5e14f94e95,Brc1ccccc1,hydration_free_energy,kcal/mol,train,,-1.4600000381469727,-0.699782459929998,-3.1304422192666093,1.7308772994066133,random,2028,hybrid_gated,edge_gnn,rdkit,gated,721e3c494613d3aa378fb20e47d69b51245b538e
freesolv,799a4d5aeacde815,C,hydration_free_energy,kcal/mol,calibration,,2.0,-0.6711576820165788,-3.10181744135319,1.7595020773200325,random,2028,hybrid_gated,edge_gnn,rdkit,gated,721e3c494613d3aa378fb20e47d69b51245b538e
freesolv,7bac3cc21644af9b,C#CC,hydration_free_energy,kcal/mol,train,,-0.47999998927116394,-3.6872002801962287,-6.1178600395328395,-1.2565405208596174,random,2028,hybrid_gated,edge_gnn,rdkit,gated,721e3c494613d3aa378fb20e47d69b51245b538e
freesolv,4de45e357be4160e,C#CCC,hydration_free_energy,kcal/mol,train,,-0.1599999964237213,-1.1176314207689035,-3.548291180105515,1.3130283385677077,random,2028,hybrid_gated,edge_gnn,rdkit,gated,721e3c494613d3aa378fb20e47d69b51245b538e
freesolv,4b665013fe211d04,C#CCCC,hydration_free_energy,kcal/mol,train,,0.009999999776482582,-5.906150263774081,-8.336810023110692,-3.4754905044374698,random,2028,hybrid_gated,edge_gnn,rdkit,gated,721e3c494613d3aa378fb20e47d69b51245b538e
freesolv,de4570425c5f404b,C#CCCCC,hydration_free_energy,kcal/mol,train,,0.28999999165534973,-2.452521633170116,-4.883181392506727,-0.021861873833504575,random,2028,hybrid_gated,edge_gnn,rdkit,gated,721e3c494613d3aa378fb20e47d69b51245b538e
freesolv,91f909baf2cb8a67,C#CCCCCC,hydration_free_energy,kcal/mol,calibration,,0.6000000238418579,0.5363273588856861,-1.8943324004509252,2.9669871182222973,random,2028,hybrid_gated,edge_gnn,rdkit,gated,721e3c494613d3aa378fb20e47d69b51245b538e
freesolv,d9be4b22d82a6627,C#CCCCCCC,hydration_free_energy,kcal/mol,train,,0.7099999785423279,-2.7275695653090866,-5.158229324645697,-0.2969098059724753,random,2028,hybrid_gated,edge_gnn,rdkit,gated,721e3c494613d3aa378fb20e47d69b51245b538e
freesolv,3a5a694349ed4368,C/C=C/C=O,hydration_free_energy,kcal/mol,train,,-4.21999979019165,-2.134294415353083,-4.564954174689694,0.2963653439835281,random,2028,hybrid_gated,edge_gnn,rdkit,gated,721e3c494613d3aa378fb20e47d69b51245b538e
freesolv,e32f5981f08df790,C/C=C/CCCC,hydration_free_energy,kcal/mol,validation,,1.6799999475479126,1.7119630932537668,-0.7186966660828444,4.142622852590378,random,2028,hybrid_gated,edge_gnn,rdkit,gated,721e3c494613d3aa378fb20e47d69b51245b538e
freesolv,c66a02f97f456f75,C/C=C\CC,hydration_free_energy,kcal/mol,train,,1.309999942779541,2.533336171082752,0.10267641174614095,4.9639959304193635,random,2028,hybrid_gated,edge_gnn,rdkit,gated,721e3c494613d3aa378fb20e47d69b51245b538e
freesolv,d4efeed1de0c8e90,C1=CC=CCC=C1,hydration_free_energy,kcal/mol,calibration,,-0.9900000095367432,-1.488155227401725,-3.918814986738336,0.9425045319348864,random,2028,hybrid_gated,edge_gnn,rdkit,gated,721e3c494613d3aa378fb20e47d69b51245b538e
freesolv,609192e51bba544f,C1=CCCC1,hydration_free_energy,kcal/mol,train,,0.5600000023841858,-5.729001541603476,-8.159661300940087,-3.298341782266865,random,2028,hybrid_gated,edge_gnn,rdkit,gated,721e3c494613d3aa378fb20e47d69b51245b538e
freesolv,742af15a9113ada1,C1=CCCCC1,hydration_free_energy,kcal/mol,train,,0.14000000059604645,-9.926689077751252,-12.357348837087864,-7.4960293184146405,random,2028,hybrid_gated,edge_gnn,rdkit,gated,721e3c494613d3aa378fb20e47d69b51245b538e
freesolv,d0aafdecbb3a419b,C1CC1,hydration_free_energy,kcal/mol,test,,0.75,0.9550410757685328,-1.4756186835680785,3.385700835105144,random,2028,hybrid_gated,edge_gnn,rdkit,gated,721e3c494613d3aa378fb20e47d69b51245b538e
freesolv,69894e058da716db,C1CCCC1,hydration_free_energy,kcal/mol,train,,1.2000000476837158,-2.855474543039043,-5.286134302375654,-0.42481478370243186,random,2028,hybrid_gated,edge_gnn,rdkit,gated,721e3c494613d3aa378fb20e47d69b51245b538e
freesolv,3a0c3c3efb54d833,C1CCCCC1,hydration_free_energy,kcal/mol,train,,1.2300000190734863,-2.827471650773315,-5.258131410109926,-0.3968118914367036,random,2028,hybrid_gated,edge_gnn,rdkit,gated,721e3c494613d3aa378fb20e47d69b51245b538e
freesolv,0f4b768883232061,C1CCNC1,hydration_free_energy,kcal/mol,train,,-5.480000019073486,-1.9390158797924086,-4.36967563912902,0.49164387954420263,random,2028,hybrid_gated,edge_gnn,rdkit,gated,721e3c494613d3aa378fb20e47d69b51245b538e
freesolv,cb23ab0e59dd1c08,C1CCNCC1,hydration_free_energy,kcal/mol,calibration,,-5.110000133514404,-5.21368725199481,-7.644347011331421,-2.783027492658199,random,2028,hybrid_gated,edge_gnn,rdkit,gated,721e3c494613d3aa378fb20e47d69b51245b538e
freesolv,1af8e9f6ace97eee,C1CCOC1,hydration_free_energy,kcal/mol,validation,,-3.4700000286102295,-3.106518838033554,-5.537178597370165,-0.6758590786969427,random,2028,hybrid_gated,edge_gnn,rdkit,gated,721e3c494613d3aa378fb20e47d69b51245b538e
freesolv,064f079e10086f29,C1CCOCC1,hydration_free_energy,kcal/mol,train,,-3.119999885559082,-2.298111571321064,-4.7287713306576755,0.13254818801554746,random,2028,hybrid_gated,edge_gnn,rdkit,gated,721e3c494613d3aa378fb20e47d69b51245b538e
freesolv,575f25bc7815593d,C1CNC1,hydration_free_energy,kcal/mol,train,,-5.559999942779541,-1.9615145687012217,-4.392174328037833,0.4691451906353896,random,2028,hybrid_gated,edge_gnn,rdkit,gated,721e3c494613d3aa378fb20e47d69b51245b538e
freesolv,683feaf94c606491,C1CNCCN1,hydration_free_energy,kcal/mol,train,,-7.400000095367432,-4.68040892790492,-7.111068687241531,-2.2497491685683086,random,2028,hybrid_gated,edge_gnn,rdkit,gated,721e3c494613d3aa378fb20e47d69b51245b538e
freesolv,325f288037972770,C1COCCN1,hydration_free_energy,kcal/mol,train,,-7.170000076293945,-8.54848826645597,-10.97914802579258,-6.117828507119357,random,2028,hybrid_gated,edge_gnn,rdkit,gated,721e3c494613d3aa378fb20e47d69b51245b538e
freesolv,b520ba34e96e6b2a,C1COCCO1,hydration_free_energy,kcal/mol,train,,-5.059999942779541,0.6929570757752637,-1.7377026835613476,3.123616835111875,random,2028,hybrid_gated,edge_gnn,rdkit,gated,721e3c494613d3aa378fb20e47d69b51245b538e
freesolv,32766722dbae4c61,C=C,hydration_free_energy,kcal/mol,calibration,,1.2799999713897705,1.0238930078193929,-1.4067667515172184,3.454552767156004,random,2028,hybrid_gated,edge_gnn,rdkit,gated,721e3c494613d3aa378fb20e47d69b51245b538e
freesolv,6ba07a348009ad29,C=C(C)C,hydration_free_energy,kcal/mol,train,,1.159999966621399,-0.9742762567395951,-3.4049360160762063,1.4563835025970162,random,2028,hybrid_gated,edge_gnn,rdkit,gated,721e3c494613d3aa378fb20e47d69b51245b538e
freesolv,d1f6cbeec10124e5,C=C(C)C(=C)C,hydration_free_energy,kcal/mol,train,,0.4000000059604645,-2.888095086556543,-5.318754845893155,-0.45743532721993185,random,2028,hybrid_gated,edge_gnn,rdkit,gated,721e3c494613d3aa378fb20e47d69b51245b538e
freesolv,0df6a67583c65bae,C=C(C)CCC,hydration_free_energy,kcal/mol,train,,1.4700000286102295,-0.7782792027475751,-3.2089389620841864,1.6523805565890362,random,2028,hybrid_gated,edge_gnn,rdkit,gated,721e3c494613d3aa378fb20e47d69b51245b538e
freesolv,1b19887cda12dbee,C=C(C)[C@@H]1CC=C(C)[C@@H](O)C1,hydration_free_energy,kcal/mol,train,,-4.440000057220459,2.2968658714642536,-0.1337938878723577,4.727525630800865,random,2028,hybrid_gated,edge_gnn,rdkit,gated,721e3c494613d3aa378fb20e47d69b51245b538e
freesolv,4dadf5d2245646e2,C=C(C)[C@@H]1CC=C(C=O)CC1,hydration_free_energy,kcal/mol,train,,-4.090000152587891,-7.838562422233357,-10.269222181569969,-5.4079026628967455,random,2028,hybrid_gated,edge_gnn,rdkit,gated,721e3c494613d3aa378fb20e47d69b51245b538e
freesolv,9bd6e8248a6ac888,C=C(C)[C@@H]1CC[C@@H](C)C(=O)C1,hydration_free_energy,kcal/mol,train,,-3.75,-10.413479517020537,-12.844139276357149,-7.9828197576839255,random,2028,hybrid_gated,edge_gnn,rdkit,gated,721e3c494613d3aa378fb20e47d69b51245b538e
freesolv,6f9249e288ca4886,C=C(C)c1ccccc1,hydration_free_energy,kcal/mol,train,,-1.2400000095367432,-3.249593498565868,-5.680253257902479,-0.8189337392292568,random,2028,hybrid_gated,edge_gnn,rdkit,gated,721e3c494613d3aa378fb20e47d69b51245b538e
freesolv,74e264a8023b8226,C=C(Cl)Cl,hydration_free_energy,kcal/mol,test,,0.25,-0.7094773050046954,-3.1401370643413067,1.7211824543319159,random,2028,hybrid_gated,edge_gnn,rdkit,gated,721e3c494613d3aa378fb20e47d69b51245b538e
freesolv,19b85ec9c712b308,C=C(c1ccccc1)c1ccccc1,hydration_free_energy,kcal/mol,validation,,-2.7799999713897705,-2.6955567346310088,-5.12621649396762,-0.2648969752943975,random,2028,hybrid_gated,edge_gnn,rdkit,gated,721e3c494613d3aa378fb20e47d69b51245b538e
freesolv,4ad22e011ffa96ba,C=CC,hydration_free_energy,kcal/mol,train,,1.3200000524520874,1.1391535858082622,-1.291506173528349,3.5698133451448735,random,2028,hybrid_gated,edge_gnn,rdkit,gated,721e3c494613d3aa378fb20e47d69b51245b538e
freesolv,d00fecc2d59f99d6,C=CC(=C)C,hydration_free_energy,kcal/mol,validation,,0.6800000071525574,0.5427205838522151,-1.8879391754843962,2.9733803431888264,random,2028,hybrid_gated,edge_gnn,rdkit,gated,721e3c494613d3aa378fb20e47d69b51245b538e
freesolv,55c28b8ad121023c,C=CC(C)C,hydration_free_energy,kcal/mol,test,,1.8300000429153442,1.414052810830166,-1.0166069485064453,3.8447125701667773,random,2028,hybrid_gated,edge_gnn,rdkit,gated,721e3c494613d3aa378fb20e47d69b51245b538e
freesolv,97213f023267d9a8,C=CC=C,hydration_free_energy,kcal/mol,test,,0.5600000023841858,0.726701673306176,-1.7039580860304353,3.1573614326427872,random,2028,hybrid_gated,edge_gnn,rdkit,gated,721e3c494613d3aa378fb20e47d69b51245b538e
freesolv,f810c7c1cf2244ef,C=CCC,hydration_free_energy,kcal/mol,calibration,,1.3799999952316284,1.0616759967489533,-1.368983762587658,3.4923357560855646,random,2028,hybrid_gated,edge_gnn,rdkit,gated,721e3c494613d3aa378fb20e47d69b51245b538e
freesolv,1a9c34146a9dfca2,C=CCC=C,hydration_free_energy,kcal/mol,train,,0.9300000071525574,-2.598219820093748,-5.02887957943036,-0.1675600607571366,random,2028,hybrid_gated,edge_gnn,rdkit,gated,721e3c494613d3aa378fb20e47d69b51245b538e
freesolv,4f9a22896fa30cb2,C=CCCC,hydration_free_energy,kcal/mol,train,,1.6799999475479126,-7.175817212520389,-9.606476971857001,-4.7451574531837775,random,2028,hybrid_gated,edge_gnn,rdkit,gated,721e3c494613d3aa378fb20e47d69b51245b538e
freesolv,05e112973dc272f3,C=CCCC=C,hydration_free_energy,kcal/mol,validation,,1.0099999904632568,0.9828996630773381,-1.4477600962592732,3.4135594224139494,random,2028,hybrid_gated,edge_gnn,rdkit,gated,721e3c494613d3aa378fb20e47d69b51245b538e
freesolv,b04353e13b080b0e,C=CCCCC,hydration_free_energy,kcal/mol,train,,1.5800000429153442,-1.4779093607206821,-3.9085691200572934,0.9527503986159291,random,2028,hybrid_gated,edge_gnn,rdkit,gated,721e3c494613d3aa378fb20e47d69b51245b538e
freesolv,068d3d8e9203407c,C=CCCCCC,hydration_free_energy,kcal/mol,calibration,,1.659999966621399,1.7716542374142565,-0.6590055219223547,4.202313996750868,random,2028,hybrid_gated,edge_gnn,rdkit,gated,721e3c494613d3aa378fb20e47d69b51245b538e
freesolv,d200520d964a9529,C=CCCCCCC,hydration_free_energy,kcal/mol,train,,1.9199999570846558,-7.926317444683036,-10.356977204019648,-5.4956576853464245,random,2028,hybrid_gated,edge_gnn,rdkit,gated,721e3c494613d3aa378fb20e47d69b51245b538e
freesolv,c97dbca79441aa87,C=CCCCCCCC,hydration_free_energy,kcal/mol,train,,2.059999942779541,-2.747623230051942,-5.178282989388553,-0.3169634707153306,random,2028,hybrid_gated,edge_gnn,rdkit,gated,721e3c494613d3aa378fb20e47d69b51245b538e
freesolv,9646b5044f2d381b,C=CCCl,hydration_free_energy,kcal/mol,test,,-0.5699999928474426,-0.8197488397432835,-3.2504085990798948,1.6109109195933278,random,2028,hybrid_gated,edge_gnn,rdkit,gated,721e3c494613d3aa378fb20e47d69b51245b538e
freesolv,a9cb4c82f996239d,C=CCO,hydration_free_energy,kcal/mol,validation,,-5.03000020980835,-4.130642796158757,-6.561302555495368,-1.6999830368221454,random,2028,hybrid_gated,edge_gnn,rdkit,gated,721e3c494613d3aa378fb20e47d69b51245b538e
freesolv,f82b64c47a30e806,C=CCl,hydration_free_energy,kcal/mol,calibration,,-0.5899999737739563,-0.7101159403348869,-3.140775699671498,1.7205438190017244,random,2028,hybrid_gated,edge_gnn,rdkit,gated,721e3c494613d3aa378fb20e47d69b51245b538e
freesolv,fb63886955500778,C=C[C@@](C)(CCC=C(C)C)OC(C)=O,hydration_free_energy,kcal/mol,train,,-2.490000009536743,-6.639270338208293,-9.069930097544905,-4.208610578871681,random,2028,hybrid_gated,edge_gnn,rdkit,gated,721e3c494613d3aa378fb20e47d69b51245b538e
freesolv,922f2c1b03db117d,C=Cc1ccccc1,hydration_free_energy,kcal/mol,train,,-1.2400000095367432,-6.2863669828259265,-8.717026742162538,-3.8557072234893153,random,2028,hybrid_gated,edge_gnn,rdkit,gated,721e3c494613d3aa378fb20e47d69b51245b538e
freesolv,67300569a949ad42,C=O,hydration_free_energy,kcal/mol,train,,-2.75,-3.8525021049365087,-6.28316186427312,-1.4218423455998974,random,2028,hybrid_gated,edge_gnn,rdkit,gated,721e3c494613d3aa378fb20e47d69b51245b538e
freesolv,73c7d73efb8bdd41,CBr,hydration_free_energy,kcal/mol,test,,-0.8199999928474426,-1.4744187698355908,-3.905078529172202,0.9562409895010204,random,2028,hybrid_gated,edge_gnn,rdkit,gated,721e3c494613d3aa378fb20e47d69b51245b538e
freesolv,05b1a8d05d1c3e6c,CC,hydration_free_energy,kcal/mol,calibration,,1.8300000429153442,1.3048697907145574,-1.1257899686220538,3.7355295500511687,random,2028,hybrid_gated,edge_gnn,rdkit,gated,721e3c494613d3aa378fb20e47d69b51245b538e
freesolv,1eb27a465c7bf134,CC#N,hydration_free_energy,kcal/mol,train,,-3.880000114440918,-3.0757200372274456,-5.506379796564056,-0.6450602778908343,random,2028,hybrid_gated,edge_gnn,rdkit,gated,721e3c494613d3aa378fb20e47d69b51245b538e
freesolv,1d67b723d41f51ac,CC(=O)C(C)(C)C,hydration_free_energy,kcal/mol,test,,-3.109999895095825,-3.3693653780596104,-5.800025137396222,-0.9387056187229992,random,2028,hybrid_gated,edge_gnn,rdkit,gated,721e3c494613d3aa378fb20e47d69b51245b538e
freesolv,58249ca616cb22d8,CC(=O)C(C)C,hydration_free_energy,kcal/mol,train,,-3.240000009536743,1.917967438320964,-0.5126923210156473,4.348627197657575,random,2028,hybrid_gated,edge_gnn,rdkit,gated,721e3c494613d3aa378fb20e47d69b51245b538e
freesolv,582f8c2ed097dabc,CC(=O)C1CC1,hydration_free_energy,kcal/mol,train,,-4.610000133514404,-3.8915615055683745,-6.322221264904986,-1.4609017462317633,random,2028,hybrid_gated,edge_gnn,rdkit,gated,721e3c494613d3aa378fb20e47d69b51245b538e
freesolv,b173a8fb75f4db23,CC(=O)C1CCCCC1,hydration_free_energy,kcal/mol,train,,-3.9000000953674316,-5.83598992383255,-8.266649683169161,-3.4053301644959384,random,2028,hybrid_gated,edge_gnn,rdkit,gated,721e3c494613d3aa378fb20e47d69b51245b538e
freesolv,16cf4f31208ab363,CC(=O)CC(C)C,hydration_free_energy,kcal/mol,train,,-3.049999952316284,-8.898541598939108,-11.32920135827572,-6.467881839602496,random,2028,hybrid_gated,edge_gnn,rdkit,gated,721e3c494613d3aa378fb20e47d69b51245b538e
freesolv,cbb660b5eaf183ba,CC(=O)CO[N+](=O)[O-],hydration_free_energy,kcal/mol,train,,-5.989999771118164,-2.3101396686419595,-4.740799427978571,0.12052009069465175,random,2028,hybrid_gated,edge_gnn,rdkit,gated,721e3c494613d3aa378fb20e47d69b51245b538e
freesolv,0780b195cfdf2ed6,CC(=O)N1CCCC1,hydration_free_energy,kcal/mol,validation,,-9.800000190734863,-10.407718485198622,-12.838378244535233,-7.97705872586201,random,2028,hybrid_gated,edge_gnn,rdkit,gated,721e3c494613d3aa378fb20e47d69b51245b538e
freesolv,a208ad1788f26aee,CC(=O)O,hydration_free_energy,kcal/mol,train,,-6.690000057220459,0.720905853682146,-1.7097539056544653,3.1515656130187573,random,2028,hybrid_gated,edge_gnn,rdkit,gated,721e3c494613d3aa378fb20e47d69b51245b538e
freesolv,a3332288868582b4,CC(=O)OC(C)C,hydration_free_energy,kcal/mol,train,,-2.640000104904175,0.3346259643048284,-2.096033795031783,2.7652857236414397,random,2028,hybrid_gated,edge_gnn,rdkit,gated,721e3c494613d3aa378fb20e47d69b51245b538e
freesolv,b8e46696f168483c,CC(=O)OC(C)OC(C)=O,hydration_free_energy,kcal/mol,train,,-4.96999979019165,-3.9408898036947204,-6.371549563031332,-1.5102300443581091,random,2028,hybrid_gated,edge_gnn,rdkit,gated,721e3c494613d3aa378fb20e47d69b51245b538e
freesolv,d514c2011a6bb3d5,CC(=O)OCC(C)C,hydration_free_energy,kcal/mol,validation,,-2.359999895095825,-2.494204184399141,-4.924863943735753,-0.06354442506252989,random,2028,hybrid_gated,edge_gnn,rdkit,gated,721e3c494613d3aa378fb20e47d69b51245b538e
freesolv,e3057c8b93a65a68,CC(=O)OCC(COC(C)=O)OC(C)=O,hydration_free_energy,kcal/mol,calibration,,-8.84000015258789,-8.21496300528896,-10.645622764625571,-5.784303245952348,random,2028,hybrid_gated,edge_gnn,rdkit,gated,721e3c494613d3aa378fb20e47d69b51245b538e
freesolv,1f85a7027c370d59,CC(=O)OCCC(C)C,hydration_free_energy,kcal/mol,train,,-2.2100000381469727,-3.2226424541502103,-5.653302213486821,-0.7919826948135991,random,2028,hybrid_gated,edge_gnn,rdkit,gated,721e3c494613d3aa378fb20e47d69b51245b538e
freesolv,ba887869a6295619,CC(=O)OCCOC(C)=O,hydration_free_energy,kcal/mol,test,,-6.340000152587891,-6.385732756340877,-8.816392515677489,-3.9550729970042657,random,2028,hybrid_gated,edge_gnn,rdkit,gated,721e3c494613d3aa378fb20e47d69b51245b538e
freesolv,646bf545cef99fa9,CC(=O)Oc1ccccc1C(=O)O,hydration_free_energy,kcal/mol,train,,-9.9399995803833,-4.019523523483127,-6.450183282819738,-1.5888637641465153,random,2028,hybrid_gated,edge_gnn,rdkit,gated,721e3c494613d3aa378fb20e47d69b51245b538e
freesolv,db4526f4bded9150,CC(=O)c1ccc(C)cc1,hydration_free_energy,kcal/mol,train,,-4.699999809265137,-11.121321099469498,-13.55198085880611,-8.690661340132886,random,2028,hybrid_gated,edge_gnn,rdkit,gated,721e3c494613d3aa378fb20e47d69b51245b538e
freesolv,e340b59450b263da,CC(=O)c1ccccc1,hydration_free_energy,kcal/mol,train,,-4.579999923706055,-2.620599435939148,-5.051259195275759,-0.18993967660253652,random,2028,hybrid_gated,edge_gnn,rdkit,gated,721e3c494613d3aa378fb20e47d69b51245b538e
freesolv,b1930bd9e457359d,CC(=O)c1cccnc1,hydration_free_energy,kcal/mol,test,,-8.260000228881836,-6.790203230392206,-9.220862989728817,-4.359543471055595,random,2028,hybrid_gated,edge_gnn,rdkit,gated,721e3c494613d3aa378fb20e47d69b51245b538e
freesolv,3b8746d9ecf84cbe,CC(=O)c1ccncc1,hydration_free_energy,kcal/mol,validation,,-7.619999885559082,-7.037542570776553,-9.468202330113165,-4.606882811439942,random,2028,hybrid_gated,edge_gnn,rdkit,gated,721e3c494613d3aa378fb20e47d69b51245b538e
freesolv,49b42640c31e4afa,CC(C)(C)Br,hydration_free_energy,kcal/mol,validation,,0.8399999737739563,0.30441726769756494,-2.1262424916390463,2.735077027034176,random,2028,hybrid_gated,edge_gnn,rdkit,gated,721e3c494613d3aa378fb20e47d69b51245b538e
freesolv,30434d3b14f885bd,CC(C)(C)C,hydration_free_energy,kcal/mol,train,,2.509999990463257,1.5133848702405968,-0.9172748890960145,3.944044629577208,random,2028,hybrid_gated,edge_gnn,rdkit,gated,721e3c494613d3aa378fb20e47d69b51245b538e
freesolv,8196c4a2dfe7d9d4,CC(C)(C)Cl,hydration_free_energy,kcal/mol,train,,1.090000033378601,-6.224463377398806,-8.655123136735417,-3.7938036180621943,random,2028,hybrid_gated,edge_gnn,rdkit,gated,721e3c494613d3aa378fb20e47d69b51245b538e
freesolv,27c766beb9d56df8,CC(C)(C)O,hydration_free_energy,kcal/mol,validation,,-4.46999979019165,-6.411288047566416,-8.841947806903027,-3.9806282882298043,random,2028,hybrid_gated,edge_gnn,rdkit,gated,721e3c494613d3aa378fb20e47d69b51245b538e
freesolv,9f57f1a7941e4d72,CC(C)(C)c1ccc(O)cc1,hydration_free_energy,kcal/mol,train,,-5.909999847412109,-4.915075737671162,-7.345735497007773,-2.484415978334551,random,2028,hybrid_gated,edge_gnn,rdkit,gated,721e3c494613d3aa378fb20e47d69b51245b538e
freesolv,4e93122b9a1de48f,CC(C)(C)c1ccccc1,hydration_free_energy,kcal/mol,train,,-0.4399999976158142,-11.072012611063801,-13.502672370400413,-8.64135285172719,random,2028,hybrid_gated,edge_gnn,rdkit,gated,721e3c494613d3aa378fb20e47d69b51245b538e
freesolv,4547266f8bdfb534,CC(C)=CCC/C(C)=C/CO,hydration_free_energy,kcal/mol,train,,-4.449999809265137,-3.988462955203076,-6.419122714539688,-1.5578031958664647,random,2028,hybrid_gated,edge_gnn,rdkit,gated,721e3c494613d3aa378fb20e47d69b51245b538e
freesolv,8d8b5be02a6bec10,CC(C)=CCC/C(C)=C\CO,hydration_free_energy,kcal/mol,train,,-4.78000020980835,-7.383593373360757,-9.814253132697369,-4.952933614024145,random,2028,hybrid_gated,edge_gnn,rdkit,gated,721e3c494613d3aa378fb20e47d69b51245b538e
freesolv,93243e4e6bacc8c0,CC(C)=O,hydration_free_energy,kcal/mol,train,,-3.799999952316284,-0.10369218224664278,-2.534351941583254,2.3269675770899685,random,2028,hybrid_gated,edge_gnn,rdkit,gated,721e3c494613d3aa378fb20e47d69b51245b538e
freesolv,6ef30f66f852c308,CC(C)Br,hydration_free_energy,kcal/mol,train,,-0.47999998927116394,-4.11869866198988,-6.549358421326492,-1.6880389026532687,random,2028,hybrid_gated,edge_gnn,rdkit,gated,721e3c494613d3aa378fb20e47d69b51245b538e
freesolv,ef6d460c1e6abde9,CC(C)C,hydration_free_energy,kcal/mol,train,,2.299999952316284,-5.32711717558224,-7.7577769349188515,-2.8964574162456285,random,2028,hybrid_gated,edge_gnn,rdkit,gated,721e3c494613d3aa378fb20e47d69b51245b538e
freesolv,0f765371c44aaa59,CC(C)C(=O)C(C)C,hydration_free_energy,kcal/mol,train,,-2.740000009536743,0.9132347272066705,-1.5174250321299407,3.343894486543282,random,2028,hybrid_gated,edge_gnn,rdkit,gated,721e3c494613d3aa378fb20e47d69b51245b538e
freesolv,cc8a3aa0542cebe6,CC(C)C(C)C,hydration_free_energy,kcal/mol,train,,2.3399999141693115,-3.319255642822785,-5.749915402159396,-0.8885958834861736,random,2028,hybrid_gated,edge_gnn,rdkit,gated,721e3c494613d3aa378fb20e47d69b51245b538e
freesolv,d74aca5cf4b1237c,CC(C)C(C)C(C)C,hydration_free_energy,kcal/mol,train,,2.559999942779541,-1.7321873644504047,-4.1628471237870155,0.6984723948862066,random,2028,hybrid_gated,edge_gnn,rdkit,gated,721e3c494613d3aa378fb20e47d69b51245b538e
freesolv,e413b9ce1efba5a0,CC(C)C=O,hydration_free_energy,kcal/mol,train,,-2.859999895095825,1.7415237059919924,-0.6891360533446189,4.172183465328604,random,2028,hybrid_gated,edge_gnn,rdkit,gated,721e3c494613d3aa378fb20e47d69b51245b538e
freesolv,e7ba17e129e75195,CC(C)CBr,hydration_free_energy,kcal/mol,validation,,-0.029999999329447746,-0.43278929978760194,-2.863449059124213,1.9978704595490093,random,2028,hybrid_gated,edge_gnn,rdkit,gated,721e3c494613d3aa378fb20e47d69b51245b538e
freesolv,5c23882ab3e2d463,CC(C)CC(=O)O,hydration_free_energy,kcal/mol,train,,-6.090000152587891,-4.179713728971304,-6.610373488307916,-1.749053969634693,random,2028,hybrid_gated,edge_gnn,rdkit,gated,721e3c494613d3aa378fb20e47d69b51245b538e
freesolv,1ce5066619b734b1,CC(C)CC(C)(C)C,hydration_free_energy,kcal/mol,test,,2.890000104904175,2.309006814402505,-0.12165294493410617,4.739666573739116,random,2028,hybrid_gated,edge_gnn,rdkit,gated,721e3c494613d3aa378fb20e47d69b51245b538e
freesolv,608ba2d71e9299bf,CC(C)CC(C)C,hydration_free_energy,kcal/mol,train,,2.8299999237060547,-3.617692882605357,-6.048352641941968,-1.1870331232687459,random,2028,hybrid_gated,edge_gnn,rdkit,gated,721e3c494613d3aa378fb20e47d69b51245b538e
freesolv,05047a8dca414cad,CC(C)CCC(C)(C)C,hydration_free_energy,kcal/mol,train,,2.930000066757202,-1.7766231984252432,-4.207282957761855,0.6540365609113681,random,2028,hybrid_gated,edge_gnn,rdkit,gated,721e3c494613d3aa378fb20e47d69b51245b538e
freesolv,6bc633f1f12c1ee7,CC(C)CCO,hydration_free_energy,kcal/mol,train,,-4.420000076293945,-6.02670159403775,-8.457361353374361,-3.5960418347011385,random,2028,hybrid_gated,edge_gnn,rdkit,gated,721e3c494613d3aa378fb20e47d69b51245b538e
freesolv,b3a79ff7deca4dc9,CC(C)CCOC=O,hydration_free_energy,kcal/mol,train,,-2.130000114440918,0.6725924682085629,-1.7580672911280484,3.103252227545174,random,2028,hybrid_gated,edge_gnn,rdkit,gated,721e3c494613d3aa378fb20e47d69b51245b538e
freesolv,df4f318c47e4982d,CC(C)CO,hydration_free_energy,kcal/mol,calibration,,-4.5,-3.991865127091124,-6.422524886427736,-1.5612053677545128,random,2028,hybrid_gated,edge_gnn,rdkit,gated,721e3c494613d3aa378fb20e47d69b51245b538e
freesolv,06f73f92690f97f5,CC(C)COC(=O)C(C)C,hydration_free_energy,kcal/mol,test,,-1.690000057220459,-2.1102059024136475,-4.540865661750258,0.3204538569229638,random,2028,hybrid_gated,edge_gnn,rdkit,gated,721e3c494613d3aa378fb20e47d69b51245b538e
freesolv,d15c883b9a56c622,CC(C)COC=O,hydration_free_energy,kcal/mol,train,,-2.2200000286102295,-1.0518844074265963,-3.4825441667632075,1.378775351910015,random,2028,hybrid_gated,edge_gnn,rdkit,gated,721e3c494613d3aa378fb20e47d69b51245b538e
freesolv,663bdfbc5dd043d9,CC(C)CO[N+](=O)[O-],hydration_free_energy,kcal/mol,train,,-1.8799999952316284,-2.447053398682672,-4.877713158019283,-0.016393639346060862,random,2028,hybrid_gated,edge_gnn,rdkit,gated,721e3c494613d3aa378fb20e47d69b51245b538e
freesolv,80e95678623257ff,CC(C)C[C@@H](C)O,hydration_free_energy,kcal/mol,train,,-3.7300000190734863,2.49362310335435,0.06296334401773862,4.924282862690961,random,2028,hybrid_gated,edge_gnn,rdkit,gated,721e3c494613d3aa378fb20e47d69b51245b538e
freesolv,3a8d190e00649828,CC(C)Cc1ccc([C@H](C)C(=O)O)cc1,hydration_free_energy,kcal/mol,train,,-7.0,-1.3996322964312777,-3.830292055767889,1.0310274629053335,random,2028,hybrid_gated,edge_gnn,rdkit,gated,721e3c494613d3aa378fb20e47d69b51245b538e
freesolv,86c01edec2b47ea9,CC(C)Cc1ccccc1,hydration_free_energy,kcal/mol,test,,0.1599999964237213,-0.05875707888959347,-2.4894168382262047,2.371902680447018,random,2028,hybrid_gated,edge_gnn,rdkit,gated,721e3c494613d3aa378fb20e47d69b51245b538e
freesolv,a05474e354458b4f,CC(C)Cc1cnccn1,hydration_free_energy,kcal/mol,train,,-5.039999961853027,-4.574093109850076,-7.004752869186687,-2.143433350513465,random,2028,hybrid_gated,edge_gnn,rdkit,gated,721e3c494613d3aa378fb20e47d69b51245b538e
freesolv,782413599639bd48,CC(C)Cl,hydration_free_energy,kcal/mol,train,,-0.25,-2.547769776403822,-4.978429535740434,-0.11711001706721058,random,2028,hybrid_gated,edge_gnn,rdkit,gated,721e3c494613d3aa378fb20e47d69b51245b538e
freesolv,5010d23b5654a272,CC(C)I,hydration_free_energy,kcal/mol,train,,-0.46000000834465027,-7.032393761323965,-9.463053520660576,-4.601734001987353,random,2028,hybrid_gated,edge_gnn,rdkit,gated,721e3c494613d3aa378fb20e47d69b51245b538e
freesolv,a58327f405c6019d,CC(C)NC(C)C,hydration_free_energy,kcal/mol,train,,-3.2200000286102295,-6.469020337832485,-8.899680097169096,-4.038360578495874,random,2028,hybrid_gated,edge_gnn,rdkit,gated,721e3c494613d3aa378fb20e47d69b51245b538e
freesolv,0a10a3c5ae6dbefa,CC(C)O,hydration_free_energy,kcal/mol,train,,-4.739999771118164,-1.45033444431678,-3.8809942036533913,0.9803253150198312,random,2028,hybrid_gated,edge_gnn,rdkit,gated,721e3c494613d3aa378fb20e47d69b51245b538e
freesolv,e9770c4c53aa3244,CC(C)OC(C)C,hydration_free_energy,kcal/mol,train,,-0.5299999713897705,-9.951031090693139,-12.38169085002975,-7.520371331356527,random,2028,hybrid_gated,edge_gnn,rdkit,gated,721e3c494613d3aa378fb20e47d69b51245b538e
freesolv,5125da25cc580c3f,CC(C)OC=O,hydration_free_energy,kcal/mol,test,,-2.0199999809265137,-2.539427575560757,-4.970087334897368,-0.10876781622414589,random,2028,hybrid_gated,edge_gnn,rdkit,gated,721e3c494613d3aa378fb20e47d69b51245b538e
freesolv,08532f1ef39cb3c2,CC(C)SC(C)C,hydration_free_energy,kcal/mol,train,,-1.2100000381469727,-7.587312889943343,-10.017972649279955,-5.156653130606731,random,2028,hybrid_gated,edge_gnn,rdkit,gated,721e3c494613d3aa378fb20e47d69b51245b538e
freesolv,2f13ba5e9b2c1d12,CC(C)[C@@H]1CC[C@@H](C)CC1=O,hydration_free_energy,kcal/mol,train,,-2.5299999713897705,-5.667229786241163,-8.097889545577774,-3.2365700269045514,random,2028,hybrid_gated,edge_gnn,rdkit,gated,721e3c494613d3aa378fb20e47d69b51245b538e
freesolv,8c1b6e7115a08cd9,CC(C)[C@@H]1CC[C@@H](C)C[C@H]1O,hydration_free_energy,kcal/mol,calibration,,-3.200000047683716,-3.7459456578291475,-6.176605417165758,-1.3152858984925362,random,2028,hybrid_gated,edge_gnn,rdkit,gated,721e3c494613d3aa378fb20e47d69b51245b538e
freesolv,70007fb176a0ffc0,CC(C)[N+](=O)[O-],hydration_free_energy,kcal/mol,train,,-3.130000114440918,-5.301456876731796,-7.732116636068408,-2.870797117395185,random,2028,hybrid_gated,edge_gnn,rdkit,gated,721e3c494613d3aa378fb20e47d69b51245b538e
freesolv,4766bce8aaa6feeb,CC(C)c1ccccc1,hydration_free_energy,kcal/mol,train,,-0.30000001192092896,-4.149017519970508,-6.57967727930712,-1.718357760633897,random,2028,hybrid_gated,edge_gnn,rdkit,gated,721e3c494613d3aa378fb20e47d69b51245b538e
freesolv,e0eb500eaa83e532,CC(Cl)(Cl)Cl,hydration_free_energy,kcal/mol,train,,-0.1899999976158142,-2.4764525273024365,-4.907112286639048,-0.04579276796582521,random,2028,hybrid_gated,edge_gnn,rdkit,gated,721e3c494613d3aa378fb20e47d69b51245b538e
freesolv,e8a1f1b7fb50720b,CC(Cl)Cl,hydration_free_energy,kcal/mol,train,,-0.8399999737739563,1.9895723310083588,-0.44108742832825243,4.42023209034497,random,2028,hybrid_gated,edge_gnn,rdkit,gated,721e3c494613d3aa378fb20e47d69b51245b538e
freesolv,9b75e9a74817c850,CC(F)F,hydration_free_energy,kcal/mol,test,,-0.10999999940395355,-0.7810570731683404,-3.2117168325049517,1.6496026861682709,random,2028,hybrid_gated,edge_gnn,rdkit,gated,721e3c494613d3aa378fb20e47d69b51245b538e
freesolv,35dddcda2702a4ad,CC(N)=O,hydration_free_energy,kcal/mol,train,,-9.710000038146973,-5.335183328773333,-7.7658430881099445,-2.9045235694367215,random,2028,hybrid_gated,edge_gnn,rdkit,gated,721e3c494613d3aa378fb20e47d69b51245b538e
freesolv,2f90b29d0ea2bd0f,CC1=CC(=O)CC(C)(C)C1,hydration_free_energy,kcal/mol,train,,-5.179999828338623,-3.0514569947437553,-5.482116754080367,-0.620797235407144,random,2028,hybrid_gated,edge_gnn,rdkit,gated,721e3c494613d3aa378fb20e47d69b51245b538e
freesolv,196b98c38a9ef9ff,CC1=CC(=O)[C@H](C(C)C)CC1,hydration_free_energy,kcal/mol,train,,-4.510000228881836,-10.633733547104828,-13.06439330644144,-8.203073787768217,random,2028,hybrid_gated,edge_gnn,rdkit,gated,721e3c494613d3aa378fb20e47d69b51245b538e
freesolv,71b4ae69ea038c45,CC1=CCCCC1,hydration_free_energy,kcal/mol,train,,0.6700000166893005,-12.370403332641894,-14.801063091978506,-9.939743573305282,random,2028,hybrid_gated,edge_gnn,rdkit,gated,721e3c494613d3aa378fb20e47d69b51245b538e
freesolv,3657f3498f9e2294,CC1CCC(C)CC1,hydration_free_energy,kcal/mol,train,,2.109999895095825,-18.13663356883804,-20.56729332817465,-15.705973809501428,random,2028,hybrid_gated,edge_gnn,rdkit,gated,721e3c494613d3aa378fb20e47d69b51245b538e
freesolv,d24802ff551c31d8,CC1CCCC1,hydration_free_energy,kcal/mol,train,,1.590000033378601,-1.1976188853289784,-3.6282786446655897,1.2330408740076328,random,2028,hybrid_gated,edge_gnn,rdkit,gated,721e3c494613d3aa378fb20e47d69b51245b538e
freesolv,acaaa8b4649c614e,CC1CCCCC1,hydration_free_energy,kcal/mol,train,,1.7000000476837158,-2.4394103897142214,-4.870070149050832,-0.008750630377610147,random,2028,hybrid_gated,edge_gnn,rdkit,gated,721e3c494613d3aa378fb20e47d69b51245b538e
freesolv,5358908f8e9c796f,CC=C(C)C,hydration_free_energy,kcal/mol,train,,1.309999942779541,-1.869371773655107,-4.300031532991718,0.5612879856815043,random,2028,hybrid_gated,edge_gnn,rdkit,gated,721e3c494613d3aa378fb20e47d69b51245b538e
freesolv,3ba5780e519232af,CC=O,hydration_free_energy,kcal/mol,train,,-3.5,-4.573790327127961,-7.004450086464573,-2.1431305677913497,random,2028,hybrid_gated,edge_gnn,rdkit,gated,721e3c494613d3aa378fb20e47d69b51245b538e
freesolv,9f9bae4da613fd97,CCBr,hydration_free_energy,kcal/mol,train,,-0.7400000095367432,1.568214311685709,-0.8624454476509023,3.9988740710223203,random,2028,hybrid_gated,edge_gnn,rdkit,gated,721e3c494613d3aa378fb20e47d69b51245b538e
freesolv,72281cabb90098ca,CCC,hydration_free_energy,kcal/mol,train,,2.0,-2.583022060099251,-5.013681819435862,-0.1523623007626398,random,2028,hybrid_gated,edge_gnn,rdkit,gated,721e3c494613d3aa378fb20e47d69b51245b538e
freesolv,b081cbfb90b7402a,CCC#N,hydration_free_energy,kcal/mol,train,,-3.8399999141693115,-5.572694148732263,-8.003353908068874,-3.142034389395652,random,2028,hybrid_gated,edge_gnn,rdkit,gated,721e3c494613d3aa378fb20e47d69b51245b538e
freesolv,b137901ff30dac85,CCC(=O)CC,hydration_free_energy,kcal/mol,test,,-3.4100000858306885,-3.2074255286536224,-5.638085287990234,-0.7767657693170111,random,2028,hybrid_gated,edge_gnn,rdkit,gated,721e3c494613d3aa378fb20e47d69b51245b538e
freesolv,d73fa90c49909081,CCC(=O)Nc1ccc(Cl)c(Cl)c1,hydration_free_energy,kcal/mol,train,,-7.78000020980835,-9.153832099502003,-11.584491858838614,-6.723172340165391,random,2028,hybrid_gated,edge_gnn,rdkit,gated,721e3c494613d3aa378fb20e47d69b51245b538e
freesolv,ae711e3e1cb2b62c,CCC(=O)O,hydration_free_energy,kcal/mol,calibration,,-6.460000038146973,-6.3457035920401665,-8.776363351376778,-3.9150438327035553,random,2028,hybrid_gated,edge_gnn,rdkit,gated,721e3c494613d3aa378fb20e47d69b51245b538e
freesolv,3b1dd60ed1dfbb76,CCC(=O)OC,hydration_free_energy,kcal/mol,calibration,,-2.930000066757202,-2.806783645490653,-5.237443404827264,-0.3761238861540419,random,2028,hybrid_gated,edge_gnn,rdkit,gated,721e3c494613d3aa378fb20e47d69b51245b538e
freesolv,95159b36053bb032,CCC(C)(C)C,hydration_free_energy,kcal/mol,train,,2.509999990463257,-4.630202291460042,-7.060862050796652,-2.1995425321234303,random,2028,hybrid_gated,edge_gnn,rdkit,gated,721e3c494613d3aa378fb20e47d69b51245b538e
freesolv,3fb4e89120f988ad,CCC(C)(C)CC,hydration_free_energy,kcal/mol,calibration,,2.559999942779541,2.610882906267254,0.18022314693064256,5.041542665603865,random,2028,hybrid_gated,edge_gnn,rdkit,gated,721e3c494613d3aa378fb20e47d69b51245b538e
freesolv,bdf2d11354f3860d,CCC(C)(C)O,hydration_free_energy,kcal/mol,train,,-4.429999828338623,1.0305202988618833,-1.400139460474728,3.4611800581984946,random,2028,hybrid_gated,edge_gnn,rdkit,gated,721e3c494613d3aa378fb20e47d69b51245b538e
freesolv,6c45d8284f5ddf4f,CCC(C)C,hydration_free_energy,kcal/mol,train,,2.380000114440918,-0.9973586076616763,-3.4280183669982875,1.433301151674935,random,2028,hybrid_gated,edge_gnn,rdkit,gated,721e3c494613d3aa378fb20e47d69b51245b538e
freesolv,70ffb28e88de4627,CCC(C)CC,hydration_free_energy,kcal/mol,train,,2.509999990463257,-10.29426987927302,-12.724929638609632,-7.863610119936409,random,2028,hybrid_gated,edge_gnn,rdkit,gated,721e3c494613d3aa378fb20e47d69b51245b538e
freesolv,828963364af80af0,CCC(N)=O,hydration_free_energy,kcal/mol,train,,-9.399999618530273,-5.319973758105279,-7.750633517441891,-2.889313998768668,random,2028,hybrid_gated,edge_gnn,rdkit,gated,721e3c494613d3aa378fb20e47d69b51245b538e
freesolv,960c6dcb6922b929,CCC(O)CC,hydration_free_energy,kcal/mol,train,,-4.349999904632568,-7.205189928179289,-9.6358496875159,-4.774530168842677,random,2028,hybrid_gated,edge_gnn,rdkit,gated,721e3c494613d3aa378fb20e47d69b51245b538e
freesolv,f58f8a95565cd02f,CCC/C=C/C=O,hydration_free_energy,kcal/mol,test,,-3.680000066757202,-3.7387427172417,-6.169402476578311,-1.3080829579050888,random,2028,hybrid_gated,edge_gnn,rdkit,gated,721e3c494613d3aa378fb20e47d69b51245b538e
freesolv,12b118fa49abcab8,CCC=O,hydration_free_energy,kcal/mol,validation,,-3.430000066757202,-3.0213892746308666,-5.452049033967478,-0.5907295152942553,random,2028,hybrid_gated,edge_gnn,rdkit,gated,721e3c494613d3aa378fb20e47d69b51245b538e
freesolv,5a7f7c6b893c81e5,CCCBr,hydration_free_energy,kcal/mol,train,,-0.5600000023841858,-4.102543056369855,-6.533202815706467,-1.671883297033244,random,2028,hybrid_gated,edge_gnn,rdkit,gated,721e3c494613d3aa378fb20e47d69b51245b538e
freesolv,0c02aaf039e3096f,CCCC,hydration_free_energy,kcal/mol,train,,2.0999999046325684,-3.997974305358591,-6.428634064695203,-1.5673145460219797,random,2028,hybrid_gated,edge_gnn,rdkit,gated,721e3c494613d3aa378fb20e47d69b51245b538e
freesolv,bdf503d5fea27e4f,CCCC#N,hydration_free_energy,kcal/mol,train,,-3.640000104904175,2.0274897468769573,-0.403170012459654,4.4581495062135685,random,2028,hybrid_gated,edge_gnn,rdkit,gated,721e3c494613d3aa378fb20e47d69b51245b538e
freesolv,363c7fa2de9ba737,CCCC(=O)CCC,hydration_free_energy,kcal/mol,train,,-2.9200000762939453,1.8078666215001644,-0.6227931378364469,4.238526380836776,random,2028,hybrid_gated,edge_gnn,rdkit,gated,721e3c494613d3aa378fb20e47d69b51245b538e
freesolv,7e19891bed0df61a,CCCC(=O)O,hydration_free_energy,kcal/mol,calibration,,-6.349999904632568,-6.341715234949499,-8.77237499428611,-3.9110554756128875,random,2028,hybrid_gated,edge_gnn,rdkit,gated,721e3c494613d3aa378fb20e47d69b51245b538e
freesolv,74fe519ef396aa2d,CCCC(=O)OC,hydration_free_energy,kcal/mol,train,,-2.8299999237060547,-9.812373783126036,-12.243033542462648,-7.381714023789424,random,2028,hybrid_gated,edge_gnn,rdkit,gated,721e3c494613d3aa378fb20e47d69b51245b538e
freesolv,875e5e4c442371b3,CCCC(=O)OCC,hydration_free_energy,kcal/mol,train,,-2.490000009536743,-4.6575773927413,-7.088237152077911,-2.2269176334046885,random,2028,hybrid_gated,edge_gnn,rdkit,gated,721e3c494613d3aa378fb20e47d69b51245b538e
freesolv,03542dfab9a8b00c,CCCC(C)(C)C,hydration_free_energy,kcal/mol,train,,2.880000114440918,-1.326557941213789,-3.7572177005504,1.1041018181228224,random,2028,hybrid_gated,edge_gnn,rdkit,gated,721e3c494613d3aa378fb20e47d69b51245b538e
freesolv,f1b212ed322c6018,CCCC(C)(C)O,hydration_free_energy,kcal/mol,validation,,-3.9200000762939453,-3.7918801186450355,-6.222539877981647,-1.3612203593084242,random,2028,hybrid_gated,edge_gnn,rdkit,gated,721e3c494613d3aa378fb20e47d69b51245b538e
freesolv,39533f2780e046ad,CCCC(C)=O,hydration_free_energy,kcal/mol,train,,-3.5199999809265137,0.10162972062844,-2.3290300387081713,2.5322894799650513,random,2028,hybrid_gated,edge_gnn,rdkit,gated,721e3c494613d3aa378fb20e47d69b51245b538e
freesolv,b26bad70227ef601,CCCC(C)C,hydration_free_energy,kcal/mol,calibration,,2.509999990463257,2.3108325297950025,-0.11982722954160874,4.741492289131614,random,2028,hybrid_gated,edge_gnn,rdkit,gated,721e3c494613d3aa378fb20e47d69b51245b538e
freesolv,aa05bf74b194f434,CCCC1CCCC1,hydration_free_energy,kcal/mol,train,,2.130000114440918,-3.7094611182450543,-6.140120877581666,-1.278801358908443,random,2028,hybrid_gated,edge_gnn,rdkit,gated,721e3c494613d3aa378fb20e47d69b51245b538e
freesolv,397cb77fff01ff68,CCCC=O,hydration_free_energy,kcal/mol,train,,-3.180000066757202,-0.6228902508001113,-3.0535500101367226,1.8077695085365,random,2028,hybrid_gated,edge_gnn,rdkit,gated,721e3c494613d3aa378fb20e47d69b51245b538e
freesolv,dbe273c607f375c1,CCCCBr,hydration_free_energy,kcal/mol,train,,-0.4000000059604645,-5.2777321325379365,-7.708391891874548,-2.8470723732013252,random,2028,hybrid_gated,edge_gnn,rdkit,gated,721e3c494613d3aa378fb20e47d69b51245b538e
freesolv,c65a887de1f68c42,CCCCC,hydration_free_energy,kcal/mol,train,,2.299999952316284,-3.832041294065193,-6.262701053401804,-1.4013815347285816,random,2028,hybrid_gated,edge_gnn,rdkit,gated,721e3c494613d3aa378fb20e47d69b51245b538e
freesolv,41df5f7378e36325,CCCCC#N,hydration_free_energy,kcal/mol,train,,-3.5199999809265137,-3.8126401421939593,-6.243299901530571,-1.381980382857348,random,2028,hybrid_gated,edge_gnn,rdkit,gated,721e3c494613d3aa378fb20e47d69b51245b538e
freesolv,e6007044d8c0034f,CCCCC(=O)CCCC,hydration_free_energy,kcal/mol,train,,-2.640000104904175,-7.419565678664165,-9.850225438000777,-4.988905919327554,random,2028,hybrid_gated,edge_gnn,rdkit,gated,721e3c494613d3aa378fb20e47d69b51245b538e
freesolv,32ecc9982d398376,CCCCC(=O)O,hydration_free_energy,kcal/mol,train,,-6.159999847412109,1.4162199620582396,-1.0144397972783716,3.846879721394851,random,2028,hybrid_gated,edge_gnn,rdkit,gated,721e3c494613d3aa378fb20e47d69b51245b538e
freesolv,6751478463d88fc8,CCCCC(=O)OC,hydration_free_energy,kcal/mol,train,,-2.559999942779541,2.53924709108909,0.10858733175247881,4.969906850425701,random,2028,hybrid_gated,edge_gnn,rdkit,gated,721e3c494613d3aa378fb20e47d69b51245b538e
freesolv,5c2b6f5593568a0c,CCCCC(=O)OCC,hydration_free_energy,kcal/mol,train,,-2.490000009536743,2.0367201103715593,-0.39393964896505196,4.467379869708171,random,2028,hybrid_gated,edge_gnn,rdkit,gated,721e3c494613d3aa378fb20e47d69b51245b538e
freesolv,1af343ef31d31c1a,CCCCC(C)=O,hydration_free_energy,kcal/mol,calibration,,-3.2799999713897705,-3.1884885094107656,-5.619148268747377,-0.7578287500741543,random,2028,hybrid_gated,edge_gnn,rdkit,gated,721e3c494613d3aa378fb20e47d69b51245b538e
freesolv,b312f6bfc607a5c1,CCCCC(C)C,hydration_free_energy,kcal/mol,test,,2.930000066757202,2.5136900819473973,0.08303032261078602,4.944349841284009,random,2028,hybrid_gated,edge_gnn,rdkit,gated,721e3c494613d3aa378fb20e47d69b51245b538e
freesolv,ff3070e7bd7554be,CCCCC/C=C/C=O,hydration_free_energy,kcal/mol,train,,-3.430000066757202,-4.204554850240763,-6.635214609577375,-1.7738950909041518,random,2028,hybrid_gated,edge_gnn,rdkit,gated,721e3c494613d3aa378fb20e47d69b51245b538e
freesolv,f448cc7ab5087548,CCCCC=O,hydration_free_energy,kcal/mol,train,,-3.0299999713897705,-1.0685308002178218,-3.499190559554433,1.3621289591187895,random,2028,hybrid_gated,edge_gnn,rdkit,gated,721e3c494613d3aa378fb20e47d69b51245b538e
freesolv,133c9950c099219b,CCCCCBr,hydration_free_energy,kcal/mol,train,,-0.10000000149011612,-2.9471121096812882,-5.3777718690178995,-0.516452350344677,random,2028,hybrid_gated,edge_gnn,rdkit,gated,721e3c494613d3aa378fb20e47d69b51245b538e
freesolv,b9d709c5baaf140a,CCCCCC,hydration_free_energy,kcal/mol,train,,2.4800000190734863,2.112746489759909,-0.3179132695767022,4.54340624909652,random,2028,hybrid_gated,edge_gnn,rdkit,gated,721e3c494613d3aa378fb20e47d69b51245b538e
freesolv,6fba198d3d1721fb,CCCCCC(=O)O,hydration_free_energy,kcal/mol,train,,-6.210000038146973,-1.3281927531736906,-3.758852512510302,1.1024670061629207,random,2028,hybrid_gated,edge_gnn,rdkit,gated,721e3c494613d3aa378fb20e47d69b51245b538e
freesolv,b6b4fcf38b80bb62,CCCCCC(=O)OC,hydration_free_energy,kcal/mol,calibration,,-2.490000009536743,-2.620985859704003,-5.051645619040615,-0.19032610036739195,random,2028,hybrid_gated,edge_gnn,rdkit,gated,721e3c494613d3aa378fb20e47d69b51245b538e
freesolv,c27d3eb691086c0e,CCCCCC(=O)OCC,hydration_free_energy,kcal/mol,train,,-2.2300000190734863,1.1596070955359248,-1.2710526638006865,3.590266854872536,random,2028,hybrid_gated,edge_gnn,rdkit,gated,721e3c494613d3aa378fb20e47d69b51245b538e
freesolv,ece018572b2d8a14,CCCCCC(C)=O,hydration_free_energy,kcal/mol,train,,-3.0399999618530273,-0.8515880535200635,-3.2822478128566748,1.5790717058165478,random,2028,hybrid_gated,edge_gnn,rdkit,gated,721e3c494613d3aa378fb20e47d69b51245b538e
freesolv,721a178df646ca1b,CCCCCC(N)=O,hydration_free_energy,kcal/mol,train,,-9.3100004196167,-2.773310263972529,-5.20397002330914,-0.34265050463591784,random,2028,hybrid_gated,edge_gnn,rdkit,gated,721e3c494613d3aa378fb20e47d69b51245b538e
freesolv,3246863db31fc62b,CCCCCC1CCCC1,hydration_free_energy,kcal/mol,train,,2.549999952316284,-0.7281351628725528,-3.158794922209164,1.7025245964640585,random,2028,hybrid_gated,edge_gnn,rdkit,gated,721e3c494613d3aa378fb20e47d69b51245b538e
freesolv,2a429658212632e6,CCCCCC=O,hydration_free_energy,kcal/mol,train,,-2.809999942779541,-7.131207869014013,-9.561867628350624,-4.700548109677401,random,2028,hybrid_gated,edge_gnn,rdkit,gated,721e3c494613d3aa378fb20e47d69b51245b538e
freesolv,fa17305ea323628e,CCCCCCBr,hydration_free_energy,kcal/mol,train,,0.18000000715255737,-2.834548713738833,-5.265208473075445,-0.40388895440222194,random,2028,hybrid_gated,edge_gnn,rdkit,gated,721e3c494613d3aa378fb20e47d69b51245b538e
freesolv,0d31a6c328196dcb,CCCCCCC,hydration_free_energy,kcal/mol,validation,,2.6700000762939453,2.4656786202378522,0.035018860901240956,4.8963383795744635,random,2028,hybrid_gated,edge_gnn,rdkit,gated,721e3c494613d3aa378fb20e47d69b51245b538e
freesolv,95b742928f6b9c7c,CCCCCCC(C)=O,hydration_free_energy,kcal/mol,train,,-2.880000114440918,-4.210213236572486,-6.640872995909097,-1.7795534772358743,random,2028,hybrid_gated,edge_gnn,rdkit,gated,721e3c494613d3aa378fb20e47d69b51245b538e
freesolv,94d55096ffe1cf8f,CCCCCCC=O,hydration_free_energy,kcal/mol,train,,-2.6700000762939453,-5.294466461162287,-7.725126220498899,-2.8638067018256756,random,2028,hybrid_gated,edge_gnn,rdkit,gated,721e3c494613d3aa378fb20e47d69b51245b538e
freesolv,e5f6857cc48520e1,CCCCCCCBr,hydration_free_energy,kcal/mol,test,,0.3400000035762787,0.1393929535222309,-2.2912668058143804,2.570052712858842,random,2028,hybrid_gated,edge_gnn,rdkit,gated,721e3c494613d3aa378fb20e47d69b51245b538e
freesolv,b8c87ca6a3bbaf9a,CCCCCCCC,hydration_free_energy,kcal/mol,train,,2.880000114440918,-2.241377927189176,-4.672037686525787,0.18928183214743521,random,2028,hybrid_gated,edge_gnn,rdkit,gated,721e3c494613d3aa378fb20e47d69b51245b538e
freesolv,aa39ba56ac3bb10c,CCCCCCCC(=O)OC,hydration_free_energy,kcal/mol,calibration,,-2.0399999618530273,-2.2624672806332793,-4.693127039969891,0.16819247870333198,random,2028,hybrid_gated,edge_gnn,rdkit,gated,721e3c494613d3aa378fb20e47d69b51245b538e
freesolv,abda4bc05ccb6a0f,CCCCCCCC(C)=O,hydration_free_energy,kcal/mol,train,,-2.490000009536743,-10.449079034518562,-12.879738793855173,-8.01841927518195,random,2028,hybrid_gated,edge_gnn,rdkit,gated,721e3c494613d3aa378fb20e47d69b51245b538e
freesolv,4be165ba79237734,CCCCCCCC=O,hydration_free_energy,kcal/mol,calibration,,-2.2899999618530273,-2.5940194077278407,-5.024679167064452,-0.1633596483912294,random,2028,hybrid_gated,edge_gnn,rdkit,gated,721e3c494613d3aa378fb20e47d69b51245b538e
freesolv,09f8afe9d3b8d320,CCCCCCCCBr,hydration_free_energy,kcal/mol,test,,0.5199999809265137,0.2993197809900727,-2.1313399783465385,2.729979540326684,random,2028,hybrid_gated,edge_gnn,rdkit,gated,721e3c494613d3aa378fb20e47d69b51245b538e
freesolv,c1789540a8674e1a,CCCCCCCCC,hydration_free_energy,kcal/mol,train,,3.130000114440918,-3.815490621414664,-6.246150380751276,-1.384830862078053,random,2028,hybrid_gated,edge_gnn,rdkit,gated,721e3c494613d3aa378fb20e47d69b51245b538e
freesolv,4a3ffcd0d28fe78b,CCCCCCCCC(C)=O,hydration_free_energy,kcal/mol,train,,-2.3399999141693115,-4.086556021272427,-6.517215780609039,-1.655896261935816,random,2028,hybrid_gated,edge_gnn,rdkit,gated,721e3c494613d3aa378fb20e47d69b51245b538e
freesolv,ec8b98d1cb1ce133,CCCCCCCCC=O,hydration_free_energy,kcal/mol,train,,-2.069999933242798,-4.025628541172408,-6.456288300509019,-1.5949687818357972,random,2028,hybrid_gated,edge_gnn,rdkit,gated,721e3c494613d3aa378fb20e47d69b51245b538e
freesolv,75b6097552666ac9,CCCCCCCCCC,hydration_free_energy,kcal/mol,calibration,,3.1600000858306885,2.4935294769239653,0.06286971758735405,4.924189236260577,random,2028,hybrid_gated,edge_gnn,rdkit,gated,721e3c494613d3aa378fb20e47d69b51245b538e
freesolv,f39cab9e03836a2a,CCCCCCCCCC(C)=O,hydration_free_energy,kcal/mol,train,,-2.1500000953674316,-3.5153060059004537,-5.945965765237065,-1.0846462465638425,random,2028,hybrid_gated,edge_gnn,rdkit,gated,721e3c494613d3aa378fb20e47d69b51245b538e
freesolv,f291a8c4f28957ac,CCCCCCCCCCO,hydration_free_energy,kcal/mol,train,,-3.640000104904175,-6.67853868039237,-9.109198439728981,-4.247878921055758,random,2028,hybrid_gated,edge_gnn,rdkit,gated,721e3c494613d3aa378fb20e47d69b51245b538e
freesolv,47c556dcc89524e8,CCCCCCCCCO,hydration_free_energy,kcal/mol,train,,-3.880000114440918,-2.599817696856342,-5.030477456192953,-0.16915793751973052,random,2028,hybrid_gated,edge_gnn,rdkit,gated,721e3c494613d3aa378fb20e47d69b51245b538e
freesolv,8d563aedccae05a5,CCCCCCCCN,hydration_free_energy,kcal/mol,train,,-3.6500000953674316,-5.594952758858577,-8.025612518195189,-3.1642929995219657,random,2028,hybrid_gated,edge_gnn,rdkit,gated,721e3c494613d3aa378fb20e47d69b51245b538e
freesolv,792f87dcc6bad3ab,CCCCCCCCO,hydration_free_energy,kcal/mol,calibration,,-4.090000152587891,-4.0725131840972315,-6.503172943433842,-1.6418534247606202,random,2028,hybrid_gated,edge_gnn,rdkit,gated,721e3c494613d3aa378fb20e47d69b51245b538e
freesolv,7160687123739e47,CCCCCCCCl,hydration_free_energy,kcal/mol,train,,0.28999999165534973,-3.1597903979515287,-5.59045015728814,-0.7291306386149174,random,2028,hybrid_gated,edge_gnn,rdkit,gated,721e3c494613d3aa378fb20e47d69b51245b538e
freesolv,d314880f871cdc72,CCCCCCCI,hydration_free_energy,kcal/mol,train,,0.27000001072883606,3.0344342750393243,0.603774515702713,5.4650940343759355,random,2028,hybrid_gated,edge_gnn,rdkit,gated,721e3c494613d3aa378fb20e47d69b51245b538e
freesolv,52c877fb1fc39037,CCCCCCCN,hydration_free_energy,kcal/mol,train,,-3.7899999618530273,0.9992842883946218,-1.4313754709419895,3.429944047731233,random,2028,hybrid_gated,edge_gnn,rdkit,gated,721e3c494613d3aa378fb20e47d69b51245b538e
freesolv,26d2aa460794e065,CCCCCCCO,hydration_free_energy,kcal/mol,validation,,-4.210000038146973,-4.283141676286657,-6.713801435623269,-1.8524819169500462,random,2028,hybrid_gated,edge_gnn,rdkit,gated,721e3c494613d3aa378fb20e47d69b51245b538e
freesolv,025d577d95efe3b4,CCCCCCCl,hydration_free_energy,kcal/mol,train,,0.0,3.5514428594547183,1.120783100118107,5.9821026187913295,random,2028,hybrid_gated,edge_gnn,rdkit,gated,721e3c494613d3aa378fb20e47d69b51245b538e
freesolv,88afe17e741468f3,CCCCCCI,hydration_free_energy,kcal/mol,test,,0.07999999821186066,0.5412186956547171,-1.8894410636818941,2.9718784549913284,random,2028,hybrid_gated,edge_gnn,rdkit,gated,721e3c494613d3aa378fb20e47d69b51245b538e
freesolv,9e36e298d03ebb99,CCCCCCN,hydration_free_energy,kcal/mol,validation,,-3.950000047683716,-3.7865358425450673,-6.217195601881679,-1.355876083208456,random,2028,hybrid_gated,edge_gnn,rdkit,gated,721e3c494613d3aa378fb20e47d69b51245b538e
freesolv,67a84046ee2724da,CCCCCCO,hydration_free_energy,kcal/mol,test,,-4.400000095367432,-4.346283255042142,-6.7769430143787535,-1.9156234957055305,random,2028,hybrid_gated,edge_gnn,rdkit,gated,721e3c494613d3aa378fb20e47d69b51245b538e
freesolv,045b8d8a43ece3f6,CCCCCCOC(C)=O,hydration_free_energy,kcal/mol,train,,-2.259999990463257,-4.0128515129357565,-6.443511272272367,-1.5821917535991452,random,2028,hybrid_gated,edge_gnn,rdkit,gated,721e3c494613d3aa378fb20e47d69b51245b538e
freesolv,2fd5e6e45fde1339,CCCCCCO[N+](=O)[O-],hydration_free_energy,kcal/mol,train,,-1.659999966621399,-4.9160125388238045,-7.346672298160415,-2.4853527794871932,random,2028,hybrid_gated,edge_gnn,rdkit,gated,721e3c494613d3aa378fb20e47d69b51245b538e
freesolv,cd6c3d0610e05c69,CCCCCCc1ccccc1,hydration_free_energy,kcal/mol,train,,-0.03999999910593033,-0.20932942342071836,-2.6399891827573296,2.221330335915893,random,2028,hybrid_gated,edge_gnn,rdkit,gated,721e3c494613d3aa378fb20e47d69b51245b538e
freesolv,8ac2131167ce2101,CCCCCCl,hydration_free_energy,kcal/mol,train,,-0.10000000149011612,-6.211928172703248,-8.64258793203986,-3.7812684133666363,random,2028,hybrid_gated,edge_gnn,rdkit,gated,721e3c494613d3aa378fb20e47d69b51245b538e
freesolv,61a8967b60de201c,CCCCCI,hydration_free_energy,kcal/mol,train,,-0.14000000059604645,-6.240817509704359,-8.67147726904097,-3.8101577503677473,random,2028,hybrid_gated,edge_gnn,rdkit,gated,721e3c494613d3aa378fb20e47d69b51245b538e
freesolv,964f1e46b133a777,CCCCCN,hydration_free_energy,kcal/mol,train,,-4.090000152587891,0.5620969601514179,-1.8685627991851934,2.992756719488029,random,2028,hybrid_gated,edge_gnn,rdkit,gated,721e3c494613d3aa378fb20e47d69b51245b538e
freesolv,b360cef7ae377473,CCCCCO,hydration_free_energy,kcal/mol,train,,-4.570000171661377,-1.6318569810150714,-4.062516740351683,0.7988027783215399,random,2028,hybrid_gated,edge_gnn,rdkit,gated,721e3c494613d3aa378fb20e47d69b51245b538e
freesolv,0c072a2731172132,CCCCCOC(=O)CC,hydration_free_energy,kcal/mol,train,,-2.109999895095825,-3.5321930680078566,-5.962852827344468,-1.1015333086712453,random,2028,hybrid_gated,edge_gnn,rdkit,gated,721e3c494613d3aa378fb20e47d69b51245b538e
freesolv,5f4efc6ed5a32666,CCCCCOC(C)=O,hydration_free_energy,kcal/mol,train,,-2.509999990463257,-5.09162071968345,-7.522280479020061,-2.660960960346839,random,2028,hybrid_gated,edge_gnn,rdkit,gated,721e3c494613d3aa378fb20e47d69b51245b538e
freesolv,a580f6b292969b53,CCCCC[N+](=O)[O-],hydration_free_energy,kcal/mol,train,,-2.819999933242798,1.1543236444047786,-1.2763361149318326,3.58498340374139,random,2028,hybrid_gated,edge_gnn,rdkit,gated,721e3c494613d3aa378fb20e47d69b51245b538e
freesolv,468b092da3632d2d,CCCCCc1ccccc1,hydration_free_energy,kcal/mol,train,,-0.23000000417232513,-0.9678553303750852,-3.3985150897116965,1.462804428961526,random,2028,hybrid_gated,edge_gnn,rdkit,gated,721e3c494613d3aa378fb20e47d69b51245b538e
freesolv,c514ddd9e3b812c1,CCCCCl,hydration_free_energy,kcal/mol,test,,-0.1599999964237213,-0.7353998008081191,-3.1660595601447303,1.6952599585284922,random,2028,hybrid_gated,edge_gnn,rdkit,gated,721e3c494613d3aa378fb20e47d69b51245b538e
freesolv,0d8fa2ca3dfd887f,CCCCI,hydration_free_energy,kcal/mol,train,,-0.25,-5.04161572364713,-7.472275482983742,-2.6109559643105187,random,2028,hybrid_gated,edge_gnn,rdkit,gated,721e3c494613d3aa378fb20e47d69b51245b538e
freesolv,49a122776d5ed26c,CCCCN,hydration_free_energy,kcal/mol,train,,-4.239999771118164,-4.09681858395109,-6.527478343287701,-1.6661588246144787,random,2028,hybrid_gated,edge_gnn,rdkit,gated,721e3c494613d3aa378fb20e47d69b51245b538e
freesolv,d21d0b3984a63f44,CCCCN(CC)C(=O)SCCC,hydration_free_energy,kcal/mol,test,,-3.640000104904175,-6.357261087704668,-8.78792084704128,-3.9266013283680565,random,2028,hybrid_gated,edge_gnn,rdkit,gated,721e3c494613d3aa378fb20e47d69b51245b538e
freesolv,80fb9cecc75acbd8,CCCCN(CC)c1c([N+](=O)[O-])cc(C(F)(F)F)cc1[N+](=O)[O-],hydration_free_energy,kcal/mol,train,,-3.509999990463257,-12.290011728306627,-14.720671487643239,-9.859351968970016,random,2028,hybrid_gated,edge_gnn,rdkit,gated,721e3c494613d3aa378fb20e47d69b51245b538e
freesolv,a629bf56a3d8d9a4,CCCCNCCCC,hydration_free_energy,kcal/mol,validation,,-3.240000009536743,-3.2613424345117643,-5.692002193848376,-0.830682675175153,random,2028,hybrid_gated,edge_gnn,rdkit,gated,721e3c494613d3aa378fb20e47d69b51245b538e
freesolv,05c1bfb084995387,CCCCO,hydration_free_energy,kcal/mol,test,,-4.71999979019165,-4.2771526447802,-6.707812404116812,-1.8464928854435887,random,2028,hybrid_gated,edge_gnn,rdkit,gated,721e3c494613d3aa378fb20e47d69b51245b538e
freesolv,568d2f3ccef5f29e,CCCCOC(=O)c1ccc(O)cc1,hydration_free_energy,kcal/mol,calibration,,-8.720000267028809,-8.893402452764885,-11.324062212101497,-6.4627426934282735,random,2028,hybrid_gated,edge_gnn,rdkit,gated,721e3c494613d3aa378fb20e47d69b51245b538e
freesolv,46583bb6ead842fb,CCCCOC(C)=O,hydration_free_energy,kcal/mol,train,,-2.640000104904175,-9.682580063954688,-12.1132398232913,-7.251920304618077,random,2028,hybrid_gated,edge_gnn,rdkit,gated,721e3c494613d3aa378fb20e47d69b51245b538e
freesolv,9db897b9a26af7f8,CCCCOCCCC,hydration_free_energy,kcal/mol,calibration,,-0.8299999833106995,-1.2362896074310368,-3.666949366767648,1.1943701519055745,random,2028,hybrid_gated,edge_gnn,rdkit,gated,721e3c494613d3aa378fb20e47d69b51245b538e
freesolv,f95f835b86cb25c6,CCCCOCCO,hydration_free_energy,kcal/mol,test,,-6.25,-6.288043454252559,-8.71870321358917,-3.857383694915948,random,2028,hybrid_gated,edge_gnn,rdkit,gated,721e3c494613d3aa378fb20e47d69b51245b538e
freesolv,2caada664cae6a44,CCCCOC[C@H](C)O,hydration_free_energy,kcal/mol,train,,-5.730000019073486,-3.814909133639028,-6.245568892975639,-1.3842493743024167,random,2028,hybrid_gated,edge_gnn,rdkit,gated,721e3c494613d3aa378fb20e47d69b51245b538e
freesolv,cde238e2926e5f58,CCCCO[N+](=O)[O-],hydration_free_energy,kcal/mol,train,,-2.0899999141693115,2.6096292569539865,0.17896949761737524,5.040289016290598,random,2028,hybrid_gated,edge_gnn,rdkit,gated,721e3c494613d3aa378fb20e47d69b51245b538e
freesolv,6287c96eb11ffacf,CCCCS,hydration_free_energy,kcal/mol,train,,-0.9900000095367432,-10.929580182748625,-13.360239942085236,-8.498920423412013,random,2028,hybrid_gated,edge_gnn,rdkit,gated,721e3c494613d3aa378fb20e47d69b51245b538e
freesolv,e63ff875f53e1b76,CCCC[C@@H](C)CC,hydration_free_energy,kcal/mol,train,,2.9700000286102295,-3.0259738023117975,-5.456633561648409,-0.5953140429751862,random,2028,hybrid_gated,edge_gnn,rdkit,gated,721e3c494613d3aa378fb20e47d69b51245b538e
freesolv,4297266e950b3a36,CCCC[N+](=O)[O-],hydration_free_energy,kcal/mol,train,,-3.0899999141693115,-1.1818731100814053,-3.6125328694180165,1.248786649255206,random,2028,hybrid_gated,edge_gnn,rdkit,gated,721e3c494613d3aa378fb20e47d69b51245b538e
freesolv,0d50519807301d63,CCCCc1ccccc1,hydration_free_energy,kcal/mol,train,,-0.4000000059604645,-9.884066719016316,-12.314726478352927,-7.453406959679704,random,2028,hybrid_gated,edge_gnn,rdkit,gated,721e3c494613d3aa378fb20e47d69b51245b538e
freesolv,b28f009eb10da6e6,CCCCl,hydration_free_energy,kcal/mol,train,,-0.33000001311302185,-6.20763552971383,-8.638295289050442,-3.7769757703772187,random,2028,hybrid_gated,edge_gnn,rdkit,gated,721e3c494613d3aa378fb20e47d69b51245b538e
freesolv,ea2c409d9d4aedd5,CCCI,hydration_free_energy,kcal/mol,train,,-0.5299999713897705,-2.658471541769188,-5.0891313011058,-0.22781178243257694,random,2028,hybrid_gated,edge_gnn,rdkit,gated,721e3c494613d3aa378fb20e47d69b51245b538e
freesolv,4a77fe430575ea6c,CCCN,hydration_free_energy,kcal/mol,train,,-4.389999866485596,-2.6211205013825607,-5.0517802607191715,-0.19046074204594943,random,2028,hybrid_gated,edge_gnn,rdkit,gated,721e3c494613d3aa378fb20e47d69b51245b538e
freesolv,2628eefa16acabf5,CCCN(CC1CC1)c1c([N+](=O)[O-])cc(C(F)(F)F)cc1[N+](=O)[O-],hydration_free_energy,kcal/mol,train,,-2.450000047683716,-7.2148025280181205,-9.645462287354732,-4.784142768681509,random,2028,hybrid_gated,edge_gnn,rdkit,gated,721e3c494613d3aa378fb20e47d69b51245b538e
freesolv,2ed1f3bed4d2e8b5,CCCN(CCC)c1c([N+](=O)[O-])cc(C(F)(F)F)cc1[N+](=O)[O-],hydration_free_energy,kcal/mol,calibration,,-3.25,-3.322066207335353,-5.752725966671964,-0.8914064479987416,random,2028,hybrid_gated,edge_gnn,rdkit,gated,721e3c494613d3aa378fb20e47d69b51245b538e
freesolv,b54ecd51b4236e1f,CCCN(CCC)c1c([N+](=O)[O-])cc(S(C)(=O)=O)cc1[N+](=O)[O-],hydration_free_energy,kcal/mol,train,,-7.980000019073486,-6.6251383304477365,-9.055798089784348,-4.194478571111125,random,2028,hybrid_gated,edge_gnn,rdkit,gated,721e3c494613d3aa378fb20e47d69b51245b538e
freesolv,c5cecb085a70d066,CCCNCCC,hydration_free_energy,kcal/mol,validation,,-3.6500000953674316,-3.5880069022515606,-6.018666661588172,-1.1573471429149493,random,2028,hybrid_gated,edge_gnn,rdkit,gated,721e3c494613d3aa378fb20e47d69b51245b538e
freesolv,14e1e55c7f98f735,CCCO,hydration_free_energy,kcal/mol,validation,,-4.849999904632568,-4.251653830048218,-6.6823135893848296,-1.8209940707116066,random,2028,hybrid_gated,edge_gnn,rdkit,gated,721e3c494613d3aa378fb20e47d69b51245b538e
freesolv,2a3bb72367a885ab,CCCOC,hydration_free_energy,kcal/mol,train,,-1.659999966621399,-1.0367484924136376,-3.467408251750249,1.3939112669229736,random,2028,hybrid_gated,edge_gnn,rdkit,gated,721e3c494613d3aa378fb20e47d69b51245b538e
freesolv,9516158b89342f01,CCCOC(=O)CC,hydration_free_energy,kcal/mol,train,,-2.440000057220459,-6.124998179486452,-8.555657938823064,-3.694338420149841,random,2028,hybrid_gated,edge_gnn,rdkit,gated,721e3c494613d3aa378fb20e47d69b51245b538e
freesolv,f035596c68056a32,CCCOC(=O)CCC,hydration_free_energy,kcal/mol,validation,,-2.2799999713897705,-2.689697996327844,-5.120357755664456,-0.25903823699123274,random,2028,hybrid_gated,edge_gnn,rdkit,gated,721e3c494613d3aa378fb20e47d69b51245b538e
freesolv,ea0843191f1b6e45,CCCOC(=O)c1ccc(O)cc1,hydration_free_energy,kcal/mol,train,,-9.369999885559082,-10.361180136590999,-12.79183989592761,-7.930520377254387,random,2028,hybrid_gated,edge_gnn,rdkit,gated,721e3c494613d3aa378fb20e47d69b51245b538e
freesolv,18552703d063ac27,CCCOC(C)=O,hydration_free_energy,kcal/mol,train,,-2.7899999618530273,1.7341796144343111,-0.6964801449023001,4.164839373770922,random,2028,hybrid_gated,edge_gnn,rdkit,gated,721e3c494613d3aa378fb20e47d69b51245b538e
freesolv,057b911b93e037d5,CCCOC=O,hydration_free_energy,kcal/mol,train,,-2.4800000190734863,0.9433364835333573,-1.487323275803254,3.3739962428699686,random,2028,hybrid_gated,edge_gnn,rdkit,gated,721e3c494613d3aa378fb20e47d69b51245b538e
freesolv,71c0327f59bc314e,CCCOCCC,hydration_free_energy,kcal/mol,validation,,-1.159999966621399,-1.8957928946221836,-4.326452653958794,0.5348668647144277,random,2028,hybrid_gated,edge_gnn,rdkit,gated,721e3c494613d3aa378fb20e47d69b51245b538e
freesolv,521c123566b724eb,CCCOCCO,hydration_free_energy,kcal/mol,train,,-6.400000095367432,0.054003501616394445,-2.376656257720217,2.4846632609530057,random,2028,hybrid_gated,edge_gnn,rdkit,gated,721e3c494613d3aa378fb20e47d69b51245b538e
freesolv,63f950a5f14d4dfc,CCCS,hydration_free_energy,kcal/mol,train,,-1.100000023841858,-5.453956508448014,-7.884616267784626,-3.023296749111403,random,2028,hybrid_gated,edge_gnn,rdkit,gated,721e3c494613d3aa378fb20e47d69b51245b538e
freesolv,e54fed017ace88c1,CCCSC(=O)N(CCC)CCC,hydration_free_energy,kcal/mol,test,,-4.130000114440918,-6.491392759903991,-8.922052519240601,-4.06073300056738,random,2028,hybrid_gated,edge_gnn,rdkit,gated,721e3c494613d3aa378fb20e47d69b51245b538e
freesolv,b1b55628116aeb6c,CCCSCCC,hydration_free_energy,kcal/mol,validation,,-1.2799999713897705,-1.505037189445546,-3.9356969487821574,0.9256225698910652,random,2028,hybrid_gated,edge_gnn,rdkit,gated,721e3c494613d3aa378fb20e47d69b51245b538e
freesolv,e3c745ed4598aaaa,CCC[C@@H](C)O,hydration_free_energy,kcal/mol,train,,-4.389999866485596,-3.78903817532022,-6.219697934656831,-1.3583784159836085,random,2028,hybrid_gated,edge_gnn,rdkit,gated,721e3c494613d3aa378fb20e47d69b51245b538e
freesolv,d5ee437817540c30,CCC[C@@H](O)CC,hydration_free_energy,kcal/mol,validation,,-4.059999942779541,-3.8179431614637953,-6.248602920800407,-1.387283402127184,random,2028,hybrid_gated,edge_gnn,rdkit,gated,721e3c494613d3aa378fb20e47d69b51245b538e
freesolv,a63b1c7e6ba8bcb0,CCC[C@H](C)CC,hydration_free_energy,kcal/mol,validation,,2.7100000381469727,2.348526187084562,-0.08213357225204909,4.7791859464211734,random,2028,hybrid_gated,edge_gnn,rdkit,gated,721e3c494613d3aa378fb20e47d69b51245b538e
freesolv,cd5b9b418bb348af,CCC[N+](=O)[O-],hydration_free_energy,kcal/mol,train,,-3.3399999141693115,-6.051991681957039,-8.482651441293651,-3.621331922620428,random,2028,hybrid_gated,edge_gnn,rdkit,gated,721e3c494613d3aa378fb20e47d69b51245b538e
freesolv,c5c03d560157f2ad,CCCc1ccc(O)c(OC)c1,hydration_free_energy,kcal/mol,train,,-5.260000228881836,-1.274838572225692,-3.7054983315623033,1.1558211871109192,random,2028,hybrid_gated,edge_gnn,rdkit,gated,721e3c494613d3aa378fb20e47d69b51245b538e
freesolv,563deebbd969756a,CCCc1ccc(O)cc1,hydration_free_energy,kcal/mol,calibration,,-5.210000038146973,-5.788617526932235,-8.219277286268847,-3.357957767595624,random,2028,hybrid_gated,edge_gnn,rdkit,gated,721e3c494613d3aa378fb20e47d69b51245b538e
freesolv,5c778e54f5d0e8db,CCCc1ccccc1,hydration_free_energy,kcal/mol,train,,-0.5299999713897705,-0.09684328002030673,-2.527503039356918,2.3338164793163045,random,2028,hybrid_gated,edge_gnn,rdkit,gated,721e3c494613d3aa378fb20e47d69b51245b538e
freesolv,015ecefa34d9ae39,CCCl,hydration_free_energy,kcal/mol,train,,-0.6299999952316284,-2.093707035672133,-4.524366795008744,0.33695272366447826,random,2028,hybrid_gated,edge_gnn,rdkit,gated,721e3c494613d3aa378fb20e47d69b51245b538e
freesolv,e6833630dd227931,CCI,hydration_free_energy,kcal/mol,validation,,-0.7400000095367432,-0.5387265320700423,-2.9693862914066536,1.891933227266569,random,2028,hybrid_gated,edge_gnn,rdkit,gated,721e3c494613d3aa378fb20e47d69b51245b538e
freesolv,5358de96aa5a405c,CCN,hydration_free_energy,kcal/mol,train,,-4.5,-5.0277503149996985,-7.45841007433631,-2.597090555663087,random,2028,hybrid_gated,edge_gnn,rdkit,gated,721e3c494613d3aa378fb20e47d69b51245b538e
freesolv,2e65611bdb8133fc,CCN(CC)CC,hydration_free_energy,kcal/mol,train,,-3.2200000286102295,0.915124864454937,-1.5155348948816743,3.3457846237915483,random,2028,hybrid_gated,edge_gnn,rdkit,gated,721e3c494613d3aa378fb20e47d69b51245b538e
freesolv,a4faf5093d2ab9ee,CCN(CC)c1c([N+](=O)[O-])cc(C(F)(F)F)c(N)c1[N+](=O)[O-],hydration_free_energy,kcal/mol,train,,-5.659999847412109,-2.763177565018121,-5.193837324354732,-0.3325178056815097,random,2028,hybrid_gated,edge_gnn,rdkit,gated,721e3c494613d3aa378fb20e47d69b51245b538e
freesolv,f3ee692836994141,CCNCC,hydration_free_energy,kcal/mol,train,,-4.070000171661377,-4.618378196682415,-7.049037956019026,-2.187718437345804,random,2028,hybrid_gated,edge_gnn,rdkit,gated,721e3c494613d3aa378fb20e47d69b51245b538e
freesolv,c506d303fb751324,CCNc1nc(Cl)nc(NCC)n1,hydration_free_energy,kcal/mol,calibration,,-10.220000267028809,-9.21590985867922,-11.646569618015832,-6.785250099342608,random,2028,hybrid_gated,edge_gnn,rdkit,gated,721e3c494613d3aa378fb20e47d69b51245b538e
freesolv,f0b13e9a8de1870e,CCNc1nc(NC(C)(C)C)nc(SC)n1,hydration_free_energy,kcal/mol,train,,-6.679999828338623,-2.579677706826756,-5.010337466163367,-0.14901794749014474,random,2028,hybrid_gated,edge_gnn,rdkit,gated,721e3c494613d3aa378fb20e47d69b51245b538e
freesolv,48cf6f23e72121d4,CCNc1nc(NC(C)C)nc(SC)n1,hydration_free_energy,kcal/mol,train,,-7.650000095367432,-18.502118512652117,-20.932778271988727,-16.071458753315508,random,2028,hybrid_gated,edge_gnn,rdkit,gated,721e3c494613d3aa378fb20e47d69b51245b538e
freesolv,ca789066a644a873,CCO,hydration_free_energy,kcal/mol,train,,-5.0,-2.5528725242295356,-4.983532283566147,-0.12221276489292432,random,2028,hybrid_gated,edge_gnn,rdkit,gated,721e3c494613d3aa378fb20e47d69b51245b538e
freesolv,eb85ffd9d4e232dd,CCOC,hydration_free_energy,kcal/mol,train,,-2.0999999046325684,-7.377150758304805,-9.807810517641416,-4.946490998968194,random,2028,hybrid_gated,edge_gnn,rdkit,gated,721e3c494613d3aa378fb20e47d69b51245b538e
freesolv,c5d7586c4df2935f,CCOC(=O)CC,hydration_free_energy,kcal/mol,test,,-2.680000066757202,-2.747103667785164,-5.177763427121775,-0.31644390844855286,random,2028,hybrid_gated,edge_gnn,rdkit,gated,721e3c494613d3aa378fb20e47d69b51245b538e
freesolv,9cc7e547b13b7996,CCOC(=O)CC(=O)OCC,hydration_free_energy,kcal/mol,train,,-6.0,-9.593159092314819,-12.02381885165143,-7.162499332978207,random,2028,hybrid_gated,edge_gnn,rdkit,gated,721e3c494613d3aa378fb20e47d69b51245b538e
freesolv,2b4d8e742733b5fd,CCOC(=O)CCC(=O)OCC,hydration_free_energy,kcal/mol,train,,-5.710000038146973,-11.902962641971426,-14.333622401308038,-9.472302882634814,random,2028,hybrid_gated,edge_gnn,rdkit,gated,721e3c494613d3aa378fb20e47d69b51245b538e
freesolv,9a148610b2e6e2f6,CCOC(=O)C[C@@H](SP(=S)(OC)OC)C(=O)OCC,hydration_free_energy,kcal/mol,calibration,,-8.149999618530273,-9.222548745655748,-11.65320850499236,-6.791888986319137,random,2028,hybrid_gated,edge_gnn,rdkit,gated,721e3c494613d3aa378fb20e47d69b51245b538e
freesolv,06cda49eadbecf92,CCOC(=O)c1ccc(O)cc1,hydration_free_energy,kcal/mol,train,,-9.199999809265137,-1.813640211489708,-4.24429997082632,0.6170195478469032,random,2028,hybrid_gated,edge_gnn,rdkit,gated,721e3c494613d3aa378fb20e47d69b51245b538e
freesolv,11e7d1ad91c8f3c6,CCOC(=O)c1ccccc1,hydration_free_energy,kcal/mol,train,,-3.640000104904175,-3.2582988239359514,-5.688958583272562,-0.8276390645993401,random,2028,hybrid_gated,edge_gnn,rdkit,gated,721e3c494613d3aa378fb20e47d69b51245b538e
freesolv,31ca2a93eb56b1c9,CCOC(C)=O,hydration_free_energy,kcal/mol,train,,-2.940000057220459,-1.4063381821378065,-3.8369979414744178,1.0243215771988048,random,2028,hybrid_gated,edge_gnn,rdkit,gated,721e3c494613d3aa378fb20e47d69b51245b538e
freesolv,0f30fb54765a4a71,CCOC(C)OCC,hydration_free_energy,kcal/mol,calibration,,-3.2799999713897705,-3.0562384922487,-5.486898251585311,-0.6255787329120888,random,2028,hybrid_gated,edge_gnn,rdkit,gated,721e3c494613d3aa378fb20e47d69b51245b538e
freesolv,ba554b8b161e7746,CCOC(OCC)Oc1ccccc1,hydration_free_energy,kcal/mol,train,,-5.230000019073486,-2.395745041134382,-4.826404800470993,0.034914718202229356,random,2028,hybrid_gated,edge_gnn,rdkit,gated,721e3c494613d3aa378fb20e47d69b51245b538e
freesolv,50ed9f322b5791b3,CCOC=O,hydration_free_energy,kcal/mol,train,,-2.559999942779541,-6.167059853336679,-8.59771961267329,-3.7364000940000675,random,2028,hybrid_gated,edge_gnn,rdkit,gated,721e3c494613d3aa378fb20e47d69b51245b538e
freesolv,55c67ac3acc4815b,CCOCC,hydration_free_energy,kcal/mol,validation,,-1.590000033378601,-1.8892942325517124,-4.319953991888323,0.5413655267848989,random,2028,hybrid_gated,edge_gnn,rdkit,gated,721e3c494613d3aa378fb20e47d69b51245b538e
freesolv,a9f3bd414c2b7a32,CCOCCO,hydration_free_energy,kcal/mol,calibration,,-6.690000057220459,-6.125352714432701,-8.556012473769313,-3.6946929550960896,random,2028,hybrid_gated,edge_gnn,rdkit,gated,721e3c494613d3aa378fb20e47d69b51245b538e
freesolv,30f1421c9e037d21,CCOCCOC(C)=O,hydration_free_energy,kcal/mol,train,,-5.309999942779541,-7.916221251446897,-10.346881010783509,-5.4855614921102855,random,2028,hybrid_gated,edge_gnn,rdkit,gated,721e3c494613d3aa378fb20e47d69b51245b538e
freesolv,06d7492e30c5c56e,CCOCCOCC,hydration_free_energy,kcal/mol,train,,-3.5399999618530273,-11.091541022942618,-13.52220078227923,-8.660881263606006,random,2028,hybrid_gated,edge_gnn,rdkit,gated,721e3c494613d3aa378fb20e47d69b51245b538e
freesolv,4024725848eb763d,CCOP(=O)(OCC)O/C(=C/Cl)c1ccc(Cl)cc1Cl,hydration_free_energy,kcal/mol,train,,-7.070000171661377,-4.266849174223124,-6.697508933559735,-1.8361894148865123,random,2028,hybrid_gated,edge_gnn,rdkit,gated,721e3c494613d3aa378fb20e47d69b51245b538e
freesolv,b7d694fcb2ed16b9,CCOP(=O)(OCC)OCC,hydration_free_energy,kcal/mol,train,,-7.5,-0.33079361138063623,-2.7614533707172475,2.099866147955975,random,2028,hybrid_gated,edge_gnn,rdkit,gated,721e3c494613d3aa378fb20e47d69b51245b538e
freesolv,181e12660bc9d5d1,CCOP(=S)(OCC)Oc1cc(C)nc(C(C)C)n1,hydration_free_energy,kcal/mol,calibration,,-6.480000019073486,-6.635260936644741,-9.065920695981353,-4.204601177308129,random,2028,hybrid_gated,edge_gnn,rdkit,gated,721e3c494613d3aa378fb20e47d69b51245b538e
freesolv,53478077bdfb11ad,CCOP(=S)(OCC)Oc1ccc([N+](=O)[O-])cc1,hydration_free_energy,kcal/mol,test,,-6.739999771118164,-6.489351446034187,-8.920011205370798,-4.058691686697575,random,2028,hybrid_gated,edge_gnn,rdkit,gated,721e3c494613d3aa378fb20e47d69b51245b538e
freesolv,4a53f2c0125f5222,CCOP(=S)(OCC)Oc1nc(Cl)c(Cl)cc1Cl,hydration_free_energy,kcal/mol,train,,-5.039999961853027,-3.668415350217867,-6.099075109554478,-1.2377555908812559,random,2028,hybrid_gated,edge_gnn,rdkit,gated,721e3c494613d3aa378fb20e47d69b51245b538e
freesolv,e8ca88ad8ca9eec5,CCOP(=S)(OCC)SCSCC,hydration_free_energy,kcal/mol,validation,,-4.369999885559082,-6.579291657831554,-9.009951417168166,-4.148631898494942,random,2028,hybrid_gated,edge_gnn,rdkit,gated,721e3c494613d3aa378fb20e47d69b51245b538e
freesolv,e55a87e3bb6fb68e,CCOP(=S)(OCC)SCSP(=S)(OCC)OCC,hydration_free_energy,kcal/mol,train,,-6.099999904632568,-5.885056830279112,-8.315716589615723,-3.4543970709425005,random,2028,hybrid_gated,edge_gnn,rdkit,gated,721e3c494613d3aa378fb20e47d69b51245b538e
freesolv,f0e2c44dc296a6e5,CCOP(=S)(OCC)SCSc1ccc(Cl)cc1,hydration_free_energy,kcal/mol,train,,-6.5,-3.9367079931396662,-6.3673677524762775,-1.506048233803055,random,2028,hybrid_gated,edge_gnn,rdkit,gated,721e3c494613d3aa378fb20e47d69b51245b538e
freesolv,458f5f3358ffa842,CCOP(=S)(OCC)S[C@@H](CCl)N1C(=O)c2ccccc2C1=O,hydration_free_energy,kcal/mol,train,,-5.739999771118164,-4.084054842722191,-6.5147146020588025,-1.6533950833855795,random,2028,hybrid_gated,edge_gnn,rdkit,gated,721e3c494613d3aa378fb20e47d69b51245b538e
freesolv,d03f12d520c785a7,CCOc1ccccc1,hydration_free_energy,kcal/mol,train,,-2.2200000286102295,-3.001625400869213,-5.432285160205824,-0.5709656415326019,random,2028,hybrid_gated,edge_gnn,rdkit,gated,721e3c494613d3aa378fb20e47d69b51245b538e
freesolv,e59096cd88e01589,CCS,hydration_free_energy,kcal/mol,train,,-1.1399999856948853,-5.070171355435357,-7.500831114771968,-2.6395115960987456,random,2028,hybrid_gated,edge_gnn,rdkit,gated,721e3c494613d3aa378fb20e47d69b51245b538e
freesolv,c868bf4a1b1b5939,CCSC,hydration_free_energy,kcal/mol,test,,-1.5,-1.7028036970760247,-4.1334634564126365,0.7278560622605865,random,2028,hybrid_gated,edge_gnn,rdkit,gated,721e3c494613d3aa378fb20e47d69b51245b538e
freesolv,9f27d20fc9bfb022,CCSCC,hydration_free_energy,kcal/mol,train,,-1.4600000381469727,1.2171680236656477,-1.2134917356709636,3.647827783002259,random,2028,hybrid_gated,edge_gnn,rdkit,gated,721e3c494613d3aa378fb20e47d69b51245b538e
freesolv,4fc9e69deb3fc3dc,CCSSCC,hydration_free_energy,kcal/mol,train,,-1.6399999856948853,-6.042531332437342,-8.473191091773954,-3.6118715731007307,random,2028,hybrid_gated,edge_gnn,rdkit,gated,721e3c494613d3aa378fb20e47d69b51245b538e
freesolv,bfa0e17b5e26ea0d,CC[C@@H](C)C(C)C,hydration_free_energy,kcal/mol,test,,2.5199999809265137,2.2635348622473797,-0.16712489708923162,4.694194621583991,random,2028,hybrid_gated,edge_gnn,rdkit,gated,721e3c494613d3aa378fb20e47d69b51245b538e
freesolv,d551cb41de0123da,CC[C@@H](C)CO,hydration_free_energy,kcal/mol,train,,-4.420000076293945,-5.800064646483852,-8.230724405820464,-3.369404887147241,random,2028,hybrid_gated,edge_gnn,rdkit,gated,721e3c494613d3aa378fb20e47d69b51245b538e
freesolv,43bfd896ecc8fa0d,CC[C@@H](C)c1cc([N+](=O)[O-])cc([N+](=O)[O-])c1O,hydration_free_energy,kcal/mol,train,,-6.230000019073486,-3.29908467661755,-5.729744435954162,-0.8684249172809388,random,2028,hybrid_gated,edge_gnn,rdkit,gated,721e3c494613d3aa378fb20e47d69b51245b538e
freesolv,72e6cc3958fe9748,CC[C@@H](O)C(C)C,hydration_free_energy,kcal/mol,train,,-3.880000114440918,-4.481104348467953,-6.911764107804565,-2.050444589131342,random,2028,hybrid_gated,edge_gnn,rdkit,gated,721e3c494613d3aa378fb20e47d69b51245b538e
freesolv,30fe9e05f0944b46,CC[C@H](C)Cl,hydration_free_energy,kcal/mol,train,,0.0,-13.483456669962566,-15.914116429299177,-11.052796910625954,random,2028,hybrid_gated,edge_gnn,rdkit,gated,721e3c494613d3aa378fb20e47d69b51245b538e
freesolv,4bac7107d8eee406,CC[C@H](C)O,hydration_free_energy,kcal/mol,train,,-4.619999885559082,1.5205283950873176,-0.9101313642492936,3.951188154423929,random,2028,hybrid_gated,edge_gnn,rdkit,gated,721e3c494613d3aa378fb20e47d69b51245b538e
freesolv,5ebfcf19058e296f,CC[C@H](C)O[N+](=O)[O-],hydration_free_energy,kcal/mol,train,,-1.8200000524520874,-1.8407643896427452,-4.2714241489793565,0.589895369693866,random,2028,hybrid_gated,edge_gnn,rdkit,gated,721e3c494613d3aa378fb20e47d69b51245b538e
freesolv,df64aadb6927ab47,CC[C@H](C)c1ccccc1,hydration_free_energy,kcal/mol,test,,-0.44999998807907104,-0.295811040521361,-2.7264707998579722,2.1348487188152503,random,2028,hybrid_gated,edge_gnn,rdkit,gated,721e3c494613d3aa378fb20e47d69b51245b538e
freesolv,2be6ddc7a67dd59d,CC[C@H](C)n1c(=O)[nH]c(C)c(Br)c1=O,hydration_free_energy,kcal/mol,train,,-9.729999542236328,-4.831043869005901,-7.261703628342513,-2.40038410966929,random,2028,hybrid_gated,edge_gnn,rdkit,gated,721e3c494613d3aa378fb20e47d69b51245b538e
freesolv,7e80f2c2416f6238,CC[N+](=O)[O-],hydration_free_energy,kcal/mol,validation,,-3.7100000381469727,-3.462720404534221,-5.893380163870832,-1.0320606451976095,random,2028,hybrid_gated,edge_gnn,rdkit,gated,721e3c494613d3aa378fb20e47d69b51245b538e
freesolv,8c11f08cc436c38e,CCc1ccc(C)cc1,hydration_free_energy,kcal/mol,train,,-0.949999988079071,-0.6251308429437614,-3.0557906022803727,1.8055289163928498,random,2028,hybrid_gated,edge_gnn,rdkit,gated,721e3c494613d3aa378fb20e47d69b51245b538e
freesolv,66b7acb5e2d6c3d2,CCc1ccc(O)cc1,hydration_free_energy,kcal/mol,train,,-6.130000114440918,-5.321793246051718,-7.752453005388329,-2.891133486715107,random,2028,hybrid_gated,edge_gnn,rdkit,gated,721e3c494613d3aa378fb20e47d69b51245b538e
freesolv,7e17a2e61f09e50a,CCc1cccc(CC)c1N(COC)C(=O)CCl,hydration_free_energy,kcal/mol,train,,-8.210000038146973,-2.9619961889230693,-5.39265594825968,-0.531336429586458,random,2028,hybrid_gated,edge_gnn,rdkit,gated,721e3c494613d3aa378fb20e47d69b51245b538e
freesolv,d83d21ac42fea8f4,CCc1cccc(O)c1,hydration_free_energy,kcal/mol,train,,-6.25,-5.341093926670392,-7.771753686007003,-2.9104341673337806,random,2028,hybrid_gated,edge_gnn,rdkit,gated,721e3c494613d3aa378fb20e47d69b51245b538e
freesolv,2b77950e97163b16,CCc1cccc2ccccc12,hydration_free_energy,kcal/mol,train,,-2.4000000953674316,-1.4746715182497252,-3.9053312775863365,0.9559882410868861,random,2028,hybrid_gated,edge_gnn,rdkit,gated,721e3c494613d3aa378fb20e47d69b51245b538e
freesolv,d9d3904fcfb40c49,CCc1ccccc1,hydration_free_energy,kcal/mol,validation,,-0.7900000214576721,-0.8447011423988235,-3.275360901735435,1.5859586169377877,random,2028,hybrid_gated,edge_gnn,rdkit,gated,721e3c494613d3aa378fb20e47d69b51245b538e
freesolv,d3d42d2d2434b6a4,CCc1ccccc1C,hydration_free_energy,kcal/mol,validation,,-0.8500000238418579,-0.9628845399839387,-3.39354429932055,1.4677752193526725,random,2028,hybrid_gated,edge_gnn,rdkit,gated,721e3c494613d3aa378fb20e47d69b51245b538e
freesolv,5dce688cbe158876,CCc1ccccc1O,hydration_free_energy,kcal/mol,calibration,,-5.659999847412109,-5.501305069261695,-7.931964828598307,-3.070645309925084,random,2028,hybrid_gated,edge_gnn,rdkit,gated,721e3c494613d3aa378fb20e47d69b51245b538e
freesolv,ef41bd7574f5dbfd,CCc1ccccn1,hydration_free_energy,kcal/mol,train,,-4.329999923706055,-0.8336669669426859,-3.264326726279297,1.5969927923939253,random,2028,hybrid_gated,edge_gnn,rdkit,gated,721e3c494613d3aa378fb20e47d69b51245b538e
freesolv,5574eabc651548ff,CCc1cccnc1,hydration_free_energy,kcal/mol,test,,-4.590000152587891,-4.526323230099665,-6.956982989436277,-2.095663470763054,random,2028,hybrid_gated,edge_gnn,rdkit,gated,721e3c494613d3aa378fb20e47d69b51245b538e
freesolv,74500def09ca4c11,CCc1ccncc1,hydration_free_energy,kcal/mol,train,,-4.730000019073486,-0.2275981732797301,-2.6582579326163414,2.203061586056881,random,2028,hybrid_gated,edge_gnn,rdkit,gated,721e3c494613d3aa378fb20e47d69b51245b538e
freesolv,b06c750d00374d3a,CCc1cnccn1,hydration_free_energy,kcal/mol,train,,-5.449999809265137,-7.2652822057617,-9.695941965098312,-4.834622446425088,random,2028,hybrid_gated,edge_gnn,rdkit,gated,721e3c494613d3aa378fb20e47d69b51245b538e
freesolv,8ec2d1ea7f63089d,CCl,hydration_free_energy,kcal/mol,test,,-0.550000011920929,-0.9662875171451835,-3.3969472764817947,1.4643722421914278,random,2028,hybrid_gated,edge_gnn,rdkit,gated,721e3c494613d3aa378fb20e47d69b51245b538e
freesolv,c17d9f4bb13fd7ab,CF,hydration_free_energy,kcal/mol,calibration,,-0.2199999988079071,-0.721721752391216,-3.1523815117278273,1.7089380069453952,random,2028,hybrid_gated,edge_gnn,rdkit,gated,721e3c494613d3aa378fb20e47d69b51245b538e
freesolv,1d3ef8ffa7fbb106,CI,hydration_free_energy,kcal/mol,train,,-0.8899999856948853,-4.794730020497156,-7.225389779833767,-2.364070261160545,random,2028,hybrid_gated,edge_gnn,rdkit,gated,721e3c494613d3aa378fb20e47d69b51245b538e
freesolv,6b48636a029cf296,CN,hydration_free_energy,kcal/mol,train,,-4.550000190734863,-2.7490721849579494,-5.179731944294561,-0.3184124256213381,random,2028,hybrid_gated,edge_gnn,rdkit,gated,721e3c494613d3aa378fb20e47d69b51245b538e
freesolv,ae740ecf42fc66b3,CN(C)C,hydration_free_energy,kcal/mol,train,,-3.200000047683716,1.4234571133353442,-1.007202646001267,3.8541168726719555,random,2028,hybrid_gated,edge_gnn,rdkit,gated,721e3c494613d3aa378fb20e47d69b51245b538e
freesolv,3730b07de9065cc6,CN(C)C(=O)Nc1ccccc1,hydration_free_energy,kcal/mol,train,,-9.130000114440918,-4.278567939266568,-6.709227698603179,-1.847908179929957,random,2028,hybrid_gated,edge_gnn,rdkit,gated,721e3c494613d3aa378fb20e47d69b51245b538e
freesolv,427a8b23dbe39998,CN(C)C(=O)c1ccc([N+](=O)[O-])cc1,hydration_free_energy,kcal/mol,calibration,,-11.949999809265137,-10.35723150631139,-12.787891265648001,-7.926571746974778,random,2028,hybrid_gated,edge_gnn,rdkit,gated,721e3c494613d3aa378fb20e47d69b51245b538e
freesolv,ab53bae8e7e2439a,CN(C)C(=O)c1ccccc1,hydration_free_energy,kcal/mol,test,,-9.289999961853027,-10.490748808746194,-12.921408568082805,-8.060089049409582,random,2028,hybrid_gated,edge_gnn,rdkit,gated,721e3c494613d3aa378fb20e47d69b51245b538e
freesolv,df162aa01d1e1807,CN(C)C=O,hydration_free_energy,kcal/mol,validation,,-7.809999942779541,-8.684883937406537,-11.11554369674315,-6.254224178069926,random,2028,hybrid_gated,edge_gnn,rdkit,gated,721e3c494613d3aa378fb20e47d69b51245b538e
freesolv,8ae90c7343e88285,CN(C)CCC=C1c2ccccc2CCc2ccccc21,hydration_free_energy,kcal/mol,calibration,,-7.429999828338623,-5.155891506200808,-7.58655126553742,-2.7252317468641967,random,2028,hybrid_gated,edge_gnn,rdkit,gated,721e3c494613d3aa378fb20e47d69b51245b538e
freesolv,6ba867aa7081b5d5,CN(C)CCOC(c1ccccc1)c1ccccc1,hydration_free_energy,kcal/mol,train,,-9.34000015258789,-5.052960949296873,-7.4836207086334845,-2.6223011899602615,random,2028,hybrid_gated,edge_gnn,rdkit,gated,721e3c494613d3aa378fb20e47d69b51245b538e
freesolv,f138fff4fe28c100,CN(C)c1ccccc1,hydration_free_energy,kcal/mol,calibration,,-3.450000047683716,-3.932050722446596,-6.362710481783207,-1.5013909631099849,random,2028,hybrid_gated,edge_gnn,rdkit,gated,721e3c494613d3aa378fb20e47d69b51245b538e
freesolv,22b8524d6432124c,CN(CC(F)(F)F)c1ccccc1,hydration_free_energy,kcal/mol,train,,-1.9199999570846558,-7.204074141637367,-9.634733900973979,-4.773414382300755,random,2028,hybrid_gated,edge_gnn,rdkit,gated,721e3c494613d3aa378fb20e47d69b51245b538e
freesolv,aef820157b9e02ff,CN1CCCCC1,hydration_free_energy,kcal/mol,validation,,-3.880000114440918,-4.296652549987839,-6.72731230932445,-1.865992790651228,random,2028,hybrid_gated,edge_gnn,rdkit,gated,721e3c494613d3aa378fb20e47d69b51245b538e
freesolv,caa26b776de24e5a,CN1CCN(C)CC1,hydration_free_energy,kcal/mol,validation,,-7.579999923706055,-7.20064646943141,-9.631306228768022,-4.769986710094798,random,2028,hybrid_gated,edge_gnn,rdkit,gated,721e3c494613d3aa378fb20e47d69b51245b538e
freesolv,3cff3d64db2ccf3c,CN1CCNCC1,hydration_free_energy,kcal/mol,train,,-7.769999980926514,-2.4477456115229113,-4.8784053708595225,-0.017085852186299988,random,2028,hybrid_gated,edge_gnn,rdkit,gated,721e3c494613d3aa378fb20e47d69b51245b538e
freesolv,d6cea68731e98da0,CN1CCOCC1,hydration_free_energy,kcal/mol,train,,-6.320000171661377,-9.76177041541938,-12.192430174755991,-7.3311106560827675,random,2028,hybrid_gated,edge_gnn,rdkit,gated,721e3c494613d3aa378fb20e47d69b51245b538e
freesolv,9afd0df86add5901,CNC,hydration_free_energy,kcal/mol,test,,-4.289999961853027,-3.8372628733723606,-6.267922632708972,-1.4066031140357493,random,2028,hybrid_gated,edge_gnn,rdkit,gated,721e3c494613d3aa378fb20e47d69b51245b538e
freesolv,5cb6cf4121e34498,CNC(=O)O/N=C\C(C)(C)SC,hydration_free_energy,kcal/mol,train,,-9.84000015258789,-2.388013452114249,-4.818673211450861,0.04264630722236218,random,2028,hybrid_gated,edge_gnn,rdkit,gated,721e3c494613d3aa378fb20e47d69b51245b538e
freesolv,90a200a5ff27cc37,CNC(=O)Oc1cccc2c1OC(C)(C)C2,hydration_free_energy,kcal/mol,validation,,-9.609999656677246,-8.181135947782662,-10.611795707119274,-5.750476188446051,random,2028,hybrid_gated,edge_gnn,rdkit,gated,721e3c494613d3aa378fb20e47d69b51245b538e
freesolv,0a5851c2ca44922c,CNC(=O)Oc1cccc2ccccc12,hydration_free_energy,kcal/mol,train,,-9.449999809265137,-1.576080538290153,-4.006740297626765,0.8545792210464582,random,2028,hybrid_gated,edge_gnn,rdkit,gated,721e3c494613d3aa378fb20e47d69b51245b538e
freesolv,d876777714879c8e,CNC(C)=O,hydration_free_energy,kcal/mol,train,,-10.0,-4.927473079595375,-7.358132838931986,-2.4968133202587635,random,2028,hybrid_gated,edge_gnn,rdkit,gated,721e3c494613d3aa378fb20e47d69b51245b538e
freesolv,6bfbe627b61bb1f8,CNc1ccccc1,hydration_free_energy,kcal/mol,test,,-4.690000057220459,-4.14061787630605,-6.5712776356426605,-1.7099581169694384,random,2028,hybrid_gated,edge_gnn,rdkit,gated,721e3c494613d3aa378fb20e47d69b51245b538e
freesolv,32c1365b28b1a0c9,CO,hydration_free_energy,kcal/mol,train,,-5.099999904632568,-3.317545672031153,-5.748205431367764,-0.8868859126945416,random,2028,hybrid_gated,edge_gnn,rdkit,gated,721e3c494613d3aa378fb20e47d69b51245b538e
freesolv,c4ae432b7146eac6,COC,hydration_free_energy,kcal/mol,train,,-1.909999966621399,2.58769533298075,0.1570355736441389,5.018355092317361,random,2028,hybrid_gated,edge_gnn,rdkit,gated,721e3c494613d3aa378fb20e47d69b51245b538e
freesolv,dba50d69eba4553d,COC(=O)C(C)(C)C,hydration_free_energy,kcal/mol,train,,-2.4000000953674316,1.4906796019142843,-0.939980157422327,3.9213393612508955,random,2028,hybrid_gated,edge_gnn,rdkit,gated,721e3c494613d3aa378fb20e47d69b51245b538e
freesolv,78896c16a1730e57,COC(=O)C(F)(F)F,hydration_free_energy,kcal/mol,train,,-1.100000023841858,0.3741942975972701,-2.056465461739341,2.8048540569338813,random,2028,hybrid_gated,edge_gnn,rdkit,gated,721e3c494613d3aa378fb20e47d69b51245b538e
freesolv,d0ab69455128b9fd,COC(=O)C1CC1,hydration_free_energy,kcal/mol,train,,-4.099999904632568,-0.04452113720173001,-2.4751808965383413,2.3861386221348813,random,2028,hybrid_gated,edge_gnn,rdkit,gated,721e3c494613d3aa378fb20e47d69b51245b538e
freesolv,86863ff15d16d981,COC(=O)C1CCCCC1,hydration_free_energy,kcal/mol,train,,-3.299999952316284,-11.38409613123565,-13.814755890572261,-8.953436371899038,random,2028,hybrid_gated,edge_gnn,rdkit,gated,721e3c494613d3aa378fb20e47d69b51245b538e
freesolv,80ffd5e0b0a9be02,COC(=O)CC#N,hydration_free_energy,kcal/mol,train,,-6.71999979019165,-12.411806829865679,-14.84246658920229,-9.981147070529067,random,2028,hybrid_gated,edge_gnn,rdkit,gated,721e3c494613d3aa378fb20e47d69b51245b538e
freesolv,b6cd478b6894d483,COC(=O)CCl,hydration_free_energy,kcal/mol,train,,-4.0,-3.0339595892378193,-5.4646193485744305,-0.603299829901208,random,2028,hybrid_gated,edge_gnn,rdkit,gated,721e3c494613d3aa378fb20e47d69b51245b538e
freesolv,1ee4d9131fedf122,COC(=O)c1ccc(O)cc1,hydration_free_energy,kcal/mol,train,,-9.510000228881836,0.31542653336947213,-2.115233225967139,2.7460862927060834,random,2028,hybrid_gated,edge_gnn,rdkit,gated,721e3c494613d3aa378fb20e47d69b51245b538e
freesolv,f7f1cf0080e3fe6c,COC(=O)c1ccc(OC)cc1,hydration_free_energy,kcal/mol,test,,-5.329999923706055,-6.242725685072241,-8.673385444408853,-3.8120659257356295,random,2028,hybrid_gated,edge_gnn,rdkit,gated,721e3c494613d3aa378fb20e47d69b51245b538e
freesolv,03666b9268eeead7,COC(=O)c1ccc([N+](=O)[O-])cc1,hydration_free_energy,kcal/mol,train,,-6.880000114440918,-2.1795380993992666,-4.610197858735878,0.2511216599373447,random,2028,hybrid_gated,edge_gnn,rdkit,gated,721e3c494613d3aa378fb20e47d69b51245b538e
freesolv,6606bca5fe63957e,COC(=O)c1ccccc1,hydration_free_energy,kcal/mol,train,,-3.9200000762939453,-0.45473417547631945,-2.8853939348129307,1.9759255838602918,random,2028,hybrid_gated,edge_gnn,rdkit,gated,721e3c494613d3aa378fb20e47d69b51245b538e
freesolv,3df2b5140200cf21,COC(C)(C)C,hydration_free_energy,kcal/mol,train,,-2.2100000381469727,-7.157180613864936,-9.587840373201548,-4.726520854528324,random,2028,hybrid_gated,edge_gnn,rdkit,gated,721e3c494613d3aa378fb20e47d69b51245b538e
freesolv,0b5928b255a9be06,COC(C)(OC)OC,hydration_free_energy,kcal/mol,train,,-4.420000076293945,-1.9052543178394774,-4.3359140771760885,0.5254054414971339,random,2028,hybrid_gated,edge_gnn,rdkit,gated,721e3c494613d3aa378fb20e47d69b51245b538e
freesolv,343056c6313cf7f2,COC(C)=O,hydration_free_energy,kcal/mol,train,,-3.130000114440918,-2.559013322891209,-4.989673082227821,-0.12835356355459782,random,2028,hybrid_gated,edge_gnn,rdkit,gated,721e3c494613d3aa378fb20e47d69b51245b538e
freesolv,366c595dc8dd0749,COC(C)C,hydration_free_energy,kcal/mol,train,,-2.009999990463257,-6.112319958271086,-8.542979717607697,-3.6816601989344746,random,2028,hybrid_gated,edge_gnn,rdkit,gated,721e3c494613d3aa378fb20e47d69b51245b538e
freesolv,cecd292832da1853,COC(CC#N)(OC)OC,hydration_free_energy,kcal/mol,train,,-6.400000095367432,-7.279503974641294,-9.710163733977906,-4.848844215304682,random,2028,hybrid_gated,edge_gnn,rdkit,gated,721e3c494613d3aa378fb20e47d69b51245b538e
freesolv,8465a94b854e5f5e,COC(CCl)(OC)OC,hydration_free_energy,kcal/mol,train,,-4.590000152587891,-0.9620723951222092,-3.3927321544588205,1.468587364214402,random,2028,hybrid_gated,edge_gnn,rdkit,gated,721e3c494613d3aa378fb20e47d69b51245b538e
freesolv,792c6eb18e8ee8a5,COC(F)(F)C(Cl)Cl,hydration_free_energy,kcal/mol,test,,-1.1200000047683716,-1.8272400947216112,-4.2578998540582225,0.6034196646150001,random,2028,hybrid_gated,edge_gnn,rdkit,gated,721e3c494613d3aa378fb20e47d69b51245b538e
freesolv,c89b39a05b1f8fe2,COC(OC)(OC)C(F)(F)F,hydration_free_energy,kcal/mol,train,,-0.800000011920929,-0.8916341822427931,-3.3222939415794044,1.5390255770938182,random,2028,hybrid_gated,edge_gnn,rdkit,gated,721e3c494613d3aa378fb20e47d69b51245b538e
freesolv,4f9776f71274bb0a,COC(OC)(OC)c1ccccc1,hydration_free_energy,kcal/mol,train,,-4.039999961853027,-6.855584757072783,-9.286244516409393,-4.424924997736172,random,2028,hybrid_gated,edge_gnn,rdkit,gated,721e3c494613d3aa378fb20e47d69b51245b538e
freesolv,43e9689fb007ea3d,COC(OC)OC,hydration_free_energy,kcal/mol,train,,-4.420000076293945,-3.0918143883996096,-5.5224741477362205,-0.6611546290629984,random,2028,hybrid_gated,edge_gnn,rdkit,gated,721e3c494613d3aa378fb20e47d69b51245b538e
freesolv,79cb04263c54cc58,COC=O,hydration_free_energy,kcal/mol,train,,-2.7799999713897705,-3.829124326120846,-6.259784085457458,-1.3984645667842348,random,2028,hybrid_gated,edge_gnn,rdkit,gated,721e3c494613d3aa378fb20e47d69b51245b538e
freesolv,cbf68aa07930e926,COCC(OC)(OC)OC,hydration_free_energy,kcal/mol,train,,-5.730000019073486,-2.586530366994679,-5.01719012633129,-0.1558706076580676,random,2028,hybrid_gated,edge_gnn,rdkit,gated,721e3c494613d3aa378fb20e47d69b51245b538e
freesolv,f3a3789f1e894352,COCCN,hydration_free_energy,kcal/mol,train,,-6.550000190734863,-4.563814065913313,-6.994473825249925,-2.1331543065767016,random,2028,hybrid_gated,edge_gnn,rdkit,gated,721e3c494613d3aa378fb20e47d69b51245b538e
freesolv,36f9489fd7c43523,COCCO,hydration_free_energy,kcal/mol,validation,,-6.619999885559082,-6.121841508553764,-8.552501267890376,-3.691181749217153,random,2028,hybrid_gated,edge_gnn,rdkit,gated,721e3c494613d3aa378fb20e47d69b51245b538e
freesolv,6176386a08c65b6a,COCCOC,hydration_free_energy,kcal/mol,train,,-4.840000152587891,-4.541249881451134,-6.971909640787745,-2.1105901221145227,random,2028,hybrid_gated,edge_gnn,rdkit,gated,721e3c494613d3aa378fb20e47d69b51245b538e
freesolv,dde41266c6fb0f78,COCOC,hydration_free_energy,kcal/mol,train,,-2.930000066757202,-4.0031256380005305,-6.433785397337141,-1.5724658786639192,random,2028,hybrid_gated,edge_gnn,rdkit,gated,721e3c494613d3aa378fb20e47d69b51245b538e
freesolv,b4138e6574e5938a,COP(=O)(OC)OC,hydration_free_energy,kcal/mol,train,,-8.699999809265137,-5.485922418541141,-7.916582177877752,-3.0552626592045296,random,2028,hybrid_gated,edge_gnn,rdkit,gated,721e3c494613d3aa378fb20e47d69b51245b538e
freesolv,cfd15d18e41c6b74,COP(=O)(OC)[C@@H](O)C(Cl)(Cl)Cl,hydration_free_energy,kcal/mol,train,,-12.739999771118164,-1.262292845293691,-3.6929526046303023,1.1683669140429203,random,2028,hybrid_gated,edge_gnn,rdkit,gated,721e3c494613d3aa378fb20e47d69b51245b538e
freesolv,f7eaea59fbdc4fd0,COP(=S)(OC)Oc1ccc([N+](=O)[O-])cc1,hydration_free_energy,kcal/mol,train,,-7.190000057220459,-7.453096395633924,-9.883756154970536,-5.0224366362973125,random,2028,hybrid_gated,edge_gnn,rdkit,gated,721e3c494613d3aa378fb20e47d69b51245b538e
freesolv,2ef9be15cbbcce71,COP(=S)(OC)SCn1nnc2ccccc2c1=O,hydration_free_energy,kcal/mol,train,,-10.029999732971191,-3.1994176235571197,-5.630077382893731,-0.7687578642205084,random,2028,hybrid_gated,edge_gnn,rdkit,gated,721e3c494613d3aa378fb20e47d69b51245b538e
freesolv,f5ba54488f372966,COS(=O)(=O)OC,hydration_free_energy,kcal/mol,train,,-5.099999904632568,-2.5651006514125947,-4.995760410749206,-0.13444089207598342,random,2028,hybrid_gated,edge_gnn,rdkit,gated,721e3c494613d3aa378fb20e47d69b51245b538e
freesolv,5b75e056d7667332,COS(C)(=O)=O,hydration_free_energy,kcal/mol,train,,-4.869999885559082,-3.682770593129883,-6.113430352466494,-1.2521108337932718,random,2028,hybrid_gated,edge_gnn,rdkit,gated,721e3c494613d3aa378fb20e47d69b51245b538e
freesolv,58aa2cd0ec0f3549,COc1c(Cl)cc(Cl)c(OC)c1O,hydration_free_energy,kcal/mol,train,,-6.440000057220459,-0.2426479777454773,-2.6733077370820886,2.188011781591134,random,2028,hybrid_gated,edge_gnn,rdkit,gated,721e3c494613d3aa378fb20e47d69b51245b538e
freesolv,f4958df0775de6da,COc1c(Cl)ccc(Cl)c1C(=O)O,hydration_free_energy,kcal/mol,validation,,-9.859999656677246,-9.541508225233356,-11.972167984569968,-7.110848465896744,random,2028,hybrid_gated,edge_gnn,rdkit,gated,721e3c494613d3aa378fb20e47d69b51245b538e
freesolv,1602b6352b27cd5c,COc1c(O)c(OC)c(Cl)c(C=O)c1Cl,hydration_free_energy,kcal/mol,train,,-8.680000305175781,-5.887008812508917,-8.317668571845529,-3.4563490531723056,random,2028,hybrid_gated,edge_gnn,rdkit,gated,721e3c494613d3aa378fb20e47d69b51245b538e
freesolv,dfc5e1986eb52bfc,COc1cc(C)ccc1O,hydration_free_energy,kcal/mol,test,,-5.800000190734863,-5.564684579404487,-7.9953443387410985,-3.1340248200678755,random,2028,hybrid_gated,edge_gnn,rdkit,gated,721e3c494613d3aa378fb20e47d69b51245b538e
freesolv,2dcda2689245ae18,COc1cc(C=O)c(Cl)c(OC)c1O,hydration_free_energy,kcal/mol,train,,-7.78000020980835,-3.533815371390763,-5.964475130727374,-1.103155612054152,random,2028,hybrid_gated,edge_gnn,rdkit,gated,721e3c494613d3aa378fb20e47d69b51245b538e
freesolv,b57067c3389817fe,COc1ccc(C(=O)N(C)C)cc1,hydration_free_energy,kcal/mol,train,,-11.010000228881836,-9.618637506792474,-12.049297266129086,-7.187977747455863,random,2028,hybrid_gated,edge_gnn,rdkit,gated,721e3c494613d3aa378fb20e47d69b51245b538e
freesolv,b0f92eb0fbf5865f,COc1ccc(C(C)=O)cc1,hydration_free_energy,kcal/mol,train,,-4.400000095367432,-4.658417131631251,-7.089076890967862,-2.2277573722946395,random,2028,hybrid_gated,edge_gnn,rdkit,gated,721e3c494613d3aa378fb20e47d69b51245b538e
freesolv,9f101fc6ba15503f,COc1ccc(N)cc1,hydration_free_energy,kcal/mol,train,,-7.480000019073486,0.6961120287917972,-1.734547730544814,3.1267717881284085,random,2028,hybrid_gated,edge_gnn,rdkit,gated,721e3c494613d3aa378fb20e47d69b51245b538e
freesolv,47a5d1f5f0d9c9e0,COc1ccc2cc([C@H](C)C(=O)O)ccc2c1,hydration_free_energy,kcal/mol,test,,-10.210000038146973,-9.151591507358352,-11.582251266694964,-6.720931748021741,random,2028,hybrid_gated,edge_gnn,rdkit,gated,721e3c494613d3aa378fb20e47d69b51245b538e
freesolv,f3601ce4990f38bf,COc1cccc(N)c1,hydration_free_energy,kcal/mol,train,,-7.289999961853027,-7.066339999263434,-9.496999758600046,-4.635680239926822,random,2028,hybrid_gated,edge_gnn,rdkit,gated,721e3c494613d3aa378fb20e47d69b51245b538e
freesolv,128c8182726e93c8,COc1cccc(O)c1,hydration_free_energy,kcal/mol,validation,,-7.659999847412109,-7.600964740138899,-10.03162449947551,-5.170304980802287,random,2028,hybrid_gated,edge_gnn,rdkit,gated,721e3c494613d3aa378fb20e47d69b51245b538e
freesolv,31e7b18f3228ba99,COc1cccc(OC)c1O,hydration_free_energy,kcal/mol,train,,-6.960000038146973,-4.806547673089206,-7.2372074324258175,-2.3758879137525946,random,2028,hybrid_gated,edge_gnn,rdkit,gated,721e3c494613d3aa378fb20e47d69b51245b538e
freesolv,ad217bed88d732e8,COc1ccccc1,hydration_free_energy,kcal/mol,train,,-2.450000047683716,-5.799928931107699,-8.23058869044431,-3.3692691717710876,random,2028,hybrid_gated,edge_gnn,rdkit,gated,721e3c494613d3aa378fb20e47d69b51245b538e
freesolv,b00362e6f2a54653,COc1ccccc1N,hydration_free_energy,kcal/mol,test,,-6.119999885559082,-6.195692791351829,-8.62635255068844,-3.7650330320152174,random,2028,hybrid_gated,edge_gnn,rdkit,gated,721e3c494613d3aa378fb20e47d69b51245b538e
freesolv,3d2d00e608cdd36c,COc1ccccc1O,hydration_free_energy,kcal/mol,train,,-5.940000057220459,-1.5540358087249935,-3.9846955680616047,0.8766239506116178,random,2028,hybrid_gated,edge_gnn,rdkit,gated,721e3c494613d3aa378fb20e47d69b51245b538e
freesolv,db3f12030831b04a,COc1ccccc1OC,hydration_free_energy,kcal/mol,validation,,-5.329999923706055,-3.868642115098949,-6.29930187443556,-1.4379823557623377,random,2028,hybrid_gated,edge_gnn,rdkit,gated,721e3c494613d3aa378fb20e47d69b51245b538e
freesolv,5987ac0025350d65,CS,hydration_free_energy,kcal/mol,train,,-1.2000000476837158,-3.5379582872503965,-5.968618046587007,-1.1072985279137852,random,2028,hybrid_gated,edge_gnn,rdkit,gated,721e3c494613d3aa378fb20e47d69b51245b538e
freesolv,0d11fc91d7076b61,CS(=O)(=O)Cl,hydration_free_energy,kcal/mol,train,,-4.869999885559082,-3.1584418874556413,-5.589101646792253,-0.72778212811903,random,2028,hybrid_gated,edge_gnn,rdkit,gated,721e3c494613d3aa378fb20e47d69b51245b538e
freesolv,aa2bea624cb0b32d,CS(C)(=O)=O,hydration_free_energy,kcal/mol,train,,-10.079999923706055,-0.0750360523634157,-2.505695811700027,2.3556237069731956,random,2028,hybrid_gated,edge_gnn,rdkit,gated,721e3c494613d3aa378fb20e47d69b51245b538e
freesolv,f2cc1c4234198db0,CS(C)=O,hydration_free_energy,kcal/mol,calibration,,-9.279999732971191,-3.1078059867118215,-5.538465746048432,-0.6771462273752102,random,2028,hybrid_gated,edge_gnn,rdkit,gated,721e3c494613d3aa378fb20e47d69b51245b538e
freesolv,91658d5a001d49e4,CSC,hydration_free_energy,kcal/mol,test,,-1.6100000143051147,-1.6166733938288438,-4.0473331531654555,0.8139863655077675,random,2028,hybrid_gated,edge_gnn,rdkit,gated,721e3c494613d3aa378fb20e47d69b51245b538e
freesolv,60bb71e7a2455ffa,CSSC,hydration_free_energy,kcal/mol,calibration,,-1.8300000429153442,-1.7451060939273089,-4.17576585326392,0.6855536654093024,random,2028,hybrid_gated,edge_gnn,rdkit,gated,721e3c494613d3aa378fb20e47d69b51245b538e
freesolv,941bd3545404064b,CSc1ccccc1,hydration_free_energy,kcal/mol,validation,,-2.7300000190734863,-2.576507936783395,-5.007167696120007,-0.1458481774467839,random,2028,hybrid_gated,edge_gnn,rdkit,gated,721e3c494613d3aa378fb20e47d69b51245b538e
freesolv,63b335b2fd4df5b3,C[C@@H](CCO[N+](=O)[O-])O[N+](=O)[O-],hydration_free_energy,kcal/mol,calibration,,-4.289999961853027,-4.654459697031353,-7.0851194563679645,-2.2237999376947415,random,2028,hybrid_gated,edge_gnn,rdkit,gated,721e3c494613d3aa378fb20e47d69b51245b538e
freesolv,eefa0b3674c064ad,C[C@@H](CO[N+](=O)[O-])O[N+](=O)[O-],hydration_free_energy,kcal/mol,train,,-4.949999809265137,-4.533431859774511,-6.964091619111123,-2.1027721004379,random,2028,hybrid_gated,edge_gnn,rdkit,gated,721e3c494613d3aa378fb20e47d69b51245b538e
freesolv,7beeddda4325576e,C[C@@H](O)C(F)(F)F,hydration_free_energy,kcal/mol,train,,-4.199999809265137,-4.8237571128998535,-7.254416872236465,-2.3930973535632423,random,2028,hybrid_gated,edge_gnn,rdkit,gated,721e3c494613d3aa378fb20e47d69b51245b538e
freesolv,0e2e060fa7263040,C[C@@H]1CCCC[C@@H]1C,hydration_free_energy,kcal/mol,train,,1.5800000429153442,-4.4254128352228905,-6.856072594559501,-1.9947530758862793,random,2028,hybrid_gated,edge_gnn,rdkit,gated,721e3c494613d3aa378fb20e47d69b51245b538e
freesolv,76ad3abc60765b03,C[C@H](C(=O)O)c1ccc(-c2ccccc2)c(F)c1,hydration_free_energy,kcal/mol,train,,-8.420000076293945,-2.398425956662215,-4.829085715998826,0.03223380267439646,random,2028,hybrid_gated,edge_gnn,rdkit,gated,721e3c494613d3aa378fb20e47d69b51245b538e
freesolv,e8b904ba4abc81e9,C[C@H](C(=O)O)c1cccc(C(=O)c2ccccc2)c1,hydration_free_energy,kcal/mol,train,,-10.779999732971191,-6.021583277596893,-8.452243036933504,-3.5909235182602814,random,2028,hybrid_gated,edge_gnn,rdkit,gated,721e3c494613d3aa378fb20e47d69b51245b538e
freesolv,8c52d3fff30b9cac,C[C@H](Cl)CCl,hydration_free_energy,kcal/mol,train,,-1.2699999809265137,-5.701142310076113,-8.131802069412725,-3.270482550739502,random,2028,hybrid_gated,edge_gnn,rdkit,gated,721e3c494613d3aa378fb20e47d69b51245b538e
freesolv,8092a23e37101382,C[C@H](O)C(F)(F)F,hydration_free_energy,kcal/mol,train,,-4.159999847412109,-17.240319405150892,-19.670979164487502,-14.80965964581428,random,2028,hybrid_gated,edge_gnn,rdkit,gated,721e3c494613d3aa378fb20e47d69b51245b538e
freesolv,39051be56e99ad8d,C[C@H]1CCCO1,hydration_free_energy,kcal/mol,train,,-3.299999952316284,-2.140308195589132,-4.570967954925743,0.29035156374747917,random,2028,hybrid_gated,edge_gnn,rdkit,gated,721e3c494613d3aa378fb20e47d69b51245b538e
freesolv,8efd3b8359228fb2,C[C@H]1CC[C@H](C)O1,hydration_free_energy,kcal/mol,validation,,-2.9200000762939453,-2.742399798616421,-5.173059557953032,-0.31174003927980953,random,2028,hybrid_gated,edge_gnn,rdkit,gated,721e3c494613d3aa378fb20e47d69b51245b538e
freesolv,5fc027dd434528e2,C[N+](=O)[O-],hydration_free_energy,kcal/mol,test,,-4.019999980926514,-3.2740658583959283,-5.70472561773254,-0.8434060990593171,random,2028,hybrid_gated,edge_gnn,rdkit,gated,721e3c494613d3aa378fb20e47d69b51245b538e
freesolv,bba10d76dab59e54,Cc1[nH]c(=O)n(C(C)(C)C)c(=O)c1Cl,hydration_free_energy,kcal/mol,train,,-11.140000343322754,-2.741482860869307,-5.172142620205918,-0.31082310153269566,random,2028,hybrid_gated,edge_gnn,rdkit,gated,721e3c494613d3aa378fb20e47d69b51245b538e
freesolv,9dcf8b914c150733,Cc1c[nH]c2ccccc12,hydration_free_energy,kcal/mol,train,,-5.880000114440918,-4.076604991951288,-6.507264751287899,-1.6459452326146766,random,2028,hybrid_gated,edge_gnn,rdkit,gated,721e3c494613d3aa378fb20e47d69b51245b538e
freesolv,43e45de3a2ec7d7d,Cc1c[nH]cn1,hydration_free_energy,kcal/mol,calibration,,-10.270000457763672,-9.511389289745132,-11.942049049081744,-7.0807295304085205,random,2028,hybrid_gated,edge_gnn,rdkit,gated,721e3c494613d3aa378fb20e47d69b51245b538e
freesolv,2b84963bcd80619e,Cc1cc(C)c2ccccc2c1,hydration_free_energy,kcal/mol,train,,-2.4700000286102295,-8.307174302241709,-10.73783406157832,-5.876514542905097,random,2028,hybrid_gated,edge_gnn,rdkit,gated,721e3c494613d3aa378fb20e47d69b51245b538e
freesolv,ceb5d836647f1bc3,Cc1cc(C)cc(C)c1,hydration_free_energy,kcal/mol,train,,-0.8999999761581421,-18.99667565085293,-21.42733541018954,-16.56601589151632,random,2028,hybrid_gated,edge_gnn,rdkit,gated,721e3c494613d3aa378fb20e47d69b51245b538e
freesolv,7cd11e1061f8550e,Cc1cc(C)cc(O)c1,hydration_free_energy,kcal/mol,train,,-6.269999980926514,-3.88504985175699,-6.315709611093601,-1.4543900924203785,random,2028,hybrid_gated,edge_gnn,rdkit,gated,721e3c494613d3aa378fb20e47d69b51245b538e
freesolv,4b34ae40486b3c5f,Cc1cc(O)ccc1Cl,hydration_free_energy,kcal/mol,train,,-6.789999961853027,-5.072812973631171,-7.503472732967783,-2.64215321429456,random,2028,hybrid_gated,edge_gnn,rdkit,gated,721e3c494613d3aa378fb20e47d69b51245b538e
freesolv,967700a6cac6d34b,Cc1cc2ccccc2cc1C,hydration_free_energy,kcal/mol,train,,-2.7799999713897705,-3.0740379288884334,-5.504697688225045,-0.6433781695518221,random,2028,hybrid_gated,edge_gnn,rdkit,gated,721e3c494613d3aa378fb20e47d69b51245b538e
freesolv,70816019155cbeb1,Cc1ccc(Br)cc1,hydration_free_energy,kcal/mol,train,,-1.3899999856948853,-8.58738446505322,-11.01804422438983,-6.1567247057166075,random,2028,hybrid_gated,edge_gnn,rdkit,gated,721e3c494613d3aa378fb20e47d69b51245b538e
freesolv,7a4c55f55feeaf18,Cc1ccc(C(=O)N(C)C)cc1,hydration_free_energy,kcal/mol,test,,-9.760000228881836,-10.184513075162027,-12.615172834498638,-7.753853315825415,random,2028,hybrid_gated,edge_gnn,rdkit,gated,721e3c494613d3aa378fb20e47d69b51245b538e
freesolv,4bd93a52b68e3179,Cc1ccc(C(C)C)cc1,hydration_free_energy,kcal/mol,calibration,,-0.6800000071525574,-0.3425860320791765,-2.7732457914157878,2.088073727257435,random,2028,hybrid_gated,edge_gnn,rdkit,gated,721e3c494613d3aa378fb20e47d69b51245b538e
freesolv,075799439fc6d183,Cc1ccc(C)c(C)c1,hydration_free_energy,kcal/mol,test,,-0.8600000143051147,-1.1430585125014625,-3.573718271838074,1.2876012468351488,random,2028,hybrid_gated,edge_gnn,rdkit,gated,721e3c494613d3aa378fb20e47d69b51245b538e
freesolv,8961bdfb7ede6e86,Cc1ccc(C)c(O)c1,hydration_free_energy,kcal/mol,train,,-5.909999847412109,-1.7401958600805854,-4.170855619417196,0.6904638992560259,random,2028,hybrid_gated,edge_gnn,rdkit,gated,721e3c494613d3aa378fb20e47d69b51245b538e
freesolv,cc9a7bf8731f0c53,Cc1ccc(C)c2ccccc12,hydration_free_energy,kcal/mol,train,,-2.819999933242798,-9.407829438680091,-11.838489198016703,-6.977169679343479,random,2028,hybrid_gated,edge_gnn,rdkit,gated,721e3c494613d3aa378fb20e47d69b51245b538e
freesolv,34be3af199e92ace,Cc1ccc(C)cc1,hydration_free_energy,kcal/mol,train,,-0.800000011920929,-4.178593540269239,-6.60925329960585,-1.747933780932628,random,2028,hybrid_gated,edge_gnn,rdkit,gated,721e3c494613d3aa378fb20e47d69b51245b538e
freesolv,645ebc5211491348,Cc1ccc(C)nc1,hydration_free_energy,kcal/mol,train,,-4.71999979019165,-1.0756711039717537,-3.506330863308365,1.3549886553648576,random,2028,hybrid_gated,edge_gnn,rdkit,gated,721e3c494613d3aa378fb20e47d69b51245b538e
freesolv,a2b8c44da80cf8f1,Cc1ccc(C=O)cc1,hydration_free_energy,kcal/mol,train,,-4.269999980926514,-0.7476599241795432,-3.1783196835161545,1.682999835157068,random,2028,hybrid_gated,edge_gnn,rdkit,gated,721e3c494613d3aa378fb20e47d69b51245b538e
freesolv,e51c7600c42704bd,Cc1ccc(N)cc1,hydration_free_energy,kcal/mol,train,,-5.570000171661377,-10.450037202253368,-12.88069696158998,-8.019377442916756,random,2028,hybrid_gated,edge_gnn,rdkit,gated,721e3c494613d3aa378fb20e47d69b51245b538e
freesolv,0317a2fef5322bb6,Cc1ccc(O)c(C)c1,hydration_free_energy,kcal/mol,train,,-6.010000228881836,-4.404256483048787,-6.834916242385399,-1.9735967237121756,random,2028,hybrid_gated,edge_gnn,rdkit,gated,721e3c494613d3aa378fb20e47d69b51245b538e
freesolv,303fffa88a746bce,Cc1ccc(O)cc1,hydration_free_energy,kcal/mol,train,,-6.130000114440918,-6.055207191517997,-8.485866950854609,-3.624547432181386,random,2028,hybrid_gated,edge_gnn,rdkit,gated,721e3c494613d3aa378fb20e47d69b51245b538e
freesolv,c7963a073ba52ba9,Cc1ccc(O)cc1C,hydration_free_energy,kcal/mol,validation,,-6.5,-5.84672475239888,-8.277384511735491,-3.416064993062269,random,2028,hybrid_gated,edge_gnn,rdkit,gated,721e3c494613d3aa378fb20e47d69b51245b538e
freesolv,204d7c1d632d08ff,Cc1ccc2cc(C)ccc2c1,hydration_free_energy,kcal/mol,train,,-2.630000114440918,2.103129595130692,-0.3275301642059194,4.533789354467303,random,2028,hybrid_gated,edge_gnn,rdkit,gated,721e3c494613d3aa378fb20e47d69b51245b538e
freesolv,5777c886aebe8d88,Cc1cccc(C)c1,hydration_free_energy,kcal/mol,calibration,,-0.8299999833106995,-0.7644974351428839,-3.195157194479495,1.6661623241937273,random,2028,hybrid_gated,edge_gnn,rdkit,gated,721e3c494613d3aa378fb20e47d69b51245b538e
freesolv,6c6362cf1ea134cd,Cc1cccc(C)c1C,hydration_free_energy,kcal/mol,validation,,-1.2100000381469727,-0.9476854915523263,-3.3783452508889376,1.482974267784285,random,2028,hybrid_gated,edge_gnn,rdkit,gated,721e3c494613d3aa378fb20e47d69b51245b538e
freesolv,46065e9d43127bda,Cc1cccc(C)c1N,hydration_free_energy,kcal/mol,train,,-5.210000038146973,-1.4920248335382573,-3.9226845928748686,0.938634925798354,random,2028,hybrid_gated,edge_gnn,rdkit,gated,721e3c494613d3aa378fb20e47d69b51245b538e
freesolv,90fe3b9955e6cbdb,Cc1cccc(C)c1O,hydration_free_energy,kcal/mol,train,,-5.260000228881836,2.098399313001084,-0.3322604463355274,4.529059072337695,random,2028,hybrid_gated,edge_gnn,rdkit,gated,721e3c494613d3aa378fb20e47d69b51245b538e
freesolv,5c1b4ae8424cac54,Cc1cccc(C)n1,hydration_free_energy,kcal/mol,test,,-4.590000152587891,-5.07969999212217,-7.510359751458781,-2.6490402327855587,random,2028,hybrid_gated,edge_gnn,rdkit,gated,721e3c494613d3aa378fb20e47d69b51245b538e
freesolv,ece8755eefcca82d,Cc1cccc(Nc2ccccc2C(=O)O)c1C,hydration_free_energy,kcal/mol,test,,-6.78000020980835,-7.9303764510755315,-10.361036210412143,-5.49971669173892,random,2028,hybrid_gated,edge_gnn,rdkit,gated,721e3c494613d3aa378fb20e47d69b51245b538e
freesolv,4d8ccb9d19efe382,Cc1cccc(O)c1,hydration_free_energy,kcal/mol,calibration,,-5.489999771118164,-6.219132898312948,-8.64979265764956,-3.7884731389763364,random,2028,hybrid_gated,edge_gnn,rdkit,gated,721e3c494613d3aa378fb20e47d69b51245b538e
freesolv,05900ca825c16377,Cc1cccc(O)c1C,hydration_free_energy,kcal/mol,train,,-6.159999847412109,-1.8105672889695203,-4.241227048306132,0.6200924703670909,random,2028,hybrid_gated,edge_gnn,rdkit,gated,721e3c494613d3aa378fb20e47d69b51245b538e
freesolv,5e20fb1606241f76,Cc1cccc([N+](=O)[O-])c1,hydration_free_energy,kcal/mol,train,,-3.450000047683716,-11.556569759333088,-13.9872295186697,-9.125909999996477,random,2028,hybrid_gated,edge_gnn,rdkit,gated,721e3c494613d3aa378fb20e47d69b51245b538e
freesolv,3d2a5a9bdd85ae66,Cc1cccc2ccccc12,hydration_free_energy,kcal/mol,train,,-2.440000057220459,-11.687798797450974,-14.118458556787585,-9.257139038114362,random,2028,hybrid_gated,edge_gnn,rdkit,gated,721e3c494613d3aa378fb20e47d69b51245b538e
freesolv,4f125c9e2659a314,Cc1ccccc1,hydration_free_energy,kcal/mol,test,,-0.8999999761581421,-0.8044108548427289,-3.23507061417934,1.6262489044938824,random,2028,hybrid_gated,edge_gnn,rdkit,gated,721e3c494613d3aa378fb20e47d69b51245b538e
freesolv,c00af97cfccb1719,Cc1ccccc1C,hydration_free_energy,kcal/mol,test,,-0.8999999761581421,-0.8974763856029768,-3.328136144939588,1.5331833737336344,random,2028,hybrid_gated,edge_gnn,rdkit,gated,721e3c494613d3aa378fb20e47d69b51245b538e
freesolv,ccb7ce5930753de8,Cc1ccccc1C=O,hydration_free_energy,kcal/mol,train,,-3.930000066757202,-13.97287895677954,-16.403538716116152,-11.542219197442929,random,2028,hybrid_gated,edge_gnn,rdkit,gated,721e3c494613d3aa378fb20e47d69b51245b538e
freesolv,6371bdc9e0fe2c8e,Cc1ccccc1Cl,hydration_free_energy,kcal/mol,train,,-1.1399999856948853,-9.460613700944052,-11.891273460280663,-7.02995394160744,random,2028,hybrid_gated,edge_gnn,rdkit,gated,721e3c494613d3aa378fb20e47d69b51245b538e
freesolv,9fcb7285eb66a730,Cc1ccccc1N,hydration_free_energy,kcal/mol,train,,-5.53000020980835,-2.6514211065040545,-5.082080865840666,-0.22076134716744322,random,2028,hybrid_gated,edge_gnn,rdkit,gated,721e3c494613d3aa378fb20e47d69b51245b538e
freesolv,409664775e84e6ca,Cc1ccccc1O,hydration_free_energy,kcal/mol,train,,-5.900000095367432,-0.4336527673944275,-2.8643125267310388,1.9970069919421838,random,2028,hybrid_gated,edge_gnn,rdkit,gated,721e3c494613d3aa378fb20e47d69b51245b538e
freesolv,131ca815559de33c,Cc1ccccc1[N+](=O)[O-],hydration_free_energy,kcal/mol,train,,-3.5799999237060547,1.8548589294514417,-0.5758008298851696,4.285518688788053,random,2028,hybrid_gated,edge_gnn,rdkit,gated,721e3c494613d3aa378fb20e47d69b51245b538e
freesolv,9e03a65773ba0113,Cc1ccccn1,hydration_free_energy,kcal/mol,train,,-4.630000114440918,-0.4101332068111927,-2.840792966147804,2.0205265525254186,random,2028,hybrid_gated,edge_gnn,rdkit,gated,721e3c494613d3aa378fb20e47d69b51245b538e
freesolv,0de8988b53c23a36,Cc1cccnc1,hydration_free_energy,kcal/mol,train,,-4.769999980926514,-2.4430140409561876,-4.873673800292799,-0.012354281619576302,random,2028,hybrid_gated,edge_gnn,rdkit,gated,721e3c494613d3aa378fb20e47d69b51245b538e
freesolv,995ffa71ceee0953,Cc1cccnc1C,hydration_free_energy,kcal/mol,train,,-4.820000171661377,-7.568124195983947,-9.998783955320558,-5.1374644366473365,random,2028,hybrid_gated,edge_gnn,rdkit,gated,721e3c494613d3aa378fb20e47d69b51245b538e
freesolv,223487757991e398,Cc1cccs1,hydration_free_energy,kcal/mol,train,,-1.3799999952316284,-5.75951151775622,-8.190171277092832,-3.3288517584196087,random,2028,hybrid_gated,edge_gnn,rdkit,gated,721e3c494613d3aa378fb20e47d69b51245b538e
freesolv,eb8e7ab81714406e,Cc1ccnc(C)c1,hydration_free_energy,kcal/mol,calibration,,-4.860000133514404,-5.053275864801824,-7.483935624138436,-2.622616105465213,random,2028,hybrid_gated,edge_gnn,rdkit,gated,721e3c494613d3aa378fb20e47d69b51245b538e
freesolv,f8014d3a408f32f1,Cc1ccncc1,hydration_free_energy,kcal/mol,train,,-4.929999828338623,-9.29085910463911,-11.72151886397572,-6.860199345302497,random,2028,hybrid_gated,edge_gnn,rdkit,gated,721e3c494613d3aa378fb20e47d69b51245b538e
freesolv,0021d8f1e075cf09,Cc1ccncc1C,hydration_free_energy,kcal/mol,train,,-5.21999979019165,-1.981270174991385,-4.411929934327996,0.44938958434522625,random,2028,hybrid_gated,edge_gnn,rdkit,gated,721e3c494613d3aa378fb20e47d69b51245b538e
freesolv,3ce397d40b765988,Cc1cncc(C)c1,hydration_free_energy,kcal/mol,validation,,-4.840000152587891,-5.104878093382181,-7.535537852718793,-2.67421833404557,random,2028,hybrid_gated,edge_gnn,rdkit,gated,721e3c494613d3aa378fb20e47d69b51245b538e
freesolv,c84c66bb702a24a5,Cc1cnccn1,hydration_free_energy,kcal/mol,train,,-5.510000228881836,-5.36679728079444,-7.797457040131052,-2.936137521457829,random,2028,hybrid_gated,edge_gnn,rdkit,gated,721e3c494613d3aa378fb20e47d69b51245b538e
freesolv,98617ccb94c6f2d9,Cc1nc(N(C)C)nc(OC(=O)N(C)C)c1C,hydration_free_energy,kcal/mol,test,,-9.40999984741211,-11.290497187509633,-13.721156946846245,-8.859837428173021,random,2028,hybrid_gated,edge_gnn,rdkit,gated,721e3c494613d3aa378fb20e47d69b51245b538e
freesolv,d00d5844e4fd190b,Cl/C=C/Cl,hydration_free_energy,kcal/mol,train,,-0.7799999713897705,-4.153981653436559,-6.58464141277317,-1.7233218940999477,random,2028,hybrid_gated,edge_gnn,rdkit,gated,721e3c494613d3aa378fb20e47d69b51245b538e
freesolv,2d79f7bb0f919d3e,Cl/C=C\Cl,hydration_free_energy,kcal/mol,train,,-1.1699999570846558,-6.153009661332949,-8.58366942066956,-3.722349901996338,random,2028,hybrid_gated,edge_gnn,rdkit,gated,721e3c494613d3aa378fb20e47d69b51245b538e
freesolv,57eb58d51da68949,ClC(Cl)(Cl)C(Cl)(Cl)Cl,hydration_free_energy,kcal/mol,train,,-0.6399999856948853,-0.369653518999137,-2.8003132783357483,2.0610062403374743,random,2028,hybrid_gated,edge_gnn,rdkit,gated,721e3c494613d3aa378fb20e47d69b51245b538e
freesolv,451a93262591a307,ClC(Cl)(Cl)Cl,hydration_free_energy,kcal/mol,validation,,0.07999999821186066,-0.4282600138479933,-2.8589197731846046,2.002399745488618,random,2028,hybrid_gated,edge_gnn,rdkit,gated,721e3c494613d3aa378fb20e47d69b51245b538e
freesolv,cff56a18f71b6c9d,ClC(Cl)=C(Cl)Cl,hydration_free_energy,kcal/mol,train,,0.10000000149011612,-3.9188126216197166,-6.349472380956328,-1.4881528622831053,random,2028,hybrid_gated,edge_gnn,rdkit,gated,721e3c494613d3aa378fb20e47d69b51245b538e
freesolv,39844b260e442ec8,ClC(Cl)C(Cl)(Cl)Cl,hydration_free_energy,kcal/mol,train,,-1.2300000190734863,-8.513476276282558,-10.94413603561917,-6.082816516945947,random,2028,hybrid_gated,edge_gnn,rdkit,gated,721e3c494613d3aa378fb20e47d69b51245b538e
freesolv,e99f44b2e8cdbde1,ClC(Cl)C(Cl)Cl,hydration_free_energy,kcal/mol,calibration,,-2.369999885559082,-2.024254584555745,-4.454914343892357,0.40640517478086613,random,2028,hybrid_gated,edge_gnn,rdkit,gated,721e3c494613d3aa378fb20e47d69b51245b538e
freesolv,c05e45a87f5e3de3,ClC(Cl)Cl,hydration_free_energy,kcal/mol,train,,-1.0800000429153442,-0.3457276712455184,-2.7763874305821297,2.084932088091093,random,2028,hybrid_gated,edge_gnn,rdkit,gated,721e3c494613d3aa378fb20e47d69b51245b538e
freesolv,8474f5ea098cd11d,ClC1=C(Cl)[C@]2(Cl)[C@@H]3[C@@H](Cl)C=C[C@@H]3[C@@]1(Cl)C2(Cl)Cl,hydration_free_energy,kcal/mol,train,,-2.549999952316284,-3.4376639263694138,-5.8683236857060255,-1.0070041670328025,random,2028,hybrid_gated,edge_gnn,rdkit,gated,721e3c494613d3aa378fb20e47d69b51245b538e
freesolv,800b96b699e00f5e,ClC1=C(Cl)[C@]2(Cl)[C@@H]3[C@@H]([C@H](Cl)C[C@@H]3Cl)[C@@]1(Cl)C2(Cl)Cl,hydration_free_energy,kcal/mol,train,,-3.440000057220459,-3.9319096922673418,-6.362569451603953,-1.5012499329307305,random,2028,hybrid_gated,edge_gnn,rdkit,gated,721e3c494613d3aa378fb20e47d69b51245b538e
freesolv,8d55de7ac9d2f01a,ClC1=C(Cl)[C@]2(Cl)[C@H]3[C@H]4C[C@H]([C@@H]5O[C@H]45)[C@H]3[C@@]1(Cl)C2(Cl)Cl,hydration_free_energy,kcal/mol,calibration,,-4.820000171661377,-3.758638253171082,-6.1892980125076935,-1.3279784938344705,random,2028,hybrid_gated,edge_gnn,rdkit,gated,721e3c494613d3aa378fb20e47d69b51245b538e
freesolv,fabbfc787087f50a,ClC=C(Cl)Cl,hydration_free_energy,kcal/mol,train,,-0.4399999976158142,-0.9611329097255759,-3.391792669062187,1.4695268496110354,random,2028,hybrid_gated,edge_gnn,rdkit,gated,721e3c494613d3aa378fb20e47d69b51245b538e
freesolv,df58138ec50f3742,ClCC(Cl)(Cl)Cl,hydration_free_energy,kcal/mol,train,,-1.4299999475479126,0.479028842448463,-1.9516309168881483,2.9096886017850743,random,2028,hybrid_gated,edge_gnn,rdkit,gated,721e3c494613d3aa378fb20e47d69b51245b538e
freesolv,372630505bbbf500,ClCC(Cl)Cl,hydration_free_energy,kcal/mol,validation,,-1.9900000095367432,-1.914435935463214,-4.345095694799825,0.5162238238733974,random,2028,hybrid_gated,edge_gnn,rdkit,gated,721e3c494613d3aa378fb20e47d69b51245b538e
freesolv,947bdf8b981c551d,ClCCBr,hydration_free_energy,kcal/mol,train,,-1.9500000476837158,-3.0824621065429643,-5.513121865879576,-0.651802347206353,random,2028,hybrid_gated,edge_gnn,rdkit,gated,721e3c494613d3aa378fb20e47d69b51245b538e
freesolv,8ef9c8d30a109454,ClCCCCCl,hydration_free_energy,kcal/mol,train,,-2.319999933242798,-2.6496818237680473,-5.0803415831046586,-0.21902206443143601,random,2028,hybrid_gated,edge_gnn,rdkit,gated,721e3c494613d3aa378fb20e47d69b51245b538e
freesolv,3de4ce097f03cac7,ClCCCCl,hydration_free_energy,kcal/mol,train,,-1.8899999856948853,-10.482944745138319,-12.91360450447493,-8.052284985801707,random,2028,hybrid_gated,edge_gnn,rdkit,gated,721e3c494613d3aa378fb20e47d69b51245b538e
freesolv,c5a6e0db31e85253,ClCCCl,hydration_free_energy,kcal/mol,train,,-1.7899999618530273,-0.4432670851494134,-2.8739268444860246,1.987392674187198,random,2028,hybrid_gated,edge_gnn,rdkit,gated,721e3c494613d3aa378fb20e47d69b51245b538e
freesolv,033cbc65185d3a9b,ClCCOCCCl,hydration_free_energy,kcal/mol,calibration,,-4.230000019073486,-3.675757388328896,-6.106417147665507,-1.2450976289922848,random,2028,hybrid_gated,edge_gnn,rdkit,gated,721e3c494613d3aa378fb20e47d69b51245b538e
freesolv,f161bdf0f763ae6e,ClCCl,hydration_free_energy,kcal/mol,validation,,-1.309999942779541,-1.4567856489535016,-3.887445408290113,0.9738741103831097,random,2028,hybrid_gated,edge_gnn,rdkit,gated,721e3c494613d3aa378fb20e47d69b51245b538e
freesolv,4e8dd2d13fb39aaa,ClCc1ccccc1,hydration_free_energy,kcal/mol,train,,-1.9299999475479126,-3.6527737102159006,-6.083433469552512,-1.2221139508792893,random,2028,hybrid_gated,edge_gnn,rdkit,gated,721e3c494613d3aa378fb20e47d69b51245b538e
freesolv,79ee4896526f4503,Clc1c(Cl)c(Cl)c(-c2c(Cl)c(Cl)c(Cl)c(Cl)c2Cl)c(Cl)c1Cl,hydration_free_energy,kcal/mol,train,,-2.9800000190734863,-7.236810751865011,-9.667470511201623,-4.8061509925284,random,2028,hybrid_gated,edge_gnn,rdkit,gated,721e3c494613d3aa378fb20e47d69b51245b538e
freesolv,ccec5e12da7518ad,Clc1c(Cl)c(Cl)c(Cl)c(Cl)c1Cl,hydration_free_energy,kcal/mol,train,,-2.3299999237060547,-4.33480655512175,-6.7654663144583616,-1.9041467957851386,random,2028,hybrid_gated,edge_gnn,rdkit,gated,721e3c494613d3aa378fb20e47d69b51245b538e
freesolv,a28bd5d295e9e627,Clc1c(Cl)c(Cl)c2c(c1Cl)Oc1c(Cl)c(Cl)c(Cl)c(Cl)c1O2,hydration_free_energy,kcal/mol,validation,,-4.53000020980835,-4.387213466365543,-6.817873225702154,-1.9565537070289314,random,2028,hybrid_gated,edge_gnn,rdkit,gated,721e3c494613d3aa378fb20e47d69b51245b538e
freesolv,ba13b193f5d8afe1,Clc1c(Cl)c(Cl)c2c(c1Cl)Oc1ccccc1O2,hydration_free_energy,kcal/mol,train,,-3.809999942779541,-5.240222614386117,-7.670882373722728,-2.809562855049506,random,2028,hybrid_gated,edge_gnn,rdkit,gated,721e3c494613d3aa378fb20e47d69b51245b538e
freesolv,e13c6cd035a12545,Clc1cc(-c2c(Cl)cc(Cl)c(Cl)c2Cl)c(Cl)c(Cl)c1Cl,hydration_free_energy,kcal/mol,train,,-4.610000133514404,-4.200603911511322,-6.6312636708479324,-1.7699441521747104,random,2028,hybrid_gated,edge_gnn,rdkit,gated,721e3c494613d3aa378fb20e47d69b51245b538e
freesolv,6fbc2c7ce9f24b3a,Clc1cc(-c2cc(Cl)c(Cl)c(Cl)c2Cl)cc(Cl)c1Cl,hydration_free_energy,kcal/mol,validation,,-3.1700000762939453,-4.057441422515643,-6.4881011818522545,-1.6267816631790315,random,2028,hybrid_gated,edge_gnn,rdkit,gated,721e3c494613d3aa378fb20e47d69b51245b538e
freesolv,4e1bfcb593ab9c04,Clc1cc(-c2ccccc2)c(Cl)c(Cl)c1Cl,hydration_free_energy,kcal/mol,train,,-3.4800000190734863,-4.53337076638129,-6.9640305257179005,-2.1027110070446784,random,2028,hybrid_gated,edge_gnn,rdkit,gated,721e3c494613d3aa378fb20e47d69b51245b538e
freesolv,0deab88349fa7629,Clc1cc(Cl)c(-c2c(Cl)cccc2Cl)c(Cl)c1,hydration_free_energy,kcal/mol,calibration,,-1.9600000381469727,-3.2576073089991495,-5.688267068335761,-0.8269475496625383,random,2028,hybrid_gated,edge_gnn,rdkit,gated,721e3c494613d3aa378fb20e47d69b51245b538e
freesolv,04794cb48c3fc005,Clc1cc(Cl)c(-c2ccccc2)c(Cl)c1,hydration_free_energy,kcal/mol,train,,-2.1600000858306885,-3.775506203461273,-6.2061659627978845,-1.344846444124662,random,2028,hybrid_gated,edge_gnn,rdkit,gated,721e3c494613d3aa378fb20e47d69b51245b538e
freesolv,19ca7acd0f10b4d1,Clc1cc(Cl)c(Cl)c(Cl)c1,hydration_free_energy,kcal/mol,train,,-1.6200000047683716,-8.772260588823332,-11.202920348159944,-6.341600829486721,random,2028,hybrid_gated,edge_gnn,rdkit,gated,721e3c494613d3aa378fb20e47d69b51245b538e
freesolv,60f7d335311cdf71,Clc1cc(Cl)c(Cl)cc1Cl,hydration_free_energy,kcal/mol,test,,-1.340000033378601,-1.6718412647562624,-4.102501024092874,0.7588184945803489,random,2028,hybrid_gated,edge_gnn,rdkit,gated,721e3c494613d3aa378fb20e47d69b51245b538e
freesolv,b172d409ecb64ee0,Clc1cc(Cl)c2c(c1Cl)Oc1ccccc1O2,hydration_free_energy,kcal/mol,train,,-4.050000190734863,-2.3685043667921626,-4.799164126128774,0.062155392544448684,random,2028,hybrid_gated,edge_gnn,rdkit,gated,721e3c494613d3aa378fb20e47d69b51245b538e
freesolv,aa9841fac0aef1b2,Clc1cc(Cl)cc(Cl)c1,hydration_free_energy,kcal/mol,train,,-0.7799999713897705,-5.486857179668351,-7.917516939004962,-3.0561974203317397,random,2028,hybrid_gated,edge_gnn,rdkit,gated,721e3c494613d3aa378fb20e47d69b51245b538e
freesolv,43fd33f418137c4f,Clc1cc2c(cc1Cl)Oc1c(Cl)c(Cl)c(Cl)c(Cl)c1O2,hydration_free_energy,kcal/mol,test,,-3.7100000381469727,-4.402167711745233,-6.832827471081844,-1.9715079524086216,random,2028,hybrid_gated,edge_gnn,rdkit,gated,721e3c494613d3aa378fb20e47d69b51245b538e
freesolv,6397b4e582e915d9,Clc1cc2c(cc1Cl)Oc1cc(Cl)c(Cl)cc1O2,hydration_free_energy,kcal/mol,train,,-3.369999885559082,-3.1923437279995097,-5.6230034873361205,-0.7616839686628984,random,2028,hybrid_gated,edge_gnn,rdkit,gated,721e3c494613d3aa378fb20e47d69b51245b538e
freesolv,16993358a556f1c5,Clc1cc2c(cc1Cl)Oc1ccccc1O2,hydration_free_energy,kcal/mol,train,,-3.559999942779541,-3.131454713115873,-5.5621144724524845,-0.7007949537792619,random,2028,hybrid_gated,edge_gnn,rdkit,gated,721e3c494613d3aa378fb20e47d69b51245b538e
freesolv,20936773c94dd64a,Clc1ccc(-c2c(Cl)c(Cl)cc(Cl)c2Cl)cc1Cl,hydration_free_energy,kcal/mol,validation,,-4.380000114440918,-3.5895228827300083,-6.02018264206662,-1.158863123393397,random,2028,hybrid_gated,edge_gnn,rdkit,gated,721e3c494613d3aa378fb20e47d69b51245b538e
freesolv,319dd799287910b3,Clc1ccc(-c2cc(Cl)c(Cl)c(Cl)c2Cl)c(Cl)c1Cl,hydration_free_energy,kcal/mol,train,,-4.400000095367432,-2.9749302185907185,-5.405589977927329,-0.5442704592541072,random,2028,hybrid_gated,edge_gnn,rdkit,gated,721e3c494613d3aa378fb20e47d69b51245b538e
freesolv,a85bed87f9eca383,Clc1ccc(-c2cc(Cl)c(Cl)c(Cl)c2Cl)cc1Cl,hydration_free_energy,kcal/mol,test,,-3.0399999618530273,-3.7504513895277403,-6.1811111488643515,-1.319791630191129,random,2028,hybrid_gated,edge_gnn,rdkit,gated,721e3c494613d3aa378fb20e47d69b51245b538e
freesolv,6db47ce14110b8af,Clc1ccc(Cl)c(-c2cc(Cl)c(Cl)c(Cl)c2)c1,hydration_free_energy,kcal/mol,train,,-3.609999895095825,2.0765091958897695,-0.3541505634468418,4.507168955226381,random,2028,hybrid_gated,edge_gnn,rdkit,gated,721e3c494613d3aa378fb20e47d69b51245b538e
freesolv,24197958a25d4719,Clc1ccc(Cl)c(-c2ccccc2)c1,hydration_free_energy,kcal/mol,train,,-2.4600000381469727,-10.504261937212327,-12.934921696548939,-8.073602177875715,random,2028,hybrid_gated,edge_gnn,rdkit,gated,721e3c494613d3aa378fb20e47d69b51245b538e
freesolv,0ef4c04d56b370af,Clc1ccc(Cl)c(Cl)c1,hydration_free_energy,kcal/mol,train,,-1.1200000047683716,-3.897697123639147,-6.328356882975758,-1.4670373643025356,random,2028,hybrid_gated,edge_gnn,rdkit,gated,721e3c494613d3aa378fb20e47d69b51245b538e
freesolv,23c0e090ee47408a,Clc1ccc(Cl)c(Cl)c1Cl,hydration_free_energy,kcal/mol,calibration,,-1.340000033378601,-1.736011875287899,-4.16667163462451,0.6946478840487122,random,2028,hybrid_gated,edge_gnn,rdkit,gated,721e3c494613d3aa378fb20e47d69b51245b538e
freesolv,7d123d1b480ae7d0,Clc1ccc(Cl)cc1,hydration_free_energy,kcal/mol,train,,-1.0099999904632568,-2.3320788537334174,-4.762738613070029,0.09858090560319388,random,2028,hybrid_gated,edge_gnn,rdkit,gated,721e3c494613d3aa378fb20e47d69b51245b538e
freesolv,885ce1f8c2708f29,Clc1ccc2c(c1)Oc1c(Cl)c(Cl)c(Cl)c(Cl)c1O2,hydration_free_energy,kcal/mol,train,,-4.150000095367432,-1.4033088517400225,-3.833968611076634,1.0273509075965888,random,2028,hybrid_gated,edge_gnn,rdkit,gated,721e3c494613d3aa378fb20e47d69b51245b538e
freesolv,74dd2e07b6c4a121,Clc1ccc2c(c1)Oc1cc(Cl)c(Cl)c(Cl)c1O2,hydration_free_energy,kcal/mol,train,,-3.8399999141693115,-0.7353733878472535,-3.1660331471838647,1.6952863714893578,random,2028,hybrid_gated,edge_gnn,rdkit,gated,721e3c494613d3aa378fb20e47d69b51245b538e
freesolv,cd4e7053a74ca64b,Clc1ccc2c(c1)Oc1ccc(Cl)cc1O2,hydration_free_energy,kcal/mol,train,,-3.6700000762939453,-3.722188219543485,-6.1528479788800965,-1.291528460206874,random,2028,hybrid_gated,edge_gnn,rdkit,gated,721e3c494613d3aa378fb20e47d69b51245b538e
freesolv,2bd39b933f024feb,Clc1ccc2c(c1)Oc1ccccc1O2,hydration_free_energy,kcal/mol,train,,-3.0999999046325684,-2.3262778803609265,-4.756937639697538,0.10438187897568474,random,2028,hybrid_gated,edge_gnn,rdkit,gated,721e3c494613d3aa378fb20e47d69b51245b538e
freesolv,566718c24572a00b,Clc1cccc(Cl)c1,hydration_free_energy,kcal/mol,test,,-0.9800000190734863,-1.295014423754989,-3.7256741830916003,1.1356453355816223,random,2028,hybrid_gated,edge_gnn,rdkit,gated,721e3c494613d3aa378fb20e47d69b51245b538e
freesolv,f2cab0904fd16aa2,Clc1cccc(Cl)c1-c1c(Cl)cccc1Cl,hydration_free_energy,kcal/mol,calibration,,-2.2799999713897705,-2.9509380700105377,-5.3815978293471485,-0.5202783106739264,random,2028,hybrid_gated,edge_gnn,rdkit,gated,721e3c494613d3aa378fb20e47d69b51245b538e
freesolv,1ad603575e0ebfa7,Clc1cccc(Cl)c1Cl,hydration_free_energy,kcal/mol,train,,-1.2400000095367432,-4.167980415325433,-6.5986401746620444,-1.7373206559888215,random,2028,hybrid_gated,edge_gnn,rdkit,gated,721e3c494613d3aa378fb20e47d69b51245b538e
freesolv,785e578bba1163db,Clc1cccc2c1Oc1ccccc1O2,hydration_free_energy,kcal/mol,train,,-3.5199999809265137,-3.947528932253208,-6.37818869158982,-1.5168691729165968,random,2028,hybrid_gated,edge_gnn,rdkit,gated,721e3c494613d3aa378fb20e47d69b51245b538e
freesolv,69ec888ea256144d,Clc1ccccc1,hydration_free_energy,kcal/mol,calibration,,-1.1200000047683716,-1.373196143697855,-3.8038559030344663,1.0574636156387562,random,2028,hybrid_gated,edge_gnn,rdkit,gated,721e3c494613d3aa378fb20e47d69b51245b538e
freesolv,2ec9810d47af9e60,Clc1ccccc1-c1ccccc1,hydration_free_energy,kcal/mol,train,,-2.690000057220459,-3.829505193500641,-6.260164952837252,-1.3988454341640297,random,2028,hybrid_gated,edge_gnn,rdkit,gated,721e3c494613d3aa378fb20e47d69b51245b538e
freesolv,39661093e01fca7b,Clc1ccccc1Cl,hydration_free_energy,kcal/mol,train,,-1.3600000143051147,-5.240687525445251,-7.671347284781863,-2.81002776610864,random,2028,hybrid_gated,edge_gnn,rdkit,gated,721e3c494613d3aa378fb20e47d69b51245b538e
freesolv,4379d39c87f9b6f0,Clc1ccccn1,hydration_free_energy,kcal/mol,train,,-4.389999866485596,-5.038518642931029,-7.469178402267641,-2.607858883594418,random,2028,hybrid_gated,edge_gnn,rdkit,gated,721e3c494613d3aa378fb20e47d69b51245b538e
freesolv,78ea6fc26ce7e63c,Clc1cccnc1,hydration_free_energy,kcal/mol,train,,-4.010000228881836,-8.66162764747388,-11.092287406810492,-6.230967888137268,random,2028,hybrid_gated,edge_gnn,rdkit,gated,721e3c494613d3aa378fb20e47d69b51245b538e
freesolv,7baedb0930499b12,Cn1c(=O)c2c(ncn2C)n(C)c1=O,hydration_free_energy,kcal/mol,train,,-12.640000343322754,-4.800763771508493,-7.231423530845104,-2.370104012171882,random,2028,hybrid_gated,edge_gnn,rdkit,gated,721e3c494613d3aa378fb20e47d69b51245b538e
freesolv,6432ca91307da26e,Cn1cccc1,hydration_free_energy,kcal/mol,train,,-2.890000104904175,-3.657655920555365,-6.088315679891976,-1.2269961612187537,random,2028,hybrid_gated,edge_gnn,rdkit,gated,721e3c494613d3aa378fb20e47d69b51245b538e
freesolv,a9d61a9eba10cf50,Cn1ccnc1,hydration_free_energy,kcal/mol,train,,-8.40999984741211,-3.6401013272312137,-6.070761086567825,-1.2094415678946024,random,2028,hybrid_gated,edge_gnn,rdkit,gated,721e3c494613d3aa378fb20e47d69b51245b538e
freesolv,908ab04466374d9d,FC(F)(Cl)C(F)(Cl)Cl,hydration_free_energy,kcal/mol,train,,1.7699999809265137,-1.695015738932094,-4.125675498268706,0.7356440204045174,random,2028,hybrid_gated,edge_gnn,rdkit,gated,721e3c494613d3aa378fb20e47d69b51245b538e
freesolv,f39816aba1ecf31f,FC(F)(F)Br,hydration_free_energy,kcal/mol,train,,1.7899999618530273,-5.110979702081595,-7.541639461418207,-2.6803199427449838,random,2028,hybrid_gated,edge_gnn,rdkit,gated,721e3c494613d3aa378fb20e47d69b51245b538e
freesolv,d47c13a6f52d42a9,FC(F)(F)CCl,hydration_free_energy,kcal/mol,train,,0.05999999865889549,-9.251549747206859,-11.68220950654347,-6.820889987870247,random,2028,hybrid_gated,edge_gnn,rdkit,gated,721e3c494613d3aa378fb20e47d69b51245b538e
freesolv,4f805e6dc0bb19f3,FC(F)(F)F,hydration_free_energy,kcal/mol,train,,3.119999885559082,-5.9497548410699785,-8.38041460040659,-3.5190950817333673,random,2028,hybrid_gated,edge_gnn,rdkit,gated,721e3c494613d3aa378fb20e47d69b51245b538e
freesolv,e087d5496692127a,FC(F)(F)[C@H](Cl)Br,hydration_free_energy,kcal/mol,validation,,-0.10999999940395355,-1.027186571101344,-3.457846330437955,1.4034731882352673,random,2028,hybrid_gated,edge_gnn,rdkit,gated,721e3c494613d3aa378fb20e47d69b51245b538e
freesolv,e66e31556faf8723,FC(F)(F)c1cccc(C(F)(F)F)c1,hydration_free_energy,kcal/mol,train,,1.0700000524520874,-6.175516939822532,-8.606176699159143,-3.7448571804859205,random,2028,hybrid_gated,edge_gnn,rdkit,gated,721e3c494613d3aa378fb20e47d69b51245b538e
freesolv,dcb976b5c332cdf8,FC(F)(F)c1ccccc1,hydration_free_energy,kcal/mol,validation,,-0.25,-0.0978886319999206,-2.528548391336532,2.3327711273366907,random,2028,hybrid_gated,edge_gnn,rdkit,gated,721e3c494613d3aa378fb20e47d69b51245b538e
freesolv,e0c64c9ec3b5247b,FC(F)(F)c1ccccc1C(F)(F)F,hydration_free_energy,kcal/mol,train,,1.0700000524520874,-4.781265852641407,-7.2119256119780175,-2.3506060933047954,random,2028,hybrid_gated,edge_gnn,rdkit,gated,721e3c494613d3aa378fb20e47d69b51245b538e
freesolv,8c9c04ac1860cd6f,FC(F)=C(F)C(F)(F)F,hydration_free_energy,kcal/mol,calibration,,2.930000066757202,2.2665566767619905,-0.1641030825746208,4.697216436098602,random,2028,hybrid_gated,edge_gnn,rdkit,gated,721e3c494613d3aa378fb20e47d69b51245b538e
freesolv,23594d220c24abf8,FC(F)Cl,hydration_free_energy,kcal/mol,train,,-0.5,-3.29165087762571,-5.722310636962321,-0.8609911182890988,random,2028,hybrid_gated,edge_gnn,rdkit,gated,721e3c494613d3aa378fb20e47d69b51245b538e
freesolv,d7ca7e6b994e166f,FC(F)O[C@H](Cl)C(F)(F)F,hydration_free_energy,kcal/mol,train,,0.10000000149011612,1.5600396076676435,-0.8706201516689678,3.9906993670042548,random,2028,hybrid_gated,edge_gnn,rdkit,gated,721e3c494613d3aa378fb20e47d69b51245b538e
freesolv,2c8bdbcd792f5b63,FC(F)[C@@H](F)Oc1ccccc1,hydration_free_energy,kcal/mol,validation,,-1.2899999618530273,-1.6495139379837953,-4.080173697320406,0.781145821352816,random,2028,hybrid_gated,edge_gnn,rdkit,gated,721e3c494613d3aa378fb20e47d69b51245b538e
freesolv,96ea3ef9f2b367bd,FC1(F)C(F)(F)C(F)(F)C1(F)F,hydration_free_energy,kcal/mol,train,,3.430000066757202,-2.695124141869519,-5.12578390120613,-0.2644643825329078,random,2028,hybrid_gated,edge_gnn,rdkit,gated,721e3c494613d3aa378fb20e47d69b51245b538e
freesolv,8fdbbf5493dc7312,FCCl,hydration_free_energy,kcal/mol,validation,,-0.7699999809265137,-1.6717534362928972,-4.1024131956295085,0.7589063230437141,random,2028,hybrid_gated,edge_gnn,rdkit,gated,721e3c494613d3aa378fb20e47d69b51245b538e
freesolv,364f4509284cca15,F[C@H](Br)C(F)(F)F,hydration_free_energy,kcal/mol,train,,0.5,2.389695188753348,-0.04096457058326308,4.8203549480899595,random,2028,hybrid_gated,edge_gnn,rdkit,gated,721e3c494613d3aa378fb20e47d69b51245b538e
freesolv,7609d49f5493dda8,Fc1ccccc1,hydration_free_energy,kcal/mol,calibration,,-0.800000011920929,-1.4812796974750042,-3.9119394568116155,0.9493800618616071,random,2028,hybrid_gated,edge_gnn,rdkit,gated,721e3c494613d3aa378fb20e47d69b51245b538e
freesolv,2831ad6342d46d4c,ICI,hydration_free_energy,kcal/mol,test,,-2.490000009536743,-1.1986872144371499,-3.629346973773761,1.2319725448994614,random,2028,hybrid_gated,edge_gnn,rdkit,gated,721e3c494613d3aa378fb20e47d69b51245b538e
freesolv,768ab540d7f6bbaf,Ic1ccccc1,hydration_free_energy,kcal/mol,train,,-1.7400000095367432,-3.6782568892266387,-6.10891664856325,-1.2475971298900275,random,2028,hybrid_gated,edge_gnn,rdkit,gated,721e3c494613d3aa378fb20e47d69b51245b538e
freesolv,690a85bfd005509d,N,hydration_free_energy,kcal/mol,train,,-4.289999961853027,-3.1651534100745495,-5.59581316941116,-0.7344936507379383,random,2028,hybrid_gated,edge_gnn,rdkit,gated,721e3c494613d3aa378fb20e47d69b51245b538e
freesolv,ed84655a813c2ca5,N#Cc1c(Cl)cccc1Cl,hydration_free_energy,kcal/mol,train,,-4.710000038146973,-4.729792575142348,-7.1604523344789595,-2.2991328158057365,random,2028,hybrid_gated,edge_gnn,rdkit,gated,721e3c494613d3aa378fb20e47d69b51245b538e
freesolv,51d65559d6656ecd,N#Cc1ccc(O)cc1,hydration_free_energy,kcal/mol,train,,-10.170000076293945,-3.215156043976159,-5.64581580331277,-0.7844962846395478,random,2028,hybrid_gated,edge_gnn,rdkit,gated,721e3c494613d3aa378fb20e47d69b51245b538e
freesolv,93f80fc3639971e8,N#Cc1cccc(O)c1,hydration_free_energy,kcal/mol,train,,-9.649999618530273,-0.24716008452354776,-2.677819843860159,2.1834996748130635,random,2028,hybrid_gated,edge_gnn,rdkit,gated,721e3c494613d3aa378fb20e47d69b51245b538e
freesolv,9cb88318f4e0cbfd,N#Cc1ccccc1,hydration_free_energy,kcal/mol,calibration,,-4.099999904632568,-4.107730465251025,-6.538390224587637,-1.677070705914414,random,2028,hybrid_gated,edge_gnn,rdkit,gated,721e3c494613d3aa378fb20e47d69b51245b538e
freesolv,ba3caebef2925f4d,N#Cc1cccnc1,hydration_free_energy,kcal/mol,validation,,-6.75,-6.505046328015702,-8.935706087352314,-4.07438656867909,random,2028,hybrid_gated,edge_gnn,rdkit,gated,721e3c494613d3aa378fb20e47d69b51245b538e
freesolv,65eaf74ac87f48c4,N#Cc1ccncc1,hydration_free_energy,kcal/mol,train,,-6.019999980926514,-0.3126616505953743,-2.7433214099319856,2.117998108741237,random,2028,hybrid_gated,edge_gnn,rdkit,gated,721e3c494613d3aa378fb20e47d69b51245b538e
freesolv,8c4e0b39823a21e5,NC(=O)c1ccccc1,hydration_free_energy,kcal/mol,train,,-11.0,-0.8068363377124372,-3.2374960970490485,1.623823421624174,random,2028,hybrid_gated,edge_gnn,rdkit,gated,721e3c494613d3aa378fb20e47d69b51245b538e
freesolv,08f91f035163f756,NC1CCCCC1,hydration_free_energy,kcal/mol,calibration,,-4.590000152587891,-4.341377047561403,-6.772036806898015,-1.910717288224792,random,2028,hybrid_gated,edge_gnn,rdkit,gated,721e3c494613d3aa378fb20e47d69b51245b538e
freesolv,24598c90512c15fe,NN,hydration_free_energy,kcal/mol,calibration,,-9.300000190734863,-5.103486366558048,-7.53414612589466,-2.672826607221437,random,2028,hybrid_gated,edge_gnn,rdkit,gated,721e3c494613d3aa378fb20e47d69b51245b538e
freesolv,79ea9304963003ea,Nc1ccc(Cl)cc1,hydration_free_energy,kcal/mol,train,,-5.900000095367432,-0.7334836800780256,-3.164143439414637,1.6971760792585857,random,2028,hybrid_gated,edge_gnn,rdkit,gated,721e3c494613d3aa378fb20e47d69b51245b538e
freesolv,cec2f5b1aa5dde8d,Nc1ccc(N)c2c1C(=O)c1ccccc1C2=O,hydration_free_energy,kcal/mol,train,,-11.850000381469727,-4.83043003609018,-7.261089795426791,-2.399770276753569,random,2028,hybrid_gated,edge_gnn,rdkit,gated,721e3c494613d3aa378fb20e47d69b51245b538e
freesolv,6021efa297cbff65,Nc1ccc(O)c2c1C(=O)c1ccccc1C2=O,hydration_free_energy,kcal/mol,train,,-9.529999732971191,-5.29292248401902,-7.723582243355631,-2.862262724682409,random,2028,hybrid_gated,edge_gnn,rdkit,gated,721e3c494613d3aa378fb20e47d69b51245b538e
freesolv,60b8f7cdcc4cc001,Nc1ccc([N+](=O)[O-])cc1,hydration_free_energy,kcal/mol,train,,-9.819999694824219,-11.606910715347245,-14.037570474683857,-9.176250956010634,random,2028,hybrid_gated,edge_gnn,rdkit,gated,721e3c494613d3aa378fb20e47d69b51245b538e
freesolv,6dbfb544dc921040,Nc1ccc2c(c1)C(=O)c1ccccc1C2=O,hydration_free_energy,kcal/mol,train,,-11.529999732971191,-1.6156606822561526,-4.046320441592764,0.8149990770804587,random,2028,hybrid_gated,edge_gnn,rdkit,gated,721e3c494613d3aa378fb20e47d69b51245b538e
freesolv,151a28867ddf1a05,Nc1ccc2ccccc2c1,hydration_free_energy,kcal/mol,train,,-7.46999979019165,-17.581050895104237,-20.011710654440847,-15.150391135767626,random,2028,hybrid_gated,edge_gnn,rdkit,gated,721e3c494613d3aa378fb20e47d69b51245b538e
freesolv,085acb392fb3c214,Nc1cccc(Cl)c1,hydration_free_energy,kcal/mol,calibration,,-5.820000171661377,-5.378860488026731,-7.809520247363341,-2.9482007286901193,random,2028,hybrid_gated,edge_gnn,rdkit,gated,721e3c494613d3aa378fb20e47d69b51245b538e
freesolv,e1aa0c9f03e27245,Nc1cccc([N+](=O)[O-])c1,hydration_free_energy,kcal/mol,test,,-8.84000015258789,-10.463926983836233,-12.894586743172844,-8.033267224499621,random,2028,hybrid_gated,edge_gnn,rdkit,gated,721e3c494613d3aa378fb20e47d69b51245b538e
freesolv,77fa39daade7a2ed,Nc1cccc2c1C(=O)c1ccccc1C2=O,hydration_free_energy,kcal/mol,train,,-9.4399995803833,-3.3619959740810996,-5.7926557334177105,-0.9313362147444884,random,2028,hybrid_gated,edge_gnn,rdkit,gated,721e3c494613d3aa378fb20e47d69b51245b538e
freesolv,c7df2333181b5728,Nc1cccc2ccccc12,hydration_free_energy,kcal/mol,train,,-7.28000020980835,-7.76803852828577,-10.198698287622381,-5.337378768949158,random,2028,hybrid_gated,edge_gnn,rdkit,gated,721e3c494613d3aa378fb20e47d69b51245b538e
freesolv,8df927d11f3ed1df,Nc1ccccc1,hydration_free_energy,kcal/mol,train,,-5.489999771118164,-2.0195072306343578,-4.450166989970969,0.4111525287022535,random,2028,hybrid_gated,edge_gnn,rdkit,gated,721e3c494613d3aa378fb20e47d69b51245b538e
freesolv,47d345a94a412d55,Nc1ccccc1Cl,hydration_free_energy,kcal/mol,train,,-4.909999847412109,-5.072398526359056,-7.503058285695667,-2.6417387670224444,random,2028,hybrid_gated,edge_gnn,rdkit,gated,721e3c494613d3aa378fb20e47d69b51245b538e
freesolv,793b8d33b3567aa6,Nc1ccccc1[N+](=O)[O-],hydration_free_energy,kcal/mol,train,,-7.369999885559082,-10.498276717332336,-12.928936476668948,-8.067616957995725,random,2028,hybrid_gated,edge_gnn,rdkit,gated,721e3c494613d3aa378fb20e47d69b51245b538e
freesolv,e735fff07d370f67,Nc1cnn(-c2ccccc2)c(=O)c1Cl,hydration_free_energy,kcal/mol,train,,-16.43000030517578,-2.2158296149980115,-4.646489374334623,0.21483014433859982,random,2028,hybrid_gated,edge_gnn,rdkit,gated,721e3c494613d3aa378fb20e47d69b51245b538e
freesolv,3085b87749974b25,O=C(O)c1cc(-c2ccc(F)cc2F)ccc1O,hydration_free_energy,kcal/mol,train,,-9.399999618530273,-0.2808436960309981,-2.7115034553676094,2.149816063305613,random,2028,hybrid_gated,edge_gnn,rdkit,gated,721e3c494613d3aa378fb20e47d69b51245b538e
freesolv,ac7b3ba276fd0c1f,O=C1C=CC(=O)C=C1,hydration_free_energy,kcal/mol,train,,-6.5,-7.3124931185435535,-9.743152877880165,-4.881833359206942,random,2028,hybrid_gated,edge_gnn,rdkit,gated,721e3c494613d3aa378fb20e47d69b51245b538e
freesolv,efaecaee941d65ec,O=C1CCCC1,hydration_free_energy,kcal/mol,train,,-4.699999809265137,-1.1698397516422885,-3.6004995109788998,1.2608200076943228,random,2028,hybrid_gated,edge_gnn,rdkit,gated,721e3c494613d3aa378fb20e47d69b51245b538e
freesolv,a257b754cb4a6804,O=C1CCCCC1,hydration_free_energy,kcal/mol,train,,-4.909999847412109,-5.456081570730319,-7.886741330066931,-3.025421811393708,random,2028,hybrid_gated,edge_gnn,rdkit,gated,721e3c494613d3aa378fb20e47d69b51245b538e
freesolv,5d150ad954af7bcd,O=C1NC(=O)c2ccccc21,hydration_free_energy,kcal/mol,train,,-9.609999656677246,-2.195099842878859,-4.625759602215471,0.2355599164577522,random,2028,hybrid_gated,edge_gnn,rdkit,gated,721e3c494613d3aa378fb20e47d69b51245b538e
freesolv,bcdd6b15f2dd6f08,O=C1[C@@H]2CC=CC[C@H]2C(=O)N1SC(Cl)(Cl)Cl,hydration_free_energy,kcal/mol,train,,-9.010000228881836,-0.18952356808305515,-2.6201833274196664,2.241136191253556,random,2028,hybrid_gated,edge_gnn,rdkit,gated,721e3c494613d3aa378fb20e47d69b51245b538e
freesolv,a06e4a64d1733212,O=C1c2ccccc2C(=O)c2c(NCCO)cccc21,hydration_free_energy,kcal/mol,validation,,-14.210000038146973,-10.477462445212366,-12.908122204548977,-8.046802685875754,random,2028,hybrid_gated,edge_gnn,rdkit,gated,721e3c494613d3aa378fb20e47d69b51245b538e
freesolv,373fcfa90050910c,O=COc1ccccc1,hydration_free_energy,kcal/mol,validation,,-3.819999933242798,-3.5708773723845066,-6.001537131721118,-1.1402176130478954,random,2028,hybrid_gated,edge_gnn,rdkit,gated,721e3c494613d3aa378fb20e47d69b51245b538e
freesolv,0834789a38b4d862,O=Cc1ccc(O)cc1,hydration_free_energy,kcal/mol,train,,-8.829999923706055,-4.367278552576822,-6.797938311913434,-1.936618793240211,random,2028,hybrid_gated,edge_gnn,rdkit,gated,721e3c494613d3aa378fb20e47d69b51245b538e
freesolv,cdcde67484b661eb,O=Cc1cccc(O)c1,hydration_free_energy,kcal/mol,train,,-9.520000457763672,-6.506410353441853,-8.937070112778464,-4.0757505941052425,random,2028,hybrid_gated,edge_gnn,rdkit,gated,721e3c494613d3aa378fb20e47d69b51245b538e
freesolv,958acf4ebef097af,O=Cc1ccccc1,hydration_free_energy,kcal/mol,calibration,,-4.019999980926514,-3.9293819397016003,-6.360041699038211,-1.498722180364989,random,2028,hybrid_gated,edge_gnn,rdkit,gated,721e3c494613d3aa378fb20e47d69b51245b538e
freesolv,936d7c3754abed80,O=Cc1ccccc1O,hydration_free_energy,kcal/mol,train,,-4.679999828338623,-19.66244546669426,-22.09310522603087,-17.23178570735765,random,2028,hybrid_gated,edge_gnn,rdkit,gated,721e3c494613d3aa378fb20e47d69b51245b538e
freesolv,edd708f27f82cb10,O=Cc1cccnc1,hydration_free_energy,kcal/mol,calibration,,-7.099999904632568,-6.687269559765241,-9.117929319101853,-4.256609800428629,random,2028,hybrid_gated,edge_gnn,rdkit,gated,721e3c494613d3aa378fb20e47d69b51245b538e
freesolv,ea971b24f0d35a80,O=Cc1ccncc1,hydration_free_energy,kcal/mol,train,,-7.0,-5.362092874776899,-7.79275263411351,-2.931433115440288,random,2028,hybrid_gated,edge_gnn,rdkit,gated,721e3c494613d3aa378fb20e47d69b51245b538e
freesolv,7ad65a67ffa70f4b,O=S1OC[C@@H]2[C@H](CO1)[C@]1(Cl)C(Cl)=C(Cl)[C@@]2(Cl)C1(Cl)Cl,hydration_free_energy,kcal/mol,train,,-4.230000019073486,-2.6915970452661586,-5.12225680460277,-0.26093728592954735,random,2028,hybrid_gated,edge_gnn,rdkit,gated,721e3c494613d3aa378fb20e47d69b51245b538e
freesolv,92bc713f6762c1df,O=[N+]([O-])C(Cl)(Cl)Cl,hydration_free_energy,kcal/mol,validation,,-1.4500000476837158,-2.990752065312979,-5.42141182464959,-0.5600923059763678,random,2028,hybrid_gated,edge_gnn,rdkit,gated,721e3c494613d3aa378fb20e47d69b51245b538e
freesolv,18b4905fa7a9467f,O=[N+]([O-])OCCCO[N+](=O)[O-],hydration_free_energy,kcal/mol,train,,-4.800000190734863,-6.543464301703626,-8.974124061040238,-4.112804542367014,random,2028,hybrid_gated,edge_gnn,rdkit,gated,721e3c494613d3aa378fb20e47d69b51245b538e
freesolv,8c7197a6424e71e3,O=[N+]([O-])OCCO,hydration_free_energy,kcal/mol,validation,,-8.180000305175781,-8.52412134372985,-10.954781103066463,-6.093461584393239,random,2028,hybrid_gated,edge_gnn,rdkit,gated,721e3c494613d3aa378fb20e47d69b51245b538e
freesolv,3f211c1bf953b801,O=[N+]([O-])OCCO[N+](=O)[O-],hydration_free_energy,kcal/mol,train,,-5.730000019073486,-3.118607008734955,-5.549266768071567,-0.6879472493983436,random,2028,hybrid_gated,edge_gnn,rdkit,gated,721e3c494613d3aa378fb20e47d69b51245b538e
freesolv,c7b90e22bebd2485,O=[N+]([O-])c1c(Cl)c(Cl)c(Cl)c(Cl)c1Cl,hydration_free_energy,kcal/mol,train,,-5.21999979019165,2.3977023959464137,-0.032957363390197614,4.828362155283025,random,2028,hybrid_gated,edge_gnn,rdkit,gated,721e3c494613d3aa378fb20e47d69b51245b538e
freesolv,819d0d9fd216fcd8,O=[N+]([O-])c1ccc(O)cc1,hydration_free_energy,kcal/mol,train,,-10.640000343322754,-6.35637313979265,-8.787032899129262,-3.9257133804560387,random,2028,hybrid_gated,edge_gnn,rdkit,gated,721e3c494613d3aa378fb20e47d69b51245b538e
freesolv,f49e79a6c87b1ffc,O=[N+]([O-])c1cccc(O)c1,hydration_free_energy,kcal/mol,train,,-9.619999885559082,2.3297102809305517,-0.10094947840605961,4.760370040267163,random,2028,hybrid_gated,edge_gnn,rdkit,gated,721e3c494613d3aa378fb20e47d69b51245b538e
freesolv,2f207849e668e96f,O=[N+]([O-])c1ccccc1,hydration_free_energy,kcal/mol,calibration,,-4.119999885559082,-4.584985557223522,-7.015645316560134,-2.154325797886911,random,2028,hybrid_gated,edge_gnn,rdkit,gated,721e3c494613d3aa378fb20e47d69b51245b538e
freesolv,2e397c61ab395a28,O=[N+]([O-])c1ccccc1O,hydration_free_energy,kcal/mol,test,,-4.579999923706055,-6.970869600627324,-9.401529359963936,-4.540209841290713,random,2028,hybrid_gated,edge_gnn,rdkit,gated,721e3c494613d3aa378fb20e47d69b51245b538e
freesolv,573bd8a61399ae31,O=c1[nH]c(=O)[nH]c(=O)[nH]1,hydration_free_energy,kcal/mol,train,,-18.059999465942383,-1.9764608687186997,-4.407120628055311,0.4541988906179115,random,2028,hybrid_gated,edge_gnn,rdkit,gated,721e3c494613d3aa378fb20e47d69b51245b538e
freesolv,cddfd0f06e81b8b1,O=c1[nH]cc(Br)c(=O)[nH]1,hydration_free_energy,kcal/mol,test,,-18.170000076293945,-19.31044960052016,-21.741109359856768,-16.87978984118355,random,2028,hybrid_gated,edge_gnn,rdkit,gated,721e3c494613d3aa378fb20e47d69b51245b538e
freesolv,2072aaa51fe60a41,O=c1[nH]cc(C(F)(F)F)c(=O)[nH]1,hydration_free_energy,kcal/mol,test,,-15.460000038146973,-13.794859895337494,-16.225519654674105,-11.364200136000882,random,2028,hybrid_gated,edge_gnn,rdkit,gated,721e3c494613d3aa378fb20e47d69b51245b538e
freesolv,b20d78724d54723c,O=c1[nH]cc(Cl)c(=O)[nH]1,hydration_free_energy,kcal/mol,train,,-17.739999771118164,-2.3207415734458863,-4.751401332782498,0.109918185890725,random,2028,hybrid_gated,edge_gnn,rdkit,gated,721e3c494613d3aa378fb20e47d69b51245b538e
freesolv,fa4b084349774829,O=c1[nH]cc(F)c(=O)[nH]1,hydration_free_energy,kcal/mol,train,,-16.920000076293945,-5.337185667420398,-7.76784542675701,-2.9065259080837866,random,2028,hybrid_gated,edge_gnn,rdkit,gated,721e3c494613d3aa378fb20e47d69b51245b538e
freesolv,f6ac8e5a51fd9b52,O=c1[nH]cc(I)c(=O)[nH]1,hydration_free_energy,kcal/mol,train,,-18.719999313354492,-3.834151109841632,-6.264810869178243,-1.4034913505050208,random,2028,hybrid_gated,edge_gnn,rdkit,gated,721e3c494613d3aa378fb20e47d69b51245b538e
freesolv,05f89cf62c049133,O=c1cc(Cl)[nH]c(=O)[nH]1,hydration_free_energy,kcal/mol,train,,-15.829999923706055,-3.304389118536701,-5.735048877873313,-0.8737293592000897,random,2028,hybrid_gated,edge_gnn,rdkit,gated,721e3c494613d3aa378fb20e47d69b51245b538e
freesolv,79191f708aac72af,OC1CCCC1,hydration_free_energy,kcal/mol,train,,-5.489999771118164,-2.0670585055541917,-4.497718264890803,0.3636012537824196,random,2028,hybrid_gated,edge_gnn,rdkit,gated,721e3c494613d3aa378fb20e47d69b51245b538e
freesolv,13bf59087e3f76ff,OC1CCCCC1,hydration_free_energy,kcal/mol,train,,-5.460000038146973,-2.3687337085987004,-4.799393467935312,0.06192605073791091,random,2028,hybrid_gated,edge_gnn,rdkit,gated,721e3c494613d3aa378fb20e47d69b51245b538e
freesolv,3a6088586348cf7f,OC1CCCCCC1,hydration_free_energy,kcal/mol,train,,-5.480000019073486,-6.085326341745741,-8.515986101082353,-3.65466658240913,random,2028,hybrid_gated,edge_gnn,rdkit,gated,721e3c494613d3aa378fb20e47d69b51245b538e
freesolv,687a2dc922ea1a36,OCC(F)(F)F,hydration_free_energy,kcal/mol,train,,-4.309999942779541,-0.26051430574545087,-2.691174065082062,2.1701454535911604,random,2028,hybrid_gated,edge_gnn,rdkit,gated,721e3c494613d3aa378fb20e47d69b51245b538e
freesolv,7817e0695a0a58ee,OCC(O)CO,hydration_free_energy,kcal/mol,train,,-13.430000305175781,-5.284707086862062,-7.715366846198673,-2.8540473275254503,random,2028,hybrid_gated,edge_gnn,rdkit,gated,721e3c494613d3aa378fb20e47d69b51245b538e
freesolv,da60db9636ea1107,OCCCc1ccccc1,hydration_free_energy,kcal/mol,train,,-6.920000076293945,-2.7036364164118143,-5.134296175748426,-0.272976657075203,random,2028,hybrid_gated,edge_gnn,rdkit,gated,721e3c494613d3aa378fb20e47d69b51245b538e
freesolv,5c3c2680787458c1,OCCO,hydration_free_energy,kcal/mol,train,,-9.300000190734863,-0.053365399040755435,-2.4840251583773667,2.377294360295856,random,2028,hybrid_gated,edge_gnn,rdkit,gated,721e3c494613d3aa378fb20e47d69b51245b538e
freesolv,cc6267fd5c207d0f,OCCc1ccccc1,hydration_free_energy,kcal/mol,test,,-6.789999961853027,-6.9274400360396005,-9.358099795376212,-4.496780276702989,random,2028,hybrid_gated,edge_gnn,rdkit,gated,721e3c494613d3aa378fb20e47d69b51245b538e
freesolv,3fc407fd83f57079,OC[C@@H](O)[C@@H](O)[C@H](O)[C@H](O)CO,hydration_free_energy,kcal/mol,test,,-23.6200008392334,-15.279043248953775,-17.709703008290386,-12.848383489617163,random,2028,hybrid_gated,edge_gnn,rdkit,gated,721e3c494613d3aa378fb20e47d69b51245b538e
freesolv,70fe802de633ac06,OC[C@H]1O[C@@H](O)[C@H](O)[C@@H](O)[C@@H]1O,hydration_free_energy,kcal/mol,validation,,-25.469999313354492,-14.764864931401839,-17.19552469073845,-12.334205172065227,random,2028,hybrid_gated,edge_gnn,rdkit,gated,721e3c494613d3aa378fb20e47d69b51245b538e
freesolv,9aba038d3f4200a5,OCc1ccccc1,hydration_free_energy,kcal/mol,train,,-6.619999885559082,-4.662098196469898,-7.09275795580651,-2.231438437133287,random,2028,hybrid_gated,edge_gnn,rdkit,gated,721e3c494613d3aa378fb20e47d69b51245b538e
freesolv,a567f2cbddf29886,O[C@@H]1[C@@H](O)[C@@H](O)OC[C@H]1O,hydration_free_energy,kcal/mol,calibration,,-20.520000457763672,-14.370090376122802,-16.800750135459413,-11.93943061678619,random,2028,hybrid_gated,edge_gnn,rdkit,gated,721e3c494613d3aa378fb20e47d69b51245b538e
freesolv,67dc214c51fbc83b,Oc1ccc(Br)cc1,hydration_free_energy,kcal/mol,validation,,-5.849999904632568,-6.330034264061439,-8.76069402339805,-3.8993745047248276,random,2028,hybrid_gated,edge_gnn,rdkit,gated,721e3c494613d3aa378fb20e47d69b51245b538e
freesolv,b996f9741fc5cff6,Oc1ccc(Cl)c(Cl)c1,hydration_free_energy,kcal/mol,validation,,-7.289999961853027,-6.321628715060202,-8.752288474396813,-3.8909689557235905,random,2028,hybrid_gated,edge_gnn,rdkit,gated,721e3c494613d3aa378fb20e47d69b51245b538e
freesolv,1aa838762f1917bf,Oc1ccc(Cl)cc1,hydration_free_energy,kcal/mol,train,,-7.03000020980835,-5.5429007583551915,-7.973560517691803,-3.11224099901858,random,2028,hybrid_gated,edge_gnn,rdkit,gated,721e3c494613d3aa378fb20e47d69b51245b538e
freesolv,e2864dba67ef283d,Oc1ccc(F)cc1,hydration_free_energy,kcal/mol,train,,-6.190000057220459,-2.809509119468726,-5.240168878805337,-0.37884936013211457,random,2028,hybrid_gated,edge_gnn,rdkit,gated,721e3c494613d3aa378fb20e47d69b51245b538e
freesolv,7f518d93e9c142c0,Oc1ccc2ccccc2c1,hydration_free_energy,kcal/mol,test,,-8.109999656677246,-6.899622893458007,-9.330282652794619,-4.468963134121395,random,2028,hybrid_gated,edge_gnn,rdkit,gated,721e3c494613d3aa378fb20e47d69b51245b538e
freesolv,cbbe38134650c076,Oc1cccc(Cl)c1,hydration_free_energy,kcal/mol,train,,-6.619999885559082,-1.8423803045249543,-4.273040063861566,0.588279454811657,random,2028,hybrid_gated,edge_gnn,rdkit,gated,721e3c494613d3aa378fb20e47d69b51245b538e
freesolv,988ca1a38a1581f9,Oc1cccc2ccccc12,hydration_free_energy,kcal/mol,train,,-7.670000076293945,-1.473957294608765,-3.904617053945376,0.9567024647278464,random,2028,hybrid_gated,edge_gnn,rdkit,gated,721e3c494613d3aa378fb20e47d69b51245b538e
freesolv,3800b14c418b69c5,Oc1ccccc1,hydration_free_energy,kcal/mol,train,,-6.599999904632568,-10.59618462425123,-13.026844383587841,-8.165524864914618,random,2028,hybrid_gated,edge_gnn,rdkit,gated,721e3c494613d3aa378fb20e47d69b51245b538e
freesolv,9bf03d8ccdb3c64c,Oc1ccccc1Cl,hydration_free_energy,kcal/mol,train,,-4.550000190734863,-4.336956688242925,-6.767616447579536,-1.9062969289063134,random,2028,hybrid_gated,edge_gnn,rdkit,gated,721e3c494613d3aa378fb20e47d69b51245b538e
freesolv,aedc78ece946d401,Oc1ccccc1F,hydration_free_energy,kcal/mol,train,,-5.289999961853027,-3.382333604995697,-5.812993364332309,-0.9516738456590859,random,2028,hybrid_gated,edge_gnn,rdkit,gated,721e3c494613d3aa378fb20e47d69b51245b538e
freesolv,d3b87da98c67562d,Oc1ccccc1I,hydration_free_energy,kcal/mol,validation,,-6.199999809265137,-5.6517631723685895,-8.082422931705201,-3.2211034130319782,random,2028,hybrid_gated,edge_gnn,rdkit,gated,721e3c494613d3aa378fb20e47d69b51245b538e
freesolv,3a126e2a44c3887a,S,hydration_free_energy,kcal/mol,calibration,,-0.699999988079071,-3.1306597474156823,-5.561319506752294,-0.699999988079071,random,2028,hybrid_gated,edge_gnn,rdkit,gated,721e3c494613d3aa378fb20e47d69b51245b538e
freesolv,371a5e389c8c0955,Sc1ccccc1,hydration_free_energy,kcal/mol,train,,-2.549999952316284,-1.2017521915951264,-3.6324119509317376,1.228907567741485,random,2028,hybrid_gated,edge_gnn,rdkit,gated,721e3c494613d3aa378fb20e47d69b51245b538e
freesolv,642af2bc8b818bc9,[O-][S+2]1([O-])CCCC1,hydration_free_energy,kcal/mol,train,,-8.609999656677246,-3.773456675804858,-6.2041164351414695,-1.342796916468247,random,2028,hybrid_gated,edge_gnn,rdkit,gated,721e3c494613d3aa378fb20e47d69b51245b538e
freesolv,f099726b50ba9b25,c1c[nH]cn1,hydration_free_energy,kcal/mol,train,,-9.630000114440918,1.139383786572877,-1.2912759727637342,3.5700435459094884,random,2028,hybrid_gated,edge_gnn,rdkit,gated,721e3c494613d3aa378fb20e47d69b51245b538e
freesolv,98f5a3867d0fbe7a,c1cc2c3c(cccc3c1)CC2,hydration_free_energy,kcal/mol,test,,-3.1500000953674316,-2.626894632315148,-5.05755439165176,-0.1962348729785366,random,2028,hybrid_gated,edge_gnn,rdkit,gated,721e3c494613d3aa378fb20e47d69b51245b538e
freesolv,b0c2afa3b4daa40d,c1cc2ccc3cccc4ccc(c1)c2c34,hydration_free_energy,kcal/mol,train,,-4.519999980926514,-6.38609738404453,-8.81675714338114,-3.9554376247079186,random,2028,hybrid_gated,edge_gnn,rdkit,gated,721e3c494613d3aa378fb20e47d69b51245b538e
freesolv,7b676dabf15907c8,c1cc[nH]c1,hydration_free_energy,kcal/mol,train,,-4.78000020980835,-3.6032384837203364,-6.033898243056948,-1.1725787243837251,random,2028,hybrid_gated,edge_gnn,rdkit,gated,721e3c494613d3aa378fb20e47d69b51245b538e
freesolv,7a5bc4f64c5195f9,c1ccc(-c2ccccc2)cc1,hydration_free_energy,kcal/mol,calibration,,-2.700000047683716,-2.631556412538122,-5.062216171874733,-0.20089665320151084,random,2028,hybrid_gated,edge_gnn,rdkit,gated,721e3c494613d3aa378fb20e47d69b51245b538e
freesolv,e797994168bdf8e5,c1ccc(Cn2ccnc2)cc1,hydration_free_energy,kcal/mol,train,,-7.630000114440918,-9.711909187491184,-12.142568946827796,-7.281249428154572,random,2028,hybrid_gated,edge_gnn,rdkit,gated,721e3c494613d3aa378fb20e47d69b51245b538e
freesolv,dee9bfd78d64e4a2,c1ccc(Oc2ccccc2)cc1,hydration_free_energy,kcal/mol,train,,-2.869999885559082,-4.245885228658251,-6.676544987994863,-1.8152254693216396,random,2028,hybrid_gated,edge_gnn,rdkit,gated,721e3c494613d3aa378fb20e47d69b51245b538e
freesolv,4ffb5477eed907c6,c1ccc2c(c1)CCC2,hydration_free_energy,kcal/mol,train,,-1.4600000381469727,-6.473231809283632,-8.903891568620244,-4.042572049947021,random,2028,hybrid_gated,edge_gnn,rdkit,gated,721e3c494613d3aa378fb20e47d69b51245b538e
freesolv,47543d385846569e,c1ccc2c(c1)Cc1ccccc1-2,hydration_free_energy,kcal/mol,train,,-3.3499999046325684,-5.839356395275525,-8.270016154612136,-3.4086966359389135,random,2028,hybrid_gated,edge_gnn,rdkit,gated,721e3c494613d3aa378fb20e47d69b51245b538e
freesolv,17465babc9cd1c82,c1ccc2c(c1)Cc1ccccc1C2,hydration_free_energy,kcal/mol,train,,-3.7799999713897705,-2.420144819006942,-4.850804578343553,0.010514940329669376,random,2028,hybrid_gated,edge_gnn,rdkit,gated,721e3c494613d3aa378fb20e47d69b51245b538e
freesolv,fb7f87c7e6dfb66e,c1ccc2c(c1)Oc1ccccc1O2,hydration_free_energy,kcal/mol,train,,-3.1500000953674316,-3.292524545359699,-5.723184304696311,-0.8618647860230877,random,2028,hybrid_gated,edge_gnn,rdkit,gated,721e3c494613d3aa378fb20e47d69b51245b538e
freesolv,ccd5156c3d611af8,c1ccc2c(c1)ccc1ccccc12,hydration_free_energy,kcal/mol,train,,-3.880000114440918,-1.9692232879625564,-4.399883047299168,0.46143647137405486,random,2028,hybrid_gated,edge_gnn,rdkit,gated,721e3c494613d3aa378fb20e47d69b51245b538e
freesolv,784372b072523a7c,c1ccc2cc3ccccc3cc2c1,hydration_free_energy,kcal/mol,train,,-3.950000047683716,-2.8502235175753006,-5.280883276911911,-0.4195637582386893,random,2028,hybrid_gated,edge_gnn,rdkit,gated,721e3c494613d3aa378fb20e47d69b51245b538e
freesolv,c7ef340f0fa3dd43,c1ccc2ccccc2c1,hydration_free_energy,kcal/mol,train,,-2.4000000953674316,1.2582734624367409,-1.1723862968998704,3.688933221773352,random,2028,hybrid_gated,edge_gnn,rdkit,gated,721e3c494613d3aa378fb20e47d69b51245b538e
freesolv,93816c4b27d69be9,c1ccc2ncccc2c1,hydration_free_energy,kcal/mol,train,,-5.71999979019165,-9.43531008443505,-11.865969843771662,-7.004650325098439,random,2028,hybrid_gated,edge_gnn,rdkit,gated,721e3c494613d3aa378fb20e47d69b51245b538e
freesolv,1c8645677ff2de98,c1ccccc1,hydration_free_energy,kcal/mol,validation,,-0.8999999761581421,-1.3302931204112833,-3.7609528797478946,1.100366638925328,random,2028,hybrid_gated,edge_gnn,rdkit,gated,721e3c494613d3aa378fb20e47d69b51245b538e
freesolv,d311fe7bbff8011b,c1ccncc1,hydration_free_energy,kcal/mol,train,,-4.690000057220459,-0.26799368320024763,-2.698653442536859,2.1626660761363636,random,2028,hybrid_gated,edge_gnn,rdkit,gated,721e3c494613d3aa378fb20e47d69b51245b538e
freesolv,dd5ad833c0c7aa1e,c1ccsc1,hydration_free_energy,kcal/mol,train,,-1.399999976158142,-1.7069900440034225,-4.137649803340034,0.7236697153331888,random,2028,hybrid_gated,edge_gnn,rdkit,gated,721e3c494613d3aa378fb20e47d69b51245b538e
