dataset,molecule_id,smiles,property,units,partition,scaffold,y_true,y_pred,prediction_lower,prediction_upper,split_strategy,seed,model,family,features,fusion,git_commit
esol,da61f9c875766442,BrC(Br)(Br)Br,aqueous_solubility,log10(mol/L),train,,-3.140000104904175,0.5714915914413461,-0.8408000430178855,1.9837832259005777,scaffold,2035,hybrid_gated,edge_gnn,rdkit,gated,721e3c494613d3aa378fb20e47d69b51245b538e
esol,033a6d997321375a,BrC(Br)Br,aqueous_solubility,log10(mol/L),train,,-1.909999966621399,0.002258808852910743,-1.4100328256063208,1.4145504433121423,scaffold,2035,hybrid_gated,edge_gnn,rdkit,gated,721e3c494613d3aa378fb20e47d69b51245b538e
esol,9ab68a3afbba9fc0,BrCBr,aqueous_solubility,log10(mol/L),train,,-1.1699999570846558,-5.340442143177338,-6.7527337776365695,-3.9281505087181063,scaffold,2035,hybrid_gated,edge_gnn,rdkit,gated,721e3c494613d3aa378fb20e47d69b51245b538e
esol,bd914b232803b250,BrCCBr,aqueous_solubility,log10(mol/L),train,,-1.6799999475479126,-2.556231485659305,-3.9685231201185367,-1.1439398512000736,scaffold,2035,hybrid_gated,edge_gnn,rdkit,gated,721e3c494613d3aa378fb20e47d69b51245b538e
esol,77a4ca2bbfb75522,Brc1cc(Br)c(Br)cc1Br,aqueous_solubility,log10(mol/L),train,c1ccccc1,-6.980000019073486,-4.030794902115657,-5.443086536574889,-2.6185032676564255,scaffold,2035,hybrid_gated,edge_gnn,rdkit,gated,721e3c494613d3aa378fb20e47d69b51245b538e
esol,21cbcc346182e499,Brc1cc(Br)cc(Br)c1,aqueous_solubility,log10(mol/L),train,c1ccccc1,-5.599999904632568,-1.7386030108976738,-3.1508946453569053,-0.3263113764384422,scaffold,2035,hybrid_gated,edge_gnn,rdkit,gated,721e3c494613d3aa378fb20e47d69b51245b538e
esol,599294ce62557e5e,Brc1ccc(Br)c(Br)c1,aqueous_solubility,log10(mol/L),train,c1ccccc1,-4.5,-1.0335940355191848,-2.4458856699784164,0.37869759894004673,scaffold,2035,hybrid_gated,edge_gnn,rdkit,gated,721e3c494613d3aa378fb20e47d69b51245b538e
esol,5e05b0f3e484f559,Brc1ccc(Br)cc1,aqueous_solubility,log10(mol/L),train,c1ccccc1,-4.070000171661377,-8.313720187020952,-9.726011821480183,-6.90142855256172,scaffold,2035,hybrid_gated,edge_gnn,rdkit,gated,721e3c494613d3aa378fb20e47d69b51245b538e
esol,bbdc3f8b7bb7f0e8,Brc1ccc(I)cc1,aqueous_solubility,log10(mol/L),train,c1ccccc1,-4.559999942779541,-0.9397406590983202,-2.352032293557552,0.4725509753609114,scaffold,2035,hybrid_gated,edge_gnn,rdkit,gated,721e3c494613d3aa378fb20e47d69b51245b538e
esol,30d2b25ba1f64487,Brc1ccc2ccccc2c1,aqueous_solubility,log10(mol/L),train,c1ccc2ccccc2c1,-4.400000095367432,-3.9747281136743497,-5.387019748133581,-2.562436479215118,scaffold,2035,hybrid_gated,edge_gnn,rdkit,gated,721e3c494613d3aa378fb20e47d69b51245b538e
esol,e49ac581c1a589b2,Brc1cccc(Br)c1,aqueous_solubility,log10(mol/L),train,c1ccccc1,-3.5399999618530273,-0.7978122690418104,-2.210103903501042,0.6144793654174212,scaffold,2035,hybrid_gated,edge_gnn,rdkit,gated,721e3c494613d3aa378fb20e47d69b51245b538e
esol,4ec2811097081ab4,Brc1cccc2ccccc12,aqueous_solubility,log10(mol/L),train,c1ccc2ccccc2c1,-4.349999904632568,-6.0241074103576775,-7.436399044816909,-4.611815775898446,scaffold,2035,hybrid_gated,edge_gnn,rdkit,gated,721e3c494613d3aa378fb20e47d69b51245b538e
esol,0397bd2cd69b335c,Brc1ccccc1,aqueous_solubility,log10(mol/L),train,c1ccccc1,-2.549999952316284,-0.025369894938603643,-1.4376615293978352,1.386921739520628,scaffold,2035,hybrid_gated,edge_gnn,rdkit,gated,721e3c494613d3aa378fb20e47d69b51245b538e
esol,324f80b71abb8f48,Brc1ccccc1Br,aqueous_solubility,log10(mol/L),train,c1ccccc1,-3.5,-1.6192832390422196,-3.031574873501451,-0.20699160458298804,scaffold,2035,hybrid_gated,edge_gnn,rdkit,gated,721e3c494613d3aa378fb20e47d69b51245b538e
esol,ef653be8d856a3e3,C,aqueous_solubility,log10(mol/L),train,,-0.8999999761581421,-5.310484361036967,-6.722775995496199,-3.8981927265777356,scaffold,2035,hybrid_gated,edge_gnn,rdkit,gated,721e3c494613d3aa378fb20e47d69b51245b538e
esol,1e62faae86ae77c5,C#C,aqueous_solubility,log10(mol/L),train,,0.28999999165534973,-4.775751586010173,-6.188043220469405,-3.363459951550942,scaffold,2035,hybrid_gated,edge_gnn,rdkit,gated,721e3c494613d3aa378fb20e47d69b51245b538e
esol,be01c31d44889bd9,C#CC,aqueous_solubility,log10(mol/L),train,,-0.4099999964237213,-1.6348622170064495,-3.047153851465681,-0.22257058254721795,scaffold,2035,hybrid_gated,edge_gnn,rdkit,gated,721e3c494613d3aa378fb20e47d69b51245b538e
esol,418e7591029ea69f,C#CC(C)N(C)C(=O)Nc1ccc(Cl)cc1,aqueous_solubility,log10(mol/L),train,c1ccccc1,-3.9000000953674316,-2.5706010842269174,-3.982892718686149,-1.1583094497676858,scaffold,2035,hybrid_gated,edge_gnn,rdkit,gated,721e3c494613d3aa378fb20e47d69b51245b538e
esol,9ab8feee6b5a7528,C#CC(C)OC(=O)Nc1cccc(Cl)c1,aqueous_solubility,log10(mol/L),train,c1ccccc1,-2.617000102996826,-2.417483202764646,-3.8297748372238773,-1.0051915683054142,scaffold,2035,hybrid_gated,edge_gnn,rdkit,gated,721e3c494613d3aa378fb20e47d69b51245b538e
esol,254e2b1734e74745,C#CC1(O)CCC2C3CCC4=CC(=O)CCC4(C)C3CCC21C,aqueous_solubility,log10(mol/L),train,O=C1C=C2CCC3C4CCCC4CCC3C2CC1,-5.659999847412109,-0.39784805871279394,-1.8101396931720255,1.0144435757464376,scaffold,2035,hybrid_gated,edge_gnn,rdkit,gated,721e3c494613d3aa378fb20e47d69b51245b538e
esol,8df5408ffcddd97a,C#CC1(O)CCC2C3CCC4=CC(=O)CCC4(O)C3CCC21C,aqueous_solubility,log10(mol/L),train,O=C1C=C2CCC3C4CCCC4CCC3C2CC1,-4.570000171661377,-2.8975395034976126,-4.309831137956844,-1.485247869038381,scaffold,2035,hybrid_gated,edge_gnn,rdkit,gated,721e3c494613d3aa378fb20e47d69b51245b538e
esol,1e8401e159a17ddb,C#CC1(O)CCC2C3CCC4=Cc5oncc5CC4(C)C3CCC21C,aqueous_solubility,log10(mol/L),test,C1=C2CCC3C4CCCC4CCC3C2Cc2cnoc21,-5.506999969482422,-5.651735200168105,-7.064026834627336,-4.239443565708873,scaffold,2035,hybrid_gated,edge_gnn,rdkit,gated,721e3c494613d3aa378fb20e47d69b51245b538e
esol,0ede43d08b0b685a,C#CC1(O)CCC2C3CCc4cc(O)ccc4C3CCC21C,aqueous_solubility,log10(mol/L),validation,c1ccc2c(c1)CCC1C2CCC2CCCC21,-4.300000190734863,-5.248959537603313,-6.661251172062545,-3.8366679031440816,scaffold,2035,hybrid_gated,edge_gnn,rdkit,gated,721e3c494613d3aa378fb20e47d69b51245b538e
esol,f6f3f8ce45fa9dfa,C#CC1(OC(C)=O)CCC2C3CCC4=CC(=O)CCC4C3CCC21C,aqueous_solubility,log10(mol/L),train,O=C1C=C2CCC3C4CCCC4CCC3C2CC1,-4.800000190734863,-0.2937237175965359,-1.7060153520557675,1.1185679168626956,scaffold,2035,hybrid_gated,edge_gnn,rdkit,gated,721e3c494613d3aa378fb20e47d69b51245b538e
esol,3e31eac302cfd8fc,C#CCC,aqueous_solubility,log10(mol/L),train,,-1.2400000095367432,-2.110785229205413,-3.5230768636646443,-0.6984935947461812,scaffold,2035,hybrid_gated,edge_gnn,rdkit,gated,721e3c494613d3aa378fb20e47d69b51245b538e
esol,ef58f1c4944033aa,C#CCCC,aqueous_solubility,log10(mol/L),train,,-1.6399999856948853,-2.3455697016284724,-3.757861336087704,-0.9332780671692409,scaffold,2035,hybrid_gated,edge_gnn,rdkit,gated,721e3c494613d3aa378fb20e47d69b51245b538e
esol,9df9f03554f45e69,C#CCCCC,aqueous_solubility,log10(mol/L),train,,-2.359999895095825,-0.30878504340632285,-1.7210766778655544,1.1035065910529087,scaffold,2035,hybrid_gated,edge_gnn,rdkit,gated,721e3c494613d3aa378fb20e47d69b51245b538e
esol,0b51237b33e42d49,C#CCCCCC,aqueous_solubility,log10(mol/L),train,,-3.009999990463257,-2.917232260044867,-4.329523894504098,-1.5049406255856352,scaffold,2035,hybrid_gated,edge_gnn,rdkit,gated,721e3c494613d3aa378fb20e47d69b51245b538e
esol,48de0e30b5d246ce,C#CCCCCCC,aqueous_solubility,log10(mol/L),train,,-3.6600000858306885,-1.3404364480457887,-2.75272808250502,0.0718551864134429,scaffold,2035,hybrid_gated,edge_gnn,rdkit,gated,721e3c494613d3aa378fb20e47d69b51245b538e
esol,a3e71f83f986b969,C#CCCCCCCC,aqueous_solubility,log10(mol/L),train,,-4.239999771118164,-3.4103918833490168,-4.822683517808248,-1.9981002488897852,scaffold,2035,hybrid_gated,edge_gnn,rdkit,gated,721e3c494613d3aa378fb20e47d69b51245b538e
esol,004b9675aac80e82,C/C=C/C=O,aqueous_solubility,log10(mol/L),train,,0.3199999928474426,-1.824020545835643,-3.236312180294875,-0.41172891137641154,scaffold,2035,hybrid_gated,edge_gnn,rdkit,gated,721e3c494613d3aa378fb20e47d69b51245b538e
esol,0923717a6761fd77,C/C=C/CC,aqueous_solubility,log10(mol/L),train,,-2.5399999618530273,0.538791606997747,-0.8735000274614846,1.9510832414569785,scaffold,2035,hybrid_gated,edge_gnn,rdkit,gated,721e3c494613d3aa378fb20e47d69b51245b538e
esol,c57120d38c0a4a68,C/C=C/CCCC,aqueous_solubility,log10(mol/L),train,,-3.819999933242798,-2.280456531990219,-3.6927481664494506,-0.8681648975309875,scaffold,2035,hybrid_gated,edge_gnn,rdkit,gated,721e3c494613d3aa378fb20e47d69b51245b538e
esol,26ab7efc03939d8f,C/C=C\CC,aqueous_solubility,log10(mol/L),train,,-2.5399999618530273,-6.901340849198732,-8.313632483657964,-5.4890492147395005,scaffold,2035,hybrid_gated,edge_gnn,rdkit,gated,721e3c494613d3aa378fb20e47d69b51245b538e
esol,5cd7d49aba9a7e17,C1=CCC=CC1,aqueous_solubility,log10(mol/L),train,C1=CCC=CC1,-2.059999942779541,-1.5479003373034528,-2.9601919717626846,-0.13560870284422122,scaffold,2035,hybrid_gated,edge_gnn,rdkit,gated,721e3c494613d3aa378fb20e47d69b51245b538e
esol,1d7f56772c078bb9,C1=CCCC1,aqueous_solubility,log10(mol/L),calibration,C1=CCCC1,-2.0999999046325684,-1.6292782730458342,-3.0415699075050657,-0.2169866385866026,scaffold,2035,hybrid_gated,edge_gnn,rdkit,gated,721e3c494613d3aa378fb20e47d69b51245b538e
esol,abde13413c473f18,C1=CCCCC1,aqueous_solubility,log10(mol/L),test,C1=CCCCC1,-2.5899999141693115,-2.1367500341030685,-3.5490416685623,-0.724458399643837,scaffold,2035,hybrid_gated,edge_gnn,rdkit,gated,721e3c494613d3aa378fb20e47d69b51245b538e
esol,bb8c20b84fd920a2,C1=CCCCCC1,aqueous_solubility,log10(mol/L),calibration,C1=CCCCCC1,-3.180000066757202,-2.6398382477041116,-4.052129882163343,-1.22754661324488,scaffold,2035,hybrid_gated,edge_gnn,rdkit,gated,721e3c494613d3aa378fb20e47d69b51245b538e
esol,95b87f4f4f2bb613,C1=Cc2cccc3cccc1c23,aqueous_solubility,log10(mol/L),test,C1=Cc2cccc3cccc1c23,-3.9600000381469727,-4.4088403803640865,-5.821132014823318,-2.996548745904855,scaffold,2035,hybrid_gated,edge_gnn,rdkit,gated,721e3c494613d3aa378fb20e47d69b51245b538e
esol,5c3986bd23acb32d,C1CCC2CCCCC2C1,aqueous_solubility,log10(mol/L),calibration,C1CCC2CCCCC2C1,-5.190000057220459,-4.675925254429565,-6.088216888888796,-3.2636336199703333,scaffold,2035,hybrid_gated,edge_gnn,rdkit,gated,721e3c494613d3aa378fb20e47d69b51245b538e
esol,7c5d26a49231e799,C1CCCC1,aqueous_solubility,log10(mol/L),calibration,C1CCCC1,-2.640000104904175,-1.8194607406716334,-3.231752375130865,-0.4071691062124019,scaffold,2035,hybrid_gated,edge_gnn,rdkit,gated,721e3c494613d3aa378fb20e47d69b51245b538e
esol,4d70c6ce3ea26712,C1CCCCC1,aqueous_solubility,log10(mol/L),test,C1CCCCC1,-3.0999999046325684,-2.614872162245317,-4.027163796704548,-1.2025805277860853,scaffold,2035,hybrid_gated,edge_gnn,rdkit,gated,721e3c494613d3aa378fb20e47d69b51245b538e
esol,70cfcad6dba4b5a4,C1CCCCCC1,aqueous_solubility,log10(mol/L),test,C1CCCCCC1,-3.509999990463257,-3.109674348218396,-4.521965982677628,-1.6973827137591644,scaffold,2035,hybrid_gated,edge_gnn,rdkit,gated,721e3c494613d3aa378fb20e47d69b51245b538e
esol,3049de5674a74cb5,C1CCCCCCC1,aqueous_solubility,log10(mol/L),test,C1CCCCCCC1,-4.150000095367432,-3.796738919977865,-5.2090305544370965,-2.3844472855186334,scaffold,2035,hybrid_gated,edge_gnn,rdkit,gated,721e3c494613d3aa378fb20e47d69b51245b538e
esol,ec599f0cbd5e780b,C1CCOC1,aqueous_solubility,log10(mol/L),train,C1CCOC1,0.49000000953674316,-3.6404878502617297,-5.052779484720961,-2.228196215802498,scaffold,2035,hybrid_gated,edge_gnn,rdkit,gated,721e3c494613d3aa378fb20e47d69b51245b538e
esol,6ee75a2f4b64ffb0,C1CCOCC1,aqueous_solubility,log10(mol/L),calibration,C1CCOCC1,-0.029999999329447746,0.38249914173874267,-1.029792492720489,1.7947907761979742,scaffold,2035,hybrid_gated,edge_gnn,rdkit,gated,721e3c494613d3aa378fb20e47d69b51245b538e
esol,dbdd245cf7f7502f,C=C,aqueous_solubility,log10(mol/L),train,,-0.4000000059604645,-5.783680196861463,-7.195971831320694,-4.371388562402231,scaffold,2035,hybrid_gated,edge_gnn,rdkit,gated,721e3c494613d3aa378fb20e47d69b51245b538e
esol,1ff48e0fc1bb46f2,C=C(Br)CC1(C(C)CC)C(=O)NC(=O)NC1=O,aqueous_solubility,log10(mol/L),train,O=C1CC(=O)NC(=O)N1,-2.6470000743865967,-2.2117015642268756,-3.623993198686107,-0.799409929767644,scaffold,2035,hybrid_gated,edge_gnn,rdkit,gated,721e3c494613d3aa378fb20e47d69b51245b538e
esol,e7c10ec7ffa2f500,C=C(C)C,aqueous_solubility,log10(mol/L),train,,-2.3299999237060547,-2.528359397456489,-3.9406510319157206,-1.1160677629972575,scaffold,2035,hybrid_gated,edge_gnn,rdkit,gated,721e3c494613d3aa378fb20e47d69b51245b538e
esol,1e7286c23334c464,C=C(C)C(=C)C,aqueous_solubility,log10(mol/L),train,,-2.4000000953674316,-0.24393931154359194,-1.6562309460028235,1.1683523229156396,scaffold,2035,hybrid_gated,edge_gnn,rdkit,gated,721e3c494613d3aa378fb20e47d69b51245b538e
esol,2b835da78b020754,C=C(C)C1CC=C(C)C(=O)C1,aqueous_solubility,log10(mol/L),train,O=C1C=CCCC1,-2.059999942779541,-3.9047485030215374,-5.3170401374807685,-2.492456868562306,scaffold,2035,hybrid_gated,edge_gnn,rdkit,gated,721e3c494613d3aa378fb20e47d69b51245b538e
esol,9920e0d07ed28e13,C=C(C)C1CC=C(C)CC1,aqueous_solubility,log10(mol/L),test,C1=CCCCC1,-4.260000228881836,-3.516881947075179,-4.92917358153441,-2.1045903126159473,scaffold,2035,hybrid_gated,edge_gnn,rdkit,gated,721e3c494613d3aa378fb20e47d69b51245b538e
esol,9ce3bd89adca3155,C=C(C)C1Cc2c(ccc3c2OC2COc4cc(OC)c(OC)cc4C2C3=O)O1,aqueous_solubility,log10(mol/L),train,O=C1c2ccc3c(c2OC2COc4ccccc4C12)CCO3,-4.420000076293945,-4.270861730885717,-5.683153365344949,-2.8585700964264857,scaffold,2035,hybrid_gated,edge_gnn,rdkit,gated,721e3c494613d3aa378fb20e47d69b51245b538e
esol,c8d3a1f414f5bcce,C=C(C)CC,aqueous_solubility,log10(mol/L),train,,-2.7300000190734863,-2.107752723582896,-3.5200443580421275,-0.6954610891236643,scaffold,2035,hybrid_gated,edge_gnn,rdkit,gated,721e3c494613d3aa378fb20e47d69b51245b538e
esol,08ff67a090d72c26,C=C(C)CCC,aqueous_solubility,log10(mol/L),train,,-3.0299999713897705,-0.49931049418860507,-1.9116021286478366,0.9129811402706265,scaffold,2035,hybrid_gated,edge_gnn,rdkit,gated,721e3c494613d3aa378fb20e47d69b51245b538e
esol,43ca2dece41f5eb7,C=C(C)CN(CC)c1c([N+](=O)[O-])cc(C(F)(F)F)cc1[N+](=O)[O-],aqueous_solubility,log10(mol/L),train,c1ccccc1,-6.124000072479248,-3.550579106791047,-4.962870741250279,-2.1382874723318155,scaffold,2035,hybrid_gated,edge_gnn,rdkit,gated,721e3c494613d3aa378fb20e47d69b51245b538e
esol,49db12929fad29a3,C=C(Cl)CSC(=S)N(CC)CC,aqueous_solubility,log10(mol/L),train,,-3.390000104904175,-0.5177086452215702,-1.9300002796808018,0.8945829892376613,scaffold,2035,hybrid_gated,edge_gnn,rdkit,gated,721e3c494613d3aa378fb20e47d69b51245b538e
esol,17bd196156d45488,C=C(Cl)Cl,aqueous_solubility,log10(mol/L),train,,-1.6399999856948853,-5.213530179317403,-6.625821813776635,-3.8012385448581716,scaffold,2035,hybrid_gated,edge_gnn,rdkit,gated,721e3c494613d3aa378fb20e47d69b51245b538e
esol,4374b7441e7baae0,C=CC,aqueous_solubility,log10(mol/L),train,,-1.0800000429153442,-0.6981770577724684,-2.1104686922317,0.7141145766867631,scaffold,2035,hybrid_gated,edge_gnn,rdkit,gated,721e3c494613d3aa378fb20e47d69b51245b538e
esol,b3adba63532cb668,C=CC#N,aqueous_solubility,log10(mol/L),train,,0.15000000596046448,-2.968256394307063,-4.380548028766294,-1.5559647598478312,scaffold,2035,hybrid_gated,edge_gnn,rdkit,gated,721e3c494613d3aa378fb20e47d69b51245b538e
esol,2c3f4ff07d8cd113,C=CC(=C)C,aqueous_solubility,log10(mol/L),train,,-2.0299999713897705,-2.2165542265241527,-3.6288458609833842,-0.8042625920649211,scaffold,2035,hybrid_gated,edge_gnn,rdkit,gated,721e3c494613d3aa378fb20e47d69b51245b538e
esol,4813864c1e8d653b,C=CC(=O)OC,aqueous_solubility,log10(mol/L),train,,-0.2199999988079071,-0.6219776628692903,-2.034269297328522,0.7903139715899412,scaffold,2035,hybrid_gated,edge_gnn,rdkit,gated,721e3c494613d3aa378fb20e47d69b51245b538e
esol,64f6eee3339816ef,C=CC(C)(O)CCC=C(C)C,aqueous_solubility,log10(mol/L),train,,-1.9900000095367432,-2.875068345818753,-4.2873599802779845,-1.4627767113595214,scaffold,2035,hybrid_gated,edge_gnn,rdkit,gated,721e3c494613d3aa378fb20e47d69b51245b538e
esol,2e0d4bc22e47200f,C=CC(C)C,aqueous_solubility,log10(mol/L),train,,-2.7300000190734863,-5.2419675512749215,-6.654259185734153,-3.82967591681569,scaffold,2035,hybrid_gated,edge_gnn,rdkit,gated,721e3c494613d3aa378fb20e47d69b51245b538e
esol,a7f910903d65c55d,C=CC(O)CCC,aqueous_solubility,log10(mol/L),train,,-0.5899999737739563,0.6872931578900898,-0.7249984765691417,2.0995847923493214,scaffold,2035,hybrid_gated,edge_gnn,rdkit,gated,721e3c494613d3aa378fb20e47d69b51245b538e
esol,9c5c4be6a611f0d4,C=CC1(C)OC(=O)N(c2cc(Cl)cc(Cl)c2)C1=O,aqueous_solubility,log10(mol/L),test,O=C1COC(=O)N1c1ccccc1,-4.925000190734863,-3.101326583622265,-4.513618218081497,-1.6890349491630334,scaffold,2035,hybrid_gated,edge_gnn,rdkit,gated,721e3c494613d3aa378fb20e47d69b51245b538e
esol,5f725e80c7d4ca6e,C=CC=C,aqueous_solubility,log10(mol/L),train,,-1.8700000047683716,-1.9708364607197946,-3.383128095179026,-0.558544826260563,scaffold,2035,hybrid_gated,edge_gnn,rdkit,gated,721e3c494613d3aa378fb20e47d69b51245b538e
esol,7e5d57bf31e51f3b,C=CC=O,aqueous_solubility,log10(mol/L),train,,0.5699999928474426,-3.5875133148118437,-4.999804949271075,-2.175221680352612,scaffold,2035,hybrid_gated,edge_gnn,rdkit,gated,721e3c494613d3aa378fb20e47d69b51245b538e
esol,0c125e154592b036,C=CCC,aqueous_solubility,log10(mol/L),train,,-1.940000057220459,-2.597636649874051,-4.009928284333283,-1.1853450154148195,scaffold,2035,hybrid_gated,edge_gnn,rdkit,gated,721e3c494613d3aa378fb20e47d69b51245b538e
esol,d82c07a526a33d28,C=CCC1(C(C)C)C(=O)NC(=O)NC1=O,aqueous_solubility,log10(mol/L),train,O=C1CC(=O)NC(=O)N1,-1.7079999446868896,-1.6161424041941748,-3.0284340386534065,-0.2038507697349432,scaffold,2035,hybrid_gated,edge_gnn,rdkit,gated,721e3c494613d3aa378fb20e47d69b51245b538e
esol,0a25a747148c7a1f,C=CCC1(C(C)CC)C(=O)NC(=O)NC1=O,aqueous_solubility,log10(mol/L),train,O=C1CC(=O)NC(=O)N1,-2.0160000324249268,-1.9108305033024002,-3.323122137761632,-0.49853886884316867,scaffold,2035,hybrid_gated,edge_gnn,rdkit,gated,721e3c494613d3aa378fb20e47d69b51245b538e
esol,755de189a5985744,C=CCC1(C(C)CCC)C(=O)NC(=O)NC1=O,aqueous_solubility,log10(mol/L),train,O=C1CC(=O)NC(=O)N1,-2.3559999465942383,-4.7965196764156595,-6.208811310874891,-3.384228041956428,scaffold,2035,hybrid_gated,edge_gnn,rdkit,gated,721e3c494613d3aa378fb20e47d69b51245b538e
esol,2377f869d0ed780c,C=CCC1(C(C)CCC)C(=O)NC(=S)NC1=O,aqueous_solubility,log10(mol/L),test,O=C1CC(=O)NC(=S)N1,-3.4600000381469727,-3.6658263174332775,-5.078117951892509,-2.253534682974046,scaffold,2035,hybrid_gated,edge_gnn,rdkit,gated,721e3c494613d3aa378fb20e47d69b51245b538e
esol,1f2305f058bbb67d,C=CCC1(C)C(=O)NC(=O)NC1=O,aqueous_solubility,log10(mol/L),train,O=C1CC(=O)NC(=O)N1,-1.159999966621399,-2.316470476113231,-3.7287621105724624,-0.9041788416539993,scaffold,2035,hybrid_gated,edge_gnn,rdkit,gated,721e3c494613d3aa378fb20e47d69b51245b538e
esol,b2789fcdce54841c,C=CCC1(CC)C(=O)NC(=O)NC1=O,aqueous_solubility,log10(mol/L),train,O=C1CC(=O)NC(=O)N1,-1.6139999628067017,0.5788230568558772,-0.8334685776033544,1.9911146913151088,scaffold,2035,hybrid_gated,edge_gnn,rdkit,gated,721e3c494613d3aa378fb20e47d69b51245b538e
esol,d7c2057651e25e8d,C=CCC1(CC=C)C(=O)NC(=O)NC1=O,aqueous_solubility,log10(mol/L),train,O=C1CC(=O)NC(=O)N1,-2.0769999027252197,-1.3574253688905227,-2.7697170033497542,0.05486626556870888,scaffold,2035,hybrid_gated,edge_gnn,rdkit,gated,721e3c494613d3aa378fb20e47d69b51245b538e
esol,09c2f35273cfdcb6,C=CCC1(c2ccccc2)C(=O)NC(=O)NC1=O,aqueous_solubility,log10(mol/L),calibration,O=C1NC(=O)C(c2ccccc2)C(=O)N1,-2.36899995803833,-2.4719364558994004,-3.884228090358632,-1.0596448214401688,scaffold,2035,hybrid_gated,edge_gnn,rdkit,gated,721e3c494613d3aa378fb20e47d69b51245b538e
esol,924236428a2d77f9,C=CCC=C,aqueous_solubility,log10(mol/L),train,,-2.0899999141693115,-3.9283275705346163,-5.340619204993848,-2.516035936075385,scaffold,2035,hybrid_gated,edge_gnn,rdkit,gated,721e3c494613d3aa378fb20e47d69b51245b538e
esol,20d95e6e0ed5a2ad,C=CCCC,aqueous_solubility,log10(mol/L),train,,-2.680000066757202,-3.2549892143931176,-4.667280848852349,-1.842697579933886,scaffold,2035,hybrid_gated,edge_gnn,rdkit,gated,721e3c494613d3aa378fb20e47d69b51245b538e
esol,4e33c9c7d0f0a61e,C=CCCC=C,aqueous_solubility,log10(mol/L),train,,-2.680000066757202,-2.0006492099825666,-3.412940844441798,-0.588357575523335,scaffold,2035,hybrid_gated,edge_gnn,rdkit,gated,721e3c494613d3aa378fb20e47d69b51245b538e
esol,59d1e0b0ecbe24ff,C=CCCCC,aqueous_solubility,log10(mol/L),train,,-3.2300000190734863,-2.26357588097999,-3.6758675154392217,-0.8512842465207586,scaffold,2035,hybrid_gated,edge_gnn,rdkit,gated,721e3c494613d3aa378fb20e47d69b51245b538e
esol,21083084379f0a6c,C=CCCCCC,aqueous_solubility,log10(mol/L),train,,-3.7300000190734863,-2.1831985651891985,-3.59549019964843,-0.770906930729967,scaffold,2035,hybrid_gated,edge_gnn,rdkit,gated,721e3c494613d3aa378fb20e47d69b51245b538e
esol,25723488a4ed1346,C=CCCCCCC,aqueous_solubility,log10(mol/L),train,,-4.440000057220459,-2.0328979414351775,-3.445189575894409,-0.620606306975946,scaffold,2035,hybrid_gated,edge_gnn,rdkit,gated,721e3c494613d3aa378fb20e47d69b51245b538e
esol,2667126ae7a1dd89,C=CCCCCCCC,aqueous_solubility,log10(mol/L),train,,-5.050000190734863,-3.810867687948154,-5.223159322407385,-2.3985760534889224,scaffold,2035,hybrid_gated,edge_gnn,rdkit,gated,721e3c494613d3aa378fb20e47d69b51245b538e
esol,438c34629e40839e,C=CCCCCCCCC,aqueous_solubility,log10(mol/L),train,,-5.510000228881836,-2.892350272274311,-4.304641906733543,-1.4800586378150795,scaffold,2035,hybrid_gated,edge_gnn,rdkit,gated,721e3c494613d3aa378fb20e47d69b51245b538e
esol,fb7e490aa1b4d51e,C=CCCCO,aqueous_solubility,log10(mol/L),train,,-0.15000000596046448,-3.3982157140342597,-4.810507348493491,-1.9859240795750281,scaffold,2035,hybrid_gated,edge_gnn,rdkit,gated,721e3c494613d3aa378fb20e47d69b51245b538e
esol,14bb3c94959a3803,C=CCSS(=O)CC=C,aqueous_solubility,log10(mol/L),train,,-0.8299999833106995,-4.822106754408512,-6.234398388867744,-3.4098151199492808,scaffold,2035,hybrid_gated,edge_gnn,rdkit,gated,721e3c494613d3aa378fb20e47d69b51245b538e
esol,2a16db7cc18684b8,C=CCc1ccc(O)c(OC)c1,aqueous_solubility,log10(mol/L),train,c1ccccc1,-1.559999942779541,-1.105444107043042,-2.517735741502274,0.3068475274161895,scaffold,2035,hybrid_gated,edge_gnn,rdkit,gated,721e3c494613d3aa378fb20e47d69b51245b538e
esol,766b85d6ebc35451,C=CCc1ccc(OC)cc1,aqueous_solubility,log10(mol/L),train,c1ccccc1,-2.9200000762939453,-7.316879880120385,-8.729171514579615,-5.904588245661153,scaffold,2035,hybrid_gated,edge_gnn,rdkit,gated,721e3c494613d3aa378fb20e47d69b51245b538e
esol,196ca171baf9b009,C=CCl,aqueous_solubility,log10(mol/L),train,,-1.75,-1.9818510604112616,-3.394142694870493,-0.56955942595203,scaffold,2035,hybrid_gated,edge_gnn,rdkit,gated,721e3c494613d3aa378fb20e47d69b51245b538e
esol,a264ecb5a75262c6,C=COCC,aqueous_solubility,log10(mol/L),train,,-0.8500000238418579,-1.9407621533927535,-3.353053787851985,-0.5284705189335219,scaffold,2035,hybrid_gated,edge_gnn,rdkit,gated,721e3c494613d3aa378fb20e47d69b51245b538e
esol,45e8e1638633d646,C=Cc1ccccc1,aqueous_solubility,log10(mol/L),train,c1ccccc1,-2.819999933242798,0.5444451572370461,-0.8678464772221854,1.9567367916962777,scaffold,2035,hybrid_gated,edge_gnn,rdkit,gated,721e3c494613d3aa378fb20e47d69b51245b538e
esol,2ed9dd6e3dc3579d,CBr,aqueous_solubility,log10(mol/L),train,,-0.7900000214576721,-8.161006862358018,-9.57329849681725,-6.748715227898787,scaffold,2035,hybrid_gated,edge_gnn,rdkit,gated,721e3c494613d3aa378fb20e47d69b51245b538e
esol,2bf59afa2658a8ce,CC,aqueous_solubility,log10(mol/L),train,,-1.3600000143051147,-5.004511551865727,-6.416803186324959,-3.5922199174064957,scaffold,2035,hybrid_gated,edge_gnn,rdkit,gated,721e3c494613d3aa378fb20e47d69b51245b538e
esol,780406fdddd47378,CC#N,aqueous_solubility,log10(mol/L),train,,0.25999999046325684,-0.6931611295536033,-2.105452764012835,0.7191305049056282,scaffold,2035,hybrid_gated,edge_gnn,rdkit,gated,721e3c494613d3aa378fb20e47d69b51245b538e
esol,9e0bb6837efcdbd1,CC(=O)C(C)(C)C,aqueous_solubility,log10(mol/L),train,,-0.7200000286102295,-2.5033155246056245,-3.915607159064856,-1.091023890146393,scaffold,2035,hybrid_gated,edge_gnn,rdkit,gated,721e3c494613d3aa378fb20e47d69b51245b538e
esol,6650bf346297661f,CC(=O)C(C)C,aqueous_solubility,log10(mol/L),train,,-0.11999999731779099,-2.0928787170589183,-3.50517035151815,-0.6805870825996867,scaffold,2035,hybrid_gated,edge_gnn,rdkit,gated,721e3c494613d3aa378fb20e47d69b51245b538e
esol,4ed306073e855fe0,CC(=O)C1(C)CCC2C3C=C(C)C4=CC(=O)CCC4(C)C3CCC21C,aqueous_solubility,log10(mol/L),train,O=C1C=C2C=CC3C4CCCC4CCC3C2CC1,-5.269999980926514,-1.9442397353398908,-3.3565313697991224,-0.5319481008806592,scaffold,2035,hybrid_gated,edge_gnn,rdkit,gated,721e3c494613d3aa378fb20e47d69b51245b538e
esol,48d6efa11e6c3778,CC(=O)C1(O)CCC2C3CC(C)C4=CC(=O)C=CC4(C)C3(F)C(O)CC21C,aqueous_solubility,log10(mol/L),calibration,O=C1C=CC2C(=C1)CCC1C3CCCC3CCC21,-4.098999977111816,-4.0858320877862635,-5.498123722245495,-2.673540453327032,scaffold,2035,hybrid_gated,edge_gnn,rdkit,gated,721e3c494613d3aa378fb20e47d69b51245b538e
esol,9a642a5271eefbe6,CC(=O)C1(O)CCC2C3CCC4=CC(=O)CCC4(C)C3CCC21C,aqueous_solubility,log10(mol/L),train,O=C1C=C2CCC3C4CCCC4CCC3C2CC1,-3.816999912261963,-1.1157271875070798,-2.5280188219663113,0.2965644469521518,scaffold,2035,hybrid_gated,edge_gnn,rdkit,gated,721e3c494613d3aa378fb20e47d69b51245b538e
esol,442739c64f9533c1,CC(=O)C1CCC2C3CC=C4CC(O)CCC4(C)C3CCC12C,aqueous_solubility,log10(mol/L),test,C1=C2CCCCC2C2CCC3CCCC3C2C1,-4.650000095367432,-4.420757070300372,-5.833048704759603,-3.0084654358411402,scaffold,2035,hybrid_gated,edge_gnn,rdkit,gated,721e3c494613d3aa378fb20e47d69b51245b538e
esol,e9e2dbb6336bc14a,CC(=O)C1CCC2C3CCC4=CC(=O)CCC4(C)C3CCC12C,aqueous_solubility,log10(mol/L),train,O=C1C=C2CCC3C4CCCC4CCC3C2CC1,-4.420000076293945,-5.146745211779264,-6.559036846238495,-3.734453577320032,scaffold,2035,hybrid_gated,edge_gnn,rdkit,gated,721e3c494613d3aa378fb20e47d69b51245b538e
esol,ac763713bd71395e,CC(=O)CC(C)C,aqueous_solubility,log10(mol/L),train,,-0.7400000095367432,-1.0514440074120044,-2.463735641871236,0.36084762704722717,scaffold,2035,hybrid_gated,edge_gnn,rdkit,gated,721e3c494613d3aa378fb20e47d69b51245b538e
esol,c350650ed5ccd420,CC(=O)CC(c1ccc(Cl)cc1)c1c(O)c2ccccc2oc1=O,aqueous_solubility,log10(mol/L),test,O=c1oc2ccccc2cc1Cc1ccccc1,-5.839000225067139,-4.731386135656596,-6.143677770115827,-3.3190945011973643,scaffold,2035,hybrid_gated,edge_gnn,rdkit,gated,721e3c494613d3aa378fb20e47d69b51245b538e
esol,f79626af0f93f0fc,CC(=O)CC(c1ccccc1)c1c(O)c2ccccc2oc1=O,aqueous_solubility,log10(mol/L),test,O=c1oc2ccccc2cc1Cc1ccccc1,-3.8929998874664307,-4.290244941422307,-5.702536575881538,-2.877953306963075,scaffold,2035,hybrid_gated,edge_gnn,rdkit,gated,721e3c494613d3aa378fb20e47d69b51245b538e
esol,520e9565d0ff63f1,CC(=O)CCC1C(=O)N(c2ccccc2)N(c2ccccc2)C1=O,aqueous_solubility,log10(mol/L),calibration,O=C1CC(=O)N(c2ccccc2)N1c1ccccc1,-3.2699999809265137,-4.3832963014717174,-5.795587935930949,-2.971004667012486,scaffold,2035,hybrid_gated,edge_gnn,rdkit,gated,721e3c494613d3aa378fb20e47d69b51245b538e
esol,68045fdd244fe104,CC(=O)N(C)C,aqueous_solubility,log10(mol/L),train,,1.1100000143051147,-2.2976406711267905,-3.709932305586022,-0.8853490366675589,scaffold,2035,hybrid_gated,edge_gnn,rdkit,gated,721e3c494613d3aa378fb20e47d69b51245b538e
esol,750f6483d79efce4,CC(=O)N(c1onc(C)c1C)S(=O)c1ccc(N)cc1,aqueous_solubility,log10(mol/L),calibration,O=S(Nc1ccno1)c1ccccc1,-3.5899999141693115,-3.32473642797384,-4.737028062433072,-1.9124447935146085,scaffold,2035,hybrid_gated,edge_gnn,rdkit,gated,721e3c494613d3aa378fb20e47d69b51245b538e
esol,e8f62548f9fb3dff,CC(=O)Nc1cc(NS(=O)(=O)C(F)(F)F)c(C)cc1C,aqueous_solubility,log10(mol/L),train,c1ccccc1,-3.240000009536743,-1.7802237051340435,-3.192515339593275,-0.36793207067481193,scaffold,2035,hybrid_gated,edge_gnn,rdkit,gated,721e3c494613d3aa378fb20e47d69b51245b538e
esol,bc0455dc968fbfd2,CC(=O)Nc1ccc(Br)cc1,aqueous_solubility,log10(mol/L),train,c1ccccc1,-3.0829999446868896,0.867360087127079,-0.5449315473321525,2.2796517215863106,scaffold,2035,hybrid_gated,edge_gnn,rdkit,gated,721e3c494613d3aa378fb20e47d69b51245b538e
esol,ddc4ca1b44741167,CC(=O)Nc1ccc(Cl)cc1,aqueous_solubility,log10(mol/L),train,c1ccccc1,-2.8429999351501465,-3.2087155304780155,-4.621007164937247,-1.796423896018784,scaffold,2035,hybrid_gated,edge_gnn,rdkit,gated,721e3c494613d3aa378fb20e47d69b51245b538e
esol,3213dd41893f5ff5,CC(=O)Nc1ccc(F)cc1,aqueous_solubility,log10(mol/L),train,c1ccccc1,-1.7799999713897705,-3.880457574709565,-5.292749209168797,-2.4681659402503335,scaffold,2035,hybrid_gated,edge_gnn,rdkit,gated,721e3c494613d3aa378fb20e47d69b51245b538e
esol,364ed725e437517c,CC(=O)Nc1ccc(O)cc1,aqueous_solubility,log10(mol/L),train,c1ccccc1,-1.0299999713897705,-7.36686003898437,-8.779151673443602,-5.954568404525139,scaffold,2035,hybrid_gated,edge_gnn,rdkit,gated,721e3c494613d3aa378fb20e47d69b51245b538e
esol,44c52563864e600c,CC(=O)Nc1ccc([N+](=O)[O-])cc1,aqueous_solubility,log10(mol/L),train,c1ccccc1,-2.691999912261963,-1.7859045752438156,-3.198196209703047,-0.37361294078458407,scaffold,2035,hybrid_gated,edge_gnn,rdkit,gated,721e3c494613d3aa378fb20e47d69b51245b538e
esol,9b680b4bccdaf6ee,CC(=O)Nc1ccccc1,aqueous_solubility,log10(mol/L),train,c1ccccc1,-1.3300000429153442,-4.681273178465702,-6.093564812924933,-3.2689815440064702,scaffold,2035,hybrid_gated,edge_gnn,rdkit,gated,721e3c494613d3aa378fb20e47d69b51245b538e
esol,04b69a71ae0c35a6,CC(=O)Nc1nnc(S(N)(=O)=O)s1,aqueous_solubility,log10(mol/L),train,c1nncs1,-2.359999895095825,-2.8592428951100373,-4.271534529569269,-1.4469512606508057,scaffold,2035,hybrid_gated,edge_gnn,rdkit,gated,721e3c494613d3aa378fb20e47d69b51245b538e
esol,0787d7077078fa64,CC(=O)OC(C)C,aqueous_solubility,log10(mol/L),train,,-0.550000011920929,-1.771954099123875,-3.1842457335831065,-0.35966246466464336,scaffold,2035,hybrid_gated,edge_gnn,rdkit,gated,721e3c494613d3aa378fb20e47d69b51245b538e
esol,bbbc24a21490bdee,CC(=O)OC1(C(C)=O)CCC2C3C=C(C)C4=CC(=O)CCC4(C)C3CCC21C,aqueous_solubility,log10(mol/L),train,O=C1C=C2C=CC3C4CCCC4CCC3C2CC1,-5.349999904632568,-3.4077501706563114,-4.820041805115543,-1.9954585361970798,scaffold,2035,hybrid_gated,edge_gnn,rdkit,gated,721e3c494613d3aa378fb20e47d69b51245b538e
esol,ea5969f950c93291,CC(=O)OC1(C)CCC2C3CCC4=CC(=O)CCC4(C)C3CCC21C,aqueous_solubility,log10(mol/L),train,O=C1C=C2CCC3C4CCCC4CCC3C2CC1,-5.283999919891357,-0.27943091162136247,-1.691722546080594,1.132860722837869,scaffold,2035,hybrid_gated,edge_gnn,rdkit,gated,721e3c494613d3aa378fb20e47d69b51245b538e
esol,7e7c49cadb6eca2c,CC(=O)OC1CCC2C3CCC4=CC(=O)CCC4(C)C3CCC12C,aqueous_solubility,log10(mol/L),train,O=C1C=C2CCC3C4CCCC4CCC3C2CC1,-5.184000015258789,-3.888134458312513,-5.300426092771744,-2.4758428238532812,scaffold,2035,hybrid_gated,edge_gnn,rdkit,gated,721e3c494613d3aa378fb20e47d69b51245b538e
esol,744c94bb079c2bb4,CC(=O)OCC(=O)C1(O)C(C)CC2C3CCC4=CC(=O)C=CC4(C)C3(F)C(O)CC21C,aqueous_solubility,log10(mol/L),calibration,O=C1C=CC2C(=C1)CCC1C3CCCC3CCC21,-4.900000095367432,-4.655965357061902,-6.0682569915211335,-3.2436737226026704,scaffold,2035,hybrid_gated,edge_gnn,rdkit,gated,721e3c494613d3aa378fb20e47d69b51245b538e
esol,07046eaea87bf4e2,CC(=O)OCC(=O)C1(O)C(OC(C)=O)CC2C3CCC4=CC(=O)C=CC4(C)C3(F)C(O)CC21C,aqueous_solubility,log10(mol/L),calibration,O=C1C=CC2C(=C1)CCC1C3CCCC3CCC21,-4.130000114440918,-4.198219858246322,-5.6105114927055535,-2.7859282237870904,scaffold,2035,hybrid_gated,edge_gnn,rdkit,gated,721e3c494613d3aa378fb20e47d69b51245b538e
esol,cc12069b3580cb1a,CC(=O)OCC(=O)C1(O)CCC2C3CCC4=CC(=O)C=CC4(C)C3C(O)CC21C,aqueous_solubility,log10(mol/L),calibration,O=C1C=CC2C(=C1)CCC1C3CCCC3CCC21,-4.369999885559082,-5.086347154829557,-6.498638789288789,-3.6740555203703256,scaffold,2035,hybrid_gated,edge_gnn,rdkit,gated,721e3c494613d3aa378fb20e47d69b51245b538e
esol,3d089eb4f693a11e,CC(=O)OCC(=O)C1(O)CCC2C3CCC4=CC(=O)CCC4(C)C3C(=O)CC21C,aqueous_solubility,log10(mol/L),train,O=C1C=C2CCC3C4CCCC4CC(=O)C3C2CC1,-4.210000038146973,-5.408148384260651,-6.820440018719882,-3.995856749801419,scaffold,2035,hybrid_gated,edge_gnn,rdkit,gated,721e3c494613d3aa378fb20e47d69b51245b538e
esol,1111a5f49bc2a21c,CC(=O)OCC(=O)C1(O)CCC2C3CCC4=CC(=O)CCC4(C)C3C(O)CC21C,aqueous_solubility,log10(mol/L),train,O=C1C=C2CCC3C4CCCC4CCC3C2CC1,-4.880000114440918,-3.9347957280421966,-5.347087362501428,-2.522504093582965,scaffold,2035,hybrid_gated,edge_gnn,rdkit,gated,721e3c494613d3aa378fb20e47d69b51245b538e
esol,db58b19853161161,CC(=O)OCC(=O)C1CCC2C3CCC4=CC(=O)CCC4(C)C3CCC12C,aqueous_solubility,log10(mol/L),train,O=C1C=C2CCC3C4CCCC4CCC3C2CC1,-4.630000114440918,-2.443882928122029,-3.8561745625812605,-1.0315912936627973,scaffold,2035,hybrid_gated,edge_gnn,rdkit,gated,721e3c494613d3aa378fb20e47d69b51245b538e
esol,c802460f2e388f09,CC(=O)OCC(C)C,aqueous_solubility,log10(mol/L),train,,-1.2100000381469727,-5.848365097834538,-7.26065673229377,-4.4360734633753065,scaffold,2035,hybrid_gated,edge_gnn,rdkit,gated,721e3c494613d3aa378fb20e47d69b51245b538e
esol,55bc84385f2305fc,CC(=O)OCC(COC(C)=O)OC(C)=O,aqueous_solubility,log10(mol/L),train,,-0.6000000238418579,-3.5288025568189667,-4.941094191278198,-2.116510922359735,scaffold,2035,hybrid_gated,edge_gnn,rdkit,gated,721e3c494613d3aa378fb20e47d69b51245b538e
esol,3105d2c69d258f40,CC(=O)OCCC(C)C,aqueous_solubility,log10(mol/L),train,,-1.9199999570846558,-2.929897098694956,-4.342188733154188,-1.5176054642357246,scaffold,2035,hybrid_gated,edge_gnn,rdkit,gated,721e3c494613d3aa378fb20e47d69b51245b538e
esol,78eea6db86aaac00,CC(=O)OCN1C(=O)NC(c2ccccc2)(c2ccccc2)C1=O,aqueous_solubility,log10(mol/L),test,O=C1NC(=O)C(c2ccccc2)(c2ccccc2)N1,-4.46999979019165,-4.055028696263726,-5.467320330722957,-2.6427370618044943,scaffold,2035,hybrid_gated,edge_gnn,rdkit,gated,721e3c494613d3aa378fb20e47d69b51245b538e
esol,f38d027d6672664b,CC(=O)SC1CC2=CC(=O)CCC2(C)C2CCC3(C)C(CCC34CCC(=O)O4)C12,aqueous_solubility,log10(mol/L),test,O=C1C=C2CCC3C(CCC4C3CCC43CCC(=O)O3)C2CC1,-4.172999858856201,-5.859665071390404,-7.271956705849636,-4.447373436931173,scaffold,2035,hybrid_gated,edge_gnn,rdkit,gated,721e3c494613d3aa378fb20e47d69b51245b538e
esol,1ab070a2f685565e,CC(=O)c1ccccc1,aqueous_solubility,log10(mol/L),train,c1ccccc1,-1.2799999713897705,-2.2847960558507836,-3.697087690310015,-0.872504421391552,scaffold,2035,hybrid_gated,edge_gnn,rdkit,gated,721e3c494613d3aa378fb20e47d69b51245b538e
esol,a011ab9a0bd7406b,CC(C)(C)C(=O)C(Oc1ccc(Cl)cc1)n1cncn1,aqueous_solubility,log10(mol/L),validation,c1ccc(OCn2cncn2)cc1,-3.609999895095825,-4.123595988395124,-5.535887622854355,-2.7113043539358923,scaffold,2035,hybrid_gated,edge_gnn,rdkit,gated,721e3c494613d3aa378fb20e47d69b51245b538e
esol,6a037e1d876a10c4,CC(C)(C)CCO,aqueous_solubility,log10(mol/L),train,,-0.5,-6.0085949503389475,-7.420886584798179,-4.596303315879716,scaffold,2035,hybrid_gated,edge_gnn,rdkit,gated,721e3c494613d3aa378fb20e47d69b51245b538e
esol,8316fd00a391507c,CC(C)(C)CO,aqueous_solubility,log10(mol/L),train,,-0.4000000059604645,-1.2971620107804533,-2.7094536452396847,0.11512962367877821,scaffold,2035,hybrid_gated,edge_gnn,rdkit,gated,721e3c494613d3aa378fb20e47d69b51245b538e
esol,4eb3d1ec75b7d913,CC(C)(C)Cc1ccccc1,aqueous_solubility,log10(mol/L),train,c1ccccc1,-4.150000095367432,-2.6124689935955576,-4.024760628054789,-1.200177359136326,scaffold,2035,hybrid_gated,edge_gnn,rdkit,gated,721e3c494613d3aa378fb20e47d69b51245b538e
esol,5dfc781ddbce9df5,CC(C)(C)c1ccc(O)cc1,aqueous_solubility,log10(mol/L),train,c1ccccc1,-2.4100000858306885,-1.9763020977630565,-3.3885937322222883,-0.564010463303825,scaffold,2035,hybrid_gated,edge_gnn,rdkit,gated,721e3c494613d3aa378fb20e47d69b51245b538e
esol,ca95101160b65379,CC(C)(C)c1ccccc1,aqueous_solubility,log10(mol/L),train,c1ccccc1,-3.6600000858306885,-4.996541989302581,-6.408833623761812,-3.5842503548433493,scaffold,2035,hybrid_gated,edge_gnn,rdkit,gated,721e3c494613d3aa378fb20e47d69b51245b538e
esol,adff35ec9beff070,CC(C)=CC1C(C(=O)OCc2cccc(Oc3ccccc3)c2)C1(C)C,aqueous_solubility,log10(mol/L),validation,O=C(OCc1cccc(Oc2ccccc2)c1)C1CC1,-5.239999771118164,-5.8316671930013655,-7.243958827460597,-4.419375558542134,scaffold,2035,hybrid_gated,edge_gnn,rdkit,gated,721e3c494613d3aa378fb20e47d69b51245b538e
esol,e13f7769f4919957,CC(C)=CCC/C(C)=C\CO,aqueous_solubility,log10(mol/L),train,,-2.4600000381469727,-0.35152733710765993,-1.7638189715668915,1.0607642973515716,scaffold,2035,hybrid_gated,edge_gnn,rdkit,gated,721e3c494613d3aa378fb20e47d69b51245b538e
esol,40ac45a42a9ad758,CC(C)=CCC1(C(C)C)C(=O)NC(=O)NC1=O,aqueous_solubility,log10(mol/L),train,O=C1CC(=O)NC(=O)N1,-2.5929999351501465,-1.9812218125250383,-3.3935134469842696,-0.5689301780658067,scaffold,2035,hybrid_gated,edge_gnn,rdkit,gated,721e3c494613d3aa378fb20e47d69b51245b538e
esol,c898ecabb1da3e61,CC(C)=CCCC(C)=CC=O,aqueous_solubility,log10(mol/L),train,,-2.059999942779541,-1.1281144919077757,-2.5404061263670075,0.2841771425514559,scaffold,2035,hybrid_gated,edge_gnn,rdkit,gated,721e3c494613d3aa378fb20e47d69b51245b538e
esol,535c5d28e4e559d3,CC(C)Br,aqueous_solubility,log10(mol/L),train,,-1.590000033378601,-2.6098251131305212,-4.022116747589752,-1.1975334786712897,scaffold,2035,hybrid_gated,edge_gnn,rdkit,gated,721e3c494613d3aa378fb20e47d69b51245b538e
esol,95987bd68786d9ee,CC(C)C,aqueous_solubility,log10(mol/L),train,,-2.549999952316284,-0.742191982309671,-2.1544836167689025,0.6700996521495606,scaffold,2035,hybrid_gated,edge_gnn,rdkit,gated,721e3c494613d3aa378fb20e47d69b51245b538e
esol,e4f469dfbe6c7248,CC(C)C(=O)C(C)C,aqueous_solubility,log10(mol/L),train,,-1.2999999523162842,-6.348560805301484,-7.760852439760716,-4.936269170842253,scaffold,2035,hybrid_gated,edge_gnn,rdkit,gated,721e3c494613d3aa378fb20e47d69b51245b538e
esol,801fb00fd3e0c4d5,CC(C)C(C(=O)OC(C#N)c1cccc(Oc2ccccc2)c1)c1ccc(OC(F)F)cc1,aqueous_solubility,log10(mol/L),test,O=C(Cc1ccccc1)OCc1cccc(Oc2ccccc2)c1,-6.875999927520752,-5.110725981855225,-6.523017616314457,-3.6984343473959935,scaffold,2035,hybrid_gated,edge_gnn,rdkit,gated,721e3c494613d3aa378fb20e47d69b51245b538e
esol,971a2d381549e1b6,CC(C)C(C)(C)C,aqueous_solubility,log10(mol/L),train,,-4.360000133514404,-2.1650002055568236,-3.577291840016055,-0.752708571097592,scaffold,2035,hybrid_gated,edge_gnn,rdkit,gated,721e3c494613d3aa378fb20e47d69b51245b538e
esol,9930f08568272bf1,CC(C)C(C)C,aqueous_solubility,log10(mol/L),train,,-3.6500000953674316,-2.667831137247237,-4.080122771706469,-1.2555395027880056,scaffold,2035,hybrid_gated,edge_gnn,rdkit,gated,721e3c494613d3aa378fb20e47d69b51245b538e
esol,c18974050e7ee138,CC(C)C(C)C(C)C,aqueous_solubility,log10(mol/L),train,,-4.800000190734863,-3.6878266527791466,-5.100118287238378,-2.275535018319915,scaffold,2035,hybrid_gated,edge_gnn,rdkit,gated,721e3c494613d3aa378fb20e47d69b51245b538e
esol,978ea76b5feb1686,CC(C)C(C)O,aqueous_solubility,log10(mol/L),train,,-0.18000000715255737,-0.6151165743550795,-2.027408208814311,0.7971750601041521,scaffold,2035,hybrid_gated,edge_gnn,rdkit,gated,721e3c494613d3aa378fb20e47d69b51245b538e
esol,e2b7150c83e31acf,CC(C)C(Nc1ccc(C(F)(F)F)cc1Cl)C(=O)OC(C#N)c1cccc(Oc2ccccc2)c1,aqueous_solubility,log10(mol/L),test,O=C(CNc1ccccc1)OCc1cccc(Oc2ccccc2)c1,-8.003000259399414,-4.936010421333693,-6.348302055792924,-3.5237187868744613,scaffold,2035,hybrid_gated,edge_gnn,rdkit,gated,721e3c494613d3aa378fb20e47d69b51245b538e
esol,32ad98a585def53e,CC(C)C(O)C(C)C,aqueous_solubility,log10(mol/L),train,,-1.2200000286102295,-0.28974736984019556,-1.7020390042994271,1.122544264619036,scaffold,2035,hybrid_gated,edge_gnn,rdkit,gated,721e3c494613d3aa378fb20e47d69b51245b538e
esol,bb33156a890031e5,CC(C)C1(C(C)C)C(=O)NC(=O)NC1=O,aqueous_solubility,log10(mol/L),train,O=C1CC(=O)NC(=O)N1,-2.7660000324249268,-0.4023066615740074,-1.814598296033239,1.0099849728852242,scaffold,2035,hybrid_gated,edge_gnn,rdkit,gated,721e3c494613d3aa378fb20e47d69b51245b538e
esol,a9f5cc2dbef55d82,CC(C)CBr,aqueous_solubility,log10(mol/L),train,,-2.430000066757202,-3.2493035336105014,-4.6615951680697325,-1.8370118991512698,scaffold,2035,hybrid_gated,edge_gnn,rdkit,gated,721e3c494613d3aa378fb20e47d69b51245b538e
esol,9767ef661176963a,CC(C)CC(C)(C)C,aqueous_solubility,log10(mol/L),train,,-4.739999771118164,-2.121757364315601,-3.5340489987748325,-0.7094657298563694,scaffold,2035,hybrid_gated,edge_gnn,rdkit,gated,721e3c494613d3aa378fb20e47d69b51245b538e
esol,65c6ae561970a8f6,CC(C)CC(C)(C)O,aqueous_solubility,log10(mol/L),train,,-0.9200000166893005,-1.1547406752349723,-2.567032309694204,0.2575509592242593,scaffold,2035,hybrid_gated,edge_gnn,rdkit,gated,721e3c494613d3aa378fb20e47d69b51245b538e
esol,fc51136a8a654d34,CC(C)CC(C)C,aqueous_solubility,log10(mol/L),train,,-4.260000228881836,-2.0003750610214714,-3.412666695480703,-0.5880834265622399,scaffold,2035,hybrid_gated,edge_gnn,rdkit,gated,721e3c494613d3aa378fb20e47d69b51245b538e
esol,007b2ee5ac048d20,CC(C)CC(C)O,aqueous_solubility,log10(mol/L),train,,-0.800000011920929,-0.018115162725488965,-1.4304067971847205,1.3941764717337426,scaffold,2035,hybrid_gated,edge_gnn,rdkit,gated,721e3c494613d3aa378fb20e47d69b51245b538e
esol,2774ef2a0e9764fc,CC(C)CCC(C)(C)C,aqueous_solubility,log10(mol/L),train,,-5.050000190734863,-1.4852616946288137,-2.897553329088045,-0.07297006016958218,scaffold,2035,hybrid_gated,edge_gnn,rdkit,gated,721e3c494613d3aa378fb20e47d69b51245b538e
esol,adfdc3a538b6bc95,CC(C)CCCCCOC(=O)c1ccccc1C(=O)OCCCCCC(C)C,aqueous_solubility,log10(mol/L),train,c1ccccc1,-6.63700008392334,-0.665328120643768,-2.0776197551029996,0.7469635138154636,scaffold,2035,hybrid_gated,edge_gnn,rdkit,gated,721e3c494613d3aa378fb20e47d69b51245b538e
esol,326152527f8ef260,CC(C)CCCO,aqueous_solubility,log10(mol/L),train,,-1.1399999856948853,-3.9238291756881485,-5.33612081014738,-2.511537541228917,scaffold,2035,hybrid_gated,edge_gnn,rdkit,gated,721e3c494613d3aa378fb20e47d69b51245b538e
esol,e72c942c9f10c105,CC(C)CCO,aqueous_solubility,log10(mol/L),train,,-0.5099999904632568,-3.354229297187986,-4.766520931647218,-1.9419376627287543,scaffold,2035,hybrid_gated,edge_gnn,rdkit,gated,721e3c494613d3aa378fb20e47d69b51245b538e
esol,580633e5949870be,CC(C)CCOC=O,aqueous_solubility,log10(mol/L),train,,-1.5199999809265137,-1.70595635959252,-3.1182479940517513,-0.29366472513328845,scaffold,2035,hybrid_gated,edge_gnn,rdkit,gated,721e3c494613d3aa378fb20e47d69b51245b538e
esol,044d6817573e4ec1,CC(C)CCl,aqueous_solubility,log10(mol/L),train,,-2.0,-3.9784873278514516,-5.390778962310684,-2.56619569339222,scaffold,2035,hybrid_gated,edge_gnn,rdkit,gated,721e3c494613d3aa378fb20e47d69b51245b538e
esol,c7e2af3674efd1e5,CC(C)CNC(=O)N1CCNC1=O,aqueous_solubility,log10(mol/L),validation,O=C1NCCN1,-2.1500000953674316,-1.412710571472207,-2.8250022059314386,-0.00041893701297546215,scaffold,2035,hybrid_gated,edge_gnn,rdkit,gated,721e3c494613d3aa378fb20e47d69b51245b538e
esol,41c39e97374aea92,CC(C)CO,aqueous_solubility,log10(mol/L),train,,0.10000000149011612,-1.3321725435738057,-2.744464178033037,0.0801190908854259,scaffold,2035,hybrid_gated,edge_gnn,rdkit,gated,721e3c494613d3aa378fb20e47d69b51245b538e
esol,a5b3130b9ae3a50f,CC(C)COC=O,aqueous_solubility,log10(mol/L),train,,-1.0099999904632568,-3.2542063219309942,-4.666497956390225,-1.8419146874717627,scaffold,2035,hybrid_gated,edge_gnn,rdkit,gated,721e3c494613d3aa378fb20e47d69b51245b538e
esol,89b6828cf758e524,CC(C)Cc1ccccc1,aqueous_solubility,log10(mol/L),train,c1ccccc1,-4.119999885559082,-3.9865825618187745,-5.3988741962780065,-2.574290927359543,scaffold,2035,hybrid_gated,edge_gnn,rdkit,gated,721e3c494613d3aa378fb20e47d69b51245b538e
esol,6a779f0d95ea7e4a,CC(C)Cl,aqueous_solubility,log10(mol/L),train,,-1.409999966621399,-1.502654711992459,-2.9149463464516905,-0.09036307753322737,scaffold,2035,hybrid_gated,edge_gnn,rdkit,gated,721e3c494613d3aa378fb20e47d69b51245b538e
esol,24f73c6fe92d75d5,CC(C)I,aqueous_solubility,log10(mol/L),train,,-2.0899999141693115,-2.410708468797539,-3.8230001032567706,-0.9984168343383075,scaffold,2035,hybrid_gated,edge_gnn,rdkit,gated,721e3c494613d3aa378fb20e47d69b51245b538e
esol,277fa10e772d1085,CC(C)N(C(=O)CCl)c1ccccc1,aqueous_solubility,log10(mol/L),train,c1ccccc1,-2.4800000190734863,1.3709296798154096,-0.041361954643821974,2.783221314274641,scaffold,2035,hybrid_gated,edge_gnn,rdkit,gated,721e3c494613d3aa378fb20e47d69b51245b538e
esol,bfb579ee7985265c,CC(C)N(C(=O)SCC(Cl)=C(Cl)Cl)C(C)C,aqueous_solubility,log10(mol/L),train,,-4.880000114440918,1.1178269966760301,-0.2944646377832014,2.5301186311352617,scaffold,2035,hybrid_gated,edge_gnn,rdkit,gated,721e3c494613d3aa378fb20e47d69b51245b538e
esol,70d46896362ebbb7,CC(C)N(C(=O)SCC(Cl)=CCl)C(C)C,aqueous_solubility,log10(mol/L),train,,-4.285999774932861,-2.8924689652333124,-4.304760599692544,-1.4801773307740809,scaffold,2035,hybrid_gated,edge_gnn,rdkit,gated,721e3c494613d3aa378fb20e47d69b51245b538e
esol,7e3c17dbde2fb402,CC(C)NC(=O)N1CC(=O)N(c2cc(Cl)cc(Cl)c2)C1=O,aqueous_solubility,log10(mol/L),train,O=C1CNC(=O)N1c1ccccc1,-4.375999927520752,0.7601393356478066,-0.652152298811425,2.172430970107038,scaffold,2035,hybrid_gated,edge_gnn,rdkit,gated,721e3c494613d3aa378fb20e47d69b51245b538e
esol,c6b4be5527562b2b,CC(C)Nc1nc(Cl)nc(NC(C)C)n1,aqueous_solubility,log10(mol/L),train,c1ncncn1,-4.429999828338623,-7.109835172701414,-8.522126807160646,-5.697543538242183,scaffold,2035,hybrid_gated,edge_gnn,rdkit,gated,721e3c494613d3aa378fb20e47d69b51245b538e
esol,cda3c19cb61dcf61,CC(C)O,aqueous_solubility,log10(mol/L),train,,0.4300000071525574,-4.614419792469333,-6.026711426928564,-3.202128158010101,scaffold,2035,hybrid_gated,edge_gnn,rdkit,gated,721e3c494613d3aa378fb20e47d69b51245b538e
esol,29b5883563652a4a,CC(C)OC(=O)C(O)(c1ccc(Br)cc1)c1ccc(Br)cc1,aqueous_solubility,log10(mol/L),calibration,c1ccc(Cc2ccccc2)cc1,-4.929999828338623,-5.166976407338929,-6.57926804179816,-3.7546847728796973,scaffold,2035,hybrid_gated,edge_gnn,rdkit,gated,721e3c494613d3aa378fb20e47d69b51245b538e
esol,3a93ce33b34309ec,CC(C)OC(=O)C(O)(c1ccc(Cl)cc1)c1cccc(Cl)c1,aqueous_solubility,log10(mol/L),calibration,c1ccc(Cc2ccccc2)cc1,-4.53000020980835,-4.436583352483407,-5.848874986942638,-3.024291718024175,scaffold,2035,hybrid_gated,edge_gnn,rdkit,gated,721e3c494613d3aa378fb20e47d69b51245b538e
esol,fe1b8ef4223e48b9,CC(C)OC(=O)Nc1cccc(Cl)c1,aqueous_solubility,log10(mol/L),train,c1ccccc1,-3.380000114440918,-1.3474994660374096,-2.759791100496641,0.064792168421822,scaffold,2035,hybrid_gated,edge_gnn,rdkit,gated,721e3c494613d3aa378fb20e47d69b51245b538e
esol,c058498368b6f45f,CC(C)OC(C)C,aqueous_solubility,log10(mol/L),train,,-1.100000023841858,-4.236897192785349,-5.649188827244581,-2.824605558326118,scaffold,2035,hybrid_gated,edge_gnn,rdkit,gated,721e3c494613d3aa378fb20e47d69b51245b538e
esol,64969de570667f54,CC(C)OC=O,aqueous_solubility,log10(mol/L),train,,-0.6299999952316284,-1.3947991892618457,-2.807090823721077,0.01749244519738591,scaffold,2035,hybrid_gated,edge_gnn,rdkit,gated,721e3c494613d3aa378fb20e47d69b51245b538e
esol,a4f756df109453e5,CC(C)OP(=S)(OC(C)C)SCCNS(=O)(=O)c1ccccc1,aqueous_solubility,log10(mol/L),train,c1ccccc1,-4.199999809265137,-1.1983370118437082,-2.61062864630294,0.21395462261552334,scaffold,2035,hybrid_gated,edge_gnn,rdkit,gated,721e3c494613d3aa378fb20e47d69b51245b538e
esol,ee085d3f01995af6,CC(C)Oc1cc(-n2nc(C(C)(C)C)oc2=O)c(Cl)cc1Cl,aqueous_solubility,log10(mol/L),test,O=c1ocnn1-c1ccccc1,-5.696000099182129,-5.271750011116083,-6.684041645575315,-3.8594583766568515,scaffold,2035,hybrid_gated,edge_gnn,rdkit,gated,721e3c494613d3aa378fb20e47d69b51245b538e
esol,76ccfd6237ac9890,CC(C)SC(C)C,aqueous_solubility,log10(mol/L),train,,-2.240000009536743,-3.0501101709238587,-4.46240180538309,-1.6378185364646272,scaffold,2035,hybrid_gated,edge_gnn,rdkit,gated,721e3c494613d3aa378fb20e47d69b51245b538e
esol,a33de185411c9169,CC(C)[N+](=O)[O-],aqueous_solubility,log10(mol/L),train,,-0.6200000047683716,-2.745892336779892,-4.158183971239124,-1.3336007023206604,scaffold,2035,hybrid_gated,edge_gnn,rdkit,gated,721e3c494613d3aa378fb20e47d69b51245b538e
esol,5bf16fbdd33fd7e5,CC(C)c1ccc(NC(=O)N(C)C)cc1,aqueous_solubility,log10(mol/L),train,c1ccccc1,-3.5360000133514404,-2.7656617225942726,-4.177953357053504,-1.353370088135041,scaffold,2035,hybrid_gated,edge_gnn,rdkit,gated,721e3c494613d3aa378fb20e47d69b51245b538e
esol,ebcaf3b06d31e23c,CC(C)c1ccccc1,aqueous_solubility,log10(mol/L),train,c1ccccc1,-3.2699999809265137,-2.5334582949341606,-3.945749929393392,-1.121166660474929,scaffold,2035,hybrid_gated,edge_gnn,rdkit,gated,721e3c494613d3aa378fb20e47d69b51245b538e
esol,e826c8452f856a21,CC(Cl)(Cl)Cl,aqueous_solubility,log10(mol/L),train,,-2.0,-1.5494087504997056,-2.961700384958937,-0.13711711604047405,scaffold,2035,hybrid_gated,edge_gnn,rdkit,gated,721e3c494613d3aa378fb20e47d69b51245b538e
esol,ae412188d225d1ff,CC(Cl)CCl,aqueous_solubility,log10(mol/L),train,,-1.600000023841858,-5.110916270692172,-6.523207905151404,-3.6986246362329407,scaffold,2035,hybrid_gated,edge_gnn,rdkit,gated,721e3c494613d3aa378fb20e47d69b51245b538e
esol,6fc705daaa981f1c,CC(Cl)Cl,aqueous_solubility,log10(mol/L),train,,-1.2899999618530273,1.0498147730434186,-0.3624768614158129,2.46210640750265,scaffold,2035,hybrid_gated,edge_gnn,rdkit,gated,721e3c494613d3aa378fb20e47d69b51245b538e
esol,ca06354cc736b665,CC(N)=O,aqueous_solubility,log10(mol/L),train,,1.5800000429153442,-3.405904000713579,-4.818195635172811,-1.9936123662543475,scaffold,2035,hybrid_gated,edge_gnn,rdkit,gated,721e3c494613d3aa378fb20e47d69b51245b538e
esol,ac8678e7da550080,CC(O)C(C)(C)C,aqueous_solubility,log10(mol/L),train,,-0.6200000047683716,-5.639476417940678,-7.051768052399909,-4.227184783481446,scaffold,2035,hybrid_gated,edge_gnn,rdkit,gated,721e3c494613d3aa378fb20e47d69b51245b538e
esol,37f42148c61ea59a,CC(O)c1ccccc1,aqueous_solubility,log10(mol/L),train,c1ccccc1,-0.9200000166893005,-3.4071144491486063,-4.819406083607838,-1.9948228146893747,scaffold,2035,hybrid_gated,edge_gnn,rdkit,gated,721e3c494613d3aa378fb20e47d69b51245b538e
esol,5a24ac22a4147a29,CC1(C)C(=O)NC(=O)NC1=O,aqueous_solubility,log10(mol/L),train,O=C1CC(=O)NC(=O)N1,-1.7419999837875366,-1.9898519814344293,-3.402143615893661,-0.5775603469751978,scaffold,2035,hybrid_gated,edge_gnn,rdkit,gated,721e3c494613d3aa378fb20e47d69b51245b538e
esol,ad73c6a3bc5310b2,CC1(C)C(C(=O)OC(C#N)c2cccc(Oc3ccccc3)c2)C1(C)C,aqueous_solubility,log10(mol/L),validation,O=C(OCc1cccc(Oc2ccccc2)c1)C1CC1,-6.025000095367432,-5.692526379989479,-7.1048180144487105,-4.280234745530247,scaffold,2035,hybrid_gated,edge_gnn,rdkit,gated,721e3c494613d3aa378fb20e47d69b51245b538e
esol,f4cd15c48a6c1364,CC1(C)C(C=C(Br)Br)C1C(=O)OC(C#N)c1cccc(Oc2ccccc2)c1,aqueous_solubility,log10(mol/L),validation,O=C(OCc1cccc(Oc2ccccc2)c1)C1CC1,-8.402000427246094,-6.2533679237531175,-7.665659558212349,-4.841076289293886,scaffold,2035,hybrid_gated,edge_gnn,rdkit,gated,721e3c494613d3aa378fb20e47d69b51245b538e
esol,b671f3921f45bbf0,CC1(C)C(C=C(Cl)C(F)(F)F)C1C(=O)OC(C#N)c1cccc(Oc2ccccc2)c1,aqueous_solubility,log10(mol/L),validation,O=C(OCc1cccc(Oc2ccccc2)c1)C1CC1,-8.175999641418457,-5.822578941133368,-7.234870575592599,-4.410287306674136,scaffold,2035,hybrid_gated,edge_gnn,rdkit,gated,721e3c494613d3aa378fb20e47d69b51245b538e
esol,fe6fc5479a503890,CC1(C)C(C=C(Cl)Cl)C1C(=O)OC(C#N)c1ccc(F)c(Oc2ccccc2)c1,aqueous_solubility,log10(mol/L),validation,O=C(OCc1cccc(Oc2ccccc2)c1)C1CC1,-7.336999893188477,-6.0908139817457645,-7.503105616204996,-4.678522347286533,scaffold,2035,hybrid_gated,edge_gnn,rdkit,gated,721e3c494613d3aa378fb20e47d69b51245b538e
esol,2cf7a20f75b7dd82,CC1(C)C(C=C(Cl)Cl)C1C(=O)OC(C#N)c1cccc(Oc2ccccc2)c1,aqueous_solubility,log10(mol/L),validation,O=C(OCc1cccc(Oc2ccccc2)c1)C1CC1,-8.017000198364258,-6.06821997373631,-7.480511608195542,-4.655928339277079,scaffold,2035,hybrid_gated,edge_gnn,rdkit,gated,721e3c494613d3aa378fb20e47d69b51245b538e
esol,4fcaa23e29a00d85,CC1(C)C(C=C(Cl)Cl)C1C(=O)OCc1cccc(Oc2ccccc2)c1,aqueous_solubility,log10(mol/L),validation,O=C(OCc1cccc(Oc2ccccc2)c1)C1CC1,-6.290999889373779,-6.027824338126569,-7.440115972585801,-4.615532703667338,scaffold,2035,hybrid_gated,edge_gnn,rdkit,gated,721e3c494613d3aa378fb20e47d69b51245b538e
esol,51653ae53f89ae0c,CC1(C)C2CCC1(C)C(O)C2,aqueous_solubility,log10(mol/L),validation,C1CC2CCC1C2,-2.319999933242798,-2.4605233424451622,-3.872814976904394,-1.0482317079859307,scaffold,2035,hybrid_gated,edge_gnn,rdkit,gated,721e3c494613d3aa378fb20e47d69b51245b538e
esol,db019bf83d05a9d8,CC1(C)CON(Cc2ccccc2Cl)C1=O,aqueous_solubility,log10(mol/L),validation,O=C1CCON1Cc1ccccc1,-2.3380000591278076,-3.726807356662471,-5.139098991121703,-2.3145157222032395,scaffold,2035,hybrid_gated,edge_gnn,rdkit,gated,721e3c494613d3aa378fb20e47d69b51245b538e
esol,308633e920b6ab7c,CC1(C)OC2CC3C4CCC5=CC(=O)C=CC5(C)C4(F)C(O)CC3(C)C2(C(=O)CO)O1,aqueous_solubility,log10(mol/L),test,O=C1C=CC2C(=C1)CCC1C2CCC2C1CC1OCOC12,-4.309999942779541,-4.648490165372273,-6.060781799831505,-3.2361985309130414,scaffold,2035,hybrid_gated,edge_gnn,rdkit,gated,721e3c494613d3aa378fb20e47d69b51245b538e
esol,8bc400d159a3a189,CC12C=CC(=O)C=C1CCC1C2C(O)CC2(C)C1CCC2(O)C(=O)CO,aqueous_solubility,log10(mol/L),calibration,O=C1C=CC2C(=C1)CCC1C3CCCC3CCC21,-3.180000066757202,-3.615603665023331,-5.027895299482562,-2.2033120305640996,scaffold,2035,hybrid_gated,edge_gnn,rdkit,gated,721e3c494613d3aa378fb20e47d69b51245b538e
esol,561a6a9236d5f10f,CC12C=CC(=O)C=C1CCC1C3CC(O)C(O)(C(=O)CO)C3(C)CC(O)C12F,aqueous_solubility,log10(mol/L),calibration,O=C1C=CC2C(=C1)CCC1C3CCCC3CCC21,-3.680000066757202,-3.423645405816779,-4.8359370402760105,-2.0113537713575473,scaffold,2035,hybrid_gated,edge_gnn,rdkit,gated,721e3c494613d3aa378fb20e47d69b51245b538e
esol,06060f1f62be068f,CC12CC(=O)C3C(CCC4=CC(=O)CCC43C)C1CCC2=O,aqueous_solubility,log10(mol/L),train,O=C1C=C2CCC3C4CCC(=O)C4CC(=O)C3C2CC1,-3.4800000190734863,-0.6787592816606285,-2.09105091611986,0.7335323527986031,scaffold,2035,hybrid_gated,edge_gnn,rdkit,gated,721e3c494613d3aa378fb20e47d69b51245b538e
esol,eab4b4949a3f41a8,CC12CC1(C)C(=O)N(c1cc(Cl)cc(Cl)c1)C2=O,aqueous_solubility,log10(mol/L),train,O=C1C2CC2C(=O)N1c1ccccc1,-4.800000190734863,-2.0240742171825863,-3.436365851641818,-0.6117825827233547,scaffold,2035,hybrid_gated,edge_gnn,rdkit,gated,721e3c494613d3aa378fb20e47d69b51245b538e
esol,853813295aac305d,CC12CCC(=O)C=C1CCC1C2C(=O)CC2(C)C1CCC2(O)C(=O)CO,aqueous_solubility,log10(mol/L),train,O=C1C=C2CCC3C4CCCC4CC(=O)C3C2CC1,-3.109999895095825,-0.842134126384676,-2.2544257608439073,0.5701575080745556,scaffold,2035,hybrid_gated,edge_gnn,rdkit,gated,721e3c494613d3aa378fb20e47d69b51245b538e
esol,b030c0b4441d718d,CC12CCC(=O)C=C1CCC1C2C(O)CC2(C)C(C(=O)CO)CCC12,aqueous_solubility,log10(mol/L),train,O=C1C=C2CCC3C4CCCC4CCC3C2CC1,-3.240000009536743,-2.625617483039555,-4.037909117498787,-1.2133258485803236,scaffold,2035,hybrid_gated,edge_gnn,rdkit,gated,721e3c494613d3aa378fb20e47d69b51245b538e
esol,66ce1fff4359da1b,CC12CCC(=O)C=C1CCC1C2C(O)CC2(C)C1CCC2(O)C(=O)CO,aqueous_solubility,log10(mol/L),train,O=C1C=C2CCC3C4CCCC4CCC3C2CC1,-3.0899999141693115,-2.385383661561227,-3.7976752960204587,-0.9730920271019956,scaffold,2035,hybrid_gated,edge_gnn,rdkit,gated,721e3c494613d3aa378fb20e47d69b51245b538e
esol,16ed90921e2e8d8e,CC12CCC(=O)C=C1CCC1C2C(O)CC2(C=O)C(C(=O)CO)CCC12,aqueous_solubility,log10(mol/L),train,O=C1C=C2CCC3C4CCCC4CCC3C2CC1,-3.8499999046325684,-0.3067144347885513,-1.7190060692477829,1.1055771996706802,scaffold,2035,hybrid_gated,edge_gnn,rdkit,gated,721e3c494613d3aa378fb20e47d69b51245b538e
esol,e9814f0ffa3f1075,CC12CCC(=O)C=C1CCC1C2CCC2(C)C(C(=O)CO)CCC12,aqueous_solubility,log10(mol/L),train,O=C1C=C2CCC3C4CCCC4CCC3C2CC1,-3.450000047683716,0.23505902720530303,-1.1772326072539285,1.6473506616645346,scaffold,2035,hybrid_gated,edge_gnn,rdkit,gated,721e3c494613d3aa378fb20e47d69b51245b538e
esol,6db1181db60789c5,CC12CCC(=O)C=C1CCC1C2CCC2(C)C(O)CCC12,aqueous_solubility,log10(mol/L),train,O=C1C=C2CCC3C4CCCC4CCC3C2CC1,-4.019999980926514,-2.1045343240591166,-3.516825958518348,-0.692242689599885,scaffold,2035,hybrid_gated,edge_gnn,rdkit,gated,721e3c494613d3aa378fb20e47d69b51245b538e
esol,a410bd3aa9a97d06,CC12CCC(=O)C=C1CCC1C2CCC2(C)C1CCC2(C)O,aqueous_solubility,log10(mol/L),train,O=C1C=C2CCC3C4CCCC4CCC3C2CC1,-3.999000072479248,-2.12792250882502,-3.5402141432842518,-0.7156308743657886,scaffold,2035,hybrid_gated,edge_gnn,rdkit,gated,721e3c494613d3aa378fb20e47d69b51245b538e
esol,b37910a504cc939f,CC12CCC(=O)C=C1CCC1C3CCC(O)(C(=O)CO)C3(C)CC(O)C12F,aqueous_solubility,log10(mol/L),train,O=C1C=C2CCC3C4CCCC4CCC3C2CC1,-3.430000066757202,-2.9198444702470128,-4.332136104706244,-1.5075528357877812,scaffold,2035,hybrid_gated,edge_gnn,rdkit,gated,721e3c494613d3aa378fb20e47d69b51245b538e
esol,fc86c422a483c072,CC12CCC(C1)C(C)(C)C2=O,aqueous_solubility,log10(mol/L),validation,O=C1CC2CCC1C2,-1.850000023841858,-2.5454108867437086,-3.95770252120294,-1.133119252284477,scaffold,2035,hybrid_gated,edge_gnn,rdkit,gated,721e3c494613d3aa378fb20e47d69b51245b538e
esol,1fb8edc59b2eefb0,CC12CCC(CC1)C(C)(C)O2,aqueous_solubility,log10(mol/L),calibration,C1CC2CCC1CO2,-1.6899999976158142,-3.1999901577591277,-4.61228179221836,-1.787698523299896,scaffold,2035,hybrid_gated,edge_gnn,rdkit,gated,721e3c494613d3aa378fb20e47d69b51245b538e
esol,d3c0277d3ba07790,CC12CCC(CC1=O)C2(C)C,aqueous_solubility,log10(mol/L),validation,O=C1CC2CCC1C2,-1.9600000381469727,-2.575541288891754,-3.9878329233509855,-1.1632496544325224,scaffold,2035,hybrid_gated,edge_gnn,rdkit,gated,721e3c494613d3aa378fb20e47d69b51245b538e
esol,dccc95418d7103ad,CC12CCC3C(=CCc4cc(O)ccc43)C1CCC2=O,aqueous_solubility,log10(mol/L),calibration,O=C1CCC2C3=CCc4ccccc4C3CCC12,-5.2820000648498535,-4.2775379945370755,-5.689829628996307,-2.865246360077844,scaffold,2035,hybrid_gated,edge_gnn,rdkit,gated,721e3c494613d3aa378fb20e47d69b51245b538e
esol,70d2277f708f35c0,CC12CCC3C(CC=C4CC(O)CCC43C)C1CCC2=O,aqueous_solubility,log10(mol/L),calibration,O=C1CCC2C1CCC1C3CCCCC3=CCC21,-4.119999885559082,-4.075235303939967,-5.487526938399198,-2.662943669480735,scaffold,2035,hybrid_gated,edge_gnn,rdkit,gated,721e3c494613d3aa378fb20e47d69b51245b538e
esol,3262b47324486ddb,CC12CCC3C(CCC4=CC(=O)CCC43C)C1CCC2=O,aqueous_solubility,log10(mol/L),validation,O=C1C=C2CCC3C4CCC(=O)C4CCC3C2CC1,-3.690000057220459,-4.2146494344386305,-5.626941068897862,-2.802357799979399,scaffold,2035,hybrid_gated,edge_gnn,rdkit,gated,721e3c494613d3aa378fb20e47d69b51245b538e
esol,5eb9d5702255e00b,CC12CCC3C(CCC4CC(=O)CCC43C)C1CCC2O,aqueous_solubility,log10(mol/L),validation,O=C1CCC2C(CCC3C4CCCC4CCC23)C1,-4.743000030517578,-4.012189951541415,-5.424481586000646,-2.599898317082183,scaffold,2035,hybrid_gated,edge_gnn,rdkit,gated,721e3c494613d3aa378fb20e47d69b51245b538e
esol,d792bed320b4011c,CC12CCC3C(CCC4CC(O)CCC43C)C1CCC2=O,aqueous_solubility,log10(mol/L),calibration,O=C1CCC2C1CCC1C3CCCCC3CCC21,-4.2809998989105225,-3.948911311205431,-5.361202945664663,-2.5366196767461995,scaffold,2035,hybrid_gated,edge_gnn,rdkit,gated,721e3c494613d3aa378fb20e47d69b51245b538e
esol,b908be84e83c2496,CC12CCC3C(CCC4CC5SC5CC43C)C1CCC2O,aqueous_solubility,log10(mol/L),test,C1CC2CCC3C4CC5SC5CC4CCC3C2C1,-5.409999847412109,-4.806524925675189,-6.218816560134421,-3.394233291215958,scaffold,2035,hybrid_gated,edge_gnn,rdkit,gated,721e3c494613d3aa378fb20e47d69b51245b538e
esol,2daaedea250881cb,CC12CCC3c4ccc(O)cc4CCC3C1CC(O)C2O,aqueous_solubility,log10(mol/L),validation,c1ccc2c(c1)CCC1C2CCC2CCCC21,-4.954999923706055,-3.9406055954534196,-5.352897229912651,-2.528313960994188,scaffold,2035,hybrid_gated,edge_gnn,rdkit,gated,721e3c494613d3aa378fb20e47d69b51245b538e
esol,9b5249c4f004fb08,CC12CCC3c4ccc(O)cc4CCC3C1CCC2=O,aqueous_solubility,log10(mol/L),test,O=C1CCC2C1CCC1c3ccccc3CCC12,-3.9549999237060547,-4.155137372766571,-5.567429007225803,-2.7428457383073397,scaffold,2035,hybrid_gated,edge_gnn,rdkit,gated,721e3c494613d3aa378fb20e47d69b51245b538e
esol,549c66ea8743a7af,CC12CCC3c4ccc(O)cc4CCC3C1CCC2O,aqueous_solubility,log10(mol/L),validation,c1ccc2c(c1)CCC1C2CCC2CCCC21,-5.03000020980835,-4.397454883735436,-5.809746518194667,-2.985163249276204,scaffold,2035,hybrid_gated,edge_gnn,rdkit,gated,721e3c494613d3aa378fb20e47d69b51245b538e
esol,673567a4582a20ec,CC12CCc3c(ccc4cc(O)ccc34)C1CCC2=O,aqueous_solubility,log10(mol/L),calibration,O=C1CCC2c3ccc4ccccc4c3CCC12,-5.239999771118164,-4.441178554696986,-5.8534701891562175,-3.0288869202377544,scaffold,2035,hybrid_gated,edge_gnn,rdkit,gated,721e3c494613d3aa378fb20e47d69b51245b538e
esol,6cc22f666ec43b0c,CC1=C(C(=O)Nc2ccccc2)CCCO1,aqueous_solubility,log10(mol/L),validation,O=C(Nc1ccccc1)C1=COCCC1,-2.559999942779541,-3.0540775803312727,-4.466369214790504,-1.6417859458720412,scaffold,2035,hybrid_gated,edge_gnn,rdkit,gated,721e3c494613d3aa378fb20e47d69b51245b538e
esol,2e8679647e9c7af4,CC1=C(C(=O)Nc2ccccc2)S(=O)(=O)CCO1,aqueous_solubility,log10(mol/L),train,O=C(Nc1ccccc1)C1=COCCS1(=O)=O,-2.2809998989105225,-4.146406179727453,-5.558697814186685,-2.7341145452682216,scaffold,2035,hybrid_gated,edge_gnn,rdkit,gated,721e3c494613d3aa378fb20e47d69b51245b538e
esol,b5b4cb2a5e9b9324,CC1=C(C(=O)Nc2ccccc2)SCCO1,aqueous_solubility,log10(mol/L),train,O=C(Nc1ccccc1)C1=COCCS1,-3.140000104904175,-2.95244420264418,-4.364735837103412,-1.5401525681849484,scaffold,2035,hybrid_gated,edge_gnn,rdkit,gated,721e3c494613d3aa378fb20e47d69b51245b538e
esol,7efcd8aa4b87cc1a,CC1=C2C3OC(=O)C(C)C3CCC2(C)C=CC1=O,aqueous_solubility,log10(mol/L),calibration,O=C1C=CC2CCC3CC(=O)OC3C2=C1,-3.0899999141693115,-4.164503337057031,-5.576794971516263,-2.7522117025977995,scaffold,2035,hybrid_gated,edge_gnn,rdkit,gated,721e3c494613d3aa378fb20e47d69b51245b538e
esol,96de9e25198b2092,CC1=CC(=O)CC(C)(C)C1,aqueous_solubility,log10(mol/L),train,O=C1C=CCCC1,-1.059999942779541,-4.655619582527349,-6.06791121698658,-3.243327948068117,scaffold,2035,hybrid_gated,edge_gnn,rdkit,gated,721e3c494613d3aa378fb20e47d69b51245b538e
esol,f59c469fca861fbf,CC1=CC(=O)c2ccccc2C1=O,aqueous_solubility,log10(mol/L),train,O=C1C=CC(=O)c2ccccc21,-3.0299999713897705,-1.7859997196622894,-3.1982913541215208,-0.37370808520305787,scaffold,2035,hybrid_gated,edge_gnn,rdkit,gated,721e3c494613d3aa378fb20e47d69b51245b538e
esol,ded0a2c22ffe923c,CC1=CCCCC1,aqueous_solubility,log10(mol/L),test,C1=CCCCC1,-3.2699999809265137,-2.562122392121095,-3.9744140265803267,-1.1498307576618636,scaffold,2035,hybrid_gated,edge_gnn,rdkit,gated,721e3c494613d3aa378fb20e47d69b51245b538e
esol,ed4c980dd8b4f9e0,CC1CC(C)C(=O)C(C(O)CC2CC(=O)NC(=O)C2)C1,aqueous_solubility,log10(mol/L),train,O=C1CC(CCC2CCCCC2=O)CC(=O)N1,-1.1299999952316284,-1.0476745779789867,-2.4599662124382182,0.3646170564802449,scaffold,2035,hybrid_gated,edge_gnn,rdkit,gated,721e3c494613d3aa378fb20e47d69b51245b538e
esol,37ef59ba8bc69fae,CC1CC2C3CC(F)C4=CC(=O)C=CC4(C)C3(F)C(O)CC2(C)C1(O)C(=O)CO,aqueous_solubility,log10(mol/L),calibration,O=C1C=CC2C(=C1)CCC1C3CCCC3CCC21,-5.61299991607666,-3.690976812017766,-5.1032684464769975,-2.2786851775585344,scaffold,2035,hybrid_gated,edge_gnn,rdkit,gated,721e3c494613d3aa378fb20e47d69b51245b538e
esol,efe337a66ed3ef56,CC1CC2C3CCC4=CC(=O)C=CC4(C)C3(F)C(O)CC2(C)C1(O)C(=O)CO,aqueous_solubility,log10(mol/L),calibration,O=C1C=CC2C(=C1)CCC1C3CCCC3CCC21,-3.5899999141693115,-3.898865940998446,-5.311157575457678,-2.4865743065392145,scaffold,2035,hybrid_gated,edge_gnn,rdkit,gated,721e3c494613d3aa378fb20e47d69b51245b538e
esol,990639b2658aeabf,CC1CCC(C(C)C)C(=O)C1,aqueous_solubility,log10(mol/L),calibration,O=C1CCCCC1,-2.3499999046325684,-2.562965744644396,-3.9752573791036276,-1.1506741101851645,scaffold,2035,hybrid_gated,edge_gnn,rdkit,gated,721e3c494613d3aa378fb20e47d69b51245b538e
esol,355260992ae623bd,CC1CCC(C(C)C)C(O)C1,aqueous_solubility,log10(mol/L),test,C1CCCCC1,-2.5299999713897705,-2.5708000738487007,-3.9830917083079322,-1.1585084393894691,scaffold,2035,hybrid_gated,edge_gnn,rdkit,gated,721e3c494613d3aa378fb20e47d69b51245b538e
esol,6deb7ea9bd9ff6c3,CC1CCC(C)CC1,aqueous_solubility,log10(mol/L),test,C1CCCCC1,-4.46999979019165,-4.068581133749078,-5.480872768208309,-2.656289499289846,scaffold,2035,hybrid_gated,edge_gnn,rdkit,gated,721e3c494613d3aa378fb20e47d69b51245b538e
esol,7fed54044e7b496d,CC1CCCC1,aqueous_solubility,log10(mol/L),calibration,C1CCCC1,-3.299999952316284,-2.58640758919937,-3.9986992236586016,-1.1741159547401385,scaffold,2035,hybrid_gated,edge_gnn,rdkit,gated,721e3c494613d3aa378fb20e47d69b51245b538e
esol,07b03b234e331841,CC1CCCCC1,aqueous_solubility,log10(mol/L),test,C1CCCCC1,-3.8499999046325684,-3.3854427837227337,-4.797734418181966,-1.973151149263502,scaffold,2035,hybrid_gated,edge_gnn,rdkit,gated,721e3c494613d3aa378fb20e47d69b51245b538e
esol,1006f9328e658b00,CC1CCCCC1C,aqueous_solubility,log10(mol/L),test,C1CCCCC1,-4.300000190734863,-4.046922178002077,-5.459213812461309,-2.634630543542846,scaffold,2035,hybrid_gated,edge_gnn,rdkit,gated,721e3c494613d3aa378fb20e47d69b51245b538e
esol,22f824d41aeea5a5,CC1CCCCC1NC(=O)Nc1ccccc1,aqueous_solubility,log10(mol/L),test,O=C(Nc1ccccc1)NC1CCCCC1,-4.110000133514404,-3.4786577660398685,-4.8909494004991,-2.066366131580637,scaffold,2035,hybrid_gated,edge_gnn,rdkit,gated,721e3c494613d3aa378fb20e47d69b51245b538e
esol,14cfac60d34ed2f7,CC1CCCO1,aqueous_solubility,log10(mol/L),train,C1CCOC1,0.10999999940395355,-3.0718798909283214,-4.484171525387553,-1.6595882564690898,scaffold,2035,hybrid_gated,edge_gnn,rdkit,gated,721e3c494613d3aa378fb20e47d69b51245b538e
esol,a9d5ebbbd488d8e2,CC1CO1,aqueous_solubility,log10(mol/L),validation,C1CO1,-0.5899999737739563,-0.16122353362234643,-1.573515168081578,1.2510681008368851,scaffold,2035,hybrid_gated,edge_gnn,rdkit,gated,721e3c494613d3aa378fb20e47d69b51245b538e
esol,1d04033e6224d00c,CC1COC2CC3(C)C(CC4C5C=C6CC(O)CCC6(C)CC5CCC43C)OC2C1,aqueous_solubility,log10(mol/L),calibration,C1=C2CCCCC2CC2CCC3C4CC5OCCCC5OC4CC3C12,-7.320000171661377,-5.70328850844316,-7.115580142902392,-4.290996873983929,scaffold,2035,hybrid_gated,edge_gnn,rdkit,gated,721e3c494613d3aa378fb20e47d69b51245b538e
esol,85e634af983f15c5,CC1Cc2ccccc2N1NC(=O)c1ccc(Cl)c(S(N)(=O)=O)c1,aqueous_solubility,log10(mol/L),test,O=C(NN1CCc2ccccc21)c1ccccc1,-3.5859999656677246,-3.771708098304253,-5.183999732763485,-2.3594164638450215,scaffold,2035,hybrid_gated,edge_gnn,rdkit,gated,721e3c494613d3aa378fb20e47d69b51245b538e
esol,bd2b37eb42bf2e88,CC1OC(OC2C(O)CC(OC3C(O)CC(OC4CCC5(C)C(CCC6C5CC(O)C5(C)C(C7=CC(=O)OC7)CCC65O)C4)OC3C)OC2C)CC(O)C1O,aqueous_solubility,log10(mol/L),calibration,O=C1C=C(C2CCC3C2CCC2C4CCC(OC5CCC(OC6CCC(OC7CCCCO7)CO6)CO5)CC4CCC23)CO1,-4.080999851226807,-3.6335388630338223,-5.0458304974930535,-2.221247228574591,scaffold,2035,hybrid_gated,edge_gnn,rdkit,gated,721e3c494613d3aa378fb20e47d69b51245b538e
esol,ac668969e8b9e1f6,CC1OC(OC2C(O)CC(OC3C(O)CC(OC4CCC5(C)C(CCC6C5CCC5(C)C(C7=CC(=O)OC7)CCC65O)C4)OC3C)OC2C)CC(O)C1O,aqueous_solubility,log10(mol/L),calibration,O=C1C=C(C2CCC3C2CCC2C4CCC(OC5CCC(OC6CCC(OC7CCCCO7)CO6)CO5)CC4CCC23)CO1,-5.293000221252441,-3.691977788315492,-5.104269422774724,-2.2796861538562605,scaffold,2035,hybrid_gated,edge_gnn,rdkit,gated,721e3c494613d3aa378fb20e47d69b51245b538e
esol,faccd04528716453,CC=C(C(=CC)c1ccc(O)cc1)c1ccc(O)cc1,aqueous_solubility,log10(mol/L),validation,C=C(C(=C)c1ccccc1)c1ccccc1,-4.949999809265137,-3.999657376699029,-5.41194901115826,-2.5873657422397973,scaffold,2035,hybrid_gated,edge_gnn,rdkit,gated,721e3c494613d3aa378fb20e47d69b51245b538e
esol,9da6816a67862e68,CC=C(C)C,aqueous_solubility,log10(mol/L),train,,-2.559999942779541,-4.59764848033202,-6.0099401147912515,-3.1853568458727883,scaffold,2035,hybrid_gated,edge_gnn,rdkit,gated,721e3c494613d3aa378fb20e47d69b51245b538e
esol,ffbba6f6cfcc8f90,CC=CC=O,aqueous_solubility,log10(mol/L),train,,0.3199999928474426,-1.127031912344767,-2.5393235468039985,0.2852597221144646,scaffold,2035,hybrid_gated,edge_gnn,rdkit,gated,721e3c494613d3aa378fb20e47d69b51245b538e
esol,f220362f20674d76,CC=Cc1ccc(OC)cc1,aqueous_solubility,log10(mol/L),train,c1ccccc1,-3.130000114440918,-2.5672108070832484,-3.97950244154248,-1.1549191726240169,scaffold,2035,hybrid_gated,edge_gnn,rdkit,gated,721e3c494613d3aa378fb20e47d69b51245b538e
esol,35cd7d074fa4c41d,CCBr,aqueous_solubility,log10(mol/L),train,,-1.090000033378601,-4.499893707625548,-5.912185342084779,-3.087602073166316,scaffold,2035,hybrid_gated,edge_gnn,rdkit,gated,721e3c494613d3aa378fb20e47d69b51245b538e
esol,d4bb7958b02085f6,CCC,aqueous_solubility,log10(mol/L),train,,-1.940000057220459,-4.3686127025667325,-5.780904337025964,-2.956321068107501,scaffold,2035,hybrid_gated,edge_gnn,rdkit,gated,721e3c494613d3aa378fb20e47d69b51245b538e
esol,d172035a0575b4f0,CCC#CCC,aqueous_solubility,log10(mol/L),train,,-1.9900000095367432,-3.4769933920178278,-4.88928502647706,-2.064701757558596,scaffold,2035,hybrid_gated,edge_gnn,rdkit,gated,721e3c494613d3aa378fb20e47d69b51245b538e
esol,5cc3b635245b012c,CCC#N,aqueous_solubility,log10(mol/L),train,,0.2800000011920929,-4.224903294519466,-5.637194928978698,-2.8126116600602344,scaffold,2035,hybrid_gated,edge_gnn,rdkit,gated,721e3c494613d3aa378fb20e47d69b51245b538e
esol,0547b83133ec728e,CCC(=C(CC)c1ccc(O)cc1)c1ccc(O)cc1,aqueous_solubility,log10(mol/L),train,C(=Cc1ccccc1)c1ccccc1,-4.070000171661377,-1.5012502330860493,-2.913541867545281,-0.08895859862681776,scaffold,2035,hybrid_gated,edge_gnn,rdkit,gated,721e3c494613d3aa378fb20e47d69b51245b538e
esol,711e0fc464234636,CCC(=O)CC,aqueous_solubility,log10(mol/L),train,,-0.2800000011920929,-8.322250163274933,-9.734541797734165,-6.909958528815702,scaffold,2035,hybrid_gated,edge_gnn,rdkit,gated,721e3c494613d3aa378fb20e47d69b51245b538e
esol,ce30ab4b74767529,CCC(=O)Nc1ccc(Cl)c(Cl)c1,aqueous_solubility,log10(mol/L),train,c1ccccc1,-3.0,0.791250253886234,-0.6210413805729975,2.2035418883454656,scaffold,2035,hybrid_gated,edge_gnn,rdkit,gated,721e3c494613d3aa378fb20e47d69b51245b538e
esol,4d970928ff053b01,CCC(=O)OC,aqueous_solubility,log10(mol/L),train,,-0.14000000059604645,-1.0147948763004924,-2.427086510759724,0.3974967581587392,scaffold,2035,hybrid_gated,edge_gnn,rdkit,gated,721e3c494613d3aa378fb20e47d69b51245b538e
esol,9b12de6fa018a540,CCC(=O)OC1CCC2C3CCC4=CC(=O)CCC4(C)C3CCC12C,aqueous_solubility,log10(mol/L),train,O=C1C=C2CCC3C4CCCC4CCC3C2CC1,-5.369999885559082,1.3858629585801099,-0.026428675879121677,2.7981545930393414,scaffold,2035,hybrid_gated,edge_gnn,rdkit,gated,721e3c494613d3aa378fb20e47d69b51245b538e
esol,e3c14a3a91bcd663,CCC(=O)OCN1C(=O)NC(c2ccccc2)(c2ccccc2)C1=O,aqueous_solubility,log10(mol/L),test,O=C1NC(=O)C(c2ccccc2)(c2ccccc2)N1,-4.9070000648498535,-4.248847854386657,-5.661139488845889,-2.8365562199274255,scaffold,2035,hybrid_gated,edge_gnn,rdkit,gated,721e3c494613d3aa378fb20e47d69b51245b538e
esol,fba8f2ce4dada735,CCC(Br)(CC)C(=O)NC(N)=O,aqueous_solubility,log10(mol/L),train,,-2.680000066757202,-2.5476422668601124,-3.959933901319344,-1.1353506324008809,scaffold,2035,hybrid_gated,edge_gnn,rdkit,gated,721e3c494613d3aa378fb20e47d69b51245b538e
esol,0552a9e71d6cfea7,CCC(C)(C)C,aqueous_solubility,log10(mol/L),train,,-3.549999952316284,-0.8873763070163492,-2.2996679414755805,0.5249153274428824,scaffold,2035,hybrid_gated,edge_gnn,rdkit,gated,721e3c494613d3aa378fb20e47d69b51245b538e
esol,a3c5654a10d5a78a,CCC(C)(C)CC,aqueous_solubility,log10(mol/L),train,,-4.230000019073486,-4.548920284227976,-5.961211918687208,-3.1366286497687446,scaffold,2035,hybrid_gated,edge_gnn,rdkit,gated,721e3c494613d3aa378fb20e47d69b51245b538e
esol,9d5b4ee33b32fb0c,CCC(C)(C)CO,aqueous_solubility,log10(mol/L),train,,-1.0399999618530273,-8.085869141377835,-9.498160775837066,-6.673577506918603,scaffold,2035,hybrid_gated,edge_gnn,rdkit,gated,721e3c494613d3aa378fb20e47d69b51245b538e
esol,531e962faed70e1e,CCC(C)(C)Cl,aqueous_solubility,log10(mol/L),train,,-2.509999990463257,-3.6899964444049402,-5.102288078864172,-2.2777048099457087,scaffold,2035,hybrid_gated,edge_gnn,rdkit,gated,721e3c494613d3aa378fb20e47d69b51245b538e
esol,cad4fa1d66a14c52,CCC(C)(C)O,aqueous_solubility,log10(mol/L),train,,0.15000000596046448,-6.187297311436827,-7.599588945896058,-4.775005676977595,scaffold,2035,hybrid_gated,edge_gnn,rdkit,gated,721e3c494613d3aa378fb20e47d69b51245b538e
esol,646485e6c04cc19e,CCC(C)(O)CC,aqueous_solubility,log10(mol/L),train,,-0.36000001430511475,0.40324038740193746,-1.009051247057294,1.815532021861169,scaffold,2035,hybrid_gated,edge_gnn,rdkit,gated,721e3c494613d3aa378fb20e47d69b51245b538e
esol,4458adc1a90f205f,CCC(C)=O,aqueous_solubility,log10(mol/L),train,,0.5199999809265137,-3.21400525131184,-4.626296885771072,-1.8017136168526084,scaffold,2035,hybrid_gated,edge_gnn,rdkit,gated,721e3c494613d3aa378fb20e47d69b51245b538e
esol,860e76bc1b2205e5,CCC(C)C,aqueous_solubility,log10(mol/L),train,,-3.180000066757202,-3.168675468921584,-4.580967103380816,-1.7563838344623526,scaffold,2035,hybrid_gated,edge_gnn,rdkit,gated,721e3c494613d3aa378fb20e47d69b51245b538e
esol,7f0540e7d68d0353,CCC(C)C(=O)OC1CC(C)C=C2C=CC(C)C(CCC3CC(O)CC(=O)O3)C21,aqueous_solubility,log10(mol/L),test,O=C1CCCC(CCC2CC=CC3=CCCCC32)O1,-6.005000114440918,-4.397704563595151,-5.809996198054383,-2.9854129291359195,scaffold,2035,hybrid_gated,edge_gnn,rdkit,gated,721e3c494613d3aa378fb20e47d69b51245b538e
esol,11bac5bf3e21f269,CCC(C)C(C)=O,aqueous_solubility,log10(mol/L),train,,-0.6700000166893005,-2.024584979978388,-3.4368766144376197,-0.6122933455191566,scaffold,2035,hybrid_gated,edge_gnn,rdkit,gated,721e3c494613d3aa378fb20e47d69b51245b538e
esol,6085f1e95eaddcb2,CCC(C)C(C)C,aqueous_solubility,log10(mol/L),train,,-4.28000020980835,-7.83689057085944,-9.249182205318672,-6.4245989364002085,scaffold,2035,hybrid_gated,edge_gnn,rdkit,gated,721e3c494613d3aa378fb20e47d69b51245b538e
esol,a5ca898e35932a4d,CCC(C)C1(CC)C(=O)NC(=O)NC1=O,aqueous_solubility,log10(mol/L),train,O=C1CC(=O)NC(=O)N1,-2.390000104904175,-3.5846259608489714,-4.996917595308203,-2.17233432638974,scaffold,2035,hybrid_gated,edge_gnn,rdkit,gated,721e3c494613d3aa378fb20e47d69b51245b538e
esol,8f174b3984e75df6,CCC(C)CC,aqueous_solubility,log10(mol/L),train,,-3.680000066757202,-3.025257552014062,-4.437549186473293,-1.6129659175548303,scaffold,2035,hybrid_gated,edge_gnn,rdkit,gated,721e3c494613d3aa378fb20e47d69b51245b538e
esol,1e876450195412a0,CCC(C)CCO,aqueous_solubility,log10(mol/L),train,,-0.7099999785423279,-3.421920571733561,-4.834212206192793,-2.0096289372743295,scaffold,2035,hybrid_gated,edge_gnn,rdkit,gated,721e3c494613d3aa378fb20e47d69b51245b538e
esol,aaff60003107c3bd,CCC(C)CO,aqueous_solubility,log10(mol/L),train,,-0.4699999988079071,-1.9764254529173448,-3.3887170873765764,-0.5641338184581133,scaffold,2035,hybrid_gated,edge_gnn,rdkit,gated,721e3c494613d3aa378fb20e47d69b51245b538e
esol,d978eec75d4efefd,CCC(C)Cl,aqueous_solubility,log10(mol/L),train,,-1.9600000381469727,-1.638504430868699,-3.0507960653279307,-0.22621279640946734,scaffold,2035,hybrid_gated,edge_gnn,rdkit,gated,721e3c494613d3aa378fb20e47d69b51245b538e
esol,1f701cf97ca02491,CCC(C)O,aqueous_solubility,log10(mol/L),train,,0.4699999988079071,-0.6193551928679617,-2.0316468273271933,0.7929364415912699,scaffold,2035,hybrid_gated,edge_gnn,rdkit,gated,721e3c494613d3aa378fb20e47d69b51245b538e
esol,4b3c75035a4fd961,CCC(C)c1cc([N+](=O)[O-])cc([N+](=O)[O-])c1O,aqueous_solubility,log10(mol/L),train,c1ccccc1,-3.380000114440918,-3.722326897904879,-5.134618532364111,-2.3100352634456476,scaffold,2035,hybrid_gated,edge_gnn,rdkit,gated,721e3c494613d3aa378fb20e47d69b51245b538e
esol,4dd1c7df936dd0ff,CCC(C)n1c(=O)[nH]c(C)c(Br)c1=O,aqueous_solubility,log10(mol/L),test,O=c1cc[nH]c(=O)[nH]1,-2.5230000019073486,-2.995029243764984,-4.4073208782242155,-1.5827376093057524,scaffold,2035,hybrid_gated,edge_gnn,rdkit,gated,721e3c494613d3aa378fb20e47d69b51245b538e
esol,7964220aaea5eddd,CCC(C=O)CC,aqueous_solubility,log10(mol/L),train,,-1.5199999809265137,1.386578501622414,-0.025713132836817643,2.7988701360816455,scaffold,2035,hybrid_gated,edge_gnn,rdkit,gated,721e3c494613d3aa378fb20e47d69b51245b538e
esol,136ed49ee994d858,CCC(CC)CO,aqueous_solubility,log10(mol/L),train,,-1.1699999570846558,-2.1120094563577223,-3.524301090816954,-0.6997178218984907,scaffold,2035,hybrid_gated,edge_gnn,rdkit,gated,721e3c494613d3aa378fb20e47d69b51245b538e
esol,3d69b54547088a18,CCC(O)(CC)CC,aqueous_solubility,log10(mol/L),train,,-0.8500000238418579,1.1638037254772935,-0.24848790898193807,2.576095359936525,scaffold,2035,hybrid_gated,edge_gnn,rdkit,gated,721e3c494613d3aa378fb20e47d69b51245b538e
esol,1b6616ec4b6c9f5b,CCC(O)C(C)C,aqueous_solubility,log10(mol/L),train,,-0.699999988079071,-1.5051041165534427,-2.9173957510126742,-0.09281248209421111,scaffold,2035,hybrid_gated,edge_gnn,rdkit,gated,721e3c494613d3aa378fb20e47d69b51245b538e
esol,ee3d88894451fd0c,CCC(O)CC,aqueous_solubility,log10(mol/L),train,,-0.23999999463558197,-0.3994060040220351,-1.8116976384812666,1.0128856304371965,scaffold,2035,hybrid_gated,edge_gnn,rdkit,gated,721e3c494613d3aa378fb20e47d69b51245b538e
esol,492e3c56afdd3d65,CCC(c1ccc(O)cc1)C(CC)c1ccc(O)cc1,aqueous_solubility,log10(mol/L),validation,c1ccc(CCc2ccccc2)cc1,-4.429999828338623,-4.163632783445303,-5.575924417904535,-2.7513411489860715,scaffold,2035,hybrid_gated,edge_gnn,rdkit,gated,721e3c494613d3aa378fb20e47d69b51245b538e
esol,08bd60ba187c4c76,CCC1(C(C)C)C(=O)NC(=O)NC1=O,aqueous_solubility,log10(mol/L),train,O=C1CC(=O)NC(=O)N1,-2.1790000200271606,-1.438434486381517,-2.850726120840749,-0.026142851922285493,scaffold,2035,hybrid_gated,edge_gnn,rdkit,gated,721e3c494613d3aa378fb20e47d69b51245b538e
esol,f202255d52ab1ec3,CCC1(C)C(=O)NC(=O)NC1=O,aqueous_solubility,log10(mol/L),train,O=C1CC(=O)NC(=O)N1,-1.2280000448226929,1.2289656551452395,-0.18332597931399208,2.641257289604471,scaffold,2035,hybrid_gated,edge_gnn,rdkit,gated,721e3c494613d3aa378fb20e47d69b51245b538e
esol,823b22622722d6df,CCC1(C2=CCC3CCC2C3)C(=O)NC(=O)NC1=O,aqueous_solubility,log10(mol/L),train,O=C1NC(=O)C(C2=CCC3CCC2C3)C(=O)N1,-2.696000099182129,-1.646804326300479,-3.0590959607597106,-0.23451269184124746,scaffold,2035,hybrid_gated,edge_gnn,rdkit,gated,721e3c494613d3aa378fb20e47d69b51245b538e
esol,6e86b2759d390dd5,CCC1(C2=CCCCC2)C(=O)NC(=O)NC1=O,aqueous_solubility,log10(mol/L),calibration,O=C1NC(=O)C(C2=CCCCC2)C(=O)N1,-2.1700000762939453,-2.3718730947469266,-3.784164729206158,-0.9595814602876951,scaffold,2035,hybrid_gated,edge_gnn,rdkit,gated,721e3c494613d3aa378fb20e47d69b51245b538e
esol,4762407c150120c2,CCC1(CC)C(=O)NC(=O)N(C)C1=O,aqueous_solubility,log10(mol/L),train,O=C1CC(=O)NC(=O)N1,-2.2300000190734863,-4.244990288675853,-5.657281923135084,-2.832698654216621,scaffold,2035,hybrid_gated,edge_gnn,rdkit,gated,721e3c494613d3aa378fb20e47d69b51245b538e
esol,0ab736d75dfa233b,CCC1(CC)C(=O)NC(=O)NC1=O,aqueous_solubility,log10(mol/L),train,O=C1CC(=O)NC(=O)N1,-2.4000000953674316,-0.3768557078053374,-1.789147342264569,1.0354359266538942,scaffold,2035,hybrid_gated,edge_gnn,rdkit,gated,721e3c494613d3aa378fb20e47d69b51245b538e
esol,af8a1b1e82b5916e,CCC1(CC=C(C)C)C(=O)NC(=O)NC1=O,aqueous_solubility,log10(mol/L),train,O=C1CC(=O)NC(=O)N1,-2.253000020980835,-0.6458873008150938,-2.0581789352743254,0.7664043336441377,scaffold,2035,hybrid_gated,edge_gnn,rdkit,gated,721e3c494613d3aa378fb20e47d69b51245b538e
esol,b52cbbd90dba367d,CCC1(CCC(C)C)C(=O)NC(=O)NC1=O,aqueous_solubility,log10(mol/L),train,O=C1CC(=O)NC(=O)N1,-2.562999963760376,-2.011577158171816,-3.4238687926310476,-0.5992855237125845,scaffold,2035,hybrid_gated,edge_gnn,rdkit,gated,721e3c494613d3aa378fb20e47d69b51245b538e
esol,645fd10802de397b,CCC1(c2ccccc2)C(=O)NC(=O)NC1=O,aqueous_solubility,log10(mol/L),calibration,O=C1NC(=O)C(c2ccccc2)C(=O)N1,-2.322000026702881,-2.466906748963253,-3.8791983834224846,-1.0546151145040215,scaffold,2035,hybrid_gated,edge_gnn,rdkit,gated,721e3c494613d3aa378fb20e47d69b51245b538e
esol,8e80310464b10ca4,CCC1(c2ccccc2)C(=O)NCNC1=O,aqueous_solubility,log10(mol/L),train,O=C1NCNC(=O)C1c1ccccc1,-2.640000104904175,-4.497332766723806,-5.909624401183038,-3.0850411322645748,scaffold,2035,hybrid_gated,edge_gnn,rdkit,gated,721e3c494613d3aa378fb20e47d69b51245b538e
esol,e1033a252840196d,CCC1(c2ccccc2)CCC(=O)NC1=O,aqueous_solubility,log10(mol/L),calibration,O=C1CCC(c2ccccc2)C(=O)N1,-2.3369998931884766,-2.295606291032907,-3.7078979254921385,-0.8833146565736754,scaffold,2035,hybrid_gated,edge_gnn,rdkit,gated,721e3c494613d3aa378fb20e47d69b51245b538e
esol,a55a5ec41782ba07,CCC1CCCCC1,aqueous_solubility,log10(mol/L),test,C1CCCCC1,-4.25,-4.1044119753488975,-5.516703609808129,-2.692120340889666,scaffold,2035,hybrid_gated,edge_gnn,rdkit,gated,721e3c494613d3aa378fb20e47d69b51245b538e
esol,71227fc0ca5ecb0e,CCC1NC(=O)c2cc(S(N)(=O)=O)c(Cl)cc2N1,aqueous_solubility,log10(mol/L),train,O=C1NCNc2ccccc21,-3.2899999618530273,-4.266356446680609,-5.6786480811398405,-2.8540648122213774,scaffold,2035,hybrid_gated,edge_gnn,rdkit,gated,721e3c494613d3aa378fb20e47d69b51245b538e
esol,fbbba53affc2f528,CCC=O,aqueous_solubility,log10(mol/L),train,,0.5799999833106995,-1.7715277903624487,-3.1838194248216802,-0.3592361559032171,scaffold,2035,hybrid_gated,edge_gnn,rdkit,gated,721e3c494613d3aa378fb20e47d69b51245b538e
esol,99307c59d7dfef35,CCCBr,aqueous_solubility,log10(mol/L),train,,-1.7300000190734863,-5.533972304583482,-6.946263939042714,-4.121680670124251,scaffold,2035,hybrid_gated,edge_gnn,rdkit,gated,721e3c494613d3aa378fb20e47d69b51245b538e
esol,8744e77d82d027a0,CCCC,aqueous_solubility,log10(mol/L),train,,-2.569999933242798,-2.4344498519758417,-3.8467414864350733,-1.0221582175166102,scaffold,2035,hybrid_gated,edge_gnn,rdkit,gated,721e3c494613d3aa378fb20e47d69b51245b538e
esol,50d5afa3055e4398,CCCC(=O)CC,aqueous_solubility,log10(mol/L),train,,-0.8299999833106995,-2.9292974720813385,-4.34158910654057,-1.517005837622107,scaffold,2035,hybrid_gated,edge_gnn,rdkit,gated,721e3c494613d3aa378fb20e47d69b51245b538e
esol,c3223a40b30ff2ce,CCCC(=O)CCC,aqueous_solubility,log10(mol/L),train,,-1.2999999523162842,-3.9869598135953948,-5.399251448054626,-2.574668179136163,scaffold,2035,hybrid_gated,edge_gnn,rdkit,gated,721e3c494613d3aa378fb20e47d69b51245b538e
esol,530f34a8c65ac982,CCCC(=O)OC,aqueous_solubility,log10(mol/L),train,,-1.9199999570846558,-3.123026251915373,-4.535317886374605,-1.7107346174561413,scaffold,2035,hybrid_gated,edge_gnn,rdkit,gated,721e3c494613d3aa378fb20e47d69b51245b538e
esol,c2005837b63a1689,CCCC(=O)OCC,aqueous_solubility,log10(mol/L),train,,-1.3600000143051147,-1.2345356026565046,-2.646827237115736,0.17775603180272692,scaffold,2035,hybrid_gated,edge_gnn,rdkit,gated,721e3c494613d3aa378fb20e47d69b51245b538e
esol,773f55f0ab7b02ec,CCCC(=O)OCN1C(=O)NC(c2ccccc2)(c2ccccc2)C1=O,aqueous_solubility,log10(mol/L),test,O=C1NC(=O)C(c2ccccc2)(c2ccccc2)N1,-5.071000099182129,-4.494271872192407,-5.906563506651638,-3.081980237733175,scaffold,2035,hybrid_gated,edge_gnn,rdkit,gated,721e3c494613d3aa378fb20e47d69b51245b538e
esol,eb02c03a46d859f4,CCCC(C)(C)C,aqueous_solubility,log10(mol/L),train,,-4.360000133514404,-1.531800618851596,-2.944092253310828,-0.11950898439236446,scaffold,2035,hybrid_gated,edge_gnn,rdkit,gated,721e3c494613d3aa378fb20e47d69b51245b538e
esol,14c21e027fff9f63,CCCC(C)(C)CO,aqueous_solubility,log10(mol/L),train,,-1.5199999809265137,-1.2509581707081263,-2.663249805167358,0.16133346375110524,scaffold,2035,hybrid_gated,edge_gnn,rdkit,gated,721e3c494613d3aa378fb20e47d69b51245b538e
esol,553c0fbe16a4173b,CCCC(C)(C)O,aqueous_solubility,log10(mol/L),train,,-0.49000000953674316,-2.1079079717164104,-3.520199606175642,-0.6956163372571789,scaffold,2035,hybrid_gated,edge_gnn,rdkit,gated,721e3c494613d3aa378fb20e47d69b51245b538e
esol,c13aa0325c4d7681,CCCC(C)(COC(N)=O)COC(N)=O,aqueous_solubility,log10(mol/L),train,,-1.8070000410079956,-0.7210397507689241,-2.1333313852281557,0.6912518836903074,scaffold,2035,hybrid_gated,edge_gnn,rdkit,gated,721e3c494613d3aa378fb20e47d69b51245b538e
esol,705240c8f60cb049,CCCC(C)(O)CC,aqueous_solubility,log10(mol/L),train,,-0.9800000190734863,-3.186583703407739,-4.5988753378669704,-1.7742920689485073,scaffold,2035,hybrid_gated,edge_gnn,rdkit,gated,721e3c494613d3aa378fb20e47d69b51245b538e
esol,0148f694c74e1962,CCCC(C)=O,aqueous_solubility,log10(mol/L),train,,-0.1899999976158142,-2.0919317865919105,-3.504223421051142,-0.6796401521326789,scaffold,2035,hybrid_gated,edge_gnn,rdkit,gated,721e3c494613d3aa378fb20e47d69b51245b538e
esol,2a6bb1427ddc99d3,CCCC(C)C,aqueous_solubility,log10(mol/L),train,,-3.740000009536743,-3.0539218570695756,-4.466213491528807,-1.641630222610344,scaffold,2035,hybrid_gated,edge_gnn,rdkit,gated,721e3c494613d3aa378fb20e47d69b51245b538e
esol,6035d42dec3b21aa,CCCC(C)C1(CC)C(=O)NC(=O)NC1=O,aqueous_solubility,log10(mol/L),train,O=C1CC(=O)NC(=O)N1,-2.390000104904175,-1.8722017506199968,-3.2844933850792284,-0.45991011616076527,scaffold,2035,hybrid_gated,edge_gnn,rdkit,gated,721e3c494613d3aa378fb20e47d69b51245b538e
esol,0bc9361c7a07aa90,CCCC(C)C1(CC)C(=O)NC(=S)NC1=O,aqueous_solubility,log10(mol/L),test,O=C1CC(=O)NC(=S)N1,-3.359999895095825,-3.472096127062452,-4.884387761521683,-2.0598044926032206,scaffold,2035,hybrid_gated,edge_gnn,rdkit,gated,721e3c494613d3aa378fb20e47d69b51245b538e
esol,b60aaba75c023587,CCCC(C)CO,aqueous_solubility,log10(mol/L),train,,-1.1100000143051147,-1.1915397092879496,-2.6038313437471814,0.22075192517128195,scaffold,2035,hybrid_gated,edge_gnn,rdkit,gated,721e3c494613d3aa378fb20e47d69b51245b538e
esol,a428353a26a96988,CCCC(C)O,aqueous_solubility,log10(mol/L),train,,-0.28999999165534973,-2.1633566183927515,-3.575648252851983,-0.75106498393352,scaffold,2035,hybrid_gated,edge_gnn,rdkit,gated,721e3c494613d3aa378fb20e47d69b51245b538e
esol,911ea15ed7d45385,CCCC(O)CC,aqueous_solubility,log10(mol/L),train,,-0.800000011920929,-2.2545364485327073,-3.666828082991939,-0.8422448140734757,scaffold,2035,hybrid_gated,edge_gnn,rdkit,gated,721e3c494613d3aa378fb20e47d69b51245b538e
esol,36679fca2c495432,CCCC(O)CCC,aqueous_solubility,log10(mol/L),train,,-1.399999976158142,-3.258947447887514,-4.671239082346745,-1.8466558134282822,scaffold,2035,hybrid_gated,edge_gnn,rdkit,gated,721e3c494613d3aa378fb20e47d69b51245b538e
esol,f92375bd7aa00a4e,CCCC1C(=O)N2C(N(C)C)=Nc3ccc(C)cc3N2C1=O,aqueous_solubility,log10(mol/L),validation,O=C1CC(=O)N2c3ccccc3N=CN12,-3.5380001068115234,-4.0880300307568485,-5.50032166521608,-2.675738396297617,scaffold,2035,hybrid_gated,edge_gnn,rdkit,gated,721e3c494613d3aa378fb20e47d69b51245b538e
esol,ec228ee9c15a775e,CCCC1CCCC1,aqueous_solubility,log10(mol/L),calibration,C1CCCC1,-4.739999771118164,-4.1704596627304,-5.582751297189631,-2.758168028271168,scaffold,2035,hybrid_gated,edge_gnn,rdkit,gated,721e3c494613d3aa378fb20e47d69b51245b538e
esol,9eb037d358bcc7a9,CCCC1COC(Cn2cncn2)(c2ccc(Cl)cc2Cl)O1,aqueous_solubility,log10(mol/L),calibration,c1ccc(C2(Cn3cncn3)OCCO2)cc1,-3.493000030517578,-4.562519878185405,-5.974811512644637,-3.1502282437261737,scaffold,2035,hybrid_gated,edge_gnn,rdkit,gated,721e3c494613d3aa378fb20e47d69b51245b538e
esol,b3fc3b836b5caee3,CCCC=C(C=O)CC,aqueous_solubility,log10(mol/L),train,,-2.4600000381469727,-0.5584304563283515,-1.970722090787583,0.85386117813088,scaffold,2035,hybrid_gated,edge_gnn,rdkit,gated,721e3c494613d3aa378fb20e47d69b51245b538e
esol,2b15dc56b70f7e88,CCCC=O,aqueous_solubility,log10(mol/L),train,,-0.009999999776482582,1.3097892350811078,-0.10250239937812378,2.7220808695403393,scaffold,2035,hybrid_gated,edge_gnn,rdkit,gated,721e3c494613d3aa378fb20e47d69b51245b538e
esol,d8934e1ae61ae50b,CCCCBr,aqueous_solubility,log10(mol/L),train,,-2.369999885559082,-2.4081462806843192,-3.820437915143551,-0.9958546462250877,scaffold,2035,hybrid_gated,edge_gnn,rdkit,gated,721e3c494613d3aa378fb20e47d69b51245b538e
esol,cdbf47a4c8e3d287,CCCCC,aqueous_solubility,log10(mol/L),train,,-3.180000066757202,-3.294425922549252,-4.706717557008483,-1.8821342880900205,scaffold,2035,hybrid_gated,edge_gnn,rdkit,gated,721e3c494613d3aa378fb20e47d69b51245b538e
esol,046f34299e8e0593,CCCCC(=O)CCCC,aqueous_solubility,log10(mol/L),train,,-2.5799999237060547,-4.7028684670362955,-6.115160101495527,-3.290576832577064,scaffold,2035,hybrid_gated,edge_gnn,rdkit,gated,721e3c494613d3aa378fb20e47d69b51245b538e
esol,d781e9733c524f88,CCCCC(=O)OC,aqueous_solubility,log10(mol/L),train,,-1.340000033378601,-0.8896968330579271,-2.301988467517159,0.5225948014013044,scaffold,2035,hybrid_gated,edge_gnn,rdkit,gated,721e3c494613d3aa378fb20e47d69b51245b538e
esol,8186b98ad615d4fa,CCCCC(=O)OC1(C(=O)CO)C(C)CC2C3CCC4=CC(=O)C=CC4(C)C3(F)C(O)CC21C,aqueous_solubility,log10(mol/L),calibration,O=C1C=CC2C(=C1)CCC1C3CCCC3CCC21,-4.710000038146973,-4.393895460958925,-5.8061870954181565,-2.9816038264996934,scaffold,2035,hybrid_gated,edge_gnn,rdkit,gated,721e3c494613d3aa378fb20e47d69b51245b538e
esol,1e4a499efcb48181,CCCCC(=O)OCC,aqueous_solubility,log10(mol/L),train,,-2.25,-1.2077583285673872,-2.6200499630266187,0.20453330589184437,scaffold,2035,hybrid_gated,edge_gnn,rdkit,gated,721e3c494613d3aa378fb20e47d69b51245b538e
esol,eb83f6d383b44ecd,CCCCC(=O)OCN1C(=O)NC(c2ccccc2)(c2ccccc2)C1=O,aqueous_solubility,log10(mol/L),test,O=C1NC(=O)C(c2ccccc2)(c2ccccc2)N1,-4.677999973297119,-4.724992573273612,-6.1372842077328436,-3.3127009388143804,scaffold,2035,hybrid_gated,edge_gnn,rdkit,gated,721e3c494613d3aa378fb20e47d69b51245b538e
esol,0063512c4316b02d,CCCCC(C)(C)O,aqueous_solubility,log10(mol/L),train,,-1.0800000429153442,-1.1479962306894769,-2.5602878651487084,0.2642954037697547,scaffold,2035,hybrid_gated,edge_gnn,rdkit,gated,721e3c494613d3aa378fb20e47d69b51245b538e
esol,ca9a40b2ae6d7fac,CCCCC(C)(O)CC,aqueous_solubility,log10(mol/L),train,,-1.600000023841858,-0.936266284266412,-2.3485579187256436,0.47602535019281955,scaffold,2035,hybrid_gated,edge_gnn,rdkit,gated,721e3c494613d3aa378fb20e47d69b51245b538e
esol,cb1389de78271b03,CCCCC(C)=O,aqueous_solubility,log10(mol/L),train,,-0.800000011920929,0.5829547715277776,-0.8293368629314539,1.9952464059870092,scaffold,2035,hybrid_gated,edge_gnn,rdkit,gated,721e3c494613d3aa378fb20e47d69b51245b538e
esol,ee72f0696072d63b,CCCCC(C)CC,aqueous_solubility,log10(mol/L),train,,-5.159999847412109,-4.474542530775127,-5.886834165234359,-3.062250896315896,scaffold,2035,hybrid_gated,edge_gnn,rdkit,gated,721e3c494613d3aa378fb20e47d69b51245b538e
esol,886e9d2f85b3cb44,CCCCC(C)O,aqueous_solubility,log10(mol/L),train,,-0.8899999856948853,-1.3260680966896548,-2.7383597311488863,0.08622353776957681,scaffold,2035,hybrid_gated,edge_gnn,rdkit,gated,721e3c494613d3aa378fb20e47d69b51245b538e
esol,0838a16aa5ae802e,CCCCC(C=O)CC,aqueous_solubility,log10(mol/L),train,,-2.130000114440918,-3.71075497285576,-5.123046607314992,-2.2984633383965285,scaffold,2035,hybrid_gated,edge_gnn,rdkit,gated,721e3c494613d3aa378fb20e47d69b51245b538e
esol,0ee8c22e174f5540,CCCCC(CC)CO,aqueous_solubility,log10(mol/L),train,,-2.109999895095825,-1.2697752660156945,-2.682066900474926,0.1425163684435371,scaffold,2035,hybrid_gated,edge_gnn,rdkit,gated,721e3c494613d3aa378fb20e47d69b51245b538e
esol,51a9b8b1d8173760,CCCCC(CC)COC(=O)c1ccccc1C(=O)OCC(CC)CCCC,aqueous_solubility,log10(mol/L),train,c1ccccc1,-6.960000038146973,-2.564159504202026,-3.9764511386612575,-1.1518678697427944,scaffold,2035,hybrid_gated,edge_gnn,rdkit,gated,721e3c494613d3aa378fb20e47d69b51245b538e
esol,3a73360948f6d478,CCCCC(O)CC,aqueous_solubility,log10(mol/L),train,,-1.4700000286102295,-0.6850236091780699,-2.0973152436373015,0.7272680252811616,scaffold,2035,hybrid_gated,edge_gnn,rdkit,gated,721e3c494613d3aa378fb20e47d69b51245b538e
esol,b368fff92897feb5,CCCCC1(CC)C(=O)NC(=O)NC1=O,aqueous_solubility,log10(mol/L),train,O=C1CC(=O)NC(=O)N1,-1.6610000133514404,-2.682143631346458,-4.094435265805689,-1.2698519968872266,scaffold,2035,hybrid_gated,edge_gnn,rdkit,gated,721e3c494613d3aa378fb20e47d69b51245b538e
esol,697b7adfb97e92d9,CCCCC1C(=O)N(c2ccccc2)N(c2ccc(O)cc2)C1=O,aqueous_solubility,log10(mol/L),calibration,O=C1CC(=O)N(c2ccccc2)N1c1ccccc1,-3.7300000190734863,-4.196168017191745,-5.608459651650977,-2.7838763827325135,scaffold,2035,hybrid_gated,edge_gnn,rdkit,gated,721e3c494613d3aa378fb20e47d69b51245b538e
esol,9bb878f2acf6502d,CCCCC1C(=O)N(c2ccccc2)N(c2ccccc2)C1=O,aqueous_solubility,log10(mol/L),calibration,O=C1CC(=O)N(c2ccccc2)N1c1ccccc1,-3.809999942779541,-4.6104211136884325,-6.022712748147664,-3.198129479229201,scaffold,2035,hybrid_gated,edge_gnn,rdkit,gated,721e3c494613d3aa378fb20e47d69b51245b538e
esol,cccde35c98b95e45,CCCCC=O,aqueous_solubility,log10(mol/L),train,,-0.8500000238418579,-5.986904161003743,-7.399195795462974,-4.574612526544511,scaffold,2035,hybrid_gated,edge_gnn,rdkit,gated,721e3c494613d3aa378fb20e47d69b51245b538e
esol,400a2153ad1cc41e,CCCCCBr,aqueous_solubility,log10(mol/L),train,,-3.0799999237060547,0.7838289892452788,-0.6284626452139528,2.1961206237045103,scaffold,2035,hybrid_gated,edge_gnn,rdkit,gated,721e3c494613d3aa378fb20e47d69b51245b538e
esol,067861bb7f44340e,CCCCCC,aqueous_solubility,log10(mol/L),train,,-3.8399999141693115,-3.9479217379840765,-5.360213372443308,-2.535630103524845,scaffold,2035,hybrid_gated,edge_gnn,rdkit,gated,721e3c494613d3aa378fb20e47d69b51245b538e
esol,15f1b3f210442886,CCCCCC(=O)OC,aqueous_solubility,log10(mol/L),train,,-1.8700000047683716,-3.5483875780509204,-4.960679212510152,-2.136095943591689,scaffold,2035,hybrid_gated,edge_gnn,rdkit,gated,721e3c494613d3aa378fb20e47d69b51245b538e
esol,f0c3620530b2fea4,CCCCCC(=O)OCC,aqueous_solubility,log10(mol/L),train,,-2.3499999046325684,-1.4440538273917018,-2.8563454618509336,-0.03176219293247029,scaffold,2035,hybrid_gated,edge_gnn,rdkit,gated,721e3c494613d3aa378fb20e47d69b51245b538e
esol,e5611d7c920e4a9e,CCCCCC(=O)OCN1C(=O)NC(c2ccccc2)(c2ccccc2)C1=O,aqueous_solubility,log10(mol/L),test,O=C1NC(=O)C(c2ccccc2)(c2ccccc2)N1,-5.886000156402588,-4.970788616445978,-6.383080250905209,-3.558496981986746,scaffold,2035,hybrid_gated,edge_gnn,rdkit,gated,721e3c494613d3aa378fb20e47d69b51245b538e
esol,6155649d8540ed94,CCCCCC(C)(C)O,aqueous_solubility,log10(mol/L),train,,-1.7200000286102295,-2.681681242538701,-4.093972876997933,-1.2693896080794693,scaffold,2035,hybrid_gated,edge_gnn,rdkit,gated,721e3c494613d3aa378fb20e47d69b51245b538e
esol,e9eedb31eddae14a,CCCCCC(C)=O,aqueous_solubility,log10(mol/L),train,,-1.4500000476837158,-2.5723628595262973,-3.984654493985529,-1.1600712250670657,scaffold,2035,hybrid_gated,edge_gnn,rdkit,gated,721e3c494613d3aa378fb20e47d69b51245b538e
esol,66316631fd660d13,CCCCCC(C)C,aqueous_solubility,log10(mol/L),train,,-5.079999923706055,-2.2926052032614344,-3.704896837720666,-0.8803135688022028,scaffold,2035,hybrid_gated,edge_gnn,rdkit,gated,721e3c494613d3aa378fb20e47d69b51245b538e
esol,da7e9d52660f7666,CCCCCC(C)O,aqueous_solubility,log10(mol/L),train,,-1.5499999523162842,-6.143952317636444,-7.5562439520956755,-4.731660683177212,scaffold,2035,hybrid_gated,edge_gnn,rdkit,gated,721e3c494613d3aa378fb20e47d69b51245b538e
esol,04583283814a1149,CCCCCC(O)CC,aqueous_solubility,log10(mol/L),train,,-1.9800000190734863,-3.730694142756478,-5.14298577721571,-2.3184025082972464,scaffold,2035,hybrid_gated,edge_gnn,rdkit,gated,721e3c494613d3aa378fb20e47d69b51245b538e
esol,a98e9ddfe0bfb71f,CCCCCC1CCCC1,aqueous_solubility,log10(mol/L),calibration,C1CCCC1,-6.079999923706055,-5.186889267016561,-6.599180901475792,-3.774597632557329,scaffold,2035,hybrid_gated,edge_gnn,rdkit,gated,721e3c494613d3aa378fb20e47d69b51245b538e
esol,93bc9362240baa5a,CCCCCC=O,aqueous_solubility,log10(mol/L),train,,-1.2999999523162842,-2.825058543410528,-4.237350177869759,-1.4127669089512964,scaffold,2035,hybrid_gated,edge_gnn,rdkit,gated,721e3c494613d3aa378fb20e47d69b51245b538e
esol,a6326ae1c933fa1d,CCCCCCBr,aqueous_solubility,log10(mol/L),train,,-3.809999942779541,-4.0106880713576665,-5.422979705816898,-2.598396436898435,scaffold,2035,hybrid_gated,edge_gnn,rdkit,gated,721e3c494613d3aa378fb20e47d69b51245b538e
esol,0742f60cc0d0b0c5,CCCCCCC,aqueous_solubility,log10(mol/L),train,,-4.53000020980835,0.08775218612695435,-1.3245394483322772,1.500043820586186,scaffold,2035,hybrid_gated,edge_gnn,rdkit,gated,721e3c494613d3aa378fb20e47d69b51245b538e
esol,3350712a156b97ee,CCCCCCC(=O)OCC,aqueous_solubility,log10(mol/L),train,,-2.740000009536743,-1.6701199352365605,-3.0824115696957923,-0.257828300777329,scaffold,2035,hybrid_gated,edge_gnn,rdkit,gated,721e3c494613d3aa378fb20e47d69b51245b538e
esol,7056b5401228fc27,CCCCCCC(=O)OCN1C(=O)NC(c2ccccc2)(c2ccccc2)C1=O,aqueous_solubility,log10(mol/L),test,O=C1NC(=O)C(c2ccccc2)(c2ccccc2)N1,-6.301000118255615,-5.106189695536231,-6.5184813299954625,-3.6938980610769994,scaffold,2035,hybrid_gated,edge_gnn,rdkit,gated,721e3c494613d3aa378fb20e47d69b51245b538e
esol,59ece8e98d2096e2,CCCCCCC(C)=O,aqueous_solubility,log10(mol/L),train,,-2.049999952316284,-0.935110416181308,-2.3474020506405395,0.4771812182779236,scaffold,2035,hybrid_gated,edge_gnn,rdkit,gated,721e3c494613d3aa378fb20e47d69b51245b538e
esol,427cbb0dd97d6b50,CCCCCCC(C)O,aqueous_solubility,log10(mol/L),train,,-2.0899999141693115,-3.784587991847784,-5.196879626307016,-2.3722963573885525,scaffold,2035,hybrid_gated,edge_gnn,rdkit,gated,721e3c494613d3aa378fb20e47d69b51245b538e
esol,b17209ce34398ed5,CCCCCCCBr,aqueous_solubility,log10(mol/L),train,,-4.429999828338623,-4.27223128787074,-5.684522922329972,-2.8599396534115087,scaffold,2035,hybrid_gated,edge_gnn,rdkit,gated,721e3c494613d3aa378fb20e47d69b51245b538e
esol,2f891eb6fbb926d4,CCCCCCCC,aqueous_solubility,log10(mol/L),train,,-5.239999771118164,-3.33934073986343,-4.751632374322662,-1.9270491054041985,scaffold,2035,hybrid_gated,edge_gnn,rdkit,gated,721e3c494613d3aa378fb20e47d69b51245b538e
esol,d4e8db30d372de33,CCCCCCCC(=O)OC,aqueous_solubility,log10(mol/L),train,,-3.1700000762939453,-1.9692156797084652,-3.381507314167697,-0.5569240452492337,scaffold,2035,hybrid_gated,edge_gnn,rdkit,gated,721e3c494613d3aa378fb20e47d69b51245b538e
esol,bbfb6e5e2f7f210b,CCCCCCCC(=O)OCC,aqueous_solubility,log10(mol/L),train,,-3.390000104904175,-7.469637391704258,-8.88192902616349,-6.057345757245026,scaffold,2035,hybrid_gated,edge_gnn,rdkit,gated,721e3c494613d3aa378fb20e47d69b51245b538e
esol,fdf14f687f402c1b,CCCCCCCC(=O)OCN1C(=O)NC(c2ccccc2)(c2ccccc2)C1=O,aqueous_solubility,log10(mol/L),test,O=C1NC(=O)C(c2ccccc2)(c2ccccc2)N1,-6.5229997634887695,-5.070609484052492,-6.482901118511723,-3.65831784959326,scaffold,2035,hybrid_gated,edge_gnn,rdkit,gated,721e3c494613d3aa378fb20e47d69b51245b538e
esol,fea1a3023a7fc0ae,CCCCCCCC(C)=O,aqueous_solubility,log10(mol/L),train,,-2.5799999237060547,0.5471315319788728,-0.8651601024803588,1.9594231664381043,scaffold,2035,hybrid_gated,edge_gnn,rdkit,gated,721e3c494613d3aa378fb20e47d69b51245b538e
esol,866ae94d1cd7a5b1,CCCCCCCC(C)O,aqueous_solubility,log10(mol/L),train,,-2.740000009536743,-4.1517240519060685,-5.5640156863653,-2.739432417446837,scaffold,2035,hybrid_gated,edge_gnn,rdkit,gated,721e3c494613d3aa378fb20e47d69b51245b538e
esol,0c834b867b0755f7,CCCCCCCCBr,aqueous_solubility,log10(mol/L),train,,-5.059999942779541,1.055796161728395,-0.3564954727308365,2.4680877961876266,scaffold,2035,hybrid_gated,edge_gnn,rdkit,gated,721e3c494613d3aa378fb20e47d69b51245b538e
esol,52907309c5979835,CCCCCCCCC,aqueous_solubility,log10(mol/L),train,,-5.880000114440918,-4.438657643344589,-5.850949277803821,-3.0263660088853577,scaffold,2035,hybrid_gated,edge_gnn,rdkit,gated,721e3c494613d3aa378fb20e47d69b51245b538e
esol,91d1337f64867273,CCCCCCCCC(=O)OC,aqueous_solubility,log10(mol/L),train,,-3.380000114440918,-4.880526140043692,-6.2928177745029235,-3.4682345055844603,scaffold,2035,hybrid_gated,edge_gnn,rdkit,gated,721e3c494613d3aa378fb20e47d69b51245b538e
esol,91ca518d3bfa05a4,CCCCCCCCC(=O)OCC,aqueous_solubility,log10(mol/L),train,,-3.799999952316284,-1.3425586080713225,-2.754850242530554,0.06973302638790901,scaffold,2035,hybrid_gated,edge_gnn,rdkit,gated,721e3c494613d3aa378fb20e47d69b51245b538e
esol,190307f6f9c5d129,CCCCCCCCC(C)=O,aqueous_solubility,log10(mol/L),train,,-3.299999952316284,-1.3643949054123075,-2.7766865398715392,0.0478967290469241,scaffold,2035,hybrid_gated,edge_gnn,rdkit,gated,721e3c494613d3aa378fb20e47d69b51245b538e
esol,a3ed57e5c214461b,CCCCCCCCCC(=O)OC,aqueous_solubility,log10(mol/L),train,,-4.690000057220459,-5.86614106851299,-7.278432702972221,-4.453849434053758,scaffold,2035,hybrid_gated,edge_gnn,rdkit,gated,721e3c494613d3aa378fb20e47d69b51245b538e
esol,bacd88176dc73f72,CCCCCCCCCC(=O)OCC,aqueous_solubility,log10(mol/L),train,,-4.099999904632568,-7.804211254491764,-9.216502888950995,-6.391919620032533,scaffold,2035,hybrid_gated,edge_gnn,rdkit,gated,721e3c494613d3aa378fb20e47d69b51245b538e
esol,0660e103e7d31762,CCCCCCCCCC(C)O,aqueous_solubility,log10(mol/L),train,,-2.940000057220459,-2.3877369120563503,-3.800028546515582,-0.9754452775971187,scaffold,2035,hybrid_gated,edge_gnn,rdkit,gated,721e3c494613d3aa378fb20e47d69b51245b538e
esol,ff455d1cef69469a,CCCCCCCCCCCC(=O)OC,aqueous_solubility,log10(mol/L),train,,-4.690000057220459,-5.566401703527352,-6.978693337986583,-4.15411006906812,scaffold,2035,hybrid_gated,edge_gnn,rdkit,gated,721e3c494613d3aa378fb20e47d69b51245b538e
esol,a980398600f36d4e,CCCCCCCCCCCCCC,aqueous_solubility,log10(mol/L),train,,-7.960000038146973,-1.2706806227667646,-2.6829722572259964,0.14161101169246693,scaffold,2035,hybrid_gated,edge_gnn,rdkit,gated,721e3c494613d3aa378fb20e47d69b51245b538e
esol,bc312e38ba02802a,CCCCCCCCCCCCCCCC,aqueous_solubility,log10(mol/L),train,,-8.399999618530273,-4.27583489756819,-5.688126532027422,-2.8635432631089586,scaffold,2035,hybrid_gated,edge_gnn,rdkit,gated,721e3c494613d3aa378fb20e47d69b51245b538e
esol,1a06d4bca85cd592,CCCCCCCCCCCCCCCCCCCC,aqueous_solubility,log10(mol/L),train,,-8.17199993133545,-2.17831626677156,-3.5906079012307917,-0.7660246323123285,scaffold,2035,hybrid_gated,edge_gnn,rdkit,gated,721e3c494613d3aa378fb20e47d69b51245b538e
esol,384c121c7d12a56a,CCCCCCCCCCCCCCCCCCCCCCCCCC,aqueous_solubility,log10(mol/L),train,,-8.333999633789062,-1.2438582115003438,-2.6561498459595754,0.16843342295888775,scaffold,2035,hybrid_gated,edge_gnn,rdkit,gated,721e3c494613d3aa378fb20e47d69b51245b538e
esol,bc3d0429e3abc793,CCCCCCCCCCCCCCCCCCO,aqueous_solubility,log10(mol/L),train,,-8.399999618530273,-2.120397428676267,-3.5326890631354986,-0.7081057942170355,scaffold,2035,hybrid_gated,edge_gnn,rdkit,gated,721e3c494613d3aa378fb20e47d69b51245b538e
esol,c4c342bdb047ff91,CCCCCCCCCCCCCCCCO,aqueous_solubility,log10(mol/L),train,,-7.0,-4.721487671456002,-6.133779305915233,-3.30919603699677,scaffold,2035,hybrid_gated,edge_gnn,rdkit,gated,721e3c494613d3aa378fb20e47d69b51245b538e
esol,cd68df105e34e541,CCCCCCCCCCCCCCCO,aqueous_solubility,log10(mol/L),train,,-6.349999904632568,-7.883692597313083,-9.295984231772316,-6.471400962853852,scaffold,2035,hybrid_gated,edge_gnn,rdkit,gated,721e3c494613d3aa378fb20e47d69b51245b538e
esol,1e9120d9df04f9e6,CCCCCCCCCCCCCCO,aqueous_solubility,log10(mol/L),train,,-5.840000152587891,-1.2587258037938627,-2.6710174382530942,0.15356583066536889,scaffold,2035,hybrid_gated,edge_gnn,rdkit,gated,721e3c494613d3aa378fb20e47d69b51245b538e
esol,de7e37932cf8aac8,CCCCCCCCCCCCO,aqueous_solubility,log10(mol/L),train,,-4.800000190734863,-4.534994989901689,-5.94728662436092,-3.1227033554424573,scaffold,2035,hybrid_gated,edge_gnn,rdkit,gated,721e3c494613d3aa378fb20e47d69b51245b538e
esol,50df1a057983a774,CCCCCCCCCCO,aqueous_solubility,log10(mol/L),train,,-3.630000114440918,-2.523547180445717,-3.9358388149049484,-1.1112555459864852,scaffold,2035,hybrid_gated,edge_gnn,rdkit,gated,721e3c494613d3aa378fb20e47d69b51245b538e
esol,0dd85d1472dc7f0a,CCCCCCCCCO,aqueous_solubility,log10(mol/L),train,,-3.009999990463257,0.509240059453107,-0.9030515750061245,1.9215316939123386,scaffold,2035,hybrid_gated,edge_gnn,rdkit,gated,721e3c494613d3aa378fb20e47d69b51245b538e
esol,0f0c5849c0728201,CCCCCCCCO,aqueous_solubility,log10(mol/L),train,,-2.390000104904175,-1.2529601233035785,-2.6652517577628103,0.15933151115565303,scaffold,2035,hybrid_gated,edge_gnn,rdkit,gated,721e3c494613d3aa378fb20e47d69b51245b538e
esol,c6dea0f9a59433fd,CCCCCCCCOC(=O)c1ccccc1C(=O)OCCCCCCCC,aqueous_solubility,log10(mol/L),train,c1ccccc1,-5.114999771118164,-2.895161219686393,-4.307452854145625,-1.4828695852271614,scaffold,2035,hybrid_gated,edge_gnn,rdkit,gated,721e3c494613d3aa378fb20e47d69b51245b538e
esol,38ee92fb024e7c6a,CCCCCCCCl,aqueous_solubility,log10(mol/L),train,,-4.0,-2.2110736823341757,-3.6233653167934072,-0.7987820478749441,scaffold,2035,hybrid_gated,edge_gnn,rdkit,gated,721e3c494613d3aa378fb20e47d69b51245b538e
esol,5fa8cd0096eff934,CCCCCCCI,aqueous_solubility,log10(mol/L),train,,-4.809999942779541,-3.940609871607059,-5.35290150606629,-2.528318237147827,scaffold,2035,hybrid_gated,edge_gnn,rdkit,gated,721e3c494613d3aa378fb20e47d69b51245b538e
esol,cd059d986249006a,CCCCCCCO,aqueous_solubility,log10(mol/L),train,,-1.809999942779541,-4.647029264994234,-6.059320899453466,-3.234737630535003,scaffold,2035,hybrid_gated,edge_gnn,rdkit,gated,721e3c494613d3aa378fb20e47d69b51245b538e
esol,858786129af166f6,CCCCCCCl,aqueous_solubility,log10(mol/L),train,,-3.119999885559082,-0.5416774366260508,-1.9539690710852824,0.8706141978331807,scaffold,2035,hybrid_gated,edge_gnn,rdkit,gated,721e3c494613d3aa378fb20e47d69b51245b538e
esol,bff524d4cee6dd13,CCCCCCO,aqueous_solubility,log10(mol/L),train,,-1.2400000095367432,-3.8792939857915014,-5.291585620250733,-2.46700235133227,scaffold,2035,hybrid_gated,edge_gnn,rdkit,gated,721e3c494613d3aa378fb20e47d69b51245b538e
esol,f99f09834a2307b7,CCCCCCOC(=O)c1ccccc1C(=O)OCCCCCC,aqueous_solubility,log10(mol/L),train,c1ccccc1,-6.144000053405762,-1.6673333084483022,-3.0796249429075337,-0.2550416739890706,scaffold,2035,hybrid_gated,edge_gnn,rdkit,gated,721e3c494613d3aa378fb20e47d69b51245b538e
esol,33da9a9e495cd260,CCCCCCc1ccc(O)cc1O,aqueous_solubility,log10(mol/L),train,c1ccccc1,-2.5899999141693115,-5.599800839090972,-7.0120924735502035,-4.18750920463174,scaffold,2035,hybrid_gated,edge_gnn,rdkit,gated,721e3c494613d3aa378fb20e47d69b51245b538e
esol,4054ea097cbe803b,CCCCCCc1ccccc1,aqueous_solubility,log10(mol/L),train,c1ccccc1,-5.210000038146973,-0.6416206497394654,-2.053912284198697,0.7706709847197661,scaffold,2035,hybrid_gated,edge_gnn,rdkit,gated,721e3c494613d3aa378fb20e47d69b51245b538e
esol,3b56245e57457ea4,CCCCCCl,aqueous_solubility,log10(mol/L),train,,-2.7300000190734863,-1.947829091191877,-3.3601207256511083,-0.5355374567326454,scaffold,2035,hybrid_gated,edge_gnn,rdkit,gated,721e3c494613d3aa378fb20e47d69b51245b538e
esol,a58a553e8e375de7,CCCCCO,aqueous_solubility,log10(mol/L),train,,-0.6000000238418579,-3.4904546048922085,-4.9027462393514405,-2.078162970432977,scaffold,2035,hybrid_gated,edge_gnn,rdkit,gated,721e3c494613d3aa378fb20e47d69b51245b538e
esol,2406a09c97f56f54,CCCCCOC(=O)CC,aqueous_solubility,log10(mol/L),train,,-1.2799999713897705,-3.3263303048518558,-4.738621939311088,-1.9140386703926242,scaffold,2035,hybrid_gated,edge_gnn,rdkit,gated,721e3c494613d3aa378fb20e47d69b51245b538e
esol,67e3ba13863eb8fe,CCCCCOC(C)=O,aqueous_solubility,log10(mol/L),train,,-1.8899999856948853,-8.341373597477938,-9.75366523193717,-6.929081963018707,scaffold,2035,hybrid_gated,edge_gnn,rdkit,gated,721e3c494613d3aa378fb20e47d69b51245b538e
esol,412c3e94bc5f3484,CCCCCc1ccccc1,aqueous_solubility,log10(mol/L),train,c1ccccc1,-4.639999866485596,-4.614807497065961,-6.027099131525192,-3.202515862606729,scaffold,2035,hybrid_gated,edge_gnn,rdkit,gated,721e3c494613d3aa378fb20e47d69b51245b538e
esol,4b17450fdb820e4a,CCCCCl,aqueous_solubility,log10(mol/L),train,,-2.0299999713897705,-4.846819596546226,-6.259111231005457,-3.434527962086994,scaffold,2035,hybrid_gated,edge_gnn,rdkit,gated,721e3c494613d3aa378fb20e47d69b51245b538e
esol,83588fb58bfe7ab9,CCCCI,aqueous_solubility,log10(mol/L),train,,-2.9600000381469727,0.4479259553682322,-0.9643656790909994,1.8602175898274638,scaffold,2035,hybrid_gated,edge_gnn,rdkit,gated,721e3c494613d3aa378fb20e47d69b51245b538e
esol,6a5cef6cac9b1660,CCCCN(C)C(=O)Nc1ccc(Cl)c(Cl)c1,aqueous_solubility,log10(mol/L),train,c1ccccc1,-4.769999980926514,-2.04399420378295,-3.4562858382421817,-0.6317025693237186,scaffold,2035,hybrid_gated,edge_gnn,rdkit,gated,721e3c494613d3aa378fb20e47d69b51245b538e
esol,6f272ede992bb6a7,CCCCN(CC)C(=O)SCCC,aqueous_solubility,log10(mol/L),train,,-3.5299999713897705,-0.6140446851761685,-2.0263363196354,0.7982469492830631,scaffold,2035,hybrid_gated,edge_gnn,rdkit,gated,721e3c494613d3aa378fb20e47d69b51245b538e
esol,b9d61b06f115b6ac,CCCCN(CC)c1c([N+](=O)[O-])cc(C(F)(F)F)cc1[N+](=O)[O-],aqueous_solubility,log10(mol/L),train,c1ccccc1,-5.53000020980835,-0.7230191347757247,-2.135310769234956,0.6892724996835069,scaffold,2035,hybrid_gated,edge_gnn,rdkit,gated,721e3c494613d3aa378fb20e47d69b51245b538e
esol,a86b989f93448443,CCCCNC(=O)n1c(NC(=O)OC)nc2ccccc21,aqueous_solubility,log10(mol/L),validation,c1ccc2[nH]cnc2c1,-4.882999897003174,-2.965429678578436,-4.377721313037668,-1.5531380441192044,scaffold,2035,hybrid_gated,edge_gnn,rdkit,gated,721e3c494613d3aa378fb20e47d69b51245b538e
esol,29d728fa528693ff,CCCCO,aqueous_solubility,log10(mol/L),train,,0.0,-5.580692133861614,-6.992983768320846,-4.168400499402383,scaffold,2035,hybrid_gated,edge_gnn,rdkit,gated,721e3c494613d3aa378fb20e47d69b51245b538e
esol,4220bcb6b0bad406,CCCCOC,aqueous_solubility,log10(mol/L),train,,-0.9900000095367432,-0.5453188190139815,-1.957610453473213,0.8669728154452501,scaffold,2035,hybrid_gated,edge_gnn,rdkit,gated,721e3c494613d3aa378fb20e47d69b51245b538e
esol,0341b123b22addd6,CCCCOC(=O)CCCCCCCCC(=O)OCCCC,aqueous_solubility,log10(mol/L),train,,-3.8959999084472656,-3.511752344438736,-4.924043978897968,-2.0994607099795046,scaffold,2035,hybrid_gated,edge_gnn,rdkit,gated,721e3c494613d3aa378fb20e47d69b51245b538e
esol,47e93f994dd9b389,CCCCOC(=O)c1ccc(N)cc1,aqueous_solubility,log10(mol/L),train,c1ccccc1,-3.0820000171661377,-3.4857193586469433,-4.898010993106174,-2.0734277241877117,scaffold,2035,hybrid_gated,edge_gnn,rdkit,gated,721e3c494613d3aa378fb20e47d69b51245b538e
esol,d36555332cfcbf7b,CCCCOC(=O)c1ccccc1C(=O)OCCCC,aqueous_solubility,log10(mol/L),train,c1ccccc1,-4.400000095367432,-2.520403880870227,-3.9326955153294585,-1.1081122464109954,scaffold,2035,hybrid_gated,edge_gnn,rdkit,gated,721e3c494613d3aa378fb20e47d69b51245b538e
esol,48a64d2e2412d85f,CCCCOC=O,aqueous_solubility,log10(mol/L),train,,-1.3700000047683716,-0.9393340681564526,-2.351625702615684,0.47295756630277896,scaffold,2035,hybrid_gated,edge_gnn,rdkit,gated,721e3c494613d3aa378fb20e47d69b51245b538e
esol,8af231a36c0747d7,CCCCOCCCC,aqueous_solubility,log10(mol/L),train,,-1.850000023841858,-1.5425195106407028,-2.954811145099934,-0.13022787618147125,scaffold,2035,hybrid_gated,edge_gnn,rdkit,gated,721e3c494613d3aa378fb20e47d69b51245b538e
esol,f017fe662abba75e,CCCCOCCO,aqueous_solubility,log10(mol/L),train,,-0.41999998688697815,-1.5219503801614889,-2.9342420146207204,-0.10965874570225731,scaffold,2035,hybrid_gated,edge_gnn,rdkit,gated,721e3c494613d3aa378fb20e47d69b51245b538e
esol,55b2c8230f6c76ce,CCCCOCN(C(=O)CCl)c1c(CC)cccc1CC,aqueous_solubility,log10(mol/L),train,c1ccccc1,-4.190000057220459,-2.2882883073805447,-3.7005799418397762,-0.8759966729213131,scaffold,2035,hybrid_gated,edge_gnn,rdkit,gated,721e3c494613d3aa378fb20e47d69b51245b538e
esol,b1ca0f86c249367e,CCCCOc1ccc(C(=O)OCC)c(N(CC)CC)c1,aqueous_solubility,log10(mol/L),train,c1ccccc1,-3.8399999141693115,-0.0572122730134379,-1.4695039074726695,1.3550793614457937,scaffold,2035,hybrid_gated,edge_gnn,rdkit,gated,721e3c494613d3aa378fb20e47d69b51245b538e
esol,3f27633474c9331c,CCCCS,aqueous_solubility,log10(mol/L),train,,-2.180000066757202,-6.172682368554161,-7.584974003013393,-4.76039073409493,scaffold,2035,hybrid_gated,edge_gnn,rdkit,gated,721e3c494613d3aa378fb20e47d69b51245b538e
esol,a6b160de7573685d,CCCCSP(=O)(SCCCC)SCCCC,aqueous_solubility,log10(mol/L),train,,-5.139999866485596,-3.5456294589535906,-4.957921093412822,-2.133337824494359,scaffold,2035,hybrid_gated,edge_gnn,rdkit,gated,721e3c494613d3aa378fb20e47d69b51245b538e
esol,5e1f927897c55829,CCCCc1c(C)nc(N(C)C)nc1O,aqueous_solubility,log10(mol/L),calibration,c1cncnc1,-2.240000009536743,-2.3691848788833942,-3.781476513342626,-0.9568932444241627,scaffold,2035,hybrid_gated,edge_gnn,rdkit,gated,721e3c494613d3aa378fb20e47d69b51245b538e
esol,b67ef6c2163c44a1,CCCCc1c(C)nc(NCC)[nH]c1=O,aqueous_solubility,log10(mol/L),train,O=c1ccnc[nH]1,-3.0280001163482666,1.2771018415343347,-0.13518979292489686,2.6893934759935663,scaffold,2035,hybrid_gated,edge_gnn,rdkit,gated,721e3c494613d3aa378fb20e47d69b51245b538e
esol,d3bdeb5ae2ce2d98,CCCCc1c(C)nc(NCC)nc1OS(=O)(=O)N(C)C,aqueous_solubility,log10(mol/L),calibration,c1cncnc1,-4.159999847412109,-2.675547011056632,-4.0878386455158635,-1.2632553765974004,scaffold,2035,hybrid_gated,edge_gnn,rdkit,gated,721e3c494613d3aa378fb20e47d69b51245b538e
esol,da48ee1b0addb712,CCCCc1ccccc1,aqueous_solubility,log10(mol/L),train,c1ccccc1,-4.059999942779541,-1.5908392152901507,-3.0031308497493825,-0.17854758083091915,scaffold,2035,hybrid_gated,edge_gnn,rdkit,gated,721e3c494613d3aa378fb20e47d69b51245b538e
esol,fe77a1079a4db71d,CCCCl,aqueous_solubility,log10(mol/L),train,,-1.4700000286102295,-0.6492103473209898,-2.0615019817802214,0.7630812871382417,scaffold,2035,hybrid_gated,edge_gnn,rdkit,gated,721e3c494613d3aa378fb20e47d69b51245b538e
esol,41afd5c9dc6469db,CCCI,aqueous_solubility,log10(mol/L),train,,-2.2899999618530273,-0.5449672241591967,-1.9572588586184283,0.8673244103000348,scaffold,2035,hybrid_gated,edge_gnn,rdkit,gated,721e3c494613d3aa378fb20e47d69b51245b538e
esol,ae1ed14bd61bab1f,CCCN(CCC)c1c([N+](=O)[O-])cc(C(C)C)cc1[N+](=O)[O-],aqueous_solubility,log10(mol/L),train,c1ccccc1,-6.489999771118164,-0.7140306598259762,-2.126322294285208,0.6982609746332553,scaffold,2035,hybrid_gated,edge_gnn,rdkit,gated,721e3c494613d3aa378fb20e47d69b51245b538e
esol,d9aea1b45f7377ec,CCCN(CCC)c1c([N+](=O)[O-])cc(C(F)(F)F)cc1[N+](=O)[O-],aqueous_solubility,log10(mol/L),train,c1ccccc1,-5.679999828338623,-0.9053335390962873,-2.317625173555519,0.5069580953629442,scaffold,2035,hybrid_gated,edge_gnn,rdkit,gated,721e3c494613d3aa378fb20e47d69b51245b538e
esol,b7e1fd1651859456,CCCN(CCC)c1c([N+](=O)[O-])cc(S(N)(=O)=O)cc1[N+](=O)[O-],aqueous_solubility,log10(mol/L),train,c1ccccc1,-5.159999847412109,-2.3533208240098795,-3.765612458469111,-0.941029189550648,scaffold,2035,hybrid_gated,edge_gnn,rdkit,gated,721e3c494613d3aa378fb20e47d69b51245b538e
esol,86e90d5049758778,CCCO,aqueous_solubility,log10(mol/L),train,,0.6200000047683716,-0.6310704284550188,-2.0433620629142504,0.7812212060042127,scaffold,2035,hybrid_gated,edge_gnn,rdkit,gated,721e3c494613d3aa378fb20e47d69b51245b538e
esol,49ec4719ff98e140,CCCOC,aqueous_solubility,log10(mol/L),train,,-0.38999998569488525,-2.7239005091980344,-4.136192143657266,-1.3116088747388028,scaffold,2035,hybrid_gated,edge_gnn,rdkit,gated,721e3c494613d3aa378fb20e47d69b51245b538e
esol,96ea40966d8e8384,CCCOC(=O)CC,aqueous_solubility,log10(mol/L),train,,-0.8199999928474426,-1.6184786094657633,-3.030770243924995,-0.20618697500653171,scaffold,2035,hybrid_gated,edge_gnn,rdkit,gated,721e3c494613d3aa378fb20e47d69b51245b538e
esol,a78b4649b8e0c24b,CCCOC(=O)CCC,aqueous_solubility,log10(mol/L),train,,-1.75,-2.2730381775093793,-3.685329811968611,-0.8607465430501477,scaffold,2035,hybrid_gated,edge_gnn,rdkit,gated,721e3c494613d3aa378fb20e47d69b51245b538e
esol,aabeb9ef9b6c73ef,CCCOC(=O)c1ccc(N)cc1,aqueous_solubility,log10(mol/L),train,c1ccccc1,-2.4519999027252197,-3.3212616374047728,-4.733553271864004,-1.9089700029455412,scaffold,2035,hybrid_gated,edge_gnn,rdkit,gated,721e3c494613d3aa378fb20e47d69b51245b538e
esol,f6c176b746f92d7b,CCCOC(C)=O,aqueous_solubility,log10(mol/L),train,,-0.7200000286102295,-3.9407138058969027,-5.353005440356134,-2.528422171437671,scaffold,2035,hybrid_gated,edge_gnn,rdkit,gated,721e3c494613d3aa378fb20e47d69b51245b538e
esol,5c8041e0824c9e19,CCCOC(C)C,aqueous_solubility,log10(mol/L),train,,-1.340000033378601,-7.888059025306962,-9.300350659766194,-6.4757673908477305,scaffold,2035,hybrid_gated,edge_gnn,rdkit,gated,721e3c494613d3aa378fb20e47d69b51245b538e
esol,c58c406c10bab020,CCCOC=O,aqueous_solubility,log10(mol/L),train,,-0.49000000953674316,-2.846709859987225,-4.259001494446457,-1.4344182255279936,scaffold,2035,hybrid_gated,edge_gnn,rdkit,gated,721e3c494613d3aa378fb20e47d69b51245b538e
esol,54f4ecd667159550,CCCOCC,aqueous_solubility,log10(mol/L),train,,-0.6600000262260437,-6.575841459561941,-7.9881330940211726,-5.163549825102709,scaffold,2035,hybrid_gated,edge_gnn,rdkit,gated,721e3c494613d3aa378fb20e47d69b51245b538e
esol,7befdae981b64317,CCCOCCC,aqueous_solubility,log10(mol/L),train,,-1.6200000047683716,-0.36408022367983195,-1.7763718581390635,1.0482114107793996,scaffold,2035,hybrid_gated,edge_gnn,rdkit,gated,721e3c494613d3aa378fb20e47d69b51245b538e
esol,87aef906202e1ace,CCCOP(=S)(OCCC)SCC(=O)N1CCCCC1C,aqueous_solubility,log10(mol/L),test,C1CCNCC1,-4.150000095367432,-3.256734716552259,-4.669026351011491,-1.8444430820930275,scaffold,2035,hybrid_gated,edge_gnn,rdkit,gated,721e3c494613d3aa378fb20e47d69b51245b538e
esol,d1d0163cab01efb4,CCCSCCC,aqueous_solubility,log10(mol/L),train,,-2.5799999237060547,-1.8880076022911991,-3.3002992367504307,-0.47571596783196757,scaffold,2035,hybrid_gated,edge_gnn,rdkit,gated,721e3c494613d3aa378fb20e47d69b51245b538e
esol,312bea6178167aac,CCC[N+](=O)[O-],aqueous_solubility,log10(mol/L),train,,-0.800000011920929,-3.046201618020008,-4.45849325247924,-1.6339099835607764,scaffold,2035,hybrid_gated,edge_gnn,rdkit,gated,721e3c494613d3aa378fb20e47d69b51245b538e
esol,d53a48903a4a1467,CCCc1ccccc1,aqueous_solubility,log10(mol/L),train,c1ccccc1,-3.369999885559082,-2.141789659340018,-3.5540812937992494,-0.7294980248807863,scaffold,2035,hybrid_gated,edge_gnn,rdkit,gated,721e3c494613d3aa378fb20e47d69b51245b538e
esol,301376a68f01135a,CCCl,aqueous_solubility,log10(mol/L),train,,-1.059999942779541,-2.5416491484481396,-3.953940782907371,-1.129357513988908,scaffold,2035,hybrid_gated,edge_gnn,rdkit,gated,721e3c494613d3aa378fb20e47d69b51245b538e
esol,9753008d844f22ea,CCI,aqueous_solubility,log10(mol/L),train,,-1.600000023841858,-3.809078592778301,-5.221370227237532,-2.3967869583190695,scaffold,2035,hybrid_gated,edge_gnn,rdkit,gated,721e3c494613d3aa378fb20e47d69b51245b538e
esol,085c1fa9c2a1c504,CCN(CC)C(=O)C(C)Oc1cccc2ccccc12,aqueous_solubility,log10(mol/L),train,c1ccc2ccccc2c1,-3.569999933242798,-2.898321089357235,-4.310612723816467,-1.4860294548980035,scaffold,2035,hybrid_gated,edge_gnn,rdkit,gated,721e3c494613d3aa378fb20e47d69b51245b538e
esol,812e34c85846a730,CCN(CC)C(=O)C(Cl)=CCOP(=O)(OC)OC,aqueous_solubility,log10(mol/L),train,,0.5230000019073486,-1.6329613479317477,-3.0452529823909793,-0.22066971347251618,scaffold,2035,hybrid_gated,edge_gnn,rdkit,gated,721e3c494613d3aa378fb20e47d69b51245b538e
esol,9723f4b3ba082caa,CCN(CC)C(=O)CSc1ccc(Cl)nn1,aqueous_solubility,log10(mol/L),validation,c1ccnnc1,-1.715999960899353,-2.571134979826087,-3.9834266142853187,-1.1588433453668556,scaffold,2035,hybrid_gated,edge_gnn,rdkit,gated,721e3c494613d3aa378fb20e47d69b51245b538e
esol,ee2ebbdca22199a1,CCN(CC)C(=S)SSC(=S)N(CC)CC,aqueous_solubility,log10(mol/L),train,,-4.860000133514404,-3.9871182688441387,-5.39940990330337,-2.574826634384907,scaffold,2035,hybrid_gated,edge_gnn,rdkit,gated,721e3c494613d3aa378fb20e47d69b51245b538e
esol,3878652960419c3c,CCN(CC)c1c([N+](=O)[O-])cc(C(F)(F)F)c(N)c1[N+](=O)[O-],aqueous_solubility,log10(mol/L),train,c1ccccc1,-5.46999979019165,-3.254128935428328,-4.66642056988756,-1.8418373009690963,scaffold,2035,hybrid_gated,edge_gnn,rdkit,gated,721e3c494613d3aa378fb20e47d69b51245b538e
esol,3b5a9da1c47e3e46,CCN(CC)c1ccccc1,aqueous_solubility,log10(mol/L),train,c1ccccc1,-3.0299999713897705,-2.5067603820992166,-3.919052016558448,-1.094468747639985,scaffold,2035,hybrid_gated,edge_gnn,rdkit,gated,721e3c494613d3aa378fb20e47d69b51245b538e
esol,cf6de63eb5d8eb0b,CCN(CC)c1nc(Cl)nc(N(CC)CC)n1,aqueous_solubility,log10(mol/L),train,c1ncncn1,-4.410999774932861,-4.737636446892664,-6.149928081351896,-3.325344812433433,scaffold,2035,hybrid_gated,edge_gnn,rdkit,gated,721e3c494613d3aa378fb20e47d69b51245b538e
esol,d9740040550600bf,CCN(CC)c1nc(Cl)nc(NC(C)C)n1,aqueous_solubility,log10(mol/L),train,c1ncncn1,-3.7850000858306885,-4.36522515741011,-5.777516791869342,-2.952933522950879,scaffold,2035,hybrid_gated,edge_gnn,rdkit,gated,721e3c494613d3aa378fb20e47d69b51245b538e
esol,adbb55de69618842,CCN(Cc1c(F)cccc1Cl)c1c([N+](=O)[O-])cc(C(F)(F)F)cc1[N+](=O)[O-],aqueous_solubility,log10(mol/L),train,c1ccc(CNc2ccccc2)cc1,-6.78000020980835,-1.7959502103988283,-3.20824184485806,-0.38365857593959674,scaffold,2035,hybrid_gated,edge_gnn,rdkit,gated,721e3c494613d3aa378fb20e47d69b51245b538e
esol,75220b947a56ab9a,CCN1C(=O)c2ccccc2Oc2ccccc21,aqueous_solubility,log10(mol/L),calibration,O=C1Nc2ccccc2Oc2ccccc21,-3.680000066757202,-3.9086218667443986,-5.320913501203631,-2.496330232285167,scaffold,2035,hybrid_gated,edge_gnn,rdkit,gated,721e3c494613d3aa378fb20e47d69b51245b538e
esol,1c51d8c0da01f993,CCN1C(=O)c2cccnc2N(CC)c2ncccc21,aqueous_solubility,log10(mol/L),validation,O=C1Nc2cccnc2Nc2ncccc21,-2.859999895095825,-3.205953907310342,-4.618245541769573,-1.7936622728511105,scaffold,2035,hybrid_gated,edge_gnn,rdkit,gated,721e3c494613d3aa378fb20e47d69b51245b538e
esol,fc65bd185c530d51,CCN1c2cc(Cl)ccc2NC(=O)c2cccnc21,aqueous_solubility,log10(mol/L),validation,O=C1Nc2ccccc2Nc2ncccc21,-5.360000133514404,-4.1416014459855495,-5.553893080444781,-2.729309811526318,scaffold,2035,hybrid_gated,edge_gnn,rdkit,gated,721e3c494613d3aa378fb20e47d69b51245b538e
esol,8ac4183ca5517018,CCN1c2cc(N(C)C)cc(C)c2NC(=O)c2cccnc21,aqueous_solubility,log10(mol/L),validation,O=C1Nc2ccccc2Nc2ncccc21,-4.870999813079834,-4.294608162300956,-5.7068997967601875,-2.8823165278417244,scaffold,2035,hybrid_gated,edge_gnn,rdkit,gated,721e3c494613d3aa378fb20e47d69b51245b538e
esol,b3cc642ed25cfae4,CCN1c2cc(OC)cc(C)c2NC(=O)c2cccnc21,aqueous_solubility,log10(mol/L),validation,O=C1Nc2ccccc2Nc2ncccc21,-5.1529998779296875,-3.9176250706677935,-5.329916705127025,-2.505333436208562,scaffold,2035,hybrid_gated,edge_gnn,rdkit,gated,721e3c494613d3aa378fb20e47d69b51245b538e
esol,04d6cee51b3fdde7,CCN1c2ccccc2C(=O)N(C)c2ccccc21,aqueous_solubility,log10(mol/L),calibration,O=C1Nc2ccccc2Nc2ccccc21,-4.749000072479248,-4.247182292544161,-5.6594739270033925,-2.8348906580849293,scaffold,2035,hybrid_gated,edge_gnn,rdkit,gated,721e3c494613d3aa378fb20e47d69b51245b538e
esol,b5a56231be537631,CCN1c2ccccc2N(C)C(=O)c2cccnc21,aqueous_solubility,log10(mol/L),validation,O=C1Nc2ccccc2Nc2ncccc21,-3.3239998817443848,-3.798129738949038,-5.21042137340827,-2.3858381044898063,scaffold,2035,hybrid_gated,edge_gnn,rdkit,gated,721e3c494613d3aa378fb20e47d69b51245b538e
esol,b188836e606e176d,CCN1c2ccccc2N(C)C(=S)c2cccnc21,aqueous_solubility,log10(mol/L),calibration,S=C1Nc2ccccc2Nc2ncccc21,-4.705999851226807,-4.4806484030438245,-5.892940037503056,-3.068356768584593,scaffold,2035,hybrid_gated,edge_gnn,rdkit,gated,721e3c494613d3aa378fb20e47d69b51245b538e
esol,71aa580a3add68e5,CCN1c2nc(N(C)CCO)ccc2NC(=O)c2cccnc21,aqueous_solubility,log10(mol/L),validation,O=C1Nc2cccnc2Nc2ncccc21,-3.359999895095825,-3.0409686750039495,-4.453260309463181,-1.628677040544718,scaffold,2035,hybrid_gated,edge_gnn,rdkit,gated,721e3c494613d3aa378fb20e47d69b51245b538e
esol,1e83595b274fb26c,CCN1c2ncccc2C(=O)N(C)c2ccc(Cl)nc21,aqueous_solubility,log10(mol/L),validation,O=C1Nc2cccnc2Nc2ncccc21,-4.113999843597412,-3.57769384067153,-4.989985475130762,-2.1654022062122986,scaffold,2035,hybrid_gated,edge_gnn,rdkit,gated,721e3c494613d3aa378fb20e47d69b51245b538e
esol,8231b556c9fd8e9a,CCN1c2ncccc2C(=O)N(C)c2cccnc21,aqueous_solubility,log10(mol/L),validation,O=C1Nc2cccnc2Nc2ncccc21,-2.619999885559082,-2.9874736069350165,-4.399765241394248,-1.575181972475785,scaffold,2035,hybrid_gated,edge_gnn,rdkit,gated,721e3c494613d3aa378fb20e47d69b51245b538e
esol,c60ea928a142a52f,CCN1c2ncccc2C(=O)Nc2c(C(F)(F)F)cc(C)nc21,aqueous_solubility,log10(mol/L),validation,O=C1Nc2cccnc2Nc2ncccc21,-4.206999778747559,-3.934715312597369,-5.347006947056601,-2.5224236781381375,scaffold,2035,hybrid_gated,edge_gnn,rdkit,gated,721e3c494613d3aa378fb20e47d69b51245b538e
esol,5b312c3afed2bcc2,CCN1c2ncccc2C(=O)Nc2c(C)cc(C)nc21,aqueous_solubility,log10(mol/L),validation,O=C1Nc2cccnc2Nc2ncccc21,-4.553999900817871,-3.1584733087260672,-4.570764943185299,-1.7461816742668357,scaffold,2035,hybrid_gated,edge_gnn,rdkit,gated,721e3c494613d3aa378fb20e47d69b51245b538e
esol,1c4d269698bfb9cd,CCN1c2ncccc2C(=S)N(C)c2cccnc21,aqueous_solubility,log10(mol/L),test,S=C1Nc2cccnc2Nc2ncccc21,-4.633999824523926,-3.642746669030652,-5.055038303489884,-2.2304550345714205,scaffold,2035,hybrid_gated,edge_gnn,rdkit,gated,721e3c494613d3aa378fb20e47d69b51245b538e
esol,4c1fea9019ded5ce,CCNC(=O)C(C)OC(=O)Nc1ccccc1,aqueous_solubility,log10(mol/L),train,c1ccccc1,-1.8300000429153442,-1.2240730425216628,-2.6363646769808944,0.18821859193756874,scaffold,2035,hybrid_gated,edge_gnn,rdkit,gated,721e3c494613d3aa378fb20e47d69b51245b538e
esol,36ea9a2e0669021e,CCNC(=S)NCC,aqueous_solubility,log10(mol/L),train,,-1.4600000381469727,-3.654235981167101,-5.066527615626333,-2.2419443467078692,scaffold,2035,hybrid_gated,edge_gnn,rdkit,gated,721e3c494613d3aa378fb20e47d69b51245b538e
esol,f174e48b167c2837,CCNP(=S)(OC)OC(C)=CC(=O)OC(C)C,aqueous_solubility,log10(mol/L),train,,-3.4079999923706055,-0.14706637674317413,-1.5593580112024057,1.2652252577160574,scaffold,2035,hybrid_gated,edge_gnn,rdkit,gated,721e3c494613d3aa378fb20e47d69b51245b538e
esol,0cb820324a34d951,CCNc1ccccc1,aqueous_solubility,log10(mol/L),train,c1ccccc1,-1.7000000476837158,-4.9525263520731055,-6.364817986532337,-3.540234717613874,scaffold,2035,hybrid_gated,edge_gnn,rdkit,gated,721e3c494613d3aa378fb20e47d69b51245b538e
esol,78e4bc5caa3b64a1,CCNc1nc(Cl)nc(N(CC)CC)n1,aqueous_solubility,log10(mol/L),train,c1ncncn1,-4.059999942779541,-2.186322532986777,-3.5986141674460086,-0.7740308985275455,scaffold,2035,hybrid_gated,edge_gnn,rdkit,gated,721e3c494613d3aa378fb20e47d69b51245b538e
esol,25862c96dd4e6018,CCNc1nc(Cl)nc(NC(C)(C)C#N)n1,aqueous_solubility,log10(mol/L),train,c1ncncn1,-3.1500000953674316,-1.9345765189804789,-3.3468681534397104,-0.5222848845212473,scaffold,2035,hybrid_gated,edge_gnn,rdkit,gated,721e3c494613d3aa378fb20e47d69b51245b538e
esol,c35dee1f5a7c37bc,CCNc1nc(Cl)nc(NC(C)C)n1,aqueous_solubility,log10(mol/L),train,c1ncncn1,-3.8499999046325684,-7.512092945547673,-8.924384580006905,-6.0998013110884415,scaffold,2035,hybrid_gated,edge_gnn,rdkit,gated,721e3c494613d3aa378fb20e47d69b51245b538e
esol,9f2e4276303326ba,CCNc1nc(Cl)nc(NCC)n1,aqueous_solubility,log10(mol/L),train,c1ncncn1,-4.550000190734863,-4.691425955025787,-6.103717589485019,-3.2791343205665555,scaffold,2035,hybrid_gated,edge_gnn,rdkit,gated,721e3c494613d3aa378fb20e47d69b51245b538e
esol,6d5b8a3ff54e0b4d,CCNc1nc(NC(C)(C)C)nc(OC)n1,aqueous_solubility,log10(mol/L),train,c1ncncn1,-3.239000082015991,-4.144228192140517,-5.556519826599748,-2.7319365576812853,scaffold,2035,hybrid_gated,edge_gnn,rdkit,gated,721e3c494613d3aa378fb20e47d69b51245b538e
esol,857aac146f7605e1,CCNc1nc(NC(C)(C)C)nc(SC)n1,aqueous_solubility,log10(mol/L),train,c1ncncn1,-4.0,-3.5661428212624258,-4.978434455721658,-2.153851186803194,scaffold,2035,hybrid_gated,edge_gnn,rdkit,gated,721e3c494613d3aa378fb20e47d69b51245b538e
esol,6d1d1bb9e6f1635d,CCNc1nc(NC(C)C)nc(OC)n1,aqueous_solubility,log10(mol/L),train,c1ncncn1,-2.0840001106262207,-2.571262700220549,-3.9835543346797806,-1.1589710657613175,scaffold,2035,hybrid_gated,edge_gnn,rdkit,gated,721e3c494613d3aa378fb20e47d69b51245b538e
esol,a9802b80d3391f2c,CCNc1nc(NC(C)C)nc(SC)n1,aqueous_solubility,log10(mol/L),train,c1ncncn1,-3.0399999618530273,-3.138270769334887,-4.550562403794118,-1.7259791348756552,scaffold,2035,hybrid_gated,edge_gnn,rdkit,gated,721e3c494613d3aa378fb20e47d69b51245b538e
esol,1f86e6cfdba212b8,CCO,aqueous_solubility,log10(mol/L),train,,1.100000023841858,-1.3320193147350652,-2.744310949194297,0.08027231972416637,scaffold,2035,hybrid_gated,edge_gnn,rdkit,gated,721e3c494613d3aa378fb20e47d69b51245b538e
esol,e1acff73cd96c0da,CCOC(=O)C=Cc1ccccc1,aqueous_solubility,log10(mol/L),train,c1ccccc1,-3.0,-2.3491010918422375,-3.761392726301469,-0.9368094573830059,scaffold,2035,hybrid_gated,edge_gnn,rdkit,gated,721e3c494613d3aa378fb20e47d69b51245b538e
esol,43f901d90deba605,CCOC(=O)CC,aqueous_solubility,log10(mol/L),train,,-0.6600000262260437,-4.954278387244751,-6.366570021703983,-3.5419867527855198,scaffold,2035,hybrid_gated,edge_gnn,rdkit,gated,721e3c494613d3aa378fb20e47d69b51245b538e
esol,1dba850e06249e9b,CCOC(=O)CC(=O)OCC,aqueous_solubility,log10(mol/L),train,,-0.8199999928474426,-1.342214971613589,-2.7545066060728205,0.07007666284564262,scaffold,2035,hybrid_gated,edge_gnn,rdkit,gated,721e3c494613d3aa378fb20e47d69b51245b538e
esol,ec3c35c717f3d59a,CCOC(=O)CC(SP(=S)(OC)OC)C(=O)OCC,aqueous_solubility,log10(mol/L),train,,-3.369999885559082,-4.9126562082328125,-6.324947842692044,-3.500364573773581,scaffold,2035,hybrid_gated,edge_gnn,rdkit,gated,721e3c494613d3aa378fb20e47d69b51245b538e
esol,2421d1979260abb6,CCOC(=O)CCN(SN(C)C(=O)Oc1cccc2c1OC(C)(C)C2)C(C)C,aqueous_solubility,log10(mol/L),test,c1ccc2c(c1)CCO2,-4.710000038146973,-4.055709911294871,-5.4680015457541025,-2.6434182768356393,scaffold,2035,hybrid_gated,edge_gnn,rdkit,gated,721e3c494613d3aa378fb20e47d69b51245b538e
esol,9934a7cdf9d838a1,CCOC(=O)N(C)C(=O)CSP(=S)(OCC)OCC,aqueous_solubility,log10(mol/L),train,,-2.5179998874664307,-4.0880193403727505,-5.500310974831982,-2.675727705913519,scaffold,2035,hybrid_gated,edge_gnn,rdkit,gated,721e3c494613d3aa378fb20e47d69b51245b538e
esol,017bd56618b9c3e0,CCOC(=O)NCCOc1ccc(Oc2ccccc2)cc1,aqueous_solubility,log10(mol/L),train,c1ccc(Oc2ccccc2)cc1,-4.699999809265137,-4.386006670186742,-5.798298304645973,-2.97371503572751,scaffold,2035,hybrid_gated,edge_gnn,rdkit,gated,721e3c494613d3aa378fb20e47d69b51245b538e
esol,e44fba8f66380aba,CCOC(=O)Nc1cccc(OC(=O)Nc2ccccc2)c1,aqueous_solubility,log10(mol/L),calibration,O=C(Nc1ccccc1)Oc1ccccc1,-4.631999969482422,-3.6246233202600324,-5.036914954719264,-2.212331685800801,scaffold,2035,hybrid_gated,edge_gnn,rdkit,gated,721e3c494613d3aa378fb20e47d69b51245b538e
esol,270eaa2f9b027f13,CCOC(=O)c1ccc(N)cc1,aqueous_solubility,log10(mol/L),train,c1ccccc1,-2.615999937057495,-4.437196742966551,-5.849488377425782,-3.024905108507319,scaffold,2035,hybrid_gated,edge_gnn,rdkit,gated,721e3c494613d3aa378fb20e47d69b51245b538e
esol,f9b586256095118b,CCOC(=O)c1ccc(O)cc1,aqueous_solubility,log10(mol/L),train,c1ccccc1,-2.3499999046325684,-9.340980575783114,-10.753272210242345,-7.928688941323882,scaffold,2035,hybrid_gated,edge_gnn,rdkit,gated,721e3c494613d3aa378fb20e47d69b51245b538e
esol,37b5741bf69cd1f0,CCOC(=O)c1ccccc1,aqueous_solubility,log10(mol/L),train,c1ccccc1,-2.319999933242798,-2.5059219590308057,-3.9182135934900373,-1.0936303245715742,scaffold,2035,hybrid_gated,edge_gnn,rdkit,gated,721e3c494613d3aa378fb20e47d69b51245b538e
esol,03ecbb03238f0c7b,CCOC(=O)c1ccccc1C(=O)OCC,aqueous_solubility,log10(mol/L),train,c1ccccc1,-2.3499999046325684,-4.371702223571106,-5.783993858030337,-2.959410589111874,scaffold,2035,hybrid_gated,edge_gnn,rdkit,gated,721e3c494613d3aa378fb20e47d69b51245b538e
esol,6e27c736fee1b47a,CCOC(=O)c1ccccc1S(=O)(=O)NN(C=O)c1nc(Cl)cc(OC)n1,aqueous_solubility,log10(mol/L),validation,O=S(=O)(NNc1ncccn1)c1ccccc1,-4.576000213623047,-4.248211301404634,-5.660502935863866,-2.8359196669454025,scaffold,2035,hybrid_gated,edge_gnn,rdkit,gated,721e3c494613d3aa378fb20e47d69b51245b538e
esol,8561e62c87b0f110,CCOC(=O)c1cncn1C(C)c1ccccc1,aqueous_solubility,log10(mol/L),train,c1ccc(Cn2ccnc2)cc1,-4.735000133514404,-0.09213918324673331,-1.5044308177059649,1.3201524512124982,scaffold,2035,hybrid_gated,edge_gnn,rdkit,gated,721e3c494613d3aa378fb20e47d69b51245b538e
esol,1c0c21773d52ccc9,CCOC(C)=O,aqueous_solubility,log10(mol/L),train,,-0.03999999910593033,-7.310746925545305,-8.723038560004536,-5.898455291086074,scaffold,2035,hybrid_gated,edge_gnn,rdkit,gated,721e3c494613d3aa378fb20e47d69b51245b538e
esol,8601bd8ced19ca47,CCOC(C)OCC,aqueous_solubility,log10(mol/L),train,,-0.4300000071525574,-1.771019284425512,-3.1833109188847435,-0.35872764996628037,scaffold,2035,hybrid_gated,edge_gnn,rdkit,gated,721e3c494613d3aa378fb20e47d69b51245b538e
esol,df86ba660a9b9e61,CCOC(N)=O,aqueous_solubility,log10(mol/L),train,,0.8500000238418579,-1.6426476673990162,-3.054939301858248,-0.23035603293978468,scaffold,2035,hybrid_gated,edge_gnn,rdkit,gated,721e3c494613d3aa378fb20e47d69b51245b538e
esol,c3e06651eb242a60,CCOC1Oc2ccc(OS(C)(=O)=O)cc2C1(C)C,aqueous_solubility,log10(mol/L),test,c1ccc2c(c1)CCO2,-3.4200000762939453,-2.9977430126160622,-4.410034647075294,-1.5854513781568307,scaffold,2035,hybrid_gated,edge_gnn,rdkit,gated,721e3c494613d3aa378fb20e47d69b51245b538e
esol,b11a63b949b34974,CCOC=O,aqueous_solubility,log10(mol/L),train,,0.15000000596046448,-6.625628241255796,-8.037919875715026,-5.213336606796564,scaffold,2035,hybrid_gated,edge_gnn,rdkit,gated,721e3c494613d3aa378fb20e47d69b51245b538e
esol,ebb35693489e2f40,CCOCC,aqueous_solubility,log10(mol/L),train,,-0.09000000357627869,-2.4156975522741133,-3.827989186733345,-1.0034059178148818,scaffold,2035,hybrid_gated,edge_gnn,rdkit,gated,721e3c494613d3aa378fb20e47d69b51245b538e
esol,05fa589720d43836,CCOCCOCC,aqueous_solubility,log10(mol/L),train,,-0.7699999809265137,-7.254968777474649,-8.667260411933881,-5.842677143015417,scaffold,2035,hybrid_gated,edge_gnn,rdkit,gated,721e3c494613d3aa378fb20e47d69b51245b538e
esol,481deb2db0ec848d,CCOP(=O)(OCC)OCC,aqueous_solubility,log10(mol/L),train,,0.4300000071525574,-5.195202109691304,-6.607493744150536,-3.7829104752320726,scaffold,2035,hybrid_gated,edge_gnn,rdkit,gated,721e3c494613d3aa378fb20e47d69b51245b538e
esol,7f91652770ced25a,CCOP(=S)(CC)Oc1cc(Cl)c(Cl)cc1Cl,aqueous_solubility,log10(mol/L),train,c1ccccc1,-5.751999855041504,-2.3547972848358834,-3.767088919295115,-0.9425056503766518,scaffold,2035,hybrid_gated,edge_gnn,rdkit,gated,721e3c494613d3aa378fb20e47d69b51245b538e
esol,7c5b6332fcb13dbf,CCOP(=S)(NC(C)C)Oc1ccccc1C(=O)OC(C)C,aqueous_solubility,log10(mol/L),train,c1ccccc1,-4.193999767303467,-8.150601555169125,-9.562893189628356,-6.738309920709893,scaffold,2035,hybrid_gated,edge_gnn,rdkit,gated,721e3c494613d3aa378fb20e47d69b51245b538e
esol,537d47a9a7e6a6c9,CCOP(=S)(OCC)N1C(=O)c2ccccc2C1=O,aqueous_solubility,log10(mol/L),calibration,O=C1NC(=O)c2ccccc21,-3.3499999046325684,-4.530667284854655,-5.942958919313886,-3.118375650395423,scaffold,2035,hybrid_gated,edge_gnn,rdkit,gated,721e3c494613d3aa378fb20e47d69b51245b538e
esol,a4d09552af3a116a,CCOP(=S)(OCC)ON=C(C#N)c1ccccc1,aqueous_solubility,log10(mol/L),train,c1ccccc1,-4.861999988555908,-5.79450789300428,-7.206799527463511,-4.382216258545048,scaffold,2035,hybrid_gated,edge_gnn,rdkit,gated,721e3c494613d3aa378fb20e47d69b51245b538e
esol,a859beccae572be5,CCOP(=S)(OCC)Oc1cc(C)nc(C(C)C)n1,aqueous_solubility,log10(mol/L),calibration,c1cncnc1,-3.640000104904175,-3.524303746235339,-4.936595380694571,-2.1120121117761075,scaffold,2035,hybrid_gated,edge_gnn,rdkit,gated,721e3c494613d3aa378fb20e47d69b51245b538e
esol,2655a393a9271294,CCOP(=S)(OCC)Oc1ccc(S(C)=O)cc1,aqueous_solubility,log10(mol/L),train,c1ccccc1,-2.299999952316284,-0.416105096675663,-1.8283967311348945,0.9961865377835686,scaffold,2035,hybrid_gated,edge_gnn,rdkit,gated,721e3c494613d3aa378fb20e47d69b51245b538e
esol,8025defab702547a,CCOP(=S)(OCC)Oc1ccc([N+](=O)[O-])cc1,aqueous_solubility,log10(mol/L),train,c1ccccc1,-4.659999847412109,-3.4272516287192314,-4.839543263178463,-2.01495999426,scaffold,2035,hybrid_gated,edge_gnn,rdkit,gated,721e3c494613d3aa378fb20e47d69b51245b538e
esol,edd5605813d6f216,CCOP(=S)(OCC)Oc1ccc2oc(=O)c(Cl)c(C)c2c1,aqueous_solubility,log10(mol/L),test,O=c1ccc2ccccc2o1,-5.381999969482422,-5.195942596963171,-6.6082342314224025,-3.7836509625039394,scaffold,2035,hybrid_gated,edge_gnn,rdkit,gated,721e3c494613d3aa378fb20e47d69b51245b538e
esol,b577f5a2343d6332,CCOP(=S)(OCC)Oc1nc(Cl)c(Cl)cc1Cl,aqueous_solubility,log10(mol/L),validation,c1ccncc1,-5.670000076293945,-5.096252389606747,-6.508544024065978,-3.683960755147515,scaffold,2035,hybrid_gated,edge_gnn,rdkit,gated,721e3c494613d3aa378fb20e47d69b51245b538e
esol,3f40312accc983dd,CCOP(=S)(OCC)Oc1nc(Cl)n(C(C)C)n1,aqueous_solubility,log10(mol/L),train,c1nc[nH]n1,-3.6579999923706055,-1.6227166340684178,-3.0350082685276494,-0.21042499960918626,scaffold,2035,hybrid_gated,edge_gnn,rdkit,gated,721e3c494613d3aa378fb20e47d69b51245b538e
esol,24384b764548a445,CCOP(=S)(OCC)SC(CCl)N1C(=O)c2ccccc2C1=O,aqueous_solubility,log10(mol/L),calibration,O=C1NC(=O)c2ccccc21,-6.340000152587891,-5.055962232453441,-6.468253866912672,-3.643670597994209,scaffold,2035,hybrid_gated,edge_gnn,rdkit,gated,721e3c494613d3aa378fb20e47d69b51245b538e
esol,6d5b96eb33cae81f,CCOP(=S)(OCC)SCCSCC,aqueous_solubility,log10(mol/L),train,,-4.230000019073486,-3.905694008103999,-5.31798564256323,-2.4934023736447672,scaffold,2035,hybrid_gated,edge_gnn,rdkit,gated,721e3c494613d3aa378fb20e47d69b51245b538e
esol,66e03fb49f8d10d6,CCOP(=S)(OCC)SCSC(C)(C)C,aqueous_solubility,log10(mol/L),train,,-4.755000114440918,-3.6008108460274766,-5.013102480486708,-2.188519211568245,scaffold,2035,hybrid_gated,edge_gnn,rdkit,gated,721e3c494613d3aa378fb20e47d69b51245b538e
esol,9b4868f35e883ba4,CCOP(=S)(OCC)SCSCC,aqueous_solubility,log10(mol/L),train,,-4.110000133514404,-0.9214698424181689,-2.3337614768774007,0.4908217920410627,scaffold,2035,hybrid_gated,edge_gnn,rdkit,gated,721e3c494613d3aa378fb20e47d69b51245b538e
esol,9f7fec61cd56ae76,CCOP(=S)(OCC)SCSP(=S)(OCC)OCC,aqueous_solubility,log10(mol/L),train,,-5.539999961853027,-0.4315707565684521,-1.8438623910276837,0.9807208778907794,scaffold,2035,hybrid_gated,edge_gnn,rdkit,gated,721e3c494613d3aa378fb20e47d69b51245b538e
esol,2e3febfb504819dd,CCOP(=S)(OCC)SCSc1ccc(Cl)cc1,aqueous_solubility,log10(mol/L),train,c1ccccc1,-5.736000061035156,0.46277632426514836,-0.9495153101940832,1.87506795872438,scaffold,2035,hybrid_gated,edge_gnn,rdkit,gated,721e3c494613d3aa378fb20e47d69b51245b538e
esol,bc087b99671770ce,CCOP(=S)(OCC)SCn1c(=O)oc2cc(Cl)ccc21,aqueous_solubility,log10(mol/L),calibration,O=c1[nH]c2ccccc2o1,-5.232999801635742,-4.879172737416862,-6.291464371876094,-3.4668811029576307,scaffold,2035,hybrid_gated,edge_gnn,rdkit,gated,721e3c494613d3aa378fb20e47d69b51245b538e
esol,d489007731d8d5eb,CCOc1ccc(C(C)(C)COCc2cccc(Oc3ccccc3)c2)cc1,aqueous_solubility,log10(mol/L),calibration,c1ccc(CCOCc2cccc(Oc3ccccc3)c2)cc1,-8.600000381469727,-5.906994014998041,-7.319285649457273,-4.4947023805388095,scaffold,2035,hybrid_gated,edge_gnn,rdkit,gated,721e3c494613d3aa378fb20e47d69b51245b538e
esol,a7d882d72bb25f91,CCOc1ccc(NC(C)=O)cc1,aqueous_solubility,log10(mol/L),train,c1ccccc1,-2.3499999046325684,-1.1434431961020628,-2.5557348305612946,0.26884843835716876,scaffold,2035,hybrid_gated,edge_gnn,rdkit,gated,721e3c494613d3aa378fb20e47d69b51245b538e
esol,7ccb0f8bf75e392d,CCOc1ccc(NC(N)=O)cc1,aqueous_solubility,log10(mol/L),train,c1ccccc1,-2.1700000762939453,-2.3626322079504156,-3.774923842409647,-0.9503405734911841,scaffold,2035,hybrid_gated,edge_gnn,rdkit,gated,721e3c494613d3aa378fb20e47d69b51245b538e
esol,d70f36bd68ed3056,CCOc1ccc2nc(S(N)(=O)=O)sc2c1,aqueous_solubility,log10(mol/L),calibration,c1ccc2scnc2c1,-3.809999942779541,-3.1618067189654364,-4.574098353424668,-1.7495150845062049,scaffold,2035,hybrid_gated,edge_gnn,rdkit,gated,721e3c494613d3aa378fb20e47d69b51245b538e
esol,d19caccfe21491e3,CCOc1ccccc1,aqueous_solubility,log10(mol/L),train,c1ccccc1,-2.3299999237060547,-0.0399929150003655,-1.452284549459597,1.372298719458866,scaffold,2035,hybrid_gated,edge_gnn,rdkit,gated,721e3c494613d3aa378fb20e47d69b51245b538e
esol,733c64bc774b16dc,CCS,aqueous_solubility,log10(mol/L),train,,-0.6000000238418579,-0.5646282659002932,-1.9769199003595248,0.8476633685589383,scaffold,2035,hybrid_gated,edge_gnn,rdkit,gated,721e3c494613d3aa378fb20e47d69b51245b538e
esol,4210d252a5e4b130,CCSC(=O)N(CC(C)C)CC(C)C,aqueous_solubility,log10(mol/L),train,,-3.680000066757202,-3.6256525666845962,-5.037944201143828,-2.2133609322253647,scaffold,2035,hybrid_gated,edge_gnn,rdkit,gated,721e3c494613d3aa378fb20e47d69b51245b538e
esol,0eacc78ccb3b2ec7,CCSC(=O)N(CC)C1CCCCC1,aqueous_solubility,log10(mol/L),test,C1CCCCC1,-3.4000000953674316,-3.738342696841565,-5.150634331300797,-2.3260510623823336,scaffold,2035,hybrid_gated,edge_gnn,rdkit,gated,721e3c494613d3aa378fb20e47d69b51245b538e
esol,b34c23ed3887b6c3,CCSCC,aqueous_solubility,log10(mol/L),train,,-1.340000033378601,-2.4704357041450846,-3.882727338604316,-1.058144069685853,scaffold,2035,hybrid_gated,edge_gnn,rdkit,gated,721e3c494613d3aa378fb20e47d69b51245b538e
esol,891c2426f12aec2e,CCSCCSP(=S)(OC)OC,aqueous_solubility,log10(mol/L),train,,-3.0910000801086426,-8.29839825340326,-9.710689887862491,-6.886106618944028,scaffold,2035,hybrid_gated,edge_gnn,rdkit,gated,721e3c494613d3aa378fb20e47d69b51245b538e
esol,0a4abbde14334c18,CCSCc1ccccc1OC(=O)NC,aqueous_solubility,log10(mol/L),train,c1ccccc1,-2.0899999141693115,-4.62105376971248,-6.033345404171712,-3.2087621352532487,scaffold,2035,hybrid_gated,edge_gnn,rdkit,gated,721e3c494613d3aa378fb20e47d69b51245b538e
esol,87fc28998371cbb0,CCSSCC,aqueous_solubility,log10(mol/L),train,,-2.4200000762939453,-3.3562316061295747,-4.768523240588806,-1.9439399716703432,scaffold,2035,hybrid_gated,edge_gnn,rdkit,gated,721e3c494613d3aa378fb20e47d69b51245b538e
esol,f3b46b3354c9eed2,CC[N+](=O)[O-],aqueous_solubility,log10(mol/L),train,,-0.2199999988079071,-2.5073842847933907,-3.9196759192526223,-1.0950926503341591,scaffold,2035,hybrid_gated,edge_gnn,rdkit,gated,721e3c494613d3aa378fb20e47d69b51245b538e
esol,bb694e02c2818edd,CCc1ccc(C)cc1,aqueous_solubility,log10(mol/L),train,c1ccccc1,-3.109999895095825,-1.336617367717737,-2.7489090021769687,0.07567426674149447,scaffold,2035,hybrid_gated,edge_gnn,rdkit,gated,721e3c494613d3aa378fb20e47d69b51245b538e
esol,d26225632c84855c,CCc1ccc(CC)cc1,aqueous_solubility,log10(mol/L),train,c1ccccc1,-3.75,-2.965839476635533,-4.378131111094765,-1.5535478421763016,scaffold,2035,hybrid_gated,edge_gnn,rdkit,gated,721e3c494613d3aa378fb20e47d69b51245b538e
esol,33ad79fcb84e93ac,CCc1ccc2ccccc2c1,aqueous_solubility,log10(mol/L),train,c1ccc2ccccc2c1,-4.289999961853027,-0.5039439442208469,-1.9162355786800784,0.9083476902383847,scaffold,2035,hybrid_gated,edge_gnn,rdkit,gated,721e3c494613d3aa378fb20e47d69b51245b538e
esol,354b210ac00c8e34,CCc1cccc(C)c1N(C(=O)CCl)C(C)COC,aqueous_solubility,log10(mol/L),train,c1ccccc1,-2.7300000190734863,-1.4539397006954695,-2.8662313351547013,-0.04164806623623796,scaffold,2035,hybrid_gated,edge_gnn,rdkit,gated,721e3c494613d3aa378fb20e47d69b51245b538e
esol,fbe7773591d8989f,CCc1cccc(CC)c1N(COC)C(=O)CCl,aqueous_solubility,log10(mol/L),train,c1ccccc1,-3.259999990463257,-1.590865941250396,-3.0031575757096274,-0.17857430679116448,scaffold,2035,hybrid_gated,edge_gnn,rdkit,gated,721e3c494613d3aa378fb20e47d69b51245b538e
esol,e28c9726a0795ed3,CCc1cccc2ccccc12,aqueous_solubility,log10(mol/L),train,c1ccc2ccccc2c1,-4.170000076293945,-2.7263755706808537,-4.138667205140085,-1.3140839362216221,scaffold,2035,hybrid_gated,edge_gnn,rdkit,gated,721e3c494613d3aa378fb20e47d69b51245b538e
esol,8c96f07140aea378,CCc1ccccc1,aqueous_solubility,log10(mol/L),train,c1ccccc1,-2.7699999809265137,-3.8694082312697793,-5.281699865729011,-2.4571165968105477,scaffold,2035,hybrid_gated,edge_gnn,rdkit,gated,721e3c494613d3aa378fb20e47d69b51245b538e
esol,03e6bb14b7cd4e84,CCc1ccccc1C,aqueous_solubility,log10(mol/L),train,c1ccccc1,-3.2100000381469727,-1.9217253706919677,-3.3340170051511993,-0.5094337362327361,scaffold,2035,hybrid_gated,edge_gnn,rdkit,gated,721e3c494613d3aa378fb20e47d69b51245b538e
esol,d5b47e98960e200b,CCc1ccccc1CC,aqueous_solubility,log10(mol/L),train,c1ccccc1,-3.2799999713897705,-2.342435696748046,-3.7547273312072775,-0.9301440622888144,scaffold,2035,hybrid_gated,edge_gnn,rdkit,gated,721e3c494613d3aa378fb20e47d69b51245b538e
esol,c72e4f98e3a14f65,CCc1ccccn1,aqueous_solubility,log10(mol/L),validation,c1ccncc1,0.5099999904632568,-1.9759431978124715,-3.388234832271703,-0.56365156335324,scaffold,2035,hybrid_gated,edge_gnn,rdkit,gated,721e3c494613d3aa378fb20e47d69b51245b538e
esol,dfcfa377f0081086,CI,aqueous_solubility,log10(mol/L),train,,-1.0,-5.280073781739016,-6.692365416198248,-3.867782147279785,scaffold,2035,hybrid_gated,edge_gnn,rdkit,gated,721e3c494613d3aa378fb20e47d69b51245b538e
esol,17b9e8aacba5bcf4,CN(C(=O)COc1nc2ccccc2s1)c1ccccc1,aqueous_solubility,log10(mol/L),calibration,O=C(COc1nc2ccccc2s1)Nc1ccccc1,-4.873000144958496,-4.35928272923607,-5.771574363695302,-2.9469910947768385,scaffold,2035,hybrid_gated,edge_gnn,rdkit,gated,721e3c494613d3aa378fb20e47d69b51245b538e
esol,21c12c9bffc5a79f,CN(C(=O)NC(C)(C)c1ccccc1)c1ccccc1,aqueous_solubility,log10(mol/L),train,O=C(NCc1ccccc1)Nc1ccccc1,-3.3499999046325684,-5.315548277202229,-6.7278399116614604,-3.9032566427429973,scaffold,2035,hybrid_gated,edge_gnn,rdkit,gated,721e3c494613d3aa378fb20e47d69b51245b538e
esol,5b2b342c6e910b68,CN(C)C(=O)C(c1ccccc1)c1ccccc1,aqueous_solubility,log10(mol/L),calibration,c1ccc(Cc2ccccc2)cc1,-2.9800000190734863,-3.1866426786933473,-4.598934313152579,-1.7743510442341157,scaffold,2035,hybrid_gated,edge_gnn,rdkit,gated,721e3c494613d3aa378fb20e47d69b51245b538e
esol,e134da02d6e9cf26,CN(C)C(=O)N(C)C,aqueous_solubility,log10(mol/L),train,,0.9399999976158142,0.27011849820141576,-1.1421731362578158,1.6824101326606473,scaffold,2035,hybrid_gated,edge_gnn,rdkit,gated,721e3c494613d3aa378fb20e47d69b51245b538e
esol,0842d549a4381515,CN(C)C(=O)NC1CC2CC1C1CCCC21,aqueous_solubility,log10(mol/L),train,C1CC2C3CCC(C3)C2C1,-3.1710000038146973,-1.1782690228146075,-2.590560657273839,0.234022611644624,scaffold,2035,hybrid_gated,edge_gnn,rdkit,gated,721e3c494613d3aa378fb20e47d69b51245b538e
esol,6a218e40dde53207,CN(C)C(=O)NC1CCCCCCC1,aqueous_solubility,log10(mol/L),test,C1CCCCCCC1,-2.2179999351501465,-2.0610088409405423,-3.473300475399774,-0.6487172064813107,scaffold,2035,hybrid_gated,edge_gnn,rdkit,gated,721e3c494613d3aa378fb20e47d69b51245b538e
esol,f0f2d211a8e908bf,CN(C)C(=O)Nc1ccc(-n2nc(C(C)(C)C)oc2=O)c(Cl)c1,aqueous_solubility,log10(mol/L),test,O=c1ocnn1-c1ccccc1,-4.328000068664551,-4.718302174558835,-6.130593809018067,-3.306010540099604,scaffold,2035,hybrid_gated,edge_gnn,rdkit,gated,721e3c494613d3aa378fb20e47d69b51245b538e
esol,9a5249c275292eb3,CN(C)C(=O)Nc1ccc(Cl)c(Cl)c1,aqueous_solubility,log10(mol/L),train,c1ccccc1,-3.799999952316284,-1.2311370107696482,-2.6434286452288798,0.18115462368958335,scaffold,2035,hybrid_gated,edge_gnn,rdkit,gated,721e3c494613d3aa378fb20e47d69b51245b538e
esol,9e5215f43f1d56ea,CN(C)C(=O)Nc1ccc(Cl)cc1,aqueous_solubility,log10(mol/L),train,c1ccccc1,-2.890000104904175,-2.5336928003875587,-3.9459844348467903,-1.1214011659283272,scaffold,2035,hybrid_gated,edge_gnn,rdkit,gated,721e3c494613d3aa378fb20e47d69b51245b538e
esol,d673d5fc135e5b84,CN(C)C(=O)Nc1ccc(Oc2ccc(Cl)cc2)cc1,aqueous_solubility,log10(mol/L),train,c1ccc(Oc2ccccc2)cc1,-4.889999866485596,0.39065281647246897,-1.0216388179867626,1.8029444509317005,scaffold,2035,hybrid_gated,edge_gnn,rdkit,gated,721e3c494613d3aa378fb20e47d69b51245b538e
esol,a7978985d5bfccc6,CN(C)C(=O)Nc1cccc(C(F)(F)F)c1,aqueous_solubility,log10(mol/L),train,c1ccccc1,-3.430000066757202,-3.018017578470104,-4.430309212929336,-1.6057259440108727,scaffold,2035,hybrid_gated,edge_gnn,rdkit,gated,721e3c494613d3aa378fb20e47d69b51245b538e
esol,acfcc9ff5ed16439,CN(C)C(=O)Nc1cccc(OC(=O)NC(C)(C)C)c1,aqueous_solubility,log10(mol/L),train,c1ccccc1,-2.930000066757202,-6.211771639227106,-7.624063273686337,-4.799480004767874,scaffold,2035,hybrid_gated,edge_gnn,rdkit,gated,721e3c494613d3aa378fb20e47d69b51245b538e
esol,a051aff34d8c425d,CN(C)C(=O)Nc1ccccc1,aqueous_solubility,log10(mol/L),train,c1ccccc1,-1.600000023841858,-1.1857215271335388,-2.59801316159277,0.22657010732569272,scaffold,2035,hybrid_gated,edge_gnn,rdkit,gated,721e3c494613d3aa378fb20e47d69b51245b538e
esol,0483f0df1603d0eb,CN(C)C(=O)OC1=CC(=O)CC(C)(C)C1,aqueous_solubility,log10(mol/L),train,O=C1C=CCCC1,-0.8500000238418579,-3.4279583818901664,-4.8402500163493976,-2.015666747430935,scaffold,2035,hybrid_gated,edge_gnn,rdkit,gated,721e3c494613d3aa378fb20e47d69b51245b538e
esol,c8b9b536892e09bf,CN(C)C(=O)SCCCCOc1ccccc1,aqueous_solubility,log10(mol/L),train,c1ccccc1,-3.927000045776367,-1.3556992282048035,-2.767990862664035,0.056592406254428074,scaffold,2035,hybrid_gated,edge_gnn,rdkit,gated,721e3c494613d3aa378fb20e47d69b51245b538e
esol,910101c5cb9a1670,CN(C)C(=S)SSC(=S)N(C)C,aqueous_solubility,log10(mol/L),train,,-3.9000000953674316,-2.393121836699671,-3.8054134711589027,-0.9808302022404396,scaffold,2035,hybrid_gated,edge_gnn,rdkit,gated,721e3c494613d3aa378fb20e47d69b51245b538e
esol,b0ec6d6c54570db8,CN(C)c1ccccc1,aqueous_solubility,log10(mol/L),train,c1ccccc1,-1.9199999570846558,-3.771251143775079,-5.18354277823431,-2.3589595093158473,scaffold,2035,hybrid_gated,edge_gnn,rdkit,gated,721e3c494613d3aa378fb20e47d69b51245b538e
esol,925de75b6c7bfe03,CN(C)c1nc(N(C)C)nc(N(C)C)n1,aqueous_solubility,log10(mol/L),train,c1ncncn1,-3.364000082015991,0.06304243232242479,-1.3492492021368068,1.4753340667816564,scaffold,2035,hybrid_gated,edge_gnn,rdkit,gated,721e3c494613d3aa378fb20e47d69b51245b538e
esol,24d71af8b3e29e2a,CN1C(=O)CN=C(c2ccccc2)c2cc(Cl)ccc21,aqueous_solubility,log10(mol/L),train,O=C1CN=C(c2ccccc2)c2ccccc2N1,-3.753999948501587,-4.301842701566329,-5.714134336025561,-2.8895510671070976,scaffold,2035,hybrid_gated,edge_gnn,rdkit,gated,721e3c494613d3aa378fb20e47d69b51245b538e
esol,764380275cf6ecfe,CN1C(=O)CN=C(c2ccccc2)c2cc([N+](=O)[O-])ccc21,aqueous_solubility,log10(mol/L),train,O=C1CN=C(c2ccccc2)c2ccccc2N1,-3.7960000038146973,-4.136432526492035,-5.5487241609512665,-2.7241408920328034,scaffold,2035,hybrid_gated,edge_gnn,rdkit,gated,721e3c494613d3aa378fb20e47d69b51245b538e
esol,5892fb4917f1bd4c,CN1C(=O)c2cccnc2Oc2ccccc21,aqueous_solubility,log10(mol/L),test,O=C1Nc2ccccc2Oc2ncccc21,-3.671999931335449,-3.2417323066370574,-4.654023941096289,-1.8294406721778258,scaffold,2035,hybrid_gated,edge_gnn,rdkit,gated,721e3c494613d3aa378fb20e47d69b51245b538e
esol,e866140d3ce88cc7,CN1C(C(=O)Nc2ccccn2)=C(O)c2ccccc2S1(=O)=O,aqueous_solubility,log10(mol/L),train,O=C(Nc1ccccn1)C1=Cc2ccccc2S(=O)(=O)N1,-4.159999847412109,-1.9615494270985931,-3.3738410615578247,-0.5492577926393616,scaffold,2035,hybrid_gated,edge_gnn,rdkit,gated,721e3c494613d3aa378fb20e47d69b51245b538e
esol,c3339d1527a56a6a,CN1CC(O)N(c2nnc(C(C)(C)C)s2)C1=O,aqueous_solubility,log10(mol/L),train,O=C1NCCN1c1nncs1,-1.8769999742507935,-0.655493917529808,-2.0677855519890396,0.7567977169294235,scaffold,2035,hybrid_gated,edge_gnn,rdkit,gated,721e3c494613d3aa378fb20e47d69b51245b538e
esol,61a26c632a00b9e2,CNC(=O)C(C)SCCSP(=O)(OC)OC,aqueous_solubility,log10(mol/L),train,,1.1440000534057617,-6.912926849920247,-8.325218484379478,-5.500635215461015,scaffold,2035,hybrid_gated,edge_gnn,rdkit,gated,721e3c494613d3aa378fb20e47d69b51245b538e
esol,83a38e89cdeb9ac2,CNC(=O)C=C(C)OP(=O)(OC)OC,aqueous_solubility,log10(mol/L),train,,0.6510000228881836,-2.4808065051497503,-3.893098139608982,-1.0685148706905188,scaffold,2035,hybrid_gated,edge_gnn,rdkit,gated,721e3c494613d3aa378fb20e47d69b51245b538e
esol,ca4d409d99769eda,CNC(=O)ON=C(CSC)C(C)(C)C,aqueous_solubility,log10(mol/L),train,,-1.6200000047683716,0.09138121518214914,-1.3209104192770824,1.5036728496413807,scaffold,2035,hybrid_gated,edge_gnn,rdkit,gated,721e3c494613d3aa378fb20e47d69b51245b538e
esol,9c9e6971a60807b7,CNC(=O)ON=C(SC)C(=O)N(C)C,aqueous_solubility,log10(mol/L),train,,0.10599999874830246,-4.6694057830783136,-6.081697417537545,-3.257114148619082,scaffold,2035,hybrid_gated,edge_gnn,rdkit,gated,721e3c494613d3aa378fb20e47d69b51245b538e
esol,f974acb9680d10ae,CNC(=O)Oc1cc(C(C)(C)C)cc(C(C)(C)C)c1,aqueous_solubility,log10(mol/L),train,c1ccccc1,-4.239999771118164,-8.21356696725103,-9.625858601710261,-6.801275332791798,scaffold,2035,hybrid_gated,edge_gnn,rdkit,gated,721e3c494613d3aa378fb20e47d69b51245b538e
esol,bf5c31c40ed233f0,CNC(=O)Oc1cc(C)cc(C)c1,aqueous_solubility,log10(mol/L),train,c1ccccc1,-2.5810000896453857,-4.382706904961771,-5.794998539421003,-2.9704152705025395,scaffold,2035,hybrid_gated,edge_gnn,rdkit,gated,721e3c494613d3aa378fb20e47d69b51245b538e
esol,467d5329fab3eb8c,CNC(=O)Oc1ccc(N(C)C)c(C)c1,aqueous_solubility,log10(mol/L),train,c1ccccc1,-2.359999895095825,-3.1840427772806703,-4.596334411739901,-1.7717511428214388,scaffold,2035,hybrid_gated,edge_gnn,rdkit,gated,721e3c494613d3aa378fb20e47d69b51245b538e
esol,93b1c63994d0c3ae,CNC(=O)Oc1cccc(N=CN(C)C)c1,aqueous_solubility,log10(mol/L),train,c1ccccc1,-2.3399999141693115,-4.321835620342652,-5.734127254801884,-2.9095439858834204,scaffold,2035,hybrid_gated,edge_gnn,rdkit,gated,721e3c494613d3aa378fb20e47d69b51245b538e
esol,7c2469e5e8621db7,CNC(=O)Oc1cccc2c1OC(C)(C)C2,aqueous_solubility,log10(mol/L),test,c1ccc2c(c1)CCO2,-2.799999952316284,-2.237848283827269,-3.6501399182865004,-0.8255566493680373,scaffold,2035,hybrid_gated,edge_gnn,rdkit,gated,721e3c494613d3aa378fb20e47d69b51245b538e
esol,30aebbb20e458ecc,CNC(=O)Oc1cccc2ccccc12,aqueous_solubility,log10(mol/L),train,c1ccc2ccccc2c1,-3.2239999771118164,-2.992226002338106,-4.404517636797338,-1.5799343678788746,scaffold,2035,hybrid_gated,edge_gnn,rdkit,gated,721e3c494613d3aa378fb20e47d69b51245b538e
esol,4b69c82630d9473f,CNC(=O)Oc1ccccc1,aqueous_solubility,log10(mol/L),train,c1ccccc1,-1.8029999732971191,-2.250261482713891,-3.6625531171731227,-0.8379698482546596,scaffold,2035,hybrid_gated,edge_gnn,rdkit,gated,721e3c494613d3aa378fb20e47d69b51245b538e
esol,18eaa4bff7b0ffc4,CNC(=O)Oc1ccccc1C(C)C,aqueous_solubility,log10(mol/L),train,c1ccccc1,-2.86299991607666,-4.107999668252246,-5.5202913027114775,-2.6957080337930144,scaffold,2035,hybrid_gated,edge_gnn,rdkit,gated,721e3c494613d3aa378fb20e47d69b51245b538e
esol,27b2b9a51d2a3dfb,CNC(=O)Oc1ccccc1C1OCCO1,aqueous_solubility,log10(mol/L),validation,c1ccc(C2OCCO2)cc1,-1.5700000524520874,-1.7700917154319267,-3.1823833498911585,-0.3578000809726951,scaffold,2035,hybrid_gated,edge_gnn,rdkit,gated,721e3c494613d3aa378fb20e47d69b51245b538e
esol,4429a01a775681b0,CNC(=O)Oc1ccccc1OC(C)C,aqueous_solubility,log10(mol/L),train,c1ccccc1,-2.049999952316284,-3.6780042090876948,-5.090295843546926,-2.265712574628463,scaffold,2035,hybrid_gated,edge_gnn,rdkit,gated,721e3c494613d3aa378fb20e47d69b51245b538e
esol,ce17742748339d63,CNN,aqueous_solubility,log10(mol/L),train,,1.340000033378601,0.43060444479599935,-0.9816871896632322,1.842896079255231,scaffold,2035,hybrid_gated,edge_gnn,rdkit,gated,721e3c494613d3aa378fb20e47d69b51245b538e
esol,05148dad0482f4d2,CNc1ccccc1,aqueous_solubility,log10(mol/L),train,c1ccccc1,-1.2799999713897705,-3.505432426923984,-4.917724061383216,-2.0931407924647525,scaffold,2035,hybrid_gated,edge_gnn,rdkit,gated,721e3c494613d3aa378fb20e47d69b51245b538e
esol,a9c91e9f39b50d3c,CNc1cnn(-c2cccc(C(F)(F)F)c2)c(=O)c1Cl,aqueous_solubility,log10(mol/L),calibration,O=c1cccnn1-c1ccccc1,-4.046000003814697,-4.567015778608917,-5.979307413068149,-3.154724144149686,scaffold,2035,hybrid_gated,edge_gnn,rdkit,gated,721e3c494613d3aa378fb20e47d69b51245b538e
esol,0bab33f79e992ea8,CO,aqueous_solubility,log10(mol/L),train,,1.5700000524520874,-1.1875919880045835,-2.599883622463815,0.22469964645464802,scaffold,2035,hybrid_gated,edge_gnn,rdkit,gated,721e3c494613d3aa378fb20e47d69b51245b538e
esol,f81db077a722c928,COC(=O)C1=C(C)NC(C)=C(C(=O)OC)C1c1ccccc1[N+](=O)[O-],aqueous_solubility,log10(mol/L),validation,C1=CC(c2ccccc2)C=CN1,-4.760000228881836,-3.436377296931573,-4.8486689313908045,-2.0240856624723413,scaffold,2035,hybrid_gated,edge_gnn,rdkit,gated,721e3c494613d3aa378fb20e47d69b51245b538e
esol,749fcea5bdddd1e6,COC(=O)Nc1cccc(OC(=O)Nc2cccc(C)c2)c1,aqueous_solubility,log10(mol/L),calibration,O=C(Nc1ccccc1)Oc1ccccc1,-4.804999828338623,-3.5564646383652763,-4.968756272824508,-2.1441730039060447,scaffold,2035,hybrid_gated,edge_gnn,rdkit,gated,721e3c494613d3aa378fb20e47d69b51245b538e
esol,a22f0678e1767ab7,COC(=O)Nc1nc2ccc(C(=O)c3ccccc3)cc2[nH]1,aqueous_solubility,log10(mol/L),calibration,O=C(c1ccccc1)c1ccc2nc[nH]c2c1,-3.880000114440918,-4.791739886903318,-6.204031521362549,-3.379448252444086,scaffold,2035,hybrid_gated,edge_gnn,rdkit,gated,721e3c494613d3aa378fb20e47d69b51245b538e
esol,666ddf99a256128a,COC(=O)c1cc(O)c(O)c(O)c1,aqueous_solubility,log10(mol/L),train,c1ccccc1,-1.2400000095367432,-3.2389525098164174,-4.651244144275649,-1.8266608753571858,scaffold,2035,hybrid_gated,edge_gnn,rdkit,gated,721e3c494613d3aa378fb20e47d69b51245b538e
esol,188786e497548b05,COC(=O)c1ccc(O)cc1,aqueous_solubility,log10(mol/L),train,c1ccccc1,-1.8270000219345093,-3.718194114194569,-5.1304857486538005,-2.3059024797353374,scaffold,2035,hybrid_gated,edge_gnn,rdkit,gated,721e3c494613d3aa378fb20e47d69b51245b538e
esol,49577c11df1cfd38,COC(=O)c1ccccc1,aqueous_solubility,log10(mol/L),train,c1ccccc1,-1.850000023841858,-1.6567745348565768,-3.0690661693158083,-0.24448290039734522,scaffold,2035,hybrid_gated,edge_gnn,rdkit,gated,721e3c494613d3aa378fb20e47d69b51245b538e
esol,ed34e85526590345,COC(=O)c1ccccc1C(=O)OC,aqueous_solubility,log10(mol/L),train,c1ccccc1,-1.659999966621399,-3.337537687803227,-4.749829322262459,-1.9252460533439955,scaffold,2035,hybrid_gated,edge_gnn,rdkit,gated,721e3c494613d3aa378fb20e47d69b51245b538e
esol,6e2b5874bd54e152,COC(=O)c1ccccc1OC1OC(COC2OCC(O)C(O)C2O)C(O)C(O)C1O,aqueous_solubility,log10(mol/L),validation,c1ccc(OC2CCCC(COC3CCCCO3)O2)cc1,-0.7419999837875366,-1.9171761965210332,-3.3294678309802648,-0.5048845620618017,scaffold,2035,hybrid_gated,edge_gnn,rdkit,gated,721e3c494613d3aa378fb20e47d69b51245b538e
esol,88ead3f7cdc58cf9,COC(=O)c1cccnc1,aqueous_solubility,log10(mol/L),validation,c1ccncc1,-0.46000000834465027,-1.4060277748083445,-2.818319409267576,0.006263859650887049,scaffold,2035,hybrid_gated,edge_gnn,rdkit,gated,721e3c494613d3aa378fb20e47d69b51245b538e
esol,5c08f88c70ebf4aa,COC(C)(C)C,aqueous_solubility,log10(mol/L),train,,-0.23999999463558197,-0.6762703226784814,-2.088561957137713,0.7360213117807501,scaffold,2035,hybrid_gated,edge_gnn,rdkit,gated,721e3c494613d3aa378fb20e47d69b51245b538e
esol,6773ea5b6283d92d,COC(C)(C)CCCC(C)CC=CC(C)=CC(=O)OC(C)C,aqueous_solubility,log10(mol/L),train,,-5.190000057220459,-4.053410409675353,-5.465702044134584,-2.641118775216121,scaffold,2035,hybrid_gated,edge_gnn,rdkit,gated,721e3c494613d3aa378fb20e47d69b51245b538e
esol,798f5eefa4edc99d,COC(C)=O,aqueous_solubility,log10(mol/L),train,,0.46000000834465027,-1.6020208819286632,-3.0143125163878945,-0.18972924746943165,scaffold,2035,hybrid_gated,edge_gnn,rdkit,gated,721e3c494613d3aa378fb20e47d69b51245b538e
esol,fe98fc7972b9fbd7,COC1=C(OC)C2C(=O)OCC2C=C1,aqueous_solubility,log10(mol/L),train,O=C1OCC2C=CC=CC12,-1.8990000486373901,-7.577930982618805,-8.990222617078036,-6.165639348159574,scaffold,2035,hybrid_gated,edge_gnn,rdkit,gated,721e3c494613d3aa378fb20e47d69b51245b538e
esol,033c75d289f7b25e,COC1=CC(=O)CC(C)C12Oc1c(Cl)c(OC)cc(OC)c1C2=O,aqueous_solubility,log10(mol/L),validation,O=C1C=CC2(CC1)Oc1ccccc1C2=O,-3.246000051498413,-4.30511776012583,-5.7174093945850615,-2.8928261256665984,scaffold,2035,hybrid_gated,edge_gnn,rdkit,gated,721e3c494613d3aa378fb20e47d69b51245b538e
esol,14db5dcd22155360,COC1=CC2OC3C=CC(O)=CC3C(=O)C2C(O)=C1,aqueous_solubility,log10(mol/L),train,O=C1C2C=CC=CC2OC2C=CC=CC12,-2.943000078201294,-4.428108134752416,-5.840399769211648,-3.0158165002931847,scaffold,2035,hybrid_gated,edge_gnn,rdkit,gated,721e3c494613d3aa378fb20e47d69b51245b538e
esol,68ee9b244d6cfe81,COC=O,aqueous_solubility,log10(mol/L),train,,0.5799999833106995,-3.326673406790385,-4.7389650412496165,-1.9143817723311534,scaffold,2035,hybrid_gated,edge_gnn,rdkit,gated,721e3c494613d3aa378fb20e47d69b51245b538e
esol,89703926e52a5f1b,COCC(=O)N(c1c(C)cccc1C)C(C)C(=O)OC,aqueous_solubility,log10(mol/L),train,c1ccccc1,-1.6009999513626099,-3.6699601701819975,-5.0822518046412295,-2.257668535722766,scaffold,2035,hybrid_gated,edge_gnn,rdkit,gated,721e3c494613d3aa378fb20e47d69b51245b538e
esol,8828034dbcc2ba49,COCCCNc1nc(NC(C)C)nc(SC)n1,aqueous_solubility,log10(mol/L),train,c1ncncn1,-2.927999973297119,-0.48218331104286793,-1.8944749455020995,0.9301083234163636,scaffold,2035,hybrid_gated,edge_gnn,rdkit,gated,721e3c494613d3aa378fb20e47d69b51245b538e
esol,16dde7866f46c4c1,COCOC,aqueous_solubility,log10(mol/L),train,,0.47999998927116394,0.979896335144057,-0.4323952993151745,2.3921879696032886,scaffold,2035,hybrid_gated,edge_gnn,rdkit,gated,721e3c494613d3aa378fb20e47d69b51245b538e
esol,e2974c195ea5145c,CON(C)C(=O)Nc1ccc(Br)c(Cl)c1,aqueous_solubility,log10(mol/L),train,c1ccccc1,-3.9240000247955322,-3.0620991694303634,-4.4743908038895945,-1.6498075349711319,scaffold,2035,hybrid_gated,edge_gnn,rdkit,gated,721e3c494613d3aa378fb20e47d69b51245b538e
esol,6ff13bb4acd5abdb,CON(C)C(=O)Nc1ccc(Cl)c(Cl)c1,aqueous_solubility,log10(mol/L),train,c1ccccc1,-3.5920000076293945,-4.128400722137028,-5.540692356596259,-2.716109087677796,scaffold,2035,hybrid_gated,edge_gnn,rdkit,gated,721e3c494613d3aa378fb20e47d69b51245b538e
esol,48039236e49fe73d,CON(C)C(=O)Nc1ccc(Cl)cc1,aqueous_solubility,log10(mol/L),train,c1ccccc1,-2.569999933242798,1.8655842048581333,0.4532925703989017,3.277875839317365,scaffold,2035,hybrid_gated,edge_gnn,rdkit,gated,721e3c494613d3aa378fb20e47d69b51245b538e
esol,af9e24623c743976,COP(=O)(NC(C)=O)SC,aqueous_solubility,log10(mol/L),train,,0.5400000214576721,-1.4642300268642852,-2.8765216613235167,-0.0519383924050536,scaffold,2035,hybrid_gated,edge_gnn,rdkit,gated,721e3c494613d3aa378fb20e47d69b51245b538e
esol,13a3fd60c5aabbbd,COP(=O)(OC)C(O)C(Cl)(Cl)Cl,aqueous_solubility,log10(mol/L),train,,-0.2199999988079071,-1.105193833273099,-2.517485467732331,0.3070978011861325,scaffold,2035,hybrid_gated,edge_gnn,rdkit,gated,721e3c494613d3aa378fb20e47d69b51245b538e
esol,780a5f925619f9f0,COP(=O)(OC)OC(=CCl)c1cc(Cl)c(Cl)cc1Cl,aqueous_solubility,log10(mol/L),train,c1ccccc1,-4.521999835968018,-2.8783983559220685,-4.2906899903813,-1.466106721462837,scaffold,2035,hybrid_gated,edge_gnn,rdkit,gated,721e3c494613d3aa378fb20e47d69b51245b538e
esol,5a3a208a796a3e9e,COP(=O)(OC)OC(Br)C(Cl)(Cl)Br,aqueous_solubility,log10(mol/L),train,,-2.2799999713897705,-4.897798949977255,-6.3100905844364865,-3.4855073155180234,scaffold,2035,hybrid_gated,edge_gnn,rdkit,gated,721e3c494613d3aa378fb20e47d69b51245b538e
esol,6d1ebe733929addc,COP(=S)(OC)Oc1cc(Cl)c(Br)cc1Cl,aqueous_solubility,log10(mol/L),train,c1ccccc1,-6.090000152587891,-1.9527632379723912,-3.3650548724316227,-0.5404716035131596,scaffold,2035,hybrid_gated,edge_gnn,rdkit,gated,721e3c494613d3aa378fb20e47d69b51245b538e
esol,57f26cdf89d354e1,COP(=S)(OC)Oc1cc(Cl)c(Cl)cc1Cl,aqueous_solubility,log10(mol/L),train,c1ccccc1,-5.71999979019165,-0.7546588706808754,-2.166950505140107,0.6576327637783561,scaffold,2035,hybrid_gated,edge_gnn,rdkit,gated,721e3c494613d3aa378fb20e47d69b51245b538e
esol,c8a8a21070ddea32,COP(=S)(OC)Oc1cc(Cl)c(I)cc1Cl,aqueous_solubility,log10(mol/L),train,c1ccccc1,-6.619999885559082,-2.3553097699713454,-3.767601404430577,-0.9430181355121139,scaffold,2035,hybrid_gated,edge_gnn,rdkit,gated,721e3c494613d3aa378fb20e47d69b51245b538e
esol,93a69b9aac77fb83,COP(=S)(OC)Oc1ccc(SC)c(C)c1,aqueous_solubility,log10(mol/L),train,c1ccccc1,-4.570000171661377,-1.5853255903004924,-2.9976172247597237,-0.1730339558412608,scaffold,2035,hybrid_gated,edge_gnn,rdkit,gated,721e3c494613d3aa378fb20e47d69b51245b538e
esol,af206ce7eb35e12c,COP(=S)(OC)Oc1ccc(Sc2ccc(OP(=S)(OC)OC)cc2)cc1,aqueous_solubility,log10(mol/L),calibration,c1ccc(Sc2ccccc2)cc1,-6.236999988555908,-5.774113015785866,-7.186404650245097,-4.361821381326634,scaffold,2035,hybrid_gated,edge_gnn,rdkit,gated,721e3c494613d3aa378fb20e47d69b51245b538e
esol,0630c7b78d9001c5,COP(=S)(OC)Oc1ccc([N+](=O)[O-])c(C)c1,aqueous_solubility,log10(mol/L),train,c1ccccc1,-4.039999961853027,-5.575624654234987,-6.987916288694219,-4.163333019775756,scaffold,2035,hybrid_gated,edge_gnn,rdkit,gated,721e3c494613d3aa378fb20e47d69b51245b538e
esol,26a3764db159060c,COP(=S)(OC)Oc1ccc([N+](=O)[O-])cc1Cl,aqueous_solubility,log10(mol/L),train,c1ccccc1,-4.309999942779541,-1.901806750085128,-3.3140983845443595,-0.48951511562589634,scaffold,2035,hybrid_gated,edge_gnn,rdkit,gated,721e3c494613d3aa378fb20e47d69b51245b538e
esol,3c1bae9a1671999e,COP(=S)(OC)SCC(=O)N(C)C=O,aqueous_solubility,log10(mol/L),train,,-1.9950000047683716,-4.517295871206699,-5.92958750566593,-3.105004236747467,scaffold,2035,hybrid_gated,edge_gnn,rdkit,gated,721e3c494613d3aa378fb20e47d69b51245b538e
esol,3c7c2897c14190e7,COP(=S)(OC)SCC(=O)N(c1ccc(Cl)cc1)C(C)C,aqueous_solubility,log10(mol/L),train,c1ccccc1,-4.432000160217285,-1.3760755754241139,-2.7883672098833454,0.03621605903511771,scaffold,2035,hybrid_gated,edge_gnn,rdkit,gated,721e3c494613d3aa378fb20e47d69b51245b538e
esol,73a7a17726ecb1d8,COc1c(O)c(Cl)c(Cl)c(Cl)c1Cl,aqueous_solubility,log10(mol/L),train,c1ccccc1,-4.019999980926514,-2.8646932983559594,-4.276984932815191,-1.4524016638967279,scaffold,2035,hybrid_gated,edge_gnn,rdkit,gated,721e3c494613d3aa378fb20e47d69b51245b538e
esol,f6aaf2955176d64c,COc1c2occc2c(OC)c2c(=O)cc(C)oc12,aqueous_solubility,log10(mol/L),validation,O=c1ccoc2cc3occc3cc12,-3.0209999084472656,-3.6313750105103058,-5.043666644969537,-2.219083376051074,scaffold,2035,hybrid_gated,edge_gnn,rdkit,gated,721e3c494613d3aa378fb20e47d69b51245b538e
esol,d81d239372dc39ef,COc1c2occc2cc2ccc(=O)oc12,aqueous_solubility,log10(mol/L),validation,O=c1ccc2cc3ccoc3cc2o1,-3.6640000343322754,-3.575518347507551,-4.987809981966782,-2.1632267130483194,scaffold,2035,hybrid_gated,edge_gnn,rdkit,gated,721e3c494613d3aa378fb20e47d69b51245b538e
esol,fb0727226d8bda00,COc1cc(C2c3cc4c(cc3C(OC3OC5COC(C)OC5C(O)C3O)C3COC(=O)C23)OCO4)cc(OC)c1O,aqueous_solubility,log10(mol/L),test,O=C1OCC2C(OC3CCC4OCOCC4O3)c3cc4c(cc3C(c3ccccc3)C12)OCO4,-3.571000099182129,-4.0677411071230525,-5.480032741582284,-2.655449472663821,scaffold,2035,hybrid_gated,edge_gnn,rdkit,gated,721e3c494613d3aa378fb20e47d69b51245b538e
esol,a2fe2787bc40ab5d,COc1cc2c(N)nc(N3CCN(C(=O)OCC(C)(C)O)CC3)nc2c(OC)c1OC,aqueous_solubility,log10(mol/L),calibration,c1ccc2nc(N3CCNCC3)ncc2c1,-3.638000011444092,-3.8434700335503234,-5.255761668009555,-2.431178399091092,scaffold,2035,hybrid_gated,edge_gnn,rdkit,gated,721e3c494613d3aa378fb20e47d69b51245b538e
esol,0bd779b87e0a0d4a,COc1ccc(C(O)(c2cncnc2)C2CC2)cc1,aqueous_solubility,log10(mol/L),calibration,c1ccc(C(c2cncnc2)C2CC2)cc1,-2.5959999561309814,-3.0937696104942853,-4.506061244953517,-1.6814779760350538,scaffold,2035,hybrid_gated,edge_gnn,rdkit,gated,721e3c494613d3aa378fb20e47d69b51245b538e
esol,9068cc8b834cc0eb,COc1ccc(C(c2ccc(OC)cc2)C(Cl)(Cl)Cl)cc1,aqueous_solubility,log10(mol/L),calibration,c1ccc(Cc2ccccc2)cc1,-6.889999866485596,-5.5949683103504135,-7.007259944809645,-4.182676675891182,scaffold,2035,hybrid_gated,edge_gnn,rdkit,gated,721e3c494613d3aa378fb20e47d69b51245b538e
esol,53952794d358f97b,COc1ccc(C=O)cc1,aqueous_solubility,log10(mol/L),train,c1ccccc1,-1.4900000095367432,-5.801225255243393,-7.213516889702625,-4.388933620784162,scaffold,2035,hybrid_gated,edge_gnn,rdkit,gated,721e3c494613d3aa378fb20e47d69b51245b538e
esol,61e05515e58dc633,COc1ccc(Cl)cc1,aqueous_solubility,log10(mol/L),train,c1ccccc1,-2.7799999713897705,-7.123019979755835,-8.535311614215066,-5.710728345296603,scaffold,2035,hybrid_gated,edge_gnn,rdkit,gated,721e3c494613d3aa378fb20e47d69b51245b538e
esol,6f0d5c822a2c8b54,COc1ccc(NC(=O)N(C)C)cc1Cl,aqueous_solubility,log10(mol/L),train,c1ccccc1,-2.563999891281128,-2.2125898757544116,-3.624881510213643,-0.80029824129518,scaffold,2035,hybrid_gated,edge_gnn,rdkit,gated,721e3c494613d3aa378fb20e47d69b51245b538e
esol,a440351c22fbaf2f,COc1ccc(Oc2ccc(NC(=O)N(C)C)cc2)cc1,aqueous_solubility,log10(mol/L),train,c1ccc(Oc2ccccc2)cc1,-4.159999847412109,-5.266111664978613,-6.678403299437845,-3.8538200305193815,scaffold,2035,hybrid_gated,edge_gnn,rdkit,gated,721e3c494613d3aa378fb20e47d69b51245b538e
esol,54c11156225fcdea,COc1ccc([N+](=O)[O-])cc1,aqueous_solubility,log10(mol/L),train,c1ccccc1,-2.4100000858306885,-3.999091142687962,-5.411382777147193,-2.5867995082287303,scaffold,2035,hybrid_gated,edge_gnn,rdkit,gated,721e3c494613d3aa378fb20e47d69b51245b538e
esol,76a18f4c2024b3d3,COc1ccc2ccc(=O)oc2c1CC=C(C)C,aqueous_solubility,log10(mol/L),test,O=c1ccc2ccccc2o1,-4.314000129699707,-3.9899954075510955,-5.402287042010327,-2.577703773091864,scaffold,2035,hybrid_gated,edge_gnn,rdkit,gated,721e3c494613d3aa378fb20e47d69b51245b538e
esol,28951249e2791f06,COc1cccc(Cl)c1,aqueous_solubility,log10(mol/L),train,c1ccccc1,-2.7799999713897705,0.7864331668115949,-0.6258584676476366,2.1987248012708265,scaffold,2035,hybrid_gated,edge_gnn,rdkit,gated,721e3c494613d3aa378fb20e47d69b51245b538e
esol,93c51a6d6f685836,COc1ccccc1,aqueous_solubility,log10(mol/L),train,c1ccccc1,-1.850000023841858,-6.334303871504062,-7.746595505963294,-4.9220122370448305,scaffold,2035,hybrid_gated,edge_gnn,rdkit,gated,721e3c494613d3aa378fb20e47d69b51245b538e
esol,61ef7d42849f3184,COc1ccccc1Cl,aqueous_solubility,log10(mol/L),train,c1ccccc1,-2.4600000381469727,-4.913720970488991,-6.326012604948223,-3.5014293360297595,scaffold,2035,hybrid_gated,edge_gnn,rdkit,gated,721e3c494613d3aa378fb20e47d69b51245b538e
esol,eb6f42a07bb6de18,COc1ccccc1O,aqueous_solubility,log10(mol/L),train,c1ccccc1,-1.9600000381469727,-0.5638602211938619,-1.9761518556530935,0.8484314132653696,scaffold,2035,hybrid_gated,edge_gnn,rdkit,gated,721e3c494613d3aa378fb20e47d69b51245b538e
esol,814823a858f686a6,COc1ccccc1OCC(O)COC(N)=O,aqueous_solubility,log10(mol/L),train,c1ccccc1,-0.9850000143051147,-2.3334848163157096,-3.745776450774941,-0.921193181856478,scaffold,2035,hybrid_gated,edge_gnn,rdkit,gated,721e3c494613d3aa378fb20e47d69b51245b538e
esol,d4928ef8bde7d1fe,COc1ccccc1[N+](=O)[O-],aqueous_solubility,log10(mol/L),train,c1ccccc1,-1.9600000381469727,-0.9845461969306055,-2.396837831389837,0.42774543752862604,scaffold,2035,hybrid_gated,edge_gnn,rdkit,gated,721e3c494613d3aa378fb20e47d69b51245b538e
esol,f77319b49caa9f62,COc1cnc2cncnc2n1,aqueous_solubility,log10(mol/L),train,c1cnc2ncncc2n1,-0.9100000262260437,-3.2054243175603228,-4.617715952019554,-1.7931326831010912,scaffold,2035,hybrid_gated,edge_gnn,rdkit,gated,721e3c494613d3aa378fb20e47d69b51245b538e
esol,5dffcf404f645444,COc1cnc2ncncc2n1,aqueous_solubility,log10(mol/L),train,c1cnc2ncncc2n1,-1.1390000581741333,-4.856475626591883,-6.2687672610511145,-3.4441839921326514,scaffold,2035,hybrid_gated,edge_gnn,rdkit,gated,721e3c494613d3aa378fb20e47d69b51245b538e
esol,80014862d89a7874,COc1nc(NC(C)C)nc(NC(C)C)n1,aqueous_solubility,log10(mol/L),train,c1ncncn1,-2.4779999256134033,-2.842673371396455,-4.254965005855686,-1.4303817369372234,scaffold,2035,hybrid_gated,edge_gnn,rdkit,gated,721e3c494613d3aa378fb20e47d69b51245b538e
esol,6d629ddb03b3976b,COc1ncc2nccnc2n1,aqueous_solubility,log10(mol/L),train,c1cnc2ncncc2n1,-1.1100000143051147,-2.578181101071731,-3.9904727355309624,-1.1658894666124993,scaffold,2035,hybrid_gated,edge_gnn,rdkit,gated,721e3c494613d3aa378fb20e47d69b51245b538e
esol,1b1400c943fc116e,COc1ncnc2nccnc12,aqueous_solubility,log10(mol/L),train,c1cnc2ncncc2n1,-1.1100000143051147,-8.443942368925864,-9.856234003385095,-7.031650734466632,scaffold,2035,hybrid_gated,edge_gnn,rdkit,gated,721e3c494613d3aa378fb20e47d69b51245b538e
esol,ac0041960cd300cd,CS(=O)(=O)c1ccc(C(O)C(CO)NC(=O)C(Cl)Cl)cc1,aqueous_solubility,log10(mol/L),train,c1ccccc1,-2.1540000438690186,-4.191791849070133,-5.604083483529364,-2.779500214610901,scaffold,2035,hybrid_gated,edge_gnn,rdkit,gated,721e3c494613d3aa378fb20e47d69b51245b538e
esol,15427e61e6c5e494,CSC,aqueous_solubility,log10(mol/L),train,,-0.44999998807907104,-3.207466180923075,-4.6197578153823065,-1.7951745464638433,scaffold,2035,hybrid_gated,edge_gnn,rdkit,gated,721e3c494613d3aa378fb20e47d69b51245b538e
esol,27be4a939cf2095e,CSCS(=O)CC(CO)NC(=O)C=Cc1c(C)[nH]c(=O)[nH]c1=O,aqueous_solubility,log10(mol/L),test,O=c1cc[nH]c(=O)[nH]1,-1.9809999465942383,-2.3157026689708906,-3.727994303430122,-0.903411034511659,scaffold,2035,hybrid_gated,edge_gnn,rdkit,gated,721e3c494613d3aa378fb20e47d69b51245b538e
esol,34db32618c7c0bd7,CSSC,aqueous_solubility,log10(mol/L),train,,-1.440000057220459,-2.846327433767746,-4.258619068226977,-1.4340357993085147,scaffold,2035,hybrid_gated,edge_gnn,rdkit,gated,721e3c494613d3aa378fb20e47d69b51245b538e
esol,c0328538a0e8d514,CSc1ccccc1,aqueous_solubility,log10(mol/L),train,c1ccccc1,-2.390000104904175,-2.954032437375033,-4.366324071834264,-1.5417408029158013,scaffold,2035,hybrid_gated,edge_gnn,rdkit,gated,721e3c494613d3aa378fb20e47d69b51245b538e
esol,01435d46358b4e6f,CSc1nc(N(C)C)nc(N(C)C)n1,aqueous_solubility,log10(mol/L),train,c1ncncn1,-2.6760001182556152,-1.5295050370395804,-2.941796671498812,-0.11721340258034885,scaffold,2035,hybrid_gated,edge_gnn,rdkit,gated,721e3c494613d3aa378fb20e47d69b51245b538e
esol,a2e1c537815223d9,CSc1nc(NC(C)C)nc(NC(C)C)n1,aqueous_solubility,log10(mol/L),train,c1ncncn1,-4.099999904632568,-2.046960191459967,-3.4592518259191984,-0.6346685570007353,scaffold,2035,hybrid_gated,edge_gnn,rdkit,gated,721e3c494613d3aa378fb20e47d69b51245b538e
esol,6c043c25cd0ee673,CSc1nnc(C(C)(C)C)c(=O)n1N,aqueous_solubility,log10(mol/L),train,O=c1cnnc[nH]1,-2.253000020980835,0.0794723648608695,-1.332819269598362,1.491763999320101,scaffold,2035,hybrid_gated,edge_gnn,rdkit,gated,721e3c494613d3aa378fb20e47d69b51245b538e
esol,939a64a917fc1fbc,C[N+](=O)[O-],aqueous_solubility,log10(mol/L),train,,0.25999999046325684,-5.882704987198798,-7.294996621658029,-4.470413352739566,scaffold,2035,hybrid_gated,edge_gnn,rdkit,gated,721e3c494613d3aa378fb20e47d69b51245b538e
esol,6a00bcc744815977,Cc1[nH]c(=O)n(C(C)(C)C)c(=O)c1Cl,aqueous_solubility,log10(mol/L),test,O=c1cc[nH]c(=O)[nH]1,-2.4839999675750732,-2.7970266116938105,-4.2093182461530425,-1.384734977234579,scaffold,2035,hybrid_gated,edge_gnn,rdkit,gated,721e3c494613d3aa378fb20e47d69b51245b538e
esol,011959fb02a50970,Cc1c(C)c(C)c(C)c(C)c1C,aqueous_solubility,log10(mol/L),train,c1ccccc1,-5.230000019073486,-0.22518695245084075,-1.6374785869100723,1.1871046820083908,scaffold,2035,hybrid_gated,edge_gnn,rdkit,gated,721e3c494613d3aa378fb20e47d69b51245b538e
esol,255cf0d2a2107c67,Cc1c(C)c2c3ccccc3ccc2c2ccccc12,aqueous_solubility,log10(mol/L),test,c1ccc2c(c1)ccc1c3ccccc3ccc21,-7.010000228881836,-7.109294001701956,-8.521585636161188,-5.697002367242725,scaffold,2035,hybrid_gated,edge_gnn,rdkit,gated,721e3c494613d3aa378fb20e47d69b51245b538e
esol,96b9df861fc1a5b7,Cc1c(F)c(F)c(COC(=O)C2C(C=C(Cl)C(F)(F)F)C2(C)C)c(F)c1F,aqueous_solubility,log10(mol/L),validation,O=C(OCc1ccccc1)C1CC1,-7.321000099182129,-5.592411170474129,-7.004702804933361,-4.180119536014898,scaffold,2035,hybrid_gated,edge_gnn,rdkit,gated,721e3c494613d3aa378fb20e47d69b51245b538e
esol,27f7cb057fe02c05,Cc1c(N(C)C)c(=O)n(-c2ccccc2)n1C,aqueous_solubility,log10(mol/L),validation,O=c1cc[nH]n1-c1ccccc1,-0.36399999260902405,-3.068661818055167,-4.480953452514399,-1.6563701835959352,scaffold,2035,hybrid_gated,edge_gnn,rdkit,gated,721e3c494613d3aa378fb20e47d69b51245b538e
esol,a71940fe39e775e7,Cc1c(N)c(=O)n(-c2ccccc2)n1C,aqueous_solubility,log10(mol/L),validation,O=c1cc[nH]n1-c1ccccc1,-0.6240000128746033,-2.475959484999636,-3.8882511194588676,-1.0636678505404045,scaffold,2035,hybrid_gated,edge_gnn,rdkit,gated,721e3c494613d3aa378fb20e47d69b51245b538e
esol,405aedd218ada939,Cc1c([N+](=O)[O-])cc([N+](=O)[O-])cc1[N+](=O)[O-],aqueous_solubility,log10(mol/L),train,c1ccccc1,-3.2200000286102295,-4.6796965843753116,-6.091988218834543,-3.26740494991608,scaffold,2035,hybrid_gated,edge_gnn,rdkit,gated,721e3c494613d3aa378fb20e47d69b51245b538e
esol,6bbc2d7fd1aa6c13,Cc1c([N+](=O)[O-])cccc1[N+](=O)[O-],aqueous_solubility,log10(mol/L),train,c1ccccc1,-3.0,-3.128637664224018,-4.540929298683249,-1.7163460297647863,scaffold,2035,hybrid_gated,edge_gnn,rdkit,gated,721e3c494613d3aa378fb20e47d69b51245b538e
esol,2e4e642d79dc2dce,Cc1c2ccccc2c(C)c2c1ccc1ccccc12,aqueous_solubility,log10(mol/L),train,c1ccc2cc3c(ccc4ccccc43)cc2c1,-7.019999980926514,-1.3070310170337551,-2.7193226514929867,0.10526061742547643,scaffold,2035,hybrid_gated,edge_gnn,rdkit,gated,721e3c494613d3aa378fb20e47d69b51245b538e
esol,74b6a8e9080bc721,Cc1c2ccccc2c(C)c2ccccc12,aqueous_solubility,log10(mol/L),calibration,c1ccc2cc3ccccc3cc2c1,-6.570000171661377,-6.274416339786066,-7.686707974245298,-4.862124705326835,scaffold,2035,hybrid_gated,edge_gnn,rdkit,gated,721e3c494613d3aa378fb20e47d69b51245b538e
esol,64f1735379f646a8,Cc1c2ccccc2cc2ccccc12,aqueous_solubility,log10(mol/L),calibration,c1ccc2cc3ccccc3cc2c1,-5.889999866485596,-5.8326934698747905,-7.244985104334022,-4.420401835415559,scaffold,2035,hybrid_gated,edge_gnn,rdkit,gated,721e3c494613d3aa378fb20e47d69b51245b538e
esol,0ada1641492d4a17,Cc1c[nH]c(=O)[nH]c1=O,aqueous_solubility,log10(mol/L),test,O=c1cc[nH]c(=O)[nH]1,-1.50600004196167,-1.5405017600331945,-2.952793394492426,-0.12821012557396294,scaffold,2035,hybrid_gated,edge_gnn,rdkit,gated,721e3c494613d3aa378fb20e47d69b51245b538e
esol,b32a6b50a85ca7a0,Cc1c[nH]c(=O)nc1N,aqueous_solubility,log10(mol/L),train,O=c1nccc[nH]1,-1.4579999446868896,-3.374020286486898,-4.78631192094613,-1.9617286520276664,scaffold,2035,hybrid_gated,edge_gnn,rdkit,gated,721e3c494613d3aa378fb20e47d69b51245b538e
esol,855b948e58b48eae,Cc1c[nH]c2ccccc12,aqueous_solubility,log10(mol/L),validation,c1ccc2[nH]ccc2c1,-2.4200000762939453,-3.010011965556138,-4.42230360001537,-1.5977203310969066,scaffold,2035,hybrid_gated,edge_gnn,rdkit,gated,721e3c494613d3aa378fb20e47d69b51245b538e
esol,412aec08aadb9b06,Cc1cc(=O)[nH]c(=S)[nH]1,aqueous_solubility,log10(mol/L),train,O=c1cc[nH]c(=S)[nH]1,-2.436000108718872,-1.8915337660949605,-3.3038254005541923,-0.47924213163572893,scaffold,2035,hybrid_gated,edge_gnn,rdkit,gated,721e3c494613d3aa378fb20e47d69b51245b538e
esol,e96744a6c5b15c2c,Cc1cc(=O)n(-c2ccccc2)n1C,aqueous_solubility,log10(mol/L),validation,O=c1cc[nH]n1-c1ccccc1,0.7149999737739563,-2.8253629149783346,-4.237654549437567,-1.413071280519103,scaffold,2035,hybrid_gated,edge_gnn,rdkit,gated,721e3c494613d3aa378fb20e47d69b51245b538e
esol,c699d455e9ba8b21,Cc1cc(C(=O)NNCc2ccccc2)no1,aqueous_solubility,log10(mol/L),train,O=C(NNCc1ccccc1)c1ccon1,-2.4609999656677246,-1.019623366451503,-2.4319150009107346,0.39266826800772847,scaffold,2035,hybrid_gated,edge_gnn,rdkit,gated,721e3c494613d3aa378fb20e47d69b51245b538e
esol,f4af7cb57402c3b2,Cc1cc(C)c(C)c(C)c1C,aqueous_solubility,log10(mol/L),train,c1ccccc1,-4.0,-2.077164624517892,-3.4894562589771234,-0.6648729900586603,scaffold,2035,hybrid_gated,edge_gnn,rdkit,gated,721e3c494613d3aa378fb20e47d69b51245b538e
esol,10496a05f7b4af1b,Cc1cc(C)c(C)cc1C,aqueous_solubility,log10(mol/L),train,c1ccccc1,-4.590000152587891,-2.1222973474946043,-3.534588981953836,-0.7100057130353727,scaffold,2035,hybrid_gated,edge_gnn,rdkit,gated,721e3c494613d3aa378fb20e47d69b51245b538e
esol,30a7fa25e77ab523,Cc1cc(C)c(O)c(C)c1,aqueous_solubility,log10(mol/L),train,c1ccccc1,-2.049999952316284,-1.0074339529386689,-2.4197255873979007,0.4048576815205627,scaffold,2035,hybrid_gated,edge_gnn,rdkit,gated,721e3c494613d3aa378fb20e47d69b51245b538e
esol,30cd61fe6a9269f3,Cc1cc(C)c2ccccc2c1,aqueous_solubility,log10(mol/L),train,c1ccc2ccccc2c1,-4.289999961853027,-2.6958292235048553,-4.108120857964087,-1.2835375890456238,scaffold,2035,hybrid_gated,edge_gnn,rdkit,gated,721e3c494613d3aa378fb20e47d69b51245b538e
esol,ac4846758902f02f,Cc1cc(C)cc(C)c1,aqueous_solubility,log10(mol/L),train,c1ccccc1,-3.4000000953674316,-3.1838097862983528,-4.596101420757584,-1.7715181518391212,scaffold,2035,hybrid_gated,edge_gnn,rdkit,gated,721e3c494613d3aa378fb20e47d69b51245b538e
esol,dc9647b3b1f901cf,Cc1cc(C)cc(O)c1,aqueous_solubility,log10(mol/L),train,c1ccccc1,-1.399999976158142,-2.1033459096935356,-3.515637544152767,-0.6910542752343041,scaffold,2035,hybrid_gated,edge_gnn,rdkit,gated,721e3c494613d3aa378fb20e47d69b51245b538e
esol,3d3499c252e700d7,Cc1cc(Cl)ccc1N=CN(C)C,aqueous_solubility,log10(mol/L),train,c1ccccc1,-2.859999895095825,-2.2675765790556652,-3.679868213514897,-0.8552849445964337,scaffold,2035,hybrid_gated,edge_gnn,rdkit,gated,721e3c494613d3aa378fb20e47d69b51245b538e
esol,867fad1f4374306f,Cc1cc(OC(=O)N(C)C)n(-c2ccccc2)n1,aqueous_solubility,log10(mol/L),test,c1ccc(-n2cccn2)cc1,-2.0899999141693115,-3.0431454747704296,-4.455437109229662,-1.630853840311198,scaffold,2035,hybrid_gated,edge_gnn,rdkit,gated,721e3c494613d3aa378fb20e47d69b51245b538e
esol,441ca226655131b8,Cc1cc(S(=O)(=O)c2ccccc2)ccc1NS(=O)(=O)C(F)(F)F,aqueous_solubility,log10(mol/L),train,O=S(=O)(c1ccccc1)c1ccccc1,-3.799999952316284,-5.42881741044016,-6.841109044899391,-4.016525775980928,scaffold,2035,hybrid_gated,edge_gnn,rdkit,gated,721e3c494613d3aa378fb20e47d69b51245b538e
esol,1fa0d1470ef45a5f,Cc1cc([N+](=O)[O-])cc([N+](=O)[O-])c1O,aqueous_solubility,log10(mol/L),train,c1ccccc1,-1.4559999704360962,0.33864837398847003,-1.0736432604707615,1.7509400084477016,scaffold,2035,hybrid_gated,edge_gnn,rdkit,gated,721e3c494613d3aa378fb20e47d69b51245b538e
esol,15fb6126c6fb5019,Cc1cc2c3ccccc3ccc2c2ccccc12,aqueous_solubility,log10(mol/L),test,c1ccc2c(c1)ccc1c3ccccc3ccc21,-6.570000171661377,-6.941173220348545,-8.353464854807775,-5.528881585889313,scaffold,2035,hybrid_gated,edge_gnn,rdkit,gated,721e3c494613d3aa378fb20e47d69b51245b538e
esol,c93bd0af60161701,Cc1cc2ccccc2c2ccc3ccccc3c12,aqueous_solubility,log10(mol/L),test,c1ccc2c(c1)ccc1c3ccccc3ccc21,-6.590000152587891,-6.892054944006963,-8.304346578466195,-5.479763309547732,scaffold,2035,hybrid_gated,edge_gnn,rdkit,gated,721e3c494613d3aa378fb20e47d69b51245b538e
esol,efd1cc43cd7740a7,Cc1cc2ccccc2cc1C,aqueous_solubility,log10(mol/L),train,c1ccc2ccccc2c1,-4.71999979019165,0.21106861746853545,-1.2012230169906961,1.623360251927767,scaffold,2035,hybrid_gated,edge_gnn,rdkit,gated,721e3c494613d3aa378fb20e47d69b51245b538e
esol,6f06d12b282eda81,Cc1cc2nc3c(=O)[nH]c(=O)nc-3n(CC(O)C(O)C(O)CO)c2cc1C,aqueous_solubility,log10(mol/L),calibration,O=c1nc2[nH]c3ccccc3nc-2c(=O)[nH]1,-3.684999942779541,-2.827886677099823,-4.240178311559054,-1.4155950426405917,scaffold,2035,hybrid_gated,edge_gnn,rdkit,gated,721e3c494613d3aa378fb20e47d69b51245b538e
esol,2a4331f10b97d5ab,Cc1ccc(-c2ccccc2)cc1,aqueous_solubility,log10(mol/L),train,c1ccc(-c2ccccc2)cc1,-4.619999885559082,-0.7136985452266593,-2.125990179685891,0.6985930892325722,scaffold,2035,hybrid_gated,edge_gnn,rdkit,gated,721e3c494613d3aa378fb20e47d69b51245b538e
esol,93239662ab8fbc9f,Cc1ccc(Br)cc1,aqueous_solubility,log10(mol/L),train,c1ccccc1,-3.190000057220459,-0.8932469908348868,-2.305538625294118,0.5190446436243448,scaffold,2035,hybrid_gated,edge_gnn,rdkit,gated,721e3c494613d3aa378fb20e47d69b51245b538e
esol,5a420868d7b8f3d4,Cc1ccc(C(C)C)c(O)c1,aqueous_solubility,log10(mol/L),train,c1ccccc1,-2.2200000286102295,-10.943486256714618,-12.35577789117385,-9.531194622255386,scaffold,2035,hybrid_gated,edge_gnn,rdkit,gated,721e3c494613d3aa378fb20e47d69b51245b538e
esol,55d42f10edd4630a,Cc1ccc(C(C)C)cc1,aqueous_solubility,log10(mol/L),train,c1ccccc1,-3.7699999809265137,-2.8342758519710003,-4.246567486430232,-1.4219842175117687,scaffold,2035,hybrid_gated,edge_gnn,rdkit,gated,721e3c494613d3aa378fb20e47d69b51245b538e
esol,80356e4fbac18ade,Cc1ccc(C(C)C)cc1O,aqueous_solubility,log10(mol/L),train,c1ccccc1,-2.0799999237060547,0.30233361433514006,-1.1099580201240915,1.7146252487943716,scaffold,2035,hybrid_gated,edge_gnn,rdkit,gated,721e3c494613d3aa378fb20e47d69b51245b538e
esol,b3cdd1fa6b9ddc97,Cc1ccc(C)c(C)c1,aqueous_solubility,log10(mol/L),train,c1ccccc1,-3.309999942779541,-6.875742843257689,-8.28803447771692,-5.463451208798458,scaffold,2035,hybrid_gated,edge_gnn,rdkit,gated,721e3c494613d3aa378fb20e47d69b51245b538e
esol,c41a4db964d8c35c,Cc1ccc(C)c2ccccc12,aqueous_solubility,log10(mol/L),train,c1ccc2ccccc2c1,-4.139999866485596,-3.0088709452267257,-4.421162579685957,-1.5965793107674942,scaffold,2035,hybrid_gated,edge_gnn,rdkit,gated,721e3c494613d3aa378fb20e47d69b51245b538e
esol,e70d51f4f2d7e744,Cc1ccc(C)cc1,aqueous_solubility,log10(mol/L),train,c1ccccc1,-2.7699999809265137,-3.295333120422028,-4.70762475488126,-1.8830414859627966,scaffold,2035,hybrid_gated,edge_gnn,rdkit,gated,721e3c494613d3aa378fb20e47d69b51245b538e
esol,407f9df507c39d4f,Cc1ccc(Cl)cc1,aqueous_solubility,log10(mol/L),train,c1ccccc1,-3.0799999237060547,-3.139751595401064,-4.5520432298602955,-1.7274599609418324,scaffold,2035,hybrid_gated,edge_gnn,rdkit,gated,721e3c494613d3aa378fb20e47d69b51245b538e
esol,01cfad37701e8c61,Cc1ccc(N)cc1,aqueous_solubility,log10(mol/L),train,c1ccccc1,-1.2100000381469727,-3.3947570184323625,-4.807048652891594,-1.982465383973131,scaffold,2035,hybrid_gated,edge_gnn,rdkit,gated,721e3c494613d3aa378fb20e47d69b51245b538e
esol,5140ae913c5e9340,Cc1ccc(N=CN(C)C=Nc2ccc(C)cc2C)c(C)c1,aqueous_solubility,log10(mol/L),validation,C(=Nc1ccccc1)NC=Nc1ccccc1,-5.46999979019165,-4.092587222715856,-5.504878857175088,-2.680295588256625,scaffold,2035,hybrid_gated,edge_gnn,rdkit,gated,721e3c494613d3aa378fb20e47d69b51245b538e
esol,ec39337ff30f2e1c,Cc1ccc(NC(=O)N(C)C)cc1Cl,aqueous_solubility,log10(mol/L),train,c1ccccc1,-3.4830000400543213,-0.5976834086600431,-2.0099750431192747,0.8146082257991885,scaffold,2035,hybrid_gated,edge_gnn,rdkit,gated,721e3c494613d3aa378fb20e47d69b51245b538e
esol,543e85576d5b1ad7,Cc1ccc(O)c(C)c1,aqueous_solubility,log10(mol/L),train,c1ccccc1,-1.190000057220459,-3.983388987742512,-5.395680622201743,-2.5710973532832804,scaffold,2035,hybrid_gated,edge_gnn,rdkit,gated,721e3c494613d3aa378fb20e47d69b51245b538e
esol,807595891e8d435d,Cc1ccc(O)cc1,aqueous_solubility,log10(mol/L),train,c1ccccc1,-0.7300000190734863,-2.1292565499784275,-3.541548184437659,-0.7169649155191959,scaffold,2035,hybrid_gated,edge_gnn,rdkit,gated,721e3c494613d3aa378fb20e47d69b51245b538e
esol,6d71e1108f6d1e43,Cc1ccc(O)cc1C,aqueous_solubility,log10(mol/L),train,c1ccccc1,-1.3799999952316284,0.36118631687243186,-1.0511053175867997,1.7734779513316634,scaffold,2035,hybrid_gated,edge_gnn,rdkit,gated,721e3c494613d3aa378fb20e47d69b51245b538e
esol,be3de4bd034b2ced,Cc1ccc(OP(=O)(Oc2cccc(C)c2)Oc2ccccc2C)cc1,aqueous_solubility,log10(mol/L),train,O=P(Oc1ccccc1)(Oc1ccccc1)Oc1ccccc1,-6.010000228881836,-4.656858241698191,-6.0691498761574225,-3.2445666072389594,scaffold,2035,hybrid_gated,edge_gnn,rdkit,gated,721e3c494613d3aa378fb20e47d69b51245b538e
esol,a1641c5766fa1d1e,Cc1ccc(S(N)(=O)=O)cc1,aqueous_solubility,log10(mol/L),train,c1ccccc1,-1.7400000095367432,-0.025785632097977462,-1.438077266557209,1.386506002361254,scaffold,2035,hybrid_gated,edge_gnn,rdkit,gated,721e3c494613d3aa378fb20e47d69b51245b538e
esol,b040d11e09a9051b,Cc1ccc([N+](=O)[O-])cc1,aqueous_solubility,log10(mol/L),train,c1ccccc1,-2.490000009536743,-2.3733089915043806,-3.785600625963612,-0.961017357045149,scaffold,2035,hybrid_gated,edge_gnn,rdkit,gated,721e3c494613d3aa378fb20e47d69b51245b538e
esol,2514a688d2813b05,Cc1ccc([N+](=O)[O-])cc1[N+](=O)[O-],aqueous_solubility,log10(mol/L),train,c1ccccc1,-2.819999933242798,-4.2742660243107595,-5.686557658769991,-2.861974389851528,scaffold,2035,hybrid_gated,edge_gnn,rdkit,gated,721e3c494613d3aa378fb20e47d69b51245b538e
esol,75d407b5695faf1e,Cc1ccc2c(c1)C(=O)N(C)c1cc(N)ccc1O2,aqueous_solubility,log10(mol/L),calibration,O=C1Nc2ccccc2Oc2ccccc21,-3.927999973297119,-3.9526799091641305,-5.364971543623362,-2.540388274704899,scaffold,2035,hybrid_gated,edge_gnn,rdkit,gated,721e3c494613d3aa378fb20e47d69b51245b538e
esol,cf6110a1ac72a9f2,Cc1ccc2c(c1)Oc1ncc(N)cc1C(=O)N2C,aqueous_solubility,log10(mol/L),test,O=C1Nc2ccccc2Oc2ncccc21,-3.0429999828338623,-3.7026707262276495,-5.1149623606868815,-2.290379091768418,scaffold,2035,hybrid_gated,edge_gnn,rdkit,gated,721e3c494613d3aa378fb20e47d69b51245b538e
esol,484807ab7d19194e,Cc1ccc2c(ccc3c4c5c(cccc5cc32)CC4)c1,aqueous_solubility,log10(mol/L),test,c1cc2c3c(c4ccc5ccccc5c4cc3c1)CC2,-7.920000076293945,-7.382324986184886,-8.794616620644117,-5.970033351725655,scaffold,2035,hybrid_gated,edge_gnn,rdkit,gated,721e3c494613d3aa378fb20e47d69b51245b538e
esol,0d7d0a46ef5fcffa,Cc1ccc2c(ccc3ccccc32)c1,aqueous_solubility,log10(mol/L),train,c1ccc2c(c1)ccc1ccccc12,-5.840000152587891,-3.3678377404078077,-4.780129374867039,-1.9555461059485761,scaffold,2035,hybrid_gated,edge_gnn,rdkit,gated,721e3c494613d3aa378fb20e47d69b51245b538e
esol,f21bb8ad915e950d,Cc1ccc2cc(C)ccc2c1,aqueous_solubility,log10(mol/L),train,c1ccc2ccccc2c1,-4.889999866485596,-4.432178201542683,-5.844469836001915,-3.019886567083452,scaffold,2035,hybrid_gated,edge_gnn,rdkit,gated,721e3c494613d3aa378fb20e47d69b51245b538e
esol,6a4cbbb1228ffe70,Cc1ccc2cc3ccccc3cc2c1,aqueous_solubility,log10(mol/L),calibration,c1ccc2cc3ccccc3cc2c1,-6.960000038146973,-5.984838303667793,-7.397129938127025,-4.5725466692085615,scaffold,2035,hybrid_gated,edge_gnn,rdkit,gated,721e3c494613d3aa378fb20e47d69b51245b538e
esol,7c337e72c4fb8697,Cc1ccc2ccc(C)nc2c1,aqueous_solubility,log10(mol/L),validation,c1ccc2ncccc2c1,-1.940000057220459,-3.5179557961578407,-4.930247430617072,-2.105664161698609,scaffold,2035,hybrid_gated,edge_gnn,rdkit,gated,721e3c494613d3aa378fb20e47d69b51245b538e
esol,62365c0b67433ee7,Cc1ccc2ccccc2c1,aqueous_solubility,log10(mol/L),train,c1ccc2ccccc2c1,-3.7699999809265137,-4.756794327888874,-6.169085962348105,-3.344502693429642,scaffold,2035,hybrid_gated,edge_gnn,rdkit,gated,721e3c494613d3aa378fb20e47d69b51245b538e
esol,39db8370e4db7035,Cc1cccc(C)c1,aqueous_solubility,log10(mol/L),train,c1ccccc1,-2.819999933242798,-0.7416512864383944,-2.153942920897626,0.6706403480208372,scaffold,2035,hybrid_gated,edge_gnn,rdkit,gated,721e3c494613d3aa378fb20e47d69b51245b538e
esol,84bea6e6f81eeef8,Cc1cccc(C)c1C,aqueous_solubility,log10(mol/L),train,c1ccccc1,-3.200000047683716,-6.720576194226268,-8.1328678286855,-5.308284559767037,scaffold,2035,hybrid_gated,edge_gnn,rdkit,gated,721e3c494613d3aa378fb20e47d69b51245b538e
esol,ca35ffe188dcb62e,Cc1cccc(C)c1NC(=O)c1cc(S(N)(=O)=O)c(Cl)cc1O,aqueous_solubility,log10(mol/L),test,O=C(Nc1ccccc1)c1ccccc1,-3.7899999618530273,-3.6905073259827876,-5.102798960442019,-2.278215691523556,scaffold,2035,hybrid_gated,edge_gnn,rdkit,gated,721e3c494613d3aa378fb20e47d69b51245b538e
esol,9e3832bcb765a66a,Cc1cccc(C)c1O,aqueous_solubility,log10(mol/L),train,c1ccccc1,-1.2899999618530273,-4.48318689413896,-5.895478528598192,-3.0708952596797285,scaffold,2035,hybrid_gated,edge_gnn,rdkit,gated,721e3c494613d3aa378fb20e47d69b51245b538e
esol,09c3568484741bd2,Cc1cccc(C)n1,aqueous_solubility,log10(mol/L),validation,c1ccncc1,0.44999998807907104,-2.3062542699408293,-3.718545904400061,-0.8939626354815977,scaffold,2035,hybrid_gated,edge_gnn,rdkit,gated,721e3c494613d3aa378fb20e47d69b51245b538e
esol,f8b18cec21f70926,Cc1cccc(N)c1,aqueous_solubility,log10(mol/L),train,c1ccccc1,-0.8500000238418579,-3.4383692718352004,-4.850660906294432,-2.026077637375969,scaffold,2035,hybrid_gated,edge_gnn,rdkit,gated,721e3c494613d3aa378fb20e47d69b51245b538e
esol,e5c2622998da5c45,Cc1cccc(O)c1,aqueous_solubility,log10(mol/L),train,c1ccccc1,-0.6800000071525574,-2.666823093417802,-4.079114727877034,-1.2545314589585703,scaffold,2035,hybrid_gated,edge_gnn,rdkit,gated,721e3c494613d3aa378fb20e47d69b51245b538e
esol,5bbfd578bb7356ff,Cc1cccc([N+](=O)[O-])c1,aqueous_solubility,log10(mol/L),train,c1ccccc1,-2.440000057220459,-6.231085599831148,-7.643377234290379,-4.818793965371916,scaffold,2035,hybrid_gated,edge_gnn,rdkit,gated,721e3c494613d3aa378fb20e47d69b51245b538e
esol,fbc530657b31c9ba,Cc1cccc2c(C)cccc12,aqueous_solubility,log10(mol/L),train,c1ccc2ccccc2c1,-4.678999900817871,-3.518917693162586,-4.931209327621818,-2.1066260587033545,scaffold,2035,hybrid_gated,edge_gnn,rdkit,gated,721e3c494613d3aa378fb20e47d69b51245b538e
esol,0dd4170e780f9e1b,Cc1cccc2c1Cc1ccccc1-2,aqueous_solubility,log10(mol/L),validation,c1ccc2c(c1)Cc1ccccc1-2,-5.21999979019165,-5.68293639276114,-7.095228027220371,-4.270644758301908,scaffold,2035,hybrid_gated,edge_gnn,rdkit,gated,721e3c494613d3aa378fb20e47d69b51245b538e
esol,92d50cda130f67ac,Cc1cccc2c1ccc1ccccc12,aqueous_solubility,log10(mol/L),train,c1ccc2c(c1)ccc1ccccc12,-5.849999904632568,-2.205818645857648,-3.6181102803168796,-0.7935270113984165,scaffold,2035,hybrid_gated,edge_gnn,rdkit,gated,721e3c494613d3aa378fb20e47d69b51245b538e
esol,629d13feb3a3b8cd,Cc1cccc2ccccc12,aqueous_solubility,log10(mol/L),train,c1ccc2ccccc2c1,-3.700000047683716,-4.2957494201944595,-5.708041054653691,-2.883457785735228,scaffold,2035,hybrid_gated,edge_gnn,rdkit,gated,721e3c494613d3aa378fb20e47d69b51245b538e
esol,b79b110dff884a0e,Cc1cccc2sc3nncn3c12,aqueous_solubility,log10(mol/L),test,c1ccc2c(c1)sc1nncn12,-2.069999933242798,-3.340189200014689,-4.7524808344739204,-1.9278975655554573,scaffold,2035,hybrid_gated,edge_gnn,rdkit,gated,721e3c494613d3aa378fb20e47d69b51245b538e
esol,613c1068601fad75,Cc1ccccc1,aqueous_solubility,log10(mol/L),train,c1ccccc1,-2.2100000381469727,-1.8079385259085712,-3.2202301603678025,-0.3956468914493396,scaffold,2035,hybrid_gated,edge_gnn,rdkit,gated,721e3c494613d3aa378fb20e47d69b51245b538e
esol,e3961bd7a5f3a550,Cc1ccccc1-n1c(C)nc2ccccc2c1=O,aqueous_solubility,log10(mol/L),calibration,O=c1c2ccccc2ncn1-c1ccccc1,-2.924999952316284,-4.621285394701275,-6.033577029160506,-3.208993760242043,scaffold,2035,hybrid_gated,edge_gnn,rdkit,gated,721e3c494613d3aa378fb20e47d69b51245b538e
esol,2ff33823d5772c05,Cc1ccccc1Br,aqueous_solubility,log10(mol/L),train,c1ccccc1,-2.2300000190734863,-2.7698223458465048,-4.182113980305736,-1.3575307113872732,scaffold,2035,hybrid_gated,edge_gnn,rdkit,gated,721e3c494613d3aa378fb20e47d69b51245b538e
esol,c0b1929de20edfb4,Cc1ccccc1C,aqueous_solubility,log10(mol/L),train,c1ccccc1,-2.799999952316284,-2.410652522454092,-3.8229441569133233,-0.9983608879948602,scaffold,2035,hybrid_gated,edge_gnn,rdkit,gated,721e3c494613d3aa378fb20e47d69b51245b538e
esol,00f0fa1f0651f60d,Cc1ccccc1C(C)C,aqueous_solubility,log10(mol/L),train,c1ccccc1,-3.759999990463257,-0.7515584217283129,-2.1638500561875444,0.6607332127309187,scaffold,2035,hybrid_gated,edge_gnn,rdkit,gated,721e3c494613d3aa378fb20e47d69b51245b538e
esol,a7f475b5b8228872,Cc1ccccc1Cl,aqueous_solubility,log10(mol/L),train,c1ccccc1,-3.5199999809265137,-0.6109425732749685,-2.0232342077342,0.8013490611842631,scaffold,2035,hybrid_gated,edge_gnn,rdkit,gated,721e3c494613d3aa378fb20e47d69b51245b538e
esol,0dd4c8702dc1fdce,Cc1ccccc1N,aqueous_solubility,log10(mol/L),train,c1ccccc1,-2.2100000381469727,-4.642350677784689,-6.054642312243921,-3.2300590433254577,scaffold,2035,hybrid_gated,edge_gnn,rdkit,gated,721e3c494613d3aa378fb20e47d69b51245b538e
esol,a7dff4308003efd2,Cc1ccccc1N1C(=O)c2cc(S(N)(=O)=O)c(Cl)cc2NC1C,aqueous_solubility,log10(mol/L),train,O=C1c2ccccc2NCN1c1ccccc1,-3.7799999713897705,-1.0584538110472255,-2.470745445506457,0.3538378234120061,scaffold,2035,hybrid_gated,edge_gnn,rdkit,gated,721e3c494613d3aa378fb20e47d69b51245b538e
esol,24d16ceffc604697,Cc1ccccc1O,aqueous_solubility,log10(mol/L),train,c1ccccc1,-0.6200000047683716,0.054352812999243216,-1.3579388214599883,1.4666444474584748,scaffold,2035,hybrid_gated,edge_gnn,rdkit,gated,721e3c494613d3aa378fb20e47d69b51245b538e
esol,805826dee21e2541,Cc1ccccc1[N+](=O)[O-],aqueous_solubility,log10(mol/L),train,c1ccccc1,-2.3299999237060547,-0.7282013578583393,-2.140492992317571,0.6840902766008923,scaffold,2035,hybrid_gated,edge_gnn,rdkit,gated,721e3c494613d3aa378fb20e47d69b51245b538e
esol,474ee05eaf81182e,Cc1cccnc1C,aqueous_solubility,log10(mol/L),validation,c1ccncc1,0.3799999952316284,-2.0018262212717763,-3.414117855731008,-0.5895345868125448,scaffold,2035,hybrid_gated,edge_gnn,rdkit,gated,721e3c494613d3aa378fb20e47d69b51245b538e
esol,c62348f6c851f984,Cc1ccnc(C)c1,aqueous_solubility,log10(mol/L),validation,c1ccncc1,0.3799999952316284,-2.160556688015393,-3.5728483224746244,-0.7482650535561612,scaffold,2035,hybrid_gated,edge_gnn,rdkit,gated,721e3c494613d3aa378fb20e47d69b51245b538e
esol,4de2045f3a11fa0a,Cc1ccnc2c1NC(=O)c1cccnc1N2C1CC1,aqueous_solubility,log10(mol/L),train,O=C1Nc2cccnc2N(C2CC2)c2ncccc21,-3.190000057220459,-1.745967854067,-3.1582594885262316,-0.3336762196077685,scaffold,2035,hybrid_gated,edge_gnn,rdkit,gated,721e3c494613d3aa378fb20e47d69b51245b538e
esol,acc76910d8f4ff6b,Cc1ccncc1C,aqueous_solubility,log10(mol/L),validation,c1ccncc1,0.36000001430511475,-2.048544981511499,-3.4608366159707304,-0.6362533470522673,scaffold,2035,hybrid_gated,edge_gnn,rdkit,gated,721e3c494613d3aa378fb20e47d69b51245b538e
esol,ee3c8e9fe56171f6,Cc1cnc2cncnc2n1,aqueous_solubility,log10(mol/L),train,c1cnc2ncncc2n1,-0.8539999723434448,-2.965797502030192,-4.378089136489423,-1.5535058675709603,scaffold,2035,hybrid_gated,edge_gnn,rdkit,gated,721e3c494613d3aa378fb20e47d69b51245b538e
esol,b7bc00c49d3331ef,Cc1cncc(C)c1,aqueous_solubility,log10(mol/L),validation,c1ccncc1,0.3799999952316284,-2.134882305219071,-3.5471739396783026,-0.7225906707598395,scaffold,2035,hybrid_gated,edge_gnn,rdkit,gated,721e3c494613d3aa378fb20e47d69b51245b538e
esol,042b34bcb74741d5,Cc1nc(N(C)C)nc(OC(=O)N(C)C)c1C,aqueous_solubility,log10(mol/L),calibration,c1cncnc1,-1.9500000476837158,-2.0205548239554205,-3.432846458414652,-0.608263189496189,scaffold,2035,hybrid_gated,edge_gnn,rdkit,gated,721e3c494613d3aa378fb20e47d69b51245b538e
esol,cec71bf80bd8f6e3,Cc1ncc([N+](=O)[O-])n1CCO,aqueous_solubility,log10(mol/L),train,c1c[nH]cn1,-1.2400000095367432,-4.416299180131432,-5.8285908145906635,-3.0040075456722004,scaffold,2035,hybrid_gated,edge_gnn,rdkit,gated,721e3c494613d3aa378fb20e47d69b51245b538e
esol,1cb0421cc2c2827f,Cc1ncc2nccnc2n1,aqueous_solubility,log10(mol/L),train,c1cnc2ncncc2n1,-0.11999999731779099,-2.102630960561459,-3.5149225950206904,-0.6903393261022273,scaffold,2035,hybrid_gated,edge_gnn,rdkit,gated,721e3c494613d3aa378fb20e47d69b51245b538e
esol,cfa09bff2b7e2c4b,Cc1ncnc2nccnc12,aqueous_solubility,log10(mol/L),train,c1cnc2ncncc2n1,-0.4659999907016754,-0.9817893844357763,-2.394081018895008,0.4305022500234552,scaffold,2035,hybrid_gated,edge_gnn,rdkit,gated,721e3c494613d3aa378fb20e47d69b51245b538e
esol,284d1cdd17c0d81f,Cc1nnc2n1-c1ccc(Cl)cc1C(c1ccccc1Cl)=NC2,aqueous_solubility,log10(mol/L),test,c1ccc(C2=NCc3nncn3-c3ccccc32)cc1,-4.090000152587891,-4.891332217854222,-6.303623852313454,-3.4790405833949904,scaffold,2035,hybrid_gated,edge_gnn,rdkit,gated,721e3c494613d3aa378fb20e47d69b51245b538e
esol,ec2b7fe9f13b2d9c,Cc1occc1C(=O)Nc1ccccc1,aqueous_solubility,log10(mol/L),validation,O=C(Nc1ccccc1)c1ccoc1,-3.299999952316284,-3.2801578232395503,-4.692449457698782,-1.8678661887803187,scaffold,2035,hybrid_gated,edge_gnn,rdkit,gated,721e3c494613d3aa378fb20e47d69b51245b538e
esol,cdc579c966071175,Cl/C=C\Cl,aqueous_solubility,log10(mol/L),train,,-1.2999999523162842,-0.4918407664730715,-1.904132400932303,0.92045086798616,scaffold,2035,hybrid_gated,edge_gnn,rdkit,gated,721e3c494613d3aa378fb20e47d69b51245b538e
esol,02468b6be0148620,ClC(Br)Br,aqueous_solubility,log10(mol/L),train,,-1.899999976158142,-3.942398372866684,-5.354690007325916,-2.5301067384074525,scaffold,2035,hybrid_gated,edge_gnn,rdkit,gated,721e3c494613d3aa378fb20e47d69b51245b538e
esol,0ca70198c63a232f,ClC(Cl)(Cl)C(Cl)(Cl)Cl,aqueous_solubility,log10(mol/L),train,,-3.6700000762939453,-2.7876916495172352,-4.199983283976467,-1.3754000150580037,scaffold,2035,hybrid_gated,edge_gnn,rdkit,gated,721e3c494613d3aa378fb20e47d69b51245b538e
esol,d2ba0174e7c2c4be,ClC(Cl)(Cl)Cl,aqueous_solubility,log10(mol/L),train,,-2.309999942779541,-7.800272916989996,-9.212564551449226,-6.387981282530764,scaffold,2035,hybrid_gated,edge_gnn,rdkit,gated,721e3c494613d3aa378fb20e47d69b51245b538e
esol,41b1caa188d009ed,ClC(Cl)=C(Cl)C(Cl)=C(Cl)Cl,aqueous_solubility,log10(mol/L),train,,-4.920000076293945,-1.0621431813815523,-2.474434815840784,0.3501484530776793,scaffold,2035,hybrid_gated,edge_gnn,rdkit,gated,721e3c494613d3aa378fb20e47d69b51245b538e
esol,0a598a4f3d7fd0d1,ClC(Cl)=C(Cl)Cl,aqueous_solubility,log10(mol/L),train,,-2.5399999618530273,-1.8029584698674577,-3.2152501043266892,-0.3906668354082261,scaffold,2035,hybrid_gated,edge_gnn,rdkit,gated,721e3c494613d3aa378fb20e47d69b51245b538e
esol,4ab2bc44793c9976,ClC(Cl)=C(c1ccc(Cl)cc1)c1ccc(Cl)cc1,aqueous_solubility,log10(mol/L),calibration,C=C(c1ccccc1)c1ccccc1,-6.900000095367432,-6.988260323711472,-8.400551958170704,-5.575968689252241,scaffold,2035,hybrid_gated,edge_gnn,rdkit,gated,721e3c494613d3aa378fb20e47d69b51245b538e
esol,67aa014f03d20911,ClC(Cl)Br,aqueous_solubility,log10(mol/L),train,,-1.5399999618530273,-1.4866870791752373,-2.898978713634469,-0.07439544471600579,scaffold,2035,hybrid_gated,edge_gnn,rdkit,gated,721e3c494613d3aa378fb20e47d69b51245b538e
esol,54b833be7f8d53bc,ClC(Cl)C(Cl)(Cl)Cl,aqueous_solubility,log10(mol/L),train,,-2.5999999046325684,-0.47840461661029865,-1.8906962510695302,0.9338870178489329,scaffold,2035,hybrid_gated,edge_gnn,rdkit,gated,721e3c494613d3aa378fb20e47d69b51245b538e
esol,84612cb9c965a207,ClC(Cl)C(Cl)Cl,aqueous_solubility,log10(mol/L),train,,-1.7400000095367432,-2.732857313884892,-4.145148948344124,-1.3205656794256604,scaffold,2035,hybrid_gated,edge_gnn,rdkit,gated,721e3c494613d3aa378fb20e47d69b51245b538e
esol,98805ccd27cea784,ClC(Cl)Cl,aqueous_solubility,log10(mol/L),train,,-1.1699999570846558,-1.758702002040659,-3.1709936364998903,-0.3464103675814274,scaffold,2035,hybrid_gated,edge_gnn,rdkit,gated,721e3c494613d3aa378fb20e47d69b51245b538e
esol,06320f68e141f9e5,ClC1(Cl)C2(Cl)C3(Cl)C4(Cl)C(Cl)(Cl)C5(Cl)C3(Cl)C1(Cl)C5(Cl)C24Cl,aqueous_solubility,log10(mol/L),calibration,C1C2C3C4CC5C3C1C5C24,-6.800000190734863,-6.908399828600804,-8.320691463060037,-5.496108194141573,scaffold,2035,hybrid_gated,edge_gnn,rdkit,gated,721e3c494613d3aa378fb20e47d69b51245b538e
esol,e4dfffaeb7fece39,ClC1=C(Cl)C(Cl)(C2(Cl)C(Cl)=C(Cl)C(Cl)=C2Cl)C(Cl)=C1Cl,aqueous_solubility,log10(mol/L),train,C1=CC(C2C=CC=C2)C=C1,-7.2779998779296875,-2.8054427650526583,-4.21773439951189,-1.3931511305934268,scaffold,2035,hybrid_gated,edge_gnn,rdkit,gated,721e3c494613d3aa378fb20e47d69b51245b538e
esol,75fac8bbc9bd1273,ClC1=C(Cl)C2(Cl)C3C(Cl)C(Cl)CC3C1(Cl)C2(Cl)Cl,aqueous_solubility,log10(mol/L),train,C1=CC2CC1C1CCCC21,-6.860000133514404,-5.784131568634496,-7.196423203093728,-4.371839934175265,scaffold,2035,hybrid_gated,edge_gnn,rdkit,gated,721e3c494613d3aa378fb20e47d69b51245b538e
esol,ff8fb7708cb3f0c6,ClC1=C(Cl)C2(Cl)C3C(Cl)C=CC3C1(Cl)C2(Cl)Cl,aqueous_solubility,log10(mol/L),test,C1=CC2C3C=CC(C3)C2C1,-6.316999912261963,-6.604335371773136,-8.016627006232367,-5.192043737313904,scaffold,2035,hybrid_gated,edge_gnn,rdkit,gated,721e3c494613d3aa378fb20e47d69b51245b538e
esol,c61121c1c8eea03b,ClC1=C(Cl)C2(Cl)C3C4C=CC(C4)C3C1(Cl)C2(Cl)Cl,aqueous_solubility,log10(mol/L),test,C1=CC2CC1C1C3C=CC(C3)C21,-6.307000160217285,-6.214112358216424,-7.626403992675655,-4.801820723757192,scaffold,2035,hybrid_gated,edge_gnn,rdkit,gated,721e3c494613d3aa378fb20e47d69b51245b538e
esol,602d941d17fdc2a1,ClC1=C(Cl)C2(Cl)C3C4CC(C5OC45)C3C1(Cl)C2(Cl)Cl,aqueous_solubility,log10(mol/L),calibration,C1=CC2CC1C1C3CC(C4OC34)C21,-6.289999961853027,-5.079608886950429,-6.491900521409661,-3.6673172524911974,scaffold,2035,hybrid_gated,edge_gnn,rdkit,gated,721e3c494613d3aa378fb20e47d69b51245b538e
esol,c0c11f69a53518bf,ClC1=C(Cl)C2(Cl)C3CC=CC3C1(Cl)C2(Cl)Cl,aqueous_solubility,log10(mol/L),test,C1=CC2C3C=CC(C3)C2C1,-5.639999866485596,-6.440256743429291,-7.852548377888523,-5.02796510897006,scaffold,2035,hybrid_gated,edge_gnn,rdkit,gated,721e3c494613d3aa378fb20e47d69b51245b538e
esol,acc3e463d708804a,ClC1C(Cl)C(Cl)C(Cl)C(Cl)C1Cl,aqueous_solubility,log10(mol/L),test,C1CCCCC1,-4.639999866485596,-4.266230894058477,-5.678522528517709,-2.8539392595992457,scaffold,2035,hybrid_gated,edge_gnn,rdkit,gated,721e3c494613d3aa378fb20e47d69b51245b538e
esol,d8c7cd86e810e44c,ClC=C(Cl)Cl,aqueous_solubility,log10(mol/L),train,,-1.9600000381469727,-2.45588086497746,-3.8681724994366915,-1.0435892305182284,scaffold,2035,hybrid_gated,edge_gnn,rdkit,gated,721e3c494613d3aa378fb20e47d69b51245b538e
esol,799ae202d8673e0d,ClCBr,aqueous_solubility,log10(mol/L),train,,-0.8899999856948853,-2.3214537986605968,-3.7337454331198283,-0.9091621642013652,scaffold,2035,hybrid_gated,edge_gnn,rdkit,gated,721e3c494613d3aa378fb20e47d69b51245b538e
esol,2f88b15161704fe1,ClCC(Cl)(Cl)Cl,aqueous_solubility,log10(mol/L),train,,-2.180000066757202,-1.101241479489957,-2.5135331139491885,0.3110501549692746,scaffold,2035,hybrid_gated,edge_gnn,rdkit,gated,721e3c494613d3aa378fb20e47d69b51245b538e
esol,a707f7db404f8b28,ClCC(Cl)Cl,aqueous_solubility,log10(mol/L),train,,-1.4800000190734863,-3.9308944505386343,-5.343186084997866,-2.5186028160794027,scaffold,2035,hybrid_gated,edge_gnn,rdkit,gated,721e3c494613d3aa378fb20e47d69b51245b538e
esol,8842b999c889ea96,ClCCBr,aqueous_solubility,log10(mol/L),train,,-1.3200000524520874,-7.30181689136196,-8.714108525821192,-5.889525256902728,scaffold,2035,hybrid_gated,edge_gnn,rdkit,gated,721e3c494613d3aa378fb20e47d69b51245b538e
esol,02febcd9230316dc,ClCCCCl,aqueous_solubility,log10(mol/L),train,,-1.6200000047683716,-1.7671434856707173,-3.179435120129949,-0.35485185121148577,scaffold,2035,hybrid_gated,edge_gnn,rdkit,gated,721e3c494613d3aa378fb20e47d69b51245b538e
esol,9568f991b43a2bb3,ClCCCl,aqueous_solubility,log10(mol/L),train,,-1.059999942779541,-2.5902734696533627,-4.002565104112595,-1.1779818351941311,scaffold,2035,hybrid_gated,edge_gnn,rdkit,gated,721e3c494613d3aa378fb20e47d69b51245b538e
esol,ff331298818c6b38,ClCCl,aqueous_solubility,log10(mol/L),train,,-0.6299999952316284,-3.4670015651294426,-4.879293199588674,-2.054709930670211,scaffold,2035,hybrid_gated,edge_gnn,rdkit,gated,721e3c494613d3aa378fb20e47d69b51245b538e
esol,aafa74db54a6879c,ClCc1ccccc1,aqueous_solubility,log10(mol/L),train,c1ccccc1,-2.390000104904175,-1.1281798220328203,-2.540471456492052,0.28411181242641126,scaffold,2035,hybrid_gated,edge_gnn,rdkit,gated,721e3c494613d3aa378fb20e47d69b51245b538e
esol,f7d72e8c224bfbc6,Clc1c(Cl)c(Cl)c(-c2c(Cl)c(Cl)c(Cl)c(Cl)c2Cl)c(Cl)c1Cl,aqueous_solubility,log10(mol/L),train,c1ccc(-c2ccccc2)cc1,-11.600000381469727,-1.530562909937118,-2.94285454439635,-0.11827127547788652,scaffold,2035,hybrid_gated,edge_gnn,rdkit,gated,721e3c494613d3aa378fb20e47d69b51245b538e
esol,d6d8debb73fe7fc2,Clc1c(Cl)c(Cl)c(-c2ccccc2)c(Cl)c1Cl,aqueous_solubility,log10(mol/L),train,c1ccc(-c2ccccc2)cc1,-7.920000076293945,0.1008816407481552,-1.3114099937110764,1.5131732752073868,scaffold,2035,hybrid_gated,edge_gnn,rdkit,gated,721e3c494613d3aa378fb20e47d69b51245b538e
esol,8d2e833fc0a927e0,Clc1c(Cl)c(Cl)c2nccnc2c1Cl,aqueous_solubility,log10(mol/L),validation,c1ccc2nccnc2c1,-5.429999828338623,-6.002310429873765,-7.414602064332996,-4.590018795414533,scaffold,2035,hybrid_gated,edge_gnn,rdkit,gated,721e3c494613d3aa378fb20e47d69b51245b538e
esol,2961e60af2c2e639,Clc1cc(-c2cc(Cl)c(Cl)c(Cl)c2Cl)c(Cl)c(Cl)c1Cl,aqueous_solubility,log10(mol/L),train,c1ccc(-c2ccccc2)cc1,-9.15999984741211,-3.9569375328042984,-5.36922916726353,-2.544645898345067,scaffold,2035,hybrid_gated,edge_gnn,rdkit,gated,721e3c494613d3aa378fb20e47d69b51245b538e
esol,774278a3eb0e299f,Clc1cc(Cl)c(-c2c(Cl)cc(Cl)cc2Cl)c(Cl)c1,aqueous_solubility,log10(mol/L),train,c1ccc(-c2ccccc2)cc1,-8.710000038146973,1.1538916013414626,-0.25840003311776893,2.566183235800694,scaffold,2035,hybrid_gated,edge_gnn,rdkit,gated,721e3c494613d3aa378fb20e47d69b51245b538e
esol,65c97c9a853ac7b7,Clc1cc(Cl)c(-c2c(Cl)cccc2Cl)c(Cl)c1,aqueous_solubility,log10(mol/L),train,c1ccc(-c2ccccc2)cc1,-7.320000171661377,-3.1967101103537154,-4.6090017448129466,-1.7844184758944839,scaffold,2035,hybrid_gated,edge_gnn,rdkit,gated,721e3c494613d3aa378fb20e47d69b51245b538e
esol,e95750f09c02f459,Clc1cc(Cl)c(-c2cc(Cl)c(Cl)cc2Cl)cc1Cl,aqueous_solubility,log10(mol/L),train,c1ccc(-c2ccccc2)cc1,-8.5600004196167,-2.302515426884537,-3.7148070613437687,-0.8902237924253056,scaffold,2035,hybrid_gated,edge_gnn,rdkit,gated,721e3c494613d3aa378fb20e47d69b51245b538e
esol,b157946c30a80eb4,Clc1cc(Cl)c(-c2cccc(Cl)c2Cl)cc1Cl,aqueous_solubility,log10(mol/L),train,c1ccc(-c2ccccc2)cc1,-7.210000038146973,-0.3454756294517267,-1.7577672639109583,1.0668160050075048,scaffold,2035,hybrid_gated,edge_gnn,rdkit,gated,721e3c494613d3aa378fb20e47d69b51245b538e
esol,a0bcec40342b3841,Clc1cc(Cl)c(Cl)c(-c2c(Cl)c(Cl)cc(Cl)c2Cl)c1Cl,aqueous_solubility,log10(mol/L),train,c1ccc(-c2ccccc2)cc1,-9.149999618530273,-3.8509347724199445,-5.263226406879176,-2.438643137960713,scaffold,2035,hybrid_gated,edge_gnn,rdkit,gated,721e3c494613d3aa378fb20e47d69b51245b538e
esol,2616b1e4874424ae,Clc1cc(Cl)c(Cl)c(Cl)c1,aqueous_solubility,log10(mol/L),train,c1ccccc1,-4.630000114440918,-0.44878227496651935,-1.861073909425751,0.9635093594927122,scaffold,2035,hybrid_gated,edge_gnn,rdkit,gated,721e3c494613d3aa378fb20e47d69b51245b538e
esol,4ae057200d12c27a,Clc1cc(Cl)c(Cl)c(Cl)c1Cl,aqueous_solubility,log10(mol/L),train,c1ccccc1,-5.650000095367432,-1.5568806162920592,-2.9691722507512908,-0.14458898183282765,scaffold,2035,hybrid_gated,edge_gnn,rdkit,gated,721e3c494613d3aa378fb20e47d69b51245b538e
esol,0c3f97461e3a6ac5,Clc1cc(Cl)c(Cl)cc1Cl,aqueous_solubility,log10(mol/L),train,c1ccccc1,-5.559999942779541,-3.46124063592098,-4.8735322703802115,-2.0489490014617484,scaffold,2035,hybrid_gated,edge_gnn,rdkit,gated,721e3c494613d3aa378fb20e47d69b51245b538e
esol,2ed6ea5c9ed07a30,Clc1cc(Cl)cc(Cl)c1,aqueous_solubility,log10(mol/L),train,c1ccccc1,-4.480000019073486,-2.9524517007608044,-4.3647433352200355,-1.5401600663015729,scaffold,2035,hybrid_gated,edge_gnn,rdkit,gated,721e3c494613d3aa378fb20e47d69b51245b538e
esol,c0af4f765a7a2f7b,Clc1ccc(-c2c(Cl)c(Cl)c(Cl)c(Cl)c2Cl)c(Cl)c1,aqueous_solubility,log10(mol/L),train,c1ccc(-c2ccccc2)cc1,-7.920000076293945,-2.6175893312324483,-4.02988096569168,-1.2052976967732167,scaffold,2035,hybrid_gated,edge_gnn,rdkit,gated,721e3c494613d3aa378fb20e47d69b51245b538e
esol,b77c693b7971506a,Clc1ccc(-c2c(Cl)cc(Cl)c(Cl)c2Cl)c(Cl)c1Cl,aqueous_solubility,log10(mol/L),train,c1ccc(-c2ccccc2)cc1,-7.659999847412109,-0.15468410688744516,-1.5669757413466767,1.2576075275717864,scaffold,2035,hybrid_gated,edge_gnn,rdkit,gated,721e3c494613d3aa378fb20e47d69b51245b538e
esol,74e4508e371d2f48,Clc1ccc(-c2c(Cl)ccc(Cl)c2Cl)c(Cl)c1,aqueous_solubility,log10(mol/L),train,c1ccc(-c2ccccc2)cc1,-7.429999828338623,-1.9030158325266318,-3.315307466985863,-0.4907241980674002,scaffold,2035,hybrid_gated,edge_gnn,rdkit,gated,721e3c494613d3aa378fb20e47d69b51245b538e
esol,cb495e06db8d7232,Clc1ccc(-c2c(Cl)cccc2Cl)cc1,aqueous_solubility,log10(mol/L),train,c1ccc(-c2ccccc2)cc1,-6.139999866485596,-3.4823120956707627,-4.894603730129994,-2.070020461211531,scaffold,2035,hybrid_gated,edge_gnn,rdkit,gated,721e3c494613d3aa378fb20e47d69b51245b538e
esol,5ee831f51afeddb2,Clc1ccc(-c2cc(Cl)c(Cl)c(Cl)c2Cl)c(Cl)c1,aqueous_solubility,log10(mol/L),train,c1ccc(-c2ccccc2)cc1,-7.389999866485596,-4.1749711236018765,-5.587262758061108,-2.762679489142645,scaffold,2035,hybrid_gated,edge_gnn,rdkit,gated,721e3c494613d3aa378fb20e47d69b51245b538e
esol,1a12f3f13f6a0e9e,Clc1ccc(-c2cc(Cl)c(Cl)c(Cl)c2Cl)cc1Cl,aqueous_solubility,log10(mol/L),train,c1ccc(-c2ccccc2)cc1,-7.820000171661377,-0.32233736210962904,-1.7346289965688606,1.0899542723496025,scaffold,2035,hybrid_gated,edge_gnn,rdkit,gated,721e3c494613d3aa378fb20e47d69b51245b538e
esol,8518e78fe40ac045,Clc1ccc(-c2cc(Cl)ccc2Cl)c(Cl)c1,aqueous_solubility,log10(mol/L),train,c1ccc(-c2ccccc2)cc1,-6.570000171661377,-2.037075387194609,-3.4493670216538406,-0.6247837527353775,scaffold,2035,hybrid_gated,edge_gnn,rdkit,gated,721e3c494613d3aa378fb20e47d69b51245b538e
esol,9f1b9d25fb44f83d,Clc1ccc(-c2cc(Cl)ccc2Cl)cc1,aqueous_solubility,log10(mol/L),train,c1ccc(-c2ccccc2)cc1,-6.25,-2.8329018480831483,-4.24519348254238,-1.4206102136239167,scaffold,2035,hybrid_gated,edge_gnn,rdkit,gated,721e3c494613d3aa378fb20e47d69b51245b538e
esol,22cebd56a1304897,Clc1ccc(-c2ccc(Cl)c(Cl)c2Cl)c(Cl)c1,aqueous_solubility,log10(mol/L),train,c1ccc(-c2ccccc2)cc1,-7.800000190734863,-3.852534410227169,-5.264826044686401,-2.4402427757679375,scaffold,2035,hybrid_gated,edge_gnn,rdkit,gated,721e3c494613d3aa378fb20e47d69b51245b538e
esol,7095be81338edf2f,Clc1ccc(-c2ccc(Cl)c(Cl)c2Cl)c(Cl)c1Cl,aqueous_solubility,log10(mol/L),train,c1ccc(-c2ccccc2)cc1,-8.010000228881836,-3.749690242606668,-5.1619818770659,-2.3373986081474363,scaffold,2035,hybrid_gated,edge_gnn,rdkit,gated,721e3c494613d3aa378fb20e47d69b51245b538e
esol,ce368bfaa7504ff6,Clc1ccc(-c2ccc(Cl)cc2)cc1,aqueous_solubility,log10(mol/L),train,c1ccc(-c2ccccc2)cc1,-6.559999942779541,-2.024039057697108,-3.4363306921563397,-0.6117474232378766,scaffold,2035,hybrid_gated,edge_gnn,rdkit,gated,721e3c494613d3aa378fb20e47d69b51245b538e
esol,6f8edbb2bf0f81e8,Clc1ccc(-c2cccc(Cl)c2Cl)cc1,aqueous_solubility,log10(mol/L),train,c1ccc(-c2ccccc2)cc1,-6.289999961853027,1.429290149556003,0.016998515096771527,2.8415817840152346,scaffold,2035,hybrid_gated,edge_gnn,rdkit,gated,721e3c494613d3aa378fb20e47d69b51245b538e
esol,f833b27b81b2d3f3,Clc1ccc(-c2ccccc2)cc1Cl,aqueous_solubility,log10(mol/L),train,c1ccc(-c2ccccc2)cc1,-6.389999866485596,-4.1828023050819745,-5.595093939541206,-2.770510670622743,scaffold,2035,hybrid_gated,edge_gnn,rdkit,gated,721e3c494613d3aa378fb20e47d69b51245b538e
esol,8746749198ee72df,Clc1ccc(-c2ccccc2Cl)cc1,aqueous_solubility,log10(mol/L),train,c1ccc(-c2ccccc2)cc1,-5.28000020980835,0.15572687463317658,-1.256564759826055,1.5680185090924081,scaffold,2035,hybrid_gated,edge_gnn,rdkit,gated,721e3c494613d3aa378fb20e47d69b51245b538e
esol,2552a8a5c530456d,Clc1ccc(Br)cc1,aqueous_solubility,log10(mol/L),train,c1ccccc1,-3.630000114440918,0.33380776806881496,-1.0784838663904166,1.7460994025280465,scaffold,2035,hybrid_gated,edge_gnn,rdkit,gated,721e3c494613d3aa378fb20e47d69b51245b538e
esol,18756f35eaee5f67,Clc1ccc(C(c2ccc(Cl)cc2)C(Cl)(Cl)Cl)cc1,aqueous_solubility,log10(mol/L),calibration,c1ccc(Cc2ccccc2)cc1,-7.150000095367432,-6.938619881497718,-8.350911515956948,-5.526328247038486,scaffold,2035,hybrid_gated,edge_gnn,rdkit,gated,721e3c494613d3aa378fb20e47d69b51245b538e
esol,d83db8991c46c008,Clc1ccc(C(c2ccc(Cl)cc2)C(Cl)Cl)cc1,aqueous_solubility,log10(mol/L),calibration,c1ccc(Cc2ccccc2)cc1,-7.199999809265137,-6.592667649004293,-8.004959283463524,-5.180376014545061,scaffold,2035,hybrid_gated,edge_gnn,rdkit,gated,721e3c494613d3aa378fb20e47d69b51245b538e
esol,ee7e8b5757931b2a,Clc1ccc(C(c2ccccc2Cl)C(Cl)Cl)cc1,aqueous_solubility,log10(mol/L),calibration,c1ccc(Cc2ccccc2)cc1,-6.510000228881836,-6.189333473261393,-7.601625107720625,-4.777041838802162,scaffold,2035,hybrid_gated,edge_gnn,rdkit,gated,721e3c494613d3aa378fb20e47d69b51245b538e
esol,cbeeaf51493722da,Clc1ccc(Cl)c(-c2c(Cl)c(Cl)c(Cl)c(Cl)c2Cl)c1,aqueous_solubility,log10(mol/L),train,c1ccc(-c2ccccc2)cc1,-8.9399995803833,-2.46636355866902,-3.8786551931282514,-1.0540719242097882,scaffold,2035,hybrid_gated,edge_gnn,rdkit,gated,721e3c494613d3aa378fb20e47d69b51245b538e
esol,4b1903b76dbb120d,Clc1ccc(Cl)c(-c2c(Cl)c(Cl)cc(Cl)c2Cl)c1,aqueous_solubility,log10(mol/L),train,c1ccc(-c2ccccc2)cc1,-7.420000076293945,-3.5694462093397856,-4.981737843799017,-2.157154574880554,scaffold,2035,hybrid_gated,edge_gnn,rdkit,gated,721e3c494613d3aa378fb20e47d69b51245b538e
esol,645ccf5d504a0dec,Clc1ccc(Cl)c(-c2cc(Cl)c(Cl)c(Cl)c2Cl)c1,aqueous_solubility,log10(mol/L),train,c1ccc(-c2ccccc2)cc1,-7.679999828338623,-5.453533103346967,-6.865824737806198,-4.041241468887735,scaffold,2035,hybrid_gated,edge_gnn,rdkit,gated,721e3c494613d3aa378fb20e47d69b51245b538e
esol,3c9ca7c6d703a964,Clc1ccc(Cl)c(-c2ccc(Cl)c(Cl)c2)c1,aqueous_solubility,log10(mol/L),train,c1ccc(-c2ccccc2)cc1,-7.25,-3.02137860553506,-4.433670239994292,-1.6090869710758287,scaffold,2035,hybrid_gated,edge_gnn,rdkit,gated,721e3c494613d3aa378fb20e47d69b51245b538e
esol,35e214a2d4a10c28,Clc1ccc(Cl)c(-c2cccc(Cl)c2Cl)c1,aqueous_solubility,log10(mol/L),train,c1ccc(-c2ccccc2)cc1,-6.46999979019165,-5.259160539673886,-6.671452174133117,-3.846868905214654,scaffold,2035,hybrid_gated,edge_gnn,rdkit,gated,721e3c494613d3aa378fb20e47d69b51245b538e
esol,33236e25aeefc7f1,Clc1ccc(Cl)c(Cl)c1,aqueous_solubility,log10(mol/L),train,c1ccccc1,-3.5899999141693115,-3.5907799398461107,-5.003071574305342,-2.178488305386879,scaffold,2035,hybrid_gated,edge_gnn,rdkit,gated,721e3c494613d3aa378fb20e47d69b51245b538e
esol,a3a6b3e68efa0c93,Clc1ccc(Cl)c(Cl)c1Cl,aqueous_solubility,log10(mol/L),train,c1ccccc1,-4.570000171661377,-1.209042362479624,-2.621333996938856,0.20324927197960752,scaffold,2035,hybrid_gated,edge_gnn,rdkit,gated,721e3c494613d3aa378fb20e47d69b51245b538e
esol,815634865cf712a3,Clc1ccc(Cl)cc1,aqueous_solubility,log10(mol/L),train,c1ccccc1,-3.2699999809265137,-0.9037390089170212,-2.3160306433762528,0.5085526255422104,scaffold,2035,hybrid_gated,edge_gnn,rdkit,gated,721e3c494613d3aa378fb20e47d69b51245b538e
esol,ae221f98af80122f,Clc1ccc(I)cc1,aqueous_solubility,log10(mol/L),train,c1ccccc1,-4.03000020980835,-2.882429343419355,-4.294720977878587,-1.4701377089601233,scaffold,2035,hybrid_gated,edge_gnn,rdkit,gated,721e3c494613d3aa378fb20e47d69b51245b538e
esol,45b800e2f19955f8,Clc1ccc2ccccc2c1,aqueous_solubility,log10(mol/L),train,c1ccc2ccccc2c1,-4.139999866485596,-2.7100168331309513,-4.122308467590183,-1.2977251986717198,scaffold,2035,hybrid_gated,edge_gnn,rdkit,gated,721e3c494613d3aa378fb20e47d69b51245b538e
esol,eb7d09b2417f6c70,Clc1cccc(-c2c(Cl)c(Cl)cc(Cl)c2Cl)c1Cl,aqueous_solubility,log10(mol/L),train,c1ccc(-c2ccccc2)cc1,-8.600000381469727,-3.286163443461816,-4.698455077921047,-1.8738718090025843,scaffold,2035,hybrid_gated,edge_gnn,rdkit,gated,721e3c494613d3aa378fb20e47d69b51245b538e
esol,70ccc7bf4de46f33,Clc1cccc(-c2cc(Cl)ccc2Cl)c1,aqueous_solubility,log10(mol/L),train,c1ccc(-c2ccccc2)cc1,-6.010000228881836,-2.9562150871572555,-4.3685067216164875,-1.543923452698024,scaffold,2035,hybrid_gated,edge_gnn,rdkit,gated,721e3c494613d3aa378fb20e47d69b51245b538e
esol,99327cae5414d340,Clc1cccc(-c2cccc(Cl)c2Cl)c1Cl,aqueous_solubility,log10(mol/L),train,c1ccc(-c2ccccc2)cc1,-7.28000020980835,-2.621202324711496,-4.033493959170728,-1.2089106902522646,scaffold,2035,hybrid_gated,edge_gnn,rdkit,gated,721e3c494613d3aa378fb20e47d69b51245b538e
esol,8e2dcd65ee407c2e,Clc1cccc(-c2ccccc2)c1,aqueous_solubility,log10(mol/L),train,c1ccc(-c2ccccc2)cc1,-4.880000114440918,-1.078427487132171,-2.4907191215914026,0.3338641473270605,scaffold,2035,hybrid_gated,edge_gnn,rdkit,gated,721e3c494613d3aa378fb20e47d69b51245b538e
esol,78d46e77b5e487ad,Clc1cccc(Br)c1,aqueous_solubility,log10(mol/L),train,c1ccccc1,-3.2100000381469727,0.06426184880189023,-1.3480297856573413,1.4765534832611218,scaffold,2035,hybrid_gated,edge_gnn,rdkit,gated,721e3c494613d3aa378fb20e47d69b51245b538e
esol,8efb6c83a60e44a4,Clc1cccc(C(Cl)(Cl)Cl)n1,aqueous_solubility,log10(mol/L),validation,c1ccncc1,-3.759999990463257,-3.733153109272127,-5.145444743731359,-2.3208614748128955,scaffold,2035,hybrid_gated,edge_gnn,rdkit,gated,721e3c494613d3aa378fb20e47d69b51245b538e
esol,cb0d1003dc0467b1,Clc1cccc(Cl)c1,aqueous_solubility,log10(mol/L),train,c1ccccc1,-3.0399999618530273,-7.663732955647149,-9.076024590106382,-6.251441321187918,scaffold,2035,hybrid_gated,edge_gnn,rdkit,gated,721e3c494613d3aa378fb20e47d69b51245b538e
esol,199ff11278c6332f,Clc1cccc(Cl)c1-c1c(Cl)cccc1Cl,aqueous_solubility,log10(mol/L),train,c1ccc(-c2ccccc2)cc1,-7.389999866485596,-4.027713933418561,-5.440005567877793,-2.61542229895933,scaffold,2035,hybrid_gated,edge_gnn,rdkit,gated,721e3c494613d3aa378fb20e47d69b51245b538e
esol,482eb7682ff0e92b,Clc1cccc(Cl)c1-c1ccccc1,aqueous_solubility,log10(mol/L),train,c1ccc(-c2ccccc2)cc1,-5.210000038146973,-2.1778963722405926,-3.590188006699824,-0.7656047377813611,scaffold,2035,hybrid_gated,edge_gnn,rdkit,gated,721e3c494613d3aa378fb20e47d69b51245b538e
esol,ff600f65c6e69d2a,Clc1cccc(Cl)c1Cl,aqueous_solubility,log10(mol/L),train,c1ccccc1,-4.0,-3.3153986744191952,-4.727690308878427,-1.9031070399599637,scaffold,2035,hybrid_gated,edge_gnn,rdkit,gated,721e3c494613d3aa378fb20e47d69b51245b538e
esol,c88faf6d6d8a4214,Clc1cccc(I)c1,aqueous_solubility,log10(mol/L),train,c1ccccc1,-3.549999952316284,-6.953216769509462,-8.365508403968693,-5.54092513505023,scaffold,2035,hybrid_gated,edge_gnn,rdkit,gated,721e3c494613d3aa378fb20e47d69b51245b538e
esol,22332e2b89c83c5f,Clc1cccc2ccccc12,aqueous_solubility,log10(mol/L),train,c1ccc2ccccc2c1,-3.930000066757202,-0.3085161208552307,-1.7208077553144623,1.1037755136040008,scaffold,2035,hybrid_gated,edge_gnn,rdkit,gated,721e3c494613d3aa378fb20e47d69b51245b538e
esol,d52f3f9c11639cc6,Clc1ccccc1,aqueous_solubility,log10(mol/L),train,c1ccccc1,-2.380000114440918,-6.61804281982791,-8.030334454287143,-5.205751185368679,scaffold,2035,hybrid_gated,edge_gnn,rdkit,gated,721e3c494613d3aa378fb20e47d69b51245b538e
esol,cc6468679450f933,Clc1ccccc1-c1ccccc1,aqueous_solubility,log10(mol/L),train,c1ccc(-c2ccccc2)cc1,-4.539999961853027,-2.3436292781326076,-3.755920912591839,-0.931337643673376,scaffold,2035,hybrid_gated,edge_gnn,rdkit,gated,721e3c494613d3aa378fb20e47d69b51245b538e
esol,1f96112c7da52a22,Clc1ccccc1-c1ccccc1Cl,aqueous_solubility,log10(mol/L),train,c1ccc(-c2ccccc2)cc1,-5.269999980926514,-5.44426097687248,-6.856552611331711,-4.031969342413248,scaffold,2035,hybrid_gated,edge_gnn,rdkit,gated,721e3c494613d3aa378fb20e47d69b51245b538e
esol,d77b9b0620096cb1,Clc1ccccc1Br,aqueous_solubility,log10(mol/L),train,c1ccccc1,-3.190000057220459,-1.3800074986954238,-2.792299133154655,0.03228413576380773,scaffold,2035,hybrid_gated,edge_gnn,rdkit,gated,721e3c494613d3aa378fb20e47d69b51245b538e
esol,ca929f1a7e270264,Clc1ccccc1Cl,aqueous_solubility,log10(mol/L),train,c1ccccc1,-3.049999952316284,-3.696377059544961,-5.1086686940041925,-2.2840854250857294,scaffold,2035,hybrid_gated,edge_gnn,rdkit,gated,721e3c494613d3aa378fb20e47d69b51245b538e
esol,d42088fe993e3c16,Clc1ccccc1I,aqueous_solubility,log10(mol/L),train,c1ccccc1,-3.5399999618530273,-0.27321742281940997,-1.6855090572786415,1.1390742116398216,scaffold,2035,hybrid_gated,edge_gnn,rdkit,gated,721e3c494613d3aa378fb20e47d69b51245b538e
esol,4334fadd67deac29,Cn1c(=O)c2[nH]cnc2n(C)c1=O,aqueous_solubility,log10(mol/L),train,O=c1[nH]c(=O)c2[nH]cnc2[nH]1,-1.3899999856948853,-2.419845777650343,-3.8321374121095744,-1.0075541431911113,scaffold,2035,hybrid_gated,edge_gnn,rdkit,gated,721e3c494613d3aa378fb20e47d69b51245b538e
esol,100f62324cf1989a,Cn1c(=O)c2c(ncn2C)n(C)c1=O,aqueous_solubility,log10(mol/L),train,O=c1[nH]c(=O)c2[nH]cnc2[nH]1,-0.8759999871253967,-4.996499227766188,-6.40879086222542,-3.5842075933069566,scaffold,2035,hybrid_gated,edge_gnn,rdkit,gated,721e3c494613d3aa378fb20e47d69b51245b538e
esol,74f764e5b66b2fb7,Cn1c(=O)c2c(ncn2CC(O)CO)n(C)c1=O,aqueous_solubility,log10(mol/L),train,O=c1[nH]c(=O)c2[nH]cnc2[nH]1,-0.17000000178813934,-1.0291154772743212,-2.441407111733553,0.3831761571849104,scaffold,2035,hybrid_gated,edge_gnn,rdkit,gated,721e3c494613d3aa378fb20e47d69b51245b538e
esol,815a38abaf9ec4b7,Cn1c(=O)on(-c2ccc(Cl)c(Cl)c2)c1=O,aqueous_solubility,log10(mol/L),train,O=c1[nH]c(=O)n(-c2ccccc2)o1,-2.819999933242798,0.8130412952678703,-0.5992503391913613,2.225332929727102,scaffold,2035,hybrid_gated,edge_gnn,rdkit,gated,721e3c494613d3aa378fb20e47d69b51245b538e
esol,49b2a1fbf2e41a7a,Cn1cc(-c2ccccc2)c(=O)c(-c2cccc(C(F)(F)F)c2)c1,aqueous_solubility,log10(mol/L),calibration,O=c1c(-c2ccccc2)c[nH]cc1-c1ccccc1,-4.445000171661377,-5.8572918061206085,-7.26958344057984,-4.445000171661377,scaffold,2035,hybrid_gated,edge_gnn,rdkit,gated,721e3c494613d3aa378fb20e47d69b51245b538e
esol,f3e6689447a36e81,Cn1ccc(=O)[nH]c1=O,aqueous_solubility,log10(mol/L),test,O=c1cc[nH]c(=O)[nH]1,-0.8069999814033508,-0.7904043079899548,-2.2026959424491865,0.6218873264692768,scaffold,2035,hybrid_gated,edge_gnn,rdkit,gated,721e3c494613d3aa378fb20e47d69b51245b538e
esol,4025a4d6efb5259a,Cn1cnc2c1c(=O)[nH]c(=O)n2C,aqueous_solubility,log10(mol/L),train,O=c1[nH]c(=O)c2[nH]cnc2[nH]1,-2.5230000019073486,-2.78770945197631,-4.200001086435542,-1.3754178175170786,scaffold,2035,hybrid_gated,edge_gnn,rdkit,gated,721e3c494613d3aa378fb20e47d69b51245b538e
esol,d2eee638c5fa61ad,FC(F)(Cl)C(F)(Cl)Cl,aqueous_solubility,log10(mol/L),train,,-3.0399999618530273,-2.4670157314900316,-3.879307365949263,-1.0547240970308,scaffold,2035,hybrid_gated,edge_gnn,rdkit,gated,721e3c494613d3aa378fb20e47d69b51245b538e
esol,105d6d24139d1acd,FC(F)(Cl)C(F)(F)Cl,aqueous_solubility,log10(mol/L),train,,-2.740000009536743,0.43739545190334406,-0.9748961825558875,1.8496870863625756,scaffold,2035,hybrid_gated,edge_gnn,rdkit,gated,721e3c494613d3aa378fb20e47d69b51245b538e
esol,02db24b7bbfd7402,FC(F)(F)C(Cl)Br,aqueous_solubility,log10(mol/L),train,,-1.7100000381469727,-4.543766806400381,-5.9560584408596124,-3.1314751719411493,scaffold,2035,hybrid_gated,edge_gnn,rdkit,gated,721e3c494613d3aa378fb20e47d69b51245b538e
esol,db15bed8f8ac2fa5,FC(F)(F)c1ccccc1,aqueous_solubility,log10(mol/L),train,c1ccccc1,-2.509999990463257,-1.4123827330265295,-2.824674367485761,-9.109856729794252e-05,scaffold,2035,hybrid_gated,edge_gnn,rdkit,gated,721e3c494613d3aa378fb20e47d69b51245b538e
esol,b10b42eecfc867c6,Fc1ccc(F)cc1,aqueous_solubility,log10(mol/L),train,c1ccccc1,-1.9700000286102295,-0.2498660604876224,-1.662157694946854,1.1624255739716092,scaffold,2035,hybrid_gated,edge_gnn,rdkit,gated,721e3c494613d3aa378fb20e47d69b51245b538e
esol,ca29ab8bab4202a6,Fc1cccc(Br)c1,aqueous_solubility,log10(mol/L),train,c1ccccc1,-2.6700000762939453,-2.7072294491071527,-4.119521083566385,-1.2949378146479211,scaffold,2035,hybrid_gated,edge_gnn,rdkit,gated,721e3c494613d3aa378fb20e47d69b51245b538e
esol,9b9e86ab0c3b7436,Fc1cccc(F)c1,aqueous_solubility,log10(mol/L),train,c1ccccc1,-2.0,-0.9878223245285151,-2.4001139589877467,0.4244693099307164,scaffold,2035,hybrid_gated,edge_gnn,rdkit,gated,721e3c494613d3aa378fb20e47d69b51245b538e
esol,9ef5e809c1cc37a8,Fc1ccccc1,aqueous_solubility,log10(mol/L),train,c1ccccc1,-1.7999999523162842,-2.104934560161548,-3.5172261946207795,-0.6926429257023163,scaffold,2035,hybrid_gated,edge_gnn,rdkit,gated,721e3c494613d3aa378fb20e47d69b51245b538e
esol,c6e4a122702ad957,Fc1ccccc1Br,aqueous_solubility,log10(mol/L),train,c1ccccc1,-2.700000047683716,-1.5984108580007539,-3.0107024924599854,-0.18611922354152233,scaffold,2035,hybrid_gated,edge_gnn,rdkit,gated,721e3c494613d3aa378fb20e47d69b51245b538e
esol,dd1f99766897a9a2,ICI,aqueous_solubility,log10(mol/L),train,,-2.3399999141693115,0.38255496930014443,-1.0297366651590871,1.794846603759376,scaffold,2035,hybrid_gated,edge_gnn,rdkit,gated,721e3c494613d3aa378fb20e47d69b51245b538e
esol,3ab248fecad2cfcc,Ic1cccc2ccccc12,aqueous_solubility,log10(mol/L),train,c1ccc2ccccc2c1,-4.550000190734863,-2.609677318570364,-4.021968953029596,-1.1973856841111323,scaffold,2035,hybrid_gated,edge_gnn,rdkit,gated,721e3c494613d3aa378fb20e47d69b51245b538e
esol,bc20dafaf54360d0,Ic1ccccc1,aqueous_solubility,log10(mol/L),train,c1ccccc1,-3.009999990463257,-2.576867846776292,-3.9891594812355238,-1.1645762123170607,scaffold,2035,hybrid_gated,edge_gnn,rdkit,gated,721e3c494613d3aa378fb20e47d69b51245b538e
esol,2c92806a2902f400,N#CC(Cl)(Cl)Cl,aqueous_solubility,log10(mol/L),train,,-2.1679999828338623,-2.1713649039027425,-3.583656538361974,-0.759073269443511,scaffold,2035,hybrid_gated,edge_gnn,rdkit,gated,721e3c494613d3aa378fb20e47d69b51245b538e
esol,85031b7bb2a70254,N#CC(OC1OC(COC2OC(CO)C(O)C(O)C2O)C(O)C(O)C1O)c1ccccc1,aqueous_solubility,log10(mol/L),test,c1ccc(COC2CCCC(COC3CCCCO3)O2)cc1,-0.7699999809265137,-2.156940190466002,-3.5692318249252337,-0.7446485560067706,scaffold,2035,hybrid_gated,edge_gnn,rdkit,gated,721e3c494613d3aa378fb20e47d69b51245b538e
esol,e9839d44c23ebe38,N#CCCCl,aqueous_solubility,log10(mol/L),train,,-0.28999999165534973,0.3418044129383433,-1.0704872215208883,1.7540960473975749,scaffold,2035,hybrid_gated,edge_gnn,rdkit,gated,721e3c494613d3aa378fb20e47d69b51245b538e
esol,9e6f7a062ea6ba54,N#CCCl,aqueous_solubility,log10(mol/L),train,,-0.09200000017881393,-1.2000638652217006,-2.612355499680932,0.21222776923753095,scaffold,2035,hybrid_gated,edge_gnn,rdkit,gated,721e3c494613d3aa378fb20e47d69b51245b538e
esol,5529331eae217480,N#CN=C(N)N,aqueous_solubility,log10(mol/L),train,,-0.3100000023841858,-4.37039502715999,-5.782686661619222,-2.9581033927007585,scaffold,2035,hybrid_gated,edge_gnn,rdkit,gated,721e3c494613d3aa378fb20e47d69b51245b538e
esol,98ce09904f0cd677,N#Cc1c(Cl)c(Cl)c(Cl)c(C#N)c1Cl,aqueous_solubility,log10(mol/L),train,c1ccccc1,-5.639999866485596,-1.6334804254707371,-3.045772059929969,-0.22118879101150557,scaffold,2035,hybrid_gated,edge_gnn,rdkit,gated,721e3c494613d3aa378fb20e47d69b51245b538e
esol,f7eb31053f664583,N#Cc1cc(Br)c(O)c(Br)c1,aqueous_solubility,log10(mol/L),train,c1ccccc1,-3.3299999237060547,-2.033668718128656,-3.4459603525878877,-0.6213770836694246,scaffold,2035,hybrid_gated,edge_gnn,rdkit,gated,721e3c494613d3aa378fb20e47d69b51245b538e
esol,dd860792cadf3093,N#Cc1cc(I)c(O)c(I)c1,aqueous_solubility,log10(mol/L),train,c1ccccc1,-3.609999895095825,-1.102160139830127,-2.5144517742893586,0.3101314946291045,scaffold,2035,hybrid_gated,edge_gnn,rdkit,gated,721e3c494613d3aa378fb20e47d69b51245b538e
esol,5533344c324d3435,N#Cc1ccccc1,aqueous_solubility,log10(mol/L),train,c1ccccc1,-1.0,-2.9382794585618495,-4.350571093021081,-1.525987824102618,scaffold,2035,hybrid_gated,edge_gnn,rdkit,gated,721e3c494613d3aa378fb20e47d69b51245b538e
esol,66c6f633624542b8,N#Cc1ccccc1C#N,aqueous_solubility,log10(mol/L),train,c1ccccc1,-2.380000114440918,0.2415010526628656,-1.170790581796366,1.6537926871220971,scaffold,2035,hybrid_gated,edge_gnn,rdkit,gated,721e3c494613d3aa378fb20e47d69b51245b538e
esol,5f065dfe6c5d67ee,N=C(N)NS(=O)(=O)c1ccc(N)cc1,aqueous_solubility,log10(mol/L),train,c1ccccc1,-1.9900000095367432,-0.8177286921808078,-2.230020326640039,0.5945629422784238,scaffold,2035,hybrid_gated,edge_gnn,rdkit,gated,721e3c494613d3aa378fb20e47d69b51245b538e
esol,8f9adffcd0a5a36e,NC(=O)CCl,aqueous_solubility,log10(mol/L),train,,-0.019999999552965164,-6.525666735707368,-7.9379583701666,-5.1133751012481365,scaffold,2035,hybrid_gated,edge_gnn,rdkit,gated,721e3c494613d3aa378fb20e47d69b51245b538e
esol,a9190d547db6a242,NC(=O)NC1NC(=O)NC1=O,aqueous_solubility,log10(mol/L),test,O=C1CNC(=O)N1,-1.600000023841858,-0.3863974695231893,-1.7986891039824209,1.0258941649360422,scaffold,2035,hybrid_gated,edge_gnn,rdkit,gated,721e3c494613d3aa378fb20e47d69b51245b538e
esol,20e79a0747e391cd,NC(=O)NCc1ccccc1,aqueous_solubility,log10(mol/L),train,c1ccccc1,-0.949999988079071,-2.69995716684681,-4.112248801306041,-1.2876655323875785,scaffold,2035,hybrid_gated,edge_gnn,rdkit,gated,721e3c494613d3aa378fb20e47d69b51245b538e
esol,41b7655c6cb7d7df,NC(=O)c1ccccc1,aqueous_solubility,log10(mol/L),train,c1ccccc1,-0.9599999785423279,-6.918308151711178,-8.33059978617041,-5.506016517251947,scaffold,2035,hybrid_gated,edge_gnn,rdkit,gated,721e3c494613d3aa378fb20e47d69b51245b538e
esol,22bbce38ab5c479c,NC(=O)c1ccccc1O,aqueous_solubility,log10(mol/L),train,c1ccccc1,-1.8200000524520874,-2.4275530694569474,-3.839844703916179,-1.0152614349977158,scaffold,2035,hybrid_gated,edge_gnn,rdkit,gated,721e3c494613d3aa378fb20e47d69b51245b538e
esol,2fc7b7dbeee95b0c,NC(=O)c1cccnc1,aqueous_solubility,log10(mol/L),validation,c1ccncc1,0.6100000143051147,-0.925029027630589,-2.3373206620898204,0.48726260682864253,scaffold,2035,hybrid_gated,edge_gnn,rdkit,gated,721e3c494613d3aa378fb20e47d69b51245b538e
esol,d3f13e32ceadf7ee,NC(=O)c1cnccn1,aqueous_solubility,log10(mol/L),calibration,c1cnccn1,-0.6669999957084656,-0.5525196241784234,-1.964811258637655,0.8597720102808082,scaffold,2035,hybrid_gated,edge_gnn,rdkit,gated,721e3c494613d3aa378fb20e47d69b51245b538e
esol,14add58d16075efc,NC(=S)Nc1ccccc1,aqueous_solubility,log10(mol/L),train,c1ccccc1,-1.7699999809265137,-1.2537267426254635,-2.6660183770846952,0.1585648918337681,scaffold,2035,hybrid_gated,edge_gnn,rdkit,gated,721e3c494613d3aa378fb20e47d69b51245b538e
esol,cff6a05057ab433d,NC(N)=O,aqueous_solubility,log10(mol/L),train,,0.9599999785423279,-3.541564499791281,-4.953856134250513,-2.1292728653320494,scaffold,2035,hybrid_gated,edge_gnn,rdkit,gated,721e3c494613d3aa378fb20e47d69b51245b538e
esol,5c937bef90624cba,NC(N)=S,aqueous_solubility,log10(mol/L),train,,0.3199999928474426,0.8472329446393019,-0.5650586898199297,2.2595245790985334,scaffold,2035,hybrid_gated,edge_gnn,rdkit,gated,721e3c494613d3aa378fb20e47d69b51245b538e
esol,8d9f3b8d61c37fad,NNC(=O)c1ccncc1,aqueous_solubility,log10(mol/L),validation,c1ccncc1,0.008999999612569809,-0.365429587717113,-1.7777212221763445,1.0468620467421186,scaffold,2035,hybrid_gated,edge_gnn,rdkit,gated,721e3c494613d3aa378fb20e47d69b51245b538e
esol,792927bc26e5ee98,NNc1ccccc1,aqueous_solubility,log10(mol/L),train,c1ccccc1,0.07000000029802322,-3.2501907167086044,-4.662482351167836,-1.8378990822493728,scaffold,2035,hybrid_gated,edge_gnn,rdkit,gated,721e3c494613d3aa378fb20e47d69b51245b538e
esol,13a0d92f513022b0,NS(=O)(=O)c1cc(C2(O)NC(=O)c3ccccc32)ccc1Cl,aqueous_solubility,log10(mol/L),validation,O=C1NC(c2ccccc2)c2ccccc21,-3.4509999752044678,-3.334321366965244,-4.746613001424476,-1.9220297325060125,scaffold,2035,hybrid_gated,edge_gnn,rdkit,gated,721e3c494613d3aa378fb20e47d69b51245b538e
esol,d1af900dda6b8816,NS(=O)(=O)c1cc2c(cc1C(F)(F)F)NC(Cc1ccccc1)NS2(=O)=O,aqueous_solubility,log10(mol/L),validation,O=S1(=O)NC(Cc2ccccc2)Nc2ccccc21,-3.5899999141693115,-3.6097744955297086,-5.02206612998894,-2.197482861070477,scaffold,2035,hybrid_gated,edge_gnn,rdkit,gated,721e3c494613d3aa378fb20e47d69b51245b538e
esol,21a70933e40d38d8,NS(=O)(=O)c1cc2c(cc1Cl)N=CNS2(=O)=O,aqueous_solubility,log10(mol/L),validation,O=S1(=O)NC=Nc2ccccc21,-3.049999952316284,-2.8414459000095262,-4.253737534468758,-1.4291542655502947,scaffold,2035,hybrid_gated,edge_gnn,rdkit,gated,721e3c494613d3aa378fb20e47d69b51245b538e
esol,4be98313bb8411d6,NS(=O)(=O)c1cc2c(cc1Cl)NC(C(Cl)Cl)NS2(=O)=O,aqueous_solubility,log10(mol/L),train,O=S1(=O)NCNc2ccccc21,-2.680000066757202,-6.259876704720271,-7.672168339179502,-4.847585070261039,scaffold,2035,hybrid_gated,edge_gnn,rdkit,gated,721e3c494613d3aa378fb20e47d69b51245b538e
esol,6704f9b02657d351,NS(=O)(=O)c1cc2c(cc1Cl)NCNS2(=O)=O,aqueous_solubility,log10(mol/L),train,O=S1(=O)NCNc2ccccc21,-2.630000114440918,-2.6734391939630964,-4.085730828422328,-1.2611475595038648,scaffold,2035,hybrid_gated,edge_gnn,rdkit,gated,721e3c494613d3aa378fb20e47d69b51245b538e
esol,d486e39e13c6c365,Nc1cc(N2CCCCC2)nc(N)[n+]1[O-],aqueous_solubility,log10(mol/L),calibration,c1cc(N2CCCCC2)nc[nH+]1,-1.9889999628067017,-2.373487045790638,-3.7857786802498694,-0.9611954113314063,scaffold,2035,hybrid_gated,edge_gnn,rdkit,gated,721e3c494613d3aa378fb20e47d69b51245b538e
esol,aceb689c32139048,Nc1cc2c3ccccc3ccc2c2ccccc12,aqueous_solubility,log10(mol/L),test,c1ccc2c(c1)ccc1c3ccccc3ccc21,-6.199999809265137,-6.5412141176474865,-7.953505752106718,-5.128922483188255,scaffold,2035,hybrid_gated,edge_gnn,rdkit,gated,721e3c494613d3aa378fb20e47d69b51245b538e
esol,80c616c2c10da4cc,Nc1cc[nH]c(=O)n1,aqueous_solubility,log10(mol/L),train,O=c1nccc[nH]1,-1.1549999713897705,-4.113751094897066,-5.5260427293562975,-2.7014594604378344,scaffold,2035,hybrid_gated,edge_gnn,rdkit,gated,721e3c494613d3aa378fb20e47d69b51245b538e
esol,d3c8a8dbbf41fcef,Nc1ccc(-c2ccc(N)cc2)cc1,aqueous_solubility,log10(mol/L),train,c1ccc(-c2ccccc2)cc1,-2.700000047683716,-3.8152507454284073,-5.227542379887639,-2.4029591109691757,scaffold,2035,hybrid_gated,edge_gnn,rdkit,gated,721e3c494613d3aa378fb20e47d69b51245b538e
esol,ddbccadea4def28d,Nc1ccc(Cl)cc1,aqueous_solubility,log10(mol/L),train,c1ccccc1,-1.659999966621399,-2.241458604710292,-3.6537502391695234,-0.8291669702510602,scaffold,2035,hybrid_gated,edge_gnn,rdkit,gated,721e3c494613d3aa378fb20e47d69b51245b538e
esol,5f061feada924c1b,Nc1ccc(O)cc1,aqueous_solubility,log10(mol/L),train,c1ccccc1,-0.800000011920929,-3.747077512733073,-5.159369147192304,-2.3347858782738413,scaffold,2035,hybrid_gated,edge_gnn,rdkit,gated,721e3c494613d3aa378fb20e47d69b51245b538e
esol,1740fca00afdaeed,Nc1ccc(S(=O)(=O)c2ccc(N)cc2)cc1,aqueous_solubility,log10(mol/L),train,O=S(=O)(c1ccccc1)c1ccccc1,-3.0940001010894775,-3.79465987783486,-5.206951512294092,-2.3823682433756286,scaffold,2035,hybrid_gated,edge_gnn,rdkit,gated,721e3c494613d3aa378fb20e47d69b51245b538e
esol,672dea3500e56345,Nc1ccc(S(N)(=O)=O)cc1,aqueous_solubility,log10(mol/L),train,c1ccccc1,-1.340000033378601,-2.0340013672471775,-3.446293001706409,-0.621709732787946,scaffold,2035,hybrid_gated,edge_gnn,rdkit,gated,721e3c494613d3aa378fb20e47d69b51245b538e
esol,b1562a3a4e3dbd2b,Nc1ccc([N+](=O)[O-])cc1,aqueous_solubility,log10(mol/L),train,c1ccccc1,-2.369999885559082,-0.729138785761704,-2.1414304202209355,0.6831528486975276,scaffold,2035,hybrid_gated,edge_gnn,rdkit,gated,721e3c494613d3aa378fb20e47d69b51245b538e
esol,7ea90919dd02fbb4,Nc1ccc2cc3ccccc3cc2c1,aqueous_solubility,log10(mol/L),calibration,c1ccc2cc3ccccc3cc2c1,-5.170000076293945,-5.4609118440156195,-6.873203478474851,-4.048620209556388,scaffold,2035,hybrid_gated,edge_gnn,rdkit,gated,721e3c494613d3aa378fb20e47d69b51245b538e
esol,7071d63d842d86c6,Nc1cccc(Cl)c1,aqueous_solubility,log10(mol/L),train,c1ccccc1,-1.3700000047683716,-3.6343506195330106,-5.046642253992243,-2.222058985073779,scaffold,2035,hybrid_gated,edge_gnn,rdkit,gated,721e3c494613d3aa378fb20e47d69b51245b538e
esol,3614002c0eb76c64,Nc1cccc([N+](=O)[O-])c1,aqueous_solubility,log10(mol/L),train,c1ccccc1,-2.190000057220459,-3.868956740714699,-5.281248375173931,-2.4566651062554676,scaffold,2035,hybrid_gated,edge_gnn,rdkit,gated,721e3c494613d3aa378fb20e47d69b51245b538e
esol,fdeaad6aac85a0a2,Nc1cccc2ccccc12,aqueous_solubility,log10(mol/L),train,c1ccc2ccccc2c1,-1.9199999570846558,0.6595136009007456,-0.7527780335584859,2.071805235359977,scaffold,2035,hybrid_gated,edge_gnn,rdkit,gated,721e3c494613d3aa378fb20e47d69b51245b538e
esol,2ed7e76dec2701ce,Nc1cccc2nc3ccccc3cc12,aqueous_solubility,log10(mol/L),validation,c1ccc2nc3ccccc3cc2c1,-4.21999979019165,-3.3477781255129173,-4.760069759972149,-1.9354864910536858,scaffold,2035,hybrid_gated,edge_gnn,rdkit,gated,721e3c494613d3aa378fb20e47d69b51245b538e
esol,a7f3f1e11af18400,Nc1ccccc1,aqueous_solubility,log10(mol/L),train,c1ccccc1,-0.4099999964237213,-2.069124624201743,-3.4814162586609747,-0.6568329897425116,scaffold,2035,hybrid_gated,edge_gnn,rdkit,gated,721e3c494613d3aa378fb20e47d69b51245b538e
esol,2f7de38fb26014ee,Nc1ccccc1Cl,aqueous_solubility,log10(mol/L),train,c1ccccc1,-1.5199999809265137,-2.708577135348041,-4.120868769807272,-1.2962855008888092,scaffold,2035,hybrid_gated,edge_gnn,rdkit,gated,721e3c494613d3aa378fb20e47d69b51245b538e
esol,8cce7ad82c85b377,Nc1ccccc1O,aqueous_solubility,log10(mol/L),train,c1ccccc1,-0.7200000286102295,-4.635061973906551,-6.047353608365783,-3.2227703394473197,scaffold,2035,hybrid_gated,edge_gnn,rdkit,gated,721e3c494613d3aa378fb20e47d69b51245b538e
esol,8c073316e654db6b,Nc1ccccc1[N+](=O)[O-],aqueous_solubility,log10(mol/L),train,c1ccccc1,-1.9600000381469727,-7.950085108972775,-9.362376743432007,-6.537793474513544,scaffold,2035,hybrid_gated,edge_gnn,rdkit,gated,721e3c494613d3aa378fb20e47d69b51245b538e
esol,d170b211091619c1,Nc1cnn(-c2ccccc2)c(=O)c1Br,aqueous_solubility,log10(mol/L),calibration,O=c1cccnn1-c1ccccc1,-3.127000093460083,-3.374649653155167,-4.786941287614399,-1.9623580186959355,scaffold,2035,hybrid_gated,edge_gnn,rdkit,gated,721e3c494613d3aa378fb20e47d69b51245b538e
esol,364a3d9e736a968c,Nc1cnn(-c2ccccc2)c(=O)c1Cl,aqueous_solubility,log10(mol/L),calibration,O=c1cccnn1-c1ccccc1,-2.878000020980835,-3.0984182052373326,-4.510709839696564,-1.686126570778101,scaffold,2035,hybrid_gated,edge_gnn,rdkit,gated,721e3c494613d3aa378fb20e47d69b51245b538e
esol,2fef74534c90c0fd,Nc1nc(=O)[nH]cc1F,aqueous_solubility,log10(mol/L),train,O=c1nccc[nH]1,-0.972000002861023,-2.342342393451278,-3.7546340279105097,-0.9300507589920466,scaffold,2035,hybrid_gated,edge_gnn,rdkit,gated,721e3c494613d3aa378fb20e47d69b51245b538e
esol,5167dc273870cd3a,Nc1nc(N)c2nc(-c3ccccc3)c(N)nc2n1,aqueous_solubility,log10(mol/L),validation,c1ccc(-c2cnc3ncncc3n2)cc1,-2.4040000438690186,-2.6973192254840503,-4.109610859943282,-1.2850275910248188,scaffold,2035,hybrid_gated,edge_gnn,rdkit,gated,721e3c494613d3aa378fb20e47d69b51245b538e
esol,c363f1a8372173dd,Nc1nc(O)nc2nc[nH]c12,aqueous_solubility,log10(mol/L),train,c1ncc2[nH]cnc2n1,-3.4010000228881836,-3.12099338629257,-4.533285020751801,-1.7087017518333383,scaffold,2035,hybrid_gated,edge_gnn,rdkit,gated,721e3c494613d3aa378fb20e47d69b51245b538e
esol,0f42ff187b1e26ff,Nc1nc2[nH]cnc2c(=O)[nH]1,aqueous_solubility,log10(mol/L),test,O=c1[nH]cnc2[nH]cnc12,-3.5829999446868896,-2.808426287929147,-4.220717922388379,-1.3961346534699155,scaffold,2035,hybrid_gated,edge_gnn,rdkit,gated,721e3c494613d3aa378fb20e47d69b51245b538e
esol,45bfe1eca9942b5f,Nc1nc[nH]n1,aqueous_solubility,log10(mol/L),train,c1nc[nH]n1,0.5220000147819519,-2.1459877137843497,-3.5582793482435813,-0.7336960793251182,scaffold,2035,hybrid_gated,edge_gnn,rdkit,gated,721e3c494613d3aa378fb20e47d69b51245b538e
esol,a5efc882bab6aeb8,Nc1nccs1,aqueous_solubility,log10(mol/L),calibration,c1cscn1,-0.36000001430511475,0.1327755702307516,-1.27951606422848,1.5450672046899832,scaffold,2035,hybrid_gated,edge_gnn,rdkit,gated,721e3c494613d3aa378fb20e47d69b51245b538e
esol,292b9554c28881be,Nc1ncnc2c1ccn2C1OC(CO)C(O)C1O,aqueous_solubility,log10(mol/L),test,c1ncc2ccn(C3CCCO3)c2n1,-1.9500000476837158,-1.55143778540154,-2.9637294198607718,-0.13914615094230842,scaffold,2035,hybrid_gated,edge_gnn,rdkit,gated,721e3c494613d3aa378fb20e47d69b51245b538e
esol,6c84c1ca795f19ca,Nc1ncnc2nc[nH]c12,aqueous_solubility,log10(mol/L),train,c1ncc2[nH]cnc2n1,-2.119999885559082,-1.960872072483928,-3.3731637069431595,-0.5485804380246964,scaffold,2035,hybrid_gated,edge_gnn,rdkit,gated,721e3c494613d3aa378fb20e47d69b51245b538e
esol,690374c4203120f3,O=C(C=CC=Cc1ccc2c(c1)OCO2)N1CCCCC1,aqueous_solubility,log10(mol/L),validation,O=C(C=CC=Cc1ccc2c(c1)OCO2)N1CCCCC1,-3.4600000381469727,-3.5324021873178917,-4.944693821777124,-2.12011055285866,scaffold,2035,hybrid_gated,edge_gnn,rdkit,gated,721e3c494613d3aa378fb20e47d69b51245b538e
esol,f6ac174891d4cbfe,O=C(CC(Cl)Cl)NC1=C(Cl)C(=O)c2ccccc2C1=O,aqueous_solubility,log10(mol/L),train,O=C1C=CC(=O)c2ccccc21,-5.03000020980835,-0.9947338954120786,-2.4070255298713104,0.417557739047153,scaffold,2035,hybrid_gated,edge_gnn,rdkit,gated,721e3c494613d3aa378fb20e47d69b51245b538e
esol,3bd7903f0fc524b9,O=C(Cn1ccnc1[N+](=O)[O-])NCc1ccccc1,aqueous_solubility,log10(mol/L),test,O=C(Cn1ccnc1)NCc1ccccc1,-2.809999942779541,-4.043923406480493,-5.456215040939725,-2.6316317720212616,scaffold,2035,hybrid_gated,edge_gnn,rdkit,gated,721e3c494613d3aa378fb20e47d69b51245b538e
esol,baa633118e4124e0,O=C(NC(=O)c1c(F)cccc1F)Nc1cc(Cl)c(F)c(Cl)c1F,aqueous_solubility,log10(mol/L),validation,O=C(NC(=O)c1ccccc1)Nc1ccccc1,-7.28000020980835,-5.083841091232852,-6.4961327256920836,-3.6715494567736204,scaffold,2035,hybrid_gated,edge_gnn,rdkit,gated,721e3c494613d3aa378fb20e47d69b51245b538e
esol,c045f77f3d14db05,O=C(NC(=O)c1c(F)cccc1F)Nc1ccc(Cl)cc1,aqueous_solubility,log10(mol/L),validation,O=C(NC(=O)c1ccccc1)Nc1ccccc1,-6.019999980926514,-4.338117788016451,-5.750409422475682,-2.925826153557219,scaffold,2035,hybrid_gated,edge_gnn,rdkit,gated,721e3c494613d3aa378fb20e47d69b51245b538e
esol,e690eafd94d35c0c,O=C(NC(CO)C(O)c1ccc([N+](=O)[O-])cc1)C(Cl)Cl,aqueous_solubility,log10(mol/L),train,c1ccccc1,-2.1110000610351562,-6.358312573675843,-7.770604208135074,-4.946020939216611,scaffold,2035,hybrid_gated,edge_gnn,rdkit,gated,721e3c494613d3aa378fb20e47d69b51245b538e
esol,688fd8c1fae69203,O=C(Nc1ccc([N+](=O)[O-])cc1Cl)c1cc(Cl)ccc1O,aqueous_solubility,log10(mol/L),test,O=C(Nc1ccccc1)c1ccccc1,-4.699999809265137,-4.565142110622643,-5.977433745081875,-3.1528504761634117,scaffold,2035,hybrid_gated,edge_gnn,rdkit,gated,721e3c494613d3aa378fb20e47d69b51245b538e
esol,6e4bde6d2f6a6816,O=C(Nc1cccc(Cl)c1)OCC#CCCl,aqueous_solubility,log10(mol/L),train,c1ccccc1,-4.369999885559082,-2.323492751863233,-3.7357843863224645,-0.9112011174040013,scaffold,2035,hybrid_gated,edge_gnn,rdkit,gated,721e3c494613d3aa378fb20e47d69b51245b538e
esol,60c0e74fff4c1ae4,O=C(Nc1ccccc1)N(Cc1ccc(Cl)cc1)C1CCCC1,aqueous_solubility,log10(mol/L),validation,O=C(Nc1ccccc1)N(Cc1ccccc1)C1CCCC1,-5.914999961853027,-5.201589257843829,-6.613880892303061,-3.7892976233845976,scaffold,2035,hybrid_gated,edge_gnn,rdkit,gated,721e3c494613d3aa378fb20e47d69b51245b538e
esol,0991c75b100e534a,O=C(Nc1ccccc1)Nc1ccccc1,aqueous_solubility,log10(mol/L),calibration,O=C(Nc1ccccc1)Nc1ccccc1,-3.1500000953674316,-2.9462685607714865,-4.358560195230718,-1.533976926312255,scaffold,2035,hybrid_gated,edge_gnn,rdkit,gated,721e3c494613d3aa378fb20e47d69b51245b538e
esol,fe14526b987406f2,O=C(Nc1ccccc1)c1ccccc1I,aqueous_solubility,log10(mol/L),test,O=C(Nc1ccccc1)c1ccccc1,-4.210000038146973,-4.442360436050062,-5.854652070509293,-3.03006880159083,scaffold,2035,hybrid_gated,edge_gnn,rdkit,gated,721e3c494613d3aa378fb20e47d69b51245b538e
esol,7745315b46a851c2,O=C(Nc1ccccc1)c1ccccc1O,aqueous_solubility,log10(mol/L),test,O=C(Nc1ccccc1)c1ccccc1,-3.5899999141693115,-2.914475254529214,-4.326766888988446,-1.5021836200699825,scaffold,2035,hybrid_gated,edge_gnn,rdkit,gated,721e3c494613d3aa378fb20e47d69b51245b538e
esol,39383db26262b98a,O=C(OCC(O)CO)c1ccccc1Nc1ccnc2cc(Cl)ccc12,aqueous_solubility,log10(mol/L),train,c1ccc(Nc2ccnc3ccccc23)cc1,-4.571000099182129,-1.9465087693647292,-3.3588004038239605,-0.5342171349054976,scaffold,2035,hybrid_gated,edge_gnn,rdkit,gated,721e3c494613d3aa378fb20e47d69b51245b538e
esol,1da91787f38885ba,O=C(c1ccccc1)C(O)c1ccccc1,aqueous_solubility,log10(mol/L),calibration,O=C(Cc1ccccc1)c1ccccc1,-2.8499999046325684,-2.840205941660061,-4.252497576119293,-1.4279143072008296,scaffold,2035,hybrid_gated,edge_gnn,rdkit,gated,721e3c494613d3aa378fb20e47d69b51245b538e
esol,4dba3a2e70cac673,O=C(c1ccccc1)c1ccccc1,aqueous_solubility,log10(mol/L),validation,O=C(c1ccccc1)c1ccccc1,-3.119999885559082,-3.1735075819249836,-4.585799216384215,-1.761215947465752,scaffold,2035,hybrid_gated,edge_gnn,rdkit,gated,721e3c494613d3aa378fb20e47d69b51245b538e
esol,db8d3eba6fa98f98,O=C1C(Cl)C(CCl)CN1c1cccc(C(F)(F)F)c1,aqueous_solubility,log10(mol/L),validation,O=C1CCCN1c1ccccc1,-4.046999931335449,-4.5279167678082395,-5.940208402267471,-3.115625133349008,scaffold,2035,hybrid_gated,edge_gnn,rdkit,gated,721e3c494613d3aa378fb20e47d69b51245b538e
esol,6b583bedb8c16dc6,O=C1C(O)=C(C2CCC(c3ccc(Cl)cc3)CC2)C(=O)c2ccccc21,aqueous_solubility,log10(mol/L),test,O=C1C=C(C2CCC(c3ccccc3)CC2)C(=O)c2ccccc21,-5.931000232696533,-4.937708291892575,-6.349999926351806,-3.525416657433343,scaffold,2035,hybrid_gated,edge_gnn,rdkit,gated,721e3c494613d3aa378fb20e47d69b51245b538e
esol,43baf9d8ef42876c,O=C1C2(Cl)C3(Cl)C4(Cl)C(Cl)(Cl)C5(Cl)C3(Cl)C1(Cl)C5(Cl)C24Cl,aqueous_solubility,log10(mol/L),train,O=C1C2C3C4CC5C3C1C5C42,-5.258999824523926,-3.0790730049553146,-4.491364639414546,-1.666781370496083,scaffold,2035,hybrid_gated,edge_gnn,rdkit,gated,721e3c494613d3aa378fb20e47d69b51245b538e
esol,046f28c7cfbee993,O=C1C2CC=CCC2C(=O)N1SC(Cl)(Cl)C(Cl)Cl,aqueous_solubility,log10(mol/L),train,O=C1NC(=O)C2CC=CCC12,-5.400000095367432,-3.240715651109321,-4.6530072855685525,-1.8284240166500894,scaffold,2035,hybrid_gated,edge_gnn,rdkit,gated,721e3c494613d3aa378fb20e47d69b51245b538e
esol,fb996a8251e32b19,O=C1C=C2CC3(O)COc4c(ccc(O)c4O)C3=C2C=C1O,aqueous_solubility,log10(mol/L),test,O=C1C=CC2=C3c4ccccc4OCC3CC2=C1,-2.700000047683716,-2.9261552860875253,-4.338446920546756,-1.5138636516282937,scaffold,2035,hybrid_gated,edge_gnn,rdkit,gated,721e3c494613d3aa378fb20e47d69b51245b538e
esol,2287e3509b11a6c4,O=C1CC(c2ccc(O)c(O)c2)Oc2cc(O)cc(O)c21,aqueous_solubility,log10(mol/L),calibration,O=C1CC(c2ccccc2)Oc2ccccc21,-3.619999885559082,-2.754822029464856,-4.167113663924088,-1.3425303950056247,scaffold,2035,hybrid_gated,edge_gnn,rdkit,gated,721e3c494613d3aa378fb20e47d69b51245b538e
esol,98e81285f39d4a65,O=C1CCC(=O)N1,aqueous_solubility,log10(mol/L),validation,O=C1CCC(=O)N1,0.30000001192092896,-0.11855108376378398,-1.5308427182230155,1.2937405506954476,scaffold,2035,hybrid_gated,edge_gnn,rdkit,gated,721e3c494613d3aa378fb20e47d69b51245b538e
esol,552029f553c6de90,O=C1CCC(N2C(=O)c3ccccc3C2=O)C(=O)N1,aqueous_solubility,log10(mol/L),validation,O=C1CCC(N2C(=O)c3ccccc3C2=O)C(=O)N1,-2.6760001182556152,-2.698896472875691,-4.111188107334923,-1.2866048384164595,scaffold,2035,hybrid_gated,edge_gnn,rdkit,gated,721e3c494613d3aa378fb20e47d69b51245b538e
esol,f8fc82e8cbf0dbbb,O=C1CCCCC1,aqueous_solubility,log10(mol/L),calibration,O=C1CCCCC1,-0.6000000238418579,-0.707777972948997,-2.1200696074082286,0.7045136615102345,scaffold,2035,hybrid_gated,edge_gnn,rdkit,gated,721e3c494613d3aa378fb20e47d69b51245b538e
esol,88292b2a0d08280c,O=C1CCCN1,aqueous_solubility,log10(mol/L),calibration,O=C1CCCN1,1.0700000524520874,0.41419185443620243,-0.9980997800230291,1.826483488895434,scaffold,2035,hybrid_gated,edge_gnn,rdkit,gated,721e3c494613d3aa378fb20e47d69b51245b538e
esol,464ea5384e52ed18,O=C1CN(N=Cc2ccc([N+](=O)[O-])o2)C(=O)N1,aqueous_solubility,log10(mol/L),validation,O=C1CN(N=Cc2ccco2)C(=O)N1,-3.380000114440918,-2.358806535218837,-3.7710981696780688,-0.9465149007596056,scaffold,2035,hybrid_gated,edge_gnn,rdkit,gated,721e3c494613d3aa378fb20e47d69b51245b538e
esol,ad5815f8ca05b4e0,O=C1CN=C(c2ccccc2)c2cc([N+](=O)[O-])ccc2N1,aqueous_solubility,log10(mol/L),train,O=C1CN=C(c2ccccc2)c2ccccc2N1,-3.7960000038146973,-2.1589584755927156,-3.571250110051947,-0.746666841133484,scaffold,2035,hybrid_gated,edge_gnn,rdkit,gated,721e3c494613d3aa378fb20e47d69b51245b538e
esol,3bcf5a8597ee7358,O=C1CN=C(c2ccccc2Cl)c2cc([N+](=O)[O-])ccc2N1,aqueous_solubility,log10(mol/L),train,O=C1CN=C(c2ccccc2)c2ccccc2N1,-3.499000072479248,-4.648882502468677,-6.061174136927908,-3.2365908680094453,scaffold,2035,hybrid_gated,edge_gnn,rdkit,gated,721e3c494613d3aa378fb20e47d69b51245b538e
esol,7431852da1dce5b8,O=C1CNC(=O)N1,aqueous_solubility,log10(mol/L),test,O=C1CNC(=O)N1,-0.4000000059604645,0.2406049609113472,-1.1716866735478844,1.6528965953705788,scaffold,2035,hybrid_gated,edge_gnn,rdkit,gated,721e3c494613d3aa378fb20e47d69b51245b538e
esol,5e3e17dfed89e466,O=C1CSC(=S)N1,aqueous_solubility,log10(mol/L),calibration,O=C1CSC(=S)N1,-1.7699999809265137,-0.9414211874785536,-2.353712821937785,0.4708704469806779,scaffold,2035,hybrid_gated,edge_gnn,rdkit,gated,721e3c494613d3aa378fb20e47d69b51245b538e
esol,9b850b8ead100465,O=C1NC(=O)C(=O)C(=O)N1,aqueous_solubility,log10(mol/L),validation,O=C1NC(=O)C(=O)C(=O)N1,-1.25,-0.6710900001085953,-2.083381634567827,0.7412016343506362,scaffold,2035,hybrid_gated,edge_gnn,rdkit,gated,721e3c494613d3aa378fb20e47d69b51245b538e
esol,9f97173311018951,O=C1NC(=O)C(=O)N1,aqueous_solubility,log10(mol/L),train,O=C1NC(=O)C(=O)N1,-0.4000000059604645,-1.294015949522405,-2.7063075839816366,0.1182756849368265,scaffold,2035,hybrid_gated,edge_gnn,rdkit,gated,721e3c494613d3aa378fb20e47d69b51245b538e
esol,f58d70889d342b7a,O=C1NC(=O)C(O)(C2(O)C(=O)NC(=O)NC2=O)C(=O)N1,aqueous_solubility,log10(mol/L),test,O=C1NC(=O)C(C2C(=O)NC(=O)NC2=O)C(=O)N1,-1.9900000095367432,-1.8070427905031894,-3.2193344249624207,-0.39475115604395783,scaffold,2035,hybrid_gated,edge_gnn,rdkit,gated,721e3c494613d3aa378fb20e47d69b51245b538e
esol,a2f9df8a5d8811db,O=C1NC(=O)C(c2ccccc2)(c2ccccc2)N1,aqueous_solubility,log10(mol/L),test,O=C1NC(=O)C(c2ccccc2)(c2ccccc2)N1,-4.0970001220703125,-3.4843076340357557,-4.896599268494987,-2.072015999576524,scaffold,2035,hybrid_gated,edge_gnn,rdkit,gated,721e3c494613d3aa378fb20e47d69b51245b538e
esol,abaed2608bdfc2de,O=C1NC(=O)C2(CC2)C(=O)N1,aqueous_solubility,log10(mol/L),validation,O=C1NC(=O)C2(CC2)C(=O)N1,-1.8860000371932983,-1.9347535636193496,-3.347045198078581,-0.522461929160118,scaffold,2035,hybrid_gated,edge_gnn,rdkit,gated,721e3c494613d3aa378fb20e47d69b51245b538e
esol,c4e073085482ca83,O=C1NC(=O)C2(CCC2)C(=O)N1,aqueous_solubility,log10(mol/L),train,O=C1NC(=O)C2(CCC2)C(=O)N1,-1.6549999713897705,-2.3976219538857992,-3.809913588345031,-0.9853303194265677,scaffold,2035,hybrid_gated,edge_gnn,rdkit,gated,721e3c494613d3aa378fb20e47d69b51245b538e
esol,fb010ec97af69bc4,O=C1NC(=O)C2(CCCC2)C(=O)N1,aqueous_solubility,log10(mol/L),test,O=C1NC(=O)C2(CCCC2)C(=O)N1,-2.3489999771118164,-2.415897521847772,-3.8281891563070034,-1.0036058873885403,scaffold,2035,hybrid_gated,edge_gnn,rdkit,gated,721e3c494613d3aa378fb20e47d69b51245b538e
esol,f7fa422f6b89ab0c,O=C1NC(=O)C2(CCCCC2)C(=O)N1,aqueous_solubility,log10(mol/L),validation,O=C1NC(=O)C2(CCCCC2)C(=O)N1,-3.059999942779541,-2.640041543175045,-4.052333177634276,-1.2277499087158135,scaffold,2035,hybrid_gated,edge_gnn,rdkit,gated,721e3c494613d3aa378fb20e47d69b51245b538e
esol,1079ed78c10335aa,O=C1NC(=O)C2(CCCCCC2)C(=O)N1,aqueous_solubility,log10(mol/L),test,O=C1NC(=O)C2(CCCCCC2)C(=O)N1,-3.1679999828338623,-2.9459254291374464,-4.358217063596678,-1.5336337946782148,scaffold,2035,hybrid_gated,edge_gnn,rdkit,gated,721e3c494613d3aa378fb20e47d69b51245b538e
esol,2763289c3c31ca3c,O=C1NC(=O)C2(CCCCCCC2)C(=O)N1,aqueous_solubility,log10(mol/L),train,O=C1NC(=O)C2(CCCCCCC2)C(=O)N1,-2.9820001125335693,-0.06705003958876388,-1.4793416740479954,1.3452415948704677,scaffold,2035,hybrid_gated,edge_gnn,rdkit,gated,721e3c494613d3aa378fb20e47d69b51245b538e
esol,6122d0570c0fafbd,O=C1NC(=O)C2C3C(C(O)(c4ccccc4)c4ccccn4)=CC(C3=C(c3ccccc3)c3ccccn3)C12,aqueous_solubility,log10(mol/L),test,O=C1NC(=O)C2C3C(C(c4ccccc4)c4ccccn4)=CC(C3=C(c3ccccc3)c3ccccn3)C12,-3.930999994277954,-4.0746974588377824,-5.486989093297014,-2.662405824378551,scaffold,2035,hybrid_gated,edge_gnn,rdkit,gated,721e3c494613d3aa378fb20e47d69b51245b538e
esol,80765813e3dd85bc,O=C1NC(=O)C2C=CC=CC12,aqueous_solubility,log10(mol/L),calibration,O=C1NC(=O)C2C=CC=CC12,-2.931999921798706,-2.355349799520691,-3.7676414339799225,-0.9430581650614593,scaffold,2035,hybrid_gated,edge_gnn,rdkit,gated,721e3c494613d3aa378fb20e47d69b51245b538e
esol,8c073a83b27c7462,O=C1NC(=O)c2ccccc21,aqueous_solubility,log10(mol/L),calibration,O=C1NC(=O)c2ccccc21,-2.609999895095825,-2.381870860737589,-3.7941624951968205,-0.9695792262783574,scaffold,2035,hybrid_gated,edge_gnn,rdkit,gated,721e3c494613d3aa378fb20e47d69b51245b538e
esol,6b563f4c04c1dd29,O=C1NCCN1c1ncc([N+](=O)[O-])s1,aqueous_solubility,log10(mol/L),test,O=C1NCCN1c1nccs1,-3.2200000286102295,-2.169677486163868,-3.5819691206230995,-0.7573858517046363,scaffold,2035,hybrid_gated,edge_gnn,rdkit,gated,721e3c494613d3aa378fb20e47d69b51245b538e
esol,e431f760674c4ee6,O=C1Nc2ccc(Cl)cc2C(c2ccccc2)=NC1O,aqueous_solubility,log10(mol/L),train,O=C1CN=C(c2ccccc2)c2ccccc2N1,-3.9519999027252197,-1.0060887462729815,-2.418380380732213,0.40620288818625006,scaffold,2035,hybrid_gated,edge_gnn,rdkit,gated,721e3c494613d3aa378fb20e47d69b51245b538e
esol,e7367b803a2a0cad,O=C1Nc2ccc(Cl)cc2C(c2ccccc2Cl)=NC1O,aqueous_solubility,log10(mol/L),train,O=C1CN=C(c2ccccc2)c2ccccc2N1,-3.6040000915527344,-6.514585558679379,-7.92687719313861,-5.102293924220147,scaffold,2035,hybrid_gated,edge_gnn,rdkit,gated,721e3c494613d3aa378fb20e47d69b51245b538e
esol,cccf416cbf91333f,O=C1OC(c2ccc(O)cc2)(c2ccc(O)cc2)c2ccccc21,aqueous_solubility,log10(mol/L),train,O=C1OC(c2ccccc2)(c2ccccc2)c2ccccc21,-2.9000000953674316,-3.3860864042364667,-4.798378038695699,-1.9737947697772351,scaffold,2035,hybrid_gated,edge_gnn,rdkit,gated,721e3c494613d3aa378fb20e47d69b51245b538e
esol,1d8559207fba752d,O=C1c2ccccc2C(=O)c2ccccc21,aqueous_solubility,log10(mol/L),test,O=C1c2ccccc2C(=O)c2ccccc21,-5.190000057220459,-4.1363302551508285,-5.54862188961006,-2.724038620691597,scaffold,2035,hybrid_gated,edge_gnn,rdkit,gated,721e3c494613d3aa378fb20e47d69b51245b538e
esol,40f1ac185330e905,O=C1c2ccccc2Cc2ccccc2N1CCF,aqueous_solubility,log10(mol/L),calibration,O=C1Nc2ccccc2Cc2ccccc21,-4.798999786376953,-4.525302850114189,-5.93759448457342,-3.113011215654957,scaffold,2035,hybrid_gated,edge_gnn,rdkit,gated,721e3c494613d3aa378fb20e47d69b51245b538e
esol,1c5ae882fec16e7a,O=CNC(N1C=CN(C(NC=O)C(Cl)(Cl)Cl)C=C1)C(Cl)(Cl)Cl,aqueous_solubility,log10(mol/L),train,C1=CNC=CN1,-4.190000057220459,-3.1319978895101666,-4.544289523969399,-1.719706255050935,scaffold,2035,hybrid_gated,edge_gnn,rdkit,gated,721e3c494613d3aa378fb20e47d69b51245b538e
esol,24abd616835cfd2d,O=Cc1ccc(O)cc1,aqueous_solubility,log10(mol/L),train,c1ccccc1,-0.9599999785423279,0.04399193029537951,-1.368299704163852,1.456283564754611,scaffold,2035,hybrid_gated,edge_gnn,rdkit,gated,721e3c494613d3aa378fb20e47d69b51245b538e
esol,01bc1188fd568fec,O=Cc1ccc2c(c1)OCO2,aqueous_solubility,log10(mol/L),validation,c1ccc2c(c1)OCO2,-1.6299999952316284,-1.823892261226465,-3.2361838956856968,-0.4116006267672334,scaffold,2035,hybrid_gated,edge_gnn,rdkit,gated,721e3c494613d3aa378fb20e47d69b51245b538e
esol,f96a284663242b78,O=Cc1ccccc1,aqueous_solubility,log10(mol/L),train,c1ccccc1,-1.190000057220459,-3.1579496283828137,-4.570241262842045,-1.7456579939235821,scaffold,2035,hybrid_gated,edge_gnn,rdkit,gated,721e3c494613d3aa378fb20e47d69b51245b538e
esol,363e8ba4d5020110,O=Cc1ccco1,aqueous_solubility,log10(mol/L),validation,c1ccoc1,-0.10000000149011612,-0.43855205251274487,-1.8508436869719764,0.9737395819464867,scaffold,2035,hybrid_gated,edge_gnn,rdkit,gated,721e3c494613d3aa378fb20e47d69b51245b538e
esol,8a081af65ed6bef7,O=[N+]([O-])C(Cl)(Cl)Cl,aqueous_solubility,log10(mol/L),train,,-2.0,-1.5250389509094981,-2.9373305853687297,-0.11274731645026659,scaffold,2035,hybrid_gated,edge_gnn,rdkit,gated,721e3c494613d3aa378fb20e47d69b51245b538e
esol,b3623792d168d2ab,O=[N+]([O-])OCC(CO[N+](=O)[O-])O[N+](=O)[O-],aqueous_solubility,log10(mol/L),train,,-2.2200000286102295,-1.8103500389970293,-3.222641673456261,-0.3980584045377977,scaffold,2035,hybrid_gated,edge_gnn,rdkit,gated,721e3c494613d3aa378fb20e47d69b51245b538e
esol,ff424e90dc845655,O=[N+]([O-])c1c(Cl)c(Cl)c(Cl)c(Cl)c1Cl,aqueous_solubility,log10(mol/L),train,c1ccccc1,-5.820000171661377,-3.9953881124183983,-5.40767974687763,-2.5830964779591667,scaffold,2035,hybrid_gated,edge_gnn,rdkit,gated,721e3c494613d3aa378fb20e47d69b51245b538e
esol,57e68a80baabc9d1,O=[N+]([O-])c1cc([N+](=O)[O-])cc([N+](=O)[O-])c1,aqueous_solubility,log10(mol/L),train,c1ccccc1,-2.890000104904175,-2.407238607683361,-3.8195302421425925,-0.9949469732241294,scaffold,2035,hybrid_gated,edge_gnn,rdkit,gated,721e3c494613d3aa378fb20e47d69b51245b538e
esol,bc600864e500c480,O=[N+]([O-])c1ccc(C=NO)o1,aqueous_solubility,log10(mol/L),validation,c1ccoc1,-2.190000057220459,-1.6425962347732994,-3.054887869232531,-0.23030460031406785,scaffold,2035,hybrid_gated,edge_gnn,rdkit,gated,721e3c494613d3aa378fb20e47d69b51245b538e
esol,4b83ca53ecb4e64f,O=[N+]([O-])c1ccc(Cl)c(Cl)c1,aqueous_solubility,log10(mol/L),train,c1ccccc1,-3.200000047683716,-4.345513395735571,-5.7578050301948025,-2.9332217612763394,scaffold,2035,hybrid_gated,edge_gnn,rdkit,gated,721e3c494613d3aa378fb20e47d69b51245b538e
esol,a677b460c36a2d5e,O=[N+]([O-])c1ccc(Cl)cc1,aqueous_solubility,log10(mol/L),train,c1ccccc1,-2.9200000762939453,-3.59213785619067,-5.004429490649901,-2.1798462217314385,scaffold,2035,hybrid_gated,edge_gnn,rdkit,gated,721e3c494613d3aa378fb20e47d69b51245b538e
esol,dde4a1cff0933018,O=[N+]([O-])c1ccc(O)cc1,aqueous_solubility,log10(mol/L),train,c1ccccc1,-0.7400000095367432,-3.7077507373600813,-5.120042371819313,-2.2954591029008498,scaffold,2035,hybrid_gated,edge_gnn,rdkit,gated,721e3c494613d3aa378fb20e47d69b51245b538e
esol,0cfb53848f1c44c5,O=[N+]([O-])c1ccc(Oc2ccc(Cl)cc2Cl)cc1,aqueous_solubility,log10(mol/L),train,c1ccc(Oc2ccccc2)cc1,-5.460000038146973,0.14761002233356635,-1.2646816121256652,1.559901656792798,scaffold,2035,hybrid_gated,edge_gnn,rdkit,gated,721e3c494613d3aa378fb20e47d69b51245b538e
esol,82051d5601294b9c,O=[N+]([O-])c1ccc([N+](=O)[O-])cc1,aqueous_solubility,log10(mol/L),train,c1ccccc1,-3.390000104904175,-3.8893279803060516,-5.301619614765283,-2.47703634584682,scaffold,2035,hybrid_gated,edge_gnn,rdkit,gated,721e3c494613d3aa378fb20e47d69b51245b538e
esol,b8a8d3aea70aedef,O=[N+]([O-])c1cccc(Cl)c1,aqueous_solubility,log10(mol/L),train,c1ccccc1,-2.7699999809265137,-1.3242174724202145,-2.736509106879446,0.08807416203901708,scaffold,2035,hybrid_gated,edge_gnn,rdkit,gated,721e3c494613d3aa378fb20e47d69b51245b538e
esol,feef886840fa5400,O=[N+]([O-])c1cccc(Cl)c1Cl,aqueous_solubility,log10(mol/L),train,c1ccccc1,-3.4800000190734863,-2.2553490365062143,-3.667640670965446,-0.8430574020469828,scaffold,2035,hybrid_gated,edge_gnn,rdkit,gated,721e3c494613d3aa378fb20e47d69b51245b538e
esol,8b82235acd1bad51,O=[N+]([O-])c1cccc(O)c1,aqueous_solubility,log10(mol/L),train,c1ccccc1,-1.0099999904632568,-6.229615553235602,-7.641907187694834,-4.817323918776371,scaffold,2035,hybrid_gated,edge_gnn,rdkit,gated,721e3c494613d3aa378fb20e47d69b51245b538e
esol,ec688ee4a0e28848,O=[N+]([O-])c1cccc([N+](=O)[O-])c1,aqueous_solubility,log10(mol/L),train,c1ccccc1,-2.2899999618530273,-3.06686405179599,-4.479155686255222,-1.6545724173367584,scaffold,2035,hybrid_gated,edge_gnn,rdkit,gated,721e3c494613d3aa378fb20e47d69b51245b538e
esol,c6bfe39ba4dc7a2a,O=[N+]([O-])c1cccc2ccccc12,aqueous_solubility,log10(mol/L),train,c1ccc2ccccc2c1,-3.5399999618530273,-1.8730119629525932,-3.2853035974118248,-0.46072032849336164,scaffold,2035,hybrid_gated,edge_gnn,rdkit,gated,721e3c494613d3aa378fb20e47d69b51245b538e
esol,e7485af5868fe30e,O=[N+]([O-])c1ccccc1,aqueous_solubility,log10(mol/L),train,c1ccccc1,-1.7999999523162842,-0.6048918158753995,-2.017183450334631,0.807399818583832,scaffold,2035,hybrid_gated,edge_gnn,rdkit,gated,721e3c494613d3aa378fb20e47d69b51245b538e
esol,5f297c0e1cebb1e6,O=[N+]([O-])c1ccccc1Cl,aqueous_solubility,log10(mol/L),train,c1ccccc1,-2.549999952316284,-6.0071011473342955,-7.419392781793527,-4.594809512875064,scaffold,2035,hybrid_gated,edge_gnn,rdkit,gated,721e3c494613d3aa378fb20e47d69b51245b538e
esol,5598414c70a5d146,O=[N+]([O-])c1ccccc1O,aqueous_solubility,log10(mol/L),train,c1ccccc1,-1.7400000095367432,-5.175162628353132,-6.587454262812363,-3.7628709938939,scaffold,2035,hybrid_gated,edge_gnn,rdkit,gated,721e3c494613d3aa378fb20e47d69b51245b538e
esol,059b799d8722bb7e,O=[N+]([O-])c1ccccc1[N+](=O)[O-],aqueous_solubility,log10(mol/L),train,c1ccccc1,-3.0999999046325684,-1.638427935231374,-3.0507195696906058,-0.22613630077214242,scaffold,2035,hybrid_gated,edge_gnn,rdkit,gated,721e3c494613d3aa378fb20e47d69b51245b538e
esol,d74439078cde9040,O=c1[nH]c(=O)c2[nH]c(=O)[nH]c2[nH]1,aqueous_solubility,log10(mol/L),test,O=c1[nH]c(=O)c2[nH]c(=O)[nH]c2[nH]1,-3.930000066757202,-2.6438796880214053,-4.056171322480637,-1.2315880535621737,scaffold,2035,hybrid_gated,edge_gnn,rdkit,gated,721e3c494613d3aa378fb20e47d69b51245b538e
esol,2ba1a048585b1487,O=c1[nH]c2c(c(=O)n1C1CCCCC1)CCC2,aqueous_solubility,log10(mol/L),calibration,O=c1[nH]c2c(c(=O)n1C1CCCCC1)CCC2,-4.593999862670898,-3.275543200161526,-4.687834834620757,-1.8632515657022943,scaffold,2035,hybrid_gated,edge_gnn,rdkit,gated,721e3c494613d3aa378fb20e47d69b51245b538e
esol,d07e545f1899310f,O=c1[nH]c2cc(Cl)ccc2o1,aqueous_solubility,log10(mol/L),calibration,O=c1[nH]c2ccccc2o1,-2.8310000896453857,-2.884427732553441,-4.296719367012672,-1.4721360980942095,scaffold,2035,hybrid_gated,edge_gnn,rdkit,gated,721e3c494613d3aa378fb20e47d69b51245b538e
esol,4c7d2cc71ad43d92,O=c1[nH]cc(F)c(=O)[nH]1,aqueous_solubility,log10(mol/L),test,O=c1cc[nH]c(=O)[nH]1,-1.0770000219345093,-1.5269892333151425,-2.9392808677743743,-0.11469759885591091,scaffold,2035,hybrid_gated,edge_gnn,rdkit,gated,721e3c494613d3aa378fb20e47d69b51245b538e
esol,dffd0d1aff11120c,O=c1[nH]cnc2[nH]ncc12,aqueous_solubility,log10(mol/L),calibration,O=c1[nH]cnc2[nH]ncc12,-2.2660000324249268,-1.9609219609430526,-3.373213595402284,-0.548630326483821,scaffold,2035,hybrid_gated,edge_gnn,rdkit,gated,721e3c494613d3aa378fb20e47d69b51245b538e
esol,efd3b4d838ecabb0,O=c1[nH]cnc2nc[nH]c12,aqueous_solubility,log10(mol/L),calibration,O=c1[nH]cnc2nc[nH]c12,-2.2960000038146973,-2.390877449949281,-3.8031690844085126,-0.9785858154900495,scaffold,2035,hybrid_gated,edge_gnn,rdkit,gated,721e3c494613d3aa378fb20e47d69b51245b538e
esol,c401593400567088,O=c1c(O)c(-c2ccc(O)cc2O)oc2cc(O)cc(O)c12,aqueous_solubility,log10(mol/L),test,O=c1cc(-c2ccccc2)oc2ccccc12,-3.0829999446868896,-2.6372726743025945,-4.049564308761826,-1.224981039843363,scaffold,2035,hybrid_gated,edge_gnn,rdkit,gated,721e3c494613d3aa378fb20e47d69b51245b538e
esol,d67cde4d4f9d08e2,O=c1cc[nH]c(=O)[nH]1,aqueous_solubility,log10(mol/L),test,O=c1cc[nH]c(=O)[nH]1,-1.4880000352859497,-1.1304609124352805,-2.542752546894512,0.2818307220239511,scaffold,2035,hybrid_gated,edge_gnn,rdkit,gated,721e3c494613d3aa378fb20e47d69b51245b538e
esol,834dfd465548d669,O=c1ccnc(S)[nH]1,aqueous_solubility,log10(mol/L),train,O=c1ccnc[nH]1,-2.2730000019073486,-3.8917677635213472,-5.304059397980579,-2.4794761290621157,scaffold,2035,hybrid_gated,edge_gnn,rdkit,gated,721e3c494613d3aa378fb20e47d69b51245b538e
esol,7b29bd731c5c5440,O=c1oc2ccccc2c(O)c1C(CC(O)c1ccc(-c2ccc(Br)cc2)cc1)c1ccccc1,aqueous_solubility,log10(mol/L),validation,O=c1oc2ccccc2cc1C(CCc1ccc(-c2ccccc2)cc1)c1ccccc1,-4.445000171661377,-4.435569785288854,-5.847861419748085,-3.023278150829622,scaffold,2035,hybrid_gated,edge_gnn,rdkit,gated,721e3c494613d3aa378fb20e47d69b51245b538e
esol,f395281a134eed26,O=c1oc2ccccc2c(O)c1C1CCCc2ccccc21,aqueous_solubility,log10(mol/L),calibration,O=c1oc2ccccc2cc1C1CCCc2ccccc21,-2.8399999141693115,-4.527855832618879,-5.940147467078111,-3.115564198159648,scaffold,2035,hybrid_gated,edge_gnn,rdkit,gated,721e3c494613d3aa378fb20e47d69b51245b538e
esol,e761650b94280ee4,OC(Cn1cncn1)(Cn1cncn1)c1ccc(F)cc1F,aqueous_solubility,log10(mol/L),test,c1ccc(C(Cn2cncn2)Cn2cncn2)cc1,-1.7999999523162842,-2.6813526617052386,-4.09364429616447,-1.269061027246007,scaffold,2035,hybrid_gated,edge_gnn,rdkit,gated,721e3c494613d3aa378fb20e47d69b51245b538e
esol,1101da9b7991cc75,OC(Cn1cncn1)(c1ccc(F)cc1)c1ccccc1F,aqueous_solubility,log10(mol/L),test,c1ccc(C(Cn2cncn2)c2ccccc2)cc1,-3.369999885559082,-3.7504976635611937,-5.162789298020425,-2.338206029101962,scaffold,2035,hybrid_gated,edge_gnn,rdkit,gated,721e3c494613d3aa378fb20e47d69b51245b538e
esol,6711c4961ef774a1,OC(c1ccc(Cl)cc1)(c1ccc(Cl)cc1)C(Cl)(Cl)Cl,aqueous_solubility,log10(mol/L),calibration,c1ccc(Cc2ccccc2)cc1,-5.665999889373779,-5.626920680599413,-7.039212315058645,-4.214629046140182,scaffold,2035,hybrid_gated,edge_gnn,rdkit,gated,721e3c494613d3aa378fb20e47d69b51245b538e
esol,a2c2454d143b1950,OC(c1ccc(Cl)cc1)(c1cncnc1)c1ccccc1Cl,aqueous_solubility,log10(mol/L),train,c1ccc(C(c2ccccc2)c2cncnc2)cc1,-4.380000114440918,-0.6191081262132481,-2.0313997606724796,0.7931835082459835,scaffold,2035,hybrid_gated,edge_gnn,rdkit,gated,721e3c494613d3aa378fb20e47d69b51245b538e
esol,b3f3b509e457b989,OC(c1ccccc1)C(O)c1ccccc1,aqueous_solubility,log10(mol/L),validation,c1ccc(CCc2ccccc2)cc1,-1.9299999475479126,-2.2960739359461795,-3.708365570405411,-0.8837823014869479,scaffold,2035,hybrid_gated,edge_gnn,rdkit,gated,721e3c494613d3aa378fb20e47d69b51245b538e
esol,815eaa2e8194a1de,OC(c1ccccc1)c1ccccc1,aqueous_solubility,log10(mol/L),calibration,c1ccc(Cc2ccccc2)cc1,-2.549999952316284,-2.6783643726991726,-4.090656007158405,-1.266072738239941,scaffold,2035,hybrid_gated,edge_gnn,rdkit,gated,721e3c494613d3aa378fb20e47d69b51245b538e
esol,ccd31a926e2435b6,OC1C(O)C(O)C(O)C(O)C1O,aqueous_solubility,log10(mol/L),test,C1CCCCC1,0.3499999940395355,0.5747927820508636,-0.837498852408368,1.9870844165100952,scaffold,2035,hybrid_gated,edge_gnn,rdkit,gated,721e3c494613d3aa378fb20e47d69b51245b538e
esol,1dee6b11c4cd6fe7,OC1C=CC2C1C1(Cl)C(Cl)=C(Cl)C2(Cl)C1(Cl)Cl,aqueous_solubility,log10(mol/L),test,C1=CC2C3C=CC(C3)C2C1,-5.460000038146973,-5.596091988501177,-7.008383622960409,-4.183800354041946,scaffold,2035,hybrid_gated,edge_gnn,rdkit,gated,721e3c494613d3aa378fb20e47d69b51245b538e
esol,d2b075aa3c9f907a,OC1CCCCC1,aqueous_solubility,log10(mol/L),test,C1CCCCC1,-0.4399999976158142,-0.2243431247993577,-1.6366347592585893,1.1879485096598739,scaffold,2035,hybrid_gated,edge_gnn,rdkit,gated,721e3c494613d3aa378fb20e47d69b51245b538e
esol,a260f3bd66239d10,OC1CCCCCC1,aqueous_solubility,log10(mol/L),test,C1CCCCCC1,-0.8799999952316284,-0.4897102917043501,-1.9020019261635817,0.9225813427548815,scaffold,2035,hybrid_gated,edge_gnn,rdkit,gated,721e3c494613d3aa378fb20e47d69b51245b538e
esol,cd07d7b7d929883b,OC1CCCCCCC1,aqueous_solubility,log10(mol/L),test,C1CCCCCCC1,-1.2899999618530273,-0.8903862440502142,-2.3026778785094457,0.5219053904090174,scaffold,2035,hybrid_gated,edge_gnn,rdkit,gated,721e3c494613d3aa378fb20e47d69b51245b538e
esol,ee355a6432d1756f,OC1COC(O)C(O)C1O,aqueous_solubility,log10(mol/L),calibration,C1CCOCC1,0.38999998569488525,1.0201465815300628,-0.3921450529291688,2.4324382159892943,scaffold,2035,hybrid_gated,edge_gnn,rdkit,gated,721e3c494613d3aa378fb20e47d69b51245b538e
esol,ad18eddfa134971c,OCC(O)C(O)C(O)C(O)CO,aqueous_solubility,log10(mol/L),train,,0.5750000160187483,-4.4586067315461095,-5.870898366005341,-3.046315097086878,scaffold,2035,hybrid_gated,edge_gnn,rdkit,gated,721e3c494613d3aa378fb20e47d69b51245b538e
esol,5aedb2f44a5cfe15,OCC(O)C(O)CO,aqueous_solubility,log10(mol/L),train,,0.699999988079071,-5.346011120600216,-6.758302755059447,-3.9337194861409843,scaffold,2035,hybrid_gated,edge_gnn,rdkit,gated,721e3c494613d3aa378fb20e47d69b51245b538e
esol,5a22885eb34ba977,OCC(O)C1OC2OC(C(Cl)(Cl)Cl)OC2C1O,aqueous_solubility,log10(mol/L),validation,C1CC2OCOC2O1,-1.840000033378601,-1.026005644540161,-2.438297278999393,0.3862859899190705,scaffold,2035,hybrid_gated,edge_gnn,rdkit,gated,721e3c494613d3aa378fb20e47d69b51245b538e
esol,ecae793a151a86c7,OCC(O)CO,aqueous_solubility,log10(mol/L),train,,1.1200000047683716,-0.08163694990868287,-1.4939285843679144,1.3306546845505487,scaffold,2035,hybrid_gated,edge_gnn,rdkit,gated,721e3c494613d3aa378fb20e47d69b51245b538e
esol,23e4b685b19bde7d,OCC1OC(O)(CO)C(O)C1O,aqueous_solubility,log10(mol/L),train,C1CCOC1,0.6399999856948853,-1.5108138507002797,-2.9231054851595113,-0.09852221624104818,scaffold,2035,hybrid_gated,edge_gnn,rdkit,gated,721e3c494613d3aa378fb20e47d69b51245b538e
esol,8d06c6c063ad1f13,OCC1OC(O)C(O)C(O)C1O,aqueous_solubility,log10(mol/L),calibration,C1CCOCC1,0.7400000095367432,0.8305454926261362,-0.5817461418330954,2.2428371270853678,scaffold,2035,hybrid_gated,edge_gnn,rdkit,gated,721e3c494613d3aa378fb20e47d69b51245b538e
esol,20a6ee58628f6410,OCC1OC(OC2(CO)OC(CO)C(O)C2O)C(O)C(O)C1O,aqueous_solubility,log10(mol/L),train,C1CCC(OC2CCCO2)OC1,0.7900000214576721,-1.4827242725720882,-2.8950159070313197,-0.0704326381128566,scaffold,2035,hybrid_gated,edge_gnn,rdkit,gated,721e3c494613d3aa378fb20e47d69b51245b538e
esol,74372de6e813da3c,OCC1OC(OC2C(CO)OC(O)C(O)C2O)C(O)C(O)C1O,aqueous_solubility,log10(mol/L),validation,C1CCC(OC2CCCOC2)OC1,-0.24400000274181366,0.4752674441736424,-0.9370241902855891,1.887559078632874,scaffold,2035,hybrid_gated,edge_gnn,rdkit,gated,721e3c494613d3aa378fb20e47d69b51245b538e
esol,3bb6576d1676177b,OCC1OC(OCC2OC(OC3(CO)OC(CO)C(O)C3O)C(O)C(O)C2O)C(O)C(O)C1O,aqueous_solubility,log10(mol/L),test,C1CCC(OCC2CCCC(OC3CCCO3)O2)OC1,-0.4099999964237213,-1.914357854926617,-3.3266494893858485,-0.5020662204673854,scaffold,2035,hybrid_gated,edge_gnn,rdkit,gated,721e3c494613d3aa378fb20e47d69b51245b538e
esol,cafb5394ad49e2da,OCC1OC(n2cnc3c(O)ncnc32)C(O)C1O,aqueous_solubility,log10(mol/L),test,c1ncc2ncn(C3CCCO3)c2n1,-1.2300000190734863,-1.3956711682581204,-2.807962802717352,0.016620466201111128,scaffold,2035,hybrid_gated,edge_gnn,rdkit,gated,721e3c494613d3aa378fb20e47d69b51245b538e
esol,347360ba4eef9a17,OCCOc1ccccc1,aqueous_solubility,log10(mol/L),train,c1ccccc1,-0.699999988079071,-3.2573247069724327,-4.669616341431665,-1.8450330725132011,scaffold,2035,hybrid_gated,edge_gnn,rdkit,gated,721e3c494613d3aa378fb20e47d69b51245b538e
esol,8a2610c4845c31dd,OCc1ccccc1,aqueous_solubility,log10(mol/L),train,c1ccccc1,-0.4000000059604645,-2.692817222632949,-4.105108857092181,-1.2805255881737176,scaffold,2035,hybrid_gated,edge_gnn,rdkit,gated,721e3c494613d3aa378fb20e47d69b51245b538e
esol,21fced0c0e248caf,OCc1ccccc1OC1OC(CO)C(O)C(O)C1O,aqueous_solubility,log10(mol/L),train,c1ccc(OC2CCCCO2)cc1,-0.8500000238418579,-5.550995434657331,-6.9632870691165625,-4.138703800198099,scaffold,2035,hybrid_gated,edge_gnn,rdkit,gated,721e3c494613d3aa378fb20e47d69b51245b538e
esol,3beaac315c00705a,Oc1c(Cl)c(Cl)c(Cl)c(Cl)c1Cl,aqueous_solubility,log10(mol/L),train,c1ccccc1,-4.28000020980835,-1.8911651854076643,-3.303456819866896,-0.47887355094843276,scaffold,2035,hybrid_gated,edge_gnn,rdkit,gated,721e3c494613d3aa378fb20e47d69b51245b538e
esol,ace4936ebfc84643,Oc1c(Cl)c(Cl)cc(Cl)c1Cl,aqueous_solubility,log10(mol/L),train,c1ccccc1,-3.369999885559082,-4.711672829815464,-6.123964464274696,-3.299381195356233,scaffold,2035,hybrid_gated,edge_gnn,rdkit,gated,721e3c494613d3aa378fb20e47d69b51245b538e
esol,68fb3cd38ab259db,Oc1c(Cl)cc(Cl)c(Cl)c1Cl,aqueous_solubility,log10(mol/L),train,c1ccccc1,-3.0999999046325684,-2.9373861284928897,-4.349677762952121,-1.5250944940336582,scaffold,2035,hybrid_gated,edge_gnn,rdkit,gated,721e3c494613d3aa378fb20e47d69b51245b538e
esol,ff5529c308a61bd5,Oc1c(Cl)cc(Cl)cc1Cl,aqueous_solubility,log10(mol/L),train,c1ccccc1,-2.3399999141693115,-0.25238091395569606,-1.6646725484149276,1.1599107205035355,scaffold,2035,hybrid_gated,edge_gnn,rdkit,gated,721e3c494613d3aa378fb20e47d69b51245b538e
esol,47fd413d31b8b8eb,Oc1c(Cl)ccc(Cl)c1Cl,aqueous_solubility,log10(mol/L),train,c1ccccc1,-2.640000104904175,-9.255726900676962,-10.668018535136193,-7.84343526621773,scaffold,2035,hybrid_gated,edge_gnn,rdkit,gated,721e3c494613d3aa378fb20e47d69b51245b538e
esol,f2b15729f987cf3b,Oc1c(Cl)cccc1Cl,aqueous_solubility,log10(mol/L),train,c1ccccc1,-1.7899999618530273,-2.199913515245905,-3.6122051497051366,-0.7876218807866735,scaffold,2035,hybrid_gated,edge_gnn,rdkit,gated,721e3c494613d3aa378fb20e47d69b51245b538e
esol,42fadcd62d5dfa18,Oc1c2ccccc2cc2ccccc12,aqueous_solubility,log10(mol/L),calibration,c1ccc2cc3ccccc3cc2c1,-4.730000019073486,-4.606233096326948,-6.018524730786179,-3.193941461867716,scaffold,2035,hybrid_gated,edge_gnn,rdkit,gated,721e3c494613d3aa378fb20e47d69b51245b538e
esol,f69f5a78d0052c90,Oc1cc(Cl)c(Cl)c(Cl)c1Cl,aqueous_solubility,log10(mol/L),train,c1ccccc1,-3.1500000953674316,-0.5114858914200662,-1.9237775258792977,0.9008057430391654,scaffold,2035,hybrid_gated,edge_gnn,rdkit,gated,721e3c494613d3aa378fb20e47d69b51245b538e
esol,5201b0d96bea2487,Oc1cc(Cl)c(Cl)cc1Cl,aqueous_solubility,log10(mol/L),train,c1ccccc1,-2.2100000381469727,-7.775385227681254,-9.187676862140485,-6.363093593222023,scaffold,2035,hybrid_gated,edge_gnn,rdkit,gated,721e3c494613d3aa378fb20e47d69b51245b538e
esol,83266a15b21d9a5e,Oc1cc(Cl)cc(Cl)c1,aqueous_solubility,log10(mol/L),train,c1ccccc1,-1.340000033378601,-2.2099605757854643,-3.622252210244696,-0.7976689413262328,scaffold,2035,hybrid_gated,edge_gnn,rdkit,gated,721e3c494613d3aa378fb20e47d69b51245b538e
esol,aefc79dc4755abd1,Oc1cc(Cl)cc(Cl)c1Cl,aqueous_solubility,log10(mol/L),train,c1ccccc1,-2.6700000762939453,-1.93119568500943,-3.343487319468662,-0.5189040505501985,scaffold,2035,hybrid_gated,edge_gnn,rdkit,gated,721e3c494613d3aa378fb20e47d69b51245b538e
esol,1d86e9c441b31155,Oc1cc(Cl)ccc1Oc1ccc(Cl)cc1Cl,aqueous_solubility,log10(mol/L),train,c1ccc(Oc2ccccc2)cc1,-4.460000038146973,-1.6004717264907915,-3.0127633609500233,-0.18818009203155994,scaffold,2035,hybrid_gated,edge_gnn,rdkit,gated,721e3c494613d3aa378fb20e47d69b51245b538e
esol,1d621a1129d76fde,Oc1ccc(-c2ccccc2)cc1,aqueous_solubility,log10(mol/L),train,c1ccc(-c2ccccc2)cc1,-3.4800000190734863,-2.2298827598536706,-3.642174394312902,-0.817591125394439,scaffold,2035,hybrid_gated,edge_gnn,rdkit,gated,721e3c494613d3aa378fb20e47d69b51245b538e
esol,6ccb98da78f7e118,Oc1ccc(Br)cc1,aqueous_solubility,log10(mol/L),train,c1ccccc1,-1.090000033378601,-0.7268797888197134,-2.139171423278945,0.6854118456395182,scaffold,2035,hybrid_gated,edge_gnn,rdkit,gated,721e3c494613d3aa378fb20e47d69b51245b538e
esol,1645a8e7ef24eacf,Oc1ccc(Cl)c(Cl)c1,aqueous_solubility,log10(mol/L),train,c1ccccc1,-1.25,-5.770801372356342,-7.183093006815573,-4.35850973789711,scaffold,2035,hybrid_gated,edge_gnn,rdkit,gated,721e3c494613d3aa378fb20e47d69b51245b538e
esol,12d83c9e4cfe8609,Oc1ccc(Cl)c(Cl)c1Cl,aqueous_solubility,log10(mol/L),train,c1ccccc1,-2.6700000762939453,0.7070601532158043,-0.7052314812434273,2.119351787675036,scaffold,2035,hybrid_gated,edge_gnn,rdkit,gated,721e3c494613d3aa378fb20e47d69b51245b538e
esol,d0f354a94dd9e30c,Oc1ccc(Cl)cc1,aqueous_solubility,log10(mol/L),train,c1ccccc1,-0.699999988079071,-0.08039781560965853,-1.49268945006889,1.331893818849573,scaffold,2035,hybrid_gated,edge_gnn,rdkit,gated,721e3c494613d3aa378fb20e47d69b51245b538e
esol,574d72e0485c2a4c,Oc1ccc(Cl)cc1Cc1cc(Cl)ccc1O,aqueous_solubility,log10(mol/L),calibration,c1ccc(Cc2ccccc2)cc1,-3.953000068664551,-3.9033549520633173,-5.315646586522549,-2.4910633176040857,scaffold,2035,hybrid_gated,edge_gnn,rdkit,gated,721e3c494613d3aa378fb20e47d69b51245b538e
esol,3146d92924b6ceda,Oc1ccc(Cl)cc1Cl,aqueous_solubility,log10(mol/L),train,c1ccccc1,-1.5499999523162842,-0.7514030548127528,-2.1636946892719844,0.6608885796464787,scaffold,2035,hybrid_gated,edge_gnn,rdkit,gated,721e3c494613d3aa378fb20e47d69b51245b538e
esol,9b903cfe28e8dec2,Oc1ccc(O)cc1,aqueous_solubility,log10(mol/L),train,c1ccccc1,-0.17000000178813934,-2.9340544405931808,-4.346346075052413,-1.5217628061339492,scaffold,2035,hybrid_gated,edge_gnn,rdkit,gated,721e3c494613d3aa378fb20e47d69b51245b538e
esol,49fae57f275a6265,Oc1ccc2c(c1)CCCC2,aqueous_solubility,log10(mol/L),validation,c1ccc2c(c1)CCCC2,-1.9900000095367432,-2.3574222492601686,-3.7697138837194,-0.9451306148009371,scaffold,2035,hybrid_gated,edge_gnn,rdkit,gated,721e3c494613d3aa378fb20e47d69b51245b538e
esol,7daf411051bf1f30,Oc1ccc2ccccc2c1,aqueous_solubility,log10(mol/L),train,c1ccc2ccccc2c1,-2.2799999713897705,-3.8812177798009913,-5.293509414260223,-2.4689261453417597,scaffold,2035,hybrid_gated,edge_gnn,rdkit,gated,721e3c494613d3aa378fb20e47d69b51245b538e
esol,068adc1c3a01e09a,Oc1ccc2ncccc2c1,aqueous_solubility,log10(mol/L),validation,c1ccc2ncccc2c1,-2.1600000858306885,-2.472399765268011,-3.8846913997272425,-1.0601081308087794,scaffold,2035,hybrid_gated,edge_gnn,rdkit,gated,721e3c494613d3aa378fb20e47d69b51245b538e
esol,e25e7ed45d0af63a,Oc1cccc(Cl)c1,aqueous_solubility,log10(mol/L),train,c1ccccc1,-0.699999988079071,-3.7777927085867997,-5.190084343046031,-2.365501074127568,scaffold,2035,hybrid_gated,edge_gnn,rdkit,gated,721e3c494613d3aa378fb20e47d69b51245b538e
esol,37986dfa66563881,Oc1cccc(Cl)c1Cl,aqueous_solubility,log10(mol/L),train,c1ccccc1,-1.2999999523162842,0.5963182267786826,-0.8159734076805489,2.008609861237914,scaffold,2035,hybrid_gated,edge_gnn,rdkit,gated,721e3c494613d3aa378fb20e47d69b51245b538e
esol,084f0a95be5b9a25,Oc1cccc(O)c1,aqueous_solubility,log10(mol/L),train,c1ccccc1,0.8100000023841858,-2.6711417413338636,-4.083433375793096,-1.258850106874632,scaffold,2035,hybrid_gated,edge_gnn,rdkit,gated,721e3c494613d3aa378fb20e47d69b51245b538e
esol,34e720a34db81320,Oc1cccc2ccccc12,aqueous_solubility,log10(mol/L),train,c1ccc2ccccc2c1,-2.2200000286102295,-4.041076438413103,-5.453368072872334,-2.628784803953871,scaffold,2035,hybrid_gated,edge_gnn,rdkit,gated,721e3c494613d3aa378fb20e47d69b51245b538e
esol,3ded71ac51eeff27,Oc1cccc2cccnc12,aqueous_solubility,log10(mol/L),validation,c1ccc2ncccc2c1,-2.4200000762939453,-2.320406259801021,-3.7326978942602524,-0.9081146253417893,scaffold,2035,hybrid_gated,edge_gnn,rdkit,gated,721e3c494613d3aa378fb20e47d69b51245b538e
esol,409af28e16979e80,Oc1cccc2ncccc12,aqueous_solubility,log10(mol/L),validation,c1ccc2ncccc2c1,-2.5399999618530273,-2.303929230181521,-3.7162208646407526,-0.8916375957222895,scaffold,2035,hybrid_gated,edge_gnn,rdkit,gated,721e3c494613d3aa378fb20e47d69b51245b538e
esol,2e890eb023abb6b6,Oc1ccccc1,aqueous_solubility,log10(mol/L),train,c1ccccc1,0.0,-3.5030627251155546,-4.915354359574787,-2.090771090656323,scaffold,2035,hybrid_gated,edge_gnn,rdkit,gated,721e3c494613d3aa378fb20e47d69b51245b538e
esol,9c5ba45c0976f989,Oc1ccccc1Cl,aqueous_solubility,log10(mol/L),train,c1ccccc1,-1.059999942779541,-6.624864235138912,-8.037155869598145,-5.212572600679681,scaffold,2035,hybrid_gated,edge_gnn,rdkit,gated,721e3c494613d3aa378fb20e47d69b51245b538e
esol,f8f88ccdc1aea39d,Oc1ccccc1O,aqueous_solubility,log10(mol/L),train,c1ccccc1,0.6200000047683716,-1.1347879047900409,-2.5470795392492724,0.2775037296691907,scaffold,2035,hybrid_gated,edge_gnn,rdkit,gated,721e3c494613d3aa378fb20e47d69b51245b538e
esol,d40cc33ca3b960af,Oc1ccccn1,aqueous_solubility,log10(mol/L),validation,c1ccncc1,1.0199999809265137,-0.6590697322286032,-2.0713613666878348,0.7532219022306283,scaffold,2035,hybrid_gated,edge_gnn,rdkit,gated,721e3c494613d3aa378fb20e47d69b51245b538e
esol,132a9e790a3605bd,Oc1ccncc1,aqueous_solubility,log10(mol/L),validation,c1ccncc1,1.0199999809265137,-0.7965355996163968,-2.2088272340756285,0.6157560348428348,scaffold,2035,hybrid_gated,edge_gnn,rdkit,gated,721e3c494613d3aa378fb20e47d69b51245b538e
esol,a09b72bf3065ba5b,Oc1ncc2nccnc2n1,aqueous_solubility,log10(mol/L),train,c1cnc2ncncc2n1,-1.9470000267028809,-1.8792437441895578,-3.2915353786487893,-0.4669521097303262,scaffold,2035,hybrid_gated,edge_gnn,rdkit,gated,721e3c494613d3aa378fb20e47d69b51245b538e
esol,eb1ba46c82d06028,Sc1ccccc1,aqueous_solubility,log10(mol/L),train,c1ccccc1,-2.119999885559082,-0.9952220896192285,-2.40751372407846,0.417069544840003,scaffold,2035,hybrid_gated,edge_gnn,rdkit,gated,721e3c494613d3aa378fb20e47d69b51245b538e
esol,53eadfaa30a28b1e,Sc1nc2ccccc2s1,aqueous_solubility,log10(mol/L),calibration,c1ccc2scnc2c1,-3.180000066757202,-3.151666889648314,-4.563958524107546,-1.7393752551890826,scaffold,2035,hybrid_gated,edge_gnn,rdkit,gated,721e3c494613d3aa378fb20e47d69b51245b538e
esol,797be817db1564f7,c1cc2c3c(c4ccc5ccccc5c4cc3c1)CC2,aqueous_solubility,log10(mol/L),test,c1cc2c3c(c4ccc5ccccc5c4cc3c1)CC2,-7.849999904632568,-7.236993728087881,-8.649285362547111,-5.824702093628649,scaffold,2035,hybrid_gated,edge_gnn,rdkit,gated,721e3c494613d3aa378fb20e47d69b51245b538e
esol,acff556887e1b591,c1cc2c3c(cccc3c1)CC2,aqueous_solubility,log10(mol/L),test,c1cc2c3c(cccc3c1)CC2,-4.630000114440918,-4.373463048614122,-5.785754683073353,-2.96117141415489,scaffold,2035,hybrid_gated,edge_gnn,rdkit,gated,721e3c494613d3aa378fb20e47d69b51245b538e
esol,075c09059a47afaf,c1cc2ccc3ccc4ccc5ccc6ccc1c1c2c3c4c5c61,aqueous_solubility,log10(mol/L),validation,c1cc2ccc3ccc4ccc5ccc6ccc1c1c2c3c4c5c61,-9.331999778747559,-7.545448369318536,-8.957740003777769,-6.133156734859305,scaffold,2035,hybrid_gated,edge_gnn,rdkit,gated,721e3c494613d3aa378fb20e47d69b51245b538e
esol,ee187c15393c12d9,c1cc2ccc3ccc4ccc5cccc6c(c1)c2c3c4c56,aqueous_solubility,log10(mol/L),validation,c1cc2ccc3ccc4ccc5cccc6c(c1)c2c3c4c56,-9.017999649047852,-7.2661965315468295,-8.678488166006062,-5.853904897087598,scaffold,2035,hybrid_gated,edge_gnn,rdkit,gated,721e3c494613d3aa378fb20e47d69b51245b538e
esol,23bf38caf7a251b5,c1cc2ccc3cccc4ccc(c1)c2c34,aqueous_solubility,log10(mol/L),train,c1cc2ccc3cccc4ccc(c1)c2c34,-6.176000118255615,-0.8845110465139463,-2.296802680973178,0.5277805879452853,scaffold,2035,hybrid_gated,edge_gnn,rdkit,gated,721e3c494613d3aa378fb20e47d69b51245b538e
esol,2ae996bfabe8a242,c1cc2cccc3c4cccc5cccc(c(c1)c23)c54,aqueous_solubility,log10(mol/L),test,c1cc2cccc3c4cccc5cccc(c(c1)c23)c54,-8.803999900817871,-7.038419605900126,-8.450711240359357,-5.626127971440894,scaffold,2035,hybrid_gated,edge_gnn,rdkit,gated,721e3c494613d3aa378fb20e47d69b51245b538e
esol,28cdc5dc458e073d,c1ccc(-c2ccc(-c3ccccc3)cc2)cc1,aqueous_solubility,log10(mol/L),calibration,c1ccc(-c2ccc(-c3ccccc3)cc2)cc1,-7.110000133514404,-6.617242466405093,-8.029534100864325,-5.204950831945862,scaffold,2035,hybrid_gated,edge_gnn,rdkit,gated,721e3c494613d3aa378fb20e47d69b51245b538e
esol,03857fb18d8cb81d,c1ccc(-c2ccccc2)cc1,aqueous_solubility,log10(mol/L),train,c1ccc(-c2ccccc2)cc1,-4.34499979019165,-1.2041483046394779,-2.6164399390987096,0.2081433298197537,scaffold,2035,hybrid_gated,edge_gnn,rdkit,gated,721e3c494613d3aa378fb20e47d69b51245b538e
esol,10d1aaeb741ae67d,c1ccc(C2CO2)cc1,aqueous_solubility,log10(mol/L),train,c1ccc(C2CO2)cc1,-1.600000023841858,-3.111784451866308,-4.52407608632554,-1.6994928174070765,scaffold,2035,hybrid_gated,edge_gnn,rdkit,gated,721e3c494613d3aa378fb20e47d69b51245b538e
esol,545e9105a6579e7d,c1ccc(CCc2ccccc2)cc1,aqueous_solubility,log10(mol/L),validation,c1ccc(CCc2ccccc2)cc1,-4.619999885559082,-4.229268297128798,-5.64155993158803,-2.8169766626695667,scaffold,2035,hybrid_gated,edge_gnn,rdkit,gated,721e3c494613d3aa378fb20e47d69b51245b538e
esol,9bbe47f36a3bdefa,c1ccc(Cc2ccccc2)cc1,aqueous_solubility,log10(mol/L),calibration,c1ccc(Cc2ccccc2)cc1,-4.079999923706055,-3.890958501445115,-5.303250135904347,-2.4786668669858836,scaffold,2035,hybrid_gated,edge_gnn,rdkit,gated,721e3c494613d3aa378fb20e47d69b51245b538e
esol,f09f4fd0db478819,c1ccc(N=Nc2ccccc2)cc1,aqueous_solubility,log10(mol/L),train,c1ccc(N=Nc2ccccc2)cc1,-4.449999809265137,-2.3485862310658647,-3.7608778655250963,-0.9362945966066332,scaffold,2035,hybrid_gated,edge_gnn,rdkit,gated,721e3c494613d3aa378fb20e47d69b51245b538e
esol,d0cc06f38fc23dc0,c1ccc(NNc2ccccc2)cc1,aqueous_solubility,log10(mol/L),test,c1ccc(NNc2ccccc2)cc1,-2.9200000762939453,-2.5031122885257133,-3.915403922984945,-1.0908206540664818,scaffold,2035,hybrid_gated,edge_gnn,rdkit,gated,721e3c494613d3aa378fb20e47d69b51245b538e
esol,e208b87a10a8a69f,c1ccc(Nc2ccccc2)cc1,aqueous_solubility,log10(mol/L),calibration,c1ccc(Nc2ccccc2)cc1,-3.503999948501587,-2.997739107656315,-4.410030742115547,-1.5854474731970836,scaffold,2035,hybrid_gated,edge_gnn,rdkit,gated,721e3c494613d3aa378fb20e47d69b51245b538e
esol,be134013772d5968,c1ccc(Oc2ccccc2)cc1,aqueous_solubility,log10(mol/L),train,c1ccc(Oc2ccccc2)cc1,-3.9600000381469727,-1.0049997524795138,-2.4172913869387456,0.4072918819797178,scaffold,2035,hybrid_gated,edge_gnn,rdkit,gated,721e3c494613d3aa378fb20e47d69b51245b538e
esol,043c2e23f851d45f,c1ccc2[nH]ccc2c1,aqueous_solubility,log10(mol/L),validation,c1ccc2[nH]ccc2c1,-1.5199999809265137,-2.740101474495954,-4.152393108955186,-1.3278098400367226,scaffold,2035,hybrid_gated,edge_gnn,rdkit,gated,721e3c494613d3aa378fb20e47d69b51245b538e
esol,f272883f418f13bd,c1ccc2[nH]ncc2c1,aqueous_solubility,log10(mol/L),test,c1ccc2[nH]ncc2c1,-2.1600000858306885,-2.332309230411046,-3.7446008648702778,-0.9200175959518146,scaffold,2035,hybrid_gated,edge_gnn,rdkit,gated,721e3c494613d3aa378fb20e47d69b51245b538e
esol,cef035936674febe,c1ccc2[nH]nnc2c1,aqueous_solubility,log10(mol/L),calibration,c1ccc2[nH]nnc2c1,-0.7799999713897705,-1.6837435231671882,-3.09603515762642,-0.27145188870795667,scaffold,2035,hybrid_gated,edge_gnn,rdkit,gated,721e3c494613d3aa378fb20e47d69b51245b538e
esol,858996c131e6717c,c1ccc2c(c1)-c1cccc3c1c-2cc1ccccc13,aqueous_solubility,log10(mol/L),test,c1ccc2c(c1)-c1cccc3c1c-2cc1ccccc13,-8.229999542236328,-7.881471848189755,-9.293763482648988,-6.469180213730524,scaffold,2035,hybrid_gated,edge_gnn,rdkit,gated,721e3c494613d3aa378fb20e47d69b51245b538e
esol,ba95d41fcaa26d7b,c1ccc2c(c1)-c1cccc3cccc-2c13,aqueous_solubility,log10(mol/L),validation,c1ccc2c(c1)-c1cccc3cccc-2c13,-6.0,-7.396375001658986,-8.808666636118218,-5.984083367199754,scaffold,2035,hybrid_gated,edge_gnn,rdkit,gated,721e3c494613d3aa378fb20e47d69b51245b538e
esol,f9f080dc7bc9c455,c1ccc2c(c1)CCC2,aqueous_solubility,log10(mol/L),test,c1ccc2c(c1)CCC2,-3.0399999618530273,-3.039778508603197,-4.4520701430624285,-1.6274868741439654,scaffold,2035,hybrid_gated,edge_gnn,rdkit,gated,721e3c494613d3aa378fb20e47d69b51245b538e
esol,3426417016495efe,c1ccc2c(c1)CCCC2,aqueous_solubility,log10(mol/L),validation,c1ccc2c(c1)CCCC2,-4.369999885559082,-3.6796188134326564,-5.0919104478918875,-2.267327178973425,scaffold,2035,hybrid_gated,edge_gnn,rdkit,gated,721e3c494613d3aa378fb20e47d69b51245b538e
esol,ca7ddb86099a1f31,c1ccc2c(c1)CCN2,aqueous_solubility,log10(mol/L),calibration,c1ccc2c(c1)CCN2,-1.0399999618530273,-1.670799249754977,-3.083090884214209,-0.2585076152957455,scaffold,2035,hybrid_gated,edge_gnn,rdkit,gated,721e3c494613d3aa378fb20e47d69b51245b538e
esol,9eec1c422eb0736e,c1ccc2c(c1)Cc1c-2ccc2ccccc12,aqueous_solubility,log10(mol/L),test,c1ccc2c(c1)Cc1c-2ccc2ccccc12,-6.679999828338623,-6.9526385385117955,-8.364930172971027,-5.540346904052564,scaffold,2035,hybrid_gated,edge_gnn,rdkit,gated,721e3c494613d3aa378fb20e47d69b51245b538e
esol,e917e96074d0112a,c1ccc2c(c1)Cc1cc3ccccc3cc1-2,aqueous_solubility,log10(mol/L),validation,c1ccc2c(c1)Cc1cc3ccccc3cc1-2,-8.039999961853027,-7.292434535149217,-8.704726169608449,-5.880142900689985,scaffold,2035,hybrid_gated,edge_gnn,rdkit,gated,721e3c494613d3aa378fb20e47d69b51245b538e
esol,2bcb3025945f885d,c1ccc2c(c1)Cc1ccccc1-2,aqueous_solubility,log10(mol/L),validation,c1ccc2c(c1)Cc1ccccc1-2,-5.0,-5.716530330879438,-7.12882196533867,-4.304238696420207,scaffold,2035,hybrid_gated,edge_gnn,rdkit,gated,721e3c494613d3aa378fb20e47d69b51245b538e
esol,32aefa1fca7e764e,c1ccc2c(c1)[nH]c1ccccc12,aqueous_solubility,log10(mol/L),test,c1ccc2c(c1)[nH]c1ccccc12,-5.269999980926514,-4.621960314284006,-6.034251948743238,-3.209668679824775,scaffold,2035,hybrid_gated,edge_gnn,rdkit,gated,721e3c494613d3aa378fb20e47d69b51245b538e
esol,7f4d532e99809c67,c1ccc2c(c1)c1cccc3ccc4cccc2c4c31,aqueous_solubility,log10(mol/L),test,c1ccc2c(c1)c1cccc3ccc4cccc2c4c31,-7.800000190734863,-7.0286205622716444,-8.440912196730876,-5.616328927812413,scaffold,2035,hybrid_gated,edge_gnn,rdkit,gated,721e3c494613d3aa378fb20e47d69b51245b538e
esol,8b5d8475b535b0bc,c1ccc2c(c1)c1ccccc1c1ccccc21,aqueous_solubility,log10(mol/L),train,c1ccc2c(c1)c1ccccc1c1ccccc21,-6.72599983215332,-2.441544941119757,-3.8538365755789887,-1.0292533066605256,scaffold,2035,hybrid_gated,edge_gnn,rdkit,gated,721e3c494613d3aa378fb20e47d69b51245b538e
esol,0a42b5468f3cec71,c1ccc2c(c1)cc1ccc3cccc4ccc2c1c34,aqueous_solubility,log10(mol/L),validation,c1ccc2c(c1)cc1ccc3cccc4ccc2c1c34,-8.699000358581543,-6.923750269909425,-8.336041904368656,-5.511458635450193,scaffold,2035,hybrid_gated,edge_gnn,rdkit,gated,721e3c494613d3aa378fb20e47d69b51245b538e
esol,abc2212d577a0a52,c1ccc2c(c1)ccc1c2ccc2c3ccccc3ccc21,aqueous_solubility,log10(mol/L),validation,c1ccc2c(c1)ccc1c2ccc2c3ccccc3ccc21,-7.869999885559082,-7.283085913037405,-8.695377547496637,-5.870794278578173,scaffold,2035,hybrid_gated,edge_gnn,rdkit,gated,721e3c494613d3aa378fb20e47d69b51245b538e
esol,0b54a7f3ed5c794f,c1ccc2c(c1)ccc1c3ccccc3ccc21,aqueous_solubility,log10(mol/L),test,c1ccc2c(c1)ccc1c3ccccc3ccc21,-8.057000160217285,-6.6519788502373505,-8.064270484696582,-5.239687215778119,scaffold,2035,hybrid_gated,edge_gnn,rdkit,gated,721e3c494613d3aa378fb20e47d69b51245b538e
esol,7fa04ee43db30bc0,c1ccc2c(c1)ccc1ccccc12,aqueous_solubility,log10(mol/L),train,c1ccc2c(c1)ccc1ccccc12,-5.260000228881836,-0.904037864543588,-2.3163294990028196,0.5082537699156435,scaffold,2035,hybrid_gated,edge_gnn,rdkit,gated,721e3c494613d3aa378fb20e47d69b51245b538e
esol,51da36469766fc21,c1ccc2c(c1)cnc1ccccc12,aqueous_solubility,log10(mol/L),validation,c1ccc2c(c1)cnc1ccccc12,-2.7799999713897705,-3.92175369700651,-5.334045331465742,-2.5094620625472785,scaffold,2035,hybrid_gated,edge_gnn,rdkit,gated,721e3c494613d3aa378fb20e47d69b51245b538e
esol,afc851d31ce87445,c1ccc2c(c1)oc1ccccc12,aqueous_solubility,log10(mol/L),calibration,c1ccc2c(c1)oc1ccccc12,-4.599999904632568,-5.209589941302905,-6.621881575762137,-3.7972983068436736,scaffold,2035,hybrid_gated,edge_gnn,rdkit,gated,721e3c494613d3aa378fb20e47d69b51245b538e
esol,a270f9ffb22d606f,c1ccc2c(c1)sc1ccccc12,aqueous_solubility,log10(mol/L),validation,c1ccc2c(c1)sc1ccccc12,-4.380000114440918,-5.388478077520002,-6.800769711979234,-3.9761864430607705,scaffold,2035,hybrid_gated,edge_gnn,rdkit,gated,721e3c494613d3aa378fb20e47d69b51245b538e
esol,aaf3871c0ae0900f,c1ccc2c3c(ccc2c1)-c1cccc2cccc-3c12,aqueous_solubility,log10(mol/L),test,c1ccc2c3c(ccc2c1)-c1cccc2cccc-3c12,-8.0,-7.7445470330193755,-9.156838667478606,-6.332255398560144,scaffold,2035,hybrid_gated,edge_gnn,rdkit,gated,721e3c494613d3aa378fb20e47d69b51245b538e
esol,23d82fe5f429d7a9,c1ccc2cc3c(cc2c1)-c1cccc2cccc-3c12,aqueous_solubility,log10(mol/L),train,c1ccc2cc3c(cc2c1)-c1cccc2cccc-3c12,-8.489999771118164,-1.2001895366258768,-2.6124811710851086,0.21210209783335476,scaffold,2035,hybrid_gated,edge_gnn,rdkit,gated,721e3c494613d3aa378fb20e47d69b51245b538e
esol,7d36e8549432d64d,c1ccc2cc3cc4ccccc4cc3cc2c1,aqueous_solubility,log10(mol/L),calibration,c1ccc2cc3cc4ccccc4cc3cc2c1,-8.600000381469727,-7.110833892140276,-8.523125526599507,-5.698542257681044,scaffold,2035,hybrid_gated,edge_gnn,rdkit,gated,721e3c494613d3aa378fb20e47d69b51245b538e
esol,c4ee64098e4aa12f,c1ccc2cc3ccccc3cc2c1,aqueous_solubility,log10(mol/L),calibration,c1ccc2cc3ccccc3cc2c1,-6.349999904632568,-5.662694506817376,-7.074986141276607,-4.250402872358144,scaffold,2035,hybrid_gated,edge_gnn,rdkit,gated,721e3c494613d3aa378fb20e47d69b51245b538e
esol,da702d9864f1c117,c1ccc2ccccc2c1,aqueous_solubility,log10(mol/L),train,c1ccc2ccccc2c1,-3.5999999046325684,-2.3390223164965205,-3.751313950955752,-0.9267306820372889,scaffold,2035,hybrid_gated,edge_gnn,rdkit,gated,721e3c494613d3aa378fb20e47d69b51245b538e
esol,9ca1add01351675c,c1ccc2cnccc2c1,aqueous_solubility,log10(mol/L),test,c1ccc2cnccc2c1,-1.4500000476837158,-2.7588364914100576,-4.17112812586929,-1.346544856950826,scaffold,2035,hybrid_gated,edge_gnn,rdkit,gated,721e3c494613d3aa378fb20e47d69b51245b538e
esol,efcaebe6e1d57dd8,c1ccc2nc(-c3ccc4ccccc4n3)ccc2c1,aqueous_solubility,log10(mol/L),validation,c1ccc2nc(-c3ccc4ccccc4n3)ccc2c1,-5.400000095367432,-4.58973807122755,-6.002029705686781,-3.177446436768318,scaffold,2035,hybrid_gated,edge_gnn,rdkit,gated,721e3c494613d3aa378fb20e47d69b51245b538e
esol,85d224abca7da7f7,c1ccc2nc3ccccc3cc2c1,aqueous_solubility,log10(mol/L),validation,c1ccc2nc3ccccc3cc2c1,-3.6700000762939453,-4.142183478008672,-5.5544751124679035,-2.7298918435494404,scaffold,2035,hybrid_gated,edge_gnn,rdkit,gated,721e3c494613d3aa378fb20e47d69b51245b538e
esol,6605621e5bb09b5b,c1ccc2ncccc2c1,aqueous_solubility,log10(mol/L),validation,c1ccc2ncccc2c1,-1.2999999523162842,-2.653815568566343,-4.066107203025575,-1.2415239341071116,scaffold,2035,hybrid_gated,edge_gnn,rdkit,gated,721e3c494613d3aa378fb20e47d69b51245b538e
esol,974e231cb1343190,c1ccc2ocnc2c1,aqueous_solubility,log10(mol/L),calibration,c1ccc2ocnc2c1,-1.159999966621399,-1.590776023241926,-3.0030676577011572,-0.17848438878269435,scaffold,2035,hybrid_gated,edge_gnn,rdkit,gated,721e3c494613d3aa378fb20e47d69b51245b538e
esol,5ef8ef9683725da1,c1ccc2scnc2c1,aqueous_solubility,log10(mol/L),calibration,c1ccc2scnc2c1,-1.5,-1.9569026140862287,-3.36919424854546,-0.5446109796269971,scaffold,2035,hybrid_gated,edge_gnn,rdkit,gated,721e3c494613d3aa378fb20e47d69b51245b538e
esol,e3e14b72b0c1eee5,c1ccccc1,aqueous_solubility,log10(mol/L),train,c1ccccc1,-1.6399999856948853,-3.5801052943689653,-4.992396928828197,-2.1678136599097337,scaffold,2035,hybrid_gated,edge_gnn,rdkit,gated,721e3c494613d3aa378fb20e47d69b51245b538e
esol,495345b0563a50a0,c1ccncc1,aqueous_solubility,log10(mol/L),validation,c1ccncc1,0.7599999904632568,-0.8115292196602286,-2.2238208541194604,0.6007624147990029,scaffold,2035,hybrid_gated,edge_gnn,rdkit,gated,721e3c494613d3aa378fb20e47d69b51245b538e
esol,593bada07a65209c,c1ccnnc1,aqueous_solubility,log10(mol/L),validation,c1ccnnc1,1.100000023841858,0.41823994654804597,-0.9940516879111856,1.8305315810072775,scaffold,2035,hybrid_gated,edge_gnn,rdkit,gated,721e3c494613d3aa378fb20e47d69b51245b538e
esol,d626cfeba6db6df0,c1ccoc1,aqueous_solubility,log10(mol/L),validation,c1ccoc1,-0.8199999928474426,0.11493807045271343,-1.2973535640065181,1.527229704911945,scaffold,2035,hybrid_gated,edge_gnn,rdkit,gated,721e3c494613d3aa378fb20e47d69b51245b538e
esol,f1e6672b0806900d,c1ccsc1,aqueous_solubility,log10(mol/L),calibration,c1ccsc1,-1.3300000429153442,-1.0250998126609088,-2.4373914471201403,0.3871918217983228,scaffold,2035,hybrid_gated,edge_gnn,rdkit,gated,721e3c494613d3aa378fb20e47d69b51245b538e
esol,d72a83266a26ee75,c1cnc2c(c1)ccc1ncccc12,aqueous_solubility,log10(mol/L),validation,c1cnc2c(c1)ccc1ncccc12,-2.680000066757202,-3.171589845799816,-4.5838814802590475,-1.7592982113405844,scaffold,2035,hybrid_gated,edge_gnn,rdkit,gated,721e3c494613d3aa378fb20e47d69b51245b538e
esol,363c54343f9cb2c9,c1cnc2ncncc2n1,aqueous_solubility,log10(mol/L),train,c1cnc2ncncc2n1,0.019999999552965164,-0.709488909532888,-2.1217805439921196,0.7028027249263435,scaffold,2035,hybrid_gated,edge_gnn,rdkit,gated,721e3c494613d3aa378fb20e47d69b51245b538e
esol,7f841726f00af1d6,c1cncnc1,aqueous_solubility,log10(mol/L),calibration,c1cncnc1,1.100000023841858,0.732999063627533,-0.6792925708316986,2.1452906980867645,scaffold,2035,hybrid_gated,edge_gnn,rdkit,gated,721e3c494613d3aa378fb20e47d69b51245b538e
