dataset,molecule_id,smiles,property,units,partition,scaffold,y_true,y_pred,prediction_lower,prediction_upper,split_strategy,seed,model,family,features,fusion,git_commit
freesolv,df22605fe31c3941,BrC(Br)Br,hydration_free_energy,kcal/mol,calibration,,-2.130000114440918,-1.738600218415646,-4.421453718546947,0.944253281715655,random,2030,hybrid_gated,edge_gnn,rdkit,gated,721e3c494613d3aa378fb20e47d69b51245b538e
freesolv,547de2d39a6410f7,BrCBr,hydration_free_energy,kcal/mol,train,,-1.9600000381469727,1.4440956915945429,-1.238757808536758,4.126949191725844,random,2030,hybrid_gated,edge_gnn,rdkit,gated,721e3c494613d3aa378fb20e47d69b51245b538e
freesolv,a726c11be0067cf9,BrCCBr,hydration_free_energy,kcal/mol,train,,-2.3299999237060547,-3.3791599992191093,-6.06201349935041,-0.6963064990878083,random,2030,hybrid_gated,edge_gnn,rdkit,gated,721e3c494613d3aa378fb20e47d69b51245b538e
freesolv,0c0c46a21a6193f8,BrCc1ccccc1,hydration_free_energy,kcal/mol,train,,-2.380000114440918,-7.714930752648542,-10.397784252779843,-5.03207725251724,random,2030,hybrid_gated,edge_gnn,rdkit,gated,721e3c494613d3aa378fb20e47d69b51245b538e
freesolv,c53eae19c75b9d3a,Brc1ccc(Br)cc1,hydration_free_energy,kcal/mol,train,,-2.299999952316284,-6.17106530012033,-8.85391880025163,-3.488211799989029,random,2030,hybrid_gated,edge_gnn,rdkit,gated,721e3c494613d3aa378fb20e47d69b51245b538e
freesolv,2f717e5e14f94e95,Brc1ccccc1,hydration_free_energy,kcal/mol,calibration,,-1.4600000381469727,-1.4769079412223447,-4.159761441353646,1.2059455589089563,random,2030,hybrid_gated,edge_gnn,rdkit,gated,721e3c494613d3aa378fb20e47d69b51245b538e
freesolv,799a4d5aeacde815,C,hydration_free_energy,kcal/mol,train,,2.0,-0.7021801268644348,-3.3850336269957357,1.9806733732668662,random,2030,hybrid_gated,edge_gnn,rdkit,gated,721e3c494613d3aa378fb20e47d69b51245b538e
freesolv,7bac3cc21644af9b,C#CC,hydration_free_energy,kcal/mol,train,,-0.47999998927116394,-2.6869370579486165,-5.3697905580799175,-0.0040835578173155085,random,2030,hybrid_gated,edge_gnn,rdkit,gated,721e3c494613d3aa378fb20e47d69b51245b538e
freesolv,4de45e357be4160e,C#CCC,hydration_free_energy,kcal/mol,train,,-0.1599999964237213,0.6102410960043447,-2.0726124041269562,3.2930945961356457,random,2030,hybrid_gated,edge_gnn,rdkit,gated,721e3c494613d3aa378fb20e47d69b51245b538e
freesolv,4b665013fe211d04,C#CCCC,hydration_free_energy,kcal/mol,train,,0.009999999776482582,-7.7695815892811995,-10.4524350894125,-5.086728089149899,random,2030,hybrid_gated,edge_gnn,rdkit,gated,721e3c494613d3aa378fb20e47d69b51245b538e
freesolv,de4570425c5f404b,C#CCCCC,hydration_free_energy,kcal/mol,train,,0.28999999165534973,0.4654266487815657,-2.2174268513497353,3.1482801489128667,random,2030,hybrid_gated,edge_gnn,rdkit,gated,721e3c494613d3aa378fb20e47d69b51245b538e
freesolv,91f909baf2cb8a67,C#CCCCCC,hydration_free_energy,kcal/mol,calibration,,0.6000000238418579,0.4079016794630399,-2.274951820668261,3.090755179594341,random,2030,hybrid_gated,edge_gnn,rdkit,gated,721e3c494613d3aa378fb20e47d69b51245b538e
freesolv,d9be4b22d82a6627,C#CCCCCCC,hydration_free_energy,kcal/mol,train,,0.7099999785423279,-2.8107143515978485,-5.49356785172915,-0.12786085146654758,random,2030,hybrid_gated,edge_gnn,rdkit,gated,721e3c494613d3aa378fb20e47d69b51245b538e
freesolv,3a5a694349ed4368,C/C=C/C=O,hydration_free_energy,kcal/mol,calibration,,-4.21999979019165,-3.329454204152366,-6.012307704283667,-0.6466007040210648,random,2030,hybrid_gated,edge_gnn,rdkit,gated,721e3c494613d3aa378fb20e47d69b51245b538e
freesolv,e32f5981f08df790,C/C=C/CCCC,hydration_free_energy,kcal/mol,train,,1.6799999475479126,-2.6022994369600676,-5.285152937091368,0.08055406317123337,random,2030,hybrid_gated,edge_gnn,rdkit,gated,721e3c494613d3aa378fb20e47d69b51245b538e
freesolv,c66a02f97f456f75,C/C=C\CC,hydration_free_energy,kcal/mol,test,,1.309999942779541,0.3131722630528375,-2.3696812370784635,2.9960257631841385,random,2030,hybrid_gated,edge_gnn,rdkit,gated,721e3c494613d3aa378fb20e47d69b51245b538e
freesolv,d4efeed1de0c8e90,C1=CC=CCC=C1,hydration_free_energy,kcal/mol,train,,-0.9900000095367432,-8.309616144085735,-10.992469644217037,-5.626762643954434,random,2030,hybrid_gated,edge_gnn,rdkit,gated,721e3c494613d3aa378fb20e47d69b51245b538e
freesolv,609192e51bba544f,C1=CCCC1,hydration_free_energy,kcal/mol,train,,0.5600000023841858,-5.610724605638776,-8.293578105770077,-2.927871105507475,random,2030,hybrid_gated,edge_gnn,rdkit,gated,721e3c494613d3aa378fb20e47d69b51245b538e
freesolv,742af15a9113ada1,C1=CCCCC1,hydration_free_energy,kcal/mol,train,,0.14000000059604645,-5.38942138111696,-8.07227488124826,-2.706567880985659,random,2030,hybrid_gated,edge_gnn,rdkit,gated,721e3c494613d3aa378fb20e47d69b51245b538e
freesolv,d0aafdecbb3a419b,C1CC1,hydration_free_energy,kcal/mol,train,,0.75,-4.093176871742129,-6.77603037187343,-1.4103233716108279,random,2030,hybrid_gated,edge_gnn,rdkit,gated,721e3c494613d3aa378fb20e47d69b51245b538e
freesolv,69894e058da716db,C1CCCC1,hydration_free_energy,kcal/mol,train,,1.2000000476837158,-9.236757621996984,-11.919611122128286,-6.553904121865683,random,2030,hybrid_gated,edge_gnn,rdkit,gated,721e3c494613d3aa378fb20e47d69b51245b538e
freesolv,3a0c3c3efb54d833,C1CCCCC1,hydration_free_energy,kcal/mol,train,,1.2300000190734863,-3.2396438872295557,-5.922497387360856,-0.5567903870982547,random,2030,hybrid_gated,edge_gnn,rdkit,gated,721e3c494613d3aa378fb20e47d69b51245b538e
freesolv,0f4b768883232061,C1CCNC1,hydration_free_energy,kcal/mol,train,,-5.480000019073486,-2.572985779709226,-5.255839279840528,0.10986772042207482,random,2030,hybrid_gated,edge_gnn,rdkit,gated,721e3c494613d3aa378fb20e47d69b51245b538e
freesolv,cb23ab0e59dd1c08,C1CCNCC1,hydration_free_energy,kcal/mol,test,,-5.110000133514404,-5.185854812141869,-7.868708312273171,-2.5030013120105683,random,2030,hybrid_gated,edge_gnn,rdkit,gated,721e3c494613d3aa378fb20e47d69b51245b538e
freesolv,1af8e9f6ace97eee,C1CCOC1,hydration_free_energy,kcal/mol,train,,-3.4700000286102295,-3.08118753205705,-5.76404103218835,-0.3983340319257489,random,2030,hybrid_gated,edge_gnn,rdkit,gated,721e3c494613d3aa378fb20e47d69b51245b538e
freesolv,064f079e10086f29,C1CCOCC1,hydration_free_energy,kcal/mol,validation,,-3.119999885559082,-3.2736312788562594,-5.95648477898756,-0.5907777787249584,random,2030,hybrid_gated,edge_gnn,rdkit,gated,721e3c494613d3aa378fb20e47d69b51245b538e
freesolv,575f25bc7815593d,C1CNC1,hydration_free_energy,kcal/mol,test,,-5.559999942779541,-5.528347065663011,-8.211200565794313,-2.84549356553171,random,2030,hybrid_gated,edge_gnn,rdkit,gated,721e3c494613d3aa378fb20e47d69b51245b538e
freesolv,683feaf94c606491,C1CNCCN1,hydration_free_energy,kcal/mol,train,,-7.400000095367432,-7.54313892104261,-10.225992421173911,-4.860285420911309,random,2030,hybrid_gated,edge_gnn,rdkit,gated,721e3c494613d3aa378fb20e47d69b51245b538e
freesolv,325f288037972770,C1COCCN1,hydration_free_energy,kcal/mol,train,,-7.170000076293945,-7.925925373724759,-10.60877887385606,-5.243071873593458,random,2030,hybrid_gated,edge_gnn,rdkit,gated,721e3c494613d3aa378fb20e47d69b51245b538e
freesolv,b520ba34e96e6b2a,C1COCCO1,hydration_free_energy,kcal/mol,train,,-5.059999942779541,-9.819700196382803,-12.502553696514104,-7.136846696251501,random,2030,hybrid_gated,edge_gnn,rdkit,gated,721e3c494613d3aa378fb20e47d69b51245b538e
freesolv,32766722dbae4c61,C=C,hydration_free_energy,kcal/mol,train,,1.2799999713897705,-6.055174992662389,-8.73802849279369,-3.372321492531088,random,2030,hybrid_gated,edge_gnn,rdkit,gated,721e3c494613d3aa378fb20e47d69b51245b538e
freesolv,6ba07a348009ad29,C=C(C)C,hydration_free_energy,kcal/mol,train,,1.159999966621399,-2.4783210253412538,-5.161174525472555,0.20453247479004721,random,2030,hybrid_gated,edge_gnn,rdkit,gated,721e3c494613d3aa378fb20e47d69b51245b538e
freesolv,d1f6cbeec10124e5,C=C(C)C(=C)C,hydration_free_energy,kcal/mol,train,,0.4000000059604645,-2.5230460007635687,-5.205899500894869,0.1598074993677323,random,2030,hybrid_gated,edge_gnn,rdkit,gated,721e3c494613d3aa378fb20e47d69b51245b538e
freesolv,0df6a67583c65bae,C=C(C)CCC,hydration_free_energy,kcal/mol,train,,1.4700000286102295,-1.5879885338332658,-4.270842033964566,1.0948649662980352,random,2030,hybrid_gated,edge_gnn,rdkit,gated,721e3c494613d3aa378fb20e47d69b51245b538e
freesolv,1b19887cda12dbee,C=C(C)[C@@H]1CC=C(C)[C@@H](O)C1,hydration_free_energy,kcal/mol,train,,-4.440000057220459,-9.685474158575124,-12.368327658706425,-7.002620658443822,random,2030,hybrid_gated,edge_gnn,rdkit,gated,721e3c494613d3aa378fb20e47d69b51245b538e
freesolv,4dadf5d2245646e2,C=C(C)[C@@H]1CC=C(C=O)CC1,hydration_free_energy,kcal/mol,train,,-4.090000152587891,-2.350851933218474,-5.033705433349775,0.3320015669128269,random,2030,hybrid_gated,edge_gnn,rdkit,gated,721e3c494613d3aa378fb20e47d69b51245b538e
freesolv,9bd6e8248a6ac888,C=C(C)[C@@H]1CC[C@@H](C)C(=O)C1,hydration_free_energy,kcal/mol,test,,-3.75,-3.573306027768835,-6.256159527900136,-0.8904525276375339,random,2030,hybrid_gated,edge_gnn,rdkit,gated,721e3c494613d3aa378fb20e47d69b51245b538e
freesolv,6f9249e288ca4886,C=C(C)c1ccccc1,hydration_free_energy,kcal/mol,train,,-1.2400000095367432,-2.7833910728343874,-5.466244572965689,-0.10053757270308639,random,2030,hybrid_gated,edge_gnn,rdkit,gated,721e3c494613d3aa378fb20e47d69b51245b538e
freesolv,74e264a8023b8226,C=C(Cl)Cl,hydration_free_energy,kcal/mol,train,,0.25,-0.23251903180630862,-2.9153725319376096,2.4503344683249924,random,2030,hybrid_gated,edge_gnn,rdkit,gated,721e3c494613d3aa378fb20e47d69b51245b538e
freesolv,19b85ec9c712b308,C=C(c1ccccc1)c1ccccc1,hydration_free_energy,kcal/mol,train,,-2.7799999713897705,-5.459355400477114,-8.142208900608415,-2.776501900345813,random,2030,hybrid_gated,edge_gnn,rdkit,gated,721e3c494613d3aa378fb20e47d69b51245b538e
freesolv,4ad22e011ffa96ba,C=CC,hydration_free_energy,kcal/mol,calibration,,1.3200000524520874,0.15125874703796338,-2.5315947530933376,2.8341122471692644,random,2030,hybrid_gated,edge_gnn,rdkit,gated,721e3c494613d3aa378fb20e47d69b51245b538e
freesolv,d00fecc2d59f99d6,C=CC(=C)C,hydration_free_energy,kcal/mol,calibration,,0.6800000071525574,-0.13592463847959424,-2.818778138610895,2.5469288616517067,random,2030,hybrid_gated,edge_gnn,rdkit,gated,721e3c494613d3aa378fb20e47d69b51245b538e
freesolv,55c28b8ad121023c,C=CC(C)C,hydration_free_energy,kcal/mol,train,,1.8300000429153442,-9.88480631469656,-12.567659814827861,-7.201952814565258,random,2030,hybrid_gated,edge_gnn,rdkit,gated,721e3c494613d3aa378fb20e47d69b51245b538e
freesolv,97213f023267d9a8,C=CC=C,hydration_free_energy,kcal/mol,train,,0.5600000023841858,-0.3467875581903881,-3.029641058321689,2.336065941940913,random,2030,hybrid_gated,edge_gnn,rdkit,gated,721e3c494613d3aa378fb20e47d69b51245b538e
freesolv,f810c7c1cf2244ef,C=CCC,hydration_free_energy,kcal/mol,train,,1.3799999952316284,-0.2367964734454171,-2.919649973576718,2.446057026685884,random,2030,hybrid_gated,edge_gnn,rdkit,gated,721e3c494613d3aa378fb20e47d69b51245b538e
freesolv,1a9c34146a9dfca2,C=CCC=C,hydration_free_energy,kcal/mol,train,,0.9300000071525574,-2.3464568161716315,-5.029310316302933,0.3363966839596695,random,2030,hybrid_gated,edge_gnn,rdkit,gated,721e3c494613d3aa378fb20e47d69b51245b538e
freesolv,4f9a22896fa30cb2,C=CCCC,hydration_free_energy,kcal/mol,train,,1.6799999475479126,-1.0505559130441822,-3.733409413175483,1.6322975870871188,random,2030,hybrid_gated,edge_gnn,rdkit,gated,721e3c494613d3aa378fb20e47d69b51245b538e
freesolv,05e112973dc272f3,C=CCCC=C,hydration_free_energy,kcal/mol,validation,,1.0099999904632568,0.5514975324635061,-2.131355967667795,3.234351032594807,random,2030,hybrid_gated,edge_gnn,rdkit,gated,721e3c494613d3aa378fb20e47d69b51245b538e
freesolv,b04353e13b080b0e,C=CCCCC,hydration_free_energy,kcal/mol,train,,1.5800000429153442,-6.137992091888457,-8.820845592019758,-3.4551385917571564,random,2030,hybrid_gated,edge_gnn,rdkit,gated,721e3c494613d3aa378fb20e47d69b51245b538e
freesolv,068d3d8e9203407c,C=CCCCCC,hydration_free_energy,kcal/mol,train,,1.659999966621399,-0.41506877296009614,-3.097922273091397,2.267784727171205,random,2030,hybrid_gated,edge_gnn,rdkit,gated,721e3c494613d3aa378fb20e47d69b51245b538e
freesolv,d200520d964a9529,C=CCCCCCC,hydration_free_energy,kcal/mol,train,,1.9199999570846558,-1.5348237355314063,-4.217677235662707,1.1480297645998947,random,2030,hybrid_gated,edge_gnn,rdkit,gated,721e3c494613d3aa378fb20e47d69b51245b538e
freesolv,c97dbca79441aa87,C=CCCCCCCC,hydration_free_energy,kcal/mol,train,,2.059999942779541,-2.280074335708129,-4.96292783583943,0.4027791644231722,random,2030,hybrid_gated,edge_gnn,rdkit,gated,721e3c494613d3aa378fb20e47d69b51245b538e
freesolv,9646b5044f2d381b,C=CCCl,hydration_free_energy,kcal/mol,validation,,-0.5699999928474426,-0.5693058110130713,-3.2521593111443723,2.1135476891182297,random,2030,hybrid_gated,edge_gnn,rdkit,gated,721e3c494613d3aa378fb20e47d69b51245b538e
freesolv,a9cb4c82f996239d,C=CCO,hydration_free_energy,kcal/mol,train,,-5.03000020980835,1.90082271411007,-0.782030786021231,4.583676214241371,random,2030,hybrid_gated,edge_gnn,rdkit,gated,721e3c494613d3aa378fb20e47d69b51245b538e
freesolv,f82b64c47a30e806,C=CCl,hydration_free_energy,kcal/mol,test,,-0.5899999737739563,-0.42597954167395935,-3.1088330418052603,2.2568739584573416,random,2030,hybrid_gated,edge_gnn,rdkit,gated,721e3c494613d3aa378fb20e47d69b51245b538e
freesolv,fb63886955500778,C=C[C@@](C)(CCC=C(C)C)OC(C)=O,hydration_free_energy,kcal/mol,train,,-2.490000009536743,-5.710207633065241,-8.393061133196541,-3.0273541329339397,random,2030,hybrid_gated,edge_gnn,rdkit,gated,721e3c494613d3aa378fb20e47d69b51245b538e
freesolv,922f2c1b03db117d,C=Cc1ccccc1,hydration_free_energy,kcal/mol,train,,-1.2400000095367432,-0.9846329609910836,-3.6674864611223845,1.6982205391402174,random,2030,hybrid_gated,edge_gnn,rdkit,gated,721e3c494613d3aa378fb20e47d69b51245b538e
freesolv,67300569a949ad42,C=O,hydration_free_energy,kcal/mol,train,,-2.75,-5.711063216484302,-8.393916716615603,-3.028209716353001,random,2030,hybrid_gated,edge_gnn,rdkit,gated,721e3c494613d3aa378fb20e47d69b51245b538e
freesolv,73c7d73efb8bdd41,CBr,hydration_free_energy,kcal/mol,train,,-0.8199999928474426,-3.1146641054365443,-5.797517605567846,-0.4318106053052433,random,2030,hybrid_gated,edge_gnn,rdkit,gated,721e3c494613d3aa378fb20e47d69b51245b538e
freesolv,05b1a8d05d1c3e6c,CC,hydration_free_energy,kcal/mol,train,,1.8300000429153442,-0.639013394361374,-3.321866894492675,2.043840105769927,random,2030,hybrid_gated,edge_gnn,rdkit,gated,721e3c494613d3aa378fb20e47d69b51245b538e
freesolv,1eb27a465c7bf134,CC#N,hydration_free_energy,kcal/mol,train,,-3.880000114440918,-0.15674272561227864,-2.8395962257435796,2.5261107745190223,random,2030,hybrid_gated,edge_gnn,rdkit,gated,721e3c494613d3aa378fb20e47d69b51245b538e
freesolv,1d67b723d41f51ac,CC(=O)C(C)(C)C,hydration_free_energy,kcal/mol,train,,-3.109999895095825,-9.25716372633855,-11.940017226469852,-6.574310226207249,random,2030,hybrid_gated,edge_gnn,rdkit,gated,721e3c494613d3aa378fb20e47d69b51245b538e
freesolv,58249ca616cb22d8,CC(=O)C(C)C,hydration_free_energy,kcal/mol,train,,-3.240000009536743,-1.8211310930136104,-4.503984593144912,0.8617224071176905,random,2030,hybrid_gated,edge_gnn,rdkit,gated,721e3c494613d3aa378fb20e47d69b51245b538e
freesolv,582f8c2ed097dabc,CC(=O)C1CC1,hydration_free_energy,kcal/mol,train,,-4.610000133514404,-2.856761214100376,-5.539614714231677,-0.17390771396907523,random,2030,hybrid_gated,edge_gnn,rdkit,gated,721e3c494613d3aa378fb20e47d69b51245b538e
freesolv,b173a8fb75f4db23,CC(=O)C1CCCCC1,hydration_free_energy,kcal/mol,train,,-3.9000000953674316,0.873742721739593,-1.809110778391708,3.556596221870894,random,2030,hybrid_gated,edge_gnn,rdkit,gated,721e3c494613d3aa378fb20e47d69b51245b538e
freesolv,16cf4f31208ab363,CC(=O)CC(C)C,hydration_free_energy,kcal/mol,train,,-3.049999952316284,-5.741903206978288,-8.424756707109589,-3.0590497068469866,random,2030,hybrid_gated,edge_gnn,rdkit,gated,721e3c494613d3aa378fb20e47d69b51245b538e
freesolv,cbb660b5eaf183ba,CC(=O)CO[N+](=O)[O-],hydration_free_energy,kcal/mol,train,,-5.989999771118164,-2.342185080006837,-5.025038580138138,0.3406684201244641,random,2030,hybrid_gated,edge_gnn,rdkit,gated,721e3c494613d3aa378fb20e47d69b51245b538e
freesolv,0780b195cfdf2ed6,CC(=O)N1CCCC1,hydration_free_energy,kcal/mol,calibration,,-9.800000190734863,-7.744984338599529,-10.42783783873083,-5.062130838468228,random,2030,hybrid_gated,edge_gnn,rdkit,gated,721e3c494613d3aa378fb20e47d69b51245b538e
freesolv,a208ad1788f26aee,CC(=O)O,hydration_free_energy,kcal/mol,train,,-6.690000057220459,-6.11593211318001,-8.798785613311312,-3.433078613048709,random,2030,hybrid_gated,edge_gnn,rdkit,gated,721e3c494613d3aa378fb20e47d69b51245b538e
freesolv,a3332288868582b4,CC(=O)OC(C)C,hydration_free_energy,kcal/mol,train,,-2.640000104904175,-5.193786372351242,-7.876639872482542,-2.5109328722199407,random,2030,hybrid_gated,edge_gnn,rdkit,gated,721e3c494613d3aa378fb20e47d69b51245b538e
freesolv,b8e46696f168483c,CC(=O)OC(C)OC(C)=O,hydration_free_energy,kcal/mol,train,,-4.96999979019165,-3.7545912634616867,-6.437444763592987,-1.0717377633303857,random,2030,hybrid_gated,edge_gnn,rdkit,gated,721e3c494613d3aa378fb20e47d69b51245b538e
freesolv,d514c2011a6bb3d5,CC(=O)OCC(C)C,hydration_free_energy,kcal/mol,calibration,,-2.359999895095825,-2.3775323952091822,-5.060385895340483,0.3053211049221187,random,2030,hybrid_gated,edge_gnn,rdkit,gated,721e3c494613d3aa378fb20e47d69b51245b538e
freesolv,e3057c8b93a65a68,CC(=O)OCC(COC(C)=O)OC(C)=O,hydration_free_energy,kcal/mol,train,,-8.84000015258789,-5.8828506501204485,-8.565704150251749,-3.1999971499891475,random,2030,hybrid_gated,edge_gnn,rdkit,gated,721e3c494613d3aa378fb20e47d69b51245b538e
freesolv,1f85a7027c370d59,CC(=O)OCCC(C)C,hydration_free_energy,kcal/mol,train,,-2.2100000381469727,-4.4140306087537855,-7.096884108885087,-1.7311771086224845,random,2030,hybrid_gated,edge_gnn,rdkit,gated,721e3c494613d3aa378fb20e47d69b51245b538e
freesolv,ba887869a6295619,CC(=O)OCCOC(C)=O,hydration_free_energy,kcal/mol,calibration,,-6.340000152587891,-6.752864402362309,-9.435717902493609,-4.070010902231008,random,2030,hybrid_gated,edge_gnn,rdkit,gated,721e3c494613d3aa378fb20e47d69b51245b538e
freesolv,646bf545cef99fa9,CC(=O)Oc1ccccc1C(=O)O,hydration_free_energy,kcal/mol,train,,-9.9399995803833,-5.794932262537084,-8.477785762668384,-3.112078762405783,random,2030,hybrid_gated,edge_gnn,rdkit,gated,721e3c494613d3aa378fb20e47d69b51245b538e
freesolv,db4526f4bded9150,CC(=O)c1ccc(C)cc1,hydration_free_energy,kcal/mol,train,,-4.699999809265137,-15.953283825028112,-18.636137325159414,-13.270430324896811,random,2030,hybrid_gated,edge_gnn,rdkit,gated,721e3c494613d3aa378fb20e47d69b51245b538e
freesolv,e340b59450b263da,CC(=O)c1ccccc1,hydration_free_energy,kcal/mol,train,,-4.579999923706055,1.7772421404606358,-0.9056113596706652,4.460095640591937,random,2030,hybrid_gated,edge_gnn,rdkit,gated,721e3c494613d3aa378fb20e47d69b51245b538e
freesolv,b1930bd9e457359d,CC(=O)c1cccnc1,hydration_free_energy,kcal/mol,train,,-8.260000228881836,-3.2076053311053814,-5.890458831236682,-0.5247518309740804,random,2030,hybrid_gated,edge_gnn,rdkit,gated,721e3c494613d3aa378fb20e47d69b51245b538e
freesolv,3b8746d9ecf84cbe,CC(=O)c1ccncc1,hydration_free_energy,kcal/mol,test,,-7.619999885559082,-8.346987476301107,-11.029840976432409,-5.664133976169806,random,2030,hybrid_gated,edge_gnn,rdkit,gated,721e3c494613d3aa378fb20e47d69b51245b538e
freesolv,49b42640c31e4afa,CC(C)(C)Br,hydration_free_energy,kcal/mol,train,,0.8399999737739563,-4.095690073745589,-6.77854357387689,-1.4128365736142876,random,2030,hybrid_gated,edge_gnn,rdkit,gated,721e3c494613d3aa378fb20e47d69b51245b538e
freesolv,30434d3b14f885bd,CC(C)(C)C,hydration_free_energy,kcal/mol,calibration,,2.509999990463257,2.398598722492778,-0.28425477763852314,5.081452222624079,random,2030,hybrid_gated,edge_gnn,rdkit,gated,721e3c494613d3aa378fb20e47d69b51245b538e
freesolv,8196c4a2dfe7d9d4,CC(C)(C)Cl,hydration_free_energy,kcal/mol,validation,,1.090000033378601,0.8559706447064976,-1.8268828554248033,3.5388241448377986,random,2030,hybrid_gated,edge_gnn,rdkit,gated,721e3c494613d3aa378fb20e47d69b51245b538e
freesolv,27c766beb9d56df8,CC(C)(C)O,hydration_free_energy,kcal/mol,train,,-4.46999979019165,-4.0922387372415825,-6.775092237372883,-1.4093852371102815,random,2030,hybrid_gated,edge_gnn,rdkit,gated,721e3c494613d3aa378fb20e47d69b51245b538e
freesolv,9f57f1a7941e4d72,CC(C)(C)c1ccc(O)cc1,hydration_free_energy,kcal/mol,train,,-5.909999847412109,-4.119919083605885,-6.802772583737186,-1.4370655834745842,random,2030,hybrid_gated,edge_gnn,rdkit,gated,721e3c494613d3aa378fb20e47d69b51245b538e
freesolv,4e93122b9a1de48f,CC(C)(C)c1ccccc1,hydration_free_energy,kcal/mol,train,,-0.4399999976158142,-2.1698944948545904,-4.852747994985892,0.5129590052767106,random,2030,hybrid_gated,edge_gnn,rdkit,gated,721e3c494613d3aa378fb20e47d69b51245b538e
freesolv,4547266f8bdfb534,CC(C)=CCC/C(C)=C/CO,hydration_free_energy,kcal/mol,calibration,,-4.449999809265137,-4.456508815936718,-7.139362316068018,-1.7736553158054167,random,2030,hybrid_gated,edge_gnn,rdkit,gated,721e3c494613d3aa378fb20e47d69b51245b538e
freesolv,8d8b5be02a6bec10,CC(C)=CCC/C(C)=C\CO,hydration_free_energy,kcal/mol,train,,-4.78000020980835,-3.806541895227029,-6.48939539535833,-1.1236883950957282,random,2030,hybrid_gated,edge_gnn,rdkit,gated,721e3c494613d3aa378fb20e47d69b51245b538e
freesolv,93243e4e6bacc8c0,CC(C)=O,hydration_free_energy,kcal/mol,train,,-3.799999952316284,-1.896692968464658,-4.579546468595959,0.7861605316666429,random,2030,hybrid_gated,edge_gnn,rdkit,gated,721e3c494613d3aa378fb20e47d69b51245b538e
freesolv,6ef30f66f852c308,CC(C)Br,hydration_free_energy,kcal/mol,train,,-0.47999998927116394,-2.302520741437327,-4.985374241568628,0.380332758693974,random,2030,hybrid_gated,edge_gnn,rdkit,gated,721e3c494613d3aa378fb20e47d69b51245b538e
freesolv,ef6d460c1e6abde9,CC(C)C,hydration_free_energy,kcal/mol,train,,2.299999952316284,1.198574868161058,-1.484278631970243,3.881428368292359,random,2030,hybrid_gated,edge_gnn,rdkit,gated,721e3c494613d3aa378fb20e47d69b51245b538e
freesolv,0f765371c44aaa59,CC(C)C(=O)C(C)C,hydration_free_energy,kcal/mol,train,,-2.740000009536743,-5.11871980338911,-7.801573303520412,-2.4358663032578094,random,2030,hybrid_gated,edge_gnn,rdkit,gated,721e3c494613d3aa378fb20e47d69b51245b538e
freesolv,cc8a3aa0542cebe6,CC(C)C(C)C,hydration_free_energy,kcal/mol,train,,2.3399999141693115,0.06915340573261286,-2.613700094398688,2.752006905863914,random,2030,hybrid_gated,edge_gnn,rdkit,gated,721e3c494613d3aa378fb20e47d69b51245b538e
freesolv,d74aca5cf4b1237c,CC(C)C(C)C(C)C,hydration_free_energy,kcal/mol,train,,2.559999942779541,2.3114361913920205,-0.37141730873928047,4.9942896915233215,random,2030,hybrid_gated,edge_gnn,rdkit,gated,721e3c494613d3aa378fb20e47d69b51245b538e
freesolv,e413b9ce1efba5a0,CC(C)C=O,hydration_free_energy,kcal/mol,train,,-2.859999895095825,-3.719690698784562,-6.402544198915863,-1.0368371986532612,random,2030,hybrid_gated,edge_gnn,rdkit,gated,721e3c494613d3aa378fb20e47d69b51245b538e
freesolv,e7ba17e129e75195,CC(C)CBr,hydration_free_energy,kcal/mol,train,,-0.029999999329447746,-4.326428280674628,-7.00928178080593,-1.6435747805433274,random,2030,hybrid_gated,edge_gnn,rdkit,gated,721e3c494613d3aa378fb20e47d69b51245b538e
freesolv,5c23882ab3e2d463,CC(C)CC(=O)O,hydration_free_energy,kcal/mol,test,,-6.090000152587891,-7.095896060934255,-9.778749561065556,-4.413042560802953,random,2030,hybrid_gated,edge_gnn,rdkit,gated,721e3c494613d3aa378fb20e47d69b51245b538e
freesolv,1ce5066619b734b1,CC(C)CC(C)(C)C,hydration_free_energy,kcal/mol,validation,,2.890000104904175,2.3184610566415986,-0.36439244348970234,5.0013145567729,random,2030,hybrid_gated,edge_gnn,rdkit,gated,721e3c494613d3aa378fb20e47d69b51245b538e
freesolv,608ba2d71e9299bf,CC(C)CC(C)C,hydration_free_energy,kcal/mol,train,,2.8299999237060547,-11.026551126187869,-13.70940462631917,-8.343697626056567,random,2030,hybrid_gated,edge_gnn,rdkit,gated,721e3c494613d3aa378fb20e47d69b51245b538e
freesolv,05047a8dca414cad,CC(C)CCC(C)(C)C,hydration_free_energy,kcal/mol,train,,2.930000066757202,-4.442289823032901,-7.1251433231642025,-1.7594363229016001,random,2030,hybrid_gated,edge_gnn,rdkit,gated,721e3c494613d3aa378fb20e47d69b51245b538e
freesolv,6bc633f1f12c1ee7,CC(C)CCO,hydration_free_energy,kcal/mol,train,,-4.420000076293945,-7.478048968239411,-10.160902468370711,-4.79519546810811,random,2030,hybrid_gated,edge_gnn,rdkit,gated,721e3c494613d3aa378fb20e47d69b51245b538e
freesolv,b3a79ff7deca4dc9,CC(C)CCOC=O,hydration_free_energy,kcal/mol,train,,-2.130000114440918,-1.2107670581605037,-3.8936205582918046,1.4720864419707973,random,2030,hybrid_gated,edge_gnn,rdkit,gated,721e3c494613d3aa378fb20e47d69b51245b538e
freesolv,df4f318c47e4982d,CC(C)CO,hydration_free_energy,kcal/mol,train,,-4.5,-4.216606190890208,-6.899459691021509,-1.5337526907589072,random,2030,hybrid_gated,edge_gnn,rdkit,gated,721e3c494613d3aa378fb20e47d69b51245b538e
freesolv,06f73f92690f97f5,CC(C)COC(=O)C(C)C,hydration_free_energy,kcal/mol,train,,-1.690000057220459,-8.706241700173603,-11.389095200304904,-6.023388200042302,random,2030,hybrid_gated,edge_gnn,rdkit,gated,721e3c494613d3aa378fb20e47d69b51245b538e
freesolv,d15c883b9a56c622,CC(C)COC=O,hydration_free_energy,kcal/mol,train,,-2.2200000286102295,-4.6069304369060005,-7.289783937037301,-1.9240769367746995,random,2030,hybrid_gated,edge_gnn,rdkit,gated,721e3c494613d3aa378fb20e47d69b51245b538e
freesolv,663bdfbc5dd043d9,CC(C)CO[N+](=O)[O-],hydration_free_energy,kcal/mol,train,,-1.8799999952316284,2.4598450874328575,-0.22300841269844351,5.142698587564158,random,2030,hybrid_gated,edge_gnn,rdkit,gated,721e3c494613d3aa378fb20e47d69b51245b538e
freesolv,80e95678623257ff,CC(C)C[C@@H](C)O,hydration_free_energy,kcal/mol,train,,-3.7300000190734863,2.2385207051104588,-0.4443327950208422,4.92137420524176,random,2030,hybrid_gated,edge_gnn,rdkit,gated,721e3c494613d3aa378fb20e47d69b51245b538e
freesolv,3a8d190e00649828,CC(C)Cc1ccc([C@H](C)C(=O)O)cc1,hydration_free_energy,kcal/mol,train,,-7.0,-3.79013118299616,-6.472984683127461,-1.1072776828648592,random,2030,hybrid_gated,edge_gnn,rdkit,gated,721e3c494613d3aa378fb20e47d69b51245b538e
freesolv,86c01edec2b47ea9,CC(C)Cc1ccccc1,hydration_free_energy,kcal/mol,train,,0.1599999964237213,-3.3736526415570953,-6.056506141688397,-0.6907991414257943,random,2030,hybrid_gated,edge_gnn,rdkit,gated,721e3c494613d3aa378fb20e47d69b51245b538e
freesolv,a05474e354458b4f,CC(C)Cc1cnccn1,hydration_free_energy,kcal/mol,train,,-5.039999961853027,-6.987560276924743,-9.670413777056044,-4.3047067767934415,random,2030,hybrid_gated,edge_gnn,rdkit,gated,721e3c494613d3aa378fb20e47d69b51245b538e
freesolv,782413599639bd48,CC(C)Cl,hydration_free_energy,kcal/mol,test,,-0.25,0.29099460893665663,-2.3918588911946443,2.9738481090679576,random,2030,hybrid_gated,edge_gnn,rdkit,gated,721e3c494613d3aa378fb20e47d69b51245b538e
freesolv,5010d23b5654a272,CC(C)I,hydration_free_energy,kcal/mol,train,,-0.46000000834465027,-1.3190262937229646,-4.001879793854266,1.3638272064083363,random,2030,hybrid_gated,edge_gnn,rdkit,gated,721e3c494613d3aa378fb20e47d69b51245b538e
freesolv,a58327f405c6019d,CC(C)NC(C)C,hydration_free_energy,kcal/mol,test,,-3.2200000286102295,-2.3510937026925456,-5.033947202823846,0.3317597974387554,random,2030,hybrid_gated,edge_gnn,rdkit,gated,721e3c494613d3aa378fb20e47d69b51245b538e
freesolv,0a10a3c5ae6dbefa,CC(C)O,hydration_free_energy,kcal/mol,test,,-4.739999771118164,-5.09712446424514,-7.779977964376441,-2.414270964113839,random,2030,hybrid_gated,edge_gnn,rdkit,gated,721e3c494613d3aa378fb20e47d69b51245b538e
freesolv,e9770c4c53aa3244,CC(C)OC(C)C,hydration_free_energy,kcal/mol,calibration,,-0.5299999713897705,-0.7168874132783234,-3.3997409134096244,1.9659660868529776,random,2030,hybrid_gated,edge_gnn,rdkit,gated,721e3c494613d3aa378fb20e47d69b51245b538e
freesolv,5125da25cc580c3f,CC(C)OC=O,hydration_free_energy,kcal/mol,train,,-2.0199999809265137,0.9287201967767502,-1.7541333033545508,3.611573696908051,random,2030,hybrid_gated,edge_gnn,rdkit,gated,721e3c494613d3aa378fb20e47d69b51245b538e
freesolv,08532f1ef39cb3c2,CC(C)SC(C)C,hydration_free_energy,kcal/mol,calibration,,-1.2100000381469727,-0.5214520961136087,-3.2043055962449096,2.1614014040176923,random,2030,hybrid_gated,edge_gnn,rdkit,gated,721e3c494613d3aa378fb20e47d69b51245b538e
freesolv,2f13ba5e9b2c1d12,CC(C)[C@@H]1CC[C@@H](C)CC1=O,hydration_free_energy,kcal/mol,train,,-2.5299999713897705,-10.305457147666079,-12.98831064779738,-7.622603647534778,random,2030,hybrid_gated,edge_gnn,rdkit,gated,721e3c494613d3aa378fb20e47d69b51245b538e
freesolv,8c1b6e7115a08cd9,CC(C)[C@@H]1CC[C@@H](C)C[C@H]1O,hydration_free_energy,kcal/mol,train,,-3.200000047683716,-1.1310126100007736,-3.8138661101320745,1.5518408901305274,random,2030,hybrid_gated,edge_gnn,rdkit,gated,721e3c494613d3aa378fb20e47d69b51245b538e
freesolv,70007fb176a0ffc0,CC(C)[N+](=O)[O-],hydration_free_energy,kcal/mol,train,,-3.130000114440918,-4.253536359190625,-6.936389859321926,-1.5706828590593243,random,2030,hybrid_gated,edge_gnn,rdkit,gated,721e3c494613d3aa378fb20e47d69b51245b538e
freesolv,4766bce8aaa6feeb,CC(C)c1ccccc1,hydration_free_energy,kcal/mol,train,,-0.30000001192092896,-4.98148662402561,-7.664340124156912,-2.298633123894309,random,2030,hybrid_gated,edge_gnn,rdkit,gated,721e3c494613d3aa378fb20e47d69b51245b538e
freesolv,e0eb500eaa83e532,CC(Cl)(Cl)Cl,hydration_free_energy,kcal/mol,calibration,,-0.1899999976158142,0.8608350370156983,-1.8220184631156027,3.5436885371469993,random,2030,hybrid_gated,edge_gnn,rdkit,gated,721e3c494613d3aa378fb20e47d69b51245b538e
freesolv,e8a1f1b7fb50720b,CC(Cl)Cl,hydration_free_energy,kcal/mol,train,,-0.8399999737739563,-3.5463724447874503,-6.229225944918751,-0.8635189446561493,random,2030,hybrid_gated,edge_gnn,rdkit,gated,721e3c494613d3aa378fb20e47d69b51245b538e
freesolv,9b75e9a74817c850,CC(F)F,hydration_free_energy,kcal/mol,train,,-0.10999999940395355,-8.971260982076474,-11.654114482207776,-6.288407481945173,random,2030,hybrid_gated,edge_gnn,rdkit,gated,721e3c494613d3aa378fb20e47d69b51245b538e
freesolv,35dddcda2702a4ad,CC(N)=O,hydration_free_energy,kcal/mol,train,,-9.710000038146973,-0.5138571588887855,-3.1967106590200864,2.1689963412425155,random,2030,hybrid_gated,edge_gnn,rdkit,gated,721e3c494613d3aa378fb20e47d69b51245b538e
freesolv,2f90b29d0ea2bd0f,CC1=CC(=O)CC(C)(C)C1,hydration_free_energy,kcal/mol,train,,-5.179999828338623,0.14321236415801497,-2.539641135973286,2.826065864289316,random,2030,hybrid_gated,edge_gnn,rdkit,gated,721e3c494613d3aa378fb20e47d69b51245b538e
freesolv,196b98c38a9ef9ff,CC1=CC(=O)[C@H](C(C)C)CC1,hydration_free_energy,kcal/mol,train,,-4.510000228881836,-7.562559880152561,-10.245413380283862,-4.8797063800212594,random,2030,hybrid_gated,edge_gnn,rdkit,gated,721e3c494613d3aa378fb20e47d69b51245b538e
freesolv,71b4ae69ea038c45,CC1=CCCCC1,hydration_free_energy,kcal/mol,train,,0.6700000166893005,-7.175363095825398,-9.8582165959567,-4.492509595694097,random,2030,hybrid_gated,edge_gnn,rdkit,gated,721e3c494613d3aa378fb20e47d69b51245b538e
freesolv,3657f3498f9e2294,CC1CCC(C)CC1,hydration_free_energy,kcal/mol,train,,2.109999895095825,-2.896571755449192,-5.579425255580492,-0.2137182553178909,random,2030,hybrid_gated,edge_gnn,rdkit,gated,721e3c494613d3aa378fb20e47d69b51245b538e
freesolv,d24802ff551c31d8,CC1CCCC1,hydration_free_energy,kcal/mol,test,,1.590000033378601,1.2266838382832286,-1.4561696618480724,3.9095373384145296,random,2030,hybrid_gated,edge_gnn,rdkit,gated,721e3c494613d3aa378fb20e47d69b51245b538e
freesolv,acaaa8b4649c614e,CC1CCCCC1,hydration_free_energy,kcal/mol,train,,1.7000000476837158,-3.740957750285365,-6.423811250416666,-1.0581042501540638,random,2030,hybrid_gated,edge_gnn,rdkit,gated,721e3c494613d3aa378fb20e47d69b51245b538e
freesolv,5358908f8e9c796f,CC=C(C)C,hydration_free_energy,kcal/mol,test,,1.309999942779541,0.27491277866919495,-2.407940721462106,2.957766278800496,random,2030,hybrid_gated,edge_gnn,rdkit,gated,721e3c494613d3aa378fb20e47d69b51245b538e
freesolv,3ba5780e519232af,CC=O,hydration_free_energy,kcal/mol,train,,-3.5,-1.1835895067201556,-3.8664430068514566,1.4992639934111454,random,2030,hybrid_gated,edge_gnn,rdkit,gated,721e3c494613d3aa378fb20e47d69b51245b538e
freesolv,9f9bae4da613fd97,CCBr,hydration_free_energy,kcal/mol,train,,-0.7400000095367432,-3.54400390033067,-6.226857400461971,-0.8611504001993691,random,2030,hybrid_gated,edge_gnn,rdkit,gated,721e3c494613d3aa378fb20e47d69b51245b538e
freesolv,72281cabb90098ca,CCC,hydration_free_energy,kcal/mol,train,,2.0,-8.937757010533867,-11.620610510665168,-6.254903510402565,random,2030,hybrid_gated,edge_gnn,rdkit,gated,721e3c494613d3aa378fb20e47d69b51245b538e
freesolv,b081cbfb90b7402a,CCC#N,hydration_free_energy,kcal/mol,train,,-3.8399999141693115,-4.48688464232242,-7.1697381424537205,-1.804031142191119,random,2030,hybrid_gated,edge_gnn,rdkit,gated,721e3c494613d3aa378fb20e47d69b51245b538e
freesolv,b137901ff30dac85,CCC(=O)CC,hydration_free_energy,kcal/mol,validation,,-3.4100000858306885,-2.96297586916947,-5.64582936930077,-0.2801223690381689,random,2030,hybrid_gated,edge_gnn,rdkit,gated,721e3c494613d3aa378fb20e47d69b51245b538e
freesolv,d73fa90c49909081,CCC(=O)Nc1ccc(Cl)c(Cl)c1,hydration_free_energy,kcal/mol,train,,-7.78000020980835,-2.891252232699372,-5.574105732830673,-0.20839873256807095,random,2030,hybrid_gated,edge_gnn,rdkit,gated,721e3c494613d3aa378fb20e47d69b51245b538e
freesolv,ae711e3e1cb2b62c,CCC(=O)O,hydration_free_energy,kcal/mol,train,,-6.460000038146973,1.0388986112617098,-1.6439548888695912,3.7217521113930108,random,2030,hybrid_gated,edge_gnn,rdkit,gated,721e3c494613d3aa378fb20e47d69b51245b538e
freesolv,3b1dd60ed1dfbb76,CCC(=O)OC,hydration_free_energy,kcal/mol,train,,-2.930000066757202,-5.903015460444136,-8.585868960575437,-3.220161960312835,random,2030,hybrid_gated,edge_gnn,rdkit,gated,721e3c494613d3aa378fb20e47d69b51245b538e
freesolv,95159b36053bb032,CCC(C)(C)C,hydration_free_energy,kcal/mol,train,,2.509999990463257,-3.262901718383902,-5.9457552185152025,-0.580048218252601,random,2030,hybrid_gated,edge_gnn,rdkit,gated,721e3c494613d3aa378fb20e47d69b51245b538e
freesolv,3fb4e89120f988ad,CCC(C)(C)CC,hydration_free_energy,kcal/mol,train,,2.559999942779541,-5.9528442203687595,-8.63569772050006,-3.2699907202374585,random,2030,hybrid_gated,edge_gnn,rdkit,gated,721e3c494613d3aa378fb20e47d69b51245b538e
freesolv,bdf2d11354f3860d,CCC(C)(C)O,hydration_free_energy,kcal/mol,validation,,-4.429999828338623,-4.501121345969421,-7.183974846100721,-1.8182678458381196,random,2030,hybrid_gated,edge_gnn,rdkit,gated,721e3c494613d3aa378fb20e47d69b51245b538e
freesolv,6c45d8284f5ddf4f,CCC(C)C,hydration_free_energy,kcal/mol,test,,2.380000114440918,2.054684141770682,-0.6281693583606192,4.737537641901983,random,2030,hybrid_gated,edge_gnn,rdkit,gated,721e3c494613d3aa378fb20e47d69b51245b538e
freesolv,70ffb28e88de4627,CCC(C)CC,hydration_free_energy,kcal/mol,train,,2.509999990463257,-2.992494329175388,-5.6753478293066895,-0.3096408290440871,random,2030,hybrid_gated,edge_gnn,rdkit,gated,721e3c494613d3aa378fb20e47d69b51245b538e
freesolv,828963364af80af0,CCC(N)=O,hydration_free_energy,kcal/mol,test,,-9.399999618530273,-8.635990194940662,-11.318843695071964,-5.953136694809361,random,2030,hybrid_gated,edge_gnn,rdkit,gated,721e3c494613d3aa378fb20e47d69b51245b538e
freesolv,960c6dcb6922b929,CCC(O)CC,hydration_free_energy,kcal/mol,train,,-4.349999904632568,-4.51634034211088,-7.199193842242181,-1.8334868419795787,random,2030,hybrid_gated,edge_gnn,rdkit,gated,721e3c494613d3aa378fb20e47d69b51245b538e
freesolv,f58f8a95565cd02f,CCC/C=C/C=O,hydration_free_energy,kcal/mol,calibration,,-3.680000066757202,-3.237890345358246,-5.920743845489547,-0.5550368452269452,random,2030,hybrid_gated,edge_gnn,rdkit,gated,721e3c494613d3aa378fb20e47d69b51245b538e
freesolv,12b118fa49abcab8,CCC=O,hydration_free_energy,kcal/mol,test,,-3.430000066757202,-3.2079694116850677,-5.890822911816368,-0.5251159115537667,random,2030,hybrid_gated,edge_gnn,rdkit,gated,721e3c494613d3aa378fb20e47d69b51245b538e
freesolv,5a7f7c6b893c81e5,CCCBr,hydration_free_energy,kcal/mol,train,,-0.5600000023841858,1.0782640067499556,-1.6045894933813454,3.7611175068812566,random,2030,hybrid_gated,edge_gnn,rdkit,gated,721e3c494613d3aa378fb20e47d69b51245b538e
freesolv,0c02aaf039e3096f,CCCC,hydration_free_energy,kcal/mol,train,,2.0999999046325684,2.287634378921013,-0.395219121210288,4.970487879052314,random,2030,hybrid_gated,edge_gnn,rdkit,gated,721e3c494613d3aa378fb20e47d69b51245b538e
freesolv,bdf503d5fea27e4f,CCCC#N,hydration_free_energy,kcal/mol,test,,-3.640000104904175,-3.803410748752906,-6.486264248884207,-1.1205572486216049,random,2030,hybrid_gated,edge_gnn,rdkit,gated,721e3c494613d3aa378fb20e47d69b51245b538e
freesolv,363c7fa2de9ba737,CCCC(=O)CCC,hydration_free_energy,kcal/mol,train,,-2.9200000762939453,-4.270345875161265,-6.9531993752925665,-1.587492375029964,random,2030,hybrid_gated,edge_gnn,rdkit,gated,721e3c494613d3aa378fb20e47d69b51245b538e
freesolv,7e19891bed0df61a,CCCC(=O)O,hydration_free_energy,kcal/mol,test,,-6.349999904632568,-6.513040732759826,-9.195894232891128,-3.8301872326285253,random,2030,hybrid_gated,edge_gnn,rdkit,gated,721e3c494613d3aa378fb20e47d69b51245b538e
freesolv,74fe519ef396aa2d,CCCC(=O)OC,hydration_free_energy,kcal/mol,train,,-2.8299999237060547,2.043759584827226,-0.6390939153040751,4.726613084958527,random,2030,hybrid_gated,edge_gnn,rdkit,gated,721e3c494613d3aa378fb20e47d69b51245b538e
freesolv,875e5e4c442371b3,CCCC(=O)OCC,hydration_free_energy,kcal/mol,train,,-2.490000009536743,-0.7293828774830051,-3.412236377614306,1.9534706226482959,random,2030,hybrid_gated,edge_gnn,rdkit,gated,721e3c494613d3aa378fb20e47d69b51245b538e
freesolv,03542dfab9a8b00c,CCCC(C)(C)C,hydration_free_energy,kcal/mol,train,,2.880000114440918,-5.415017089803646,-8.097870589934947,-2.732163589672345,random,2030,hybrid_gated,edge_gnn,rdkit,gated,721e3c494613d3aa378fb20e47d69b51245b538e
freesolv,f1b212ed322c6018,CCCC(C)(C)O,hydration_free_energy,kcal/mol,train,,-3.9200000762939453,0.4756294632242528,-2.207224036907048,3.158482963355554,random,2030,hybrid_gated,edge_gnn,rdkit,gated,721e3c494613d3aa378fb20e47d69b51245b538e
freesolv,39533f2780e046ad,CCCC(C)=O,hydration_free_energy,kcal/mol,test,,-3.5199999809265137,-3.1835652556497243,-5.866418755781025,-0.5007117555184233,random,2030,hybrid_gated,edge_gnn,rdkit,gated,721e3c494613d3aa378fb20e47d69b51245b538e
freesolv,b26bad70227ef601,CCCC(C)C,hydration_free_energy,kcal/mol,train,,2.509999990463257,-3.3705017636509678,-6.053355263782269,-0.6876482635196668,random,2030,hybrid_gated,edge_gnn,rdkit,gated,721e3c494613d3aa378fb20e47d69b51245b538e
freesolv,aa05bf74b194f434,CCCC1CCCC1,hydration_free_energy,kcal/mol,train,,2.130000114440918,0.1630664638596655,-2.5197870362716355,2.8459199639909665,random,2030,hybrid_gated,edge_gnn,rdkit,gated,721e3c494613d3aa378fb20e47d69b51245b538e
freesolv,397cb77fff01ff68,CCCC=O,hydration_free_energy,kcal/mol,calibration,,-3.180000066757202,-3.074545943930945,-5.757399444062246,-0.3916924437996441,random,2030,hybrid_gated,edge_gnn,rdkit,gated,721e3c494613d3aa378fb20e47d69b51245b538e
freesolv,dbe273c607f375c1,CCCCBr,hydration_free_energy,kcal/mol,test,,-0.4000000059604645,0.010750744282058022,-2.672102755849243,2.693604244413359,random,2030,hybrid_gated,edge_gnn,rdkit,gated,721e3c494613d3aa378fb20e47d69b51245b538e
freesolv,c65a887de1f68c42,CCCCC,hydration_free_energy,kcal/mol,train,,2.299999952316284,-6.191425998395478,-8.874279498526779,-3.508572498264177,random,2030,hybrid_gated,edge_gnn,rdkit,gated,721e3c494613d3aa378fb20e47d69b51245b538e
freesolv,41df5f7378e36325,CCCCC#N,hydration_free_energy,kcal/mol,train,,-3.5199999809265137,-0.6071335811735921,-3.289987081304893,2.075719918957709,random,2030,hybrid_gated,edge_gnn,rdkit,gated,721e3c494613d3aa378fb20e47d69b51245b538e
freesolv,e6007044d8c0034f,CCCCC(=O)CCCC,hydration_free_energy,kcal/mol,train,,-2.640000104904175,-7.291233434123239,-9.97408693425454,-4.608379933991937,random,2030,hybrid_gated,edge_gnn,rdkit,gated,721e3c494613d3aa378fb20e47d69b51245b538e
freesolv,32ecc9982d398376,CCCCC(=O)O,hydration_free_energy,kcal/mol,train,,-6.159999847412109,-2.4850877178781063,-5.167941218009407,0.19776578225319463,random,2030,hybrid_gated,edge_gnn,rdkit,gated,721e3c494613d3aa378fb20e47d69b51245b538e
freesolv,6751478463d88fc8,CCCCC(=O)OC,hydration_free_energy,kcal/mol,train,,-2.559999942779541,-9.265394348493235,-11.948247848624536,-6.582540848361933,random,2030,hybrid_gated,edge_gnn,rdkit,gated,721e3c494613d3aa378fb20e47d69b51245b538e
freesolv,5c2b6f5593568a0c,CCCCC(=O)OCC,hydration_free_energy,kcal/mol,train,,-2.490000009536743,-2.5429027154742805,-5.225756215605582,0.1399507846570205,random,2030,hybrid_gated,edge_gnn,rdkit,gated,721e3c494613d3aa378fb20e47d69b51245b538e
freesolv,1af343ef31d31c1a,CCCCC(C)=O,hydration_free_energy,kcal/mol,train,,-3.2799999713897705,-6.450175914939235,-9.133029415070537,-3.7673224148079343,random,2030,hybrid_gated,edge_gnn,rdkit,gated,721e3c494613d3aa378fb20e47d69b51245b538e
freesolv,b312f6bfc607a5c1,CCCCC(C)C,hydration_free_energy,kcal/mol,test,,2.930000066757202,2.3980462423966693,-0.28480725773463167,5.08089974252797,random,2030,hybrid_gated,edge_gnn,rdkit,gated,721e3c494613d3aa378fb20e47d69b51245b538e
freesolv,ff3070e7bd7554be,CCCCC/C=C/C=O,hydration_free_energy,kcal/mol,train,,-3.430000066757202,-5.753825746470567,-8.436679246601868,-3.070972246339266,random,2030,hybrid_gated,edge_gnn,rdkit,gated,721e3c494613d3aa378fb20e47d69b51245b538e
freesolv,f448cc7ab5087548,CCCCC=O,hydration_free_energy,kcal/mol,validation,,-3.0299999713897705,-2.8166274814044607,-5.499480981535761,-0.13377398127315976,random,2030,hybrid_gated,edge_gnn,rdkit,gated,721e3c494613d3aa378fb20e47d69b51245b538e
freesolv,133c9950c099219b,CCCCCBr,hydration_free_energy,kcal/mol,train,,-0.10000000149011612,1.5600570797533178,-1.1227964203779832,4.242910579884619,random,2030,hybrid_gated,edge_gnn,rdkit,gated,721e3c494613d3aa378fb20e47d69b51245b538e
freesolv,b9d709c5baaf140a,CCCCCC,hydration_free_energy,kcal/mol,validation,,2.4800000190734863,2.434402475640274,-0.24845102449102718,5.117255975771575,random,2030,hybrid_gated,edge_gnn,rdkit,gated,721e3c494613d3aa378fb20e47d69b51245b538e
freesolv,6fba198d3d1721fb,CCCCCC(=O)O,hydration_free_energy,kcal/mol,test,,-6.210000038146973,-5.751309156841733,-8.434162656973035,-3.0684556567104324,random,2030,hybrid_gated,edge_gnn,rdkit,gated,721e3c494613d3aa378fb20e47d69b51245b538e
freesolv,b6b4fcf38b80bb62,CCCCCC(=O)OC,hydration_free_energy,kcal/mol,train,,-2.490000009536743,-5.009756179476921,-7.692609679608221,-2.32690267934562,random,2030,hybrid_gated,edge_gnn,rdkit,gated,721e3c494613d3aa378fb20e47d69b51245b538e
freesolv,c27d3eb691086c0e,CCCCCC(=O)OCC,hydration_free_energy,kcal/mol,train,,-2.2300000190734863,-2.8075845423442676,-5.490438042475569,-0.1247310422129666,random,2030,hybrid_gated,edge_gnn,rdkit,gated,721e3c494613d3aa378fb20e47d69b51245b538e
freesolv,ece018572b2d8a14,CCCCCC(C)=O,hydration_free_energy,kcal/mol,calibration,,-3.0399999618530273,-2.7426827513293945,-5.425536251460695,-0.05982925119809357,random,2030,hybrid_gated,edge_gnn,rdkit,gated,721e3c494613d3aa378fb20e47d69b51245b538e
freesolv,721a178df646ca1b,CCCCCC(N)=O,hydration_free_energy,kcal/mol,calibration,,-9.3100004196167,-7.597746015705525,-10.280599515836826,-4.914892515574223,random,2030,hybrid_gated,edge_gnn,rdkit,gated,721e3c494613d3aa378fb20e47d69b51245b538e
freesolv,3246863db31fc62b,CCCCCC1CCCC1,hydration_free_energy,kcal/mol,train,,2.549999952316284,-4.454670583431054,-7.137524083562354,-1.7718170832997528,random,2030,hybrid_gated,edge_gnn,rdkit,gated,721e3c494613d3aa378fb20e47d69b51245b538e
freesolv,2a429658212632e6,CCCCCC=O,hydration_free_energy,kcal/mol,validation,,-2.809999942779541,-2.6266412488021214,-5.309494748933423,0.05621225132917962,random,2030,hybrid_gated,edge_gnn,rdkit,gated,721e3c494613d3aa378fb20e47d69b51245b538e
freesolv,fa17305ea323628e,CCCCCCBr,hydration_free_energy,kcal/mol,train,,0.18000000715255737,-1.1252957247377666,-3.8081492248690676,1.5575577753935343,random,2030,hybrid_gated,edge_gnn,rdkit,gated,721e3c494613d3aa378fb20e47d69b51245b538e
freesolv,0d31a6c328196dcb,CCCCCCC,hydration_free_energy,kcal/mol,train,,2.6700000762939453,-3.757017040957683,-6.439870541088984,-1.0741635408263819,random,2030,hybrid_gated,edge_gnn,rdkit,gated,721e3c494613d3aa378fb20e47d69b51245b538e
freesolv,95b742928f6b9c7c,CCCCCCC(C)=O,hydration_free_energy,kcal/mol,train,,-2.880000114440918,-2.5136747592022024,-5.196528259333503,0.16917874092909857,random,2030,hybrid_gated,edge_gnn,rdkit,gated,721e3c494613d3aa378fb20e47d69b51245b538e
freesolv,94d55096ffe1cf8f,CCCCCCC=O,hydration_free_energy,kcal/mol,train,,-2.6700000762939453,-7.619751554679889,-10.30260505481119,-4.936898054548587,random,2030,hybrid_gated,edge_gnn,rdkit,gated,721e3c494613d3aa378fb20e47d69b51245b538e
freesolv,e5f6857cc48520e1,CCCCCCCBr,hydration_free_energy,kcal/mol,test,,0.3400000035762787,0.8105845474480042,-1.8722689526832967,3.493438047579305,random,2030,hybrid_gated,edge_gnn,rdkit,gated,721e3c494613d3aa378fb20e47d69b51245b538e
freesolv,b8c87ca6a3bbaf9a,CCCCCCCC,hydration_free_energy,kcal/mol,train,,2.880000114440918,-4.646212865288591,-7.329066365419893,-1.9633593651572903,random,2030,hybrid_gated,edge_gnn,rdkit,gated,721e3c494613d3aa378fb20e47d69b51245b538e
freesolv,aa39ba56ac3bb10c,CCCCCCCC(=O)OC,hydration_free_energy,kcal/mol,train,,-2.0399999618530273,-2.470651203766054,-5.1535047038973545,0.212202296365247,random,2030,hybrid_gated,edge_gnn,rdkit,gated,721e3c494613d3aa378fb20e47d69b51245b538e
freesolv,abda4bc05ccb6a0f,CCCCCCCC(C)=O,hydration_free_energy,kcal/mol,train,,-2.490000009536743,-2.4074577268521447,-5.090311226983445,0.2753957732791563,random,2030,hybrid_gated,edge_gnn,rdkit,gated,721e3c494613d3aa378fb20e47d69b51245b538e
freesolv,4be165ba79237734,CCCCCCCC=O,hydration_free_energy,kcal/mol,train,,-2.2899999618530273,0.3196879147198577,-2.3631655854114433,3.0025414148511587,random,2030,hybrid_gated,edge_gnn,rdkit,gated,721e3c494613d3aa378fb20e47d69b51245b538e
freesolv,09f8afe9d3b8d320,CCCCCCCCBr,hydration_free_energy,kcal/mol,train,,0.5199999809265137,-3.0860020608980236,-5.768855561029325,-0.4031485607667227,random,2030,hybrid_gated,edge_gnn,rdkit,gated,721e3c494613d3aa378fb20e47d69b51245b538e
freesolv,c1789540a8674e1a,CCCCCCCCC,hydration_free_energy,kcal/mol,validation,,3.130000114440918,2.483286504109674,-0.19956699602162686,5.166140004240975,random,2030,hybrid_gated,edge_gnn,rdkit,gated,721e3c494613d3aa378fb20e47d69b51245b538e
freesolv,4a3ffcd0d28fe78b,CCCCCCCCC(C)=O,hydration_free_energy,kcal/mol,train,,-2.3399999141693115,-5.044822618933331,-7.727676119064633,-2.36196911880203,random,2030,hybrid_gated,edge_gnn,rdkit,gated,721e3c494613d3aa378fb20e47d69b51245b538e
freesolv,ec8b98d1cb1ce133,CCCCCCCCC=O,hydration_free_energy,kcal/mol,test,,-2.069999933242798,-2.10566155183903,-4.788515051970331,0.5771919482922709,random,2030,hybrid_gated,edge_gnn,rdkit,gated,721e3c494613d3aa378fb20e47d69b51245b538e
freesolv,75b6097552666ac9,CCCCCCCCCC,hydration_free_energy,kcal/mol,validation,,3.1600000858306885,2.352706264388883,-0.3301472357424178,5.035559764520184,random,2030,hybrid_gated,edge_gnn,rdkit,gated,721e3c494613d3aa378fb20e47d69b51245b538e
freesolv,f39cab9e03836a2a,CCCCCCCCCC(C)=O,hydration_free_energy,kcal/mol,train,,-2.1500000953674316,-4.585652227042671,-7.268505727173972,-1.9027987269113704,random,2030,hybrid_gated,edge_gnn,rdkit,gated,721e3c494613d3aa378fb20e47d69b51245b538e
freesolv,f291a8c4f28957ac,CCCCCCCCCCO,hydration_free_energy,kcal/mol,validation,,-3.640000104904175,-3.4006316306048983,-6.083485130736199,-0.7177781304735973,random,2030,hybrid_gated,edge_gnn,rdkit,gated,721e3c494613d3aa378fb20e47d69b51245b538e
freesolv,47c556dcc89524e8,CCCCCCCCCO,hydration_free_energy,kcal/mol,test,,-3.880000114440918,-3.7802245480456156,-6.463078048176916,-1.0973710479143146,random,2030,hybrid_gated,edge_gnn,rdkit,gated,721e3c494613d3aa378fb20e47d69b51245b538e
freesolv,8d563aedccae05a5,CCCCCCCCN,hydration_free_energy,kcal/mol,calibration,,-3.6500000953674316,-3.8114313381343914,-6.494284838265692,-1.1285778380030904,random,2030,hybrid_gated,edge_gnn,rdkit,gated,721e3c494613d3aa378fb20e47d69b51245b538e
freesolv,792f87dcc6bad3ab,CCCCCCCCO,hydration_free_energy,kcal/mol,train,,-4.090000152587891,-9.691478219378622,-12.374331719509923,-7.0086247192473206,random,2030,hybrid_gated,edge_gnn,rdkit,gated,721e3c494613d3aa378fb20e47d69b51245b538e
freesolv,7160687123739e47,CCCCCCCCl,hydration_free_energy,kcal/mol,train,,0.28999999165534973,0.10620737093924637,-2.5766461291920546,2.7890608710705473,random,2030,hybrid_gated,edge_gnn,rdkit,gated,721e3c494613d3aa378fb20e47d69b51245b538e
freesolv,d314880f871cdc72,CCCCCCCI,hydration_free_energy,kcal/mol,validation,,0.27000001072883606,0.06807697291196702,-2.614776527219334,2.750930473043268,random,2030,hybrid_gated,edge_gnn,rdkit,gated,721e3c494613d3aa378fb20e47d69b51245b538e
freesolv,52c877fb1fc39037,CCCCCCCN,hydration_free_energy,kcal/mol,train,,-3.7899999618530273,-9.180346171082148,-11.863199671213449,-6.497492670950846,random,2030,hybrid_gated,edge_gnn,rdkit,gated,721e3c494613d3aa378fb20e47d69b51245b538e
freesolv,26d2aa460794e065,CCCCCCCO,hydration_free_energy,kcal/mol,train,,-4.210000038146973,-0.8413413999540507,-3.5241949000853516,1.8415121001772503,random,2030,hybrid_gated,edge_gnn,rdkit,gated,721e3c494613d3aa378fb20e47d69b51245b538e
freesolv,025d577d95efe3b4,CCCCCCCl,hydration_free_energy,kcal/mol,test,,0.0,1.2651606061470102,-1.4176928939842908,3.948014106278311,random,2030,hybrid_gated,edge_gnn,rdkit,gated,721e3c494613d3aa378fb20e47d69b51245b538e
freesolv,88afe17e741468f3,CCCCCCI,hydration_free_energy,kcal/mol,test,,0.07999999821186066,-0.15236924182221134,-2.8352227419535123,2.5304842583090896,random,2030,hybrid_gated,edge_gnn,rdkit,gated,721e3c494613d3aa378fb20e47d69b51245b538e
freesolv,9e36e298d03ebb99,CCCCCCN,hydration_free_energy,kcal/mol,train,,-3.950000047683716,-4.2262601505902575,-6.909113650721558,-1.5434066504589565,random,2030,hybrid_gated,edge_gnn,rdkit,gated,721e3c494613d3aa378fb20e47d69b51245b538e
freesolv,67a84046ee2724da,CCCCCCO,hydration_free_energy,kcal/mol,train,,-4.400000095367432,-9.088169954427629,-11.77102345455893,-6.405316454296328,random,2030,hybrid_gated,edge_gnn,rdkit,gated,721e3c494613d3aa378fb20e47d69b51245b538e
freesolv,045b8d8a43ece3f6,CCCCCCOC(C)=O,hydration_free_energy,kcal/mol,calibration,,-2.259999990463257,-2.203468001865405,-4.886321501996706,0.4793854982658958,random,2030,hybrid_gated,edge_gnn,rdkit,gated,721e3c494613d3aa378fb20e47d69b51245b538e
freesolv,2fd5e6e45fde1339,CCCCCCO[N+](=O)[O-],hydration_free_energy,kcal/mol,train,,-1.659999966621399,-4.4972897633751705,-7.180143263506471,-1.8144362632438695,random,2030,hybrid_gated,edge_gnn,rdkit,gated,721e3c494613d3aa378fb20e47d69b51245b538e
freesolv,cd6c3d0610e05c69,CCCCCCc1ccccc1,hydration_free_energy,kcal/mol,train,,-0.03999999910593033,-2.4488444054803074,-5.131697905611608,0.23400909465099362,random,2030,hybrid_gated,edge_gnn,rdkit,gated,721e3c494613d3aa378fb20e47d69b51245b538e
freesolv,8ac2131167ce2101,CCCCCCl,hydration_free_energy,kcal/mol,train,,-0.10000000149011612,1.8265402912740218,-0.8563132088572791,4.509393791405323,random,2030,hybrid_gated,edge_gnn,rdkit,gated,721e3c494613d3aa378fb20e47d69b51245b538e
freesolv,61a8967b60de201c,CCCCCI,hydration_free_energy,kcal/mol,train,,-0.14000000059604645,-4.906850818374215,-7.589704318505516,-2.223997318242914,random,2030,hybrid_gated,edge_gnn,rdkit,gated,721e3c494613d3aa378fb20e47d69b51245b538e
freesolv,964f1e46b133a777,CCCCCN,hydration_free_energy,kcal/mol,train,,-4.090000152587891,-3.7799626162573654,-6.462816116388666,-1.0971091161260644,random,2030,hybrid_gated,edge_gnn,rdkit,gated,721e3c494613d3aa378fb20e47d69b51245b538e
freesolv,b360cef7ae377473,CCCCCO,hydration_free_energy,kcal/mol,train,,-4.570000171661377,-4.020955640650186,-6.7038091407814875,-1.338102140518885,random,2030,hybrid_gated,edge_gnn,rdkit,gated,721e3c494613d3aa378fb20e47d69b51245b538e
freesolv,0c072a2731172132,CCCCCOC(=O)CC,hydration_free_energy,kcal/mol,test,,-2.109999895095825,-2.282685778847439,-4.96553927897874,0.40016772128386213,random,2030,hybrid_gated,edge_gnn,rdkit,gated,721e3c494613d3aa378fb20e47d69b51245b538e
freesolv,5f4efc6ed5a32666,CCCCCOC(C)=O,hydration_free_energy,kcal/mol,train,,-2.509999990463257,-2.2733874009476294,-4.95624090107893,0.4094660991836716,random,2030,hybrid_gated,edge_gnn,rdkit,gated,721e3c494613d3aa378fb20e47d69b51245b538e
freesolv,a580f6b292969b53,CCCCC[N+](=O)[O-],hydration_free_energy,kcal/mol,calibration,,-2.819999933242798,-2.7343058075313564,-5.417159307662658,-0.051452307400055464,random,2030,hybrid_gated,edge_gnn,rdkit,gated,721e3c494613d3aa378fb20e47d69b51245b538e
freesolv,468b092da3632d2d,CCCCCc1ccccc1,hydration_free_energy,kcal/mol,train,,-0.23000000417232513,-2.358522467977963,-5.041375968109264,0.32433103215333814,random,2030,hybrid_gated,edge_gnn,rdkit,gated,721e3c494613d3aa378fb20e47d69b51245b538e
freesolv,c514ddd9e3b812c1,CCCCCl,hydration_free_energy,kcal/mol,train,,-0.1599999964237213,-6.0333570211561085,-8.71621052128741,-3.3505035210248075,random,2030,hybrid_gated,edge_gnn,rdkit,gated,721e3c494613d3aa378fb20e47d69b51245b538e
freesolv,0d8fa2ca3dfd887f,CCCCI,hydration_free_energy,kcal/mol,train,,-0.25,-2.3872371692898433,-5.070090669421145,0.29561633084145766,random,2030,hybrid_gated,edge_gnn,rdkit,gated,721e3c494613d3aa378fb20e47d69b51245b538e
freesolv,49a122776d5ed26c,CCCCN,hydration_free_energy,kcal/mol,train,,-4.239999771118164,-1.9055534512108394,-4.58840695134214,0.7773000489204616,random,2030,hybrid_gated,edge_gnn,rdkit,gated,721e3c494613d3aa378fb20e47d69b51245b538e
freesolv,d21d0b3984a63f44,CCCCN(CC)C(=O)SCCC,hydration_free_energy,kcal/mol,train,,-3.640000104904175,-10.339153203510605,-13.022006703641907,-7.656299703379304,random,2030,hybrid_gated,edge_gnn,rdkit,gated,721e3c494613d3aa378fb20e47d69b51245b538e
freesolv,80fb9cecc75acbd8,CCCCN(CC)c1c([N+](=O)[O-])cc(C(F)(F)F)cc1[N+](=O)[O-],hydration_free_energy,kcal/mol,train,,-3.509999990463257,-6.671697373853577,-9.354550873984879,-3.9888438737222764,random,2030,hybrid_gated,edge_gnn,rdkit,gated,721e3c494613d3aa378fb20e47d69b51245b538e
freesolv,a629bf56a3d8d9a4,CCCCNCCCC,hydration_free_energy,kcal/mol,train,,-3.240000009536743,-9.999026106820871,-12.681879606952172,-7.31617260668957,random,2030,hybrid_gated,edge_gnn,rdkit,gated,721e3c494613d3aa378fb20e47d69b51245b538e
freesolv,05c1bfb084995387,CCCCO,hydration_free_energy,kcal/mol,train,,-4.71999979019165,2.2000729400744414,-0.48278056005685954,4.882926440205742,random,2030,hybrid_gated,edge_gnn,rdkit,gated,721e3c494613d3aa378fb20e47d69b51245b538e
freesolv,568d2f3ccef5f29e,CCCCOC(=O)c1ccc(O)cc1,hydration_free_energy,kcal/mol,train,,-8.720000267028809,-3.251738957887821,-5.934592458019122,-0.5688854577565201,random,2030,hybrid_gated,edge_gnn,rdkit,gated,721e3c494613d3aa378fb20e47d69b51245b538e
freesolv,46583bb6ead842fb,CCCCOC(C)=O,hydration_free_energy,kcal/mol,train,,-2.640000104904175,-14.639772381109093,-17.322625881240395,-11.956918880977792,random,2030,hybrid_gated,edge_gnn,rdkit,gated,721e3c494613d3aa378fb20e47d69b51245b538e
freesolv,9db897b9a26af7f8,CCCCOCCCC,hydration_free_energy,kcal/mol,train,,-0.8299999833106995,-4.905326149227745,-7.588179649359047,-2.2224726490964444,random,2030,hybrid_gated,edge_gnn,rdkit,gated,721e3c494613d3aa378fb20e47d69b51245b538e
freesolv,f95f835b86cb25c6,CCCCOCCO,hydration_free_energy,kcal/mol,train,,-6.25,-10.658904625055117,-13.341758125186418,-7.976051124923815,random,2030,hybrid_gated,edge_gnn,rdkit,gated,721e3c494613d3aa378fb20e47d69b51245b538e
freesolv,2caada664cae6a44,CCCCOC[C@H](C)O,hydration_free_energy,kcal/mol,train,,-5.730000019073486,1.637202224326606,-1.045651275804695,4.320055724457907,random,2030,hybrid_gated,edge_gnn,rdkit,gated,721e3c494613d3aa378fb20e47d69b51245b538e
freesolv,cde238e2926e5f58,CCCCO[N+](=O)[O-],hydration_free_energy,kcal/mol,train,,-2.0899999141693115,-5.865529305558189,-8.54838280568949,-3.182675805426888,random,2030,hybrid_gated,edge_gnn,rdkit,gated,721e3c494613d3aa378fb20e47d69b51245b538e
freesolv,6287c96eb11ffacf,CCCCS,hydration_free_energy,kcal/mol,train,,-0.9900000095367432,2.534848301857289,-0.14800519827401182,5.21770180198859,random,2030,hybrid_gated,edge_gnn,rdkit,gated,721e3c494613d3aa378fb20e47d69b51245b538e
freesolv,e63ff875f53e1b76,CCCC[C@@H](C)CC,hydration_free_energy,kcal/mol,train,,2.9700000286102295,-3.909631228160362,-6.592484728291662,-1.2267777280290608,random,2030,hybrid_gated,edge_gnn,rdkit,gated,721e3c494613d3aa378fb20e47d69b51245b538e
freesolv,4297266e950b3a36,CCCC[N+](=O)[O-],hydration_free_energy,kcal/mol,train,,-3.0899999141693115,-22.071888681773405,-24.754742181904707,-19.389035181642104,random,2030,hybrid_gated,edge_gnn,rdkit,gated,721e3c494613d3aa378fb20e47d69b51245b538e
freesolv,0d50519807301d63,CCCCc1ccccc1,hydration_free_energy,kcal/mol,test,,-0.4000000059604645,-0.5308043194272605,-3.2136578195585614,2.1520491807040405,random,2030,hybrid_gated,edge_gnn,rdkit,gated,721e3c494613d3aa378fb20e47d69b51245b538e
freesolv,b28f009eb10da6e6,CCCCl,hydration_free_energy,kcal/mol,train,,-0.33000001311302185,-1.4050313267221926,-4.087884826853493,1.2778221734091084,random,2030,hybrid_gated,edge_gnn,rdkit,gated,721e3c494613d3aa378fb20e47d69b51245b538e
freesolv,ea2c409d9d4aedd5,CCCI,hydration_free_energy,kcal/mol,test,,-0.5299999713897705,-0.8946916261711273,-3.5775451263024283,1.7881618739601737,random,2030,hybrid_gated,edge_gnn,rdkit,gated,721e3c494613d3aa378fb20e47d69b51245b538e
freesolv,4a77fe430575ea6c,CCCN,hydration_free_energy,kcal/mol,train,,-4.389999866485596,-1.2605872598736552,-3.943440760004956,1.4222662402576458,random,2030,hybrid_gated,edge_gnn,rdkit,gated,721e3c494613d3aa378fb20e47d69b51245b538e
freesolv,2628eefa16acabf5,CCCN(CC1CC1)c1c([N+](=O)[O-])cc(C(F)(F)F)cc1[N+](=O)[O-],hydration_free_energy,kcal/mol,calibration,,-2.450000047683716,-2.706017709288524,-5.3888712094198254,-0.02316420915722306,random,2030,hybrid_gated,edge_gnn,rdkit,gated,721e3c494613d3aa378fb20e47d69b51245b538e
freesolv,2ed1f3bed4d2e8b5,CCCN(CCC)c1c([N+](=O)[O-])cc(C(F)(F)F)cc1[N+](=O)[O-],hydration_free_energy,kcal/mol,train,,-3.25,-0.009544816494667874,-2.692398316625969,2.673308683636633,random,2030,hybrid_gated,edge_gnn,rdkit,gated,721e3c494613d3aa378fb20e47d69b51245b538e
freesolv,b54ecd51b4236e1f,CCCN(CCC)c1c([N+](=O)[O-])cc(S(C)(=O)=O)cc1[N+](=O)[O-],hydration_free_energy,kcal/mol,calibration,,-7.980000019073486,-6.977717858276247,-9.660571358407548,-4.294864358144945,random,2030,hybrid_gated,edge_gnn,rdkit,gated,721e3c494613d3aa378fb20e47d69b51245b538e
freesolv,c5cecb085a70d066,CCCNCCC,hydration_free_energy,kcal/mol,train,,-3.6500000953674316,2.304557291193652,-0.37829620893764915,4.987410791324953,random,2030,hybrid_gated,edge_gnn,rdkit,gated,721e3c494613d3aa378fb20e47d69b51245b538e
freesolv,14e1e55c7f98f735,CCCO,hydration_free_energy,kcal/mol,validation,,-4.849999904632568,-4.699142788231176,-7.381996288362476,-2.0162892880998746,random,2030,hybrid_gated,edge_gnn,rdkit,gated,721e3c494613d3aa378fb20e47d69b51245b538e
freesolv,2a3bb72367a885ab,CCCOC,hydration_free_energy,kcal/mol,train,,-1.659999966621399,-0.31501852629554383,-2.997872026426845,2.367834973835757,random,2030,hybrid_gated,edge_gnn,rdkit,gated,721e3c494613d3aa378fb20e47d69b51245b538e
freesolv,9516158b89342f01,CCCOC(=O)CC,hydration_free_energy,kcal/mol,train,,-2.440000057220459,-8.041757913255267,-10.724611413386569,-5.358904413123966,random,2030,hybrid_gated,edge_gnn,rdkit,gated,721e3c494613d3aa378fb20e47d69b51245b538e
freesolv,f035596c68056a32,CCCOC(=O)CCC,hydration_free_energy,kcal/mol,calibration,,-2.2799999713897705,-2.4580126272473204,-5.140866127378621,0.22484087288398058,random,2030,hybrid_gated,edge_gnn,rdkit,gated,721e3c494613d3aa378fb20e47d69b51245b538e
freesolv,ea0843191f1b6e45,CCCOC(=O)c1ccc(O)cc1,hydration_free_energy,kcal/mol,calibration,,-9.369999885559082,-7.883586475206336,-10.566439975337637,-5.200732975075034,random,2030,hybrid_gated,edge_gnn,rdkit,gated,721e3c494613d3aa378fb20e47d69b51245b538e
freesolv,18552703d063ac27,CCCOC(C)=O,hydration_free_energy,kcal/mol,train,,-2.7899999618530273,-8.722751441014642,-11.405604941145944,-6.039897940883341,random,2030,hybrid_gated,edge_gnn,rdkit,gated,721e3c494613d3aa378fb20e47d69b51245b538e
freesolv,057b911b93e037d5,CCCOC=O,hydration_free_energy,kcal/mol,validation,,-2.4800000190734863,-2.5292155203221833,-5.212069020453484,0.15363797980911764,random,2030,hybrid_gated,edge_gnn,rdkit,gated,721e3c494613d3aa378fb20e47d69b51245b538e
freesolv,71c0327f59bc314e,CCCOCCC,hydration_free_energy,kcal/mol,validation,,-1.159999966621399,-1.289912446937174,-3.972765947068475,1.3929410531941269,random,2030,hybrid_gated,edge_gnn,rdkit,gated,721e3c494613d3aa378fb20e47d69b51245b538e
freesolv,521c123566b724eb,CCCOCCO,hydration_free_energy,kcal/mol,validation,,-6.400000095367432,-6.612863235907997,-9.295716736039298,-3.930009735776696,random,2030,hybrid_gated,edge_gnn,rdkit,gated,721e3c494613d3aa378fb20e47d69b51245b538e
freesolv,63f950a5f14d4dfc,CCCS,hydration_free_energy,kcal/mol,train,,-1.100000023841858,-2.424584490967474,-5.1074379910987755,0.2582690091638269,random,2030,hybrid_gated,edge_gnn,rdkit,gated,721e3c494613d3aa378fb20e47d69b51245b538e
freesolv,e54fed017ace88c1,CCCSC(=O)N(CCC)CCC,hydration_free_energy,kcal/mol,train,,-4.130000114440918,-0.9602061613545549,-3.643059661485856,1.722647338776746,random,2030,hybrid_gated,edge_gnn,rdkit,gated,721e3c494613d3aa378fb20e47d69b51245b538e
freesolv,b1b55628116aeb6c,CCCSCCC,hydration_free_energy,kcal/mol,train,,-1.2799999713897705,-0.6901848425746473,-3.3730383427059483,1.9926686575566537,random,2030,hybrid_gated,edge_gnn,rdkit,gated,721e3c494613d3aa378fb20e47d69b51245b538e
freesolv,e3c745ed4598aaaa,CCC[C@@H](C)O,hydration_free_energy,kcal/mol,validation,,-4.389999866485596,-4.203426307495898,-6.886279807627199,-1.5205728073645974,random,2030,hybrid_gated,edge_gnn,rdkit,gated,721e3c494613d3aa378fb20e47d69b51245b538e
freesolv,d5ee437817540c30,CCC[C@@H](O)CC,hydration_free_energy,kcal/mol,train,,-4.059999942779541,-8.427052397354778,-11.10990589748608,-5.744198897223477,random,2030,hybrid_gated,edge_gnn,rdkit,gated,721e3c494613d3aa378fb20e47d69b51245b538e
freesolv,a63b1c7e6ba8bcb0,CCC[C@H](C)CC,hydration_free_energy,kcal/mol,train,,2.7100000381469727,-4.683390805697514,-7.366244305828815,-2.0005373055662132,random,2030,hybrid_gated,edge_gnn,rdkit,gated,721e3c494613d3aa378fb20e47d69b51245b538e
freesolv,cd5b9b418bb348af,CCC[N+](=O)[O-],hydration_free_energy,kcal/mol,train,,-3.3399999141693115,-5.747955764313457,-8.430809264444758,-3.065102264182156,random,2030,hybrid_gated,edge_gnn,rdkit,gated,721e3c494613d3aa378fb20e47d69b51245b538e
freesolv,c5c03d560157f2ad,CCCc1ccc(O)c(OC)c1,hydration_free_energy,kcal/mol,train,,-5.260000228881836,-0.45500281405500864,-3.1378563141863096,2.2278506860762923,random,2030,hybrid_gated,edge_gnn,rdkit,gated,721e3c494613d3aa378fb20e47d69b51245b538e
freesolv,563deebbd969756a,CCCc1ccc(O)cc1,hydration_free_energy,kcal/mol,train,,-5.210000038146973,-5.873803431954519,-8.55665693208582,-3.190949931823218,random,2030,hybrid_gated,edge_gnn,rdkit,gated,721e3c494613d3aa378fb20e47d69b51245b538e
freesolv,5c778e54f5d0e8db,CCCc1ccccc1,hydration_free_energy,kcal/mol,train,,-0.5299999713897705,-12.835503613126438,-15.51835711325774,-10.152650112995136,random,2030,hybrid_gated,edge_gnn,rdkit,gated,721e3c494613d3aa378fb20e47d69b51245b538e
freesolv,015ecefa34d9ae39,CCCl,hydration_free_energy,kcal/mol,train,,-0.6299999952316284,2.0791021454676426,-0.6037513546636584,4.761955645598944,random,2030,hybrid_gated,edge_gnn,rdkit,gated,721e3c494613d3aa378fb20e47d69b51245b538e
freesolv,e6833630dd227931,CCI,hydration_free_energy,kcal/mol,train,,-0.7400000095367432,-2.0129563901699505,-4.695809890301252,0.6698971099613504,random,2030,hybrid_gated,edge_gnn,rdkit,gated,721e3c494613d3aa378fb20e47d69b51245b538e
freesolv,5358de96aa5a405c,CCN,hydration_free_energy,kcal/mol,train,,-4.5,-8.547418887140445,-11.230272387271746,-5.864565387009144,random,2030,hybrid_gated,edge_gnn,rdkit,gated,721e3c494613d3aa378fb20e47d69b51245b538e
freesolv,2e65611bdb8133fc,CCN(CC)CC,hydration_free_energy,kcal/mol,test,,-3.2200000286102295,-1.3300668619774796,-4.012920362108781,1.3527866381538214,random,2030,hybrid_gated,edge_gnn,rdkit,gated,721e3c494613d3aa378fb20e47d69b51245b538e
freesolv,a4faf5093d2ab9ee,CCN(CC)c1c([N+](=O)[O-])cc(C(F)(F)F)c(N)c1[N+](=O)[O-],hydration_free_energy,kcal/mol,train,,-5.659999847412109,-4.353760949697898,-7.0366144498292,-1.6709074495665974,random,2030,hybrid_gated,edge_gnn,rdkit,gated,721e3c494613d3aa378fb20e47d69b51245b538e
freesolv,f3ee692836994141,CCNCC,hydration_free_energy,kcal/mol,train,,-4.070000171661377,-5.010771872768928,-7.693625372900229,-2.3279183726376274,random,2030,hybrid_gated,edge_gnn,rdkit,gated,721e3c494613d3aa378fb20e47d69b51245b538e
freesolv,c506d303fb751324,CCNc1nc(Cl)nc(NCC)n1,hydration_free_energy,kcal/mol,train,,-10.220000267028809,-4.608924619042924,-7.291778119174225,-1.9260711189116226,random,2030,hybrid_gated,edge_gnn,rdkit,gated,721e3c494613d3aa378fb20e47d69b51245b538e
freesolv,f0b13e9a8de1870e,CCNc1nc(NC(C)(C)C)nc(SC)n1,hydration_free_energy,kcal/mol,train,,-6.679999828338623,-0.584867016749345,-3.267720516880646,2.097986483381956,random,2030,hybrid_gated,edge_gnn,rdkit,gated,721e3c494613d3aa378fb20e47d69b51245b538e
freesolv,48cf6f23e72121d4,CCNc1nc(NC(C)C)nc(SC)n1,hydration_free_energy,kcal/mol,train,,-7.650000095367432,-6.425159311895458,-9.10801281202676,-3.7423058117641568,random,2030,hybrid_gated,edge_gnn,rdkit,gated,721e3c494613d3aa378fb20e47d69b51245b538e
freesolv,ca789066a644a873,CCO,hydration_free_energy,kcal/mol,test,,-5.0,-4.981983951203347,-7.664837451334648,-2.299130451072046,random,2030,hybrid_gated,edge_gnn,rdkit,gated,721e3c494613d3aa378fb20e47d69b51245b538e
freesolv,eb85ffd9d4e232dd,CCOC,hydration_free_energy,kcal/mol,test,,-2.0999999046325684,-2.052228358516299,-4.7350818586476,0.6306251416150022,random,2030,hybrid_gated,edge_gnn,rdkit,gated,721e3c494613d3aa378fb20e47d69b51245b538e
freesolv,c5d7586c4df2935f,CCOC(=O)CC,hydration_free_energy,kcal/mol,train,,-2.680000066757202,-1.123503730346859,-3.80635723047816,1.559349769784442,random,2030,hybrid_gated,edge_gnn,rdkit,gated,721e3c494613d3aa378fb20e47d69b51245b538e
freesolv,9cc7e547b13b7996,CCOC(=O)CC(=O)OCC,hydration_free_energy,kcal/mol,train,,-6.0,-1.0479138029804322,-3.730767303111733,1.6349396971508687,random,2030,hybrid_gated,edge_gnn,rdkit,gated,721e3c494613d3aa378fb20e47d69b51245b538e
freesolv,2b4d8e742733b5fd,CCOC(=O)CCC(=O)OCC,hydration_free_energy,kcal/mol,validation,,-5.710000038146973,-4.586237513616088,-7.2690910137473885,-1.903384013484787,random,2030,hybrid_gated,edge_gnn,rdkit,gated,721e3c494613d3aa378fb20e47d69b51245b538e
freesolv,9a148610b2e6e2f6,CCOC(=O)C[C@@H](SP(=S)(OC)OC)C(=O)OCC,hydration_free_energy,kcal/mol,train,,-8.149999618530273,-4.595216860410485,-7.278070360541786,-1.9123633602791839,random,2030,hybrid_gated,edge_gnn,rdkit,gated,721e3c494613d3aa378fb20e47d69b51245b538e
freesolv,06cda49eadbecf92,CCOC(=O)c1ccc(O)cc1,hydration_free_energy,kcal/mol,train,,-9.199999809265137,-6.979749007132166,-9.662602507263466,-4.296895507000865,random,2030,hybrid_gated,edge_gnn,rdkit,gated,721e3c494613d3aa378fb20e47d69b51245b538e
freesolv,11e7d1ad91c8f3c6,CCOC(=O)c1ccccc1,hydration_free_energy,kcal/mol,validation,,-3.640000104904175,-4.331405950421779,-7.01425945055308,-1.6485524502904778,random,2030,hybrid_gated,edge_gnn,rdkit,gated,721e3c494613d3aa378fb20e47d69b51245b538e
freesolv,31ca2a93eb56b1c9,CCOC(C)=O,hydration_free_energy,kcal/mol,train,,-2.940000057220459,-5.889944931974185,-8.572798432105486,-3.207091431842884,random,2030,hybrid_gated,edge_gnn,rdkit,gated,721e3c494613d3aa378fb20e47d69b51245b538e
freesolv,0f30fb54765a4a71,CCOC(C)OCC,hydration_free_energy,kcal/mol,test,,-3.2799999713897705,-2.9646944055785798,-5.647547905709881,-0.2818409054472788,random,2030,hybrid_gated,edge_gnn,rdkit,gated,721e3c494613d3aa378fb20e47d69b51245b538e
freesolv,ba554b8b161e7746,CCOC(OCC)Oc1ccccc1,hydration_free_energy,kcal/mol,train,,-5.230000019073486,-4.6470286292514995,-7.329882129382801,-1.9641751291201985,random,2030,hybrid_gated,edge_gnn,rdkit,gated,721e3c494613d3aa378fb20e47d69b51245b538e
freesolv,50ed9f322b5791b3,CCOC=O,hydration_free_energy,kcal/mol,train,,-2.559999942779541,-2.2028043838842137,-4.885657884015515,0.48004911624708724,random,2030,hybrid_gated,edge_gnn,rdkit,gated,721e3c494613d3aa378fb20e47d69b51245b538e
freesolv,55c67ac3acc4815b,CCOCC,hydration_free_energy,kcal/mol,train,,-1.590000033378601,-2.090655560071974,-4.773509060203275,0.5921979400593269,random,2030,hybrid_gated,edge_gnn,rdkit,gated,721e3c494613d3aa378fb20e47d69b51245b538e
freesolv,a9f3bd414c2b7a32,CCOCCO,hydration_free_energy,kcal/mol,validation,,-6.690000057220459,-6.836635504439361,-9.519489004570662,-4.153782004308059,random,2030,hybrid_gated,edge_gnn,rdkit,gated,721e3c494613d3aa378fb20e47d69b51245b538e
freesolv,30f1421c9e037d21,CCOCCOC(C)=O,hydration_free_energy,kcal/mol,test,,-5.309999942779541,-5.121682014334707,-7.804535514466007,-2.4388285142034056,random,2030,hybrid_gated,edge_gnn,rdkit,gated,721e3c494613d3aa378fb20e47d69b51245b538e
freesolv,06d7492e30c5c56e,CCOCCOCC,hydration_free_energy,kcal/mol,train,,-3.5399999618530273,-15.766013992519659,-18.448867492650958,-13.083160492388357,random,2030,hybrid_gated,edge_gnn,rdkit,gated,721e3c494613d3aa378fb20e47d69b51245b538e
freesolv,4024725848eb763d,CCOP(=O)(OCC)O/C(=C/Cl)c1ccc(Cl)cc1Cl,hydration_free_energy,kcal/mol,calibration,,-7.070000171661377,-6.243705259538126,-8.926558759669428,-3.5608517594068254,random,2030,hybrid_gated,edge_gnn,rdkit,gated,721e3c494613d3aa378fb20e47d69b51245b538e
freesolv,b7d694fcb2ed16b9,CCOP(=O)(OCC)OCC,hydration_free_energy,kcal/mol,train,,-7.5,-2.443361920120383,-5.126215420251684,0.23949158001091808,random,2030,hybrid_gated,edge_gnn,rdkit,gated,721e3c494613d3aa378fb20e47d69b51245b538e
freesolv,181e12660bc9d5d1,CCOP(=S)(OCC)Oc1cc(C)nc(C(C)C)n1,hydration_free_energy,kcal/mol,calibration,,-6.480000019073486,-6.08500107282509,-8.767854572956391,-3.402147572693789,random,2030,hybrid_gated,edge_gnn,rdkit,gated,721e3c494613d3aa378fb20e47d69b51245b538e
freesolv,53478077bdfb11ad,CCOP(=S)(OCC)Oc1ccc([N+](=O)[O-])cc1,hydration_free_energy,kcal/mol,train,,-6.739999771118164,-23.120157379378906,-25.803010879510207,-20.437303879247604,random,2030,hybrid_gated,edge_gnn,rdkit,gated,721e3c494613d3aa378fb20e47d69b51245b538e
freesolv,4a53f2c0125f5222,CCOP(=S)(OCC)Oc1nc(Cl)c(Cl)cc1Cl,hydration_free_energy,kcal/mol,test,,-5.039999961853027,-7.285852934116685,-9.968706434247986,-4.602999433985383,random,2030,hybrid_gated,edge_gnn,rdkit,gated,721e3c494613d3aa378fb20e47d69b51245b538e
freesolv,e8ca88ad8ca9eec5,CCOP(=S)(OCC)SCSCC,hydration_free_energy,kcal/mol,train,,-4.369999885559082,-2.0421584340795174,-4.725011934210818,0.6406950660517836,random,2030,hybrid_gated,edge_gnn,rdkit,gated,721e3c494613d3aa378fb20e47d69b51245b538e
freesolv,e55a87e3bb6fb68e,CCOP(=S)(OCC)SCSP(=S)(OCC)OCC,hydration_free_energy,kcal/mol,validation,,-6.099999904632568,-5.482438679776655,-8.165292179907956,-2.7995851796453537,random,2030,hybrid_gated,edge_gnn,rdkit,gated,721e3c494613d3aa378fb20e47d69b51245b538e
freesolv,f0e2c44dc296a6e5,CCOP(=S)(OCC)SCSc1ccc(Cl)cc1,hydration_free_energy,kcal/mol,calibration,,-6.5,-3.817146499868699,-6.5,-1.134292999737398,random,2030,hybrid_gated,edge_gnn,rdkit,gated,721e3c494613d3aa378fb20e47d69b51245b538e
freesolv,458f5f3358ffa842,CCOP(=S)(OCC)S[C@@H](CCl)N1C(=O)c2ccccc2C1=O,hydration_free_energy,kcal/mol,train,,-5.739999771118164,-4.057634976092854,-6.740488476224154,-1.3747814759615529,random,2030,hybrid_gated,edge_gnn,rdkit,gated,721e3c494613d3aa378fb20e47d69b51245b538e
freesolv,d03f12d520c785a7,CCOc1ccccc1,hydration_free_energy,kcal/mol,validation,,-2.2200000286102295,-2.864829824557341,-5.5476833246886414,-0.18197632442603995,random,2030,hybrid_gated,edge_gnn,rdkit,gated,721e3c494613d3aa378fb20e47d69b51245b538e
freesolv,e59096cd88e01589,CCS,hydration_free_energy,kcal/mol,calibration,,-1.1399999856948853,-1.2900355900911262,-3.972889090222427,1.3928179100401747,random,2030,hybrid_gated,edge_gnn,rdkit,gated,721e3c494613d3aa378fb20e47d69b51245b538e
freesolv,c868bf4a1b1b5939,CCSC,hydration_free_energy,kcal/mol,calibration,,-1.5,-1.523689502406897,-4.206543002538198,1.159163997724404,random,2030,hybrid_gated,edge_gnn,rdkit,gated,721e3c494613d3aa378fb20e47d69b51245b538e
freesolv,9f27d20fc9bfb022,CCSCC,hydration_free_energy,kcal/mol,validation,,-1.4600000381469727,-1.277465479264165,-3.960318979395466,1.4053880208671359,random,2030,hybrid_gated,edge_gnn,rdkit,gated,721e3c494613d3aa378fb20e47d69b51245b538e
freesolv,4fc9e69deb3fc3dc,CCSSCC,hydration_free_energy,kcal/mol,train,,-1.6399999856948853,1.650610088965395,-1.032243411165906,4.333463589096696,random,2030,hybrid_gated,edge_gnn,rdkit,gated,721e3c494613d3aa378fb20e47d69b51245b538e
freesolv,bfa0e17b5e26ea0d,CC[C@@H](C)C(C)C,hydration_free_energy,kcal/mol,train,,2.5199999809265137,-1.0478541332282276,-3.7307076333595286,1.6349993669030733,random,2030,hybrid_gated,edge_gnn,rdkit,gated,721e3c494613d3aa378fb20e47d69b51245b538e
freesolv,d551cb41de0123da,CC[C@@H](C)CO,hydration_free_energy,kcal/mol,train,,-4.420000076293945,-0.3284194968195364,-3.0112729969508374,2.3544340033117646,random,2030,hybrid_gated,edge_gnn,rdkit,gated,721e3c494613d3aa378fb20e47d69b51245b538e
freesolv,43bfd896ecc8fa0d,CC[C@@H](C)c1cc([N+](=O)[O-])cc([N+](=O)[O-])c1O,hydration_free_energy,kcal/mol,train,,-6.230000019073486,-4.159447382272212,-6.842300882403514,-1.4765938821409113,random,2030,hybrid_gated,edge_gnn,rdkit,gated,721e3c494613d3aa378fb20e47d69b51245b538e
freesolv,72e6cc3958fe9748,CC[C@@H](O)C(C)C,hydration_free_energy,kcal/mol,validation,,-3.880000114440918,-4.3229826793609485,-7.005836179492249,-1.6401291792296475,random,2030,hybrid_gated,edge_gnn,rdkit,gated,721e3c494613d3aa378fb20e47d69b51245b538e
freesolv,30fe9e05f0944b46,CC[C@H](C)Cl,hydration_free_energy,kcal/mol,train,,0.0,-4.844464903803886,-7.527318403935187,-2.1616114036725853,random,2030,hybrid_gated,edge_gnn,rdkit,gated,721e3c494613d3aa378fb20e47d69b51245b538e
freesolv,4bac7107d8eee406,CC[C@H](C)O,hydration_free_energy,kcal/mol,train,,-4.619999885559082,-4.689802094730201,-7.372655594861502,-2.0069485945989,random,2030,hybrid_gated,edge_gnn,rdkit,gated,721e3c494613d3aa378fb20e47d69b51245b538e
freesolv,5ebfcf19058e296f,CC[C@H](C)O[N+](=O)[O-],hydration_free_energy,kcal/mol,train,,-1.8200000524520874,-3.3966533697751498,-6.079506869906451,-0.7137998696438488,random,2030,hybrid_gated,edge_gnn,rdkit,gated,721e3c494613d3aa378fb20e47d69b51245b538e
freesolv,df64aadb6927ab47,CC[C@H](C)c1ccccc1,hydration_free_energy,kcal/mol,train,,-0.44999998807907104,-5.939510289167961,-8.622363789299262,-3.25665678903666,random,2030,hybrid_gated,edge_gnn,rdkit,gated,721e3c494613d3aa378fb20e47d69b51245b538e
freesolv,2be6ddc7a67dd59d,CC[C@H](C)n1c(=O)[nH]c(C)c(Br)c1=O,hydration_free_energy,kcal/mol,train,,-9.729999542236328,-22.44204654251687,-25.12490004264817,-19.75919304238557,random,2030,hybrid_gated,edge_gnn,rdkit,gated,721e3c494613d3aa378fb20e47d69b51245b538e
freesolv,7e80f2c2416f6238,CC[N+](=O)[O-],hydration_free_energy,kcal/mol,train,,-3.7100000381469727,-2.908166111304346,-5.591019611435647,-0.22531261117304524,random,2030,hybrid_gated,edge_gnn,rdkit,gated,721e3c494613d3aa378fb20e47d69b51245b538e
freesolv,8c11f08cc436c38e,CCc1ccc(C)cc1,hydration_free_energy,kcal/mol,test,,-0.949999988079071,-1.2915679854007296,-3.9744214855320306,1.3912855147305714,random,2030,hybrid_gated,edge_gnn,rdkit,gated,721e3c494613d3aa378fb20e47d69b51245b538e
freesolv,66b7acb5e2d6c3d2,CCc1ccc(O)cc1,hydration_free_energy,kcal/mol,train,,-6.130000114440918,-1.4153658425303033,-4.098219342661604,1.2674876576009977,random,2030,hybrid_gated,edge_gnn,rdkit,gated,721e3c494613d3aa378fb20e47d69b51245b538e
freesolv,7e17a2e61f09e50a,CCc1cccc(CC)c1N(COC)C(=O)CCl,hydration_free_energy,kcal/mol,train,,-8.210000038146973,-6.081352659729141,-8.764206159860443,-3.3984991595978404,random,2030,hybrid_gated,edge_gnn,rdkit,gated,721e3c494613d3aa378fb20e47d69b51245b538e
freesolv,d83d21ac42fea8f4,CCc1cccc(O)c1,hydration_free_energy,kcal/mol,train,,-6.25,-5.362940610727255,-8.045794110858555,-2.6800871105959536,random,2030,hybrid_gated,edge_gnn,rdkit,gated,721e3c494613d3aa378fb20e47d69b51245b538e
freesolv,2b77950e97163b16,CCc1cccc2ccccc12,hydration_free_energy,kcal/mol,train,,-2.4000000953674316,-4.754733958349273,-7.437587458480573,-2.0718804582179717,random,2030,hybrid_gated,edge_gnn,rdkit,gated,721e3c494613d3aa378fb20e47d69b51245b538e
freesolv,d9d3904fcfb40c49,CCc1ccccc1,hydration_free_energy,kcal/mol,train,,-0.7900000214576721,-1.9730007158182628,-4.655854215949564,0.7098527843130382,random,2030,hybrid_gated,edge_gnn,rdkit,gated,721e3c494613d3aa378fb20e47d69b51245b538e
freesolv,d3d42d2d2434b6a4,CCc1ccccc1C,hydration_free_energy,kcal/mol,validation,,-0.8500000238418579,-1.489702467372338,-4.172555967503639,1.193151032758963,random,2030,hybrid_gated,edge_gnn,rdkit,gated,721e3c494613d3aa378fb20e47d69b51245b538e
freesolv,5dce688cbe158876,CCc1ccccc1O,hydration_free_energy,kcal/mol,train,,-5.659999847412109,-4.417643838091462,-7.1004973382227625,-1.734790337960161,random,2030,hybrid_gated,edge_gnn,rdkit,gated,721e3c494613d3aa378fb20e47d69b51245b538e
freesolv,ef41bd7574f5dbfd,CCc1ccccn1,hydration_free_energy,kcal/mol,train,,-4.329999923706055,0.1720815887325764,-2.5107719113987246,2.8549350888638774,random,2030,hybrid_gated,edge_gnn,rdkit,gated,721e3c494613d3aa378fb20e47d69b51245b538e
freesolv,5574eabc651548ff,CCc1cccnc1,hydration_free_energy,kcal/mol,train,,-4.590000152587891,0.9528324821416985,-1.7300210179896025,3.6356859822729994,random,2030,hybrid_gated,edge_gnn,rdkit,gated,721e3c494613d3aa378fb20e47d69b51245b538e
freesolv,74500def09ca4c11,CCc1ccncc1,hydration_free_energy,kcal/mol,calibration,,-4.730000019073486,-4.8000720345322865,-7.482925534663588,-2.1172185344009855,random,2030,hybrid_gated,edge_gnn,rdkit,gated,721e3c494613d3aa378fb20e47d69b51245b538e
freesolv,b06c750d00374d3a,CCc1cnccn1,hydration_free_energy,kcal/mol,train,,-5.449999809265137,1.020451861890939,-1.662401638240362,3.70330536202224,random,2030,hybrid_gated,edge_gnn,rdkit,gated,721e3c494613d3aa378fb20e47d69b51245b538e
freesolv,8ec2d1ea7f63089d,CCl,hydration_free_energy,kcal/mol,train,,-0.550000011920929,-17.377512850754798,-20.0603663508861,-14.694659350623496,random,2030,hybrid_gated,edge_gnn,rdkit,gated,721e3c494613d3aa378fb20e47d69b51245b538e
freesolv,c17d9f4bb13fd7ab,CF,hydration_free_energy,kcal/mol,calibration,,-0.2199999988079071,0.20213184649021398,-2.480721653641087,2.884985346621515,random,2030,hybrid_gated,edge_gnn,rdkit,gated,721e3c494613d3aa378fb20e47d69b51245b538e
freesolv,1d3ef8ffa7fbb106,CI,hydration_free_energy,kcal/mol,train,,-0.8899999856948853,-1.4376690170814008,-4.120522517212702,1.2451844830499001,random,2030,hybrid_gated,edge_gnn,rdkit,gated,721e3c494613d3aa378fb20e47d69b51245b538e
freesolv,6b48636a029cf296,CN,hydration_free_energy,kcal/mol,train,,-4.550000190734863,-7.6430070679852955,-10.325860568116596,-4.960153567853995,random,2030,hybrid_gated,edge_gnn,rdkit,gated,721e3c494613d3aa378fb20e47d69b51245b538e
freesolv,ae740ecf42fc66b3,CN(C)C,hydration_free_energy,kcal/mol,train,,-3.200000047683716,-4.094564074616836,-6.777417574748137,-1.4117105744855354,random,2030,hybrid_gated,edge_gnn,rdkit,gated,721e3c494613d3aa378fb20e47d69b51245b538e
freesolv,3730b07de9065cc6,CN(C)C(=O)Nc1ccccc1,hydration_free_energy,kcal/mol,calibration,,-9.130000114440918,-10.68724799508037,-13.37010149521167,-8.004394494949068,random,2030,hybrid_gated,edge_gnn,rdkit,gated,721e3c494613d3aa378fb20e47d69b51245b538e
freesolv,427a8b23dbe39998,CN(C)C(=O)c1ccc([N+](=O)[O-])cc1,hydration_free_energy,kcal/mol,calibration,,-11.949999809265137,-8.183863686547294,-10.866717186678596,-5.501010186415993,random,2030,hybrid_gated,edge_gnn,rdkit,gated,721e3c494613d3aa378fb20e47d69b51245b538e
freesolv,ab53bae8e7e2439a,CN(C)C(=O)c1ccccc1,hydration_free_energy,kcal/mol,train,,-9.289999961853027,-6.559451438113944,-9.242304938245246,-3.8765979379826434,random,2030,hybrid_gated,edge_gnn,rdkit,gated,721e3c494613d3aa378fb20e47d69b51245b538e
freesolv,df162aa01d1e1807,CN(C)C=O,hydration_free_energy,kcal/mol,train,,-7.809999942779541,-3.3091106520161726,-5.991964152147474,-0.6262571518848716,random,2030,hybrid_gated,edge_gnn,rdkit,gated,721e3c494613d3aa378fb20e47d69b51245b538e
freesolv,8ae90c7343e88285,CN(C)CCC=C1c2ccccc2CCc2ccccc21,hydration_free_energy,kcal/mol,validation,,-7.429999828338623,-4.48605235625681,-7.168905856388111,-1.8031988561255088,random,2030,hybrid_gated,edge_gnn,rdkit,gated,721e3c494613d3aa378fb20e47d69b51245b538e
freesolv,6ba867aa7081b5d5,CN(C)CCOC(c1ccccc1)c1ccccc1,hydration_free_energy,kcal/mol,calibration,,-9.34000015258789,-4.747137357027774,-7.4299908571590745,-2.064283856896473,random,2030,hybrid_gated,edge_gnn,rdkit,gated,721e3c494613d3aa378fb20e47d69b51245b538e
freesolv,f138fff4fe28c100,CN(C)c1ccccc1,hydration_free_energy,kcal/mol,train,,-3.450000047683716,-3.085452314675024,-5.768305814806325,-0.4025988145437229,random,2030,hybrid_gated,edge_gnn,rdkit,gated,721e3c494613d3aa378fb20e47d69b51245b538e
freesolv,22b8524d6432124c,CN(CC(F)(F)F)c1ccccc1,hydration_free_energy,kcal/mol,train,,-1.9199999570846558,-1.5741853273701092,-4.25703882750141,1.1086681727611918,random,2030,hybrid_gated,edge_gnn,rdkit,gated,721e3c494613d3aa378fb20e47d69b51245b538e
freesolv,aef820157b9e02ff,CN1CCCCC1,hydration_free_energy,kcal/mol,test,,-3.880000114440918,-3.8397435657790115,-6.522597065910313,-1.1568900656477106,random,2030,hybrid_gated,edge_gnn,rdkit,gated,721e3c494613d3aa378fb20e47d69b51245b538e
freesolv,caa26b776de24e5a,CN1CCN(C)CC1,hydration_free_energy,kcal/mol,train,,-7.579999923706055,0.0620363019816188,-2.620817198149682,2.7448898021129198,random,2030,hybrid_gated,edge_gnn,rdkit,gated,721e3c494613d3aa378fb20e47d69b51245b538e
freesolv,3cff3d64db2ccf3c,CN1CCNCC1,hydration_free_energy,kcal/mol,train,,-7.769999980926514,2.2270460453518583,-0.4558074547794426,4.909899545483159,random,2030,hybrid_gated,edge_gnn,rdkit,gated,721e3c494613d3aa378fb20e47d69b51245b538e
freesolv,d6cea68731e98da0,CN1CCOCC1,hydration_free_energy,kcal/mol,train,,-6.320000171661377,-4.3307439965372625,-7.013597496668563,-1.6478904964059615,random,2030,hybrid_gated,edge_gnn,rdkit,gated,721e3c494613d3aa378fb20e47d69b51245b538e
freesolv,9afd0df86add5901,CNC,hydration_free_energy,kcal/mol,train,,-4.289999961853027,-4.750748684540679,-7.4336021846719795,-2.067895184409378,random,2030,hybrid_gated,edge_gnn,rdkit,gated,721e3c494613d3aa378fb20e47d69b51245b538e
freesolv,5cb6cf4121e34498,CNC(=O)O/N=C\C(C)(C)SC,hydration_free_energy,kcal/mol,train,,-9.84000015258789,-4.390454637974389,-7.0733081381056895,-1.707601137843088,random,2030,hybrid_gated,edge_gnn,rdkit,gated,721e3c494613d3aa378fb20e47d69b51245b538e
freesolv,90a200a5ff27cc37,CNC(=O)Oc1cccc2c1OC(C)(C)C2,hydration_free_energy,kcal/mol,train,,-9.609999656677246,-5.01361438761797,-7.696467887749272,-2.330760887486669,random,2030,hybrid_gated,edge_gnn,rdkit,gated,721e3c494613d3aa378fb20e47d69b51245b538e
freesolv,0a5851c2ca44922c,CNC(=O)Oc1cccc2ccccc12,hydration_free_energy,kcal/mol,train,,-9.449999809265137,-7.394921633847497,-10.077775133978799,-4.712068133716196,random,2030,hybrid_gated,edge_gnn,rdkit,gated,721e3c494613d3aa378fb20e47d69b51245b538e
freesolv,d876777714879c8e,CNC(C)=O,hydration_free_energy,kcal/mol,train,,-10.0,-3.077583395819062,-5.760436895950363,-0.3947298956877612,random,2030,hybrid_gated,edge_gnn,rdkit,gated,721e3c494613d3aa378fb20e47d69b51245b538e
freesolv,6bfbe627b61bb1f8,CNc1ccccc1,hydration_free_energy,kcal/mol,train,,-4.690000057220459,-10.365642294383685,-13.048495794514986,-7.682788794252383,random,2030,hybrid_gated,edge_gnn,rdkit,gated,721e3c494613d3aa378fb20e47d69b51245b538e
freesolv,32c1365b28b1a0c9,CO,hydration_free_energy,kcal/mol,validation,,-5.099999904632568,-4.733972450503539,-7.4168259506348395,-2.051118950372238,random,2030,hybrid_gated,edge_gnn,rdkit,gated,721e3c494613d3aa378fb20e47d69b51245b538e
freesolv,c4ae432b7146eac6,COC,hydration_free_energy,kcal/mol,test,,-1.909999966621399,-1.9677269557270056,-4.650580455858306,0.7151265444042954,random,2030,hybrid_gated,edge_gnn,rdkit,gated,721e3c494613d3aa378fb20e47d69b51245b538e
freesolv,dba50d69eba4553d,COC(=O)C(C)(C)C,hydration_free_energy,kcal/mol,train,,-2.4000000953674316,1.0078712910277345,-1.6749822091035664,3.6907247911590355,random,2030,hybrid_gated,edge_gnn,rdkit,gated,721e3c494613d3aa378fb20e47d69b51245b538e
freesolv,78896c16a1730e57,COC(=O)C(F)(F)F,hydration_free_energy,kcal/mol,calibration,,-1.100000023841858,-0.8432570129551031,-3.526110513086404,1.8395964871761978,random,2030,hybrid_gated,edge_gnn,rdkit,gated,721e3c494613d3aa378fb20e47d69b51245b538e
freesolv,d0ab69455128b9fd,COC(=O)C1CC1,hydration_free_energy,kcal/mol,train,,-4.099999904632568,-2.9824251179228964,-5.665278618054197,-0.29957161779159547,random,2030,hybrid_gated,edge_gnn,rdkit,gated,721e3c494613d3aa378fb20e47d69b51245b538e
freesolv,86863ff15d16d981,COC(=O)C1CCCCC1,hydration_free_energy,kcal/mol,calibration,,-3.299999952316284,-3.54010836887848,-6.222961869009781,-0.8572548687471788,random,2030,hybrid_gated,edge_gnn,rdkit,gated,721e3c494613d3aa378fb20e47d69b51245b538e
freesolv,80ffd5e0b0a9be02,COC(=O)CC#N,hydration_free_energy,kcal/mol,validation,,-6.71999979019165,-7.517919298204479,-10.20077279833578,-4.8350657980731775,random,2030,hybrid_gated,edge_gnn,rdkit,gated,721e3c494613d3aa378fb20e47d69b51245b538e
freesolv,b6cd478b6894d483,COC(=O)CCl,hydration_free_energy,kcal/mol,validation,,-4.0,-3.5537874218432743,-6.236640921974575,-0.8709339217119734,random,2030,hybrid_gated,edge_gnn,rdkit,gated,721e3c494613d3aa378fb20e47d69b51245b538e
freesolv,1ee4d9131fedf122,COC(=O)c1ccc(O)cc1,hydration_free_energy,kcal/mol,train,,-9.510000228881836,-7.3063543674249205,-9.989207867556221,-4.62350086729362,random,2030,hybrid_gated,edge_gnn,rdkit,gated,721e3c494613d3aa378fb20e47d69b51245b538e
freesolv,f7f1cf0080e3fe6c,COC(=O)c1ccc(OC)cc1,hydration_free_energy,kcal/mol,test,,-5.329999923706055,-6.7333435974518565,-9.416197097583158,-4.050490097320555,random,2030,hybrid_gated,edge_gnn,rdkit,gated,721e3c494613d3aa378fb20e47d69b51245b538e
freesolv,03666b9268eeead7,COC(=O)c1ccc([N+](=O)[O-])cc1,hydration_free_energy,kcal/mol,train,,-6.880000114440918,-5.474579032316454,-8.157432532447755,-2.791725532185153,random,2030,hybrid_gated,edge_gnn,rdkit,gated,721e3c494613d3aa378fb20e47d69b51245b538e
freesolv,6606bca5fe63957e,COC(=O)c1ccccc1,hydration_free_energy,kcal/mol,train,,-3.9200000762939453,-8.450794302345484,-11.133647802476785,-5.7679408022141825,random,2030,hybrid_gated,edge_gnn,rdkit,gated,721e3c494613d3aa378fb20e47d69b51245b538e
freesolv,3df2b5140200cf21,COC(C)(C)C,hydration_free_energy,kcal/mol,train,,-2.2100000381469727,-4.866512045195126,-7.5493655453264275,-2.183658545063825,random,2030,hybrid_gated,edge_gnn,rdkit,gated,721e3c494613d3aa378fb20e47d69b51245b538e
freesolv,0b5928b255a9be06,COC(C)(OC)OC,hydration_free_energy,kcal/mol,train,,-4.420000076293945,2.1958242635350014,-0.4870292365962996,4.878677763666302,random,2030,hybrid_gated,edge_gnn,rdkit,gated,721e3c494613d3aa378fb20e47d69b51245b538e
freesolv,343056c6313cf7f2,COC(C)=O,hydration_free_energy,kcal/mol,train,,-3.130000114440918,-8.3258244457005,-11.008677945831801,-5.642970945569198,random,2030,hybrid_gated,edge_gnn,rdkit,gated,721e3c494613d3aa378fb20e47d69b51245b538e
freesolv,366c595dc8dd0749,COC(C)C,hydration_free_energy,kcal/mol,validation,,-2.009999990463257,-1.4499935547847471,-4.1328470549160485,1.2328599453465539,random,2030,hybrid_gated,edge_gnn,rdkit,gated,721e3c494613d3aa378fb20e47d69b51245b538e
freesolv,cecd292832da1853,COC(CC#N)(OC)OC,hydration_free_energy,kcal/mol,train,,-6.400000095367432,-3.573538198971013,-6.2563916991023145,-0.8906846988397121,random,2030,hybrid_gated,edge_gnn,rdkit,gated,721e3c494613d3aa378fb20e47d69b51245b538e
freesolv,8465a94b854e5f5e,COC(CCl)(OC)OC,hydration_free_energy,kcal/mol,train,,-4.590000152587891,-5.291348200166388,-7.974201700297689,-2.6084947000350867,random,2030,hybrid_gated,edge_gnn,rdkit,gated,721e3c494613d3aa378fb20e47d69b51245b538e
freesolv,792c6eb18e8ee8a5,COC(F)(F)C(Cl)Cl,hydration_free_energy,kcal/mol,train,,-1.1200000047683716,-3.4484258243322166,-6.1312793244635175,-0.7655723242009156,random,2030,hybrid_gated,edge_gnn,rdkit,gated,721e3c494613d3aa378fb20e47d69b51245b538e
freesolv,c89b39a05b1f8fe2,COC(OC)(OC)C(F)(F)F,hydration_free_energy,kcal/mol,train,,-0.800000011920929,2.4189710694446513,-0.2638824306866496,5.101824569575952,random,2030,hybrid_gated,edge_gnn,rdkit,gated,721e3c494613d3aa378fb20e47d69b51245b538e
freesolv,4f9776f71274bb0a,COC(OC)(OC)c1ccccc1,hydration_free_energy,kcal/mol,train,,-4.039999961853027,-6.963828831970279,-9.64668233210158,-4.280975331838977,random,2030,hybrid_gated,edge_gnn,rdkit,gated,721e3c494613d3aa378fb20e47d69b51245b538e
freesolv,43e9689fb007ea3d,COC(OC)OC,hydration_free_energy,kcal/mol,train,,-4.420000076293945,0.05861682104253463,-2.6242366790887663,2.7414703211738356,random,2030,hybrid_gated,edge_gnn,rdkit,gated,721e3c494613d3aa378fb20e47d69b51245b538e
freesolv,79cb04263c54cc58,COC=O,hydration_free_energy,kcal/mol,train,,-2.7799999713897705,-5.5179569214803355,-8.200810421611637,-2.8351034213490345,random,2030,hybrid_gated,edge_gnn,rdkit,gated,721e3c494613d3aa378fb20e47d69b51245b538e
freesolv,cbf68aa07930e926,COCC(OC)(OC)OC,hydration_free_energy,kcal/mol,validation,,-5.730000019073486,-5.453240439516631,-8.136093939647932,-2.77038693938533,random,2030,hybrid_gated,edge_gnn,rdkit,gated,721e3c494613d3aa378fb20e47d69b51245b538e
freesolv,f3a3789f1e894352,COCCN,hydration_free_energy,kcal/mol,train,,-6.550000190734863,-0.7214684336965766,-3.4043219338278776,1.9613850664347243,random,2030,hybrid_gated,edge_gnn,rdkit,gated,721e3c494613d3aa378fb20e47d69b51245b538e
freesolv,36f9489fd7c43523,COCCO,hydration_free_energy,kcal/mol,train,,-6.619999885559082,-1.3683993288867264,-4.051252829018027,1.3144541712445745,random,2030,hybrid_gated,edge_gnn,rdkit,gated,721e3c494613d3aa378fb20e47d69b51245b538e
freesolv,6176386a08c65b6a,COCCOC,hydration_free_energy,kcal/mol,train,,-4.840000152587891,0.6534438984252033,-2.0294096017060976,3.3362973985565043,random,2030,hybrid_gated,edge_gnn,rdkit,gated,721e3c494613d3aa378fb20e47d69b51245b538e
freesolv,dde41266c6fb0f78,COCOC,hydration_free_energy,kcal/mol,train,,-2.930000066757202,-7.808489120455716,-10.491342620587018,-5.125635620324415,random,2030,hybrid_gated,edge_gnn,rdkit,gated,721e3c494613d3aa378fb20e47d69b51245b538e
freesolv,b4138e6574e5938a,COP(=O)(OC)OC,hydration_free_energy,kcal/mol,train,,-8.699999809265137,-12.86474987446194,-15.547603374593242,-10.18189637433064,random,2030,hybrid_gated,edge_gnn,rdkit,gated,721e3c494613d3aa378fb20e47d69b51245b538e
freesolv,cfd15d18e41c6b74,COP(=O)(OC)[C@@H](O)C(Cl)(Cl)Cl,hydration_free_energy,kcal/mol,train,,-12.739999771118164,-0.10717570432182777,-2.7900292044531287,2.575677795809473,random,2030,hybrid_gated,edge_gnn,rdkit,gated,721e3c494613d3aa378fb20e47d69b51245b538e
freesolv,f7eaea59fbdc4fd0,COP(=S)(OC)Oc1ccc([N+](=O)[O-])cc1,hydration_free_energy,kcal/mol,calibration,,-7.190000057220459,-7.599291248332335,-10.282144748463637,-4.916437748201034,random,2030,hybrid_gated,edge_gnn,rdkit,gated,721e3c494613d3aa378fb20e47d69b51245b538e
freesolv,2ef9be15cbbcce71,COP(=S)(OC)SCn1nnc2ccccc2c1=O,hydration_free_energy,kcal/mol,validation,,-10.029999732971191,-9.180746980652732,-11.863600480784033,-6.49789348052143,random,2030,hybrid_gated,edge_gnn,rdkit,gated,721e3c494613d3aa378fb20e47d69b51245b538e
freesolv,f5ba54488f372966,COS(=O)(=O)OC,hydration_free_energy,kcal/mol,test,,-5.099999904632568,-6.091600642510151,-8.774454142641453,-3.4087471423788505,random,2030,hybrid_gated,edge_gnn,rdkit,gated,721e3c494613d3aa378fb20e47d69b51245b538e
freesolv,5b75e056d7667332,COS(C)(=O)=O,hydration_free_energy,kcal/mol,train,,-4.869999885559082,-6.420402372685844,-9.103255872817146,-3.737548872554543,random,2030,hybrid_gated,edge_gnn,rdkit,gated,721e3c494613d3aa378fb20e47d69b51245b538e
freesolv,58aa2cd0ec0f3549,COc1c(Cl)cc(Cl)c(OC)c1O,hydration_free_energy,kcal/mol,train,,-6.440000057220459,-1.3245325518925326,-4.007386052023834,1.3583209482387684,random,2030,hybrid_gated,edge_gnn,rdkit,gated,721e3c494613d3aa378fb20e47d69b51245b538e
freesolv,f4958df0775de6da,COc1c(Cl)ccc(Cl)c1C(=O)O,hydration_free_energy,kcal/mol,train,,-9.859999656677246,-4.698585910165282,-7.381439410296583,-2.0157324100339813,random,2030,hybrid_gated,edge_gnn,rdkit,gated,721e3c494613d3aa378fb20e47d69b51245b538e
freesolv,1602b6352b27cd5c,COc1c(O)c(OC)c(Cl)c(C=O)c1Cl,hydration_free_energy,kcal/mol,test,,-8.680000305175781,-7.608943484503685,-10.291796984634987,-4.926089984372384,random,2030,hybrid_gated,edge_gnn,rdkit,gated,721e3c494613d3aa378fb20e47d69b51245b538e
freesolv,dfc5e1986eb52bfc,COc1cc(C)ccc1O,hydration_free_energy,kcal/mol,train,,-5.800000190734863,-4.425928662252132,-7.108782162383433,-1.7430751621208311,random,2030,hybrid_gated,edge_gnn,rdkit,gated,721e3c494613d3aa378fb20e47d69b51245b538e
freesolv,2dcda2689245ae18,COc1cc(C=O)c(Cl)c(OC)c1O,hydration_free_energy,kcal/mol,train,,-7.78000020980835,-5.525535812058649,-8.20838931218995,-2.8426823119273483,random,2030,hybrid_gated,edge_gnn,rdkit,gated,721e3c494613d3aa378fb20e47d69b51245b538e
freesolv,b57067c3389817fe,COc1ccc(C(=O)N(C)C)cc1,hydration_free_energy,kcal/mol,train,,-11.010000228881836,-0.5536259789566773,-3.2364794790879783,2.1292275211746237,random,2030,hybrid_gated,edge_gnn,rdkit,gated,721e3c494613d3aa378fb20e47d69b51245b538e
freesolv,b0f92eb0fbf5865f,COc1ccc(C(C)=O)cc1,hydration_free_energy,kcal/mol,train,,-4.400000095367432,-0.70534500101224,-3.388198501143541,1.977508499119061,random,2030,hybrid_gated,edge_gnn,rdkit,gated,721e3c494613d3aa378fb20e47d69b51245b538e
freesolv,9f101fc6ba15503f,COc1ccc(N)cc1,hydration_free_energy,kcal/mol,train,,-7.480000019073486,-3.4420834170154713,-6.124936917146773,-0.7592299168841703,random,2030,hybrid_gated,edge_gnn,rdkit,gated,721e3c494613d3aa378fb20e47d69b51245b538e
freesolv,47a5d1f5f0d9c9e0,COc1ccc2cc([C@H](C)C(=O)O)ccc2c1,hydration_free_energy,kcal/mol,train,,-10.210000038146973,-4.6542276303317145,-7.337081130463016,-1.9713741302004135,random,2030,hybrid_gated,edge_gnn,rdkit,gated,721e3c494613d3aa378fb20e47d69b51245b538e
freesolv,f3601ce4990f38bf,COc1cccc(N)c1,hydration_free_energy,kcal/mol,validation,,-7.289999961853027,-6.846591794846048,-9.529445294977348,-4.163738294714747,random,2030,hybrid_gated,edge_gnn,rdkit,gated,721e3c494613d3aa378fb20e47d69b51245b538e
freesolv,128c8182726e93c8,COc1cccc(O)c1,hydration_free_energy,kcal/mol,test,,-7.659999847412109,-6.712379069811769,-9.39523256994307,-4.029525569680468,random,2030,hybrid_gated,edge_gnn,rdkit,gated,721e3c494613d3aa378fb20e47d69b51245b538e
freesolv,31e7b18f3228ba99,COc1cccc(OC)c1O,hydration_free_energy,kcal/mol,calibration,,-6.960000038146973,-6.2758413436138625,-8.958694843745164,-3.5929878434825615,random,2030,hybrid_gated,edge_gnn,rdkit,gated,721e3c494613d3aa378fb20e47d69b51245b538e
freesolv,ad217bed88d732e8,COc1ccccc1,hydration_free_energy,kcal/mol,calibration,,-2.450000047683716,-2.9424188074866686,-5.625272307617969,-0.25956530735536765,random,2030,hybrid_gated,edge_gnn,rdkit,gated,721e3c494613d3aa378fb20e47d69b51245b538e
freesolv,b00362e6f2a54653,COc1ccccc1N,hydration_free_energy,kcal/mol,train,,-6.119999885559082,0.7918534752738995,-1.8910000248574015,3.4747069754052005,random,2030,hybrid_gated,edge_gnn,rdkit,gated,721e3c494613d3aa378fb20e47d69b51245b538e
freesolv,3d2d00e608cdd36c,COc1ccccc1O,hydration_free_energy,kcal/mol,validation,,-5.940000057220459,-5.054633182016905,-7.737486682148205,-2.3717796818856036,random,2030,hybrid_gated,edge_gnn,rdkit,gated,721e3c494613d3aa378fb20e47d69b51245b538e
freesolv,db3f12030831b04a,COc1ccccc1OC,hydration_free_energy,kcal/mol,train,,-5.329999923706055,-0.000748639198571599,-2.6836021393298726,2.6821048609327294,random,2030,hybrid_gated,edge_gnn,rdkit,gated,721e3c494613d3aa378fb20e47d69b51245b538e
freesolv,5987ac0025350d65,CS,hydration_free_energy,kcal/mol,train,,-1.2000000476837158,-3.757234785036009,-6.44008828516731,-1.074381284904708,random,2030,hybrid_gated,edge_gnn,rdkit,gated,721e3c494613d3aa378fb20e47d69b51245b538e
freesolv,0d11fc91d7076b61,CS(=O)(=O)Cl,hydration_free_energy,kcal/mol,train,,-4.869999885559082,-10.284243243252835,-12.967096743384136,-7.601389743121533,random,2030,hybrid_gated,edge_gnn,rdkit,gated,721e3c494613d3aa378fb20e47d69b51245b538e
freesolv,aa2bea624cb0b32d,CS(C)(=O)=O,hydration_free_energy,kcal/mol,train,,-10.079999923706055,0.8606691028043882,-1.8221843973269127,3.543522602935689,random,2030,hybrid_gated,edge_gnn,rdkit,gated,721e3c494613d3aa378fb20e47d69b51245b538e
freesolv,f2cc1c4234198db0,CS(C)=O,hydration_free_energy,kcal/mol,train,,-9.279999732971191,-5.480524849736326,-8.163378349867626,-2.7976713496050247,random,2030,hybrid_gated,edge_gnn,rdkit,gated,721e3c494613d3aa378fb20e47d69b51245b538e
freesolv,91658d5a001d49e4,CSC,hydration_free_energy,kcal/mol,train,,-1.6100000143051147,0.37594341600343517,-2.306910084127866,3.058796916134736,random,2030,hybrid_gated,edge_gnn,rdkit,gated,721e3c494613d3aa378fb20e47d69b51245b538e
freesolv,60bb71e7a2455ffa,CSSC,hydration_free_energy,kcal/mol,train,,-1.8300000429153442,-0.2548944756987215,-2.9377479758300225,2.4279590244325795,random,2030,hybrid_gated,edge_gnn,rdkit,gated,721e3c494613d3aa378fb20e47d69b51245b538e
freesolv,941bd3545404064b,CSc1ccccc1,hydration_free_energy,kcal/mol,calibration,,-2.7300000190734863,-1.6690145895808128,-4.351868089712114,1.0138389105504881,random,2030,hybrid_gated,edge_gnn,rdkit,gated,721e3c494613d3aa378fb20e47d69b51245b538e
freesolv,63b335b2fd4df5b3,C[C@@H](CCO[N+](=O)[O-])O[N+](=O)[O-],hydration_free_energy,kcal/mol,train,,-4.289999961853027,-6.447717093237834,-9.130570593369136,-3.7648635931065333,random,2030,hybrid_gated,edge_gnn,rdkit,gated,721e3c494613d3aa378fb20e47d69b51245b538e
freesolv,eefa0b3674c064ad,C[C@@H](CO[N+](=O)[O-])O[N+](=O)[O-],hydration_free_energy,kcal/mol,calibration,,-4.949999809265137,-5.28684479797162,-7.969698298102921,-2.603991297840319,random,2030,hybrid_gated,edge_gnn,rdkit,gated,721e3c494613d3aa378fb20e47d69b51245b538e
freesolv,7beeddda4325576e,C[C@@H](O)C(F)(F)F,hydration_free_energy,kcal/mol,validation,,-4.199999809265137,-4.35463376840395,-7.037487268535251,-1.671780268272649,random,2030,hybrid_gated,edge_gnn,rdkit,gated,721e3c494613d3aa378fb20e47d69b51245b538e
freesolv,0e2e060fa7263040,C[C@@H]1CCCC[C@@H]1C,hydration_free_energy,kcal/mol,calibration,,1.5800000429153442,1.474062269062237,-1.208791231069064,4.156915769193538,random,2030,hybrid_gated,edge_gnn,rdkit,gated,721e3c494613d3aa378fb20e47d69b51245b538e
freesolv,76ad3abc60765b03,C[C@H](C(=O)O)c1ccc(-c2ccccc2)c(F)c1,hydration_free_energy,kcal/mol,validation,,-8.420000076293945,-8.83527623181139,-11.518129731942691,-6.152422731680089,random,2030,hybrid_gated,edge_gnn,rdkit,gated,721e3c494613d3aa378fb20e47d69b51245b538e
freesolv,e8b904ba4abc81e9,C[C@H](C(=O)O)c1cccc(C(=O)c2ccccc2)c1,hydration_free_energy,kcal/mol,train,,-10.779999732971191,-4.693783564889251,-7.376637065020551,-2.0109300647579498,random,2030,hybrid_gated,edge_gnn,rdkit,gated,721e3c494613d3aa378fb20e47d69b51245b538e
freesolv,8c52d3fff30b9cac,C[C@H](Cl)CCl,hydration_free_energy,kcal/mol,train,,-1.2699999809265137,-0.9522929062086085,-3.6351464063399095,1.7305605939226925,random,2030,hybrid_gated,edge_gnn,rdkit,gated,721e3c494613d3aa378fb20e47d69b51245b538e
freesolv,8092a23e37101382,C[C@H](O)C(F)(F)F,hydration_free_energy,kcal/mol,train,,-4.159999847412109,-1.4500425267726125,-4.1328960269039134,1.2328109733586885,random,2030,hybrid_gated,edge_gnn,rdkit,gated,721e3c494613d3aa378fb20e47d69b51245b538e
freesolv,39051be56e99ad8d,C[C@H]1CCCO1,hydration_free_energy,kcal/mol,train,,-3.299999952316284,-3.1680515361007124,-5.850905036232014,-0.48519803596941147,random,2030,hybrid_gated,edge_gnn,rdkit,gated,721e3c494613d3aa378fb20e47d69b51245b538e
freesolv,8efd3b8359228fb2,C[C@H]1CC[C@H](C)O1,hydration_free_energy,kcal/mol,train,,-2.9200000762939453,-0.3155600708992168,-2.9984135710305178,2.367293429232084,random,2030,hybrid_gated,edge_gnn,rdkit,gated,721e3c494613d3aa378fb20e47d69b51245b538e
freesolv,5fc027dd434528e2,C[N+](=O)[O-],hydration_free_energy,kcal/mol,train,,-4.019999980926514,-3.070576835632909,-5.75343033576421,-0.3877233355016081,random,2030,hybrid_gated,edge_gnn,rdkit,gated,721e3c494613d3aa378fb20e47d69b51245b538e
freesolv,bba10d76dab59e54,Cc1[nH]c(=O)n(C(C)(C)C)c(=O)c1Cl,hydration_free_energy,kcal/mol,calibration,,-11.140000343322754,-12.174739320004884,-14.857592820136185,-9.491885819873582,random,2030,hybrid_gated,edge_gnn,rdkit,gated,721e3c494613d3aa378fb20e47d69b51245b538e
freesolv,9dcf8b914c150733,Cc1c[nH]c2ccccc12,hydration_free_energy,kcal/mol,validation,,-5.880000114440918,-6.961249006667794,-9.644102506799095,-4.2783955065364925,random,2030,hybrid_gated,edge_gnn,rdkit,gated,721e3c494613d3aa378fb20e47d69b51245b538e
freesolv,43e45de3a2ec7d7d,Cc1c[nH]cn1,hydration_free_energy,kcal/mol,calibration,,-10.270000457763672,-9.639401027117941,-12.322254527249243,-6.95654752698664,random,2030,hybrid_gated,edge_gnn,rdkit,gated,721e3c494613d3aa378fb20e47d69b51245b538e
freesolv,2b84963bcd80619e,Cc1cc(C)c2ccccc2c1,hydration_free_energy,kcal/mol,train,,-2.4700000286102295,-0.17928362825980848,-2.8621371283911095,2.5035698718714925,random,2030,hybrid_gated,edge_gnn,rdkit,gated,721e3c494613d3aa378fb20e47d69b51245b538e
freesolv,ceb5d836647f1bc3,Cc1cc(C)cc(C)c1,hydration_free_energy,kcal/mol,train,,-0.8999999761581421,-1.6984536484025226,-4.381307148533823,0.9843998517287784,random,2030,hybrid_gated,edge_gnn,rdkit,gated,721e3c494613d3aa378fb20e47d69b51245b538e
freesolv,7cd11e1061f8550e,Cc1cc(C)cc(O)c1,hydration_free_energy,kcal/mol,train,,-6.269999980926514,0.4886574383649429,-2.194196061766358,3.171510938496244,random,2030,hybrid_gated,edge_gnn,rdkit,gated,721e3c494613d3aa378fb20e47d69b51245b538e
freesolv,4b34ae40486b3c5f,Cc1cc(O)ccc1Cl,hydration_free_energy,kcal/mol,train,,-6.789999961853027,-5.854965382137021,-8.537818882268322,-3.1721118820057197,random,2030,hybrid_gated,edge_gnn,rdkit,gated,721e3c494613d3aa378fb20e47d69b51245b538e
freesolv,967700a6cac6d34b,Cc1cc2ccccc2cc1C,hydration_free_energy,kcal/mol,test,,-2.7799999713897705,-2.9531533008170268,-5.636006800948328,-0.2702998006857258,random,2030,hybrid_gated,edge_gnn,rdkit,gated,721e3c494613d3aa378fb20e47d69b51245b538e
freesolv,70816019155cbeb1,Cc1ccc(Br)cc1,hydration_free_energy,kcal/mol,train,,-1.3899999856948853,-3.787785995324854,-6.470639495456155,-1.104932495193553,random,2030,hybrid_gated,edge_gnn,rdkit,gated,721e3c494613d3aa378fb20e47d69b51245b538e
freesolv,7a4c55f55feeaf18,Cc1ccc(C(=O)N(C)C)cc1,hydration_free_energy,kcal/mol,train,,-9.760000228881836,-4.075548204183207,-6.758401704314508,-1.3926947040519058,random,2030,hybrid_gated,edge_gnn,rdkit,gated,721e3c494613d3aa378fb20e47d69b51245b538e
freesolv,4bd93a52b68e3179,Cc1ccc(C(C)C)cc1,hydration_free_energy,kcal/mol,train,,-0.6800000071525574,-4.434293957373445,-7.117147457504746,-1.7514404572421438,random,2030,hybrid_gated,edge_gnn,rdkit,gated,721e3c494613d3aa378fb20e47d69b51245b538e
freesolv,075799439fc6d183,Cc1ccc(C)c(C)c1,hydration_free_energy,kcal/mol,validation,,-0.8600000143051147,-1.6912176806033123,-4.374071180734614,0.9916358195279886,random,2030,hybrid_gated,edge_gnn,rdkit,gated,721e3c494613d3aa378fb20e47d69b51245b538e
freesolv,8961bdfb7ede6e86,Cc1ccc(C)c(O)c1,hydration_free_energy,kcal/mol,train,,-5.909999847412109,-3.0312400863802833,-5.714093586511584,-0.34838658624898233,random,2030,hybrid_gated,edge_gnn,rdkit,gated,721e3c494613d3aa378fb20e47d69b51245b538e
freesolv,cc9a7bf8731f0c53,Cc1ccc(C)c2ccccc12,hydration_free_energy,kcal/mol,validation,,-2.819999933242798,-2.9467043318810555,-5.629557832012356,-0.26385083174975454,random,2030,hybrid_gated,edge_gnn,rdkit,gated,721e3c494613d3aa378fb20e47d69b51245b538e
freesolv,34be3af199e92ace,Cc1ccc(C)cc1,hydration_free_energy,kcal/mol,train,,-0.800000011920929,-8.984185783223314,-11.667039283354615,-6.301332283092012,random,2030,hybrid_gated,edge_gnn,rdkit,gated,721e3c494613d3aa378fb20e47d69b51245b538e
freesolv,645ebc5211491348,Cc1ccc(C)nc1,hydration_free_energy,kcal/mol,train,,-4.71999979019165,-3.578425948065688,-6.261279448196989,-0.895572447934387,random,2030,hybrid_gated,edge_gnn,rdkit,gated,721e3c494613d3aa378fb20e47d69b51245b538e
freesolv,a2b8c44da80cf8f1,Cc1ccc(C=O)cc1,hydration_free_energy,kcal/mol,train,,-4.269999980926514,-3.7277459221780966,-6.410599422309398,-1.0448924220467957,random,2030,hybrid_gated,edge_gnn,rdkit,gated,721e3c494613d3aa378fb20e47d69b51245b538e
freesolv,e51c7600c42704bd,Cc1ccc(N)cc1,hydration_free_energy,kcal/mol,train,,-5.570000171661377,-4.084820907448601,-6.767674407579902,-1.4019674073173003,random,2030,hybrid_gated,edge_gnn,rdkit,gated,721e3c494613d3aa378fb20e47d69b51245b538e
freesolv,0317a2fef5322bb6,Cc1ccc(O)c(C)c1,hydration_free_energy,kcal/mol,train,,-6.010000228881836,-3.446954970883577,-6.1298084710148775,-0.764101470752276,random,2030,hybrid_gated,edge_gnn,rdkit,gated,721e3c494613d3aa378fb20e47d69b51245b538e
freesolv,303fffa88a746bce,Cc1ccc(O)cc1,hydration_free_energy,kcal/mol,validation,,-6.130000114440918,-6.114838563936421,-8.797692064067721,-3.43198506380512,random,2030,hybrid_gated,edge_gnn,rdkit,gated,721e3c494613d3aa378fb20e47d69b51245b538e
freesolv,c7963a073ba52ba9,Cc1ccc(O)cc1C,hydration_free_energy,kcal/mol,test,,-6.5,-5.9959635802277695,-8.678817080359071,-3.3131100800964686,random,2030,hybrid_gated,edge_gnn,rdkit,gated,721e3c494613d3aa378fb20e47d69b51245b538e
freesolv,204d7c1d632d08ff,Cc1ccc2cc(C)ccc2c1,hydration_free_energy,kcal/mol,train,,-2.630000114440918,-7.299155247480657,-9.982008747611959,-4.616301747349356,random,2030,hybrid_gated,edge_gnn,rdkit,gated,721e3c494613d3aa378fb20e47d69b51245b538e
freesolv,5777c886aebe8d88,Cc1cccc(C)c1,hydration_free_energy,kcal/mol,train,,-0.8299999833106995,0.4179433142563451,-2.264910185874956,3.100796814387646,random,2030,hybrid_gated,edge_gnn,rdkit,gated,721e3c494613d3aa378fb20e47d69b51245b538e
freesolv,6c6362cf1ea134cd,Cc1cccc(C)c1C,hydration_free_energy,kcal/mol,validation,,-1.2100000381469727,-1.323877610986861,-4.006731111118162,1.35897588914444,random,2030,hybrid_gated,edge_gnn,rdkit,gated,721e3c494613d3aa378fb20e47d69b51245b538e
freesolv,46065e9d43127bda,Cc1cccc(C)c1N,hydration_free_energy,kcal/mol,train,,-5.210000038146973,-4.089622717836416,-6.772476217967718,-1.4067692177051154,random,2030,hybrid_gated,edge_gnn,rdkit,gated,721e3c494613d3aa378fb20e47d69b51245b538e
freesolv,90fe3b9955e6cbdb,Cc1cccc(C)c1O,hydration_free_energy,kcal/mol,train,,-5.260000228881836,1.72148634363576,-0.961367156495541,4.404339843767061,random,2030,hybrid_gated,edge_gnn,rdkit,gated,721e3c494613d3aa378fb20e47d69b51245b538e
freesolv,5c1b4ae8424cac54,Cc1cccc(C)n1,hydration_free_energy,kcal/mol,train,,-4.590000152587891,-1.9305165654329197,-4.6133700655642205,0.7523369346983813,random,2030,hybrid_gated,edge_gnn,rdkit,gated,721e3c494613d3aa378fb20e47d69b51245b538e
freesolv,ece8755eefcca82d,Cc1cccc(Nc2ccccc2C(=O)O)c1C,hydration_free_energy,kcal/mol,train,,-6.78000020980835,-0.541899089687762,-3.224752589819063,2.140954410443539,random,2030,hybrid_gated,edge_gnn,rdkit,gated,721e3c494613d3aa378fb20e47d69b51245b538e
freesolv,4d8ccb9d19efe382,Cc1cccc(O)c1,hydration_free_energy,kcal/mol,train,,-5.489999771118164,-8.630439719345157,-11.313293219476458,-5.947586219213855,random,2030,hybrid_gated,edge_gnn,rdkit,gated,721e3c494613d3aa378fb20e47d69b51245b538e
freesolv,05900ca825c16377,Cc1cccc(O)c1C,hydration_free_energy,kcal/mol,train,,-6.159999847412109,-5.747311521172126,-8.430165021303427,-3.0644580210408248,random,2030,hybrid_gated,edge_gnn,rdkit,gated,721e3c494613d3aa378fb20e47d69b51245b538e
freesolv,5e20fb1606241f76,Cc1cccc([N+](=O)[O-])c1,hydration_free_energy,kcal/mol,test,,-3.450000047683716,-5.011784713323778,-7.694638213455079,-2.3289312131924773,random,2030,hybrid_gated,edge_gnn,rdkit,gated,721e3c494613d3aa378fb20e47d69b51245b538e
freesolv,3d2a5a9bdd85ae66,Cc1cccc2ccccc12,hydration_free_energy,kcal/mol,calibration,,-2.440000057220459,-2.9319790969958865,-5.6148325971271875,-0.24912559686458557,random,2030,hybrid_gated,edge_gnn,rdkit,gated,721e3c494613d3aa378fb20e47d69b51245b538e
freesolv,4f125c9e2659a314,Cc1ccccc1,hydration_free_energy,kcal/mol,calibration,,-0.8999999761581421,-0.9764612954043153,-3.6593147955356162,1.7063922047269857,random,2030,hybrid_gated,edge_gnn,rdkit,gated,721e3c494613d3aa378fb20e47d69b51245b538e
freesolv,c00af97cfccb1719,Cc1ccccc1C,hydration_free_energy,kcal/mol,train,,-0.8999999761581421,-3.2262860049230415,-5.909139505054343,-0.5434325047917405,random,2030,hybrid_gated,edge_gnn,rdkit,gated,721e3c494613d3aa378fb20e47d69b51245b538e
freesolv,ccb7ce5930753de8,Cc1ccccc1C=O,hydration_free_energy,kcal/mol,train,,-3.930000066757202,-5.95253232110624,-8.635385821237541,-3.269678820974939,random,2030,hybrid_gated,edge_gnn,rdkit,gated,721e3c494613d3aa378fb20e47d69b51245b538e
freesolv,6371bdc9e0fe2c8e,Cc1ccccc1Cl,hydration_free_energy,kcal/mol,train,,-1.1399999856948853,-3.0108171033438698,-5.693670603475171,-0.3279636032125688,random,2030,hybrid_gated,edge_gnn,rdkit,gated,721e3c494613d3aa378fb20e47d69b51245b538e
freesolv,9fcb7285eb66a730,Cc1ccccc1N,hydration_free_energy,kcal/mol,train,,-5.53000020980835,-2.507685556404732,-5.190539056536033,0.17516794372656896,random,2030,hybrid_gated,edge_gnn,rdkit,gated,721e3c494613d3aa378fb20e47d69b51245b538e
freesolv,409664775e84e6ca,Cc1ccccc1O,hydration_free_energy,kcal/mol,train,,-5.900000095367432,-3.202801916052916,-5.885655416184218,-0.5199484159216152,random,2030,hybrid_gated,edge_gnn,rdkit,gated,721e3c494613d3aa378fb20e47d69b51245b538e
freesolv,131ca815559de33c,Cc1ccccc1[N+](=O)[O-],hydration_free_energy,kcal/mol,train,,-3.5799999237060547,-0.7712912504187885,-3.4541447505500895,1.9115622497125124,random,2030,hybrid_gated,edge_gnn,rdkit,gated,721e3c494613d3aa378fb20e47d69b51245b538e
freesolv,9e03a65773ba0113,Cc1ccccn1,hydration_free_energy,kcal/mol,train,,-4.630000114440918,-0.8461392283962499,-3.528992728527551,1.836714271735051,random,2030,hybrid_gated,edge_gnn,rdkit,gated,721e3c494613d3aa378fb20e47d69b51245b538e
freesolv,0de8988b53c23a36,Cc1cccnc1,hydration_free_energy,kcal/mol,train,,-4.769999980926514,-4.521369123398763,-7.204222623530065,-1.8385156232674622,random,2030,hybrid_gated,edge_gnn,rdkit,gated,721e3c494613d3aa378fb20e47d69b51245b538e
freesolv,995ffa71ceee0953,Cc1cccnc1C,hydration_free_energy,kcal/mol,train,,-4.820000171661377,1.0526392952355041,-1.6302142048957968,3.735492795366805,random,2030,hybrid_gated,edge_gnn,rdkit,gated,721e3c494613d3aa378fb20e47d69b51245b538e
freesolv,223487757991e398,Cc1cccs1,hydration_free_energy,kcal/mol,train,,-1.3799999952316284,-9.435824473562802,-12.118677973694103,-6.7529709734315,random,2030,hybrid_gated,edge_gnn,rdkit,gated,721e3c494613d3aa378fb20e47d69b51245b538e
freesolv,eb8e7ab81714406e,Cc1ccnc(C)c1,hydration_free_energy,kcal/mol,test,,-4.860000133514404,-5.034463854859384,-7.717317354990685,-2.351610354728083,random,2030,hybrid_gated,edge_gnn,rdkit,gated,721e3c494613d3aa378fb20e47d69b51245b538e
freesolv,f8014d3a408f32f1,Cc1ccncc1,hydration_free_energy,kcal/mol,train,,-4.929999828338623,-13.793450848685785,-16.476304348817084,-11.110597348554483,random,2030,hybrid_gated,edge_gnn,rdkit,gated,721e3c494613d3aa378fb20e47d69b51245b538e
freesolv,0021d8f1e075cf09,Cc1ccncc1C,hydration_free_energy,kcal/mol,train,,-5.21999979019165,-1.1276454292429046,-3.8104989293742055,1.5552080708883964,random,2030,hybrid_gated,edge_gnn,rdkit,gated,721e3c494613d3aa378fb20e47d69b51245b538e
freesolv,3ce397d40b765988,Cc1cncc(C)c1,hydration_free_energy,kcal/mol,train,,-4.840000152587891,-3.2815795394644054,-5.964433039595706,-0.5987260393331044,random,2030,hybrid_gated,edge_gnn,rdkit,gated,721e3c494613d3aa378fb20e47d69b51245b538e
freesolv,c84c66bb702a24a5,Cc1cnccn1,hydration_free_energy,kcal/mol,train,,-5.510000228881836,-3.3896330807914277,-6.072486580922728,-0.7067795806601267,random,2030,hybrid_gated,edge_gnn,rdkit,gated,721e3c494613d3aa378fb20e47d69b51245b538e
freesolv,98617ccb94c6f2d9,Cc1nc(N(C)C)nc(OC(=O)N(C)C)c1C,hydration_free_energy,kcal/mol,train,,-9.40999984741211,-1.555192278833737,-4.238045778965038,1.127661221297564,random,2030,hybrid_gated,edge_gnn,rdkit,gated,721e3c494613d3aa378fb20e47d69b51245b538e
freesolv,d00d5844e4fd190b,Cl/C=C/Cl,hydration_free_energy,kcal/mol,train,,-0.7799999713897705,-0.9504990099929294,-3.6333525101242303,1.7323544901383716,random,2030,hybrid_gated,edge_gnn,rdkit,gated,721e3c494613d3aa378fb20e47d69b51245b538e
freesolv,2d79f7bb0f919d3e,Cl/C=C\Cl,hydration_free_energy,kcal/mol,validation,,-1.1699999570846558,-0.5784825909915559,-3.261336091122857,2.104370909139745,random,2030,hybrid_gated,edge_gnn,rdkit,gated,721e3c494613d3aa378fb20e47d69b51245b538e
freesolv,57eb58d51da68949,ClC(Cl)(Cl)C(Cl)(Cl)Cl,hydration_free_energy,kcal/mol,train,,-0.6399999856948853,-1.10245671105731,-3.785310211188611,1.580396789073991,random,2030,hybrid_gated,edge_gnn,rdkit,gated,721e3c494613d3aa378fb20e47d69b51245b538e
freesolv,451a93262591a307,ClC(Cl)(Cl)Cl,hydration_free_energy,kcal/mol,train,,0.07999999821186066,-4.250488031242096,-6.933341531373397,-1.5676345311107949,random,2030,hybrid_gated,edge_gnn,rdkit,gated,721e3c494613d3aa378fb20e47d69b51245b538e
freesolv,cff56a18f71b6c9d,ClC(Cl)=C(Cl)Cl,hydration_free_energy,kcal/mol,train,,0.10000000149011612,-4.008538299841195,-6.691391799972497,-1.3256847997098942,random,2030,hybrid_gated,edge_gnn,rdkit,gated,721e3c494613d3aa378fb20e47d69b51245b538e
freesolv,39844b260e442ec8,ClC(Cl)C(Cl)(Cl)Cl,hydration_free_energy,kcal/mol,calibration,,-1.2300000190734863,-0.6757148088009983,-3.3585683089322993,2.0071386913303026,random,2030,hybrid_gated,edge_gnn,rdkit,gated,721e3c494613d3aa378fb20e47d69b51245b538e
freesolv,e99f44b2e8cdbde1,ClC(Cl)C(Cl)Cl,hydration_free_energy,kcal/mol,train,,-2.369999885559082,-3.1211112914117916,-5.803964791543093,-0.4382577912804906,random,2030,hybrid_gated,edge_gnn,rdkit,gated,721e3c494613d3aa378fb20e47d69b51245b538e
freesolv,c05e45a87f5e3de3,ClC(Cl)Cl,hydration_free_energy,kcal/mol,train,,-1.0800000429153442,-5.327328585289532,-8.010182085420833,-2.644475085158231,random,2030,hybrid_gated,edge_gnn,rdkit,gated,721e3c494613d3aa378fb20e47d69b51245b538e
freesolv,8474f5ea098cd11d,ClC1=C(Cl)[C@]2(Cl)[C@@H]3[C@@H](Cl)C=C[C@@H]3[C@@]1(Cl)C2(Cl)Cl,hydration_free_energy,kcal/mol,validation,,-2.549999952316284,-3.174349547695449,-5.85720304782675,-0.4914960475641479,random,2030,hybrid_gated,edge_gnn,rdkit,gated,721e3c494613d3aa378fb20e47d69b51245b538e
freesolv,800b96b699e00f5e,ClC1=C(Cl)[C@]2(Cl)[C@@H]3[C@@H]([C@H](Cl)C[C@@H]3Cl)[C@@]1(Cl)C2(Cl)Cl,hydration_free_energy,kcal/mol,train,,-3.440000057220459,-4.626442208148789,-7.309295708280089,-1.9435887080174878,random,2030,hybrid_gated,edge_gnn,rdkit,gated,721e3c494613d3aa378fb20e47d69b51245b538e
freesolv,8d55de7ac9d2f01a,ClC1=C(Cl)[C@]2(Cl)[C@H]3[C@H]4C[C@H]([C@@H]5O[C@H]45)[C@H]3[C@@]1(Cl)C2(Cl)Cl,hydration_free_energy,kcal/mol,train,,-4.820000171661377,-6.819918226970136,-9.502771727101438,-4.137064726838835,random,2030,hybrid_gated,edge_gnn,rdkit,gated,721e3c494613d3aa378fb20e47d69b51245b538e
freesolv,fabbfc787087f50a,ClC=C(Cl)Cl,hydration_free_energy,kcal/mol,train,,-0.4399999976158142,-1.3981303178108555,-4.0809838179421565,1.2847231823204455,random,2030,hybrid_gated,edge_gnn,rdkit,gated,721e3c494613d3aa378fb20e47d69b51245b538e
freesolv,df58138ec50f3742,ClCC(Cl)(Cl)Cl,hydration_free_energy,kcal/mol,train,,-1.4299999475479126,-6.04240209976917,-8.725255599900471,-3.359548599637869,random,2030,hybrid_gated,edge_gnn,rdkit,gated,721e3c494613d3aa378fb20e47d69b51245b538e
freesolv,372630505bbbf500,ClCC(Cl)Cl,hydration_free_energy,kcal/mol,train,,-1.9900000095367432,-5.008172553762536,-7.691026053893838,-2.3253190536312354,random,2030,hybrid_gated,edge_gnn,rdkit,gated,721e3c494613d3aa378fb20e47d69b51245b538e
freesolv,947bdf8b981c551d,ClCCBr,hydration_free_energy,kcal/mol,train,,-1.9500000476837158,-4.255097697895969,-6.937951198027269,-1.5722441977646677,random,2030,hybrid_gated,edge_gnn,rdkit,gated,721e3c494613d3aa378fb20e47d69b51245b538e
freesolv,8ef9c8d30a109454,ClCCCCCl,hydration_free_energy,kcal/mol,train,,-2.319999933242798,-1.3910774006458984,-4.073930900777199,1.2917760994854026,random,2030,hybrid_gated,edge_gnn,rdkit,gated,721e3c494613d3aa378fb20e47d69b51245b538e
freesolv,3de4ce097f03cac7,ClCCCCl,hydration_free_energy,kcal/mol,train,,-1.8899999856948853,-4.720521794807392,-7.403375294938693,-2.037668294676091,random,2030,hybrid_gated,edge_gnn,rdkit,gated,721e3c494613d3aa378fb20e47d69b51245b538e
freesolv,c5a6e0db31e85253,ClCCCl,hydration_free_energy,kcal/mol,calibration,,-1.7899999618530273,-1.091867350729824,-3.774720850861125,1.590986149401477,random,2030,hybrid_gated,edge_gnn,rdkit,gated,721e3c494613d3aa378fb20e47d69b51245b538e
freesolv,033cbc65185d3a9b,ClCCOCCCl,hydration_free_energy,kcal/mol,train,,-4.230000019073486,-3.2792129562644203,-5.962066456395721,-0.5963594561331194,random,2030,hybrid_gated,edge_gnn,rdkit,gated,721e3c494613d3aa378fb20e47d69b51245b538e
freesolv,f161bdf0f763ae6e,ClCCl,hydration_free_energy,kcal/mol,test,,-1.309999942779541,-0.4724587127198494,-3.1553122128511504,2.2103947874114516,random,2030,hybrid_gated,edge_gnn,rdkit,gated,721e3c494613d3aa378fb20e47d69b51245b538e
freesolv,4e8dd2d13fb39aaa,ClCc1ccccc1,hydration_free_energy,kcal/mol,test,,-1.9299999475479126,-1.2764988768240708,-3.959352376955372,1.4063546233072302,random,2030,hybrid_gated,edge_gnn,rdkit,gated,721e3c494613d3aa378fb20e47d69b51245b538e
freesolv,79ee4896526f4503,Clc1c(Cl)c(Cl)c(-c2c(Cl)c(Cl)c(Cl)c(Cl)c2Cl)c(Cl)c1Cl,hydration_free_energy,kcal/mol,train,,-2.9800000190734863,-4.364992175885752,-7.047845676017053,-1.6821386757544512,random,2030,hybrid_gated,edge_gnn,rdkit,gated,721e3c494613d3aa378fb20e47d69b51245b538e
freesolv,ccec5e12da7518ad,Clc1c(Cl)c(Cl)c(Cl)c(Cl)c1Cl,hydration_free_energy,kcal/mol,test,,-2.3299999237060547,-1.7782190320546887,-4.461072532185989,0.9046344680766123,random,2030,hybrid_gated,edge_gnn,rdkit,gated,721e3c494613d3aa378fb20e47d69b51245b538e
freesolv,a28bd5d295e9e627,Clc1c(Cl)c(Cl)c2c(c1Cl)Oc1c(Cl)c(Cl)c(Cl)c(Cl)c1O2,hydration_free_energy,kcal/mol,train,,-4.53000020980835,-5.1062353935409135,-7.789088893672215,-2.4233818934096125,random,2030,hybrid_gated,edge_gnn,rdkit,gated,721e3c494613d3aa378fb20e47d69b51245b538e
freesolv,ba13b193f5d8afe1,Clc1c(Cl)c(Cl)c2c(c1Cl)Oc1ccccc1O2,hydration_free_energy,kcal/mol,train,,-3.809999942779541,-1.3421541470405862,-4.025007647171887,1.3406993530907148,random,2030,hybrid_gated,edge_gnn,rdkit,gated,721e3c494613d3aa378fb20e47d69b51245b538e
freesolv,e13c6cd035a12545,Clc1cc(-c2c(Cl)cc(Cl)c(Cl)c2Cl)c(Cl)c(Cl)c1Cl,hydration_free_energy,kcal/mol,test,,-4.610000133514404,-3.5127324333416587,-6.19558593347296,-0.8298789332103578,random,2030,hybrid_gated,edge_gnn,rdkit,gated,721e3c494613d3aa378fb20e47d69b51245b538e
freesolv,6fbc2c7ce9f24b3a,Clc1cc(-c2cc(Cl)c(Cl)c(Cl)c2Cl)cc(Cl)c1Cl,hydration_free_energy,kcal/mol,train,,-3.1700000762939453,-1.1889726217357715,-3.8718261218670724,1.4938808783955295,random,2030,hybrid_gated,edge_gnn,rdkit,gated,721e3c494613d3aa378fb20e47d69b51245b538e
freesolv,4e1bfcb593ab9c04,Clc1cc(-c2ccccc2)c(Cl)c(Cl)c1Cl,hydration_free_energy,kcal/mol,train,,-3.4800000190734863,-7.322848893667788,-10.005702393799089,-4.639995393536488,random,2030,hybrid_gated,edge_gnn,rdkit,gated,721e3c494613d3aa378fb20e47d69b51245b538e
freesolv,0deab88349fa7629,Clc1cc(Cl)c(-c2c(Cl)cccc2Cl)c(Cl)c1,hydration_free_energy,kcal/mol,train,,-1.9600000381469727,2.1105302752722026,-0.5723232248590984,4.793383775403504,random,2030,hybrid_gated,edge_gnn,rdkit,gated,721e3c494613d3aa378fb20e47d69b51245b538e
freesolv,04794cb48c3fc005,Clc1cc(Cl)c(-c2ccccc2)c(Cl)c1,hydration_free_energy,kcal/mol,validation,,-2.1600000858306885,-2.757171209030517,-5.440024709161818,-0.07431770889921596,random,2030,hybrid_gated,edge_gnn,rdkit,gated,721e3c494613d3aa378fb20e47d69b51245b538e
freesolv,19ca7acd0f10b4d1,Clc1cc(Cl)c(Cl)c(Cl)c1,hydration_free_energy,kcal/mol,train,,-1.6200000047683716,-4.109528166806896,-6.792381666938198,-1.4266746666755954,random,2030,hybrid_gated,edge_gnn,rdkit,gated,721e3c494613d3aa378fb20e47d69b51245b538e
freesolv,60f7d335311cdf71,Clc1cc(Cl)c(Cl)cc1Cl,hydration_free_energy,kcal/mol,train,,-1.340000033378601,-1.4671667947429294,-4.15002029487423,1.2156867053883715,random,2030,hybrid_gated,edge_gnn,rdkit,gated,721e3c494613d3aa378fb20e47d69b51245b538e
freesolv,b172d409ecb64ee0,Clc1cc(Cl)c2c(c1Cl)Oc1ccccc1O2,hydration_free_energy,kcal/mol,train,,-4.050000190734863,-0.5598233127025742,-3.242676812833875,2.1230301874287267,random,2030,hybrid_gated,edge_gnn,rdkit,gated,721e3c494613d3aa378fb20e47d69b51245b538e
freesolv,aa9841fac0aef1b2,Clc1cc(Cl)cc(Cl)c1,hydration_free_energy,kcal/mol,train,,-0.7799999713897705,-4.192654253126304,-6.8755077532576045,-1.509800752995003,random,2030,hybrid_gated,edge_gnn,rdkit,gated,721e3c494613d3aa378fb20e47d69b51245b538e
freesolv,43fd33f418137c4f,Clc1cc2c(cc1Cl)Oc1c(Cl)c(Cl)c(Cl)c(Cl)c1O2,hydration_free_energy,kcal/mol,train,,-3.7100000381469727,-5.299790519190944,-7.982644019322246,-2.6169370190596433,random,2030,hybrid_gated,edge_gnn,rdkit,gated,721e3c494613d3aa378fb20e47d69b51245b538e
freesolv,6397b4e582e915d9,Clc1cc2c(cc1Cl)Oc1cc(Cl)c(Cl)cc1O2,hydration_free_energy,kcal/mol,calibration,,-3.369999885559082,-3.3427347951115274,-6.025588295242828,-0.6598812949802264,random,2030,hybrid_gated,edge_gnn,rdkit,gated,721e3c494613d3aa378fb20e47d69b51245b538e
freesolv,16993358a556f1c5,Clc1cc2c(cc1Cl)Oc1ccccc1O2,hydration_free_energy,kcal/mol,train,,-3.559999942779541,-2.0551799905616037,-4.738033490692905,0.6276735095696973,random,2030,hybrid_gated,edge_gnn,rdkit,gated,721e3c494613d3aa378fb20e47d69b51245b538e
freesolv,20936773c94dd64a,Clc1ccc(-c2c(Cl)c(Cl)cc(Cl)c2Cl)cc1Cl,hydration_free_energy,kcal/mol,validation,,-4.380000114440918,-2.9396570013263643,-5.622510501457665,-0.25680350119506334,random,2030,hybrid_gated,edge_gnn,rdkit,gated,721e3c494613d3aa378fb20e47d69b51245b538e
freesolv,319dd799287910b3,Clc1ccc(-c2cc(Cl)c(Cl)c(Cl)c2Cl)c(Cl)c1Cl,hydration_free_energy,kcal/mol,train,,-4.400000095367432,-4.574870306957075,-7.257723807088375,-1.8920168068257737,random,2030,hybrid_gated,edge_gnn,rdkit,gated,721e3c494613d3aa378fb20e47d69b51245b538e
freesolv,a85bed87f9eca383,Clc1ccc(-c2cc(Cl)c(Cl)c(Cl)c2Cl)cc1Cl,hydration_free_energy,kcal/mol,train,,-3.0399999618530273,-8.373640124104533,-11.056493624235834,-5.690786623973231,random,2030,hybrid_gated,edge_gnn,rdkit,gated,721e3c494613d3aa378fb20e47d69b51245b538e
freesolv,6db47ce14110b8af,Clc1ccc(Cl)c(-c2cc(Cl)c(Cl)c(Cl)c2)c1,hydration_free_energy,kcal/mol,test,,-3.609999895095825,-2.7478767536442983,-5.430730253775599,-0.06502325351299731,random,2030,hybrid_gated,edge_gnn,rdkit,gated,721e3c494613d3aa378fb20e47d69b51245b538e
freesolv,24197958a25d4719,Clc1ccc(Cl)c(-c2ccccc2)c1,hydration_free_energy,kcal/mol,train,,-2.4600000381469727,-1.7371519788521796,-4.42000547898348,0.9457015212791213,random,2030,hybrid_gated,edge_gnn,rdkit,gated,721e3c494613d3aa378fb20e47d69b51245b538e
freesolv,0ef4c04d56b370af,Clc1ccc(Cl)c(Cl)c1,hydration_free_energy,kcal/mol,train,,-1.1200000047683716,-4.344280472076221,-7.027133972207523,-1.6614269719449202,random,2030,hybrid_gated,edge_gnn,rdkit,gated,721e3c494613d3aa378fb20e47d69b51245b538e
freesolv,23c0e090ee47408a,Clc1ccc(Cl)c(Cl)c1Cl,hydration_free_energy,kcal/mol,train,,-1.340000033378601,-3.4346782165276135,-6.117531716658915,-0.7518247163963125,random,2030,hybrid_gated,edge_gnn,rdkit,gated,721e3c494613d3aa378fb20e47d69b51245b538e
freesolv,7d123d1b480ae7d0,Clc1ccc(Cl)cc1,hydration_free_energy,kcal/mol,validation,,-1.0099999904632568,-0.8316625382359009,-3.514516038367202,1.8511909618954001,random,2030,hybrid_gated,edge_gnn,rdkit,gated,721e3c494613d3aa378fb20e47d69b51245b538e
freesolv,885ce1f8c2708f29,Clc1ccc2c(c1)Oc1c(Cl)c(Cl)c(Cl)c(Cl)c1O2,hydration_free_energy,kcal/mol,test,,-4.150000095367432,-3.933035321526038,-6.6158888216573395,-1.250181821394737,random,2030,hybrid_gated,edge_gnn,rdkit,gated,721e3c494613d3aa378fb20e47d69b51245b538e
freesolv,74dd2e07b6c4a121,Clc1ccc2c(c1)Oc1cc(Cl)c(Cl)c(Cl)c1O2,hydration_free_energy,kcal/mol,train,,-3.8399999141693115,-1.138559763878214,-3.821413264009515,1.544293736253087,random,2030,hybrid_gated,edge_gnn,rdkit,gated,721e3c494613d3aa378fb20e47d69b51245b538e
freesolv,cd4e7053a74ca64b,Clc1ccc2c(c1)Oc1ccc(Cl)cc1O2,hydration_free_energy,kcal/mol,train,,-3.6700000762939453,-6.328238755620438,-9.01109225575174,-3.645385255489137,random,2030,hybrid_gated,edge_gnn,rdkit,gated,721e3c494613d3aa378fb20e47d69b51245b538e
freesolv,2bd39b933f024feb,Clc1ccc2c(c1)Oc1ccccc1O2,hydration_free_energy,kcal/mol,validation,,-3.0999999046325684,-3.4874119246426045,-6.1702654247739055,-0.8045584245113035,random,2030,hybrid_gated,edge_gnn,rdkit,gated,721e3c494613d3aa378fb20e47d69b51245b538e
freesolv,566718c24572a00b,Clc1cccc(Cl)c1,hydration_free_energy,kcal/mol,train,,-0.9800000190734863,-4.447351529662141,-7.1302050297934425,-1.7644980295308401,random,2030,hybrid_gated,edge_gnn,rdkit,gated,721e3c494613d3aa378fb20e47d69b51245b538e
freesolv,f2cab0904fd16aa2,Clc1cccc(Cl)c1-c1c(Cl)cccc1Cl,hydration_free_energy,kcal/mol,test,,-2.2799999713897705,-2.1200455280417705,-4.802899028173071,0.5628079720895305,random,2030,hybrid_gated,edge_gnn,rdkit,gated,721e3c494613d3aa378fb20e47d69b51245b538e
freesolv,1ad603575e0ebfa7,Clc1cccc(Cl)c1Cl,hydration_free_energy,kcal/mol,train,,-1.2400000095367432,2.111075623525419,-0.5717778766058821,4.79392912365672,random,2030,hybrid_gated,edge_gnn,rdkit,gated,721e3c494613d3aa378fb20e47d69b51245b538e
freesolv,785e578bba1163db,Clc1cccc2c1Oc1ccccc1O2,hydration_free_energy,kcal/mol,validation,,-3.5199999809265137,-3.50551168014062,-6.188365180271921,-0.8226581800093191,random,2030,hybrid_gated,edge_gnn,rdkit,gated,721e3c494613d3aa378fb20e47d69b51245b538e
freesolv,69ec888ea256144d,Clc1ccccc1,hydration_free_energy,kcal/mol,train,,-1.1200000047683716,1.745193540324387,-0.937659959806914,4.428047040455688,random,2030,hybrid_gated,edge_gnn,rdkit,gated,721e3c494613d3aa378fb20e47d69b51245b538e
freesolv,2ec9810d47af9e60,Clc1ccccc1-c1ccccc1,hydration_free_energy,kcal/mol,train,,-2.690000057220459,0.28294418467906857,-2.3999093154522324,2.9657976848103695,random,2030,hybrid_gated,edge_gnn,rdkit,gated,721e3c494613d3aa378fb20e47d69b51245b538e
freesolv,39661093e01fca7b,Clc1ccccc1Cl,hydration_free_energy,kcal/mol,train,,-1.3600000143051147,-4.691348278269397,-7.374201778400698,-2.0084947781380964,random,2030,hybrid_gated,edge_gnn,rdkit,gated,721e3c494613d3aa378fb20e47d69b51245b538e
freesolv,4379d39c87f9b6f0,Clc1ccccn1,hydration_free_energy,kcal/mol,train,,-4.389999866485596,-16.249376070959475,-18.932229571090776,-13.566522570828173,random,2030,hybrid_gated,edge_gnn,rdkit,gated,721e3c494613d3aa378fb20e47d69b51245b538e
freesolv,78ea6fc26ce7e63c,Clc1cccnc1,hydration_free_energy,kcal/mol,train,,-4.010000228881836,-0.03622908213491893,-2.71908258226622,2.646624417996382,random,2030,hybrid_gated,edge_gnn,rdkit,gated,721e3c494613d3aa378fb20e47d69b51245b538e
freesolv,7baedb0930499b12,Cn1c(=O)c2c(ncn2C)n(C)c1=O,hydration_free_energy,kcal/mol,train,,-12.640000343322754,-5.575672311004103,-8.258525811135405,-2.8928188108728023,random,2030,hybrid_gated,edge_gnn,rdkit,gated,721e3c494613d3aa378fb20e47d69b51245b538e
freesolv,6432ca91307da26e,Cn1cccc1,hydration_free_energy,kcal/mol,train,,-2.890000104904175,-5.805463854937138,-8.488317355068439,-3.1226103548058366,random,2030,hybrid_gated,edge_gnn,rdkit,gated,721e3c494613d3aa378fb20e47d69b51245b538e
freesolv,a9d61a9eba10cf50,Cn1ccnc1,hydration_free_energy,kcal/mol,test,,-8.40999984741211,-7.665602648095005,-10.348456148226306,-4.982749147963704,random,2030,hybrid_gated,edge_gnn,rdkit,gated,721e3c494613d3aa378fb20e47d69b51245b538e
freesolv,908ab04466374d9d,FC(F)(Cl)C(F)(Cl)Cl,hydration_free_energy,kcal/mol,train,,1.7699999809265137,-5.10170298851838,-7.784556488649681,-2.4188494883870795,random,2030,hybrid_gated,edge_gnn,rdkit,gated,721e3c494613d3aa378fb20e47d69b51245b538e
freesolv,f39816aba1ecf31f,FC(F)(F)Br,hydration_free_energy,kcal/mol,train,,1.7899999618530273,-7.806875422137134,-10.489728922268435,-5.1240219220058325,random,2030,hybrid_gated,edge_gnn,rdkit,gated,721e3c494613d3aa378fb20e47d69b51245b538e
freesolv,d47c13a6f52d42a9,FC(F)(F)CCl,hydration_free_energy,kcal/mol,calibration,,0.05999999865889549,1.0072308515359452,-1.6756226485953558,3.690084351667246,random,2030,hybrid_gated,edge_gnn,rdkit,gated,721e3c494613d3aa378fb20e47d69b51245b538e
freesolv,4f805e6dc0bb19f3,FC(F)(F)F,hydration_free_energy,kcal/mol,train,,3.119999885559082,0.6116831546373045,-2.0711703454939965,3.2945366547686055,random,2030,hybrid_gated,edge_gnn,rdkit,gated,721e3c494613d3aa378fb20e47d69b51245b538e
freesolv,e087d5496692127a,FC(F)(F)[C@H](Cl)Br,hydration_free_energy,kcal/mol,validation,,-0.10999999940395355,0.5593891543526772,-2.1234643457786238,3.242242654483978,random,2030,hybrid_gated,edge_gnn,rdkit,gated,721e3c494613d3aa378fb20e47d69b51245b538e
freesolv,e66e31556faf8723,FC(F)(F)c1cccc(C(F)(F)F)c1,hydration_free_energy,kcal/mol,test,,1.0700000524520874,0.844515954107997,-1.838337546023304,3.527369454239298,random,2030,hybrid_gated,edge_gnn,rdkit,gated,721e3c494613d3aa378fb20e47d69b51245b538e
freesolv,dcb976b5c332cdf8,FC(F)(F)c1ccccc1,hydration_free_energy,kcal/mol,test,,-0.25,0.6810850196535951,-2.001768480477706,3.363938519784896,random,2030,hybrid_gated,edge_gnn,rdkit,gated,721e3c494613d3aa378fb20e47d69b51245b538e
freesolv,e0c64c9ec3b5247b,FC(F)(F)c1ccccc1C(F)(F)F,hydration_free_energy,kcal/mol,train,,1.0700000524520874,2.157194398777117,-0.5256591013541838,4.840047898908418,random,2030,hybrid_gated,edge_gnn,rdkit,gated,721e3c494613d3aa378fb20e47d69b51245b538e
freesolv,8c9c04ac1860cd6f,FC(F)=C(F)C(F)(F)F,hydration_free_energy,kcal/mol,train,,2.930000066757202,-1.2642140397128285,-3.9470675398441295,1.4186394604184724,random,2030,hybrid_gated,edge_gnn,rdkit,gated,721e3c494613d3aa378fb20e47d69b51245b538e
freesolv,23594d220c24abf8,FC(F)Cl,hydration_free_energy,kcal/mol,train,,-0.5,-1.602126699184295,-4.284980199315596,1.080726800947006,random,2030,hybrid_gated,edge_gnn,rdkit,gated,721e3c494613d3aa378fb20e47d69b51245b538e
freesolv,d7ca7e6b994e166f,FC(F)O[C@H](Cl)C(F)(F)F,hydration_free_energy,kcal/mol,train,,0.10000000149011612,-5.897641854552377,-8.580495354683679,-3.2147883544210765,random,2030,hybrid_gated,edge_gnn,rdkit,gated,721e3c494613d3aa378fb20e47d69b51245b538e
freesolv,2c8bdbcd792f5b63,FC(F)[C@@H](F)Oc1ccccc1,hydration_free_energy,kcal/mol,train,,-1.2899999618530273,-5.359576520434639,-8.04243002056594,-2.676723020303338,random,2030,hybrid_gated,edge_gnn,rdkit,gated,721e3c494613d3aa378fb20e47d69b51245b538e
freesolv,96ea3ef9f2b367bd,FC1(F)C(F)(F)C(F)(F)C1(F)F,hydration_free_energy,kcal/mol,test,,3.430000066757202,-0.8615501899755786,-3.5444036901068796,1.8213033101557223,random,2030,hybrid_gated,edge_gnn,rdkit,gated,721e3c494613d3aa378fb20e47d69b51245b538e
freesolv,8fdbbf5493dc7312,FCCl,hydration_free_energy,kcal/mol,train,,-0.7699999809265137,-2.433745343163498,-5.116598843294799,0.24910815696780286,random,2030,hybrid_gated,edge_gnn,rdkit,gated,721e3c494613d3aa378fb20e47d69b51245b538e
freesolv,364f4509284cca15,F[C@H](Br)C(F)(F)F,hydration_free_energy,kcal/mol,validation,,0.5,0.860908732725592,-1.821944767405709,3.543762232856893,random,2030,hybrid_gated,edge_gnn,rdkit,gated,721e3c494613d3aa378fb20e47d69b51245b538e
freesolv,7609d49f5493dda8,Fc1ccccc1,hydration_free_energy,kcal/mol,train,,-0.800000011920929,-12.193845051658965,-14.876698551790266,-9.510991551527663,random,2030,hybrid_gated,edge_gnn,rdkit,gated,721e3c494613d3aa378fb20e47d69b51245b538e
freesolv,2831ad6342d46d4c,ICI,hydration_free_energy,kcal/mol,train,,-2.490000009536743,-6.734996283178255,-9.417849783309556,-4.052142783046953,random,2030,hybrid_gated,edge_gnn,rdkit,gated,721e3c494613d3aa378fb20e47d69b51245b538e
freesolv,768ab540d7f6bbaf,Ic1ccccc1,hydration_free_energy,kcal/mol,train,,-1.7400000095367432,-4.643065583019922,-7.3259190831512235,-1.9602120828886211,random,2030,hybrid_gated,edge_gnn,rdkit,gated,721e3c494613d3aa378fb20e47d69b51245b538e
freesolv,690a85bfd005509d,N,hydration_free_energy,kcal/mol,train,,-4.289999961853027,-2.583256703251541,-5.266110203382842,0.09959679687975997,random,2030,hybrid_gated,edge_gnn,rdkit,gated,721e3c494613d3aa378fb20e47d69b51245b538e
freesolv,ed84655a813c2ca5,N#Cc1c(Cl)cccc1Cl,hydration_free_energy,kcal/mol,train,,-4.710000038146973,-1.0222966987650661,-3.705150198896367,1.6605568013662348,random,2030,hybrid_gated,edge_gnn,rdkit,gated,721e3c494613d3aa378fb20e47d69b51245b538e
freesolv,51d65559d6656ecd,N#Cc1ccc(O)cc1,hydration_free_energy,kcal/mol,validation,,-10.170000076293945,-8.939487195619702,-11.622340695751003,-6.2566336954884,random,2030,hybrid_gated,edge_gnn,rdkit,gated,721e3c494613d3aa378fb20e47d69b51245b538e
freesolv,93f80fc3639971e8,N#Cc1cccc(O)c1,hydration_free_energy,kcal/mol,train,,-9.649999618530273,-5.720203861792128,-8.403057361923429,-3.037350361660827,random,2030,hybrid_gated,edge_gnn,rdkit,gated,721e3c494613d3aa378fb20e47d69b51245b538e
freesolv,9cb88318f4e0cbfd,N#Cc1ccccc1,hydration_free_energy,kcal/mol,train,,-4.099999904632568,-4.713585126681591,-7.396438626812891,-2.0307316265502897,random,2030,hybrid_gated,edge_gnn,rdkit,gated,721e3c494613d3aa378fb20e47d69b51245b538e
freesolv,ba3caebef2925f4d,N#Cc1cccnc1,hydration_free_energy,kcal/mol,train,,-6.75,-16.44197576738994,-19.124829267521243,-13.75912226725864,random,2030,hybrid_gated,edge_gnn,rdkit,gated,721e3c494613d3aa378fb20e47d69b51245b538e
freesolv,65eaf74ac87f48c4,N#Cc1ccncc1,hydration_free_energy,kcal/mol,train,,-6.019999980926514,-5.297876570286567,-7.980730070417868,-2.615023070155266,random,2030,hybrid_gated,edge_gnn,rdkit,gated,721e3c494613d3aa378fb20e47d69b51245b538e
freesolv,8c4e0b39823a21e5,NC(=O)c1ccccc1,hydration_free_energy,kcal/mol,train,,-11.0,-3.1803490916651143,-5.863202591796416,-0.4974955915338133,random,2030,hybrid_gated,edge_gnn,rdkit,gated,721e3c494613d3aa378fb20e47d69b51245b538e
freesolv,08f91f035163f756,NC1CCCCC1,hydration_free_energy,kcal/mol,calibration,,-4.590000152587891,-4.827927111047467,-7.5107806111787685,-2.145073610916166,random,2030,hybrid_gated,edge_gnn,rdkit,gated,721e3c494613d3aa378fb20e47d69b51245b538e
freesolv,24598c90512c15fe,NN,hydration_free_energy,kcal/mol,test,,-9.300000190734863,-5.428104378104396,-8.110957878235697,-2.745250877973095,random,2030,hybrid_gated,edge_gnn,rdkit,gated,721e3c494613d3aa378fb20e47d69b51245b538e
freesolv,79ea9304963003ea,Nc1ccc(Cl)cc1,hydration_free_energy,kcal/mol,train,,-5.900000095367432,-4.390846176149212,-7.073699676280514,-1.7079926760179114,random,2030,hybrid_gated,edge_gnn,rdkit,gated,721e3c494613d3aa378fb20e47d69b51245b538e
freesolv,cec2f5b1aa5dde8d,Nc1ccc(N)c2c1C(=O)c1ccccc1C2=O,hydration_free_energy,kcal/mol,calibration,,-11.850000381469727,-10.973457408586842,-13.656310908718144,-8.290603908455541,random,2030,hybrid_gated,edge_gnn,rdkit,gated,721e3c494613d3aa378fb20e47d69b51245b538e
freesolv,6021efa297cbff65,Nc1ccc(O)c2c1C(=O)c1ccccc1C2=O,hydration_free_energy,kcal/mol,train,,-9.529999732971191,-3.724367939649846,-6.407221439781146,-1.041514439518545,random,2030,hybrid_gated,edge_gnn,rdkit,gated,721e3c494613d3aa378fb20e47d69b51245b538e
freesolv,60b8f7cdcc4cc001,Nc1ccc([N+](=O)[O-])cc1,hydration_free_energy,kcal/mol,calibration,,-9.819999694824219,-9.117267397974766,-11.800120898106067,-6.434413897843465,random,2030,hybrid_gated,edge_gnn,rdkit,gated,721e3c494613d3aa378fb20e47d69b51245b538e
freesolv,6dbfb544dc921040,Nc1ccc2c(c1)C(=O)c1ccccc1C2=O,hydration_free_energy,kcal/mol,train,,-11.529999732971191,-10.005077713243654,-12.687931213374956,-7.322224213112353,random,2030,hybrid_gated,edge_gnn,rdkit,gated,721e3c494613d3aa378fb20e47d69b51245b538e
freesolv,151a28867ddf1a05,Nc1ccc2ccccc2c1,hydration_free_energy,kcal/mol,train,,-7.46999979019165,-3.3941645349015745,-6.077018035032875,-0.7113110347702736,random,2030,hybrid_gated,edge_gnn,rdkit,gated,721e3c494613d3aa378fb20e47d69b51245b538e
freesolv,085acb392fb3c214,Nc1cccc(Cl)c1,hydration_free_energy,kcal/mol,train,,-5.820000171661377,-4.787556125711312,-7.470409625842613,-2.104702625580011,random,2030,hybrid_gated,edge_gnn,rdkit,gated,721e3c494613d3aa378fb20e47d69b51245b538e
freesolv,e1aa0c9f03e27245,Nc1cccc([N+](=O)[O-])c1,hydration_free_energy,kcal/mol,train,,-8.84000015258789,0.6900597307501122,-1.9927937693811888,3.372913230881413,random,2030,hybrid_gated,edge_gnn,rdkit,gated,721e3c494613d3aa378fb20e47d69b51245b538e
freesolv,77fa39daade7a2ed,Nc1cccc2c1C(=O)c1ccccc1C2=O,hydration_free_energy,kcal/mol,validation,,-9.4399995803833,-10.931245932328109,-13.61409943245941,-8.248392432196807,random,2030,hybrid_gated,edge_gnn,rdkit,gated,721e3c494613d3aa378fb20e47d69b51245b538e
freesolv,c7df2333181b5728,Nc1cccc2ccccc12,hydration_free_energy,kcal/mol,train,,-7.28000020980835,-10.431902344877525,-13.114755845008826,-7.749048844746223,random,2030,hybrid_gated,edge_gnn,rdkit,gated,721e3c494613d3aa378fb20e47d69b51245b538e
freesolv,8df927d11f3ed1df,Nc1ccccc1,hydration_free_energy,kcal/mol,train,,-5.489999771118164,-3.189366118362796,-5.872219618494097,-0.5065126182314952,random,2030,hybrid_gated,edge_gnn,rdkit,gated,721e3c494613d3aa378fb20e47d69b51245b538e
freesolv,47d345a94a412d55,Nc1ccccc1Cl,hydration_free_energy,kcal/mol,train,,-4.909999847412109,-3.958858773729107,-6.641712273860408,-1.2760052735978062,random,2030,hybrid_gated,edge_gnn,rdkit,gated,721e3c494613d3aa378fb20e47d69b51245b538e
freesolv,793b8d33b3567aa6,Nc1ccccc1[N+](=O)[O-],hydration_free_energy,kcal/mol,train,,-7.369999885559082,-0.8666608685926831,-3.549514368723984,1.8161926315386179,random,2030,hybrid_gated,edge_gnn,rdkit,gated,721e3c494613d3aa378fb20e47d69b51245b538e
freesolv,e735fff07d370f67,Nc1cnn(-c2ccccc2)c(=O)c1Cl,hydration_free_energy,kcal/mol,train,,-16.43000030517578,-1.0916560104520956,-3.7745095105833966,1.5911974896792054,random,2030,hybrid_gated,edge_gnn,rdkit,gated,721e3c494613d3aa378fb20e47d69b51245b538e
freesolv,3085b87749974b25,O=C(O)c1cc(-c2ccc(F)cc2F)ccc1O,hydration_free_energy,kcal/mol,train,,-9.399999618530273,-17.648605610065328,-20.33145911019663,-14.965752109934026,random,2030,hybrid_gated,edge_gnn,rdkit,gated,721e3c494613d3aa378fb20e47d69b51245b538e
freesolv,ac7b3ba276fd0c1f,O=C1C=CC(=O)C=C1,hydration_free_energy,kcal/mol,test,,-6.5,-7.6397925086653355,-10.322646008796637,-4.956939008534034,random,2030,hybrid_gated,edge_gnn,rdkit,gated,721e3c494613d3aa378fb20e47d69b51245b538e
freesolv,efaecaee941d65ec,O=C1CCCC1,hydration_free_energy,kcal/mol,validation,,-4.699999809265137,-4.795909415563755,-7.4787629156950555,-2.113055915432454,random,2030,hybrid_gated,edge_gnn,rdkit,gated,721e3c494613d3aa378fb20e47d69b51245b538e
freesolv,a257b754cb4a6804,O=C1CCCCC1,hydration_free_energy,kcal/mol,train,,-4.909999847412109,-6.398508090460611,-9.081361590591913,-3.71565459032931,random,2030,hybrid_gated,edge_gnn,rdkit,gated,721e3c494613d3aa378fb20e47d69b51245b538e
freesolv,5d150ad954af7bcd,O=C1NC(=O)c2ccccc21,hydration_free_energy,kcal/mol,calibration,,-9.609999656677246,-10.034972021370033,-12.717825521501334,-7.352118521238731,random,2030,hybrid_gated,edge_gnn,rdkit,gated,721e3c494613d3aa378fb20e47d69b51245b538e
freesolv,bcdd6b15f2dd6f08,O=C1[C@@H]2CC=CC[C@H]2C(=O)N1SC(Cl)(Cl)Cl,hydration_free_energy,kcal/mol,train,,-9.010000228881836,-10.970688351719598,-13.6535418518509,-8.287834851588297,random,2030,hybrid_gated,edge_gnn,rdkit,gated,721e3c494613d3aa378fb20e47d69b51245b538e
freesolv,a06e4a64d1733212,O=C1c2ccccc2C(=O)c2c(NCCO)cccc21,hydration_free_energy,kcal/mol,train,,-14.210000038146973,1.2872902391877123,-1.3955632609435886,3.9701437393190133,random,2030,hybrid_gated,edge_gnn,rdkit,gated,721e3c494613d3aa378fb20e47d69b51245b538e
freesolv,373fcfa90050910c,O=COc1ccccc1,hydration_free_energy,kcal/mol,train,,-3.819999933242798,-4.231130902126037,-6.913984402257338,-1.5482774019947363,random,2030,hybrid_gated,edge_gnn,rdkit,gated,721e3c494613d3aa378fb20e47d69b51245b538e
freesolv,0834789a38b4d862,O=Cc1ccc(O)cc1,hydration_free_energy,kcal/mol,train,,-8.829999923706055,-2.956854370686335,-5.639707870817636,-0.27400087055503386,random,2030,hybrid_gated,edge_gnn,rdkit,gated,721e3c494613d3aa378fb20e47d69b51245b538e
freesolv,cdcde67484b661eb,O=Cc1cccc(O)c1,hydration_free_energy,kcal/mol,train,,-9.520000457763672,-3.1980285141726252,-5.880882014303927,-0.5151750140413243,random,2030,hybrid_gated,edge_gnn,rdkit,gated,721e3c494613d3aa378fb20e47d69b51245b538e
freesolv,958acf4ebef097af,O=Cc1ccccc1,hydration_free_energy,kcal/mol,train,,-4.019999980926514,2.4776480691184894,-0.20520543101281152,5.16050156924979,random,2030,hybrid_gated,edge_gnn,rdkit,gated,721e3c494613d3aa378fb20e47d69b51245b538e
freesolv,936d7c3754abed80,O=Cc1ccccc1O,hydration_free_energy,kcal/mol,calibration,,-4.679999828338623,-7.6636375876498946,-10.346491087781196,-4.980784087518593,random,2030,hybrid_gated,edge_gnn,rdkit,gated,721e3c494613d3aa378fb20e47d69b51245b538e
freesolv,edd708f27f82cb10,O=Cc1cccnc1,hydration_free_energy,kcal/mol,train,,-7.099999904632568,1.6856516858357282,-0.9972018142955728,4.368505185967029,random,2030,hybrid_gated,edge_gnn,rdkit,gated,721e3c494613d3aa378fb20e47d69b51245b538e
freesolv,ea971b24f0d35a80,O=Cc1ccncc1,hydration_free_energy,kcal/mol,train,,-7.0,-2.377870087970164,-5.060723588101466,0.3049834121611368,random,2030,hybrid_gated,edge_gnn,rdkit,gated,721e3c494613d3aa378fb20e47d69b51245b538e
freesolv,7ad65a67ffa70f4b,O=S1OC[C@@H]2[C@H](CO1)[C@]1(Cl)C(Cl)=C(Cl)[C@@]2(Cl)C1(Cl)Cl,hydration_free_energy,kcal/mol,train,,-4.230000019073486,0.11272753944009883,-2.570125960691202,2.7955810395714,random,2030,hybrid_gated,edge_gnn,rdkit,gated,721e3c494613d3aa378fb20e47d69b51245b538e
freesolv,92bc713f6762c1df,O=[N+]([O-])C(Cl)(Cl)Cl,hydration_free_energy,kcal/mol,validation,,-1.4500000476837158,-2.561374069703032,-5.244227569834333,0.12147943042826892,random,2030,hybrid_gated,edge_gnn,rdkit,gated,721e3c494613d3aa378fb20e47d69b51245b538e
freesolv,18b4905fa7a9467f,O=[N+]([O-])OCCCO[N+](=O)[O-],hydration_free_energy,kcal/mol,train,,-4.800000190734863,-2.9911234701073104,-5.673976970238611,-0.3082699699760094,random,2030,hybrid_gated,edge_gnn,rdkit,gated,721e3c494613d3aa378fb20e47d69b51245b538e
freesolv,8c7197a6424e71e3,O=[N+]([O-])OCCO,hydration_free_energy,kcal/mol,train,,-8.180000305175781,-2.4586519969626757,-5.141505497093977,0.2242015031686253,random,2030,hybrid_gated,edge_gnn,rdkit,gated,721e3c494613d3aa378fb20e47d69b51245b538e
freesolv,3f211c1bf953b801,O=[N+]([O-])OCCO[N+](=O)[O-],hydration_free_energy,kcal/mol,train,,-5.730000019073486,-0.8363393630770157,-3.5191928632083167,1.8465141370542852,random,2030,hybrid_gated,edge_gnn,rdkit,gated,721e3c494613d3aa378fb20e47d69b51245b538e
freesolv,c7b90e22bebd2485,O=[N+]([O-])c1c(Cl)c(Cl)c(Cl)c(Cl)c1Cl,hydration_free_energy,kcal/mol,train,,-5.21999979019165,-3.057587253579793,-5.740440753711094,-0.374733753448492,random,2030,hybrid_gated,edge_gnn,rdkit,gated,721e3c494613d3aa378fb20e47d69b51245b538e
freesolv,819d0d9fd216fcd8,O=[N+]([O-])c1ccc(O)cc1,hydration_free_energy,kcal/mol,calibration,,-10.640000343322754,-7.315939088816883,-9.998792588948184,-4.6330855886855815,random,2030,hybrid_gated,edge_gnn,rdkit,gated,721e3c494613d3aa378fb20e47d69b51245b538e
freesolv,f49e79a6c87b1ffc,O=[N+]([O-])c1cccc(O)c1,hydration_free_energy,kcal/mol,test,,-9.619999885559082,-7.060927922045719,-9.74378142217702,-4.378074421914418,random,2030,hybrid_gated,edge_gnn,rdkit,gated,721e3c494613d3aa378fb20e47d69b51245b538e
freesolv,2f207849e668e96f,O=[N+]([O-])c1ccccc1,hydration_free_energy,kcal/mol,validation,,-4.119999885559082,-4.543697497128083,-7.226550997259384,-1.8608439969967816,random,2030,hybrid_gated,edge_gnn,rdkit,gated,721e3c494613d3aa378fb20e47d69b51245b538e
freesolv,2e397c61ab395a28,O=[N+]([O-])c1ccccc1O,hydration_free_energy,kcal/mol,train,,-4.579999923706055,-0.20990467117698053,-2.8927581713082815,2.4729488289543204,random,2030,hybrid_gated,edge_gnn,rdkit,gated,721e3c494613d3aa378fb20e47d69b51245b538e
freesolv,573bd8a61399ae31,O=c1[nH]c(=O)[nH]c(=O)[nH]1,hydration_free_energy,kcal/mol,train,,-18.059999465942383,-10.276289812058591,-12.959143312189893,-7.59343631192729,random,2030,hybrid_gated,edge_gnn,rdkit,gated,721e3c494613d3aa378fb20e47d69b51245b538e
freesolv,cddfd0f06e81b8b1,O=c1[nH]cc(Br)c(=O)[nH]1,hydration_free_energy,kcal/mol,validation,,-18.170000076293945,-16.95155830395387,-19.634411804085172,-14.268704803822569,random,2030,hybrid_gated,edge_gnn,rdkit,gated,721e3c494613d3aa378fb20e47d69b51245b538e
freesolv,2072aaa51fe60a41,O=c1[nH]cc(C(F)(F)F)c(=O)[nH]1,hydration_free_energy,kcal/mol,train,,-15.460000038146973,1.513929270833955,-1.168924229297346,4.196782770965256,random,2030,hybrid_gated,edge_gnn,rdkit,gated,721e3c494613d3aa378fb20e47d69b51245b538e
freesolv,b20d78724d54723c,O=c1[nH]cc(Cl)c(=O)[nH]1,hydration_free_energy,kcal/mol,train,,-17.739999771118164,-0.009099551770050063,-2.691953051901351,2.673753948361251,random,2030,hybrid_gated,edge_gnn,rdkit,gated,721e3c494613d3aa378fb20e47d69b51245b538e
freesolv,fa4b084349774829,O=c1[nH]cc(F)c(=O)[nH]1,hydration_free_energy,kcal/mol,train,,-16.920000076293945,-4.390767488149294,-7.073620988280595,-1.7079139880179928,random,2030,hybrid_gated,edge_gnn,rdkit,gated,721e3c494613d3aa378fb20e47d69b51245b538e
freesolv,f6ac8e5a51fd9b52,O=c1[nH]cc(I)c(=O)[nH]1,hydration_free_energy,kcal/mol,train,,-18.719999313354492,-5.213368273382477,-7.896221773513778,-2.5305147732511757,random,2030,hybrid_gated,edge_gnn,rdkit,gated,721e3c494613d3aa378fb20e47d69b51245b538e
freesolv,05f89cf62c049133,O=c1cc(Cl)[nH]c(=O)[nH]1,hydration_free_energy,kcal/mol,train,,-15.829999923706055,0.6475239933678432,-2.035329506763458,3.330377493499144,random,2030,hybrid_gated,edge_gnn,rdkit,gated,721e3c494613d3aa378fb20e47d69b51245b538e
freesolv,79191f708aac72af,OC1CCCC1,hydration_free_energy,kcal/mol,train,,-5.489999771118164,-4.060959781817534,-6.743813281948835,-1.3781062816862328,random,2030,hybrid_gated,edge_gnn,rdkit,gated,721e3c494613d3aa378fb20e47d69b51245b538e
freesolv,13bf59087e3f76ff,OC1CCCCC1,hydration_free_energy,kcal/mol,train,,-5.460000038146973,-0.10413753924942126,-2.7869910393807222,2.5787159608818797,random,2030,hybrid_gated,edge_gnn,rdkit,gated,721e3c494613d3aa378fb20e47d69b51245b538e
freesolv,3a6088586348cf7f,OC1CCCCCC1,hydration_free_energy,kcal/mol,train,,-5.480000019073486,-2.9302924161516986,-5.613145916282999,-0.24743891602039758,random,2030,hybrid_gated,edge_gnn,rdkit,gated,721e3c494613d3aa378fb20e47d69b51245b538e
freesolv,687a2dc922ea1a36,OCC(F)(F)F,hydration_free_energy,kcal/mol,calibration,,-4.309999942779541,-3.5618668489286267,-6.244720349059928,-0.8790133487973257,random,2030,hybrid_gated,edge_gnn,rdkit,gated,721e3c494613d3aa378fb20e47d69b51245b538e
freesolv,7817e0695a0a58ee,OCC(O)CO,hydration_free_energy,kcal/mol,train,,-13.430000305175781,-4.206968693860838,-6.8898221939921385,-1.524115193729537,random,2030,hybrid_gated,edge_gnn,rdkit,gated,721e3c494613d3aa378fb20e47d69b51245b538e
freesolv,da60db9636ea1107,OCCCc1ccccc1,hydration_free_energy,kcal/mol,calibration,,-6.920000076293945,-5.389509815968832,-8.072363316100134,-2.7066563158375314,random,2030,hybrid_gated,edge_gnn,rdkit,gated,721e3c494613d3aa378fb20e47d69b51245b538e
freesolv,5c3c2680787458c1,OCCO,hydration_free_energy,kcal/mol,train,,-9.300000190734863,1.5218945884330206,-1.1609589116982804,4.204748088564322,random,2030,hybrid_gated,edge_gnn,rdkit,gated,721e3c494613d3aa378fb20e47d69b51245b538e
freesolv,cc6267fd5c207d0f,OCCc1ccccc1,hydration_free_energy,kcal/mol,train,,-6.789999961853027,-2.521560556753011,-5.204414056884312,0.16129294337829014,random,2030,hybrid_gated,edge_gnn,rdkit,gated,721e3c494613d3aa378fb20e47d69b51245b538e
freesolv,3fc407fd83f57079,OC[C@@H](O)[C@@H](O)[C@H](O)[C@H](O)CO,hydration_free_energy,kcal/mol,train,,-23.6200008392334,-2.323908187360967,-5.0067616874922685,0.3589453127703339,random,2030,hybrid_gated,edge_gnn,rdkit,gated,721e3c494613d3aa378fb20e47d69b51245b538e
freesolv,70fe802de633ac06,OC[C@H]1O[C@@H](O)[C@H](O)[C@@H](O)[C@@H]1O,hydration_free_energy,kcal/mol,train,,-25.469999313354492,-3.6310642826399917,-6.313917782771293,-0.9482107825086907,random,2030,hybrid_gated,edge_gnn,rdkit,gated,721e3c494613d3aa378fb20e47d69b51245b538e
freesolv,9aba038d3f4200a5,OCc1ccccc1,hydration_free_energy,kcal/mol,test,,-6.619999885559082,-5.439889273028841,-8.122742773160143,-2.7570357728975403,random,2030,hybrid_gated,edge_gnn,rdkit,gated,721e3c494613d3aa378fb20e47d69b51245b538e
freesolv,a567f2cbddf29886,O[C@@H]1[C@@H](O)[C@@H](O)OC[C@H]1O,hydration_free_energy,kcal/mol,train,,-20.520000457763672,-6.432332994933402,-9.115186495064703,-3.749479494802101,random,2030,hybrid_gated,edge_gnn,rdkit,gated,721e3c494613d3aa378fb20e47d69b51245b538e
freesolv,67dc214c51fbc83b,Oc1ccc(Br)cc1,hydration_free_energy,kcal/mol,validation,,-5.849999904632568,-5.93133743494071,-8.614190935072012,-3.2484839348094092,random,2030,hybrid_gated,edge_gnn,rdkit,gated,721e3c494613d3aa378fb20e47d69b51245b538e
freesolv,b996f9741fc5cff6,Oc1ccc(Cl)c(Cl)c1,hydration_free_energy,kcal/mol,train,,-7.289999961853027,-0.7952316583700165,-3.4780851585013175,1.8876218417612844,random,2030,hybrid_gated,edge_gnn,rdkit,gated,721e3c494613d3aa378fb20e47d69b51245b538e
freesolv,1aa838762f1917bf,Oc1ccc(Cl)cc1,hydration_free_energy,kcal/mol,train,,-7.03000020980835,2.809925859520219,0.1270723593889178,5.49277935965152,random,2030,hybrid_gated,edge_gnn,rdkit,gated,721e3c494613d3aa378fb20e47d69b51245b538e
freesolv,e2864dba67ef283d,Oc1ccc(F)cc1,hydration_free_energy,kcal/mol,train,,-6.190000057220459,-4.724717220253232,-7.407570720384532,-2.0418637201219307,random,2030,hybrid_gated,edge_gnn,rdkit,gated,721e3c494613d3aa378fb20e47d69b51245b538e
freesolv,7f518d93e9c142c0,Oc1ccc2ccccc2c1,hydration_free_energy,kcal/mol,train,,-8.109999656677246,-6.005761781450329,-8.68861528158163,-3.322908281319028,random,2030,hybrid_gated,edge_gnn,rdkit,gated,721e3c494613d3aa378fb20e47d69b51245b538e
freesolv,cbbe38134650c076,Oc1cccc(Cl)c1,hydration_free_energy,kcal/mol,train,,-6.619999885559082,-7.130483834868498,-9.8133373349998,-4.447630334737196,random,2030,hybrid_gated,edge_gnn,rdkit,gated,721e3c494613d3aa378fb20e47d69b51245b538e
freesolv,988ca1a38a1581f9,Oc1cccc2ccccc12,hydration_free_energy,kcal/mol,test,,-7.670000076293945,-8.22593585414152,-10.908789354272821,-5.5430823540102185,random,2030,hybrid_gated,edge_gnn,rdkit,gated,721e3c494613d3aa378fb20e47d69b51245b538e
freesolv,3800b14c418b69c5,Oc1ccccc1,hydration_free_energy,kcal/mol,train,,-6.599999904632568,0.011781771036285082,-2.671071729095016,2.694635271167586,random,2030,hybrid_gated,edge_gnn,rdkit,gated,721e3c494613d3aa378fb20e47d69b51245b538e
freesolv,9bf03d8ccdb3c64c,Oc1ccccc1Cl,hydration_free_energy,kcal/mol,train,,-4.550000190734863,2.2632829390910536,-0.41957056104024737,4.946136439222355,random,2030,hybrid_gated,edge_gnn,rdkit,gated,721e3c494613d3aa378fb20e47d69b51245b538e
freesolv,aedc78ece946d401,Oc1ccccc1F,hydration_free_energy,kcal/mol,validation,,-5.289999961853027,-4.966796335170616,-7.649649835301917,-2.283942835039315,random,2030,hybrid_gated,edge_gnn,rdkit,gated,721e3c494613d3aa378fb20e47d69b51245b538e
freesolv,d3b87da98c67562d,Oc1ccccc1I,hydration_free_energy,kcal/mol,train,,-6.199999809265137,-9.077557772202885,-11.760411272334187,-6.394704272071584,random,2030,hybrid_gated,edge_gnn,rdkit,gated,721e3c494613d3aa378fb20e47d69b51245b538e
freesolv,3a126e2a44c3887a,S,hydration_free_energy,kcal/mol,validation,,-0.699999988079071,-4.080930487150485,-6.763783987281785,-1.3980769870191838,random,2030,hybrid_gated,edge_gnn,rdkit,gated,721e3c494613d3aa378fb20e47d69b51245b538e
freesolv,371a5e389c8c0955,Sc1ccccc1,hydration_free_energy,kcal/mol,train,,-2.549999952316284,-2.157439563290351,-4.840293063421652,0.5254139368409501,random,2030,hybrid_gated,edge_gnn,rdkit,gated,721e3c494613d3aa378fb20e47d69b51245b538e
freesolv,642af2bc8b818bc9,[O-][S+2]1([O-])CCCC1,hydration_free_energy,kcal/mol,calibration,,-8.609999656677246,-8.958720824989664,-11.641574325120965,-6.275867324858362,random,2030,hybrid_gated,edge_gnn,rdkit,gated,721e3c494613d3aa378fb20e47d69b51245b538e
freesolv,f099726b50ba9b25,c1c[nH]cn1,hydration_free_energy,kcal/mol,train,,-9.630000114440918,-6.702347181870417,-9.385200682001718,-4.019493681739116,random,2030,hybrid_gated,edge_gnn,rdkit,gated,721e3c494613d3aa378fb20e47d69b51245b538e
freesolv,98f5a3867d0fbe7a,c1cc2c3c(cccc3c1)CC2,hydration_free_energy,kcal/mol,test,,-3.1500000953674316,-3.7077434058542416,-6.390596905985543,-1.0248899057229406,random,2030,hybrid_gated,edge_gnn,rdkit,gated,721e3c494613d3aa378fb20e47d69b51245b538e
freesolv,b0c2afa3b4daa40d,c1cc2ccc3cccc4ccc(c1)c2c34,hydration_free_energy,kcal/mol,train,,-4.519999980926514,-3.896854115593432,-6.5797076157247325,-1.214000615462131,random,2030,hybrid_gated,edge_gnn,rdkit,gated,721e3c494613d3aa378fb20e47d69b51245b538e
freesolv,7b676dabf15907c8,c1cc[nH]c1,hydration_free_energy,kcal/mol,train,,-4.78000020980835,-7.89789960843634,-10.580753108567642,-5.215046108305039,random,2030,hybrid_gated,edge_gnn,rdkit,gated,721e3c494613d3aa378fb20e47d69b51245b538e
freesolv,7a5bc4f64c5195f9,c1ccc(-c2ccccc2)cc1,hydration_free_energy,kcal/mol,validation,,-2.700000047683716,-2.504523416130036,-5.1873769162613375,0.17833008400126493,random,2030,hybrid_gated,edge_gnn,rdkit,gated,721e3c494613d3aa378fb20e47d69b51245b538e
freesolv,e797994168bdf8e5,c1ccc(Cn2ccnc2)cc1,hydration_free_energy,kcal/mol,validation,,-7.630000114440918,-7.3449711571375005,-10.027824657268802,-4.662117657006199,random,2030,hybrid_gated,edge_gnn,rdkit,gated,721e3c494613d3aa378fb20e47d69b51245b538e
freesolv,dee9bfd78d64e4a2,c1ccc(Oc2ccccc2)cc1,hydration_free_energy,kcal/mol,calibration,,-2.869999885559082,-3.171348230477989,-5.85420173060929,-0.4884947303466882,random,2030,hybrid_gated,edge_gnn,rdkit,gated,721e3c494613d3aa378fb20e47d69b51245b538e
freesolv,4ffb5477eed907c6,c1ccc2c(c1)CCC2,hydration_free_energy,kcal/mol,calibration,,-1.4600000381469727,-2.2393215590491033,-4.922175059180404,0.4435319410821976,random,2030,hybrid_gated,edge_gnn,rdkit,gated,721e3c494613d3aa378fb20e47d69b51245b538e
freesolv,47543d385846569e,c1ccc2c(c1)Cc1ccccc1-2,hydration_free_energy,kcal/mol,train,,-3.3499999046325684,-4.032463404046215,-6.7153169041775165,-1.349609903914914,random,2030,hybrid_gated,edge_gnn,rdkit,gated,721e3c494613d3aa378fb20e47d69b51245b538e
freesolv,17465babc9cd1c82,c1ccc2c(c1)Cc1ccccc1C2,hydration_free_energy,kcal/mol,calibration,,-3.7799999713897705,-3.407318208773253,-6.090171708904554,-0.724464708641952,random,2030,hybrid_gated,edge_gnn,rdkit,gated,721e3c494613d3aa378fb20e47d69b51245b538e
freesolv,fb7f87c7e6dfb66e,c1ccc2c(c1)Oc1ccccc1O2,hydration_free_energy,kcal/mol,train,,-3.1500000953674316,-0.9569350227476447,-3.6397885228789457,1.7259184773836562,random,2030,hybrid_gated,edge_gnn,rdkit,gated,721e3c494613d3aa378fb20e47d69b51245b538e
freesolv,ccd5156c3d611af8,c1ccc2c(c1)ccc1ccccc12,hydration_free_energy,kcal/mol,train,,-3.880000114440918,-4.538219053145798,-7.221072553277098,-1.8553655530144968,random,2030,hybrid_gated,edge_gnn,rdkit,gated,721e3c494613d3aa378fb20e47d69b51245b538e
freesolv,784372b072523a7c,c1ccc2cc3ccccc3cc2c1,hydration_free_energy,kcal/mol,train,,-3.950000047683716,-2.289492647432589,-4.97234614756389,0.393360852698712,random,2030,hybrid_gated,edge_gnn,rdkit,gated,721e3c494613d3aa378fb20e47d69b51245b538e
freesolv,c7ef340f0fa3dd43,c1ccc2ccccc2c1,hydration_free_energy,kcal/mol,train,,-2.4000000953674316,-0.5399240446626012,-3.222777544793902,2.1429294554686997,random,2030,hybrid_gated,edge_gnn,rdkit,gated,721e3c494613d3aa378fb20e47d69b51245b538e
freesolv,93816c4b27d69be9,c1ccc2ncccc2c1,hydration_free_energy,kcal/mol,train,,-5.71999979019165,-4.78838924382526,-7.4712427439565605,-2.105535743693959,random,2030,hybrid_gated,edge_gnn,rdkit,gated,721e3c494613d3aa378fb20e47d69b51245b538e
freesolv,1c8645677ff2de98,c1ccccc1,hydration_free_energy,kcal/mol,test,,-0.8999999761581421,-0.7233602738879856,-3.4062137740192866,1.9594932262433153,random,2030,hybrid_gated,edge_gnn,rdkit,gated,721e3c494613d3aa378fb20e47d69b51245b538e
freesolv,d311fe7bbff8011b,c1ccncc1,hydration_free_energy,kcal/mol,calibration,,-4.690000057220459,-3.811254290134573,-6.494107790265874,-1.1284007900032722,random,2030,hybrid_gated,edge_gnn,rdkit,gated,721e3c494613d3aa378fb20e47d69b51245b538e
freesolv,dd5ad833c0c7aa1e,c1ccsc1,hydration_free_energy,kcal/mol,validation,,-1.399999976158142,-1.5083938389543379,-4.191247339085638,1.174459661176963,random,2030,hybrid_gated,edge_gnn,rdkit,gated,721e3c494613d3aa378fb20e47d69b51245b538e
