dataset,molecule_id,smiles,property,units,partition,scaffold,y_true,y_pred,prediction_lower,prediction_upper,split_strategy,seed,model,family,features,fusion,git_commit
esol,da61f9c875766442,BrC(Br)(Br)Br,aqueous_solubility,log10(mol/L),train,,-3.140000104904175,-3.1432966455500657,-4.626361122333956,-1.6602321687661754,scaffold,2035,xgb_rdkit_morgan,xgboost,rdkit+morgan,none,77abfcdbb281d08df2e9fb09cf84b2a648ea9008
esol,033a6d997321375a,BrC(Br)Br,aqueous_solubility,log10(mol/L),train,,-1.909999966621399,-1.969685046961398,-3.4527495237452883,-0.4866205701775077,scaffold,2035,xgb_rdkit_morgan,xgboost,rdkit+morgan,none,77abfcdbb281d08df2e9fb09cf84b2a648ea9008
esol,9ab68a3afbba9fc0,BrCBr,aqueous_solubility,log10(mol/L),train,,-1.1699999570846558,-1.2482249958403586,-2.731289472624249,0.2348394809435317,scaffold,2035,xgb_rdkit_morgan,xgboost,rdkit+morgan,none,77abfcdbb281d08df2e9fb09cf84b2a648ea9008
esol,bd914b232803b250,BrCCBr,aqueous_solubility,log10(mol/L),train,,-1.6799999475479126,-1.6559633722676161,-3.1390278490515064,-0.17289889548372583,scaffold,2035,xgb_rdkit_morgan,xgboost,rdkit+morgan,none,77abfcdbb281d08df2e9fb09cf84b2a648ea9008
esol,77a4ca2bbfb75522,Brc1cc(Br)c(Br)cc1Br,aqueous_solubility,log10(mol/L),train,c1ccccc1,-6.980000019073486,-6.9376263884688605,-8.420690865252752,-5.45456191168497,scaffold,2035,xgb_rdkit_morgan,xgboost,rdkit+morgan,none,77abfcdbb281d08df2e9fb09cf84b2a648ea9008
esol,21cbcc346182e499,Brc1cc(Br)cc(Br)c1,aqueous_solubility,log10(mol/L),train,c1ccccc1,-5.599999904632568,-5.504105509489991,-6.987169986273881,-4.0210410327061,scaffold,2035,xgb_rdkit_morgan,xgboost,rdkit+morgan,none,77abfcdbb281d08df2e9fb09cf84b2a648ea9008
esol,599294ce62557e5e,Brc1ccc(Br)c(Br)c1,aqueous_solubility,log10(mol/L),train,c1ccccc1,-4.5,-4.733350196779522,-6.2164146735634125,-3.250285719995632,scaffold,2035,xgb_rdkit_morgan,xgboost,rdkit+morgan,none,77abfcdbb281d08df2e9fb09cf84b2a648ea9008
esol,5e05b0f3e484f559,Brc1ccc(Br)cc1,aqueous_solubility,log10(mol/L),train,c1ccccc1,-4.070000171661377,-4.046115529130847,-5.529180005914737,-2.5630510523469567,scaffold,2035,xgb_rdkit_morgan,xgboost,rdkit+morgan,none,77abfcdbb281d08df2e9fb09cf84b2a648ea9008
esol,bbdc3f8b7bb7f0e8,Brc1ccc(I)cc1,aqueous_solubility,log10(mol/L),train,c1ccccc1,-4.559999942779541,-4.378366727799956,-5.861431204583846,-2.8953022510160658,scaffold,2035,xgb_rdkit_morgan,xgboost,rdkit+morgan,none,77abfcdbb281d08df2e9fb09cf84b2a648ea9008
esol,30d2b25ba1f64487,Brc1ccc2ccccc2c1,aqueous_solubility,log10(mol/L),train,c1ccc2ccccc2c1,-4.400000095367432,-4.427158472298361,-5.910222949082251,-2.9440939955144705,scaffold,2035,xgb_rdkit_morgan,xgboost,rdkit+morgan,none,77abfcdbb281d08df2e9fb09cf84b2a648ea9008
esol,e49ac581c1a589b2,Brc1cccc(Br)c1,aqueous_solubility,log10(mol/L),train,c1ccccc1,-3.5399999618530273,-3.6138935599137594,-5.09695803669765,-2.130829083129869,scaffold,2035,xgb_rdkit_morgan,xgboost,rdkit+morgan,none,77abfcdbb281d08df2e9fb09cf84b2a648ea9008
esol,4ec2811097081ab4,Brc1cccc2ccccc12,aqueous_solubility,log10(mol/L),train,c1ccc2ccccc2c1,-4.349999904632568,-4.31973282179054,-5.80279729857443,-2.8366683450066494,scaffold,2035,xgb_rdkit_morgan,xgboost,rdkit+morgan,none,77abfcdbb281d08df2e9fb09cf84b2a648ea9008
esol,0397bd2cd69b335c,Brc1ccccc1,aqueous_solubility,log10(mol/L),train,c1ccccc1,-2.549999952316284,-2.5517391190016485,-4.034803595785538,-1.0686746422177582,scaffold,2035,xgb_rdkit_morgan,xgboost,rdkit+morgan,none,77abfcdbb281d08df2e9fb09cf84b2a648ea9008
esol,324f80b71abb8f48,Brc1ccccc1Br,aqueous_solubility,log10(mol/L),train,c1ccccc1,-3.5,-3.5115460794166644,-4.994610556200555,-2.028481602632774,scaffold,2035,xgb_rdkit_morgan,xgboost,rdkit+morgan,none,77abfcdbb281d08df2e9fb09cf84b2a648ea9008
esol,ef653be8d856a3e3,C,aqueous_solubility,log10(mol/L),train,,-0.8999999761581421,-0.829634097822767,-2.3126985746066575,0.6534303789611233,scaffold,2035,xgb_rdkit_morgan,xgboost,rdkit+morgan,none,77abfcdbb281d08df2e9fb09cf84b2a648ea9008
esol,1e62faae86ae77c5,C#C,aqueous_solubility,log10(mol/L),train,,0.28999999165534973,0.2012277625600256,-1.2818367142238647,1.684292239343916,scaffold,2035,xgb_rdkit_morgan,xgboost,rdkit+morgan,none,77abfcdbb281d08df2e9fb09cf84b2a648ea9008
esol,be01c31d44889bd9,C#CC,aqueous_solubility,log10(mol/L),train,,-0.4099999964237213,-0.38550327828439945,-1.8685677550682898,1.0975611984994909,scaffold,2035,xgb_rdkit_morgan,xgboost,rdkit+morgan,none,77abfcdbb281d08df2e9fb09cf84b2a648ea9008
esol,418e7591029ea69f,C#CC(C)N(C)C(=O)Nc1ccc(Cl)cc1,aqueous_solubility,log10(mol/L),train,c1ccccc1,-3.9000000953674316,-3.832752685927808,-5.315817162711698,-2.3496882091439177,scaffold,2035,xgb_rdkit_morgan,xgboost,rdkit+morgan,none,77abfcdbb281d08df2e9fb09cf84b2a648ea9008
esol,9ab8feee6b5a7528,C#CC(C)OC(=O)Nc1cccc(Cl)c1,aqueous_solubility,log10(mol/L),train,c1ccccc1,-2.617000102996826,-2.7832477013908896,-4.26631217817478,-1.3001832246069993,scaffold,2035,xgb_rdkit_morgan,xgboost,rdkit+morgan,none,77abfcdbb281d08df2e9fb09cf84b2a648ea9008
esol,254e2b1734e74745,C#CC1(O)CCC2C3CCC4=CC(=O)CCC4(C)C3CCC21C,aqueous_solubility,log10(mol/L),train,O=C1C=C2CCC3C4CCCC4CCC3C2CC1,-5.659999847412109,-5.420276743802079,-6.903341220585969,-3.9372122670181886,scaffold,2035,xgb_rdkit_morgan,xgboost,rdkit+morgan,none,77abfcdbb281d08df2e9fb09cf84b2a648ea9008
esol,8df5408ffcddd97a,C#CC1(O)CCC2C3CCC4=CC(=O)CCC4(O)C3CCC21C,aqueous_solubility,log10(mol/L),train,O=C1C=C2CCC3C4CCCC4CCC3C2CC1,-4.570000171661377,-4.585003775238649,-6.068068252022539,-3.1019392984547585,scaffold,2035,xgb_rdkit_morgan,xgboost,rdkit+morgan,none,77abfcdbb281d08df2e9fb09cf84b2a648ea9008
esol,1e8401e159a17ddb,C#CC1(O)CCC2C3CCC4=Cc5oncc5CC4(C)C3CCC21C,aqueous_solubility,log10(mol/L),test,C1=C2CCC3C4CCCC4CCC3C2Cc2cnoc21,-5.506999969482422,-4.734852076963271,-6.217916553747162,-3.251787600179381,scaffold,2035,xgb_rdkit_morgan,xgboost,rdkit+morgan,none,77abfcdbb281d08df2e9fb09cf84b2a648ea9008
esol,0ede43d08b0b685a,C#CC1(O)CCC2C3CCc4cc(O)ccc4C3CCC21C,aqueous_solubility,log10(mol/L),validation,c1ccc2c(c1)CCC1C2CCC2CCCC21,-4.300000190734863,-3.5987534222167596,-5.08181789900065,-2.1156889454328693,scaffold,2035,xgb_rdkit_morgan,xgboost,rdkit+morgan,none,77abfcdbb281d08df2e9fb09cf84b2a648ea9008
esol,f6f3f8ce45fa9dfa,C#CC1(OC(C)=O)CCC2C3CCC4=CC(=O)CCC4C3CCC21C,aqueous_solubility,log10(mol/L),train,O=C1C=C2CCC3C4CCCC4CCC3C2CC1,-4.800000190734863,-4.891843218214114,-6.374907694998004,-3.4087787414302237,scaffold,2035,xgb_rdkit_morgan,xgboost,rdkit+morgan,none,77abfcdbb281d08df2e9fb09cf84b2a648ea9008
esol,3e31eac302cfd8fc,C#CCC,aqueous_solubility,log10(mol/L),train,,-1.2400000095367432,-1.0461370631815774,-2.5292015399654675,0.4369274136023129,scaffold,2035,xgb_rdkit_morgan,xgboost,rdkit+morgan,none,77abfcdbb281d08df2e9fb09cf84b2a648ea9008
esol,ef58f1c4944033aa,C#CCCC,aqueous_solubility,log10(mol/L),train,,-1.6399999856948853,-1.6666051745091706,-3.1496696512930606,-0.18354069772528026,scaffold,2035,xgb_rdkit_morgan,xgboost,rdkit+morgan,none,77abfcdbb281d08df2e9fb09cf84b2a648ea9008
esol,9df9f03554f45e69,C#CCCCC,aqueous_solubility,log10(mol/L),train,,-2.359999895095825,-2.3965989435186263,-3.8796634203025167,-0.913534466734736,scaffold,2035,xgb_rdkit_morgan,xgboost,rdkit+morgan,none,77abfcdbb281d08df2e9fb09cf84b2a648ea9008
esol,0b51237b33e42d49,C#CCCCCC,aqueous_solubility,log10(mol/L),train,,-3.009999990463257,-3.018496923414862,-4.501561400198753,-1.535432446630972,scaffold,2035,xgb_rdkit_morgan,xgboost,rdkit+morgan,none,77abfcdbb281d08df2e9fb09cf84b2a648ea9008
esol,48de0e30b5d246ce,C#CCCCCCC,aqueous_solubility,log10(mol/L),train,,-3.6600000858306885,-3.5936537526557917,-5.076718229439682,-2.1105892758719014,scaffold,2035,xgb_rdkit_morgan,xgboost,rdkit+morgan,none,77abfcdbb281d08df2e9fb09cf84b2a648ea9008
esol,a3e71f83f986b969,C#CCCCCCCC,aqueous_solubility,log10(mol/L),train,,-4.239999771118164,-4.309043150384635,-5.792107627168526,-2.825978673600745,scaffold,2035,xgb_rdkit_morgan,xgboost,rdkit+morgan,none,77abfcdbb281d08df2e9fb09cf84b2a648ea9008
esol,004b9675aac80e82,C/C=C/C=O,aqueous_solubility,log10(mol/L),train,,0.3199999928474426,0.3112073458289015,-1.1718571309549888,1.7942718226127918,scaffold,2035,xgb_rdkit_morgan,xgboost,rdkit+morgan,none,77abfcdbb281d08df2e9fb09cf84b2a648ea9008
esol,0923717a6761fd77,C/C=C/CC,aqueous_solubility,log10(mol/L),train,,-2.5399999618530273,-2.565239886297192,-4.048304363081082,-1.0821754095133018,scaffold,2035,xgb_rdkit_morgan,xgboost,rdkit+morgan,none,77abfcdbb281d08df2e9fb09cf84b2a648ea9008
esol,c57120d38c0a4a68,C/C=C/CCCC,aqueous_solubility,log10(mol/L),train,,-3.819999933242798,-3.812598936261831,-5.295663413045721,-2.329534459477941,scaffold,2035,xgb_rdkit_morgan,xgboost,rdkit+morgan,none,77abfcdbb281d08df2e9fb09cf84b2a648ea9008
esol,26ab7efc03939d8f,C/C=C\CC,aqueous_solubility,log10(mol/L),train,,-2.5399999618530273,-2.565239886297192,-4.048304363081082,-1.0821754095133018,scaffold,2035,xgb_rdkit_morgan,xgboost,rdkit+morgan,none,77abfcdbb281d08df2e9fb09cf84b2a648ea9008
esol,5cd7d49aba9a7e17,C1=CCC=CC1,aqueous_solubility,log10(mol/L),train,C1=CCC=CC1,-2.059999942779541,-2.059979535124956,-3.5430440119088464,-0.5769150583410658,scaffold,2035,xgb_rdkit_morgan,xgboost,rdkit+morgan,none,77abfcdbb281d08df2e9fb09cf84b2a648ea9008
esol,1d7f56772c078bb9,C1=CCCC1,aqueous_solubility,log10(mol/L),calibration,C1=CCCC1,-2.0999999046325684,-1.994437384129252,-3.4775018609131423,-0.5113729073453617,scaffold,2035,xgb_rdkit_morgan,xgboost,rdkit+morgan,none,77abfcdbb281d08df2e9fb09cf84b2a648ea9008
esol,abde13413c473f18,C1=CCCCC1,aqueous_solubility,log10(mol/L),test,C1=CCCCC1,-2.5899999141693115,-2.625400928522789,-4.10846540530668,-1.1423364517388985,scaffold,2035,xgb_rdkit_morgan,xgboost,rdkit+morgan,none,77abfcdbb281d08df2e9fb09cf84b2a648ea9008
esol,bb8c20b84fd920a2,C1=CCCCCC1,aqueous_solubility,log10(mol/L),calibration,C1=CCCCCC1,-3.180000066757202,-3.2520559214741342,-4.735120398258024,-1.768991444690244,scaffold,2035,xgb_rdkit_morgan,xgboost,rdkit+morgan,none,77abfcdbb281d08df2e9fb09cf84b2a648ea9008
esol,95b87f4f4f2bb613,C1=Cc2cccc3cccc1c23,aqueous_solubility,log10(mol/L),test,C1=Cc2cccc3cccc1c23,-3.9600000381469727,-4.228736034782754,-5.711800511566644,-2.7456715579988638,scaffold,2035,xgb_rdkit_morgan,xgboost,rdkit+morgan,none,77abfcdbb281d08df2e9fb09cf84b2a648ea9008
esol,5c3986bd23acb32d,C1CCC2CCCCC2C1,aqueous_solubility,log10(mol/L),calibration,C1CCC2CCCCC2C1,-5.190000057220459,-5.096847962783061,-6.579912439566951,-3.6137834859991704,scaffold,2035,xgb_rdkit_morgan,xgboost,rdkit+morgan,none,77abfcdbb281d08df2e9fb09cf84b2a648ea9008
esol,7c5d26a49231e799,C1CCCC1,aqueous_solubility,log10(mol/L),calibration,C1CCCC1,-2.640000104904175,-2.462143529546264,-3.9452080063301542,-0.9790790527623736,scaffold,2035,xgb_rdkit_morgan,xgboost,rdkit+morgan,none,77abfcdbb281d08df2e9fb09cf84b2a648ea9008
esol,4d70c6ce3ea26712,C1CCCCC1,aqueous_solubility,log10(mol/L),test,C1CCCCC1,-3.0999999046325684,-3.346763964408137,-4.829828441192028,-1.8636994876242468,scaffold,2035,xgb_rdkit_morgan,xgboost,rdkit+morgan,none,77abfcdbb281d08df2e9fb09cf84b2a648ea9008
esol,70cfcad6dba4b5a4,C1CCCCCC1,aqueous_solubility,log10(mol/L),test,C1CCCCCC1,-3.509999990463257,-3.816077230901242,-5.299141707685132,-2.3330127541173518,scaffold,2035,xgb_rdkit_morgan,xgboost,rdkit+morgan,none,77abfcdbb281d08df2e9fb09cf84b2a648ea9008
esol,3049de5674a74cb5,C1CCCCCCC1,aqueous_solubility,log10(mol/L),test,C1CCCCCCC1,-4.150000095367432,-4.716602997397453,-6.199667474181343,-3.2335385206135623,scaffold,2035,xgb_rdkit_morgan,xgboost,rdkit+morgan,none,77abfcdbb281d08df2e9fb09cf84b2a648ea9008
esol,ec599f0cbd5e780b,C1CCOC1,aqueous_solubility,log10(mol/L),train,C1CCOC1,0.49000000953674316,0.4836494179988873,-0.999415058785003,1.9667138947827776,scaffold,2035,xgb_rdkit_morgan,xgboost,rdkit+morgan,none,77abfcdbb281d08df2e9fb09cf84b2a648ea9008
esol,6ee75a2f4b64ffb0,C1CCOCC1,aqueous_solubility,log10(mol/L),calibration,C1CCOCC1,-0.029999999329447746,-0.07679681911720992,-1.5598612959011002,1.4062676576666804,scaffold,2035,xgb_rdkit_morgan,xgboost,rdkit+morgan,none,77abfcdbb281d08df2e9fb09cf84b2a648ea9008
esol,dbdd245cf7f7502f,C=C,aqueous_solubility,log10(mol/L),train,,-0.4000000059604645,-0.39064155201016604,-1.8737060287940563,1.0924229247737243,scaffold,2035,xgb_rdkit_morgan,xgboost,rdkit+morgan,none,77abfcdbb281d08df2e9fb09cf84b2a648ea9008
esol,1ff48e0fc1bb46f2,C=C(Br)CC1(C(C)CC)C(=O)NC(=O)NC1=O,aqueous_solubility,log10(mol/L),train,O=C1CC(=O)NC(=O)N1,-2.6470000743865967,-2.70638069200078,-4.189445168784671,-1.2233162152168897,scaffold,2035,xgb_rdkit_morgan,xgboost,rdkit+morgan,none,77abfcdbb281d08df2e9fb09cf84b2a648ea9008
esol,e7c10ec7ffa2f500,C=C(C)C,aqueous_solubility,log10(mol/L),train,,-2.3299999237060547,-2.2540158862181485,-3.737080363002039,-0.7709514094342582,scaffold,2035,xgb_rdkit_morgan,xgboost,rdkit+morgan,none,77abfcdbb281d08df2e9fb09cf84b2a648ea9008
esol,1e7286c23334c464,C=C(C)C(=C)C,aqueous_solubility,log10(mol/L),train,,-2.4000000953674316,-2.4524430453200656,-3.935507522103956,-0.9693785685361753,scaffold,2035,xgb_rdkit_morgan,xgboost,rdkit+morgan,none,77abfcdbb281d08df2e9fb09cf84b2a648ea9008
esol,2b835da78b020754,C=C(C)C1CC=C(C)C(=O)C1,aqueous_solubility,log10(mol/L),train,O=C1C=CCCC1,-2.059999942779541,-2.037634910020103,-3.5206993868039933,-0.5545704332362127,scaffold,2035,xgb_rdkit_morgan,xgboost,rdkit+morgan,none,77abfcdbb281d08df2e9fb09cf84b2a648ea9008
esol,9920e0d07ed28e13,C=C(C)C1CC=C(C)CC1,aqueous_solubility,log10(mol/L),test,C1=CCCCC1,-4.260000228881836,-3.976182837386021,-5.459247314169911,-2.4931183606021308,scaffold,2035,xgb_rdkit_morgan,xgboost,rdkit+morgan,none,77abfcdbb281d08df2e9fb09cf84b2a648ea9008
esol,9ce3bd89adca3155,C=C(C)C1Cc2c(ccc3c2OC2COc4cc(OC)c(OC)cc4C2C3=O)O1,aqueous_solubility,log10(mol/L),train,O=C1c2ccc3c(c2OC2COc4ccccc4C12)CCO3,-4.420000076293945,-4.409073787083564,-5.892138263867454,-2.9260093102996736,scaffold,2035,xgb_rdkit_morgan,xgboost,rdkit+morgan,none,77abfcdbb281d08df2e9fb09cf84b2a648ea9008
esol,c8d3a1f414f5bcce,C=C(C)CC,aqueous_solubility,log10(mol/L),train,,-2.7300000190734863,-2.642458319792896,-4.125522796576787,-1.1593938430090058,scaffold,2035,xgb_rdkit_morgan,xgboost,rdkit+morgan,none,77abfcdbb281d08df2e9fb09cf84b2a648ea9008
esol,08ff67a090d72c26,C=C(C)CCC,aqueous_solubility,log10(mol/L),train,,-3.0299999713897705,-3.0542043207738585,-4.537268797557749,-1.5711398439899682,scaffold,2035,xgb_rdkit_morgan,xgboost,rdkit+morgan,none,77abfcdbb281d08df2e9fb09cf84b2a648ea9008
esol,43ca2dece41f5eb7,C=C(C)CN(CC)c1c([N+](=O)[O-])cc(C(F)(F)F)cc1[N+](=O)[O-],aqueous_solubility,log10(mol/L),train,c1ccccc1,-6.124000072479248,-6.076619527304294,-7.559684004088185,-4.593555050520404,scaffold,2035,xgb_rdkit_morgan,xgboost,rdkit+morgan,none,77abfcdbb281d08df2e9fb09cf84b2a648ea9008
esol,49db12929fad29a3,C=C(Cl)CSC(=S)N(CC)CC,aqueous_solubility,log10(mol/L),train,,-3.390000104904175,-3.3799672283786695,-4.86303170516256,-1.8969027515947792,scaffold,2035,xgb_rdkit_morgan,xgboost,rdkit+morgan,none,77abfcdbb281d08df2e9fb09cf84b2a648ea9008
esol,17bd196156d45488,C=C(Cl)Cl,aqueous_solubility,log10(mol/L),train,,-1.6399999856948853,-1.601157692803758,-3.0842221695876484,-0.11809321601986777,scaffold,2035,xgb_rdkit_morgan,xgboost,rdkit+morgan,none,77abfcdbb281d08df2e9fb09cf84b2a648ea9008
esol,4374b7441e7baae0,C=CC,aqueous_solubility,log10(mol/L),train,,-1.0800000429153442,-1.1179706240011054,-2.601035100784996,0.36509385278278494,scaffold,2035,xgb_rdkit_morgan,xgboost,rdkit+morgan,none,77abfcdbb281d08df2e9fb09cf84b2a648ea9008
esol,b3adba63532cb668,C=CC#N,aqueous_solubility,log10(mol/L),train,,0.15000000596046448,0.10885500433675865,-1.3742094724471317,1.591919481120649,scaffold,2035,xgb_rdkit_morgan,xgboost,rdkit+morgan,none,77abfcdbb281d08df2e9fb09cf84b2a648ea9008
esol,2c3f4ff07d8cd113,C=CC(=C)C,aqueous_solubility,log10(mol/L),train,,-2.0299999713897705,-2.050241248512766,-3.5333057252966564,-0.5671767717288758,scaffold,2035,xgb_rdkit_morgan,xgboost,rdkit+morgan,none,77abfcdbb281d08df2e9fb09cf84b2a648ea9008
esol,4813864c1e8d653b,C=CC(=O)OC,aqueous_solubility,log10(mol/L),train,,-0.2199999988079071,-0.20669282552508328,-1.6897573023089736,1.276371651258807,scaffold,2035,xgb_rdkit_morgan,xgboost,rdkit+morgan,none,77abfcdbb281d08df2e9fb09cf84b2a648ea9008
esol,64f6eee3339816ef,C=CC(C)(O)CCC=C(C)C,aqueous_solubility,log10(mol/L),train,,-1.9900000095367432,-1.9660430706632397,-3.44910754744713,-0.4829785938793494,scaffold,2035,xgb_rdkit_morgan,xgboost,rdkit+morgan,none,77abfcdbb281d08df2e9fb09cf84b2a648ea9008
esol,2e0d4bc22e47200f,C=CC(C)C,aqueous_solubility,log10(mol/L),train,,-2.7300000190734863,-2.6899914200412973,-4.173055896825188,-1.206926943257407,scaffold,2035,xgb_rdkit_morgan,xgboost,rdkit+morgan,none,77abfcdbb281d08df2e9fb09cf84b2a648ea9008
esol,a7f910903d65c55d,C=CC(O)CCC,aqueous_solubility,log10(mol/L),train,,-0.5899999737739563,-0.590111290821258,-2.0731757676051483,0.8929531859626323,scaffold,2035,xgb_rdkit_morgan,xgboost,rdkit+morgan,none,77abfcdbb281d08df2e9fb09cf84b2a648ea9008
esol,9c5c4be6a611f0d4,C=CC1(C)OC(=O)N(c2cc(Cl)cc(Cl)c2)C1=O,aqueous_solubility,log10(mol/L),test,O=C1COC(=O)N1c1ccccc1,-4.925000190734863,-4.268140909350685,-5.7512053861345755,-2.785076432566795,scaffold,2035,xgb_rdkit_morgan,xgboost,rdkit+morgan,none,77abfcdbb281d08df2e9fb09cf84b2a648ea9008
esol,5f725e80c7d4ca6e,C=CC=C,aqueous_solubility,log10(mol/L),train,,-1.8700000047683716,-1.834086552111465,-3.3171510288953554,-0.3510220753275748,scaffold,2035,xgb_rdkit_morgan,xgboost,rdkit+morgan,none,77abfcdbb281d08df2e9fb09cf84b2a648ea9008
esol,7e5d57bf31e51f3b,C=CC=O,aqueous_solubility,log10(mol/L),train,,0.5699999928474426,0.6093376892257174,-0.8737267875581729,2.0924021660096077,scaffold,2035,xgb_rdkit_morgan,xgboost,rdkit+morgan,none,77abfcdbb281d08df2e9fb09cf84b2a648ea9008
esol,0c125e154592b036,C=CCC,aqueous_solubility,log10(mol/L),train,,-1.940000057220459,-2.011061644094193,-3.494126120878083,-0.5279971673103026,scaffold,2035,xgb_rdkit_morgan,xgboost,rdkit+morgan,none,77abfcdbb281d08df2e9fb09cf84b2a648ea9008
esol,d82c07a526a33d28,C=CCC1(C(C)C)C(=O)NC(=O)NC1=O,aqueous_solubility,log10(mol/L),train,O=C1CC(=O)NC(=O)N1,-1.7079999446868896,-1.7594220588006941,-3.242486535584584,-0.2763575820168038,scaffold,2035,xgb_rdkit_morgan,xgboost,rdkit+morgan,none,77abfcdbb281d08df2e9fb09cf84b2a648ea9008
esol,0a25a747148c7a1f,C=CCC1(C(C)CC)C(=O)NC(=O)NC1=O,aqueous_solubility,log10(mol/L),train,O=C1CC(=O)NC(=O)N1,-2.0160000324249268,-2.0479336697141513,-3.5309981464980416,-0.5648691929302609,scaffold,2035,xgb_rdkit_morgan,xgboost,rdkit+morgan,none,77abfcdbb281d08df2e9fb09cf84b2a648ea9008
esol,755de189a5985744,C=CCC1(C(C)CCC)C(=O)NC(=O)NC1=O,aqueous_solubility,log10(mol/L),train,O=C1CC(=O)NC(=O)N1,-2.3559999465942383,-2.322655635397323,-3.805720112181213,-0.8395911586134326,scaffold,2035,xgb_rdkit_morgan,xgboost,rdkit+morgan,none,77abfcdbb281d08df2e9fb09cf84b2a648ea9008
esol,2377f869d0ed780c,C=CCC1(C(C)CCC)C(=O)NC(=S)NC1=O,aqueous_solubility,log10(mol/L),test,O=C1CC(=O)NC(=S)N1,-3.4600000381469727,-2.7418950388402705,-4.22495951562416,-1.2588305620563802,scaffold,2035,xgb_rdkit_morgan,xgboost,rdkit+morgan,none,77abfcdbb281d08df2e9fb09cf84b2a648ea9008
esol,1f2305f058bbb67d,C=CCC1(C)C(=O)NC(=O)NC1=O,aqueous_solubility,log10(mol/L),train,O=C1CC(=O)NC(=O)N1,-1.159999966621399,-1.1727469642997164,-2.655811441083607,0.31031751248417394,scaffold,2035,xgb_rdkit_morgan,xgboost,rdkit+morgan,none,77abfcdbb281d08df2e9fb09cf84b2a648ea9008
esol,b2789fcdce54841c,C=CCC1(CC)C(=O)NC(=O)NC1=O,aqueous_solubility,log10(mol/L),train,O=C1CC(=O)NC(=O)N1,-1.6139999628067017,-1.5886930612914185,-3.0717575380753086,-0.10562858450752821,scaffold,2035,xgb_rdkit_morgan,xgboost,rdkit+morgan,none,77abfcdbb281d08df2e9fb09cf84b2a648ea9008
esol,d7c2057651e25e8d,C=CCC1(CC=C)C(=O)NC(=O)NC1=O,aqueous_solubility,log10(mol/L),train,O=C1CC(=O)NC(=O)N1,-2.0769999027252197,-2.0729263623511462,-3.5559908391350366,-0.5898618855672559,scaffold,2035,xgb_rdkit_morgan,xgboost,rdkit+morgan,none,77abfcdbb281d08df2e9fb09cf84b2a648ea9008
esol,09c2f35273cfdcb6,C=CCC1(c2ccccc2)C(=O)NC(=O)NC1=O,aqueous_solubility,log10(mol/L),calibration,O=C1NC(=O)C(c2ccccc2)C(=O)N1,-2.36899995803833,-2.4483883014136723,-3.9314527781975626,-0.965323824629782,scaffold,2035,xgb_rdkit_morgan,xgboost,rdkit+morgan,none,77abfcdbb281d08df2e9fb09cf84b2a648ea9008
esol,924236428a2d77f9,C=CCC=C,aqueous_solubility,log10(mol/L),train,,-2.0899999141693115,-2.071770791221156,-3.5548352680050463,-0.5887063144372657,scaffold,2035,xgb_rdkit_morgan,xgboost,rdkit+morgan,none,77abfcdbb281d08df2e9fb09cf84b2a648ea9008
esol,20d95e6e0ed5a2ad,C=CCCC,aqueous_solubility,log10(mol/L),train,,-2.680000066757202,-2.6326005755622868,-4.115665052346177,-1.1495360987783965,scaffold,2035,xgb_rdkit_morgan,xgboost,rdkit+morgan,none,77abfcdbb281d08df2e9fb09cf84b2a648ea9008
esol,4e33c9c7d0f0a61e,C=CCCC=C,aqueous_solubility,log10(mol/L),train,,-2.680000066757202,-2.7009568662375467,-4.184021343021437,-1.2178923894536564,scaffold,2035,xgb_rdkit_morgan,xgboost,rdkit+morgan,none,77abfcdbb281d08df2e9fb09cf84b2a648ea9008
esol,59d1e0b0ecbe24ff,C=CCCCC,aqueous_solubility,log10(mol/L),train,,-3.2300000190734863,-3.2611448563388943,-4.744209333122784,-1.778080379555004,scaffold,2035,xgb_rdkit_morgan,xgboost,rdkit+morgan,none,77abfcdbb281d08df2e9fb09cf84b2a648ea9008
esol,21083084379f0a6c,C=CCCCCC,aqueous_solubility,log10(mol/L),train,,-3.7300000190734863,-3.8190928694732924,-5.302157346257182,-2.336028392689402,scaffold,2035,xgb_rdkit_morgan,xgboost,rdkit+morgan,none,77abfcdbb281d08df2e9fb09cf84b2a648ea9008
esol,25723488a4ed1346,C=CCCCCCC,aqueous_solubility,log10(mol/L),train,,-4.440000057220459,-4.47037482514343,-5.95343930192732,-2.9873103483595393,scaffold,2035,xgb_rdkit_morgan,xgboost,rdkit+morgan,none,77abfcdbb281d08df2e9fb09cf84b2a648ea9008
esol,2667126ae7a1dd89,C=CCCCCCCC,aqueous_solubility,log10(mol/L),train,,-5.050000190734863,-5.070650582640247,-6.553715059424137,-3.5875861058563565,scaffold,2035,xgb_rdkit_morgan,xgboost,rdkit+morgan,none,77abfcdbb281d08df2e9fb09cf84b2a648ea9008
esol,438c34629e40839e,C=CCCCCCCCC,aqueous_solubility,log10(mol/L),train,,-5.510000228881836,-5.3918284438963715,-6.874892920680262,-3.908763967112481,scaffold,2035,xgb_rdkit_morgan,xgboost,rdkit+morgan,none,77abfcdbb281d08df2e9fb09cf84b2a648ea9008
esol,fb7e490aa1b4d51e,C=CCCCO,aqueous_solubility,log10(mol/L),train,,-0.15000000596046448,-0.14880938447935943,-1.6318738612632497,1.3342550923045309,scaffold,2035,xgb_rdkit_morgan,xgboost,rdkit+morgan,none,77abfcdbb281d08df2e9fb09cf84b2a648ea9008
esol,14bb3c94959a3803,C=CCSS(=O)CC=C,aqueous_solubility,log10(mol/L),train,,-0.8299999833106995,-0.8553740483082244,-2.3384385250921147,0.6276904284756659,scaffold,2035,xgb_rdkit_morgan,xgboost,rdkit+morgan,none,77abfcdbb281d08df2e9fb09cf84b2a648ea9008
esol,2a16db7cc18684b8,C=CCc1ccc(O)c(OC)c1,aqueous_solubility,log10(mol/L),train,c1ccccc1,-1.559999942779541,-1.6559188290005404,-3.1389833057844307,-0.17285435221665013,scaffold,2035,xgb_rdkit_morgan,xgboost,rdkit+morgan,none,77abfcdbb281d08df2e9fb09cf84b2a648ea9008
esol,766b85d6ebc35451,C=CCc1ccc(OC)cc1,aqueous_solubility,log10(mol/L),train,c1ccccc1,-2.9200000762939453,-2.904130110446384,-4.387194587230274,-1.4210656336624936,scaffold,2035,xgb_rdkit_morgan,xgboost,rdkit+morgan,none,77abfcdbb281d08df2e9fb09cf84b2a648ea9008
esol,196ca171baf9b009,C=CCl,aqueous_solubility,log10(mol/L),train,,-1.75,-1.6349605685401527,-3.118025045324043,-0.1518960917562624,scaffold,2035,xgb_rdkit_morgan,xgboost,rdkit+morgan,none,77abfcdbb281d08df2e9fb09cf84b2a648ea9008
esol,a264ecb5a75262c6,C=COCC,aqueous_solubility,log10(mol/L),train,,-0.8500000238418579,-0.7071904769517796,-2.19025495373567,0.7758739998321107,scaffold,2035,xgb_rdkit_morgan,xgboost,rdkit+morgan,none,77abfcdbb281d08df2e9fb09cf84b2a648ea9008
esol,45e8e1638633d646,C=Cc1ccccc1,aqueous_solubility,log10(mol/L),train,c1ccccc1,-2.819999933242798,-2.7980411514163612,-4.281105628200251,-1.314976674632471,scaffold,2035,xgb_rdkit_morgan,xgboost,rdkit+morgan,none,77abfcdbb281d08df2e9fb09cf84b2a648ea9008
esol,2ed9dd6e3dc3579d,CBr,aqueous_solubility,log10(mol/L),train,,-0.7900000214576721,-0.7642576477805845,-2.2473221245644748,0.7188068290033058,scaffold,2035,xgb_rdkit_morgan,xgboost,rdkit+morgan,none,77abfcdbb281d08df2e9fb09cf84b2a648ea9008
esol,2bf59afa2658a8ce,CC,aqueous_solubility,log10(mol/L),train,,-1.3600000143051147,-1.2716061724655758,-2.754670649249466,0.21145830431831447,scaffold,2035,xgb_rdkit_morgan,xgboost,rdkit+morgan,none,77abfcdbb281d08df2e9fb09cf84b2a648ea9008
esol,780406fdddd47378,CC#N,aqueous_solubility,log10(mol/L),train,,0.25999999046325684,0.32188727710707266,-1.1611771996768177,1.804951753890963,scaffold,2035,xgb_rdkit_morgan,xgboost,rdkit+morgan,none,77abfcdbb281d08df2e9fb09cf84b2a648ea9008
esol,9e0bb6837efcdbd1,CC(=O)C(C)(C)C,aqueous_solubility,log10(mol/L),train,,-0.7200000286102295,-0.7196124657097718,-2.202676942493662,0.7634520110741185,scaffold,2035,xgb_rdkit_morgan,xgboost,rdkit+morgan,none,77abfcdbb281d08df2e9fb09cf84b2a648ea9008
esol,6650bf346297661f,CC(=O)C(C)C,aqueous_solubility,log10(mol/L),train,,-0.11999999731779099,-0.09227103131727743,-1.5753355081011677,1.3907934454666129,scaffold,2035,xgb_rdkit_morgan,xgboost,rdkit+morgan,none,77abfcdbb281d08df2e9fb09cf84b2a648ea9008
esol,4ed306073e855fe0,CC(=O)C1(C)CCC2C3C=C(C)C4=CC(=O)CCC4(C)C3CCC21C,aqueous_solubility,log10(mol/L),train,O=C1C=C2C=CC3C4CCCC4CCC3C2CC1,-5.269999980926514,-5.248442835705234,-6.731507312489124,-3.7653783589213434,scaffold,2035,xgb_rdkit_morgan,xgboost,rdkit+morgan,none,77abfcdbb281d08df2e9fb09cf84b2a648ea9008
esol,48d6efa11e6c3778,CC(=O)C1(O)CCC2C3CC(C)C4=CC(=O)C=CC4(C)C3(F)C(O)CC21C,aqueous_solubility,log10(mol/L),calibration,O=C1C=CC2C(=C1)CCC1C3CCCC3CCC21,-4.098999977111816,-3.9620600085180087,-5.445124485301899,-2.4789955317341184,scaffold,2035,xgb_rdkit_morgan,xgboost,rdkit+morgan,none,77abfcdbb281d08df2e9fb09cf84b2a648ea9008
esol,9a642a5271eefbe6,CC(=O)C1(O)CCC2C3CCC4=CC(=O)CCC4(C)C3CCC21C,aqueous_solubility,log10(mol/L),train,O=C1C=C2CCC3C4CCCC4CCC3C2CC1,-3.816999912261963,-3.8402928513963444,-5.323357328180235,-2.357228374612454,scaffold,2035,xgb_rdkit_morgan,xgboost,rdkit+morgan,none,77abfcdbb281d08df2e9fb09cf84b2a648ea9008
esol,442739c64f9533c1,CC(=O)C1CCC2C3CC=C4CC(O)CCC4(C)C3CCC12C,aqueous_solubility,log10(mol/L),test,C1=C2CCCCC2C2CCC3CCCC3C2C1,-4.650000095367432,-4.285131968272239,-5.768196445056129,-2.8020674914883488,scaffold,2035,xgb_rdkit_morgan,xgboost,rdkit+morgan,none,77abfcdbb281d08df2e9fb09cf84b2a648ea9008
esol,e9e2dbb6336bc14a,CC(=O)C1CCC2C3CCC4=CC(=O)CCC4(C)C3CCC12C,aqueous_solubility,log10(mol/L),train,O=C1C=C2CCC3C4CCCC4CCC3C2CC1,-4.420000076293945,-4.399596761580529,-5.8826612383644195,-2.916532284796639,scaffold,2035,xgb_rdkit_morgan,xgboost,rdkit+morgan,none,77abfcdbb281d08df2e9fb09cf84b2a648ea9008
esol,ac763713bd71395e,CC(=O)CC(C)C,aqueous_solubility,log10(mol/L),train,,-0.7400000095367432,-0.7445476678367275,-2.227612144620618,0.7385168089471628,scaffold,2035,xgb_rdkit_morgan,xgboost,rdkit+morgan,none,77abfcdbb281d08df2e9fb09cf84b2a648ea9008
esol,c350650ed5ccd420,CC(=O)CC(c1ccc(Cl)cc1)c1c(O)c2ccccc2oc1=O,aqueous_solubility,log10(mol/L),test,O=c1oc2ccccc2cc1Cc1ccccc1,-5.839000225067139,-4.101546002154221,-5.584610478938111,-2.6184815253703304,scaffold,2035,xgb_rdkit_morgan,xgboost,rdkit+morgan,none,77abfcdbb281d08df2e9fb09cf84b2a648ea9008
esol,f79626af0f93f0fc,CC(=O)CC(c1ccccc1)c1c(O)c2ccccc2oc1=O,aqueous_solubility,log10(mol/L),test,O=c1oc2ccccc2cc1Cc1ccccc1,-3.8929998874664307,-3.490895702018304,-4.973960178802194,-2.0078312252344137,scaffold,2035,xgb_rdkit_morgan,xgboost,rdkit+morgan,none,77abfcdbb281d08df2e9fb09cf84b2a648ea9008
esol,520e9565d0ff63f1,CC(=O)CCC1C(=O)N(c2ccccc2)N(c2ccccc2)C1=O,aqueous_solubility,log10(mol/L),calibration,O=C1CC(=O)N(c2ccccc2)N1c1ccccc1,-3.2699999809265137,-4.0306392976360055,-5.513703774419896,-2.547574820852115,scaffold,2035,xgb_rdkit_morgan,xgboost,rdkit+morgan,none,77abfcdbb281d08df2e9fb09cf84b2a648ea9008
esol,68045fdd244fe104,CC(=O)N(C)C,aqueous_solubility,log10(mol/L),train,,1.1100000143051147,1.0535210104282116,-0.42954346635567875,2.536585487212102,scaffold,2035,xgb_rdkit_morgan,xgboost,rdkit+morgan,none,77abfcdbb281d08df2e9fb09cf84b2a648ea9008
esol,750f6483d79efce4,CC(=O)N(c1onc(C)c1C)S(=O)c1ccc(N)cc1,aqueous_solubility,log10(mol/L),calibration,O=S(Nc1ccno1)c1ccccc1,-3.5899999141693115,-3.5581289529962943,-5.041193429780185,-2.075064476212404,scaffold,2035,xgb_rdkit_morgan,xgboost,rdkit+morgan,none,77abfcdbb281d08df2e9fb09cf84b2a648ea9008
esol,e8f62548f9fb3dff,CC(=O)Nc1cc(NS(=O)(=O)C(F)(F)F)c(C)cc1C,aqueous_solubility,log10(mol/L),train,c1ccccc1,-3.240000009536743,-3.257834578902893,-4.740899055686784,-1.7747701021190028,scaffold,2035,xgb_rdkit_morgan,xgboost,rdkit+morgan,none,77abfcdbb281d08df2e9fb09cf84b2a648ea9008
esol,bc0455dc968fbfd2,CC(=O)Nc1ccc(Br)cc1,aqueous_solubility,log10(mol/L),train,c1ccccc1,-3.0829999446868896,-3.027006172201898,-4.5100706489857885,-1.5439416954180079,scaffold,2035,xgb_rdkit_morgan,xgboost,rdkit+morgan,none,77abfcdbb281d08df2e9fb09cf84b2a648ea9008
esol,ddc4ca1b44741167,CC(=O)Nc1ccc(Cl)cc1,aqueous_solubility,log10(mol/L),train,c1ccccc1,-2.8429999351501465,-2.708833463290367,-4.1918979400742575,-1.2257689865064765,scaffold,2035,xgb_rdkit_morgan,xgboost,rdkit+morgan,none,77abfcdbb281d08df2e9fb09cf84b2a648ea9008
esol,3213dd41893f5ff5,CC(=O)Nc1ccc(F)cc1,aqueous_solubility,log10(mol/L),train,c1ccccc1,-1.7799999713897705,-1.8126168161630023,-3.2956812929468926,-0.329552339379112,scaffold,2035,xgb_rdkit_morgan,xgboost,rdkit+morgan,none,77abfcdbb281d08df2e9fb09cf84b2a648ea9008
esol,364ed725e437517c,CC(=O)Nc1ccc(O)cc1,aqueous_solubility,log10(mol/L),train,c1ccccc1,-1.0299999713897705,-1.1544314855704438,-2.6374959623543344,0.32863299121344647,scaffold,2035,xgb_rdkit_morgan,xgboost,rdkit+morgan,none,77abfcdbb281d08df2e9fb09cf84b2a648ea9008
esol,44c52563864e600c,CC(=O)Nc1ccc([N+](=O)[O-])cc1,aqueous_solubility,log10(mol/L),train,c1ccccc1,-2.691999912261963,-2.651131049793978,-4.1341955265778685,-1.1680665730100879,scaffold,2035,xgb_rdkit_morgan,xgboost,rdkit+morgan,none,77abfcdbb281d08df2e9fb09cf84b2a648ea9008
esol,9b680b4bccdaf6ee,CC(=O)Nc1ccccc1,aqueous_solubility,log10(mol/L),train,c1ccccc1,-1.3300000429153442,-1.2807813727909056,-2.763845849574796,0.20228310399298466,scaffold,2035,xgb_rdkit_morgan,xgboost,rdkit+morgan,none,77abfcdbb281d08df2e9fb09cf84b2a648ea9008
esol,04b69a71ae0c35a6,CC(=O)Nc1nnc(S(N)(=O)=O)s1,aqueous_solubility,log10(mol/L),train,c1nncs1,-2.359999895095825,-2.3428876624313077,-3.825952139215198,-0.8598231856474174,scaffold,2035,xgb_rdkit_morgan,xgboost,rdkit+morgan,none,77abfcdbb281d08df2e9fb09cf84b2a648ea9008
esol,0787d7077078fa64,CC(=O)OC(C)C,aqueous_solubility,log10(mol/L),train,,-0.550000011920929,-0.546470767291583,-2.0295352440754733,0.9365937094923074,scaffold,2035,xgb_rdkit_morgan,xgboost,rdkit+morgan,none,77abfcdbb281d08df2e9fb09cf84b2a648ea9008
esol,bbbc24a21490bdee,CC(=O)OC1(C(C)=O)CCC2C3C=C(C)C4=CC(=O)CCC4(C)C3CCC21C,aqueous_solubility,log10(mol/L),train,O=C1C=C2C=CC3C4CCCC4CCC3C2CC1,-5.349999904632568,-5.33783962855966,-6.82090410534355,-3.85477515177577,scaffold,2035,xgb_rdkit_morgan,xgboost,rdkit+morgan,none,77abfcdbb281d08df2e9fb09cf84b2a648ea9008
esol,ea5969f950c93291,CC(=O)OC1(C)CCC2C3CCC4=CC(=O)CCC4(C)C3CCC21C,aqueous_solubility,log10(mol/L),train,O=C1C=C2CCC3C4CCCC4CCC3C2CC1,-5.283999919891357,-5.283548156570924,-6.766612633354814,-3.8004836797870336,scaffold,2035,xgb_rdkit_morgan,xgboost,rdkit+morgan,none,77abfcdbb281d08df2e9fb09cf84b2a648ea9008
esol,7e7c49cadb6eca2c,CC(=O)OC1CCC2C3CCC4=CC(=O)CCC4(C)C3CCC12C,aqueous_solubility,log10(mol/L),train,O=C1C=C2CCC3C4CCCC4CCC3C2CC1,-5.184000015258789,-5.165457184976532,-6.648521661760422,-3.6823927081926415,scaffold,2035,xgb_rdkit_morgan,xgboost,rdkit+morgan,none,77abfcdbb281d08df2e9fb09cf84b2a648ea9008
esol,744c94bb079c2bb4,CC(=O)OCC(=O)C1(O)C(C)CC2C3CCC4=CC(=O)C=CC4(C)C3(F)C(O)CC21C,aqueous_solubility,log10(mol/L),calibration,O=C1C=CC2C(=C1)CCC1C3CCCC3CCC21,-4.900000095367432,-4.260947349891021,-5.744011826674911,-2.7778828731071306,scaffold,2035,xgb_rdkit_morgan,xgboost,rdkit+morgan,none,77abfcdbb281d08df2e9fb09cf84b2a648ea9008
esol,07046eaea87bf4e2,CC(=O)OCC(=O)C1(O)C(OC(C)=O)CC2C3CCC4=CC(=O)C=CC4(C)C3(F)C(O)CC21C,aqueous_solubility,log10(mol/L),calibration,O=C1C=CC2C(=C1)CCC1C3CCCC3CCC21,-4.130000114440918,-3.571544672347235,-5.054609149131125,-2.0884801955633447,scaffold,2035,xgb_rdkit_morgan,xgboost,rdkit+morgan,none,77abfcdbb281d08df2e9fb09cf84b2a648ea9008
esol,cc12069b3580cb1a,CC(=O)OCC(=O)C1(O)CCC2C3CCC4=CC(=O)C=CC4(C)C3C(O)CC21C,aqueous_solubility,log10(mol/L),calibration,O=C1C=CC2C(=C1)CCC1C3CCCC3CCC21,-4.369999885559082,-4.153205976706167,-5.636270453490058,-2.670141499922277,scaffold,2035,xgb_rdkit_morgan,xgboost,rdkit+morgan,none,77abfcdbb281d08df2e9fb09cf84b2a648ea9008
esol,3d089eb4f693a11e,CC(=O)OCC(=O)C1(O)CCC2C3CCC4=CC(=O)CCC4(C)C3C(=O)CC21C,aqueous_solubility,log10(mol/L),train,O=C1C=C2CCC3C4CCCC4CC(=O)C3C2CC1,-4.210000038146973,-4.214432775987573,-5.697497252771464,-2.731368299203683,scaffold,2035,xgb_rdkit_morgan,xgboost,rdkit+morgan,none,77abfcdbb281d08df2e9fb09cf84b2a648ea9008
esol,1111a5f49bc2a21c,CC(=O)OCC(=O)C1(O)CCC2C3CCC4=CC(=O)CCC4(C)C3C(O)CC21C,aqueous_solubility,log10(mol/L),train,O=C1C=C2CCC3C4CCCC4CCC3C2CC1,-4.880000114440918,-4.78954574495819,-6.27261022174208,-3.3064812681742994,scaffold,2035,xgb_rdkit_morgan,xgboost,rdkit+morgan,none,77abfcdbb281d08df2e9fb09cf84b2a648ea9008
esol,db58b19853161161,CC(=O)OCC(=O)C1CCC2C3CCC4=CC(=O)CCC4(C)C3CCC12C,aqueous_solubility,log10(mol/L),train,O=C1C=C2CCC3C4CCCC4CCC3C2CC1,-4.630000114440918,-4.6472724118414455,-6.130336888625336,-3.164207935057555,scaffold,2035,xgb_rdkit_morgan,xgboost,rdkit+morgan,none,77abfcdbb281d08df2e9fb09cf84b2a648ea9008
esol,c802460f2e388f09,CC(=O)OCC(C)C,aqueous_solubility,log10(mol/L),train,,-1.2100000381469727,-1.1842650216911847,-2.667329498475075,0.29879945509270556,scaffold,2035,xgb_rdkit_morgan,xgboost,rdkit+morgan,none,77abfcdbb281d08df2e9fb09cf84b2a648ea9008
esol,55bc84385f2305fc,CC(=O)OCC(COC(C)=O)OC(C)=O,aqueous_solubility,log10(mol/L),train,,-0.6000000238418579,-0.625414502574809,-2.1084789793586993,0.8576499742090813,scaffold,2035,xgb_rdkit_morgan,xgboost,rdkit+morgan,none,77abfcdbb281d08df2e9fb09cf84b2a648ea9008
esol,3105d2c69d258f40,CC(=O)OCCC(C)C,aqueous_solubility,log10(mol/L),train,,-1.9199999570846558,-1.9117520144116633,-3.3948164911955536,-0.428687537627773,scaffold,2035,xgb_rdkit_morgan,xgboost,rdkit+morgan,none,77abfcdbb281d08df2e9fb09cf84b2a648ea9008
esol,78eea6db86aaac00,CC(=O)OCN1C(=O)NC(c2ccccc2)(c2ccccc2)C1=O,aqueous_solubility,log10(mol/L),test,O=C1NC(=O)C(c2ccccc2)(c2ccccc2)N1,-4.46999979019165,-3.379797667008668,-4.862862143792558,-1.8967331902247775,scaffold,2035,xgb_rdkit_morgan,xgboost,rdkit+morgan,none,77abfcdbb281d08df2e9fb09cf84b2a648ea9008
esol,f38d027d6672664b,CC(=O)SC1CC2=CC(=O)CCC2(C)C2CCC3(C)C(CCC34CCC(=O)O4)C12,aqueous_solubility,log10(mol/L),test,O=C1C=C2CCC3C(CCC4C3CCC43CCC(=O)O3)C2CC1,-4.172999858856201,-5.201582130921096,-6.684646607704987,-3.718517654137206,scaffold,2035,xgb_rdkit_morgan,xgboost,rdkit+morgan,none,77abfcdbb281d08df2e9fb09cf84b2a648ea9008
esol,1ab070a2f685565e,CC(=O)c1ccccc1,aqueous_solubility,log10(mol/L),train,c1ccccc1,-1.2799999713897705,-1.2928801556029963,-2.775944632386887,0.190184321180894,scaffold,2035,xgb_rdkit_morgan,xgboost,rdkit+morgan,none,77abfcdbb281d08df2e9fb09cf84b2a648ea9008
esol,a011ab9a0bd7406b,CC(C)(C)C(=O)C(Oc1ccc(Cl)cc1)n1cncn1,aqueous_solubility,log10(mol/L),validation,c1ccc(OCn2cncn2)cc1,-3.609999895095825,-3.9203951867517226,-5.403459663535613,-2.4373307099678323,scaffold,2035,xgb_rdkit_morgan,xgboost,rdkit+morgan,none,77abfcdbb281d08df2e9fb09cf84b2a648ea9008
esol,6a037e1d876a10c4,CC(C)(C)CCO,aqueous_solubility,log10(mol/L),train,,-0.5,-0.6563365573608357,-2.139401034144726,0.8267279194230546,scaffold,2035,xgb_rdkit_morgan,xgboost,rdkit+morgan,none,77abfcdbb281d08df2e9fb09cf84b2a648ea9008
esol,8316fd00a391507c,CC(C)(C)CO,aqueous_solubility,log10(mol/L),train,,-0.4000000059604645,-0.2839669603762651,-1.7670314371601554,1.1990975164076252,scaffold,2035,xgb_rdkit_morgan,xgboost,rdkit+morgan,none,77abfcdbb281d08df2e9fb09cf84b2a648ea9008
esol,4eb3d1ec75b7d913,CC(C)(C)Cc1ccccc1,aqueous_solubility,log10(mol/L),train,c1ccccc1,-4.150000095367432,-4.209791367558282,-5.692855844342172,-2.7267268907743913,scaffold,2035,xgb_rdkit_morgan,xgboost,rdkit+morgan,none,77abfcdbb281d08df2e9fb09cf84b2a648ea9008
esol,5dfc781ddbce9df5,CC(C)(C)c1ccc(O)cc1,aqueous_solubility,log10(mol/L),train,c1ccccc1,-2.4100000858306885,-2.2876696904873968,-3.770734167271287,-0.8046052137035065,scaffold,2035,xgb_rdkit_morgan,xgboost,rdkit+morgan,none,77abfcdbb281d08df2e9fb09cf84b2a648ea9008
esol,ca95101160b65379,CC(C)(C)c1ccccc1,aqueous_solubility,log10(mol/L),train,c1ccccc1,-3.6600000858306885,-3.6739498809184603,-5.157014357702351,-2.19088540413457,scaffold,2035,xgb_rdkit_morgan,xgboost,rdkit+morgan,none,77abfcdbb281d08df2e9fb09cf84b2a648ea9008
esol,adff35ec9beff070,CC(C)=CC1C(C(=O)OCc2cccc(Oc3ccccc3)c2)C1(C)C,aqueous_solubility,log10(mol/L),validation,O=C(OCc1cccc(Oc2ccccc2)c1)C1CC1,-5.239999771118164,-5.561899626437473,-7.044964103221363,-4.078835149653583,scaffold,2035,xgb_rdkit_morgan,xgboost,rdkit+morgan,none,77abfcdbb281d08df2e9fb09cf84b2a648ea9008
esol,e13f7769f4919957,CC(C)=CCC/C(C)=C\CO,aqueous_solubility,log10(mol/L),train,,-2.4600000381469727,-2.4232651860906795,-3.90632966287457,-0.9402007093067892,scaffold,2035,xgb_rdkit_morgan,xgboost,rdkit+morgan,none,77abfcdbb281d08df2e9fb09cf84b2a648ea9008
esol,40ac45a42a9ad758,CC(C)=CCC1(C(C)C)C(=O)NC(=O)NC1=O,aqueous_solubility,log10(mol/L),train,O=C1CC(=O)NC(=O)N1,-2.5929999351501465,-2.549028275158441,-4.032092751942331,-1.065963798374551,scaffold,2035,xgb_rdkit_morgan,xgboost,rdkit+morgan,none,77abfcdbb281d08df2e9fb09cf84b2a648ea9008
esol,c898ecabb1da3e61,CC(C)=CCCC(C)=CC=O,aqueous_solubility,log10(mol/L),train,,-2.059999942779541,-2.27946859202199,-3.7625330688058805,-0.7964041152380998,scaffold,2035,xgb_rdkit_morgan,xgboost,rdkit+morgan,none,77abfcdbb281d08df2e9fb09cf84b2a648ea9008
esol,535c5d28e4e559d3,CC(C)Br,aqueous_solubility,log10(mol/L),train,,-1.590000033378601,-1.6676566331762492,-3.1507211099601395,-0.18459215639235893,scaffold,2035,xgb_rdkit_morgan,xgboost,rdkit+morgan,none,77abfcdbb281d08df2e9fb09cf84b2a648ea9008
esol,95987bd68786d9ee,CC(C)C,aqueous_solubility,log10(mol/L),train,,-2.549999952316284,-2.529442170040322,-4.012506646824212,-1.0463776932564315,scaffold,2035,xgb_rdkit_morgan,xgboost,rdkit+morgan,none,77abfcdbb281d08df2e9fb09cf84b2a648ea9008
esol,e4f469dfbe6c7248,CC(C)C(=O)C(C)C,aqueous_solubility,log10(mol/L),train,,-1.2999999523162842,-1.2945428666763998,-2.77760734346029,0.18852161010749047,scaffold,2035,xgb_rdkit_morgan,xgboost,rdkit+morgan,none,77abfcdbb281d08df2e9fb09cf84b2a648ea9008
esol,801fb00fd3e0c4d5,CC(C)C(C(=O)OC(C#N)c1cccc(Oc2ccccc2)c1)c1ccc(OC(F)F)cc1,aqueous_solubility,log10(mol/L),test,O=C(Cc1ccccc1)OCc1cccc(Oc2ccccc2)c1,-6.875999927520752,-5.90225841240664,-7.3853228891905305,-4.41919393562275,scaffold,2035,xgb_rdkit_morgan,xgboost,rdkit+morgan,none,77abfcdbb281d08df2e9fb09cf84b2a648ea9008
esol,971a2d381549e1b6,CC(C)C(C)(C)C,aqueous_solubility,log10(mol/L),train,,-4.360000133514404,-4.214839604493532,-5.697904081277422,-2.731775127709642,scaffold,2035,xgb_rdkit_morgan,xgboost,rdkit+morgan,none,77abfcdbb281d08df2e9fb09cf84b2a648ea9008
esol,9930f08568272bf1,CC(C)C(C)C,aqueous_solubility,log10(mol/L),train,,-3.6500000953674316,-3.7075830171117854,-5.190647493895676,-2.224518540327895,scaffold,2035,xgb_rdkit_morgan,xgboost,rdkit+morgan,none,77abfcdbb281d08df2e9fb09cf84b2a648ea9008
esol,c18974050e7ee138,CC(C)C(C)C(C)C,aqueous_solubility,log10(mol/L),train,,-4.800000190734863,-4.802074875121255,-6.285139351905145,-3.3190103983373644,scaffold,2035,xgb_rdkit_morgan,xgboost,rdkit+morgan,none,77abfcdbb281d08df2e9fb09cf84b2a648ea9008
esol,978ea76b5feb1686,CC(C)C(C)O,aqueous_solubility,log10(mol/L),train,,-0.18000000715255737,-0.1754866440861358,-1.658551120870026,1.3075778326977545,scaffold,2035,xgb_rdkit_morgan,xgboost,rdkit+morgan,none,77abfcdbb281d08df2e9fb09cf84b2a648ea9008
esol,e2b7150c83e31acf,CC(C)C(Nc1ccc(C(F)(F)F)cc1Cl)C(=O)OC(C#N)c1cccc(Oc2ccccc2)c1,aqueous_solubility,log10(mol/L),test,O=C(CNc1ccccc1)OCc1cccc(Oc2ccccc2)c1,-8.003000259399414,-6.660902232626146,-8.143966709410037,-5.177837755842256,scaffold,2035,xgb_rdkit_morgan,xgboost,rdkit+morgan,none,77abfcdbb281d08df2e9fb09cf84b2a648ea9008
esol,32ad98a585def53e,CC(C)C(O)C(C)C,aqueous_solubility,log10(mol/L),train,,-1.2200000286102295,-1.247883378677399,-2.7309478554612894,0.23518109810649124,scaffold,2035,xgb_rdkit_morgan,xgboost,rdkit+morgan,none,77abfcdbb281d08df2e9fb09cf84b2a648ea9008
esol,bb33156a890031e5,CC(C)C1(C(C)C)C(=O)NC(=O)NC1=O,aqueous_solubility,log10(mol/L),train,O=C1CC(=O)NC(=O)N1,-2.7660000324249268,-2.714344790589832,-4.197409267373722,-1.2312803138059416,scaffold,2035,xgb_rdkit_morgan,xgboost,rdkit+morgan,none,77abfcdbb281d08df2e9fb09cf84b2a648ea9008
esol,a9f5cc2dbef55d82,CC(C)CBr,aqueous_solubility,log10(mol/L),train,,-2.430000066757202,-2.3678644085786895,-3.85092888536258,-0.8847999317947992,scaffold,2035,xgb_rdkit_morgan,xgboost,rdkit+morgan,none,77abfcdbb281d08df2e9fb09cf84b2a648ea9008
esol,9767ef661176963a,CC(C)CC(C)(C)C,aqueous_solubility,log10(mol/L),train,,-4.739999771118164,-4.739732831214317,-6.222797307998207,-3.2566683544304267,scaffold,2035,xgb_rdkit_morgan,xgboost,rdkit+morgan,none,77abfcdbb281d08df2e9fb09cf84b2a648ea9008
esol,65c6ae561970a8f6,CC(C)CC(C)(C)O,aqueous_solubility,log10(mol/L),train,,-0.9200000166893005,-0.9215369542738963,-2.4046014310577863,0.561527522509994,scaffold,2035,xgb_rdkit_morgan,xgboost,rdkit+morgan,none,77abfcdbb281d08df2e9fb09cf84b2a648ea9008
esol,fc51136a8a654d34,CC(C)CC(C)C,aqueous_solubility,log10(mol/L),train,,-4.260000228881836,-4.203240300182918,-5.686304776966808,-2.7201758233990274,scaffold,2035,xgb_rdkit_morgan,xgboost,rdkit+morgan,none,77abfcdbb281d08df2e9fb09cf84b2a648ea9008
esol,007b2ee5ac048d20,CC(C)CC(C)O,aqueous_solubility,log10(mol/L),train,,-0.800000011920929,-0.7318277737085324,-2.2148922504924227,0.751236703075358,scaffold,2035,xgb_rdkit_morgan,xgboost,rdkit+morgan,none,77abfcdbb281d08df2e9fb09cf84b2a648ea9008
esol,2774ef2a0e9764fc,CC(C)CCC(C)(C)C,aqueous_solubility,log10(mol/L),train,,-5.050000190734863,-4.983230085459438,-6.466294562243328,-3.5001656086755473,scaffold,2035,xgb_rdkit_morgan,xgboost,rdkit+morgan,none,77abfcdbb281d08df2e9fb09cf84b2a648ea9008
esol,adfdc3a538b6bc95,CC(C)CCCCCOC(=O)c1ccccc1C(=O)OCCCCCC(C)C,aqueous_solubility,log10(mol/L),train,c1ccccc1,-6.63700008392334,-6.682396318893943,-8.165460795677834,-5.199331842110053,scaffold,2035,xgb_rdkit_morgan,xgboost,rdkit+morgan,none,77abfcdbb281d08df2e9fb09cf84b2a648ea9008
esol,326152527f8ef260,CC(C)CCCO,aqueous_solubility,log10(mol/L),train,,-1.1399999856948853,-1.0806718738825607,-2.563736350666451,0.4023926029013296,scaffold,2035,xgb_rdkit_morgan,xgboost,rdkit+morgan,none,77abfcdbb281d08df2e9fb09cf84b2a648ea9008
esol,e72c942c9f10c105,CC(C)CCO,aqueous_solubility,log10(mol/L),train,,-0.5099999904632568,-0.4739065781099674,-1.9569710548938577,1.009157898673923,scaffold,2035,xgb_rdkit_morgan,xgboost,rdkit+morgan,none,77abfcdbb281d08df2e9fb09cf84b2a648ea9008
esol,580633e5949870be,CC(C)CCOC=O,aqueous_solubility,log10(mol/L),train,,-1.5199999809265137,-1.5212967225649079,-3.004361199348798,-0.03823224578101758,scaffold,2035,xgb_rdkit_morgan,xgboost,rdkit+morgan,none,77abfcdbb281d08df2e9fb09cf84b2a648ea9008
esol,044d6817573e4ec1,CC(C)CCl,aqueous_solubility,log10(mol/L),train,,-2.0,-2.049324132339188,-3.5323886091230783,-0.5662596555552977,scaffold,2035,xgb_rdkit_morgan,xgboost,rdkit+morgan,none,77abfcdbb281d08df2e9fb09cf84b2a648ea9008
esol,c7e2af3674efd1e5,CC(C)CNC(=O)N1CCNC1=O,aqueous_solubility,log10(mol/L),validation,O=C1NCCN1,-2.1500000953674316,-1.9066472966137602,-3.3897117733976505,-0.4235828198298699,scaffold,2035,xgb_rdkit_morgan,xgboost,rdkit+morgan,none,77abfcdbb281d08df2e9fb09cf84b2a648ea9008
esol,41c39e97374aea92,CC(C)CO,aqueous_solubility,log10(mol/L),train,,0.10000000149011612,0.02253941774351942,-1.4605250590403709,1.5056038945274097,scaffold,2035,xgb_rdkit_morgan,xgboost,rdkit+morgan,none,77abfcdbb281d08df2e9fb09cf84b2a648ea9008
esol,a5b3130b9ae3a50f,CC(C)COC=O,aqueous_solubility,log10(mol/L),train,,-1.0099999904632568,-1.042834328405468,-2.5258988051893585,0.44023014837842234,scaffold,2035,xgb_rdkit_morgan,xgboost,rdkit+morgan,none,77abfcdbb281d08df2e9fb09cf84b2a648ea9008
esol,89b6828cf758e524,CC(C)Cc1ccccc1,aqueous_solubility,log10(mol/L),train,c1ccccc1,-4.119999885559082,-4.084375344779818,-5.567439821563708,-2.6013108679959274,scaffold,2035,xgb_rdkit_morgan,xgboost,rdkit+morgan,none,77abfcdbb281d08df2e9fb09cf84b2a648ea9008
esol,6a779f0d95ea7e4a,CC(C)Cl,aqueous_solubility,log10(mol/L),train,,-1.409999966621399,-1.4249765994044115,-2.9080410761883018,0.05808787737947885,scaffold,2035,xgb_rdkit_morgan,xgboost,rdkit+morgan,none,77abfcdbb281d08df2e9fb09cf84b2a648ea9008
esol,24f73c6fe92d75d5,CC(C)I,aqueous_solubility,log10(mol/L),train,,-2.0899999141693115,-2.0765814046743136,-3.559645881458204,-0.5935169278904233,scaffold,2035,xgb_rdkit_morgan,xgboost,rdkit+morgan,none,77abfcdbb281d08df2e9fb09cf84b2a648ea9008
esol,277fa10e772d1085,CC(C)N(C(=O)CCl)c1ccccc1,aqueous_solubility,log10(mol/L),train,c1ccccc1,-2.4800000190734863,-2.532789789581888,-4.015854266365778,-1.0497253127979977,scaffold,2035,xgb_rdkit_morgan,xgboost,rdkit+morgan,none,77abfcdbb281d08df2e9fb09cf84b2a648ea9008
esol,bfb579ee7985265c,CC(C)N(C(=O)SCC(Cl)=C(Cl)Cl)C(C)C,aqueous_solubility,log10(mol/L),train,,-4.880000114440918,-4.844713590878885,-6.327778067662775,-3.3616491140949947,scaffold,2035,xgb_rdkit_morgan,xgboost,rdkit+morgan,none,77abfcdbb281d08df2e9fb09cf84b2a648ea9008
esol,70d46896362ebbb7,CC(C)N(C(=O)SCC(Cl)=CCl)C(C)C,aqueous_solubility,log10(mol/L),train,,-4.285999774932861,-4.301793169453341,-5.784857646237231,-2.818728692669451,scaffold,2035,xgb_rdkit_morgan,xgboost,rdkit+morgan,none,77abfcdbb281d08df2e9fb09cf84b2a648ea9008
esol,7e3c17dbde2fb402,CC(C)NC(=O)N1CC(=O)N(c2cc(Cl)cc(Cl)c2)C1=O,aqueous_solubility,log10(mol/L),train,O=C1CNC(=O)N1c1ccccc1,-4.375999927520752,-4.391174164295711,-5.874238641079601,-2.9081096875118204,scaffold,2035,xgb_rdkit_morgan,xgboost,rdkit+morgan,none,77abfcdbb281d08df2e9fb09cf84b2a648ea9008
esol,c6b4be5527562b2b,CC(C)Nc1nc(Cl)nc(NC(C)C)n1,aqueous_solubility,log10(mol/L),train,c1ncncn1,-4.429999828338623,-4.423753466181045,-5.906817942964936,-2.940688989397155,scaffold,2035,xgb_rdkit_morgan,xgboost,rdkit+morgan,none,77abfcdbb281d08df2e9fb09cf84b2a648ea9008
esol,cda3c19cb61dcf61,CC(C)O,aqueous_solubility,log10(mol/L),train,,0.4300000071525574,0.4721529789397061,-1.0109114978441842,1.9552174557235964,scaffold,2035,xgb_rdkit_morgan,xgboost,rdkit+morgan,none,77abfcdbb281d08df2e9fb09cf84b2a648ea9008
esol,29b5883563652a4a,CC(C)OC(=O)C(O)(c1ccc(Br)cc1)c1ccc(Br)cc1,aqueous_solubility,log10(mol/L),calibration,c1ccc(Cc2ccccc2)cc1,-4.929999828338623,-5.20041117751621,-6.6834756543001,-3.7173467007323193,scaffold,2035,xgb_rdkit_morgan,xgboost,rdkit+morgan,none,77abfcdbb281d08df2e9fb09cf84b2a648ea9008
esol,3a93ce33b34309ec,CC(C)OC(=O)C(O)(c1ccc(Cl)cc1)c1cccc(Cl)c1,aqueous_solubility,log10(mol/L),calibration,c1ccc(Cc2ccccc2)cc1,-4.53000020980835,-4.589527114314679,-6.072591591098569,-3.1064626375307887,scaffold,2035,xgb_rdkit_morgan,xgboost,rdkit+morgan,none,77abfcdbb281d08df2e9fb09cf84b2a648ea9008
esol,fe1b8ef4223e48b9,CC(C)OC(=O)Nc1cccc(Cl)c1,aqueous_solubility,log10(mol/L),train,c1ccccc1,-3.380000114440918,-3.362022349631467,-4.845086826415358,-1.8789578728475766,scaffold,2035,xgb_rdkit_morgan,xgboost,rdkit+morgan,none,77abfcdbb281d08df2e9fb09cf84b2a648ea9008
esol,c058498368b6f45f,CC(C)OC(C)C,aqueous_solubility,log10(mol/L),train,,-1.100000023841858,-1.0949172858215657,-2.577981762605456,0.38814719096232464,scaffold,2035,xgb_rdkit_morgan,xgboost,rdkit+morgan,none,77abfcdbb281d08df2e9fb09cf84b2a648ea9008
esol,64969de570667f54,CC(C)OC=O,aqueous_solubility,log10(mol/L),train,,-0.6299999952316284,-0.5051341403171108,-1.988198617101001,0.9779303364667795,scaffold,2035,xgb_rdkit_morgan,xgboost,rdkit+morgan,none,77abfcdbb281d08df2e9fb09cf84b2a648ea9008
esol,a4f756df109453e5,CC(C)OP(=S)(OC(C)C)SCCNS(=O)(=O)c1ccccc1,aqueous_solubility,log10(mol/L),train,c1ccccc1,-4.199999809265137,-4.214437170923259,-5.697501647707149,-2.7313726941393686,scaffold,2035,xgb_rdkit_morgan,xgboost,rdkit+morgan,none,77abfcdbb281d08df2e9fb09cf84b2a648ea9008
esol,ee085d3f01995af6,CC(C)Oc1cc(-n2nc(C(C)(C)C)oc2=O)c(Cl)cc1Cl,aqueous_solubility,log10(mol/L),test,O=c1ocnn1-c1ccccc1,-5.696000099182129,-4.596266688796307,-6.079331165580197,-3.1132022120124168,scaffold,2035,xgb_rdkit_morgan,xgboost,rdkit+morgan,none,77abfcdbb281d08df2e9fb09cf84b2a648ea9008
esol,76ccfd6237ac9890,CC(C)SC(C)C,aqueous_solubility,log10(mol/L),train,,-2.240000009536743,-2.362694123091651,-3.8457585998755413,-0.8796296463077606,scaffold,2035,xgb_rdkit_morgan,xgboost,rdkit+morgan,none,77abfcdbb281d08df2e9fb09cf84b2a648ea9008
esol,a33de185411c9169,CC(C)[N+](=O)[O-],aqueous_solubility,log10(mol/L),train,,-0.6200000047683716,-0.5807391498644305,-2.063803626648321,0.9023253269194598,scaffold,2035,xgb_rdkit_morgan,xgboost,rdkit+morgan,none,77abfcdbb281d08df2e9fb09cf84b2a648ea9008
esol,5bf16fbdd33fd7e5,CC(C)c1ccc(NC(=O)N(C)C)cc1,aqueous_solubility,log10(mol/L),train,c1ccccc1,-3.5360000133514404,-3.491317259497909,-4.974381736281799,-2.0082527827140186,scaffold,2035,xgb_rdkit_morgan,xgboost,rdkit+morgan,none,77abfcdbb281d08df2e9fb09cf84b2a648ea9008
esol,ebcaf3b06d31e23c,CC(C)c1ccccc1,aqueous_solubility,log10(mol/L),train,c1ccccc1,-3.2699999809265137,-3.373708246053277,-4.856772722837167,-1.8906437692693867,scaffold,2035,xgb_rdkit_morgan,xgboost,rdkit+morgan,none,77abfcdbb281d08df2e9fb09cf84b2a648ea9008
esol,e826c8452f856a21,CC(Cl)(Cl)Cl,aqueous_solubility,log10(mol/L),train,,-2.0,-2.0255836400262264,-3.5086481168101167,-0.5425191632423361,scaffold,2035,xgb_rdkit_morgan,xgboost,rdkit+morgan,none,77abfcdbb281d08df2e9fb09cf84b2a648ea9008
esol,ae412188d225d1ff,CC(Cl)CCl,aqueous_solubility,log10(mol/L),train,,-1.600000023841858,-1.55969883910443,-3.0427633158883203,-0.07663436232053966,scaffold,2035,xgb_rdkit_morgan,xgboost,rdkit+morgan,none,77abfcdbb281d08df2e9fb09cf84b2a648ea9008
esol,6fc705daaa981f1c,CC(Cl)Cl,aqueous_solubility,log10(mol/L),train,,-1.2899999618530273,-1.2840118880833298,-2.7670763648672203,0.19905258870056053,scaffold,2035,xgb_rdkit_morgan,xgboost,rdkit+morgan,none,77abfcdbb281d08df2e9fb09cf84b2a648ea9008
esol,ca06354cc736b665,CC(N)=O,aqueous_solubility,log10(mol/L),train,,1.5800000429153442,1.4041321123116237,-0.07893236447226659,2.887196589095514,scaffold,2035,xgb_rdkit_morgan,xgboost,rdkit+morgan,none,77abfcdbb281d08df2e9fb09cf84b2a648ea9008
esol,ac8678e7da550080,CC(O)C(C)(C)C,aqueous_solubility,log10(mol/L),train,,-0.6200000047683716,-0.5926354092888833,-2.0756998860727736,0.890429067495007,scaffold,2035,xgb_rdkit_morgan,xgboost,rdkit+morgan,none,77abfcdbb281d08df2e9fb09cf84b2a648ea9008
esol,37f42148c61ea59a,CC(O)c1ccccc1,aqueous_solubility,log10(mol/L),train,c1ccccc1,-0.9200000166893005,-1.0057650651988976,-2.488829541982788,0.47729941158499267,scaffold,2035,xgb_rdkit_morgan,xgboost,rdkit+morgan,none,77abfcdbb281d08df2e9fb09cf84b2a648ea9008
esol,5a24ac22a4147a29,CC1(C)C(=O)NC(=O)NC1=O,aqueous_solubility,log10(mol/L),train,O=C1CC(=O)NC(=O)N1,-1.7419999837875366,-1.6436518508119717,-3.126716327595862,-0.16058737402808143,scaffold,2035,xgb_rdkit_morgan,xgboost,rdkit+morgan,none,77abfcdbb281d08df2e9fb09cf84b2a648ea9008
esol,ad73c6a3bc5310b2,CC1(C)C(C(=O)OC(C#N)c2cccc(Oc3ccccc3)c2)C1(C)C,aqueous_solubility,log10(mol/L),validation,O=C(OCc1cccc(Oc2ccccc2)c1)C1CC1,-6.025000095367432,-5.466577510023564,-6.949641986807454,-3.9835130332396735,scaffold,2035,xgb_rdkit_morgan,xgboost,rdkit+morgan,none,77abfcdbb281d08df2e9fb09cf84b2a648ea9008
esol,f4cd15c48a6c1364,CC1(C)C(C=C(Br)Br)C1C(=O)OC(C#N)c1cccc(Oc2ccccc2)c1,aqueous_solubility,log10(mol/L),validation,O=C(OCc1cccc(Oc2ccccc2)c1)C1CC1,-8.402000427246094,-6.469112703315276,-7.9521771800991665,-4.986048226531386,scaffold,2035,xgb_rdkit_morgan,xgboost,rdkit+morgan,none,77abfcdbb281d08df2e9fb09cf84b2a648ea9008
esol,b671f3921f45bbf0,CC1(C)C(C=C(Cl)C(F)(F)F)C1C(=O)OC(C#N)c1cccc(Oc2ccccc2)c1,aqueous_solubility,log10(mol/L),validation,O=C(OCc1cccc(Oc2ccccc2)c1)C1CC1,-8.175999641418457,-5.432003620029599,-6.915068096813489,-3.948939143245709,scaffold,2035,xgb_rdkit_morgan,xgboost,rdkit+morgan,none,77abfcdbb281d08df2e9fb09cf84b2a648ea9008
esol,fe6fc5479a503890,CC1(C)C(C=C(Cl)Cl)C1C(=O)OC(C#N)c1ccc(F)c(Oc2ccccc2)c1,aqueous_solubility,log10(mol/L),validation,O=C(OCc1cccc(Oc2ccccc2)c1)C1CC1,-7.336999893188477,-5.349552488505806,-6.832616965289696,-3.8664880117219154,scaffold,2035,xgb_rdkit_morgan,xgboost,rdkit+morgan,none,77abfcdbb281d08df2e9fb09cf84b2a648ea9008
esol,2cf7a20f75b7dd82,CC1(C)C(C=C(Cl)Cl)C1C(=O)OC(C#N)c1cccc(Oc2ccccc2)c1,aqueous_solubility,log10(mol/L),validation,O=C(OCc1cccc(Oc2ccccc2)c1)C1CC1,-8.017000198364258,-5.6899903833173,-7.17305486010119,-4.206925906533409,scaffold,2035,xgb_rdkit_morgan,xgboost,rdkit+morgan,none,77abfcdbb281d08df2e9fb09cf84b2a648ea9008
esol,4fcaa23e29a00d85,CC1(C)C(C=C(Cl)Cl)C1C(=O)OCc1cccc(Oc2ccccc2)c1,aqueous_solubility,log10(mol/L),validation,O=C(OCc1cccc(Oc2ccccc2)c1)C1CC1,-6.290999889373779,-5.763448526173614,-7.246513002957505,-4.280384049389724,scaffold,2035,xgb_rdkit_morgan,xgboost,rdkit+morgan,none,77abfcdbb281d08df2e9fb09cf84b2a648ea9008
esol,51653ae53f89ae0c,CC1(C)C2CCC1(C)C(O)C2,aqueous_solubility,log10(mol/L),validation,C1CC2CCC1C2,-2.319999933242798,-1.8003087987777011,-3.2833732755615914,-0.3172443219938108,scaffold,2035,xgb_rdkit_morgan,xgboost,rdkit+morgan,none,77abfcdbb281d08df2e9fb09cf84b2a648ea9008
esol,db019bf83d05a9d8,CC1(C)CON(Cc2ccccc2Cl)C1=O,aqueous_solubility,log10(mol/L),validation,O=C1CCON1Cc1ccccc1,-2.3380000591278076,-3.4518464015036825,-4.934910878287573,-1.9687819247197922,scaffold,2035,xgb_rdkit_morgan,xgboost,rdkit+morgan,none,77abfcdbb281d08df2e9fb09cf84b2a648ea9008
esol,308633e920b6ab7c,CC1(C)OC2CC3C4CCC5=CC(=O)C=CC5(C)C4(F)C(O)CC3(C)C2(C(=O)CO)O1,aqueous_solubility,log10(mol/L),test,O=C1C=CC2C(=C1)CCC1C2CCC2C1CC1OCOC12,-4.309999942779541,-3.85202649820046,-5.33509097498435,-2.3689620214165696,scaffold,2035,xgb_rdkit_morgan,xgboost,rdkit+morgan,none,77abfcdbb281d08df2e9fb09cf84b2a648ea9008
esol,8bc400d159a3a189,CC12C=CC(=O)C=C1CCC1C2C(O)CC2(C)C1CCC2(O)C(=O)CO,aqueous_solubility,log10(mol/L),calibration,O=C1C=CC2C(=C1)CCC1C3CCCC3CCC21,-3.180000066757202,-2.9968017688394846,-4.479866245623375,-1.5137372920555943,scaffold,2035,xgb_rdkit_morgan,xgboost,rdkit+morgan,none,77abfcdbb281d08df2e9fb09cf84b2a648ea9008
esol,561a6a9236d5f10f,CC12C=CC(=O)C=C1CCC1C3CC(O)C(O)(C(=O)CO)C3(C)CC(O)C12F,aqueous_solubility,log10(mol/L),calibration,O=C1C=CC2C(=C1)CCC1C3CCCC3CCC21,-3.680000066757202,-2.196935589973312,-3.680000066757202,-0.7138711131894215,scaffold,2035,xgb_rdkit_morgan,xgboost,rdkit+morgan,none,77abfcdbb281d08df2e9fb09cf84b2a648ea9008
esol,06060f1f62be068f,CC12CC(=O)C3C(CCC4=CC(=O)CCC43C)C1CCC2=O,aqueous_solubility,log10(mol/L),train,O=C1C=C2CCC3C4CCC(=O)C4CC(=O)C3C2CC1,-3.4800000190734863,-3.4766567637007806,-4.9597212404846704,-1.9935922869168903,scaffold,2035,xgb_rdkit_morgan,xgboost,rdkit+morgan,none,77abfcdbb281d08df2e9fb09cf84b2a648ea9008
esol,eab4b4949a3f41a8,CC12CC1(C)C(=O)N(c1cc(Cl)cc(Cl)c1)C2=O,aqueous_solubility,log10(mol/L),train,O=C1C2CC2C(=O)N1c1ccccc1,-4.800000190734863,-4.726516665699876,-6.209581142483766,-3.2434521889159855,scaffold,2035,xgb_rdkit_morgan,xgboost,rdkit+morgan,none,77abfcdbb281d08df2e9fb09cf84b2a648ea9008
esol,853813295aac305d,CC12CCC(=O)C=C1CCC1C2C(=O)CC2(C)C1CCC2(O)C(=O)CO,aqueous_solubility,log10(mol/L),train,O=C1C=C2CCC3C4CCCC4CC(=O)C3C2CC1,-3.109999895095825,-3.142259054686803,-4.625323531470693,-1.659194577902913,scaffold,2035,xgb_rdkit_morgan,xgboost,rdkit+morgan,none,77abfcdbb281d08df2e9fb09cf84b2a648ea9008
esol,b030c0b4441d718d,CC12CCC(=O)C=C1CCC1C2C(O)CC2(C)C(C(=O)CO)CCC12,aqueous_solubility,log10(mol/L),train,O=C1C=C2CCC3C4CCCC4CCC3C2CC1,-3.240000009536743,-3.237041692745402,-4.720106169529292,-1.7539772159615117,scaffold,2035,xgb_rdkit_morgan,xgboost,rdkit+morgan,none,77abfcdbb281d08df2e9fb09cf84b2a648ea9008
esol,66ce1fff4359da1b,CC12CCC(=O)C=C1CCC1C2C(O)CC2(C)C1CCC2(O)C(=O)CO,aqueous_solubility,log10(mol/L),train,O=C1C=C2CCC3C4CCCC4CCC3C2CC1,-3.0899999141693115,-3.1291862887968342,-4.6122507655807246,-1.646121812012944,scaffold,2035,xgb_rdkit_morgan,xgboost,rdkit+morgan,none,77abfcdbb281d08df2e9fb09cf84b2a648ea9008
esol,16ed90921e2e8d8e,CC12CCC(=O)C=C1CCC1C2C(O)CC2(C=O)C(C(=O)CO)CCC12,aqueous_solubility,log10(mol/L),train,O=C1C=C2CCC3C4CCCC4CCC3C2CC1,-3.8499999046325684,-3.7849129795243686,-5.267977456308259,-2.3018485027404783,scaffold,2035,xgb_rdkit_morgan,xgboost,rdkit+morgan,none,77abfcdbb281d08df2e9fb09cf84b2a648ea9008
esol,e9814f0ffa3f1075,CC12CCC(=O)C=C1CCC1C2CCC2(C)C(C(=O)CO)CCC12,aqueous_solubility,log10(mol/L),train,O=C1C=C2CCC3C4CCCC4CCC3C2CC1,-3.450000047683716,-3.509173764403233,-4.992238241187123,-2.0261092876193425,scaffold,2035,xgb_rdkit_morgan,xgboost,rdkit+morgan,none,77abfcdbb281d08df2e9fb09cf84b2a648ea9008
esol,6db1181db60789c5,CC12CCC(=O)C=C1CCC1C2CCC2(C)C(O)CCC12,aqueous_solubility,log10(mol/L),train,O=C1C=C2CCC3C4CCCC4CCC3C2CC1,-4.019999980926514,-4.004777951900011,-5.487842428683901,-2.5217134751161208,scaffold,2035,xgb_rdkit_morgan,xgboost,rdkit+morgan,none,77abfcdbb281d08df2e9fb09cf84b2a648ea9008
esol,a410bd3aa9a97d06,CC12CCC(=O)C=C1CCC1C2CCC2(C)C1CCC2(C)O,aqueous_solubility,log10(mol/L),train,O=C1C=C2CCC3C4CCCC4CCC3C2CC1,-3.999000072479248,-4.0817820951616905,-5.564846571945581,-2.5987176183778002,scaffold,2035,xgb_rdkit_morgan,xgboost,rdkit+morgan,none,77abfcdbb281d08df2e9fb09cf84b2a648ea9008
esol,b37910a504cc939f,CC12CCC(=O)C=C1CCC1C3CCC(O)(C(=O)CO)C3(C)CC(O)C12F,aqueous_solubility,log10(mol/L),train,O=C1C=C2CCC3C4CCCC4CCC3C2CC1,-3.430000066757202,-3.4331325871847076,-4.916197063968598,-1.9500681104008173,scaffold,2035,xgb_rdkit_morgan,xgboost,rdkit+morgan,none,77abfcdbb281d08df2e9fb09cf84b2a648ea9008
esol,fc86c422a483c072,CC12CCC(C1)C(C)(C)C2=O,aqueous_solubility,log10(mol/L),validation,O=C1CC2CCC1C2,-1.850000023841858,-2.2491891777978212,-3.7322536545817115,-0.7661247010139309,scaffold,2035,xgb_rdkit_morgan,xgboost,rdkit+morgan,none,77abfcdbb281d08df2e9fb09cf84b2a648ea9008
esol,1fb8edc59b2eefb0,CC12CCC(CC1)C(C)(C)O2,aqueous_solubility,log10(mol/L),calibration,C1CC2CCC1CO2,-1.6899999976158142,-2.939301904714306,-4.422366381498197,-1.4562374279304158,scaffold,2035,xgb_rdkit_morgan,xgboost,rdkit+morgan,none,77abfcdbb281d08df2e9fb09cf84b2a648ea9008
esol,d3c0277d3ba07790,CC12CCC(CC1=O)C2(C)C,aqueous_solubility,log10(mol/L),validation,O=C1CC2CCC1C2,-1.9600000381469727,-2.256857568484513,-3.739922045268403,-0.7737930917006226,scaffold,2035,xgb_rdkit_morgan,xgboost,rdkit+morgan,none,77abfcdbb281d08df2e9fb09cf84b2a648ea9008
esol,dccc95418d7103ad,CC12CCC3C(=CCc4cc(O)ccc43)C1CCC2=O,aqueous_solubility,log10(mol/L),calibration,O=C1CCC2C3=CCc4ccccc4C3CCC12,-5.2820000648498535,-3.1406761354524884,-4.623740612236379,-1.657611658668598,scaffold,2035,xgb_rdkit_morgan,xgboost,rdkit+morgan,none,77abfcdbb281d08df2e9fb09cf84b2a648ea9008
esol,70d2277f708f35c0,CC12CCC3C(CC=C4CC(O)CCC43C)C1CCC2=O,aqueous_solubility,log10(mol/L),calibration,O=C1CCC2C1CCC1C3CCCCC3=CCC21,-4.119999885559082,-4.295263126500037,-5.778327603283928,-2.812198649716147,scaffold,2035,xgb_rdkit_morgan,xgboost,rdkit+morgan,none,77abfcdbb281d08df2e9fb09cf84b2a648ea9008
esol,3262b47324486ddb,CC12CCC3C(CCC4=CC(=O)CCC43C)C1CCC2=O,aqueous_solubility,log10(mol/L),validation,O=C1C=C2CCC3C4CCC(=O)C4CCC3C2CC1,-3.690000057220459,-4.44874378317713,-5.93180825996102,-2.9656793063932394,scaffold,2035,xgb_rdkit_morgan,xgboost,rdkit+morgan,none,77abfcdbb281d08df2e9fb09cf84b2a648ea9008
esol,5eb9d5702255e00b,CC12CCC3C(CCC4CC(=O)CCC43C)C1CCC2O,aqueous_solubility,log10(mol/L),validation,O=C1CCC2C(CCC3C4CCCC4CCC23)C1,-4.743000030517578,-4.20972330544619,-5.69278778223008,-2.7266588286622992,scaffold,2035,xgb_rdkit_morgan,xgboost,rdkit+morgan,none,77abfcdbb281d08df2e9fb09cf84b2a648ea9008
esol,d792bed320b4011c,CC12CCC3C(CCC4CC(O)CCC43C)C1CCC2=O,aqueous_solubility,log10(mol/L),calibration,O=C1CCC2C1CCC1C3CCCCC3CCC21,-4.2809998989105225,-4.287733413851508,-5.770797890635398,-2.8046689370676177,scaffold,2035,xgb_rdkit_morgan,xgboost,rdkit+morgan,none,77abfcdbb281d08df2e9fb09cf84b2a648ea9008
esol,b908be84e83c2496,CC12CCC3C(CCC4CC5SC5CC43C)C1CCC2O,aqueous_solubility,log10(mol/L),test,C1CC2CCC3C4CC5SC5CC4CCC3C2C1,-5.409999847412109,-4.811006572253238,-6.294071049037128,-3.3279420954693473,scaffold,2035,xgb_rdkit_morgan,xgboost,rdkit+morgan,none,77abfcdbb281d08df2e9fb09cf84b2a648ea9008
esol,2daaedea250881cb,CC12CCC3c4ccc(O)cc4CCC3C1CC(O)C2O,aqueous_solubility,log10(mol/L),validation,c1ccc2c(c1)CCC1C2CCC2CCCC21,-4.954999923706055,-3.5528995734416022,-5.035964050225493,-2.069835096657712,scaffold,2035,xgb_rdkit_morgan,xgboost,rdkit+morgan,none,77abfcdbb281d08df2e9fb09cf84b2a648ea9008
esol,9b5249c4f004fb08,CC12CCC3c4ccc(O)cc4CCC3C1CCC2=O,aqueous_solubility,log10(mol/L),test,O=C1CCC2C1CCC1c3ccccc3CCC12,-3.9549999237060547,-3.039200812124736,-4.522265288908626,-1.5561363353408457,scaffold,2035,xgb_rdkit_morgan,xgboost,rdkit+morgan,none,77abfcdbb281d08df2e9fb09cf84b2a648ea9008
esol,549c66ea8743a7af,CC12CCC3c4ccc(O)cc4CCC3C1CCC2O,aqueous_solubility,log10(mol/L),validation,c1ccc2c(c1)CCC1C2CCC2CCCC21,-5.03000020980835,-2.9184443565807765,-4.401508833364667,-1.4353798797968862,scaffold,2035,xgb_rdkit_morgan,xgboost,rdkit+morgan,none,77abfcdbb281d08df2e9fb09cf84b2a648ea9008
esol,673567a4582a20ec,CC12CCc3c(ccc4cc(O)ccc34)C1CCC2=O,aqueous_solubility,log10(mol/L),calibration,O=C1CCC2c3ccc4ccccc4c3CCC12,-5.239999771118164,-3.304217898646024,-4.787282375429914,-1.821153421862134,scaffold,2035,xgb_rdkit_morgan,xgboost,rdkit+morgan,none,77abfcdbb281d08df2e9fb09cf84b2a648ea9008
esol,6cc22f666ec43b0c,CC1=C(C(=O)Nc2ccccc2)CCCO1,aqueous_solubility,log10(mol/L),validation,O=C(Nc1ccccc1)C1=COCCC1,-2.559999942779541,-2.992305200266967,-4.475369677050857,-1.5092407234830767,scaffold,2035,xgb_rdkit_morgan,xgboost,rdkit+morgan,none,77abfcdbb281d08df2e9fb09cf84b2a648ea9008
esol,2e8679647e9c7af4,CC1=C(C(=O)Nc2ccccc2)S(=O)(=O)CCO1,aqueous_solubility,log10(mol/L),train,O=C(Nc1ccccc1)C1=COCCS1(=O)=O,-2.2809998989105225,-2.2932323427663497,-3.77629681955024,-0.8101678659824594,scaffold,2035,xgb_rdkit_morgan,xgboost,rdkit+morgan,none,77abfcdbb281d08df2e9fb09cf84b2a648ea9008
esol,b5b4cb2a5e9b9324,CC1=C(C(=O)Nc2ccccc2)SCCO1,aqueous_solubility,log10(mol/L),train,O=C(Nc1ccccc1)C1=COCCS1,-3.140000104904175,-3.1319004585373165,-4.614964935321207,-1.6488359817534262,scaffold,2035,xgb_rdkit_morgan,xgboost,rdkit+morgan,none,77abfcdbb281d08df2e9fb09cf84b2a648ea9008
esol,7efcd8aa4b87cc1a,CC1=C2C3OC(=O)C(C)C3CCC2(C)C=CC1=O,aqueous_solubility,log10(mol/L),calibration,O=C1C=CC2CCC3CC(=O)OC3C2=C1,-3.0899999141693115,-3.1382956541734264,-4.621360130957317,-1.655231177389536,scaffold,2035,xgb_rdkit_morgan,xgboost,rdkit+morgan,none,77abfcdbb281d08df2e9fb09cf84b2a648ea9008
esol,96de9e25198b2092,CC1=CC(=O)CC(C)(C)C1,aqueous_solubility,log10(mol/L),train,O=C1C=CCCC1,-1.059999942779541,-1.192726460704893,-2.6757909374887836,0.29033801607899723,scaffold,2035,xgb_rdkit_morgan,xgboost,rdkit+morgan,none,77abfcdbb281d08df2e9fb09cf84b2a648ea9008
esol,f59c469fca861fbf,CC1=CC(=O)c2ccccc2C1=O,aqueous_solubility,log10(mol/L),train,O=C1C=CC(=O)c2ccccc21,-3.0299999713897705,-2.8899594272617763,-4.373023904045667,-1.406894950477886,scaffold,2035,xgb_rdkit_morgan,xgboost,rdkit+morgan,none,77abfcdbb281d08df2e9fb09cf84b2a648ea9008
esol,ded0a2c22ffe923c,CC1=CCCCC1,aqueous_solubility,log10(mol/L),test,C1=CCCCC1,-3.2699999809265137,-3.094469504002091,-4.577533980785981,-1.6114050272182006,scaffold,2035,xgb_rdkit_morgan,xgboost,rdkit+morgan,none,77abfcdbb281d08df2e9fb09cf84b2a648ea9008
esol,ed4c980dd8b4f9e0,CC1CC(C)C(=O)C(C(O)CC2CC(=O)NC(=O)C2)C1,aqueous_solubility,log10(mol/L),train,O=C1CC(CCC2CCCCC2=O)CC(=O)N1,-1.1299999952316284,-1.2405812524281155,-2.7236457292120058,0.24248322435577485,scaffold,2035,xgb_rdkit_morgan,xgboost,rdkit+morgan,none,77abfcdbb281d08df2e9fb09cf84b2a648ea9008
esol,37ef59ba8bc69fae,CC1CC2C3CC(F)C4=CC(=O)C=CC4(C)C3(F)C(O)CC2(C)C1(O)C(=O)CO,aqueous_solubility,log10(mol/L),calibration,O=C1C=CC2C(=C1)CCC1C3CCCC3CCC21,-5.61299991607666,-3.3672501256285443,-4.850314602412435,-1.884185648844654,scaffold,2035,xgb_rdkit_morgan,xgboost,rdkit+morgan,none,77abfcdbb281d08df2e9fb09cf84b2a648ea9008
esol,efe337a66ed3ef56,CC1CC2C3CCC4=CC(=O)C=CC4(C)C3(F)C(O)CC2(C)C1(O)C(=O)CO,aqueous_solubility,log10(mol/L),calibration,O=C1C=CC2C(=C1)CCC1C3CCCC3CCC21,-3.5899999141693115,-3.4911200219112972,-4.9741844986951875,-2.008055545127407,scaffold,2035,xgb_rdkit_morgan,xgboost,rdkit+morgan,none,77abfcdbb281d08df2e9fb09cf84b2a648ea9008
esol,990639b2658aeabf,CC1CCC(C(C)C)C(=O)C1,aqueous_solubility,log10(mol/L),calibration,O=C1CCCCC1,-2.3499999046325684,-2.403799956551648,-3.886864433335538,-0.9207354797677576,scaffold,2035,xgb_rdkit_morgan,xgboost,rdkit+morgan,none,77abfcdbb281d08df2e9fb09cf84b2a648ea9008
esol,355260992ae623bd,CC1CCC(C(C)C)C(O)C1,aqueous_solubility,log10(mol/L),test,C1CCCCC1,-2.5299999713897705,-2.418709657080309,-3.9017741338641994,-0.9356451802964187,scaffold,2035,xgb_rdkit_morgan,xgboost,rdkit+morgan,none,77abfcdbb281d08df2e9fb09cf84b2a648ea9008
esol,6deb7ea9bd9ff6c3,CC1CCC(C)CC1,aqueous_solubility,log10(mol/L),test,C1CCCCC1,-4.46999979019165,-4.465405221922323,-5.948469698706213,-2.9823407451384325,scaffold,2035,xgb_rdkit_morgan,xgboost,rdkit+morgan,none,77abfcdbb281d08df2e9fb09cf84b2a648ea9008
esol,7fed54044e7b496d,CC1CCCC1,aqueous_solubility,log10(mol/L),calibration,C1CCCC1,-3.299999952316284,-3.131506191232673,-4.6145706680165635,-1.6484417144487828,scaffold,2035,xgb_rdkit_morgan,xgboost,rdkit+morgan,none,77abfcdbb281d08df2e9fb09cf84b2a648ea9008
esol,07b03b234e331841,CC1CCCCC1,aqueous_solubility,log10(mol/L),test,C1CCCCC1,-3.8499999046325684,-3.8281010622425997,-5.31116553902649,-2.3450365854587094,scaffold,2035,xgb_rdkit_morgan,xgboost,rdkit+morgan,none,77abfcdbb281d08df2e9fb09cf84b2a648ea9008
esol,1006f9328e658b00,CC1CCCCC1C,aqueous_solubility,log10(mol/L),test,C1CCCCC1,-4.300000190734863,-4.234890488908076,-5.717954965691966,-2.7518260121241855,scaffold,2035,xgb_rdkit_morgan,xgboost,rdkit+morgan,none,77abfcdbb281d08df2e9fb09cf84b2a648ea9008
esol,22f824d41aeea5a5,CC1CCCCC1NC(=O)Nc1ccccc1,aqueous_solubility,log10(mol/L),test,O=C(Nc1ccccc1)NC1CCCCC1,-4.110000133514404,-3.835752764051894,-5.318817240835784,-2.3526882872680037,scaffold,2035,xgb_rdkit_morgan,xgboost,rdkit+morgan,none,77abfcdbb281d08df2e9fb09cf84b2a648ea9008
esol,14cfac60d34ed2f7,CC1CCCO1,aqueous_solubility,log10(mol/L),train,C1CCOC1,0.10999999940395355,0.045301383565361064,-1.4377630932185292,1.5283658603492514,scaffold,2035,xgb_rdkit_morgan,xgboost,rdkit+morgan,none,77abfcdbb281d08df2e9fb09cf84b2a648ea9008
esol,a9d5ebbbd488d8e2,CC1CO1,aqueous_solubility,log10(mol/L),validation,C1CO1,-0.5899999737739563,0.44603732084422054,-1.0370271559396698,1.9291017976281108,scaffold,2035,xgb_rdkit_morgan,xgboost,rdkit+morgan,none,77abfcdbb281d08df2e9fb09cf84b2a648ea9008
esol,1d04033e6224d00c,CC1COC2CC3(C)C(CC4C5C=C6CC(O)CCC6(C)CC5CCC43C)OC2C1,aqueous_solubility,log10(mol/L),calibration,C1=C2CCCCC2CC2CCC3C4CC5OCCCC5OC4CC3C12,-7.320000171661377,-5.439426547619192,-6.922491024403082,-3.9563620708353016,scaffold,2035,xgb_rdkit_morgan,xgboost,rdkit+morgan,none,77abfcdbb281d08df2e9fb09cf84b2a648ea9008
esol,85e634af983f15c5,CC1Cc2ccccc2N1NC(=O)c1ccc(Cl)c(S(N)(=O)=O)c1,aqueous_solubility,log10(mol/L),test,O=C(NN1CCc2ccccc21)c1ccccc1,-3.5859999656677246,-3.2274464197160366,-4.710510896499927,-1.7443819429321463,scaffold,2035,xgb_rdkit_morgan,xgboost,rdkit+morgan,none,77abfcdbb281d08df2e9fb09cf84b2a648ea9008
esol,bd2b37eb42bf2e88,CC1OC(OC2C(O)CC(OC3C(O)CC(OC4CCC5(C)C(CCC6C5CC(O)C5(C)C(C7=CC(=O)OC7)CCC65O)C4)OC3C)OC2C)CC(O)C1O,aqueous_solubility,log10(mol/L),calibration,O=C1C=C(C2CCC3C2CCC2C4CCC(OC5CCC(OC6CCC(OC7CCCCO7)CO6)CO5)CC4CCC23)CO1,-4.080999851226807,-4.7820515481412755,-6.265116024925166,-3.2989870713573852,scaffold,2035,xgb_rdkit_morgan,xgboost,rdkit+morgan,none,77abfcdbb281d08df2e9fb09cf84b2a648ea9008
esol,ac668969e8b9e1f6,CC1OC(OC2C(O)CC(OC3C(O)CC(OC4CCC5(C)C(CCC6C5CCC5(C)C(C7=CC(=O)OC7)CCC65O)C4)OC3C)OC2C)CC(O)C1O,aqueous_solubility,log10(mol/L),calibration,O=C1C=C(C2CCC3C2CCC2C4CCC(OC5CCC(OC6CCC(OC7CCCCO7)CO6)CO5)CC4CCC23)CO1,-5.293000221252441,-5.2075644698624375,-6.690628946646328,-3.724499993078547,scaffold,2035,xgb_rdkit_morgan,xgboost,rdkit+morgan,none,77abfcdbb281d08df2e9fb09cf84b2a648ea9008
esol,faccd04528716453,CC=C(C(=CC)c1ccc(O)cc1)c1ccc(O)cc1,aqueous_solubility,log10(mol/L),validation,C=C(C(=C)c1ccccc1)c1ccccc1,-4.949999809265137,-4.072741474893952,-5.555805951677843,-2.589676998110062,scaffold,2035,xgb_rdkit_morgan,xgboost,rdkit+morgan,none,77abfcdbb281d08df2e9fb09cf84b2a648ea9008
esol,9da6816a67862e68,CC=C(C)C,aqueous_solubility,log10(mol/L),train,,-2.559999942779541,-2.5211195426945774,-4.004184019478467,-1.038055065910687,scaffold,2035,xgb_rdkit_morgan,xgboost,rdkit+morgan,none,77abfcdbb281d08df2e9fb09cf84b2a648ea9008
esol,ffbba6f6cfcc8f90,CC=CC=O,aqueous_solubility,log10(mol/L),train,,0.3199999928474426,0.3112073458289015,-1.1718571309549888,1.7942718226127918,scaffold,2035,xgb_rdkit_morgan,xgboost,rdkit+morgan,none,77abfcdbb281d08df2e9fb09cf84b2a648ea9008
esol,f220362f20674d76,CC=Cc1ccc(OC)cc1,aqueous_solubility,log10(mol/L),train,c1ccccc1,-3.130000114440918,-3.152813076996707,-4.635877553780597,-1.6697486002128166,scaffold,2035,xgb_rdkit_morgan,xgboost,rdkit+morgan,none,77abfcdbb281d08df2e9fb09cf84b2a648ea9008
esol,35cd7d074fa4c41d,CCBr,aqueous_solubility,log10(mol/L),train,,-1.090000033378601,-1.2074985522338015,-2.690563029017692,0.27556592455008877,scaffold,2035,xgb_rdkit_morgan,xgboost,rdkit+morgan,none,77abfcdbb281d08df2e9fb09cf84b2a648ea9008
esol,d4bb7958b02085f6,CCC,aqueous_solubility,log10(mol/L),train,,-1.940000057220459,-1.9520991275558033,-3.4351636043396936,-0.469034650771913,scaffold,2035,xgb_rdkit_morgan,xgboost,rdkit+morgan,none,77abfcdbb281d08df2e9fb09cf84b2a648ea9008
esol,d172035a0575b4f0,CCC#CCC,aqueous_solubility,log10(mol/L),train,,-1.9900000095367432,-2.0758236940058437,-3.558888170789734,-0.5927592172219533,scaffold,2035,xgb_rdkit_morgan,xgboost,rdkit+morgan,none,77abfcdbb281d08df2e9fb09cf84b2a648ea9008
esol,5cc3b635245b012c,CCC#N,aqueous_solubility,log10(mol/L),train,,0.2800000011920929,0.16991515240827892,-1.3131493243756114,1.6529796291921692,scaffold,2035,xgb_rdkit_morgan,xgboost,rdkit+morgan,none,77abfcdbb281d08df2e9fb09cf84b2a648ea9008
esol,0547b83133ec728e,CCC(=C(CC)c1ccc(O)cc1)c1ccc(O)cc1,aqueous_solubility,log10(mol/L),train,C(=Cc1ccccc1)c1ccccc1,-4.070000171661377,-4.075144554457178,-5.558209031241068,-2.5920800776732875,scaffold,2035,xgb_rdkit_morgan,xgboost,rdkit+morgan,none,77abfcdbb281d08df2e9fb09cf84b2a648ea9008
esol,711e0fc464234636,CCC(=O)CC,aqueous_solubility,log10(mol/L),train,,-0.2800000011920929,-0.26590733817307566,-1.748971814956966,1.2171571386108146,scaffold,2035,xgb_rdkit_morgan,xgboost,rdkit+morgan,none,77abfcdbb281d08df2e9fb09cf84b2a648ea9008
esol,ce30ab4b74767529,CCC(=O)Nc1ccc(Cl)c(Cl)c1,aqueous_solubility,log10(mol/L),train,c1ccccc1,-3.0,-3.1620958641597805,-4.64516034094367,-1.6790313873758902,scaffold,2035,xgb_rdkit_morgan,xgboost,rdkit+morgan,none,77abfcdbb281d08df2e9fb09cf84b2a648ea9008
esol,4d970928ff053b01,CCC(=O)OC,aqueous_solubility,log10(mol/L),train,,-0.14000000059604645,-0.1723728915444731,-1.6554373683283634,1.3106915852394172,scaffold,2035,xgb_rdkit_morgan,xgboost,rdkit+morgan,none,77abfcdbb281d08df2e9fb09cf84b2a648ea9008
esol,9b12de6fa018a540,CCC(=O)OC1CCC2C3CCC4=CC(=O)CCC4(C)C3CCC12C,aqueous_solubility,log10(mol/L),train,O=C1C=C2CCC3C4CCCC4CCC3C2CC1,-5.369999885559082,-5.318519966417432,-6.801584443201322,-3.8354554896335413,scaffold,2035,xgb_rdkit_morgan,xgboost,rdkit+morgan,none,77abfcdbb281d08df2e9fb09cf84b2a648ea9008
esol,e3c14a3a91bcd663,CCC(=O)OCN1C(=O)NC(c2ccccc2)(c2ccccc2)C1=O,aqueous_solubility,log10(mol/L),test,O=C1NC(=O)C(c2ccccc2)(c2ccccc2)N1,-4.9070000648498535,-3.80453506075453,-5.28759953753842,-2.3214705839706395,scaffold,2035,xgb_rdkit_morgan,xgboost,rdkit+morgan,none,77abfcdbb281d08df2e9fb09cf84b2a648ea9008
esol,fba8f2ce4dada735,CCC(Br)(CC)C(=O)NC(N)=O,aqueous_solubility,log10(mol/L),train,,-2.680000066757202,-2.626862244637987,-4.109926721421877,-1.1437977678540965,scaffold,2035,xgb_rdkit_morgan,xgboost,rdkit+morgan,none,77abfcdbb281d08df2e9fb09cf84b2a648ea9008
esol,0552a9e71d6cfea7,CCC(C)(C)C,aqueous_solubility,log10(mol/L),train,,-3.549999952316284,-3.5914691132743064,-5.074533590058197,-2.108404636490416,scaffold,2035,xgb_rdkit_morgan,xgboost,rdkit+morgan,none,77abfcdbb281d08df2e9fb09cf84b2a648ea9008
esol,a3c5654a10d5a78a,CCC(C)(C)CC,aqueous_solubility,log10(mol/L),train,,-4.230000019073486,-4.300957537763001,-5.784022014546891,-2.8178930609791104,scaffold,2035,xgb_rdkit_morgan,xgboost,rdkit+morgan,none,77abfcdbb281d08df2e9fb09cf84b2a648ea9008
esol,9d5b4ee33b32fb0c,CCC(C)(C)CO,aqueous_solubility,log10(mol/L),train,,-1.0399999618530273,-0.9037796323765943,-2.3868441091604846,0.579284844407296,scaffold,2035,xgb_rdkit_morgan,xgboost,rdkit+morgan,none,77abfcdbb281d08df2e9fb09cf84b2a648ea9008
esol,531e962faed70e1e,CCC(C)(C)Cl,aqueous_solubility,log10(mol/L),train,,-2.509999990463257,-2.5151877158181004,-3.9982521926019907,-1.03212323903421,scaffold,2035,xgb_rdkit_morgan,xgboost,rdkit+morgan,none,77abfcdbb281d08df2e9fb09cf84b2a648ea9008
esol,cad4fa1d66a14c52,CCC(C)(C)O,aqueous_solubility,log10(mol/L),train,,0.15000000596046448,0.1637589165522746,-1.3193055602316157,1.646823393336165,scaffold,2035,xgb_rdkit_morgan,xgboost,rdkit+morgan,none,77abfcdbb281d08df2e9fb09cf84b2a648ea9008
esol,646485e6c04cc19e,CCC(C)(O)CC,aqueous_solubility,log10(mol/L),train,,-0.36000001430511475,-0.511021453622023,-1.9940859304059133,0.9720430231618673,scaffold,2035,xgb_rdkit_morgan,xgboost,rdkit+morgan,none,77abfcdbb281d08df2e9fb09cf84b2a648ea9008
esol,4458adc1a90f205f,CCC(C)=O,aqueous_solubility,log10(mol/L),train,,0.5199999809265137,0.43567952647354113,-1.0473849503103492,1.9187440032574314,scaffold,2035,xgb_rdkit_morgan,xgboost,rdkit+morgan,none,77abfcdbb281d08df2e9fb09cf84b2a648ea9008
esol,860e76bc1b2205e5,CCC(C)C,aqueous_solubility,log10(mol/L),train,,-3.180000066757202,-3.13896718846786,-4.62203166525175,-1.6559027116839697,scaffold,2035,xgb_rdkit_morgan,xgboost,rdkit+morgan,none,77abfcdbb281d08df2e9fb09cf84b2a648ea9008
esol,7f0540e7d68d0353,CCC(C)C(=O)OC1CC(C)C=C2C=CC(C)C(CCC3CC(O)CC(=O)O3)C21,aqueous_solubility,log10(mol/L),test,O=C1CCCC(CCC2CC=CC3=CCCCC32)O1,-6.005000114440918,-4.465960052857018,-5.9490245296409086,-2.982895576073128,scaffold,2035,xgb_rdkit_morgan,xgboost,rdkit+morgan,none,77abfcdbb281d08df2e9fb09cf84b2a648ea9008
esol,11bac5bf3e21f269,CCC(C)C(C)=O,aqueous_solubility,log10(mol/L),train,,-0.6700000166893005,-0.7592025214866926,-2.242266998270583,0.7238619552971977,scaffold,2035,xgb_rdkit_morgan,xgboost,rdkit+morgan,none,77abfcdbb281d08df2e9fb09cf84b2a648ea9008
esol,6085f1e95eaddcb2,CCC(C)C(C)C,aqueous_solubility,log10(mol/L),train,,-4.28000020980835,-4.221105001049383,-5.704169477833274,-2.738040524265493,scaffold,2035,xgb_rdkit_morgan,xgboost,rdkit+morgan,none,77abfcdbb281d08df2e9fb09cf84b2a648ea9008
esol,a5ca898e35932a4d,CCC(C)C1(CC)C(=O)NC(=O)NC1=O,aqueous_solubility,log10(mol/L),train,O=C1CC(=O)NC(=O)N1,-2.390000104904175,-2.387807854633046,-3.8708723314169364,-0.9047433778491558,scaffold,2035,xgb_rdkit_morgan,xgboost,rdkit+morgan,none,77abfcdbb281d08df2e9fb09cf84b2a648ea9008
esol,8f174b3984e75df6,CCC(C)CC,aqueous_solubility,log10(mol/L),train,,-3.680000066757202,-3.7862720836893837,-5.269336560473274,-2.3032076069054934,scaffold,2035,xgb_rdkit_morgan,xgboost,rdkit+morgan,none,77abfcdbb281d08df2e9fb09cf84b2a648ea9008
esol,1e876450195412a0,CCC(C)CCO,aqueous_solubility,log10(mol/L),train,,-0.7099999785423279,-0.9546864099778012,-2.4377508867616915,0.5283780668060891,scaffold,2035,xgb_rdkit_morgan,xgboost,rdkit+morgan,none,77abfcdbb281d08df2e9fb09cf84b2a648ea9008
esol,aaff60003107c3bd,CCC(C)CO,aqueous_solubility,log10(mol/L),train,,-0.4699999988079071,-0.46055595131997995,-1.9436204281038703,1.0225085254639104,scaffold,2035,xgb_rdkit_morgan,xgboost,rdkit+morgan,none,77abfcdbb281d08df2e9fb09cf84b2a648ea9008
esol,d978eec75d4efefd,CCC(C)Cl,aqueous_solubility,log10(mol/L),train,,-1.9600000381469727,-1.8947766347201203,-3.3778411115040106,-0.41171215793622995,scaffold,2035,xgb_rdkit_morgan,xgboost,rdkit+morgan,none,77abfcdbb281d08df2e9fb09cf84b2a648ea9008
esol,1f701cf97ca02491,CCC(C)O,aqueous_solubility,log10(mol/L),train,,0.4699999988079071,0.37136308740571566,-1.1117013893781746,1.854427564189606,scaffold,2035,xgb_rdkit_morgan,xgboost,rdkit+morgan,none,77abfcdbb281d08df2e9fb09cf84b2a648ea9008
esol,4b3c75035a4fd961,CCC(C)c1cc([N+](=O)[O-])cc([N+](=O)[O-])c1O,aqueous_solubility,log10(mol/L),train,c1ccccc1,-3.380000114440918,-3.376685755588711,-4.859750232372601,-1.8936212788048206,scaffold,2035,xgb_rdkit_morgan,xgboost,rdkit+morgan,none,77abfcdbb281d08df2e9fb09cf84b2a648ea9008
esol,4dd1c7df936dd0ff,CCC(C)n1c(=O)[nH]c(C)c(Br)c1=O,aqueous_solubility,log10(mol/L),test,O=c1cc[nH]c(=O)[nH]1,-2.5230000019073486,-2.7188034417062514,-4.201867918490142,-1.2357389649223611,scaffold,2035,xgb_rdkit_morgan,xgboost,rdkit+morgan,none,77abfcdbb281d08df2e9fb09cf84b2a648ea9008
esol,7964220aaea5eddd,CCC(C=O)CC,aqueous_solubility,log10(mol/L),train,,-1.5199999809265137,-1.3364064108048666,-2.819470887588757,0.14665806597902376,scaffold,2035,xgb_rdkit_morgan,xgboost,rdkit+morgan,none,77abfcdbb281d08df2e9fb09cf84b2a648ea9008
esol,136ed49ee994d858,CCC(CC)CO,aqueous_solubility,log10(mol/L),train,,-1.1699999570846558,-1.1419047310482893,-2.6249692078321796,0.34115974573560104,scaffold,2035,xgb_rdkit_morgan,xgboost,rdkit+morgan,none,77abfcdbb281d08df2e9fb09cf84b2a648ea9008
esol,3d69b54547088a18,CCC(O)(CC)CC,aqueous_solubility,log10(mol/L),train,,-0.8500000238418579,-0.9111044459965749,-2.394168922780465,0.5719600307873154,scaffold,2035,xgb_rdkit_morgan,xgboost,rdkit+morgan,none,77abfcdbb281d08df2e9fb09cf84b2a648ea9008
esol,1b6616ec4b6c9f5b,CCC(O)C(C)C,aqueous_solubility,log10(mol/L),train,,-0.699999988079071,-0.739962680879064,-2.2230271576629543,0.7431017959048263,scaffold,2035,xgb_rdkit_morgan,xgboost,rdkit+morgan,none,77abfcdbb281d08df2e9fb09cf84b2a648ea9008
esol,ee3d88894451fd0c,CCC(O)CC,aqueous_solubility,log10(mol/L),train,,-0.23999999463558197,-0.24095978271338403,-1.7240242594972743,1.2421046940705063,scaffold,2035,xgb_rdkit_morgan,xgboost,rdkit+morgan,none,77abfcdbb281d08df2e9fb09cf84b2a648ea9008
esol,492e3c56afdd3d65,CCC(c1ccc(O)cc1)C(CC)c1ccc(O)cc1,aqueous_solubility,log10(mol/L),validation,c1ccc(CCc2ccccc2)cc1,-4.429999828338623,-3.945587789571353,-5.428652266355243,-2.4625233127874626,scaffold,2035,xgb_rdkit_morgan,xgboost,rdkit+morgan,none,77abfcdbb281d08df2e9fb09cf84b2a648ea9008
esol,08bd60ba187c4c76,CCC1(C(C)C)C(=O)NC(=O)NC1=O,aqueous_solubility,log10(mol/L),train,O=C1CC(=O)NC(=O)N1,-2.1790000200271606,-2.207236547135203,-3.690301023919093,-0.7241720703513126,scaffold,2035,xgb_rdkit_morgan,xgboost,rdkit+morgan,none,77abfcdbb281d08df2e9fb09cf84b2a648ea9008
esol,f202255d52ab1ec3,CCC1(C)C(=O)NC(=O)NC1=O,aqueous_solubility,log10(mol/L),train,O=C1CC(=O)NC(=O)N1,-1.2280000448226929,-1.3317282987235035,-2.814792775507394,0.1513361780603868,scaffold,2035,xgb_rdkit_morgan,xgboost,rdkit+morgan,none,77abfcdbb281d08df2e9fb09cf84b2a648ea9008
esol,823b22622722d6df,CCC1(C2=CCC3CCC2C3)C(=O)NC(=O)NC1=O,aqueous_solubility,log10(mol/L),train,O=C1NC(=O)C(C2=CCC3CCC2C3)C(=O)N1,-2.696000099182129,-2.7160852853433664,-4.199149762127257,-1.233020808559476,scaffold,2035,xgb_rdkit_morgan,xgboost,rdkit+morgan,none,77abfcdbb281d08df2e9fb09cf84b2a648ea9008
esol,6e86b2759d390dd5,CCC1(C2=CCCCC2)C(=O)NC(=O)NC1=O,aqueous_solubility,log10(mol/L),calibration,O=C1NC(=O)C(C2=CCCCC2)C(=O)N1,-2.1700000762939453,-2.3988778067577328,-3.881942283541623,-0.9158133299738425,scaffold,2035,xgb_rdkit_morgan,xgboost,rdkit+morgan,none,77abfcdbb281d08df2e9fb09cf84b2a648ea9008
esol,4762407c150120c2,CCC1(CC)C(=O)NC(=O)N(C)C1=O,aqueous_solubility,log10(mol/L),train,O=C1CC(=O)NC(=O)N1,-2.2300000190734863,-2.1611182301356613,-3.6441827069195516,-0.678053753351771,scaffold,2035,xgb_rdkit_morgan,xgboost,rdkit+morgan,none,77abfcdbb281d08df2e9fb09cf84b2a648ea9008
esol,0ab736d75dfa233b,CCC1(CC)C(=O)NC(=O)NC1=O,aqueous_solubility,log10(mol/L),train,O=C1CC(=O)NC(=O)N1,-2.4000000953674316,-2.3144938834845004,-3.7975583602683907,-0.83142940670061,scaffold,2035,xgb_rdkit_morgan,xgboost,rdkit+morgan,none,77abfcdbb281d08df2e9fb09cf84b2a648ea9008
esol,af8a1b1e82b5916e,CCC1(CC=C(C)C)C(=O)NC(=O)NC1=O,aqueous_solubility,log10(mol/L),train,O=C1CC(=O)NC(=O)N1,-2.253000020980835,-2.212524248674253,-3.695588725458143,-0.7294597718903626,scaffold,2035,xgb_rdkit_morgan,xgboost,rdkit+morgan,none,77abfcdbb281d08df2e9fb09cf84b2a648ea9008
esol,b52cbbd90dba367d,CCC1(CCC(C)C)C(=O)NC(=O)NC1=O,aqueous_solubility,log10(mol/L),train,O=C1CC(=O)NC(=O)N1,-2.562999963760376,-2.5036737712549586,-3.986738248038849,-1.0206092944710683,scaffold,2035,xgb_rdkit_morgan,xgboost,rdkit+morgan,none,77abfcdbb281d08df2e9fb09cf84b2a648ea9008
esol,645fd10802de397b,CCC1(c2ccccc2)C(=O)NC(=O)NC1=O,aqueous_solubility,log10(mol/L),calibration,O=C1NC(=O)C(c2ccccc2)C(=O)N1,-2.322000026702881,-2.643311820757212,-4.1263762975411025,-1.1602473439733219,scaffold,2035,xgb_rdkit_morgan,xgboost,rdkit+morgan,none,77abfcdbb281d08df2e9fb09cf84b2a648ea9008
esol,8e80310464b10ca4,CCC1(c2ccccc2)C(=O)NCNC1=O,aqueous_solubility,log10(mol/L),train,O=C1NCNC(=O)C1c1ccccc1,-2.640000104904175,-2.6205636930436755,-4.103628169827566,-1.1374992162597852,scaffold,2035,xgb_rdkit_morgan,xgboost,rdkit+morgan,none,77abfcdbb281d08df2e9fb09cf84b2a648ea9008
esol,e1033a252840196d,CCC1(c2ccccc2)CCC(=O)NC1=O,aqueous_solubility,log10(mol/L),calibration,O=C1CCC(c2ccccc2)C(=O)N1,-2.3369998931884766,-2.6229225856859615,-4.105987062469852,-1.1398581089020712,scaffold,2035,xgb_rdkit_morgan,xgboost,rdkit+morgan,none,77abfcdbb281d08df2e9fb09cf84b2a648ea9008
esol,a55a5ec41782ba07,CCC1CCCCC1,aqueous_solubility,log10(mol/L),test,C1CCCCC1,-4.25,-4.666332178868042,-6.149396655651932,-3.1832677020841516,scaffold,2035,xgb_rdkit_morgan,xgboost,rdkit+morgan,none,77abfcdbb281d08df2e9fb09cf84b2a648ea9008
esol,71227fc0ca5ecb0e,CCC1NC(=O)c2cc(S(N)(=O)=O)c(Cl)cc2N1,aqueous_solubility,log10(mol/L),train,O=C1NCNc2ccccc21,-3.2899999618530273,-3.2685901149530476,-4.751654591736938,-1.7855256381691573,scaffold,2035,xgb_rdkit_morgan,xgboost,rdkit+morgan,none,77abfcdbb281d08df2e9fb09cf84b2a648ea9008
esol,fbbba53affc2f528,CCC=O,aqueous_solubility,log10(mol/L),train,,0.5799999833106995,0.48279703804012586,-1.0002674387437644,1.9658615148240162,scaffold,2035,xgb_rdkit_morgan,xgboost,rdkit+morgan,none,77abfcdbb281d08df2e9fb09cf84b2a648ea9008
esol,99307c59d7dfef35,CCCBr,aqueous_solubility,log10(mol/L),train,,-1.7300000190734863,-1.7700671275485007,-3.253131604332391,-0.2870026507646104,scaffold,2035,xgb_rdkit_morgan,xgboost,rdkit+morgan,none,77abfcdbb281d08df2e9fb09cf84b2a648ea9008
esol,8744e77d82d027a0,CCCC,aqueous_solubility,log10(mol/L),train,,-2.569999933242798,-2.5280620117577355,-4.011126488541626,-1.0449975349738452,scaffold,2035,xgb_rdkit_morgan,xgboost,rdkit+morgan,none,77abfcdbb281d08df2e9fb09cf84b2a648ea9008
esol,50d5afa3055e4398,CCCC(=O)CC,aqueous_solubility,log10(mol/L),train,,-0.8299999833106995,-0.8471654962694608,-2.330229973053351,0.6358989805144295,scaffold,2035,xgb_rdkit_morgan,xgboost,rdkit+morgan,none,77abfcdbb281d08df2e9fb09cf84b2a648ea9008
esol,c3223a40b30ff2ce,CCCC(=O)CCC,aqueous_solubility,log10(mol/L),train,,-1.2999999523162842,-1.313884741061143,-2.7969492178450333,0.16917973572274736,scaffold,2035,xgb_rdkit_morgan,xgboost,rdkit+morgan,none,77abfcdbb281d08df2e9fb09cf84b2a648ea9008
esol,530f34a8c65ac982,CCCC(=O)OC,aqueous_solubility,log10(mol/L),train,,-1.9199999570846558,-1.6494087414308864,-3.132473218214777,-0.16634426464699614,scaffold,2035,xgb_rdkit_morgan,xgboost,rdkit+morgan,none,77abfcdbb281d08df2e9fb09cf84b2a648ea9008
esol,c2005837b63a1689,CCCC(=O)OCC,aqueous_solubility,log10(mol/L),train,,-1.3600000143051147,-1.4078982356793892,-2.8909627124632795,0.0751662411045011,scaffold,2035,xgb_rdkit_morgan,xgboost,rdkit+morgan,none,77abfcdbb281d08df2e9fb09cf84b2a648ea9008
esol,773f55f0ab7b02ec,CCCC(=O)OCN1C(=O)NC(c2ccccc2)(c2ccccc2)C1=O,aqueous_solubility,log10(mol/L),test,O=C1NC(=O)C(c2ccccc2)(c2ccccc2)N1,-5.071000099182129,-4.272329520622398,-5.755393997406288,-2.7892650438385074,scaffold,2035,xgb_rdkit_morgan,xgboost,rdkit+morgan,none,77abfcdbb281d08df2e9fb09cf84b2a648ea9008
esol,eb02c03a46d859f4,CCCC(C)(C)C,aqueous_solubility,log10(mol/L),train,,-4.360000133514404,-4.335374160328676,-5.818438637112567,-2.852309683544786,scaffold,2035,xgb_rdkit_morgan,xgboost,rdkit+morgan,none,77abfcdbb281d08df2e9fb09cf84b2a648ea9008
esol,14c21e027fff9f63,CCCC(C)(C)CO,aqueous_solubility,log10(mol/L),train,,-1.5199999809265137,-1.5276573823212787,-3.010721859105169,-0.04459290553738837,scaffold,2035,xgb_rdkit_morgan,xgboost,rdkit+morgan,none,77abfcdbb281d08df2e9fb09cf84b2a648ea9008
esol,553c0fbe16a4173b,CCCC(C)(C)O,aqueous_solubility,log10(mol/L),train,,-0.49000000953674316,-0.5261716284018707,-2.009236105185761,0.9568928483820196,scaffold,2035,xgb_rdkit_morgan,xgboost,rdkit+morgan,none,77abfcdbb281d08df2e9fb09cf84b2a648ea9008
esol,c13aa0325c4d7681,CCCC(C)(COC(N)=O)COC(N)=O,aqueous_solubility,log10(mol/L),train,,-1.8070000410079956,-1.7630852970850033,-3.2461497738688934,-0.28002082030111297,scaffold,2035,xgb_rdkit_morgan,xgboost,rdkit+morgan,none,77abfcdbb281d08df2e9fb09cf84b2a648ea9008
esol,705240c8f60cb049,CCCC(C)(O)CC,aqueous_solubility,log10(mol/L),train,,-0.9800000190734863,-0.9687506792973648,-2.4518151560812553,0.5143137974865255,scaffold,2035,xgb_rdkit_morgan,xgboost,rdkit+morgan,none,77abfcdbb281d08df2e9fb09cf84b2a648ea9008
esol,0148f694c74e1962,CCCC(C)=O,aqueous_solubility,log10(mol/L),train,,-0.1899999976158142,-0.21932695901640153,-1.7023914358002918,1.2637375177674888,scaffold,2035,xgb_rdkit_morgan,xgboost,rdkit+morgan,none,77abfcdbb281d08df2e9fb09cf84b2a648ea9008
esol,2a6bb1427ddc99d3,CCCC(C)C,aqueous_solubility,log10(mol/L),train,,-3.740000009536743,-3.836255806014736,-5.319320282798627,-2.3531913292308455,scaffold,2035,xgb_rdkit_morgan,xgboost,rdkit+morgan,none,77abfcdbb281d08df2e9fb09cf84b2a648ea9008
esol,6035d42dec3b21aa,CCCC(C)C1(CC)C(=O)NC(=O)NC1=O,aqueous_solubility,log10(mol/L),train,O=C1CC(=O)NC(=O)N1,-2.390000104904175,-2.4366610985355273,-3.9197255753194176,-0.953596621751637,scaffold,2035,xgb_rdkit_morgan,xgboost,rdkit+morgan,none,77abfcdbb281d08df2e9fb09cf84b2a648ea9008
esol,0bc9361c7a07aa90,CCCC(C)C1(CC)C(=O)NC(=S)NC1=O,aqueous_solubility,log10(mol/L),test,O=C1CC(=O)NC(=S)N1,-3.359999895095825,-2.5223971029853325,-4.005461579769223,-1.0393326262014422,scaffold,2035,xgb_rdkit_morgan,xgboost,rdkit+morgan,none,77abfcdbb281d08df2e9fb09cf84b2a648ea9008
esol,b60aaba75c023587,CCCC(C)CO,aqueous_solubility,log10(mol/L),train,,-1.1100000143051147,-0.9692101282494954,-2.4522746050333857,0.5138543485343949,scaffold,2035,xgb_rdkit_morgan,xgboost,rdkit+morgan,none,77abfcdbb281d08df2e9fb09cf84b2a648ea9008
esol,a428353a26a96988,CCCC(C)O,aqueous_solubility,log10(mol/L),train,,-0.28999999165534973,-0.21102338134120968,-1.6940878581251,1.2720410954426806,scaffold,2035,xgb_rdkit_morgan,xgboost,rdkit+morgan,none,77abfcdbb281d08df2e9fb09cf84b2a648ea9008
esol,911ea15ed7d45385,CCCC(O)CC,aqueous_solubility,log10(mol/L),train,,-0.800000011920929,-0.9106391767242132,-2.3937036535081035,0.5724253000596771,scaffold,2035,xgb_rdkit_morgan,xgboost,rdkit+morgan,none,77abfcdbb281d08df2e9fb09cf84b2a648ea9008
esol,36679fca2c495432,CCCC(O)CCC,aqueous_solubility,log10(mol/L),train,,-1.399999976158142,-1.4075810876178099,-2.8906455644017,0.07548338916608044,scaffold,2035,xgb_rdkit_morgan,xgboost,rdkit+morgan,none,77abfcdbb281d08df2e9fb09cf84b2a648ea9008
esol,f92375bd7aa00a4e,CCCC1C(=O)N2C(N(C)C)=Nc3ccc(C)cc3N2C1=O,aqueous_solubility,log10(mol/L),validation,O=C1CC(=O)N2c3ccccc3N=CN12,-3.5380001068115234,-3.503550325412477,-4.986614802196367,-2.020485848628587,scaffold,2035,xgb_rdkit_morgan,xgboost,rdkit+morgan,none,77abfcdbb281d08df2e9fb09cf84b2a648ea9008
esol,ec228ee9c15a775e,CCCC1CCCC1,aqueous_solubility,log10(mol/L),calibration,C1CCCC1,-4.739999771118164,-4.449737157423941,-5.932801634207832,-2.966672680640051,scaffold,2035,xgb_rdkit_morgan,xgboost,rdkit+morgan,none,77abfcdbb281d08df2e9fb09cf84b2a648ea9008
esol,9eb037d358bcc7a9,CCCC1COC(Cn2cncn2)(c2ccc(Cl)cc2Cl)O1,aqueous_solubility,log10(mol/L),calibration,c1ccc(C2(Cn3cncn3)OCCO2)cc1,-3.493000030517578,-4.257670034472657,-5.740734511256547,-2.7746055576887665,scaffold,2035,xgb_rdkit_morgan,xgboost,rdkit+morgan,none,77abfcdbb281d08df2e9fb09cf84b2a648ea9008
esol,b3fc3b836b5caee3,CCCC=C(C=O)CC,aqueous_solubility,log10(mol/L),train,,-2.4600000381469727,-2.3526638999070464,-3.8357283766909367,-0.8695994231231561,scaffold,2035,xgb_rdkit_morgan,xgboost,rdkit+morgan,none,77abfcdbb281d08df2e9fb09cf84b2a648ea9008
esol,2b15dc56b70f7e88,CCCC=O,aqueous_solubility,log10(mol/L),train,,-0.009999999776482582,-0.012922486822867008,-1.4959869636067573,1.4701419899610233,scaffold,2035,xgb_rdkit_morgan,xgboost,rdkit+morgan,none,77abfcdbb281d08df2e9fb09cf84b2a648ea9008
esol,d8934e1ae61ae50b,CCCCBr,aqueous_solubility,log10(mol/L),train,,-2.369999885559082,-2.3709684209926185,-3.854032897776509,-0.8879039442087282,scaffold,2035,xgb_rdkit_morgan,xgboost,rdkit+morgan,none,77abfcdbb281d08df2e9fb09cf84b2a648ea9008
esol,cdbf47a4c8e3d287,CCCCC,aqueous_solubility,log10(mol/L),train,,-3.180000066757202,-3.228860163621998,-4.711924640405888,-1.7457956868381075,scaffold,2035,xgb_rdkit_morgan,xgboost,rdkit+morgan,none,77abfcdbb281d08df2e9fb09cf84b2a648ea9008
esol,046f34299e8e0593,CCCCC(=O)CCCC,aqueous_solubility,log10(mol/L),train,,-2.5799999237060547,-2.6108509000280082,-4.093915376811898,-1.127786423244118,scaffold,2035,xgb_rdkit_morgan,xgboost,rdkit+morgan,none,77abfcdbb281d08df2e9fb09cf84b2a648ea9008
esol,d781e9733c524f88,CCCCC(=O)OC,aqueous_solubility,log10(mol/L),train,,-1.340000033378601,-1.4815398967960556,-2.964604373579946,0.0015245799878347288,scaffold,2035,xgb_rdkit_morgan,xgboost,rdkit+morgan,none,77abfcdbb281d08df2e9fb09cf84b2a648ea9008
esol,8186b98ad615d4fa,CCCCC(=O)OC1(C(=O)CO)C(C)CC2C3CCC4=CC(=O)C=CC4(C)C3(F)C(O)CC21C,aqueous_solubility,log10(mol/L),calibration,O=C1C=CC2C(=C1)CCC1C3CCCC3CCC21,-4.710000038146973,-4.279273400222347,-5.762337877006237,-2.7962089234384564,scaffold,2035,xgb_rdkit_morgan,xgboost,rdkit+morgan,none,77abfcdbb281d08df2e9fb09cf84b2a648ea9008
esol,1e4a499efcb48181,CCCCC(=O)OCC,aqueous_solubility,log10(mol/L),train,,-2.25,-2.089995698640708,-3.5730601754245983,-0.6069312218568177,scaffold,2035,xgb_rdkit_morgan,xgboost,rdkit+morgan,none,77abfcdbb281d08df2e9fb09cf84b2a648ea9008
esol,eb83f6d383b44ecd,CCCCC(=O)OCN1C(=O)NC(c2ccccc2)(c2ccccc2)C1=O,aqueous_solubility,log10(mol/L),test,O=C1NC(=O)C(c2ccccc2)(c2ccccc2)N1,-4.677999973297119,-4.3553898852577415,-5.838454362041632,-2.872325408473851,scaffold,2035,xgb_rdkit_morgan,xgboost,rdkit+morgan,none,77abfcdbb281d08df2e9fb09cf84b2a648ea9008
esol,0063512c4316b02d,CCCCC(C)(C)O,aqueous_solubility,log10(mol/L),train,,-1.0800000429153442,-1.0069355434756027,-2.490000020259493,0.47612893330828765,scaffold,2035,xgb_rdkit_morgan,xgboost,rdkit+morgan,none,77abfcdbb281d08df2e9fb09cf84b2a648ea9008
esol,ca9a40b2ae6d7fac,CCCCC(C)(O)CC,aqueous_solubility,log10(mol/L),train,,-1.600000023841858,-1.6330993726686598,-3.1161638494525503,-0.15003489588476948,scaffold,2035,xgb_rdkit_morgan,xgboost,rdkit+morgan,none,77abfcdbb281d08df2e9fb09cf84b2a648ea9008
esol,cb1389de78271b03,CCCCC(C)=O,aqueous_solubility,log10(mol/L),train,,-0.800000011920929,-0.8588271611539815,-2.341891637937872,0.6242373156299088,scaffold,2035,xgb_rdkit_morgan,xgboost,rdkit+morgan,none,77abfcdbb281d08df2e9fb09cf84b2a648ea9008
esol,ee72f0696072d63b,CCCCC(C)CC,aqueous_solubility,log10(mol/L),train,,-5.159999847412109,-5.0030588474488304,-6.486123324232721,-3.51999437066494,scaffold,2035,xgb_rdkit_morgan,xgboost,rdkit+morgan,none,77abfcdbb281d08df2e9fb09cf84b2a648ea9008
esol,886e9d2f85b3cb44,CCCCC(C)O,aqueous_solubility,log10(mol/L),train,,-0.8899999856948853,-0.9601010895235285,-2.4431655663074188,0.5229633872603618,scaffold,2035,xgb_rdkit_morgan,xgboost,rdkit+morgan,none,77abfcdbb281d08df2e9fb09cf84b2a648ea9008
esol,0838a16aa5ae802e,CCCCC(C=O)CC,aqueous_solubility,log10(mol/L),train,,-2.130000114440918,-2.1716964839828545,-3.654760960766745,-0.6886320071989642,scaffold,2035,xgb_rdkit_morgan,xgboost,rdkit+morgan,none,77abfcdbb281d08df2e9fb09cf84b2a648ea9008
esol,0ee8c22e174f5540,CCCCC(CC)CO,aqueous_solubility,log10(mol/L),train,,-2.109999895095825,-2.034200149000381,-3.5172646257842715,-0.5511356722164908,scaffold,2035,xgb_rdkit_morgan,xgboost,rdkit+morgan,none,77abfcdbb281d08df2e9fb09cf84b2a648ea9008
esol,51a9b8b1d8173760,CCCCC(CC)COC(=O)c1ccccc1C(=O)OCC(CC)CCCC,aqueous_solubility,log10(mol/L),train,c1ccccc1,-6.960000038146973,-6.932832345111055,-8.415896821894945,-5.449767868327164,scaffold,2035,xgb_rdkit_morgan,xgboost,rdkit+morgan,none,77abfcdbb281d08df2e9fb09cf84b2a648ea9008
esol,3a73360948f6d478,CCCCC(O)CC,aqueous_solubility,log10(mol/L),train,,-1.4700000286102295,-1.3878399867780224,-2.8709044635619128,0.09522449000586786,scaffold,2035,xgb_rdkit_morgan,xgboost,rdkit+morgan,none,77abfcdbb281d08df2e9fb09cf84b2a648ea9008
esol,b368fff92897feb5,CCCCC1(CC)C(=O)NC(=O)NC1=O,aqueous_solubility,log10(mol/L),train,O=C1CC(=O)NC(=O)N1,-1.6610000133514404,-1.9435085724585983,-3.4265730492424886,-0.460444095674708,scaffold,2035,xgb_rdkit_morgan,xgboost,rdkit+morgan,none,77abfcdbb281d08df2e9fb09cf84b2a648ea9008
esol,697b7adfb97e92d9,CCCCC1C(=O)N(c2ccccc2)N(c2ccc(O)cc2)C1=O,aqueous_solubility,log10(mol/L),calibration,O=C1CC(=O)N(c2ccccc2)N1c1ccccc1,-3.7300000190734863,-3.506342713129944,-4.989407189913834,-2.0232782363460537,scaffold,2035,xgb_rdkit_morgan,xgboost,rdkit+morgan,none,77abfcdbb281d08df2e9fb09cf84b2a648ea9008
esol,9bb878f2acf6502d,CCCCC1C(=O)N(c2ccccc2)N(c2ccccc2)C1=O,aqueous_solubility,log10(mol/L),calibration,O=C1CC(=O)N(c2ccccc2)N1c1ccccc1,-3.809999942779541,-4.665998995230316,-6.149063472014206,-3.1829345184464257,scaffold,2035,xgb_rdkit_morgan,xgboost,rdkit+morgan,none,77abfcdbb281d08df2e9fb09cf84b2a648ea9008
esol,cccde35c98b95e45,CCCCC=O,aqueous_solubility,log10(mol/L),train,,-0.8500000238418579,-0.7856744069367385,-2.268738883720629,0.6973900698471518,scaffold,2035,xgb_rdkit_morgan,xgboost,rdkit+morgan,none,77abfcdbb281d08df2e9fb09cf84b2a648ea9008
esol,400a2153ad1cc41e,CCCCCBr,aqueous_solubility,log10(mol/L),train,,-3.0799999237060547,-2.932249488020249,-4.41531396480414,-1.449185011236359,scaffold,2035,xgb_rdkit_morgan,xgboost,rdkit+morgan,none,77abfcdbb281d08df2e9fb09cf84b2a648ea9008
esol,067861bb7f44340e,CCCCCC,aqueous_solubility,log10(mol/L),train,,-3.8399999141693115,-3.78813506129156,-5.27119953807545,-2.3050705845076696,scaffold,2035,xgb_rdkit_morgan,xgboost,rdkit+morgan,none,77abfcdbb281d08df2e9fb09cf84b2a648ea9008
esol,15f1b3f210442886,CCCCCC(=O)OC,aqueous_solubility,log10(mol/L),train,,-1.8700000047683716,-1.9440106641650758,-3.427075140948966,-0.46094618738118553,scaffold,2035,xgb_rdkit_morgan,xgboost,rdkit+morgan,none,77abfcdbb281d08df2e9fb09cf84b2a648ea9008
esol,f0c3620530b2fea4,CCCCCC(=O)OCC,aqueous_solubility,log10(mol/L),train,,-2.3499999046325684,-2.1916990241048646,-3.674763500888755,-0.7086345473209743,scaffold,2035,xgb_rdkit_morgan,xgboost,rdkit+morgan,none,77abfcdbb281d08df2e9fb09cf84b2a648ea9008
esol,e5611d7c920e4a9e,CCCCCC(=O)OCN1C(=O)NC(c2ccccc2)(c2ccccc2)C1=O,aqueous_solubility,log10(mol/L),test,O=C1NC(=O)C(c2ccccc2)(c2ccccc2)N1,-5.886000156402588,-4.622581188036019,-6.105645664819909,-3.1395167112521287,scaffold,2035,xgb_rdkit_morgan,xgboost,rdkit+morgan,none,77abfcdbb281d08df2e9fb09cf84b2a648ea9008
esol,6155649d8540ed94,CCCCCC(C)(C)O,aqueous_solubility,log10(mol/L),train,,-1.7200000286102295,-1.7238280685996725,-3.206892545383563,-0.24076359181578222,scaffold,2035,xgb_rdkit_morgan,xgboost,rdkit+morgan,none,77abfcdbb281d08df2e9fb09cf84b2a648ea9008
esol,e9eedb31eddae14a,CCCCCC(C)=O,aqueous_solubility,log10(mol/L),train,,-1.4500000476837158,-1.3482270060663135,-2.8312914828502036,0.1348374707175768,scaffold,2035,xgb_rdkit_morgan,xgboost,rdkit+morgan,none,77abfcdbb281d08df2e9fb09cf84b2a648ea9008
esol,66316631fd660d13,CCCCCC(C)C,aqueous_solubility,log10(mol/L),train,,-5.079999923706055,-5.112513651640532,-6.595578128424422,-3.6294491748566413,scaffold,2035,xgb_rdkit_morgan,xgboost,rdkit+morgan,none,77abfcdbb281d08df2e9fb09cf84b2a648ea9008
esol,da7e9d52660f7666,CCCCCC(C)O,aqueous_solubility,log10(mol/L),train,,-1.5499999523162842,-1.4639158483538441,-2.9469803251377344,0.019148628430046166,scaffold,2035,xgb_rdkit_morgan,xgboost,rdkit+morgan,none,77abfcdbb281d08df2e9fb09cf84b2a648ea9008
esol,04583283814a1149,CCCCCC(O)CC,aqueous_solubility,log10(mol/L),train,,-1.9800000190734863,-2.0126088990193356,-3.495673375803226,-0.5295444222354453,scaffold,2035,xgb_rdkit_morgan,xgboost,rdkit+morgan,none,77abfcdbb281d08df2e9fb09cf84b2a648ea9008
esol,a98e9ddfe0bfb71f,CCCCCC1CCCC1,aqueous_solubility,log10(mol/L),calibration,C1CCCC1,-6.079999923706055,-5.2183624704938705,-6.701426947277761,-3.73529799370998,scaffold,2035,xgb_rdkit_morgan,xgboost,rdkit+morgan,none,77abfcdbb281d08df2e9fb09cf84b2a648ea9008
esol,93bc9362240baa5a,CCCCCC=O,aqueous_solubility,log10(mol/L),train,,-1.2999999523162842,-1.2447954018396175,-2.7278598786235078,0.23826907494427285,scaffold,2035,xgb_rdkit_morgan,xgboost,rdkit+morgan,none,77abfcdbb281d08df2e9fb09cf84b2a648ea9008
esol,a6326ae1c933fa1d,CCCCCCBr,aqueous_solubility,log10(mol/L),train,,-3.809999942779541,-3.885612953049889,-5.368677429833779,-2.4025484762659985,scaffold,2035,xgb_rdkit_morgan,xgboost,rdkit+morgan,none,77abfcdbb281d08df2e9fb09cf84b2a648ea9008
esol,0742f60cc0d0b0c5,CCCCCCC,aqueous_solubility,log10(mol/L),train,,-4.53000020980835,-4.589596720593363,-6.072661197377253,-3.1065322438094727,scaffold,2035,xgb_rdkit_morgan,xgboost,rdkit+morgan,none,77abfcdbb281d08df2e9fb09cf84b2a648ea9008
esol,3350712a156b97ee,CCCCCCC(=O)OCC,aqueous_solubility,log10(mol/L),train,,-2.740000009536743,-2.762446300973494,-4.245510777757384,-1.2793818241896036,scaffold,2035,xgb_rdkit_morgan,xgboost,rdkit+morgan,none,77abfcdbb281d08df2e9fb09cf84b2a648ea9008
esol,7056b5401228fc27,CCCCCCC(=O)OCN1C(=O)NC(c2ccccc2)(c2ccccc2)C1=O,aqueous_solubility,log10(mol/L),test,O=C1NC(=O)C(c2ccccc2)(c2ccccc2)N1,-6.301000118255615,-4.871936772766942,-6.355001249550832,-3.3888722959830515,scaffold,2035,xgb_rdkit_morgan,xgboost,rdkit+morgan,none,77abfcdbb281d08df2e9fb09cf84b2a648ea9008
esol,59ece8e98d2096e2,CCCCCCC(C)=O,aqueous_solubility,log10(mol/L),train,,-2.049999952316284,-1.9839001100877685,-3.4669645868716588,-0.5008356333038781,scaffold,2035,xgb_rdkit_morgan,xgboost,rdkit+morgan,none,77abfcdbb281d08df2e9fb09cf84b2a648ea9008
esol,427cbb0dd97d6b50,CCCCCCC(C)O,aqueous_solubility,log10(mol/L),train,,-2.0899999141693115,-2.094292876702039,-3.577357353485929,-0.6112283999181485,scaffold,2035,xgb_rdkit_morgan,xgboost,rdkit+morgan,none,77abfcdbb281d08df2e9fb09cf84b2a648ea9008
esol,b17209ce34398ed5,CCCCCCCBr,aqueous_solubility,log10(mol/L),train,,-4.429999828338623,-4.532701902512629,-6.01576637929652,-3.049637425728739,scaffold,2035,xgb_rdkit_morgan,xgboost,rdkit+morgan,none,77abfcdbb281d08df2e9fb09cf84b2a648ea9008
esol,2f891eb6fbb926d4,CCCCCCCC,aqueous_solubility,log10(mol/L),train,,-5.239999771118164,-5.224054268551832,-6.707118745335722,-3.7409897917679418,scaffold,2035,xgb_rdkit_morgan,xgboost,rdkit+morgan,none,77abfcdbb281d08df2e9fb09cf84b2a648ea9008
esol,d4e8db30d372de33,CCCCCCCC(=O)OC,aqueous_solubility,log10(mol/L),train,,-3.1700000762939453,-3.028137689967668,-4.511202166751558,-1.5450732131837777,scaffold,2035,xgb_rdkit_morgan,xgboost,rdkit+morgan,none,77abfcdbb281d08df2e9fb09cf84b2a648ea9008
esol,bbfb6e5e2f7f210b,CCCCCCCC(=O)OCC,aqueous_solubility,log10(mol/L),train,,-3.390000104904175,-3.3579639234816616,-4.841028400265552,-1.8748994466977713,scaffold,2035,xgb_rdkit_morgan,xgboost,rdkit+morgan,none,77abfcdbb281d08df2e9fb09cf84b2a648ea9008
esol,fdf14f687f402c1b,CCCCCCCC(=O)OCN1C(=O)NC(c2ccccc2)(c2ccccc2)C1=O,aqueous_solubility,log10(mol/L),test,O=C1NC(=O)C(c2ccccc2)(c2ccccc2)N1,-6.5229997634887695,-5.258779961999991,-6.741844438783882,-3.775715485216101,scaffold,2035,xgb_rdkit_morgan,xgboost,rdkit+morgan,none,77abfcdbb281d08df2e9fb09cf84b2a648ea9008
esol,fea1a3023a7fc0ae,CCCCCCCC(C)=O,aqueous_solubility,log10(mol/L),train,,-2.5799999237060547,-2.683060279815732,-4.166124756599622,-1.1999958030318418,scaffold,2035,xgb_rdkit_morgan,xgboost,rdkit+morgan,none,77abfcdbb281d08df2e9fb09cf84b2a648ea9008
esol,866ae94d1cd7a5b1,CCCCCCCC(C)O,aqueous_solubility,log10(mol/L),train,,-2.740000009536743,-2.6489807161520185,-4.132045192935909,-1.1659162393681282,scaffold,2035,xgb_rdkit_morgan,xgboost,rdkit+morgan,none,77abfcdbb281d08df2e9fb09cf84b2a648ea9008
esol,0c834b867b0755f7,CCCCCCCCBr,aqueous_solubility,log10(mol/L),train,,-5.059999942779541,-5.020587276344386,-6.503651753128277,-3.537522799560496,scaffold,2035,xgb_rdkit_morgan,xgboost,rdkit+morgan,none,77abfcdbb281d08df2e9fb09cf84b2a648ea9008
esol,52907309c5979835,CCCCCCCCC,aqueous_solubility,log10(mol/L),train,,-5.880000114440918,-5.717629539928821,-7.200694016712712,-4.234565063144931,scaffold,2035,xgb_rdkit_morgan,xgboost,rdkit+morgan,none,77abfcdbb281d08df2e9fb09cf84b2a648ea9008
esol,91d1337f64867273,CCCCCCCCC(=O)OC,aqueous_solubility,log10(mol/L),train,,-3.380000114440918,-3.579330657259007,-5.062395134042897,-2.0962661804751166,scaffold,2035,xgb_rdkit_morgan,xgboost,rdkit+morgan,none,77abfcdbb281d08df2e9fb09cf84b2a648ea9008
esol,91ca518d3bfa05a4,CCCCCCCCC(=O)OCC,aqueous_solubility,log10(mol/L),train,,-3.799999952316284,-3.8446512022111263,-5.327715678995016,-2.361586725427236,scaffold,2035,xgb_rdkit_morgan,xgboost,rdkit+morgan,none,77abfcdbb281d08df2e9fb09cf84b2a648ea9008
esol,190307f6f9c5d129,CCCCCCCCC(C)=O,aqueous_solubility,log10(mol/L),train,,-3.299999952316284,-3.256480790234416,-4.739545267018306,-1.7734163134505256,scaffold,2035,xgb_rdkit_morgan,xgboost,rdkit+morgan,none,77abfcdbb281d08df2e9fb09cf84b2a648ea9008
esol,a3ed57e5c214461b,CCCCCCCCCC(=O)OC,aqueous_solubility,log10(mol/L),train,,-4.690000057220459,-4.458124832787373,-5.941189309571263,-2.9750603560034827,scaffold,2035,xgb_rdkit_morgan,xgboost,rdkit+morgan,none,77abfcdbb281d08df2e9fb09cf84b2a648ea9008
esol,bacd88176dc73f72,CCCCCCCCCC(=O)OCC,aqueous_solubility,log10(mol/L),train,,-4.099999904632568,-4.15565086754942,-5.638715344333311,-2.67258639076553,scaffold,2035,xgb_rdkit_morgan,xgboost,rdkit+morgan,none,77abfcdbb281d08df2e9fb09cf84b2a648ea9008
esol,0660e103e7d31762,CCCCCCCCCC(C)O,aqueous_solubility,log10(mol/L),train,,-2.940000057220459,-3.16167739501336,-4.64474187179725,-1.6786129182294696,scaffold,2035,xgb_rdkit_morgan,xgboost,rdkit+morgan,none,77abfcdbb281d08df2e9fb09cf84b2a648ea9008
esol,ff455d1cef69469a,CCCCCCCCCCCC(=O)OC,aqueous_solubility,log10(mol/L),train,,-4.690000057220459,-4.719536438793993,-6.202600915577883,-3.2364719620101026,scaffold,2035,xgb_rdkit_morgan,xgboost,rdkit+morgan,none,77abfcdbb281d08df2e9fb09cf84b2a648ea9008
esol,a980398600f36d4e,CCCCCCCCCCCCCC,aqueous_solubility,log10(mol/L),train,,-7.960000038146973,-7.972026528424059,-9.455091005207949,-6.4889620516401685,scaffold,2035,xgb_rdkit_morgan,xgboost,rdkit+morgan,none,77abfcdbb281d08df2e9fb09cf84b2a648ea9008
esol,bc312e38ba02802a,CCCCCCCCCCCCCCCC,aqueous_solubility,log10(mol/L),train,,-8.399999618530273,-8.350985440602656,-9.834049917386547,-6.867920963818766,scaffold,2035,xgb_rdkit_morgan,xgboost,rdkit+morgan,none,77abfcdbb281d08df2e9fb09cf84b2a648ea9008
esol,1a06d4bca85cd592,CCCCCCCCCCCCCCCCCCCC,aqueous_solubility,log10(mol/L),train,,-8.17199993133545,-8.282560330579763,-9.765624807363654,-6.7994958537958725,scaffold,2035,xgb_rdkit_morgan,xgboost,rdkit+morgan,none,77abfcdbb281d08df2e9fb09cf84b2a648ea9008
esol,384c121c7d12a56a,CCCCCCCCCCCCCCCCCCCCCCCCCC,aqueous_solubility,log10(mol/L),train,,-8.333999633789062,-8.33259370380015,-9.815658180584041,-6.8495292270162595,scaffold,2035,xgb_rdkit_morgan,xgboost,rdkit+morgan,none,77abfcdbb281d08df2e9fb09cf84b2a648ea9008
esol,bc3d0429e3abc793,CCCCCCCCCCCCCCCCCCO,aqueous_solubility,log10(mol/L),train,,-8.399999618530273,-8.317044183783212,-9.800108660567101,-6.833979706999322,scaffold,2035,xgb_rdkit_morgan,xgboost,rdkit+morgan,none,77abfcdbb281d08df2e9fb09cf84b2a648ea9008
esol,c4c342bdb047ff91,CCCCCCCCCCCCCCCCO,aqueous_solubility,log10(mol/L),train,,-7.0,-6.9822105165682675,-8.465274993352157,-5.499146039784377,scaffold,2035,xgb_rdkit_morgan,xgboost,rdkit+morgan,none,77abfcdbb281d08df2e9fb09cf84b2a648ea9008
esol,cd68df105e34e541,CCCCCCCCCCCCCCCO,aqueous_solubility,log10(mol/L),train,,-6.349999904632568,-6.333321306423394,-7.816385783207284,-4.850256829639504,scaffold,2035,xgb_rdkit_morgan,xgboost,rdkit+morgan,none,77abfcdbb281d08df2e9fb09cf84b2a648ea9008
esol,1e9120d9df04f9e6,CCCCCCCCCCCCCCO,aqueous_solubility,log10(mol/L),train,,-5.840000152587891,-5.9459889727268305,-7.429053449510721,-4.46292449594294,scaffold,2035,xgb_rdkit_morgan,xgboost,rdkit+morgan,none,77abfcdbb281d08df2e9fb09cf84b2a648ea9008
esol,de7e37932cf8aac8,CCCCCCCCCCCCO,aqueous_solubility,log10(mol/L),train,,-4.800000190734863,-4.823761150738728,-6.306825627522619,-3.340696673954838,scaffold,2035,xgb_rdkit_morgan,xgboost,rdkit+morgan,none,77abfcdbb281d08df2e9fb09cf84b2a648ea9008
esol,50df1a057983a774,CCCCCCCCCCO,aqueous_solubility,log10(mol/L),train,,-3.630000114440918,-3.6192612017694548,-5.1023256785533455,-2.1361967249855645,scaffold,2035,xgb_rdkit_morgan,xgboost,rdkit+morgan,none,77abfcdbb281d08df2e9fb09cf84b2a648ea9008
esol,0dd85d1472dc7f0a,CCCCCCCCCO,aqueous_solubility,log10(mol/L),train,,-3.009999990463257,-2.972852903123143,-4.455917379907033,-1.4897884263392527,scaffold,2035,xgb_rdkit_morgan,xgboost,rdkit+morgan,none,77abfcdbb281d08df2e9fb09cf84b2a648ea9008
esol,0f0c5849c0728201,CCCCCCCCO,aqueous_solubility,log10(mol/L),train,,-2.390000104904175,-2.3699079051945677,-3.852972381978458,-0.8868434284106774,scaffold,2035,xgb_rdkit_morgan,xgboost,rdkit+morgan,none,77abfcdbb281d08df2e9fb09cf84b2a648ea9008
esol,c6dea0f9a59433fd,CCCCCCCCOC(=O)c1ccccc1C(=O)OCCCCCCCC,aqueous_solubility,log10(mol/L),train,c1ccccc1,-5.114999771118164,-5.134221308026202,-6.617285784810092,-3.6511568312423117,scaffold,2035,xgb_rdkit_morgan,xgboost,rdkit+morgan,none,77abfcdbb281d08df2e9fb09cf84b2a648ea9008
esol,38ee92fb024e7c6a,CCCCCCCCl,aqueous_solubility,log10(mol/L),train,,-4.0,-3.9849747280504086,-5.468039204834299,-2.5019102512665183,scaffold,2035,xgb_rdkit_morgan,xgboost,rdkit+morgan,none,77abfcdbb281d08df2e9fb09cf84b2a648ea9008
esol,5fa8cd0096eff934,CCCCCCCI,aqueous_solubility,log10(mol/L),train,,-4.809999942779541,-4.791143363470639,-6.27420784025453,-3.308078886686749,scaffold,2035,xgb_rdkit_morgan,xgboost,rdkit+morgan,none,77abfcdbb281d08df2e9fb09cf84b2a648ea9008
esol,cd059d986249006a,CCCCCCCO,aqueous_solubility,log10(mol/L),train,,-1.809999942779541,-1.6870700143524047,-3.170134491136295,-0.20400553756851436,scaffold,2035,xgb_rdkit_morgan,xgboost,rdkit+morgan,none,77abfcdbb281d08df2e9fb09cf84b2a648ea9008
esol,858786129af166f6,CCCCCCCl,aqueous_solubility,log10(mol/L),train,,-3.119999885559082,-3.279776295309291,-4.762840772093181,-1.7967118185254005,scaffold,2035,xgb_rdkit_morgan,xgboost,rdkit+morgan,none,77abfcdbb281d08df2e9fb09cf84b2a648ea9008
esol,bff524d4cee6dd13,CCCCCCO,aqueous_solubility,log10(mol/L),train,,-1.2400000095367432,-1.2817620373588452,-2.7648265141427357,0.2013024394250451,scaffold,2035,xgb_rdkit_morgan,xgboost,rdkit+morgan,none,77abfcdbb281d08df2e9fb09cf84b2a648ea9008
esol,f99f09834a2307b7,CCCCCCOC(=O)c1ccccc1C(=O)OCCCCCC,aqueous_solubility,log10(mol/L),train,c1ccccc1,-6.144000053405762,-6.067264490962024,-7.550328967745914,-4.584200014178133,scaffold,2035,xgb_rdkit_morgan,xgboost,rdkit+morgan,none,77abfcdbb281d08df2e9fb09cf84b2a648ea9008
esol,33da9a9e495cd260,CCCCCCc1ccc(O)cc1O,aqueous_solubility,log10(mol/L),train,c1ccccc1,-2.5899999141693115,-2.612099269631073,-4.095163746414963,-1.1290347928471829,scaffold,2035,xgb_rdkit_morgan,xgboost,rdkit+morgan,none,77abfcdbb281d08df2e9fb09cf84b2a648ea9008
esol,4054ea097cbe803b,CCCCCCc1ccccc1,aqueous_solubility,log10(mol/L),train,c1ccccc1,-5.210000038146973,-5.08414659865397,-6.56721107543786,-3.6010821218700793,scaffold,2035,xgb_rdkit_morgan,xgboost,rdkit+morgan,none,77abfcdbb281d08df2e9fb09cf84b2a648ea9008
esol,3b56245e57457ea4,CCCCCCl,aqueous_solubility,log10(mol/L),train,,-2.7300000190734863,-2.7625855248986744,-4.245650001682565,-1.279521048114784,scaffold,2035,xgb_rdkit_morgan,xgboost,rdkit+morgan,none,77abfcdbb281d08df2e9fb09cf84b2a648ea9008
esol,a58a553e8e375de7,CCCCCO,aqueous_solubility,log10(mol/L),train,,-0.6000000238418579,-0.5159637369726564,-1.9990282137565467,0.9671007398112339,scaffold,2035,xgb_rdkit_morgan,xgboost,rdkit+morgan,none,77abfcdbb281d08df2e9fb09cf84b2a648ea9008
esol,2406a09c97f56f54,CCCCCOC(=O)CC,aqueous_solubility,log10(mol/L),train,,-1.2799999713897705,-1.5045344378630552,-2.9875989146469455,-0.02146996107916488,scaffold,2035,xgb_rdkit_morgan,xgboost,rdkit+morgan,none,77abfcdbb281d08df2e9fb09cf84b2a648ea9008
esol,67e3ba13863eb8fe,CCCCCOC(C)=O,aqueous_solubility,log10(mol/L),train,,-1.8899999856948853,-1.8862652478562643,-3.3693297246401546,-0.40320077107237395,scaffold,2035,xgb_rdkit_morgan,xgboost,rdkit+morgan,none,77abfcdbb281d08df2e9fb09cf84b2a648ea9008
esol,412c3e94bc5f3484,CCCCCc1ccccc1,aqueous_solubility,log10(mol/L),train,c1ccccc1,-4.639999866485596,-4.658337790857379,-6.141402267641269,-3.175273314073489,scaffold,2035,xgb_rdkit_morgan,xgboost,rdkit+morgan,none,77abfcdbb281d08df2e9fb09cf84b2a648ea9008
esol,4b17450fdb820e4a,CCCCCl,aqueous_solubility,log10(mol/L),train,,-2.0299999713897705,-2.053833039396686,-3.5368975161805762,-0.5707685626127956,scaffold,2035,xgb_rdkit_morgan,xgboost,rdkit+morgan,none,77abfcdbb281d08df2e9fb09cf84b2a648ea9008
esol,83588fb58bfe7ab9,CCCCI,aqueous_solubility,log10(mol/L),train,,-2.9600000381469727,-2.9300364597298807,-4.413100936513771,-1.4469719829459904,scaffold,2035,xgb_rdkit_morgan,xgboost,rdkit+morgan,none,77abfcdbb281d08df2e9fb09cf84b2a648ea9008
esol,6a5cef6cac9b1660,CCCCN(C)C(=O)Nc1ccc(Cl)c(Cl)c1,aqueous_solubility,log10(mol/L),train,c1ccccc1,-4.769999980926514,-4.749570003879415,-6.232634480663306,-3.266505527095525,scaffold,2035,xgb_rdkit_morgan,xgboost,rdkit+morgan,none,77abfcdbb281d08df2e9fb09cf84b2a648ea9008
esol,6f272ede992bb6a7,CCCCN(CC)C(=O)SCCC,aqueous_solubility,log10(mol/L),train,,-3.5299999713897705,-3.524985792740803,-5.008050269524693,-2.0419213159569125,scaffold,2035,xgb_rdkit_morgan,xgboost,rdkit+morgan,none,77abfcdbb281d08df2e9fb09cf84b2a648ea9008
esol,b9d61b06f115b6ac,CCCCN(CC)c1c([N+](=O)[O-])cc(C(F)(F)F)cc1[N+](=O)[O-],aqueous_solubility,log10(mol/L),train,c1ccccc1,-5.53000020980835,-5.590917605033567,-7.073982081817458,-4.107853128249677,scaffold,2035,xgb_rdkit_morgan,xgboost,rdkit+morgan,none,77abfcdbb281d08df2e9fb09cf84b2a648ea9008
esol,a86b989f93448443,CCCCNC(=O)n1c(NC(=O)OC)nc2ccccc21,aqueous_solubility,log10(mol/L),validation,c1ccc2[nH]cnc2c1,-4.882999897003174,-3.6450124959402608,-5.128076972724151,-2.1619480191563705,scaffold,2035,xgb_rdkit_morgan,xgboost,rdkit+morgan,none,77abfcdbb281d08df2e9fb09cf84b2a648ea9008
esol,29d728fa528693ff,CCCCO,aqueous_solubility,log10(mol/L),train,,0.0,-0.049268129808035965,-1.5323326065919263,1.4337963469758543,scaffold,2035,xgb_rdkit_morgan,xgboost,rdkit+morgan,none,77abfcdbb281d08df2e9fb09cf84b2a648ea9008
esol,4220bcb6b0bad406,CCCCOC,aqueous_solubility,log10(mol/L),train,,-0.9900000095367432,-1.0309310608403286,-2.513995537624219,0.4521334159435617,scaffold,2035,xgb_rdkit_morgan,xgboost,rdkit+morgan,none,77abfcdbb281d08df2e9fb09cf84b2a648ea9008
esol,0341b123b22addd6,CCCCOC(=O)CCCCCCCCC(=O)OCCCC,aqueous_solubility,log10(mol/L),train,,-3.8959999084472656,-3.9259126127668376,-5.408977089550728,-2.4428481359829473,scaffold,2035,xgb_rdkit_morgan,xgboost,rdkit+morgan,none,77abfcdbb281d08df2e9fb09cf84b2a648ea9008
esol,47e93f994dd9b389,CCCCOC(=O)c1ccc(N)cc1,aqueous_solubility,log10(mol/L),train,c1ccccc1,-3.0820000171661377,-3.0585699469889294,-4.54163442377282,-1.575505470205039,scaffold,2035,xgb_rdkit_morgan,xgboost,rdkit+morgan,none,77abfcdbb281d08df2e9fb09cf84b2a648ea9008
esol,d36555332cfcbf7b,CCCCOC(=O)c1ccccc1C(=O)OCCCC,aqueous_solubility,log10(mol/L),train,c1ccccc1,-4.400000095367432,-4.370296556844242,-5.853361033628132,-2.8872320800603513,scaffold,2035,xgb_rdkit_morgan,xgboost,rdkit+morgan,none,77abfcdbb281d08df2e9fb09cf84b2a648ea9008
esol,48a64d2e2412d85f,CCCCOC=O,aqueous_solubility,log10(mol/L),train,,-1.3700000047683716,-1.2849250844494051,-2.7679895612332954,0.1981393923344852,scaffold,2035,xgb_rdkit_morgan,xgboost,rdkit+morgan,none,77abfcdbb281d08df2e9fb09cf84b2a648ea9008
esol,8af231a36c0747d7,CCCCOCCCC,aqueous_solubility,log10(mol/L),train,,-1.850000023841858,-2.0808747223191646,-3.563939199103055,-0.5978102455352743,scaffold,2035,xgb_rdkit_morgan,xgboost,rdkit+morgan,none,77abfcdbb281d08df2e9fb09cf84b2a648ea9008
esol,f017fe662abba75e,CCCCOCCO,aqueous_solubility,log10(mol/L),train,,-0.41999998688697815,-0.4282802563430326,-1.9113447331269229,1.0547842204408577,scaffold,2035,xgb_rdkit_morgan,xgboost,rdkit+morgan,none,77abfcdbb281d08df2e9fb09cf84b2a648ea9008
esol,55b2c8230f6c76ce,CCCCOCN(C(=O)CCl)c1c(CC)cccc1CC,aqueous_solubility,log10(mol/L),train,c1ccccc1,-4.190000057220459,-4.189902264289757,-5.6729667410736475,-2.706837787505867,scaffold,2035,xgb_rdkit_morgan,xgboost,rdkit+morgan,none,77abfcdbb281d08df2e9fb09cf84b2a648ea9008
esol,b1ca0f86c249367e,CCCCOc1ccc(C(=O)OCC)c(N(CC)CC)c1,aqueous_solubility,log10(mol/L),train,c1ccccc1,-3.8399999141693115,-3.8804436772102378,-5.363508153994128,-2.3973792004263474,scaffold,2035,xgb_rdkit_morgan,xgboost,rdkit+morgan,none,77abfcdbb281d08df2e9fb09cf84b2a648ea9008
esol,3f27633474c9331c,CCCCS,aqueous_solubility,log10(mol/L),train,,-2.180000066757202,-2.020710369044049,-3.503774845827939,-0.5376458922601586,scaffold,2035,xgb_rdkit_morgan,xgboost,rdkit+morgan,none,77abfcdbb281d08df2e9fb09cf84b2a648ea9008
esol,a6b160de7573685d,CCCCSP(=O)(SCCCC)SCCCC,aqueous_solubility,log10(mol/L),train,,-5.139999866485596,-5.118973969533107,-6.602038446316997,-3.6359094927492164,scaffold,2035,xgb_rdkit_morgan,xgboost,rdkit+morgan,none,77abfcdbb281d08df2e9fb09cf84b2a648ea9008
esol,5e1f927897c55829,CCCCc1c(C)nc(N(C)C)nc1O,aqueous_solubility,log10(mol/L),calibration,c1cncnc1,-2.240000009536743,-2.6661073499307952,-4.149171826714685,-1.183042873146905,scaffold,2035,xgb_rdkit_morgan,xgboost,rdkit+morgan,none,77abfcdbb281d08df2e9fb09cf84b2a648ea9008
esol,b67ef6c2163c44a1,CCCCc1c(C)nc(NCC)[nH]c1=O,aqueous_solubility,log10(mol/L),train,O=c1ccnc[nH]1,-3.0280001163482666,-2.998753847823568,-4.481818324607458,-1.5156893710396777,scaffold,2035,xgb_rdkit_morgan,xgboost,rdkit+morgan,none,77abfcdbb281d08df2e9fb09cf84b2a648ea9008
esol,d3bdeb5ae2ce2d98,CCCCc1c(C)nc(NCC)nc1OS(=O)(=O)N(C)C,aqueous_solubility,log10(mol/L),calibration,c1cncnc1,-4.159999847412109,-2.917095957647615,-4.4001604344315055,-1.434031480863725,scaffold,2035,xgb_rdkit_morgan,xgboost,rdkit+morgan,none,77abfcdbb281d08df2e9fb09cf84b2a648ea9008
esol,da48ee1b0addb712,CCCCc1ccccc1,aqueous_solubility,log10(mol/L),train,c1ccccc1,-4.059999942779541,-4.086977621833405,-5.570042098617296,-2.603913145049515,scaffold,2035,xgb_rdkit_morgan,xgboost,rdkit+morgan,none,77abfcdbb281d08df2e9fb09cf84b2a648ea9008
esol,fe77a1079a4db71d,CCCCl,aqueous_solubility,log10(mol/L),train,,-1.4700000286102295,-1.4383140413873443,-2.9213785181712346,0.044750435396545996,scaffold,2035,xgb_rdkit_morgan,xgboost,rdkit+morgan,none,77abfcdbb281d08df2e9fb09cf84b2a648ea9008
esol,41afd5c9dc6469db,CCCI,aqueous_solubility,log10(mol/L),train,,-2.2899999618530273,-2.2628422830667643,-3.7459067598506546,-0.779777806282874,scaffold,2035,xgb_rdkit_morgan,xgboost,rdkit+morgan,none,77abfcdbb281d08df2e9fb09cf84b2a648ea9008
esol,ae1ed14bd61bab1f,CCCN(CCC)c1c([N+](=O)[O-])cc(C(C)C)cc1[N+](=O)[O-],aqueous_solubility,log10(mol/L),train,c1ccccc1,-6.489999771118164,-6.323731794323237,-7.806796271107127,-4.840667317539347,scaffold,2035,xgb_rdkit_morgan,xgboost,rdkit+morgan,none,77abfcdbb281d08df2e9fb09cf84b2a648ea9008
esol,d9aea1b45f7377ec,CCCN(CCC)c1c([N+](=O)[O-])cc(C(F)(F)F)cc1[N+](=O)[O-],aqueous_solubility,log10(mol/L),train,c1ccccc1,-5.679999828338623,-5.726159753746895,-7.209224230530785,-4.243095276963005,scaffold,2035,xgb_rdkit_morgan,xgboost,rdkit+morgan,none,77abfcdbb281d08df2e9fb09cf84b2a648ea9008
esol,b7e1fd1651859456,CCCN(CCC)c1c([N+](=O)[O-])cc(S(N)(=O)=O)cc1[N+](=O)[O-],aqueous_solubility,log10(mol/L),train,c1ccccc1,-5.159999847412109,-5.1187720400556955,-6.601836516839586,-3.635707563271805,scaffold,2035,xgb_rdkit_morgan,xgboost,rdkit+morgan,none,77abfcdbb281d08df2e9fb09cf84b2a648ea9008
esol,86e90d5049758778,CCCO,aqueous_solubility,log10(mol/L),train,,0.6200000047683716,0.5999484436543328,-0.8831160331295576,2.083012920438223,scaffold,2035,xgb_rdkit_morgan,xgboost,rdkit+morgan,none,77abfcdbb281d08df2e9fb09cf84b2a648ea9008
esol,49ec4719ff98e140,CCCOC,aqueous_solubility,log10(mol/L),train,,-0.38999998569488525,-0.3351126086710434,-1.8181770854549337,1.1479518681128469,scaffold,2035,xgb_rdkit_morgan,xgboost,rdkit+morgan,none,77abfcdbb281d08df2e9fb09cf84b2a648ea9008
esol,96ea40966d8e8384,CCCOC(=O)CC,aqueous_solubility,log10(mol/L),train,,-0.8199999928474426,-0.8453617909080071,-2.3284262676918974,0.6377026858758832,scaffold,2035,xgb_rdkit_morgan,xgboost,rdkit+morgan,none,77abfcdbb281d08df2e9fb09cf84b2a648ea9008
esol,a78b4649b8e0c24b,CCCOC(=O)CCC,aqueous_solubility,log10(mol/L),train,,-1.75,-1.790811283371811,-3.2738757601557014,-0.30774680658792075,scaffold,2035,xgb_rdkit_morgan,xgboost,rdkit+morgan,none,77abfcdbb281d08df2e9fb09cf84b2a648ea9008
esol,aabeb9ef9b6c73ef,CCCOC(=O)c1ccc(N)cc1,aqueous_solubility,log10(mol/L),train,c1ccccc1,-2.4519999027252197,-2.5247978366031583,-4.007862313387049,-1.041733359819268,scaffold,2035,xgb_rdkit_morgan,xgboost,rdkit+morgan,none,77abfcdbb281d08df2e9fb09cf84b2a648ea9008
esol,f6c176b746f92d7b,CCCOC(C)=O,aqueous_solubility,log10(mol/L),train,,-0.7200000286102295,-0.7627833250314002,-2.2458478018152905,0.7202811517524901,scaffold,2035,xgb_rdkit_morgan,xgboost,rdkit+morgan,none,77abfcdbb281d08df2e9fb09cf84b2a648ea9008
esol,5c8041e0824c9e19,CCCOC(C)C,aqueous_solubility,log10(mol/L),train,,-1.340000033378601,-1.307240904908216,-2.7903053816921064,0.1758235718756742,scaffold,2035,xgb_rdkit_morgan,xgboost,rdkit+morgan,none,77abfcdbb281d08df2e9fb09cf84b2a648ea9008
esol,c58c406c10bab020,CCCOC=O,aqueous_solubility,log10(mol/L),train,,-0.49000000953674316,-0.6007665154339579,-2.083830992217848,0.8822979613499324,scaffold,2035,xgb_rdkit_morgan,xgboost,rdkit+morgan,none,77abfcdbb281d08df2e9fb09cf84b2a648ea9008
esol,54f4ecd667159550,CCCOCC,aqueous_solubility,log10(mol/L),train,,-0.6600000262260437,-0.7757713102363681,-2.2588357870202582,0.7072931665475222,scaffold,2035,xgb_rdkit_morgan,xgboost,rdkit+morgan,none,77abfcdbb281d08df2e9fb09cf84b2a648ea9008
esol,7befdae981b64317,CCCOCCC,aqueous_solubility,log10(mol/L),train,,-1.6200000047683716,-1.535906082691433,-3.0189705594753233,-0.05284160590754272,scaffold,2035,xgb_rdkit_morgan,xgboost,rdkit+morgan,none,77abfcdbb281d08df2e9fb09cf84b2a648ea9008
esol,87aef906202e1ace,CCCOP(=S)(OCCC)SCC(=O)N1CCCCC1C,aqueous_solubility,log10(mol/L),test,C1CCNCC1,-4.150000095367432,-4.296267547477084,-5.779332024260975,-2.813203070693194,scaffold,2035,xgb_rdkit_morgan,xgboost,rdkit+morgan,none,77abfcdbb281d08df2e9fb09cf84b2a648ea9008
esol,d1d0163cab01efb4,CCCSCCC,aqueous_solubility,log10(mol/L),train,,-2.5799999237060547,-2.606133871978977,-4.089198348762867,-1.1230693951950865,scaffold,2035,xgb_rdkit_morgan,xgboost,rdkit+morgan,none,77abfcdbb281d08df2e9fb09cf84b2a648ea9008
esol,312bea6178167aac,CCC[N+](=O)[O-],aqueous_solubility,log10(mol/L),train,,-0.800000011920929,-0.7464795390253136,-2.229544015809204,0.7365849377585767,scaffold,2035,xgb_rdkit_morgan,xgboost,rdkit+morgan,none,77abfcdbb281d08df2e9fb09cf84b2a648ea9008
esol,d53a48903a4a1467,CCCc1ccccc1,aqueous_solubility,log10(mol/L),train,c1ccccc1,-3.369999885559082,-3.326822537648554,-4.809887014432444,-1.8437580608646638,scaffold,2035,xgb_rdkit_morgan,xgboost,rdkit+morgan,none,77abfcdbb281d08df2e9fb09cf84b2a648ea9008
esol,301376a68f01135a,CCCl,aqueous_solubility,log10(mol/L),train,,-1.059999942779541,-0.9467352586317126,-2.429799735415603,0.5363292181521777,scaffold,2035,xgb_rdkit_morgan,xgboost,rdkit+morgan,none,77abfcdbb281d08df2e9fb09cf84b2a648ea9008
esol,9753008d844f22ea,CCI,aqueous_solubility,log10(mol/L),train,,-1.600000023841858,-1.630446019335492,-3.1135104961193822,-0.14738154255160163,scaffold,2035,xgb_rdkit_morgan,xgboost,rdkit+morgan,none,77abfcdbb281d08df2e9fb09cf84b2a648ea9008
esol,085c1fa9c2a1c504,CCN(CC)C(=O)C(C)Oc1cccc2ccccc12,aqueous_solubility,log10(mol/L),train,c1ccc2ccccc2c1,-3.569999933242798,-3.5863446776568444,-5.069409154440734,-2.103280200872954,scaffold,2035,xgb_rdkit_morgan,xgboost,rdkit+morgan,none,77abfcdbb281d08df2e9fb09cf84b2a648ea9008
esol,812e34c85846a730,CCN(CC)C(=O)C(Cl)=CCOP(=O)(OC)OC,aqueous_solubility,log10(mol/L),train,,0.5230000019073486,0.41879275818796735,-1.064271718595923,1.9018572349718577,scaffold,2035,xgb_rdkit_morgan,xgboost,rdkit+morgan,none,77abfcdbb281d08df2e9fb09cf84b2a648ea9008
esol,9723f4b3ba082caa,CCN(CC)C(=O)CSc1ccc(Cl)nn1,aqueous_solubility,log10(mol/L),validation,c1ccnnc1,-1.715999960899353,-3.474236995260158,-4.9573014720440485,-1.9911725184762679,scaffold,2035,xgb_rdkit_morgan,xgboost,rdkit+morgan,none,77abfcdbb281d08df2e9fb09cf84b2a648ea9008
esol,ee2ebbdca22199a1,CCN(CC)C(=S)SSC(=S)N(CC)CC,aqueous_solubility,log10(mol/L),train,,-4.860000133514404,-4.8872069174127795,-6.37027139419667,-3.404142440628889,scaffold,2035,xgb_rdkit_morgan,xgboost,rdkit+morgan,none,77abfcdbb281d08df2e9fb09cf84b2a648ea9008
esol,3878652960419c3c,CCN(CC)c1c([N+](=O)[O-])cc(C(F)(F)F)c(N)c1[N+](=O)[O-],aqueous_solubility,log10(mol/L),train,c1ccccc1,-5.46999979019165,-5.409789001873584,-6.892853478657474,-3.9267245250896936,scaffold,2035,xgb_rdkit_morgan,xgboost,rdkit+morgan,none,77abfcdbb281d08df2e9fb09cf84b2a648ea9008
esol,3b5a9da1c47e3e46,CCN(CC)c1ccccc1,aqueous_solubility,log10(mol/L),train,c1ccccc1,-3.0299999713897705,-2.968163699768278,-4.451228176552169,-1.4850992229843878,scaffold,2035,xgb_rdkit_morgan,xgboost,rdkit+morgan,none,77abfcdbb281d08df2e9fb09cf84b2a648ea9008
esol,cf6de63eb5d8eb0b,CCN(CC)c1nc(Cl)nc(N(CC)CC)n1,aqueous_solubility,log10(mol/L),train,c1ncncn1,-4.410999774932861,-4.396132008094309,-5.879196484878199,-2.9130675313104186,scaffold,2035,xgb_rdkit_morgan,xgboost,rdkit+morgan,none,77abfcdbb281d08df2e9fb09cf84b2a648ea9008
esol,d9740040550600bf,CCN(CC)c1nc(Cl)nc(NC(C)C)n1,aqueous_solubility,log10(mol/L),train,c1ncncn1,-3.7850000858306885,-3.827508696181515,-5.310573172965405,-2.3444442193976247,scaffold,2035,xgb_rdkit_morgan,xgboost,rdkit+morgan,none,77abfcdbb281d08df2e9fb09cf84b2a648ea9008
esol,adbb55de69618842,CCN(Cc1c(F)cccc1Cl)c1c([N+](=O)[O-])cc(C(F)(F)F)cc1[N+](=O)[O-],aqueous_solubility,log10(mol/L),train,c1ccc(CNc2ccccc2)cc1,-6.78000020980835,-6.8055497812690495,-8.28861425805294,-5.322485304485159,scaffold,2035,xgb_rdkit_morgan,xgboost,rdkit+morgan,none,77abfcdbb281d08df2e9fb09cf84b2a648ea9008
esol,75220b947a56ab9a,CCN1C(=O)c2ccccc2Oc2ccccc21,aqueous_solubility,log10(mol/L),calibration,O=C1Nc2ccccc2Oc2ccccc21,-3.680000066757202,-4.005469025840935,-5.488533502624826,-2.522404549057045,scaffold,2035,xgb_rdkit_morgan,xgboost,rdkit+morgan,none,77abfcdbb281d08df2e9fb09cf84b2a648ea9008
esol,1c51d8c0da01f993,CCN1C(=O)c2cccnc2N(CC)c2ncccc21,aqueous_solubility,log10(mol/L),validation,O=C1Nc2cccnc2Nc2ncccc21,-2.859999895095825,-3.440768728546036,-4.9238332053299265,-1.957704251762146,scaffold,2035,xgb_rdkit_morgan,xgboost,rdkit+morgan,none,77abfcdbb281d08df2e9fb09cf84b2a648ea9008
esol,fc65bd185c530d51,CCN1c2cc(Cl)ccc2NC(=O)c2cccnc21,aqueous_solubility,log10(mol/L),validation,O=C1Nc2ccccc2Nc2ncccc21,-5.360000133514404,-4.047565382778651,-5.530629859562541,-2.5645009059947608,scaffold,2035,xgb_rdkit_morgan,xgboost,rdkit+morgan,none,77abfcdbb281d08df2e9fb09cf84b2a648ea9008
esol,8ac4183ca5517018,CCN1c2cc(N(C)C)cc(C)c2NC(=O)c2cccnc21,aqueous_solubility,log10(mol/L),validation,O=C1Nc2ccccc2Nc2ncccc21,-4.870999813079834,-3.423758189369015,-4.906822666152905,-1.9406937125851247,scaffold,2035,xgb_rdkit_morgan,xgboost,rdkit+morgan,none,77abfcdbb281d08df2e9fb09cf84b2a648ea9008
esol,b3cc642ed25cfae4,CCN1c2cc(OC)cc(C)c2NC(=O)c2cccnc21,aqueous_solubility,log10(mol/L),validation,O=C1Nc2ccccc2Nc2ncccc21,-5.1529998779296875,-3.590751135200068,-5.073815611983958,-2.1076866584161777,scaffold,2035,xgb_rdkit_morgan,xgboost,rdkit+morgan,none,77abfcdbb281d08df2e9fb09cf84b2a648ea9008
esol,04d6cee51b3fdde7,CCN1c2ccccc2C(=O)N(C)c2ccccc21,aqueous_solubility,log10(mol/L),calibration,O=C1Nc2ccccc2Nc2ccccc21,-4.749000072479248,-3.9659675814699837,-5.449032058253874,-2.4829031046860934,scaffold,2035,xgb_rdkit_morgan,xgboost,rdkit+morgan,none,77abfcdbb281d08df2e9fb09cf84b2a648ea9008
esol,b5a56231be537631,CCN1c2ccccc2N(C)C(=O)c2cccnc21,aqueous_solubility,log10(mol/L),validation,O=C1Nc2ccccc2Nc2ncccc21,-3.3239998817443848,-3.4311011766419623,-4.914165653425853,-1.948036699858072,scaffold,2035,xgb_rdkit_morgan,xgboost,rdkit+morgan,none,77abfcdbb281d08df2e9fb09cf84b2a648ea9008
esol,b188836e606e176d,CCN1c2ccccc2N(C)C(=S)c2cccnc21,aqueous_solubility,log10(mol/L),calibration,S=C1Nc2ccccc2Nc2ncccc21,-4.705999851226807,-3.931815130173579,-5.414879606957469,-2.4487506533896886,scaffold,2035,xgb_rdkit_morgan,xgboost,rdkit+morgan,none,77abfcdbb281d08df2e9fb09cf84b2a648ea9008
esol,71aa580a3add68e5,CCN1c2nc(N(C)CCO)ccc2NC(=O)c2cccnc21,aqueous_solubility,log10(mol/L),validation,O=C1Nc2cccnc2Nc2ncccc21,-3.359999895095825,-3.020447235516018,-4.503511712299908,-1.5373827587321278,scaffold,2035,xgb_rdkit_morgan,xgboost,rdkit+morgan,none,77abfcdbb281d08df2e9fb09cf84b2a648ea9008
esol,1e83595b274fb26c,CCN1c2ncccc2C(=O)N(C)c2ccc(Cl)nc21,aqueous_solubility,log10(mol/L),validation,O=C1Nc2cccnc2Nc2ncccc21,-4.113999843597412,-3.96405958547255,-5.4471240622564405,-2.48099510868866,scaffold,2035,xgb_rdkit_morgan,xgboost,rdkit+morgan,none,77abfcdbb281d08df2e9fb09cf84b2a648ea9008
esol,8231b556c9fd8e9a,CCN1c2ncccc2C(=O)N(C)c2cccnc21,aqueous_solubility,log10(mol/L),validation,O=C1Nc2cccnc2Nc2ncccc21,-2.619999885559082,-3.3939882016426353,-4.877052678426526,-1.910923724858745,scaffold,2035,xgb_rdkit_morgan,xgboost,rdkit+morgan,none,77abfcdbb281d08df2e9fb09cf84b2a648ea9008
esol,c60ea928a142a52f,CCN1c2ncccc2C(=O)Nc2c(C(F)(F)F)cc(C)nc21,aqueous_solubility,log10(mol/L),validation,O=C1Nc2cccnc2Nc2ncccc21,-4.206999778747559,-4.238591024754683,-5.7216555015385735,-2.755526547970793,scaffold,2035,xgb_rdkit_morgan,xgboost,rdkit+morgan,none,77abfcdbb281d08df2e9fb09cf84b2a648ea9008
esol,5b312c3afed2bcc2,CCN1c2ncccc2C(=O)Nc2c(C)cc(C)nc21,aqueous_solubility,log10(mol/L),validation,O=C1Nc2cccnc2Nc2ncccc21,-4.553999900817871,-3.55683767337928,-5.0399021501631704,-2.07377319659539,scaffold,2035,xgb_rdkit_morgan,xgboost,rdkit+morgan,none,77abfcdbb281d08df2e9fb09cf84b2a648ea9008
esol,1c4d269698bfb9cd,CCN1c2ncccc2C(=S)N(C)c2cccnc21,aqueous_solubility,log10(mol/L),test,S=C1Nc2cccnc2Nc2ncccc21,-4.633999824523926,-3.5855262693631063,-5.068590746146997,-2.102461792579216,scaffold,2035,xgb_rdkit_morgan,xgboost,rdkit+morgan,none,77abfcdbb281d08df2e9fb09cf84b2a648ea9008
esol,4c1fea9019ded5ce,CCNC(=O)C(C)OC(=O)Nc1ccccc1,aqueous_solubility,log10(mol/L),train,c1ccccc1,-1.8300000429153442,-1.8647269746675277,-3.347791451451418,-0.3816624978836374,scaffold,2035,xgb_rdkit_morgan,xgboost,rdkit+morgan,none,77abfcdbb281d08df2e9fb09cf84b2a648ea9008
esol,36ea9a2e0669021e,CCNC(=S)NCC,aqueous_solubility,log10(mol/L),train,,-1.4600000381469727,-1.4239472341978023,-2.907011710981693,0.05911724258608797,scaffold,2035,xgb_rdkit_morgan,xgboost,rdkit+morgan,none,77abfcdbb281d08df2e9fb09cf84b2a648ea9008
esol,f174e48b167c2837,CCNP(=S)(OC)OC(C)=CC(=O)OC(C)C,aqueous_solubility,log10(mol/L),train,,-3.4079999923706055,-3.336725515566879,-4.819789992350769,-1.8536610387829886,scaffold,2035,xgb_rdkit_morgan,xgboost,rdkit+morgan,none,77abfcdbb281d08df2e9fb09cf84b2a648ea9008
esol,0cb820324a34d951,CCNc1ccccc1,aqueous_solubility,log10(mol/L),train,c1ccccc1,-1.7000000476837158,-1.7608685865512232,-3.2439330633351133,-0.27780410976733294,scaffold,2035,xgb_rdkit_morgan,xgboost,rdkit+morgan,none,77abfcdbb281d08df2e9fb09cf84b2a648ea9008
esol,78e4bc5caa3b64a1,CCNc1nc(Cl)nc(N(CC)CC)n1,aqueous_solubility,log10(mol/L),train,c1ncncn1,-4.059999942779541,-4.040863699769549,-5.523928176553439,-2.5577992229856585,scaffold,2035,xgb_rdkit_morgan,xgboost,rdkit+morgan,none,77abfcdbb281d08df2e9fb09cf84b2a648ea9008
esol,25862c96dd4e6018,CCNc1nc(Cl)nc(NC(C)(C)C#N)n1,aqueous_solubility,log10(mol/L),train,c1ncncn1,-3.1500000953674316,-3.2249364957028526,-4.708000972486743,-1.7418720189189623,scaffold,2035,xgb_rdkit_morgan,xgboost,rdkit+morgan,none,77abfcdbb281d08df2e9fb09cf84b2a648ea9008
esol,c35dee1f5a7c37bc,CCNc1nc(Cl)nc(NC(C)C)n1,aqueous_solubility,log10(mol/L),train,c1ncncn1,-3.8499999046325684,-3.877988333546977,-5.361052810330867,-2.3949238567630866,scaffold,2035,xgb_rdkit_morgan,xgboost,rdkit+morgan,none,77abfcdbb281d08df2e9fb09cf84b2a648ea9008
esol,9f2e4276303326ba,CCNc1nc(Cl)nc(NCC)n1,aqueous_solubility,log10(mol/L),train,c1ncncn1,-4.550000190734863,-4.272129254093625,-5.755193730877515,-2.7890647773097346,scaffold,2035,xgb_rdkit_morgan,xgboost,rdkit+morgan,none,77abfcdbb281d08df2e9fb09cf84b2a648ea9008
esol,6d5b8a3ff54e0b4d,CCNc1nc(NC(C)(C)C)nc(OC)n1,aqueous_solubility,log10(mol/L),train,c1ncncn1,-3.239000082015991,-3.127050260967484,-4.610114737751374,-1.6439857841835939,scaffold,2035,xgb_rdkit_morgan,xgboost,rdkit+morgan,none,77abfcdbb281d08df2e9fb09cf84b2a648ea9008
esol,857aac146f7605e1,CCNc1nc(NC(C)(C)C)nc(SC)n1,aqueous_solubility,log10(mol/L),train,c1ncncn1,-4.0,-4.037128479565645,-5.520192956349535,-2.5540640027817547,scaffold,2035,xgb_rdkit_morgan,xgboost,rdkit+morgan,none,77abfcdbb281d08df2e9fb09cf84b2a648ea9008
esol,6d1d1bb9e6f1635d,CCNc1nc(NC(C)C)nc(OC)n1,aqueous_solubility,log10(mol/L),train,c1ncncn1,-2.0840001106262207,-2.0791854040675615,-3.5622498808514518,-0.5961209272836712,scaffold,2035,xgb_rdkit_morgan,xgboost,rdkit+morgan,none,77abfcdbb281d08df2e9fb09cf84b2a648ea9008
esol,a9802b80d3391f2c,CCNc1nc(NC(C)C)nc(SC)n1,aqueous_solubility,log10(mol/L),train,c1ncncn1,-3.0399999618530273,-3.1675643519721355,-4.650628828756026,-1.6844998751882452,scaffold,2035,xgb_rdkit_morgan,xgboost,rdkit+morgan,none,77abfcdbb281d08df2e9fb09cf84b2a648ea9008
esol,1f86e6cfdba212b8,CCO,aqueous_solubility,log10(mol/L),train,,1.100000023841858,1.1176652155300109,-0.36539926125387945,2.600729692313901,scaffold,2035,xgb_rdkit_morgan,xgboost,rdkit+morgan,none,77abfcdbb281d08df2e9fb09cf84b2a648ea9008
esol,e1acff73cd96c0da,CCOC(=O)C=Cc1ccccc1,aqueous_solubility,log10(mol/L),train,c1ccccc1,-3.0,-2.9914032584997057,-4.474467735283596,-1.5083387817158154,scaffold,2035,xgb_rdkit_morgan,xgboost,rdkit+morgan,none,77abfcdbb281d08df2e9fb09cf84b2a648ea9008
esol,43f901d90deba605,CCOC(=O)CC,aqueous_solubility,log10(mol/L),train,,-0.6600000262260437,-0.710407332308967,-2.1934718090928573,0.7726571444749233,scaffold,2035,xgb_rdkit_morgan,xgboost,rdkit+morgan,none,77abfcdbb281d08df2e9fb09cf84b2a648ea9008
esol,1dba850e06249e9b,CCOC(=O)CC(=O)OCC,aqueous_solubility,log10(mol/L),train,,-0.8199999928474426,-0.7724682191141221,-2.2555326958980126,0.7105962576697682,scaffold,2035,xgb_rdkit_morgan,xgboost,rdkit+morgan,none,77abfcdbb281d08df2e9fb09cf84b2a648ea9008
esol,ec3c35c717f3d59a,CCOC(=O)CC(SP(=S)(OC)OC)C(=O)OCC,aqueous_solubility,log10(mol/L),train,,-3.369999885559082,-3.343756878143365,-4.826821354927255,-1.8606924013594748,scaffold,2035,xgb_rdkit_morgan,xgboost,rdkit+morgan,none,77abfcdbb281d08df2e9fb09cf84b2a648ea9008
esol,2421d1979260abb6,CCOC(=O)CCN(SN(C)C(=O)Oc1cccc2c1OC(C)(C)C2)C(C)C,aqueous_solubility,log10(mol/L),test,c1ccc2c(c1)CCO2,-4.710000038146973,-4.145648231494892,-5.6287127082787825,-2.662583754711002,scaffold,2035,xgb_rdkit_morgan,xgboost,rdkit+morgan,none,77abfcdbb281d08df2e9fb09cf84b2a648ea9008
esol,9934a7cdf9d838a1,CCOC(=O)N(C)C(=O)CSP(=S)(OCC)OCC,aqueous_solubility,log10(mol/L),train,,-2.5179998874664307,-2.4944465740891957,-3.977511050873086,-1.0113820973053054,scaffold,2035,xgb_rdkit_morgan,xgboost,rdkit+morgan,none,77abfcdbb281d08df2e9fb09cf84b2a648ea9008
esol,017bd56618b9c3e0,CCOC(=O)NCCOc1ccc(Oc2ccccc2)cc1,aqueous_solubility,log10(mol/L),train,c1ccc(Oc2ccccc2)cc1,-4.699999809265137,-4.657922291262096,-6.140986768045987,-3.174857814478206,scaffold,2035,xgb_rdkit_morgan,xgboost,rdkit+morgan,none,77abfcdbb281d08df2e9fb09cf84b2a648ea9008
esol,e44fba8f66380aba,CCOC(=O)Nc1cccc(OC(=O)Nc2ccccc2)c1,aqueous_solubility,log10(mol/L),calibration,O=C(Nc1ccccc1)Oc1ccccc1,-4.631999969482422,-4.472785269193478,-5.9558497459773685,-2.989720792409588,scaffold,2035,xgb_rdkit_morgan,xgboost,rdkit+morgan,none,77abfcdbb281d08df2e9fb09cf84b2a648ea9008
esol,270eaa2f9b027f13,CCOC(=O)c1ccc(N)cc1,aqueous_solubility,log10(mol/L),train,c1ccccc1,-2.615999937057495,-2.514264259652842,-3.9973287364367325,-1.0311997828689519,scaffold,2035,xgb_rdkit_morgan,xgboost,rdkit+morgan,none,77abfcdbb281d08df2e9fb09cf84b2a648ea9008
esol,f9b586256095118b,CCOC(=O)c1ccc(O)cc1,aqueous_solubility,log10(mol/L),train,c1ccccc1,-2.3499999046325684,-2.359222599028836,-3.842287075812726,-0.8761581222449455,scaffold,2035,xgb_rdkit_morgan,xgboost,rdkit+morgan,none,77abfcdbb281d08df2e9fb09cf84b2a648ea9008
esol,37b5741bf69cd1f0,CCOC(=O)c1ccccc1,aqueous_solubility,log10(mol/L),train,c1ccccc1,-2.319999933242798,-2.2697916860318306,-3.752856162815721,-0.7867272092479403,scaffold,2035,xgb_rdkit_morgan,xgboost,rdkit+morgan,none,77abfcdbb281d08df2e9fb09cf84b2a648ea9008
esol,03ecbb03238f0c7b,CCOC(=O)c1ccccc1C(=O)OCC,aqueous_solubility,log10(mol/L),train,c1ccccc1,-2.3499999046325684,-2.380333375635691,-3.863397852419581,-0.8972688988518005,scaffold,2035,xgb_rdkit_morgan,xgboost,rdkit+morgan,none,77abfcdbb281d08df2e9fb09cf84b2a648ea9008
esol,6e27c736fee1b47a,CCOC(=O)c1ccccc1S(=O)(=O)NN(C=O)c1nc(Cl)cc(OC)n1,aqueous_solubility,log10(mol/L),validation,O=S(=O)(NNc1ncccn1)c1ccccc1,-4.576000213623047,-2.9926715389431537,-4.475736015727044,-1.5096070621592634,scaffold,2035,xgb_rdkit_morgan,xgboost,rdkit+morgan,none,77abfcdbb281d08df2e9fb09cf84b2a648ea9008
esol,8561e62c87b0f110,CCOC(=O)c1cncn1C(C)c1ccccc1,aqueous_solubility,log10(mol/L),train,c1ccc(Cn2ccnc2)cc1,-4.735000133514404,-4.635589009842592,-6.118653486626482,-3.1525245330587017,scaffold,2035,xgb_rdkit_morgan,xgboost,rdkit+morgan,none,77abfcdbb281d08df2e9fb09cf84b2a648ea9008
esol,1c0c21773d52ccc9,CCOC(C)=O,aqueous_solubility,log10(mol/L),train,,-0.03999999910593033,-0.035604868674199874,-1.5186693454580902,1.4474596081096904,scaffold,2035,xgb_rdkit_morgan,xgboost,rdkit+morgan,none,77abfcdbb281d08df2e9fb09cf84b2a648ea9008
esol,8601bd8ced19ca47,CCOC(C)OCC,aqueous_solubility,log10(mol/L),train,,-0.4300000071525574,-0.5148588263850868,-1.9979233031689771,0.9682056503988035,scaffold,2035,xgb_rdkit_morgan,xgboost,rdkit+morgan,none,77abfcdbb281d08df2e9fb09cf84b2a648ea9008
esol,df86ba660a9b9e61,CCOC(N)=O,aqueous_solubility,log10(mol/L),train,,0.8500000238418579,0.7799234355880778,-0.7031410411958126,2.262987912371968,scaffold,2035,xgb_rdkit_morgan,xgboost,rdkit+morgan,none,77abfcdbb281d08df2e9fb09cf84b2a648ea9008
esol,c3e06651eb242a60,CCOC1Oc2ccc(OS(C)(=O)=O)cc2C1(C)C,aqueous_solubility,log10(mol/L),test,c1ccc2c(c1)CCO2,-3.4200000762939453,-3.026320205888932,-4.509384682672822,-1.5432557291050415,scaffold,2035,xgb_rdkit_morgan,xgboost,rdkit+morgan,none,77abfcdbb281d08df2e9fb09cf84b2a648ea9008
esol,b11a63b949b34974,CCOC=O,aqueous_solubility,log10(mol/L),train,,0.15000000596046448,0.11638554845960636,-1.366678928324284,1.5994500252434967,scaffold,2035,xgb_rdkit_morgan,xgboost,rdkit+morgan,none,77abfcdbb281d08df2e9fb09cf84b2a648ea9008
esol,ebb35693489e2f40,CCOCC,aqueous_solubility,log10(mol/L),train,,-0.09000000357627869,-0.13162684890040266,-1.614691325684293,1.3514376278834876,scaffold,2035,xgb_rdkit_morgan,xgboost,rdkit+morgan,none,77abfcdbb281d08df2e9fb09cf84b2a648ea9008
esol,05fa589720d43836,CCOCCOCC,aqueous_solubility,log10(mol/L),train,,-0.7699999809265137,-0.7037391458367055,-2.186803622620596,0.7793253309471848,scaffold,2035,xgb_rdkit_morgan,xgboost,rdkit+morgan,none,77abfcdbb281d08df2e9fb09cf84b2a648ea9008
esol,481deb2db0ec848d,CCOP(=O)(OCC)OCC,aqueous_solubility,log10(mol/L),train,,0.4300000071525574,0.3547682853880678,-1.1282961913958225,1.8378327621719581,scaffold,2035,xgb_rdkit_morgan,xgboost,rdkit+morgan,none,77abfcdbb281d08df2e9fb09cf84b2a648ea9008
esol,7f91652770ced25a,CCOP(=S)(CC)Oc1cc(Cl)c(Cl)cc1Cl,aqueous_solubility,log10(mol/L),train,c1ccccc1,-5.751999855041504,-5.7648069176463554,-7.247871394430246,-4.281742440862465,scaffold,2035,xgb_rdkit_morgan,xgboost,rdkit+morgan,none,77abfcdbb281d08df2e9fb09cf84b2a648ea9008
esol,7c5b6332fcb13dbf,CCOP(=S)(NC(C)C)Oc1ccccc1C(=O)OC(C)C,aqueous_solubility,log10(mol/L),train,c1ccccc1,-4.193999767303467,-4.229155454185539,-5.71221993096943,-2.746090977401649,scaffold,2035,xgb_rdkit_morgan,xgboost,rdkit+morgan,none,77abfcdbb281d08df2e9fb09cf84b2a648ea9008
esol,537d47a9a7e6a6c9,CCOP(=S)(OCC)N1C(=O)c2ccccc2C1=O,aqueous_solubility,log10(mol/L),calibration,O=C1NC(=O)c2ccccc21,-3.3499999046325684,-3.572749953763282,-5.055814430547173,-2.0896854769793918,scaffold,2035,xgb_rdkit_morgan,xgboost,rdkit+morgan,none,77abfcdbb281d08df2e9fb09cf84b2a648ea9008
esol,a4d09552af3a116a,CCOP(=S)(OCC)ON=C(C#N)c1ccccc1,aqueous_solubility,log10(mol/L),train,c1ccccc1,-4.861999988555908,-4.836264623979957,-6.319329100763848,-3.353200147196067,scaffold,2035,xgb_rdkit_morgan,xgboost,rdkit+morgan,none,77abfcdbb281d08df2e9fb09cf84b2a648ea9008
esol,a859beccae572be5,CCOP(=S)(OCC)Oc1cc(C)nc(C(C)C)n1,aqueous_solubility,log10(mol/L),calibration,c1cncnc1,-3.640000104904175,-4.270967446906244,-5.7540319236901345,-2.787902970122354,scaffold,2035,xgb_rdkit_morgan,xgboost,rdkit+morgan,none,77abfcdbb281d08df2e9fb09cf84b2a648ea9008
esol,2655a393a9271294,CCOP(=S)(OCC)Oc1ccc(S(C)=O)cc1,aqueous_solubility,log10(mol/L),train,c1ccccc1,-2.299999952316284,-2.422469880904798,-3.9055343576886883,-0.9394054041209077,scaffold,2035,xgb_rdkit_morgan,xgboost,rdkit+morgan,none,77abfcdbb281d08df2e9fb09cf84b2a648ea9008
esol,8025defab702547a,CCOP(=S)(OCC)Oc1ccc([N+](=O)[O-])cc1,aqueous_solubility,log10(mol/L),train,c1ccccc1,-4.659999847412109,-4.643971815142155,-6.1270362919260455,-3.160907338358265,scaffold,2035,xgb_rdkit_morgan,xgboost,rdkit+morgan,none,77abfcdbb281d08df2e9fb09cf84b2a648ea9008
esol,edd5605813d6f216,CCOP(=S)(OCC)Oc1ccc2oc(=O)c(Cl)c(C)c2c1,aqueous_solubility,log10(mol/L),test,O=c1ccc2ccccc2o1,-5.381999969482422,-5.204820842174662,-6.6878853189585525,-3.721756365390772,scaffold,2035,xgb_rdkit_morgan,xgboost,rdkit+morgan,none,77abfcdbb281d08df2e9fb09cf84b2a648ea9008
esol,b577f5a2343d6332,CCOP(=S)(OCC)Oc1nc(Cl)c(Cl)cc1Cl,aqueous_solubility,log10(mol/L),validation,c1ccncc1,-5.670000076293945,-5.693500155198778,-7.176564631982668,-4.210435678414887,scaffold,2035,xgb_rdkit_morgan,xgboost,rdkit+morgan,none,77abfcdbb281d08df2e9fb09cf84b2a648ea9008
esol,3f40312accc983dd,CCOP(=S)(OCC)Oc1nc(Cl)n(C(C)C)n1,aqueous_solubility,log10(mol/L),train,c1nc[nH]n1,-3.6579999923706055,-3.6295573482585013,-5.112621825042392,-2.146492871474611,scaffold,2035,xgb_rdkit_morgan,xgboost,rdkit+morgan,none,77abfcdbb281d08df2e9fb09cf84b2a648ea9008
esol,24384b764548a445,CCOP(=S)(OCC)SC(CCl)N1C(=O)c2ccccc2C1=O,aqueous_solubility,log10(mol/L),calibration,O=C1NC(=O)c2ccccc21,-6.340000152587891,-4.8173020206666095,-6.3003664974505,-3.334237543882719,scaffold,2035,xgb_rdkit_morgan,xgboost,rdkit+morgan,none,77abfcdbb281d08df2e9fb09cf84b2a648ea9008
esol,6d5b96eb33cae81f,CCOP(=S)(OCC)SCCSCC,aqueous_solubility,log10(mol/L),train,,-4.230000019073486,-4.20013545629467,-5.68319993307856,-2.7170709795107797,scaffold,2035,xgb_rdkit_morgan,xgboost,rdkit+morgan,none,77abfcdbb281d08df2e9fb09cf84b2a648ea9008
esol,66e03fb49f8d10d6,CCOP(=S)(OCC)SCSC(C)(C)C,aqueous_solubility,log10(mol/L),train,,-4.755000114440918,-4.786088474740838,-6.269152951524728,-3.303023997956948,scaffold,2035,xgb_rdkit_morgan,xgboost,rdkit+morgan,none,77abfcdbb281d08df2e9fb09cf84b2a648ea9008
esol,9b4868f35e883ba4,CCOP(=S)(OCC)SCSCC,aqueous_solubility,log10(mol/L),train,,-4.110000133514404,-4.088962113468164,-5.5720265902520545,-2.605897636684274,scaffold,2035,xgb_rdkit_morgan,xgboost,rdkit+morgan,none,77abfcdbb281d08df2e9fb09cf84b2a648ea9008
esol,9f7fec61cd56ae76,CCOP(=S)(OCC)SCSP(=S)(OCC)OCC,aqueous_solubility,log10(mol/L),train,,-5.539999961853027,-5.5062229182337035,-6.989287395017594,-4.023158441449813,scaffold,2035,xgb_rdkit_morgan,xgboost,rdkit+morgan,none,77abfcdbb281d08df2e9fb09cf84b2a648ea9008
esol,2e3febfb504819dd,CCOP(=S)(OCC)SCSc1ccc(Cl)cc1,aqueous_solubility,log10(mol/L),train,c1ccccc1,-5.736000061035156,-5.758678714353098,-7.2417431911369885,-4.275614237569208,scaffold,2035,xgb_rdkit_morgan,xgboost,rdkit+morgan,none,77abfcdbb281d08df2e9fb09cf84b2a648ea9008
esol,bc087b99671770ce,CCOP(=S)(OCC)SCn1c(=O)oc2cc(Cl)ccc21,aqueous_solubility,log10(mol/L),calibration,O=c1[nH]c2ccccc2o1,-5.232999801635742,-4.477993505544065,-5.961057982327955,-2.9949290287601746,scaffold,2035,xgb_rdkit_morgan,xgboost,rdkit+morgan,none,77abfcdbb281d08df2e9fb09cf84b2a648ea9008
esol,d489007731d8d5eb,CCOc1ccc(C(C)(C)COCc2cccc(Oc3ccccc3)c2)cc1,aqueous_solubility,log10(mol/L),calibration,c1ccc(CCOCc2cccc(Oc3ccccc3)c2)cc1,-8.600000381469727,-5.736719240030894,-7.219783716814784,-4.253654763247003,scaffold,2035,xgb_rdkit_morgan,xgboost,rdkit+morgan,none,77abfcdbb281d08df2e9fb09cf84b2a648ea9008
esol,a7d882d72bb25f91,CCOc1ccc(NC(C)=O)cc1,aqueous_solubility,log10(mol/L),train,c1ccccc1,-2.3499999046325684,-2.310428864931168,-3.7934933417150583,-0.8273643881472776,scaffold,2035,xgb_rdkit_morgan,xgboost,rdkit+morgan,none,77abfcdbb281d08df2e9fb09cf84b2a648ea9008
esol,7ccb0f8bf75e392d,CCOc1ccc(NC(N)=O)cc1,aqueous_solubility,log10(mol/L),train,c1ccccc1,-2.1700000762939453,-2.2033593823868847,-3.686423859170775,-0.7202949056029944,scaffold,2035,xgb_rdkit_morgan,xgboost,rdkit+morgan,none,77abfcdbb281d08df2e9fb09cf84b2a648ea9008
esol,d70f36bd68ed3056,CCOc1ccc2nc(S(N)(=O)=O)sc2c1,aqueous_solubility,log10(mol/L),calibration,c1ccc2scnc2c1,-3.809999942779541,-2.5839794911678045,-4.067043967951695,-1.1009150143839141,scaffold,2035,xgb_rdkit_morgan,xgboost,rdkit+morgan,none,77abfcdbb281d08df2e9fb09cf84b2a648ea9008
esol,d19caccfe21491e3,CCOc1ccccc1,aqueous_solubility,log10(mol/L),train,c1ccccc1,-2.3299999237060547,-2.294391328880149,-3.7774558056640393,-0.8113268520962587,scaffold,2035,xgb_rdkit_morgan,xgboost,rdkit+morgan,none,77abfcdbb281d08df2e9fb09cf84b2a648ea9008
esol,733c64bc774b16dc,CCS,aqueous_solubility,log10(mol/L),train,,-0.6000000238418579,-0.5746670116966648,-2.057731488480555,0.9083974650872255,scaffold,2035,xgb_rdkit_morgan,xgboost,rdkit+morgan,none,77abfcdbb281d08df2e9fb09cf84b2a648ea9008
esol,4210d252a5e4b130,CCSC(=O)N(CC(C)C)CC(C)C,aqueous_solubility,log10(mol/L),train,,-3.680000066757202,-3.732040240287507,-5.215104717071397,-2.2489757635036165,scaffold,2035,xgb_rdkit_morgan,xgboost,rdkit+morgan,none,77abfcdbb281d08df2e9fb09cf84b2a648ea9008
esol,0eacc78ccb3b2ec7,CCSC(=O)N(CC)C1CCCCC1,aqueous_solubility,log10(mol/L),test,C1CCCCC1,-3.4000000953674316,-3.617532210314643,-5.100596687098533,-2.1344677335307525,scaffold,2035,xgb_rdkit_morgan,xgboost,rdkit+morgan,none,77abfcdbb281d08df2e9fb09cf84b2a648ea9008
esol,b34c23ed3887b6c3,CCSCC,aqueous_solubility,log10(mol/L),train,,-1.340000033378601,-1.4424995643258722,-2.9255640411097623,0.040564912458018076,scaffold,2035,xgb_rdkit_morgan,xgboost,rdkit+morgan,none,77abfcdbb281d08df2e9fb09cf84b2a648ea9008
esol,891c2426f12aec2e,CCSCCSP(=S)(OC)OC,aqueous_solubility,log10(mol/L),train,,-3.0910000801086426,-3.0816410727797883,-4.564705549563678,-1.598576595995898,scaffold,2035,xgb_rdkit_morgan,xgboost,rdkit+morgan,none,77abfcdbb281d08df2e9fb09cf84b2a648ea9008
esol,0a4abbde14334c18,CCSCc1ccccc1OC(=O)NC,aqueous_solubility,log10(mol/L),train,c1ccccc1,-2.0899999141693115,-2.1447583196130595,-3.62782279639695,-0.6616938428291692,scaffold,2035,xgb_rdkit_morgan,xgboost,rdkit+morgan,none,77abfcdbb281d08df2e9fb09cf84b2a648ea9008
esol,87fc28998371cbb0,CCSSCC,aqueous_solubility,log10(mol/L),train,,-2.4200000762939453,-2.4019066004413263,-3.8849710772252166,-0.918842123657436,scaffold,2035,xgb_rdkit_morgan,xgboost,rdkit+morgan,none,77abfcdbb281d08df2e9fb09cf84b2a648ea9008
esol,f3b46b3354c9eed2,CC[N+](=O)[O-],aqueous_solubility,log10(mol/L),train,,-0.2199999988079071,-0.21430105310571124,-1.6973655298896015,1.268763423678179,scaffold,2035,xgb_rdkit_morgan,xgboost,rdkit+morgan,none,77abfcdbb281d08df2e9fb09cf84b2a648ea9008
esol,bb694e02c2818edd,CCc1ccc(C)cc1,aqueous_solubility,log10(mol/L),train,c1ccccc1,-3.109999895095825,-3.1281736124676227,-4.611238089251513,-1.6451091356837324,scaffold,2035,xgb_rdkit_morgan,xgboost,rdkit+morgan,none,77abfcdbb281d08df2e9fb09cf84b2a648ea9008
esol,d26225632c84855c,CCc1ccc(CC)cc1,aqueous_solubility,log10(mol/L),train,c1ccccc1,-3.75,-3.646653766854445,-5.129718243638335,-2.1635892900705547,scaffold,2035,xgb_rdkit_morgan,xgboost,rdkit+morgan,none,77abfcdbb281d08df2e9fb09cf84b2a648ea9008
esol,33ad79fcb84e93ac,CCc1ccc2ccccc2c1,aqueous_solubility,log10(mol/L),train,c1ccc2ccccc2c1,-4.289999961853027,-4.327453298404199,-5.81051777518809,-2.844388821620309,scaffold,2035,xgb_rdkit_morgan,xgboost,rdkit+morgan,none,77abfcdbb281d08df2e9fb09cf84b2a648ea9008
esol,354b210ac00c8e34,CCc1cccc(C)c1N(C(=O)CCl)C(C)COC,aqueous_solubility,log10(mol/L),train,c1ccccc1,-2.7300000190734863,-2.7717956014421437,-4.254860078226034,-1.2887311246582533,scaffold,2035,xgb_rdkit_morgan,xgboost,rdkit+morgan,none,77abfcdbb281d08df2e9fb09cf84b2a648ea9008
esol,fbe7773591d8989f,CCc1cccc(CC)c1N(COC)C(=O)CCl,aqueous_solubility,log10(mol/L),train,c1ccccc1,-3.259999990463257,-3.2225844330281848,-4.705648909812075,-1.7395199562442945,scaffold,2035,xgb_rdkit_morgan,xgboost,rdkit+morgan,none,77abfcdbb281d08df2e9fb09cf84b2a648ea9008
esol,e28c9726a0795ed3,CCc1cccc2ccccc12,aqueous_solubility,log10(mol/L),train,c1ccc2ccccc2c1,-4.170000076293945,-4.164919074216405,-5.647983551000295,-2.6818545974325145,scaffold,2035,xgb_rdkit_morgan,xgboost,rdkit+morgan,none,77abfcdbb281d08df2e9fb09cf84b2a648ea9008
esol,8c96f07140aea378,CCc1ccccc1,aqueous_solubility,log10(mol/L),train,c1ccccc1,-2.7699999809265137,-2.7824018358849383,-4.265466312668829,-1.299337359101048,scaffold,2035,xgb_rdkit_morgan,xgboost,rdkit+morgan,none,77abfcdbb281d08df2e9fb09cf84b2a648ea9008
esol,03e6bb14b7cd4e84,CCc1ccccc1C,aqueous_solubility,log10(mol/L),train,c1ccccc1,-3.2100000381469727,-3.161168948467446,-4.644233425251336,-1.6781044716835556,scaffold,2035,xgb_rdkit_morgan,xgboost,rdkit+morgan,none,77abfcdbb281d08df2e9fb09cf84b2a648ea9008
esol,d5b47e98960e200b,CCc1ccccc1CC,aqueous_solubility,log10(mol/L),train,c1ccccc1,-3.2799999713897705,-3.3618182820772375,-4.844882758861128,-1.8787538052933472,scaffold,2035,xgb_rdkit_morgan,xgboost,rdkit+morgan,none,77abfcdbb281d08df2e9fb09cf84b2a648ea9008
esol,c72e4f98e3a14f65,CCc1ccccn1,aqueous_solubility,log10(mol/L),validation,c1ccncc1,0.5099999904632568,-1.251730729132288,-2.7347952059161784,0.23133374765160242,scaffold,2035,xgb_rdkit_morgan,xgboost,rdkit+morgan,none,77abfcdbb281d08df2e9fb09cf84b2a648ea9008
esol,dfcfa377f0081086,CI,aqueous_solubility,log10(mol/L),train,,-1.0,-0.9930642949800341,-2.4761287717639244,0.4900001818038562,scaffold,2035,xgb_rdkit_morgan,xgboost,rdkit+morgan,none,77abfcdbb281d08df2e9fb09cf84b2a648ea9008
esol,17b9e8aacba5bcf4,CN(C(=O)COc1nc2ccccc2s1)c1ccccc1,aqueous_solubility,log10(mol/L),calibration,O=C(COc1nc2ccccc2s1)Nc1ccccc1,-4.873000144958496,-4.166167117168845,-5.649231593952735,-2.6831026403849547,scaffold,2035,xgb_rdkit_morgan,xgboost,rdkit+morgan,none,77abfcdbb281d08df2e9fb09cf84b2a648ea9008
esol,21c12c9bffc5a79f,CN(C(=O)NC(C)(C)c1ccccc1)c1ccccc1,aqueous_solubility,log10(mol/L),train,O=C(NCc1ccccc1)Nc1ccccc1,-3.3499999046325684,-3.452031939058809,-4.935096415842699,-1.9689674622749185,scaffold,2035,xgb_rdkit_morgan,xgboost,rdkit+morgan,none,77abfcdbb281d08df2e9fb09cf84b2a648ea9008
esol,5b2b342c6e910b68,CN(C)C(=O)C(c1ccccc1)c1ccccc1,aqueous_solubility,log10(mol/L),calibration,c1ccc(Cc2ccccc2)cc1,-2.9800000190734863,-3.638531806926877,-5.121596283710767,-2.1554673301429865,scaffold,2035,xgb_rdkit_morgan,xgboost,rdkit+morgan,none,77abfcdbb281d08df2e9fb09cf84b2a648ea9008
esol,e134da02d6e9cf26,CN(C)C(=O)N(C)C,aqueous_solubility,log10(mol/L),train,,0.9399999976158142,0.9074865626216373,-0.575577914162253,2.3905510394055276,scaffold,2035,xgb_rdkit_morgan,xgboost,rdkit+morgan,none,77abfcdbb281d08df2e9fb09cf84b2a648ea9008
esol,0842d549a4381515,CN(C)C(=O)NC1CC2CC1C1CCCC21,aqueous_solubility,log10(mol/L),train,C1CC2C3CCC(C3)C2C1,-3.1710000038146973,-3.1164099138059873,-4.599474390589878,-1.633345437022097,scaffold,2035,xgb_rdkit_morgan,xgboost,rdkit+morgan,none,77abfcdbb281d08df2e9fb09cf84b2a648ea9008
esol,6a218e40dde53207,CN(C)C(=O)NC1CCCCCCC1,aqueous_solubility,log10(mol/L),test,C1CCCCCCC1,-2.2179999351501465,-2.6927600142302683,-4.175824491014159,-1.209695537446378,scaffold,2035,xgb_rdkit_morgan,xgboost,rdkit+morgan,none,77abfcdbb281d08df2e9fb09cf84b2a648ea9008
esol,f0f2d211a8e908bf,CN(C)C(=O)Nc1ccc(-n2nc(C(C)(C)C)oc2=O)c(Cl)c1,aqueous_solubility,log10(mol/L),test,O=c1ocnn1-c1ccccc1,-4.328000068664551,-4.077043641801196,-5.560108118585086,-2.5939791650173056,scaffold,2035,xgb_rdkit_morgan,xgboost,rdkit+morgan,none,77abfcdbb281d08df2e9fb09cf84b2a648ea9008
esol,9a5249c275292eb3,CN(C)C(=O)Nc1ccc(Cl)c(Cl)c1,aqueous_solubility,log10(mol/L),train,c1ccccc1,-3.799999952316284,-3.7562295505595236,-5.239294027343414,-2.2731650737756333,scaffold,2035,xgb_rdkit_morgan,xgboost,rdkit+morgan,none,77abfcdbb281d08df2e9fb09cf84b2a648ea9008
esol,9e5215f43f1d56ea,CN(C)C(=O)Nc1ccc(Cl)cc1,aqueous_solubility,log10(mol/L),train,c1ccccc1,-2.890000104904175,-2.9108160845299644,-4.393880561313855,-1.4277516077460741,scaffold,2035,xgb_rdkit_morgan,xgboost,rdkit+morgan,none,77abfcdbb281d08df2e9fb09cf84b2a648ea9008
esol,d673d5fc135e5b84,CN(C)C(=O)Nc1ccc(Oc2ccc(Cl)cc2)cc1,aqueous_solubility,log10(mol/L),train,c1ccc(Oc2ccccc2)cc1,-4.889999866485596,-4.881642453707633,-6.364706930491523,-3.3985779769237423,scaffold,2035,xgb_rdkit_morgan,xgboost,rdkit+morgan,none,77abfcdbb281d08df2e9fb09cf84b2a648ea9008
esol,a7978985d5bfccc6,CN(C)C(=O)Nc1cccc(C(F)(F)F)c1,aqueous_solubility,log10(mol/L),train,c1ccccc1,-3.430000066757202,-3.3527018788644476,-4.835766355648338,-1.8696374020805573,scaffold,2035,xgb_rdkit_morgan,xgboost,rdkit+morgan,none,77abfcdbb281d08df2e9fb09cf84b2a648ea9008
esol,acfcc9ff5ed16439,CN(C)C(=O)Nc1cccc(OC(=O)NC(C)(C)C)c1,aqueous_solubility,log10(mol/L),train,c1ccccc1,-2.930000066757202,-2.9364815438251153,-4.419546020609006,-1.453417067041225,scaffold,2035,xgb_rdkit_morgan,xgboost,rdkit+morgan,none,77abfcdbb281d08df2e9fb09cf84b2a648ea9008
esol,a051aff34d8c425d,CN(C)C(=O)Nc1ccccc1,aqueous_solubility,log10(mol/L),train,c1ccccc1,-1.600000023841858,-1.7512323931071707,-3.234296869891061,-0.2681679163232804,scaffold,2035,xgb_rdkit_morgan,xgboost,rdkit+morgan,none,77abfcdbb281d08df2e9fb09cf84b2a648ea9008
esol,0483f0df1603d0eb,CN(C)C(=O)OC1=CC(=O)CC(C)(C)C1,aqueous_solubility,log10(mol/L),train,O=C1C=CCCC1,-0.8500000238418579,-0.882243259700586,-2.3653077364844766,0.6008212170833043,scaffold,2035,xgb_rdkit_morgan,xgboost,rdkit+morgan,none,77abfcdbb281d08df2e9fb09cf84b2a648ea9008
esol,c8b9b536892e09bf,CN(C)C(=O)SCCCCOc1ccccc1,aqueous_solubility,log10(mol/L),train,c1ccccc1,-3.927000045776367,-3.889512211258677,-5.372576688042567,-2.4064477344747868,scaffold,2035,xgb_rdkit_morgan,xgboost,rdkit+morgan,none,77abfcdbb281d08df2e9fb09cf84b2a648ea9008
esol,910101c5cb9a1670,CN(C)C(=S)SSC(=S)N(C)C,aqueous_solubility,log10(mol/L),train,,-3.9000000953674316,-3.786186916962735,-5.269251393746625,-2.3031224401788446,scaffold,2035,xgb_rdkit_morgan,xgboost,rdkit+morgan,none,77abfcdbb281d08df2e9fb09cf84b2a648ea9008
esol,b0ec6d6c54570db8,CN(C)c1ccccc1,aqueous_solubility,log10(mol/L),train,c1ccccc1,-1.9199999570846558,-1.8316619729979982,-3.3147264497818885,-0.34859749621410785,scaffold,2035,xgb_rdkit_morgan,xgboost,rdkit+morgan,none,77abfcdbb281d08df2e9fb09cf84b2a648ea9008
esol,925de75b6c7bfe03,CN(C)c1nc(N(C)C)nc(N(C)C)n1,aqueous_solubility,log10(mol/L),train,c1ncncn1,-3.364000082015991,-3.337580389948597,-4.820644866732487,-1.8545159131647067,scaffold,2035,xgb_rdkit_morgan,xgboost,rdkit+morgan,none,77abfcdbb281d08df2e9fb09cf84b2a648ea9008
esol,24d71af8b3e29e2a,CN1C(=O)CN=C(c2ccccc2)c2cc(Cl)ccc21,aqueous_solubility,log10(mol/L),train,O=C1CN=C(c2ccccc2)c2ccccc2N1,-3.753999948501587,-3.7946077325168703,-5.277672209300761,-2.31154325573298,scaffold,2035,xgb_rdkit_morgan,xgboost,rdkit+morgan,none,77abfcdbb281d08df2e9fb09cf84b2a648ea9008
esol,764380275cf6ecfe,CN1C(=O)CN=C(c2ccccc2)c2cc([N+](=O)[O-])ccc21,aqueous_solubility,log10(mol/L),train,O=C1CN=C(c2ccccc2)c2ccccc2N1,-3.7960000038146973,-3.7979603557521044,-5.281024832535994,-2.314895878968214,scaffold,2035,xgb_rdkit_morgan,xgboost,rdkit+morgan,none,77abfcdbb281d08df2e9fb09cf84b2a648ea9008
esol,5892fb4917f1bd4c,CN1C(=O)c2cccnc2Oc2ccccc21,aqueous_solubility,log10(mol/L),test,O=C1Nc2ccccc2Oc2ncccc21,-3.671999931335449,-3.2631971131306305,-4.746261589914521,-1.7801326363467402,scaffold,2035,xgb_rdkit_morgan,xgboost,rdkit+morgan,none,77abfcdbb281d08df2e9fb09cf84b2a648ea9008
esol,e866140d3ce88cc7,CN1C(C(=O)Nc2ccccn2)=C(O)c2ccccc2S1(=O)=O,aqueous_solubility,log10(mol/L),train,O=C(Nc1ccccn1)C1=Cc2ccccc2S(=O)(=O)N1,-4.159999847412109,-4.088233741964942,-5.571298218748832,-2.6051692651810514,scaffold,2035,xgb_rdkit_morgan,xgboost,rdkit+morgan,none,77abfcdbb281d08df2e9fb09cf84b2a648ea9008
esol,c3339d1527a56a6a,CN1CC(O)N(c2nnc(C(C)(C)C)s2)C1=O,aqueous_solubility,log10(mol/L),train,O=C1NCCN1c1nncs1,-1.8769999742507935,-1.8868549413213245,-3.369919418105215,-0.40379046453743417,scaffold,2035,xgb_rdkit_morgan,xgboost,rdkit+morgan,none,77abfcdbb281d08df2e9fb09cf84b2a648ea9008
esol,61a26c632a00b9e2,CNC(=O)C(C)SCCSP(=O)(OC)OC,aqueous_solubility,log10(mol/L),train,,1.1440000534057617,0.9683450187798384,-0.5147194580040519,2.4514094955637287,scaffold,2035,xgb_rdkit_morgan,xgboost,rdkit+morgan,none,77abfcdbb281d08df2e9fb09cf84b2a648ea9008
esol,83a38e89cdeb9ac2,CNC(=O)C=C(C)OP(=O)(OC)OC,aqueous_solubility,log10(mol/L),train,,0.6510000228881836,0.6437462346122969,-0.8393182421715935,2.126810711396187,scaffold,2035,xgb_rdkit_morgan,xgboost,rdkit+morgan,none,77abfcdbb281d08df2e9fb09cf84b2a648ea9008
esol,ca4d409d99769eda,CNC(=O)ON=C(CSC)C(C)(C)C,aqueous_solubility,log10(mol/L),train,,-1.6200000047683716,-1.6402467259126108,-3.123311202696501,-0.15718224912872047,scaffold,2035,xgb_rdkit_morgan,xgboost,rdkit+morgan,none,77abfcdbb281d08df2e9fb09cf84b2a648ea9008
esol,9c9e6971a60807b7,CNC(=O)ON=C(SC)C(=O)N(C)C,aqueous_solubility,log10(mol/L),train,,0.10599999874830246,0.07693351741959775,-1.4061309593642926,1.559997994203488,scaffold,2035,xgb_rdkit_morgan,xgboost,rdkit+morgan,none,77abfcdbb281d08df2e9fb09cf84b2a648ea9008
esol,f974acb9680d10ae,CNC(=O)Oc1cc(C(C)(C)C)cc(C(C)(C)C)c1,aqueous_solubility,log10(mol/L),train,c1ccccc1,-4.239999771118164,-4.218517928097624,-5.701582404881514,-2.7354534513137336,scaffold,2035,xgb_rdkit_morgan,xgboost,rdkit+morgan,none,77abfcdbb281d08df2e9fb09cf84b2a648ea9008
esol,bf5c31c40ed233f0,CNC(=O)Oc1cc(C)cc(C)c1,aqueous_solubility,log10(mol/L),train,c1ccccc1,-2.5810000896453857,-2.581068321404802,-4.064132798188693,-1.0980038446209117,scaffold,2035,xgb_rdkit_morgan,xgboost,rdkit+morgan,none,77abfcdbb281d08df2e9fb09cf84b2a648ea9008
esol,467d5329fab3eb8c,CNC(=O)Oc1ccc(N(C)C)c(C)c1,aqueous_solubility,log10(mol/L),train,c1ccccc1,-2.359999895095825,-2.356686008446429,-3.8397504852303195,-0.8736215316625389,scaffold,2035,xgb_rdkit_morgan,xgboost,rdkit+morgan,none,77abfcdbb281d08df2e9fb09cf84b2a648ea9008
esol,93b1c63994d0c3ae,CNC(=O)Oc1cccc(N=CN(C)C)c1,aqueous_solubility,log10(mol/L),train,c1ccccc1,-2.3399999141693115,-2.314248034345754,-3.797312511129644,-0.8311835575618636,scaffold,2035,xgb_rdkit_morgan,xgboost,rdkit+morgan,none,77abfcdbb281d08df2e9fb09cf84b2a648ea9008
esol,7c2469e5e8621db7,CNC(=O)Oc1cccc2c1OC(C)(C)C2,aqueous_solubility,log10(mol/L),test,c1ccc2c(c1)CCO2,-2.799999952316284,-2.244243271594799,-3.7273077483786894,-0.7611787948109088,scaffold,2035,xgb_rdkit_morgan,xgboost,rdkit+morgan,none,77abfcdbb281d08df2e9fb09cf84b2a648ea9008
esol,30aebbb20e458ecc,CNC(=O)Oc1cccc2ccccc12,aqueous_solubility,log10(mol/L),train,c1ccc2ccccc2c1,-3.2239999771118164,-3.1542814606436145,-4.637345937427504,-1.6712169838597242,scaffold,2035,xgb_rdkit_morgan,xgboost,rdkit+morgan,none,77abfcdbb281d08df2e9fb09cf84b2a648ea9008
esol,4b69c82630d9473f,CNC(=O)Oc1ccccc1,aqueous_solubility,log10(mol/L),train,c1ccccc1,-1.8029999732971191,-1.8245864235005733,-3.3076509002844636,-0.341521946716683,scaffold,2035,xgb_rdkit_morgan,xgboost,rdkit+morgan,none,77abfcdbb281d08df2e9fb09cf84b2a648ea9008
esol,18eaa4bff7b0ffc4,CNC(=O)Oc1ccccc1C(C)C,aqueous_solubility,log10(mol/L),train,c1ccccc1,-2.86299991607666,-2.7767102085761675,-4.259774685360058,-1.2936457317922772,scaffold,2035,xgb_rdkit_morgan,xgboost,rdkit+morgan,none,77abfcdbb281d08df2e9fb09cf84b2a648ea9008
esol,27b2b9a51d2a3dfb,CNC(=O)Oc1ccccc1C1OCCO1,aqueous_solubility,log10(mol/L),validation,c1ccc(C2OCCO2)cc1,-1.5700000524520874,-1.9801110222262146,-3.463175499010105,-0.4970465454423243,scaffold,2035,xgb_rdkit_morgan,xgboost,rdkit+morgan,none,77abfcdbb281d08df2e9fb09cf84b2a648ea9008
esol,4429a01a775681b0,CNC(=O)Oc1ccccc1OC(C)C,aqueous_solubility,log10(mol/L),train,c1ccccc1,-2.049999952316284,-2.0601280126818753,-3.5431924894657656,-0.577063535897985,scaffold,2035,xgb_rdkit_morgan,xgboost,rdkit+morgan,none,77abfcdbb281d08df2e9fb09cf84b2a648ea9008
esol,ce17742748339d63,CNN,aqueous_solubility,log10(mol/L),train,,1.340000033378601,1.2734856409400583,-0.20957883584383197,2.7565501177239486,scaffold,2035,xgb_rdkit_morgan,xgboost,rdkit+morgan,none,77abfcdbb281d08df2e9fb09cf84b2a648ea9008
esol,05148dad0482f4d2,CNc1ccccc1,aqueous_solubility,log10(mol/L),train,c1ccccc1,-1.2799999713897705,-1.2558060223325591,-2.7388704991164494,0.2272584544513312,scaffold,2035,xgb_rdkit_morgan,xgboost,rdkit+morgan,none,77abfcdbb281d08df2e9fb09cf84b2a648ea9008
esol,a9c91e9f39b50d3c,CNc1cnn(-c2cccc(C(F)(F)F)c2)c(=O)c1Cl,aqueous_solubility,log10(mol/L),calibration,O=c1cccnn1-c1ccccc1,-4.046000003814697,-3.8547828355671068,-5.337847312350997,-2.3717183587832165,scaffold,2035,xgb_rdkit_morgan,xgboost,rdkit+morgan,none,77abfcdbb281d08df2e9fb09cf84b2a648ea9008
esol,0bab33f79e992ea8,CO,aqueous_solubility,log10(mol/L),train,,1.5700000524520874,1.4249560302785103,-0.05810844650538005,2.9080205070624006,scaffold,2035,xgb_rdkit_morgan,xgboost,rdkit+morgan,none,77abfcdbb281d08df2e9fb09cf84b2a648ea9008
esol,f81db077a722c928,COC(=O)C1=C(C)NC(C)=C(C(=O)OC)C1c1ccccc1[N+](=O)[O-],aqueous_solubility,log10(mol/L),validation,C1=CC(c2ccccc2)C=CN1,-4.760000228881836,-3.89712827845431,-5.3801927552382,-2.41406380167042,scaffold,2035,xgb_rdkit_morgan,xgboost,rdkit+morgan,none,77abfcdbb281d08df2e9fb09cf84b2a648ea9008
esol,749fcea5bdddd1e6,COC(=O)Nc1cccc(OC(=O)Nc2cccc(C)c2)c1,aqueous_solubility,log10(mol/L),calibration,O=C(Nc1ccccc1)Oc1ccccc1,-4.804999828338623,-4.452342285246623,-5.935406762030513,-2.9692778084627323,scaffold,2035,xgb_rdkit_morgan,xgboost,rdkit+morgan,none,77abfcdbb281d08df2e9fb09cf84b2a648ea9008
esol,a22f0678e1767ab7,COC(=O)Nc1nc2ccc(C(=O)c3ccccc3)cc2[nH]1,aqueous_solubility,log10(mol/L),calibration,O=C(c1ccccc1)c1ccc2nc[nH]c2c1,-3.880000114440918,-4.03304451527605,-5.51610899205994,-2.5499800384921594,scaffold,2035,xgb_rdkit_morgan,xgboost,rdkit+morgan,none,77abfcdbb281d08df2e9fb09cf84b2a648ea9008
esol,666ddf99a256128a,COC(=O)c1cc(O)c(O)c(O)c1,aqueous_solubility,log10(mol/L),train,c1ccccc1,-1.2400000095367432,-1.2428055650128098,-2.7258700417967,0.2402589117710805,scaffold,2035,xgb_rdkit_morgan,xgboost,rdkit+morgan,none,77abfcdbb281d08df2e9fb09cf84b2a648ea9008
esol,188786e497548b05,COC(=O)c1ccc(O)cc1,aqueous_solubility,log10(mol/L),train,c1ccccc1,-1.8270000219345093,-1.7962705061846145,-3.279334982968505,-0.3132060294007242,scaffold,2035,xgb_rdkit_morgan,xgboost,rdkit+morgan,none,77abfcdbb281d08df2e9fb09cf84b2a648ea9008
esol,49577c11df1cfd38,COC(=O)c1ccccc1,aqueous_solubility,log10(mol/L),train,c1ccccc1,-1.850000023841858,-1.8951348813694546,-3.3781993581533447,-0.4120704045855643,scaffold,2035,xgb_rdkit_morgan,xgboost,rdkit+morgan,none,77abfcdbb281d08df2e9fb09cf84b2a648ea9008
esol,ed34e85526590345,COC(=O)c1ccccc1C(=O)OC,aqueous_solubility,log10(mol/L),train,c1ccccc1,-1.659999966621399,-1.7076218026529706,-3.1906862794368607,-0.22455732586908028,scaffold,2035,xgb_rdkit_morgan,xgboost,rdkit+morgan,none,77abfcdbb281d08df2e9fb09cf84b2a648ea9008
esol,6e2b5874bd54e152,COC(=O)c1ccccc1OC1OC(COC2OCC(O)C(O)C2O)C(O)C(O)C1O,aqueous_solubility,log10(mol/L),validation,c1ccc(OC2CCCC(COC3CCCCO3)O2)cc1,-0.7419999837875366,-1.312149810504054,-2.795214287287944,0.1709146662798362,scaffold,2035,xgb_rdkit_morgan,xgboost,rdkit+morgan,none,77abfcdbb281d08df2e9fb09cf84b2a648ea9008
esol,88ead3f7cdc58cf9,COC(=O)c1cccnc1,aqueous_solubility,log10(mol/L),validation,c1ccncc1,-0.46000000834465027,-1.5210268497574517,-3.0040913265413423,-0.03796237297356142,scaffold,2035,xgb_rdkit_morgan,xgboost,rdkit+morgan,none,77abfcdbb281d08df2e9fb09cf84b2a648ea9008
esol,5c08f88c70ebf4aa,COC(C)(C)C,aqueous_solubility,log10(mol/L),train,,-0.23999999463558197,-0.2878741769821036,-1.770938653765994,1.1951902998017867,scaffold,2035,xgb_rdkit_morgan,xgboost,rdkit+morgan,none,77abfcdbb281d08df2e9fb09cf84b2a648ea9008
esol,6773ea5b6283d92d,COC(C)(C)CCCC(C)CC=CC(C)=CC(=O)OC(C)C,aqueous_solubility,log10(mol/L),train,,-5.190000057220459,-5.192713150709157,-6.675777627493047,-3.7096486739252663,scaffold,2035,xgb_rdkit_morgan,xgboost,rdkit+morgan,none,77abfcdbb281d08df2e9fb09cf84b2a648ea9008
esol,798f5eefa4edc99d,COC(C)=O,aqueous_solubility,log10(mol/L),train,,0.46000000834465027,0.43209658485201397,-1.0509678919318763,1.9151610616359043,scaffold,2035,xgb_rdkit_morgan,xgboost,rdkit+morgan,none,77abfcdbb281d08df2e9fb09cf84b2a648ea9008
esol,fe98fc7972b9fbd7,COC1=C(OC)C2C(=O)OCC2C=C1,aqueous_solubility,log10(mol/L),train,O=C1OCC2C=CC=CC12,-1.8990000486373901,-1.882670012293024,-3.3657344890769143,-0.3996055355091337,scaffold,2035,xgb_rdkit_morgan,xgboost,rdkit+morgan,none,77abfcdbb281d08df2e9fb09cf84b2a648ea9008
esol,033c75d289f7b25e,COC1=CC(=O)CC(C)C12Oc1c(Cl)c(OC)cc(OC)c1C2=O,aqueous_solubility,log10(mol/L),validation,O=C1C=CC2(CC1)Oc1ccccc1C2=O,-3.246000051498413,-4.102779316133014,-5.585843792916904,-2.6197148393491236,scaffold,2035,xgb_rdkit_morgan,xgboost,rdkit+morgan,none,77abfcdbb281d08df2e9fb09cf84b2a648ea9008
esol,14db5dcd22155360,COC1=CC2OC3C=CC(O)=CC3C(=O)C2C(O)=C1,aqueous_solubility,log10(mol/L),train,O=C1C2C=CC=CC2OC2C=CC=CC12,-2.943000078201294,-2.9415055937663444,-4.424570070550235,-1.458441116982454,scaffold,2035,xgb_rdkit_morgan,xgboost,rdkit+morgan,none,77abfcdbb281d08df2e9fb09cf84b2a648ea9008
esol,68ee9b244d6cfe81,COC=O,aqueous_solubility,log10(mol/L),train,,0.5799999833106995,0.5600234225090026,-0.9230410542748877,2.043087899292893,scaffold,2035,xgb_rdkit_morgan,xgboost,rdkit+morgan,none,77abfcdbb281d08df2e9fb09cf84b2a648ea9008
esol,89703926e52a5f1b,COCC(=O)N(c1c(C)cccc1C)C(C)C(=O)OC,aqueous_solubility,log10(mol/L),train,c1ccccc1,-1.6009999513626099,-1.6698012430083893,-3.1528657197922794,-0.18673676622449897,scaffold,2035,xgb_rdkit_morgan,xgboost,rdkit+morgan,none,77abfcdbb281d08df2e9fb09cf84b2a648ea9008
esol,8828034dbcc2ba49,COCCCNc1nc(NC(C)C)nc(SC)n1,aqueous_solubility,log10(mol/L),train,c1ncncn1,-2.927999973297119,-2.9117490284111103,-4.394813505195001,-1.42868455162722,scaffold,2035,xgb_rdkit_morgan,xgboost,rdkit+morgan,none,77abfcdbb281d08df2e9fb09cf84b2a648ea9008
esol,16dde7866f46c4c1,COCOC,aqueous_solubility,log10(mol/L),train,,0.47999998927116394,0.535808277142082,-0.9472561996418083,2.0188727539259723,scaffold,2035,xgb_rdkit_morgan,xgboost,rdkit+morgan,none,77abfcdbb281d08df2e9fb09cf84b2a648ea9008
esol,e2974c195ea5145c,CON(C)C(=O)Nc1ccc(Br)c(Cl)c1,aqueous_solubility,log10(mol/L),train,c1ccccc1,-3.9240000247955322,-3.896106634080661,-5.379171110864551,-2.4130421572967706,scaffold,2035,xgb_rdkit_morgan,xgboost,rdkit+morgan,none,77abfcdbb281d08df2e9fb09cf84b2a648ea9008
esol,6ff13bb4acd5abdb,CON(C)C(=O)Nc1ccc(Cl)c(Cl)c1,aqueous_solubility,log10(mol/L),train,c1ccccc1,-3.5920000076293945,-3.6023725329711525,-5.085437009755043,-2.119308056187262,scaffold,2035,xgb_rdkit_morgan,xgboost,rdkit+morgan,none,77abfcdbb281d08df2e9fb09cf84b2a648ea9008
esol,48039236e49fe73d,CON(C)C(=O)Nc1ccc(Cl)cc1,aqueous_solubility,log10(mol/L),train,c1ccccc1,-2.569999933242798,-2.6756078497355795,-4.15867232651947,-1.1925433729516892,scaffold,2035,xgb_rdkit_morgan,xgboost,rdkit+morgan,none,77abfcdbb281d08df2e9fb09cf84b2a648ea9008
esol,af9e24623c743976,COP(=O)(NC(C)=O)SC,aqueous_solubility,log10(mol/L),train,,0.5400000214576721,0.5470201144201603,-0.93604436236373,2.0300845912040506,scaffold,2035,xgb_rdkit_morgan,xgboost,rdkit+morgan,none,77abfcdbb281d08df2e9fb09cf84b2a648ea9008
esol,13a3fd60c5aabbbd,COP(=O)(OC)C(O)C(Cl)(Cl)Cl,aqueous_solubility,log10(mol/L),train,,-0.2199999988079071,-0.23554593464197549,-1.7186104114258658,1.2475185421419148,scaffold,2035,xgb_rdkit_morgan,xgboost,rdkit+morgan,none,77abfcdbb281d08df2e9fb09cf84b2a648ea9008
esol,780a5f925619f9f0,COP(=O)(OC)OC(=CCl)c1cc(Cl)c(Cl)cc1Cl,aqueous_solubility,log10(mol/L),train,c1ccccc1,-4.521999835968018,-4.532075446004477,-6.015139922788367,-3.0490109692205865,scaffold,2035,xgb_rdkit_morgan,xgboost,rdkit+morgan,none,77abfcdbb281d08df2e9fb09cf84b2a648ea9008
esol,5a3a208a796a3e9e,COP(=O)(OC)OC(Br)C(Cl)(Cl)Br,aqueous_solubility,log10(mol/L),train,,-2.2799999713897705,-2.276684459656688,-3.7597489364405785,-0.7936199828727979,scaffold,2035,xgb_rdkit_morgan,xgboost,rdkit+morgan,none,77abfcdbb281d08df2e9fb09cf84b2a648ea9008
esol,6d1ebe733929addc,COP(=S)(OC)Oc1cc(Cl)c(Br)cc1Cl,aqueous_solubility,log10(mol/L),train,c1ccccc1,-6.090000152587891,-6.08644612836734,-7.569510605151231,-4.60338165158345,scaffold,2035,xgb_rdkit_morgan,xgboost,rdkit+morgan,none,77abfcdbb281d08df2e9fb09cf84b2a648ea9008
esol,57f26cdf89d354e1,COP(=S)(OC)Oc1cc(Cl)c(Cl)cc1Cl,aqueous_solubility,log10(mol/L),train,c1ccccc1,-5.71999979019165,-5.720095692758226,-7.203160169542116,-4.237031215974335,scaffold,2035,xgb_rdkit_morgan,xgboost,rdkit+morgan,none,77abfcdbb281d08df2e9fb09cf84b2a648ea9008
esol,c8a8a21070ddea32,COP(=S)(OC)Oc1cc(Cl)c(I)cc1Cl,aqueous_solubility,log10(mol/L),train,c1ccccc1,-6.619999885559082,-6.561825890881048,-8.044890367664937,-5.0787614140971575,scaffold,2035,xgb_rdkit_morgan,xgboost,rdkit+morgan,none,77abfcdbb281d08df2e9fb09cf84b2a648ea9008
esol,93a69b9aac77fb83,COP(=S)(OC)Oc1ccc(SC)c(C)c1,aqueous_solubility,log10(mol/L),train,c1ccccc1,-4.570000171661377,-4.51352275953027,-5.99658723631416,-3.0304582827463795,scaffold,2035,xgb_rdkit_morgan,xgboost,rdkit+morgan,none,77abfcdbb281d08df2e9fb09cf84b2a648ea9008
esol,af206ce7eb35e12c,COP(=S)(OC)Oc1ccc(Sc2ccc(OP(=S)(OC)OC)cc2)cc1,aqueous_solubility,log10(mol/L),calibration,c1ccc(Sc2ccccc2)cc1,-6.236999988555908,-6.103241909606034,-7.586306386389924,-4.620177432822143,scaffold,2035,xgb_rdkit_morgan,xgboost,rdkit+morgan,none,77abfcdbb281d08df2e9fb09cf84b2a648ea9008
esol,0630c7b78d9001c5,COP(=S)(OC)Oc1ccc([N+](=O)[O-])c(C)c1,aqueous_solubility,log10(mol/L),train,c1ccccc1,-4.039999961853027,-4.049284277759593,-5.5323487545434835,-2.566219800975703,scaffold,2035,xgb_rdkit_morgan,xgboost,rdkit+morgan,none,77abfcdbb281d08df2e9fb09cf84b2a648ea9008
esol,26a3764db159060c,COP(=S)(OC)Oc1ccc([N+](=O)[O-])cc1Cl,aqueous_solubility,log10(mol/L),train,c1ccccc1,-4.309999942779541,-4.304765333796726,-5.787829810580616,-2.8217008570128357,scaffold,2035,xgb_rdkit_morgan,xgboost,rdkit+morgan,none,77abfcdbb281d08df2e9fb09cf84b2a648ea9008
esol,3c1bae9a1671999e,COP(=S)(OC)SCC(=O)N(C)C=O,aqueous_solubility,log10(mol/L),train,,-1.9950000047683716,-1.952865034185415,-3.4359295109693053,-0.4698005574015247,scaffold,2035,xgb_rdkit_morgan,xgboost,rdkit+morgan,none,77abfcdbb281d08df2e9fb09cf84b2a648ea9008
esol,3c7c2897c14190e7,COP(=S)(OC)SCC(=O)N(c1ccc(Cl)cc1)C(C)C,aqueous_solubility,log10(mol/L),train,c1ccccc1,-4.432000160217285,-4.432805489525156,-5.915869966309046,-2.9497410127412653,scaffold,2035,xgb_rdkit_morgan,xgboost,rdkit+morgan,none,77abfcdbb281d08df2e9fb09cf84b2a648ea9008
esol,73a7a17726ecb1d8,COc1c(O)c(Cl)c(Cl)c(Cl)c1Cl,aqueous_solubility,log10(mol/L),train,c1ccccc1,-4.019999980926514,-4.007567667021453,-5.490632143805343,-2.5245031902375628,scaffold,2035,xgb_rdkit_morgan,xgboost,rdkit+morgan,none,77abfcdbb281d08df2e9fb09cf84b2a648ea9008
esol,f6aaf2955176d64c,COc1c2occc2c(OC)c2c(=O)cc(C)oc12,aqueous_solubility,log10(mol/L),validation,O=c1ccoc2cc3occc3cc12,-3.0209999084472656,-3.8602249537653526,-5.343289430549243,-2.3771604769814623,scaffold,2035,xgb_rdkit_morgan,xgboost,rdkit+morgan,none,77abfcdbb281d08df2e9fb09cf84b2a648ea9008
esol,d81d239372dc39ef,COc1c2occc2cc2ccc(=O)oc12,aqueous_solubility,log10(mol/L),validation,O=c1ccc2cc3ccoc3cc2o1,-3.6640000343322754,-2.92908292201159,-4.41214739879548,-1.4460184452276996,scaffold,2035,xgb_rdkit_morgan,xgboost,rdkit+morgan,none,77abfcdbb281d08df2e9fb09cf84b2a648ea9008
esol,fb0727226d8bda00,COc1cc(C2c3cc4c(cc3C(OC3OC5COC(C)OC5C(O)C3O)C3COC(=O)C23)OCO4)cc(OC)c1O,aqueous_solubility,log10(mol/L),test,O=C1OCC2C(OC3CCC4OCOCC4O3)c3cc4c(cc3C(c3ccccc3)C12)OCO4,-3.571000099182129,-3.3745713163961364,-4.857635793180027,-1.891506839612246,scaffold,2035,xgb_rdkit_morgan,xgboost,rdkit+morgan,none,77abfcdbb281d08df2e9fb09cf84b2a648ea9008
esol,a2fe2787bc40ab5d,COc1cc2c(N)nc(N3CCN(C(=O)OCC(C)(C)O)CC3)nc2c(OC)c1OC,aqueous_solubility,log10(mol/L),calibration,c1ccc2nc(N3CCNCC3)ncc2c1,-3.638000011444092,-2.6787602212897967,-4.161824698073687,-1.1956957445059064,scaffold,2035,xgb_rdkit_morgan,xgboost,rdkit+morgan,none,77abfcdbb281d08df2e9fb09cf84b2a648ea9008
esol,0bd779b87e0a0d4a,COc1ccc(C(O)(c2cncnc2)C2CC2)cc1,aqueous_solubility,log10(mol/L),calibration,c1ccc(C(c2cncnc2)C2CC2)cc1,-2.5959999561309814,-3.267703822720286,-4.750768299504177,-1.7846393459363958,scaffold,2035,xgb_rdkit_morgan,xgboost,rdkit+morgan,none,77abfcdbb281d08df2e9fb09cf84b2a648ea9008
esol,9068cc8b834cc0eb,COc1ccc(C(c2ccc(OC)cc2)C(Cl)(Cl)Cl)cc1,aqueous_solubility,log10(mol/L),calibration,c1ccc(Cc2ccccc2)cc1,-6.889999866485596,-5.473422444179581,-6.956486920963472,-3.990357967395691,scaffold,2035,xgb_rdkit_morgan,xgboost,rdkit+morgan,none,77abfcdbb281d08df2e9fb09cf84b2a648ea9008
esol,53952794d358f97b,COc1ccc(C=O)cc1,aqueous_solubility,log10(mol/L),train,c1ccccc1,-1.4900000095367432,-1.5303096666160367,-3.0133741433999273,-0.04724518983214643,scaffold,2035,xgb_rdkit_morgan,xgboost,rdkit+morgan,none,77abfcdbb281d08df2e9fb09cf84b2a648ea9008
esol,61e05515e58dc633,COc1ccc(Cl)cc1,aqueous_solubility,log10(mol/L),train,c1ccccc1,-2.7799999713897705,-2.7443475261665298,-4.22741200295042,-1.2612830493826395,scaffold,2035,xgb_rdkit_morgan,xgboost,rdkit+morgan,none,77abfcdbb281d08df2e9fb09cf84b2a648ea9008
esol,6f0d5c822a2c8b54,COc1ccc(NC(=O)N(C)C)cc1Cl,aqueous_solubility,log10(mol/L),train,c1ccccc1,-2.563999891281128,-2.665811100085352,-4.1488755768692425,-1.1827466233014619,scaffold,2035,xgb_rdkit_morgan,xgboost,rdkit+morgan,none,77abfcdbb281d08df2e9fb09cf84b2a648ea9008
esol,a440351c22fbaf2f,COc1ccc(Oc2ccc(NC(=O)N(C)C)cc2)cc1,aqueous_solubility,log10(mol/L),train,c1ccc(Oc2ccccc2)cc1,-4.159999847412109,-4.1584595877981485,-5.641524064582039,-2.675395111014258,scaffold,2035,xgb_rdkit_morgan,xgboost,rdkit+morgan,none,77abfcdbb281d08df2e9fb09cf84b2a648ea9008
esol,54c11156225fcdea,COc1ccc([N+](=O)[O-])cc1,aqueous_solubility,log10(mol/L),train,c1ccccc1,-2.4100000858306885,-2.3250982990772227,-3.808162775861113,-0.8420338222933323,scaffold,2035,xgb_rdkit_morgan,xgboost,rdkit+morgan,none,77abfcdbb281d08df2e9fb09cf84b2a648ea9008
esol,76a18f4c2024b3d3,COc1ccc2ccc(=O)oc2c1CC=C(C)C,aqueous_solubility,log10(mol/L),test,O=c1ccc2ccccc2o1,-4.314000129699707,-3.853748006386403,-5.336812483170293,-2.3706835296025126,scaffold,2035,xgb_rdkit_morgan,xgboost,rdkit+morgan,none,77abfcdbb281d08df2e9fb09cf84b2a648ea9008
esol,28951249e2791f06,COc1cccc(Cl)c1,aqueous_solubility,log10(mol/L),train,c1ccccc1,-2.7799999713897705,-2.68937297389734,-4.1724374506812305,-1.20630849711345,scaffold,2035,xgb_rdkit_morgan,xgboost,rdkit+morgan,none,77abfcdbb281d08df2e9fb09cf84b2a648ea9008
esol,93c51a6d6f685836,COc1ccccc1,aqueous_solubility,log10(mol/L),train,c1ccccc1,-1.850000023841858,-1.7176397615913737,-3.200704238375264,-0.23457528480748335,scaffold,2035,xgb_rdkit_morgan,xgboost,rdkit+morgan,none,77abfcdbb281d08df2e9fb09cf84b2a648ea9008
esol,61ef7d42849f3184,COc1ccccc1Cl,aqueous_solubility,log10(mol/L),train,c1ccccc1,-2.4600000381469727,-2.508668318705628,-3.991732795489518,-1.0256038419217375,scaffold,2035,xgb_rdkit_morgan,xgboost,rdkit+morgan,none,77abfcdbb281d08df2e9fb09cf84b2a648ea9008
esol,eb6f42a07bb6de18,COc1ccccc1O,aqueous_solubility,log10(mol/L),train,c1ccccc1,-1.9600000381469727,-1.8316418394412801,-3.3147063162251706,-0.3485773626573898,scaffold,2035,xgb_rdkit_morgan,xgboost,rdkit+morgan,none,77abfcdbb281d08df2e9fb09cf84b2a648ea9008
esol,814823a858f686a6,COc1ccccc1OCC(O)COC(N)=O,aqueous_solubility,log10(mol/L),train,c1ccccc1,-0.9850000143051147,-0.9949202644415234,-2.4779847412254137,0.48814421234236693,scaffold,2035,xgb_rdkit_morgan,xgboost,rdkit+morgan,none,77abfcdbb281d08df2e9fb09cf84b2a648ea9008
esol,d4928ef8bde7d1fe,COc1ccccc1[N+](=O)[O-],aqueous_solubility,log10(mol/L),train,c1ccccc1,-1.9600000381469727,-2.0532052762860316,-3.536269753069922,-0.5701407995021412,scaffold,2035,xgb_rdkit_morgan,xgboost,rdkit+morgan,none,77abfcdbb281d08df2e9fb09cf84b2a648ea9008
esol,f77319b49caa9f62,COc1cnc2cncnc2n1,aqueous_solubility,log10(mol/L),train,c1cnc2ncncc2n1,-0.9100000262260437,-1.0174101005970435,-2.500474577380934,0.4656543761868468,scaffold,2035,xgb_rdkit_morgan,xgboost,rdkit+morgan,none,77abfcdbb281d08df2e9fb09cf84b2a648ea9008
esol,5dffcf404f645444,COc1cnc2ncncc2n1,aqueous_solubility,log10(mol/L),train,c1cnc2ncncc2n1,-1.1390000581741333,-1.1049088751458598,-2.58797335192975,0.3781556016380305,scaffold,2035,xgb_rdkit_morgan,xgboost,rdkit+morgan,none,77abfcdbb281d08df2e9fb09cf84b2a648ea9008
esol,80014862d89a7874,COc1nc(NC(C)C)nc(NC(C)C)n1,aqueous_solubility,log10(mol/L),train,c1ncncn1,-2.4779999256134033,-2.6303646520326414,-4.113429128816532,-1.147300175248751,scaffold,2035,xgb_rdkit_morgan,xgboost,rdkit+morgan,none,77abfcdbb281d08df2e9fb09cf84b2a648ea9008
esol,6d629ddb03b3976b,COc1ncc2nccnc2n1,aqueous_solubility,log10(mol/L),train,c1cnc2ncncc2n1,-1.1100000143051147,-1.1364899327205165,-2.6195544095044068,0.34657454406337385,scaffold,2035,xgb_rdkit_morgan,xgboost,rdkit+morgan,none,77abfcdbb281d08df2e9fb09cf84b2a648ea9008
esol,1b1400c943fc116e,COc1ncnc2nccnc12,aqueous_solubility,log10(mol/L),train,c1cnc2ncncc2n1,-1.1100000143051147,-1.0753384412559797,-2.55840291803987,0.40772603552791065,scaffold,2035,xgb_rdkit_morgan,xgboost,rdkit+morgan,none,77abfcdbb281d08df2e9fb09cf84b2a648ea9008
esol,ac0041960cd300cd,CS(=O)(=O)c1ccc(C(O)C(CO)NC(=O)C(Cl)Cl)cc1,aqueous_solubility,log10(mol/L),train,c1ccccc1,-2.1540000438690186,-2.167310159996349,-3.6503746367802394,-0.6842456832124588,scaffold,2035,xgb_rdkit_morgan,xgboost,rdkit+morgan,none,77abfcdbb281d08df2e9fb09cf84b2a648ea9008
esol,15427e61e6c5e494,CSC,aqueous_solubility,log10(mol/L),train,,-0.44999998807907104,-0.3974472880911577,-1.880511764875048,1.0856171886927326,scaffold,2035,xgb_rdkit_morgan,xgboost,rdkit+morgan,none,77abfcdbb281d08df2e9fb09cf84b2a648ea9008
esol,27be4a939cf2095e,CSCS(=O)CC(CO)NC(=O)C=Cc1c(C)[nH]c(=O)[nH]c1=O,aqueous_solubility,log10(mol/L),test,O=c1cc[nH]c(=O)[nH]1,-1.9809999465942383,-2.3021308700121166,-3.785195346796007,-0.8190663932282263,scaffold,2035,xgb_rdkit_morgan,xgboost,rdkit+morgan,none,77abfcdbb281d08df2e9fb09cf84b2a648ea9008
esol,34db32618c7c0bd7,CSSC,aqueous_solubility,log10(mol/L),train,,-1.440000057220459,-1.5120703271779523,-2.9951348039618426,-0.029005850394062005,scaffold,2035,xgb_rdkit_morgan,xgboost,rdkit+morgan,none,77abfcdbb281d08df2e9fb09cf84b2a648ea9008
esol,c0328538a0e8d514,CSc1ccccc1,aqueous_solubility,log10(mol/L),train,c1ccccc1,-2.390000104904175,-2.411067546921192,-3.8941320237050823,-0.9280030701373017,scaffold,2035,xgb_rdkit_morgan,xgboost,rdkit+morgan,none,77abfcdbb281d08df2e9fb09cf84b2a648ea9008
esol,01435d46358b4e6f,CSc1nc(N(C)C)nc(N(C)C)n1,aqueous_solubility,log10(mol/L),train,c1ncncn1,-2.6760001182556152,-2.7233989000436165,-4.206463376827507,-1.2403344232597262,scaffold,2035,xgb_rdkit_morgan,xgboost,rdkit+morgan,none,77abfcdbb281d08df2e9fb09cf84b2a648ea9008
esol,a2e1c537815223d9,CSc1nc(NC(C)C)nc(NC(C)C)n1,aqueous_solubility,log10(mol/L),train,c1ncncn1,-4.099999904632568,-3.974246808825841,-5.457311285609731,-2.4911823320419506,scaffold,2035,xgb_rdkit_morgan,xgboost,rdkit+morgan,none,77abfcdbb281d08df2e9fb09cf84b2a648ea9008
esol,6c043c25cd0ee673,CSc1nnc(C(C)(C)C)c(=O)n1N,aqueous_solubility,log10(mol/L),train,O=c1cnnc[nH]1,-2.253000020980835,-2.2402994107279124,-3.7233638875118027,-0.7572349339440221,scaffold,2035,xgb_rdkit_morgan,xgboost,rdkit+morgan,none,77abfcdbb281d08df2e9fb09cf84b2a648ea9008
esol,939a64a917fc1fbc,C[N+](=O)[O-],aqueous_solubility,log10(mol/L),train,,0.25999999046325684,0.28611986511956955,-1.1969446116643208,1.7691843419034599,scaffold,2035,xgb_rdkit_morgan,xgboost,rdkit+morgan,none,77abfcdbb281d08df2e9fb09cf84b2a648ea9008
esol,6a00bcc744815977,Cc1[nH]c(=O)n(C(C)(C)C)c(=O)c1Cl,aqueous_solubility,log10(mol/L),test,O=c1cc[nH]c(=O)[nH]1,-2.4839999675750732,-2.493430779731289,-3.976495256515179,-1.0103663029473986,scaffold,2035,xgb_rdkit_morgan,xgboost,rdkit+morgan,none,77abfcdbb281d08df2e9fb09cf84b2a648ea9008
esol,011959fb02a50970,Cc1c(C)c(C)c(C)c(C)c1C,aqueous_solubility,log10(mol/L),train,c1ccccc1,-5.230000019073486,-5.200972303899318,-6.684036780683209,-3.717907827115428,scaffold,2035,xgb_rdkit_morgan,xgboost,rdkit+morgan,none,77abfcdbb281d08df2e9fb09cf84b2a648ea9008
esol,255cf0d2a2107c67,Cc1c(C)c2c3ccccc3ccc2c2ccccc12,aqueous_solubility,log10(mol/L),test,c1ccc2c(c1)ccc1c3ccccc3ccc21,-7.010000228881836,-7.110475645490941,-8.593540122274831,-5.6274111687070505,scaffold,2035,xgb_rdkit_morgan,xgboost,rdkit+morgan,none,77abfcdbb281d08df2e9fb09cf84b2a648ea9008
esol,96b9df861fc1a5b7,Cc1c(F)c(F)c(COC(=O)C2C(C=C(Cl)C(F)(F)F)C2(C)C)c(F)c1F,aqueous_solubility,log10(mol/L),validation,O=C(OCc1ccccc1)C1CC1,-7.321000099182129,-5.699224974665397,-7.182289451449288,-4.216160497881507,scaffold,2035,xgb_rdkit_morgan,xgboost,rdkit+morgan,none,77abfcdbb281d08df2e9fb09cf84b2a648ea9008
esol,27f7cb057fe02c05,Cc1c(N(C)C)c(=O)n(-c2ccccc2)n1C,aqueous_solubility,log10(mol/L),validation,O=c1cc[nH]n1-c1ccccc1,-0.36399999260902405,-3.0019782161451354,-4.485042692929026,-1.518913739361245,scaffold,2035,xgb_rdkit_morgan,xgboost,rdkit+morgan,none,77abfcdbb281d08df2e9fb09cf84b2a648ea9008
esol,a71940fe39e775e7,Cc1c(N)c(=O)n(-c2ccccc2)n1C,aqueous_solubility,log10(mol/L),validation,O=c1cc[nH]n1-c1ccccc1,-0.6240000128746033,-2.04939284775253,-3.5324573245364204,-0.5663283709686397,scaffold,2035,xgb_rdkit_morgan,xgboost,rdkit+morgan,none,77abfcdbb281d08df2e9fb09cf84b2a648ea9008
esol,405aedd218ada939,Cc1c([N+](=O)[O-])cc([N+](=O)[O-])cc1[N+](=O)[O-],aqueous_solubility,log10(mol/L),train,c1ccccc1,-3.2200000286102295,-3.202887875455473,-4.685952352239363,-1.7198233986715827,scaffold,2035,xgb_rdkit_morgan,xgboost,rdkit+morgan,none,77abfcdbb281d08df2e9fb09cf84b2a648ea9008
esol,6bbc2d7fd1aa6c13,Cc1c([N+](=O)[O-])cccc1[N+](=O)[O-],aqueous_solubility,log10(mol/L),train,c1ccccc1,-3.0,-3.0307898851758917,-4.5138543619597815,-1.5477254083920013,scaffold,2035,xgb_rdkit_morgan,xgboost,rdkit+morgan,none,77abfcdbb281d08df2e9fb09cf84b2a648ea9008
esol,2e4e642d79dc2dce,Cc1c2ccccc2c(C)c2c1ccc1ccccc12,aqueous_solubility,log10(mol/L),train,c1ccc2cc3c(ccc4ccccc43)cc2c1,-7.019999980926514,-7.085545669773989,-8.56861014655788,-5.602481192990099,scaffold,2035,xgb_rdkit_morgan,xgboost,rdkit+morgan,none,77abfcdbb281d08df2e9fb09cf84b2a648ea9008
esol,74b6a8e9080bc721,Cc1c2ccccc2c(C)c2ccccc12,aqueous_solubility,log10(mol/L),calibration,c1ccc2cc3ccccc3cc2c1,-6.570000171661377,-6.002421847432477,-7.485486324216367,-4.519357370648587,scaffold,2035,xgb_rdkit_morgan,xgboost,rdkit+morgan,none,77abfcdbb281d08df2e9fb09cf84b2a648ea9008
esol,64f1735379f646a8,Cc1c2ccccc2cc2ccccc12,aqueous_solubility,log10(mol/L),calibration,c1ccc2cc3ccccc3cc2c1,-5.889999866485596,-5.692729972415526,-7.175794449199416,-4.2096654956316355,scaffold,2035,xgb_rdkit_morgan,xgboost,rdkit+morgan,none,77abfcdbb281d08df2e9fb09cf84b2a648ea9008
esol,0ada1641492d4a17,Cc1c[nH]c(=O)[nH]c1=O,aqueous_solubility,log10(mol/L),test,O=c1cc[nH]c(=O)[nH]1,-1.50600004196167,-1.380129369074143,-2.8631938458580333,0.10293510770974734,scaffold,2035,xgb_rdkit_morgan,xgboost,rdkit+morgan,none,77abfcdbb281d08df2e9fb09cf84b2a648ea9008
esol,b32a6b50a85ca7a0,Cc1c[nH]c(=O)nc1N,aqueous_solubility,log10(mol/L),train,O=c1nccc[nH]1,-1.4579999446868896,-1.437129071701084,-2.920193548484974,0.04593540508280625,scaffold,2035,xgb_rdkit_morgan,xgboost,rdkit+morgan,none,77abfcdbb281d08df2e9fb09cf84b2a648ea9008
esol,855b948e58b48eae,Cc1c[nH]c2ccccc12,aqueous_solubility,log10(mol/L),validation,c1ccc2[nH]ccc2c1,-2.4200000762939453,-2.3548660596402486,-3.837930536424139,-0.8718015828563583,scaffold,2035,xgb_rdkit_morgan,xgboost,rdkit+morgan,none,77abfcdbb281d08df2e9fb09cf84b2a648ea9008
esol,412aec08aadb9b06,Cc1cc(=O)[nH]c(=S)[nH]1,aqueous_solubility,log10(mol/L),train,O=c1cc[nH]c(=S)[nH]1,-2.436000108718872,-2.4298100174086525,-3.912874494192543,-0.9467455406247622,scaffold,2035,xgb_rdkit_morgan,xgboost,rdkit+morgan,none,77abfcdbb281d08df2e9fb09cf84b2a648ea9008
esol,e96744a6c5b15c2c,Cc1cc(=O)n(-c2ccccc2)n1C,aqueous_solubility,log10(mol/L),validation,O=c1cc[nH]n1-c1ccccc1,0.7149999737739563,-2.5845733271567024,-4.067637803940593,-1.101508850372812,scaffold,2035,xgb_rdkit_morgan,xgboost,rdkit+morgan,none,77abfcdbb281d08df2e9fb09cf84b2a648ea9008
esol,c699d455e9ba8b21,Cc1cc(C(=O)NNCc2ccccc2)no1,aqueous_solubility,log10(mol/L),train,O=C(NNCc1ccccc1)c1ccon1,-2.4609999656677246,-2.45515362190367,-3.9382180986875603,-0.9720891451197797,scaffold,2035,xgb_rdkit_morgan,xgboost,rdkit+morgan,none,77abfcdbb281d08df2e9fb09cf84b2a648ea9008
esol,f4af7cb57402c3b2,Cc1cc(C)c(C)c(C)c1C,aqueous_solubility,log10(mol/L),train,c1ccccc1,-4.0,-4.189180188234948,-5.672244665018838,-2.7061157114510577,scaffold,2035,xgb_rdkit_morgan,xgboost,rdkit+morgan,none,77abfcdbb281d08df2e9fb09cf84b2a648ea9008
esol,10496a05f7b4af1b,Cc1cc(C)c(C)cc1C,aqueous_solubility,log10(mol/L),train,c1ccccc1,-4.590000152587891,-4.459790750976005,-5.942855227759895,-2.9767262741921146,scaffold,2035,xgb_rdkit_morgan,xgboost,rdkit+morgan,none,77abfcdbb281d08df2e9fb09cf84b2a648ea9008
esol,30a7fa25e77ab523,Cc1cc(C)c(O)c(C)c1,aqueous_solubility,log10(mol/L),train,c1ccccc1,-2.049999952316284,-2.038151730700227,-3.5212162074841173,-0.5550872539163367,scaffold,2035,xgb_rdkit_morgan,xgboost,rdkit+morgan,none,77abfcdbb281d08df2e9fb09cf84b2a648ea9008
esol,30cd61fe6a9269f3,Cc1cc(C)c2ccccc2c1,aqueous_solubility,log10(mol/L),train,c1ccc2ccccc2c1,-4.289999961853027,-4.321340180430724,-5.804404657214614,-2.8382757036468336,scaffold,2035,xgb_rdkit_morgan,xgboost,rdkit+morgan,none,77abfcdbb281d08df2e9fb09cf84b2a648ea9008
esol,ac4846758902f02f,Cc1cc(C)cc(C)c1,aqueous_solubility,log10(mol/L),train,c1ccccc1,-3.4000000953674316,-3.4444159312541984,-4.927480408038089,-1.9613514544703081,scaffold,2035,xgb_rdkit_morgan,xgboost,rdkit+morgan,none,77abfcdbb281d08df2e9fb09cf84b2a648ea9008
esol,dc9647b3b1f901cf,Cc1cc(C)cc(O)c1,aqueous_solubility,log10(mol/L),train,c1ccccc1,-1.399999976158142,-1.3731587635139486,-2.856223240297839,0.1099057132699417,scaffold,2035,xgb_rdkit_morgan,xgboost,rdkit+morgan,none,77abfcdbb281d08df2e9fb09cf84b2a648ea9008
esol,3d3499c252e700d7,Cc1cc(Cl)ccc1N=CN(C)C,aqueous_solubility,log10(mol/L),train,c1ccccc1,-2.859999895095825,-2.9307610450554016,-4.413825521839292,-1.4476965682715113,scaffold,2035,xgb_rdkit_morgan,xgboost,rdkit+morgan,none,77abfcdbb281d08df2e9fb09cf84b2a648ea9008
esol,867fad1f4374306f,Cc1cc(OC(=O)N(C)C)n(-c2ccccc2)n1,aqueous_solubility,log10(mol/L),test,c1ccc(-n2cccn2)cc1,-2.0899999141693115,-3.327730091867467,-4.810794568651357,-1.8446656150835765,scaffold,2035,xgb_rdkit_morgan,xgboost,rdkit+morgan,none,77abfcdbb281d08df2e9fb09cf84b2a648ea9008
esol,441ca226655131b8,Cc1cc(S(=O)(=O)c2ccccc2)ccc1NS(=O)(=O)C(F)(F)F,aqueous_solubility,log10(mol/L),train,O=S(=O)(c1ccccc1)c1ccccc1,-3.799999952316284,-3.8008099370244968,-5.2838744138083875,-2.3177454602406065,scaffold,2035,xgb_rdkit_morgan,xgboost,rdkit+morgan,none,77abfcdbb281d08df2e9fb09cf84b2a648ea9008
esol,1fa0d1470ef45a5f,Cc1cc([N+](=O)[O-])cc([N+](=O)[O-])c1O,aqueous_solubility,log10(mol/L),train,c1ccccc1,-1.4559999704360962,-1.6854170434067353,-3.1684815201906256,-0.20235256662284495,scaffold,2035,xgb_rdkit_morgan,xgboost,rdkit+morgan,none,77abfcdbb281d08df2e9fb09cf84b2a648ea9008
esol,15fb6126c6fb5019,Cc1cc2c3ccccc3ccc2c2ccccc12,aqueous_solubility,log10(mol/L),test,c1ccc2c(c1)ccc1c3ccccc3ccc21,-6.570000171661377,-6.817102047889632,-8.300166524673521,-5.334037571105742,scaffold,2035,xgb_rdkit_morgan,xgboost,rdkit+morgan,none,77abfcdbb281d08df2e9fb09cf84b2a648ea9008
esol,c93bd0af60161701,Cc1cc2ccccc2c2ccc3ccccc3c12,aqueous_solubility,log10(mol/L),test,c1ccc2c(c1)ccc1c3ccccc3ccc21,-6.590000152587891,-6.766237675478681,-8.249302152262572,-5.283173198694791,scaffold,2035,xgb_rdkit_morgan,xgboost,rdkit+morgan,none,77abfcdbb281d08df2e9fb09cf84b2a648ea9008
esol,efd1cc43cd7740a7,Cc1cc2ccccc2cc1C,aqueous_solubility,log10(mol/L),train,c1ccc2ccccc2c1,-4.71999979019165,-4.601199469583298,-6.084263946367188,-3.1181349927994075,scaffold,2035,xgb_rdkit_morgan,xgboost,rdkit+morgan,none,77abfcdbb281d08df2e9fb09cf84b2a648ea9008
esol,6f06d12b282eda81,Cc1cc2nc3c(=O)[nH]c(=O)nc-3n(CC(O)C(O)C(O)CO)c2cc1C,aqueous_solubility,log10(mol/L),calibration,O=c1nc2[nH]c3ccccc3nc-2c(=O)[nH]1,-3.684999942779541,-2.053467665824619,-3.5365321426085092,-0.5704031890407286,scaffold,2035,xgb_rdkit_morgan,xgboost,rdkit+morgan,none,77abfcdbb281d08df2e9fb09cf84b2a648ea9008
esol,2a4331f10b97d5ab,Cc1ccc(-c2ccccc2)cc1,aqueous_solubility,log10(mol/L),train,c1ccc(-c2ccccc2)cc1,-4.619999885559082,-4.655315738054869,-6.138380214838759,-3.1722512612709783,scaffold,2035,xgb_rdkit_morgan,xgboost,rdkit+morgan,none,77abfcdbb281d08df2e9fb09cf84b2a648ea9008
esol,93239662ab8fbc9f,Cc1ccc(Br)cc1,aqueous_solubility,log10(mol/L),train,c1ccccc1,-3.190000057220459,-3.1609001743939107,-4.643964651177801,-1.6778356976100204,scaffold,2035,xgb_rdkit_morgan,xgboost,rdkit+morgan,none,77abfcdbb281d08df2e9fb09cf84b2a648ea9008
esol,5a420868d7b8f3d4,Cc1ccc(C(C)C)c(O)c1,aqueous_solubility,log10(mol/L),train,c1ccccc1,-2.2200000286102295,-2.1755032703691928,-3.658567747153083,-0.6924387935853025,scaffold,2035,xgb_rdkit_morgan,xgboost,rdkit+morgan,none,77abfcdbb281d08df2e9fb09cf84b2a648ea9008
esol,55d42f10edd4630a,Cc1ccc(C(C)C)cc1,aqueous_solubility,log10(mol/L),train,c1ccccc1,-3.7699999809265137,-3.7742718899750876,-5.257336366758977,-2.2912074131911973,scaffold,2035,xgb_rdkit_morgan,xgboost,rdkit+morgan,none,77abfcdbb281d08df2e9fb09cf84b2a648ea9008
esol,80356e4fbac18ade,Cc1ccc(C(C)C)cc1O,aqueous_solubility,log10(mol/L),train,c1ccccc1,-2.0799999237060547,-2.170467624330769,-3.653532101114659,-0.6874031475468785,scaffold,2035,xgb_rdkit_morgan,xgboost,rdkit+morgan,none,77abfcdbb281d08df2e9fb09cf84b2a648ea9008
esol,b3cdd1fa6b9ddc97,Cc1ccc(C)c(C)c1,aqueous_solubility,log10(mol/L),train,c1ccccc1,-3.309999942779541,-3.2874361930797265,-4.770500669863617,-1.8043717162958361,scaffold,2035,xgb_rdkit_morgan,xgboost,rdkit+morgan,none,77abfcdbb281d08df2e9fb09cf84b2a648ea9008
esol,c41a4db964d8c35c,Cc1ccc(C)c2ccccc12,aqueous_solubility,log10(mol/L),train,c1ccc2ccccc2c1,-4.139999866485596,-4.324200095741078,-5.807264572524969,-2.841135618957188,scaffold,2035,xgb_rdkit_morgan,xgboost,rdkit+morgan,none,77abfcdbb281d08df2e9fb09cf84b2a648ea9008
esol,e70d51f4f2d7e744,Cc1ccc(C)cc1,aqueous_solubility,log10(mol/L),train,c1ccccc1,-2.7699999809265137,-2.8515133019743835,-4.334577778758273,-1.3684488251904932,scaffold,2035,xgb_rdkit_morgan,xgboost,rdkit+morgan,none,77abfcdbb281d08df2e9fb09cf84b2a648ea9008
esol,407f9df507c39d4f,Cc1ccc(Cl)cc1,aqueous_solubility,log10(mol/L),train,c1ccccc1,-3.0799999237060547,-3.076856472594603,-4.559920949378493,-1.5937919958107125,scaffold,2035,xgb_rdkit_morgan,xgboost,rdkit+morgan,none,77abfcdbb281d08df2e9fb09cf84b2a648ea9008
esol,01cfad37701e8c61,Cc1ccc(N)cc1,aqueous_solubility,log10(mol/L),train,c1ccccc1,-1.2100000381469727,-1.230383219908681,-2.7134476966925716,0.25268125687520926,scaffold,2035,xgb_rdkit_morgan,xgboost,rdkit+morgan,none,77abfcdbb281d08df2e9fb09cf84b2a648ea9008
esol,5140ae913c5e9340,Cc1ccc(N=CN(C)C=Nc2ccc(C)cc2C)c(C)c1,aqueous_solubility,log10(mol/L),validation,C(=Nc1ccccc1)NC=Nc1ccccc1,-5.46999979019165,-5.7441530955686755,-7.227217572352566,-4.261088618784785,scaffold,2035,xgb_rdkit_morgan,xgboost,rdkit+morgan,none,77abfcdbb281d08df2e9fb09cf84b2a648ea9008
esol,ec39337ff30f2e1c,Cc1ccc(NC(=O)N(C)C)cc1Cl,aqueous_solubility,log10(mol/L),train,c1ccccc1,-3.4830000400543213,-3.368599489665826,-4.851663966449716,-1.8855350128819355,scaffold,2035,xgb_rdkit_morgan,xgboost,rdkit+morgan,none,77abfcdbb281d08df2e9fb09cf84b2a648ea9008
esol,543e85576d5b1ad7,Cc1ccc(O)c(C)c1,aqueous_solubility,log10(mol/L),train,c1ccccc1,-1.190000057220459,-1.1937782757181081,-2.676842752501998,0.2892862010657822,scaffold,2035,xgb_rdkit_morgan,xgboost,rdkit+morgan,none,77abfcdbb281d08df2e9fb09cf84b2a648ea9008
esol,807595891e8d435d,Cc1ccc(O)cc1,aqueous_solubility,log10(mol/L),train,c1ccccc1,-0.7300000190734863,-0.7570304730020339,-2.240094949785924,0.7260340037818565,scaffold,2035,xgb_rdkit_morgan,xgboost,rdkit+morgan,none,77abfcdbb281d08df2e9fb09cf84b2a648ea9008
esol,6d71e1108f6d1e43,Cc1ccc(O)cc1C,aqueous_solubility,log10(mol/L),train,c1ccccc1,-1.3799999952316284,-1.3569471523751975,-2.840011629159088,0.12611732440869283,scaffold,2035,xgb_rdkit_morgan,xgboost,rdkit+morgan,none,77abfcdbb281d08df2e9fb09cf84b2a648ea9008
esol,be3de4bd034b2ced,Cc1ccc(OP(=O)(Oc2cccc(C)c2)Oc2ccccc2C)cc1,aqueous_solubility,log10(mol/L),train,O=P(Oc1ccccc1)(Oc1ccccc1)Oc1ccccc1,-6.010000228881836,-6.0141891095554785,-7.497253586339369,-4.531124632771588,scaffold,2035,xgb_rdkit_morgan,xgboost,rdkit+morgan,none,77abfcdbb281d08df2e9fb09cf84b2a648ea9008
esol,a1641c5766fa1d1e,Cc1ccc(S(N)(=O)=O)cc1,aqueous_solubility,log10(mol/L),train,c1ccccc1,-1.7400000095367432,-1.71991669462224,-3.2029811714061305,-0.23685221783834964,scaffold,2035,xgb_rdkit_morgan,xgboost,rdkit+morgan,none,77abfcdbb281d08df2e9fb09cf84b2a648ea9008
esol,b040d11e09a9051b,Cc1ccc([N+](=O)[O-])cc1,aqueous_solubility,log10(mol/L),train,c1ccccc1,-2.490000009536743,-2.4095227864190054,-3.8925872632028957,-0.9264583096351151,scaffold,2035,xgb_rdkit_morgan,xgboost,rdkit+morgan,none,77abfcdbb281d08df2e9fb09cf84b2a648ea9008
esol,2514a688d2813b05,Cc1ccc([N+](=O)[O-])cc1[N+](=O)[O-],aqueous_solubility,log10(mol/L),train,c1ccccc1,-2.819999933242798,-2.7425222507279945,-4.225586727511885,-1.2594577739441042,scaffold,2035,xgb_rdkit_morgan,xgboost,rdkit+morgan,none,77abfcdbb281d08df2e9fb09cf84b2a648ea9008
esol,75d407b5695faf1e,Cc1ccc2c(c1)C(=O)N(C)c1cc(N)ccc1O2,aqueous_solubility,log10(mol/L),calibration,O=C1Nc2ccccc2Oc2ccccc21,-3.927999973297119,-3.6421222912082953,-5.125186767992186,-2.159057814424405,scaffold,2035,xgb_rdkit_morgan,xgboost,rdkit+morgan,none,77abfcdbb281d08df2e9fb09cf84b2a648ea9008
esol,cf6110a1ac72a9f2,Cc1ccc2c(c1)Oc1ncc(N)cc1C(=O)N2C,aqueous_solubility,log10(mol/L),test,O=C1Nc2ccccc2Oc2ncccc21,-3.0429999828338623,-3.4567711645026,-4.93983564128649,-1.9737066877187095,scaffold,2035,xgb_rdkit_morgan,xgboost,rdkit+morgan,none,77abfcdbb281d08df2e9fb09cf84b2a648ea9008
esol,484807ab7d19194e,Cc1ccc2c(ccc3c4c5c(cccc5cc32)CC4)c1,aqueous_solubility,log10(mol/L),test,c1cc2c3c(c4ccc5ccccc5c4cc3c1)CC2,-7.920000076293945,-6.181556812740196,-7.664621289524086,-4.698492335956305,scaffold,2035,xgb_rdkit_morgan,xgboost,rdkit+morgan,none,77abfcdbb281d08df2e9fb09cf84b2a648ea9008
esol,0d7d0a46ef5fcffa,Cc1ccc2c(ccc3ccccc32)c1,aqueous_solubility,log10(mol/L),train,c1ccc2c(c1)ccc1ccccc12,-5.840000152587891,-5.800771745393539,-7.283836222177429,-4.317707268609649,scaffold,2035,xgb_rdkit_morgan,xgboost,rdkit+morgan,none,77abfcdbb281d08df2e9fb09cf84b2a648ea9008
esol,f21bb8ad915e950d,Cc1ccc2cc(C)ccc2c1,aqueous_solubility,log10(mol/L),train,c1ccc2ccccc2c1,-4.889999866485596,-4.84709778409687,-6.33016226088076,-3.3640333073129796,scaffold,2035,xgb_rdkit_morgan,xgboost,rdkit+morgan,none,77abfcdbb281d08df2e9fb09cf84b2a648ea9008
esol,6a4cbbb1228ffe70,Cc1ccc2cc3ccccc3cc2c1,aqueous_solubility,log10(mol/L),calibration,c1ccc2cc3ccccc3cc2c1,-6.960000038146973,-5.864884592035317,-7.347949068819207,-4.3818201152514265,scaffold,2035,xgb_rdkit_morgan,xgboost,rdkit+morgan,none,77abfcdbb281d08df2e9fb09cf84b2a648ea9008
esol,7c337e72c4fb8697,Cc1ccc2ccc(C)nc2c1,aqueous_solubility,log10(mol/L),validation,c1ccc2ncccc2c1,-1.940000057220459,-3.1473099642180786,-4.630374441001969,-1.6642454874341883,scaffold,2035,xgb_rdkit_morgan,xgboost,rdkit+morgan,none,77abfcdbb281d08df2e9fb09cf84b2a648ea9008
esol,62365c0b67433ee7,Cc1ccc2ccccc2c1,aqueous_solubility,log10(mol/L),train,c1ccc2ccccc2c1,-3.7699999809265137,-3.7925315411429583,-5.275596017926849,-2.309467064359068,scaffold,2035,xgb_rdkit_morgan,xgboost,rdkit+morgan,none,77abfcdbb281d08df2e9fb09cf84b2a648ea9008
esol,39db8370e4db7035,Cc1cccc(C)c1,aqueous_solubility,log10(mol/L),train,c1ccccc1,-2.819999933242798,-2.8139814643631094,-4.297045941146999,-1.330916987579219,scaffold,2035,xgb_rdkit_morgan,xgboost,rdkit+morgan,none,77abfcdbb281d08df2e9fb09cf84b2a648ea9008
esol,84bea6e6f81eeef8,Cc1cccc(C)c1C,aqueous_solubility,log10(mol/L),train,c1ccccc1,-3.200000047683716,-3.210821031321663,-4.693885508105554,-1.7277565545377729,scaffold,2035,xgb_rdkit_morgan,xgboost,rdkit+morgan,none,77abfcdbb281d08df2e9fb09cf84b2a648ea9008
esol,ca35ffe188dcb62e,Cc1cccc(C)c1NC(=O)c1cc(S(N)(=O)=O)c(Cl)cc1O,aqueous_solubility,log10(mol/L),test,O=C(Nc1ccccc1)c1ccccc1,-3.7899999618530273,-3.5980630609681086,-5.081127537751999,-2.1149985841842183,scaffold,2035,xgb_rdkit_morgan,xgboost,rdkit+morgan,none,77abfcdbb281d08df2e9fb09cf84b2a648ea9008
esol,9e3832bcb765a66a,Cc1cccc(C)c1O,aqueous_solubility,log10(mol/L),train,c1ccccc1,-1.2899999618530273,-1.2919322748796245,-2.774996751663515,0.19113220190426583,scaffold,2035,xgb_rdkit_morgan,xgboost,rdkit+morgan,none,77abfcdbb281d08df2e9fb09cf84b2a648ea9008
esol,09c3568484741bd2,Cc1cccc(C)n1,aqueous_solubility,log10(mol/L),validation,c1ccncc1,0.44999998807907104,-1.1052478791038176,-2.588312355887708,0.3778165976800727,scaffold,2035,xgb_rdkit_morgan,xgboost,rdkit+morgan,none,77abfcdbb281d08df2e9fb09cf84b2a648ea9008
esol,f8b18cec21f70926,Cc1cccc(N)c1,aqueous_solubility,log10(mol/L),train,c1ccccc1,-0.8500000238418579,-1.0110622693015907,-2.494126746085481,0.4720022074822996,scaffold,2035,xgb_rdkit_morgan,xgboost,rdkit+morgan,none,77abfcdbb281d08df2e9fb09cf84b2a648ea9008
esol,e5c2622998da5c45,Cc1cccc(O)c1,aqueous_solubility,log10(mol/L),train,c1ccccc1,-0.6800000071525574,-0.6734444978151961,-2.1565089745990864,0.8096199789686942,scaffold,2035,xgb_rdkit_morgan,xgboost,rdkit+morgan,none,77abfcdbb281d08df2e9fb09cf84b2a648ea9008
esol,5bbfd578bb7356ff,Cc1cccc([N+](=O)[O-])c1,aqueous_solubility,log10(mol/L),train,c1ccccc1,-2.440000057220459,-2.4319794526883096,-3.9150439294722,-0.9489149759044193,scaffold,2035,xgb_rdkit_morgan,xgboost,rdkit+morgan,none,77abfcdbb281d08df2e9fb09cf84b2a648ea9008
esol,fbc530657b31c9ba,Cc1cccc2c(C)cccc12,aqueous_solubility,log10(mol/L),train,c1ccc2ccccc2c1,-4.678999900817871,-4.520421145606779,-6.003485622390669,-3.0373566688228886,scaffold,2035,xgb_rdkit_morgan,xgboost,rdkit+morgan,none,77abfcdbb281d08df2e9fb09cf84b2a648ea9008
esol,0dd4170e780f9e1b,Cc1cccc2c1Cc1ccccc1-2,aqueous_solubility,log10(mol/L),validation,c1ccc2c(c1)Cc1ccccc1-2,-5.21999979019165,-4.477733729210479,-5.96079820599437,-2.994669252426589,scaffold,2035,xgb_rdkit_morgan,xgboost,rdkit+morgan,none,77abfcdbb281d08df2e9fb09cf84b2a648ea9008
esol,92d50cda130f67ac,Cc1cccc2c1ccc1ccccc12,aqueous_solubility,log10(mol/L),train,c1ccc2c(c1)ccc1ccccc12,-5.849999904632568,-5.8522739773890144,-7.335338454172905,-4.369209500605124,scaffold,2035,xgb_rdkit_morgan,xgboost,rdkit+morgan,none,77abfcdbb281d08df2e9fb09cf84b2a648ea9008
esol,629d13feb3a3b8cd,Cc1cccc2ccccc12,aqueous_solubility,log10(mol/L),train,c1ccc2ccccc2c1,-3.700000047683716,-3.7426470018256284,-5.225711478609519,-2.259582525041738,scaffold,2035,xgb_rdkit_morgan,xgboost,rdkit+morgan,none,77abfcdbb281d08df2e9fb09cf84b2a648ea9008
esol,b79b110dff884a0e,Cc1cccc2sc3nncn3c12,aqueous_solubility,log10(mol/L),test,c1ccc2c(c1)sc1nncn12,-2.069999933242798,-2.8313352168368273,-4.314399693620718,-1.348270740052937,scaffold,2035,xgb_rdkit_morgan,xgboost,rdkit+morgan,none,77abfcdbb281d08df2e9fb09cf84b2a648ea9008
esol,613c1068601fad75,Cc1ccccc1,aqueous_solubility,log10(mol/L),train,c1ccccc1,-2.2100000381469727,-2.186807520078698,-3.669871996862588,-0.7037430432948075,scaffold,2035,xgb_rdkit_morgan,xgboost,rdkit+morgan,none,77abfcdbb281d08df2e9fb09cf84b2a648ea9008
esol,e3961bd7a5f3a550,Cc1ccccc1-n1c(C)nc2ccccc2c1=O,aqueous_solubility,log10(mol/L),calibration,O=c1c2ccccc2ncn1-c1ccccc1,-2.924999952316284,-3.7123745066556118,-5.195438983439502,-2.2293100298717214,scaffold,2035,xgb_rdkit_morgan,xgboost,rdkit+morgan,none,77abfcdbb281d08df2e9fb09cf84b2a648ea9008
esol,2ff33823d5772c05,Cc1ccccc1Br,aqueous_solubility,log10(mol/L),train,c1ccccc1,-2.2300000190734863,-2.5286169763222324,-4.011681453106123,-1.045552499538342,scaffold,2035,xgb_rdkit_morgan,xgboost,rdkit+morgan,none,77abfcdbb281d08df2e9fb09cf84b2a648ea9008
esol,c0b1929de20edfb4,Cc1ccccc1C,aqueous_solubility,log10(mol/L),train,c1ccccc1,-2.799999952316284,-2.8425367052291883,-4.325601182013079,-1.359472228445298,scaffold,2035,xgb_rdkit_morgan,xgboost,rdkit+morgan,none,77abfcdbb281d08df2e9fb09cf84b2a648ea9008
esol,00f0fa1f0651f60d,Cc1ccccc1C(C)C,aqueous_solubility,log10(mol/L),train,c1ccccc1,-3.759999990463257,-3.7362618729678774,-5.219326349751768,-2.253197396183987,scaffold,2035,xgb_rdkit_morgan,xgboost,rdkit+morgan,none,77abfcdbb281d08df2e9fb09cf84b2a648ea9008
esol,a7f475b5b8228872,Cc1ccccc1Cl,aqueous_solubility,log10(mol/L),train,c1ccccc1,-3.5199999809265137,-3.3041741274622445,-4.787238604246134,-1.8211096506783542,scaffold,2035,xgb_rdkit_morgan,xgboost,rdkit+morgan,none,77abfcdbb281d08df2e9fb09cf84b2a648ea9008
esol,0dd4c8702dc1fdce,Cc1ccccc1N,aqueous_solubility,log10(mol/L),train,c1ccccc1,-2.2100000381469727,-1.92350543842636,-3.40656991521025,-0.4404409616424696,scaffold,2035,xgb_rdkit_morgan,xgboost,rdkit+morgan,none,77abfcdbb281d08df2e9fb09cf84b2a648ea9008
esol,a7dff4308003efd2,Cc1ccccc1N1C(=O)c2cc(S(N)(=O)=O)c(Cl)cc2NC1C,aqueous_solubility,log10(mol/L),train,O=C1c2ccccc2NCN1c1ccccc1,-3.7799999713897705,-3.7900238145976166,-5.273088291381507,-2.3069593378137263,scaffold,2035,xgb_rdkit_morgan,xgboost,rdkit+morgan,none,77abfcdbb281d08df2e9fb09cf84b2a648ea9008
esol,24d16ceffc604697,Cc1ccccc1O,aqueous_solubility,log10(mol/L),train,c1ccccc1,-0.6200000047683716,-0.7086543468809565,-2.191718823664847,0.7744101299029338,scaffold,2035,xgb_rdkit_morgan,xgboost,rdkit+morgan,none,77abfcdbb281d08df2e9fb09cf84b2a648ea9008
esol,805826dee21e2541,Cc1ccccc1[N+](=O)[O-],aqueous_solubility,log10(mol/L),train,c1ccccc1,-2.3299999237060547,-2.33813884533734,-3.8212033221212303,-0.8550743685534496,scaffold,2035,xgb_rdkit_morgan,xgboost,rdkit+morgan,none,77abfcdbb281d08df2e9fb09cf84b2a648ea9008
esol,474ee05eaf81182e,Cc1cccnc1C,aqueous_solubility,log10(mol/L),validation,c1ccncc1,0.3799999952316284,-1.1721536479822674,-2.655218124766158,0.3109108288016229,scaffold,2035,xgb_rdkit_morgan,xgboost,rdkit+morgan,none,77abfcdbb281d08df2e9fb09cf84b2a648ea9008
esol,c62348f6c851f984,Cc1ccnc(C)c1,aqueous_solubility,log10(mol/L),validation,c1ccncc1,0.3799999952316284,-1.0308492200109547,-2.513913696794845,0.4522152567729356,scaffold,2035,xgb_rdkit_morgan,xgboost,rdkit+morgan,none,77abfcdbb281d08df2e9fb09cf84b2a648ea9008
esol,4de2045f3a11fa0a,Cc1ccnc2c1NC(=O)c1cccnc1N2C1CC1,aqueous_solubility,log10(mol/L),train,O=C1Nc2cccnc2N(C2CC2)c2ncccc21,-3.190000057220459,-3.241308462603076,-4.724372939386966,-1.7582439858191856,scaffold,2035,xgb_rdkit_morgan,xgboost,rdkit+morgan,none,77abfcdbb281d08df2e9fb09cf84b2a648ea9008
esol,acc76910d8f4ff6b,Cc1ccncc1C,aqueous_solubility,log10(mol/L),validation,c1ccncc1,0.36000001430511475,-1.1379349163044536,-2.620999393088344,0.34512956047943666,scaffold,2035,xgb_rdkit_morgan,xgboost,rdkit+morgan,none,77abfcdbb281d08df2e9fb09cf84b2a648ea9008
esol,ee3c8e9fe56171f6,Cc1cnc2cncnc2n1,aqueous_solubility,log10(mol/L),train,c1cnc2ncncc2n1,-0.8539999723434448,-0.7075938607784176,-2.190658337562308,0.7754706160054727,scaffold,2035,xgb_rdkit_morgan,xgboost,rdkit+morgan,none,77abfcdbb281d08df2e9fb09cf84b2a648ea9008
esol,b7bc00c49d3331ef,Cc1cncc(C)c1,aqueous_solubility,log10(mol/L),validation,c1ccncc1,0.3799999952316284,-0.931032509776035,-2.414096986559925,0.5520319670078553,scaffold,2035,xgb_rdkit_morgan,xgboost,rdkit+morgan,none,77abfcdbb281d08df2e9fb09cf84b2a648ea9008
esol,042b34bcb74741d5,Cc1nc(N(C)C)nc(OC(=O)N(C)C)c1C,aqueous_solubility,log10(mol/L),calibration,c1cncnc1,-1.9500000476837158,-1.8834906774456277,-3.366555154229518,-0.4004262006617374,scaffold,2035,xgb_rdkit_morgan,xgboost,rdkit+morgan,none,77abfcdbb281d08df2e9fb09cf84b2a648ea9008
esol,cec71bf80bd8f6e3,Cc1ncc([N+](=O)[O-])n1CCO,aqueous_solubility,log10(mol/L),train,c1c[nH]cn1,-1.2400000095367432,-1.2622323685601107,-2.7452968453440008,0.22083210822377963,scaffold,2035,xgb_rdkit_morgan,xgboost,rdkit+morgan,none,77abfcdbb281d08df2e9fb09cf84b2a648ea9008
esol,1cb0421cc2c2827f,Cc1ncc2nccnc2n1,aqueous_solubility,log10(mol/L),train,c1cnc2ncncc2n1,-0.11999999731779099,-0.27433064815016683,-1.7573951249340571,1.2087338286337235,scaffold,2035,xgb_rdkit_morgan,xgboost,rdkit+morgan,none,77abfcdbb281d08df2e9fb09cf84b2a648ea9008
esol,cfa09bff2b7e2c4b,Cc1ncnc2nccnc12,aqueous_solubility,log10(mol/L),train,c1cnc2ncncc2n1,-0.4659999907016754,-0.4835837513597294,-1.9666482281436197,0.9994807254241609,scaffold,2035,xgb_rdkit_morgan,xgboost,rdkit+morgan,none,77abfcdbb281d08df2e9fb09cf84b2a648ea9008
esol,284d1cdd17c0d81f,Cc1nnc2n1-c1ccc(Cl)cc1C(c1ccccc1Cl)=NC2,aqueous_solubility,log10(mol/L),test,c1ccc(C2=NCc3nncn3-c3ccccc32)cc1,-4.090000152587891,-4.905331632176923,-6.388396108960813,-3.4222671553930324,scaffold,2035,xgb_rdkit_morgan,xgboost,rdkit+morgan,none,77abfcdbb281d08df2e9fb09cf84b2a648ea9008
esol,ec2b7fe9f13b2d9c,Cc1occc1C(=O)Nc1ccccc1,aqueous_solubility,log10(mol/L),validation,O=C(Nc1ccccc1)c1ccoc1,-3.299999952316284,-3.48446436694484,-4.96752884372873,-2.0013998901609495,scaffold,2035,xgb_rdkit_morgan,xgboost,rdkit+morgan,none,77abfcdbb281d08df2e9fb09cf84b2a648ea9008
esol,cdc579c966071175,Cl/C=C\Cl,aqueous_solubility,log10(mol/L),train,,-1.2999999523162842,-1.4034746735216086,-2.8865391503054987,0.07958980326228171,scaffold,2035,xgb_rdkit_morgan,xgboost,rdkit+morgan,none,77abfcdbb281d08df2e9fb09cf84b2a648ea9008
esol,02468b6be0148620,ClC(Br)Br,aqueous_solubility,log10(mol/L),train,,-1.899999976158142,-1.885241049668636,-3.3683055264525263,-0.40217657288474573,scaffold,2035,xgb_rdkit_morgan,xgboost,rdkit+morgan,none,77abfcdbb281d08df2e9fb09cf84b2a648ea9008
esol,0ca70198c63a232f,ClC(Cl)(Cl)C(Cl)(Cl)Cl,aqueous_solubility,log10(mol/L),train,,-3.6700000762939453,-3.7200050058697776,-5.203069482653667,-2.2369405290858873,scaffold,2035,xgb_rdkit_morgan,xgboost,rdkit+morgan,none,77abfcdbb281d08df2e9fb09cf84b2a648ea9008
esol,d2ba0174e7c2c4be,ClC(Cl)(Cl)Cl,aqueous_solubility,log10(mol/L),train,,-2.309999942779541,-2.2705035171352126,-3.753567993919103,-0.7874390403513223,scaffold,2035,xgb_rdkit_morgan,xgboost,rdkit+morgan,none,77abfcdbb281d08df2e9fb09cf84b2a648ea9008
esol,41b1caa188d009ed,ClC(Cl)=C(Cl)C(Cl)=C(Cl)Cl,aqueous_solubility,log10(mol/L),train,,-4.920000076293945,-4.957707149771174,-6.4407716265550645,-3.474642672987284,scaffold,2035,xgb_rdkit_morgan,xgboost,rdkit+morgan,none,77abfcdbb281d08df2e9fb09cf84b2a648ea9008
esol,0a598a4f3d7fd0d1,ClC(Cl)=C(Cl)Cl,aqueous_solubility,log10(mol/L),train,,-2.5399999618530273,-2.588228310088847,-4.071292786872737,-1.1051638333049567,scaffold,2035,xgb_rdkit_morgan,xgboost,rdkit+morgan,none,77abfcdbb281d08df2e9fb09cf84b2a648ea9008
esol,4ab2bc44793c9976,ClC(Cl)=C(c1ccc(Cl)cc1)c1ccc(Cl)cc1,aqueous_solubility,log10(mol/L),calibration,C=C(c1ccccc1)c1ccccc1,-6.900000095367432,-7.228169172360971,-8.711233649144862,-5.745104695577081,scaffold,2035,xgb_rdkit_morgan,xgboost,rdkit+morgan,none,77abfcdbb281d08df2e9fb09cf84b2a648ea9008
esol,67aa014f03d20911,ClC(Cl)Br,aqueous_solubility,log10(mol/L),train,,-1.5399999618530273,-1.4935409219846707,-2.976605398768561,-0.010476445200780393,scaffold,2035,xgb_rdkit_morgan,xgboost,rdkit+morgan,none,77abfcdbb281d08df2e9fb09cf84b2a648ea9008
esol,54b833be7f8d53bc,ClC(Cl)C(Cl)(Cl)Cl,aqueous_solubility,log10(mol/L),train,,-2.5999999046325684,-2.6447882073444378,-4.127852684128328,-1.1617237305605475,scaffold,2035,xgb_rdkit_morgan,xgboost,rdkit+morgan,none,77abfcdbb281d08df2e9fb09cf84b2a648ea9008
esol,84612cb9c965a207,ClC(Cl)C(Cl)Cl,aqueous_solubility,log10(mol/L),train,,-1.7400000095367432,-1.8297710222240988,-3.3128354990079893,-0.3467065454402085,scaffold,2035,xgb_rdkit_morgan,xgboost,rdkit+morgan,none,77abfcdbb281d08df2e9fb09cf84b2a648ea9008
esol,98805ccd27cea784,ClC(Cl)Cl,aqueous_solubility,log10(mol/L),train,,-1.1699999570846558,-1.278412977584977,-2.761477454368867,0.20465149919891323,scaffold,2035,xgb_rdkit_morgan,xgboost,rdkit+morgan,none,77abfcdbb281d08df2e9fb09cf84b2a648ea9008
esol,06320f68e141f9e5,ClC1(Cl)C2(Cl)C3(Cl)C4(Cl)C(Cl)(Cl)C5(Cl)C3(Cl)C1(Cl)C5(Cl)C24Cl,aqueous_solubility,log10(mol/L),calibration,C1C2C3C4CC5C3C1C5C24,-6.800000190734863,-7.7757401484333135,-9.258804625217204,-6.292675671649423,scaffold,2035,xgb_rdkit_morgan,xgboost,rdkit+morgan,none,77abfcdbb281d08df2e9fb09cf84b2a648ea9008
esol,e4dfffaeb7fece39,ClC1=C(Cl)C(Cl)(C2(Cl)C(Cl)=C(Cl)C(Cl)=C2Cl)C(Cl)=C1Cl,aqueous_solubility,log10(mol/L),train,C1=CC(C2C=CC=C2)C=C1,-7.2779998779296875,-7.336195741237155,-8.819260218021046,-5.853131264453265,scaffold,2035,xgb_rdkit_morgan,xgboost,rdkit+morgan,none,77abfcdbb281d08df2e9fb09cf84b2a648ea9008
esol,75fac8bbc9bd1273,ClC1=C(Cl)C2(Cl)C3C(Cl)C(Cl)CC3C1(Cl)C2(Cl)Cl,aqueous_solubility,log10(mol/L),train,C1=CC2CC1C1CCCC21,-6.860000133514404,-6.889867928984566,-8.372932405768456,-5.406803452200676,scaffold,2035,xgb_rdkit_morgan,xgboost,rdkit+morgan,none,77abfcdbb281d08df2e9fb09cf84b2a648ea9008
esol,ff8fb7708cb3f0c6,ClC1=C(Cl)C2(Cl)C3C(Cl)C=CC3C1(Cl)C2(Cl)Cl,aqueous_solubility,log10(mol/L),test,C1=CC2C3C=CC(C3)C2C1,-6.316999912261963,-6.480000028044952,-7.963064504828842,-4.996935551261061,scaffold,2035,xgb_rdkit_morgan,xgboost,rdkit+morgan,none,77abfcdbb281d08df2e9fb09cf84b2a648ea9008
esol,c61121c1c8eea03b,ClC1=C(Cl)C2(Cl)C3C4C=CC(C4)C3C1(Cl)C2(Cl)Cl,aqueous_solubility,log10(mol/L),test,C1=CC2CC1C1C3C=CC(C3)C21,-6.307000160217285,-6.578785353778489,-8.06184983056238,-5.095720876994599,scaffold,2035,xgb_rdkit_morgan,xgboost,rdkit+morgan,none,77abfcdbb281d08df2e9fb09cf84b2a648ea9008
esol,602d941d17fdc2a1,ClC1=C(Cl)C2(Cl)C3C4CC(C5OC45)C3C1(Cl)C2(Cl)Cl,aqueous_solubility,log10(mol/L),calibration,C1=CC2CC1C1C3CC(C4OC34)C21,-6.289999961853027,-5.7132626368067605,-7.196327113590651,-4.23019816002287,scaffold,2035,xgb_rdkit_morgan,xgboost,rdkit+morgan,none,77abfcdbb281d08df2e9fb09cf84b2a648ea9008
esol,c0c11f69a53518bf,ClC1=C(Cl)C2(Cl)C3CC=CC3C1(Cl)C2(Cl)Cl,aqueous_solubility,log10(mol/L),test,C1=CC2C3C=CC(C3)C2C1,-5.639999866485596,-6.2116393160283785,-7.694703792812269,-4.728574839244488,scaffold,2035,xgb_rdkit_morgan,xgboost,rdkit+morgan,none,77abfcdbb281d08df2e9fb09cf84b2a648ea9008
esol,acc3e463d708804a,ClC1C(Cl)C(Cl)C(Cl)C(Cl)C1Cl,aqueous_solubility,log10(mol/L),test,C1CCCCC1,-4.639999866485596,-4.92572532157488,-6.408789798358771,-3.44266084479099,scaffold,2035,xgb_rdkit_morgan,xgboost,rdkit+morgan,none,77abfcdbb281d08df2e9fb09cf84b2a648ea9008
esol,d8c7cd86e810e44c,ClC=C(Cl)Cl,aqueous_solubility,log10(mol/L),train,,-1.9600000381469727,-1.9300969510882284,-3.4131614278721187,-0.4470324743043381,scaffold,2035,xgb_rdkit_morgan,xgboost,rdkit+morgan,none,77abfcdbb281d08df2e9fb09cf84b2a648ea9008
esol,799ae202d8673e0d,ClCBr,aqueous_solubility,log10(mol/L),train,,-0.8899999856948853,-1.0525024742197695,-2.53556695100366,0.4305620025641208,scaffold,2035,xgb_rdkit_morgan,xgboost,rdkit+morgan,none,77abfcdbb281d08df2e9fb09cf84b2a648ea9008
esol,2f88b15161704fe1,ClCC(Cl)(Cl)Cl,aqueous_solubility,log10(mol/L),train,,-2.180000066757202,-2.122651021035186,-3.605715497819076,-0.6395865442512956,scaffold,2035,xgb_rdkit_morgan,xgboost,rdkit+morgan,none,77abfcdbb281d08df2e9fb09cf84b2a648ea9008
esol,a707f7db404f8b28,ClCC(Cl)Cl,aqueous_solubility,log10(mol/L),train,,-1.4800000190734863,-1.469538990389486,-2.9526034671733763,0.013525486394404318,scaffold,2035,xgb_rdkit_morgan,xgboost,rdkit+morgan,none,77abfcdbb281d08df2e9fb09cf84b2a648ea9008
esol,8842b999c889ea96,ClCCBr,aqueous_solubility,log10(mol/L),train,,-1.3200000524520874,-1.2690359665642825,-2.752100443348173,0.21402851021960778,scaffold,2035,xgb_rdkit_morgan,xgboost,rdkit+morgan,none,77abfcdbb281d08df2e9fb09cf84b2a648ea9008
esol,02febcd9230316dc,ClCCCCl,aqueous_solubility,log10(mol/L),train,,-1.6200000047683716,-1.6044067380952856,-3.0874712148791756,-0.12134226131139525,scaffold,2035,xgb_rdkit_morgan,xgboost,rdkit+morgan,none,77abfcdbb281d08df2e9fb09cf84b2a648ea9008
esol,9568f991b43a2bb3,ClCCCl,aqueous_solubility,log10(mol/L),train,,-1.059999942779541,-1.0479731960414624,-2.5310376728253527,0.43509128074242787,scaffold,2035,xgb_rdkit_morgan,xgboost,rdkit+morgan,none,77abfcdbb281d08df2e9fb09cf84b2a648ea9008
esol,ff331298818c6b38,ClCCl,aqueous_solubility,log10(mol/L),train,,-0.6299999952316284,-0.6730717597563065,-2.156136236540197,0.8099927170275838,scaffold,2035,xgb_rdkit_morgan,xgboost,rdkit+morgan,none,77abfcdbb281d08df2e9fb09cf84b2a648ea9008
esol,aafa74db54a6879c,ClCc1ccccc1,aqueous_solubility,log10(mol/L),train,c1ccccc1,-2.390000104904175,-2.472097880699283,-3.9551623574831734,-0.9890334039153927,scaffold,2035,xgb_rdkit_morgan,xgboost,rdkit+morgan,none,77abfcdbb281d08df2e9fb09cf84b2a648ea9008
esol,f7d72e8c224bfbc6,Clc1c(Cl)c(Cl)c(-c2c(Cl)c(Cl)c(Cl)c(Cl)c2Cl)c(Cl)c1Cl,aqueous_solubility,log10(mol/L),train,c1ccc(-c2ccccc2)cc1,-11.600000381469727,-11.349134544268637,-12.832199021052528,-9.866070067484745,scaffold,2035,xgb_rdkit_morgan,xgboost,rdkit+morgan,none,77abfcdbb281d08df2e9fb09cf84b2a648ea9008
esol,d6d8debb73fe7fc2,Clc1c(Cl)c(Cl)c(-c2ccccc2)c(Cl)c1Cl,aqueous_solubility,log10(mol/L),train,c1ccc(-c2ccccc2)cc1,-7.920000076293945,-7.911889554410439,-9.39495403119433,-6.4288250776265485,scaffold,2035,xgb_rdkit_morgan,xgboost,rdkit+morgan,none,77abfcdbb281d08df2e9fb09cf84b2a648ea9008
esol,8d2e833fc0a927e0,Clc1c(Cl)c(Cl)c2nccnc2c1Cl,aqueous_solubility,log10(mol/L),validation,c1ccc2nccnc2c1,-5.429999828338623,-5.331365531949803,-6.8144300087336935,-3.848301055165913,scaffold,2035,xgb_rdkit_morgan,xgboost,rdkit+morgan,none,77abfcdbb281d08df2e9fb09cf84b2a648ea9008
esol,2961e60af2c2e639,Clc1cc(-c2cc(Cl)c(Cl)c(Cl)c2Cl)c(Cl)c(Cl)c1Cl,aqueous_solubility,log10(mol/L),train,c1ccc(-c2ccccc2)cc1,-9.15999984741211,-9.162281065454327,-10.645345542238218,-7.679216588670436,scaffold,2035,xgb_rdkit_morgan,xgboost,rdkit+morgan,none,77abfcdbb281d08df2e9fb09cf84b2a648ea9008
esol,774278a3eb0e299f,Clc1cc(Cl)c(-c2c(Cl)cc(Cl)cc2Cl)c(Cl)c1,aqueous_solubility,log10(mol/L),train,c1ccc(-c2ccccc2)cc1,-8.710000038146973,-8.624758100177909,-10.107822576961798,-7.141693623394018,scaffold,2035,xgb_rdkit_morgan,xgboost,rdkit+morgan,none,77abfcdbb281d08df2e9fb09cf84b2a648ea9008
esol,65c97c9a853ac7b7,Clc1cc(Cl)c(-c2c(Cl)cccc2Cl)c(Cl)c1,aqueous_solubility,log10(mol/L),train,c1ccc(-c2ccccc2)cc1,-7.320000171661377,-7.391434143692899,-8.874498620476789,-5.9083696669090084,scaffold,2035,xgb_rdkit_morgan,xgboost,rdkit+morgan,none,77abfcdbb281d08df2e9fb09cf84b2a648ea9008
esol,e95750f09c02f459,Clc1cc(Cl)c(-c2cc(Cl)c(Cl)cc2Cl)cc1Cl,aqueous_solubility,log10(mol/L),train,c1ccc(-c2ccccc2)cc1,-8.5600004196167,-8.546118684495344,-10.029183161279235,-7.0630542077114535,scaffold,2035,xgb_rdkit_morgan,xgboost,rdkit+morgan,none,77abfcdbb281d08df2e9fb09cf84b2a648ea9008
esol,b157946c30a80eb4,Clc1cc(Cl)c(-c2cccc(Cl)c2Cl)cc1Cl,aqueous_solubility,log10(mol/L),train,c1ccc(-c2ccccc2)cc1,-7.210000038146973,-7.339707888759544,-8.822772365543434,-5.856643411975654,scaffold,2035,xgb_rdkit_morgan,xgboost,rdkit+morgan,none,77abfcdbb281d08df2e9fb09cf84b2a648ea9008
esol,a0bcec40342b3841,Clc1cc(Cl)c(Cl)c(-c2c(Cl)c(Cl)cc(Cl)c2Cl)c1Cl,aqueous_solubility,log10(mol/L),train,c1ccc(-c2ccccc2)cc1,-9.149999618530273,-9.210881927205557,-10.693946403989447,-7.727817450421667,scaffold,2035,xgb_rdkit_morgan,xgboost,rdkit+morgan,none,77abfcdbb281d08df2e9fb09cf84b2a648ea9008
esol,2616b1e4874424ae,Clc1cc(Cl)c(Cl)c(Cl)c1,aqueous_solubility,log10(mol/L),train,c1ccccc1,-4.630000114440918,-4.668172112753384,-6.151236589537274,-3.1851076359694934,scaffold,2035,xgb_rdkit_morgan,xgboost,rdkit+morgan,none,77abfcdbb281d08df2e9fb09cf84b2a648ea9008
esol,4ae057200d12c27a,Clc1cc(Cl)c(Cl)c(Cl)c1Cl,aqueous_solubility,log10(mol/L),train,c1ccccc1,-5.650000095367432,-5.647168030517272,-7.130232507301162,-4.164103553733382,scaffold,2035,xgb_rdkit_morgan,xgboost,rdkit+morgan,none,77abfcdbb281d08df2e9fb09cf84b2a648ea9008
esol,0c3f97461e3a6ac5,Clc1cc(Cl)c(Cl)cc1Cl,aqueous_solubility,log10(mol/L),train,c1ccccc1,-5.559999942779541,-5.468539551851716,-6.9516040286356064,-3.985475075067826,scaffold,2035,xgb_rdkit_morgan,xgboost,rdkit+morgan,none,77abfcdbb281d08df2e9fb09cf84b2a648ea9008
esol,2ed6ea5c9ed07a30,Clc1cc(Cl)cc(Cl)c1,aqueous_solubility,log10(mol/L),train,c1ccccc1,-4.480000019073486,-4.392018229511285,-5.875082706295175,-2.9089537527273945,scaffold,2035,xgb_rdkit_morgan,xgboost,rdkit+morgan,none,77abfcdbb281d08df2e9fb09cf84b2a648ea9008
esol,c0af4f765a7a2f7b,Clc1ccc(-c2c(Cl)c(Cl)c(Cl)c(Cl)c2Cl)c(Cl)c1,aqueous_solubility,log10(mol/L),train,c1ccc(-c2ccccc2)cc1,-7.920000076293945,-8.064851846240815,-9.547916323024705,-6.581787369456925,scaffold,2035,xgb_rdkit_morgan,xgboost,rdkit+morgan,none,77abfcdbb281d08df2e9fb09cf84b2a648ea9008
esol,b77c693b7971506a,Clc1ccc(-c2c(Cl)cc(Cl)c(Cl)c2Cl)c(Cl)c1Cl,aqueous_solubility,log10(mol/L),train,c1ccc(-c2ccccc2)cc1,-7.659999847412109,-7.74267312746901,-9.2257376042529,-6.25960865068512,scaffold,2035,xgb_rdkit_morgan,xgboost,rdkit+morgan,none,77abfcdbb281d08df2e9fb09cf84b2a648ea9008
esol,74e4508e371d2f48,Clc1ccc(-c2c(Cl)ccc(Cl)c2Cl)c(Cl)c1,aqueous_solubility,log10(mol/L),train,c1ccc(-c2ccccc2)cc1,-7.429999828338623,-7.419687641043929,-8.90275211782782,-5.936623164260038,scaffold,2035,xgb_rdkit_morgan,xgboost,rdkit+morgan,none,77abfcdbb281d08df2e9fb09cf84b2a648ea9008
esol,cb495e06db8d7232,Clc1ccc(-c2c(Cl)cccc2Cl)cc1,aqueous_solubility,log10(mol/L),train,c1ccc(-c2ccccc2)cc1,-6.139999866485596,-6.160353029791686,-7.6434175065755765,-4.677288553007796,scaffold,2035,xgb_rdkit_morgan,xgboost,rdkit+morgan,none,77abfcdbb281d08df2e9fb09cf84b2a648ea9008
esol,5ee831f51afeddb2,Clc1ccc(-c2cc(Cl)c(Cl)c(Cl)c2Cl)c(Cl)c1,aqueous_solubility,log10(mol/L),train,c1ccc(-c2ccccc2)cc1,-7.389999866485596,-7.432938490915666,-8.916002967699557,-5.949874014131776,scaffold,2035,xgb_rdkit_morgan,xgboost,rdkit+morgan,none,77abfcdbb281d08df2e9fb09cf84b2a648ea9008
esol,1a12f3f13f6a0e9e,Clc1ccc(-c2cc(Cl)c(Cl)c(Cl)c2Cl)cc1Cl,aqueous_solubility,log10(mol/L),train,c1ccc(-c2ccccc2)cc1,-7.820000171661377,-7.840575665040128,-9.323640141824018,-6.357511188256238,scaffold,2035,xgb_rdkit_morgan,xgboost,rdkit+morgan,none,77abfcdbb281d08df2e9fb09cf84b2a648ea9008
esol,8518e78fe40ac045,Clc1ccc(-c2cc(Cl)ccc2Cl)c(Cl)c1,aqueous_solubility,log10(mol/L),train,c1ccc(-c2ccccc2)cc1,-6.570000171661377,-6.650535648384096,-8.133600125167987,-5.167471171600206,scaffold,2035,xgb_rdkit_morgan,xgboost,rdkit+morgan,none,77abfcdbb281d08df2e9fb09cf84b2a648ea9008
esol,9f1b9d25fb44f83d,Clc1ccc(-c2cc(Cl)ccc2Cl)cc1,aqueous_solubility,log10(mol/L),train,c1ccc(-c2ccccc2)cc1,-6.25,-6.245985857187189,-7.729050333971079,-4.762921380403299,scaffold,2035,xgb_rdkit_morgan,xgboost,rdkit+morgan,none,77abfcdbb281d08df2e9fb09cf84b2a648ea9008
esol,22cebd56a1304897,Clc1ccc(-c2ccc(Cl)c(Cl)c2Cl)c(Cl)c1,aqueous_solubility,log10(mol/L),train,c1ccc(-c2ccccc2)cc1,-7.800000190734863,-7.545824195710609,-9.0288886724945,-6.062759718926719,scaffold,2035,xgb_rdkit_morgan,xgboost,rdkit+morgan,none,77abfcdbb281d08df2e9fb09cf84b2a648ea9008
esol,7095be81338edf2f,Clc1ccc(-c2ccc(Cl)c(Cl)c2Cl)c(Cl)c1Cl,aqueous_solubility,log10(mol/L),train,c1ccc(-c2ccccc2)cc1,-8.010000228881836,-8.042762186796704,-9.525826663580595,-6.559697710012814,scaffold,2035,xgb_rdkit_morgan,xgboost,rdkit+morgan,none,77abfcdbb281d08df2e9fb09cf84b2a648ea9008
esol,ce368bfaa7504ff6,Clc1ccc(-c2ccc(Cl)cc2)cc1,aqueous_solubility,log10(mol/L),train,c1ccc(-c2ccccc2)cc1,-6.559999942779541,-6.387523454313888,-7.870587931097778,-4.904458977529997,scaffold,2035,xgb_rdkit_morgan,xgboost,rdkit+morgan,none,77abfcdbb281d08df2e9fb09cf84b2a648ea9008
esol,6f8edbb2bf0f81e8,Clc1ccc(-c2cccc(Cl)c2Cl)cc1,aqueous_solubility,log10(mol/L),train,c1ccc(-c2ccccc2)cc1,-6.289999961853027,-6.287620627095954,-7.770685103879845,-4.804556150312064,scaffold,2035,xgb_rdkit_morgan,xgboost,rdkit+morgan,none,77abfcdbb281d08df2e9fb09cf84b2a648ea9008
esol,f833b27b81b2d3f3,Clc1ccc(-c2ccccc2)cc1Cl,aqueous_solubility,log10(mol/L),train,c1ccc(-c2ccccc2)cc1,-6.389999866485596,-6.197922840538142,-7.680987317322033,-4.714858363754252,scaffold,2035,xgb_rdkit_morgan,xgboost,rdkit+morgan,none,77abfcdbb281d08df2e9fb09cf84b2a648ea9008
esol,8746749198ee72df,Clc1ccc(-c2ccccc2Cl)cc1,aqueous_solubility,log10(mol/L),train,c1ccc(-c2ccccc2)cc1,-5.28000020980835,-5.367453655460251,-6.850518132244141,-3.8843891786763605,scaffold,2035,xgb_rdkit_morgan,xgboost,rdkit+morgan,none,77abfcdbb281d08df2e9fb09cf84b2a648ea9008
esol,2552a8a5c530456d,Clc1ccc(Br)cc1,aqueous_solubility,log10(mol/L),train,c1ccccc1,-3.630000114440918,-3.571977276557075,-5.055041753340966,-2.0889127997731847,scaffold,2035,xgb_rdkit_morgan,xgboost,rdkit+morgan,none,77abfcdbb281d08df2e9fb09cf84b2a648ea9008
esol,18756f35eaee5f67,Clc1ccc(C(c2ccc(Cl)cc2)C(Cl)(Cl)Cl)cc1,aqueous_solubility,log10(mol/L),calibration,c1ccc(Cc2ccccc2)cc1,-7.150000095367432,-7.210445940910738,-8.693510417694629,-5.7273814641268475,scaffold,2035,xgb_rdkit_morgan,xgboost,rdkit+morgan,none,77abfcdbb281d08df2e9fb09cf84b2a648ea9008
esol,d83db8991c46c008,Clc1ccc(C(c2ccc(Cl)cc2)C(Cl)Cl)cc1,aqueous_solubility,log10(mol/L),calibration,c1ccc(Cc2ccccc2)cc1,-7.199999809265137,-7.021068399816508,-8.504132876600398,-5.538003923032618,scaffold,2035,xgb_rdkit_morgan,xgboost,rdkit+morgan,none,77abfcdbb281d08df2e9fb09cf84b2a648ea9008
esol,ee7e8b5757931b2a,Clc1ccc(C(c2ccccc2Cl)C(Cl)Cl)cc1,aqueous_solubility,log10(mol/L),calibration,c1ccc(Cc2ccccc2)cc1,-6.510000228881836,-6.58617454726715,-8.06923902405104,-5.103110070483259,scaffold,2035,xgb_rdkit_morgan,xgboost,rdkit+morgan,none,77abfcdbb281d08df2e9fb09cf84b2a648ea9008
esol,cbeeaf51493722da,Clc1ccc(Cl)c(-c2c(Cl)c(Cl)c(Cl)c(Cl)c2Cl)c1,aqueous_solubility,log10(mol/L),train,c1ccc(-c2ccccc2)cc1,-8.9399995803833,-8.79942234685577,-10.282486823639662,-7.31635787007188,scaffold,2035,xgb_rdkit_morgan,xgboost,rdkit+morgan,none,77abfcdbb281d08df2e9fb09cf84b2a648ea9008
esol,4b1903b76dbb120d,Clc1ccc(Cl)c(-c2c(Cl)c(Cl)cc(Cl)c2Cl)c1,aqueous_solubility,log10(mol/L),train,c1ccc(-c2ccccc2)cc1,-7.420000076293945,-7.6560905188374075,-9.139154995621297,-6.173026042053517,scaffold,2035,xgb_rdkit_morgan,xgboost,rdkit+morgan,none,77abfcdbb281d08df2e9fb09cf84b2a648ea9008
esol,645ccf5d504a0dec,Clc1ccc(Cl)c(-c2cc(Cl)c(Cl)c(Cl)c2Cl)c1,aqueous_solubility,log10(mol/L),train,c1ccc(-c2ccccc2)cc1,-7.679999828338623,-7.647396148232405,-9.130460625016294,-6.164331671448514,scaffold,2035,xgb_rdkit_morgan,xgboost,rdkit+morgan,none,77abfcdbb281d08df2e9fb09cf84b2a648ea9008
esol,3c9ca7c6d703a964,Clc1ccc(Cl)c(-c2ccc(Cl)c(Cl)c2)c1,aqueous_solubility,log10(mol/L),train,c1ccc(-c2ccccc2)cc1,-7.25,-7.103420467114326,-8.586484943898217,-5.620355990330435,scaffold,2035,xgb_rdkit_morgan,xgboost,rdkit+morgan,none,77abfcdbb281d08df2e9fb09cf84b2a648ea9008
esol,35e214a2d4a10c28,Clc1ccc(Cl)c(-c2cccc(Cl)c2Cl)c1,aqueous_solubility,log10(mol/L),train,c1ccc(-c2ccccc2)cc1,-6.46999979019165,-6.486975622451059,-7.970040099234949,-5.0039111456671685,scaffold,2035,xgb_rdkit_morgan,xgboost,rdkit+morgan,none,77abfcdbb281d08df2e9fb09cf84b2a648ea9008
esol,33236e25aeefc7f1,Clc1ccc(Cl)c(Cl)c1,aqueous_solubility,log10(mol/L),train,c1ccccc1,-3.5899999141693115,-3.6785766791561523,-5.161641155940043,-2.195512202372262,scaffold,2035,xgb_rdkit_morgan,xgboost,rdkit+morgan,none,77abfcdbb281d08df2e9fb09cf84b2a648ea9008
esol,a3a6b3e68efa0c93,Clc1ccc(Cl)c(Cl)c1Cl,aqueous_solubility,log10(mol/L),train,c1ccccc1,-4.570000171661377,-4.687294477917978,-6.170358954701868,-3.2042300011340874,scaffold,2035,xgb_rdkit_morgan,xgboost,rdkit+morgan,none,77abfcdbb281d08df2e9fb09cf84b2a648ea9008
esol,815634865cf712a3,Clc1ccc(Cl)cc1,aqueous_solubility,log10(mol/L),train,c1ccccc1,-3.2699999809265137,-3.2707999361281868,-4.753864412912077,-1.7877354593442965,scaffold,2035,xgb_rdkit_morgan,xgboost,rdkit+morgan,none,77abfcdbb281d08df2e9fb09cf84b2a648ea9008
esol,ae221f98af80122f,Clc1ccc(I)cc1,aqueous_solubility,log10(mol/L),train,c1ccccc1,-4.03000020980835,-3.9858691568532896,-5.46893363363718,-2.5028046800693993,scaffold,2035,xgb_rdkit_morgan,xgboost,rdkit+morgan,none,77abfcdbb281d08df2e9fb09cf84b2a648ea9008
esol,45b800e2f19955f8,Clc1ccc2ccccc2c1,aqueous_solubility,log10(mol/L),train,c1ccc2ccccc2c1,-4.139999866485596,-4.1061499942391695,-5.58921447102306,-2.623085517455279,scaffold,2035,xgb_rdkit_morgan,xgboost,rdkit+morgan,none,77abfcdbb281d08df2e9fb09cf84b2a648ea9008
esol,eb7d09b2417f6c70,Clc1cccc(-c2c(Cl)c(Cl)cc(Cl)c2Cl)c1Cl,aqueous_solubility,log10(mol/L),train,c1ccc(-c2ccccc2)cc1,-8.600000381469727,-8.366896533166202,-9.849961009950093,-6.883832056382311,scaffold,2035,xgb_rdkit_morgan,xgboost,rdkit+morgan,none,77abfcdbb281d08df2e9fb09cf84b2a648ea9008
esol,70ccc7bf4de46f33,Clc1cccc(-c2cc(Cl)ccc2Cl)c1,aqueous_solubility,log10(mol/L),train,c1ccc(-c2ccccc2)cc1,-6.010000228881836,-6.065486323740361,-7.548550800524251,-4.58242184695647,scaffold,2035,xgb_rdkit_morgan,xgboost,rdkit+morgan,none,77abfcdbb281d08df2e9fb09cf84b2a648ea9008
esol,99327cae5414d340,Clc1cccc(-c2cccc(Cl)c2Cl)c1Cl,aqueous_solubility,log10(mol/L),train,c1ccc(-c2ccccc2)cc1,-7.28000020980835,-7.280873241093174,-8.763937717877063,-5.797808764309283,scaffold,2035,xgb_rdkit_morgan,xgboost,rdkit+morgan,none,77abfcdbb281d08df2e9fb09cf84b2a648ea9008
esol,8e2dcd65ee407c2e,Clc1cccc(-c2ccccc2)c1,aqueous_solubility,log10(mol/L),train,c1ccc(-c2ccccc2)cc1,-4.880000114440918,-4.930367799042584,-6.413432275826474,-3.4473033222586933,scaffold,2035,xgb_rdkit_morgan,xgboost,rdkit+morgan,none,77abfcdbb281d08df2e9fb09cf84b2a648ea9008
esol,78d46e77b5e487ad,Clc1cccc(Br)c1,aqueous_solubility,log10(mol/L),train,c1ccccc1,-3.2100000381469727,-3.198468054932127,-4.681532531716018,-1.7154035781482366,scaffold,2035,xgb_rdkit_morgan,xgboost,rdkit+morgan,none,77abfcdbb281d08df2e9fb09cf84b2a648ea9008
esol,8efb6c83a60e44a4,Clc1cccc(C(Cl)(Cl)Cl)n1,aqueous_solubility,log10(mol/L),validation,c1ccncc1,-3.759999990463257,-4.163835781961123,-5.6469002587450134,-2.680771305177233,scaffold,2035,xgb_rdkit_morgan,xgboost,rdkit+morgan,none,77abfcdbb281d08df2e9fb09cf84b2a648ea9008
esol,cb0d1003dc0467b1,Clc1cccc(Cl)c1,aqueous_solubility,log10(mol/L),train,c1ccccc1,-3.0399999618530273,-3.0476554508663374,-4.530719927650228,-1.564590974082447,scaffold,2035,xgb_rdkit_morgan,xgboost,rdkit+morgan,none,77abfcdbb281d08df2e9fb09cf84b2a648ea9008
esol,199ff11278c6332f,Clc1cccc(Cl)c1-c1c(Cl)cccc1Cl,aqueous_solubility,log10(mol/L),train,c1ccc(-c2ccccc2)cc1,-7.389999866485596,-7.381744854674492,-8.864809331458382,-5.898680377890602,scaffold,2035,xgb_rdkit_morgan,xgboost,rdkit+morgan,none,77abfcdbb281d08df2e9fb09cf84b2a648ea9008
esol,482eb7682ff0e92b,Clc1cccc(Cl)c1-c1ccccc1,aqueous_solubility,log10(mol/L),train,c1ccc(-c2ccccc2)cc1,-5.210000038146973,-5.284357774993293,-6.767422251777183,-3.8012932982094023,scaffold,2035,xgb_rdkit_morgan,xgboost,rdkit+morgan,none,77abfcdbb281d08df2e9fb09cf84b2a648ea9008
esol,ff600f65c6e69d2a,Clc1cccc(Cl)c1Cl,aqueous_solubility,log10(mol/L),train,c1ccccc1,-4.0,-3.8751322192620803,-5.358196696045971,-2.39206774247819,scaffold,2035,xgb_rdkit_morgan,xgboost,rdkit+morgan,none,77abfcdbb281d08df2e9fb09cf84b2a648ea9008
esol,c88faf6d6d8a4214,Clc1cccc(I)c1,aqueous_solubility,log10(mol/L),train,c1ccccc1,-3.549999952316284,-3.602929145636531,-5.085993622420421,-2.1198646688526406,scaffold,2035,xgb_rdkit_morgan,xgboost,rdkit+morgan,none,77abfcdbb281d08df2e9fb09cf84b2a648ea9008
esol,22332e2b89c83c5f,Clc1cccc2ccccc12,aqueous_solubility,log10(mol/L),train,c1ccc2ccccc2c1,-3.930000066757202,-3.9278571936342965,-5.410921670418187,-2.4447927168504062,scaffold,2035,xgb_rdkit_morgan,xgboost,rdkit+morgan,none,77abfcdbb281d08df2e9fb09cf84b2a648ea9008
esol,d52f3f9c11639cc6,Clc1ccccc1,aqueous_solubility,log10(mol/L),train,c1ccccc1,-2.380000114440918,-2.433879133942556,-3.916943610726446,-0.9508146571586655,scaffold,2035,xgb_rdkit_morgan,xgboost,rdkit+morgan,none,77abfcdbb281d08df2e9fb09cf84b2a648ea9008
esol,cc6468679450f933,Clc1ccccc1-c1ccccc1,aqueous_solubility,log10(mol/L),train,c1ccc(-c2ccccc2)cc1,-4.539999961853027,-4.53771557387263,-6.02078005065652,-3.0546510970887395,scaffold,2035,xgb_rdkit_morgan,xgboost,rdkit+morgan,none,77abfcdbb281d08df2e9fb09cf84b2a648ea9008
esol,1f96112c7da52a22,Clc1ccccc1-c1ccccc1Cl,aqueous_solubility,log10(mol/L),train,c1ccc(-c2ccccc2)cc1,-5.269999980926514,-5.3044820667119765,-6.787546543495867,-3.8214175899280862,scaffold,2035,xgb_rdkit_morgan,xgboost,rdkit+morgan,none,77abfcdbb281d08df2e9fb09cf84b2a648ea9008
esol,d77b9b0620096cb1,Clc1ccccc1Br,aqueous_solubility,log10(mol/L),train,c1ccccc1,-3.190000057220459,-3.1892306128149364,-4.672295089598826,-1.706166136031046,scaffold,2035,xgb_rdkit_morgan,xgboost,rdkit+morgan,none,77abfcdbb281d08df2e9fb09cf84b2a648ea9008
esol,ca929f1a7e270264,Clc1ccccc1Cl,aqueous_solubility,log10(mol/L),train,c1ccccc1,-3.049999952316284,-3.0474523038729604,-4.530516780656851,-1.56438782708907,scaffold,2035,xgb_rdkit_morgan,xgboost,rdkit+morgan,none,77abfcdbb281d08df2e9fb09cf84b2a648ea9008
esol,d42088fe993e3c16,Clc1ccccc1I,aqueous_solubility,log10(mol/L),train,c1ccccc1,-3.5399999618530273,-3.637369940348473,-5.120434417132364,-2.1543054635645826,scaffold,2035,xgb_rdkit_morgan,xgboost,rdkit+morgan,none,77abfcdbb281d08df2e9fb09cf84b2a648ea9008
esol,4334fadd67deac29,Cn1c(=O)c2[nH]cnc2n(C)c1=O,aqueous_solubility,log10(mol/L),train,O=c1[nH]c(=O)c2[nH]cnc2[nH]1,-1.3899999856948853,-1.4450224949730424,-2.9280869717569327,0.03804198181084795,scaffold,2035,xgb_rdkit_morgan,xgboost,rdkit+morgan,none,77abfcdbb281d08df2e9fb09cf84b2a648ea9008
esol,100f62324cf1989a,Cn1c(=O)c2c(ncn2C)n(C)c1=O,aqueous_solubility,log10(mol/L),train,O=c1[nH]c(=O)c2[nH]cnc2[nH]1,-0.8759999871253967,-0.9023301350749269,-2.385394611858817,0.5807343417089634,scaffold,2035,xgb_rdkit_morgan,xgboost,rdkit+morgan,none,77abfcdbb281d08df2e9fb09cf84b2a648ea9008
esol,74f764e5b66b2fb7,Cn1c(=O)c2c(ncn2CC(O)CO)n(C)c1=O,aqueous_solubility,log10(mol/L),train,O=c1[nH]c(=O)c2[nH]cnc2[nH]1,-0.17000000178813934,-0.19795284261459445,-1.6810173193984848,1.2851116341692959,scaffold,2035,xgb_rdkit_morgan,xgboost,rdkit+morgan,none,77abfcdbb281d08df2e9fb09cf84b2a648ea9008
esol,815a38abaf9ec4b7,Cn1c(=O)on(-c2ccc(Cl)c(Cl)c2)c1=O,aqueous_solubility,log10(mol/L),train,O=c1[nH]c(=O)n(-c2ccccc2)o1,-2.819999933242798,-2.8303417831989925,-4.313406259982883,-1.3472773064151022,scaffold,2035,xgb_rdkit_morgan,xgboost,rdkit+morgan,none,77abfcdbb281d08df2e9fb09cf84b2a648ea9008
esol,49b2a1fbf2e41a7a,Cn1cc(-c2ccccc2)c(=O)c(-c2cccc(C(F)(F)F)c2)c1,aqueous_solubility,log10(mol/L),calibration,O=c1c(-c2ccccc2)c[nH]cc1-c1ccccc1,-4.445000171661377,-5.564547515796546,-7.047611992580436,-4.081483039012656,scaffold,2035,xgb_rdkit_morgan,xgboost,rdkit+morgan,none,77abfcdbb281d08df2e9fb09cf84b2a648ea9008
esol,f3e6689447a36e81,Cn1ccc(=O)[nH]c1=O,aqueous_solubility,log10(mol/L),test,O=c1cc[nH]c(=O)[nH]1,-0.8069999814033508,-1.250297504970859,-2.733361981754749,0.2327669718130314,scaffold,2035,xgb_rdkit_morgan,xgboost,rdkit+morgan,none,77abfcdbb281d08df2e9fb09cf84b2a648ea9008
esol,4025a4d6efb5259a,Cn1cnc2c1c(=O)[nH]c(=O)n2C,aqueous_solubility,log10(mol/L),train,O=c1[nH]c(=O)c2[nH]cnc2[nH]1,-2.5230000019073486,-2.3295604357042907,-3.812624912488181,-0.8464959589204004,scaffold,2035,xgb_rdkit_morgan,xgboost,rdkit+morgan,none,77abfcdbb281d08df2e9fb09cf84b2a648ea9008
esol,d2eee638c5fa61ad,FC(F)(Cl)C(F)(Cl)Cl,aqueous_solubility,log10(mol/L),train,,-3.0399999618530273,-2.9850780106406605,-4.468142487424551,-1.5020135338567702,scaffold,2035,xgb_rdkit_morgan,xgboost,rdkit+morgan,none,77abfcdbb281d08df2e9fb09cf84b2a648ea9008
esol,105d6d24139d1acd,FC(F)(Cl)C(F)(F)Cl,aqueous_solubility,log10(mol/L),train,,-2.740000009536743,-2.7089128653758685,-4.191977342159759,-1.2258483885919782,scaffold,2035,xgb_rdkit_morgan,xgboost,rdkit+morgan,none,77abfcdbb281d08df2e9fb09cf84b2a648ea9008
esol,02db24b7bbfd7402,FC(F)(F)C(Cl)Br,aqueous_solubility,log10(mol/L),train,,-1.7100000381469727,-1.7566008664371848,-3.239665343221075,-0.2735363896532945,scaffold,2035,xgb_rdkit_morgan,xgboost,rdkit+morgan,none,77abfcdbb281d08df2e9fb09cf84b2a648ea9008
esol,db15bed8f8ac2fa5,FC(F)(F)c1ccccc1,aqueous_solubility,log10(mol/L),train,c1ccccc1,-2.509999990463257,-2.5076584337544863,-3.9907229105383766,-1.024593956970596,scaffold,2035,xgb_rdkit_morgan,xgboost,rdkit+morgan,none,77abfcdbb281d08df2e9fb09cf84b2a648ea9008
esol,b10b42eecfc867c6,Fc1ccc(F)cc1,aqueous_solubility,log10(mol/L),train,c1ccccc1,-1.9700000286102295,-2.0432864409646276,-3.526350917748518,-0.5602219641807373,scaffold,2035,xgb_rdkit_morgan,xgboost,rdkit+morgan,none,77abfcdbb281d08df2e9fb09cf84b2a648ea9008
esol,ca29ab8bab4202a6,Fc1cccc(Br)c1,aqueous_solubility,log10(mol/L),train,c1ccccc1,-2.6700000762939453,-2.635592279552162,-4.118656756336052,-1.1525278027682715,scaffold,2035,xgb_rdkit_morgan,xgboost,rdkit+morgan,none,77abfcdbb281d08df2e9fb09cf84b2a648ea9008
esol,9b9e86ab0c3b7436,Fc1cccc(F)c1,aqueous_solubility,log10(mol/L),train,c1ccccc1,-2.0,-1.9165789603960817,-3.399643437179972,-0.43351448361219136,scaffold,2035,xgb_rdkit_morgan,xgboost,rdkit+morgan,none,77abfcdbb281d08df2e9fb09cf84b2a648ea9008
esol,9ef5e809c1cc37a8,Fc1ccccc1,aqueous_solubility,log10(mol/L),train,c1ccccc1,-1.7999999523162842,-1.814150589325977,-3.2972150661098674,-0.33108611254208675,scaffold,2035,xgb_rdkit_morgan,xgboost,rdkit+morgan,none,77abfcdbb281d08df2e9fb09cf84b2a648ea9008
esol,c6e4a122702ad957,Fc1ccccc1Br,aqueous_solubility,log10(mol/L),train,c1ccccc1,-2.700000047683716,-2.6333482936911756,-4.1164127704750655,-1.1502838169072853,scaffold,2035,xgb_rdkit_morgan,xgboost,rdkit+morgan,none,77abfcdbb281d08df2e9fb09cf84b2a648ea9008
esol,dd1f99766897a9a2,ICI,aqueous_solubility,log10(mol/L),train,,-2.3399999141693115,-2.1559866675954673,-3.6390511443793576,-0.672922190811577,scaffold,2035,xgb_rdkit_morgan,xgboost,rdkit+morgan,none,77abfcdbb281d08df2e9fb09cf84b2a648ea9008
esol,3ab248fecad2cfcc,Ic1cccc2ccccc12,aqueous_solubility,log10(mol/L),train,c1ccc2ccccc2c1,-4.550000190734863,-4.544613247256866,-6.027677724040756,-3.0615487704729754,scaffold,2035,xgb_rdkit_morgan,xgboost,rdkit+morgan,none,77abfcdbb281d08df2e9fb09cf84b2a648ea9008
esol,bc20dafaf54360d0,Ic1ccccc1,aqueous_solubility,log10(mol/L),train,c1ccccc1,-3.009999990463257,-2.953711592222286,-4.436776069006177,-1.4706471154383958,scaffold,2035,xgb_rdkit_morgan,xgboost,rdkit+morgan,none,77abfcdbb281d08df2e9fb09cf84b2a648ea9008
esol,2c92806a2902f400,N#CC(Cl)(Cl)Cl,aqueous_solubility,log10(mol/L),train,,-2.1679999828338623,-2.0346367917997688,-3.517701268583659,-0.5515723150158784,scaffold,2035,xgb_rdkit_morgan,xgboost,rdkit+morgan,none,77abfcdbb281d08df2e9fb09cf84b2a648ea9008
esol,85031b7bb2a70254,N#CC(OC1OC(COC2OC(CO)C(O)C(O)C2O)C(O)C(O)C1O)c1ccccc1,aqueous_solubility,log10(mol/L),test,c1ccc(COC2CCCC(COC3CCCCO3)O2)cc1,-0.7699999809265137,-1.2713503159394928,-2.754414792723383,0.21171416084439754,scaffold,2035,xgb_rdkit_morgan,xgboost,rdkit+morgan,none,77abfcdbb281d08df2e9fb09cf84b2a648ea9008
esol,e9839d44c23ebe38,N#CCCCl,aqueous_solubility,log10(mol/L),train,,-0.28999999165534973,-0.3143041323700757,-1.797368609153966,1.1687603444138146,scaffold,2035,xgb_rdkit_morgan,xgboost,rdkit+morgan,none,77abfcdbb281d08df2e9fb09cf84b2a648ea9008
esol,9e6f7a062ea6ba54,N#CCCl,aqueous_solubility,log10(mol/L),train,,-0.09200000017881393,-0.07629674670550601,-1.5593612234893963,1.4067677300783843,scaffold,2035,xgb_rdkit_morgan,xgboost,rdkit+morgan,none,77abfcdbb281d08df2e9fb09cf84b2a648ea9008
esol,5529331eae217480,N#CN=C(N)N,aqueous_solubility,log10(mol/L),train,,-0.3100000023841858,-0.3218881284134145,-1.8049526051973048,1.1611763483704758,scaffold,2035,xgb_rdkit_morgan,xgboost,rdkit+morgan,none,77abfcdbb281d08df2e9fb09cf84b2a648ea9008
esol,98ce09904f0cd677,N#Cc1c(Cl)c(Cl)c(Cl)c(C#N)c1Cl,aqueous_solubility,log10(mol/L),train,c1ccccc1,-5.639999866485596,-5.6300467864738115,-7.113111263257702,-4.146982309689921,scaffold,2035,xgb_rdkit_morgan,xgboost,rdkit+morgan,none,77abfcdbb281d08df2e9fb09cf84b2a648ea9008
esol,f7eb31053f664583,N#Cc1cc(Br)c(O)c(Br)c1,aqueous_solubility,log10(mol/L),train,c1ccccc1,-3.3299999237060547,-3.3090304126119103,-4.7920948893958,-1.82596593582802,scaffold,2035,xgb_rdkit_morgan,xgboost,rdkit+morgan,none,77abfcdbb281d08df2e9fb09cf84b2a648ea9008
esol,dd860792cadf3093,N#Cc1cc(I)c(O)c(I)c1,aqueous_solubility,log10(mol/L),train,c1ccccc1,-3.609999895095825,-3.6271526651376615,-5.110217141921552,-2.1440881883537712,scaffold,2035,xgb_rdkit_morgan,xgboost,rdkit+morgan,none,77abfcdbb281d08df2e9fb09cf84b2a648ea9008
esol,5533344c324d3435,N#Cc1ccccc1,aqueous_solubility,log10(mol/L),train,c1ccccc1,-1.0,-1.102453887828736,-2.5855183646126263,0.3806105889551543,scaffold,2035,xgb_rdkit_morgan,xgboost,rdkit+morgan,none,77abfcdbb281d08df2e9fb09cf84b2a648ea9008
esol,66c6f633624542b8,N#Cc1ccccc1C#N,aqueous_solubility,log10(mol/L),train,c1ccccc1,-2.380000114440918,-2.332324820554523,-3.815389297338413,-0.8492603437706325,scaffold,2035,xgb_rdkit_morgan,xgboost,rdkit+morgan,none,77abfcdbb281d08df2e9fb09cf84b2a648ea9008
esol,5f065dfe6c5d67ee,N=C(N)NS(=O)(=O)c1ccc(N)cc1,aqueous_solubility,log10(mol/L),train,c1ccccc1,-1.9900000095367432,-1.964180211843109,-3.4472446886269994,-0.4811157350592188,scaffold,2035,xgb_rdkit_morgan,xgboost,rdkit+morgan,none,77abfcdbb281d08df2e9fb09cf84b2a648ea9008
esol,8f9adffcd0a5a36e,NC(=O)CCl,aqueous_solubility,log10(mol/L),train,,-0.019999999552965164,0.1458743790842041,-1.3371900976996862,1.6289388558680944,scaffold,2035,xgb_rdkit_morgan,xgboost,rdkit+morgan,none,77abfcdbb281d08df2e9fb09cf84b2a648ea9008
esol,a9190d547db6a242,NC(=O)NC1NC(=O)NC1=O,aqueous_solubility,log10(mol/L),test,O=C1CNC(=O)N1,-1.600000023841858,-1.2844319013963426,-2.767496378180233,0.19863257538754775,scaffold,2035,xgb_rdkit_morgan,xgboost,rdkit+morgan,none,77abfcdbb281d08df2e9fb09cf84b2a648ea9008
esol,20e79a0747e391cd,NC(=O)NCc1ccccc1,aqueous_solubility,log10(mol/L),train,c1ccccc1,-0.949999988079071,-1.0614226494933352,-2.5444871262772253,0.4216418272905551,scaffold,2035,xgb_rdkit_morgan,xgboost,rdkit+morgan,none,77abfcdbb281d08df2e9fb09cf84b2a648ea9008
esol,41b7655c6cb7d7df,NC(=O)c1ccccc1,aqueous_solubility,log10(mol/L),train,c1ccccc1,-0.9599999785423279,-0.9201215474192974,-2.4031860242031877,0.5629429293645929,scaffold,2035,xgb_rdkit_morgan,xgboost,rdkit+morgan,none,77abfcdbb281d08df2e9fb09cf84b2a648ea9008
esol,22bbce38ab5c479c,NC(=O)c1ccccc1O,aqueous_solubility,log10(mol/L),train,c1ccccc1,-1.8200000524520874,-1.74391423128174,-3.22697870806563,-0.26084975449784964,scaffold,2035,xgb_rdkit_morgan,xgboost,rdkit+morgan,none,77abfcdbb281d08df2e9fb09cf84b2a648ea9008
esol,2fc7b7dbeee95b0c,NC(=O)c1cccnc1,aqueous_solubility,log10(mol/L),validation,c1ccncc1,0.6100000143051147,-0.9133209189662641,-2.3963853957501544,0.5697435578176262,scaffold,2035,xgb_rdkit_morgan,xgboost,rdkit+morgan,none,77abfcdbb281d08df2e9fb09cf84b2a648ea9008
esol,d3f13e32ceadf7ee,NC(=O)c1cnccn1,aqueous_solubility,log10(mol/L),calibration,c1cnccn1,-0.6669999957084656,-1.0043196064867785,-2.487384083270669,0.47874487029711177,scaffold,2035,xgb_rdkit_morgan,xgboost,rdkit+morgan,none,77abfcdbb281d08df2e9fb09cf84b2a648ea9008
esol,14add58d16075efc,NC(=S)Nc1ccccc1,aqueous_solubility,log10(mol/L),train,c1ccccc1,-1.7699999809265137,-1.7446269235549519,-3.227691400338842,-0.26156244677106155,scaffold,2035,xgb_rdkit_morgan,xgboost,rdkit+morgan,none,77abfcdbb281d08df2e9fb09cf84b2a648ea9008
esol,cff6a05057ab433d,NC(N)=O,aqueous_solubility,log10(mol/L),train,,0.9599999785423279,0.9838864616176792,-0.4991780151662111,2.4669509384015695,scaffold,2035,xgb_rdkit_morgan,xgboost,rdkit+morgan,none,77abfcdbb281d08df2e9fb09cf84b2a648ea9008
esol,5c937bef90624cba,NC(N)=S,aqueous_solubility,log10(mol/L),train,,0.3199999928474426,0.2988205165563875,-1.1842439602275028,1.7818849933402778,scaffold,2035,xgb_rdkit_morgan,xgboost,rdkit+morgan,none,77abfcdbb281d08df2e9fb09cf84b2a648ea9008
esol,8d9f3b8d61c37fad,NNC(=O)c1ccncc1,aqueous_solubility,log10(mol/L),validation,c1ccncc1,0.008999999612569809,-1.2072588500659112,-2.6903233268498017,0.27580562671797915,scaffold,2035,xgb_rdkit_morgan,xgboost,rdkit+morgan,none,77abfcdbb281d08df2e9fb09cf84b2a648ea9008
esol,792927bc26e5ee98,NNc1ccccc1,aqueous_solubility,log10(mol/L),train,c1ccccc1,0.07000000029802322,-0.018492176938017746,-1.501556653721908,1.4645722998458726,scaffold,2035,xgb_rdkit_morgan,xgboost,rdkit+morgan,none,77abfcdbb281d08df2e9fb09cf84b2a648ea9008
esol,13a0d92f513022b0,NS(=O)(=O)c1cc(C2(O)NC(=O)c3ccccc32)ccc1Cl,aqueous_solubility,log10(mol/L),validation,O=C1NC(c2ccccc2)c2ccccc21,-3.4509999752044678,-3.2844220392832453,-4.767486516067136,-1.801357562499355,scaffold,2035,xgb_rdkit_morgan,xgboost,rdkit+morgan,none,77abfcdbb281d08df2e9fb09cf84b2a648ea9008
esol,d1af900dda6b8816,NS(=O)(=O)c1cc2c(cc1C(F)(F)F)NC(Cc1ccccc1)NS2(=O)=O,aqueous_solubility,log10(mol/L),validation,O=S1(=O)NC(Cc2ccccc2)Nc2ccccc21,-3.5899999141693115,-3.5886299254308986,-5.0716944022147885,-2.1055654486470083,scaffold,2035,xgb_rdkit_morgan,xgboost,rdkit+morgan,none,77abfcdbb281d08df2e9fb09cf84b2a648ea9008
esol,21a70933e40d38d8,NS(=O)(=O)c1cc2c(cc1Cl)N=CNS2(=O)=O,aqueous_solubility,log10(mol/L),validation,O=S1(=O)NC=Nc2ccccc21,-3.049999952316284,-2.413996949728184,-3.8970614265120744,-0.9309324729442938,scaffold,2035,xgb_rdkit_morgan,xgboost,rdkit+morgan,none,77abfcdbb281d08df2e9fb09cf84b2a648ea9008
esol,4be98313bb8411d6,NS(=O)(=O)c1cc2c(cc1Cl)NC(C(Cl)Cl)NS2(=O)=O,aqueous_solubility,log10(mol/L),train,O=S1(=O)NCNc2ccccc21,-2.680000066757202,-2.684659977013979,-4.167724453797869,-1.2015955002300887,scaffold,2035,xgb_rdkit_morgan,xgboost,rdkit+morgan,none,77abfcdbb281d08df2e9fb09cf84b2a648ea9008
esol,6704f9b02657d351,NS(=O)(=O)c1cc2c(cc1Cl)NCNS2(=O)=O,aqueous_solubility,log10(mol/L),train,O=S1(=O)NCNc2ccccc21,-2.630000114440918,-2.63161224955241,-4.114676726336301,-1.1485477727685196,scaffold,2035,xgb_rdkit_morgan,xgboost,rdkit+morgan,none,77abfcdbb281d08df2e9fb09cf84b2a648ea9008
esol,d486e39e13c6c365,Nc1cc(N2CCCCC2)nc(N)[n+]1[O-],aqueous_solubility,log10(mol/L),calibration,c1cc(N2CCCCC2)nc[nH+]1,-1.9889999628067017,-2.135177062865067,-3.6182415396489573,-0.6521125860811767,scaffold,2035,xgb_rdkit_morgan,xgboost,rdkit+morgan,none,77abfcdbb281d08df2e9fb09cf84b2a648ea9008
esol,aceb689c32139048,Nc1cc2c3ccccc3ccc2c2ccccc12,aqueous_solubility,log10(mol/L),test,c1ccc2c(c1)ccc1c3ccccc3ccc21,-6.199999809265137,-5.988752172068182,-7.471816648852072,-4.5056876952842915,scaffold,2035,xgb_rdkit_morgan,xgboost,rdkit+morgan,none,77abfcdbb281d08df2e9fb09cf84b2a648ea9008
esol,80c616c2c10da4cc,Nc1cc[nH]c(=O)n1,aqueous_solubility,log10(mol/L),train,O=c1nccc[nH]1,-1.1549999713897705,-1.1255965501065182,-2.6086610268904087,0.35746792667737215,scaffold,2035,xgb_rdkit_morgan,xgboost,rdkit+morgan,none,77abfcdbb281d08df2e9fb09cf84b2a648ea9008
esol,d3c8a8dbbf41fcef,Nc1ccc(-c2ccc(N)cc2)cc1,aqueous_solubility,log10(mol/L),train,c1ccc(-c2ccccc2)cc1,-2.700000047683716,-2.764323602208486,-4.247388078992376,-1.2812591254245955,scaffold,2035,xgb_rdkit_morgan,xgboost,rdkit+morgan,none,77abfcdbb281d08df2e9fb09cf84b2a648ea9008
esol,ddbccadea4def28d,Nc1ccc(Cl)cc1,aqueous_solubility,log10(mol/L),train,c1ccccc1,-1.659999966621399,-1.6319108395210333,-3.114975316304924,-0.14884636273714302,scaffold,2035,xgb_rdkit_morgan,xgboost,rdkit+morgan,none,77abfcdbb281d08df2e9fb09cf84b2a648ea9008
esol,5f061feada924c1b,Nc1ccc(O)cc1,aqueous_solubility,log10(mol/L),train,c1ccccc1,-0.800000011920929,-0.7044720310576582,-2.1875365078415485,0.7785924457262321,scaffold,2035,xgb_rdkit_morgan,xgboost,rdkit+morgan,none,77abfcdbb281d08df2e9fb09cf84b2a648ea9008
esol,1740fca00afdaeed,Nc1ccc(S(=O)(=O)c2ccc(N)cc2)cc1,aqueous_solubility,log10(mol/L),train,O=S(=O)(c1ccccc1)c1ccccc1,-3.0940001010894775,-3.0749040224166273,-4.557968499200518,-1.591839545632737,scaffold,2035,xgb_rdkit_morgan,xgboost,rdkit+morgan,none,77abfcdbb281d08df2e9fb09cf84b2a648ea9008
esol,672dea3500e56345,Nc1ccc(S(N)(=O)=O)cc1,aqueous_solubility,log10(mol/L),train,c1ccccc1,-1.340000033378601,-1.4466362678436853,-2.9297007446275756,0.03642820894020504,scaffold,2035,xgb_rdkit_morgan,xgboost,rdkit+morgan,none,77abfcdbb281d08df2e9fb09cf84b2a648ea9008
esol,b1562a3a4e3dbd2b,Nc1ccc([N+](=O)[O-])cc1,aqueous_solubility,log10(mol/L),train,c1ccccc1,-2.369999885559082,-2.2829873616434173,-3.7660518384273076,-0.799922884859527,scaffold,2035,xgb_rdkit_morgan,xgboost,rdkit+morgan,none,77abfcdbb281d08df2e9fb09cf84b2a648ea9008
esol,7ea90919dd02fbb4,Nc1ccc2cc3ccccc3cc2c1,aqueous_solubility,log10(mol/L),calibration,c1ccc2cc3ccccc3cc2c1,-5.170000076293945,-4.531214632520482,-6.014279109304372,-3.0481501557365913,scaffold,2035,xgb_rdkit_morgan,xgboost,rdkit+morgan,none,77abfcdbb281d08df2e9fb09cf84b2a648ea9008
esol,7071d63d842d86c6,Nc1cccc(Cl)c1,aqueous_solubility,log10(mol/L),train,c1ccccc1,-1.3700000047683716,-1.3792400478992202,-2.8623045246831103,0.10382442888467014,scaffold,2035,xgb_rdkit_morgan,xgboost,rdkit+morgan,none,77abfcdbb281d08df2e9fb09cf84b2a648ea9008
esol,3614002c0eb76c64,Nc1cccc([N+](=O)[O-])c1,aqueous_solubility,log10(mol/L),train,c1ccccc1,-2.190000057220459,-2.191563256226818,-3.674627733010708,-0.7084987794429276,scaffold,2035,xgb_rdkit_morgan,xgboost,rdkit+morgan,none,77abfcdbb281d08df2e9fb09cf84b2a648ea9008
esol,fdeaad6aac85a0a2,Nc1cccc2ccccc12,aqueous_solubility,log10(mol/L),train,c1ccc2ccccc2c1,-1.9199999570846558,-2.1138802735749036,-3.596944750358794,-0.6308157967910133,scaffold,2035,xgb_rdkit_morgan,xgboost,rdkit+morgan,none,77abfcdbb281d08df2e9fb09cf84b2a648ea9008
esol,2ed7e76dec2701ce,Nc1cccc2nc3ccccc3cc12,aqueous_solubility,log10(mol/L),validation,c1ccc2nc3ccccc3cc2c1,-4.21999979019165,-3.436844585498709,-4.919909062282599,-1.9537801087148186,scaffold,2035,xgb_rdkit_morgan,xgboost,rdkit+morgan,none,77abfcdbb281d08df2e9fb09cf84b2a648ea9008
esol,a7f3f1e11af18400,Nc1ccccc1,aqueous_solubility,log10(mol/L),train,c1ccccc1,-0.4099999964237213,-0.3818732989728404,-1.8649377757567307,1.10119117781105,scaffold,2035,xgb_rdkit_morgan,xgboost,rdkit+morgan,none,77abfcdbb281d08df2e9fb09cf84b2a648ea9008
esol,2f7de38fb26014ee,Nc1ccccc1Cl,aqueous_solubility,log10(mol/L),train,c1ccccc1,-1.5199999809265137,-1.5351518167022837,-3.018216293486174,-0.05208733991839343,scaffold,2035,xgb_rdkit_morgan,xgboost,rdkit+morgan,none,77abfcdbb281d08df2e9fb09cf84b2a648ea9008
esol,8cce7ad82c85b377,Nc1ccccc1O,aqueous_solubility,log10(mol/L),train,c1ccccc1,-0.7200000286102295,-0.7430709694466322,-2.2261354462305225,0.7399935073372581,scaffold,2035,xgb_rdkit_morgan,xgboost,rdkit+morgan,none,77abfcdbb281d08df2e9fb09cf84b2a648ea9008
esol,8c073316e654db6b,Nc1ccccc1[N+](=O)[O-],aqueous_solubility,log10(mol/L),train,c1ccccc1,-1.9600000381469727,-2.013082186079771,-3.4961466628636613,-0.5300177092958807,scaffold,2035,xgb_rdkit_morgan,xgboost,rdkit+morgan,none,77abfcdbb281d08df2e9fb09cf84b2a648ea9008
esol,d170b211091619c1,Nc1cnn(-c2ccccc2)c(=O)c1Br,aqueous_solubility,log10(mol/L),calibration,O=c1cccnn1-c1ccccc1,-3.127000093460083,-3.2313182392723054,-4.714382716056196,-1.7482537624884151,scaffold,2035,xgb_rdkit_morgan,xgboost,rdkit+morgan,none,77abfcdbb281d08df2e9fb09cf84b2a648ea9008
esol,364a3d9e736a968c,Nc1cnn(-c2ccccc2)c(=O)c1Cl,aqueous_solubility,log10(mol/L),calibration,O=c1cccnn1-c1ccccc1,-2.878000020980835,-3.0243799011751125,-4.507444377959002,-1.5413154243912222,scaffold,2035,xgb_rdkit_morgan,xgboost,rdkit+morgan,none,77abfcdbb281d08df2e9fb09cf84b2a648ea9008
esol,2fef74534c90c0fd,Nc1nc(=O)[nH]cc1F,aqueous_solubility,log10(mol/L),train,O=c1nccc[nH]1,-0.972000002861023,-1.0349701255167114,-2.5180346023006015,0.4480943512671789,scaffold,2035,xgb_rdkit_morgan,xgboost,rdkit+morgan,none,77abfcdbb281d08df2e9fb09cf84b2a648ea9008
esol,5167dc273870cd3a,Nc1nc(N)c2nc(-c3ccccc3)c(N)nc2n1,aqueous_solubility,log10(mol/L),validation,c1ccc(-c2cnc3ncncc3n2)cc1,-2.4040000438690186,-2.9144136214953367,-4.397478098279227,-1.4313491447114464,scaffold,2035,xgb_rdkit_morgan,xgboost,rdkit+morgan,none,77abfcdbb281d08df2e9fb09cf84b2a648ea9008
esol,c363f1a8372173dd,Nc1nc(O)nc2nc[nH]c12,aqueous_solubility,log10(mol/L),train,c1ncc2[nH]cnc2n1,-3.4010000228881836,-3.3736463012165303,-4.856710778000421,-1.89058182443264,scaffold,2035,xgb_rdkit_morgan,xgboost,rdkit+morgan,none,77abfcdbb281d08df2e9fb09cf84b2a648ea9008
esol,0f42ff187b1e26ff,Nc1nc2[nH]cnc2c(=O)[nH]1,aqueous_solubility,log10(mol/L),test,O=c1[nH]cnc2[nH]cnc12,-3.5829999446868896,-2.361516606978748,-3.8445810837626384,-0.8784521301948578,scaffold,2035,xgb_rdkit_morgan,xgboost,rdkit+morgan,none,77abfcdbb281d08df2e9fb09cf84b2a648ea9008
esol,45bfe1eca9942b5f,Nc1nc[nH]n1,aqueous_solubility,log10(mol/L),train,c1nc[nH]n1,0.5220000147819519,0.501958482497701,-0.9811059942861893,1.9850229592815913,scaffold,2035,xgb_rdkit_morgan,xgboost,rdkit+morgan,none,77abfcdbb281d08df2e9fb09cf84b2a648ea9008
esol,a5efc882bab6aeb8,Nc1nccs1,aqueous_solubility,log10(mol/L),calibration,c1cscn1,-0.36000001430511475,-0.4807025740632249,-1.9637670508471152,1.0023619027206654,scaffold,2035,xgb_rdkit_morgan,xgboost,rdkit+morgan,none,77abfcdbb281d08df2e9fb09cf84b2a648ea9008
esol,292b9554c28881be,Nc1ncnc2c1ccn2C1OC(CO)C(O)C1O,aqueous_solubility,log10(mol/L),test,c1ncc2ccn(C3CCCO3)c2n1,-1.9500000476837158,-1.6968152497142586,-3.179879726498149,-0.21375077293036826,scaffold,2035,xgb_rdkit_morgan,xgboost,rdkit+morgan,none,77abfcdbb281d08df2e9fb09cf84b2a648ea9008
esol,6c84c1ca795f19ca,Nc1ncnc2nc[nH]c12,aqueous_solubility,log10(mol/L),train,c1ncc2[nH]cnc2n1,-2.119999885559082,-2.101071886822785,-3.5841363636066754,-0.6180074100388948,scaffold,2035,xgb_rdkit_morgan,xgboost,rdkit+morgan,none,77abfcdbb281d08df2e9fb09cf84b2a648ea9008
esol,690374c4203120f3,O=C(C=CC=Cc1ccc2c(c1)OCO2)N1CCCCC1,aqueous_solubility,log10(mol/L),validation,O=C(C=CC=Cc1ccc2c(c1)OCO2)N1CCCCC1,-3.4600000381469727,-3.648942815653956,-5.132007292437846,-2.1658783388700655,scaffold,2035,xgb_rdkit_morgan,xgboost,rdkit+morgan,none,77abfcdbb281d08df2e9fb09cf84b2a648ea9008
esol,f6ac174891d4cbfe,O=C(CC(Cl)Cl)NC1=C(Cl)C(=O)c2ccccc2C1=O,aqueous_solubility,log10(mol/L),train,O=C1C=CC(=O)c2ccccc21,-5.03000020980835,-4.927102005482635,-6.410166482266526,-3.444037528698745,scaffold,2035,xgb_rdkit_morgan,xgboost,rdkit+morgan,none,77abfcdbb281d08df2e9fb09cf84b2a648ea9008
esol,3bd7903f0fc524b9,O=C(Cn1ccnc1[N+](=O)[O-])NCc1ccccc1,aqueous_solubility,log10(mol/L),test,O=C(Cn1ccnc1)NCc1ccccc1,-2.809999942779541,-2.3376064345137393,-3.8206709112976296,-0.854541957729849,scaffold,2035,xgb_rdkit_morgan,xgboost,rdkit+morgan,none,77abfcdbb281d08df2e9fb09cf84b2a648ea9008
esol,baa633118e4124e0,O=C(NC(=O)c1c(F)cccc1F)Nc1cc(Cl)c(F)c(Cl)c1F,aqueous_solubility,log10(mol/L),validation,O=C(NC(=O)c1ccccc1)Nc1ccccc1,-7.28000020980835,-5.4545472644517465,-6.937611741235637,-3.9714827876678562,scaffold,2035,xgb_rdkit_morgan,xgboost,rdkit+morgan,none,77abfcdbb281d08df2e9fb09cf84b2a648ea9008
esol,c045f77f3d14db05,O=C(NC(=O)c1c(F)cccc1F)Nc1ccc(Cl)cc1,aqueous_solubility,log10(mol/L),validation,O=C(NC(=O)c1ccccc1)Nc1ccccc1,-6.019999980926514,-4.25558410297101,-5.7386485797549005,-2.77251962618712,scaffold,2035,xgb_rdkit_morgan,xgboost,rdkit+morgan,none,77abfcdbb281d08df2e9fb09cf84b2a648ea9008
esol,e690eafd94d35c0c,O=C(NC(CO)C(O)c1ccc([N+](=O)[O-])cc1)C(Cl)Cl,aqueous_solubility,log10(mol/L),train,c1ccccc1,-2.1110000610351562,-2.150797376981143,-3.6338618537650333,-0.6677329001972527,scaffold,2035,xgb_rdkit_morgan,xgboost,rdkit+morgan,none,77abfcdbb281d08df2e9fb09cf84b2a648ea9008
esol,688fd8c1fae69203,O=C(Nc1ccc([N+](=O)[O-])cc1Cl)c1cc(Cl)ccc1O,aqueous_solubility,log10(mol/L),test,O=C(Nc1ccccc1)c1ccccc1,-4.699999809265137,-3.802371683359195,-5.285436160143085,-2.3193072065753046,scaffold,2035,xgb_rdkit_morgan,xgboost,rdkit+morgan,none,77abfcdbb281d08df2e9fb09cf84b2a648ea9008
esol,6e4bde6d2f6a6816,O=C(Nc1cccc(Cl)c1)OCC#CCCl,aqueous_solubility,log10(mol/L),train,c1ccccc1,-4.369999885559082,-4.249993032087663,-5.733057508871553,-2.766928555303773,scaffold,2035,xgb_rdkit_morgan,xgboost,rdkit+morgan,none,77abfcdbb281d08df2e9fb09cf84b2a648ea9008
esol,60c0e74fff4c1ae4,O=C(Nc1ccccc1)N(Cc1ccc(Cl)cc1)C1CCCC1,aqueous_solubility,log10(mol/L),validation,O=C(Nc1ccccc1)N(Cc1ccccc1)C1CCCC1,-5.914999961853027,-4.904285637483939,-6.3873501142678295,-3.421221160700049,scaffold,2035,xgb_rdkit_morgan,xgboost,rdkit+morgan,none,77abfcdbb281d08df2e9fb09cf84b2a648ea9008
esol,0991c75b100e534a,O=C(Nc1ccccc1)Nc1ccccc1,aqueous_solubility,log10(mol/L),calibration,O=C(Nc1ccccc1)Nc1ccccc1,-3.1500000953674316,-3.589715415154023,-5.0727798919379135,-2.106650938370133,scaffold,2035,xgb_rdkit_morgan,xgboost,rdkit+morgan,none,77abfcdbb281d08df2e9fb09cf84b2a648ea9008
esol,fe14526b987406f2,O=C(Nc1ccccc1)c1ccccc1I,aqueous_solubility,log10(mol/L),test,O=C(Nc1ccccc1)c1ccccc1,-4.210000038146973,-4.338399182682324,-5.821463659466215,-2.855334705898434,scaffold,2035,xgb_rdkit_morgan,xgboost,rdkit+morgan,none,77abfcdbb281d08df2e9fb09cf84b2a648ea9008
esol,7745315b46a851c2,O=C(Nc1ccccc1)c1ccccc1O,aqueous_solubility,log10(mol/L),test,O=C(Nc1ccccc1)c1ccccc1,-3.5899999141693115,-2.8664228985687545,-4.349487375352645,-1.3833584217848642,scaffold,2035,xgb_rdkit_morgan,xgboost,rdkit+morgan,none,77abfcdbb281d08df2e9fb09cf84b2a648ea9008
esol,39383db26262b98a,O=C(OCC(O)CO)c1ccccc1Nc1ccnc2cc(Cl)ccc12,aqueous_solubility,log10(mol/L),train,c1ccc(Nc2ccnc3ccccc23)cc1,-4.571000099182129,-4.555382621415324,-6.038447098199215,-3.072318144631434,scaffold,2035,xgb_rdkit_morgan,xgboost,rdkit+morgan,none,77abfcdbb281d08df2e9fb09cf84b2a648ea9008
esol,1da91787f38885ba,O=C(c1ccccc1)C(O)c1ccccc1,aqueous_solubility,log10(mol/L),calibration,O=C(Cc1ccccc1)c1ccccc1,-2.8499999046325684,-3.069850024552168,-4.552914501336058,-1.5867855477682777,scaffold,2035,xgb_rdkit_morgan,xgboost,rdkit+morgan,none,77abfcdbb281d08df2e9fb09cf84b2a648ea9008
esol,4dba3a2e70cac673,O=C(c1ccccc1)c1ccccc1,aqueous_solubility,log10(mol/L),validation,O=C(c1ccccc1)c1ccccc1,-3.119999885559082,-3.6392947440053502,-5.1223592207892406,-2.15623026722146,scaffold,2035,xgb_rdkit_morgan,xgboost,rdkit+morgan,none,77abfcdbb281d08df2e9fb09cf84b2a648ea9008
esol,db8d3eba6fa98f98,O=C1C(Cl)C(CCl)CN1c1cccc(C(F)(F)F)c1,aqueous_solubility,log10(mol/L),validation,O=C1CCCN1c1ccccc1,-4.046999931335449,-4.170022307238739,-5.653086784022629,-2.6869578304548485,scaffold,2035,xgb_rdkit_morgan,xgboost,rdkit+morgan,none,77abfcdbb281d08df2e9fb09cf84b2a648ea9008
esol,6b583bedb8c16dc6,O=C1C(O)=C(C2CCC(c3ccc(Cl)cc3)CC2)C(=O)c2ccccc21,aqueous_solubility,log10(mol/L),test,O=C1C=C(C2CCC(c3ccccc3)CC2)C(=O)c2ccccc21,-5.931000232696533,-4.9762772972060745,-6.459341773989965,-3.493212820422184,scaffold,2035,xgb_rdkit_morgan,xgboost,rdkit+morgan,none,77abfcdbb281d08df2e9fb09cf84b2a648ea9008
esol,43baf9d8ef42876c,O=C1C2(Cl)C3(Cl)C4(Cl)C(Cl)(Cl)C5(Cl)C3(Cl)C1(Cl)C5(Cl)C24Cl,aqueous_solubility,log10(mol/L),train,O=C1C2C3C4CC5C3C1C5C42,-5.258999824523926,-5.248590125441698,-6.731654602225588,-3.7655256486578077,scaffold,2035,xgb_rdkit_morgan,xgboost,rdkit+morgan,none,77abfcdbb281d08df2e9fb09cf84b2a648ea9008
esol,046f28c7cfbee993,O=C1C2CC=CCC2C(=O)N1SC(Cl)(Cl)C(Cl)Cl,aqueous_solubility,log10(mol/L),train,O=C1NC(=O)C2CC=CCC12,-5.400000095367432,-5.382930480865321,-6.865994957649211,-3.8998660040814306,scaffold,2035,xgb_rdkit_morgan,xgboost,rdkit+morgan,none,77abfcdbb281d08df2e9fb09cf84b2a648ea9008
esol,fb996a8251e32b19,O=C1C=C2CC3(O)COc4c(ccc(O)c4O)C3=C2C=C1O,aqueous_solubility,log10(mol/L),test,O=C1C=CC2=C3c4ccccc4OCC3CC2=C1,-2.700000047683716,-2.195062872243402,-3.6781273490272923,-0.7119983954595117,scaffold,2035,xgb_rdkit_morgan,xgboost,rdkit+morgan,none,77abfcdbb281d08df2e9fb09cf84b2a648ea9008
esol,2287e3509b11a6c4,O=C1CC(c2ccc(O)c(O)c2)Oc2cc(O)cc(O)c21,aqueous_solubility,log10(mol/L),calibration,O=C1CC(c2ccccc2)Oc2ccccc21,-3.619999885559082,-3.135350987873583,-4.618415464657473,-1.6522865110896925,scaffold,2035,xgb_rdkit_morgan,xgboost,rdkit+morgan,none,77abfcdbb281d08df2e9fb09cf84b2a648ea9008
esol,98e81285f39d4a65,O=C1CCC(=O)N1,aqueous_solubility,log10(mol/L),validation,O=C1CCC(=O)N1,0.30000001192092896,-0.010257492849236716,-1.493321969633127,1.4728069839346536,scaffold,2035,xgb_rdkit_morgan,xgboost,rdkit+morgan,none,77abfcdbb281d08df2e9fb09cf84b2a648ea9008
esol,552029f553c6de90,O=C1CCC(N2C(=O)c3ccccc3C2=O)C(=O)N1,aqueous_solubility,log10(mol/L),validation,O=C1CCC(N2C(=O)c3ccccc3C2=O)C(=O)N1,-2.6760001182556152,-2.4510636591207753,-3.9341281359046656,-0.967999182336885,scaffold,2035,xgb_rdkit_morgan,xgboost,rdkit+morgan,none,77abfcdbb281d08df2e9fb09cf84b2a648ea9008
esol,f8fc82e8cbf0dbbb,O=C1CCCCC1,aqueous_solubility,log10(mol/L),calibration,O=C1CCCCC1,-0.6000000238418579,-0.8962595410737535,-2.379324017857644,0.5868049357101368,scaffold,2035,xgb_rdkit_morgan,xgboost,rdkit+morgan,none,77abfcdbb281d08df2e9fb09cf84b2a648ea9008
esol,88292b2a0d08280c,O=C1CCCN1,aqueous_solubility,log10(mol/L),calibration,O=C1CCCN1,1.0700000524520874,0.4744366825471684,-1.0086277942367219,1.9575011593310587,scaffold,2035,xgb_rdkit_morgan,xgboost,rdkit+morgan,none,77abfcdbb281d08df2e9fb09cf84b2a648ea9008
esol,464ea5384e52ed18,O=C1CN(N=Cc2ccc([N+](=O)[O-])o2)C(=O)N1,aqueous_solubility,log10(mol/L),validation,O=C1CN(N=Cc2ccco2)C(=O)N1,-3.380000114440918,-2.0789923832435666,-3.562056860027457,-0.5959279064596763,scaffold,2035,xgb_rdkit_morgan,xgboost,rdkit+morgan,none,77abfcdbb281d08df2e9fb09cf84b2a648ea9008
esol,ad5815f8ca05b4e0,O=C1CN=C(c2ccccc2)c2cc([N+](=O)[O-])ccc2N1,aqueous_solubility,log10(mol/L),train,O=C1CN=C(c2ccccc2)c2ccccc2N1,-3.7960000038146973,-3.768662764220819,-5.251727241004709,-2.2855982874369287,scaffold,2035,xgb_rdkit_morgan,xgboost,rdkit+morgan,none,77abfcdbb281d08df2e9fb09cf84b2a648ea9008
esol,3bcf5a8597ee7358,O=C1CN=C(c2ccccc2Cl)c2cc([N+](=O)[O-])ccc2N1,aqueous_solubility,log10(mol/L),train,O=C1CN=C(c2ccccc2)c2ccccc2N1,-3.499000072479248,-3.5668169093708384,-5.049881386154729,-2.083752432586948,scaffold,2035,xgb_rdkit_morgan,xgboost,rdkit+morgan,none,77abfcdbb281d08df2e9fb09cf84b2a648ea9008
esol,7431852da1dce5b8,O=C1CNC(=O)N1,aqueous_solubility,log10(mol/L),test,O=C1CNC(=O)N1,-0.4000000059604645,0.03658895808943674,-1.4464755186944536,1.519653434873327,scaffold,2035,xgb_rdkit_morgan,xgboost,rdkit+morgan,none,77abfcdbb281d08df2e9fb09cf84b2a648ea9008
esol,5e3e17dfed89e466,O=C1CSC(=S)N1,aqueous_solubility,log10(mol/L),calibration,O=C1CSC(=S)N1,-1.7699999809265137,-0.7471100341230152,-2.2301745109069055,0.7359544426608751,scaffold,2035,xgb_rdkit_morgan,xgboost,rdkit+morgan,none,77abfcdbb281d08df2e9fb09cf84b2a648ea9008
esol,9b850b8ead100465,O=C1NC(=O)C(=O)C(=O)N1,aqueous_solubility,log10(mol/L),validation,O=C1NC(=O)C(=O)C(=O)N1,-1.25,-1.4957057247645518,-2.978770201548442,-0.012641247980661463,scaffold,2035,xgb_rdkit_morgan,xgboost,rdkit+morgan,none,77abfcdbb281d08df2e9fb09cf84b2a648ea9008
esol,9f97173311018951,O=C1NC(=O)C(=O)N1,aqueous_solubility,log10(mol/L),train,O=C1NC(=O)C(=O)N1,-0.4000000059604645,-0.38092114209582917,-1.8639856188797195,1.1021433346880611,scaffold,2035,xgb_rdkit_morgan,xgboost,rdkit+morgan,none,77abfcdbb281d08df2e9fb09cf84b2a648ea9008
esol,f58d70889d342b7a,O=C1NC(=O)C(O)(C2(O)C(=O)NC(=O)NC2=O)C(=O)N1,aqueous_solubility,log10(mol/L),test,O=C1NC(=O)C(C2C(=O)NC(=O)NC2=O)C(=O)N1,-1.9900000095367432,-1.8924113278473753,-3.3754758046312654,-0.409346851063485,scaffold,2035,xgb_rdkit_morgan,xgboost,rdkit+morgan,none,77abfcdbb281d08df2e9fb09cf84b2a648ea9008
esol,a2f9df8a5d8811db,O=C1NC(=O)C(c2ccccc2)(c2ccccc2)N1,aqueous_solubility,log10(mol/L),test,O=C1NC(=O)C(c2ccccc2)(c2ccccc2)N1,-4.0970001220703125,-3.1810521423292046,-4.664116619113095,-1.6979876655453143,scaffold,2035,xgb_rdkit_morgan,xgboost,rdkit+morgan,none,77abfcdbb281d08df2e9fb09cf84b2a648ea9008
esol,abaed2608bdfc2de,O=C1NC(=O)C2(CC2)C(=O)N1,aqueous_solubility,log10(mol/L),validation,O=C1NC(=O)C2(CC2)C(=O)N1,-1.8860000371932983,-1.8458755513487999,-3.32894002813269,-0.3628110745649096,scaffold,2035,xgb_rdkit_morgan,xgboost,rdkit+morgan,none,77abfcdbb281d08df2e9fb09cf84b2a648ea9008
esol,c4e073085482ca83,O=C1NC(=O)C2(CCC2)C(=O)N1,aqueous_solubility,log10(mol/L),train,O=C1NC(=O)C2(CCC2)C(=O)N1,-1.6549999713897705,-1.7004805072933418,-3.183544984077232,-0.21741603050945146,scaffold,2035,xgb_rdkit_morgan,xgboost,rdkit+morgan,none,77abfcdbb281d08df2e9fb09cf84b2a648ea9008
esol,fb010ec97af69bc4,O=C1NC(=O)C2(CCCC2)C(=O)N1,aqueous_solubility,log10(mol/L),test,O=C1NC(=O)C2(CCCC2)C(=O)N1,-2.3489999771118164,-2.03820672678731,-3.5212712035712004,-0.5551422500034198,scaffold,2035,xgb_rdkit_morgan,xgboost,rdkit+morgan,none,77abfcdbb281d08df2e9fb09cf84b2a648ea9008
esol,f7fa422f6b89ab0c,O=C1NC(=O)C2(CCCCC2)C(=O)N1,aqueous_solubility,log10(mol/L),validation,O=C1NC(=O)C2(CCCCC2)C(=O)N1,-3.059999942779541,-2.1901986880877082,-3.6732631648715985,-0.7071342113038179,scaffold,2035,xgb_rdkit_morgan,xgboost,rdkit+morgan,none,77abfcdbb281d08df2e9fb09cf84b2a648ea9008
esol,1079ed78c10335aa,O=C1NC(=O)C2(CCCCCC2)C(=O)N1,aqueous_solubility,log10(mol/L),test,O=C1NC(=O)C2(CCCCCC2)C(=O)N1,-3.1679999828338623,-2.3906401234223016,-3.873704600206192,-0.9075756466384113,scaffold,2035,xgb_rdkit_morgan,xgboost,rdkit+morgan,none,77abfcdbb281d08df2e9fb09cf84b2a648ea9008
esol,2763289c3c31ca3c,O=C1NC(=O)C2(CCCCCCC2)C(=O)N1,aqueous_solubility,log10(mol/L),train,O=C1NC(=O)C2(CCCCCCC2)C(=O)N1,-2.9820001125335693,-2.890709639813622,-4.373774116597512,-1.4076451630297315,scaffold,2035,xgb_rdkit_morgan,xgboost,rdkit+morgan,none,77abfcdbb281d08df2e9fb09cf84b2a648ea9008
esol,6122d0570c0fafbd,O=C1NC(=O)C2C3C(C(O)(c4ccccc4)c4ccccn4)=CC(C3=C(c3ccccc3)c3ccccn3)C12,aqueous_solubility,log10(mol/L),test,O=C1NC(=O)C2C3C(C(c4ccccc4)c4ccccn4)=CC(C3=C(c3ccccc3)c3ccccn3)C12,-3.930999994277954,-6.139798984632256,-7.622863461416146,-4.656734507848365,scaffold,2035,xgb_rdkit_morgan,xgboost,rdkit+morgan,none,77abfcdbb281d08df2e9fb09cf84b2a648ea9008
esol,80765813e3dd85bc,O=C1NC(=O)C2C=CC=CC12,aqueous_solubility,log10(mol/L),calibration,O=C1NC(=O)C2C=CC=CC12,-2.931999921798706,-1.6180973190995949,-3.101161795883485,-0.13503284231570456,scaffold,2035,xgb_rdkit_morgan,xgboost,rdkit+morgan,none,77abfcdbb281d08df2e9fb09cf84b2a648ea9008
esol,8c073a83b27c7462,O=C1NC(=O)c2ccccc21,aqueous_solubility,log10(mol/L),calibration,O=C1NC(=O)c2ccccc21,-2.609999895095825,-1.8085303574504508,-3.291594834234341,-0.32546588066656046,scaffold,2035,xgb_rdkit_morgan,xgboost,rdkit+morgan,none,77abfcdbb281d08df2e9fb09cf84b2a648ea9008
esol,6b563f4c04c1dd29,O=C1NCCN1c1ncc([N+](=O)[O-])s1,aqueous_solubility,log10(mol/L),test,O=C1NCCN1c1nccs1,-3.2200000286102295,-2.3831405220223156,-3.866204998806206,-0.9000760452384253,scaffold,2035,xgb_rdkit_morgan,xgboost,rdkit+morgan,none,77abfcdbb281d08df2e9fb09cf84b2a648ea9008
esol,e431f760674c4ee6,O=C1Nc2ccc(Cl)cc2C(c2ccccc2)=NC1O,aqueous_solubility,log10(mol/L),train,O=C1CN=C(c2ccccc2)c2ccccc2N1,-3.9519999027252197,-3.8354678059246545,-5.318532282708545,-2.352403329140764,scaffold,2035,xgb_rdkit_morgan,xgboost,rdkit+morgan,none,77abfcdbb281d08df2e9fb09cf84b2a648ea9008
esol,e7367b803a2a0cad,O=C1Nc2ccc(Cl)cc2C(c2ccccc2Cl)=NC1O,aqueous_solubility,log10(mol/L),train,O=C1CN=C(c2ccccc2)c2ccccc2N1,-3.6040000915527344,-3.6937099868855334,-5.176774463669424,-2.210645510101643,scaffold,2035,xgb_rdkit_morgan,xgboost,rdkit+morgan,none,77abfcdbb281d08df2e9fb09cf84b2a648ea9008
esol,cccf416cbf91333f,O=C1OC(c2ccc(O)cc2)(c2ccc(O)cc2)c2ccccc21,aqueous_solubility,log10(mol/L),train,O=C1OC(c2ccccc2)(c2ccccc2)c2ccccc21,-2.9000000953674316,-2.94085325762002,-4.4239177344039105,-1.4577887808361298,scaffold,2035,xgb_rdkit_morgan,xgboost,rdkit+morgan,none,77abfcdbb281d08df2e9fb09cf84b2a648ea9008
esol,1d8559207fba752d,O=C1c2ccccc2C(=O)c2ccccc21,aqueous_solubility,log10(mol/L),test,O=C1c2ccccc2C(=O)c2ccccc21,-5.190000057220459,-3.6151391084432425,-5.098203585227132,-2.132074631659352,scaffold,2035,xgb_rdkit_morgan,xgboost,rdkit+morgan,none,77abfcdbb281d08df2e9fb09cf84b2a648ea9008
esol,40f1ac185330e905,O=C1c2ccccc2Cc2ccccc2N1CCF,aqueous_solubility,log10(mol/L),calibration,O=C1Nc2ccccc2Cc2ccccc21,-4.798999786376953,-3.699318756293666,-5.182383233077556,-2.2162542795097755,scaffold,2035,xgb_rdkit_morgan,xgboost,rdkit+morgan,none,77abfcdbb281d08df2e9fb09cf84b2a648ea9008
esol,1c5ae882fec16e7a,O=CNC(N1C=CN(C(NC=O)C(Cl)(Cl)Cl)C=C1)C(Cl)(Cl)Cl,aqueous_solubility,log10(mol/L),train,C1=CNC=CN1,-4.190000057220459,-4.204720562034378,-5.6877850388182685,-2.721656085250488,scaffold,2035,xgb_rdkit_morgan,xgboost,rdkit+morgan,none,77abfcdbb281d08df2e9fb09cf84b2a648ea9008
esol,24abd616835cfd2d,O=Cc1ccc(O)cc1,aqueous_solubility,log10(mol/L),train,c1ccccc1,-0.9599999785423279,-0.9359562631275649,-2.4190207399114554,0.5471082136563254,scaffold,2035,xgb_rdkit_morgan,xgboost,rdkit+morgan,none,77abfcdbb281d08df2e9fb09cf84b2a648ea9008
esol,01bc1188fd568fec,O=Cc1ccc2c(c1)OCO2,aqueous_solubility,log10(mol/L),validation,c1ccc2c(c1)OCO2,-1.6299999952316284,-1.4606903219073326,-2.9437547986912227,0.022374154876557695,scaffold,2035,xgb_rdkit_morgan,xgboost,rdkit+morgan,none,77abfcdbb281d08df2e9fb09cf84b2a648ea9008
esol,f96a284663242b78,O=Cc1ccccc1,aqueous_solubility,log10(mol/L),train,c1ccccc1,-1.190000057220459,-1.0792150120940702,-2.5622794888779605,0.4038494646898201,scaffold,2035,xgb_rdkit_morgan,xgboost,rdkit+morgan,none,77abfcdbb281d08df2e9fb09cf84b2a648ea9008
esol,363e8ba4d5020110,O=Cc1ccco1,aqueous_solubility,log10(mol/L),validation,c1ccoc1,-0.10000000149011612,-0.16157560360531287,-1.6446400803892032,1.3214888731785774,scaffold,2035,xgb_rdkit_morgan,xgboost,rdkit+morgan,none,77abfcdbb281d08df2e9fb09cf84b2a648ea9008
esol,8a081af65ed6bef7,O=[N+]([O-])C(Cl)(Cl)Cl,aqueous_solubility,log10(mol/L),train,,-2.0,-1.9948899437227414,-3.4779544205066317,-0.5118254669388511,scaffold,2035,xgb_rdkit_morgan,xgboost,rdkit+morgan,none,77abfcdbb281d08df2e9fb09cf84b2a648ea9008
esol,b3623792d168d2ab,O=[N+]([O-])OCC(CO[N+](=O)[O-])O[N+](=O)[O-],aqueous_solubility,log10(mol/L),train,,-2.2200000286102295,-2.1645990785890508,-3.647663555372941,-0.6815346018051605,scaffold,2035,xgb_rdkit_morgan,xgboost,rdkit+morgan,none,77abfcdbb281d08df2e9fb09cf84b2a648ea9008
esol,ff424e90dc845655,O=[N+]([O-])c1c(Cl)c(Cl)c(Cl)c(Cl)c1Cl,aqueous_solubility,log10(mol/L),train,c1ccccc1,-5.820000171661377,-5.825296674335216,-7.308361151119106,-4.342232197551326,scaffold,2035,xgb_rdkit_morgan,xgboost,rdkit+morgan,none,77abfcdbb281d08df2e9fb09cf84b2a648ea9008
esol,57e68a80baabc9d1,O=[N+]([O-])c1cc([N+](=O)[O-])cc([N+](=O)[O-])c1,aqueous_solubility,log10(mol/L),train,c1ccccc1,-2.890000104904175,-2.9045947561130068,-4.3876592328968975,-1.4215302793291165,scaffold,2035,xgb_rdkit_morgan,xgboost,rdkit+morgan,none,77abfcdbb281d08df2e9fb09cf84b2a648ea9008
esol,bc600864e500c480,O=[N+]([O-])c1ccc(C=NO)o1,aqueous_solubility,log10(mol/L),validation,c1ccoc1,-2.190000057220459,-1.6742670915743807,-3.157331568358271,-0.1912026147904904,scaffold,2035,xgb_rdkit_morgan,xgboost,rdkit+morgan,none,77abfcdbb281d08df2e9fb09cf84b2a648ea9008
esol,4b83ca53ecb4e64f,O=[N+]([O-])c1ccc(Cl)c(Cl)c1,aqueous_solubility,log10(mol/L),train,c1ccccc1,-3.200000047683716,-3.223942230590699,-4.707006707374589,-1.7408777538068088,scaffold,2035,xgb_rdkit_morgan,xgboost,rdkit+morgan,none,77abfcdbb281d08df2e9fb09cf84b2a648ea9008
esol,a677b460c36a2d5e,O=[N+]([O-])c1ccc(Cl)cc1,aqueous_solubility,log10(mol/L),train,c1ccccc1,-2.9200000762939453,-2.884771844139357,-4.367836320923248,-1.4017073673554665,scaffold,2035,xgb_rdkit_morgan,xgboost,rdkit+morgan,none,77abfcdbb281d08df2e9fb09cf84b2a648ea9008
esol,dde4a1cff0933018,O=[N+]([O-])c1ccc(O)cc1,aqueous_solubility,log10(mol/L),train,c1ccccc1,-0.7400000095367432,-0.9504957794113151,-2.4335602561952054,0.5325686973725752,scaffold,2035,xgb_rdkit_morgan,xgboost,rdkit+morgan,none,77abfcdbb281d08df2e9fb09cf84b2a648ea9008
esol,0cfb53848f1c44c5,O=[N+]([O-])c1ccc(Oc2ccc(Cl)cc2Cl)cc1,aqueous_solubility,log10(mol/L),train,c1ccc(Oc2ccccc2)cc1,-5.460000038146973,-5.457770058911211,-6.940834535695101,-3.9747055821273207,scaffold,2035,xgb_rdkit_morgan,xgboost,rdkit+morgan,none,77abfcdbb281d08df2e9fb09cf84b2a648ea9008
esol,82051d5601294b9c,O=[N+]([O-])c1ccc([N+](=O)[O-])cc1,aqueous_solubility,log10(mol/L),train,c1ccccc1,-3.390000104904175,-3.3004380163929996,-4.78350249317689,-1.8173735396091093,scaffold,2035,xgb_rdkit_morgan,xgboost,rdkit+morgan,none,77abfcdbb281d08df2e9fb09cf84b2a648ea9008
esol,b8a8d3aea70aedef,O=[N+]([O-])c1cccc(Cl)c1,aqueous_solubility,log10(mol/L),train,c1ccccc1,-2.7699999809265137,-2.7854297442710987,-4.268494221054989,-1.3023652674872084,scaffold,2035,xgb_rdkit_morgan,xgboost,rdkit+morgan,none,77abfcdbb281d08df2e9fb09cf84b2a648ea9008
esol,feef886840fa5400,O=[N+]([O-])c1cccc(Cl)c1Cl,aqueous_solubility,log10(mol/L),train,c1ccccc1,-3.4800000190734863,-3.386570975591228,-4.869635452375118,-1.9035064988073378,scaffold,2035,xgb_rdkit_morgan,xgboost,rdkit+morgan,none,77abfcdbb281d08df2e9fb09cf84b2a648ea9008
esol,8b82235acd1bad51,O=[N+]([O-])c1cccc(O)c1,aqueous_solubility,log10(mol/L),train,c1ccccc1,-1.0099999904632568,-1.0092382522103505,-2.4923027289942405,0.47382622457353984,scaffold,2035,xgb_rdkit_morgan,xgboost,rdkit+morgan,none,77abfcdbb281d08df2e9fb09cf84b2a648ea9008
esol,ec688ee4a0e28848,O=[N+]([O-])c1cccc([N+](=O)[O-])c1,aqueous_solubility,log10(mol/L),train,c1ccccc1,-2.2899999618530273,-2.4386256941776585,-3.921690170961549,-0.9555612173937682,scaffold,2035,xgb_rdkit_morgan,xgboost,rdkit+morgan,none,77abfcdbb281d08df2e9fb09cf84b2a648ea9008
esol,c6bfe39ba4dc7a2a,O=[N+]([O-])c1cccc2ccccc12,aqueous_solubility,log10(mol/L),train,c1ccc2ccccc2c1,-3.5399999618530273,-3.551462607645739,-5.034527084429629,-2.0683981308618486,scaffold,2035,xgb_rdkit_morgan,xgboost,rdkit+morgan,none,77abfcdbb281d08df2e9fb09cf84b2a648ea9008
esol,e7485af5868fe30e,O=[N+]([O-])c1ccccc1,aqueous_solubility,log10(mol/L),train,c1ccccc1,-1.7999999523162842,-1.8943491381382385,-3.377413614922129,-0.41128466135434816,scaffold,2035,xgb_rdkit_morgan,xgboost,rdkit+morgan,none,77abfcdbb281d08df2e9fb09cf84b2a648ea9008
esol,5f297c0e1cebb1e6,O=[N+]([O-])c1ccccc1Cl,aqueous_solubility,log10(mol/L),train,c1ccccc1,-2.549999952316284,-2.668883947060084,-4.151948423843974,-1.1858194702761935,scaffold,2035,xgb_rdkit_morgan,xgboost,rdkit+morgan,none,77abfcdbb281d08df2e9fb09cf84b2a648ea9008
esol,5598414c70a5d146,O=[N+]([O-])c1ccccc1O,aqueous_solubility,log10(mol/L),train,c1ccccc1,-1.7400000095367432,-1.5794395835980808,-3.062504060381971,-0.09637510681419048,scaffold,2035,xgb_rdkit_morgan,xgboost,rdkit+morgan,none,77abfcdbb281d08df2e9fb09cf84b2a648ea9008
esol,059b799d8722bb7e,O=[N+]([O-])c1ccccc1[N+](=O)[O-],aqueous_solubility,log10(mol/L),train,c1ccccc1,-3.0999999046325684,-3.0299642311773756,-4.513028707961266,-1.5468997543934853,scaffold,2035,xgb_rdkit_morgan,xgboost,rdkit+morgan,none,77abfcdbb281d08df2e9fb09cf84b2a648ea9008
esol,d74439078cde9040,O=c1[nH]c(=O)c2[nH]c(=O)[nH]c2[nH]1,aqueous_solubility,log10(mol/L),test,O=c1[nH]c(=O)c2[nH]c(=O)[nH]c2[nH]1,-3.930000066757202,-1.5990135580998,-3.0820780348836903,-0.11594908131590964,scaffold,2035,xgb_rdkit_morgan,xgboost,rdkit+morgan,none,77abfcdbb281d08df2e9fb09cf84b2a648ea9008
esol,2ba1a048585b1487,O=c1[nH]c2c(c(=O)n1C1CCCCC1)CCC2,aqueous_solubility,log10(mol/L),calibration,O=c1[nH]c2c(c(=O)n1C1CCCCC1)CCC2,-4.593999862670898,-2.790522374139899,-4.273586850923789,-1.3074578973560085,scaffold,2035,xgb_rdkit_morgan,xgboost,rdkit+morgan,none,77abfcdbb281d08df2e9fb09cf84b2a648ea9008
esol,d07e545f1899310f,O=c1[nH]c2cc(Cl)ccc2o1,aqueous_solubility,log10(mol/L),calibration,O=c1[nH]c2ccccc2o1,-2.8310000896453857,-2.664299435230603,-4.147363912014493,-1.1812349584467126,scaffold,2035,xgb_rdkit_morgan,xgboost,rdkit+morgan,none,77abfcdbb281d08df2e9fb09cf84b2a648ea9008
esol,4c7d2cc71ad43d92,O=c1[nH]cc(F)c(=O)[nH]1,aqueous_solubility,log10(mol/L),test,O=c1cc[nH]c(=O)[nH]1,-1.0770000219345093,-1.3392074102206348,-2.822271887004525,0.14385706656325548,scaffold,2035,xgb_rdkit_morgan,xgboost,rdkit+morgan,none,77abfcdbb281d08df2e9fb09cf84b2a648ea9008
esol,dffd0d1aff11120c,O=c1[nH]cnc2[nH]ncc12,aqueous_solubility,log10(mol/L),calibration,O=c1[nH]cnc2[nH]ncc12,-2.2660000324249268,-1.8821483809400559,-3.365212857723946,-0.39908390415616557,scaffold,2035,xgb_rdkit_morgan,xgboost,rdkit+morgan,none,77abfcdbb281d08df2e9fb09cf84b2a648ea9008
esol,efd3b4d838ecabb0,O=c1[nH]cnc2nc[nH]c12,aqueous_solubility,log10(mol/L),calibration,O=c1[nH]cnc2nc[nH]c12,-2.2960000038146973,-1.6558656146441406,-3.1389300914280307,-0.1728011378602503,scaffold,2035,xgb_rdkit_morgan,xgboost,rdkit+morgan,none,77abfcdbb281d08df2e9fb09cf84b2a648ea9008
esol,c401593400567088,O=c1c(O)c(-c2ccc(O)cc2O)oc2cc(O)cc(O)c12,aqueous_solubility,log10(mol/L),test,O=c1cc(-c2ccccc2)oc2ccccc12,-3.0829999446868896,-3.226847134600799,-4.7099116113846895,-1.7437826578169089,scaffold,2035,xgb_rdkit_morgan,xgboost,rdkit+morgan,none,77abfcdbb281d08df2e9fb09cf84b2a648ea9008
esol,d67cde4d4f9d08e2,O=c1cc[nH]c(=O)[nH]1,aqueous_solubility,log10(mol/L),test,O=c1cc[nH]c(=O)[nH]1,-1.4880000352859497,-0.9733221251018369,-2.456386601885727,0.5097423516820534,scaffold,2035,xgb_rdkit_morgan,xgboost,rdkit+morgan,none,77abfcdbb281d08df2e9fb09cf84b2a648ea9008
esol,834dfd465548d669,O=c1ccnc(S)[nH]1,aqueous_solubility,log10(mol/L),train,O=c1ccnc[nH]1,-2.2730000019073486,-2.2486504418302955,-3.731714918614186,-0.7655859650464052,scaffold,2035,xgb_rdkit_morgan,xgboost,rdkit+morgan,none,77abfcdbb281d08df2e9fb09cf84b2a648ea9008
esol,7b29bd731c5c5440,O=c1oc2ccccc2c(O)c1C(CC(O)c1ccc(-c2ccc(Br)cc2)cc1)c1ccccc1,aqueous_solubility,log10(mol/L),validation,O=c1oc2ccccc2cc1C(CCc1ccc(-c2ccccc2)cc1)c1ccccc1,-4.445000171661377,-6.3470831566550245,-7.830147633438915,-4.864018679871134,scaffold,2035,xgb_rdkit_morgan,xgboost,rdkit+morgan,none,77abfcdbb281d08df2e9fb09cf84b2a648ea9008
esol,f395281a134eed26,O=c1oc2ccccc2c(O)c1C1CCCc2ccccc21,aqueous_solubility,log10(mol/L),calibration,O=c1oc2ccccc2cc1C1CCCc2ccccc21,-2.8399999141693115,-3.5533435807278133,-5.036408057511704,-2.070279103943923,scaffold,2035,xgb_rdkit_morgan,xgboost,rdkit+morgan,none,77abfcdbb281d08df2e9fb09cf84b2a648ea9008
esol,e761650b94280ee4,OC(Cn1cncn1)(Cn1cncn1)c1ccc(F)cc1F,aqueous_solubility,log10(mol/L),test,c1ccc(C(Cn2cncn2)Cn2cncn2)cc1,-1.7999999523162842,-1.9077808930653264,-3.3908453698492167,-0.4247164162814361,scaffold,2035,xgb_rdkit_morgan,xgboost,rdkit+morgan,none,77abfcdbb281d08df2e9fb09cf84b2a648ea9008
esol,1101da9b7991cc75,OC(Cn1cncn1)(c1ccc(F)cc1)c1ccccc1F,aqueous_solubility,log10(mol/L),test,c1ccc(C(Cn2cncn2)c2ccccc2)cc1,-3.369999885559082,-3.897291484984876,-5.380355961768766,-2.4142270082009856,scaffold,2035,xgb_rdkit_morgan,xgboost,rdkit+morgan,none,77abfcdbb281d08df2e9fb09cf84b2a648ea9008
esol,6711c4961ef774a1,OC(c1ccc(Cl)cc1)(c1ccc(Cl)cc1)C(Cl)(Cl)Cl,aqueous_solubility,log10(mol/L),calibration,c1ccc(Cc2ccccc2)cc1,-5.665999889373779,-5.722956439542898,-7.206020916326788,-4.239891962759008,scaffold,2035,xgb_rdkit_morgan,xgboost,rdkit+morgan,none,77abfcdbb281d08df2e9fb09cf84b2a648ea9008
esol,a2c2454d143b1950,OC(c1ccc(Cl)cc1)(c1cncnc1)c1ccccc1Cl,aqueous_solubility,log10(mol/L),train,c1ccc(C(c2ccccc2)c2cncnc2)cc1,-4.380000114440918,-4.3702704247942235,-5.853334901578114,-2.887205948010333,scaffold,2035,xgb_rdkit_morgan,xgboost,rdkit+morgan,none,77abfcdbb281d08df2e9fb09cf84b2a648ea9008
esol,b3f3b509e457b989,OC(c1ccccc1)C(O)c1ccccc1,aqueous_solubility,log10(mol/L),validation,c1ccc(CCc2ccccc2)cc1,-1.9299999475479126,-3.0859386665782784,-4.569003143362169,-1.6028741897943881,scaffold,2035,xgb_rdkit_morgan,xgboost,rdkit+morgan,none,77abfcdbb281d08df2e9fb09cf84b2a648ea9008
esol,815eaa2e8194a1de,OC(c1ccccc1)c1ccccc1,aqueous_solubility,log10(mol/L),calibration,c1ccc(Cc2ccccc2)cc1,-2.549999952316284,-3.414081966375617,-4.897146443159507,-1.9310174895917265,scaffold,2035,xgb_rdkit_morgan,xgboost,rdkit+morgan,none,77abfcdbb281d08df2e9fb09cf84b2a648ea9008
esol,ccd31a926e2435b6,OC1C(O)C(O)C(O)C(O)C1O,aqueous_solubility,log10(mol/L),test,C1CCCCC1,0.3499999940395355,0.297927513138053,-1.1851369636458373,1.7809919899219433,scaffold,2035,xgb_rdkit_morgan,xgboost,rdkit+morgan,none,77abfcdbb281d08df2e9fb09cf84b2a648ea9008
esol,1dee6b11c4cd6fe7,OC1C=CC2C1C1(Cl)C(Cl)=C(Cl)C2(Cl)C1(Cl)Cl,aqueous_solubility,log10(mol/L),test,C1=CC2C3C=CC(C3)C2C1,-5.460000038146973,-5.120997540460846,-6.604062017244736,-3.6379330636769556,scaffold,2035,xgb_rdkit_morgan,xgboost,rdkit+morgan,none,77abfcdbb281d08df2e9fb09cf84b2a648ea9008
esol,d2b075aa3c9f907a,OC1CCCCC1,aqueous_solubility,log10(mol/L),test,C1CCCCC1,-0.4399999976158142,-0.48967251901386977,-1.97273699579776,0.9933919577700205,scaffold,2035,xgb_rdkit_morgan,xgboost,rdkit+morgan,none,77abfcdbb281d08df2e9fb09cf84b2a648ea9008
esol,a260f3bd66239d10,OC1CCCCCC1,aqueous_solubility,log10(mol/L),test,C1CCCCCC1,-0.8799999952316284,-1.0827815617933134,-2.5658460385772037,0.4002829149905769,scaffold,2035,xgb_rdkit_morgan,xgboost,rdkit+morgan,none,77abfcdbb281d08df2e9fb09cf84b2a648ea9008
esol,cd07d7b7d929883b,OC1CCCCCCC1,aqueous_solubility,log10(mol/L),test,C1CCCCCCC1,-1.2899999618530273,-1.5175087631327868,-3.000573239916677,-0.03444428634889651,scaffold,2035,xgb_rdkit_morgan,xgboost,rdkit+morgan,none,77abfcdbb281d08df2e9fb09cf84b2a648ea9008
esol,ee355a6432d1756f,OC1COC(O)C(O)C1O,aqueous_solubility,log10(mol/L),calibration,C1CCOCC1,0.38999998569488525,0.6462233153898902,-0.8368411613940001,2.1292877921737805,scaffold,2035,xgb_rdkit_morgan,xgboost,rdkit+morgan,none,77abfcdbb281d08df2e9fb09cf84b2a648ea9008
esol,ad18eddfa134971c,OCC(O)C(O)C(O)C(O)CO,aqueous_solubility,log10(mol/L),train,,0.5750000160187483,0.5609774798987424,-0.922086996885148,2.0440419566826327,scaffold,2035,xgb_rdkit_morgan,xgboost,rdkit+morgan,none,77abfcdbb281d08df2e9fb09cf84b2a648ea9008
esol,5aedb2f44a5cfe15,OCC(O)C(O)CO,aqueous_solubility,log10(mol/L),train,,0.699999988079071,0.7434642369673767,-0.7396002398165136,2.226528713751267,scaffold,2035,xgb_rdkit_morgan,xgboost,rdkit+morgan,none,77abfcdbb281d08df2e9fb09cf84b2a648ea9008
esol,5a22885eb34ba977,OCC(O)C1OC2OC(C(Cl)(Cl)Cl)OC2C1O,aqueous_solubility,log10(mol/L),validation,C1CC2OCOC2O1,-1.840000033378601,-1.254534104188967,-2.7375985809728576,0.22853037259492326,scaffold,2035,xgb_rdkit_morgan,xgboost,rdkit+morgan,none,77abfcdbb281d08df2e9fb09cf84b2a648ea9008
esol,ecae793a151a86c7,OCC(O)CO,aqueous_solubility,log10(mol/L),train,,1.1200000047683716,1.0771717035147486,-0.40589277326914175,2.560236180298639,scaffold,2035,xgb_rdkit_morgan,xgboost,rdkit+morgan,none,77abfcdbb281d08df2e9fb09cf84b2a648ea9008
esol,23e4b685b19bde7d,OCC1OC(O)(CO)C(O)C1O,aqueous_solubility,log10(mol/L),train,C1CCOC1,0.6399999856948853,0.7158538256108744,-0.7672106511730159,2.1989183023947647,scaffold,2035,xgb_rdkit_morgan,xgboost,rdkit+morgan,none,77abfcdbb281d08df2e9fb09cf84b2a648ea9008
esol,8d06c6c063ad1f13,OCC1OC(O)C(O)C(O)C1O,aqueous_solubility,log10(mol/L),calibration,C1CCOCC1,0.7400000095367432,0.7075331433211258,-0.7755313334627645,2.190597620105016,scaffold,2035,xgb_rdkit_morgan,xgboost,rdkit+morgan,none,77abfcdbb281d08df2e9fb09cf84b2a648ea9008
esol,20a6ee58628f6410,OCC1OC(OC2(CO)OC(CO)C(O)C2O)C(O)C(O)C1O,aqueous_solubility,log10(mol/L),train,C1CCC(OC2CCCO2)OC1,0.7900000214576721,0.6538771552760041,-0.8291873215078862,2.1369416320598944,scaffold,2035,xgb_rdkit_morgan,xgboost,rdkit+morgan,none,77abfcdbb281d08df2e9fb09cf84b2a648ea9008
esol,74372de6e813da3c,OCC1OC(OC2C(CO)OC(O)C(O)C2O)C(O)C(O)C1O,aqueous_solubility,log10(mol/L),validation,C1CCC(OC2CCCOC2)OC1,-0.24400000274181366,-0.16639958003859334,-1.6494640568224836,1.316664896745297,scaffold,2035,xgb_rdkit_morgan,xgboost,rdkit+morgan,none,77abfcdbb281d08df2e9fb09cf84b2a648ea9008
esol,3bb6576d1676177b,OCC1OC(OCC2OC(OC3(CO)OC(CO)C(O)C3O)C(O)C(O)C2O)C(O)C(O)C1O,aqueous_solubility,log10(mol/L),test,C1CCC(OCC2CCCC(OC3CCCO3)O2)OC1,-0.4099999964237213,-1.6956476222066463,-3.1787120989905366,-0.21258314542275603,scaffold,2035,xgb_rdkit_morgan,xgboost,rdkit+morgan,none,77abfcdbb281d08df2e9fb09cf84b2a648ea9008
esol,cafb5394ad49e2da,OCC1OC(n2cnc3c(O)ncnc32)C(O)C1O,aqueous_solubility,log10(mol/L),test,c1ncc2ncn(C3CCCO3)c2n1,-1.2300000190734863,-1.0010755500411634,-2.4841400268250537,0.48198892674272686,scaffold,2035,xgb_rdkit_morgan,xgboost,rdkit+morgan,none,77abfcdbb281d08df2e9fb09cf84b2a648ea9008
esol,347360ba4eef9a17,OCCOc1ccccc1,aqueous_solubility,log10(mol/L),train,c1ccccc1,-0.699999988079071,-0.7319862289572767,-2.215050705741167,0.7510782478266136,scaffold,2035,xgb_rdkit_morgan,xgboost,rdkit+morgan,none,77abfcdbb281d08df2e9fb09cf84b2a648ea9008
esol,8a2610c4845c31dd,OCc1ccccc1,aqueous_solubility,log10(mol/L),train,c1ccccc1,-0.4000000059604645,-0.4086013972951057,-1.891665874078996,1.0744630794887846,scaffold,2035,xgb_rdkit_morgan,xgboost,rdkit+morgan,none,77abfcdbb281d08df2e9fb09cf84b2a648ea9008
esol,21fced0c0e248caf,OCc1ccccc1OC1OC(CO)C(O)C(O)C1O,aqueous_solubility,log10(mol/L),train,c1ccc(OC2CCCCO2)cc1,-0.8500000238418579,-0.8063435518982933,-2.2894080286821836,0.676720924885597,scaffold,2035,xgb_rdkit_morgan,xgboost,rdkit+morgan,none,77abfcdbb281d08df2e9fb09cf84b2a648ea9008
esol,3beaac315c00705a,Oc1c(Cl)c(Cl)c(Cl)c(Cl)c1Cl,aqueous_solubility,log10(mol/L),train,c1ccccc1,-4.28000020980835,-4.298268431034127,-5.781332907818017,-2.8152039542502365,scaffold,2035,xgb_rdkit_morgan,xgboost,rdkit+morgan,none,77abfcdbb281d08df2e9fb09cf84b2a648ea9008
esol,ace4936ebfc84643,Oc1c(Cl)c(Cl)cc(Cl)c1Cl,aqueous_solubility,log10(mol/L),train,c1ccccc1,-3.369999885559082,-3.355985964859408,-4.839050441643298,-1.8729214880755176,scaffold,2035,xgb_rdkit_morgan,xgboost,rdkit+morgan,none,77abfcdbb281d08df2e9fb09cf84b2a648ea9008
esol,68fb3cd38ab259db,Oc1c(Cl)cc(Cl)c(Cl)c1Cl,aqueous_solubility,log10(mol/L),train,c1ccccc1,-3.0999999046325684,-3.104120990634506,-4.587185467418396,-1.6210565138506157,scaffold,2035,xgb_rdkit_morgan,xgboost,rdkit+morgan,none,77abfcdbb281d08df2e9fb09cf84b2a648ea9008
esol,ff5529c308a61bd5,Oc1c(Cl)cc(Cl)cc1Cl,aqueous_solubility,log10(mol/L),train,c1ccccc1,-2.3399999141693115,-2.439678429751727,-3.922742906535617,-0.9566139529678366,scaffold,2035,xgb_rdkit_morgan,xgboost,rdkit+morgan,none,77abfcdbb281d08df2e9fb09cf84b2a648ea9008
esol,47fd413d31b8b8eb,Oc1c(Cl)ccc(Cl)c1Cl,aqueous_solubility,log10(mol/L),train,c1ccccc1,-2.640000104904175,-2.599327824095116,-4.082392300879006,-1.1162633473112256,scaffold,2035,xgb_rdkit_morgan,xgboost,rdkit+morgan,none,77abfcdbb281d08df2e9fb09cf84b2a648ea9008
esol,f2b15729f987cf3b,Oc1c(Cl)cccc1Cl,aqueous_solubility,log10(mol/L),train,c1ccccc1,-1.7899999618530273,-1.7005929938904638,-3.183657470674354,-0.2175285171065735,scaffold,2035,xgb_rdkit_morgan,xgboost,rdkit+morgan,none,77abfcdbb281d08df2e9fb09cf84b2a648ea9008
esol,42fadcd62d5dfa18,Oc1c2ccccc2cc2ccccc12,aqueous_solubility,log10(mol/L),calibration,c1ccc2cc3ccccc3cc2c1,-4.730000019073486,-3.401112808124866,-4.884177284908756,-1.9180483313409757,scaffold,2035,xgb_rdkit_morgan,xgboost,rdkit+morgan,none,77abfcdbb281d08df2e9fb09cf84b2a648ea9008
esol,f69f5a78d0052c90,Oc1cc(Cl)c(Cl)c(Cl)c1Cl,aqueous_solubility,log10(mol/L),train,c1ccccc1,-3.1500000953674316,-3.1521813940785504,-4.635245870862441,-1.66911691729466,scaffold,2035,xgb_rdkit_morgan,xgboost,rdkit+morgan,none,77abfcdbb281d08df2e9fb09cf84b2a648ea9008
esol,5201b0d96bea2487,Oc1cc(Cl)c(Cl)cc1Cl,aqueous_solubility,log10(mol/L),train,c1ccccc1,-2.2100000381469727,-2.281479245402278,-3.7645437221861684,-0.7984147686183878,scaffold,2035,xgb_rdkit_morgan,xgboost,rdkit+morgan,none,77abfcdbb281d08df2e9fb09cf84b2a648ea9008
esol,83266a15b21d9a5e,Oc1cc(Cl)cc(Cl)c1,aqueous_solubility,log10(mol/L),train,c1ccccc1,-1.340000033378601,-1.3706942736331817,-2.853758750417072,0.11237020315070856,scaffold,2035,xgb_rdkit_morgan,xgboost,rdkit+morgan,none,77abfcdbb281d08df2e9fb09cf84b2a648ea9008
esol,aefc79dc4755abd1,Oc1cc(Cl)cc(Cl)c1Cl,aqueous_solubility,log10(mol/L),train,c1ccccc1,-2.6700000762939453,-2.5783969280484684,-4.061461404832359,-1.0953324512645781,scaffold,2035,xgb_rdkit_morgan,xgboost,rdkit+morgan,none,77abfcdbb281d08df2e9fb09cf84b2a648ea9008
esol,1d86e9c441b31155,Oc1cc(Cl)ccc1Oc1ccc(Cl)cc1Cl,aqueous_solubility,log10(mol/L),train,c1ccc(Oc2ccccc2)cc1,-4.460000038146973,-4.485395765057735,-5.968460241841625,-3.0023312882738447,scaffold,2035,xgb_rdkit_morgan,xgboost,rdkit+morgan,none,77abfcdbb281d08df2e9fb09cf84b2a648ea9008
esol,1d621a1129d76fde,Oc1ccc(-c2ccccc2)cc1,aqueous_solubility,log10(mol/L),train,c1ccc(-c2ccccc2)cc1,-3.4800000190734863,-3.436163608031655,-4.919228084815545,-1.9530991312477646,scaffold,2035,xgb_rdkit_morgan,xgboost,rdkit+morgan,none,77abfcdbb281d08df2e9fb09cf84b2a648ea9008
esol,6ccb98da78f7e118,Oc1ccc(Br)cc1,aqueous_solubility,log10(mol/L),train,c1ccccc1,-1.090000033378601,-1.1073994970766443,-2.5904639738605346,0.375664979707246,scaffold,2035,xgb_rdkit_morgan,xgboost,rdkit+morgan,none,77abfcdbb281d08df2e9fb09cf84b2a648ea9008
esol,1645a8e7ef24eacf,Oc1ccc(Cl)c(Cl)c1,aqueous_solubility,log10(mol/L),train,c1ccccc1,-1.25,-1.3248037805969768,-2.807868257380867,0.15826069618691352,scaffold,2035,xgb_rdkit_morgan,xgboost,rdkit+morgan,none,77abfcdbb281d08df2e9fb09cf84b2a648ea9008
esol,12d83c9e4cfe8609,Oc1ccc(Cl)c(Cl)c1Cl,aqueous_solubility,log10(mol/L),train,c1ccccc1,-2.6700000762939453,-2.575973403125656,-4.059037879909546,-1.0929089263417655,scaffold,2035,xgb_rdkit_morgan,xgboost,rdkit+morgan,none,77abfcdbb281d08df2e9fb09cf84b2a648ea9008
esol,d0f354a94dd9e30c,Oc1ccc(Cl)cc1,aqueous_solubility,log10(mol/L),train,c1ccccc1,-0.699999988079071,-0.835561915805207,-2.3186263925890973,0.6475025609786833,scaffold,2035,xgb_rdkit_morgan,xgboost,rdkit+morgan,none,77abfcdbb281d08df2e9fb09cf84b2a648ea9008
esol,574d72e0485c2a4c,Oc1ccc(Cl)cc1Cc1cc(Cl)ccc1O,aqueous_solubility,log10(mol/L),calibration,c1ccc(Cc2ccccc2)cc1,-3.953000068664551,-3.5856886444193528,-5.068753121203243,-2.1026241676354624,scaffold,2035,xgb_rdkit_morgan,xgboost,rdkit+morgan,none,77abfcdbb281d08df2e9fb09cf84b2a648ea9008
esol,3146d92924b6ceda,Oc1ccc(Cl)cc1Cl,aqueous_solubility,log10(mol/L),train,c1ccccc1,-1.5499999523162842,-1.4664113403484957,-2.9494758171323863,0.016653136435394567,scaffold,2035,xgb_rdkit_morgan,xgboost,rdkit+morgan,none,77abfcdbb281d08df2e9fb09cf84b2a648ea9008
esol,9b903cfe28e8dec2,Oc1ccc(O)cc1,aqueous_solubility,log10(mol/L),train,c1ccccc1,-0.17000000178813934,0.030880768109191603,-1.4521837086746987,1.513945244893082,scaffold,2035,xgb_rdkit_morgan,xgboost,rdkit+morgan,none,77abfcdbb281d08df2e9fb09cf84b2a648ea9008
esol,49fae57f275a6265,Oc1ccc2c(c1)CCCC2,aqueous_solubility,log10(mol/L),validation,c1ccc2c(c1)CCCC2,-1.9900000095367432,-2.0717813628232085,-3.5548458396070988,-0.5887168860393182,scaffold,2035,xgb_rdkit_morgan,xgboost,rdkit+morgan,none,77abfcdbb281d08df2e9fb09cf84b2a648ea9008
esol,7daf411051bf1f30,Oc1ccc2ccccc2c1,aqueous_solubility,log10(mol/L),train,c1ccc2ccccc2c1,-2.2799999713897705,-2.2587255349326014,-3.7417900117164917,-0.7756610581487111,scaffold,2035,xgb_rdkit_morgan,xgboost,rdkit+morgan,none,77abfcdbb281d08df2e9fb09cf84b2a648ea9008
esol,068adc1c3a01e09a,Oc1ccc2ncccc2c1,aqueous_solubility,log10(mol/L),validation,c1ccc2ncccc2c1,-2.1600000858306885,-1.9034915546190008,-3.386556031402891,-0.42042707783511046,scaffold,2035,xgb_rdkit_morgan,xgboost,rdkit+morgan,none,77abfcdbb281d08df2e9fb09cf84b2a648ea9008
esol,e25e7ed45d0af63a,Oc1cccc(Cl)c1,aqueous_solubility,log10(mol/L),train,c1ccccc1,-0.699999988079071,-0.7178818113063223,-2.2009462880902126,0.765182665477568,scaffold,2035,xgb_rdkit_morgan,xgboost,rdkit+morgan,none,77abfcdbb281d08df2e9fb09cf84b2a648ea9008
esol,37986dfa66563881,Oc1cccc(Cl)c1Cl,aqueous_solubility,log10(mol/L),train,c1ccccc1,-1.2999999523162842,-1.4024100300474756,-2.8854745068313656,0.08065444673641475,scaffold,2035,xgb_rdkit_morgan,xgboost,rdkit+morgan,none,77abfcdbb281d08df2e9fb09cf84b2a648ea9008
esol,084f0a95be5b9a25,Oc1cccc(O)c1,aqueous_solubility,log10(mol/L),train,c1ccccc1,0.8100000023841858,0.7164467855821868,-0.7666176912017035,2.199511262366077,scaffold,2035,xgb_rdkit_morgan,xgboost,rdkit+morgan,none,77abfcdbb281d08df2e9fb09cf84b2a648ea9008
esol,34e720a34db81320,Oc1cccc2ccccc12,aqueous_solubility,log10(mol/L),train,c1ccc2ccccc2c1,-2.2200000286102295,-2.2227902839147564,-3.7058547606986467,-0.7397258071308661,scaffold,2035,xgb_rdkit_morgan,xgboost,rdkit+morgan,none,77abfcdbb281d08df2e9fb09cf84b2a648ea9008
esol,3ded71ac51eeff27,Oc1cccc2cccnc12,aqueous_solubility,log10(mol/L),validation,c1ccc2ncccc2c1,-2.4200000762939453,-1.8807424766490999,-3.36380695343299,-0.3976779998652096,scaffold,2035,xgb_rdkit_morgan,xgboost,rdkit+morgan,none,77abfcdbb281d08df2e9fb09cf84b2a648ea9008
esol,409af28e16979e80,Oc1cccc2ncccc12,aqueous_solubility,log10(mol/L),validation,c1ccc2ncccc2c1,-2.5399999618530273,-1.8350605648848548,-3.318125041668745,-0.3519960881009645,scaffold,2035,xgb_rdkit_morgan,xgboost,rdkit+morgan,none,77abfcdbb281d08df2e9fb09cf84b2a648ea9008
esol,2e890eb023abb6b6,Oc1ccccc1,aqueous_solubility,log10(mol/L),train,c1ccccc1,0.0,-0.06745104777449118,-1.5505155245583815,1.4156134290093991,scaffold,2035,xgb_rdkit_morgan,xgboost,rdkit+morgan,none,77abfcdbb281d08df2e9fb09cf84b2a648ea9008
esol,9c5ba45c0976f989,Oc1ccccc1Cl,aqueous_solubility,log10(mol/L),train,c1ccccc1,-1.059999942779541,-1.0522073008366142,-2.5352717776205047,0.4308571759472761,scaffold,2035,xgb_rdkit_morgan,xgboost,rdkit+morgan,none,77abfcdbb281d08df2e9fb09cf84b2a648ea9008
esol,f8f88ccdc1aea39d,Oc1ccccc1O,aqueous_solubility,log10(mol/L),train,c1ccccc1,0.6200000047683716,0.4470664484867384,-1.035998028297152,1.9301309252706287,scaffold,2035,xgb_rdkit_morgan,xgboost,rdkit+morgan,none,77abfcdbb281d08df2e9fb09cf84b2a648ea9008
esol,d40cc33ca3b960af,Oc1ccccn1,aqueous_solubility,log10(mol/L),validation,c1ccncc1,1.0199999809265137,0.418028276942902,-1.0650361998409883,1.9010927537267923,scaffold,2035,xgb_rdkit_morgan,xgboost,rdkit+morgan,none,77abfcdbb281d08df2e9fb09cf84b2a648ea9008
esol,132a9e790a3605bd,Oc1ccncc1,aqueous_solubility,log10(mol/L),validation,c1ccncc1,1.0199999809265137,0.5755232916309061,-0.9075411851529842,2.0585877684147964,scaffold,2035,xgb_rdkit_morgan,xgboost,rdkit+morgan,none,77abfcdbb281d08df2e9fb09cf84b2a648ea9008
esol,a09b72bf3065ba5b,Oc1ncc2nccnc2n1,aqueous_solubility,log10(mol/L),train,c1cnc2ncncc2n1,-1.9470000267028809,-1.7975722980126587,-3.280636774796549,-0.3145078212287684,scaffold,2035,xgb_rdkit_morgan,xgboost,rdkit+morgan,none,77abfcdbb281d08df2e9fb09cf84b2a648ea9008
esol,eb1ba46c82d06028,Sc1ccccc1,aqueous_solubility,log10(mol/L),train,c1ccccc1,-2.119999885559082,-2.0001408822186986,-3.483205359002589,-0.5170764054348083,scaffold,2035,xgb_rdkit_morgan,xgboost,rdkit+morgan,none,77abfcdbb281d08df2e9fb09cf84b2a648ea9008
esol,53eadfaa30a28b1e,Sc1nc2ccccc2s1,aqueous_solubility,log10(mol/L),calibration,c1ccc2scnc2c1,-3.180000066757202,-2.4202423018138512,-3.9033067785977416,-0.9371778250299609,scaffold,2035,xgb_rdkit_morgan,xgboost,rdkit+morgan,none,77abfcdbb281d08df2e9fb09cf84b2a648ea9008
esol,797be817db1564f7,c1cc2c3c(c4ccc5ccccc5c4cc3c1)CC2,aqueous_solubility,log10(mol/L),test,c1cc2c3c(c4ccc5ccccc5c4cc3c1)CC2,-7.849999904632568,-6.28785486528975,-7.770919342073641,-4.80479038850586,scaffold,2035,xgb_rdkit_morgan,xgboost,rdkit+morgan,none,77abfcdbb281d08df2e9fb09cf84b2a648ea9008
esol,acff556887e1b591,c1cc2c3c(cccc3c1)CC2,aqueous_solubility,log10(mol/L),test,c1cc2c3c(cccc3c1)CC2,-4.630000114440918,-3.715928881195188,-5.198993357979078,-2.2328644044112975,scaffold,2035,xgb_rdkit_morgan,xgboost,rdkit+morgan,none,77abfcdbb281d08df2e9fb09cf84b2a648ea9008
esol,075c09059a47afaf,c1cc2ccc3ccc4ccc5ccc6ccc1c1c2c3c4c5c61,aqueous_solubility,log10(mol/L),validation,c1cc2ccc3ccc4ccc5ccc6ccc1c1c2c3c4c5c61,-9.331999778747559,-7.423399817530998,-8.906464294314889,-5.940335340747108,scaffold,2035,xgb_rdkit_morgan,xgboost,rdkit+morgan,none,77abfcdbb281d08df2e9fb09cf84b2a648ea9008
esol,ee187c15393c12d9,c1cc2ccc3ccc4ccc5cccc6c(c1)c2c3c4c56,aqueous_solubility,log10(mol/L),validation,c1cc2ccc3ccc4ccc5cccc6c(c1)c2c3c4c56,-9.017999649047852,-7.1863911513052905,-8.669455628089182,-5.7033266745214,scaffold,2035,xgb_rdkit_morgan,xgboost,rdkit+morgan,none,77abfcdbb281d08df2e9fb09cf84b2a648ea9008
esol,23bf38caf7a251b5,c1cc2ccc3cccc4ccc(c1)c2c34,aqueous_solubility,log10(mol/L),train,c1cc2ccc3cccc4ccc(c1)c2c34,-6.176000118255615,-6.16287667313113,-7.6459411499150205,-4.67981219634724,scaffold,2035,xgb_rdkit_morgan,xgboost,rdkit+morgan,none,77abfcdbb281d08df2e9fb09cf84b2a648ea9008
esol,2ae996bfabe8a242,c1cc2cccc3c4cccc5cccc(c(c1)c23)c54,aqueous_solubility,log10(mol/L),test,c1cc2cccc3c4cccc5cccc(c(c1)c23)c54,-8.803999900817871,-7.486451227813873,-8.969515704597764,-6.003386751029983,scaffold,2035,xgb_rdkit_morgan,xgboost,rdkit+morgan,none,77abfcdbb281d08df2e9fb09cf84b2a648ea9008
esol,28cdc5dc458e073d,c1ccc(-c2ccc(-c3ccccc3)cc2)cc1,aqueous_solubility,log10(mol/L),calibration,c1ccc(-c2ccc(-c3ccccc3)cc2)cc1,-7.110000133514404,-6.475037314182487,-7.958101790966377,-4.991972837398596,scaffold,2035,xgb_rdkit_morgan,xgboost,rdkit+morgan,none,77abfcdbb281d08df2e9fb09cf84b2a648ea9008
esol,03857fb18d8cb81d,c1ccc(-c2ccccc2)cc1,aqueous_solubility,log10(mol/L),train,c1ccc(-c2ccccc2)cc1,-4.34499979019165,-4.324951510961134,-5.808015987745025,-2.841887034177244,scaffold,2035,xgb_rdkit_morgan,xgboost,rdkit+morgan,none,77abfcdbb281d08df2e9fb09cf84b2a648ea9008
esol,10d1aaeb741ae67d,c1ccc(C2CO2)cc1,aqueous_solubility,log10(mol/L),train,c1ccc(C2CO2)cc1,-1.600000023841858,-1.5801474058074259,-3.0632118825913164,-0.09708292902353555,scaffold,2035,xgb_rdkit_morgan,xgboost,rdkit+morgan,none,77abfcdbb281d08df2e9fb09cf84b2a648ea9008
esol,545e9105a6579e7d,c1ccc(CCc2ccccc2)cc1,aqueous_solubility,log10(mol/L),validation,c1ccc(CCc2ccccc2)cc1,-4.619999885559082,-4.72691803023174,-6.2099825070156305,-3.24385355344785,scaffold,2035,xgb_rdkit_morgan,xgboost,rdkit+morgan,none,77abfcdbb281d08df2e9fb09cf84b2a648ea9008
esol,9bbe47f36a3bdefa,c1ccc(Cc2ccccc2)cc1,aqueous_solubility,log10(mol/L),calibration,c1ccc(Cc2ccccc2)cc1,-4.079999923706055,-4.4925877803508065,-5.975652257134697,-3.009523303566916,scaffold,2035,xgb_rdkit_morgan,xgboost,rdkit+morgan,none,77abfcdbb281d08df2e9fb09cf84b2a648ea9008
esol,f09f4fd0db478819,c1ccc(N=Nc2ccccc2)cc1,aqueous_solubility,log10(mol/L),train,c1ccc(N=Nc2ccccc2)cc1,-4.449999809265137,-4.460116451344863,-5.943180928128753,-2.9770519745609727,scaffold,2035,xgb_rdkit_morgan,xgboost,rdkit+morgan,none,77abfcdbb281d08df2e9fb09cf84b2a648ea9008
esol,d0cc06f38fc23dc0,c1ccc(NNc2ccccc2)cc1,aqueous_solubility,log10(mol/L),test,c1ccc(NNc2ccccc2)cc1,-2.9200000762939453,-3.6644168496809555,-5.147481326464845,-2.181352372897065,scaffold,2035,xgb_rdkit_morgan,xgboost,rdkit+morgan,none,77abfcdbb281d08df2e9fb09cf84b2a648ea9008
esol,e208b87a10a8a69f,c1ccc(Nc2ccccc2)cc1,aqueous_solubility,log10(mol/L),calibration,c1ccc(Nc2ccccc2)cc1,-3.503999948501587,-3.9487345635216746,-5.431799040305565,-2.4656700867377843,scaffold,2035,xgb_rdkit_morgan,xgboost,rdkit+morgan,none,77abfcdbb281d08df2e9fb09cf84b2a648ea9008
esol,be134013772d5968,c1ccc(Oc2ccccc2)cc1,aqueous_solubility,log10(mol/L),train,c1ccc(Oc2ccccc2)cc1,-3.9600000381469727,-4.0509594609477775,-5.534023937731668,-2.567894984163887,scaffold,2035,xgb_rdkit_morgan,xgboost,rdkit+morgan,none,77abfcdbb281d08df2e9fb09cf84b2a648ea9008
esol,043c2e23f851d45f,c1ccc2[nH]ccc2c1,aqueous_solubility,log10(mol/L),validation,c1ccc2[nH]ccc2c1,-1.5199999809265137,-1.931702884343866,-3.4147673611277565,-0.44863840755997564,scaffold,2035,xgb_rdkit_morgan,xgboost,rdkit+morgan,none,77abfcdbb281d08df2e9fb09cf84b2a648ea9008
esol,f272883f418f13bd,c1ccc2[nH]ncc2c1,aqueous_solubility,log10(mol/L),test,c1ccc2[nH]ncc2c1,-2.1600000858306885,-1.6179301927615268,-3.1009946695454174,-0.13486571597763652,scaffold,2035,xgb_rdkit_morgan,xgboost,rdkit+morgan,none,77abfcdbb281d08df2e9fb09cf84b2a648ea9008
esol,cef035936674febe,c1ccc2[nH]nnc2c1,aqueous_solubility,log10(mol/L),calibration,c1ccc2[nH]nnc2c1,-0.7799999713897705,-0.9422133449402288,-2.4252778217241193,0.5408511318436615,scaffold,2035,xgb_rdkit_morgan,xgboost,rdkit+morgan,none,77abfcdbb281d08df2e9fb09cf84b2a648ea9008
esol,858996c131e6717c,c1ccc2c(c1)-c1cccc3c1c-2cc1ccccc13,aqueous_solubility,log10(mol/L),test,c1ccc2c(c1)-c1cccc3c1c-2cc1ccccc13,-8.229999542236328,-7.851256546574664,-9.334321023358555,-6.368192069790774,scaffold,2035,xgb_rdkit_morgan,xgboost,rdkit+morgan,none,77abfcdbb281d08df2e9fb09cf84b2a648ea9008
esol,ba95d41fcaa26d7b,c1ccc2c(c1)-c1cccc3cccc-2c13,aqueous_solubility,log10(mol/L),validation,c1ccc2c(c1)-c1cccc3cccc-2c13,-6.0,-6.290095332232637,-7.773159809016527,-4.807030855448747,scaffold,2035,xgb_rdkit_morgan,xgboost,rdkit+morgan,none,77abfcdbb281d08df2e9fb09cf84b2a648ea9008
esol,f9f080dc7bc9c455,c1ccc2c(c1)CCC2,aqueous_solubility,log10(mol/L),test,c1ccc2c(c1)CCC2,-3.0399999618530273,-2.6822841950495935,-4.165348671833484,-1.1992197182657032,scaffold,2035,xgb_rdkit_morgan,xgboost,rdkit+morgan,none,77abfcdbb281d08df2e9fb09cf84b2a648ea9008
esol,3426417016495efe,c1ccc2c(c1)CCCC2,aqueous_solubility,log10(mol/L),validation,c1ccc2c(c1)CCCC2,-4.369999885559082,-3.1987903997081983,-4.681854876492089,-1.715725922924308,scaffold,2035,xgb_rdkit_morgan,xgboost,rdkit+morgan,none,77abfcdbb281d08df2e9fb09cf84b2a648ea9008
esol,ca7ddb86099a1f31,c1ccc2c(c1)CCN2,aqueous_solubility,log10(mol/L),calibration,c1ccc2c(c1)CCN2,-1.0399999618530273,-1.4428370241172381,-2.925901500901128,0.040227452666652175,scaffold,2035,xgb_rdkit_morgan,xgboost,rdkit+morgan,none,77abfcdbb281d08df2e9fb09cf84b2a648ea9008
esol,9eec1c422eb0736e,c1ccc2c(c1)Cc1c-2ccc2ccccc12,aqueous_solubility,log10(mol/L),test,c1ccc2c(c1)Cc1c-2ccc2ccccc12,-6.679999828338623,-5.967870763591256,-7.450935240375146,-4.484806286807365,scaffold,2035,xgb_rdkit_morgan,xgboost,rdkit+morgan,none,77abfcdbb281d08df2e9fb09cf84b2a648ea9008
esol,e917e96074d0112a,c1ccc2c(c1)Cc1cc3ccccc3cc1-2,aqueous_solubility,log10(mol/L),validation,c1ccc2c(c1)Cc1cc3ccccc3cc1-2,-8.039999961853027,-6.006305782757391,-7.489370259541281,-4.5232413059735,scaffold,2035,xgb_rdkit_morgan,xgboost,rdkit+morgan,none,77abfcdbb281d08df2e9fb09cf84b2a648ea9008
esol,2bcb3025945f885d,c1ccc2c(c1)Cc1ccccc1-2,aqueous_solubility,log10(mol/L),validation,c1ccc2c(c1)Cc1ccccc1-2,-5.0,-4.515907784222573,-5.998972261006464,-3.032843307438683,scaffold,2035,xgb_rdkit_morgan,xgboost,rdkit+morgan,none,77abfcdbb281d08df2e9fb09cf84b2a648ea9008
esol,32aefa1fca7e764e,c1ccc2c(c1)[nH]c1ccccc12,aqueous_solubility,log10(mol/L),test,c1ccc2c(c1)[nH]c1ccccc12,-5.269999980926514,-3.8542183832867227,-5.337282860070613,-2.3711539065028324,scaffold,2035,xgb_rdkit_morgan,xgboost,rdkit+morgan,none,77abfcdbb281d08df2e9fb09cf84b2a648ea9008
esol,7f4d532e99809c67,c1ccc2c(c1)c1cccc3ccc4cccc2c4c31,aqueous_solubility,log10(mol/L),test,c1ccc2c(c1)c1cccc3ccc4cccc2c4c31,-7.800000190734863,-7.495968995558527,-8.979033472342417,-6.012904518774636,scaffold,2035,xgb_rdkit_morgan,xgboost,rdkit+morgan,none,77abfcdbb281d08df2e9fb09cf84b2a648ea9008
esol,8b5d8475b535b0bc,c1ccc2c(c1)c1ccccc1c1ccccc21,aqueous_solubility,log10(mol/L),train,c1ccc2c(c1)c1ccccc1c1ccccc21,-6.72599983215332,-6.760603130366668,-8.24366760715056,-5.277538653582778,scaffold,2035,xgb_rdkit_morgan,xgboost,rdkit+morgan,none,77abfcdbb281d08df2e9fb09cf84b2a648ea9008
esol,0a42b5468f3cec71,c1ccc2c(c1)cc1ccc3cccc4ccc2c1c34,aqueous_solubility,log10(mol/L),validation,c1ccc2c(c1)cc1ccc3cccc4ccc2c1c34,-8.699000358581543,-7.504262357977803,-8.987326834761692,-6.021197881193912,scaffold,2035,xgb_rdkit_morgan,xgboost,rdkit+morgan,none,77abfcdbb281d08df2e9fb09cf84b2a648ea9008
esol,abc2212d577a0a52,c1ccc2c(c1)ccc1c2ccc2c3ccccc3ccc21,aqueous_solubility,log10(mol/L),validation,c1ccc2c(c1)ccc1c2ccc2c3ccccc3ccc21,-7.869999885559082,-7.656899187003412,-9.139963663787302,-6.173834710219522,scaffold,2035,xgb_rdkit_morgan,xgboost,rdkit+morgan,none,77abfcdbb281d08df2e9fb09cf84b2a648ea9008
esol,0b54a7f3ed5c794f,c1ccc2c(c1)ccc1c3ccccc3ccc21,aqueous_solubility,log10(mol/L),test,c1ccc2c(c1)ccc1c3ccccc3ccc21,-8.057000160217285,-6.988045565773144,-8.471110042557035,-5.504981088989254,scaffold,2035,xgb_rdkit_morgan,xgboost,rdkit+morgan,none,77abfcdbb281d08df2e9fb09cf84b2a648ea9008
esol,7fa04ee43db30bc0,c1ccc2c(c1)ccc1ccccc12,aqueous_solubility,log10(mol/L),train,c1ccc2c(c1)ccc1ccccc12,-5.260000228881836,-5.325951446314303,-6.809015923098193,-3.8428869695304124,scaffold,2035,xgb_rdkit_morgan,xgboost,rdkit+morgan,none,77abfcdbb281d08df2e9fb09cf84b2a648ea9008
esol,51da36469766fc21,c1ccc2c(c1)cnc1ccccc12,aqueous_solubility,log10(mol/L),validation,c1ccc2c(c1)cnc1ccccc12,-2.7799999713897705,-4.268891611878469,-5.751956088662359,-2.7858271350945785,scaffold,2035,xgb_rdkit_morgan,xgboost,rdkit+morgan,none,77abfcdbb281d08df2e9fb09cf84b2a648ea9008
esol,afc851d31ce87445,c1ccc2c(c1)oc1ccccc12,aqueous_solubility,log10(mol/L),calibration,c1ccc2c(c1)oc1ccccc12,-4.599999904632568,-4.171793822665853,-5.654858299449743,-2.6887293458819626,scaffold,2035,xgb_rdkit_morgan,xgboost,rdkit+morgan,none,77abfcdbb281d08df2e9fb09cf84b2a648ea9008
esol,a270f9ffb22d606f,c1ccc2c(c1)sc1ccccc12,aqueous_solubility,log10(mol/L),validation,c1ccc2c(c1)sc1ccccc12,-4.380000114440918,-5.0191369475684,-6.5022014243522905,-3.53607247078451,scaffold,2035,xgb_rdkit_morgan,xgboost,rdkit+morgan,none,77abfcdbb281d08df2e9fb09cf84b2a648ea9008
esol,aaf3871c0ae0900f,c1ccc2c3c(ccc2c1)-c1cccc2cccc-3c12,aqueous_solubility,log10(mol/L),test,c1ccc2c3c(ccc2c1)-c1cccc2cccc-3c12,-8.0,-7.5597060158082305,-9.04277049259212,-6.07664153902434,scaffold,2035,xgb_rdkit_morgan,xgboost,rdkit+morgan,none,77abfcdbb281d08df2e9fb09cf84b2a648ea9008
esol,23d82fe5f429d7a9,c1ccc2cc3c(cc2c1)-c1cccc2cccc-3c12,aqueous_solubility,log10(mol/L),train,c1ccc2cc3c(cc2c1)-c1cccc2cccc-3c12,-8.489999771118164,-8.409936969801834,-9.893001446585725,-6.926872493017943,scaffold,2035,xgb_rdkit_morgan,xgboost,rdkit+morgan,none,77abfcdbb281d08df2e9fb09cf84b2a648ea9008
esol,7d36e8549432d64d,c1ccc2cc3cc4ccccc4cc3cc2c1,aqueous_solubility,log10(mol/L),calibration,c1ccc2cc3cc4ccccc4cc3cc2c1,-8.600000381469727,-6.837496449979864,-8.320560926763754,-5.3544319731959735,scaffold,2035,xgb_rdkit_morgan,xgboost,rdkit+morgan,none,77abfcdbb281d08df2e9fb09cf84b2a648ea9008
esol,c4ee64098e4aa12f,c1ccc2cc3ccccc3cc2c1,aqueous_solubility,log10(mol/L),calibration,c1ccc2cc3ccccc3cc2c1,-6.349999904632568,-5.463722702341167,-6.9467871791250575,-3.980658225557277,scaffold,2035,xgb_rdkit_morgan,xgboost,rdkit+morgan,none,77abfcdbb281d08df2e9fb09cf84b2a648ea9008
esol,da702d9864f1c117,c1ccc2ccccc2c1,aqueous_solubility,log10(mol/L),train,c1ccc2ccccc2c1,-3.5999999046325684,-3.5772076063681313,-5.060272083152022,-2.094143129584241,scaffold,2035,xgb_rdkit_morgan,xgboost,rdkit+morgan,none,77abfcdbb281d08df2e9fb09cf84b2a648ea9008
esol,9ca1add01351675c,c1ccc2cnccc2c1,aqueous_solubility,log10(mol/L),test,c1ccc2cnccc2c1,-1.4500000476837158,-2.390478668926908,-3.8735431457107983,-0.9074141921430177,scaffold,2035,xgb_rdkit_morgan,xgboost,rdkit+morgan,none,77abfcdbb281d08df2e9fb09cf84b2a648ea9008
esol,efcaebe6e1d57dd8,c1ccc2nc(-c3ccc4ccccc4n3)ccc2c1,aqueous_solubility,log10(mol/L),validation,c1ccc2nc(-c3ccc4ccccc4n3)ccc2c1,-5.400000095367432,-5.912935017787536,-7.395999494571426,-4.429870541003646,scaffold,2035,xgb_rdkit_morgan,xgboost,rdkit+morgan,none,77abfcdbb281d08df2e9fb09cf84b2a648ea9008
esol,85d224abca7da7f7,c1ccc2nc3ccccc3cc2c1,aqueous_solubility,log10(mol/L),validation,c1ccc2nc3ccccc3cc2c1,-3.6700000762939453,-4.337520551891499,-5.8205850286753895,-2.854456075107609,scaffold,2035,xgb_rdkit_morgan,xgboost,rdkit+morgan,none,77abfcdbb281d08df2e9fb09cf84b2a648ea9008
esol,6605621e5bb09b5b,c1ccc2ncccc2c1,aqueous_solubility,log10(mol/L),validation,c1ccc2ncccc2c1,-1.2999999523162842,-2.2916185402001954,-3.7746830169840857,-0.8085540634163051,scaffold,2035,xgb_rdkit_morgan,xgboost,rdkit+morgan,none,77abfcdbb281d08df2e9fb09cf84b2a648ea9008
esol,974e231cb1343190,c1ccc2ocnc2c1,aqueous_solubility,log10(mol/L),calibration,c1ccc2ocnc2c1,-1.159999966621399,-1.61355521246037,-3.0966196892442603,-0.13049073567647973,scaffold,2035,xgb_rdkit_morgan,xgboost,rdkit+morgan,none,77abfcdbb281d08df2e9fb09cf84b2a648ea9008
esol,5ef8ef9683725da1,c1ccc2scnc2c1,aqueous_solubility,log10(mol/L),calibration,c1ccc2scnc2c1,-1.5,-2.1303774961421444,-3.6134419729260348,-0.6473130193582541,scaffold,2035,xgb_rdkit_morgan,xgboost,rdkit+morgan,none,77abfcdbb281d08df2e9fb09cf84b2a648ea9008
esol,e3e14b72b0c1eee5,c1ccccc1,aqueous_solubility,log10(mol/L),train,c1ccccc1,-1.6399999856948853,-1.72988737830652,-3.2129518550904104,-0.24682290152262976,scaffold,2035,xgb_rdkit_morgan,xgboost,rdkit+morgan,none,77abfcdbb281d08df2e9fb09cf84b2a648ea9008
esol,495345b0563a50a0,c1ccncc1,aqueous_solubility,log10(mol/L),validation,c1ccncc1,0.7599999904632568,0.31867042174988525,-1.164394055034005,1.8017348985337756,scaffold,2035,xgb_rdkit_morgan,xgboost,rdkit+morgan,none,77abfcdbb281d08df2e9fb09cf84b2a648ea9008
esol,593bada07a65209c,c1ccnnc1,aqueous_solubility,log10(mol/L),validation,c1ccnnc1,1.100000023841858,0.381003200657271,-1.1020612761266193,1.8640676774411613,scaffold,2035,xgb_rdkit_morgan,xgboost,rdkit+morgan,none,77abfcdbb281d08df2e9fb09cf84b2a648ea9008
esol,d626cfeba6db6df0,c1ccoc1,aqueous_solubility,log10(mol/L),validation,c1ccoc1,-0.8199999928474426,-0.2924620147088599,-1.7755264914927502,1.1906024620750304,scaffold,2035,xgb_rdkit_morgan,xgboost,rdkit+morgan,none,77abfcdbb281d08df2e9fb09cf84b2a648ea9008
esol,f1e6672b0806900d,c1ccsc1,aqueous_solubility,log10(mol/L),calibration,c1ccsc1,-1.3300000429153442,-1.4664978136776454,-2.949562290461536,0.016566663106244883,scaffold,2035,xgb_rdkit_morgan,xgboost,rdkit+morgan,none,77abfcdbb281d08df2e9fb09cf84b2a648ea9008
esol,d72a83266a26ee75,c1cnc2c(c1)ccc1ncccc12,aqueous_solubility,log10(mol/L),validation,c1cnc2c(c1)ccc1ncccc12,-2.680000066757202,-3.210903258192685,-4.693967734976575,-1.7278387814087948,scaffold,2035,xgb_rdkit_morgan,xgboost,rdkit+morgan,none,77abfcdbb281d08df2e9fb09cf84b2a648ea9008
esol,363c54343f9cb2c9,c1cnc2ncncc2n1,aqueous_solubility,log10(mol/L),train,c1cnc2ncncc2n1,0.019999999552965164,-0.09532634309253707,-1.5783908198764274,1.3877381336913532,scaffold,2035,xgb_rdkit_morgan,xgboost,rdkit+morgan,none,77abfcdbb281d08df2e9fb09cf84b2a648ea9008
esol,7f841726f00af1d6,c1cncnc1,aqueous_solubility,log10(mol/L),calibration,c1cncnc1,1.100000023841858,0.5115995460056202,-0.9714649307782701,1.9946640227895105,scaffold,2035,xgb_rdkit_morgan,xgboost,rdkit+morgan,none,77abfcdbb281d08df2e9fb09cf84b2a648ea9008
