dataset,molecule_id,smiles,property,units,partition,scaffold,y_true,y_pred,prediction_lower,prediction_upper,split_strategy,seed,model,family,features,fusion,git_commit
freesolv,df22605fe31c3941,BrC(Br)Br,hydration_free_energy,kcal/mol,train,,-2.130000114440918,-1.7690900702998107,-6.448225429631776,2.910045289032155,scaffold,2027,rf_rdkit_morgan,random_forest,rdkit+morgan,none,77abfcdbb281d08df2e9fb09cf84b2a648ea9008
freesolv,547de2d39a6410f7,BrCBr,hydration_free_energy,kcal/mol,train,,-1.9600000381469727,-1.8013550232760653,-6.480490382608031,2.8777803360559,scaffold,2027,rf_rdkit_morgan,random_forest,rdkit+morgan,none,77abfcdbb281d08df2e9fb09cf84b2a648ea9008
freesolv,a726c11be0067cf9,BrCCBr,hydration_free_energy,kcal/mol,train,,-2.3299999237060547,-2.0239149546883963,-6.703050314020362,2.6552204046435692,scaffold,2027,rf_rdkit_morgan,random_forest,rdkit+morgan,none,77abfcdbb281d08df2e9fb09cf84b2a648ea9008
freesolv,0c0c46a21a6193f8,BrCc1ccccc1,hydration_free_energy,kcal/mol,train,c1ccccc1,-2.380000114440918,-2.091200071007014,-6.77033543033898,2.5879352883249513,scaffold,2027,rf_rdkit_morgan,random_forest,rdkit+morgan,none,77abfcdbb281d08df2e9fb09cf84b2a648ea9008
freesolv,c53eae19c75b9d3a,Brc1ccc(Br)cc1,hydration_free_energy,kcal/mol,train,c1ccccc1,-2.299999952316284,-2.038129971295589,-6.717265330627555,2.6410053880363766,scaffold,2027,rf_rdkit_morgan,random_forest,rdkit+morgan,none,77abfcdbb281d08df2e9fb09cf84b2a648ea9008
freesolv,2f717e5e14f94e95,Brc1ccccc1,hydration_free_energy,kcal/mol,train,c1ccccc1,-1.4600000381469727,-1.5110000258944882,-6.190135385226454,3.168135333437477,scaffold,2027,rf_rdkit_morgan,random_forest,rdkit+morgan,none,77abfcdbb281d08df2e9fb09cf84b2a648ea9008
freesolv,799a4d5aeacde815,C,hydration_free_energy,kcal/mol,train,,2.0,1.1206600021459256,-3.55847535718604,5.799795361477891,scaffold,2027,rf_rdkit_morgan,random_forest,rdkit+morgan,none,77abfcdbb281d08df2e9fb09cf84b2a648ea9008
freesolv,7bac3cc21644af9b,C#CC,hydration_free_energy,kcal/mol,train,,-0.47999998927116394,-0.30017999228091563,-4.979315351612881,4.37895536705105,scaffold,2027,rf_rdkit_morgan,random_forest,rdkit+morgan,none,77abfcdbb281d08df2e9fb09cf84b2a648ea9008
freesolv,4de45e357be4160e,C#CCC,hydration_free_energy,kcal/mol,train,,-0.1599999964237213,-0.21097999668120426,-4.89011535601317,4.468155362650761,scaffold,2027,rf_rdkit_morgan,random_forest,rdkit+morgan,none,77abfcdbb281d08df2e9fb09cf84b2a648ea9008
freesolv,4b665013fe211d04,C#CCCC,hydration_free_energy,kcal/mol,train,,0.009999999776482582,0.009799998927881415,-4.669335360404084,4.688935358259847,scaffold,2027,rf_rdkit_morgan,random_forest,rdkit+morgan,none,77abfcdbb281d08df2e9fb09cf84b2a648ea9008
freesolv,de4570425c5f404b,C#CCCCC,hydration_free_energy,kcal/mol,train,,0.28999999165534973,0.33109999663384215,-4.348035362698123,5.010235355965808,scaffold,2027,rf_rdkit_morgan,random_forest,rdkit+morgan,none,77abfcdbb281d08df2e9fb09cf84b2a648ea9008
freesolv,91f909baf2cb8a67,C#CCCCCC,hydration_free_energy,kcal/mol,train,,0.6000000238418579,0.5112600096501447,-4.167875349681821,5.19039536898211,scaffold,2027,rf_rdkit_morgan,random_forest,rdkit+morgan,none,77abfcdbb281d08df2e9fb09cf84b2a648ea9008
freesolv,d9be4b22d82a6627,C#CCCCCCC,hydration_free_energy,kcal/mol,train,,0.7099999785423279,0.6352199892662553,-4.04391537006571,5.314355348598221,scaffold,2027,rf_rdkit_morgan,random_forest,rdkit+morgan,none,77abfcdbb281d08df2e9fb09cf84b2a648ea9008
freesolv,3a5a694349ed4368,C/C=C/C=O,hydration_free_energy,kcal/mol,train,,-4.21999979019165,-3.821619879677889,-8.500755239009855,0.8575154796540767,scaffold,2027,rf_rdkit_morgan,random_forest,rdkit+morgan,none,77abfcdbb281d08df2e9fb09cf84b2a648ea9008
freesolv,e32f5981f08df790,C/C=C/CCCC,hydration_free_energy,kcal/mol,train,,1.6799999475479126,1.581399964202197,-3.0977353951297686,6.260535323534162,scaffold,2027,rf_rdkit_morgan,random_forest,rdkit+morgan,none,77abfcdbb281d08df2e9fb09cf84b2a648ea9008
freesolv,c66a02f97f456f75,C/C=C\CC,hydration_free_energy,kcal/mol,train,,1.309999942779541,1.2427799560763035,-3.436355403255662,5.921915315408269,scaffold,2027,rf_rdkit_morgan,random_forest,rdkit+morgan,none,77abfcdbb281d08df2e9fb09cf84b2a648ea9008
freesolv,d4efeed1de0c8e90,C1=CC=CCC=C1,hydration_free_energy,kcal/mol,calibration,C1=CC=CCC=C1,-0.9900000095367432,-0.15016500149667156,-4.829300360828637,4.528970357835294,scaffold,2027,rf_rdkit_morgan,random_forest,rdkit+morgan,none,77abfcdbb281d08df2e9fb09cf84b2a648ea9008
freesolv,609192e51bba544f,C1=CCCC1,hydration_free_energy,kcal/mol,test,C1=CCCC1,0.5600000023841858,0.3044549856521237,-4.374680373679842,4.983590344984089,scaffold,2027,rf_rdkit_morgan,random_forest,rdkit+morgan,none,77abfcdbb281d08df2e9fb09cf84b2a648ea9008
freesolv,742af15a9113ada1,C1=CCCCC1,hydration_free_energy,kcal/mol,validation,C1=CCCCC1,0.14000000059604645,0.4591199874803462,-4.22001537185162,5.138255346812311,scaffold,2027,rf_rdkit_morgan,random_forest,rdkit+morgan,none,77abfcdbb281d08df2e9fb09cf84b2a648ea9008
freesolv,d0aafdecbb3a419b,C1CC1,hydration_free_energy,kcal/mol,calibration,C1CC1,0.75,0.7446499890536082,-3.9344853702783573,5.423785348385573,scaffold,2027,rf_rdkit_morgan,random_forest,rdkit+morgan,none,77abfcdbb281d08df2e9fb09cf84b2a648ea9008
freesolv,69894e058da716db,C1CCCC1,hydration_free_energy,kcal/mol,test,C1CCCC1,1.2000000476837158,0.8868799957037017,-3.792255363628264,5.566015355035667,scaffold,2027,rf_rdkit_morgan,random_forest,rdkit+morgan,none,77abfcdbb281d08df2e9fb09cf84b2a648ea9008
freesolv,3a0c3c3efb54d833,C1CCCCC1,hydration_free_energy,kcal/mol,calibration,C1CCCCC1,1.2300000190734863,1.0447999988496321,-3.6343353604823334,5.723935358181597,scaffold,2027,rf_rdkit_morgan,random_forest,rdkit+morgan,none,77abfcdbb281d08df2e9fb09cf84b2a648ea9008
freesolv,0f4b768883232061,C1CCNC1,hydration_free_energy,kcal/mol,test,C1CCNC1,-5.480000019073486,-4.2539400309100746,-8.93307539024204,0.425195328421891,scaffold,2027,rf_rdkit_morgan,random_forest,rdkit+morgan,none,77abfcdbb281d08df2e9fb09cf84b2a648ea9008
freesolv,cb23ab0e59dd1c08,C1CCNCC1,hydration_free_energy,kcal/mol,test,C1CCNCC1,-5.110000133514404,-4.045315033107995,-8.72445039243996,0.6338203262239706,scaffold,2027,rf_rdkit_morgan,random_forest,rdkit+morgan,none,77abfcdbb281d08df2e9fb09cf84b2a648ea9008
freesolv,1af8e9f6ace97eee,C1CCOC1,hydration_free_energy,kcal/mol,calibration,C1CCOC1,-3.4700000286102295,-2.7070199996717275,-7.386155359003693,1.972115359660238,scaffold,2027,rf_rdkit_morgan,random_forest,rdkit+morgan,none,77abfcdbb281d08df2e9fb09cf84b2a648ea9008
freesolv,064f079e10086f29,C1CCOCC1,hydration_free_energy,kcal/mol,test,C1CCOCC1,-3.119999885559082,-2.587120008733123,-7.266255368065089,2.0920153505988424,scaffold,2027,rf_rdkit_morgan,random_forest,rdkit+morgan,none,77abfcdbb281d08df2e9fb09cf84b2a648ea9008
freesolv,575f25bc7815593d,C1CNC1,hydration_free_energy,kcal/mol,test,C1CNC1,-5.559999942779541,-4.423420028537514,-9.10255538786948,0.25571533079445175,scaffold,2027,rf_rdkit_morgan,random_forest,rdkit+morgan,none,77abfcdbb281d08df2e9fb09cf84b2a648ea9008
freesolv,683feaf94c606491,C1CNCCN1,hydration_free_energy,kcal/mol,calibration,C1CNCCN1,-7.400000095367432,-4.778600049596279,-9.457735408928244,-0.09946469026431348,scaffold,2027,rf_rdkit_morgan,random_forest,rdkit+morgan,none,77abfcdbb281d08df2e9fb09cf84b2a648ea9008
freesolv,325f288037972770,C1COCCN1,hydration_free_energy,kcal/mol,calibration,C1COCCN1,-7.170000076293945,-5.141806697942317,-9.820942057274284,-0.4626713386103516,scaffold,2027,rf_rdkit_morgan,random_forest,rdkit+morgan,none,77abfcdbb281d08df2e9fb09cf84b2a648ea9008
freesolv,b520ba34e96e6b2a,C1COCCO1,hydration_free_energy,kcal/mol,validation,C1COCCO1,-5.059999942779541,-4.440426704056563,-9.119562063388528,0.23870865527540275,scaffold,2027,rf_rdkit_morgan,random_forest,rdkit+morgan,none,77abfcdbb281d08df2e9fb09cf84b2a648ea9008
freesolv,32766722dbae4c61,C=C,hydration_free_energy,kcal/mol,train,,1.2799999713897705,1.0076959852672913,-3.6714393740646742,5.686831344599257,scaffold,2027,rf_rdkit_morgan,random_forest,rdkit+morgan,none,77abfcdbb281d08df2e9fb09cf84b2a648ea9008
freesolv,6ba07a348009ad29,C=C(C)C,hydration_free_energy,kcal/mol,train,,1.159999966621399,0.9567199790254386,-3.722415380306527,5.635855338357404,scaffold,2027,rf_rdkit_morgan,random_forest,rdkit+morgan,none,77abfcdbb281d08df2e9fb09cf84b2a648ea9008
freesolv,d1f6cbeec10124e5,C=C(C)C(=C)C,hydration_free_energy,kcal/mol,train,,0.4000000059604645,0.4355000012069987,-4.243635358124967,5.114635360538964,scaffold,2027,rf_rdkit_morgan,random_forest,rdkit+morgan,none,77abfcdbb281d08df2e9fb09cf84b2a648ea9008
freesolv,0df6a67583c65bae,C=C(C)CCC,hydration_free_energy,kcal/mol,train,,1.4700000286102295,1.3131400166489438,-3.365995342683022,5.99227537598091,scaffold,2027,rf_rdkit_morgan,random_forest,rdkit+morgan,none,77abfcdbb281d08df2e9fb09cf84b2a648ea9008
freesolv,1b19887cda12dbee,C=C(C)[C@@H]1CC=C(C)[C@@H](O)C1,hydration_free_energy,kcal/mol,validation,C1=CCCCC1,-4.440000057220459,-4.908035885693559,-9.587171245025525,-0.22890052636159375,scaffold,2027,rf_rdkit_morgan,random_forest,rdkit+morgan,none,77abfcdbb281d08df2e9fb09cf84b2a648ea9008
freesolv,4dadf5d2245646e2,C=C(C)[C@@H]1CC=C(C=O)CC1,hydration_free_energy,kcal/mol,validation,C1=CCCCC1,-4.090000152587891,-3.92593335245177,-8.605068711783735,0.7532020068801955,scaffold,2027,rf_rdkit_morgan,random_forest,rdkit+morgan,none,77abfcdbb281d08df2e9fb09cf84b2a648ea9008
freesolv,9bd6e8248a6ac888,C=C(C)[C@@H]1CC[C@@H](C)C(=O)C1,hydration_free_energy,kcal/mol,test,O=C1CCCCC1,-3.75,-3.8864333613775655,-8.565568720709532,0.7927019979544001,scaffold,2027,rf_rdkit_morgan,random_forest,rdkit+morgan,none,77abfcdbb281d08df2e9fb09cf84b2a648ea9008
freesolv,6f9249e288ca4886,C=C(C)c1ccccc1,hydration_free_energy,kcal/mol,train,c1ccccc1,-1.2400000095367432,-1.1680800060741707,-5.847215365406136,3.511055353257795,scaffold,2027,rf_rdkit_morgan,random_forest,rdkit+morgan,none,77abfcdbb281d08df2e9fb09cf84b2a648ea9008
freesolv,74e264a8023b8226,C=C(Cl)Cl,hydration_free_energy,kcal/mol,train,,0.25,-0.11125699630081076,-4.790392355632776,4.567878363031155,scaffold,2027,rf_rdkit_morgan,random_forest,rdkit+morgan,none,77abfcdbb281d08df2e9fb09cf84b2a648ea9008
freesolv,19b85ec9c712b308,C=C(c1ccccc1)c1ccccc1,hydration_free_energy,kcal/mol,test,C=C(c1ccccc1)c1ccccc1,-2.7799999713897705,-1.268680004682395,-5.94781536401436,3.410455354649571,scaffold,2027,rf_rdkit_morgan,random_forest,rdkit+morgan,none,77abfcdbb281d08df2e9fb09cf84b2a648ea9008
freesolv,4ad22e011ffa96ba,C=CC,hydration_free_energy,kcal/mol,train,,1.3200000524520874,1.0860000336095834,-3.593135325722382,5.7651353929415485,scaffold,2027,rf_rdkit_morgan,random_forest,rdkit+morgan,none,77abfcdbb281d08df2e9fb09cf84b2a648ea9008
freesolv,d00fecc2d59f99d6,C=CC(=C)C,hydration_free_energy,kcal/mol,train,,0.6800000071525574,0.6333600007332847,-4.04577535859868,5.312495360065251,scaffold,2027,rf_rdkit_morgan,random_forest,rdkit+morgan,none,77abfcdbb281d08df2e9fb09cf84b2a648ea9008
freesolv,55c28b8ad121023c,C=CC(C)C,hydration_free_energy,kcal/mol,train,,1.8300000429153442,1.5152400269321924,-3.163895332399773,6.1943753862641575,scaffold,2027,rf_rdkit_morgan,random_forest,rdkit+morgan,none,77abfcdbb281d08df2e9fb09cf84b2a648ea9008
freesolv,97213f023267d9a8,C=CC=C,hydration_free_energy,kcal/mol,train,,0.5600000023841858,0.5362690020032073,-4.142866357328758,5.215404361335173,scaffold,2027,rf_rdkit_morgan,random_forest,rdkit+morgan,none,77abfcdbb281d08df2e9fb09cf84b2a648ea9008
freesolv,f810c7c1cf2244ef,C=CCC,hydration_free_energy,kcal/mol,train,,1.3799999952316284,1.2606399956904162,-3.4184953636415494,5.939775355022382,scaffold,2027,rf_rdkit_morgan,random_forest,rdkit+morgan,none,77abfcdbb281d08df2e9fb09cf84b2a648ea9008
freesolv,1a9c34146a9dfca2,C=CCC=C,hydration_free_energy,kcal/mol,train,,0.9300000071525574,0.7609400017410572,-3.9181953575909083,5.440075361073022,scaffold,2027,rf_rdkit_morgan,random_forest,rdkit+morgan,none,77abfcdbb281d08df2e9fb09cf84b2a648ea9008
freesolv,4f9a22896fa30cb2,C=CCCC,hydration_free_energy,kcal/mol,train,,1.6799999475479126,1.5348399656563951,-3.1442953936755704,6.213975324988361,scaffold,2027,rf_rdkit_morgan,random_forest,rdkit+morgan,none,77abfcdbb281d08df2e9fb09cf84b2a648ea9008
freesolv,05e112973dc272f3,C=CCCC=C,hydration_free_energy,kcal/mol,train,,1.0099999904632568,0.9607999922446973,-3.7183353670872683,5.639935351576662,scaffold,2027,rf_rdkit_morgan,random_forest,rdkit+morgan,none,77abfcdbb281d08df2e9fb09cf84b2a648ea9008
freesolv,b04353e13b080b0e,C=CCCCC,hydration_free_energy,kcal/mol,train,,1.5800000429153442,1.5599000190980594,-3.119235340233906,6.2390353784300245,scaffold,2027,rf_rdkit_morgan,random_forest,rdkit+morgan,none,77abfcdbb281d08df2e9fb09cf84b2a648ea9008
freesolv,068d3d8e9203407c,C=CCCCCC,hydration_free_energy,kcal/mol,train,,1.659999966621399,1.648979977279915,-3.0301553820520506,6.32811533661188,scaffold,2027,rf_rdkit_morgan,random_forest,rdkit+morgan,none,77abfcdbb281d08df2e9fb09cf84b2a648ea9008
freesolv,d200520d964a9529,C=CCCCCCC,hydration_free_energy,kcal/mol,train,,1.9199999570846558,1.8137799651622735,-2.865355394169692,6.4929153244942395,scaffold,2027,rf_rdkit_morgan,random_forest,rdkit+morgan,none,77abfcdbb281d08df2e9fb09cf84b2a648ea9008
freesolv,c97dbca79441aa87,C=CCCCCCCC,hydration_free_energy,kcal/mol,train,,2.059999942779541,1.8830599675923376,-2.796075391739628,6.562195326924304,scaffold,2027,rf_rdkit_morgan,random_forest,rdkit+morgan,none,77abfcdbb281d08df2e9fb09cf84b2a648ea9008
freesolv,9646b5044f2d381b,C=CCCl,hydration_free_energy,kcal/mol,train,,-0.5699999928474426,-0.641239993911229,-5.320375353243195,4.037895365420736,scaffold,2027,rf_rdkit_morgan,random_forest,rdkit+morgan,none,77abfcdbb281d08df2e9fb09cf84b2a648ea9008
freesolv,a9cb4c82f996239d,C=CCO,hydration_free_energy,kcal/mol,train,,-5.03000020980835,-4.941070132702581,-9.620205492034547,-0.26193477337061566,scaffold,2027,rf_rdkit_morgan,random_forest,rdkit+morgan,none,77abfcdbb281d08df2e9fb09cf84b2a648ea9008
freesolv,f82b64c47a30e806,C=CCl,hydration_free_energy,kcal/mol,train,,-0.5899999737739563,-0.5798996962552558,-5.259035055587221,4.09923566307671,scaffold,2027,rf_rdkit_morgan,random_forest,rdkit+morgan,none,77abfcdbb281d08df2e9fb09cf84b2a648ea9008
freesolv,fb63886955500778,C=C[C@@](C)(CCC=C(C)C)OC(C)=O,hydration_free_energy,kcal/mol,train,,-2.490000009536743,-3.1985800119042396,-7.877715371236205,1.480555347427726,scaffold,2027,rf_rdkit_morgan,random_forest,rdkit+morgan,none,77abfcdbb281d08df2e9fb09cf84b2a648ea9008
freesolv,922f2c1b03db117d,C=Cc1ccccc1,hydration_free_energy,kcal/mol,train,c1ccccc1,-1.2400000095367432,-1.122470004498969,-5.801605363830935,3.5566653548329965,scaffold,2027,rf_rdkit_morgan,random_forest,rdkit+morgan,none,77abfcdbb281d08df2e9fb09cf84b2a648ea9008
freesolv,67300569a949ad42,C=O,hydration_free_energy,kcal/mol,train,,-2.75,-2.9844799972772584,-7.663615356609224,1.6946553620547071,scaffold,2027,rf_rdkit_morgan,random_forest,rdkit+morgan,none,77abfcdbb281d08df2e9fb09cf84b2a648ea9008
freesolv,73c7d73efb8bdd41,CBr,hydration_free_energy,kcal/mol,train,,-0.8199999928474426,-0.886509996347113,-5.565645355679079,3.7926253629848525,scaffold,2027,rf_rdkit_morgan,random_forest,rdkit+morgan,none,77abfcdbb281d08df2e9fb09cf84b2a648ea9008
freesolv,05b1a8d05d1c3e6c,CC,hydration_free_energy,kcal/mol,train,,1.8300000429153442,1.4794000255465352,-3.1997353337854304,6.158535384878501,scaffold,2027,rf_rdkit_morgan,random_forest,rdkit+morgan,none,77abfcdbb281d08df2e9fb09cf84b2a648ea9008
freesolv,1eb27a465c7bf134,CC#N,hydration_free_energy,kcal/mol,train,,-3.880000114440918,-3.509300060212612,-8.188435419544577,1.1698352991193537,scaffold,2027,rf_rdkit_morgan,random_forest,rdkit+morgan,none,77abfcdbb281d08df2e9fb09cf84b2a648ea9008
freesolv,1d67b723d41f51ac,CC(=O)C(C)(C)C,hydration_free_energy,kcal/mol,train,,-3.109999895095825,-3.0908099402636293,-7.769945299595594,1.5883254190683362,scaffold,2027,rf_rdkit_morgan,random_forest,rdkit+morgan,none,77abfcdbb281d08df2e9fb09cf84b2a648ea9008
freesolv,58249ca616cb22d8,CC(=O)C(C)C,hydration_free_energy,kcal/mol,train,,-3.240000009536743,-3.195270005017519,-7.874405364349485,1.4838653543144464,scaffold,2027,rf_rdkit_morgan,random_forest,rdkit+morgan,none,77abfcdbb281d08df2e9fb09cf84b2a648ea9008
freesolv,582f8c2ed097dabc,CC(=O)C1CC1,hydration_free_energy,kcal/mol,calibration,C1CC1,-4.610000133514404,-3.679073341336101,-8.358208700668067,1.0000620179958646,scaffold,2027,rf_rdkit_morgan,random_forest,rdkit+morgan,none,77abfcdbb281d08df2e9fb09cf84b2a648ea9008
freesolv,b173a8fb75f4db23,CC(=O)C1CCCCC1,hydration_free_energy,kcal/mol,calibration,C1CCCCC1,-3.9000000953674316,-3.514893358718604,-8.19402871805057,1.1642420006133616,scaffold,2027,rf_rdkit_morgan,random_forest,rdkit+morgan,none,77abfcdbb281d08df2e9fb09cf84b2a648ea9008
freesolv,16cf4f31208ab363,CC(=O)CC(C)C,hydration_free_energy,kcal/mol,train,,-3.049999952316284,-3.061849973618984,-7.74098533295095,1.6172853857129814,scaffold,2027,rf_rdkit_morgan,random_forest,rdkit+morgan,none,77abfcdbb281d08df2e9fb09cf84b2a648ea9008
freesolv,cbb660b5eaf183ba,CC(=O)CO[N+](=O)[O-],hydration_free_energy,kcal/mol,train,,-5.989999771118164,-5.439339847937234,-10.1184752072692,-0.7602044886052681,scaffold,2027,rf_rdkit_morgan,random_forest,rdkit+morgan,none,77abfcdbb281d08df2e9fb09cf84b2a648ea9008
freesolv,0780b195cfdf2ed6,CC(=O)N1CCCC1,hydration_free_energy,kcal/mol,test,C1CCNC1,-9.800000190734863,-5.489193360969422,-10.168328720301387,-0.8100580016374561,scaffold,2027,rf_rdkit_morgan,random_forest,rdkit+morgan,none,77abfcdbb281d08df2e9fb09cf84b2a648ea9008
freesolv,a208ad1788f26aee,CC(=O)O,hydration_free_energy,kcal/mol,train,,-6.690000057220459,-6.406320033252217,-11.085455392584183,-1.7271846739202514,scaffold,2027,rf_rdkit_morgan,random_forest,rdkit+morgan,none,77abfcdbb281d08df2e9fb09cf84b2a648ea9008
freesolv,a3332288868582b4,CC(=O)OC(C)C,hydration_free_energy,kcal/mol,train,,-2.640000104904175,-2.7495400679111497,-7.428675427243116,1.9295952914208159,scaffold,2027,rf_rdkit_morgan,random_forest,rdkit+morgan,none,77abfcdbb281d08df2e9fb09cf84b2a648ea9008
freesolv,b8e46696f168483c,CC(=O)OC(C)OC(C)=O,hydration_free_energy,kcal/mol,train,,-4.96999979019165,-5.159786543846138,-9.838921903178104,-0.48065118451417277,scaffold,2027,rf_rdkit_morgan,random_forest,rdkit+morgan,none,77abfcdbb281d08df2e9fb09cf84b2a648ea9008
freesolv,d514c2011a6bb3d5,CC(=O)OCC(C)C,hydration_free_energy,kcal/mol,train,,-2.359999895095825,-2.4407399451732594,-7.119875304505225,2.238395414158706,scaffold,2027,rf_rdkit_morgan,random_forest,rdkit+morgan,none,77abfcdbb281d08df2e9fb09cf84b2a648ea9008
freesolv,e3057c8b93a65a68,CC(=O)OCC(COC(C)=O)OC(C)=O,hydration_free_energy,kcal/mol,train,,-8.84000015258789,-7.686880094170554,-12.36601545350252,-3.007744734838589,scaffold,2027,rf_rdkit_morgan,random_forest,rdkit+morgan,none,77abfcdbb281d08df2e9fb09cf84b2a648ea9008
freesolv,1f85a7027c370d59,CC(=O)OCCC(C)C,hydration_free_energy,kcal/mol,train,,-2.2100000381469727,-2.3098400235250542,-6.98897538285702,2.3692953358069113,scaffold,2027,rf_rdkit_morgan,random_forest,rdkit+morgan,none,77abfcdbb281d08df2e9fb09cf84b2a648ea9008
freesolv,ba887869a6295619,CC(=O)OCCOC(C)=O,hydration_free_energy,kcal/mol,train,,-6.340000152587891,-5.989220083713541,-10.668355443045506,-1.3100847243815759,scaffold,2027,rf_rdkit_morgan,random_forest,rdkit+morgan,none,77abfcdbb281d08df2e9fb09cf84b2a648ea9008
freesolv,646bf545cef99fa9,CC(=O)Oc1ccccc1C(=O)O,hydration_free_energy,kcal/mol,train,c1ccccc1,-9.9399995803833,-9.037939739465681,-13.717075098797647,-4.358804380133716,scaffold,2027,rf_rdkit_morgan,random_forest,rdkit+morgan,none,77abfcdbb281d08df2e9fb09cf84b2a648ea9008
freesolv,db4526f4bded9150,CC(=O)c1ccc(C)cc1,hydration_free_energy,kcal/mol,train,c1ccccc1,-4.699999809265137,-4.738114883780475,-9.417250243112441,-0.0589795244485094,scaffold,2027,rf_rdkit_morgan,random_forest,rdkit+morgan,none,77abfcdbb281d08df2e9fb09cf84b2a648ea9008
freesolv,e340b59450b263da,CC(=O)c1ccccc1,hydration_free_energy,kcal/mol,train,c1ccccc1,-4.579999923706055,-4.569439941167838,-9.248575300499803,0.10969541816412764,scaffold,2027,rf_rdkit_morgan,random_forest,rdkit+morgan,none,77abfcdbb281d08df2e9fb09cf84b2a648ea9008
freesolv,b1930bd9e457359d,CC(=O)c1cccnc1,hydration_free_energy,kcal/mol,validation,c1ccncc1,-8.260000228881836,-5.339404995113613,-10.018540354445578,-0.6602696357816473,scaffold,2027,rf_rdkit_morgan,random_forest,rdkit+morgan,none,77abfcdbb281d08df2e9fb09cf84b2a648ea9008
freesolv,3b8746d9ecf84cbe,CC(=O)c1ccncc1,hydration_free_energy,kcal/mol,validation,c1ccncc1,-7.619999885559082,-5.278484984934331,-9.957620344266296,-0.5993496256023656,scaffold,2027,rf_rdkit_morgan,random_forest,rdkit+morgan,none,77abfcdbb281d08df2e9fb09cf84b2a648ea9008
freesolv,49b42640c31e4afa,CC(C)(C)Br,hydration_free_energy,kcal/mol,train,,0.8399999737739563,0.42312798558848286,-4.256007373743483,5.102263344920448,scaffold,2027,rf_rdkit_morgan,random_forest,rdkit+morgan,none,77abfcdbb281d08df2e9fb09cf84b2a648ea9008
freesolv,30434d3b14f885bd,CC(C)(C)C,hydration_free_energy,kcal/mol,train,,2.509999990463257,2.2469799889772823,-2.432155370354683,6.9261153483092475,scaffold,2027,rf_rdkit_morgan,random_forest,rdkit+morgan,none,77abfcdbb281d08df2e9fb09cf84b2a648ea9008
freesolv,8196c4a2dfe7d9d4,CC(C)(C)Cl,hydration_free_energy,kcal/mol,train,,1.090000033378601,0.598560020580893,-4.080575338751073,5.277695379912858,scaffold,2027,rf_rdkit_morgan,random_forest,rdkit+morgan,none,77abfcdbb281d08df2e9fb09cf84b2a648ea9008
freesolv,27c766beb9d56df8,CC(C)(C)O,hydration_free_energy,kcal/mol,train,,-4.46999979019165,-4.407279844701291,-9.086415204033257,0.2718555146306745,scaffold,2027,rf_rdkit_morgan,random_forest,rdkit+morgan,none,77abfcdbb281d08df2e9fb09cf84b2a648ea9008
freesolv,9f57f1a7941e4d72,CC(C)(C)c1ccc(O)cc1,hydration_free_energy,kcal/mol,train,c1ccccc1,-5.909999847412109,-5.793319917753344,-10.47245527708531,-1.1141845584213783,scaffold,2027,rf_rdkit_morgan,random_forest,rdkit+morgan,none,77abfcdbb281d08df2e9fb09cf84b2a648ea9008
freesolv,4e93122b9a1de48f,CC(C)(C)c1ccccc1,hydration_free_energy,kcal/mol,train,c1ccccc1,-0.4399999976158142,-0.4518999998122242,-5.13103535914419,4.227235359519741,scaffold,2027,rf_rdkit_morgan,random_forest,rdkit+morgan,none,77abfcdbb281d08df2e9fb09cf84b2a648ea9008
freesolv,4547266f8bdfb534,CC(C)=CCC/C(C)=C/CO,hydration_free_energy,kcal/mol,train,,-4.449999809265137,-4.601381007528305,-9.28051636686027,0.07775435180366053,scaffold,2027,rf_rdkit_morgan,random_forest,rdkit+morgan,none,77abfcdbb281d08df2e9fb09cf84b2a648ea9008
freesolv,8d8b5be02a6bec10,CC(C)=CCC/C(C)=C\CO,hydration_free_energy,kcal/mol,train,,-4.78000020980835,-4.601381007528305,-9.28051636686027,0.07775435180366053,scaffold,2027,rf_rdkit_morgan,random_forest,rdkit+morgan,none,77abfcdbb281d08df2e9fb09cf84b2a648ea9008
freesolv,93243e4e6bacc8c0,CC(C)=O,hydration_free_energy,kcal/mol,train,,-3.799999952316284,-3.727719960868356,-8.406855320200322,0.9514153984636096,scaffold,2027,rf_rdkit_morgan,random_forest,rdkit+morgan,none,77abfcdbb281d08df2e9fb09cf84b2a648ea9008
freesolv,6ef30f66f852c308,CC(C)Br,hydration_free_energy,kcal/mol,train,,-0.47999998927116394,-0.5069599936679134,-5.186095352999879,4.172175365664052,scaffold,2027,rf_rdkit_morgan,random_forest,rdkit+morgan,none,77abfcdbb281d08df2e9fb09cf84b2a648ea9008
freesolv,ef6d460c1e6abde9,CC(C)C,hydration_free_energy,kcal/mol,train,,2.299999952316284,1.9553199702389361,-2.7238153890930294,6.634455329570901,scaffold,2027,rf_rdkit_morgan,random_forest,rdkit+morgan,none,77abfcdbb281d08df2e9fb09cf84b2a648ea9008
freesolv,0f765371c44aaa59,CC(C)C(=O)C(C)C,hydration_free_energy,kcal/mol,train,,-2.740000009536743,-2.8995300078839077,-7.578665367215873,1.7796053514480579,scaffold,2027,rf_rdkit_morgan,random_forest,rdkit+morgan,none,77abfcdbb281d08df2e9fb09cf84b2a648ea9008
freesolv,cc8a3aa0542cebe6,CC(C)C(C)C,hydration_free_energy,kcal/mol,train,,2.3399999141693115,2.26209994161503,-2.4170354177169355,6.941235300946996,scaffold,2027,rf_rdkit_morgan,random_forest,rdkit+morgan,none,77abfcdbb281d08df2e9fb09cf84b2a648ea9008
freesolv,d74aca5cf4b1237c,CC(C)C(C)C(C)C,hydration_free_energy,kcal/mol,train,,2.559999942779541,2.355859964184462,-2.3232753951475034,7.034995323516428,scaffold,2027,rf_rdkit_morgan,random_forest,rdkit+morgan,none,77abfcdbb281d08df2e9fb09cf84b2a648ea9008
freesolv,e413b9ce1efba5a0,CC(C)C=O,hydration_free_energy,kcal/mol,train,,-2.859999895095825,-3.0037199358902873,-7.682855295222253,1.6754154234416783,scaffold,2027,rf_rdkit_morgan,random_forest,rdkit+morgan,none,77abfcdbb281d08df2e9fb09cf84b2a648ea9008
freesolv,e7ba17e129e75195,CC(C)CBr,hydration_free_energy,kcal/mol,train,,-0.029999999329447746,-0.15689999781921227,-4.836035357151178,4.522235361512753,scaffold,2027,rf_rdkit_morgan,random_forest,rdkit+morgan,none,77abfcdbb281d08df2e9fb09cf84b2a648ea9008
freesolv,5c23882ab3e2d463,CC(C)CC(=O)O,hydration_free_energy,kcal/mol,train,,-6.090000152587891,-5.902920096874243,-10.58205545620621,-1.2237847375422772,scaffold,2027,rf_rdkit_morgan,random_forest,rdkit+morgan,none,77abfcdbb281d08df2e9fb09cf84b2a648ea9008
freesolv,1ce5066619b734b1,CC(C)CC(C)(C)C,hydration_free_energy,kcal/mol,train,,2.890000104904175,2.637440068963898,-2.0416952903680676,7.316575428295863,scaffold,2027,rf_rdkit_morgan,random_forest,rdkit+morgan,none,77abfcdbb281d08df2e9fb09cf84b2a648ea9008
freesolv,608ba2d71e9299bf,CC(C)CC(C)C,hydration_free_energy,kcal/mol,train,,2.8299999237060547,2.631859952688244,-2.0472754066437218,7.310995312020209,scaffold,2027,rf_rdkit_morgan,random_forest,rdkit+morgan,none,77abfcdbb281d08df2e9fb09cf84b2a648ea9008
freesolv,05047a8dca414cad,CC(C)CCC(C)(C)C,hydration_free_energy,kcal/mol,train,,2.930000066757202,2.6532800574340185,-2.025855301897947,7.3324154167659845,scaffold,2027,rf_rdkit_morgan,random_forest,rdkit+morgan,none,77abfcdbb281d08df2e9fb09cf84b2a648ea9008
freesolv,6bc633f1f12c1ee7,CC(C)CCO,hydration_free_energy,kcal/mol,train,,-4.420000076293945,-4.367020053341983,-9.046155412673949,0.31211530598998216,scaffold,2027,rf_rdkit_morgan,random_forest,rdkit+morgan,none,77abfcdbb281d08df2e9fb09cf84b2a648ea9008
freesolv,b3a79ff7deca4dc9,CC(C)CCOC=O,hydration_free_energy,kcal/mol,train,,-2.130000114440918,-2.309660073451702,-6.988795432783668,2.3694752858802635,scaffold,2027,rf_rdkit_morgan,random_forest,rdkit+morgan,none,77abfcdbb281d08df2e9fb09cf84b2a648ea9008
freesolv,df4f318c47e4982d,CC(C)CO,hydration_free_energy,kcal/mol,train,,-4.5,-4.589319988965996,-9.268455348297962,0.08981537036596965,scaffold,2027,rf_rdkit_morgan,random_forest,rdkit+morgan,none,77abfcdbb281d08df2e9fb09cf84b2a648ea9008
freesolv,06f73f92690f97f5,CC(C)COC(=O)C(C)C,hydration_free_energy,kcal/mol,train,,-1.690000057220459,-2.3847800372838917,-7.063915396615857,2.294355322048074,scaffold,2027,rf_rdkit_morgan,random_forest,rdkit+morgan,none,77abfcdbb281d08df2e9fb09cf84b2a648ea9008
freesolv,d15c883b9a56c622,CC(C)COC=O,hydration_free_energy,kcal/mol,train,,-2.2200000286102295,-2.3320800279378933,-7.011215387269859,2.3470553313940723,scaffold,2027,rf_rdkit_morgan,random_forest,rdkit+morgan,none,77abfcdbb281d08df2e9fb09cf84b2a648ea9008
freesolv,663bdfbc5dd043d9,CC(C)CO[N+](=O)[O-],hydration_free_energy,kcal/mol,train,,-1.8799999952316284,-2.3731199932098344,-7.0522553525418,2.306015366122131,scaffold,2027,rf_rdkit_morgan,random_forest,rdkit+morgan,none,77abfcdbb281d08df2e9fb09cf84b2a648ea9008
freesolv,80e95678623257ff,CC(C)C[C@@H](C)O,hydration_free_energy,kcal/mol,train,,-3.7300000190734863,-3.848172013052555,-8.52730737238452,0.8309633462794106,scaffold,2027,rf_rdkit_morgan,random_forest,rdkit+morgan,none,77abfcdbb281d08df2e9fb09cf84b2a648ea9008
freesolv,3a8d190e00649828,CC(C)Cc1ccc([C@H](C)C(=O)O)cc1,hydration_free_energy,kcal/mol,train,c1ccccc1,-7.0,-6.747935003876669,-11.427070363208635,-2.068799644544703,scaffold,2027,rf_rdkit_morgan,random_forest,rdkit+morgan,none,77abfcdbb281d08df2e9fb09cf84b2a648ea9008
freesolv,86c01edec2b47ea9,CC(C)Cc1ccccc1,hydration_free_energy,kcal/mol,train,c1ccccc1,0.1599999964237213,-0.00030000179260358806,-4.679435361124569,4.678835357539362,scaffold,2027,rf_rdkit_morgan,random_forest,rdkit+morgan,none,77abfcdbb281d08df2e9fb09cf84b2a648ea9008
freesolv,a05474e354458b4f,CC(C)Cc1cnccn1,hydration_free_energy,kcal/mol,validation,c1cnccn1,-5.039999961853027,-3.2343900098241867,-7.913525369156153,1.4447453495077789,scaffold,2027,rf_rdkit_morgan,random_forest,rdkit+morgan,none,77abfcdbb281d08df2e9fb09cf84b2a648ea9008
freesolv,782413599639bd48,CC(C)Cl,hydration_free_energy,kcal/mol,train,,-0.25,-0.4221599972359771,-5.101295356567943,4.2569753620959885,scaffold,2027,rf_rdkit_morgan,random_forest,rdkit+morgan,none,77abfcdbb281d08df2e9fb09cf84b2a648ea9008
freesolv,5010d23b5654a272,CC(C)I,hydration_free_energy,kcal/mol,train,,-0.46000000834465027,-0.4962800051309282,-5.175415364462894,4.182855354201037,scaffold,2027,rf_rdkit_morgan,random_forest,rdkit+morgan,none,77abfcdbb281d08df2e9fb09cf84b2a648ea9008
freesolv,a58327f405c6019d,CC(C)NC(C)C,hydration_free_energy,kcal/mol,train,,-3.2200000286102295,-3.301320029180497,-7.980455388512462,1.3778153301514684,scaffold,2027,rf_rdkit_morgan,random_forest,rdkit+morgan,none,77abfcdbb281d08df2e9fb09cf84b2a648ea9008
freesolv,0a10a3c5ae6dbefa,CC(C)O,hydration_free_energy,kcal/mol,train,,-4.739999771118164,-4.7866598304212005,-9.465795189753166,-0.10752447108923491,scaffold,2027,rf_rdkit_morgan,random_forest,rdkit+morgan,none,77abfcdbb281d08df2e9fb09cf84b2a648ea9008
freesolv,e9770c4c53aa3244,CC(C)OC(C)C,hydration_free_energy,kcal/mol,train,,-0.5299999713897705,-1.2044999888986336,-5.883635348230599,3.474635370433332,scaffold,2027,rf_rdkit_morgan,random_forest,rdkit+morgan,none,77abfcdbb281d08df2e9fb09cf84b2a648ea9008
freesolv,5125da25cc580c3f,CC(C)OC=O,hydration_free_energy,kcal/mol,train,,-2.0199999809265137,-2.3610999940000417,-7.040235353332007,2.318035365331924,scaffold,2027,rf_rdkit_morgan,random_forest,rdkit+morgan,none,77abfcdbb281d08df2e9fb09cf84b2a648ea9008
freesolv,08532f1ef39cb3c2,CC(C)SC(C)C,hydration_free_energy,kcal/mol,train,,-1.2100000381469727,-1.1846600245423469,-5.863795383874312,3.4944753347896187,scaffold,2027,rf_rdkit_morgan,random_forest,rdkit+morgan,none,77abfcdbb281d08df2e9fb09cf84b2a648ea9008
freesolv,2f13ba5e9b2c1d12,CC(C)[C@@H]1CC[C@@H](C)CC1=O,hydration_free_energy,kcal/mol,test,O=C1CCCCC1,-2.5299999713897705,-3.6485553627543146,-8.327690722086281,1.030579996577651,scaffold,2027,rf_rdkit_morgan,random_forest,rdkit+morgan,none,77abfcdbb281d08df2e9fb09cf84b2a648ea9008
freesolv,8c1b6e7115a08cd9,CC(C)[C@@H]1CC[C@@H](C)C[C@H]1O,hydration_free_energy,kcal/mol,calibration,C1CCCCC1,-3.200000047683716,-5.077817478097017,-9.756952837428983,-0.3986821187650511,scaffold,2027,rf_rdkit_morgan,random_forest,rdkit+morgan,none,77abfcdbb281d08df2e9fb09cf84b2a648ea9008
freesolv,70007fb176a0ffc0,CC(C)[N+](=O)[O-],hydration_free_energy,kcal/mol,train,,-3.130000114440918,-3.2895600628405814,-7.968695422172547,1.3895752964913841,scaffold,2027,rf_rdkit_morgan,random_forest,rdkit+morgan,none,77abfcdbb281d08df2e9fb09cf84b2a648ea9008
freesolv,4766bce8aaa6feeb,CC(C)c1ccccc1,hydration_free_energy,kcal/mol,train,c1ccccc1,-0.30000001192092896,-0.4151400087587529,-5.0942753680907185,4.263995350573213,scaffold,2027,rf_rdkit_morgan,random_forest,rdkit+morgan,none,77abfcdbb281d08df2e9fb09cf84b2a648ea9008
freesolv,e0eb500eaa83e532,CC(Cl)(Cl)Cl,hydration_free_energy,kcal/mol,train,,-0.1899999976158142,-0.28819999805839736,-4.967335357390363,4.390935361273568,scaffold,2027,rf_rdkit_morgan,random_forest,rdkit+morgan,none,77abfcdbb281d08df2e9fb09cf84b2a648ea9008
freesolv,e8a1f1b7fb50720b,CC(Cl)Cl,hydration_free_energy,kcal/mol,train,,-0.8399999737739563,-0.8800799807608173,-5.559215340092782,3.7990553785711483,scaffold,2027,rf_rdkit_morgan,random_forest,rdkit+morgan,none,77abfcdbb281d08df2e9fb09cf84b2a648ea9008
freesolv,9b75e9a74817c850,CC(F)F,hydration_free_energy,kcal/mol,train,,-0.10999999940395355,-0.6632999924607588,-5.342435351792725,4.015835366871206,scaffold,2027,rf_rdkit_morgan,random_forest,rdkit+morgan,none,77abfcdbb281d08df2e9fb09cf84b2a648ea9008
freesolv,35dddcda2702a4ad,CC(N)=O,hydration_free_energy,kcal/mol,train,,-9.710000038146973,-8.904799981847372,-13.583935341179338,-4.225664622515406,scaffold,2027,rf_rdkit_morgan,random_forest,rdkit+morgan,none,77abfcdbb281d08df2e9fb09cf84b2a648ea9008
freesolv,2f90b29d0ea2bd0f,CC1=CC(=O)CC(C)(C)C1,hydration_free_energy,kcal/mol,calibration,O=C1C=CCCC1,-5.179999828338623,-4.020252015565333,-8.699387374897299,0.6588833437666324,scaffold,2027,rf_rdkit_morgan,random_forest,rdkit+morgan,none,77abfcdbb281d08df2e9fb09cf84b2a648ea9008
freesolv,196b98c38a9ef9ff,CC1=CC(=O)[C@H](C(C)C)CC1,hydration_free_energy,kcal/mol,calibration,O=C1C=CCCC1,-4.510000228881836,-3.9142320161096738,-8.59336737544164,0.7649033432222918,scaffold,2027,rf_rdkit_morgan,random_forest,rdkit+morgan,none,77abfcdbb281d08df2e9fb09cf84b2a648ea9008
freesolv,71b4ae69ea038c45,CC1=CCCCC1,hydration_free_energy,kcal/mol,validation,C1=CCCCC1,0.6700000166893005,0.23573999034986404,-4.4433953689821015,4.91487534968183,scaffold,2027,rf_rdkit_morgan,random_forest,rdkit+morgan,none,77abfcdbb281d08df2e9fb09cf84b2a648ea9008
freesolv,3657f3498f9e2294,CC1CCC(C)CC1,hydration_free_energy,kcal/mol,calibration,C1CCCCC1,2.109999895095825,1.414319991644469,-3.2648153676874965,6.093455350976434,scaffold,2027,rf_rdkit_morgan,random_forest,rdkit+morgan,none,77abfcdbb281d08df2e9fb09cf84b2a648ea9008
freesolv,d24802ff551c31d8,CC1CCCC1,hydration_free_energy,kcal/mol,test,C1CCCC1,1.590000033378601,1.0961000033430772,-3.5830353559888883,5.775235362675042,scaffold,2027,rf_rdkit_morgan,random_forest,rdkit+morgan,none,77abfcdbb281d08df2e9fb09cf84b2a648ea9008
freesolv,acaaa8b4649c614e,CC1CCCCC1,hydration_free_energy,kcal/mol,calibration,C1CCCCC1,1.7000000476837158,1.2900599961876895,-3.389075363144276,5.9691953555196555,scaffold,2027,rf_rdkit_morgan,random_forest,rdkit+morgan,none,77abfcdbb281d08df2e9fb09cf84b2a648ea9008
freesolv,5358908f8e9c796f,CC=C(C)C,hydration_free_energy,kcal/mol,train,,1.309999942779541,1.132859960991897,-3.5462753983400686,5.811995320323863,scaffold,2027,rf_rdkit_morgan,random_forest,rdkit+morgan,none,77abfcdbb281d08df2e9fb09cf84b2a648ea9008
freesolv,3ba5780e519232af,CC=O,hydration_free_energy,kcal/mol,train,,-3.5,-3.475295995569228,-8.154431354901194,1.2038393637627376,scaffold,2027,rf_rdkit_morgan,random_forest,rdkit+morgan,none,77abfcdbb281d08df2e9fb09cf84b2a648ea9008
freesolv,9f9bae4da613fd97,CCBr,hydration_free_energy,kcal/mol,train,,-0.7400000095367432,-0.7737600054629135,-5.452895364794879,3.905375353869052,scaffold,2027,rf_rdkit_morgan,random_forest,rdkit+morgan,none,77abfcdbb281d08df2e9fb09cf84b2a648ea9008
freesolv,72281cabb90098ca,CCC,hydration_free_energy,kcal/mol,train,,2.0,1.6082399922497834,-3.070895367082182,6.287375351581749,scaffold,2027,rf_rdkit_morgan,random_forest,rdkit+morgan,none,77abfcdbb281d08df2e9fb09cf84b2a648ea9008
freesolv,b081cbfb90b7402a,CCC#N,hydration_free_energy,kcal/mol,train,,-3.8399999141693115,-3.5618199642896666,-8.240955323621632,1.117315395042299,scaffold,2027,rf_rdkit_morgan,random_forest,rdkit+morgan,none,77abfcdbb281d08df2e9fb09cf84b2a648ea9008
freesolv,b137901ff30dac85,CCC(=O)CC,hydration_free_energy,kcal/mol,train,,-3.4100000858306885,-3.3756800493896018,-8.054815408721566,1.3034553099423638,scaffold,2027,rf_rdkit_morgan,random_forest,rdkit+morgan,none,77abfcdbb281d08df2e9fb09cf84b2a648ea9008
freesolv,d73fa90c49909081,CCC(=O)Nc1ccc(Cl)c(Cl)c1,hydration_free_energy,kcal/mol,train,c1ccccc1,-7.78000020980835,-7.646320140011602,-12.325455499343567,-2.967184780679636,scaffold,2027,rf_rdkit_morgan,random_forest,rdkit+morgan,none,77abfcdbb281d08df2e9fb09cf84b2a648ea9008
freesolv,ae711e3e1cb2b62c,CCC(=O)O,hydration_free_energy,kcal/mol,train,,-6.460000038146973,-6.401480015009621,-11.080615374341587,-1.7223446556776558,scaffold,2027,rf_rdkit_morgan,random_forest,rdkit+morgan,none,77abfcdbb281d08df2e9fb09cf84b2a648ea9008
freesolv,3b1dd60ed1dfbb76,CCC(=O)OC,hydration_free_energy,kcal/mol,train,,-2.930000066757202,-3.074560041189194,-7.75369540052116,1.6045753181427718,scaffold,2027,rf_rdkit_morgan,random_forest,rdkit+morgan,none,77abfcdbb281d08df2e9fb09cf84b2a648ea9008
freesolv,95159b36053bb032,CCC(C)(C)C,hydration_free_energy,kcal/mol,train,,2.509999990463257,2.4532000016122706,-2.225935357719695,7.132335360944236,scaffold,2027,rf_rdkit_morgan,random_forest,rdkit+morgan,none,77abfcdbb281d08df2e9fb09cf84b2a648ea9008
freesolv,3fb4e89120f988ad,CCC(C)(C)CC,hydration_free_energy,kcal/mol,train,,2.559999942779541,2.3434399723857546,-2.335695386946211,7.02257533171772,scaffold,2027,rf_rdkit_morgan,random_forest,rdkit+morgan,none,77abfcdbb281d08df2e9fb09cf84b2a648ea9008
freesolv,bdf2d11354f3860d,CCC(C)(C)O,hydration_free_energy,kcal/mol,train,,-4.429999828338623,-4.416726542472836,-9.095861901804803,0.2624088168591294,scaffold,2027,rf_rdkit_morgan,random_forest,rdkit+morgan,none,77abfcdbb281d08df2e9fb09cf84b2a648ea9008
freesolv,6c45d8284f5ddf4f,CCC(C)C,hydration_free_energy,kcal/mol,train,,2.380000114440918,2.2606600676625885,-2.418475291669377,6.939795426994554,scaffold,2027,rf_rdkit_morgan,random_forest,rdkit+morgan,none,77abfcdbb281d08df2e9fb09cf84b2a648ea9008
freesolv,70ffb28e88de4627,CCC(C)CC,hydration_free_energy,kcal/mol,train,,2.509999990463257,2.4001000000126393,-2.279035359319326,7.0792353593446045,scaffold,2027,rf_rdkit_morgan,random_forest,rdkit+morgan,none,77abfcdbb281d08df2e9fb09cf84b2a648ea9008
freesolv,828963364af80af0,CCC(N)=O,hydration_free_energy,kcal/mol,train,,-9.399999618530273,-8.6661997637749,-13.345335123106866,-3.9870644044429344,scaffold,2027,rf_rdkit_morgan,random_forest,rdkit+morgan,none,77abfcdbb281d08df2e9fb09cf84b2a648ea9008
freesolv,960c6dcb6922b929,CCC(O)CC,hydration_free_energy,kcal/mol,train,,-4.349999904632568,-4.326119929552077,-9.005255288884044,0.3530154297798882,scaffold,2027,rf_rdkit_morgan,random_forest,rdkit+morgan,none,77abfcdbb281d08df2e9fb09cf84b2a648ea9008
freesolv,f58f8a95565cd02f,CCC/C=C/C=O,hydration_free_energy,kcal/mol,train,,-3.680000066757202,-3.496930038735269,-8.176065398067234,1.1822053205966965,scaffold,2027,rf_rdkit_morgan,random_forest,rdkit+morgan,none,77abfcdbb281d08df2e9fb09cf84b2a648ea9008
freesolv,12b118fa49abcab8,CCC=O,hydration_free_energy,kcal/mol,train,,-3.430000066757202,-3.426880038477479,-8.106015397809445,1.2522553208544864,scaffold,2027,rf_rdkit_morgan,random_forest,rdkit+morgan,none,77abfcdbb281d08df2e9fb09cf84b2a648ea9008
freesolv,5a7f7c6b893c81e5,CCCBr,hydration_free_energy,kcal/mol,train,,-0.5600000023841858,-0.5967700017988498,-5.275905361130816,4.082365357533115,scaffold,2027,rf_rdkit_morgan,random_forest,rdkit+morgan,none,77abfcdbb281d08df2e9fb09cf84b2a648ea9008
freesolv,0c02aaf039e3096f,CCCC,hydration_free_energy,kcal/mol,train,,2.0999999046325684,1.8407999360747875,-2.838335423257178,6.5199352954067535,scaffold,2027,rf_rdkit_morgan,random_forest,rdkit+morgan,none,77abfcdbb281d08df2e9fb09cf84b2a648ea9008
freesolv,bdf503d5fea27e4f,CCCC#N,hydration_free_energy,kcal/mol,train,,-3.640000104904175,-3.574760052308441,-8.253895411640407,1.1043753070235245,scaffold,2027,rf_rdkit_morgan,random_forest,rdkit+morgan,none,77abfcdbb281d08df2e9fb09cf84b2a648ea9008
freesolv,363c7fa2de9ba737,CCCC(=O)CCC,hydration_free_energy,kcal/mol,train,,-2.9200000762939453,-2.9467000572681443,-7.625835416600109,1.7324353020638212,scaffold,2027,rf_rdkit_morgan,random_forest,rdkit+morgan,none,77abfcdbb281d08df2e9fb09cf84b2a648ea9008
freesolv,7e19891bed0df61a,CCCC(=O)O,hydration_free_energy,kcal/mol,train,,-6.349999904632568,-6.167899940013872,-10.847035299345837,-1.4887645806819068,scaffold,2027,rf_rdkit_morgan,random_forest,rdkit+morgan,none,77abfcdbb281d08df2e9fb09cf84b2a648ea9008
freesolv,74fe519ef396aa2d,CCCC(=O)OC,hydration_free_energy,kcal/mol,train,,-2.8299999237060547,-2.8066599569320685,-7.485795316264034,1.872475402399897,scaffold,2027,rf_rdkit_morgan,random_forest,rdkit+morgan,none,77abfcdbb281d08df2e9fb09cf84b2a648ea9008
freesolv,875e5e4c442371b3,CCCC(=O)OCC,hydration_free_energy,kcal/mol,train,,-2.490000009536743,-2.529320012569425,-7.20845537190139,2.1498153467625407,scaffold,2027,rf_rdkit_morgan,random_forest,rdkit+morgan,none,77abfcdbb281d08df2e9fb09cf84b2a648ea9008
freesolv,03542dfab9a8b00c,CCCC(C)(C)C,hydration_free_energy,kcal/mol,train,,2.880000114440918,2.724120080828636,-1.9550152785033297,7.403255440160601,scaffold,2027,rf_rdkit_morgan,random_forest,rdkit+morgan,none,77abfcdbb281d08df2e9fb09cf84b2a648ea9008
freesolv,f1b212ed322c6018,CCCC(C)(C)O,hydration_free_energy,kcal/mol,train,,-3.9200000762939453,-4.0488073749482645,-8.72794273428023,0.6303279843837011,scaffold,2027,rf_rdkit_morgan,random_forest,rdkit+morgan,none,77abfcdbb281d08df2e9fb09cf84b2a648ea9008
freesolv,39533f2780e046ad,CCCC(C)=O,hydration_free_energy,kcal/mol,train,,-3.5199999809265137,-3.3950599839091287,-8.074195343241094,1.284075375422837,scaffold,2027,rf_rdkit_morgan,random_forest,rdkit+morgan,none,77abfcdbb281d08df2e9fb09cf84b2a648ea9008
freesolv,b26bad70227ef601,CCCC(C)C,hydration_free_energy,kcal/mol,train,,2.509999990463257,2.421420007947812,-2.2577153513841535,7.100555367279778,scaffold,2027,rf_rdkit_morgan,random_forest,rdkit+morgan,none,77abfcdbb281d08df2e9fb09cf84b2a648ea9008
freesolv,aa05bf74b194f434,CCCC1CCCC1,hydration_free_energy,kcal/mol,test,C1CCCC1,2.130000114440918,1.0064400075003506,-3.672695351831615,5.685575366832316,scaffold,2027,rf_rdkit_morgan,random_forest,rdkit+morgan,none,77abfcdbb281d08df2e9fb09cf84b2a648ea9008
freesolv,397cb77fff01ff68,CCCC=O,hydration_free_energy,kcal/mol,train,,-3.180000066757202,-3.230840038180352,-7.9099753975123175,1.4482953211516136,scaffold,2027,rf_rdkit_morgan,random_forest,rdkit+morgan,none,77abfcdbb281d08df2e9fb09cf84b2a648ea9008
freesolv,dbe273c607f375c1,CCCCBr,hydration_free_energy,kcal/mol,train,,-0.4000000059604645,-0.3733000043146171,-5.052435363646582,4.305835355017349,scaffold,2027,rf_rdkit_morgan,random_forest,rdkit+morgan,none,77abfcdbb281d08df2e9fb09cf84b2a648ea9008
freesolv,c65a887de1f68c42,CCCCC,hydration_free_energy,kcal/mol,train,,2.299999952316284,2.108919967636457,-2.5702153916955086,6.788055326968422,scaffold,2027,rf_rdkit_morgan,random_forest,rdkit+morgan,none,77abfcdbb281d08df2e9fb09cf84b2a648ea9008
freesolv,41df5f7378e36325,CCCCC#N,hydration_free_energy,kcal/mol,train,,-3.5199999809265137,-3.1745199958607557,-7.853655355192721,1.5046153634712098,scaffold,2027,rf_rdkit_morgan,random_forest,rdkit+morgan,none,77abfcdbb281d08df2e9fb09cf84b2a648ea9008
freesolv,e6007044d8c0034f,CCCCC(=O)CCCC,hydration_free_energy,kcal/mol,train,,-2.640000104904175,-2.612320076160132,-7.2914554354920975,2.0668152831718336,scaffold,2027,rf_rdkit_morgan,random_forest,rdkit+morgan,none,77abfcdbb281d08df2e9fb09cf84b2a648ea9008
freesolv,32ecc9982d398376,CCCCC(=O)O,hydration_free_energy,kcal/mol,train,,-6.159999847412109,-6.043479926109326,-10.722615285441291,-1.3643445667773602,scaffold,2027,rf_rdkit_morgan,random_forest,rdkit+morgan,none,77abfcdbb281d08df2e9fb09cf84b2a648ea9008
freesolv,6751478463d88fc8,CCCCC(=O)OC,hydration_free_energy,kcal/mol,train,,-2.559999942779541,-2.6082999691963176,-7.287435328528283,2.070835390135648,scaffold,2027,rf_rdkit_morgan,random_forest,rdkit+morgan,none,77abfcdbb281d08df2e9fb09cf84b2a648ea9008
freesolv,5c2b6f5593568a0c,CCCCC(=O)OCC,hydration_free_energy,kcal/mol,train,,-2.490000009536743,-2.5049600052833525,-7.1840953646153185,2.174175354048613,scaffold,2027,rf_rdkit_morgan,random_forest,rdkit+morgan,none,77abfcdbb281d08df2e9fb09cf84b2a648ea9008
freesolv,1af343ef31d31c1a,CCCCC(C)=O,hydration_free_energy,kcal/mol,train,,-3.2799999713897705,-3.197339980781079,-7.8764753401130445,1.4817953785508866,scaffold,2027,rf_rdkit_morgan,random_forest,rdkit+morgan,none,77abfcdbb281d08df2e9fb09cf84b2a648ea9008
freesolv,b312f6bfc607a5c1,CCCCC(C)C,hydration_free_energy,kcal/mol,train,,2.930000066757202,2.800040051981839,-1.8790953073501266,7.479175411313804,scaffold,2027,rf_rdkit_morgan,random_forest,rdkit+morgan,none,77abfcdbb281d08df2e9fb09cf84b2a648ea9008
freesolv,ff3070e7bd7554be,CCCCC/C=C/C=O,hydration_free_energy,kcal/mol,train,,-3.430000066757202,-3.237450047358869,-7.916585406690835,1.4416853119730964,scaffold,2027,rf_rdkit_morgan,random_forest,rdkit+morgan,none,77abfcdbb281d08df2e9fb09cf84b2a648ea9008
freesolv,f448cc7ab5087548,CCCCC=O,hydration_free_energy,kcal/mol,train,,-3.0299999713897705,-3.0569599813073878,-7.736095340639354,1.6221753780245778,scaffold,2027,rf_rdkit_morgan,random_forest,rdkit+morgan,none,77abfcdbb281d08df2e9fb09cf84b2a648ea9008
freesolv,133c9950c099219b,CCCCCBr,hydration_free_energy,kcal/mol,train,,-0.10000000149011612,-0.11402000040930949,-4.7931553597412755,4.565115358922656,scaffold,2027,rf_rdkit_morgan,random_forest,rdkit+morgan,none,77abfcdbb281d08df2e9fb09cf84b2a648ea9008
freesolv,b9d709c5baaf140a,CCCCCC,hydration_free_energy,kcal/mol,train,,2.4800000190734863,2.2774800161868636,-2.401655343145102,6.95661537551883,scaffold,2027,rf_rdkit_morgan,random_forest,rdkit+morgan,none,77abfcdbb281d08df2e9fb09cf84b2a648ea9008
freesolv,6fba198d3d1721fb,CCCCCC(=O)O,hydration_free_energy,kcal/mol,train,,-6.210000038146973,-6.055300022840495,-10.73443538217246,-1.3761646635085292,scaffold,2027,rf_rdkit_morgan,random_forest,rdkit+morgan,none,77abfcdbb281d08df2e9fb09cf84b2a648ea9008
freesolv,b6b4fcf38b80bb62,CCCCCC(=O)OC,hydration_free_energy,kcal/mol,train,,-2.490000009536743,-2.4917600025013065,-7.1708953618332725,2.187375356830659,scaffold,2027,rf_rdkit_morgan,random_forest,rdkit+morgan,none,77abfcdbb281d08df2e9fb09cf84b2a648ea9008
freesolv,c27d3eb691086c0e,CCCCCC(=O)OCC,hydration_free_energy,kcal/mol,train,,-2.2300000190734863,-2.3048800048828046,-6.98401536421477,2.374255354449161,scaffold,2027,rf_rdkit_morgan,random_forest,rdkit+morgan,none,77abfcdbb281d08df2e9fb09cf84b2a648ea9008
freesolv,ece018572b2d8a14,CCCCCC(C)=O,hydration_free_energy,kcal/mol,train,,-3.0399999618530273,-2.971239993095397,-7.650375352427362,1.7078953662365683,scaffold,2027,rf_rdkit_morgan,random_forest,rdkit+morgan,none,77abfcdbb281d08df2e9fb09cf84b2a648ea9008
freesolv,721a178df646ca1b,CCCCCC(N)=O,hydration_free_energy,kcal/mol,train,,-9.3100004196167,-8.309680247545208,-12.988815606877173,-3.630544888213242,scaffold,2027,rf_rdkit_morgan,random_forest,rdkit+morgan,none,77abfcdbb281d08df2e9fb09cf84b2a648ea9008
freesolv,3246863db31fc62b,CCCCCC1CCCC1,hydration_free_energy,kcal/mol,test,C1CCCC1,2.549999952316284,0.7682700110375928,-3.9108653482943727,5.447405370369559,scaffold,2027,rf_rdkit_morgan,random_forest,rdkit+morgan,none,77abfcdbb281d08df2e9fb09cf84b2a648ea9008
freesolv,2a429658212632e6,CCCCCC=O,hydration_free_energy,kcal/mol,train,,-2.809999942779541,-2.864459969043731,-7.543595328375696,1.8146753902882344,scaffold,2027,rf_rdkit_morgan,random_forest,rdkit+morgan,none,77abfcdbb281d08df2e9fb09cf84b2a648ea9008
freesolv,fa17305ea323628e,CCCCCCBr,hydration_free_energy,kcal/mol,train,,0.18000000715255737,0.12862000451980737,-4.550515354812158,4.807755363851773,scaffold,2027,rf_rdkit_morgan,random_forest,rdkit+morgan,none,77abfcdbb281d08df2e9fb09cf84b2a648ea9008
freesolv,0d31a6c328196dcb,CCCCCCC,hydration_free_energy,kcal/mol,train,,2.6700000762939453,2.482740061253326,-2.1963952980786394,7.161875420585291,scaffold,2027,rf_rdkit_morgan,random_forest,rdkit+morgan,none,77abfcdbb281d08df2e9fb09cf84b2a648ea9008
freesolv,95b742928f6b9c7c,CCCCCCC(C)=O,hydration_free_energy,kcal/mol,train,,-2.880000114440918,-2.796980071067809,-7.4761154303997746,1.8821552882641566,scaffold,2027,rf_rdkit_morgan,random_forest,rdkit+morgan,none,77abfcdbb281d08df2e9fb09cf84b2a648ea9008
freesolv,94d55096ffe1cf8f,CCCCCCC=O,hydration_free_energy,kcal/mol,train,,-2.6700000762939453,-2.6926400413513214,-7.371775400683287,1.9864953179806442,scaffold,2027,rf_rdkit_morgan,random_forest,rdkit+morgan,none,77abfcdbb281d08df2e9fb09cf84b2a648ea9008
freesolv,e5f6857cc48520e1,CCCCCCCBr,hydration_free_energy,kcal/mol,train,,0.3400000035762787,0.31032000204923316,-4.368815357282733,4.989455361381198,scaffold,2027,rf_rdkit_morgan,random_forest,rdkit+morgan,none,77abfcdbb281d08df2e9fb09cf84b2a648ea9008
freesolv,b8c87ca6a3bbaf9a,CCCCCCCC,hydration_free_energy,kcal/mol,train,,2.880000114440918,2.615900087505557,-2.0632352718264086,7.295035446837522,scaffold,2027,rf_rdkit_morgan,random_forest,rdkit+morgan,none,77abfcdbb281d08df2e9fb09cf84b2a648ea9008
freesolv,aa39ba56ac3bb10c,CCCCCCCC(=O)OC,hydration_free_energy,kcal/mol,train,,-2.0399999618530273,-2.374959974363442,-7.0540953336954075,2.3041753849685236,scaffold,2027,rf_rdkit_morgan,random_forest,rdkit+morgan,none,77abfcdbb281d08df2e9fb09cf84b2a648ea9008
freesolv,abda4bc05ccb6a0f,CCCCCCCC(C)=O,hydration_free_energy,kcal/mol,train,,-2.490000009536743,-2.5076700129508955,-7.186805372282861,2.17146534638107,scaffold,2027,rf_rdkit_morgan,random_forest,rdkit+morgan,none,77abfcdbb281d08df2e9fb09cf84b2a648ea9008
freesolv,4be165ba79237734,CCCCCCCC=O,hydration_free_energy,kcal/mol,train,,-2.2899999618530273,-2.3903199837654854,-7.0694553430974505,2.28881537556648,scaffold,2027,rf_rdkit_morgan,random_forest,rdkit+morgan,none,77abfcdbb281d08df2e9fb09cf84b2a648ea9008
freesolv,09f8afe9d3b8d320,CCCCCCCCBr,hydration_free_energy,kcal/mol,train,,0.5199999809265137,0.39179999120532205,-4.2873353681266435,5.070935350537288,scaffold,2027,rf_rdkit_morgan,random_forest,rdkit+morgan,none,77abfcdbb281d08df2e9fb09cf84b2a648ea9008
freesolv,c1789540a8674e1a,CCCCCCCCC,hydration_free_energy,kcal/mol,train,,3.130000114440918,2.8783800940960433,-1.8007552652359222,7.5575154534280085,scaffold,2027,rf_rdkit_morgan,random_forest,rdkit+morgan,none,77abfcdbb281d08df2e9fb09cf84b2a648ea9008
freesolv,4a3ffcd0d28fe78b,CCCCCCCCC(C)=O,hydration_free_energy,kcal/mol,train,,-2.3399999141693115,-2.3672199654132093,-7.046355324745175,2.3119153939187562,scaffold,2027,rf_rdkit_morgan,random_forest,rdkit+morgan,none,77abfcdbb281d08df2e9fb09cf84b2a648ea9008
freesolv,ec8b98d1cb1ce133,CCCCCCCCC=O,hydration_free_energy,kcal/mol,train,,-2.069999933242798,-2.1872399584502022,-6.866375317782168,2.4918954008817633,scaffold,2027,rf_rdkit_morgan,random_forest,rdkit+morgan,none,77abfcdbb281d08df2e9fb09cf84b2a648ea9008
freesolv,75b6097552666ac9,CCCCCCCCCC,hydration_free_energy,kcal/mol,train,,3.1600000858306885,2.813200078308593,-1.8659352810233725,7.492335437640559,scaffold,2027,rf_rdkit_morgan,random_forest,rdkit+morgan,none,77abfcdbb281d08df2e9fb09cf84b2a648ea9008
freesolv,f39cab9e03836a2a,CCCCCCCCCC(C)=O,hydration_free_energy,kcal/mol,train,,-2.1500000953674316,-2.4129400524646067,-7.092075411796572,2.266195306867359,scaffold,2027,rf_rdkit_morgan,random_forest,rdkit+morgan,none,77abfcdbb281d08df2e9fb09cf84b2a648ea9008
freesolv,f291a8c4f28957ac,CCCCCCCCCCO,hydration_free_energy,kcal/mol,train,,-3.640000104904175,-3.76906009937823,-8.448195458710195,0.9100752599537354,scaffold,2027,rf_rdkit_morgan,random_forest,rdkit+morgan,none,77abfcdbb281d08df2e9fb09cf84b2a648ea9008
freesolv,47c556dcc89524e8,CCCCCCCCCO,hydration_free_energy,kcal/mol,train,,-3.880000114440918,-3.8705801067352295,-8.549715466067195,0.8085552525967361,scaffold,2027,rf_rdkit_morgan,random_forest,rdkit+morgan,none,77abfcdbb281d08df2e9fb09cf84b2a648ea9008
freesolv,8d563aedccae05a5,CCCCCCCCN,hydration_free_energy,kcal/mol,train,,-3.6500000953674316,-3.5974100640714175,-8.276545423403384,1.081725295260548,scaffold,2027,rf_rdkit_morgan,random_forest,rdkit+morgan,none,77abfcdbb281d08df2e9fb09cf84b2a648ea9008
freesolv,792f87dcc6bad3ab,CCCCCCCCO,hydration_free_energy,kcal/mol,train,,-4.090000152587891,-4.047400122046471,-8.726535481378438,0.6317352372854943,scaffold,2027,rf_rdkit_morgan,random_forest,rdkit+morgan,none,77abfcdbb281d08df2e9fb09cf84b2a648ea9008
freesolv,7160687123739e47,CCCCCCCCl,hydration_free_energy,kcal/mol,train,,0.28999999165534973,0.022631422647422905,-4.656503936684542,4.701766781979389,scaffold,2027,rf_rdkit_morgan,random_forest,rdkit+morgan,none,77abfcdbb281d08df2e9fb09cf84b2a648ea9008
freesolv,d314880f871cdc72,CCCCCCCI,hydration_free_energy,kcal/mol,train,,0.27000001072883606,0.2633400077819741,-4.415795351549992,4.942475367113939,scaffold,2027,rf_rdkit_morgan,random_forest,rdkit+morgan,none,77abfcdbb281d08df2e9fb09cf84b2a648ea9008
freesolv,52c877fb1fc39037,CCCCCCCN,hydration_free_energy,kcal/mol,train,,-3.7899999618530273,-3.7215200004279607,-8.400655359759927,0.9576153589040048,scaffold,2027,rf_rdkit_morgan,random_forest,rdkit+morgan,none,77abfcdbb281d08df2e9fb09cf84b2a648ea9008
freesolv,26d2aa460794e065,CCCCCCCO,hydration_free_energy,kcal/mol,train,,-4.210000038146973,-4.206000059247012,-8.885135418578978,0.4731353000849534,scaffold,2027,rf_rdkit_morgan,random_forest,rdkit+morgan,none,77abfcdbb281d08df2e9fb09cf84b2a648ea9008
freesolv,025d577d95efe3b4,CCCCCCCl,hydration_free_energy,kcal/mol,train,,0.0,-0.1026685716536293,-4.781803930985594,4.576466787678337,scaffold,2027,rf_rdkit_morgan,random_forest,rdkit+morgan,none,77abfcdbb281d08df2e9fb09cf84b2a648ea9008
freesolv,88afe17e741468f3,CCCCCCI,hydration_free_energy,kcal/mol,train,,0.07999999821186066,0.09648000118134314,-4.582655358150623,4.775615360513308,scaffold,2027,rf_rdkit_morgan,random_forest,rdkit+morgan,none,77abfcdbb281d08df2e9fb09cf84b2a648ea9008
freesolv,9e36e298d03ebb99,CCCCCCN,hydration_free_energy,kcal/mol,train,,-3.950000047683716,-3.8815400414466827,-8.56067540077865,0.7975953178852828,scaffold,2027,rf_rdkit_morgan,random_forest,rdkit+morgan,none,77abfcdbb281d08df2e9fb09cf84b2a648ea9008
freesolv,67a84046ee2724da,CCCCCCO,hydration_free_energy,kcal/mol,train,,-4.400000095367432,-4.299860080674295,-8.97899544000626,0.37927527865767097,scaffold,2027,rf_rdkit_morgan,random_forest,rdkit+morgan,none,77abfcdbb281d08df2e9fb09cf84b2a648ea9008
freesolv,045b8d8a43ece3f6,CCCCCCOC(C)=O,hydration_free_energy,kcal/mol,train,,-2.259999990463257,-2.313859984159471,-6.992995343491437,2.3652753751724944,scaffold,2027,rf_rdkit_morgan,random_forest,rdkit+morgan,none,77abfcdbb281d08df2e9fb09cf84b2a648ea9008
freesolv,2fd5e6e45fde1339,CCCCCCO[N+](=O)[O-],hydration_free_energy,kcal/mol,train,,-1.659999966621399,-2.1928199723958937,-6.871955331727859,2.486315386936072,scaffold,2027,rf_rdkit_morgan,random_forest,rdkit+morgan,none,77abfcdbb281d08df2e9fb09cf84b2a648ea9008
freesolv,cd6c3d0610e05c69,CCCCCCc1ccccc1,hydration_free_energy,kcal/mol,train,c1ccccc1,-0.03999999910593033,-0.060599997833375774,-4.739735357165341,4.61853536149859,scaffold,2027,rf_rdkit_morgan,random_forest,rdkit+morgan,none,77abfcdbb281d08df2e9fb09cf84b2a648ea9008
freesolv,8ac2131167ce2101,CCCCCCl,hydration_free_energy,kcal/mol,train,,-0.10000000149011612,-0.24480000105125255,-4.9239353603832186,4.434335358280713,scaffold,2027,rf_rdkit_morgan,random_forest,rdkit+morgan,none,77abfcdbb281d08df2e9fb09cf84b2a648ea9008
freesolv,61a8967b60de201c,CCCCCI,hydration_free_energy,kcal/mol,train,,-0.14000000059604645,-0.12682000052926812,-4.805955359861233,4.552315358802698,scaffold,2027,rf_rdkit_morgan,random_forest,rdkit+morgan,none,77abfcdbb281d08df2e9fb09cf84b2a648ea9008
freesolv,964f1e46b133a777,CCCCCN,hydration_free_energy,kcal/mol,train,,-4.090000152587891,-4.008380076855422,-8.687515436187388,0.6707552824765433,scaffold,2027,rf_rdkit_morgan,random_forest,rdkit+morgan,none,77abfcdbb281d08df2e9fb09cf84b2a648ea9008
freesolv,b360cef7ae377473,CCCCCO,hydration_free_energy,kcal/mol,train,,-4.570000171661377,-4.488840103268632,-9.167975462600598,0.19029525606333397,scaffold,2027,rf_rdkit_morgan,random_forest,rdkit+morgan,none,77abfcdbb281d08df2e9fb09cf84b2a648ea9008
freesolv,0c072a2731172132,CCCCCOC(=O)CC,hydration_free_energy,kcal/mol,train,,-2.109999895095825,-2.1938199328184065,-6.8729552921503725,2.485315426513559,scaffold,2027,rf_rdkit_morgan,random_forest,rdkit+morgan,none,77abfcdbb281d08df2e9fb09cf84b2a648ea9008
freesolv,5f4efc6ed5a32666,CCCCCOC(C)=O,hydration_free_energy,kcal/mol,train,,-2.509999990463257,-2.53481999623775,-7.213955355569715,2.1443153630942158,scaffold,2027,rf_rdkit_morgan,random_forest,rdkit+morgan,none,77abfcdbb281d08df2e9fb09cf84b2a648ea9008
freesolv,a580f6b292969b53,CCCCC[N+](=O)[O-],hydration_free_energy,kcal/mol,train,,-2.819999933242798,-2.933399946570396,-7.6125353059023615,1.7457354127615696,scaffold,2027,rf_rdkit_morgan,random_forest,rdkit+morgan,none,77abfcdbb281d08df2e9fb09cf84b2a648ea9008
freesolv,468b092da3632d2d,CCCCCc1ccccc1,hydration_free_energy,kcal/mol,train,c1ccccc1,-0.23000000417232513,-0.15920000307261706,-4.838335362404583,4.5199353562593485,scaffold,2027,rf_rdkit_morgan,random_forest,rdkit+morgan,none,77abfcdbb281d08df2e9fb09cf84b2a648ea9008
freesolv,c514ddd9e3b812c1,CCCCCl,hydration_free_energy,kcal/mol,train,,-0.1599999964237213,-0.3107157126595821,-4.989851071991548,4.3684196466723835,scaffold,2027,rf_rdkit_morgan,random_forest,rdkit+morgan,none,77abfcdbb281d08df2e9fb09cf84b2a648ea9008
freesolv,0d8fa2ca3dfd887f,CCCCI,hydration_free_energy,kcal/mol,train,,-0.25,-0.27871999935804714,-4.957855358690013,4.400415359973918,scaffold,2027,rf_rdkit_morgan,random_forest,rdkit+morgan,none,77abfcdbb281d08df2e9fb09cf84b2a648ea9008
freesolv,49a122776d5ed26c,CCCCN,hydration_free_energy,kcal/mol,train,,-4.239999771118164,-4.14703986340761,-8.826175222739575,0.5320954959243558,scaffold,2027,rf_rdkit_morgan,random_forest,rdkit+morgan,none,77abfcdbb281d08df2e9fb09cf84b2a648ea9008
freesolv,d21d0b3984a63f44,CCCCN(CC)C(=O)SCCC,hydration_free_energy,kcal/mol,train,,-3.640000104904175,-4.128400096178054,-8.80753545551002,0.5507352631539115,scaffold,2027,rf_rdkit_morgan,random_forest,rdkit+morgan,none,77abfcdbb281d08df2e9fb09cf84b2a648ea9008
freesolv,80fb9cecc75acbd8,CCCCN(CC)c1c([N+](=O)[O-])cc(C(F)(F)F)cc1[N+](=O)[O-],hydration_free_energy,kcal/mol,train,c1ccccc1,-3.509999990463257,-3.8262399911582503,-8.505375350490215,0.8528953681737153,scaffold,2027,rf_rdkit_morgan,random_forest,rdkit+morgan,none,77abfcdbb281d08df2e9fb09cf84b2a648ea9008
freesolv,a629bf56a3d8d9a4,CCCCNCCCC,hydration_free_energy,kcal/mol,train,,-3.240000009536743,-3.102140024513006,-7.781275383844972,1.5769953348189594,scaffold,2027,rf_rdkit_morgan,random_forest,rdkit+morgan,none,77abfcdbb281d08df2e9fb09cf84b2a648ea9008
freesolv,05c1bfb084995387,CCCCO,hydration_free_energy,kcal/mol,train,,-4.71999979019165,-4.671259865522396,-9.350395224854362,0.007875493809569534,scaffold,2027,rf_rdkit_morgan,random_forest,rdkit+morgan,none,77abfcdbb281d08df2e9fb09cf84b2a648ea9008
freesolv,568d2f3ccef5f29e,CCCCOC(=O)c1ccc(O)cc1,hydration_free_energy,kcal/mol,train,c1ccccc1,-8.720000267028809,-8.610060134649265,-13.28919549398123,-3.9309247753172993,scaffold,2027,rf_rdkit_morgan,random_forest,rdkit+morgan,none,77abfcdbb281d08df2e9fb09cf84b2a648ea9008
freesolv,46583bb6ead842fb,CCCCOC(C)=O,hydration_free_energy,kcal/mol,train,,-2.640000104904175,-2.6364400600194915,-7.3155754193514575,2.042695299312474,scaffold,2027,rf_rdkit_morgan,random_forest,rdkit+morgan,none,77abfcdbb281d08df2e9fb09cf84b2a648ea9008
freesolv,9db897b9a26af7f8,CCCCOCCCC,hydration_free_energy,kcal/mol,train,,-0.8299999833106995,-1.2827799897193792,-5.961915349051345,3.3963553696125865,scaffold,2027,rf_rdkit_morgan,random_forest,rdkit+morgan,none,77abfcdbb281d08df2e9fb09cf84b2a648ea9008
freesolv,f95f835b86cb25c6,CCCCOCCO,hydration_free_energy,kcal/mol,train,,-6.25,-6.002388015556338,-10.681523374888304,-1.3232526562243727,scaffold,2027,rf_rdkit_morgan,random_forest,rdkit+morgan,none,77abfcdbb281d08df2e9fb09cf84b2a648ea9008
freesolv,2caada664cae6a44,CCCCOC[C@H](C)O,hydration_free_energy,kcal/mol,train,,-5.730000019073486,-5.590446683526025,-10.26958204285799,-0.9113113241940596,scaffold,2027,rf_rdkit_morgan,random_forest,rdkit+morgan,none,77abfcdbb281d08df2e9fb09cf84b2a648ea9008
freesolv,cde238e2926e5f58,CCCCO[N+](=O)[O-],hydration_free_energy,kcal/mol,train,,-2.0899999141693115,-2.4145399427227714,-7.093675302054737,2.264595416609194,scaffold,2027,rf_rdkit_morgan,random_forest,rdkit+morgan,none,77abfcdbb281d08df2e9fb09cf84b2a648ea9008
freesolv,6287c96eb11ffacf,CCCCS,hydration_free_energy,kcal/mol,train,,-0.9900000095367432,-1.05152000782267,-5.730655367154636,3.6276153515092955,scaffold,2027,rf_rdkit_morgan,random_forest,rdkit+morgan,none,77abfcdbb281d08df2e9fb09cf84b2a648ea9008
freesolv,e63ff875f53e1b76,CCCC[C@@H](C)CC,hydration_free_energy,kcal/mol,train,,2.9700000286102295,2.7519400312454,-1.9271953280865657,7.431075390577366,scaffold,2027,rf_rdkit_morgan,random_forest,rdkit+morgan,none,77abfcdbb281d08df2e9fb09cf84b2a648ea9008
freesolv,4297266e950b3a36,CCCC[N+](=O)[O-],hydration_free_energy,kcal/mol,train,,-3.0899999141693115,-3.061759934395551,-7.740895293727517,1.6173754249364145,scaffold,2027,rf_rdkit_morgan,random_forest,rdkit+morgan,none,77abfcdbb281d08df2e9fb09cf84b2a648ea9008
freesolv,0d50519807301d63,CCCCc1ccccc1,hydration_free_energy,kcal/mol,train,c1ccccc1,-0.4000000059604645,-0.377980002418151,-5.0571153617501166,4.301155356913815,scaffold,2027,rf_rdkit_morgan,random_forest,rdkit+morgan,none,77abfcdbb281d08df2e9fb09cf84b2a648ea9008
freesolv,b28f009eb10da6e6,CCCCl,hydration_free_energy,kcal/mol,train,,-0.33000001311302185,-0.5032657196452592,-5.182401078977225,4.175869639686706,scaffold,2027,rf_rdkit_morgan,random_forest,rdkit+morgan,none,77abfcdbb281d08df2e9fb09cf84b2a648ea9008
freesolv,ea2c409d9d4aedd5,CCCI,hydration_free_energy,kcal/mol,train,,-0.5299999713897705,-0.5948449846692503,-5.273980344001216,4.084290374662715,scaffold,2027,rf_rdkit_morgan,random_forest,rdkit+morgan,none,77abfcdbb281d08df2e9fb09cf84b2a648ea9008
freesolv,4a77fe430575ea6c,CCCN,hydration_free_energy,kcal/mol,train,,-4.389999866485596,-4.352559899210925,-9.03169525854289,0.3265754601210409,scaffold,2027,rf_rdkit_morgan,random_forest,rdkit+morgan,none,77abfcdbb281d08df2e9fb09cf84b2a648ea9008
freesolv,2628eefa16acabf5,CCCN(CC1CC1)c1c([N+](=O)[O-])cc(C(F)(F)F)cc1[N+](=O)[O-],hydration_free_energy,kcal/mol,calibration,c1ccc(NCC2CC2)cc1,-2.450000047683716,-4.146719990029934,-8.825855349361898,0.5324153693020319,scaffold,2027,rf_rdkit_morgan,random_forest,rdkit+morgan,none,77abfcdbb281d08df2e9fb09cf84b2a648ea9008
freesolv,2ed1f3bed4d2e8b5,CCCN(CCC)c1c([N+](=O)[O-])cc(C(F)(F)F)cc1[N+](=O)[O-],hydration_free_energy,kcal/mol,train,c1ccccc1,-3.25,-3.742959991499783,-8.422095350831748,0.9361753678321825,scaffold,2027,rf_rdkit_morgan,random_forest,rdkit+morgan,none,77abfcdbb281d08df2e9fb09cf84b2a648ea9008
freesolv,b54ecd51b4236e1f,CCCN(CCC)c1c([N+](=O)[O-])cc(S(C)(=O)=O)cc1[N+](=O)[O-],hydration_free_energy,kcal/mol,train,c1ccccc1,-7.980000019073486,-7.0307600077390635,-11.709895367071029,-2.351624648407098,scaffold,2027,rf_rdkit_morgan,random_forest,rdkit+morgan,none,77abfcdbb281d08df2e9fb09cf84b2a648ea9008
freesolv,c5cecb085a70d066,CCCNCCC,hydration_free_energy,kcal/mol,train,,-3.6500000953674316,-3.532480076715352,-8.211615436047317,1.1466552826166136,scaffold,2027,rf_rdkit_morgan,random_forest,rdkit+morgan,none,77abfcdbb281d08df2e9fb09cf84b2a648ea9008
freesolv,14e1e55c7f98f735,CCCO,hydration_free_energy,kcal/mol,train,,-4.849999904632568,-4.81639992535115,-9.495535284683115,-0.13726456601918446,scaffold,2027,rf_rdkit_morgan,random_forest,rdkit+morgan,none,77abfcdbb281d08df2e9fb09cf84b2a648ea9008
freesolv,2a3bb72367a885ab,CCCOC,hydration_free_energy,kcal/mol,train,,-1.659999966621399,-1.941919974282379,-6.621055333614344,2.737215385049587,scaffold,2027,rf_rdkit_morgan,random_forest,rdkit+morgan,none,77abfcdbb281d08df2e9fb09cf84b2a648ea9008
freesolv,9516158b89342f01,CCCOC(=O)CC,hydration_free_energy,kcal/mol,train,,-2.440000057220459,-2.4863000388145418,-7.165435398146507,2.192835320517424,scaffold,2027,rf_rdkit_morgan,random_forest,rdkit+morgan,none,77abfcdbb281d08df2e9fb09cf84b2a648ea9008
freesolv,f035596c68056a32,CCCOC(=O)CCC,hydration_free_energy,kcal/mol,train,,-2.2799999713897705,-2.400139985561364,-7.079275344893329,2.2789953737706017,scaffold,2027,rf_rdkit_morgan,random_forest,rdkit+morgan,none,77abfcdbb281d08df2e9fb09cf84b2a648ea9008
freesolv,ea0843191f1b6e45,CCCOC(=O)c1ccc(O)cc1,hydration_free_energy,kcal/mol,train,c1ccccc1,-9.369999885559082,-8.959919950246771,-13.639055309578737,-4.280784590914806,scaffold,2027,rf_rdkit_morgan,random_forest,rdkit+morgan,none,77abfcdbb281d08df2e9fb09cf84b2a648ea9008
freesolv,18552703d063ac27,CCCOC(C)=O,hydration_free_energy,kcal/mol,train,,-2.7899999618530273,-2.7851599910259237,-7.464295350357889,1.8939753683060419,scaffold,2027,rf_rdkit_morgan,random_forest,rdkit+morgan,none,77abfcdbb281d08df2e9fb09cf84b2a648ea9008
freesolv,057b911b93e037d5,CCCOC=O,hydration_free_energy,kcal/mol,train,,-2.4800000190734863,-2.58838001060486,-7.267515369936826,2.0907553487271056,scaffold,2027,rf_rdkit_morgan,random_forest,rdkit+morgan,none,77abfcdbb281d08df2e9fb09cf84b2a648ea9008
freesolv,71c0327f59bc314e,CCCOCCC,hydration_free_energy,kcal/mol,train,,-1.159999966621399,-1.523139981314526,-6.202275340646492,3.1559953780174395,scaffold,2027,rf_rdkit_morgan,random_forest,rdkit+morgan,none,77abfcdbb281d08df2e9fb09cf84b2a648ea9008
freesolv,521c123566b724eb,CCCOCCO,hydration_free_energy,kcal/mol,train,,-6.400000095367432,-6.153708060431477,-10.832843419763442,-1.474572701099511,scaffold,2027,rf_rdkit_morgan,random_forest,rdkit+morgan,none,77abfcdbb281d08df2e9fb09cf84b2a648ea9008
freesolv,63f950a5f14d4dfc,CCCS,hydration_free_energy,kcal/mol,train,,-1.100000023841858,-1.149180015094576,-5.828315374426541,3.52995534423739,scaffold,2027,rf_rdkit_morgan,random_forest,rdkit+morgan,none,77abfcdbb281d08df2e9fb09cf84b2a648ea9008
freesolv,e54fed017ace88c1,CCCSC(=O)N(CCC)CCC,hydration_free_energy,kcal/mol,train,,-4.130000114440918,-4.260520097374915,-8.93965545670688,0.4186152619570507,scaffold,2027,rf_rdkit_morgan,random_forest,rdkit+morgan,none,77abfcdbb281d08df2e9fb09cf84b2a648ea9008
freesolv,b1b55628116aeb6c,CCCSCCC,hydration_free_energy,kcal/mol,train,,-1.2799999713897705,-1.2165249849893212,-5.8956603443212865,3.4626103743426446,scaffold,2027,rf_rdkit_morgan,random_forest,rdkit+morgan,none,77abfcdbb281d08df2e9fb09cf84b2a648ea9008
freesolv,e3c745ed4598aaaa,CCC[C@@H](C)O,hydration_free_energy,kcal/mol,train,,-4.389999866485596,-4.3972199008464745,-9.07635526017844,0.28191545848549104,scaffold,2027,rf_rdkit_morgan,random_forest,rdkit+morgan,none,77abfcdbb281d08df2e9fb09cf84b2a648ea9008
freesolv,d5ee437817540c30,CCC[C@@H](O)CC,hydration_free_energy,kcal/mol,train,,-4.059999942779541,-4.060305967521667,-8.739441326853633,0.6188293918102987,scaffold,2027,rf_rdkit_morgan,random_forest,rdkit+morgan,none,77abfcdbb281d08df2e9fb09cf84b2a648ea9008
freesolv,a63b1c7e6ba8bcb0,CCC[C@H](C)CC,hydration_free_energy,kcal/mol,train,,2.7100000381469727,2.6665400331355964,-2.012595326196369,7.345675392467562,scaffold,2027,rf_rdkit_morgan,random_forest,rdkit+morgan,none,77abfcdbb281d08df2e9fb09cf84b2a648ea9008
freesolv,cd5b9b418bb348af,CCC[N+](=O)[O-],hydration_free_energy,kcal/mol,train,,-3.3399999141693115,-3.331259942363949,-8.010395301695915,1.3478754169680167,scaffold,2027,rf_rdkit_morgan,random_forest,rdkit+morgan,none,77abfcdbb281d08df2e9fb09cf84b2a648ea9008
freesolv,c5c03d560157f2ad,CCCc1ccc(O)c(OC)c1,hydration_free_energy,kcal/mol,train,c1ccccc1,-5.260000228881836,-5.556030158132311,-10.235165517464276,-0.876894798800345,scaffold,2027,rf_rdkit_morgan,random_forest,rdkit+morgan,none,77abfcdbb281d08df2e9fb09cf84b2a648ea9008
freesolv,563deebbd969756a,CCCc1ccc(O)cc1,hydration_free_energy,kcal/mol,train,c1ccccc1,-5.210000038146973,-5.47293003150821,-10.152065390840175,-0.7937946721762446,scaffold,2027,rf_rdkit_morgan,random_forest,rdkit+morgan,none,77abfcdbb281d08df2e9fb09cf84b2a648ea9008
freesolv,5c778e54f5d0e8db,CCCc1ccccc1,hydration_free_energy,kcal/mol,train,c1ccccc1,-0.5299999713897705,-0.5249999835044306,-5.204135342836397,4.154135375827535,scaffold,2027,rf_rdkit_morgan,random_forest,rdkit+morgan,none,77abfcdbb281d08df2e9fb09cf84b2a648ea9008
freesolv,015ecefa34d9ae39,CCCl,hydration_free_energy,kcal/mol,train,,-0.6299999952316284,-0.668045710314606,-5.347181069646572,4.011089649017359,scaffold,2027,rf_rdkit_morgan,random_forest,rdkit+morgan,none,77abfcdbb281d08df2e9fb09cf84b2a648ea9008
freesolv,e6833630dd227931,CCI,hydration_free_energy,kcal/mol,train,,-0.7400000095367432,-0.7840000053159897,-5.463135364647956,3.895135354015976,scaffold,2027,rf_rdkit_morgan,random_forest,rdkit+morgan,none,77abfcdbb281d08df2e9fb09cf84b2a648ea9008
freesolv,5358de96aa5a405c,CCN,hydration_free_energy,kcal/mol,train,,-4.5,-4.560419995665556,-9.23955535499752,0.11871536366640978,scaffold,2027,rf_rdkit_morgan,random_forest,rdkit+morgan,none,77abfcdbb281d08df2e9fb09cf84b2a648ea9008
freesolv,2e65611bdb8133fc,CCN(CC)CC,hydration_free_energy,kcal/mol,train,,-3.2200000286102295,-2.7551800234913792,-7.434315382823344,1.9239553358405863,scaffold,2027,rf_rdkit_morgan,random_forest,rdkit+morgan,none,77abfcdbb281d08df2e9fb09cf84b2a648ea9008
freesolv,a4faf5093d2ab9ee,CCN(CC)c1c([N+](=O)[O-])cc(C(F)(F)F)c(N)c1[N+](=O)[O-],hydration_free_energy,kcal/mol,train,c1ccccc1,-5.659999847412109,-5.99851991204919,-10.677655271381155,-1.3193845527172243,scaffold,2027,rf_rdkit_morgan,random_forest,rdkit+morgan,none,77abfcdbb281d08df2e9fb09cf84b2a648ea9008
freesolv,f3ee692836994141,CCNCC,hydration_free_energy,kcal/mol,train,,-4.070000171661377,-3.7885067700706436,-8.46764212940261,0.8906285892613219,scaffold,2027,rf_rdkit_morgan,random_forest,rdkit+morgan,none,77abfcdbb281d08df2e9fb09cf84b2a648ea9008
freesolv,c506d303fb751324,CCNc1nc(Cl)nc(NCC)n1,hydration_free_energy,kcal/mol,validation,c1ncncn1,-10.220000267028809,-5.633265353867409,-10.312400713199374,-0.9541299945354433,scaffold,2027,rf_rdkit_morgan,random_forest,rdkit+morgan,none,77abfcdbb281d08df2e9fb09cf84b2a648ea9008
freesolv,f0b13e9a8de1870e,CCNc1nc(NC(C)(C)C)nc(SC)n1,hydration_free_energy,kcal/mol,validation,c1ncncn1,-6.679999828338623,-5.556395359417047,-10.235530718749013,-0.8772600000850819,scaffold,2027,rf_rdkit_morgan,random_forest,rdkit+morgan,none,77abfcdbb281d08df2e9fb09cf84b2a648ea9008
freesolv,48cf6f23e72121d4,CCNc1nc(NC(C)C)nc(SC)n1,hydration_free_energy,kcal/mol,validation,c1ncncn1,-7.650000095367432,-5.43258203367665,-10.111717393008615,-0.7534466743446844,scaffold,2027,rf_rdkit_morgan,random_forest,rdkit+morgan,none,77abfcdbb281d08df2e9fb09cf84b2a648ea9008
freesolv,ca789066a644a873,CCO,hydration_free_energy,kcal/mol,train,,-5.0,-4.961239988863457,-9.640375348195423,-0.2821046295314913,scaffold,2027,rf_rdkit_morgan,random_forest,rdkit+morgan,none,77abfcdbb281d08df2e9fb09cf84b2a648ea9008
freesolv,eb85ffd9d4e232dd,CCOC,hydration_free_energy,kcal/mol,train,,-2.0999999046325684,-2.1930599389076217,-6.872195298239587,2.486075420424344,scaffold,2027,rf_rdkit_morgan,random_forest,rdkit+morgan,none,77abfcdbb281d08df2e9fb09cf84b2a648ea9008
freesolv,c5d7586c4df2935f,CCOC(=O)CC,hydration_free_energy,kcal/mol,train,,-2.680000066757202,-2.774980042457578,-7.454115401789544,1.9041553168743874,scaffold,2027,rf_rdkit_morgan,random_forest,rdkit+morgan,none,77abfcdbb281d08df2e9fb09cf84b2a648ea9008
freesolv,9cc7e547b13b7996,CCOC(=O)CC(=O)OCC,hydration_free_energy,kcal/mol,train,,-6.0,-5.860920000910769,-10.540055360242736,-1.1817846415788038,scaffold,2027,rf_rdkit_morgan,random_forest,rdkit+morgan,none,77abfcdbb281d08df2e9fb09cf84b2a648ea9008
freesolv,2b4d8e742733b5fd,CCOC(=O)CCC(=O)OCC,hydration_free_energy,kcal/mol,train,,-5.710000038146973,-5.687920029520974,-10.36705538885294,-1.0087846701890086,scaffold,2027,rf_rdkit_morgan,random_forest,rdkit+morgan,none,77abfcdbb281d08df2e9fb09cf84b2a648ea9008
freesolv,9a148610b2e6e2f6,CCOC(=O)C[C@@H](SP(=S)(OC)OC)C(=O)OCC,hydration_free_energy,kcal/mol,train,,-8.149999618530273,-7.619823776865024,-12.29895913619699,-2.9406884175330585,scaffold,2027,rf_rdkit_morgan,random_forest,rdkit+morgan,none,77abfcdbb281d08df2e9fb09cf84b2a648ea9008
freesolv,06cda49eadbecf92,CCOC(=O)c1ccc(O)cc1,hydration_free_energy,kcal/mol,train,c1ccccc1,-9.199999809265137,-8.76971989011765,-13.448855249449615,-4.090584530785684,scaffold,2027,rf_rdkit_morgan,random_forest,rdkit+morgan,none,77abfcdbb281d08df2e9fb09cf84b2a648ea9008
freesolv,11e7d1ad91c8f3c6,CCOC(=O)c1ccccc1,hydration_free_energy,kcal/mol,train,c1ccccc1,-3.640000104904175,-4.247380069255825,-8.926515428587791,0.4317552900761408,scaffold,2027,rf_rdkit_morgan,random_forest,rdkit+morgan,none,77abfcdbb281d08df2e9fb09cf84b2a648ea9008
freesolv,31ca2a93eb56b1c9,CCOC(C)=O,hydration_free_energy,kcal/mol,train,,-2.940000057220459,-3.033840045452118,-7.712975404784084,1.6452953138798474,scaffold,2027,rf_rdkit_morgan,random_forest,rdkit+morgan,none,77abfcdbb281d08df2e9fb09cf84b2a648ea9008
freesolv,0f30fb54765a4a71,CCOC(C)OCC,hydration_free_energy,kcal/mol,train,,-3.2799999713897705,-3.3811999875009073,-8.060335346832872,1.2979353718310582,scaffold,2027,rf_rdkit_morgan,random_forest,rdkit+morgan,none,77abfcdbb281d08df2e9fb09cf84b2a648ea9008
freesolv,ba554b8b161e7746,CCOC(OCC)Oc1ccccc1,hydration_free_energy,kcal/mol,train,c1ccccc1,-5.230000019073486,-5.16914000916481,-9.848275368496775,-0.4900046498328443,scaffold,2027,rf_rdkit_morgan,random_forest,rdkit+morgan,none,77abfcdbb281d08df2e9fb09cf84b2a648ea9008
freesolv,50ed9f322b5791b3,CCOC=O,hydration_free_energy,kcal/mol,train,,-2.559999942779541,-2.764919969916345,-7.444055329248311,1.9142153894156206,scaffold,2027,rf_rdkit_morgan,random_forest,rdkit+morgan,none,77abfcdbb281d08df2e9fb09cf84b2a648ea9008
freesolv,55c67ac3acc4815b,CCOCC,hydration_free_energy,kcal/mol,train,,-1.590000033378601,-1.8640200154781321,-6.543155374810098,2.8151153438538334,scaffold,2027,rf_rdkit_morgan,random_forest,rdkit+morgan,none,77abfcdbb281d08df2e9fb09cf84b2a648ea9008
freesolv,a9f3bd414c2b7a32,CCOCCO,hydration_free_energy,kcal/mol,train,,-6.690000057220459,-6.49148004579542,-11.170615405127386,-1.8123446864634545,scaffold,2027,rf_rdkit_morgan,random_forest,rdkit+morgan,none,77abfcdbb281d08df2e9fb09cf84b2a648ea9008
freesolv,30f1421c9e037d21,CCOCCOC(C)=O,hydration_free_energy,kcal/mol,train,,-5.309999942779541,-5.132839969754223,-9.811975329086188,-0.45370461042225774,scaffold,2027,rf_rdkit_morgan,random_forest,rdkit+morgan,none,77abfcdbb281d08df2e9fb09cf84b2a648ea9008
freesolv,06d7492e30c5c56e,CCOCCOCC,hydration_free_energy,kcal/mol,train,,-3.5399999618530273,-3.62293998503685,-8.302075344368816,1.0561953742951156,scaffold,2027,rf_rdkit_morgan,random_forest,rdkit+morgan,none,77abfcdbb281d08df2e9fb09cf84b2a648ea9008
freesolv,4024725848eb763d,CCOP(=O)(OCC)O/C(=C/Cl)c1ccc(Cl)cc1Cl,hydration_free_energy,kcal/mol,train,c1ccccc1,-7.070000171661377,-6.828860086441054,-11.50799544577302,-2.1497247271090885,scaffold,2027,rf_rdkit_morgan,random_forest,rdkit+morgan,none,77abfcdbb281d08df2e9fb09cf84b2a648ea9008
freesolv,b7d694fcb2ed16b9,CCOP(=O)(OCC)OCC,hydration_free_energy,kcal/mol,train,,-7.5,-6.700839985966664,-11.379975345298629,-2.0217046266346985,scaffold,2027,rf_rdkit_morgan,random_forest,rdkit+morgan,none,77abfcdbb281d08df2e9fb09cf84b2a648ea9008
freesolv,181e12660bc9d5d1,CCOP(=S)(OCC)Oc1cc(C)nc(C(C)C)n1,hydration_free_energy,kcal/mol,test,c1cncnc1,-6.480000019073486,-5.879559987664223,-10.558695346996188,-1.2004246283322573,scaffold,2027,rf_rdkit_morgan,random_forest,rdkit+morgan,none,77abfcdbb281d08df2e9fb09cf84b2a648ea9008
freesolv,53478077bdfb11ad,CCOP(=S)(OCC)Oc1ccc([N+](=O)[O-])cc1,hydration_free_energy,kcal/mol,train,c1ccccc1,-6.739999771118164,-6.744579860448818,-11.423715219780783,-2.0654445011168523,scaffold,2027,rf_rdkit_morgan,random_forest,rdkit+morgan,none,77abfcdbb281d08df2e9fb09cf84b2a648ea9008
freesolv,4a53f2c0125f5222,CCOP(=S)(OCC)Oc1nc(Cl)c(Cl)cc1Cl,hydration_free_energy,kcal/mol,validation,c1ccncc1,-5.039999961853027,-6.099119986891746,-10.778255346223713,-1.4199846275597805,scaffold,2027,rf_rdkit_morgan,random_forest,rdkit+morgan,none,77abfcdbb281d08df2e9fb09cf84b2a648ea9008
freesolv,e8ca88ad8ca9eec5,CCOP(=S)(OCC)SCSCC,hydration_free_energy,kcal/mol,train,,-4.369999885559082,-4.855979916930204,-9.53511527626217,-0.1768445575982387,scaffold,2027,rf_rdkit_morgan,random_forest,rdkit+morgan,none,77abfcdbb281d08df2e9fb09cf84b2a648ea9008
freesolv,e55a87e3bb6fb68e,CCOP(=S)(OCC)SCSP(=S)(OCC)OCC,hydration_free_energy,kcal/mol,train,,-6.099999904632568,-6.185339937329276,-10.864475296661242,-1.5062045779973108,scaffold,2027,rf_rdkit_morgan,random_forest,rdkit+morgan,none,77abfcdbb281d08df2e9fb09cf84b2a648ea9008
freesolv,f0e2c44dc296a6e5,CCOP(=S)(OCC)SCSc1ccc(Cl)cc1,hydration_free_energy,kcal/mol,train,c1ccccc1,-6.5,-6.138699985712779,-10.817835345044745,-1.4595646263808133,scaffold,2027,rf_rdkit_morgan,random_forest,rdkit+morgan,none,77abfcdbb281d08df2e9fb09cf84b2a648ea9008
freesolv,458f5f3358ffa842,CCOP(=S)(OCC)S[C@@H](CCl)N1C(=O)c2ccccc2C1=O,hydration_free_energy,kcal/mol,validation,O=C1NC(=O)c2ccccc21,-5.739999771118164,-6.875919980615386,-11.555055339947351,-2.1967846212834203,scaffold,2027,rf_rdkit_morgan,random_forest,rdkit+morgan,none,77abfcdbb281d08df2e9fb09cf84b2a648ea9008
freesolv,d03f12d520c785a7,CCOc1ccccc1,hydration_free_energy,kcal/mol,train,c1ccccc1,-2.2200000286102295,-2.722840020149949,-7.4019753794819145,1.9562953391820166,scaffold,2027,rf_rdkit_morgan,random_forest,rdkit+morgan,none,77abfcdbb281d08df2e9fb09cf84b2a648ea9008
freesolv,e59096cd88e01589,CCS,hydration_free_energy,kcal/mol,train,,-1.1399999856948853,-1.2068099935129344,-5.8859453528448995,3.472325365819031,scaffold,2027,rf_rdkit_morgan,random_forest,rdkit+morgan,none,77abfcdbb281d08df2e9fb09cf84b2a648ea9008
freesolv,c868bf4a1b1b5939,CCSC,hydration_free_energy,kcal/mol,train,,-1.5,-1.4934600039720456,-6.172595363304011,3.18567535535992,scaffold,2027,rf_rdkit_morgan,random_forest,rdkit+morgan,none,77abfcdbb281d08df2e9fb09cf84b2a648ea9008
freesolv,9f27d20fc9bfb022,CCSCC,hydration_free_energy,kcal/mol,train,,-1.4600000381469727,-1.3600400245860178,-6.039175383917984,3.3190953347459478,scaffold,2027,rf_rdkit_morgan,random_forest,rdkit+morgan,none,77abfcdbb281d08df2e9fb09cf84b2a648ea9008
freesolv,4fc9e69deb3fc3dc,CCSSCC,hydration_free_energy,kcal/mol,train,,-1.6399999856948853,-1.5506599922366509,-6.229795351568616,3.128475367095315,scaffold,2027,rf_rdkit_morgan,random_forest,rdkit+morgan,none,77abfcdbb281d08df2e9fb09cf84b2a648ea9008
freesolv,bfa0e17b5e26ea0d,CC[C@@H](C)C(C)C,hydration_free_energy,kcal/mol,train,,2.5199999809265137,2.5039599832482513,-2.1751753760837143,7.183095342580216,scaffold,2027,rf_rdkit_morgan,random_forest,rdkit+morgan,none,77abfcdbb281d08df2e9fb09cf84b2a648ea9008
freesolv,d551cb41de0123da,CC[C@@H](C)CO,hydration_free_energy,kcal/mol,train,,-4.420000076293945,-4.436060054302215,-9.11519541363418,0.24307530502975094,scaffold,2027,rf_rdkit_morgan,random_forest,rdkit+morgan,none,77abfcdbb281d08df2e9fb09cf84b2a648ea9008
freesolv,43bfd896ecc8fa0d,CC[C@@H](C)c1cc([N+](=O)[O-])cc([N+](=O)[O-])c1O,hydration_free_energy,kcal/mol,train,c1ccccc1,-6.230000019073486,-6.328905004739761,-11.008040364071727,-1.6497696454077957,scaffold,2027,rf_rdkit_morgan,random_forest,rdkit+morgan,none,77abfcdbb281d08df2e9fb09cf84b2a648ea9008
freesolv,72e6cc3958fe9748,CC[C@@H](O)C(C)C,hydration_free_energy,kcal/mol,train,,-3.880000114440918,-4.067670070886614,-8.74680543021858,0.611465288445352,scaffold,2027,rf_rdkit_morgan,random_forest,rdkit+morgan,none,77abfcdbb281d08df2e9fb09cf84b2a648ea9008
freesolv,30fe9e05f0944b46,CC[C@H](C)Cl,hydration_free_energy,kcal/mol,train,,0.0,-0.18083999808876294,-4.859975357420728,4.498295361243203,scaffold,2027,rf_rdkit_morgan,random_forest,rdkit+morgan,none,77abfcdbb281d08df2e9fb09cf84b2a648ea9008
freesolv,4bac7107d8eee406,CC[C@H](C)O,hydration_free_energy,kcal/mol,train,,-4.619999885559082,-4.565999901056299,-9.245135260388263,0.11313545827566696,scaffold,2027,rf_rdkit_morgan,random_forest,rdkit+morgan,none,77abfcdbb281d08df2e9fb09cf84b2a648ea9008
freesolv,5ebfcf19058e296f,CC[C@H](C)O[N+](=O)[O-],hydration_free_energy,kcal/mol,train,,-1.8200000524520874,-2.3445600221417884,-7.023695381473754,2.334575337190177,scaffold,2027,rf_rdkit_morgan,random_forest,rdkit+morgan,none,77abfcdbb281d08df2e9fb09cf84b2a648ea9008
freesolv,df64aadb6927ab47,CC[C@H](C)c1ccccc1,hydration_free_energy,kcal/mol,train,c1ccccc1,-0.44999998807907104,-0.3856999939344701,-5.064835353266435,4.293435365397496,scaffold,2027,rf_rdkit_morgan,random_forest,rdkit+morgan,none,77abfcdbb281d08df2e9fb09cf84b2a648ea9008
freesolv,2be6ddc7a67dd59d,CC[C@H](C)n1c(=O)[nH]c(C)c(Br)c1=O,hydration_free_energy,kcal/mol,validation,O=c1cc[nH]c(=O)[nH]1,-9.729999542236328,-5.678781687550245,-10.35791704688221,-0.9996463282182795,scaffold,2027,rf_rdkit_morgan,random_forest,rdkit+morgan,none,77abfcdbb281d08df2e9fb09cf84b2a648ea9008
freesolv,7e80f2c2416f6238,CC[N+](=O)[O-],hydration_free_energy,kcal/mol,train,,-3.7100000381469727,-3.8012600147426117,-8.480395374074577,0.8778753445893539,scaffold,2027,rf_rdkit_morgan,random_forest,rdkit+morgan,none,77abfcdbb281d08df2e9fb09cf84b2a648ea9008
freesolv,8c11f08cc436c38e,CCc1ccc(C)cc1,hydration_free_energy,kcal/mol,train,c1ccccc1,-0.949999988079071,-0.9173199946135133,-5.596455353945479,3.7618153647184522,scaffold,2027,rf_rdkit_morgan,random_forest,rdkit+morgan,none,77abfcdbb281d08df2e9fb09cf84b2a648ea9008
freesolv,66b7acb5e2d6c3d2,CCc1ccc(O)cc1,hydration_free_energy,kcal/mol,train,c1ccccc1,-6.130000114440918,-6.087320068955412,-10.766455428287378,-1.4081847096234466,scaffold,2027,rf_rdkit_morgan,random_forest,rdkit+morgan,none,77abfcdbb281d08df2e9fb09cf84b2a648ea9008
freesolv,7e17a2e61f09e50a,CCc1cccc(CC)c1N(COC)C(=O)CCl,hydration_free_energy,kcal/mol,train,c1ccccc1,-8.210000038146973,-7.4811800429374316,-12.160315402269397,-2.802044683605466,scaffold,2027,rf_rdkit_morgan,random_forest,rdkit+morgan,none,77abfcdbb281d08df2e9fb09cf84b2a648ea9008
freesolv,d83d21ac42fea8f4,CCc1cccc(O)c1,hydration_free_energy,kcal/mol,train,c1ccccc1,-6.25,-6.234800011277202,-10.913935370609167,-1.5556646519452366,scaffold,2027,rf_rdkit_morgan,random_forest,rdkit+morgan,none,77abfcdbb281d08df2e9fb09cf84b2a648ea9008
freesolv,2b77950e97163b16,CCc1cccc2ccccc12,hydration_free_energy,kcal/mol,test,c1ccc2ccccc2c1,-2.4000000953674316,-1.2438000041767936,-5.922935363508759,3.435335355155172,scaffold,2027,rf_rdkit_morgan,random_forest,rdkit+morgan,none,77abfcdbb281d08df2e9fb09cf84b2a648ea9008
freesolv,d9d3904fcfb40c49,CCc1ccccc1,hydration_free_energy,kcal/mol,train,c1ccccc1,-0.7900000214576721,-0.7907000122666443,-5.469835371598609,3.8884353470653212,scaffold,2027,rf_rdkit_morgan,random_forest,rdkit+morgan,none,77abfcdbb281d08df2e9fb09cf84b2a648ea9008
freesolv,d3d42d2d2434b6a4,CCc1ccccc1C,hydration_free_energy,kcal/mol,train,c1ccccc1,-0.8500000238418579,-0.8657400141954277,-5.544875373527393,3.813395345136538,scaffold,2027,rf_rdkit_morgan,random_forest,rdkit+morgan,none,77abfcdbb281d08df2e9fb09cf84b2a648ea9008
freesolv,5dce688cbe158876,CCc1ccccc1O,hydration_free_energy,kcal/mol,train,c1ccccc1,-5.659999847412109,-5.703079901635659,-10.382215260967625,-1.0239445423036937,scaffold,2027,rf_rdkit_morgan,random_forest,rdkit+morgan,none,77abfcdbb281d08df2e9fb09cf84b2a648ea9008
freesolv,ef41bd7574f5dbfd,CCc1ccccn1,hydration_free_energy,kcal/mol,validation,c1ccncc1,-4.329999923706055,-3.1097850024290383,-7.788920361761004,1.5693503569029272,scaffold,2027,rf_rdkit_morgan,random_forest,rdkit+morgan,none,77abfcdbb281d08df2e9fb09cf84b2a648ea9008
freesolv,5574eabc651548ff,CCc1cccnc1,hydration_free_energy,kcal/mol,validation,c1ccncc1,-4.590000152587891,-3.032945008251816,-7.7120803675837815,1.6461903510801497,scaffold,2027,rf_rdkit_morgan,random_forest,rdkit+morgan,none,77abfcdbb281d08df2e9fb09cf84b2a648ea9008
freesolv,74500def09ca4c11,CCc1ccncc1,hydration_free_energy,kcal/mol,validation,c1ccncc1,-4.730000019073486,-3.0605850093252958,-7.739720368657261,1.6185503500066698,scaffold,2027,rf_rdkit_morgan,random_forest,rdkit+morgan,none,77abfcdbb281d08df2e9fb09cf84b2a648ea9008
freesolv,b06c750d00374d3a,CCc1cnccn1,hydration_free_energy,kcal/mol,validation,c1cnccn1,-5.449999809265137,-3.313799999538809,-7.992935358870774,1.3653353597931566,scaffold,2027,rf_rdkit_morgan,random_forest,rdkit+morgan,none,77abfcdbb281d08df2e9fb09cf84b2a648ea9008
freesolv,8ec2d1ea7f63089d,CCl,hydration_free_energy,kcal/mol,train,,-0.550000011920929,-0.6259457216081947,-5.305081080940161,4.05318963772377,scaffold,2027,rf_rdkit_morgan,random_forest,rdkit+morgan,none,77abfcdbb281d08df2e9fb09cf84b2a648ea9008
freesolv,c17d9f4bb13fd7ab,CF,hydration_free_energy,kcal/mol,train,,-0.2199999988079071,-0.959559996824725,-5.63869535615669,3.7195753625072405,scaffold,2027,rf_rdkit_morgan,random_forest,rdkit+morgan,none,77abfcdbb281d08df2e9fb09cf84b2a648ea9008
freesolv,1d3ef8ffa7fbb106,CI,hydration_free_energy,kcal/mol,train,,-0.8899999856948853,-0.9330799905061737,-5.61221534983814,3.746055368825792,scaffold,2027,rf_rdkit_morgan,random_forest,rdkit+morgan,none,77abfcdbb281d08df2e9fb09cf84b2a648ea9008
freesolv,6b48636a029cf296,CN,hydration_free_energy,kcal/mol,train,,-4.550000190734863,-4.445100116342303,-9.124235475674269,0.2340352429896626,scaffold,2027,rf_rdkit_morgan,random_forest,rdkit+morgan,none,77abfcdbb281d08df2e9fb09cf84b2a648ea9008
freesolv,ae740ecf42fc66b3,CN(C)C,hydration_free_energy,kcal/mol,train,,-3.200000047683716,-3.11552002671361,-7.794655386045576,1.5636153326183555,scaffold,2027,rf_rdkit_morgan,random_forest,rdkit+morgan,none,77abfcdbb281d08df2e9fb09cf84b2a648ea9008
freesolv,3730b07de9065cc6,CN(C)C(=O)Nc1ccccc1,hydration_free_energy,kcal/mol,train,c1ccccc1,-9.130000114440918,-8.663980084300018,-13.343115443631984,-3.9848447249680525,scaffold,2027,rf_rdkit_morgan,random_forest,rdkit+morgan,none,77abfcdbb281d08df2e9fb09cf84b2a648ea9008
freesolv,427a8b23dbe39998,CN(C)C(=O)c1ccc([N+](=O)[O-])cc1,hydration_free_energy,kcal/mol,train,c1ccccc1,-11.949999809265137,-10.494559906959509,-15.173695266291475,-5.8154245476275435,scaffold,2027,rf_rdkit_morgan,random_forest,rdkit+morgan,none,77abfcdbb281d08df2e9fb09cf84b2a648ea9008
freesolv,ab53bae8e7e2439a,CN(C)C(=O)c1ccccc1,hydration_free_energy,kcal/mol,train,c1ccccc1,-9.289999961853027,-8.679340004444128,-13.358475363776094,-4.000204645112163,scaffold,2027,rf_rdkit_morgan,random_forest,rdkit+morgan,none,77abfcdbb281d08df2e9fb09cf84b2a648ea9008
freesolv,df162aa01d1e1807,CN(C)C=O,hydration_free_energy,kcal/mol,train,,-7.809999942779541,-6.875079954624159,-11.554215313956124,-2.195944595292193,scaffold,2027,rf_rdkit_morgan,random_forest,rdkit+morgan,none,77abfcdbb281d08df2e9fb09cf84b2a648ea9008
freesolv,8ae90c7343e88285,CN(C)CCC=C1c2ccccc2CCc2ccccc21,hydration_free_energy,kcal/mol,test,C=C1c2ccccc2CCc2ccccc21,-7.429999828338623,-3.4852400193512443,-8.16437537868321,1.1938953399807213,scaffold,2027,rf_rdkit_morgan,random_forest,rdkit+morgan,none,77abfcdbb281d08df2e9fb09cf84b2a648ea9008
freesolv,6ba867aa7081b5d5,CN(C)CCOC(c1ccccc1)c1ccccc1,hydration_free_energy,kcal/mol,calibration,c1ccc(Cc2ccccc2)cc1,-9.34000015258789,-5.2058200250715005,-9.884955384403465,-0.526684665739535,scaffold,2027,rf_rdkit_morgan,random_forest,rdkit+morgan,none,77abfcdbb281d08df2e9fb09cf84b2a648ea9008
freesolv,f138fff4fe28c100,CN(C)c1ccccc1,hydration_free_energy,kcal/mol,train,c1ccccc1,-3.450000047683716,-3.485180034838618,-8.164315394170583,1.1939553244933476,scaffold,2027,rf_rdkit_morgan,random_forest,rdkit+morgan,none,77abfcdbb281d08df2e9fb09cf84b2a648ea9008
freesolv,22b8524d6432124c,CN(CC(F)(F)F)c1ccccc1,hydration_free_energy,kcal/mol,train,c1ccccc1,-1.9199999570846558,-2.923407597782356,-7.602542957114322,1.7557277615496094,scaffold,2027,rf_rdkit_morgan,random_forest,rdkit+morgan,none,77abfcdbb281d08df2e9fb09cf84b2a648ea9008
freesolv,aef820157b9e02ff,CN1CCCCC1,hydration_free_energy,kcal/mol,test,C1CCNCC1,-3.880000114440918,-2.8941466918922956,-7.573282051224261,1.78498866743967,scaffold,2027,rf_rdkit_morgan,random_forest,rdkit+morgan,none,77abfcdbb281d08df2e9fb09cf84b2a648ea9008
freesolv,caa26b776de24e5a,CN1CCN(C)CC1,hydration_free_energy,kcal/mol,calibration,C1CNCCN1,-7.579999923706055,-3.3203667013421647,-7.99950206067413,1.3587686579898008,scaffold,2027,rf_rdkit_morgan,random_forest,rdkit+morgan,none,77abfcdbb281d08df2e9fb09cf84b2a648ea9008
freesolv,3cff3d64db2ccf3c,CN1CCNCC1,hydration_free_energy,kcal/mol,calibration,C1CNCCN1,-7.769999980926514,-4.655381708916275,-9.33451706824824,0.02375365041569033,scaffold,2027,rf_rdkit_morgan,random_forest,rdkit+morgan,none,77abfcdbb281d08df2e9fb09cf84b2a648ea9008
freesolv,d6cea68731e98da0,CN1CCOCC1,hydration_free_energy,kcal/mol,calibration,C1COCCN1,-6.320000171661377,-3.9852066961973893,-8.664342055529355,0.6939286631345762,scaffold,2027,rf_rdkit_morgan,random_forest,rdkit+morgan,none,77abfcdbb281d08df2e9fb09cf84b2a648ea9008
freesolv,9afd0df86add5901,CNC,hydration_free_energy,kcal/mol,train,,-4.289999961853027,-4.2001799894571334,-8.879315348789099,0.4789553698748321,scaffold,2027,rf_rdkit_morgan,random_forest,rdkit+morgan,none,77abfcdbb281d08df2e9fb09cf84b2a648ea9008
freesolv,5cb6cf4121e34498,CNC(=O)O/N=C\C(C)(C)SC,hydration_free_energy,kcal/mol,train,,-9.84000015258789,-8.568880103036722,-13.248015462368688,-3.8897447437047568,scaffold,2027,rf_rdkit_morgan,random_forest,rdkit+morgan,none,77abfcdbb281d08df2e9fb09cf84b2a648ea9008
freesolv,90a200a5ff27cc37,CNC(=O)Oc1cccc2c1OC(C)(C)C2,hydration_free_energy,kcal/mol,calibration,c1ccc2c(c1)CCO2,-9.609999656677246,-7.419433354735375,-12.09856871406734,-2.7402979954034095,scaffold,2027,rf_rdkit_morgan,random_forest,rdkit+morgan,none,77abfcdbb281d08df2e9fb09cf84b2a648ea9008
freesolv,0a5851c2ca44922c,CNC(=O)Oc1cccc2ccccc12,hydration_free_energy,kcal/mol,test,c1ccc2ccccc2c1,-9.449999809265137,-7.411380000919106,-12.090515360251072,-2.7322446415871404,scaffold,2027,rf_rdkit_morgan,random_forest,rdkit+morgan,none,77abfcdbb281d08df2e9fb09cf84b2a648ea9008
freesolv,d876777714879c8e,CNC(C)=O,hydration_free_energy,kcal/mol,train,,-10.0,-8.815299986124014,-13.49443534545598,-4.136164626792048,scaffold,2027,rf_rdkit_morgan,random_forest,rdkit+morgan,none,77abfcdbb281d08df2e9fb09cf84b2a648ea9008
freesolv,6bfbe627b61bb1f8,CNc1ccccc1,hydration_free_energy,kcal/mol,train,c1ccccc1,-4.690000057220459,-4.658500042736526,-9.337635402068493,0.020635316595439157,scaffold,2027,rf_rdkit_morgan,random_forest,rdkit+morgan,none,77abfcdbb281d08df2e9fb09cf84b2a648ea9008
freesolv,32c1365b28b1a0c9,CO,hydration_free_energy,kcal/mol,train,,-5.099999904632568,-4.900419943630703,-9.579555302962667,-0.2212845842987372,scaffold,2027,rf_rdkit_morgan,random_forest,rdkit+morgan,none,77abfcdbb281d08df2e9fb09cf84b2a648ea9008
freesolv,c4ae432b7146eac6,COC,hydration_free_energy,kcal/mol,train,,-1.909999966621399,-2.2502899727225345,-6.9294253320545,2.428845386609431,scaffold,2027,rf_rdkit_morgan,random_forest,rdkit+morgan,none,77abfcdbb281d08df2e9fb09cf84b2a648ea9008
freesolv,dba50d69eba4553d,COC(=O)C(C)(C)C,hydration_free_energy,kcal/mol,train,,-2.4000000953674316,-2.620000057935716,-7.2991354172676814,2.0591353013962497,scaffold,2027,rf_rdkit_morgan,random_forest,rdkit+morgan,none,77abfcdbb281d08df2e9fb09cf84b2a648ea9008
freesolv,78896c16a1730e57,COC(=O)C(F)(F)F,hydration_free_energy,kcal/mol,train,,-1.100000023841858,-1.8364260072976308,-6.515561366629596,2.8427093520343347,scaffold,2027,rf_rdkit_morgan,random_forest,rdkit+morgan,none,77abfcdbb281d08df2e9fb09cf84b2a648ea9008
freesolv,d0ab69455128b9fd,COC(=O)C1CC1,hydration_free_energy,kcal/mol,calibration,C1CC1,-4.099999904632568,-3.4748200060799728,-8.153955365411939,1.2043153532519928,scaffold,2027,rf_rdkit_morgan,random_forest,rdkit+morgan,none,77abfcdbb281d08df2e9fb09cf84b2a648ea9008
freesolv,86863ff15d16d981,COC(=O)C1CCCCC1,hydration_free_energy,kcal/mol,calibration,C1CCCCC1,-3.299999952316284,-3.9326400203704783,-8.611775379702443,0.7464953389614872,scaffold,2027,rf_rdkit_morgan,random_forest,rdkit+morgan,none,77abfcdbb281d08df2e9fb09cf84b2a648ea9008
freesolv,80ffd5e0b0a9be02,COC(=O)CC#N,hydration_free_energy,kcal/mol,train,,-6.71999979019165,-5.96689987599851,-10.646035235330476,-1.2877645166665443,scaffold,2027,rf_rdkit_morgan,random_forest,rdkit+morgan,none,77abfcdbb281d08df2e9fb09cf84b2a648ea9008
freesolv,b6cd478b6894d483,COC(=O)CCl,hydration_free_energy,kcal/mol,train,,-4.0,-4.099859992012375,-8.77899535134434,0.5792753673195907,scaffold,2027,rf_rdkit_morgan,random_forest,rdkit+morgan,none,77abfcdbb281d08df2e9fb09cf84b2a648ea9008
freesolv,1ee4d9131fedf122,COC(=O)c1ccc(O)cc1,hydration_free_energy,kcal/mol,train,c1ccccc1,-9.510000228881836,-8.74002012825015,-13.419155487582115,-4.060884768918184,scaffold,2027,rf_rdkit_morgan,random_forest,rdkit+morgan,none,77abfcdbb281d08df2e9fb09cf84b2a648ea9008
freesolv,f7f1cf0080e3fe6c,COC(=O)c1ccc(OC)cc1,hydration_free_energy,kcal/mol,train,c1ccccc1,-5.329999923706055,-5.845759966671465,-10.524895326003431,-1.1666246073394992,scaffold,2027,rf_rdkit_morgan,random_forest,rdkit+morgan,none,77abfcdbb281d08df2e9fb09cf84b2a648ea9008
freesolv,03666b9268eeead7,COC(=O)c1ccc([N+](=O)[O-])cc1,hydration_free_energy,kcal/mol,train,c1ccccc1,-6.880000114440918,-6.934900065496564,-11.61403542482853,-2.255764706164598,scaffold,2027,rf_rdkit_morgan,random_forest,rdkit+morgan,none,77abfcdbb281d08df2e9fb09cf84b2a648ea9008
freesolv,6606bca5fe63957e,COC(=O)c1ccccc1,hydration_free_energy,kcal/mol,train,c1ccccc1,-3.9200000762939453,-4.210300054430958,-8.889435413762923,0.4688353049010079,scaffold,2027,rf_rdkit_morgan,random_forest,rdkit+morgan,none,77abfcdbb281d08df2e9fb09cf84b2a648ea9008
freesolv,3df2b5140200cf21,COC(C)(C)C,hydration_free_energy,kcal/mol,train,,-2.2100000381469727,-2.2020600226372458,-6.881195381969212,2.47707533669472,scaffold,2027,rf_rdkit_morgan,random_forest,rdkit+morgan,none,77abfcdbb281d08df2e9fb09cf84b2a648ea9008
freesolv,0b5928b255a9be06,COC(C)(OC)OC,hydration_free_energy,kcal/mol,train,,-4.420000076293945,-4.3090400597751115,-8.988175419107076,0.37009529955685405,scaffold,2027,rf_rdkit_morgan,random_forest,rdkit+morgan,none,77abfcdbb281d08df2e9fb09cf84b2a648ea9008
freesolv,343056c6313cf7f2,COC(C)=O,hydration_free_energy,kcal/mol,train,,-3.130000114440918,-3.4476200761795033,-8.12675543551147,1.2315152831524623,scaffold,2027,rf_rdkit_morgan,random_forest,rdkit+morgan,none,77abfcdbb281d08df2e9fb09cf84b2a648ea9008
freesolv,366c595dc8dd0749,COC(C)C,hydration_free_energy,kcal/mol,train,,-2.009999990463257,-2.0911199918091246,-6.77025535114109,2.588015367522841,scaffold,2027,rf_rdkit_morgan,random_forest,rdkit+morgan,none,77abfcdbb281d08df2e9fb09cf84b2a648ea9008
freesolv,cecd292832da1853,COC(CC#N)(OC)OC,hydration_free_energy,kcal/mol,train,,-6.400000095367432,-6.052720068216324,-10.73185542754829,-1.3735847088843585,scaffold,2027,rf_rdkit_morgan,random_forest,rdkit+morgan,none,77abfcdbb281d08df2e9fb09cf84b2a648ea9008
freesolv,8465a94b854e5f5e,COC(CCl)(OC)OC,hydration_free_energy,kcal/mol,train,,-4.590000152587891,-4.562200104974207,-9.241335464306172,0.11693525435775864,scaffold,2027,rf_rdkit_morgan,random_forest,rdkit+morgan,none,77abfcdbb281d08df2e9fb09cf84b2a648ea9008
freesolv,792c6eb18e8ee8a5,COC(F)(F)C(Cl)Cl,hydration_free_energy,kcal/mol,train,,-1.1200000047683716,-1.5112199996002107,-6.190355358932177,3.167915359731755,scaffold,2027,rf_rdkit_morgan,random_forest,rdkit+morgan,none,77abfcdbb281d08df2e9fb09cf84b2a648ea9008
freesolv,c89b39a05b1f8fe2,COC(OC)(OC)C(F)(F)F,hydration_free_energy,kcal/mol,train,,-0.800000011920929,-2.2130233496874556,-6.892158709019421,2.46611200964451,scaffold,2027,rf_rdkit_morgan,random_forest,rdkit+morgan,none,77abfcdbb281d08df2e9fb09cf84b2a648ea9008
freesolv,4f9776f71274bb0a,COC(OC)(OC)c1ccccc1,hydration_free_energy,kcal/mol,train,c1ccccc1,-4.039999961853027,-4.3726799772977785,-9.051815336629744,0.3064553820341871,scaffold,2027,rf_rdkit_morgan,random_forest,rdkit+morgan,none,77abfcdbb281d08df2e9fb09cf84b2a648ea9008
freesolv,43e9689fb007ea3d,COC(OC)OC,hydration_free_energy,kcal/mol,train,,-4.420000076293945,-4.2648800594806655,-8.944015418812631,0.41425529985130005,scaffold,2027,rf_rdkit_morgan,random_forest,rdkit+morgan,none,77abfcdbb281d08df2e9fb09cf84b2a648ea9008
freesolv,79cb04263c54cc58,COC=O,hydration_free_energy,kcal/mol,train,,-2.7799999713897705,-3.06653998310864,-7.745675342440606,1.6125953762233256,scaffold,2027,rf_rdkit_morgan,random_forest,rdkit+morgan,none,77abfcdbb281d08df2e9fb09cf84b2a648ea9008
freesolv,cbf68aa07930e926,COCC(OC)(OC)OC,hydration_free_energy,kcal/mol,train,,-5.730000019073486,-5.491373365983356,-10.170508725315322,-0.8122380066513903,scaffold,2027,rf_rdkit_morgan,random_forest,rdkit+morgan,none,77abfcdbb281d08df2e9fb09cf84b2a648ea9008
freesolv,f3a3789f1e894352,COCCN,hydration_free_energy,kcal/mol,train,,-6.550000190734863,-6.089680117487896,-10.768815476819862,-1.4105447581559307,scaffold,2027,rf_rdkit_morgan,random_forest,rdkit+morgan,none,77abfcdbb281d08df2e9fb09cf84b2a648ea9008
freesolv,36f9489fd7c43523,COCCO,hydration_free_energy,kcal/mol,train,,-6.619999885559082,-6.498179957866665,-11.17731531719863,-1.819044598534699,scaffold,2027,rf_rdkit_morgan,random_forest,rdkit+morgan,none,77abfcdbb281d08df2e9fb09cf84b2a648ea9008
freesolv,6176386a08c65b6a,COCCOC,hydration_free_energy,kcal/mol,train,,-4.840000152587891,-4.437980103850371,-9.117115463182337,0.241155255481595,scaffold,2027,rf_rdkit_morgan,random_forest,rdkit+morgan,none,77abfcdbb281d08df2e9fb09cf84b2a648ea9008
freesolv,dde41266c6fb0f78,COCOC,hydration_free_energy,kcal/mol,train,,-2.930000066757202,-3.45014005815983,-8.129275417491796,1.2289953011721355,scaffold,2027,rf_rdkit_morgan,random_forest,rdkit+morgan,none,77abfcdbb281d08df2e9fb09cf84b2a648ea9008
freesolv,b4138e6574e5938a,COP(=O)(OC)OC,hydration_free_energy,kcal/mol,train,,-8.699999809265137,-7.128459872648111,-11.807595231980077,-2.449324513316146,scaffold,2027,rf_rdkit_morgan,random_forest,rdkit+morgan,none,77abfcdbb281d08df2e9fb09cf84b2a648ea9008
freesolv,cfd15d18e41c6b74,COP(=O)(OC)[C@@H](O)C(Cl)(Cl)Cl,hydration_free_energy,kcal/mol,train,,-12.739999771118164,-10.13394985604286,-14.813085215374825,-5.454814496710894,scaffold,2027,rf_rdkit_morgan,random_forest,rdkit+morgan,none,77abfcdbb281d08df2e9fb09cf84b2a648ea9008
freesolv,f7eaea59fbdc4fd0,COP(=S)(OC)Oc1ccc([N+](=O)[O-])cc1,hydration_free_energy,kcal/mol,train,c1ccccc1,-7.190000057220459,-7.1781000034510924,-11.857235362783058,-2.498964644119127,scaffold,2027,rf_rdkit_morgan,random_forest,rdkit+morgan,none,77abfcdbb281d08df2e9fb09cf84b2a648ea9008
freesolv,2ef9be15cbbcce71,COP(=S)(OC)SCn1nnc2ccccc2c1=O,hydration_free_energy,kcal/mol,validation,O=c1[nH]nnc2ccccc12,-10.029999732971191,-7.042100001215932,-11.721235360547897,-2.3629646418839663,scaffold,2027,rf_rdkit_morgan,random_forest,rdkit+morgan,none,77abfcdbb281d08df2e9fb09cf84b2a648ea9008
freesolv,f5ba54488f372966,COS(=O)(=O)OC,hydration_free_energy,kcal/mol,train,,-5.099999904632568,-5.076933252654979,-9.756068611986944,-0.3977978933230135,scaffold,2027,rf_rdkit_morgan,random_forest,rdkit+morgan,none,77abfcdbb281d08df2e9fb09cf84b2a648ea9008
freesolv,5b75e056d7667332,COS(C)(=O)=O,hydration_free_energy,kcal/mol,train,,-4.869999885559082,-5.141039911903439,-9.820175271235405,-0.46190455257147356,scaffold,2027,rf_rdkit_morgan,random_forest,rdkit+morgan,none,77abfcdbb281d08df2e9fb09cf84b2a648ea9008
freesolv,58aa2cd0ec0f3549,COc1c(Cl)cc(Cl)c(OC)c1O,hydration_free_energy,kcal/mol,train,c1ccccc1,-6.440000057220459,-6.749900055646868,-11.429035414978834,-2.0707646963149022,scaffold,2027,rf_rdkit_morgan,random_forest,rdkit+morgan,none,77abfcdbb281d08df2e9fb09cf84b2a648ea9008
freesolv,f4958df0775de6da,COc1c(Cl)ccc(Cl)c1C(=O)O,hydration_free_energy,kcal/mol,train,c1ccccc1,-9.859999656677246,-8.933059790372887,-13.612195149704853,-4.253924431040922,scaffold,2027,rf_rdkit_morgan,random_forest,rdkit+morgan,none,77abfcdbb281d08df2e9fb09cf84b2a648ea9008
freesolv,1602b6352b27cd5c,COc1c(O)c(OC)c(Cl)c(C=O)c1Cl,hydration_free_energy,kcal/mol,train,c1ccccc1,-8.680000305175781,-8.208860205769566,-12.887995565101532,-3.5297248464376008,scaffold,2027,rf_rdkit_morgan,random_forest,rdkit+morgan,none,77abfcdbb281d08df2e9fb09cf84b2a648ea9008
freesolv,dfc5e1986eb52bfc,COc1cc(C)ccc1O,hydration_free_energy,kcal/mol,train,c1ccccc1,-5.800000190734863,-5.9659001257419755,-10.64503548507394,-1.28676476641001,scaffold,2027,rf_rdkit_morgan,random_forest,rdkit+morgan,none,77abfcdbb281d08df2e9fb09cf84b2a648ea9008
freesolv,2dcda2689245ae18,COc1cc(C=O)c(Cl)c(OC)c1O,hydration_free_energy,kcal/mol,train,c1ccccc1,-7.78000020980835,-7.822080156922333,-12.501215516254298,-3.142944797590367,scaffold,2027,rf_rdkit_morgan,random_forest,rdkit+morgan,none,77abfcdbb281d08df2e9fb09cf84b2a648ea9008
freesolv,b57067c3389817fe,COc1ccc(C(=O)N(C)C)cc1,hydration_free_energy,kcal/mol,train,c1ccccc1,-11.010000228881836,-9.923840149402672,-14.602975508734637,-5.244704790070706,scaffold,2027,rf_rdkit_morgan,random_forest,rdkit+morgan,none,77abfcdbb281d08df2e9fb09cf84b2a648ea9008
freesolv,b0f92eb0fbf5865f,COc1ccc(C(C)=O)cc1,hydration_free_energy,kcal/mol,train,c1ccccc1,-4.400000095367432,-4.933040062308324,-9.61217542164029,-0.25390470297635837,scaffold,2027,rf_rdkit_morgan,random_forest,rdkit+morgan,none,77abfcdbb281d08df2e9fb09cf84b2a648ea9008
freesolv,9f101fc6ba15503f,COc1ccc(N)cc1,hydration_free_energy,kcal/mol,train,c1ccccc1,-7.480000019073486,-7.099300003290203,-11.778435362622169,-2.4201646439582376,scaffold,2027,rf_rdkit_morgan,random_forest,rdkit+morgan,none,77abfcdbb281d08df2e9fb09cf84b2a648ea9008
freesolv,47a5d1f5f0d9c9e0,COc1ccc2cc([C@H](C)C(=O)O)ccc2c1,hydration_free_energy,kcal/mol,test,c1ccc2ccccc2c1,-10.210000038146973,-7.09960000008345,-11.778735359415416,-2.4204646407514847,scaffold,2027,rf_rdkit_morgan,random_forest,rdkit+morgan,none,77abfcdbb281d08df2e9fb09cf84b2a648ea9008
freesolv,f3601ce4990f38bf,COc1cccc(N)c1,hydration_free_energy,kcal/mol,train,c1ccccc1,-7.289999961853027,-6.966559969976553,-11.645695329308518,-2.287424610644587,scaffold,2027,rf_rdkit_morgan,random_forest,rdkit+morgan,none,77abfcdbb281d08df2e9fb09cf84b2a648ea9008
freesolv,128c8182726e93c8,COc1cccc(O)c1,hydration_free_energy,kcal/mol,train,c1ccccc1,-7.659999847412109,-7.2738199138641555,-11.952955273196121,-2.59468455453219,scaffold,2027,rf_rdkit_morgan,random_forest,rdkit+morgan,none,77abfcdbb281d08df2e9fb09cf84b2a648ea9008
freesolv,31e7b18f3228ba99,COc1cccc(OC)c1O,hydration_free_energy,kcal/mol,train,c1ccccc1,-6.960000038146973,-6.852500036478044,-11.53163539581001,-2.173364677146078,scaffold,2027,rf_rdkit_morgan,random_forest,rdkit+morgan,none,77abfcdbb281d08df2e9fb09cf84b2a648ea9008
freesolv,ad217bed88d732e8,COc1ccccc1,hydration_free_energy,kcal/mol,train,c1ccccc1,-2.450000047683716,-2.9568400288820262,-7.635975388213992,1.7222953304499393,scaffold,2027,rf_rdkit_morgan,random_forest,rdkit+morgan,none,77abfcdbb281d08df2e9fb09cf84b2a648ea9008
freesolv,b00362e6f2a54653,COc1ccccc1N,hydration_free_energy,kcal/mol,train,c1ccccc1,-6.119999885559082,-6.1705199211388715,-10.849655280470838,-1.491384561806906,scaffold,2027,rf_rdkit_morgan,random_forest,rdkit+morgan,none,77abfcdbb281d08df2e9fb09cf84b2a648ea9008
freesolv,3d2d00e608cdd36c,COc1ccccc1O,hydration_free_energy,kcal/mol,train,c1ccccc1,-5.940000057220459,-6.107360028266919,-10.786495387598885,-1.4282246689349538,scaffold,2027,rf_rdkit_morgan,random_forest,rdkit+morgan,none,77abfcdbb281d08df2e9fb09cf84b2a648ea9008
freesolv,db3f12030831b04a,COc1ccccc1OC,hydration_free_energy,kcal/mol,train,c1ccccc1,-5.329999923706055,-5.124999952733513,-9.80413531206548,-0.4458645934015477,scaffold,2027,rf_rdkit_morgan,random_forest,rdkit+morgan,none,77abfcdbb281d08df2e9fb09cf84b2a648ea9008
freesolv,5987ac0025350d65,CS,hydration_free_energy,kcal/mol,train,,-1.2000000476837158,-1.3429600312709824,-6.0220953906029475,3.336175328060983,scaffold,2027,rf_rdkit_morgan,random_forest,rdkit+morgan,none,77abfcdbb281d08df2e9fb09cf84b2a648ea9008
freesolv,0d11fc91d7076b61,CS(=O)(=O)Cl,hydration_free_energy,kcal/mol,train,,-4.869999885559082,-4.7503199131824,-9.429455272514366,-0.07118455385043454,scaffold,2027,rf_rdkit_morgan,random_forest,rdkit+morgan,none,77abfcdbb281d08df2e9fb09cf84b2a648ea9008
freesolv,aa2bea624cb0b32d,CS(C)(=O)=O,hydration_free_energy,kcal/mol,train,,-10.079999923706055,-8.098079929303399,-12.777215288635364,-3.4189445699714334,scaffold,2027,rf_rdkit_morgan,random_forest,rdkit+morgan,none,77abfcdbb281d08df2e9fb09cf84b2a648ea9008
freesolv,f2cc1c4234198db0,CS(C)=O,hydration_free_energy,kcal/mol,train,,-9.279999732971191,-7.045754824012521,-11.724890183344487,-2.3666194646805554,scaffold,2027,rf_rdkit_morgan,random_forest,rdkit+morgan,none,77abfcdbb281d08df2e9fb09cf84b2a648ea9008
freesolv,91658d5a001d49e4,CSC,hydration_free_energy,kcal/mol,train,,-1.6100000143051147,-1.606630011856544,-6.28576537118851,3.0725053474754214,scaffold,2027,rf_rdkit_morgan,random_forest,rdkit+morgan,none,77abfcdbb281d08df2e9fb09cf84b2a648ea9008
freesolv,60bb71e7a2455ffa,CSSC,hydration_free_energy,kcal/mol,train,,-1.8300000429153442,-1.7890600247457569,-6.468195384077722,2.890075334586209,scaffold,2027,rf_rdkit_morgan,random_forest,rdkit+morgan,none,77abfcdbb281d08df2e9fb09cf84b2a648ea9008
freesolv,941bd3545404064b,CSc1ccccc1,hydration_free_energy,kcal/mol,train,c1ccccc1,-2.7300000190734863,-2.539260014645751,-7.2183953739777165,2.1398753446862147,scaffold,2027,rf_rdkit_morgan,random_forest,rdkit+morgan,none,77abfcdbb281d08df2e9fb09cf84b2a648ea9008
freesolv,63b335b2fd4df5b3,C[C@@H](CCO[N+](=O)[O-])O[N+](=O)[O-],hydration_free_energy,kcal/mol,train,,-4.289999961853027,-4.477159967780117,-9.156295327112083,0.20197539155184874,scaffold,2027,rf_rdkit_morgan,random_forest,rdkit+morgan,none,77abfcdbb281d08df2e9fb09cf84b2a648ea9008
freesolv,eefa0b3674c064ad,C[C@@H](CO[N+](=O)[O-])O[N+](=O)[O-],hydration_free_energy,kcal/mol,train,,-4.949999809265137,-4.84947989082336,-9.528615250155326,-0.17034453149139406,scaffold,2027,rf_rdkit_morgan,random_forest,rdkit+morgan,none,77abfcdbb281d08df2e9fb09cf84b2a648ea9008
freesolv,7beeddda4325576e,C[C@@H](O)C(F)(F)F,hydration_free_energy,kcal/mol,train,,-4.199999809265137,-4.194856520839039,-8.873991880171005,0.4842788384929264,scaffold,2027,rf_rdkit_morgan,random_forest,rdkit+morgan,none,77abfcdbb281d08df2e9fb09cf84b2a648ea9008
freesolv,0e2e060fa7263040,C[C@@H]1CCCC[C@@H]1C,hydration_free_energy,kcal/mol,calibration,C1CCCCC1,1.5800000429153442,1.1453199932686986,-3.533815366063267,5.824455352600664,scaffold,2027,rf_rdkit_morgan,random_forest,rdkit+morgan,none,77abfcdbb281d08df2e9fb09cf84b2a648ea9008
freesolv,76ad3abc60765b03,C[C@H](C(=O)O)c1ccc(-c2ccccc2)c(F)c1,hydration_free_energy,kcal/mol,calibration,c1ccc(-c2ccccc2)cc1,-8.420000076293945,-6.984554995596406,-11.663690354928372,-2.305419636264441,scaffold,2027,rf_rdkit_morgan,random_forest,rdkit+morgan,none,77abfcdbb281d08df2e9fb09cf84b2a648ea9008
freesolv,e8b904ba4abc81e9,C[C@H](C(=O)O)c1cccc(C(=O)c2ccccc2)c1,hydration_free_energy,kcal/mol,test,O=C(c1ccccc1)c1ccccc1,-10.779999732971191,-7.199999990746379,-11.879135350078345,-2.5208646314144136,scaffold,2027,rf_rdkit_morgan,random_forest,rdkit+morgan,none,77abfcdbb281d08df2e9fb09cf84b2a648ea9008
freesolv,8c52d3fff30b9cac,C[C@H](Cl)CCl,hydration_free_energy,kcal/mol,train,,-1.2699999809265137,-1.2352399844452777,-5.914375343777243,3.443895374886688,scaffold,2027,rf_rdkit_morgan,random_forest,rdkit+morgan,none,77abfcdbb281d08df2e9fb09cf84b2a648ea9008
freesolv,8092a23e37101382,C[C@H](O)C(F)(F)F,hydration_free_energy,kcal/mol,train,,-4.159999847412109,-4.194856520839039,-8.873991880171005,0.4842788384929264,scaffold,2027,rf_rdkit_morgan,random_forest,rdkit+morgan,none,77abfcdbb281d08df2e9fb09cf84b2a648ea9008
freesolv,39051be56e99ad8d,C[C@H]1CCCO1,hydration_free_energy,kcal/mol,calibration,C1CCOC1,-3.299999952316284,-2.705020014103502,-7.384155373435467,1.9741153452284634,scaffold,2027,rf_rdkit_morgan,random_forest,rdkit+morgan,none,77abfcdbb281d08df2e9fb09cf84b2a648ea9008
freesolv,8efd3b8359228fb2,C[C@H]1CC[C@H](C)O1,hydration_free_energy,kcal/mol,calibration,C1CCOC1,-2.9200000762939453,-2.226226678069679,-6.905362037401645,2.4529086812622864,scaffold,2027,rf_rdkit_morgan,random_forest,rdkit+morgan,none,77abfcdbb281d08df2e9fb09cf84b2a648ea9008
freesolv,5fc027dd434528e2,C[N+](=O)[O-],hydration_free_energy,kcal/mol,train,,-4.019999980926514,-4.097739988058804,-8.77687534739077,0.5813953712731612,scaffold,2027,rf_rdkit_morgan,random_forest,rdkit+morgan,none,77abfcdbb281d08df2e9fb09cf84b2a648ea9008
freesolv,bba10d76dab59e54,Cc1[nH]c(=O)n(C(C)(C)C)c(=O)c1Cl,hydration_free_energy,kcal/mol,validation,O=c1cc[nH]c(=O)[nH]1,-11.140000343322754,-6.18626001080498,-10.865395370136945,-1.5071246514730143,scaffold,2027,rf_rdkit_morgan,random_forest,rdkit+morgan,none,77abfcdbb281d08df2e9fb09cf84b2a648ea9008
freesolv,9dcf8b914c150733,Cc1c[nH]c2ccccc12,hydration_free_energy,kcal/mol,calibration,c1ccc2[nH]ccc2c1,-5.880000114440918,-3.764586013680697,-8.443721373012663,0.9145493456512686,scaffold,2027,rf_rdkit_morgan,random_forest,rdkit+morgan,none,77abfcdbb281d08df2e9fb09cf84b2a648ea9008
freesolv,43e45de3a2ec7d7d,Cc1c[nH]cn1,hydration_free_energy,kcal/mol,test,c1c[nH]cn1,-10.270000457763672,-4.22164000536129,-8.900775364693256,0.45749535397067564,scaffold,2027,rf_rdkit_morgan,random_forest,rdkit+morgan,none,77abfcdbb281d08df2e9fb09cf84b2a648ea9008
freesolv,2b84963bcd80619e,Cc1cc(C)c2ccccc2c1,hydration_free_energy,kcal/mol,test,c1ccc2ccccc2c1,-2.4700000286102295,-1.192499999940392,-5.871635359272357,3.4866353593915735,scaffold,2027,rf_rdkit_morgan,random_forest,rdkit+morgan,none,77abfcdbb281d08df2e9fb09cf84b2a648ea9008
freesolv,ceb5d836647f1bc3,Cc1cc(C)cc(C)c1,hydration_free_energy,kcal/mol,train,c1ccccc1,-0.8999999761581421,-0.765819987058622,-5.4449553463905875,3.9133153722733436,scaffold,2027,rf_rdkit_morgan,random_forest,rdkit+morgan,none,77abfcdbb281d08df2e9fb09cf84b2a648ea9008
freesolv,7cd11e1061f8550e,Cc1cc(C)cc(O)c1,hydration_free_energy,kcal/mol,train,c1ccccc1,-6.269999980926514,-6.171239995956402,-10.850375355288367,-1.4921046366244362,scaffold,2027,rf_rdkit_morgan,random_forest,rdkit+morgan,none,77abfcdbb281d08df2e9fb09cf84b2a648ea9008
freesolv,4b34ae40486b3c5f,Cc1cc(O)ccc1Cl,hydration_free_energy,kcal/mol,train,c1ccccc1,-6.789999961853027,-6.627739979982376,-11.306875339314342,-1.9486046206504106,scaffold,2027,rf_rdkit_morgan,random_forest,rdkit+morgan,none,77abfcdbb281d08df2e9fb09cf84b2a648ea9008
freesolv,967700a6cac6d34b,Cc1cc2ccccc2cc1C,hydration_free_energy,kcal/mol,test,c1ccc2ccccc2c1,-2.7799999713897705,-1.2194400009512874,-5.898575360283253,3.459695358380678,scaffold,2027,rf_rdkit_morgan,random_forest,rdkit+morgan,none,77abfcdbb281d08df2e9fb09cf84b2a648ea9008
freesolv,70816019155cbeb1,Cc1ccc(Br)cc1,hydration_free_energy,kcal/mol,train,c1ccccc1,-1.3899999856948853,-1.4817099928259911,-6.160845352157956,3.1974253665059744,scaffold,2027,rf_rdkit_morgan,random_forest,rdkit+morgan,none,77abfcdbb281d08df2e9fb09cf84b2a648ea9008
freesolv,7a4c55f55feeaf18,Cc1ccc(C(=O)N(C)C)cc1,hydration_free_energy,kcal/mol,train,c1ccccc1,-9.760000228881836,-9.204540148496662,-13.883675507828627,-4.525404789164696,scaffold,2027,rf_rdkit_morgan,random_forest,rdkit+morgan,none,77abfcdbb281d08df2e9fb09cf84b2a648ea9008
freesolv,4bd93a52b68e3179,Cc1ccc(C(C)C)cc1,hydration_free_energy,kcal/mol,train,c1ccccc1,-0.6800000071525574,-0.6211600055247333,-5.300295364856699,4.057975353807232,scaffold,2027,rf_rdkit_morgan,random_forest,rdkit+morgan,none,77abfcdbb281d08df2e9fb09cf84b2a648ea9008
freesolv,075799439fc6d183,Cc1ccc(C)c(C)c1,hydration_free_energy,kcal/mol,train,c1ccccc1,-0.8600000143051147,-0.8716200097203157,-5.550755369052281,3.80751534961165,scaffold,2027,rf_rdkit_morgan,random_forest,rdkit+morgan,none,77abfcdbb281d08df2e9fb09cf84b2a648ea9008
freesolv,8961bdfb7ede6e86,Cc1ccc(C)c(O)c1,hydration_free_energy,kcal/mol,train,c1ccccc1,-5.909999847412109,-5.962279924869543,-10.641415284201509,-1.2831445655375777,scaffold,2027,rf_rdkit_morgan,random_forest,rdkit+morgan,none,77abfcdbb281d08df2e9fb09cf84b2a648ea9008
freesolv,cc9a7bf8731f0c53,Cc1ccc(C)c2ccccc12,hydration_free_energy,kcal/mol,test,c1ccc2ccccc2c1,-2.819999933242798,-1.2074800001680817,-5.886615359500047,3.4716553591638837,scaffold,2027,rf_rdkit_morgan,random_forest,rdkit+morgan,none,77abfcdbb281d08df2e9fb09cf84b2a648ea9008
freesolv,34be3af199e92ace,Cc1ccc(C)cc1,hydration_free_energy,kcal/mol,train,c1ccccc1,-0.800000011920929,-0.8119000040292801,-5.491035363361245,3.8672353553026855,scaffold,2027,rf_rdkit_morgan,random_forest,rdkit+morgan,none,77abfcdbb281d08df2e9fb09cf84b2a648ea9008
freesolv,645ebc5211491348,Cc1ccc(C)nc1,hydration_free_energy,kcal/mol,validation,c1ccncc1,-4.71999979019165,-3.1054200126081706,-7.784555371940137,1.573715346723795,scaffold,2027,rf_rdkit_morgan,random_forest,rdkit+morgan,none,77abfcdbb281d08df2e9fb09cf84b2a648ea9008
freesolv,a2b8c44da80cf8f1,Cc1ccc(C=O)cc1,hydration_free_energy,kcal/mol,train,c1ccccc1,-4.269999980926514,-4.309139988422387,-8.988275347754353,0.3699953709095789,scaffold,2027,rf_rdkit_morgan,random_forest,rdkit+morgan,none,77abfcdbb281d08df2e9fb09cf84b2a648ea9008
freesolv,e51c7600c42704bd,Cc1ccc(N)cc1,hydration_free_energy,kcal/mol,train,c1ccccc1,-5.570000171661377,-5.453520120799537,-10.132655480131502,-0.7743847614675712,scaffold,2027,rf_rdkit_morgan,random_forest,rdkit+morgan,none,77abfcdbb281d08df2e9fb09cf84b2a648ea9008
freesolv,0317a2fef5322bb6,Cc1ccc(O)c(C)c1,hydration_free_energy,kcal/mol,train,c1ccccc1,-6.010000228881836,-6.001200120449065,-10.68033547978103,-1.3220647611170993,scaffold,2027,rf_rdkit_morgan,random_forest,rdkit+morgan,none,77abfcdbb281d08df2e9fb09cf84b2a648ea9008
freesolv,303fffa88a746bce,Cc1ccc(O)cc1,hydration_free_energy,kcal/mol,train,c1ccccc1,-6.130000114440918,-6.121460062265383,-10.800595421597349,-1.4423247029334174,scaffold,2027,rf_rdkit_morgan,random_forest,rdkit+morgan,none,77abfcdbb281d08df2e9fb09cf84b2a648ea9008
freesolv,c7963a073ba52ba9,Cc1ccc(O)cc1C,hydration_free_energy,kcal/mol,train,c1ccccc1,-6.5,-6.342599998235719,-11.021735357567685,-1.6634646389037533,scaffold,2027,rf_rdkit_morgan,random_forest,rdkit+morgan,none,77abfcdbb281d08df2e9fb09cf84b2a648ea9008
freesolv,204d7c1d632d08ff,Cc1ccc2cc(C)ccc2c1,hydration_free_energy,kcal/mol,test,c1ccc2ccccc2c1,-2.630000114440918,-1.1877599998563497,-5.866895359188315,3.491375359475616,scaffold,2027,rf_rdkit_morgan,random_forest,rdkit+morgan,none,77abfcdbb281d08df2e9fb09cf84b2a648ea9008
freesolv,5777c886aebe8d88,Cc1cccc(C)c1,hydration_free_energy,kcal/mol,train,c1ccccc1,-0.8299999833106995,-0.832719990160304,-5.5118553494922695,3.8464153691716616,scaffold,2027,rf_rdkit_morgan,random_forest,rdkit+morgan,none,77abfcdbb281d08df2e9fb09cf84b2a648ea9008
freesolv,6c6362cf1ea134cd,Cc1cccc(C)c1C,hydration_free_energy,kcal/mol,train,c1ccccc1,-1.2100000381469727,-1.021100025027971,-5.700235384359937,3.6580353343039946,scaffold,2027,rf_rdkit_morgan,random_forest,rdkit+morgan,none,77abfcdbb281d08df2e9fb09cf84b2a648ea9008
freesolv,46065e9d43127bda,Cc1cccc(C)c1N,hydration_free_energy,kcal/mol,train,c1ccccc1,-5.210000038146973,-5.197200047373769,-9.876335406705735,-0.5180646880418038,scaffold,2027,rf_rdkit_morgan,random_forest,rdkit+morgan,none,77abfcdbb281d08df2e9fb09cf84b2a648ea9008
freesolv,90fe3b9955e6cbdb,Cc1cccc(C)c1O,hydration_free_energy,kcal/mol,train,c1ccccc1,-5.260000228881836,-5.417145115375517,-10.096280474707482,-0.7380097560435512,scaffold,2027,rf_rdkit_morgan,random_forest,rdkit+morgan,none,77abfcdbb281d08df2e9fb09cf84b2a648ea9008
freesolv,5c1b4ae8424cac54,Cc1cccc(C)n1,hydration_free_energy,kcal/mol,validation,c1ccncc1,-4.590000152587891,-3.1330200114920737,-7.812155370824039,1.546115347839892,scaffold,2027,rf_rdkit_morgan,random_forest,rdkit+morgan,none,77abfcdbb281d08df2e9fb09cf84b2a648ea9008
freesolv,ece8755eefcca82d,Cc1cccc(Nc2ccccc2C(=O)O)c1C,hydration_free_energy,kcal/mol,validation,c1ccc(Nc2ccccc2)cc1,-6.78000020980835,-7.187804992139343,-11.866940351471309,-2.5086696328073774,scaffold,2027,rf_rdkit_morgan,random_forest,rdkit+morgan,none,77abfcdbb281d08df2e9fb09cf84b2a648ea9008
freesolv,4d8ccb9d19efe382,Cc1cccc(O)c1,hydration_free_energy,kcal/mol,train,c1ccccc1,-5.489999771118164,-5.793499868035329,-10.472635227367295,-1.1143645087033631,scaffold,2027,rf_rdkit_morgan,random_forest,rdkit+morgan,none,77abfcdbb281d08df2e9fb09cf84b2a648ea9008
freesolv,05900ca825c16377,Cc1cccc(O)c1C,hydration_free_energy,kcal/mol,train,c1ccccc1,-6.159999847412109,-6.03672490406038,-10.715860263392345,-1.3575895447284143,scaffold,2027,rf_rdkit_morgan,random_forest,rdkit+morgan,none,77abfcdbb281d08df2e9fb09cf84b2a648ea9008
freesolv,5e20fb1606241f76,Cc1cccc([N+](=O)[O-])c1,hydration_free_energy,kcal/mol,train,c1ccccc1,-3.450000047683716,-4.0435000152587905,-8.722635374590755,0.635635344073175,scaffold,2027,rf_rdkit_morgan,random_forest,rdkit+morgan,none,77abfcdbb281d08df2e9fb09cf84b2a648ea9008
freesolv,3d2a5a9bdd85ae66,Cc1cccc2ccccc12,hydration_free_energy,kcal/mol,test,c1ccc2ccccc2c1,-2.440000057220459,-1.22119000224769,-5.900325361579656,3.4579453570842755,scaffold,2027,rf_rdkit_morgan,random_forest,rdkit+morgan,none,77abfcdbb281d08df2e9fb09cf84b2a648ea9008
freesolv,4f125c9e2659a314,Cc1ccccc1,hydration_free_energy,kcal/mol,train,c1ccccc1,-0.8999999761581421,-0.9368399846255668,-5.615975343957532,3.7422953747063987,scaffold,2027,rf_rdkit_morgan,random_forest,rdkit+morgan,none,77abfcdbb281d08df2e9fb09cf84b2a648ea9008
freesolv,c00af97cfccb1719,Cc1ccccc1C,hydration_free_energy,kcal/mol,train,c1ccccc1,-0.8999999761581421,-0.8834399859309063,-5.5625753452628715,3.7956953734010592,scaffold,2027,rf_rdkit_morgan,random_forest,rdkit+morgan,none,77abfcdbb281d08df2e9fb09cf84b2a648ea9008
freesolv,ccb7ce5930753de8,Cc1ccccc1C=O,hydration_free_energy,kcal/mol,train,c1ccccc1,-3.930000066757202,-4.021440033912656,-8.700575393244621,0.6576953254193096,scaffold,2027,rf_rdkit_morgan,random_forest,rdkit+morgan,none,77abfcdbb281d08df2e9fb09cf84b2a648ea9008
freesolv,6371bdc9e0fe2c8e,Cc1ccccc1Cl,hydration_free_energy,kcal/mol,train,c1ccccc1,-1.1399999856948853,-1.46255999366939,-6.141695353001356,3.2165753656625755,scaffold,2027,rf_rdkit_morgan,random_forest,rdkit+morgan,none,77abfcdbb281d08df2e9fb09cf84b2a648ea9008
freesolv,9fcb7285eb66a730,Cc1ccccc1N,hydration_free_energy,kcal/mol,train,c1ccccc1,-5.53000020980835,-5.440220139980321,-10.119355499312286,-0.7610847806483552,scaffold,2027,rf_rdkit_morgan,random_forest,rdkit+morgan,none,77abfcdbb281d08df2e9fb09cf84b2a648ea9008
freesolv,409664775e84e6ca,Cc1ccccc1O,hydration_free_energy,kcal/mol,train,c1ccccc1,-5.900000095367432,-5.831760048866257,-10.510895408198223,-1.1526246895342913,scaffold,2027,rf_rdkit_morgan,random_forest,rdkit+morgan,none,77abfcdbb281d08df2e9fb09cf84b2a648ea9008
freesolv,131ca815559de33c,Cc1ccccc1[N+](=O)[O-],hydration_free_energy,kcal/mol,train,c1ccccc1,-3.5799999237060547,-3.9194999504089396,-8.598635309740905,0.759635408923026,scaffold,2027,rf_rdkit_morgan,random_forest,rdkit+morgan,none,77abfcdbb281d08df2e9fb09cf84b2a648ea9008
freesolv,9e03a65773ba0113,Cc1ccccn1,hydration_free_energy,kcal/mol,validation,c1ccncc1,-4.630000114440918,-3.251199997704476,-7.930335357036442,1.4279353616274895,scaffold,2027,rf_rdkit_morgan,random_forest,rdkit+morgan,none,77abfcdbb281d08df2e9fb09cf84b2a648ea9008
freesolv,0de8988b53c23a36,Cc1cccnc1,hydration_free_energy,kcal/mol,validation,c1ccncc1,-4.769999980926514,-3.2487799987122417,-7.927915358044207,1.430355360619724,scaffold,2027,rf_rdkit_morgan,random_forest,rdkit+morgan,none,77abfcdbb281d08df2e9fb09cf84b2a648ea9008
freesolv,995ffa71ceee0953,Cc1cccnc1C,hydration_free_energy,kcal/mol,validation,c1ccncc1,-4.820000171661377,-3.078950010985136,-7.758085370317102,1.6001853483468294,scaffold,2027,rf_rdkit_morgan,random_forest,rdkit+morgan,none,77abfcdbb281d08df2e9fb09cf84b2a648ea9008
freesolv,223487757991e398,Cc1cccs1,hydration_free_energy,kcal/mol,validation,c1ccsc1,-1.3799999952316284,-1.6912099997028704,-6.370345359034836,2.987925359629095,scaffold,2027,rf_rdkit_morgan,random_forest,rdkit+morgan,none,77abfcdbb281d08df2e9fb09cf84b2a648ea9008
freesolv,eb8e7ab81714406e,Cc1ccnc(C)c1,hydration_free_energy,kcal/mol,validation,c1ccncc1,-4.860000133514404,-3.028690009724349,-7.707825369056314,1.6504453496076166,scaffold,2027,rf_rdkit_morgan,random_forest,rdkit+morgan,none,77abfcdbb281d08df2e9fb09cf84b2a648ea9008
freesolv,f8014d3a408f32f1,Cc1ccncc1,hydration_free_energy,kcal/mol,validation,c1ccncc1,-4.929999828338623,-3.229399995338172,-7.908535354670137,1.4497353639937938,scaffold,2027,rf_rdkit_morgan,random_forest,rdkit+morgan,none,77abfcdbb281d08df2e9fb09cf84b2a648ea9008
freesolv,0021d8f1e075cf09,Cc1ccncc1C,hydration_free_energy,kcal/mol,validation,c1ccncc1,-5.21999979019165,-2.9901200120188296,-7.669255371350795,1.689015347313136,scaffold,2027,rf_rdkit_morgan,random_forest,rdkit+morgan,none,77abfcdbb281d08df2e9fb09cf84b2a648ea9008
freesolv,3ce397d40b765988,Cc1cncc(C)c1,hydration_free_energy,kcal/mol,validation,c1ccncc1,-4.840000152587891,-2.976240008983761,-7.655375368315727,1.7028953503482045,scaffold,2027,rf_rdkit_morgan,random_forest,rdkit+morgan,none,77abfcdbb281d08df2e9fb09cf84b2a648ea9008
freesolv,c84c66bb702a24a5,Cc1cnccn1,hydration_free_energy,kcal/mol,validation,c1cnccn1,-5.510000228881836,-3.2532399965077636,-7.93237535583973,1.425895362824202,scaffold,2027,rf_rdkit_morgan,random_forest,rdkit+morgan,none,77abfcdbb281d08df2e9fb09cf84b2a648ea9008
freesolv,98617ccb94c6f2d9,Cc1nc(N(C)C)nc(OC(=O)N(C)C)c1C,hydration_free_energy,kcal/mol,test,c1cncnc1,-9.40999984741211,-7.380326694738118,-12.059462054070083,-2.7011913354061523,scaffold,2027,rf_rdkit_morgan,random_forest,rdkit+morgan,none,77abfcdbb281d08df2e9fb09cf84b2a648ea9008
freesolv,d00d5844e4fd190b,Cl/C=C/Cl,hydration_free_energy,kcal/mol,train,,-0.7799999713897705,-0.9602245397802909,-5.639359899112256,3.7189108195516747,scaffold,2027,rf_rdkit_morgan,random_forest,rdkit+morgan,none,77abfcdbb281d08df2e9fb09cf84b2a648ea9008
freesolv,2d79f7bb0f919d3e,Cl/C=C\Cl,hydration_free_energy,kcal/mol,train,,-1.1699999570846558,-0.9602245397802909,-5.639359899112256,3.7189108195516747,scaffold,2027,rf_rdkit_morgan,random_forest,rdkit+morgan,none,77abfcdbb281d08df2e9fb09cf84b2a648ea9008
freesolv,57eb58d51da68949,ClC(Cl)(Cl)C(Cl)(Cl)Cl,hydration_free_energy,kcal/mol,train,,-0.6399999856948853,-0.876946655526758,-5.556082014858724,3.8021887038052076,scaffold,2027,rf_rdkit_morgan,random_forest,rdkit+morgan,none,77abfcdbb281d08df2e9fb09cf84b2a648ea9008
freesolv,451a93262591a307,ClC(Cl)(Cl)Cl,hydration_free_energy,kcal/mol,train,,0.07999999821186066,-0.13772000088544445,-4.81685536021741,4.541415358446521,scaffold,2027,rf_rdkit_morgan,random_forest,rdkit+morgan,none,77abfcdbb281d08df2e9fb09cf84b2a648ea9008
freesolv,cff56a18f71b6c9d,ClC(Cl)=C(Cl)Cl,hydration_free_energy,kcal/mol,train,,0.10000000149011612,-0.45342165818811253,-5.132557017520078,4.225713701143853,scaffold,2027,rf_rdkit_morgan,random_forest,rdkit+morgan,none,77abfcdbb281d08df2e9fb09cf84b2a648ea9008
freesolv,39844b260e442ec8,ClC(Cl)C(Cl)(Cl)Cl,hydration_free_energy,kcal/mol,train,,-1.2300000190734863,-1.1439600052535597,-5.823095364585525,3.535175354078406,scaffold,2027,rf_rdkit_morgan,random_forest,rdkit+morgan,none,77abfcdbb281d08df2e9fb09cf84b2a648ea9008
freesolv,e99f44b2e8cdbde1,ClC(Cl)C(Cl)Cl,hydration_free_energy,kcal/mol,train,,-2.369999885559082,-1.8921615955196307,-6.571296954851596,2.786973763812335,scaffold,2027,rf_rdkit_morgan,random_forest,rdkit+morgan,none,77abfcdbb281d08df2e9fb09cf84b2a648ea9008
freesolv,c05e45a87f5e3de3,ClC(Cl)Cl,hydration_free_energy,kcal/mol,train,,-1.0800000429153442,-1.0295600226819537,-5.70869538201392,3.649575336650012,scaffold,2027,rf_rdkit_morgan,random_forest,rdkit+morgan,none,77abfcdbb281d08df2e9fb09cf84b2a648ea9008
freesolv,8474f5ea098cd11d,ClC1=C(Cl)[C@]2(Cl)[C@@H]3[C@@H](Cl)C=C[C@@H]3[C@@]1(Cl)C2(Cl)Cl,hydration_free_energy,kcal/mol,validation,C1=CC2C3C=CC(C3)C2C1,-2.549999952316284,-4.00217334517464,-8.681308704506606,0.6769620141573256,scaffold,2027,rf_rdkit_morgan,random_forest,rdkit+morgan,none,77abfcdbb281d08df2e9fb09cf84b2a648ea9008
freesolv,800b96b699e00f5e,ClC1=C(Cl)[C@]2(Cl)[C@@H]3[C@@H]([C@H](Cl)C[C@@H]3Cl)[C@@]1(Cl)C2(Cl)Cl,hydration_free_energy,kcal/mol,test,C1=CC2CC1C1CCCC21,-3.440000057220459,-4.004833344437182,-8.683968703769148,0.6743020148947831,scaffold,2027,rf_rdkit_morgan,random_forest,rdkit+morgan,none,77abfcdbb281d08df2e9fb09cf84b2a648ea9008
freesolv,8d55de7ac9d2f01a,ClC1=C(Cl)[C@]2(Cl)[C@H]3[C@H]4C[C@H]([C@@H]5O[C@H]45)[C@H]3[C@@]1(Cl)C2(Cl)Cl,hydration_free_energy,kcal/mol,validation,C1=CC2CC1C1C3CC(C4OC34)C21,-4.820000171661377,-5.200903345748782,-9.880038705080747,-0.5217679864168163,scaffold,2027,rf_rdkit_morgan,random_forest,rdkit+morgan,none,77abfcdbb281d08df2e9fb09cf84b2a648ea9008
freesolv,fabbfc787087f50a,ClC=C(Cl)Cl,hydration_free_energy,kcal/mol,train,,-0.4399999976158142,-0.5548099967762674,-5.233945356108233,4.124325362555698,scaffold,2027,rf_rdkit_morgan,random_forest,rdkit+morgan,none,77abfcdbb281d08df2e9fb09cf84b2a648ea9008
freesolv,df58138ec50f3742,ClCC(Cl)(Cl)Cl,hydration_free_energy,kcal/mol,train,,-1.4299999475479126,-1.330219963692133,-6.009355323024098,3.3489153956398328,scaffold,2027,rf_rdkit_morgan,random_forest,rdkit+morgan,none,77abfcdbb281d08df2e9fb09cf84b2a648ea9008
freesolv,372630505bbbf500,ClCC(Cl)Cl,hydration_free_energy,kcal/mol,train,,-1.9900000095367432,-1.7954799996726196,-6.474615359004585,2.883655359659346,scaffold,2027,rf_rdkit_morgan,random_forest,rdkit+morgan,none,77abfcdbb281d08df2e9fb09cf84b2a648ea9008
freesolv,947bdf8b981c551d,ClCCBr,hydration_free_energy,kcal/mol,train,,-1.9500000476837158,-1.7689940233133683,-6.448129382645334,2.9101413360185973,scaffold,2027,rf_rdkit_morgan,random_forest,rdkit+morgan,none,77abfcdbb281d08df2e9fb09cf84b2a648ea9008
freesolv,8ef9c8d30a109454,ClCCCCCl,hydration_free_energy,kcal/mol,train,,-2.319999933242798,-1.9968399543426953,-6.675975313674661,2.6822954049892704,scaffold,2027,rf_rdkit_morgan,random_forest,rdkit+morgan,none,77abfcdbb281d08df2e9fb09cf84b2a648ea9008
freesolv,3de4ce097f03cac7,ClCCCCl,hydration_free_energy,kcal/mol,train,,-1.8899999856948853,-1.8001999822370627,-6.479335341569028,2.878935377094903,scaffold,2027,rf_rdkit_morgan,random_forest,rdkit+morgan,none,77abfcdbb281d08df2e9fb09cf84b2a648ea9008
freesolv,c5a6e0db31e85253,ClCCCl,hydration_free_energy,kcal/mol,train,,-1.7899999618530273,-1.668430969773236,-6.347566329105201,3.0107043895587298,scaffold,2027,rf_rdkit_morgan,random_forest,rdkit+morgan,none,77abfcdbb281d08df2e9fb09cf84b2a648ea9008
freesolv,033cbc65185d3a9b,ClCCOCCCl,hydration_free_energy,kcal/mol,train,,-4.230000019073486,-3.7554200135655673,-8.434555372897533,0.9237153457663982,scaffold,2027,rf_rdkit_morgan,random_forest,rdkit+morgan,none,77abfcdbb281d08df2e9fb09cf84b2a648ea9008
freesolv,f161bdf0f763ae6e,ClCCl,hydration_free_energy,kcal/mol,train,,-1.309999942779541,-1.2847699619233686,-5.963905321255334,3.394365397408597,scaffold,2027,rf_rdkit_morgan,random_forest,rdkit+morgan,none,77abfcdbb281d08df2e9fb09cf84b2a648ea9008
freesolv,4e8dd2d13fb39aaa,ClCc1ccccc1,hydration_free_energy,kcal/mol,train,c1ccccc1,-1.9299999475479126,-1.893159974485631,-6.572295333817596,2.785975384846335,scaffold,2027,rf_rdkit_morgan,random_forest,rdkit+morgan,none,77abfcdbb281d08df2e9fb09cf84b2a648ea9008
freesolv,79ee4896526f4503,Clc1c(Cl)c(Cl)c(-c2c(Cl)c(Cl)c(Cl)c(Cl)c2Cl)c(Cl)c1Cl,hydration_free_energy,kcal/mol,calibration,c1ccc(-c2ccccc2)cc1,-2.9800000190734863,-2.880009972825645,-7.559145332157611,1.7991253865063204,scaffold,2027,rf_rdkit_morgan,random_forest,rdkit+morgan,none,77abfcdbb281d08df2e9fb09cf84b2a648ea9008
freesolv,ccec5e12da7518ad,Clc1c(Cl)c(Cl)c(Cl)c(Cl)c1Cl,hydration_free_energy,kcal/mol,train,c1ccccc1,-2.3299999237060547,-2.204899946421384,-6.88403530575335,2.4742354129105815,scaffold,2027,rf_rdkit_morgan,random_forest,rdkit+morgan,none,77abfcdbb281d08df2e9fb09cf84b2a648ea9008
freesolv,a28bd5d295e9e627,Clc1c(Cl)c(Cl)c2c(c1Cl)Oc1c(Cl)c(Cl)c(Cl)c(Cl)c1O2,hydration_free_energy,kcal/mol,test,c1ccc2c(c1)Oc1ccccc1O2,-4.53000020980835,-5.816180007092653,-10.495315366424618,-1.1370446477606873,scaffold,2027,rf_rdkit_morgan,random_forest,rdkit+morgan,none,77abfcdbb281d08df2e9fb09cf84b2a648ea9008
freesolv,ba13b193f5d8afe1,Clc1c(Cl)c(Cl)c2c(c1Cl)Oc1ccccc1O2,hydration_free_energy,kcal/mol,test,c1ccc2c(c1)Oc1ccccc1O2,-3.809999942779541,-5.17392999162525,-9.853065350957216,-0.49479463229328413,scaffold,2027,rf_rdkit_morgan,random_forest,rdkit+morgan,none,77abfcdbb281d08df2e9fb09cf84b2a648ea9008
freesolv,e13c6cd035a12545,Clc1cc(-c2c(Cl)cc(Cl)c(Cl)c2Cl)c(Cl)c(Cl)c1Cl,hydration_free_energy,kcal/mol,calibration,c1ccc(-c2ccccc2)cc1,-4.610000133514404,-2.656899982661009,-7.336035341992975,2.0222353766709564,scaffold,2027,rf_rdkit_morgan,random_forest,rdkit+morgan,none,77abfcdbb281d08df2e9fb09cf84b2a648ea9008
freesolv,6fbc2c7ce9f24b3a,Clc1cc(-c2cc(Cl)c(Cl)c(Cl)c2Cl)cc(Cl)c1Cl,hydration_free_energy,kcal/mol,calibration,c1ccc(-c2ccccc2)cc1,-3.1700000762939453,-2.5625799789987496,-7.241715338330716,2.116555380333216,scaffold,2027,rf_rdkit_morgan,random_forest,rdkit+morgan,none,77abfcdbb281d08df2e9fb09cf84b2a648ea9008
freesolv,4e1bfcb593ab9c04,Clc1cc(-c2ccccc2)c(Cl)c(Cl)c1Cl,hydration_free_energy,kcal/mol,calibration,c1ccc(-c2ccccc2)cc1,-3.4800000190734863,-2.4451699921488745,-7.1243053514808405,2.233965367183091,scaffold,2027,rf_rdkit_morgan,random_forest,rdkit+morgan,none,77abfcdbb281d08df2e9fb09cf84b2a648ea9008
freesolv,0deab88349fa7629,Clc1cc(Cl)c(-c2c(Cl)cccc2Cl)c(Cl)c1,hydration_free_energy,kcal/mol,calibration,c1ccc(-c2ccccc2)cc1,-1.9600000381469727,-2.443739992544053,-7.122875351876019,2.2353953667879125,scaffold,2027,rf_rdkit_morgan,random_forest,rdkit+morgan,none,77abfcdbb281d08df2e9fb09cf84b2a648ea9008
freesolv,04794cb48c3fc005,Clc1cc(Cl)c(-c2ccccc2)c(Cl)c1,hydration_free_energy,kcal/mol,calibration,c1ccc(-c2ccccc2)cc1,-2.1600000858306885,-2.1674599948637163,-6.846595354195681,2.5116753644682492,scaffold,2027,rf_rdkit_morgan,random_forest,rdkit+morgan,none,77abfcdbb281d08df2e9fb09cf84b2a648ea9008
freesolv,19ca7acd0f10b4d1,Clc1cc(Cl)c(Cl)c(Cl)c1,hydration_free_energy,kcal/mol,train,c1ccccc1,-1.6200000047683716,-1.54376000905036,-6.222895368382326,3.1353753502816053,scaffold,2027,rf_rdkit_morgan,random_forest,rdkit+morgan,none,77abfcdbb281d08df2e9fb09cf84b2a648ea9008
freesolv,60f7d335311cdf71,Clc1cc(Cl)c(Cl)cc1Cl,hydration_free_energy,kcal/mol,train,c1ccccc1,-1.340000033378601,-1.3573000215738902,-6.036435380905855,3.3218353377580754,scaffold,2027,rf_rdkit_morgan,random_forest,rdkit+morgan,none,77abfcdbb281d08df2e9fb09cf84b2a648ea9008
freesolv,b172d409ecb64ee0,Clc1cc(Cl)c2c(c1Cl)Oc1ccccc1O2,hydration_free_energy,kcal/mol,test,c1ccc2c(c1)Oc1ccccc1O2,-4.050000190734863,-4.861979993119834,-9.5411153524518,-0.18284463378786864,scaffold,2027,rf_rdkit_morgan,random_forest,rdkit+morgan,none,77abfcdbb281d08df2e9fb09cf84b2a648ea9008
freesolv,aa9841fac0aef1b2,Clc1cc(Cl)cc(Cl)c1,hydration_free_energy,kcal/mol,train,c1ccccc1,-0.7799999713897705,-1.09369998322427,-5.7728353425562355,3.5854353761076956,scaffold,2027,rf_rdkit_morgan,random_forest,rdkit+morgan,none,77abfcdbb281d08df2e9fb09cf84b2a648ea9008
freesolv,43fd33f418137c4f,Clc1cc2c(cc1Cl)Oc1c(Cl)c(Cl)c(Cl)c(Cl)c1O2,hydration_free_energy,kcal/mol,test,c1ccc2c(c1)Oc1ccccc1O2,-3.7100000381469727,-5.371209999822078,-10.050345359154043,-0.6920746404901124,scaffold,2027,rf_rdkit_morgan,random_forest,rdkit+morgan,none,77abfcdbb281d08df2e9fb09cf84b2a648ea9008
freesolv,6397b4e582e915d9,Clc1cc2c(cc1Cl)Oc1cc(Cl)c(Cl)cc1O2,hydration_free_energy,kcal/mol,test,c1ccc2c(c1)Oc1ccccc1O2,-3.369999885559082,-5.015589999757705,-9.69472535908967,-0.3364546404257398,scaffold,2027,rf_rdkit_morgan,random_forest,rdkit+morgan,none,77abfcdbb281d08df2e9fb09cf84b2a648ea9008
freesolv,16993358a556f1c5,Clc1cc2c(cc1Cl)Oc1ccccc1O2,hydration_free_energy,kcal/mol,test,c1ccc2c(c1)Oc1ccccc1O2,-3.559999942779541,-4.925559999689457,-9.604695359021424,-0.24642464035749168,scaffold,2027,rf_rdkit_morgan,random_forest,rdkit+morgan,none,77abfcdbb281d08df2e9fb09cf84b2a648ea9008
freesolv,20936773c94dd64a,Clc1ccc(-c2c(Cl)c(Cl)cc(Cl)c2Cl)cc1Cl,hydration_free_energy,kcal/mol,calibration,c1ccc(-c2ccccc2)cc1,-4.380000114440918,-2.4484599866867045,-7.12759534601867,2.230675372645261,scaffold,2027,rf_rdkit_morgan,random_forest,rdkit+morgan,none,77abfcdbb281d08df2e9fb09cf84b2a648ea9008
freesolv,319dd799287910b3,Clc1ccc(-c2cc(Cl)c(Cl)c(Cl)c2Cl)c(Cl)c1Cl,hydration_free_energy,kcal/mol,calibration,c1ccc(-c2ccccc2)cc1,-4.400000095367432,-2.5365599822551,-7.2156953415870655,2.1425753770768656,scaffold,2027,rf_rdkit_morgan,random_forest,rdkit+morgan,none,77abfcdbb281d08df2e9fb09cf84b2a648ea9008
freesolv,a85bed87f9eca383,Clc1ccc(-c2cc(Cl)c(Cl)c(Cl)c2Cl)cc1Cl,hydration_free_energy,kcal/mol,calibration,c1ccc(-c2ccccc2)cc1,-3.0399999618530273,-2.4862599833458647,-7.16539534267783,2.192875375986101,scaffold,2027,rf_rdkit_morgan,random_forest,rdkit+morgan,none,77abfcdbb281d08df2e9fb09cf84b2a648ea9008
freesolv,6db47ce14110b8af,Clc1ccc(Cl)c(-c2cc(Cl)c(Cl)c(Cl)c2)c1,hydration_free_energy,kcal/mol,calibration,c1ccc(-c2ccccc2)cc1,-3.609999895095825,-2.430299987345932,-7.1094353466778974,2.2488353719860337,scaffold,2027,rf_rdkit_morgan,random_forest,rdkit+morgan,none,77abfcdbb281d08df2e9fb09cf84b2a648ea9008
freesolv,24197958a25d4719,Clc1ccc(Cl)c(-c2ccccc2)c1,hydration_free_energy,kcal/mol,calibration,c1ccc(-c2ccccc2)cc1,-2.4600000381469727,-2.277970000859348,-6.9571053601913135,2.4011653584726176,scaffold,2027,rf_rdkit_morgan,random_forest,rdkit+morgan,none,77abfcdbb281d08df2e9fb09cf84b2a648ea9008
freesolv,0ef4c04d56b370af,Clc1ccc(Cl)c(Cl)c1,hydration_free_energy,kcal/mol,train,c1ccccc1,-1.1200000047683716,-1.2501000024080386,-5.929235361740004,3.4290353569239267,scaffold,2027,rf_rdkit_morgan,random_forest,rdkit+morgan,none,77abfcdbb281d08df2e9fb09cf84b2a648ea9008
freesolv,23c0e090ee47408a,Clc1ccc(Cl)c(Cl)c1Cl,hydration_free_energy,kcal/mol,train,c1ccccc1,-1.340000033378601,-1.462200022742142,-6.141335382074107,3.216935336589824,scaffold,2027,rf_rdkit_morgan,random_forest,rdkit+morgan,none,77abfcdbb281d08df2e9fb09cf84b2a648ea9008
freesolv,7d123d1b480ae7d0,Clc1ccc(Cl)cc1,hydration_free_energy,kcal/mol,train,c1ccccc1,-1.0099999904632568,-1.1876999949216869,-5.866835354253652,3.491435364410279,scaffold,2027,rf_rdkit_morgan,random_forest,rdkit+morgan,none,77abfcdbb281d08df2e9fb09cf84b2a648ea9008
freesolv,885ce1f8c2708f29,Clc1ccc2c(c1)Oc1c(Cl)c(Cl)c(Cl)c(Cl)c1O2,hydration_free_energy,kcal/mol,test,c1ccc2c(c1)Oc1ccccc1O2,-4.150000095367432,-5.230389996677637,-9.909525356009603,-0.5512546373456715,scaffold,2027,rf_rdkit_morgan,random_forest,rdkit+morgan,none,77abfcdbb281d08df2e9fb09cf84b2a648ea9008
freesolv,74dd2e07b6c4a121,Clc1ccc2c(c1)Oc1cc(Cl)c(Cl)c(Cl)c1O2,hydration_free_energy,kcal/mol,test,c1ccc2c(c1)Oc1ccccc1O2,-3.8399999141693115,-5.0077699963897455,-9.686905355721711,-0.32863463705777995,scaffold,2027,rf_rdkit_morgan,random_forest,rdkit+morgan,none,77abfcdbb281d08df2e9fb09cf84b2a648ea9008
freesolv,cd4e7053a74ca64b,Clc1ccc2c(c1)Oc1ccc(Cl)cc1O2,hydration_free_energy,kcal/mol,test,c1ccc2c(c1)Oc1ccccc1O2,-3.6700000762939453,-5.012139999553559,-9.691275358885525,-0.3330046402215938,scaffold,2027,rf_rdkit_morgan,random_forest,rdkit+morgan,none,77abfcdbb281d08df2e9fb09cf84b2a648ea9008
freesolv,2bd39b933f024feb,Clc1ccc2c(c1)Oc1ccccc1O2,hydration_free_energy,kcal/mol,test,c1ccc2c(c1)Oc1ccccc1O2,-3.0999999046325684,-4.832119998678563,-9.511255358010528,-0.152984639346597,scaffold,2027,rf_rdkit_morgan,random_forest,rdkit+morgan,none,77abfcdbb281d08df2e9fb09cf84b2a648ea9008
freesolv,566718c24572a00b,Clc1cccc(Cl)c1,hydration_free_energy,kcal/mol,train,c1ccccc1,-0.9800000190734863,-1.1510000094175314,-5.830135368749497,3.528135349914434,scaffold,2027,rf_rdkit_morgan,random_forest,rdkit+morgan,none,77abfcdbb281d08df2e9fb09cf84b2a648ea9008
freesolv,f2cab0904fd16aa2,Clc1cccc(Cl)c1-c1c(Cl)cccc1Cl,hydration_free_energy,kcal/mol,calibration,c1ccc(-c2ccccc2)cc1,-2.2799999713897705,-2.2042199932038766,-6.883355352535842,2.474915366128089,scaffold,2027,rf_rdkit_morgan,random_forest,rdkit+morgan,none,77abfcdbb281d08df2e9fb09cf84b2a648ea9008
freesolv,1ad603575e0ebfa7,Clc1cccc(Cl)c1Cl,hydration_free_energy,kcal/mol,train,c1ccccc1,-1.2400000095367432,-1.3400800082683657,-6.0192153676003315,3.3390553510635996,scaffold,2027,rf_rdkit_morgan,random_forest,rdkit+morgan,none,77abfcdbb281d08df2e9fb09cf84b2a648ea9008
freesolv,785e578bba1163db,Clc1cccc2c1Oc1ccccc1O2,hydration_free_energy,kcal/mol,test,c1ccc2c(c1)Oc1ccccc1O2,-3.5199999809265137,-4.771499999806283,-9.450635359138248,-0.09236464047431703,scaffold,2027,rf_rdkit_morgan,random_forest,rdkit+morgan,none,77abfcdbb281d08df2e9fb09cf84b2a648ea9008
freesolv,69ec888ea256144d,Clc1ccccc1,hydration_free_energy,kcal/mol,train,c1ccccc1,-1.1200000047683716,-1.2608300013244278,-5.939965360656394,3.4183053580075375,scaffold,2027,rf_rdkit_morgan,random_forest,rdkit+morgan,none,77abfcdbb281d08df2e9fb09cf84b2a648ea9008
freesolv,2ec9810d47af9e60,Clc1ccccc1-c1ccccc1,hydration_free_energy,kcal/mol,calibration,c1ccc(-c2ccccc2)cc1,-2.690000057220459,-2.1519100071787816,-6.831045366510747,2.527225352153184,scaffold,2027,rf_rdkit_morgan,random_forest,rdkit+morgan,none,77abfcdbb281d08df2e9fb09cf84b2a648ea9008
freesolv,39661093e01fca7b,Clc1ccccc1Cl,hydration_free_energy,kcal/mol,train,c1ccccc1,-1.3600000143051147,-1.3246200092285974,-6.003755368560563,3.354515350103368,scaffold,2027,rf_rdkit_morgan,random_forest,rdkit+morgan,none,77abfcdbb281d08df2e9fb09cf84b2a648ea9008
freesolv,4379d39c87f9b6f0,Clc1ccccn1,hydration_free_energy,kcal/mol,validation,c1ccncc1,-4.389999866485596,-3.163544990401715,-7.842680349733681,1.5155903689302503,scaffold,2027,rf_rdkit_morgan,random_forest,rdkit+morgan,none,77abfcdbb281d08df2e9fb09cf84b2a648ea9008
freesolv,78ea6fc26ce7e63c,Clc1cccnc1,hydration_free_energy,kcal/mol,validation,c1ccncc1,-4.010000228881836,-3.18194499405846,-7.861080353390426,1.4971903652735055,scaffold,2027,rf_rdkit_morgan,random_forest,rdkit+morgan,none,77abfcdbb281d08df2e9fb09cf84b2a648ea9008
freesolv,7baedb0930499b12,Cn1c(=O)c2c(ncn2C)n(C)c1=O,hydration_free_energy,kcal/mol,test,O=c1[nH]c(=O)c2[nH]cnc2[nH]1,-12.640000343322754,-5.896040006097406,-10.575175365429372,-1.2169046467654407,scaffold,2027,rf_rdkit_morgan,random_forest,rdkit+morgan,none,77abfcdbb281d08df2e9fb09cf84b2a648ea9008
freesolv,6432ca91307da26e,Cn1cccc1,hydration_free_energy,kcal/mol,calibration,c1cc[nH]c1,-2.890000104904175,-2.2736199976019558,-6.952755356933921,2.40551536173001,scaffold,2027,rf_rdkit_morgan,random_forest,rdkit+morgan,none,77abfcdbb281d08df2e9fb09cf84b2a648ea9008
freesolv,a9d61a9eba10cf50,Cn1ccnc1,hydration_free_energy,kcal/mol,test,c1c[nH]cn1,-8.40999984741211,-3.2345599981211124,-7.9136953574530775,1.4445753612108532,scaffold,2027,rf_rdkit_morgan,random_forest,rdkit+morgan,none,77abfcdbb281d08df2e9fb09cf84b2a648ea9008
freesolv,908ab04466374d9d,FC(F)(Cl)C(F)(Cl)Cl,hydration_free_energy,kcal/mol,train,,1.7699999809265137,0.8219479926288122,-3.8571873667031533,5.501083351960778,scaffold,2027,rf_rdkit_morgan,random_forest,rdkit+morgan,none,77abfcdbb281d08df2e9fb09cf84b2a648ea9008
freesolv,f39816aba1ecf31f,FC(F)(F)Br,hydration_free_energy,kcal/mol,train,,1.7899999618530273,0.9829999752566274,-3.696135384075338,5.6621353345885925,scaffold,2027,rf_rdkit_morgan,random_forest,rdkit+morgan,none,77abfcdbb281d08df2e9fb09cf84b2a648ea9008
freesolv,d47c13a6f52d42a9,FC(F)(F)CCl,hydration_free_energy,kcal/mol,train,,0.05999999865889549,-0.12006399943602863,-4.799199358767995,4.5590713598959365,scaffold,2027,rf_rdkit_morgan,random_forest,rdkit+morgan,none,77abfcdbb281d08df2e9fb09cf84b2a648ea9008
freesolv,4f805e6dc0bb19f3,FC(F)(F)F,hydration_free_energy,kcal/mol,train,,3.119999885559082,1.882299927216064,-2.7968354321159015,6.561435286548029,scaffold,2027,rf_rdkit_morgan,random_forest,rdkit+morgan,none,77abfcdbb281d08df2e9fb09cf84b2a648ea9008
freesolv,e087d5496692127a,FC(F)(F)[C@H](Cl)Br,hydration_free_energy,kcal/mol,train,,-0.10999999940395355,-0.05515999848767894,-4.7342953578196445,4.623975360844287,scaffold,2027,rf_rdkit_morgan,random_forest,rdkit+morgan,none,77abfcdbb281d08df2e9fb09cf84b2a648ea9008
freesolv,e66e31556faf8723,FC(F)(F)c1cccc(C(F)(F)F)c1,hydration_free_energy,kcal/mol,train,c1ccccc1,1.0700000524520874,0.39862004302441134,-4.280515316307554,5.077755402356377,scaffold,2027,rf_rdkit_morgan,random_forest,rdkit+morgan,none,77abfcdbb281d08df2e9fb09cf84b2a648ea9008
freesolv,dcb976b5c332cdf8,FC(F)(F)c1ccccc1,hydration_free_energy,kcal/mol,train,c1ccccc1,-0.25,-0.6173799977302505,-5.296515357062216,4.0617553616017155,scaffold,2027,rf_rdkit_morgan,random_forest,rdkit+morgan,none,77abfcdbb281d08df2e9fb09cf84b2a648ea9008
freesolv,e0c64c9ec3b5247b,FC(F)(F)c1ccccc1C(F)(F)F,hydration_free_energy,kcal/mol,train,c1ccccc1,1.0700000524520874,0.567760043129319,-4.111375316202647,5.246895402461284,scaffold,2027,rf_rdkit_morgan,random_forest,rdkit+morgan,none,77abfcdbb281d08df2e9fb09cf84b2a648ea9008
freesolv,8c9c04ac1860cd6f,FC(F)=C(F)C(F)(F)F,hydration_free_energy,kcal/mol,train,,2.930000066757202,1.5623280462309999,-3.1168073131009657,6.241463405562966,scaffold,2027,rf_rdkit_morgan,random_forest,rdkit+morgan,none,77abfcdbb281d08df2e9fb09cf84b2a648ea9008
freesolv,23594d220c24abf8,FC(F)Cl,hydration_free_energy,kcal/mol,train,,-0.5,-0.5956399979218876,-5.274775357253853,4.083495361410078,scaffold,2027,rf_rdkit_morgan,random_forest,rdkit+morgan,none,77abfcdbb281d08df2e9fb09cf84b2a648ea9008
freesolv,d7ca7e6b994e166f,FC(F)O[C@H](Cl)C(F)(F)F,hydration_free_energy,kcal/mol,train,,0.10000000149011612,-0.6101133304238413,-5.289248689755807,4.069022028908124,scaffold,2027,rf_rdkit_morgan,random_forest,rdkit+morgan,none,77abfcdbb281d08df2e9fb09cf84b2a648ea9008
freesolv,2c8bdbcd792f5b63,FC(F)[C@@H](F)Oc1ccccc1,hydration_free_energy,kcal/mol,train,c1ccccc1,-1.2899999618530273,-2.154979975394898,-6.834115334726864,2.5241553839370674,scaffold,2027,rf_rdkit_morgan,random_forest,rdkit+morgan,none,77abfcdbb281d08df2e9fb09cf84b2a648ea9008
freesolv,96ea3ef9f2b367bd,FC1(F)C(F)(F)C(F)(F)C1(F)F,hydration_free_energy,kcal/mol,calibration,C1CCC1,3.430000066757202,-1.412778686890007,-6.091914046221973,3.2663566724419586,scaffold,2027,rf_rdkit_morgan,random_forest,rdkit+morgan,none,77abfcdbb281d08df2e9fb09cf84b2a648ea9008
freesolv,8fdbbf5493dc7312,FCCl,hydration_free_energy,kcal/mol,train,,-0.7699999809265137,-1.0994999813586501,-5.778635340690616,3.5796353779733154,scaffold,2027,rf_rdkit_morgan,random_forest,rdkit+morgan,none,77abfcdbb281d08df2e9fb09cf84b2a648ea9008
freesolv,364f4509284cca15,F[C@H](Br)C(F)(F)F,hydration_free_energy,kcal/mol,train,,0.5,0.06418000316249284,-4.614955356169473,4.743315362494458,scaffold,2027,rf_rdkit_morgan,random_forest,rdkit+morgan,none,77abfcdbb281d08df2e9fb09cf84b2a648ea9008
freesolv,7609d49f5493dda8,Fc1ccccc1,hydration_free_energy,kcal/mol,train,c1ccccc1,-0.800000011920929,-1.440670000120996,-6.119805359452961,3.2384653592109696,scaffold,2027,rf_rdkit_morgan,random_forest,rdkit+morgan,none,77abfcdbb281d08df2e9fb09cf84b2a648ea9008
freesolv,2831ad6342d46d4c,ICI,hydration_free_energy,kcal/mol,train,,-2.490000009536743,-2.0756850111894334,-6.754820370521399,2.603450348142532,scaffold,2027,rf_rdkit_morgan,random_forest,rdkit+morgan,none,77abfcdbb281d08df2e9fb09cf84b2a648ea9008
freesolv,768ab540d7f6bbaf,Ic1ccccc1,hydration_free_energy,kcal/mol,train,c1ccccc1,-1.7400000095367432,-1.6474900108575716,-6.326625370189538,3.031645348474394,scaffold,2027,rf_rdkit_morgan,random_forest,rdkit+morgan,none,77abfcdbb281d08df2e9fb09cf84b2a648ea9008
freesolv,690a85bfd005509d,N,hydration_free_energy,kcal/mol,train,,-4.289999961853027,-4.459419999003411,-9.138555358335378,0.21971536032855443,scaffold,2027,rf_rdkit_morgan,random_forest,rdkit+morgan,none,77abfcdbb281d08df2e9fb09cf84b2a648ea9008
freesolv,ed84655a813c2ca5,N#Cc1c(Cl)cccc1Cl,hydration_free_energy,kcal/mol,train,c1ccccc1,-4.710000038146973,-4.217010009825227,-8.896145369157193,0.46212534950673856,scaffold,2027,rf_rdkit_morgan,random_forest,rdkit+morgan,none,77abfcdbb281d08df2e9fb09cf84b2a648ea9008
freesolv,51d65559d6656ecd,N#Cc1ccc(O)cc1,hydration_free_energy,kcal/mol,train,c1ccccc1,-10.170000076293945,-9.301140008449595,-13.98027536778156,-4.622004649117629,scaffold,2027,rf_rdkit_morgan,random_forest,rdkit+morgan,none,77abfcdbb281d08df2e9fb09cf84b2a648ea9008
freesolv,93f80fc3639971e8,N#Cc1cccc(O)c1,hydration_free_energy,kcal/mol,train,c1ccccc1,-9.649999618530273,-9.091339757084896,-13.770475116416861,-4.41220439775293,scaffold,2027,rf_rdkit_morgan,random_forest,rdkit+morgan,none,77abfcdbb281d08df2e9fb09cf84b2a648ea9008
freesolv,9cb88318f4e0cbfd,N#Cc1ccccc1,hydration_free_energy,kcal/mol,train,c1ccccc1,-4.099999904632568,-4.06081993985176,-8.739955299183727,0.6183154194802052,scaffold,2027,rf_rdkit_morgan,random_forest,rdkit+morgan,none,77abfcdbb281d08df2e9fb09cf84b2a648ea9008
freesolv,ba3caebef2925f4d,N#Cc1cccnc1,hydration_free_energy,kcal/mol,validation,c1ccncc1,-6.75,-4.55640496855974,-9.235540327891705,0.12273039077222592,scaffold,2027,rf_rdkit_morgan,random_forest,rdkit+morgan,none,77abfcdbb281d08df2e9fb09cf84b2a648ea9008
freesolv,65eaf74ac87f48c4,N#Cc1ccncc1,hydration_free_energy,kcal/mol,validation,c1ccncc1,-6.019999980926514,-4.474784967496988,-9.153920326828953,0.2043503918349776,scaffold,2027,rf_rdkit_morgan,random_forest,rdkit+morgan,none,77abfcdbb281d08df2e9fb09cf84b2a648ea9008
freesolv,8c4e0b39823a21e5,NC(=O)c1ccccc1,hydration_free_energy,kcal/mol,train,c1ccccc1,-11.0,-9.707460003733647,-14.386595363065613,-5.028324644401682,scaffold,2027,rf_rdkit_morgan,random_forest,rdkit+morgan,none,77abfcdbb281d08df2e9fb09cf84b2a648ea9008
freesolv,08f91f035163f756,NC1CCCCC1,hydration_free_energy,kcal/mol,calibration,C1CCCCC1,-4.590000152587891,-4.4116931313020835,-9.090828490634049,0.26744222802988205,scaffold,2027,rf_rdkit_morgan,random_forest,rdkit+morgan,none,77abfcdbb281d08df2e9fb09cf84b2a648ea9008
freesolv,24598c90512c15fe,NN,hydration_free_energy,kcal/mol,train,,-9.300000190734863,-7.1489401355385755,-11.828075494870541,-2.46980477620661,scaffold,2027,rf_rdkit_morgan,random_forest,rdkit+morgan,none,77abfcdbb281d08df2e9fb09cf84b2a648ea9008
freesolv,79ea9304963003ea,Nc1ccc(Cl)cc1,hydration_free_energy,kcal/mol,train,c1ccccc1,-5.900000095367432,-5.647220072507841,-10.326355431839808,-0.9680847131758759,scaffold,2027,rf_rdkit_morgan,random_forest,rdkit+morgan,none,77abfcdbb281d08df2e9fb09cf84b2a648ea9008
freesolv,cec2f5b1aa5dde8d,Nc1ccc(N)c2c1C(=O)c1ccccc1C2=O,hydration_free_energy,kcal/mol,calibration,O=C1c2ccccc2C(=O)c2ccccc21,-11.850000381469727,-7.170865022137761,-11.850000381469727,-2.4917296628057954,scaffold,2027,rf_rdkit_morgan,random_forest,rdkit+morgan,none,77abfcdbb281d08df2e9fb09cf84b2a648ea9008
freesolv,6021efa297cbff65,Nc1ccc(O)c2c1C(=O)c1ccccc1C2=O,hydration_free_energy,kcal/mol,calibration,O=C1c2ccccc2C(=O)c2ccccc21,-9.529999732971191,-7.628605032205584,-12.30774039153755,-2.9494696728736187,scaffold,2027,rf_rdkit_morgan,random_forest,rdkit+morgan,none,77abfcdbb281d08df2e9fb09cf84b2a648ea9008
freesolv,60b8f7cdcc4cc001,Nc1ccc([N+](=O)[O-])cc1,hydration_free_energy,kcal/mol,train,c1ccccc1,-9.819999694824219,-9.216919815540301,-13.896055174872266,-4.537784456208335,scaffold,2027,rf_rdkit_morgan,random_forest,rdkit+morgan,none,77abfcdbb281d08df2e9fb09cf84b2a648ea9008
freesolv,6dbfb544dc921040,Nc1ccc2c(c1)C(=O)c1ccccc1C2=O,hydration_free_energy,kcal/mol,calibration,O=C1c2ccccc2C(=O)c2ccccc21,-11.529999732971191,-7.1349050172120325,-11.814040376543998,-2.455769657880067,scaffold,2027,rf_rdkit_morgan,random_forest,rdkit+morgan,none,77abfcdbb281d08df2e9fb09cf84b2a648ea9008
freesolv,151a28867ddf1a05,Nc1ccc2ccccc2c1,hydration_free_energy,kcal/mol,test,c1ccc2ccccc2c1,-7.46999979019165,-5.064570019498465,-9.74370537883043,-0.3854346601664993,scaffold,2027,rf_rdkit_morgan,random_forest,rdkit+morgan,none,77abfcdbb281d08df2e9fb09cf84b2a648ea9008
freesolv,085acb392fb3c214,Nc1cccc(Cl)c1,hydration_free_energy,kcal/mol,train,c1ccccc1,-5.820000171661377,-5.637580105721941,-10.316715465053907,-0.9584447463899757,scaffold,2027,rf_rdkit_morgan,random_forest,rdkit+morgan,none,77abfcdbb281d08df2e9fb09cf84b2a648ea9008
freesolv,e1aa0c9f03e27245,Nc1cccc([N+](=O)[O-])c1,hydration_free_energy,kcal/mol,train,c1ccccc1,-8.84000015258789,-8.634860048294033,-13.313995407625999,-3.955724688962068,scaffold,2027,rf_rdkit_morgan,random_forest,rdkit+morgan,none,77abfcdbb281d08df2e9fb09cf84b2a648ea9008
freesolv,77fa39daade7a2ed,Nc1cccc2c1C(=O)c1ccccc1C2=O,hydration_free_energy,kcal/mol,calibration,O=C1c2ccccc2C(=O)c2ccccc21,-9.4399995803833,-7.0385650157481425,-11.717700375080108,-2.359429656416177,scaffold,2027,rf_rdkit_morgan,random_forest,rdkit+morgan,none,77abfcdbb281d08df2e9fb09cf84b2a648ea9008
freesolv,c7df2333181b5728,Nc1cccc2ccccc12,hydration_free_energy,kcal/mol,test,c1ccc2ccccc2c1,-7.28000020980835,-5.093150019448247,-9.772285378780213,-0.4140146601162815,scaffold,2027,rf_rdkit_morgan,random_forest,rdkit+morgan,none,77abfcdbb281d08df2e9fb09cf84b2a648ea9008
freesolv,8df927d11f3ed1df,Nc1ccccc1,hydration_free_energy,kcal/mol,train,c1ccccc1,-5.489999771118164,-5.303079889073978,-9.982215248405943,-0.6239445297420128,scaffold,2027,rf_rdkit_morgan,random_forest,rdkit+morgan,none,77abfcdbb281d08df2e9fb09cf84b2a648ea9008
freesolv,47d345a94a412d55,Nc1ccccc1Cl,hydration_free_energy,kcal/mol,train,c1ccccc1,-4.909999847412109,-5.078059926152219,-9.757195285484183,-0.398924566820253,scaffold,2027,rf_rdkit_morgan,random_forest,rdkit+morgan,none,77abfcdbb281d08df2e9fb09cf84b2a648ea9008
freesolv,793b8d33b3567aa6,Nc1ccccc1[N+](=O)[O-],hydration_free_energy,kcal/mol,train,c1ccccc1,-7.369999885559082,-7.377559923529638,-12.056695282861604,-2.6984245641976727,scaffold,2027,rf_rdkit_morgan,random_forest,rdkit+morgan,none,77abfcdbb281d08df2e9fb09cf84b2a648ea9008
freesolv,e735fff07d370f67,Nc1cnn(-c2ccccc2)c(=O)c1Cl,hydration_free_energy,kcal/mol,test,O=c1cccnn1-c1ccccc1,-16.43000030517578,-6.978825008027257,-11.657960367359223,-2.299689648695291,scaffold,2027,rf_rdkit_morgan,random_forest,rdkit+morgan,none,77abfcdbb281d08df2e9fb09cf84b2a648ea9008
freesolv,3085b87749974b25,O=C(O)c1cc(-c2ccc(F)cc2F)ccc1O,hydration_free_energy,kcal/mol,calibration,c1ccc(-c2ccccc2)cc1,-9.399999618530273,-7.888681305831673,-12.567816665163638,-3.2095459464997074,scaffold,2027,rf_rdkit_morgan,random_forest,rdkit+morgan,none,77abfcdbb281d08df2e9fb09cf84b2a648ea9008
freesolv,ac7b3ba276fd0c1f,O=C1C=CC(=O)C=C1,hydration_free_energy,kcal/mol,validation,O=C1C=CC(=O)C=C1,-6.5,-4.560769984193145,-9.23990534352511,0.11836537513882028,scaffold,2027,rf_rdkit_morgan,random_forest,rdkit+morgan,none,77abfcdbb281d08df2e9fb09cf84b2a648ea9008
freesolv,efaecaee941d65ec,O=C1CCCC1,hydration_free_energy,kcal/mol,validation,O=C1CCCC1,-4.699999809265137,-3.8220400095731004,-8.501175368905066,0.8570953497588651,scaffold,2027,rf_rdkit_morgan,random_forest,rdkit+morgan,none,77abfcdbb281d08df2e9fb09cf84b2a648ea9008
freesolv,a257b754cb4a6804,O=C1CCCCC1,hydration_free_energy,kcal/mol,test,O=C1CCCCC1,-4.909999847412109,-3.7093200129121535,-8.388455372244119,0.969815346419812,scaffold,2027,rf_rdkit_morgan,random_forest,rdkit+morgan,none,77abfcdbb281d08df2e9fb09cf84b2a648ea9008
freesolv,5d150ad954af7bcd,O=C1NC(=O)c2ccccc21,hydration_free_energy,kcal/mol,validation,O=C1NC(=O)c2ccccc21,-9.609999656677246,-6.439400001466272,-11.118535360798237,-1.760264642134306,scaffold,2027,rf_rdkit_morgan,random_forest,rdkit+morgan,none,77abfcdbb281d08df2e9fb09cf84b2a648ea9008
freesolv,bcdd6b15f2dd6f08,O=C1[C@@H]2CC=CC[C@H]2C(=O)N1SC(Cl)(Cl)Cl,hydration_free_energy,kcal/mol,validation,O=C1NC(=O)C2CC=CCC12,-9.010000228881836,-6.019560013815761,-10.698695373147727,-1.3404246544837957,scaffold,2027,rf_rdkit_morgan,random_forest,rdkit+morgan,none,77abfcdbb281d08df2e9fb09cf84b2a648ea9008
freesolv,a06e4a64d1733212,O=C1c2ccccc2C(=O)c2c(NCCO)cccc21,hydration_free_energy,kcal/mol,calibration,O=C1c2ccccc2C(=O)c2ccccc21,-14.210000038146973,-7.577220051839948,-12.256355411171914,-2.8980846925079824,scaffold,2027,rf_rdkit_morgan,random_forest,rdkit+morgan,none,77abfcdbb281d08df2e9fb09cf84b2a648ea9008
freesolv,373fcfa90050910c,O=COc1ccccc1,hydration_free_energy,kcal/mol,train,c1ccccc1,-3.819999933242798,-4.075659954190253,-8.75479531352222,0.6034754051417126,scaffold,2027,rf_rdkit_morgan,random_forest,rdkit+morgan,none,77abfcdbb281d08df2e9fb09cf84b2a648ea9008
freesolv,0834789a38b4d862,O=Cc1ccc(O)cc1,hydration_free_energy,kcal/mol,train,c1ccccc1,-8.829999923706055,-8.49097999906542,-13.170115358397386,-3.8118446397334544,scaffold,2027,rf_rdkit_morgan,random_forest,rdkit+morgan,none,77abfcdbb281d08df2e9fb09cf84b2a648ea9008
freesolv,cdcde67484b661eb,O=Cc1cccc(O)c1,hydration_free_energy,kcal/mol,train,c1ccccc1,-9.520000457763672,-8.73810026097295,-13.417235620304915,-4.058964901640984,scaffold,2027,rf_rdkit_morgan,random_forest,rdkit+morgan,none,77abfcdbb281d08df2e9fb09cf84b2a648ea9008
freesolv,958acf4ebef097af,O=Cc1ccccc1,hydration_free_energy,kcal/mol,train,c1ccccc1,-4.019999980926514,-4.086439979791639,-8.765575339123604,0.5926953795403263,scaffold,2027,rf_rdkit_morgan,random_forest,rdkit+morgan,none,77abfcdbb281d08df2e9fb09cf84b2a648ea9008
freesolv,936d7c3754abed80,O=Cc1ccccc1O,hydration_free_energy,kcal/mol,train,c1ccccc1,-4.679999828338623,-5.688799924612053,-10.367935283944018,-1.0096645652800875,scaffold,2027,rf_rdkit_morgan,random_forest,rdkit+morgan,none,77abfcdbb281d08df2e9fb09cf84b2a648ea9008
freesolv,edd708f27f82cb10,O=Cc1cccnc1,hydration_free_energy,kcal/mol,validation,c1ccncc1,-7.099999904632568,-4.691144991368054,-9.37028035070002,-0.012009632036088291,scaffold,2027,rf_rdkit_morgan,random_forest,rdkit+morgan,none,77abfcdbb281d08df2e9fb09cf84b2a648ea9008
freesolv,ea971b24f0d35a80,O=Cc1ccncc1,hydration_free_energy,kcal/mol,validation,c1ccncc1,-7.0,-4.747504983901976,-9.426640343233942,-0.0683696245700105,scaffold,2027,rf_rdkit_morgan,random_forest,rdkit+morgan,none,77abfcdbb281d08df2e9fb09cf84b2a648ea9008
freesolv,7ad65a67ffa70f4b,O=S1OC[C@@H]2[C@H](CO1)[C@]1(Cl)C(Cl)=C(Cl)[C@@]2(Cl)C1(Cl)Cl,hydration_free_energy,kcal/mol,calibration,O=S1OCC2C3C=CC(C3)C2CO1,-4.230000019073486,-6.5942533342204985,-11.273388693552464,-1.915117974888533,scaffold,2027,rf_rdkit_morgan,random_forest,rdkit+morgan,none,77abfcdbb281d08df2e9fb09cf84b2a648ea9008
freesolv,92bc713f6762c1df,O=[N+]([O-])C(Cl)(Cl)Cl,hydration_free_energy,kcal/mol,train,,-1.4500000476837158,-2.328746688801793,-7.007882048133759,2.3503886705301724,scaffold,2027,rf_rdkit_morgan,random_forest,rdkit+morgan,none,77abfcdbb281d08df2e9fb09cf84b2a648ea9008
freesolv,18b4905fa7a9467f,O=[N+]([O-])OCCCO[N+](=O)[O-],hydration_free_energy,kcal/mol,train,,-4.800000190734863,-4.85060012292862,-9.529735482260586,-0.17146476359665463,scaffold,2027,rf_rdkit_morgan,random_forest,rdkit+morgan,none,77abfcdbb281d08df2e9fb09cf84b2a648ea9008
freesolv,8c7197a6424e71e3,O=[N+]([O-])OCCO,hydration_free_energy,kcal/mol,train,,-8.180000305175781,-7.467166869878778,-12.146302229210743,-2.788031510546812,scaffold,2027,rf_rdkit_morgan,random_forest,rdkit+morgan,none,77abfcdbb281d08df2e9fb09cf84b2a648ea9008
freesolv,3f211c1bf953b801,O=[N+]([O-])OCCO[N+](=O)[O-],hydration_free_energy,kcal/mol,train,,-5.730000019073486,-5.4456000275052965,-10.124735386837262,-0.7664646681733309,scaffold,2027,rf_rdkit_morgan,random_forest,rdkit+morgan,none,77abfcdbb281d08df2e9fb09cf84b2a648ea9008
freesolv,c7b90e22bebd2485,O=[N+]([O-])c1c(Cl)c(Cl)c(Cl)c(Cl)c1Cl,hydration_free_energy,kcal/mol,train,c1ccccc1,-5.21999979019165,-5.1190518491804475,-9.798187208512413,-0.439916489848482,scaffold,2027,rf_rdkit_morgan,random_forest,rdkit+morgan,none,77abfcdbb281d08df2e9fb09cf84b2a648ea9008
freesolv,819d0d9fd216fcd8,O=[N+]([O-])c1ccc(O)cc1,hydration_free_energy,kcal/mol,train,c1ccccc1,-10.640000343322754,-9.631560186862904,-14.31069554619487,-4.952424827530939,scaffold,2027,rf_rdkit_morgan,random_forest,rdkit+morgan,none,77abfcdbb281d08df2e9fb09cf84b2a648ea9008
freesolv,f49e79a6c87b1ffc,O=[N+]([O-])c1cccc(O)c1,hydration_free_energy,kcal/mol,train,c1ccccc1,-9.619999885559082,-9.015439964771238,-13.694575324103203,-4.336304605439272,scaffold,2027,rf_rdkit_morgan,random_forest,rdkit+morgan,none,77abfcdbb281d08df2e9fb09cf84b2a648ea9008
freesolv,2f207849e668e96f,O=[N+]([O-])c1ccccc1,hydration_free_energy,kcal/mol,train,c1ccccc1,-4.119999885559082,-4.538959921807054,-9.21809528113902,0.14017543752491157,scaffold,2027,rf_rdkit_morgan,random_forest,rdkit+morgan,none,77abfcdbb281d08df2e9fb09cf84b2a648ea9008
freesolv,2e397c61ab395a28,O=[N+]([O-])c1ccccc1O,hydration_free_energy,kcal/mol,train,c1ccccc1,-4.579999923706055,-5.78121994698047,-10.460355306312437,-1.1020845876485046,scaffold,2027,rf_rdkit_morgan,random_forest,rdkit+morgan,none,77abfcdbb281d08df2e9fb09cf84b2a648ea9008
freesolv,573bd8a61399ae31,O=c1[nH]c(=O)[nH]c(=O)[nH]1,hydration_free_energy,kcal/mol,calibration,O=c1[nH]c(=O)[nH]c(=O)[nH]1,-18.059999465942383,-5.817760014981028,-10.496895374312993,-1.1386246556490622,scaffold,2027,rf_rdkit_morgan,random_forest,rdkit+morgan,none,77abfcdbb281d08df2e9fb09cf84b2a648ea9008
freesolv,cddfd0f06e81b8b1,O=c1[nH]cc(Br)c(=O)[nH]1,hydration_free_energy,kcal/mol,validation,O=c1cc[nH]c(=O)[nH]1,-18.170000076293945,-5.556231659453363,-10.235367018785329,-0.8770963001213978,scaffold,2027,rf_rdkit_morgan,random_forest,rdkit+morgan,none,77abfcdbb281d08df2e9fb09cf84b2a648ea9008
freesolv,2072aaa51fe60a41,O=c1[nH]cc(C(F)(F)F)c(=O)[nH]1,hydration_free_energy,kcal/mol,validation,O=c1cc[nH]c(=O)[nH]1,-15.460000038146973,-4.86305197286755,-9.542187332199514,-0.18391661353558408,scaffold,2027,rf_rdkit_morgan,random_forest,rdkit+morgan,none,77abfcdbb281d08df2e9fb09cf84b2a648ea9008
freesolv,b20d78724d54723c,O=c1[nH]cc(Cl)c(=O)[nH]1,hydration_free_energy,kcal/mol,validation,O=c1cc[nH]c(=O)[nH]1,-17.739999771118164,-5.920556660756471,-10.599692020088437,-1.2414213014245057,scaffold,2027,rf_rdkit_morgan,random_forest,rdkit+morgan,none,77abfcdbb281d08df2e9fb09cf84b2a648ea9008
freesolv,fa4b084349774829,O=c1[nH]cc(F)c(=O)[nH]1,hydration_free_energy,kcal/mol,validation,O=c1cc[nH]c(=O)[nH]1,-16.920000076293945,-5.75808665484935,-10.437222014181316,-1.0789512955173848,scaffold,2027,rf_rdkit_morgan,random_forest,rdkit+morgan,none,77abfcdbb281d08df2e9fb09cf84b2a648ea9008
freesolv,f6ac8e5a51fd9b52,O=c1[nH]cc(I)c(=O)[nH]1,hydration_free_energy,kcal/mol,validation,O=c1cc[nH]c(=O)[nH]1,-18.719999313354492,-5.703431659247725,-10.38256701857969,-1.0242962999157594,scaffold,2027,rf_rdkit_morgan,random_forest,rdkit+morgan,none,77abfcdbb281d08df2e9fb09cf84b2a648ea9008
freesolv,05f89cf62c049133,O=c1cc(Cl)[nH]c(=O)[nH]1,hydration_free_energy,kcal/mol,validation,O=c1cc[nH]c(=O)[nH]1,-15.829999923706055,-5.6851049886010605,-10.364240347933027,-1.005969629269095,scaffold,2027,rf_rdkit_morgan,random_forest,rdkit+morgan,none,77abfcdbb281d08df2e9fb09cf84b2a648ea9008
freesolv,79191f708aac72af,OC1CCCC1,hydration_free_energy,kcal/mol,test,C1CCCC1,-5.489999771118164,-4.930331424013314,-9.60946678334528,-0.2511960646813485,scaffold,2027,rf_rdkit_morgan,random_forest,rdkit+morgan,none,77abfcdbb281d08df2e9fb09cf84b2a648ea9008
freesolv,13bf59087e3f76ff,OC1CCCCC1,hydration_free_energy,kcal/mol,calibration,C1CCCCC1,-5.460000038146973,-4.84967144218513,-9.528806801517096,-0.17053608285316457,scaffold,2027,rf_rdkit_morgan,random_forest,rdkit+morgan,none,77abfcdbb281d08df2e9fb09cf84b2a648ea9008
freesolv,3a6088586348cf7f,OC1CCCCCC1,hydration_free_energy,kcal/mol,validation,C1CCCCCC1,-5.480000019073486,-4.729507448644723,-9.408642807976689,-0.050372089312757495,scaffold,2027,rf_rdkit_morgan,random_forest,rdkit+morgan,none,77abfcdbb281d08df2e9fb09cf84b2a648ea9008
freesolv,687a2dc922ea1a36,OCC(F)(F)F,hydration_free_energy,kcal/mol,train,,-4.309999942779541,-4.383397287990148,-9.062532647322113,0.29573807134181784,scaffold,2027,rf_rdkit_morgan,random_forest,rdkit+morgan,none,77abfcdbb281d08df2e9fb09cf84b2a648ea9008
freesolv,7817e0695a0a58ee,OCC(O)CO,hydration_free_energy,kcal/mol,train,,-13.430000305175781,-10.92302021484079,-15.602155574172755,-6.243884855508824,scaffold,2027,rf_rdkit_morgan,random_forest,rdkit+morgan,none,77abfcdbb281d08df2e9fb09cf84b2a648ea9008
freesolv,da60db9636ea1107,OCCCc1ccccc1,hydration_free_energy,kcal/mol,train,c1ccccc1,-6.920000076293945,-6.379930045306707,-11.059065404638673,-1.7007946859747411,scaffold,2027,rf_rdkit_morgan,random_forest,rdkit+morgan,none,77abfcdbb281d08df2e9fb09cf84b2a648ea9008
freesolv,5c3c2680787458c1,OCCO,hydration_free_energy,kcal/mol,train,,-9.300000190734863,-8.03476012158395,-12.713895480915916,-3.355624762251985,scaffold,2027,rf_rdkit_morgan,random_forest,rdkit+morgan,none,77abfcdbb281d08df2e9fb09cf84b2a648ea9008
freesolv,cc6267fd5c207d0f,OCCc1ccccc1,hydration_free_energy,kcal/mol,train,c1ccccc1,-6.789999961853027,-6.485689982175833,-11.164825341507798,-1.8065546228438674,scaffold,2027,rf_rdkit_morgan,random_forest,rdkit+morgan,none,77abfcdbb281d08df2e9fb09cf84b2a648ea9008
freesolv,3fc407fd83f57079,OC[C@@H](O)[C@@H](O)[C@H](O)[C@H](O)CO,hydration_free_energy,kcal/mol,train,,-23.6200008392334,-17.69967390225831,-22.378809261590277,-13.020538542926346,scaffold,2027,rf_rdkit_morgan,random_forest,rdkit+morgan,none,77abfcdbb281d08df2e9fb09cf84b2a648ea9008
freesolv,70fe802de633ac06,OC[C@H]1O[C@@H](O)[C@H](O)[C@@H](O)[C@@H]1O,hydration_free_energy,kcal/mol,test,C1CCOCC1,-25.469999313354492,-12.050960298866029,-16.730095658197996,-7.371824939534063,scaffold,2027,rf_rdkit_morgan,random_forest,rdkit+morgan,none,77abfcdbb281d08df2e9fb09cf84b2a648ea9008
freesolv,9aba038d3f4200a5,OCc1ccccc1,hydration_free_energy,kcal/mol,train,c1ccccc1,-6.619999885559082,-6.28912993079424,-10.968265290126205,-1.6099945714622743,scaffold,2027,rf_rdkit_morgan,random_forest,rdkit+morgan,none,77abfcdbb281d08df2e9fb09cf84b2a648ea9008
freesolv,a567f2cbddf29886,O[C@@H]1[C@@H](O)[C@@H](O)OC[C@H]1O,hydration_free_energy,kcal/mol,test,C1CCOCC1,-20.520000457763672,-9.765980197474361,-14.445115556806327,-5.086844838142396,scaffold,2027,rf_rdkit_morgan,random_forest,rdkit+morgan,none,77abfcdbb281d08df2e9fb09cf84b2a648ea9008
freesolv,67dc214c51fbc83b,Oc1ccc(Br)cc1,hydration_free_energy,kcal/mol,train,c1ccccc1,-5.849999904632568,-6.01273994533719,-10.691875304669155,-1.3336045860052241,scaffold,2027,rf_rdkit_morgan,random_forest,rdkit+morgan,none,77abfcdbb281d08df2e9fb09cf84b2a648ea9008
freesolv,b996f9741fc5cff6,Oc1ccc(Cl)c(Cl)c1,hydration_free_energy,kcal/mol,train,c1ccccc1,-7.289999961853027,-6.904109981104739,-11.583245340436704,-2.2249746217727733,scaffold,2027,rf_rdkit_morgan,random_forest,rdkit+morgan,none,77abfcdbb281d08df2e9fb09cf84b2a648ea9008
freesolv,1aa838762f1917bf,Oc1ccc(Cl)cc1,hydration_free_energy,kcal/mol,train,c1ccccc1,-7.03000020980835,-6.789800121426561,-11.468935480758526,-2.1106647620945953,scaffold,2027,rf_rdkit_morgan,random_forest,rdkit+morgan,none,77abfcdbb281d08df2e9fb09cf84b2a648ea9008
freesolv,e2864dba67ef283d,Oc1ccc(F)cc1,hydration_free_energy,kcal/mol,train,c1ccccc1,-6.190000057220459,-6.349160052061103,-11.028295411393069,-1.6700246927291378,scaffold,2027,rf_rdkit_morgan,random_forest,rdkit+morgan,none,77abfcdbb281d08df2e9fb09cf84b2a648ea9008
freesolv,7f518d93e9c142c0,Oc1ccc2ccccc2c1,hydration_free_energy,kcal/mol,test,c1ccc2ccccc2c1,-8.109999656677246,-6.076459986969833,-10.7555953463018,-1.3973246276378672,scaffold,2027,rf_rdkit_morgan,random_forest,rdkit+morgan,none,77abfcdbb281d08df2e9fb09cf84b2a648ea9008
freesolv,cbbe38134650c076,Oc1cccc(Cl)c1,hydration_free_energy,kcal/mol,train,c1ccccc1,-6.619999885559082,-6.5265199561119065,-11.205655315443872,-1.847384596779941,scaffold,2027,rf_rdkit_morgan,random_forest,rdkit+morgan,none,77abfcdbb281d08df2e9fb09cf84b2a648ea9008
freesolv,988ca1a38a1581f9,Oc1cccc2ccccc12,hydration_free_energy,kcal/mol,test,c1ccc2ccccc2c1,-7.670000076293945,-5.772090002447366,-10.451225361779333,-1.0929546431154007,scaffold,2027,rf_rdkit_morgan,random_forest,rdkit+morgan,none,77abfcdbb281d08df2e9fb09cf84b2a648ea9008
freesolv,3800b14c418b69c5,Oc1ccccc1,hydration_free_energy,kcal/mol,train,c1ccccc1,-6.599999904632568,-6.2756599382609055,-10.95479529759287,-1.59652457892894,scaffold,2027,rf_rdkit_morgan,random_forest,rdkit+morgan,none,77abfcdbb281d08df2e9fb09cf84b2a648ea9008
freesolv,9bf03d8ccdb3c64c,Oc1ccccc1Cl,hydration_free_energy,kcal/mol,train,c1ccccc1,-4.550000190734863,-5.186870100736613,-9.866005460068578,-0.5077347414046471,scaffold,2027,rf_rdkit_morgan,random_forest,rdkit+morgan,none,77abfcdbb281d08df2e9fb09cf84b2a648ea9008
freesolv,aedc78ece946d401,Oc1ccccc1F,hydration_free_energy,kcal/mol,train,c1ccccc1,-5.289999961853027,-5.470619981199514,-10.14975534053148,-0.7914846218675482,scaffold,2027,rf_rdkit_morgan,random_forest,rdkit+morgan,none,77abfcdbb281d08df2e9fb09cf84b2a648ea9008
freesolv,d3b87da98c67562d,Oc1ccccc1I,hydration_free_energy,kcal/mol,train,c1ccccc1,-6.199999809265137,-5.997064889281983,-10.676200248613949,-1.3179295299500176,scaffold,2027,rf_rdkit_morgan,random_forest,rdkit+morgan,none,77abfcdbb281d08df2e9fb09cf84b2a648ea9008
freesolv,3a126e2a44c3887a,S,hydration_free_energy,kcal/mol,train,,-0.699999988079071,-0.7368999909981921,-5.416035350330158,3.9422353683337734,scaffold,2027,rf_rdkit_morgan,random_forest,rdkit+morgan,none,77abfcdbb281d08df2e9fb09cf84b2a648ea9008
freesolv,371a5e389c8c0955,Sc1ccccc1,hydration_free_energy,kcal/mol,train,c1ccccc1,-2.549999952316284,-2.4233599711023266,-7.102495330434293,2.255775388229639,scaffold,2027,rf_rdkit_morgan,random_forest,rdkit+morgan,none,77abfcdbb281d08df2e9fb09cf84b2a648ea9008
freesolv,642af2bc8b818bc9,[O-][S+2]1([O-])CCCC1,hydration_free_energy,kcal/mol,test,C1CC[SH2+2]C1,-8.609999656677246,-5.150586659047754,-9.82972201837972,-0.47145129971578825,scaffold,2027,rf_rdkit_morgan,random_forest,rdkit+morgan,none,77abfcdbb281d08df2e9fb09cf84b2a648ea9008
freesolv,f099726b50ba9b25,c1c[nH]cn1,hydration_free_energy,kcal/mol,test,c1c[nH]cn1,-9.630000114440918,-4.058960002612323,-8.73809536194429,0.6201753567196429,scaffold,2027,rf_rdkit_morgan,random_forest,rdkit+morgan,none,77abfcdbb281d08df2e9fb09cf84b2a648ea9008
freesolv,98f5a3867d0fbe7a,c1cc2c3c(cccc3c1)CC2,hydration_free_energy,kcal/mol,calibration,c1cc2c3c(cccc3c1)CC2,-3.1500000953674316,-1.3787500021457673,-6.057885361477733,3.3003853571861983,scaffold,2027,rf_rdkit_morgan,random_forest,rdkit+morgan,none,77abfcdbb281d08df2e9fb09cf84b2a648ea9008
freesolv,b0c2afa3b4daa40d,c1cc2ccc3cccc4ccc(c1)c2c34,hydration_free_energy,kcal/mol,validation,c1cc2ccc3cccc4ccc(c1)c2c34,-4.519999980926514,-1.4922599999420343,-6.171395359273999,3.1868753593899313,scaffold,2027,rf_rdkit_morgan,random_forest,rdkit+morgan,none,77abfcdbb281d08df2e9fb09cf84b2a648ea9008
freesolv,7b676dabf15907c8,c1cc[nH]c1,hydration_free_energy,kcal/mol,calibration,c1cc[nH]c1,-4.78000020980835,-3.220346666663885,-7.899482025995851,1.4587886926680804,scaffold,2027,rf_rdkit_morgan,random_forest,rdkit+morgan,none,77abfcdbb281d08df2e9fb09cf84b2a648ea9008
freesolv,7a5bc4f64c5195f9,c1ccc(-c2ccccc2)cc1,hydration_free_energy,kcal/mol,calibration,c1ccc(-c2ccccc2)cc1,-2.700000047683716,-1.0590000016987298,-5.738135361030695,3.620135357633236,scaffold,2027,rf_rdkit_morgan,random_forest,rdkit+morgan,none,77abfcdbb281d08df2e9fb09cf84b2a648ea9008
freesolv,e797994168bdf8e5,c1ccc(Cn2ccnc2)cc1,hydration_free_energy,kcal/mol,calibration,c1ccc(Cn2ccnc2)cc1,-7.630000114440918,-3.698300009991973,-8.377435369323939,0.9808353493399924,scaffold,2027,rf_rdkit_morgan,random_forest,rdkit+morgan,none,77abfcdbb281d08df2e9fb09cf84b2a648ea9008
freesolv,dee9bfd78d64e4a2,c1ccc(Oc2ccccc2)cc1,hydration_free_energy,kcal/mol,validation,c1ccc(Oc2ccccc2)cc1,-2.869999885559082,-3.3972399953603745,-8.07637535469234,1.281895363971591,scaffold,2027,rf_rdkit_morgan,random_forest,rdkit+morgan,none,77abfcdbb281d08df2e9fb09cf84b2a648ea9008
freesolv,4ffb5477eed907c6,c1ccc2c(c1)CCC2,hydration_free_energy,kcal/mol,validation,c1ccc2c(c1)CCC2,-1.4600000381469727,-0.989820001050826,-5.668955360382792,3.6893153582811395,scaffold,2027,rf_rdkit_morgan,random_forest,rdkit+morgan,none,77abfcdbb281d08df2e9fb09cf84b2a648ea9008
freesolv,47543d385846569e,c1ccc2c(c1)Cc1ccccc1-2,hydration_free_energy,kcal/mol,validation,c1ccc2c(c1)Cc1ccccc1-2,-3.3499999046325684,-1.3343199999928463,-6.013455359324812,3.344815359339119,scaffold,2027,rf_rdkit_morgan,random_forest,rdkit+morgan,none,77abfcdbb281d08df2e9fb09cf84b2a648ea9008
freesolv,17465babc9cd1c82,c1ccc2c(c1)Cc1ccccc1C2,hydration_free_energy,kcal/mol,calibration,c1ccc2c(c1)Cc1ccccc1C2,-3.7799999713897705,-1.2169600042551734,-5.896095363587139,3.462175355076792,scaffold,2027,rf_rdkit_morgan,random_forest,rdkit+morgan,none,77abfcdbb281d08df2e9fb09cf84b2a648ea9008
freesolv,fb7f87c7e6dfb66e,c1ccc2c(c1)Oc1ccccc1O2,hydration_free_energy,kcal/mol,test,c1ccc2c(c1)Oc1ccccc1O2,-3.1500000953674316,-4.837620000645518,-9.516755359977484,-0.1584846413135521,scaffold,2027,rf_rdkit_morgan,random_forest,rdkit+morgan,none,77abfcdbb281d08df2e9fb09cf84b2a648ea9008
freesolv,ccd5156c3d611af8,c1ccc2c(c1)ccc1ccccc12,hydration_free_energy,kcal/mol,test,c1ccc2c(c1)ccc1ccccc12,-3.880000114440918,-1.3183199996054153,-5.997455358937381,3.3608153597265504,scaffold,2027,rf_rdkit_morgan,random_forest,rdkit+morgan,none,77abfcdbb281d08df2e9fb09cf84b2a648ea9008
freesolv,784372b072523a7c,c1ccc2cc3ccccc3cc2c1,hydration_free_energy,kcal/mol,test,c1ccc2cc3ccccc3cc2c1,-3.950000047683716,-1.2993399990946033,-5.978475358426569,3.3797953602373623,scaffold,2027,rf_rdkit_morgan,random_forest,rdkit+morgan,none,77abfcdbb281d08df2e9fb09cf84b2a648ea9008
freesolv,c7ef340f0fa3dd43,c1ccc2ccccc2c1,hydration_free_energy,kcal/mol,test,c1ccc2ccccc2c1,-2.4000000953674316,-1.166750002026557,-5.845885361358523,3.5123853573054085,scaffold,2027,rf_rdkit_morgan,random_forest,rdkit+morgan,none,77abfcdbb281d08df2e9fb09cf84b2a648ea9008
freesolv,93816c4b27d69be9,c1ccc2ncccc2c1,hydration_free_energy,kcal/mol,calibration,c1ccc2ncccc2c1,-5.71999979019165,-3.2935600034445525,-7.972695362776518,1.385575355887413,scaffold,2027,rf_rdkit_morgan,random_forest,rdkit+morgan,none,77abfcdbb281d08df2e9fb09cf84b2a648ea9008
freesolv,1c8645677ff2de98,c1ccccc1,hydration_free_energy,kcal/mol,train,c1ccccc1,-0.8999999761581421,-0.7135599835328605,-5.392695342864826,3.965575375799105,scaffold,2027,rf_rdkit_morgan,random_forest,rdkit+morgan,none,77abfcdbb281d08df2e9fb09cf84b2a648ea9008
freesolv,d311fe7bbff8011b,c1ccncc1,hydration_free_energy,kcal/mol,validation,c1ccncc1,-4.690000057220459,-2.9536799901798365,-7.632815349511802,1.725455369152129,scaffold,2027,rf_rdkit_morgan,random_forest,rdkit+morgan,none,77abfcdbb281d08df2e9fb09cf84b2a648ea9008
freesolv,dd5ad833c0c7aa1e,c1ccsc1,hydration_free_energy,kcal/mol,validation,c1ccsc1,-1.399999976158142,-1.7157449965178961,-6.394880355849862,2.9633903628140694,scaffold,2027,rf_rdkit_morgan,random_forest,rdkit+morgan,none,77abfcdbb281d08df2e9fb09cf84b2a648ea9008
