dataset,molecule_id,smiles,property,units,partition,scaffold,y_true,y_pred,prediction_lower,prediction_upper,split_strategy,seed,model,family,features,fusion,git_commit
esol,da61f9c875766442,BrC(Br)(Br)Br,aqueous_solubility,log10(mol/L),train,,-3.140000104904175,-3.2125487279486777,-4.094984245692672,-2.330113210204684,random,2035,hybrid_concat,edge_gnn,rdkit,concat,77abfcdbb281d08df2e9fb09cf84b2a648ea9008
esol,033a6d997321375a,BrC(Br)Br,aqueous_solubility,log10(mol/L),train,,-1.909999966621399,-1.8410975354259804,-2.723533053169974,-0.9586620176819869,random,2035,hybrid_concat,edge_gnn,rdkit,concat,77abfcdbb281d08df2e9fb09cf84b2a648ea9008
esol,9ab68a3afbba9fc0,BrCBr,aqueous_solubility,log10(mol/L),test,,-1.1699999570846558,-1.267506420686298,-2.149941938430292,-0.3850709029423045,random,2035,hybrid_concat,edge_gnn,rdkit,concat,77abfcdbb281d08df2e9fb09cf84b2a648ea9008
esol,bd914b232803b250,BrCCBr,aqueous_solubility,log10(mol/L),train,,-1.6799999475479126,-1.6367758422368517,-2.5192113599808454,-0.7543403244928581,random,2035,hybrid_concat,edge_gnn,rdkit,concat,77abfcdbb281d08df2e9fb09cf84b2a648ea9008
esol,77a4ca2bbfb75522,Brc1cc(Br)c(Br)cc1Br,aqueous_solubility,log10(mol/L),train,,-6.980000019073486,-6.931195328282987,-7.813630846026981,-6.048759810538994,random,2035,hybrid_concat,edge_gnn,rdkit,concat,77abfcdbb281d08df2e9fb09cf84b2a648ea9008
esol,21cbcc346182e499,Brc1cc(Br)cc(Br)c1,aqueous_solubility,log10(mol/L),train,,-5.599999904632568,-5.598306275163843,-6.480741792907836,-4.715870757419849,random,2035,hybrid_concat,edge_gnn,rdkit,concat,77abfcdbb281d08df2e9fb09cf84b2a648ea9008
esol,599294ce62557e5e,Brc1ccc(Br)c(Br)c1,aqueous_solubility,log10(mol/L),train,,-4.5,-4.844611794931563,-5.727047312675556,-3.9621762771875693,random,2035,hybrid_concat,edge_gnn,rdkit,concat,77abfcdbb281d08df2e9fb09cf84b2a648ea9008
esol,5e05b0f3e484f559,Brc1ccc(Br)cc1,aqueous_solubility,log10(mol/L),train,,-4.070000171661377,-4.078138558326737,-4.96057407607073,-3.1957030405827433,random,2035,hybrid_concat,edge_gnn,rdkit,concat,77abfcdbb281d08df2e9fb09cf84b2a648ea9008
esol,bbdc3f8b7bb7f0e8,Brc1ccc(I)cc1,aqueous_solubility,log10(mol/L),train,,-4.559999942779541,-4.43640929353521,-5.318844811279203,-3.553973775791216,random,2035,hybrid_concat,edge_gnn,rdkit,concat,77abfcdbb281d08df2e9fb09cf84b2a648ea9008
esol,30d2b25ba1f64487,Brc1ccc2ccccc2c1,aqueous_solubility,log10(mol/L),train,,-4.400000095367432,-4.4667008303613205,-5.349136348105314,-3.584265312617327,random,2035,hybrid_concat,edge_gnn,rdkit,concat,77abfcdbb281d08df2e9fb09cf84b2a648ea9008
esol,e49ac581c1a589b2,Brc1cccc(Br)c1,aqueous_solubility,log10(mol/L),test,,-3.5399999618530273,-3.650937479284724,-4.533372997028717,-2.7685019615407302,random,2035,hybrid_concat,edge_gnn,rdkit,concat,77abfcdbb281d08df2e9fb09cf84b2a648ea9008
esol,4ec2811097081ab4,Brc1cccc2ccccc12,aqueous_solubility,log10(mol/L),validation,,-4.349999904632568,-4.321272686282677,-5.203708204026671,-3.438837168538684,random,2035,hybrid_concat,edge_gnn,rdkit,concat,77abfcdbb281d08df2e9fb09cf84b2a648ea9008
esol,0397bd2cd69b335c,Brc1ccccc1,aqueous_solubility,log10(mol/L),train,,-2.549999952316284,-2.717570804022353,-3.6000063217663465,-1.8351352862783594,random,2035,hybrid_concat,edge_gnn,rdkit,concat,77abfcdbb281d08df2e9fb09cf84b2a648ea9008
esol,324f80b71abb8f48,Brc1ccccc1Br,aqueous_solubility,log10(mol/L),train,,-3.5,-3.7651285399826127,-4.647564057726607,-2.882693022238619,random,2035,hybrid_concat,edge_gnn,rdkit,concat,77abfcdbb281d08df2e9fb09cf84b2a648ea9008
esol,ef653be8d856a3e3,C,aqueous_solubility,log10(mol/L),train,,-0.8999999761581421,-0.8925997406290103,-1.7750352583730038,-0.010164222885016727,random,2035,hybrid_concat,edge_gnn,rdkit,concat,77abfcdbb281d08df2e9fb09cf84b2a648ea9008
esol,1e62faae86ae77c5,C#C,aqueous_solubility,log10(mol/L),train,,0.28999999165534973,0.4729905435626125,-0.40944497418138104,1.355426061306606,random,2035,hybrid_concat,edge_gnn,rdkit,concat,77abfcdbb281d08df2e9fb09cf84b2a648ea9008
esol,be01c31d44889bd9,C#CC,aqueous_solubility,log10(mol/L),test,,-0.4099999964237213,-0.4820847518597473,-1.3645202696037408,0.40035076588424623,random,2035,hybrid_concat,edge_gnn,rdkit,concat,77abfcdbb281d08df2e9fb09cf84b2a648ea9008
esol,418e7591029ea69f,C#CC(C)N(C)C(=O)Nc1ccc(Cl)cc1,aqueous_solubility,log10(mol/L),calibration,,-3.9000000953674316,-3.3209167515212683,-4.203352269265261,-2.4384812337772748,random,2035,hybrid_concat,edge_gnn,rdkit,concat,77abfcdbb281d08df2e9fb09cf84b2a648ea9008
esol,9ab8feee6b5a7528,C#CC(C)OC(=O)Nc1cccc(Cl)c1,aqueous_solubility,log10(mol/L),calibration,,-2.617000102996826,-3.1196579229390458,-4.002093440683039,-2.237222405195052,random,2035,hybrid_concat,edge_gnn,rdkit,concat,77abfcdbb281d08df2e9fb09cf84b2a648ea9008
esol,254e2b1734e74745,C#CC1(O)CCC2C3CCC4=CC(=O)CCC4(C)C3CCC21C,aqueous_solubility,log10(mol/L),test,,-5.659999847412109,-4.83737457050001,-5.719810088244004,-3.954939052756017,random,2035,hybrid_concat,edge_gnn,rdkit,concat,77abfcdbb281d08df2e9fb09cf84b2a648ea9008
esol,8df5408ffcddd97a,C#CC1(O)CCC2C3CCC4=CC(=O)CCC4(O)C3CCC21C,aqueous_solubility,log10(mol/L),train,,-4.570000171661377,-4.479962660485723,-5.362398178229716,-3.597527142741729,random,2035,hybrid_concat,edge_gnn,rdkit,concat,77abfcdbb281d08df2e9fb09cf84b2a648ea9008
esol,1e8401e159a17ddb,C#CC1(O)CCC2C3CCC4=Cc5oncc5CC4(C)C3CCC21C,aqueous_solubility,log10(mol/L),train,,-5.506999969482422,-5.534852638129161,-6.4172881558731545,-4.652417120385167,random,2035,hybrid_concat,edge_gnn,rdkit,concat,77abfcdbb281d08df2e9fb09cf84b2a648ea9008
esol,0ede43d08b0b685a,C#CC1(O)CCC2C3CCc4cc(O)ccc4C3CCC21C,aqueous_solubility,log10(mol/L),train,,-4.300000190734863,-4.5186406339681815,-5.401076151712175,-3.636205116224188,random,2035,hybrid_concat,edge_gnn,rdkit,concat,77abfcdbb281d08df2e9fb09cf84b2a648ea9008
esol,f6f3f8ce45fa9dfa,C#CC1(OC(C)=O)CCC2C3CCC4=CC(=O)CCC4C3CCC21C,aqueous_solubility,log10(mol/L),train,,-4.800000190734863,-4.888508593272569,-5.770944111016562,-4.006073075528575,random,2035,hybrid_concat,edge_gnn,rdkit,concat,77abfcdbb281d08df2e9fb09cf84b2a648ea9008
esol,3e31eac302cfd8fc,C#CCC,aqueous_solubility,log10(mol/L),train,,-1.2400000095367432,-1.1251511487115269,-2.0075866664555204,-0.24271563096753335,random,2035,hybrid_concat,edge_gnn,rdkit,concat,77abfcdbb281d08df2e9fb09cf84b2a648ea9008
esol,ef58f1c4944033aa,C#CCCC,aqueous_solubility,log10(mol/L),train,,-1.6399999856948853,-1.7669252369258048,-2.6493607546697984,-0.8844897191818113,random,2035,hybrid_concat,edge_gnn,rdkit,concat,77abfcdbb281d08df2e9fb09cf84b2a648ea9008
esol,9df9f03554f45e69,C#CCCCC,aqueous_solubility,log10(mol/L),train,,-2.359999895095825,-2.355520133896625,-3.2379556516406187,-1.4730846161526316,random,2035,hybrid_concat,edge_gnn,rdkit,concat,77abfcdbb281d08df2e9fb09cf84b2a648ea9008
esol,0b51237b33e42d49,C#CCCCCC,aqueous_solubility,log10(mol/L),train,,-3.009999990463257,-3.167698580597766,-4.0501340983417595,-2.2852630628537725,random,2035,hybrid_concat,edge_gnn,rdkit,concat,77abfcdbb281d08df2e9fb09cf84b2a648ea9008
esol,48de0e30b5d246ce,C#CCCCCCC,aqueous_solubility,log10(mol/L),calibration,,-3.6600000858306885,-3.930617937609718,-4.813053455353712,-3.0481824198657246,random,2035,hybrid_concat,edge_gnn,rdkit,concat,77abfcdbb281d08df2e9fb09cf84b2a648ea9008
esol,a3e71f83f986b969,C#CCCCCCCC,aqueous_solubility,log10(mol/L),train,,-4.239999771118164,-4.590758018638317,-5.47319353638231,-3.7083225008943232,random,2035,hybrid_concat,edge_gnn,rdkit,concat,77abfcdbb281d08df2e9fb09cf84b2a648ea9008
esol,004b9675aac80e82,C/C=C/C=O,aqueous_solubility,log10(mol/L),train,,0.3199999928474426,0.4472840131739453,-0.43515150457004825,1.3297195309179388,random,2035,hybrid_concat,edge_gnn,rdkit,concat,77abfcdbb281d08df2e9fb09cf84b2a648ea9008
esol,0923717a6761fd77,C/C=C/CC,aqueous_solubility,log10(mol/L),test,,-2.5399999618530273,-2.9469291266784277,-3.829364644422421,-2.064493608934434,random,2035,hybrid_concat,edge_gnn,rdkit,concat,77abfcdbb281d08df2e9fb09cf84b2a648ea9008
esol,c57120d38c0a4a68,C/C=C/CCCC,aqueous_solubility,log10(mol/L),train,,-3.819999933242798,-4.167664608474296,-5.05010012621829,-3.2852290907303026,random,2035,hybrid_concat,edge_gnn,rdkit,concat,77abfcdbb281d08df2e9fb09cf84b2a648ea9008
esol,26ab7efc03939d8f,C/C=C\CC,aqueous_solubility,log10(mol/L),validation,,-2.5399999618530273,-2.957239315733084,-3.8396748334770776,-2.0748037979890905,random,2035,hybrid_concat,edge_gnn,rdkit,concat,77abfcdbb281d08df2e9fb09cf84b2a648ea9008
esol,5cd7d49aba9a7e17,C1=CCC=CC1,aqueous_solubility,log10(mol/L),test,,-2.059999942779541,-2.787420665666502,-3.6698561834104955,-1.9049851479225084,random,2035,hybrid_concat,edge_gnn,rdkit,concat,77abfcdbb281d08df2e9fb09cf84b2a648ea9008
esol,1d7f56772c078bb9,C1=CCCC1,aqueous_solubility,log10(mol/L),calibration,,-2.0999999046325684,-2.305327710191464,-3.1877632279354575,-1.4228921924474704,random,2035,hybrid_concat,edge_gnn,rdkit,concat,77abfcdbb281d08df2e9fb09cf84b2a648ea9008
esol,abde13413c473f18,C1=CCCCC1,aqueous_solubility,log10(mol/L),calibration,,-2.5899999141693115,-2.960992863394279,-3.8434283811382723,-2.0785573456502853,random,2035,hybrid_concat,edge_gnn,rdkit,concat,77abfcdbb281d08df2e9fb09cf84b2a648ea9008
esol,bb8c20b84fd920a2,C1=CCCCCC1,aqueous_solubility,log10(mol/L),calibration,,-3.180000066757202,-3.3602168243220665,-4.2426523420660605,-2.477781306578073,random,2035,hybrid_concat,edge_gnn,rdkit,concat,77abfcdbb281d08df2e9fb09cf84b2a648ea9008
esol,95b87f4f4f2bb613,C1=Cc2cccc3cccc1c23,aqueous_solubility,log10(mol/L),train,,-3.9600000381469727,-4.055239924960484,-4.937675442704477,-3.17280440721649,random,2035,hybrid_concat,edge_gnn,rdkit,concat,77abfcdbb281d08df2e9fb09cf84b2a648ea9008
esol,5c3986bd23acb32d,C1CCC2CCCCC2C1,aqueous_solubility,log10(mol/L),train,,-5.190000057220459,-5.1978137097968755,-6.080249227540869,-4.315378192052882,random,2035,hybrid_concat,edge_gnn,rdkit,concat,77abfcdbb281d08df2e9fb09cf84b2a648ea9008
esol,7c5d26a49231e799,C1CCCC1,aqueous_solubility,log10(mol/L),validation,,-2.640000104904175,-2.5817126951395455,-3.464148212883539,-1.699277177395552,random,2035,hybrid_concat,edge_gnn,rdkit,concat,77abfcdbb281d08df2e9fb09cf84b2a648ea9008
esol,4d70c6ce3ea26712,C1CCCCC1,aqueous_solubility,log10(mol/L),calibration,,-3.0999999046325684,-3.3842374075793153,-4.266672925323309,-2.501801889835322,random,2035,hybrid_concat,edge_gnn,rdkit,concat,77abfcdbb281d08df2e9fb09cf84b2a648ea9008
esol,70cfcad6dba4b5a4,C1CCCCCC1,aqueous_solubility,log10(mol/L),train,,-3.509999990463257,-3.7679723344671796,-4.650407852211173,-2.885536816723186,random,2035,hybrid_concat,edge_gnn,rdkit,concat,77abfcdbb281d08df2e9fb09cf84b2a648ea9008
esol,3049de5674a74cb5,C1CCCCCCC1,aqueous_solubility,log10(mol/L),calibration,,-4.150000095367432,-4.368732091864142,-5.251167609608135,-3.486296574120148,random,2035,hybrid_concat,edge_gnn,rdkit,concat,77abfcdbb281d08df2e9fb09cf84b2a648ea9008
esol,ec599f0cbd5e780b,C1CCOC1,aqueous_solubility,log10(mol/L),train,,0.49000000953674316,0.5028912791512652,-0.37954423859272834,1.3853267968952587,random,2035,hybrid_concat,edge_gnn,rdkit,concat,77abfcdbb281d08df2e9fb09cf84b2a648ea9008
esol,6ee75a2f4b64ffb0,C1CCOCC1,aqueous_solubility,log10(mol/L),test,,-0.029999999329447746,0.11549721662385481,-0.7669383011201387,0.9979327343678484,random,2035,hybrid_concat,edge_gnn,rdkit,concat,77abfcdbb281d08df2e9fb09cf84b2a648ea9008
esol,dbdd245cf7f7502f,C=C,aqueous_solubility,log10(mol/L),train,,-0.4000000059604645,-0.6397281485064203,-1.5221636662504139,0.2427073692375732,random,2035,hybrid_concat,edge_gnn,rdkit,concat,77abfcdbb281d08df2e9fb09cf84b2a648ea9008
esol,1ff48e0fc1bb46f2,C=C(Br)CC1(C(C)CC)C(=O)NC(=O)NC1=O,aqueous_solubility,log10(mol/L),test,,-2.6470000743865967,-2.780657571461013,-3.6630930892050064,-1.8982220537170194,random,2035,hybrid_concat,edge_gnn,rdkit,concat,77abfcdbb281d08df2e9fb09cf84b2a648ea9008
esol,e7c10ec7ffa2f500,C=C(C)C,aqueous_solubility,log10(mol/L),validation,,-2.3299999237060547,-1.6216604201320082,-2.5040959378760017,-0.7392249023880146,random,2035,hybrid_concat,edge_gnn,rdkit,concat,77abfcdbb281d08df2e9fb09cf84b2a648ea9008
esol,1e7286c23334c464,C=C(C)C(=C)C,aqueous_solubility,log10(mol/L),validation,,-2.4000000953674316,-2.5324376921423926,-3.414873209886386,-1.650002174398399,random,2035,hybrid_concat,edge_gnn,rdkit,concat,77abfcdbb281d08df2e9fb09cf84b2a648ea9008
esol,2b835da78b020754,C=C(C)C1CC=C(C)C(=O)C1,aqueous_solubility,log10(mol/L),train,,-2.059999942779541,-1.9957121608028694,-2.878147678546863,-1.1132766430588759,random,2035,hybrid_concat,edge_gnn,rdkit,concat,77abfcdbb281d08df2e9fb09cf84b2a648ea9008
esol,9920e0d07ed28e13,C=C(C)C1CC=C(C)CC1,aqueous_solubility,log10(mol/L),validation,,-4.260000228881836,-4.14632473913472,-5.028760256878714,-3.263889221390727,random,2035,hybrid_concat,edge_gnn,rdkit,concat,77abfcdbb281d08df2e9fb09cf84b2a648ea9008
esol,9ce3bd89adca3155,C=C(C)C1Cc2c(ccc3c2OC2COc4cc(OC)c(OC)cc4C2C3=O)O1,aqueous_solubility,log10(mol/L),train,,-4.420000076293945,-4.441381400440816,-5.32381691818481,-3.5589458826968228,random,2035,hybrid_concat,edge_gnn,rdkit,concat,77abfcdbb281d08df2e9fb09cf84b2a648ea9008
esol,c8d3a1f414f5bcce,C=C(C)CC,aqueous_solubility,log10(mol/L),calibration,,-2.7300000190734863,-2.426376666468259,-3.3088121842122526,-1.5439411487242656,random,2035,hybrid_concat,edge_gnn,rdkit,concat,77abfcdbb281d08df2e9fb09cf84b2a648ea9008
esol,08ff67a090d72c26,C=C(C)CCC,aqueous_solubility,log10(mol/L),train,,-3.0299999713897705,-3.084682862112908,-3.9671183798569016,-2.2022473443689146,random,2035,hybrid_concat,edge_gnn,rdkit,concat,77abfcdbb281d08df2e9fb09cf84b2a648ea9008
esol,43ca2dece41f5eb7,C=C(C)CN(CC)c1c([N+](=O)[O-])cc(C(F)(F)F)cc1[N+](=O)[O-],aqueous_solubility,log10(mol/L),train,,-6.124000072479248,-6.093326357020376,-6.97576187476437,-5.210890839276383,random,2035,hybrid_concat,edge_gnn,rdkit,concat,77abfcdbb281d08df2e9fb09cf84b2a648ea9008
esol,49db12929fad29a3,C=C(Cl)CSC(=S)N(CC)CC,aqueous_solubility,log10(mol/L),train,,-3.390000104904175,-3.389350143718098,-4.271785661462092,-2.5069146259741046,random,2035,hybrid_concat,edge_gnn,rdkit,concat,77abfcdbb281d08df2e9fb09cf84b2a648ea9008
esol,17bd196156d45488,C=C(Cl)Cl,aqueous_solubility,log10(mol/L),validation,,-1.6399999856948853,-1.703132115987877,-2.5855676337318707,-0.8206965982438834,random,2035,hybrid_concat,edge_gnn,rdkit,concat,77abfcdbb281d08df2e9fb09cf84b2a648ea9008
esol,4374b7441e7baae0,C=CC,aqueous_solubility,log10(mol/L),calibration,,-1.0800000429153442,-1.4850191359473357,-2.367454653691329,-0.6025836182033422,random,2035,hybrid_concat,edge_gnn,rdkit,concat,77abfcdbb281d08df2e9fb09cf84b2a648ea9008
esol,b3adba63532cb668,C=CC#N,aqueous_solubility,log10(mol/L),train,,0.15000000596046448,0.13570810461077532,-0.7467274131332182,1.0181436223547689,random,2035,hybrid_concat,edge_gnn,rdkit,concat,77abfcdbb281d08df2e9fb09cf84b2a648ea9008
esol,2c3f4ff07d8cd113,C=CC(=C)C,aqueous_solubility,log10(mol/L),test,,-2.0299999713897705,-2.3936599538442334,-3.276095471588227,-1.5112244361002398,random,2035,hybrid_concat,edge_gnn,rdkit,concat,77abfcdbb281d08df2e9fb09cf84b2a648ea9008
esol,4813864c1e8d653b,C=CC(=O)OC,aqueous_solubility,log10(mol/L),validation,,-0.2199999988079071,0.0998108891759073,-0.7826246285680862,0.9822464069199008,random,2035,hybrid_concat,edge_gnn,rdkit,concat,77abfcdbb281d08df2e9fb09cf84b2a648ea9008
esol,64f6eee3339816ef,C=CC(C)(O)CCC=C(C)C,aqueous_solubility,log10(mol/L),train,,-1.9900000095367432,-1.9512652431062945,-2.833700760850288,-1.068829725362301,random,2035,hybrid_concat,edge_gnn,rdkit,concat,77abfcdbb281d08df2e9fb09cf84b2a648ea9008
esol,2e0d4bc22e47200f,C=CC(C)C,aqueous_solubility,log10(mol/L),test,,-2.7300000190734863,-2.79888302756139,-3.6813185453053836,-1.9164475098173965,random,2035,hybrid_concat,edge_gnn,rdkit,concat,77abfcdbb281d08df2e9fb09cf84b2a648ea9008
esol,a7f910903d65c55d,C=CC(O)CCC,aqueous_solubility,log10(mol/L),train,,-0.5899999737739563,-0.5448169856000318,-1.4272525033440253,0.33761853214396176,random,2035,hybrid_concat,edge_gnn,rdkit,concat,77abfcdbb281d08df2e9fb09cf84b2a648ea9008
esol,9c5c4be6a611f0d4,C=CC1(C)OC(=O)N(c2cc(Cl)cc(Cl)c2)C1=O,aqueous_solubility,log10(mol/L),train,,-4.925000190734863,-4.908214449609821,-5.790649967353814,-4.025778931865827,random,2035,hybrid_concat,edge_gnn,rdkit,concat,77abfcdbb281d08df2e9fb09cf84b2a648ea9008
esol,5f725e80c7d4ca6e,C=CC=C,aqueous_solubility,log10(mol/L),train,,-1.8700000047683716,-2.1411787928821715,-3.023614310626165,-1.258743275138178,random,2035,hybrid_concat,edge_gnn,rdkit,concat,77abfcdbb281d08df2e9fb09cf84b2a648ea9008
esol,7e5d57bf31e51f3b,C=CC=O,aqueous_solubility,log10(mol/L),train,,0.5699999928474426,0.7045767910132263,-0.1778587267307672,1.5870123087572199,random,2035,hybrid_concat,edge_gnn,rdkit,concat,77abfcdbb281d08df2e9fb09cf84b2a648ea9008
esol,0c125e154592b036,C=CCC,aqueous_solubility,log10(mol/L),validation,,-1.940000057220459,-2.287021299762778,-3.1694568175067714,-1.4045857820187844,random,2035,hybrid_concat,edge_gnn,rdkit,concat,77abfcdbb281d08df2e9fb09cf84b2a648ea9008
esol,d82c07a526a33d28,C=CCC1(C(C)C)C(=O)NC(=O)NC1=O,aqueous_solubility,log10(mol/L),test,,-1.7079999446868896,-2.03220655704283,-2.9146420747868236,-1.1497710392988365,random,2035,hybrid_concat,edge_gnn,rdkit,concat,77abfcdbb281d08df2e9fb09cf84b2a648ea9008
esol,0a25a747148c7a1f,C=CCC1(C(C)CC)C(=O)NC(=O)NC1=O,aqueous_solubility,log10(mol/L),train,,-2.0160000324249268,-2.115908274795838,-2.9983437925398317,-1.2334727570518447,random,2035,hybrid_concat,edge_gnn,rdkit,concat,77abfcdbb281d08df2e9fb09cf84b2a648ea9008
esol,755de189a5985744,C=CCC1(C(C)CCC)C(=O)NC(=O)NC1=O,aqueous_solubility,log10(mol/L),validation,,-2.3559999465942383,-2.2877151323259346,-3.170150650069928,-1.405279614581941,random,2035,hybrid_concat,edge_gnn,rdkit,concat,77abfcdbb281d08df2e9fb09cf84b2a648ea9008
esol,2377f869d0ed780c,C=CCC1(C(C)CCC)C(=O)NC(=S)NC1=O,aqueous_solubility,log10(mol/L),train,,-3.4600000381469727,-3.4357942432437256,-4.31822976098772,-2.553358725499732,random,2035,hybrid_concat,edge_gnn,rdkit,concat,77abfcdbb281d08df2e9fb09cf84b2a648ea9008
esol,1f2305f058bbb67d,C=CCC1(C)C(=O)NC(=O)NC1=O,aqueous_solubility,log10(mol/L),test,,-1.159999966621399,-1.5578547165784804,-2.440290234322474,-0.6754191988344869,random,2035,hybrid_concat,edge_gnn,rdkit,concat,77abfcdbb281d08df2e9fb09cf84b2a648ea9008
esol,b2789fcdce54841c,C=CCC1(CC)C(=O)NC(=O)NC1=O,aqueous_solubility,log10(mol/L),train,,-1.6139999628067017,-1.7196905913994687,-2.6021261091434624,-0.8372550736554751,random,2035,hybrid_concat,edge_gnn,rdkit,concat,77abfcdbb281d08df2e9fb09cf84b2a648ea9008
esol,d7c2057651e25e8d,C=CCC1(CC=C)C(=O)NC(=O)NC1=O,aqueous_solubility,log10(mol/L),train,,-2.0769999027252197,-1.923513420887752,-2.8059489386317455,-1.0410779031437585,random,2035,hybrid_concat,edge_gnn,rdkit,concat,77abfcdbb281d08df2e9fb09cf84b2a648ea9008
esol,09c2f35273cfdcb6,C=CCC1(c2ccccc2)C(=O)NC(=O)NC1=O,aqueous_solubility,log10(mol/L),train,,-2.36899995803833,-2.3383880392444474,-3.220823556988441,-1.4559525215004538,random,2035,hybrid_concat,edge_gnn,rdkit,concat,77abfcdbb281d08df2e9fb09cf84b2a648ea9008
esol,924236428a2d77f9,C=CCC=C,aqueous_solubility,log10(mol/L),calibration,,-2.0899999141693115,-2.4103505467196245,-3.292786064463618,-1.527915028975631,random,2035,hybrid_concat,edge_gnn,rdkit,concat,77abfcdbb281d08df2e9fb09cf84b2a648ea9008
esol,20d95e6e0ed5a2ad,C=CCCC,aqueous_solubility,log10(mol/L),train,,-2.680000066757202,-2.9325430491020916,-3.814978566846085,-2.050107531358098,random,2035,hybrid_concat,edge_gnn,rdkit,concat,77abfcdbb281d08df2e9fb09cf84b2a648ea9008
esol,4e33c9c7d0f0a61e,C=CCCC=C,aqueous_solubility,log10(mol/L),train,,-2.680000066757202,-2.9682587880627005,-3.850694305806694,-2.085823270318707,random,2035,hybrid_concat,edge_gnn,rdkit,concat,77abfcdbb281d08df2e9fb09cf84b2a648ea9008
esol,59d1e0b0ecbe24ff,C=CCCCC,aqueous_solubility,log10(mol/L),train,,-3.2300000190734863,-3.542450290940863,-4.424885808684857,-2.6600147731968695,random,2035,hybrid_concat,edge_gnn,rdkit,concat,77abfcdbb281d08df2e9fb09cf84b2a648ea9008
esol,21083084379f0a6c,C=CCCCCC,aqueous_solubility,log10(mol/L),train,,-3.7300000190734863,-4.119349338314081,-5.001784856058075,-3.236913820570088,random,2035,hybrid_concat,edge_gnn,rdkit,concat,77abfcdbb281d08df2e9fb09cf84b2a648ea9008
esol,25723488a4ed1346,C=CCCCCCC,aqueous_solubility,log10(mol/L),train,,-4.440000057220459,-4.652726660314251,-5.535162178058244,-3.770291142570257,random,2035,hybrid_concat,edge_gnn,rdkit,concat,77abfcdbb281d08df2e9fb09cf84b2a648ea9008
esol,2667126ae7a1dd89,C=CCCCCCCC,aqueous_solubility,log10(mol/L),train,,-5.050000190734863,-5.223325826438626,-6.1057613441826195,-4.340890308694632,random,2035,hybrid_concat,edge_gnn,rdkit,concat,77abfcdbb281d08df2e9fb09cf84b2a648ea9008
esol,438c34629e40839e,C=CCCCCCCCC,aqueous_solubility,log10(mol/L),train,,-5.510000228881836,-5.774821868184782,-6.657257385928776,-4.8923863504407885,random,2035,hybrid_concat,edge_gnn,rdkit,concat,77abfcdbb281d08df2e9fb09cf84b2a648ea9008
esol,fb7e490aa1b4d51e,C=CCCCO,aqueous_solubility,log10(mol/L),calibration,,-0.15000000596046448,-0.21903184997316805,-1.1014673677171616,0.6634036677708255,random,2035,hybrid_concat,edge_gnn,rdkit,concat,77abfcdbb281d08df2e9fb09cf84b2a648ea9008
esol,14bb3c94959a3803,C=CCSS(=O)CC=C,aqueous_solubility,log10(mol/L),train,,-0.8299999833106995,-0.7933083471861186,-1.6757438649301122,0.08912717055787489,random,2035,hybrid_concat,edge_gnn,rdkit,concat,77abfcdbb281d08df2e9fb09cf84b2a648ea9008
esol,2a16db7cc18684b8,C=CCc1ccc(O)c(OC)c1,aqueous_solubility,log10(mol/L),train,,-1.559999942779541,-1.6876621601846582,-2.5700976779286515,-0.8052266424406647,random,2035,hybrid_concat,edge_gnn,rdkit,concat,77abfcdbb281d08df2e9fb09cf84b2a648ea9008
esol,766b85d6ebc35451,C=CCc1ccc(OC)cc1,aqueous_solubility,log10(mol/L),validation,,-2.9200000762939453,-2.8748582175026773,-3.757293735246671,-1.9924226997586838,random,2035,hybrid_concat,edge_gnn,rdkit,concat,77abfcdbb281d08df2e9fb09cf84b2a648ea9008
esol,196ca171baf9b009,C=CCl,aqueous_solubility,log10(mol/L),train,,-1.75,-1.3884147477299174,-2.2708502654739107,-0.5059792299859238,random,2035,hybrid_concat,edge_gnn,rdkit,concat,77abfcdbb281d08df2e9fb09cf84b2a648ea9008
esol,a264ecb5a75262c6,C=COCC,aqueous_solubility,log10(mol/L),test,,-0.8500000238418579,-0.6486247978894495,-1.531060315633443,0.23381071985454405,random,2035,hybrid_concat,edge_gnn,rdkit,concat,77abfcdbb281d08df2e9fb09cf84b2a648ea9008
esol,45e8e1638633d646,C=Cc1ccccc1,aqueous_solubility,log10(mol/L),train,,-2.819999933242798,-2.9834819950732347,-3.8659175128172283,-2.101046477329241,random,2035,hybrid_concat,edge_gnn,rdkit,concat,77abfcdbb281d08df2e9fb09cf84b2a648ea9008
esol,2ed9dd6e3dc3579d,CBr,aqueous_solubility,log10(mol/L),validation,,-0.7900000214576721,-0.3974271870775601,-1.2798627048215536,0.48500833066643345,random,2035,hybrid_concat,edge_gnn,rdkit,concat,77abfcdbb281d08df2e9fb09cf84b2a648ea9008
esol,2bf59afa2658a8ce,CC,aqueous_solubility,log10(mol/L),validation,,-1.3600000143051147,-1.1670522455311987,-2.0494877632751924,-0.28461672778720515,random,2035,hybrid_concat,edge_gnn,rdkit,concat,77abfcdbb281d08df2e9fb09cf84b2a648ea9008
esol,780406fdddd47378,CC#N,aqueous_solubility,log10(mol/L),train,,0.25999999046325684,0.49922184303718353,-0.38321367470681,1.381657360781177,random,2035,hybrid_concat,edge_gnn,rdkit,concat,77abfcdbb281d08df2e9fb09cf84b2a648ea9008
esol,9e0bb6837efcdbd1,CC(=O)C(C)(C)C,aqueous_solubility,log10(mol/L),train,,-0.7200000286102295,-0.6156469959917246,-1.498082513735718,0.26678852175226897,random,2035,hybrid_concat,edge_gnn,rdkit,concat,77abfcdbb281d08df2e9fb09cf84b2a648ea9008
esol,6650bf346297661f,CC(=O)C(C)C,aqueous_solubility,log10(mol/L),train,,-0.11999999731779099,-0.060284883922992805,-0.9427204016669863,0.8221506338210007,random,2035,hybrid_concat,edge_gnn,rdkit,concat,77abfcdbb281d08df2e9fb09cf84b2a648ea9008
esol,4ed306073e855fe0,CC(=O)C1(C)CCC2C3C=C(C)C4=CC(=O)CCC4(C)C3CCC21C,aqueous_solubility,log10(mol/L),train,,-5.269999980926514,-5.3768440989121355,-6.259279616656129,-4.494408581168142,random,2035,hybrid_concat,edge_gnn,rdkit,concat,77abfcdbb281d08df2e9fb09cf84b2a648ea9008
esol,48d6efa11e6c3778,CC(=O)C1(O)CCC2C3CC(C)C4=CC(=O)C=CC4(C)C3(F)C(O)CC21C,aqueous_solubility,log10(mol/L),validation,,-4.098999977111816,-4.388734749898781,-5.271170267642774,-3.5062992321547872,random,2035,hybrid_concat,edge_gnn,rdkit,concat,77abfcdbb281d08df2e9fb09cf84b2a648ea9008
esol,9a642a5271eefbe6,CC(=O)C1(O)CCC2C3CCC4=CC(=O)CCC4(C)C3CCC21C,aqueous_solubility,log10(mol/L),train,,-3.816999912261963,-3.9330927037161745,-4.815528221460168,-3.050657185972181,random,2035,hybrid_concat,edge_gnn,rdkit,concat,77abfcdbb281d08df2e9fb09cf84b2a648ea9008
esol,442739c64f9533c1,CC(=O)C1CCC2C3CC=C4CC(O)CCC4(C)C3CCC12C,aqueous_solubility,log10(mol/L),train,,-4.650000095367432,-4.697617732005607,-5.580053249749601,-3.815182214261614,random,2035,hybrid_concat,edge_gnn,rdkit,concat,77abfcdbb281d08df2e9fb09cf84b2a648ea9008
esol,e9e2dbb6336bc14a,CC(=O)C1CCC2C3CCC4=CC(=O)CCC4(C)C3CCC12C,aqueous_solubility,log10(mol/L),train,,-4.420000076293945,-4.489859257732019,-5.372294775476012,-3.6074237399880253,random,2035,hybrid_concat,edge_gnn,rdkit,concat,77abfcdbb281d08df2e9fb09cf84b2a648ea9008
esol,ac763713bd71395e,CC(=O)CC(C)C,aqueous_solubility,log10(mol/L),calibration,,-0.7400000095367432,-0.504815123582095,-1.3872506413260886,0.3776203941618985,random,2035,hybrid_concat,edge_gnn,rdkit,concat,77abfcdbb281d08df2e9fb09cf84b2a648ea9008
esol,c350650ed5ccd420,CC(=O)CC(c1ccc(Cl)cc1)c1c(O)c2ccccc2oc1=O,aqueous_solubility,log10(mol/L),calibration,,-5.839000225067139,-4.191138588106806,-5.0735741058508,-3.308703070362813,random,2035,hybrid_concat,edge_gnn,rdkit,concat,77abfcdbb281d08df2e9fb09cf84b2a648ea9008
esol,f79626af0f93f0fc,CC(=O)CC(c1ccccc1)c1c(O)c2ccccc2oc1=O,aqueous_solubility,log10(mol/L),train,,-3.8929998874664307,-3.7614043324829782,-4.643839850226971,-2.8789688147389847,random,2035,hybrid_concat,edge_gnn,rdkit,concat,77abfcdbb281d08df2e9fb09cf84b2a648ea9008
esol,520e9565d0ff63f1,CC(=O)CCC1C(=O)N(c2ccccc2)N(c2ccccc2)C1=O,aqueous_solubility,log10(mol/L),train,,-3.2699999809265137,-3.281209748296839,-4.163645266040833,-2.3987742305528457,random,2035,hybrid_concat,edge_gnn,rdkit,concat,77abfcdbb281d08df2e9fb09cf84b2a648ea9008
esol,68045fdd244fe104,CC(=O)N(C)C,aqueous_solubility,log10(mol/L),train,,1.1100000143051147,1.3147342202761512,0.43229870253215763,2.1971697380201447,random,2035,hybrid_concat,edge_gnn,rdkit,concat,77abfcdbb281d08df2e9fb09cf84b2a648ea9008
esol,750f6483d79efce4,CC(=O)N(c1onc(C)c1C)S(=O)c1ccc(N)cc1,aqueous_solubility,log10(mol/L),train,,-3.5899999141693115,-3.436329343643909,-4.318764861387903,-2.5538938258999155,random,2035,hybrid_concat,edge_gnn,rdkit,concat,77abfcdbb281d08df2e9fb09cf84b2a648ea9008
esol,e8f62548f9fb3dff,CC(=O)Nc1cc(NS(=O)(=O)C(F)(F)F)c(C)cc1C,aqueous_solubility,log10(mol/L),test,,-3.240000009536743,-3.9079803935171644,-4.790415911261158,-3.025544875773171,random,2035,hybrid_concat,edge_gnn,rdkit,concat,77abfcdbb281d08df2e9fb09cf84b2a648ea9008
esol,bc0455dc968fbfd2,CC(=O)Nc1ccc(Br)cc1,aqueous_solubility,log10(mol/L),calibration,,-3.0829999446868896,-2.7646469949434134,-3.647082512687407,-1.8822114771994198,random,2035,hybrid_concat,edge_gnn,rdkit,concat,77abfcdbb281d08df2e9fb09cf84b2a648ea9008
esol,ddc4ca1b44741167,CC(=O)Nc1ccc(Cl)cc1,aqueous_solubility,log10(mol/L),train,,-2.8429999351501465,-2.7671589846210196,-3.649594502365013,-1.884723466877026,random,2035,hybrid_concat,edge_gnn,rdkit,concat,77abfcdbb281d08df2e9fb09cf84b2a648ea9008
esol,3213dd41893f5ff5,CC(=O)Nc1ccc(F)cc1,aqueous_solubility,log10(mol/L),train,,-1.7799999713897705,-1.77155736649226,-2.6539928842362537,-0.8891218487482664,random,2035,hybrid_concat,edge_gnn,rdkit,concat,77abfcdbb281d08df2e9fb09cf84b2a648ea9008
esol,364ed725e437517c,CC(=O)Nc1ccc(O)cc1,aqueous_solubility,log10(mol/L),train,,-1.0299999713897705,-0.6234543856125221,-1.5058899033565156,0.25898113213147145,random,2035,hybrid_concat,edge_gnn,rdkit,concat,77abfcdbb281d08df2e9fb09cf84b2a648ea9008
esol,44c52563864e600c,CC(=O)Nc1ccc([N+](=O)[O-])cc1,aqueous_solubility,log10(mol/L),calibration,,-2.691999912261963,-2.341565211362925,-3.2240007291069186,-1.4591296936189315,random,2035,hybrid_concat,edge_gnn,rdkit,concat,77abfcdbb281d08df2e9fb09cf84b2a648ea9008
esol,9b680b4bccdaf6ee,CC(=O)Nc1ccccc1,aqueous_solubility,log10(mol/L),train,,-1.3300000429153442,-1.2935751330298815,-2.176010650773875,-0.41113961528588794,random,2035,hybrid_concat,edge_gnn,rdkit,concat,77abfcdbb281d08df2e9fb09cf84b2a648ea9008
esol,04b69a71ae0c35a6,CC(=O)Nc1nnc(S(N)(=O)=O)s1,aqueous_solubility,log10(mol/L),train,,-2.359999895095825,-2.0985372954857255,-2.980972813229719,-1.216101777741732,random,2035,hybrid_concat,edge_gnn,rdkit,concat,77abfcdbb281d08df2e9fb09cf84b2a648ea9008
esol,0787d7077078fa64,CC(=O)OC(C)C,aqueous_solubility,log10(mol/L),calibration,,-0.550000011920929,-0.5115191905173431,-1.3939547082613366,0.37091632722665047,random,2035,hybrid_concat,edge_gnn,rdkit,concat,77abfcdbb281d08df2e9fb09cf84b2a648ea9008
esol,bbbc24a21490bdee,CC(=O)OC1(C(C)=O)CCC2C3C=C(C)C4=CC(=O)CCC4(C)C3CCC21C,aqueous_solubility,log10(mol/L),train,,-5.349999904632568,-5.360520498991743,-6.242956016735737,-4.47808498124775,random,2035,hybrid_concat,edge_gnn,rdkit,concat,77abfcdbb281d08df2e9fb09cf84b2a648ea9008
esol,ea5969f950c93291,CC(=O)OC1(C)CCC2C3CCC4=CC(=O)CCC4(C)C3CCC21C,aqueous_solubility,log10(mol/L),test,,-5.283999919891357,-5.28428341794341,-6.1667189356874035,-4.401847900199416,random,2035,hybrid_concat,edge_gnn,rdkit,concat,77abfcdbb281d08df2e9fb09cf84b2a648ea9008
esol,7e7c49cadb6eca2c,CC(=O)OC1CCC2C3CCC4=CC(=O)CCC4(C)C3CCC12C,aqueous_solubility,log10(mol/L),train,,-5.184000015258789,-5.170182039221415,-6.052617556965409,-4.2877465214774215,random,2035,hybrid_concat,edge_gnn,rdkit,concat,77abfcdbb281d08df2e9fb09cf84b2a648ea9008
esol,744c94bb079c2bb4,CC(=O)OCC(=O)C1(O)C(C)CC2C3CCC4=CC(=O)C=CC4(C)C3(F)C(O)CC21C,aqueous_solubility,log10(mol/L),train,,-4.900000095367432,-4.748073033689627,-5.63050855143362,-3.8656375159456333,random,2035,hybrid_concat,edge_gnn,rdkit,concat,77abfcdbb281d08df2e9fb09cf84b2a648ea9008
esol,07046eaea87bf4e2,CC(=O)OCC(=O)C1(O)C(OC(C)=O)CC2C3CCC4=CC(=O)C=CC4(C)C3(F)C(O)CC21C,aqueous_solubility,log10(mol/L),test,,-4.130000114440918,-4.803476757355771,-5.685912275099764,-3.9210412396117773,random,2035,hybrid_concat,edge_gnn,rdkit,concat,77abfcdbb281d08df2e9fb09cf84b2a648ea9008
esol,cc12069b3580cb1a,CC(=O)OCC(=O)C1(O)CCC2C3CCC4=CC(=O)C=CC4(C)C3C(O)CC21C,aqueous_solubility,log10(mol/L),train,,-4.369999885559082,-4.520818660056739,-5.403254177800733,-3.6383831423127457,random,2035,hybrid_concat,edge_gnn,rdkit,concat,77abfcdbb281d08df2e9fb09cf84b2a648ea9008
esol,3d089eb4f693a11e,CC(=O)OCC(=O)C1(O)CCC2C3CCC4=CC(=O)CCC4(C)C3C(=O)CC21C,aqueous_solubility,log10(mol/L),train,,-4.210000038146973,-4.361568636100518,-5.244004153844512,-3.4791331183565246,random,2035,hybrid_concat,edge_gnn,rdkit,concat,77abfcdbb281d08df2e9fb09cf84b2a648ea9008
esol,1111a5f49bc2a21c,CC(=O)OCC(=O)C1(O)CCC2C3CCC4=CC(=O)CCC4(C)C3C(O)CC21C,aqueous_solubility,log10(mol/L),train,,-4.880000114440918,-4.668984139823255,-5.551419657567249,-3.7865486220792617,random,2035,hybrid_concat,edge_gnn,rdkit,concat,77abfcdbb281d08df2e9fb09cf84b2a648ea9008
esol,db58b19853161161,CC(=O)OCC(=O)C1CCC2C3CCC4=CC(=O)CCC4(C)C3CCC12C,aqueous_solubility,log10(mol/L),train,,-4.630000114440918,-4.8124762881251755,-5.694911805869169,-3.930040770381182,random,2035,hybrid_concat,edge_gnn,rdkit,concat,77abfcdbb281d08df2e9fb09cf84b2a648ea9008
esol,c802460f2e388f09,CC(=O)OCC(C)C,aqueous_solubility,log10(mol/L),test,,-1.2100000381469727,-1.1829746820601101,-2.065410199804104,-0.3005391643161166,random,2035,hybrid_concat,edge_gnn,rdkit,concat,77abfcdbb281d08df2e9fb09cf84b2a648ea9008
esol,55bc84385f2305fc,CC(=O)OCC(COC(C)=O)OC(C)=O,aqueous_solubility,log10(mol/L),train,,-0.6000000238418579,-0.5013218440864127,-1.3837573618304062,0.38111367365758086,random,2035,hybrid_concat,edge_gnn,rdkit,concat,77abfcdbb281d08df2e9fb09cf84b2a648ea9008
esol,3105d2c69d258f40,CC(=O)OCCC(C)C,aqueous_solubility,log10(mol/L),train,,-1.9199999570846558,-1.939304850183652,-2.821740367927646,-1.0568693324396585,random,2035,hybrid_concat,edge_gnn,rdkit,concat,77abfcdbb281d08df2e9fb09cf84b2a648ea9008
esol,78eea6db86aaac00,CC(=O)OCN1C(=O)NC(c2ccccc2)(c2ccccc2)C1=O,aqueous_solubility,log10(mol/L),train,,-4.46999979019165,-4.283530020559815,-5.165965538303809,-3.4010945028158215,random,2035,hybrid_concat,edge_gnn,rdkit,concat,77abfcdbb281d08df2e9fb09cf84b2a648ea9008
esol,f38d027d6672664b,CC(=O)SC1CC2=CC(=O)CCC2(C)C2CCC3(C)C(CCC34CCC(=O)O4)C12,aqueous_solubility,log10(mol/L),train,,-4.172999858856201,-4.212492026933793,-5.094927544677787,-3.3300565091897996,random,2035,hybrid_concat,edge_gnn,rdkit,concat,77abfcdbb281d08df2e9fb09cf84b2a648ea9008
esol,1ab070a2f685565e,CC(=O)c1ccccc1,aqueous_solubility,log10(mol/L),train,,-1.2799999713897705,-1.2658297254781155,-2.148265243222109,-0.3833942077341219,random,2035,hybrid_concat,edge_gnn,rdkit,concat,77abfcdbb281d08df2e9fb09cf84b2a648ea9008
esol,a011ab9a0bd7406b,CC(C)(C)C(=O)C(Oc1ccc(Cl)cc1)n1cncn1,aqueous_solubility,log10(mol/L),train,,-3.609999895095825,-3.5614587989841286,-4.443894316728122,-2.679023281240135,random,2035,hybrid_concat,edge_gnn,rdkit,concat,77abfcdbb281d08df2e9fb09cf84b2a648ea9008
esol,6a037e1d876a10c4,CC(C)(C)CCO,aqueous_solubility,log10(mol/L),train,,-0.5,-0.731110997967809,-1.6135465157118025,0.15132451977618455,random,2035,hybrid_concat,edge_gnn,rdkit,concat,77abfcdbb281d08df2e9fb09cf84b2a648ea9008
esol,8316fd00a391507c,CC(C)(C)CO,aqueous_solubility,log10(mol/L),train,,-0.4000000059604645,-0.08785586188202998,-0.9702913796260235,0.7945796558619636,random,2035,hybrid_concat,edge_gnn,rdkit,concat,77abfcdbb281d08df2e9fb09cf84b2a648ea9008
esol,4eb3d1ec75b7d913,CC(C)(C)Cc1ccccc1,aqueous_solubility,log10(mol/L),validation,,-4.150000095367432,-4.307625482715782,-5.190061000459775,-3.4251899649717883,random,2035,hybrid_concat,edge_gnn,rdkit,concat,77abfcdbb281d08df2e9fb09cf84b2a648ea9008
esol,5dfc781ddbce9df5,CC(C)(C)c1ccc(O)cc1,aqueous_solubility,log10(mol/L),train,,-2.4100000858306885,-2.2761853855901495,-3.158620903334143,-1.393749867846156,random,2035,hybrid_concat,edge_gnn,rdkit,concat,77abfcdbb281d08df2e9fb09cf84b2a648ea9008
esol,ca95101160b65379,CC(C)(C)c1ccccc1,aqueous_solubility,log10(mol/L),test,,-3.6600000858306885,-3.875595331501379,-4.7580308492453725,-2.9931598137573854,random,2035,hybrid_concat,edge_gnn,rdkit,concat,77abfcdbb281d08df2e9fb09cf84b2a648ea9008
esol,adff35ec9beff070,CC(C)=CC1C(C(=O)OCc2cccc(Oc3ccccc3)c2)C1(C)C,aqueous_solubility,log10(mol/L),calibration,,-5.239999771118164,-6.18390416580132,-7.066339683545314,-5.301468648057327,random,2035,hybrid_concat,edge_gnn,rdkit,concat,77abfcdbb281d08df2e9fb09cf84b2a648ea9008
esol,e13f7769f4919957,CC(C)=CCC/C(C)=C\CO,aqueous_solubility,log10(mol/L),train,,-2.4600000381469727,-2.4927685909634842,-3.375204108707478,-1.6103330732194907,random,2035,hybrid_concat,edge_gnn,rdkit,concat,77abfcdbb281d08df2e9fb09cf84b2a648ea9008
esol,40ac45a42a9ad758,CC(C)=CCC1(C(C)C)C(=O)NC(=O)NC1=O,aqueous_solubility,log10(mol/L),calibration,,-2.5929999351501465,-2.448214165918915,-3.3306496836629087,-1.5657786481749216,random,2035,hybrid_concat,edge_gnn,rdkit,concat,77abfcdbb281d08df2e9fb09cf84b2a648ea9008
esol,c898ecabb1da3e61,CC(C)=CCCC(C)=CC=O,aqueous_solubility,log10(mol/L),train,,-2.059999942779541,-1.9708134466716174,-2.853248964415611,-1.0883779289276239,random,2035,hybrid_concat,edge_gnn,rdkit,concat,77abfcdbb281d08df2e9fb09cf84b2a648ea9008
esol,535c5d28e4e559d3,CC(C)Br,aqueous_solubility,log10(mol/L),train,,-1.590000033378601,-1.5479694683580192,-2.4304049861020127,-0.6655339506140256,random,2035,hybrid_concat,edge_gnn,rdkit,concat,77abfcdbb281d08df2e9fb09cf84b2a648ea9008
esol,95987bd68786d9ee,CC(C)C,aqueous_solubility,log10(mol/L),train,,-2.549999952316284,-2.593724806313073,-3.4761603240570667,-1.7112892885690796,random,2035,hybrid_concat,edge_gnn,rdkit,concat,77abfcdbb281d08df2e9fb09cf84b2a648ea9008
esol,e4f469dfbe6c7248,CC(C)C(=O)C(C)C,aqueous_solubility,log10(mol/L),train,,-1.2999999523162842,-1.184584269985093,-2.0670197877290866,-0.3021487522410995,random,2035,hybrid_concat,edge_gnn,rdkit,concat,77abfcdbb281d08df2e9fb09cf84b2a648ea9008
esol,801fb00fd3e0c4d5,CC(C)C(C(=O)OC(C#N)c1cccc(Oc2ccccc2)c1)c1ccc(OC(F)F)cc1,aqueous_solubility,log10(mol/L),calibration,,-6.875999927520752,-7.6082952331531235,-8.490730750897118,-6.72585971540913,random,2035,hybrid_concat,edge_gnn,rdkit,concat,77abfcdbb281d08df2e9fb09cf84b2a648ea9008
esol,971a2d381549e1b6,CC(C)C(C)(C)C,aqueous_solubility,log10(mol/L),train,,-4.360000133514404,-4.591275632903586,-5.4737111506475795,-3.7088401151595924,random,2035,hybrid_concat,edge_gnn,rdkit,concat,77abfcdbb281d08df2e9fb09cf84b2a648ea9008
esol,9930f08568272bf1,CC(C)C(C)C,aqueous_solubility,log10(mol/L),train,,-3.6500000953674316,-4.115990520102751,-4.998426037846745,-3.2335550023587576,random,2035,hybrid_concat,edge_gnn,rdkit,concat,77abfcdbb281d08df2e9fb09cf84b2a648ea9008
esol,c18974050e7ee138,CC(C)C(C)C(C)C,aqueous_solubility,log10(mol/L),train,,-4.800000190734863,-5.053540205737994,-5.935975723481987,-4.171104687994,random,2035,hybrid_concat,edge_gnn,rdkit,concat,77abfcdbb281d08df2e9fb09cf84b2a648ea9008
esol,978ea76b5feb1686,CC(C)C(C)O,aqueous_solubility,log10(mol/L),calibration,,-0.18000000715255737,0.001959094988422283,-0.8804764227555713,0.8843946127324158,random,2035,hybrid_concat,edge_gnn,rdkit,concat,77abfcdbb281d08df2e9fb09cf84b2a648ea9008
esol,e2b7150c83e31acf,CC(C)C(Nc1ccc(C(F)(F)F)cc1Cl)C(=O)OC(C#N)c1cccc(Oc2ccccc2)c1,aqueous_solubility,log10(mol/L),test,,-8.003000259399414,-7.853522022785903,-8.735957540529895,-6.971086505041909,random,2035,hybrid_concat,edge_gnn,rdkit,concat,77abfcdbb281d08df2e9fb09cf84b2a648ea9008
esol,32ad98a585def53e,CC(C)C(O)C(C)C,aqueous_solubility,log10(mol/L),train,,-1.2200000286102295,-1.082084803000118,-1.9645203207441115,-0.19964928525612446,random,2035,hybrid_concat,edge_gnn,rdkit,concat,77abfcdbb281d08df2e9fb09cf84b2a648ea9008
esol,bb33156a890031e5,CC(C)C1(C(C)C)C(=O)NC(=O)NC1=O,aqueous_solubility,log10(mol/L),train,,-2.7660000324249268,-2.58216091998055,-3.4645964377245435,-1.6997254022365564,random,2035,hybrid_concat,edge_gnn,rdkit,concat,77abfcdbb281d08df2e9fb09cf84b2a648ea9008
esol,a9f5cc2dbef55d82,CC(C)CBr,aqueous_solubility,log10(mol/L),train,,-2.430000066757202,-2.340725136733163,-3.2231606544771565,-1.4582896189891694,random,2035,hybrid_concat,edge_gnn,rdkit,concat,77abfcdbb281d08df2e9fb09cf84b2a648ea9008
esol,9767ef661176963a,CC(C)CC(C)(C)C,aqueous_solubility,log10(mol/L),train,,-4.739999771118164,-4.8669247198775345,-5.749360237621528,-3.984489202133541,random,2035,hybrid_concat,edge_gnn,rdkit,concat,77abfcdbb281d08df2e9fb09cf84b2a648ea9008
esol,65c6ae561970a8f6,CC(C)CC(C)(C)O,aqueous_solubility,log10(mol/L),train,,-0.9200000166893005,-0.8502686144173635,-1.732704132161357,0.03216690332663008,random,2035,hybrid_concat,edge_gnn,rdkit,concat,77abfcdbb281d08df2e9fb09cf84b2a648ea9008
esol,fc51136a8a654d34,CC(C)CC(C)C,aqueous_solubility,log10(mol/L),train,,-4.260000228881836,-4.5554926478809294,-5.437928165624923,-3.673057130136936,random,2035,hybrid_concat,edge_gnn,rdkit,concat,77abfcdbb281d08df2e9fb09cf84b2a648ea9008
esol,007b2ee5ac048d20,CC(C)CC(C)O,aqueous_solubility,log10(mol/L),train,,-0.800000011920929,-0.6052700388910535,-1.487705556635047,0.2771654788529401,random,2035,hybrid_concat,edge_gnn,rdkit,concat,77abfcdbb281d08df2e9fb09cf84b2a648ea9008
esol,2774ef2a0e9764fc,CC(C)CCC(C)(C)C,aqueous_solubility,log10(mol/L),train,,-5.050000190734863,-5.266326298456599,-6.148761816200593,-4.383890780712606,random,2035,hybrid_concat,edge_gnn,rdkit,concat,77abfcdbb281d08df2e9fb09cf84b2a648ea9008
esol,adfdc3a538b6bc95,CC(C)CCCCCOC(=O)c1ccccc1C(=O)OCCCCCC(C)C,aqueous_solubility,log10(mol/L),train,,-6.63700008392334,-6.586358632330069,-7.468794150074062,-5.703923114586075,random,2035,hybrid_concat,edge_gnn,rdkit,concat,77abfcdbb281d08df2e9fb09cf84b2a648ea9008
esol,326152527f8ef260,CC(C)CCCO,aqueous_solubility,log10(mol/L),train,,-1.1399999856948853,-1.0321384804530145,-1.914573998197008,-0.14970296270902095,random,2035,hybrid_concat,edge_gnn,rdkit,concat,77abfcdbb281d08df2e9fb09cf84b2a648ea9008
esol,e72c942c9f10c105,CC(C)CCO,aqueous_solubility,log10(mol/L),train,,-0.5099999904632568,-0.4076218196110082,-1.2900573373550017,0.47481369813298535,random,2035,hybrid_concat,edge_gnn,rdkit,concat,77abfcdbb281d08df2e9fb09cf84b2a648ea9008
esol,580633e5949870be,CC(C)CCOC=O,aqueous_solubility,log10(mol/L),validation,,-1.5199999809265137,-1.6303012229978382,-2.5127367407418317,-0.7478657052538447,random,2035,hybrid_concat,edge_gnn,rdkit,concat,77abfcdbb281d08df2e9fb09cf84b2a648ea9008
esol,044d6817573e4ec1,CC(C)CCl,aqueous_solubility,log10(mol/L),train,,-2.0,-2.017148805259486,-2.8995843230034795,-1.1347132875154924,random,2035,hybrid_concat,edge_gnn,rdkit,concat,77abfcdbb281d08df2e9fb09cf84b2a648ea9008
esol,c7e2af3674efd1e5,CC(C)CNC(=O)N1CCNC1=O,aqueous_solubility,log10(mol/L),train,,-2.1500000953674316,-2.1242471565667573,-3.006682674310751,-1.2418116388227638,random,2035,hybrid_concat,edge_gnn,rdkit,concat,77abfcdbb281d08df2e9fb09cf84b2a648ea9008
esol,41c39e97374aea92,CC(C)CO,aqueous_solubility,log10(mol/L),train,,0.10000000149011612,0.24058815312367177,-0.6418473646203218,1.1230236708676653,random,2035,hybrid_concat,edge_gnn,rdkit,concat,77abfcdbb281d08df2e9fb09cf84b2a648ea9008
esol,a5b3130b9ae3a50f,CC(C)COC=O,aqueous_solubility,log10(mol/L),train,,-1.0099999904632568,-1.039692490736142,-1.9221280084801355,-0.15725697299214847,random,2035,hybrid_concat,edge_gnn,rdkit,concat,77abfcdbb281d08df2e9fb09cf84b2a648ea9008
esol,89b6828cf758e524,CC(C)Cc1ccccc1,aqueous_solubility,log10(mol/L),train,,-4.119999885559082,-4.061632140403216,-4.944067658147209,-3.179196622659222,random,2035,hybrid_concat,edge_gnn,rdkit,concat,77abfcdbb281d08df2e9fb09cf84b2a648ea9008
esol,6a779f0d95ea7e4a,CC(C)Cl,aqueous_solubility,log10(mol/L),train,,-1.409999966621399,-1.3694214128407574,-2.2518569305847507,-0.4869858950967638,random,2035,hybrid_concat,edge_gnn,rdkit,concat,77abfcdbb281d08df2e9fb09cf84b2a648ea9008
esol,24f73c6fe92d75d5,CC(C)I,aqueous_solubility,log10(mol/L),calibration,,-2.0899999141693115,-2.11994920646756,-3.0023847242115536,-1.2375136887235665,random,2035,hybrid_concat,edge_gnn,rdkit,concat,77abfcdbb281d08df2e9fb09cf84b2a648ea9008
esol,277fa10e772d1085,CC(C)N(C(=O)CCl)c1ccccc1,aqueous_solubility,log10(mol/L),train,,-2.4800000190734863,-2.544461090662267,-3.4268966084062606,-1.6620255729182736,random,2035,hybrid_concat,edge_gnn,rdkit,concat,77abfcdbb281d08df2e9fb09cf84b2a648ea9008
esol,bfb579ee7985265c,CC(C)N(C(=O)SCC(Cl)=C(Cl)Cl)C(C)C,aqueous_solubility,log10(mol/L),test,,-4.880000114440918,-4.548336840373847,-5.43077235811784,-3.6659013226298534,random,2035,hybrid_concat,edge_gnn,rdkit,concat,77abfcdbb281d08df2e9fb09cf84b2a648ea9008
esol,70d46896362ebbb7,CC(C)N(C(=O)SCC(Cl)=CCl)C(C)C,aqueous_solubility,log10(mol/L),train,,-4.285999774932861,-4.2213250230849635,-5.103760540828957,-3.33888950534097,random,2035,hybrid_concat,edge_gnn,rdkit,concat,77abfcdbb281d08df2e9fb09cf84b2a648ea9008
esol,7e3c17dbde2fb402,CC(C)NC(=O)N1CC(=O)N(c2cc(Cl)cc(Cl)c2)C1=O,aqueous_solubility,log10(mol/L),train,,-4.375999927520752,-4.50246555825546,-5.384901075999453,-3.620030040511466,random,2035,hybrid_concat,edge_gnn,rdkit,concat,77abfcdbb281d08df2e9fb09cf84b2a648ea9008
esol,c6b4be5527562b2b,CC(C)Nc1nc(Cl)nc(NC(C)C)n1,aqueous_solubility,log10(mol/L),train,,-4.429999828338623,-4.233922935198004,-5.116358452941998,-3.3514874174540106,random,2035,hybrid_concat,edge_gnn,rdkit,concat,77abfcdbb281d08df2e9fb09cf84b2a648ea9008
esol,cda3c19cb61dcf61,CC(C)O,aqueous_solubility,log10(mol/L),calibration,,0.4300000071525574,0.40090671253407706,-0.4815288052099165,1.2833422302780706,random,2035,hybrid_concat,edge_gnn,rdkit,concat,77abfcdbb281d08df2e9fb09cf84b2a648ea9008
esol,29b5883563652a4a,CC(C)OC(=O)C(O)(c1ccc(Br)cc1)c1ccc(Br)cc1,aqueous_solubility,log10(mol/L),train,,-4.929999828338623,-4.76270513532466,-5.645140653068654,-3.880269617580667,random,2035,hybrid_concat,edge_gnn,rdkit,concat,77abfcdbb281d08df2e9fb09cf84b2a648ea9008
esol,3a93ce33b34309ec,CC(C)OC(=O)C(O)(c1ccc(Cl)cc1)c1cccc(Cl)c1,aqueous_solubility,log10(mol/L),validation,,-4.53000020980835,-4.694351186308676,-5.57678670405267,-3.8119156685646827,random,2035,hybrid_concat,edge_gnn,rdkit,concat,77abfcdbb281d08df2e9fb09cf84b2a648ea9008
esol,fe1b8ef4223e48b9,CC(C)OC(=O)Nc1cccc(Cl)c1,aqueous_solubility,log10(mol/L),train,,-3.380000114440918,-3.280520079099139,-4.162955596843132,-2.3980845613551454,random,2035,hybrid_concat,edge_gnn,rdkit,concat,77abfcdbb281d08df2e9fb09cf84b2a648ea9008
esol,c058498368b6f45f,CC(C)OC(C)C,aqueous_solubility,log10(mol/L),test,,-1.100000023841858,-1.5065640279058048,-2.3889995456497983,-0.6241285101618113,random,2035,hybrid_concat,edge_gnn,rdkit,concat,77abfcdbb281d08df2e9fb09cf84b2a648ea9008
esol,64969de570667f54,CC(C)OC=O,aqueous_solubility,log10(mol/L),train,,-0.6299999952316284,-0.4067649681604464,-1.28920048590444,0.47567054958354715,random,2035,hybrid_concat,edge_gnn,rdkit,concat,77abfcdbb281d08df2e9fb09cf84b2a648ea9008
esol,a4f756df109453e5,CC(C)OP(=S)(OC(C)C)SCCNS(=O)(=O)c1ccccc1,aqueous_solubility,log10(mol/L),calibration,,-4.199999809265137,-4.2346468056719315,-5.117082323415925,-3.352211287927938,random,2035,hybrid_concat,edge_gnn,rdkit,concat,77abfcdbb281d08df2e9fb09cf84b2a648ea9008
esol,ee085d3f01995af6,CC(C)Oc1cc(-n2nc(C(C)(C)C)oc2=O)c(Cl)cc1Cl,aqueous_solubility,log10(mol/L),train,,-5.696000099182129,-5.428972148317092,-6.311407666061085,-4.546536630573098,random,2035,hybrid_concat,edge_gnn,rdkit,concat,77abfcdbb281d08df2e9fb09cf84b2a648ea9008
esol,76ccfd6237ac9890,CC(C)SC(C)C,aqueous_solubility,log10(mol/L),validation,,-2.240000009536743,-3.2927340055581715,-4.175169523302165,-2.410298487814178,random,2035,hybrid_concat,edge_gnn,rdkit,concat,77abfcdbb281d08df2e9fb09cf84b2a648ea9008
esol,a33de185411c9169,CC(C)[N+](=O)[O-],aqueous_solubility,log10(mol/L),calibration,,-0.6200000047683716,-0.5271393975539027,-1.4095749152978962,0.3552961201900908,random,2035,hybrid_concat,edge_gnn,rdkit,concat,77abfcdbb281d08df2e9fb09cf84b2a648ea9008
esol,5bf16fbdd33fd7e5,CC(C)c1ccc(NC(=O)N(C)C)cc1,aqueous_solubility,log10(mol/L),test,,-3.5360000133514404,-2.9665586546489884,-3.848994172392982,-2.084123136904995,random,2035,hybrid_concat,edge_gnn,rdkit,concat,77abfcdbb281d08df2e9fb09cf84b2a648ea9008
esol,ebcaf3b06d31e23c,CC(C)c1ccccc1,aqueous_solubility,log10(mol/L),train,,-3.2699999809265137,-3.6034495777796947,-4.485885095523688,-2.721014060035701,random,2035,hybrid_concat,edge_gnn,rdkit,concat,77abfcdbb281d08df2e9fb09cf84b2a648ea9008
esol,e826c8452f856a21,CC(Cl)(Cl)Cl,aqueous_solubility,log10(mol/L),train,,-2.0,-2.029651484242691,-2.9120870019866847,-1.1472159664986976,random,2035,hybrid_concat,edge_gnn,rdkit,concat,77abfcdbb281d08df2e9fb09cf84b2a648ea9008
esol,ae412188d225d1ff,CC(Cl)CCl,aqueous_solubility,log10(mol/L),train,,-1.600000023841858,-1.4288878410379704,-2.311323358781964,-0.5464523232939769,random,2035,hybrid_concat,edge_gnn,rdkit,concat,77abfcdbb281d08df2e9fb09cf84b2a648ea9008
esol,6fc705daaa981f1c,CC(Cl)Cl,aqueous_solubility,log10(mol/L),train,,-1.2899999618530273,-1.1474714751960877,-2.0299069929400813,-0.2650359574520942,random,2035,hybrid_concat,edge_gnn,rdkit,concat,77abfcdbb281d08df2e9fb09cf84b2a648ea9008
esol,ca06354cc736b665,CC(N)=O,aqueous_solubility,log10(mol/L),train,,1.5800000429153442,1.7424799908787683,0.8600444731347747,2.624915508622762,random,2035,hybrid_concat,edge_gnn,rdkit,concat,77abfcdbb281d08df2e9fb09cf84b2a648ea9008
esol,ac8678e7da550080,CC(O)C(C)(C)C,aqueous_solubility,log10(mol/L),test,,-0.6200000047683716,-0.3802849769893113,-1.2627204947333048,0.5021505407546822,random,2035,hybrid_concat,edge_gnn,rdkit,concat,77abfcdbb281d08df2e9fb09cf84b2a648ea9008
esol,37f42148c61ea59a,CC(O)c1ccccc1,aqueous_solubility,log10(mol/L),train,,-0.9200000166893005,-0.7860807447547313,-1.6685162624987249,0.0963547729892622,random,2035,hybrid_concat,edge_gnn,rdkit,concat,77abfcdbb281d08df2e9fb09cf84b2a648ea9008
esol,5a24ac22a4147a29,CC1(C)C(=O)NC(=O)NC1=O,aqueous_solubility,log10(mol/L),train,,-1.7419999837875366,-1.3808797347291661,-2.2633152524731597,-0.4984442169851726,random,2035,hybrid_concat,edge_gnn,rdkit,concat,77abfcdbb281d08df2e9fb09cf84b2a648ea9008
esol,ad73c6a3bc5310b2,CC1(C)C(C(=O)OC(C#N)c2cccc(Oc3ccccc3)c2)C1(C)C,aqueous_solubility,log10(mol/L),train,,-6.025000095367432,-6.452979452919173,-7.335414970663167,-5.57054393517518,random,2035,hybrid_concat,edge_gnn,rdkit,concat,77abfcdbb281d08df2e9fb09cf84b2a648ea9008
esol,f4cd15c48a6c1364,CC1(C)C(C=C(Br)Br)C1C(=O)OC(C#N)c1cccc(Oc2ccccc2)c1,aqueous_solubility,log10(mol/L),validation,,-8.402000427246094,-7.576103474653467,-8.458538992397461,-6.693667956909473,random,2035,hybrid_concat,edge_gnn,rdkit,concat,77abfcdbb281d08df2e9fb09cf84b2a648ea9008
esol,b671f3921f45bbf0,CC1(C)C(C=C(Cl)C(F)(F)F)C1C(=O)OC(C#N)c1cccc(Oc2ccccc2)c1,aqueous_solubility,log10(mol/L),train,,-8.175999641418457,-8.186304079558155,-9.068739597302148,-7.303868561814162,random,2035,hybrid_concat,edge_gnn,rdkit,concat,77abfcdbb281d08df2e9fb09cf84b2a648ea9008
esol,fe6fc5479a503890,CC1(C)C(C=C(Cl)Cl)C1C(=O)OC(C#N)c1ccc(F)c(Oc2ccccc2)c1,aqueous_solubility,log10(mol/L),train,,-7.336999893188477,-7.807266847532739,-8.689702365276734,-6.924831329788746,random,2035,hybrid_concat,edge_gnn,rdkit,concat,77abfcdbb281d08df2e9fb09cf84b2a648ea9008
esol,2cf7a20f75b7dd82,CC1(C)C(C=C(Cl)Cl)C1C(=O)OC(C#N)c1cccc(Oc2ccccc2)c1,aqueous_solubility,log10(mol/L),train,,-8.017000198364258,-7.9178705058359,-8.800306023579893,-7.0354349880919065,random,2035,hybrid_concat,edge_gnn,rdkit,concat,77abfcdbb281d08df2e9fb09cf84b2a648ea9008
esol,4fcaa23e29a00d85,CC1(C)C(C=C(Cl)Cl)C1C(=O)OCc1cccc(Oc2ccccc2)c1,aqueous_solubility,log10(mol/L),train,,-6.290999889373779,-6.246943810110968,-7.129379327854962,-5.364508292366975,random,2035,hybrid_concat,edge_gnn,rdkit,concat,77abfcdbb281d08df2e9fb09cf84b2a648ea9008
esol,51653ae53f89ae0c,CC1(C)C2CCC1(C)C(O)C2,aqueous_solubility,log10(mol/L),train,,-2.319999933242798,-2.053715489859658,-2.9361510076036517,-1.1712799721156646,random,2035,hybrid_concat,edge_gnn,rdkit,concat,77abfcdbb281d08df2e9fb09cf84b2a648ea9008
esol,db019bf83d05a9d8,CC1(C)CON(Cc2ccccc2Cl)C1=O,aqueous_solubility,log10(mol/L),train,,-2.3380000591278076,-2.3943318901890662,-3.2767674079330598,-1.5118963724450727,random,2035,hybrid_concat,edge_gnn,rdkit,concat,77abfcdbb281d08df2e9fb09cf84b2a648ea9008
esol,308633e920b6ab7c,CC1(C)OC2CC3C4CCC5=CC(=O)C=CC5(C)C4(F)C(O)CC3(C)C2(C(=O)CO)O1,aqueous_solubility,log10(mol/L),train,,-4.309999942779541,-4.383188530316682,-5.265624048060675,-3.5007530125726882,random,2035,hybrid_concat,edge_gnn,rdkit,concat,77abfcdbb281d08df2e9fb09cf84b2a648ea9008
esol,8bc400d159a3a189,CC12C=CC(=O)C=C1CCC1C2C(O)CC2(C)C1CCC2(O)C(=O)CO,aqueous_solubility,log10(mol/L),train,,-3.180000066757202,-3.458524183209655,-4.340959700953649,-2.5760886654656616,random,2035,hybrid_concat,edge_gnn,rdkit,concat,77abfcdbb281d08df2e9fb09cf84b2a648ea9008
esol,561a6a9236d5f10f,CC12C=CC(=O)C=C1CCC1C3CC(O)C(O)(C(=O)CO)C3(C)CC(O)C12F,aqueous_solubility,log10(mol/L),train,,-3.680000066757202,-3.507490850445121,-4.389926368189115,-2.6250553327011277,random,2035,hybrid_concat,edge_gnn,rdkit,concat,77abfcdbb281d08df2e9fb09cf84b2a648ea9008
esol,06060f1f62be068f,CC12CC(=O)C3C(CCC4=CC(=O)CCC43C)C1CCC2=O,aqueous_solubility,log10(mol/L),train,,-3.4800000190734863,-3.6930133757740538,-4.575448893518047,-2.81057785803006,random,2035,hybrid_concat,edge_gnn,rdkit,concat,77abfcdbb281d08df2e9fb09cf84b2a648ea9008
esol,eab4b4949a3f41a8,CC12CC1(C)C(=O)N(c1cc(Cl)cc(Cl)c1)C2=O,aqueous_solubility,log10(mol/L),train,,-4.800000190734863,-4.7532980264969975,-5.635733544240991,-3.870862508753004,random,2035,hybrid_concat,edge_gnn,rdkit,concat,77abfcdbb281d08df2e9fb09cf84b2a648ea9008
esol,853813295aac305d,CC12CCC(=O)C=C1CCC1C2C(=O)CC2(C)C1CCC2(O)C(=O)CO,aqueous_solubility,log10(mol/L),train,,-3.109999895095825,-3.3716434737932666,-4.25407899153726,-2.489207956049273,random,2035,hybrid_concat,edge_gnn,rdkit,concat,77abfcdbb281d08df2e9fb09cf84b2a648ea9008
esol,b030c0b4441d718d,CC12CCC(=O)C=C1CCC1C2C(O)CC2(C)C(C(=O)CO)CCC12,aqueous_solubility,log10(mol/L),train,,-3.240000009536743,-3.5338067741775507,-4.416242291921544,-2.651371256433557,random,2035,hybrid_concat,edge_gnn,rdkit,concat,77abfcdbb281d08df2e9fb09cf84b2a648ea9008
esol,66ce1fff4359da1b,CC12CCC(=O)C=C1CCC1C2C(O)CC2(C)C1CCC2(O)C(=O)CO,aqueous_solubility,log10(mol/L),train,,-3.0899999141693115,-3.489081990386477,-4.37151750813047,-2.6066464726424834,random,2035,hybrid_concat,edge_gnn,rdkit,concat,77abfcdbb281d08df2e9fb09cf84b2a648ea9008
esol,16ed90921e2e8d8e,CC12CCC(=O)C=C1CCC1C2C(O)CC2(C=O)C(C(=O)CO)CCC12,aqueous_solubility,log10(mol/L),train,,-3.8499999046325684,-4.287180212673567,-5.1696157304175605,-3.4047446949295734,random,2035,hybrid_concat,edge_gnn,rdkit,concat,77abfcdbb281d08df2e9fb09cf84b2a648ea9008
esol,e9814f0ffa3f1075,CC12CCC(=O)C=C1CCC1C2CCC2(C)C(C(=O)CO)CCC12,aqueous_solubility,log10(mol/L),validation,,-3.450000047683716,-3.8158590555431373,-4.69829457328713,-2.9334235377991438,random,2035,hybrid_concat,edge_gnn,rdkit,concat,77abfcdbb281d08df2e9fb09cf84b2a648ea9008
esol,6db1181db60789c5,CC12CCC(=O)C=C1CCC1C2CCC2(C)C(O)CCC12,aqueous_solubility,log10(mol/L),train,,-4.019999980926514,-4.069217730584319,-4.951653248328313,-3.186782212840326,random,2035,hybrid_concat,edge_gnn,rdkit,concat,77abfcdbb281d08df2e9fb09cf84b2a648ea9008
esol,a410bd3aa9a97d06,CC12CCC(=O)C=C1CCC1C2CCC2(C)C1CCC2(C)O,aqueous_solubility,log10(mol/L),train,,-3.999000072479248,-4.202392134094274,-5.084827651838268,-3.3199566163502805,random,2035,hybrid_concat,edge_gnn,rdkit,concat,77abfcdbb281d08df2e9fb09cf84b2a648ea9008
esol,b37910a504cc939f,CC12CCC(=O)C=C1CCC1C3CCC(O)(C(=O)CO)C3(C)CC(O)C12F,aqueous_solubility,log10(mol/L),train,,-3.430000066757202,-3.6069237983135123,-4.489359316057506,-2.7244882805695187,random,2035,hybrid_concat,edge_gnn,rdkit,concat,77abfcdbb281d08df2e9fb09cf84b2a648ea9008
esol,fc86c422a483c072,CC12CCC(C1)C(C)(C)C2=O,aqueous_solubility,log10(mol/L),test,,-1.850000023841858,-1.9083385397562498,-2.7907740575002435,-1.0259030220122562,random,2035,hybrid_concat,edge_gnn,rdkit,concat,77abfcdbb281d08df2e9fb09cf84b2a648ea9008
esol,1fb8edc59b2eefb0,CC12CCC(CC1)C(C)(C)O2,aqueous_solubility,log10(mol/L),validation,,-1.6899999976158142,-3.3570432912933947,-4.239478809037388,-2.474607773549401,random,2035,hybrid_concat,edge_gnn,rdkit,concat,77abfcdbb281d08df2e9fb09cf84b2a648ea9008
esol,d3c0277d3ba07790,CC12CCC(CC1=O)C2(C)C,aqueous_solubility,log10(mol/L),train,,-1.9600000381469727,-1.910033738810903,-2.7924692565548965,-1.0275982210669095,random,2035,hybrid_concat,edge_gnn,rdkit,concat,77abfcdbb281d08df2e9fb09cf84b2a648ea9008
esol,dccc95418d7103ad,CC12CCC3C(=CCc4cc(O)ccc43)C1CCC2=O,aqueous_solubility,log10(mol/L),train,,-5.2820000648498535,-5.227200778607507,-6.109636296351501,-4.344765260863514,random,2035,hybrid_concat,edge_gnn,rdkit,concat,77abfcdbb281d08df2e9fb09cf84b2a648ea9008
esol,70d2277f708f35c0,CC12CCC3C(CC=C4CC(O)CCC43C)C1CCC2=O,aqueous_solubility,log10(mol/L),train,,-4.119999885559082,-4.29008531656944,-5.172520834313434,-3.407649798825447,random,2035,hybrid_concat,edge_gnn,rdkit,concat,77abfcdbb281d08df2e9fb09cf84b2a648ea9008
esol,3262b47324486ddb,CC12CCC3C(CCC4=CC(=O)CCC43C)C1CCC2=O,aqueous_solubility,log10(mol/L),train,,-3.690000057220459,-4.02795261096784,-4.910388128711833,-3.1455170932238463,random,2035,hybrid_concat,edge_gnn,rdkit,concat,77abfcdbb281d08df2e9fb09cf84b2a648ea9008
esol,5eb9d5702255e00b,CC12CCC3C(CCC4CC(=O)CCC43C)C1CCC2O,aqueous_solubility,log10(mol/L),validation,,-4.743000030517578,-4.181809935588179,-5.064245453332172,-3.2993744178441853,random,2035,hybrid_concat,edge_gnn,rdkit,concat,77abfcdbb281d08df2e9fb09cf84b2a648ea9008
esol,d792bed320b4011c,CC12CCC3C(CCC4CC(O)CCC43C)C1CCC2=O,aqueous_solubility,log10(mol/L),validation,,-4.2809998989105225,-4.126812309672574,-5.0092478274165675,-3.2443767919285804,random,2035,hybrid_concat,edge_gnn,rdkit,concat,77abfcdbb281d08df2e9fb09cf84b2a648ea9008
esol,b908be84e83c2496,CC12CCC3C(CCC4CC5SC5CC43C)C1CCC2O,aqueous_solubility,log10(mol/L),train,,-5.409999847412109,-5.400213223414646,-6.282648741158639,-4.517777705670652,random,2035,hybrid_concat,edge_gnn,rdkit,concat,77abfcdbb281d08df2e9fb09cf84b2a648ea9008
esol,2daaedea250881cb,CC12CCC3c4ccc(O)cc4CCC3C1CC(O)C2O,aqueous_solubility,log10(mol/L),train,,-4.954999923706055,-4.770233240222729,-5.6526687579667225,-3.8877977224787355,random,2035,hybrid_concat,edge_gnn,rdkit,concat,77abfcdbb281d08df2e9fb09cf84b2a648ea9008
esol,9b5249c4f004fb08,CC12CCC3c4ccc(O)cc4CCC3C1CCC2=O,aqueous_solubility,log10(mol/L),train,,-3.9549999237060547,-4.469506506922158,-5.351942024666151,-3.587070989178164,random,2035,hybrid_concat,edge_gnn,rdkit,concat,77abfcdbb281d08df2e9fb09cf84b2a648ea9008
esol,549c66ea8743a7af,CC12CCC3c4ccc(O)cc4CCC3C1CCC2O,aqueous_solubility,log10(mol/L),train,,-5.03000020980835,-4.983715817722485,-5.866151335466479,-4.101280299978492,random,2035,hybrid_concat,edge_gnn,rdkit,concat,77abfcdbb281d08df2e9fb09cf84b2a648ea9008
esol,673567a4582a20ec,CC12CCc3c(ccc4cc(O)ccc34)C1CCC2=O,aqueous_solubility,log10(mol/L),train,,-5.239999771118164,-4.990677211482651,-5.873112729226644,-4.108241693738657,random,2035,hybrid_concat,edge_gnn,rdkit,concat,77abfcdbb281d08df2e9fb09cf84b2a648ea9008
esol,6cc22f666ec43b0c,CC1=C(C(=O)Nc2ccccc2)CCCO1,aqueous_solubility,log10(mol/L),train,,-2.559999942779541,-2.5823185110729905,-3.464754028816984,-1.699882993328997,random,2035,hybrid_concat,edge_gnn,rdkit,concat,77abfcdbb281d08df2e9fb09cf84b2a648ea9008
esol,2e8679647e9c7af4,CC1=C(C(=O)Nc2ccccc2)S(=O)(=O)CCO1,aqueous_solubility,log10(mol/L),test,,-2.2809998989105225,-2.486872895401045,-3.3693084131450384,-1.6044373776570513,random,2035,hybrid_concat,edge_gnn,rdkit,concat,77abfcdbb281d08df2e9fb09cf84b2a648ea9008
esol,b5b4cb2a5e9b9324,CC1=C(C(=O)Nc2ccccc2)SCCO1,aqueous_solubility,log10(mol/L),train,,-3.140000104904175,-3.0319491201334845,-3.914384637877478,-2.149513602389491,random,2035,hybrid_concat,edge_gnn,rdkit,concat,77abfcdbb281d08df2e9fb09cf84b2a648ea9008
esol,7efcd8aa4b87cc1a,CC1=C2C3OC(=O)C(C)C3CCC2(C)C=CC1=O,aqueous_solubility,log10(mol/L),train,,-3.0899999141693115,-3.0817502800050267,-3.9641857977490202,-2.199314762261033,random,2035,hybrid_concat,edge_gnn,rdkit,concat,77abfcdbb281d08df2e9fb09cf84b2a648ea9008
esol,96de9e25198b2092,CC1=CC(=O)CC(C)(C)C1,aqueous_solubility,log10(mol/L),train,,-1.059999942779541,-1.1909444120939423,-2.0733799298379356,-0.30850889434994877,random,2035,hybrid_concat,edge_gnn,rdkit,concat,77abfcdbb281d08df2e9fb09cf84b2a648ea9008
esol,f59c469fca861fbf,CC1=CC(=O)c2ccccc2C1=O,aqueous_solubility,log10(mol/L),calibration,,-3.0299999713897705,-2.2251370356267497,-3.1075725533707432,-1.3427015178827562,random,2035,hybrid_concat,edge_gnn,rdkit,concat,77abfcdbb281d08df2e9fb09cf84b2a648ea9008
esol,ded0a2c22ffe923c,CC1=CCCCC1,aqueous_solubility,log10(mol/L),calibration,,-3.2699999809265137,-3.1021941930984998,-3.9846297108424933,-2.219758675354506,random,2035,hybrid_concat,edge_gnn,rdkit,concat,77abfcdbb281d08df2e9fb09cf84b2a648ea9008
esol,ed4c980dd8b4f9e0,CC1CC(C)C(=O)C(C(O)CC2CC(=O)NC(=O)C2)C1,aqueous_solubility,log10(mol/L),train,,-1.1299999952316284,-0.9786184483575697,-1.8610539661015633,-0.09618293061357619,random,2035,hybrid_concat,edge_gnn,rdkit,concat,77abfcdbb281d08df2e9fb09cf84b2a648ea9008
esol,37ef59ba8bc69fae,CC1CC2C3CC(F)C4=CC(=O)C=CC4(C)C3(F)C(O)CC2(C)C1(O)C(=O)CO,aqueous_solubility,log10(mol/L),train,,-5.61299991607666,-5.218056917835632,-6.100492435579626,-4.335621400091639,random,2035,hybrid_concat,edge_gnn,rdkit,concat,77abfcdbb281d08df2e9fb09cf84b2a648ea9008
esol,efe337a66ed3ef56,CC1CC2C3CCC4=CC(=O)C=CC4(C)C3(F)C(O)CC2(C)C1(O)C(=O)CO,aqueous_solubility,log10(mol/L),calibration,,-3.5899999141693115,-4.210240725613213,-5.092676243357206,-3.3278052078692193,random,2035,hybrid_concat,edge_gnn,rdkit,concat,77abfcdbb281d08df2e9fb09cf84b2a648ea9008
esol,990639b2658aeabf,CC1CCC(C(C)C)C(=O)C1,aqueous_solubility,log10(mol/L),train,,-2.3499999046325684,-2.4015200794274714,-3.283955597171465,-1.5190845616834778,random,2035,hybrid_concat,edge_gnn,rdkit,concat,77abfcdbb281d08df2e9fb09cf84b2a648ea9008
esol,355260992ae623bd,CC1CCC(C(C)C)C(O)C1,aqueous_solubility,log10(mol/L),calibration,,-2.5299999713897705,-2.688031263516805,-3.5704667812607984,-1.8055957457728113,random,2035,hybrid_concat,edge_gnn,rdkit,concat,77abfcdbb281d08df2e9fb09cf84b2a648ea9008
esol,6deb7ea9bd9ff6c3,CC1CCC(C)CC1,aqueous_solubility,log10(mol/L),test,,-4.46999979019165,-4.372224384488012,-5.254659902232006,-3.4897888667440187,random,2035,hybrid_concat,edge_gnn,rdkit,concat,77abfcdbb281d08df2e9fb09cf84b2a648ea9008
esol,7fed54044e7b496d,CC1CCCC1,aqueous_solubility,log10(mol/L),train,,-3.299999952316284,-3.3427037354710603,-4.225139253215054,-2.4602682177270667,random,2035,hybrid_concat,edge_gnn,rdkit,concat,77abfcdbb281d08df2e9fb09cf84b2a648ea9008
esol,07b03b234e331841,CC1CCCCC1,aqueous_solubility,log10(mol/L),train,,-3.8499999046325684,-3.900601923057554,-4.7830374408015475,-3.0181664053135604,random,2035,hybrid_concat,edge_gnn,rdkit,concat,77abfcdbb281d08df2e9fb09cf84b2a648ea9008
esol,1006f9328e658b00,CC1CCCCC1C,aqueous_solubility,log10(mol/L),train,,-4.300000190734863,-4.387171051513045,-5.269606569257038,-3.5047355337690513,random,2035,hybrid_concat,edge_gnn,rdkit,concat,77abfcdbb281d08df2e9fb09cf84b2a648ea9008
esol,22f824d41aeea5a5,CC1CCCCC1NC(=O)Nc1ccccc1,aqueous_solubility,log10(mol/L),validation,,-4.110000133514404,-3.8045583247471693,-4.686993842491162,-2.9221228070031757,random,2035,hybrid_concat,edge_gnn,rdkit,concat,77abfcdbb281d08df2e9fb09cf84b2a648ea9008
esol,14cfac60d34ed2f7,CC1CCCO1,aqueous_solubility,log10(mol/L),test,,0.10999999940395355,-0.35438773362302145,-1.236823251367015,0.5280477841209721,random,2035,hybrid_concat,edge_gnn,rdkit,concat,77abfcdbb281d08df2e9fb09cf84b2a648ea9008
esol,a9d5ebbbd488d8e2,CC1CO1,aqueous_solubility,log10(mol/L),train,,-0.5899999737739563,-0.5363242135059663,-1.4187597312499598,0.3461113042380273,random,2035,hybrid_concat,edge_gnn,rdkit,concat,77abfcdbb281d08df2e9fb09cf84b2a648ea9008
esol,1d04033e6224d00c,CC1COC2CC3(C)C(CC4C5C=C6CC(O)CCC6(C)CC5CCC43C)OC2C1,aqueous_solubility,log10(mol/L),train,,-7.320000171661377,-7.001488233691128,-7.8839237514351215,-6.119052715947134,random,2035,hybrid_concat,edge_gnn,rdkit,concat,77abfcdbb281d08df2e9fb09cf84b2a648ea9008
esol,85e634af983f15c5,CC1Cc2ccccc2N1NC(=O)c1ccc(Cl)c(S(N)(=O)=O)c1,aqueous_solubility,log10(mol/L),train,,-3.5859999656677246,-3.498911418670085,-4.3813469364140785,-2.6164759009260914,random,2035,hybrid_concat,edge_gnn,rdkit,concat,77abfcdbb281d08df2e9fb09cf84b2a648ea9008
esol,bd2b37eb42bf2e88,CC1OC(OC2C(O)CC(OC3C(O)CC(OC4CCC5(C)C(CCC6C5CC(O)C5(C)C(C7=CC(=O)OC7)CCC65O)C4)OC3C)OC2C)CC(O)C1O,aqueous_solubility,log10(mol/L),train,,-4.080999851226807,-4.168498021719329,-5.050933539463323,-3.2860625039753355,random,2035,hybrid_concat,edge_gnn,rdkit,concat,77abfcdbb281d08df2e9fb09cf84b2a648ea9008
esol,ac668969e8b9e1f6,CC1OC(OC2C(O)CC(OC3C(O)CC(OC4CCC5(C)C(CCC6C5CCC5(C)C(C7=CC(=O)OC7)CCC65O)C4)OC3C)OC2C)CC(O)C1O,aqueous_solubility,log10(mol/L),train,,-5.293000221252441,-4.629975564283857,-5.5124110820278505,-3.7475400465398634,random,2035,hybrid_concat,edge_gnn,rdkit,concat,77abfcdbb281d08df2e9fb09cf84b2a648ea9008
esol,faccd04528716453,CC=C(C(=CC)c1ccc(O)cc1)c1ccc(O)cc1,aqueous_solubility,log10(mol/L),validation,,-4.949999809265137,-4.193197449424093,-5.075632967168087,-3.3107619316800996,random,2035,hybrid_concat,edge_gnn,rdkit,concat,77abfcdbb281d08df2e9fb09cf84b2a648ea9008
esol,9da6816a67862e68,CC=C(C)C,aqueous_solubility,log10(mol/L),calibration,,-2.559999942779541,-2.5196322285514414,-3.402067746295435,-1.6371967108074479,random,2035,hybrid_concat,edge_gnn,rdkit,concat,77abfcdbb281d08df2e9fb09cf84b2a648ea9008
esol,ffbba6f6cfcc8f90,CC=CC=O,aqueous_solubility,log10(mol/L),validation,,0.3199999928474426,0.43835923794428133,-0.4440762797997122,1.3207947556882749,random,2035,hybrid_concat,edge_gnn,rdkit,concat,77abfcdbb281d08df2e9fb09cf84b2a648ea9008
esol,f220362f20674d76,CC=Cc1ccc(OC)cc1,aqueous_solubility,log10(mol/L),train,,-3.130000114440918,-3.2689574263563803,-4.151392944100374,-2.3865219086123868,random,2035,hybrid_concat,edge_gnn,rdkit,concat,77abfcdbb281d08df2e9fb09cf84b2a648ea9008
esol,35cd7d074fa4c41d,CCBr,aqueous_solubility,log10(mol/L),train,,-1.090000033378601,-1.1099099004506838,-1.9923454181946774,-0.2274743827066903,random,2035,hybrid_concat,edge_gnn,rdkit,concat,77abfcdbb281d08df2e9fb09cf84b2a648ea9008
esol,d4bb7958b02085f6,CCC,aqueous_solubility,log10(mol/L),train,,-1.940000057220459,-2.061884876396907,-2.9443203941409006,-1.1794493586529136,random,2035,hybrid_concat,edge_gnn,rdkit,concat,77abfcdbb281d08df2e9fb09cf84b2a648ea9008
esol,d172035a0575b4f0,CCC#CCC,aqueous_solubility,log10(mol/L),train,,-1.9900000095367432,-1.9472607640121196,-2.829696281756113,-1.064825246268126,random,2035,hybrid_concat,edge_gnn,rdkit,concat,77abfcdbb281d08df2e9fb09cf84b2a648ea9008
esol,5cc3b635245b012c,CCC#N,aqueous_solubility,log10(mol/L),train,,0.2800000011920929,0.11971189941393456,-0.762723618330059,1.002147417157928,random,2035,hybrid_concat,edge_gnn,rdkit,concat,77abfcdbb281d08df2e9fb09cf84b2a648ea9008
esol,0547b83133ec728e,CCC(=C(CC)c1ccc(O)cc1)c1ccc(O)cc1,aqueous_solubility,log10(mol/L),train,,-4.070000171661377,-4.255773017264261,-5.138208535008254,-3.373337499520267,random,2035,hybrid_concat,edge_gnn,rdkit,concat,77abfcdbb281d08df2e9fb09cf84b2a648ea9008
esol,711e0fc464234636,CCC(=O)CC,aqueous_solubility,log10(mol/L),train,,-0.2800000011920929,-0.09965268080187295,-0.9820881985458665,0.7827828369421206,random,2035,hybrid_concat,edge_gnn,rdkit,concat,77abfcdbb281d08df2e9fb09cf84b2a648ea9008
esol,ce30ab4b74767529,CCC(=O)Nc1ccc(Cl)c(Cl)c1,aqueous_solubility,log10(mol/L),calibration,,-3.0,-3.7605440886605632,-4.642979606404557,-2.8781085709165697,random,2035,hybrid_concat,edge_gnn,rdkit,concat,77abfcdbb281d08df2e9fb09cf84b2a648ea9008
esol,4d970928ff053b01,CCC(=O)OC,aqueous_solubility,log10(mol/L),train,,-0.14000000059604645,-0.0945100917907844,-0.9769456095347779,0.7879254259532091,random,2035,hybrid_concat,edge_gnn,rdkit,concat,77abfcdbb281d08df2e9fb09cf84b2a648ea9008
esol,9b12de6fa018a540,CCC(=O)OC1CCC2C3CCC4=CC(=O)CCC4(C)C3CCC12C,aqueous_solubility,log10(mol/L),train,,-5.369999885559082,-5.2817851519519365,-6.16422066969593,-4.399349634207943,random,2035,hybrid_concat,edge_gnn,rdkit,concat,77abfcdbb281d08df2e9fb09cf84b2a648ea9008
esol,e3c14a3a91bcd663,CCC(=O)OCN1C(=O)NC(c2ccccc2)(c2ccccc2)C1=O,aqueous_solubility,log10(mol/L),test,,-4.9070000648498535,-4.353537473296404,-5.235972991040398,-3.4711019555524105,random,2035,hybrid_concat,edge_gnn,rdkit,concat,77abfcdbb281d08df2e9fb09cf84b2a648ea9008
esol,fba8f2ce4dada735,CCC(Br)(CC)C(=O)NC(N)=O,aqueous_solubility,log10(mol/L),calibration,,-2.680000066757202,-2.261137687563388,-3.1435732053073817,-1.3787021698193946,random,2035,hybrid_concat,edge_gnn,rdkit,concat,77abfcdbb281d08df2e9fb09cf84b2a648ea9008
esol,0552a9e71d6cfea7,CCC(C)(C)C,aqueous_solubility,log10(mol/L),train,,-3.549999952316284,-3.9300345730099906,-4.812470090753984,-3.047599055265997,random,2035,hybrid_concat,edge_gnn,rdkit,concat,77abfcdbb281d08df2e9fb09cf84b2a648ea9008
esol,a3c5654a10d5a78a,CCC(C)(C)CC,aqueous_solubility,log10(mol/L),train,,-4.230000019073486,-4.446511653554258,-5.3289471712982515,-3.5640761358102644,random,2035,hybrid_concat,edge_gnn,rdkit,concat,77abfcdbb281d08df2e9fb09cf84b2a648ea9008
esol,9d5b4ee33b32fb0c,CCC(C)(C)CO,aqueous_solubility,log10(mol/L),test,,-1.0399999618530273,-0.8172417156470035,-1.699677233390997,0.06519380209699,random,2035,hybrid_concat,edge_gnn,rdkit,concat,77abfcdbb281d08df2e9fb09cf84b2a648ea9008
esol,531e962faed70e1e,CCC(C)(C)Cl,aqueous_solubility,log10(mol/L),test,,-2.509999990463257,-2.440669900994929,-3.3231054187389226,-1.5582343832509356,random,2035,hybrid_concat,edge_gnn,rdkit,concat,77abfcdbb281d08df2e9fb09cf84b2a648ea9008
esol,cad4fa1d66a14c52,CCC(C)(C)O,aqueous_solubility,log10(mol/L),validation,,0.15000000596046448,0.016079010153151607,-0.8663565075908419,0.8985145278971451,random,2035,hybrid_concat,edge_gnn,rdkit,concat,77abfcdbb281d08df2e9fb09cf84b2a648ea9008
esol,646485e6c04cc19e,CCC(C)(O)CC,aqueous_solubility,log10(mol/L),test,,-0.36000001430511475,-0.48611636992874585,-1.3685518876727394,0.3963191478152477,random,2035,hybrid_concat,edge_gnn,rdkit,concat,77abfcdbb281d08df2e9fb09cf84b2a648ea9008
esol,4458adc1a90f205f,CCC(C)=O,aqueous_solubility,log10(mol/L),train,,0.5199999809265137,0.4108417977810319,-0.4715937199629616,1.2932773155250255,random,2035,hybrid_concat,edge_gnn,rdkit,concat,77abfcdbb281d08df2e9fb09cf84b2a648ea9008
esol,860e76bc1b2205e5,CCC(C)C,aqueous_solubility,log10(mol/L),validation,,-3.180000066757202,-3.3927690377509694,-4.2752045554949625,-2.510333520006976,random,2035,hybrid_concat,edge_gnn,rdkit,concat,77abfcdbb281d08df2e9fb09cf84b2a648ea9008
esol,7f0540e7d68d0353,CCC(C)C(=O)OC1CC(C)C=C2C=CC(C)C(CCC3CC(O)CC(=O)O3)C21,aqueous_solubility,log10(mol/L),train,,-6.005000114440918,-5.6334798668427375,-6.515915384586731,-4.751044349098744,random,2035,hybrid_concat,edge_gnn,rdkit,concat,77abfcdbb281d08df2e9fb09cf84b2a648ea9008
esol,11bac5bf3e21f269,CCC(C)C(C)=O,aqueous_solubility,log10(mol/L),train,,-0.6700000166893005,-0.6381757991465196,-1.520611316890513,0.24425971859747397,random,2035,hybrid_concat,edge_gnn,rdkit,concat,77abfcdbb281d08df2e9fb09cf84b2a648ea9008
esol,6085f1e95eaddcb2,CCC(C)C(C)C,aqueous_solubility,log10(mol/L),validation,,-4.28000020980835,-4.67180461946127,-5.554240137205263,-3.789369101717276,random,2035,hybrid_concat,edge_gnn,rdkit,concat,77abfcdbb281d08df2e9fb09cf84b2a648ea9008
esol,a5ca898e35932a4d,CCC(C)C1(CC)C(=O)NC(=O)NC1=O,aqueous_solubility,log10(mol/L),train,,-2.390000104904175,-2.200201252123068,-3.0826367698670616,-1.3177657343790745,random,2035,hybrid_concat,edge_gnn,rdkit,concat,77abfcdbb281d08df2e9fb09cf84b2a648ea9008
esol,8f174b3984e75df6,CCC(C)CC,aqueous_solubility,log10(mol/L),train,,-3.680000066757202,-4.064830591945134,-4.947266109689128,-3.182395074201141,random,2035,hybrid_concat,edge_gnn,rdkit,concat,77abfcdbb281d08df2e9fb09cf84b2a648ea9008
esol,1e876450195412a0,CCC(C)CCO,aqueous_solubility,log10(mol/L),test,,-0.7099999785423279,-0.965014173714486,-1.8474496914584795,-0.08257865597049241,random,2035,hybrid_concat,edge_gnn,rdkit,concat,77abfcdbb281d08df2e9fb09cf84b2a648ea9008
esol,aaff60003107c3bd,CCC(C)CO,aqueous_solubility,log10(mol/L),train,,-0.4699999988079071,-0.3989585654114607,-1.2813940831554542,0.48347695233253285,random,2035,hybrid_concat,edge_gnn,rdkit,concat,77abfcdbb281d08df2e9fb09cf84b2a648ea9008
esol,d978eec75d4efefd,CCC(C)Cl,aqueous_solubility,log10(mol/L),train,,-1.9600000381469727,-1.98164047899794,-2.8640759967419336,-1.0992049612539465,random,2035,hybrid_concat,edge_gnn,rdkit,concat,77abfcdbb281d08df2e9fb09cf84b2a648ea9008
esol,1f701cf97ca02491,CCC(C)O,aqueous_solubility,log10(mol/L),train,,0.4699999988079071,0.3715388877237751,-0.5108966300202185,1.2539744054677686,random,2035,hybrid_concat,edge_gnn,rdkit,concat,77abfcdbb281d08df2e9fb09cf84b2a648ea9008
esol,4b3c75035a4fd961,CCC(C)c1cc([N+](=O)[O-])cc([N+](=O)[O-])c1O,aqueous_solubility,log10(mol/L),train,,-3.380000114440918,-3.335508638129973,-4.217944155873966,-2.4530731203859792,random,2035,hybrid_concat,edge_gnn,rdkit,concat,77abfcdbb281d08df2e9fb09cf84b2a648ea9008
esol,4dd1c7df936dd0ff,CCC(C)n1c(=O)[nH]c(C)c(Br)c1=O,aqueous_solubility,log10(mol/L),train,,-2.5230000019073486,-2.5012838143912672,-3.3837193321352608,-1.6188482966472737,random,2035,hybrid_concat,edge_gnn,rdkit,concat,77abfcdbb281d08df2e9fb09cf84b2a648ea9008
esol,7964220aaea5eddd,CCC(C=O)CC,aqueous_solubility,log10(mol/L),train,,-1.5199999809265137,-1.1702600723553291,-2.0526955900993227,-0.2878245546113356,random,2035,hybrid_concat,edge_gnn,rdkit,concat,77abfcdbb281d08df2e9fb09cf84b2a648ea9008
esol,136ed49ee994d858,CCC(CC)CO,aqueous_solubility,log10(mol/L),train,,-1.1699999570846558,-0.9800573074591181,-1.8624928252031117,-0.09762178971512459,random,2035,hybrid_concat,edge_gnn,rdkit,concat,77abfcdbb281d08df2e9fb09cf84b2a648ea9008
esol,3d69b54547088a18,CCC(O)(CC)CC,aqueous_solubility,log10(mol/L),validation,,-0.8500000238418579,-1.084956106536438,-1.9673916242804315,-0.2025205887924444,random,2035,hybrid_concat,edge_gnn,rdkit,concat,77abfcdbb281d08df2e9fb09cf84b2a648ea9008
esol,1b6616ec4b6c9f5b,CCC(O)C(C)C,aqueous_solubility,log10(mol/L),train,,-0.699999988079071,-0.5654628373379862,-1.4478983550819797,0.31697268040600735,random,2035,hybrid_concat,edge_gnn,rdkit,concat,77abfcdbb281d08df2e9fb09cf84b2a648ea9008
esol,ee3d88894451fd0c,CCC(O)CC,aqueous_solubility,log10(mol/L),train,,-0.23999999463558197,-0.1710503892032813,-1.0534859069472748,0.7113851285407122,random,2035,hybrid_concat,edge_gnn,rdkit,concat,77abfcdbb281d08df2e9fb09cf84b2a648ea9008
esol,492e3c56afdd3d65,CCC(c1ccc(O)cc1)C(CC)c1ccc(O)cc1,aqueous_solubility,log10(mol/L),train,,-4.429999828338623,-4.323717661196316,-5.206153178940309,-3.441282143452322,random,2035,hybrid_concat,edge_gnn,rdkit,concat,77abfcdbb281d08df2e9fb09cf84b2a648ea9008
esol,08bd60ba187c4c76,CCC1(C(C)C)C(=O)NC(=O)NC1=O,aqueous_solubility,log10(mol/L),validation,,-2.1790000200271606,-2.1164344625099716,-2.998869980253965,-1.233998944765978,random,2035,hybrid_concat,edge_gnn,rdkit,concat,77abfcdbb281d08df2e9fb09cf84b2a648ea9008
esol,f202255d52ab1ec3,CCC1(C)C(=O)NC(=O)NC1=O,aqueous_solubility,log10(mol/L),train,,-1.2280000448226929,-1.517548898042521,-2.3999844157865144,-0.6351133802985274,random,2035,hybrid_concat,edge_gnn,rdkit,concat,77abfcdbb281d08df2e9fb09cf84b2a648ea9008
esol,823b22622722d6df,CCC1(C2=CCC3CCC2C3)C(=O)NC(=O)NC1=O,aqueous_solubility,log10(mol/L),train,,-2.696000099182129,-2.6646733955208974,-3.547108913264891,-1.782237877776904,random,2035,hybrid_concat,edge_gnn,rdkit,concat,77abfcdbb281d08df2e9fb09cf84b2a648ea9008
esol,6e86b2759d390dd5,CCC1(C2=CCCCC2)C(=O)NC(=O)NC1=O,aqueous_solubility,log10(mol/L),train,,-2.1700000762939453,-2.1911895088149924,-3.073625026558986,-1.3087539910709989,random,2035,hybrid_concat,edge_gnn,rdkit,concat,77abfcdbb281d08df2e9fb09cf84b2a648ea9008
esol,4762407c150120c2,CCC1(CC)C(=O)NC(=O)N(C)C1=O,aqueous_solubility,log10(mol/L),train,,-2.2300000190734863,-1.9378344111841277,-2.8202699289281212,-1.0553988934401342,random,2035,hybrid_concat,edge_gnn,rdkit,concat,77abfcdbb281d08df2e9fb09cf84b2a648ea9008
esol,0ab736d75dfa233b,CCC1(CC)C(=O)NC(=O)NC1=O,aqueous_solubility,log10(mol/L),validation,,-2.4000000953674316,-1.7779323116782857,-2.6603678294222792,-0.8954967939342922,random,2035,hybrid_concat,edge_gnn,rdkit,concat,77abfcdbb281d08df2e9fb09cf84b2a648ea9008
esol,af8a1b1e82b5916e,CCC1(CC=C(C)C)C(=O)NC(=O)NC1=O,aqueous_solubility,log10(mol/L),train,,-2.253000020980835,-2.0803625707644215,-2.962798088508415,-1.197927053020428,random,2035,hybrid_concat,edge_gnn,rdkit,concat,77abfcdbb281d08df2e9fb09cf84b2a648ea9008
esol,b52cbbd90dba367d,CCC1(CCC(C)C)C(=O)NC(=O)NC1=O,aqueous_solubility,log10(mol/L),validation,,-2.562999963760376,-2.275448130667275,-3.1578836484112687,-1.3930126129232816,random,2035,hybrid_concat,edge_gnn,rdkit,concat,77abfcdbb281d08df2e9fb09cf84b2a648ea9008
esol,645fd10802de397b,CCC1(c2ccccc2)C(=O)NC(=O)NC1=O,aqueous_solubility,log10(mol/L),train,,-2.322000026702881,-2.384023705717777,-3.2664592234617706,-1.5015881879737836,random,2035,hybrid_concat,edge_gnn,rdkit,concat,77abfcdbb281d08df2e9fb09cf84b2a648ea9008
esol,8e80310464b10ca4,CCC1(c2ccccc2)C(=O)NCNC1=O,aqueous_solubility,log10(mol/L),train,,-2.640000104904175,-2.633920064366371,-3.5163555821103647,-1.7514845466223776,random,2035,hybrid_concat,edge_gnn,rdkit,concat,77abfcdbb281d08df2e9fb09cf84b2a648ea9008
esol,e1033a252840196d,CCC1(c2ccccc2)CCC(=O)NC1=O,aqueous_solubility,log10(mol/L),train,,-2.3369998931884766,-2.2329288820165116,-3.115364399760505,-1.350493364272518,random,2035,hybrid_concat,edge_gnn,rdkit,concat,77abfcdbb281d08df2e9fb09cf84b2a648ea9008
esol,a55a5ec41782ba07,CCC1CCCCC1,aqueous_solubility,log10(mol/L),calibration,,-4.25,-4.571166392713277,-5.45360191045727,-3.6887308749692833,random,2035,hybrid_concat,edge_gnn,rdkit,concat,77abfcdbb281d08df2e9fb09cf84b2a648ea9008
esol,71227fc0ca5ecb0e,CCC1NC(=O)c2cc(S(N)(=O)=O)c(Cl)cc2N1,aqueous_solubility,log10(mol/L),test,,-3.2899999618530273,-2.9727408629991836,-3.855176380743177,-2.09030534525519,random,2035,hybrid_concat,edge_gnn,rdkit,concat,77abfcdbb281d08df2e9fb09cf84b2a648ea9008
esol,fbbba53affc2f528,CCC=O,aqueous_solubility,log10(mol/L),validation,,0.5799999833106995,0.621122963123435,-0.2613125546205586,1.5035584808674285,random,2035,hybrid_concat,edge_gnn,rdkit,concat,77abfcdbb281d08df2e9fb09cf84b2a648ea9008
esol,99307c59d7dfef35,CCCBr,aqueous_solubility,log10(mol/L),train,,-1.7300000190734863,-1.764249087290261,-2.6466846050342543,-0.8818135695462674,random,2035,hybrid_concat,edge_gnn,rdkit,concat,77abfcdbb281d08df2e9fb09cf84b2a648ea9008
esol,8744e77d82d027a0,CCCC,aqueous_solubility,log10(mol/L),train,,-2.569999933242798,-2.841807926786404,-3.7242434445303974,-1.9593724090424103,random,2035,hybrid_concat,edge_gnn,rdkit,concat,77abfcdbb281d08df2e9fb09cf84b2a648ea9008
esol,50d5afa3055e4398,CCCC(=O)CC,aqueous_solubility,log10(mol/L),train,,-0.8299999833106995,-0.6436682342148781,-1.5261037519588716,0.23876728352911547,random,2035,hybrid_concat,edge_gnn,rdkit,concat,77abfcdbb281d08df2e9fb09cf84b2a648ea9008
esol,c3223a40b30ff2ce,CCCC(=O)CCC,aqueous_solubility,log10(mol/L),validation,,-1.2999999523162842,-1.221880622931086,-2.1043161406750794,-0.33944510518709237,random,2035,hybrid_concat,edge_gnn,rdkit,concat,77abfcdbb281d08df2e9fb09cf84b2a648ea9008
esol,530f34a8c65ac982,CCCC(=O)OC,aqueous_solubility,log10(mol/L),calibration,,-1.9199999570846558,-0.6244207798341894,-1.506856297578183,0.2580147379098041,random,2035,hybrid_concat,edge_gnn,rdkit,concat,77abfcdbb281d08df2e9fb09cf84b2a648ea9008
esol,c2005837b63a1689,CCCC(=O)OCC,aqueous_solubility,log10(mol/L),train,,-1.3600000143051147,-1.2429663727791331,-2.1254018905231264,-0.3605308550351396,random,2035,hybrid_concat,edge_gnn,rdkit,concat,77abfcdbb281d08df2e9fb09cf84b2a648ea9008
esol,773f55f0ab7b02ec,CCCC(=O)OCN1C(=O)NC(c2ccccc2)(c2ccccc2)C1=O,aqueous_solubility,log10(mol/L),train,,-5.071000099182129,-4.667579574517166,-5.55001509226116,-3.7851440567731727,random,2035,hybrid_concat,edge_gnn,rdkit,concat,77abfcdbb281d08df2e9fb09cf84b2a648ea9008
esol,eb02c03a46d859f4,CCCC(C)(C)C,aqueous_solubility,log10(mol/L),train,,-4.360000133514404,-4.398163816624255,-5.280599334368248,-3.515728298880261,random,2035,hybrid_concat,edge_gnn,rdkit,concat,77abfcdbb281d08df2e9fb09cf84b2a648ea9008
esol,14c21e027fff9f63,CCCC(C)(C)CO,aqueous_solubility,log10(mol/L),train,,-1.5199999809265137,-1.4046887573417688,-2.2871242750857625,-0.5222532395977753,random,2035,hybrid_concat,edge_gnn,rdkit,concat,77abfcdbb281d08df2e9fb09cf84b2a648ea9008
esol,553c0fbe16a4173b,CCCC(C)(C)O,aqueous_solubility,log10(mol/L),train,,-0.49000000953674316,-0.4508221331708637,-1.3332576509148573,0.4316133845731298,random,2035,hybrid_concat,edge_gnn,rdkit,concat,77abfcdbb281d08df2e9fb09cf84b2a648ea9008
esol,c13aa0325c4d7681,CCCC(C)(COC(N)=O)COC(N)=O,aqueous_solubility,log10(mol/L),train,,-1.8070000410079956,-1.6231636726192737,-2.5055991903632675,-0.7407281548752802,random,2035,hybrid_concat,edge_gnn,rdkit,concat,77abfcdbb281d08df2e9fb09cf84b2a648ea9008
esol,705240c8f60cb049,CCCC(C)(O)CC,aqueous_solubility,log10(mol/L),validation,,-0.9800000190734863,-0.959565654441751,-1.8420011721857446,-0.07713013669775748,random,2035,hybrid_concat,edge_gnn,rdkit,concat,77abfcdbb281d08df2e9fb09cf84b2a648ea9008
esol,0148f694c74e1962,CCCC(C)=O,aqueous_solubility,log10(mol/L),train,,-0.1899999976158142,-0.06732942163329891,-0.9497649393772924,0.8151060961106946,random,2035,hybrid_concat,edge_gnn,rdkit,concat,77abfcdbb281d08df2e9fb09cf84b2a648ea9008
esol,2a6bb1427ddc99d3,CCCC(C)C,aqueous_solubility,log10(mol/L),train,,-3.740000009536743,-4.050278241888389,-4.9327137596323825,-3.1678427241443954,random,2035,hybrid_concat,edge_gnn,rdkit,concat,77abfcdbb281d08df2e9fb09cf84b2a648ea9008
esol,6035d42dec3b21aa,CCCC(C)C1(CC)C(=O)NC(=O)NC1=O,aqueous_solubility,log10(mol/L),train,,-2.390000104904175,-2.33468838018113,-3.2171238979251235,-1.4522528624371365,random,2035,hybrid_concat,edge_gnn,rdkit,concat,77abfcdbb281d08df2e9fb09cf84b2a648ea9008
esol,0bc9361c7a07aa90,CCCC(C)C1(CC)C(=O)NC(=S)NC1=O,aqueous_solubility,log10(mol/L),validation,,-3.359999895095825,-3.4080997829492414,-4.290535300693235,-2.525664265205248,random,2035,hybrid_concat,edge_gnn,rdkit,concat,77abfcdbb281d08df2e9fb09cf84b2a648ea9008
esol,b60aaba75c023587,CCCC(C)CO,aqueous_solubility,log10(mol/L),train,,-1.1100000143051147,-0.9301941288621554,-1.812629646606149,-0.04775861111816182,random,2035,hybrid_concat,edge_gnn,rdkit,concat,77abfcdbb281d08df2e9fb09cf84b2a648ea9008
esol,a428353a26a96988,CCCC(C)O,aqueous_solubility,log10(mol/L),validation,,-0.28999999165534973,-0.14292084179878728,-1.0253563595427808,0.7395146759452063,random,2035,hybrid_concat,edge_gnn,rdkit,concat,77abfcdbb281d08df2e9fb09cf84b2a648ea9008
esol,911ea15ed7d45385,CCCC(O)CC,aqueous_solubility,log10(mol/L),validation,,-0.800000011920929,-0.7470862321386496,-1.629521749882643,0.13534928560534398,random,2035,hybrid_concat,edge_gnn,rdkit,concat,77abfcdbb281d08df2e9fb09cf84b2a648ea9008
esol,36679fca2c495432,CCCC(O)CCC,aqueous_solubility,log10(mol/L),train,,-1.399999976158142,-1.3212092707848715,-2.203644788528865,-0.43877375304087796,random,2035,hybrid_concat,edge_gnn,rdkit,concat,77abfcdbb281d08df2e9fb09cf84b2a648ea9008
esol,f92375bd7aa00a4e,CCCC1C(=O)N2C(N(C)C)=Nc3ccc(C)cc3N2C1=O,aqueous_solubility,log10(mol/L),train,,-3.5380001068115234,-3.536677337560012,-4.4191128553040055,-2.6542418198160185,random,2035,hybrid_concat,edge_gnn,rdkit,concat,77abfcdbb281d08df2e9fb09cf84b2a648ea9008
esol,ec228ee9c15a775e,CCCC1CCCC1,aqueous_solubility,log10(mol/L),validation,,-4.739999771118164,-4.669320663111066,-5.55175618085506,-3.786885145367073,random,2035,hybrid_concat,edge_gnn,rdkit,concat,77abfcdbb281d08df2e9fb09cf84b2a648ea9008
esol,9eb037d358bcc7a9,CCCC1COC(Cn2cncn2)(c2ccc(Cl)cc2Cl)O1,aqueous_solubility,log10(mol/L),train,,-3.493000030517578,-3.204605890171716,-4.087041407915709,-2.3221703724277223,random,2035,hybrid_concat,edge_gnn,rdkit,concat,77abfcdbb281d08df2e9fb09cf84b2a648ea9008
esol,b3fc3b836b5caee3,CCCC=C(C=O)CC,aqueous_solubility,log10(mol/L),calibration,,-2.4600000381469727,-1.5775645204029791,-2.4600000381469727,-0.6951290026589856,random,2035,hybrid_concat,edge_gnn,rdkit,concat,77abfcdbb281d08df2e9fb09cf84b2a648ea9008
esol,2b15dc56b70f7e88,CCCC=O,aqueous_solubility,log10(mol/L),train,,-0.009999999776482582,0.0305761570679266,-0.8518593606760669,0.9130116748119201,random,2035,hybrid_concat,edge_gnn,rdkit,concat,77abfcdbb281d08df2e9fb09cf84b2a648ea9008
esol,d8934e1ae61ae50b,CCCCBr,aqueous_solubility,log10(mol/L),test,,-2.369999885559082,-2.387863685616829,-3.2702992033608225,-1.5054281678728354,random,2035,hybrid_concat,edge_gnn,rdkit,concat,77abfcdbb281d08df2e9fb09cf84b2a648ea9008
esol,cdbf47a4c8e3d287,CCCCC,aqueous_solubility,log10(mol/L),train,,-3.180000066757202,-3.5555823474220194,-4.438017865166013,-2.673146829678026,random,2035,hybrid_concat,edge_gnn,rdkit,concat,77abfcdbb281d08df2e9fb09cf84b2a648ea9008
esol,046f34299e8e0593,CCCCC(=O)CCCC,aqueous_solubility,log10(mol/L),validation,,-2.5799999237060547,-2.5862894365255658,-3.4687249542695593,-1.7038539187815722,random,2035,hybrid_concat,edge_gnn,rdkit,concat,77abfcdbb281d08df2e9fb09cf84b2a648ea9008
esol,d781e9733c524f88,CCCCC(=O)OC,aqueous_solubility,log10(mol/L),train,,-1.340000033378601,-1.2458260805716648,-2.1282615983156585,-0.36339056282767124,random,2035,hybrid_concat,edge_gnn,rdkit,concat,77abfcdbb281d08df2e9fb09cf84b2a648ea9008
esol,8186b98ad615d4fa,CCCCC(=O)OC1(C(=O)CO)C(C)CC2C3CCC4=CC(=O)C=CC4(C)C3(F)C(O)CC21C,aqueous_solubility,log10(mol/L),train,,-4.710000038146973,-4.894980992050006,-5.777416509794,-4.0125454743060125,random,2035,hybrid_concat,edge_gnn,rdkit,concat,77abfcdbb281d08df2e9fb09cf84b2a648ea9008
esol,1e4a499efcb48181,CCCCC(=O)OCC,aqueous_solubility,log10(mol/L),train,,-2.25,-2.033051380993186,-2.9154868987371794,-1.1506158632491923,random,2035,hybrid_concat,edge_gnn,rdkit,concat,77abfcdbb281d08df2e9fb09cf84b2a648ea9008
esol,eb83f6d383b44ecd,CCCCC(=O)OCN1C(=O)NC(c2ccccc2)(c2ccccc2)C1=O,aqueous_solubility,log10(mol/L),train,,-4.677999973297119,-4.950500426436079,-5.832935944180073,-4.068064908692086,random,2035,hybrid_concat,edge_gnn,rdkit,concat,77abfcdbb281d08df2e9fb09cf84b2a648ea9008
esol,0063512c4316b02d,CCCCC(C)(C)O,aqueous_solubility,log10(mol/L),train,,-1.0800000429153442,-1.0465608718280486,-1.9289963895720421,-0.16412535408405504,random,2035,hybrid_concat,edge_gnn,rdkit,concat,77abfcdbb281d08df2e9fb09cf84b2a648ea9008
esol,ca9a40b2ae6d7fac,CCCCC(C)(O)CC,aqueous_solubility,log10(mol/L),train,,-1.600000023841858,-1.5445965872233718,-2.427032104967365,-0.6621610694793783,random,2035,hybrid_concat,edge_gnn,rdkit,concat,77abfcdbb281d08df2e9fb09cf84b2a648ea9008
esol,cb1389de78271b03,CCCCC(C)=O,aqueous_solubility,log10(mol/L),train,,-0.800000011920929,-0.8629064948387803,-1.7453420125827739,0.01952902290521319,random,2035,hybrid_concat,edge_gnn,rdkit,concat,77abfcdbb281d08df2e9fb09cf84b2a648ea9008
esol,ee72f0696072d63b,CCCCC(C)CC,aqueous_solubility,log10(mol/L),train,,-5.159999847412109,-5.09668352745072,-5.979119045194714,-4.2142480097067265,random,2035,hybrid_concat,edge_gnn,rdkit,concat,77abfcdbb281d08df2e9fb09cf84b2a648ea9008
esol,886e9d2f85b3cb44,CCCCC(C)O,aqueous_solubility,log10(mol/L),train,,-0.8899999856948853,-0.7678408864938508,-1.6502764042378444,0.11459463125014269,random,2035,hybrid_concat,edge_gnn,rdkit,concat,77abfcdbb281d08df2e9fb09cf84b2a648ea9008
esol,0838a16aa5ae802e,CCCCC(C=O)CC,aqueous_solubility,log10(mol/L),train,,-2.130000114440918,-2.143018198580318,-3.0254537163243116,-1.2605826808363245,random,2035,hybrid_concat,edge_gnn,rdkit,concat,77abfcdbb281d08df2e9fb09cf84b2a648ea9008
esol,0ee8c22e174f5540,CCCCC(CC)CO,aqueous_solubility,log10(mol/L),calibration,,-2.109999895095825,-2.0103841073873028,-2.8928196251312963,-1.1279485896433092,random,2035,hybrid_concat,edge_gnn,rdkit,concat,77abfcdbb281d08df2e9fb09cf84b2a648ea9008
esol,51a9b8b1d8173760,CCCCC(CC)COC(=O)c1ccccc1C(=O)OCC(CC)CCCC,aqueous_solubility,log10(mol/L),train,,-6.960000038146973,-6.633531104932264,-7.515966622676258,-5.751095587188271,random,2035,hybrid_concat,edge_gnn,rdkit,concat,77abfcdbb281d08df2e9fb09cf84b2a648ea9008
esol,3a73360948f6d478,CCCCC(O)CC,aqueous_solubility,log10(mol/L),train,,-1.4700000286102295,-1.3930552657067725,-2.275490783450766,-0.510619747962779,random,2035,hybrid_concat,edge_gnn,rdkit,concat,77abfcdbb281d08df2e9fb09cf84b2a648ea9008
esol,b368fff92897feb5,CCCCC1(CC)C(=O)NC(=O)NC1=O,aqueous_solubility,log10(mol/L),train,,-1.6610000133514404,-2.066916812406102,-2.9493523301500955,-1.1844812946621084,random,2035,hybrid_concat,edge_gnn,rdkit,concat,77abfcdbb281d08df2e9fb09cf84b2a648ea9008
esol,697b7adfb97e92d9,CCCCC1C(=O)N(c2ccccc2)N(c2ccc(O)cc2)C1=O,aqueous_solubility,log10(mol/L),train,,-3.7300000190734863,-3.618720370515402,-4.501155888259396,-2.7362848527714085,random,2035,hybrid_concat,edge_gnn,rdkit,concat,77abfcdbb281d08df2e9fb09cf84b2a648ea9008
esol,9bb878f2acf6502d,CCCCC1C(=O)N(c2ccccc2)N(c2ccccc2)C1=O,aqueous_solubility,log10(mol/L),train,,-3.809999942779541,-3.7281302223237716,-4.610565740067765,-2.845694704579778,random,2035,hybrid_concat,edge_gnn,rdkit,concat,77abfcdbb281d08df2e9fb09cf84b2a648ea9008
esol,cccde35c98b95e45,CCCCC=O,aqueous_solubility,log10(mol/L),train,,-0.8500000238418579,-0.6655225104863343,-1.5479580282303278,0.21691300725765927,random,2035,hybrid_concat,edge_gnn,rdkit,concat,77abfcdbb281d08df2e9fb09cf84b2a648ea9008
esol,400a2153ad1cc41e,CCCCCBr,aqueous_solubility,log10(mol/L),train,,-3.0799999237060547,-3.1277061247017848,-4.010141642445778,-2.2452706069577912,random,2035,hybrid_concat,edge_gnn,rdkit,concat,77abfcdbb281d08df2e9fb09cf84b2a648ea9008
esol,067861bb7f44340e,CCCCCC,aqueous_solubility,log10(mol/L),train,,-3.8399999141693115,-4.2386717623562,-5.121107280100193,-3.356236244612206,random,2035,hybrid_concat,edge_gnn,rdkit,concat,77abfcdbb281d08df2e9fb09cf84b2a648ea9008
esol,15f1b3f210442886,CCCCCC(=O)OC,aqueous_solubility,log10(mol/L),train,,-1.8700000047683716,-1.8469094702433964,-2.72934498798739,-0.9644739524994028,random,2035,hybrid_concat,edge_gnn,rdkit,concat,77abfcdbb281d08df2e9fb09cf84b2a648ea9008
esol,f0c3620530b2fea4,CCCCCC(=O)OCC,aqueous_solubility,log10(mol/L),train,,-2.3499999046325684,-2.4689480342865813,-3.351383552030575,-1.5865125165425877,random,2035,hybrid_concat,edge_gnn,rdkit,concat,77abfcdbb281d08df2e9fb09cf84b2a648ea9008
esol,e5611d7c920e4a9e,CCCCCC(=O)OCN1C(=O)NC(c2ccccc2)(c2ccccc2)C1=O,aqueous_solubility,log10(mol/L),train,,-5.886000156402588,-5.486186535039865,-6.368622052783858,-4.603751017295871,random,2035,hybrid_concat,edge_gnn,rdkit,concat,77abfcdbb281d08df2e9fb09cf84b2a648ea9008
esol,6155649d8540ed94,CCCCCC(C)(C)O,aqueous_solubility,log10(mol/L),train,,-1.7200000286102295,-1.62432966166487,-2.5067651794088635,-0.7418941439208764,random,2035,hybrid_concat,edge_gnn,rdkit,concat,77abfcdbb281d08df2e9fb09cf84b2a648ea9008
esol,e9eedb31eddae14a,CCCCCC(C)=O,aqueous_solubility,log10(mol/L),train,,-1.4500000476837158,-1.4639898845105117,-2.3464254022545052,-0.5815543667665182,random,2035,hybrid_concat,edge_gnn,rdkit,concat,77abfcdbb281d08df2e9fb09cf84b2a648ea9008
esol,66316631fd660d13,CCCCCC(C)C,aqueous_solubility,log10(mol/L),validation,,-5.079999923706055,-5.119716375383373,-6.002151893127366,-4.237280857639379,random,2035,hybrid_concat,edge_gnn,rdkit,concat,77abfcdbb281d08df2e9fb09cf84b2a648ea9008
esol,da7e9d52660f7666,CCCCCC(C)O,aqueous_solubility,log10(mol/L),calibration,,-1.5499999523162842,-1.3732502287524386,-2.2556857464964324,-0.4908147110084451,random,2035,hybrid_concat,edge_gnn,rdkit,concat,77abfcdbb281d08df2e9fb09cf84b2a648ea9008
esol,04583283814a1149,CCCCCC(O)CC,aqueous_solubility,log10(mol/L),train,,-1.9800000190734863,-1.9941854701100745,-2.876620987854068,-1.111749952366081,random,2035,hybrid_concat,edge_gnn,rdkit,concat,77abfcdbb281d08df2e9fb09cf84b2a648ea9008
esol,a98e9ddfe0bfb71f,CCCCCC1CCCC1,aqueous_solubility,log10(mol/L),train,,-6.079999923706055,-5.944337332726945,-6.826772850470938,-5.061901814982951,random,2035,hybrid_concat,edge_gnn,rdkit,concat,77abfcdbb281d08df2e9fb09cf84b2a648ea9008
esol,93bc9362240baa5a,CCCCCC=O,aqueous_solubility,log10(mol/L),train,,-1.2999999523162842,-1.1859348040594884,-2.068370321803482,-0.30349928631549483,random,2035,hybrid_concat,edge_gnn,rdkit,concat,77abfcdbb281d08df2e9fb09cf84b2a648ea9008
esol,a6326ae1c933fa1d,CCCCCCBr,aqueous_solubility,log10(mol/L),train,,-3.809999942779541,-3.9071392703361028,-4.789574788080096,-3.024703752592109,random,2035,hybrid_concat,edge_gnn,rdkit,concat,77abfcdbb281d08df2e9fb09cf84b2a648ea9008
esol,0742f60cc0d0b0c5,CCCCCCC,aqueous_solubility,log10(mol/L),validation,,-4.53000020980835,-4.8775195289306525,-5.759955046674646,-3.995084011186659,random,2035,hybrid_concat,edge_gnn,rdkit,concat,77abfcdbb281d08df2e9fb09cf84b2a648ea9008
esol,3350712a156b97ee,CCCCCCC(=O)OCC,aqueous_solubility,log10(mol/L),train,,-2.740000009536743,-2.8407142261010194,-3.723149743845013,-1.9582787083570259,random,2035,hybrid_concat,edge_gnn,rdkit,concat,77abfcdbb281d08df2e9fb09cf84b2a648ea9008
esol,7056b5401228fc27,CCCCCCC(=O)OCN1C(=O)NC(c2ccccc2)(c2ccccc2)C1=O,aqueous_solubility,log10(mol/L),train,,-6.301000118255615,-5.8474467516841155,-6.729882269428109,-4.965011233940122,random,2035,hybrid_concat,edge_gnn,rdkit,concat,77abfcdbb281d08df2e9fb09cf84b2a648ea9008
esol,59ece8e98d2096e2,CCCCCCC(C)=O,aqueous_solubility,log10(mol/L),calibration,,-2.049999952316284,-2.236657962195717,-3.1190934799397105,-1.3542224444517235,random,2035,hybrid_concat,edge_gnn,rdkit,concat,77abfcdbb281d08df2e9fb09cf84b2a648ea9008
esol,427cbb0dd97d6b50,CCCCCCC(C)O,aqueous_solubility,log10(mol/L),test,,-2.0899999141693115,-2.101483477920763,-2.9839189956647565,-1.2190479601767694,random,2035,hybrid_concat,edge_gnn,rdkit,concat,77abfcdbb281d08df2e9fb09cf84b2a648ea9008
esol,b17209ce34398ed5,CCCCCCCBr,aqueous_solubility,log10(mol/L),train,,-4.429999828338623,-4.5749470986241345,-5.457382616368128,-3.692511580880141,random,2035,hybrid_concat,edge_gnn,rdkit,concat,77abfcdbb281d08df2e9fb09cf84b2a648ea9008
esol,2f891eb6fbb926d4,CCCCCCCC,aqueous_solubility,log10(mol/L),train,,-5.239999771118164,-5.457424649521984,-6.339860167265978,-4.574989131777991,random,2035,hybrid_concat,edge_gnn,rdkit,concat,77abfcdbb281d08df2e9fb09cf84b2a648ea9008
esol,d4e8db30d372de33,CCCCCCCC(=O)OC,aqueous_solubility,log10(mol/L),test,,-3.1700000762939453,-2.8733504315730265,-3.75578594931702,-1.990914913829033,random,2035,hybrid_concat,edge_gnn,rdkit,concat,77abfcdbb281d08df2e9fb09cf84b2a648ea9008
esol,bbfb6e5e2f7f210b,CCCCCCCC(=O)OCC,aqueous_solubility,log10(mol/L),train,,-3.390000104904175,-3.2040036208088445,-4.086439138552838,-2.321568103064851,random,2035,hybrid_concat,edge_gnn,rdkit,concat,77abfcdbb281d08df2e9fb09cf84b2a648ea9008
esol,fdf14f687f402c1b,CCCCCCCC(=O)OCN1C(=O)NC(c2ccccc2)(c2ccccc2)C1=O,aqueous_solubility,log10(mol/L),train,,-6.5229997634887695,-6.092873876294684,-6.9753093940386774,-5.21043835855069,random,2035,hybrid_concat,edge_gnn,rdkit,concat,77abfcdbb281d08df2e9fb09cf84b2a648ea9008
esol,fea1a3023a7fc0ae,CCCCCCCC(C)=O,aqueous_solubility,log10(mol/L),test,,-2.5799999237060547,-2.870660095655188,-3.7530956133991817,-1.9882245779111947,random,2035,hybrid_concat,edge_gnn,rdkit,concat,77abfcdbb281d08df2e9fb09cf84b2a648ea9008
esol,866ae94d1cd7a5b1,CCCCCCCC(C)O,aqueous_solubility,log10(mol/L),train,,-2.740000009536743,-2.7082003636504464,-3.59063588139444,-1.8257648459064528,random,2035,hybrid_concat,edge_gnn,rdkit,concat,77abfcdbb281d08df2e9fb09cf84b2a648ea9008
esol,0c834b867b0755f7,CCCCCCCCBr,aqueous_solubility,log10(mol/L),train,,-5.059999942779541,-5.253531505417113,-6.135967023161107,-4.37109598767312,random,2035,hybrid_concat,edge_gnn,rdkit,concat,77abfcdbb281d08df2e9fb09cf84b2a648ea9008
esol,52907309c5979835,CCCCCCCCC,aqueous_solubility,log10(mol/L),train,,-5.880000114440918,-6.034218410008785,-6.916653927752779,-5.151782892264792,random,2035,hybrid_concat,edge_gnn,rdkit,concat,77abfcdbb281d08df2e9fb09cf84b2a648ea9008
esol,91d1337f64867273,CCCCCCCCC(=O)OC,aqueous_solubility,log10(mol/L),train,,-3.380000114440918,-3.5475328041304106,-4.429968321874404,-2.665097286386417,random,2035,hybrid_concat,edge_gnn,rdkit,concat,77abfcdbb281d08df2e9fb09cf84b2a648ea9008
esol,91ca518d3bfa05a4,CCCCCCCCC(=O)OCC,aqueous_solubility,log10(mol/L),validation,,-3.799999952316284,-3.6536694488571206,-4.536104966601114,-2.771233931113127,random,2035,hybrid_concat,edge_gnn,rdkit,concat,77abfcdbb281d08df2e9fb09cf84b2a648ea9008
esol,190307f6f9c5d129,CCCCCCCCC(C)=O,aqueous_solubility,log10(mol/L),train,,-3.299999952316284,-3.483742088692524,-4.366177606436517,-2.6013065709485304,random,2035,hybrid_concat,edge_gnn,rdkit,concat,77abfcdbb281d08df2e9fb09cf84b2a648ea9008
esol,a3ed57e5c214461b,CCCCCCCCCC(=O)OC,aqueous_solubility,log10(mol/L),train,,-4.690000057220459,-4.414978878706905,-5.297414396450899,-3.5325433609629115,random,2035,hybrid_concat,edge_gnn,rdkit,concat,77abfcdbb281d08df2e9fb09cf84b2a648ea9008
esol,bacd88176dc73f72,CCCCCCCCCC(=O)OCC,aqueous_solubility,log10(mol/L),train,,-4.099999904632568,-4.073368760142541,-4.955804277886535,-3.1909332423985477,random,2035,hybrid_concat,edge_gnn,rdkit,concat,77abfcdbb281d08df2e9fb09cf84b2a648ea9008
esol,0660e103e7d31762,CCCCCCCCCC(C)O,aqueous_solubility,log10(mol/L),test,,-2.940000057220459,-3.9650642664428326,-4.847499784186827,-3.082628748698839,random,2035,hybrid_concat,edge_gnn,rdkit,concat,77abfcdbb281d08df2e9fb09cf84b2a648ea9008
esol,ff455d1cef69469a,CCCCCCCCCCCC(=O)OC,aqueous_solubility,log10(mol/L),calibration,,-4.690000057220459,-5.5512505001533885,-6.433686017897382,-4.668814982409395,random,2035,hybrid_concat,edge_gnn,rdkit,concat,77abfcdbb281d08df2e9fb09cf84b2a648ea9008
esol,a980398600f36d4e,CCCCCCCCCCCCCC,aqueous_solubility,log10(mol/L),calibration,,-7.960000038146973,-7.931412854272796,-8.813848372016789,-7.048977336528803,random,2035,hybrid_concat,edge_gnn,rdkit,concat,77abfcdbb281d08df2e9fb09cf84b2a648ea9008
esol,bc312e38ba02802a,CCCCCCCCCCCCCCCC,aqueous_solubility,log10(mol/L),train,,-8.399999618530273,-8.213609835717781,-9.096045353461776,-7.331174317973788,random,2035,hybrid_concat,edge_gnn,rdkit,concat,77abfcdbb281d08df2e9fb09cf84b2a648ea9008
esol,1a06d4bca85cd592,CCCCCCCCCCCCCCCCCCCC,aqueous_solubility,log10(mol/L),train,,-8.17199993133545,-8.436578718508095,-9.319014236252087,-7.554143200764101,random,2035,hybrid_concat,edge_gnn,rdkit,concat,77abfcdbb281d08df2e9fb09cf84b2a648ea9008
esol,384c121c7d12a56a,CCCCCCCCCCCCCCCCCCCCCCCCCC,aqueous_solubility,log10(mol/L),train,,-8.333999633789062,-8.52447988421759,-9.406915401961584,-7.642044366473596,random,2035,hybrid_concat,edge_gnn,rdkit,concat,77abfcdbb281d08df2e9fb09cf84b2a648ea9008
esol,bc3d0429e3abc793,CCCCCCCCCCCCCCCCCCO,aqueous_solubility,log10(mol/L),test,,-8.399999618530273,-6.899355883020128,-7.781791400764122,-6.0169203652761345,random,2035,hybrid_concat,edge_gnn,rdkit,concat,77abfcdbb281d08df2e9fb09cf84b2a648ea9008
esol,c4c342bdb047ff91,CCCCCCCCCCCCCCCCO,aqueous_solubility,log10(mol/L),train,,-7.0,-6.488524601835196,-7.370960119579189,-5.606089084091202,random,2035,hybrid_concat,edge_gnn,rdkit,concat,77abfcdbb281d08df2e9fb09cf84b2a648ea9008
esol,cd68df105e34e541,CCCCCCCCCCCCCCCO,aqueous_solubility,log10(mol/L),train,,-6.349999904632568,-6.189555733949325,-7.071991251693318,-5.307120216205331,random,2035,hybrid_concat,edge_gnn,rdkit,concat,77abfcdbb281d08df2e9fb09cf84b2a648ea9008
esol,1e9120d9df04f9e6,CCCCCCCCCCCCCCO,aqueous_solubility,log10(mol/L),train,,-5.840000152587891,-5.776274296773742,-6.658709814517736,-4.893838779029749,random,2035,hybrid_concat,edge_gnn,rdkit,concat,77abfcdbb281d08df2e9fb09cf84b2a648ea9008
esol,de7e37932cf8aac8,CCCCCCCCCCCCO,aqueous_solubility,log10(mol/L),train,,-4.800000190734863,-4.792853575738065,-5.675289093482059,-3.9104180579940717,random,2035,hybrid_concat,edge_gnn,rdkit,concat,77abfcdbb281d08df2e9fb09cf84b2a648ea9008
esol,50df1a057983a774,CCCCCCCCCCO,aqueous_solubility,log10(mol/L),train,,-3.630000114440918,-3.6634198040368116,-4.545855321780805,-2.780984286292818,random,2035,hybrid_concat,edge_gnn,rdkit,concat,77abfcdbb281d08df2e9fb09cf84b2a648ea9008
esol,0dd85d1472dc7f0a,CCCCCCCCCO,aqueous_solubility,log10(mol/L),train,,-3.009999990463257,-3.063464154418034,-3.9458996721620276,-2.1810286366740406,random,2035,hybrid_concat,edge_gnn,rdkit,concat,77abfcdbb281d08df2e9fb09cf84b2a648ea9008
esol,0f0c5849c0728201,CCCCCCCCO,aqueous_solubility,log10(mol/L),calibration,,-2.390000104904175,-2.436074038967556,-3.3185095567115495,-1.5536385212235624,random,2035,hybrid_concat,edge_gnn,rdkit,concat,77abfcdbb281d08df2e9fb09cf84b2a648ea9008
esol,c6dea0f9a59433fd,CCCCCCCCOC(=O)c1ccccc1C(=O)OCCCCCCCC,aqueous_solubility,log10(mol/L),validation,,-5.114999771118164,-6.881159200401013,-7.763594718145007,-5.99872368265702,random,2035,hybrid_concat,edge_gnn,rdkit,concat,77abfcdbb281d08df2e9fb09cf84b2a648ea9008
esol,38ee92fb024e7c6a,CCCCCCCCl,aqueous_solubility,log10(mol/L),train,,-4.0,-4.190970326462901,-5.073405844206895,-3.3085348087189077,random,2035,hybrid_concat,edge_gnn,rdkit,concat,77abfcdbb281d08df2e9fb09cf84b2a648ea9008
esol,5fa8cd0096eff934,CCCCCCCI,aqueous_solubility,log10(mol/L),train,,-4.809999942779541,-5.0417769404597506,-5.924212458203744,-4.159341422715757,random,2035,hybrid_concat,edge_gnn,rdkit,concat,77abfcdbb281d08df2e9fb09cf84b2a648ea9008
esol,cd059d986249006a,CCCCCCCO,aqueous_solubility,log10(mol/L),train,,-1.809999942779541,-1.7757167844608814,-2.6581523022048748,-0.8932812667168879,random,2035,hybrid_concat,edge_gnn,rdkit,concat,77abfcdbb281d08df2e9fb09cf84b2a648ea9008
esol,858786129af166f6,CCCCCCCl,aqueous_solubility,log10(mol/L),validation,,-3.119999885559082,-3.570628565141063,-4.4530640828850565,-2.6881930473970694,random,2035,hybrid_concat,edge_gnn,rdkit,concat,77abfcdbb281d08df2e9fb09cf84b2a648ea9008
esol,bff524d4cee6dd13,CCCCCCO,aqueous_solubility,log10(mol/L),train,,-1.2400000095367432,-1.1409378903663212,-2.0233734081103147,-0.25850237262232767,random,2035,hybrid_concat,edge_gnn,rdkit,concat,77abfcdbb281d08df2e9fb09cf84b2a648ea9008
esol,f99f09834a2307b7,CCCCCCOC(=O)c1ccccc1C(=O)OCCCCCC,aqueous_solubility,log10(mol/L),train,,-6.144000053405762,-5.725108200667301,-6.607543718411295,-4.8426726829233075,random,2035,hybrid_concat,edge_gnn,rdkit,concat,77abfcdbb281d08df2e9fb09cf84b2a648ea9008
esol,33da9a9e495cd260,CCCCCCc1ccc(O)cc1O,aqueous_solubility,log10(mol/L),train,,-2.5899999141693115,-2.630403007427974,-3.5128385251719676,-1.7479674896839805,random,2035,hybrid_concat,edge_gnn,rdkit,concat,77abfcdbb281d08df2e9fb09cf84b2a648ea9008
esol,4054ea097cbe803b,CCCCCCc1ccccc1,aqueous_solubility,log10(mol/L),train,,-5.210000038146973,-5.420470741094673,-6.302906258838666,-4.538035223350679,random,2035,hybrid_concat,edge_gnn,rdkit,concat,77abfcdbb281d08df2e9fb09cf84b2a648ea9008
esol,3b56245e57457ea4,CCCCCCl,aqueous_solubility,log10(mol/L),train,,-2.7300000190734863,-2.851186801828327,-3.7336223195723206,-1.9687512840843335,random,2035,hybrid_concat,edge_gnn,rdkit,concat,77abfcdbb281d08df2e9fb09cf84b2a648ea9008
esol,a58a553e8e375de7,CCCCCO,aqueous_solubility,log10(mol/L),train,,-0.6000000238418579,-0.5577472267956827,-1.4401827445396762,0.32468829094831086,random,2035,hybrid_concat,edge_gnn,rdkit,concat,77abfcdbb281d08df2e9fb09cf84b2a648ea9008
esol,2406a09c97f56f54,CCCCCOC(=O)CC,aqueous_solubility,log10(mol/L),calibration,,-1.2799999713897705,-2.469926826085384,-3.3523623438293777,-1.5874913083413906,random,2035,hybrid_concat,edge_gnn,rdkit,concat,77abfcdbb281d08df2e9fb09cf84b2a648ea9008
esol,67e3ba13863eb8fe,CCCCCOC(C)=O,aqueous_solubility,log10(mol/L),train,,-1.8899999856948853,-1.9949556002001778,-2.877391117944171,-1.1125200824561843,random,2035,hybrid_concat,edge_gnn,rdkit,concat,77abfcdbb281d08df2e9fb09cf84b2a648ea9008
esol,412c3e94bc5f3484,CCCCCc1ccccc1,aqueous_solubility,log10(mol/L),train,,-4.639999866485596,-4.841032410870304,-5.723467928614298,-3.9585968931263107,random,2035,hybrid_concat,edge_gnn,rdkit,concat,77abfcdbb281d08df2e9fb09cf84b2a648ea9008
esol,4b17450fdb820e4a,CCCCCl,aqueous_solubility,log10(mol/L),train,,-2.0299999713897705,-2.1570156182814126,-3.039451136025406,-1.274580100537419,random,2035,hybrid_concat,edge_gnn,rdkit,concat,77abfcdbb281d08df2e9fb09cf84b2a648ea9008
esol,83588fb58bfe7ab9,CCCCI,aqueous_solubility,log10(mol/L),train,,-2.9600000381469727,-3.0115213670659293,-3.893956884809923,-2.129085849321936,random,2035,hybrid_concat,edge_gnn,rdkit,concat,77abfcdbb281d08df2e9fb09cf84b2a648ea9008
esol,6a5cef6cac9b1660,CCCCN(C)C(=O)Nc1ccc(Cl)c(Cl)c1,aqueous_solubility,log10(mol/L),test,,-4.769999980926514,-4.327594093672914,-5.210029611416908,-3.4451585759289207,random,2035,hybrid_concat,edge_gnn,rdkit,concat,77abfcdbb281d08df2e9fb09cf84b2a648ea9008
esol,6f272ede992bb6a7,CCCCN(CC)C(=O)SCCC,aqueous_solubility,log10(mol/L),train,,-3.5299999713897705,-3.4562206702022835,-4.3386561879462775,-2.57378515245829,random,2035,hybrid_concat,edge_gnn,rdkit,concat,77abfcdbb281d08df2e9fb09cf84b2a648ea9008
esol,b9d61b06f115b6ac,CCCCN(CC)c1c([N+](=O)[O-])cc(C(F)(F)F)cc1[N+](=O)[O-],aqueous_solubility,log10(mol/L),test,,-5.53000020980835,-5.623140410870913,-6.505575928614906,-4.740704893126919,random,2035,hybrid_concat,edge_gnn,rdkit,concat,77abfcdbb281d08df2e9fb09cf84b2a648ea9008
esol,a86b989f93448443,CCCCNC(=O)n1c(NC(=O)OC)nc2ccccc21,aqueous_solubility,log10(mol/L),train,,-4.882999897003174,-4.815687322282694,-5.698122840026688,-3.933251804538701,random,2035,hybrid_concat,edge_gnn,rdkit,concat,77abfcdbb281d08df2e9fb09cf84b2a648ea9008
esol,29d728fa528693ff,CCCCO,aqueous_solubility,log10(mol/L),calibration,,0.0,0.06480210508957729,-0.8176334126544162,0.9472376228335708,random,2035,hybrid_concat,edge_gnn,rdkit,concat,77abfcdbb281d08df2e9fb09cf84b2a648ea9008
esol,4220bcb6b0bad406,CCCCOC,aqueous_solubility,log10(mol/L),validation,,-0.9900000095367432,-1.1071135991720578,-1.9895491169160513,-0.22467808142806422,random,2035,hybrid_concat,edge_gnn,rdkit,concat,77abfcdbb281d08df2e9fb09cf84b2a648ea9008
esol,0341b123b22addd6,CCCCOC(=O)CCCCCCCCC(=O)OCCCC,aqueous_solubility,log10(mol/L),train,,-3.8959999084472656,-4.028868798086084,-4.911304315830077,-3.14643328034209,random,2035,hybrid_concat,edge_gnn,rdkit,concat,77abfcdbb281d08df2e9fb09cf84b2a648ea9008
esol,47e93f994dd9b389,CCCCOC(=O)c1ccc(N)cc1,aqueous_solubility,log10(mol/L),train,,-3.0820000171661377,-2.940327247235313,-3.8227627649793066,-2.0578917294913195,random,2035,hybrid_concat,edge_gnn,rdkit,concat,77abfcdbb281d08df2e9fb09cf84b2a648ea9008
esol,d36555332cfcbf7b,CCCCOC(=O)c1ccccc1C(=O)OCCCC,aqueous_solubility,log10(mol/L),test,,-4.400000095367432,-4.7243580106170935,-5.606793528361087,-3.8419224928731,random,2035,hybrid_concat,edge_gnn,rdkit,concat,77abfcdbb281d08df2e9fb09cf84b2a648ea9008
esol,48a64d2e2412d85f,CCCCOC=O,aqueous_solubility,log10(mol/L),test,,-1.3700000047683716,-1.2060909206608563,-2.08852643840485,-0.3236554029168628,random,2035,hybrid_concat,edge_gnn,rdkit,concat,77abfcdbb281d08df2e9fb09cf84b2a648ea9008
esol,8af231a36c0747d7,CCCCOCCCC,aqueous_solubility,log10(mol/L),test,,-1.850000023841858,-3.0846984053439432,-3.9671339230879368,-2.2022628875999497,random,2035,hybrid_concat,edge_gnn,rdkit,concat,77abfcdbb281d08df2e9fb09cf84b2a648ea9008
esol,f017fe662abba75e,CCCCOCCO,aqueous_solubility,log10(mol/L),train,,-0.41999998688697815,-0.4294679541900175,-1.311903471934011,0.45296756355397605,random,2035,hybrid_concat,edge_gnn,rdkit,concat,77abfcdbb281d08df2e9fb09cf84b2a648ea9008
esol,55b2c8230f6c76ce,CCCCOCN(C(=O)CCl)c1c(CC)cccc1CC,aqueous_solubility,log10(mol/L),train,,-4.190000057220459,-4.144259463150657,-5.026694980894651,-3.2618239454066638,random,2035,hybrid_concat,edge_gnn,rdkit,concat,77abfcdbb281d08df2e9fb09cf84b2a648ea9008
esol,b1ca0f86c249367e,CCCCOc1ccc(C(=O)OCC)c(N(CC)CC)c1,aqueous_solubility,log10(mol/L),train,,-3.8399999141693115,-3.952241224197734,-4.834676741941728,-3.0698057064537405,random,2035,hybrid_concat,edge_gnn,rdkit,concat,77abfcdbb281d08df2e9fb09cf84b2a648ea9008
esol,3f27633474c9331c,CCCCS,aqueous_solubility,log10(mol/L),test,,-2.180000066757202,-2.4479037947341165,-3.33033931247811,-1.565468276990123,random,2035,hybrid_concat,edge_gnn,rdkit,concat,77abfcdbb281d08df2e9fb09cf84b2a648ea9008
esol,a6b160de7573685d,CCCCSP(=O)(SCCCC)SCCCC,aqueous_solubility,log10(mol/L),train,,-5.139999866485596,-5.057782520938803,-5.940218038682796,-4.175347003194809,random,2035,hybrid_concat,edge_gnn,rdkit,concat,77abfcdbb281d08df2e9fb09cf84b2a648ea9008
esol,5e1f927897c55829,CCCCc1c(C)nc(N(C)C)nc1O,aqueous_solubility,log10(mol/L),train,,-2.240000009536743,-2.149525631307073,-3.0319611490510665,-1.2670901135630794,random,2035,hybrid_concat,edge_gnn,rdkit,concat,77abfcdbb281d08df2e9fb09cf84b2a648ea9008
esol,b67ef6c2163c44a1,CCCCc1c(C)nc(NCC)[nH]c1=O,aqueous_solubility,log10(mol/L),train,,-3.0280001163482666,-2.9981595429261936,-3.880595060670187,-2.1157240251822,random,2035,hybrid_concat,edge_gnn,rdkit,concat,77abfcdbb281d08df2e9fb09cf84b2a648ea9008
esol,d3bdeb5ae2ce2d98,CCCCc1c(C)nc(NCC)nc1OS(=O)(=O)N(C)C,aqueous_solubility,log10(mol/L),validation,,-4.159999847412109,-3.4128312781712435,-4.2952667959152375,-2.53039576042725,random,2035,hybrid_concat,edge_gnn,rdkit,concat,77abfcdbb281d08df2e9fb09cf84b2a648ea9008
esol,da48ee1b0addb712,CCCCc1ccccc1,aqueous_solubility,log10(mol/L),validation,,-4.059999942779541,-4.159018624531455,-5.041454142275448,-3.276583106787461,random,2035,hybrid_concat,edge_gnn,rdkit,concat,77abfcdbb281d08df2e9fb09cf84b2a648ea9008
esol,fe77a1079a4db71d,CCCCl,aqueous_solubility,log10(mol/L),train,,-1.4700000286102295,-1.538196230088193,-2.4206317478321866,-0.6557607123441995,random,2035,hybrid_concat,edge_gnn,rdkit,concat,77abfcdbb281d08df2e9fb09cf84b2a648ea9008
esol,41afd5c9dc6469db,CCCI,aqueous_solubility,log10(mol/L),train,,-2.2899999618530273,-2.345182034873542,-3.2276175526175357,-1.4627465171295486,random,2035,hybrid_concat,edge_gnn,rdkit,concat,77abfcdbb281d08df2e9fb09cf84b2a648ea9008
esol,ae1ed14bd61bab1f,CCCN(CCC)c1c([N+](=O)[O-])cc(C(C)C)cc1[N+](=O)[O-],aqueous_solubility,log10(mol/L),validation,,-6.489999771118164,-5.248407666970448,-6.130843184714442,-4.3659721492264545,random,2035,hybrid_concat,edge_gnn,rdkit,concat,77abfcdbb281d08df2e9fb09cf84b2a648ea9008
esol,d9aea1b45f7377ec,CCCN(CCC)c1c([N+](=O)[O-])cc(C(F)(F)F)cc1[N+](=O)[O-],aqueous_solubility,log10(mol/L),train,,-5.679999828338623,-5.624516110176508,-6.506951627920501,-4.742080592432514,random,2035,hybrid_concat,edge_gnn,rdkit,concat,77abfcdbb281d08df2e9fb09cf84b2a648ea9008
esol,b7e1fd1651859456,CCCN(CCC)c1c([N+](=O)[O-])cc(S(N)(=O)=O)cc1[N+](=O)[O-],aqueous_solubility,log10(mol/L),train,,-5.159999847412109,-5.079639757825694,-5.9620752755696875,-4.1972042400817005,random,2035,hybrid_concat,edge_gnn,rdkit,concat,77abfcdbb281d08df2e9fb09cf84b2a648ea9008
esol,86e90d5049758778,CCCO,aqueous_solubility,log10(mol/L),train,,0.6200000047683716,0.7906909785895739,-0.0917445391544196,1.6731264963335675,random,2035,hybrid_concat,edge_gnn,rdkit,concat,77abfcdbb281d08df2e9fb09cf84b2a648ea9008
esol,49ec4719ff98e140,CCCOC,aqueous_solubility,log10(mol/L),train,,-0.38999998569488525,-0.44793800030099096,-1.3303735180449845,0.4344975174430026,random,2035,hybrid_concat,edge_gnn,rdkit,concat,77abfcdbb281d08df2e9fb09cf84b2a648ea9008
esol,96ea40966d8e8384,CCCOC(=O)CC,aqueous_solubility,log10(mol/L),train,,-0.8199999928474426,-1.185104598147844,-2.0675401158918376,-0.30266908040385054,random,2035,hybrid_concat,edge_gnn,rdkit,concat,77abfcdbb281d08df2e9fb09cf84b2a648ea9008
esol,a78b4649b8e0c24b,CCCOC(=O)CCC,aqueous_solubility,log10(mol/L),train,,-1.75,-1.7961536660926953,-2.6785891838366886,-0.9137181483487018,random,2035,hybrid_concat,edge_gnn,rdkit,concat,77abfcdbb281d08df2e9fb09cf84b2a648ea9008
esol,aabeb9ef9b6c73ef,CCCOC(=O)c1ccc(N)cc1,aqueous_solubility,log10(mol/L),train,,-2.4519999027252197,-2.277982787556808,-3.1604183053008015,-1.3955472698128144,random,2035,hybrid_concat,edge_gnn,rdkit,concat,77abfcdbb281d08df2e9fb09cf84b2a648ea9008
esol,f6c176b746f92d7b,CCCOC(C)=O,aqueous_solubility,log10(mol/L),train,,-0.7200000286102295,-0.6088030399771589,-1.4912385577211524,0.27363247776683464,random,2035,hybrid_concat,edge_gnn,rdkit,concat,77abfcdbb281d08df2e9fb09cf84b2a648ea9008
esol,5c8041e0824c9e19,CCCOC(C)C,aqueous_solubility,log10(mol/L),calibration,,-1.340000033378601,-1.7136210830391831,-2.596056600783177,-0.8311855652951896,random,2035,hybrid_concat,edge_gnn,rdkit,concat,77abfcdbb281d08df2e9fb09cf84b2a648ea9008
esol,c58c406c10bab020,CCCOC=O,aqueous_solubility,log10(mol/L),train,,-0.49000000953674316,-0.4637106790324679,-1.3461461967764614,0.41872483871152566,random,2035,hybrid_concat,edge_gnn,rdkit,concat,77abfcdbb281d08df2e9fb09cf84b2a648ea9008
esol,54f4ecd667159550,CCCOCC,aqueous_solubility,log10(mol/L),train,,-0.6600000262260437,-0.9283331353431263,-1.8107686530871199,-0.0458976175991328,random,2035,hybrid_concat,edge_gnn,rdkit,concat,77abfcdbb281d08df2e9fb09cf84b2a648ea9008
esol,7befdae981b64317,CCCOCCC,aqueous_solubility,log10(mol/L),train,,-1.6200000047683716,-1.669881197316247,-2.5523167150602406,-0.7874456795722535,random,2035,hybrid_concat,edge_gnn,rdkit,concat,77abfcdbb281d08df2e9fb09cf84b2a648ea9008
esol,87aef906202e1ace,CCCOP(=S)(OCCC)SCC(=O)N1CCCCC1C,aqueous_solubility,log10(mol/L),train,,-4.150000095367432,-3.8865383212655833,-4.768973839009577,-3.0041028035215898,random,2035,hybrid_concat,edge_gnn,rdkit,concat,77abfcdbb281d08df2e9fb09cf84b2a648ea9008
esol,d1d0163cab01efb4,CCCSCCC,aqueous_solubility,log10(mol/L),validation,,-2.5799999237060547,-3.005638396752907,-3.8880739144969003,-2.1232028790089132,random,2035,hybrid_concat,edge_gnn,rdkit,concat,77abfcdbb281d08df2e9fb09cf84b2a648ea9008
esol,312bea6178167aac,CCC[N+](=O)[O-],aqueous_solubility,log10(mol/L),train,,-0.800000011920929,-0.9250828730310898,-1.8075183907750834,-0.04264735528709629,random,2035,hybrid_concat,edge_gnn,rdkit,concat,77abfcdbb281d08df2e9fb09cf84b2a648ea9008
esol,d53a48903a4a1467,CCCc1ccccc1,aqueous_solubility,log10(mol/L),train,,-3.369999885559082,-3.5169047440164896,-4.399340261760483,-2.634469226272496,random,2035,hybrid_concat,edge_gnn,rdkit,concat,77abfcdbb281d08df2e9fb09cf84b2a648ea9008
esol,301376a68f01135a,CCCl,aqueous_solubility,log10(mol/L),validation,,-1.059999942779541,-0.9268303762917665,-1.80926589403576,-0.04439485854777292,random,2035,hybrid_concat,edge_gnn,rdkit,concat,77abfcdbb281d08df2e9fb09cf84b2a648ea9008
esol,9753008d844f22ea,CCI,aqueous_solubility,log10(mol/L),train,,-1.600000023841858,-1.639889176085006,-2.522324693829,-0.7574536583410125,random,2035,hybrid_concat,edge_gnn,rdkit,concat,77abfcdbb281d08df2e9fb09cf84b2a648ea9008
esol,085c1fa9c2a1c504,CCN(CC)C(=O)C(C)Oc1cccc2ccccc12,aqueous_solubility,log10(mol/L),train,,-3.569999933242798,-3.6741569693487754,-4.556592487092769,-2.791721451604782,random,2035,hybrid_concat,edge_gnn,rdkit,concat,77abfcdbb281d08df2e9fb09cf84b2a648ea9008
esol,812e34c85846a730,CCN(CC)C(=O)C(Cl)=CCOP(=O)(OC)OC,aqueous_solubility,log10(mol/L),train,,0.5230000019073486,0.6489789003181183,-0.2334566174258752,1.5314144180621119,random,2035,hybrid_concat,edge_gnn,rdkit,concat,77abfcdbb281d08df2e9fb09cf84b2a648ea9008
esol,9723f4b3ba082caa,CCN(CC)C(=O)CSc1ccc(Cl)nn1,aqueous_solubility,log10(mol/L),train,,-1.715999960899353,-1.7083134397175774,-2.590748957461571,-0.8258779219735839,random,2035,hybrid_concat,edge_gnn,rdkit,concat,77abfcdbb281d08df2e9fb09cf84b2a648ea9008
esol,ee2ebbdca22199a1,CCN(CC)C(=S)SSC(=S)N(CC)CC,aqueous_solubility,log10(mol/L),train,,-4.860000133514404,-4.819194171265789,-5.701629689009782,-3.936758653521795,random,2035,hybrid_concat,edge_gnn,rdkit,concat,77abfcdbb281d08df2e9fb09cf84b2a648ea9008
esol,3878652960419c3c,CCN(CC)c1c([N+](=O)[O-])cc(C(F)(F)F)c(N)c1[N+](=O)[O-],aqueous_solubility,log10(mol/L),calibration,,-5.46999979019165,-5.464262190869773,-6.346697708613767,-4.5818266731257795,random,2035,hybrid_concat,edge_gnn,rdkit,concat,77abfcdbb281d08df2e9fb09cf84b2a648ea9008
esol,3b5a9da1c47e3e46,CCN(CC)c1ccccc1,aqueous_solubility,log10(mol/L),train,,-3.0299999713897705,-3.047773763833799,-3.9302092815777927,-2.1653382460898056,random,2035,hybrid_concat,edge_gnn,rdkit,concat,77abfcdbb281d08df2e9fb09cf84b2a648ea9008
esol,cf6de63eb5d8eb0b,CCN(CC)c1nc(Cl)nc(N(CC)CC)n1,aqueous_solubility,log10(mol/L),test,,-4.410999774932861,-4.077979918682996,-4.96041543642699,-3.195544400939003,random,2035,hybrid_concat,edge_gnn,rdkit,concat,77abfcdbb281d08df2e9fb09cf84b2a648ea9008
esol,d9740040550600bf,CCN(CC)c1nc(Cl)nc(NC(C)C)n1,aqueous_solubility,log10(mol/L),train,,-3.7850000858306885,-3.8327918020893392,-4.715227319833333,-2.9503562843453457,random,2035,hybrid_concat,edge_gnn,rdkit,concat,77abfcdbb281d08df2e9fb09cf84b2a648ea9008
esol,adbb55de69618842,CCN(Cc1c(F)cccc1Cl)c1c([N+](=O)[O-])cc(C(F)(F)F)cc1[N+](=O)[O-],aqueous_solubility,log10(mol/L),train,,-6.78000020980835,-6.859245465102898,-7.7416809828468915,-5.9768099473589045,random,2035,hybrid_concat,edge_gnn,rdkit,concat,77abfcdbb281d08df2e9fb09cf84b2a648ea9008
esol,75220b947a56ab9a,CCN1C(=O)c2ccccc2Oc2ccccc21,aqueous_solubility,log10(mol/L),calibration,,-3.680000066757202,-3.9984186216162327,-4.880854139360226,-3.115983103872239,random,2035,hybrid_concat,edge_gnn,rdkit,concat,77abfcdbb281d08df2e9fb09cf84b2a648ea9008
esol,1c51d8c0da01f993,CCN1C(=O)c2cccnc2N(CC)c2ncccc21,aqueous_solubility,log10(mol/L),train,,-2.859999895095825,-2.861418827551518,-3.7438543452955115,-1.9789833098075245,random,2035,hybrid_concat,edge_gnn,rdkit,concat,77abfcdbb281d08df2e9fb09cf84b2a648ea9008
esol,fc65bd185c530d51,CCN1c2cc(Cl)ccc2NC(=O)c2cccnc21,aqueous_solubility,log10(mol/L),train,,-5.360000133514404,-5.2478276330630855,-6.130263150807079,-4.365392115319092,random,2035,hybrid_concat,edge_gnn,rdkit,concat,77abfcdbb281d08df2e9fb09cf84b2a648ea9008
esol,8ac4183ca5517018,CCN1c2cc(N(C)C)cc(C)c2NC(=O)c2cccnc21,aqueous_solubility,log10(mol/L),test,,-4.870999813079834,-4.295168939989776,-5.17760445773377,-3.4127334222457826,random,2035,hybrid_concat,edge_gnn,rdkit,concat,77abfcdbb281d08df2e9fb09cf84b2a648ea9008
esol,b3cc642ed25cfae4,CCN1c2cc(OC)cc(C)c2NC(=O)c2cccnc21,aqueous_solubility,log10(mol/L),test,,-5.1529998779296875,-4.0439416613440455,-4.926377179088039,-3.161506143600052,random,2035,hybrid_concat,edge_gnn,rdkit,concat,77abfcdbb281d08df2e9fb09cf84b2a648ea9008
esol,04d6cee51b3fdde7,CCN1c2ccccc2C(=O)N(C)c2ccccc21,aqueous_solubility,log10(mol/L),test,,-4.749000072479248,-3.806098523247887,-4.688534040991881,-2.9236630055038937,random,2035,hybrid_concat,edge_gnn,rdkit,concat,77abfcdbb281d08df2e9fb09cf84b2a648ea9008
esol,b5a56231be537631,CCN1c2ccccc2N(C)C(=O)c2cccnc21,aqueous_solubility,log10(mol/L),train,,-3.3239998817443848,-3.425551809106895,-4.307987326850888,-2.5431162913629013,random,2035,hybrid_concat,edge_gnn,rdkit,concat,77abfcdbb281d08df2e9fb09cf84b2a648ea9008
esol,b188836e606e176d,CCN1c2ccccc2N(C)C(=S)c2cccnc21,aqueous_solubility,log10(mol/L),train,,-4.705999851226807,-4.647286529451916,-5.52972204719591,-3.764851011707923,random,2035,hybrid_concat,edge_gnn,rdkit,concat,77abfcdbb281d08df2e9fb09cf84b2a648ea9008
esol,71aa580a3add68e5,CCN1c2nc(N(C)CCO)ccc2NC(=O)c2cccnc21,aqueous_solubility,log10(mol/L),calibration,,-3.359999895095825,-3.2129624739557587,-4.095397991699752,-2.330526956211765,random,2035,hybrid_concat,edge_gnn,rdkit,concat,77abfcdbb281d08df2e9fb09cf84b2a648ea9008
esol,1e83595b274fb26c,CCN1c2ncccc2C(=O)N(C)c2ccc(Cl)nc21,aqueous_solubility,log10(mol/L),train,,-4.113999843597412,-3.972867893614848,-4.855303411358841,-3.0904323758708543,random,2035,hybrid_concat,edge_gnn,rdkit,concat,77abfcdbb281d08df2e9fb09cf84b2a648ea9008
esol,8231b556c9fd8e9a,CCN1c2ncccc2C(=O)N(C)c2cccnc21,aqueous_solubility,log10(mol/L),train,,-2.619999885559082,-2.6039186370131744,-3.486354154757168,-1.7214831192691809,random,2035,hybrid_concat,edge_gnn,rdkit,concat,77abfcdbb281d08df2e9fb09cf84b2a648ea9008
esol,c60ea928a142a52f,CCN1c2ncccc2C(=O)Nc2c(C(F)(F)F)cc(C)nc21,aqueous_solubility,log10(mol/L),train,,-4.206999778747559,-3.970506186010326,-4.85294170375432,-3.0880706682663326,random,2035,hybrid_concat,edge_gnn,rdkit,concat,77abfcdbb281d08df2e9fb09cf84b2a648ea9008
esol,5b312c3afed2bcc2,CCN1c2ncccc2C(=O)Nc2c(C)cc(C)nc21,aqueous_solubility,log10(mol/L),train,,-4.553999900817871,-4.152250164210489,-5.034685681954483,-3.2698146464664957,random,2035,hybrid_concat,edge_gnn,rdkit,concat,77abfcdbb281d08df2e9fb09cf84b2a648ea9008
esol,1c4d269698bfb9cd,CCN1c2ncccc2C(=S)N(C)c2cccnc21,aqueous_solubility,log10(mol/L),calibration,,-4.633999824523926,-3.821608509038971,-4.704044026782965,-2.9391729912949773,random,2035,hybrid_concat,edge_gnn,rdkit,concat,77abfcdbb281d08df2e9fb09cf84b2a648ea9008
esol,4c1fea9019ded5ce,CCNC(=O)C(C)OC(=O)Nc1ccccc1,aqueous_solubility,log10(mol/L),train,,-1.8300000429153442,-1.7329371250107892,-2.6153726427547825,-0.8505016072667957,random,2035,hybrid_concat,edge_gnn,rdkit,concat,77abfcdbb281d08df2e9fb09cf84b2a648ea9008
esol,36ea9a2e0669021e,CCNC(=S)NCC,aqueous_solubility,log10(mol/L),train,,-1.4600000381469727,-1.2725039395410578,-2.1549394572850513,-0.39006842179706425,random,2035,hybrid_concat,edge_gnn,rdkit,concat,77abfcdbb281d08df2e9fb09cf84b2a648ea9008
esol,f174e48b167c2837,CCNP(=S)(OC)OC(C)=CC(=O)OC(C)C,aqueous_solubility,log10(mol/L),validation,,-3.4079999923706055,-2.297806513396077,-3.1802420311400708,-1.4153709956520837,random,2035,hybrid_concat,edge_gnn,rdkit,concat,77abfcdbb281d08df2e9fb09cf84b2a648ea9008
esol,0cb820324a34d951,CCNc1ccccc1,aqueous_solubility,log10(mol/L),train,,-1.7000000476837158,-1.735415160130122,-2.6178506778741157,-0.8529796423861284,random,2035,hybrid_concat,edge_gnn,rdkit,concat,77abfcdbb281d08df2e9fb09cf84b2a648ea9008
esol,78e4bc5caa3b64a1,CCNc1nc(Cl)nc(N(CC)CC)n1,aqueous_solubility,log10(mol/L),calibration,,-4.059999942779541,-3.5552653148524906,-4.437700832596484,-2.672829797108497,random,2035,hybrid_concat,edge_gnn,rdkit,concat,77abfcdbb281d08df2e9fb09cf84b2a648ea9008
esol,25862c96dd4e6018,CCNc1nc(Cl)nc(NC(C)(C)C#N)n1,aqueous_solubility,log10(mol/L),test,,-3.1500000953674316,-4.015079608337271,-4.897515126081265,-3.1326440905932778,random,2035,hybrid_concat,edge_gnn,rdkit,concat,77abfcdbb281d08df2e9fb09cf84b2a648ea9008
esol,c35dee1f5a7c37bc,CCNc1nc(Cl)nc(NC(C)C)n1,aqueous_solubility,log10(mol/L),train,,-3.8499999046325684,-3.606663695911625,-4.489099213655619,-2.7242281781676314,random,2035,hybrid_concat,edge_gnn,rdkit,concat,77abfcdbb281d08df2e9fb09cf84b2a648ea9008
esol,9f2e4276303326ba,CCNc1nc(Cl)nc(NCC)n1,aqueous_solubility,log10(mol/L),test,,-4.550000190734863,-3.133066257267879,-4.015501775011872,-2.2506307395238854,random,2035,hybrid_concat,edge_gnn,rdkit,concat,77abfcdbb281d08df2e9fb09cf84b2a648ea9008
esol,6d5b8a3ff54e0b4d,CCNc1nc(NC(C)(C)C)nc(OC)n1,aqueous_solubility,log10(mol/L),train,,-3.239000082015991,-2.8375962508713752,-3.7200317686153688,-1.9551607331273817,random,2035,hybrid_concat,edge_gnn,rdkit,concat,77abfcdbb281d08df2e9fb09cf84b2a648ea9008
esol,857aac146f7605e1,CCNc1nc(NC(C)(C)C)nc(SC)n1,aqueous_solubility,log10(mol/L),train,,-4.0,-3.61293242901891,-4.4953679467629035,-2.7304969112749164,random,2035,hybrid_concat,edge_gnn,rdkit,concat,77abfcdbb281d08df2e9fb09cf84b2a648ea9008
esol,6d1d1bb9e6f1635d,CCNc1nc(NC(C)C)nc(OC)n1,aqueous_solubility,log10(mol/L),train,,-2.0840001106262207,-2.260088951224927,-3.1425244689689205,-1.3776534334809334,random,2035,hybrid_concat,edge_gnn,rdkit,concat,77abfcdbb281d08df2e9fb09cf84b2a648ea9008
esol,a9802b80d3391f2c,CCNc1nc(NC(C)C)nc(SC)n1,aqueous_solubility,log10(mol/L),train,,-3.0399999618530273,-3.1169439791970857,-3.999379496941079,-2.234508461453092,random,2035,hybrid_concat,edge_gnn,rdkit,concat,77abfcdbb281d08df2e9fb09cf84b2a648ea9008
esol,1f86e6cfdba212b8,CCO,aqueous_solubility,log10(mol/L),train,,1.100000023841858,1.2979549322966784,0.4155194145526848,2.180390450040672,random,2035,hybrid_concat,edge_gnn,rdkit,concat,77abfcdbb281d08df2e9fb09cf84b2a648ea9008
esol,e1acff73cd96c0da,CCOC(=O)C=Cc1ccccc1,aqueous_solubility,log10(mol/L),train,,-3.0,-3.0708797327997543,-3.953315250543748,-2.188444215055761,random,2035,hybrid_concat,edge_gnn,rdkit,concat,77abfcdbb281d08df2e9fb09cf84b2a648ea9008
esol,43f901d90deba605,CCOC(=O)CC,aqueous_solubility,log10(mol/L),train,,-0.6600000262260437,-0.6170853616573666,-1.4995208794013601,0.26535015608662693,random,2035,hybrid_concat,edge_gnn,rdkit,concat,77abfcdbb281d08df2e9fb09cf84b2a648ea9008
esol,1dba850e06249e9b,CCOC(=O)CC(=O)OCC,aqueous_solubility,log10(mol/L),test,,-0.8199999928474426,-0.969806916668305,-1.8522424344122985,-0.08737139892431145,random,2035,hybrid_concat,edge_gnn,rdkit,concat,77abfcdbb281d08df2e9fb09cf84b2a648ea9008
esol,ec3c35c717f3d59a,CCOC(=O)CC(SP(=S)(OC)OC)C(=O)OCC,aqueous_solubility,log10(mol/L),train,,-3.369999885559082,-3.146607063717569,-4.029042581461562,-2.2641715459735754,random,2035,hybrid_concat,edge_gnn,rdkit,concat,77abfcdbb281d08df2e9fb09cf84b2a648ea9008
esol,2421d1979260abb6,CCOC(=O)CCN(SN(C)C(=O)Oc1cccc2c1OC(C)(C)C2)C(C)C,aqueous_solubility,log10(mol/L),test,,-4.710000038146973,-4.23483628505979,-5.117271802803783,-3.352400767315796,random,2035,hybrid_concat,edge_gnn,rdkit,concat,77abfcdbb281d08df2e9fb09cf84b2a648ea9008
esol,9934a7cdf9d838a1,CCOC(=O)N(C)C(=O)CSP(=S)(OCC)OCC,aqueous_solubility,log10(mol/L),train,,-2.5179998874664307,-2.6342023713840232,-3.516637889128017,-1.7517668536400297,random,2035,hybrid_concat,edge_gnn,rdkit,concat,77abfcdbb281d08df2e9fb09cf84b2a648ea9008
esol,017bd56618b9c3e0,CCOC(=O)NCCOc1ccc(Oc2ccccc2)cc1,aqueous_solubility,log10(mol/L),train,,-4.699999809265137,-4.6082826415536235,-5.490718159297617,-3.72584712380963,random,2035,hybrid_concat,edge_gnn,rdkit,concat,77abfcdbb281d08df2e9fb09cf84b2a648ea9008
esol,e44fba8f66380aba,CCOC(=O)Nc1cccc(OC(=O)Nc2ccccc2)c1,aqueous_solubility,log10(mol/L),train,,-4.631999969482422,-4.513549115573352,-5.395984633317346,-3.6311135978293585,random,2035,hybrid_concat,edge_gnn,rdkit,concat,77abfcdbb281d08df2e9fb09cf84b2a648ea9008
esol,270eaa2f9b027f13,CCOC(=O)c1ccc(N)cc1,aqueous_solubility,log10(mol/L),calibration,,-2.615999937057495,-1.8745880172299156,-2.757023534973909,-0.9921524994859221,random,2035,hybrid_concat,edge_gnn,rdkit,concat,77abfcdbb281d08df2e9fb09cf84b2a648ea9008
esol,f9b586256095118b,CCOC(=O)c1ccc(O)cc1,aqueous_solubility,log10(mol/L),train,,-2.3499999046325684,-2.242662522054891,-3.1250980397988846,-1.3602270043108975,random,2035,hybrid_concat,edge_gnn,rdkit,concat,77abfcdbb281d08df2e9fb09cf84b2a648ea9008
esol,37b5741bf69cd1f0,CCOC(=O)c1ccccc1,aqueous_solubility,log10(mol/L),validation,,-2.319999933242798,-2.444920789644603,-3.3273563073885963,-1.5624852719006093,random,2035,hybrid_concat,edge_gnn,rdkit,concat,77abfcdbb281d08df2e9fb09cf84b2a648ea9008
esol,03ecbb03238f0c7b,CCOC(=O)c1ccccc1C(=O)OCC,aqueous_solubility,log10(mol/L),calibration,,-2.3499999046325684,-3.292391468520258,-4.174826986264252,-2.4099559507762645,random,2035,hybrid_concat,edge_gnn,rdkit,concat,77abfcdbb281d08df2e9fb09cf84b2a648ea9008
esol,6e27c736fee1b47a,CCOC(=O)c1ccccc1S(=O)(=O)NN(C=O)c1nc(Cl)cc(OC)n1,aqueous_solubility,log10(mol/L),train,,-4.576000213623047,-4.478046155427283,-5.360481673171276,-3.595610637683289,random,2035,hybrid_concat,edge_gnn,rdkit,concat,77abfcdbb281d08df2e9fb09cf84b2a648ea9008
esol,8561e62c87b0f110,CCOC(=O)c1cncn1C(C)c1ccccc1,aqueous_solubility,log10(mol/L),train,,-4.735000133514404,-4.654133446081917,-5.536568963825911,-3.7716979283379235,random,2035,hybrid_concat,edge_gnn,rdkit,concat,77abfcdbb281d08df2e9fb09cf84b2a648ea9008
esol,1c0c21773d52ccc9,CCOC(C)=O,aqueous_solubility,log10(mol/L),calibration,,-0.03999999910593033,0.058368194312798494,-0.824067323431195,0.940803712056792,random,2035,hybrid_concat,edge_gnn,rdkit,concat,77abfcdbb281d08df2e9fb09cf84b2a648ea9008
esol,8601bd8ced19ca47,CCOC(C)OCC,aqueous_solubility,log10(mol/L),validation,,-0.4300000071525574,-0.33857582673702735,-1.2210113444810209,0.5438596910069662,random,2035,hybrid_concat,edge_gnn,rdkit,concat,77abfcdbb281d08df2e9fb09cf84b2a648ea9008
esol,df86ba660a9b9e61,CCOC(N)=O,aqueous_solubility,log10(mol/L),train,,0.8500000238418579,1.2122317926757407,0.3297962749317471,2.094667310419734,random,2035,hybrid_concat,edge_gnn,rdkit,concat,77abfcdbb281d08df2e9fb09cf84b2a648ea9008
esol,c3e06651eb242a60,CCOC1Oc2ccc(OS(C)(=O)=O)cc2C1(C)C,aqueous_solubility,log10(mol/L),train,,-3.4200000762939453,-3.2350139087113585,-4.117449426455352,-2.352578390967365,random,2035,hybrid_concat,edge_gnn,rdkit,concat,77abfcdbb281d08df2e9fb09cf84b2a648ea9008
esol,b11a63b949b34974,CCOC=O,aqueous_solubility,log10(mol/L),train,,0.15000000596046448,0.12486855134834096,-0.7575669663956526,1.0073040690923345,random,2035,hybrid_concat,edge_gnn,rdkit,concat,77abfcdbb281d08df2e9fb09cf84b2a648ea9008
esol,ebb35693489e2f40,CCOCC,aqueous_solubility,log10(mol/L),calibration,,-0.09000000357627869,-0.08595638036234243,-0.968391898106336,0.7964791373816511,random,2035,hybrid_concat,edge_gnn,rdkit,concat,77abfcdbb281d08df2e9fb09cf84b2a648ea9008
esol,05fa589720d43836,CCOCCOCC,aqueous_solubility,log10(mol/L),validation,,-0.7699999809265137,-0.38959512566146826,-1.2720306434054618,0.4928403920825253,random,2035,hybrid_concat,edge_gnn,rdkit,concat,77abfcdbb281d08df2e9fb09cf84b2a648ea9008
esol,481deb2db0ec848d,CCOP(=O)(OCC)OCC,aqueous_solubility,log10(mol/L),test,,0.4300000071525574,0.3587793753515589,-0.5236561423924346,1.2412148930955524,random,2035,hybrid_concat,edge_gnn,rdkit,concat,77abfcdbb281d08df2e9fb09cf84b2a648ea9008
esol,7f91652770ced25a,CCOP(=S)(CC)Oc1cc(Cl)c(Cl)cc1Cl,aqueous_solubility,log10(mol/L),calibration,,-5.751999855041504,-6.307623350482789,-7.1900588682267825,-5.4251878327387955,random,2035,hybrid_concat,edge_gnn,rdkit,concat,77abfcdbb281d08df2e9fb09cf84b2a648ea9008
esol,7c5b6332fcb13dbf,CCOP(=S)(NC(C)C)Oc1ccccc1C(=O)OC(C)C,aqueous_solubility,log10(mol/L),train,,-4.193999767303467,-3.9922975492037827,-4.874733066947776,-3.109862031459789,random,2035,hybrid_concat,edge_gnn,rdkit,concat,77abfcdbb281d08df2e9fb09cf84b2a648ea9008
esol,537d47a9a7e6a6c9,CCOP(=S)(OCC)N1C(=O)c2ccccc2C1=O,aqueous_solubility,log10(mol/L),validation,,-3.3499999046325684,-4.568681942927167,-5.451117460671161,-3.6862464251831737,random,2035,hybrid_concat,edge_gnn,rdkit,concat,77abfcdbb281d08df2e9fb09cf84b2a648ea9008
esol,a4d09552af3a116a,CCOP(=S)(OCC)ON=C(C#N)c1ccccc1,aqueous_solubility,log10(mol/L),train,,-4.861999988555908,-4.849178050804582,-5.731613568548576,-3.9667425330605885,random,2035,hybrid_concat,edge_gnn,rdkit,concat,77abfcdbb281d08df2e9fb09cf84b2a648ea9008
esol,a859beccae572be5,CCOP(=S)(OCC)Oc1cc(C)nc(C(C)C)n1,aqueous_solubility,log10(mol/L),train,,-3.640000104904175,-3.631406175899177,-4.513841693643171,-2.7489706581551836,random,2035,hybrid_concat,edge_gnn,rdkit,concat,77abfcdbb281d08df2e9fb09cf84b2a648ea9008
esol,2655a393a9271294,CCOP(=S)(OCC)Oc1ccc(S(C)=O)cc1,aqueous_solubility,log10(mol/L),calibration,,-2.299999952316284,-3.5587717937586554,-4.441207311502649,-2.676336276014662,random,2035,hybrid_concat,edge_gnn,rdkit,concat,77abfcdbb281d08df2e9fb09cf84b2a648ea9008
esol,8025defab702547a,CCOP(=S)(OCC)Oc1ccc([N+](=O)[O-])cc1,aqueous_solubility,log10(mol/L),calibration,,-4.659999847412109,-3.8408586156376536,-4.723294133381647,-2.95842309789366,random,2035,hybrid_concat,edge_gnn,rdkit,concat,77abfcdbb281d08df2e9fb09cf84b2a648ea9008
esol,edd5605813d6f216,CCOP(=S)(OCC)Oc1ccc2oc(=O)c(Cl)c(C)c2c1,aqueous_solubility,log10(mol/L),train,,-5.381999969482422,-5.236239290813477,-6.11867480855747,-4.353803773069483,random,2035,hybrid_concat,edge_gnn,rdkit,concat,77abfcdbb281d08df2e9fb09cf84b2a648ea9008
esol,b577f5a2343d6332,CCOP(=S)(OCC)Oc1nc(Cl)c(Cl)cc1Cl,aqueous_solubility,log10(mol/L),calibration,,-5.670000076293945,-5.036842828118896,-5.91927834586289,-4.154407310374903,random,2035,hybrid_concat,edge_gnn,rdkit,concat,77abfcdbb281d08df2e9fb09cf84b2a648ea9008
esol,3f40312accc983dd,CCOP(=S)(OCC)Oc1nc(Cl)n(C(C)C)n1,aqueous_solubility,log10(mol/L),train,,-3.6579999923706055,-3.5743653552562975,-4.456800873000291,-2.691929837512304,random,2035,hybrid_concat,edge_gnn,rdkit,concat,77abfcdbb281d08df2e9fb09cf84b2a648ea9008
esol,24384b764548a445,CCOP(=S)(OCC)SC(CCl)N1C(=O)c2ccccc2C1=O,aqueous_solubility,log10(mol/L),train,,-6.340000152587891,-6.4283389908051625,-7.310774508549156,-5.545903473061169,random,2035,hybrid_concat,edge_gnn,rdkit,concat,77abfcdbb281d08df2e9fb09cf84b2a648ea9008
esol,6d5b96eb33cae81f,CCOP(=S)(OCC)SCCSCC,aqueous_solubility,log10(mol/L),train,,-4.230000019073486,-4.122126148874425,-5.004561666618419,-3.239690631130432,random,2035,hybrid_concat,edge_gnn,rdkit,concat,77abfcdbb281d08df2e9fb09cf84b2a648ea9008
esol,66e03fb49f8d10d6,CCOP(=S)(OCC)SCSC(C)(C)C,aqueous_solubility,log10(mol/L),train,,-4.755000114440918,-4.666107408491971,-5.548542926235965,-3.7836718907479776,random,2035,hybrid_concat,edge_gnn,rdkit,concat,77abfcdbb281d08df2e9fb09cf84b2a648ea9008
esol,9b4868f35e883ba4,CCOP(=S)(OCC)SCSCC,aqueous_solubility,log10(mol/L),validation,,-4.110000133514404,-4.248373699137627,-5.13080921688162,-3.3659381813936333,random,2035,hybrid_concat,edge_gnn,rdkit,concat,77abfcdbb281d08df2e9fb09cf84b2a648ea9008
esol,9f7fec61cd56ae76,CCOP(=S)(OCC)SCSP(=S)(OCC)OCC,aqueous_solubility,log10(mol/L),train,,-5.539999961853027,-5.407589596771657,-6.29002511451565,-4.525154079027663,random,2035,hybrid_concat,edge_gnn,rdkit,concat,77abfcdbb281d08df2e9fb09cf84b2a648ea9008
esol,2e3febfb504819dd,CCOP(=S)(OCC)SCSc1ccc(Cl)cc1,aqueous_solubility,log10(mol/L),train,,-5.736000061035156,-5.7840101381881865,-6.66644565593218,-4.901574620444193,random,2035,hybrid_concat,edge_gnn,rdkit,concat,77abfcdbb281d08df2e9fb09cf84b2a648ea9008
esol,bc087b99671770ce,CCOP(=S)(OCC)SCn1c(=O)oc2cc(Cl)ccc21,aqueous_solubility,log10(mol/L),calibration,,-5.232999801635742,-4.629320034682894,-5.511755552426887,-3.7468845169389002,random,2035,hybrid_concat,edge_gnn,rdkit,concat,77abfcdbb281d08df2e9fb09cf84b2a648ea9008
esol,d489007731d8d5eb,CCOc1ccc(C(C)(C)COCc2cccc(Oc3ccccc3)c2)cc1,aqueous_solubility,log10(mol/L),calibration,,-8.600000381469727,-6.374824139786729,-7.257259657530723,-5.492388622042736,random,2035,hybrid_concat,edge_gnn,rdkit,concat,77abfcdbb281d08df2e9fb09cf84b2a648ea9008
esol,a7d882d72bb25f91,CCOc1ccc(NC(C)=O)cc1,aqueous_solubility,log10(mol/L),train,,-2.3499999046325684,-2.277355198764016,-3.1597907165080095,-1.3949196810200224,random,2035,hybrid_concat,edge_gnn,rdkit,concat,77abfcdbb281d08df2e9fb09cf84b2a648ea9008
esol,7ccb0f8bf75e392d,CCOc1ccc(NC(N)=O)cc1,aqueous_solubility,log10(mol/L),test,,-2.1700000762939453,-2.5279655900081637,-3.410401107752157,-1.6455300722641701,random,2035,hybrid_concat,edge_gnn,rdkit,concat,77abfcdbb281d08df2e9fb09cf84b2a648ea9008
esol,d70f36bd68ed3056,CCOc1ccc2nc(S(N)(=O)=O)sc2c1,aqueous_solubility,log10(mol/L),train,,-3.809999942779541,-3.714600579861452,-4.597036097605446,-2.8321650621174586,random,2035,hybrid_concat,edge_gnn,rdkit,concat,77abfcdbb281d08df2e9fb09cf84b2a648ea9008
esol,d19caccfe21491e3,CCOc1ccccc1,aqueous_solubility,log10(mol/L),calibration,,-2.3299999237060547,-2.049170513410079,-2.9316060311540726,-1.1667349956660855,random,2035,hybrid_concat,edge_gnn,rdkit,concat,77abfcdbb281d08df2e9fb09cf84b2a648ea9008
esol,733c64bc774b16dc,CCS,aqueous_solubility,log10(mol/L),calibration,,-0.6000000238418579,-1.3651114969208424,-2.247547014664836,-0.4826759791768489,random,2035,hybrid_concat,edge_gnn,rdkit,concat,77abfcdbb281d08df2e9fb09cf84b2a648ea9008
esol,4210d252a5e4b130,CCSC(=O)N(CC(C)C)CC(C)C,aqueous_solubility,log10(mol/L),train,,-3.680000066757202,-3.6885175578765983,-4.570953075620592,-2.8060820401326048,random,2035,hybrid_concat,edge_gnn,rdkit,concat,77abfcdbb281d08df2e9fb09cf84b2a648ea9008
esol,0eacc78ccb3b2ec7,CCSC(=O)N(CC)C1CCCCC1,aqueous_solubility,log10(mol/L),train,,-3.4000000953674316,-3.5521315034142424,-4.4345670211582355,-2.669695985670249,random,2035,hybrid_concat,edge_gnn,rdkit,concat,77abfcdbb281d08df2e9fb09cf84b2a648ea9008
esol,b34c23ed3887b6c3,CCSCC,aqueous_solubility,log10(mol/L),train,,-1.340000033378601,-1.3701391153658609,-2.2525746331098544,-0.4877035976218673,random,2035,hybrid_concat,edge_gnn,rdkit,concat,77abfcdbb281d08df2e9fb09cf84b2a648ea9008
esol,891c2426f12aec2e,CCSCCSP(=S)(OC)OC,aqueous_solubility,log10(mol/L),train,,-3.0910000801086426,-3.1862001140874834,-4.0686356318314765,-2.30376459634349,random,2035,hybrid_concat,edge_gnn,rdkit,concat,77abfcdbb281d08df2e9fb09cf84b2a648ea9008
esol,0a4abbde14334c18,CCSCc1ccccc1OC(=O)NC,aqueous_solubility,log10(mol/L),train,,-2.0899999141693115,-2.0674758136079765,-2.94991133135197,-1.185040295863983,random,2035,hybrid_concat,edge_gnn,rdkit,concat,77abfcdbb281d08df2e9fb09cf84b2a648ea9008
esol,87fc28998371cbb0,CCSSCC,aqueous_solubility,log10(mol/L),train,,-2.4200000762939453,-2.3066336499958653,-3.189069167739859,-1.4241981322518718,random,2035,hybrid_concat,edge_gnn,rdkit,concat,77abfcdbb281d08df2e9fb09cf84b2a648ea9008
esol,f3b46b3354c9eed2,CC[N+](=O)[O-],aqueous_solubility,log10(mol/L),validation,,-0.2199999988079071,-0.2870152286238348,-1.1694507463678283,0.5954202891201588,random,2035,hybrid_concat,edge_gnn,rdkit,concat,77abfcdbb281d08df2e9fb09cf84b2a648ea9008
esol,bb694e02c2818edd,CCc1ccc(C)cc1,aqueous_solubility,log10(mol/L),train,,-3.109999895095825,-3.1920768740470344,-4.074512391791028,-2.309641356303041,random,2035,hybrid_concat,edge_gnn,rdkit,concat,77abfcdbb281d08df2e9fb09cf84b2a648ea9008
esol,d26225632c84855c,CCc1ccc(CC)cc1,aqueous_solubility,log10(mol/L),calibration,,-3.75,-3.727053791895093,-4.609489309639086,-2.8446182741510992,random,2035,hybrid_concat,edge_gnn,rdkit,concat,77abfcdbb281d08df2e9fb09cf84b2a648ea9008
esol,33ad79fcb84e93ac,CCc1ccc2ccccc2c1,aqueous_solubility,log10(mol/L),calibration,,-4.289999961853027,-4.243902676394441,-5.126338194138435,-3.3614671586504477,random,2035,hybrid_concat,edge_gnn,rdkit,concat,77abfcdbb281d08df2e9fb09cf84b2a648ea9008
esol,354b210ac00c8e34,CCc1cccc(C)c1N(C(=O)CCl)C(C)COC,aqueous_solubility,log10(mol/L),validation,,-2.7300000190734863,-3.102664761334117,-3.9851002790781105,-2.2202292435901234,random,2035,hybrid_concat,edge_gnn,rdkit,concat,77abfcdbb281d08df2e9fb09cf84b2a648ea9008
esol,fbe7773591d8989f,CCc1cccc(CC)c1N(COC)C(=O)CCl,aqueous_solubility,log10(mol/L),train,,-3.259999990463257,-3.2186017062061163,-4.10103722395011,-2.3361661884621228,random,2035,hybrid_concat,edge_gnn,rdkit,concat,77abfcdbb281d08df2e9fb09cf84b2a648ea9008
esol,e28c9726a0795ed3,CCc1cccc2ccccc12,aqueous_solubility,log10(mol/L),train,,-4.170000076293945,-4.178765682766848,-5.061201200510841,-3.2963301650228543,random,2035,hybrid_concat,edge_gnn,rdkit,concat,77abfcdbb281d08df2e9fb09cf84b2a648ea9008
esol,8c96f07140aea378,CCc1ccccc1,aqueous_solubility,log10(mol/L),train,,-2.7699999809265137,-2.9313678698127488,-3.8138033875567423,-2.0489323520687552,random,2035,hybrid_concat,edge_gnn,rdkit,concat,77abfcdbb281d08df2e9fb09cf84b2a648ea9008
esol,03e6bb14b7cd4e84,CCc1ccccc1C,aqueous_solubility,log10(mol/L),train,,-3.2100000381469727,-3.176669137427573,-4.059104655171566,-2.2942336196835793,random,2035,hybrid_concat,edge_gnn,rdkit,concat,77abfcdbb281d08df2e9fb09cf84b2a648ea9008
esol,d5b47e98960e200b,CCc1ccccc1CC,aqueous_solubility,log10(mol/L),train,,-3.2799999713897705,-3.650785315987248,-4.533220833731241,-2.7683497982432543,random,2035,hybrid_concat,edge_gnn,rdkit,concat,77abfcdbb281d08df2e9fb09cf84b2a648ea9008
esol,c72e4f98e3a14f65,CCc1ccccn1,aqueous_solubility,log10(mol/L),train,,0.5099999904632568,0.46625958437049375,-0.4161759333734998,1.3486951021144873,random,2035,hybrid_concat,edge_gnn,rdkit,concat,77abfcdbb281d08df2e9fb09cf84b2a648ea9008
esol,dfcfa377f0081086,CI,aqueous_solubility,log10(mol/L),train,,-1.0,-0.8487424171604747,-1.7311779349044683,0.03369310058351882,random,2035,hybrid_concat,edge_gnn,rdkit,concat,77abfcdbb281d08df2e9fb09cf84b2a648ea9008
esol,17b9e8aacba5bcf4,CN(C(=O)COc1nc2ccccc2s1)c1ccccc1,aqueous_solubility,log10(mol/L),train,,-4.873000144958496,-4.962173639661499,-5.844609157405492,-4.079738121917505,random,2035,hybrid_concat,edge_gnn,rdkit,concat,77abfcdbb281d08df2e9fb09cf84b2a648ea9008
esol,21c12c9bffc5a79f,CN(C(=O)NC(C)(C)c1ccccc1)c1ccccc1,aqueous_solubility,log10(mol/L),train,,-3.3499999046325684,-3.4220704029126976,-4.304505920656691,-2.539634885168704,random,2035,hybrid_concat,edge_gnn,rdkit,concat,77abfcdbb281d08df2e9fb09cf84b2a648ea9008
esol,5b2b342c6e910b68,CN(C)C(=O)C(c1ccccc1)c1ccccc1,aqueous_solubility,log10(mol/L),validation,,-2.9800000190734863,-3.283862120489669,-4.1662976382336625,-2.4014266027456754,random,2035,hybrid_concat,edge_gnn,rdkit,concat,77abfcdbb281d08df2e9fb09cf84b2a648ea9008
esol,e134da02d6e9cf26,CN(C)C(=O)N(C)C,aqueous_solubility,log10(mol/L),train,,0.9399999976158142,1.2102462065904773,0.3278106888464838,2.092681724334471,random,2035,hybrid_concat,edge_gnn,rdkit,concat,77abfcdbb281d08df2e9fb09cf84b2a648ea9008
esol,0842d549a4381515,CN(C)C(=O)NC1CC2CC1C1CCCC21,aqueous_solubility,log10(mol/L),train,,-3.1710000038146973,-3.1950469572837625,-4.077482475027756,-2.312611439539769,random,2035,hybrid_concat,edge_gnn,rdkit,concat,77abfcdbb281d08df2e9fb09cf84b2a648ea9008
esol,6a218e40dde53207,CN(C)C(=O)NC1CCCCCCC1,aqueous_solubility,log10(mol/L),train,,-2.2179999351501465,-2.046389878721465,-2.9288253964654585,-1.1639543609774714,random,2035,hybrid_concat,edge_gnn,rdkit,concat,77abfcdbb281d08df2e9fb09cf84b2a648ea9008
esol,f0f2d211a8e908bf,CN(C)C(=O)Nc1ccc(-n2nc(C(C)(C)C)oc2=O)c(Cl)c1,aqueous_solubility,log10(mol/L),train,,-4.328000068664551,-4.194155208517408,-5.076590726261402,-3.3117196907734145,random,2035,hybrid_concat,edge_gnn,rdkit,concat,77abfcdbb281d08df2e9fb09cf84b2a648ea9008
esol,9a5249c275292eb3,CN(C)C(=O)Nc1ccc(Cl)c(Cl)c1,aqueous_solubility,log10(mol/L),test,,-3.799999952316284,-3.7329314770469675,-4.615366994790961,-2.850495959302974,random,2035,hybrid_concat,edge_gnn,rdkit,concat,77abfcdbb281d08df2e9fb09cf84b2a648ea9008
esol,9e5215f43f1d56ea,CN(C)C(=O)Nc1ccc(Cl)cc1,aqueous_solubility,log10(mol/L),train,,-2.890000104904175,-2.790899897658739,-3.6733354154027325,-1.9084643799147454,random,2035,hybrid_concat,edge_gnn,rdkit,concat,77abfcdbb281d08df2e9fb09cf84b2a648ea9008
esol,d673d5fc135e5b84,CN(C)C(=O)Nc1ccc(Oc2ccc(Cl)cc2)cc1,aqueous_solubility,log10(mol/L),validation,,-4.889999866485596,-4.702551104192603,-5.584986621936596,-3.820115586448609,random,2035,hybrid_concat,edge_gnn,rdkit,concat,77abfcdbb281d08df2e9fb09cf84b2a648ea9008
esol,a7978985d5bfccc6,CN(C)C(=O)Nc1cccc(C(F)(F)F)c1,aqueous_solubility,log10(mol/L),train,,-3.430000066757202,-3.1826282240840453,-4.065063741828039,-2.300192706340052,random,2035,hybrid_concat,edge_gnn,rdkit,concat,77abfcdbb281d08df2e9fb09cf84b2a648ea9008
esol,acfcc9ff5ed16439,CN(C)C(=O)Nc1cccc(OC(=O)NC(C)(C)C)c1,aqueous_solubility,log10(mol/L),calibration,,-2.930000066757202,-3.435941348823166,-4.31837686656716,-2.5535058310791725,random,2035,hybrid_concat,edge_gnn,rdkit,concat,77abfcdbb281d08df2e9fb09cf84b2a648ea9008
esol,a051aff34d8c425d,CN(C)C(=O)Nc1ccccc1,aqueous_solubility,log10(mol/L),test,,-1.600000023841858,-1.4855707972901102,-2.368006315034104,-0.6031352795461167,random,2035,hybrid_concat,edge_gnn,rdkit,concat,77abfcdbb281d08df2e9fb09cf84b2a648ea9008
esol,0483f0df1603d0eb,CN(C)C(=O)OC1=CC(=O)CC(C)(C)C1,aqueous_solubility,log10(mol/L),train,,-0.8500000238418579,-0.6641095567698447,-1.5465450745138383,0.2183259609741488,random,2035,hybrid_concat,edge_gnn,rdkit,concat,77abfcdbb281d08df2e9fb09cf84b2a648ea9008
esol,c8b9b536892e09bf,CN(C)C(=O)SCCCCOc1ccccc1,aqueous_solubility,log10(mol/L),calibration,,-3.927000045776367,-3.1838369570149885,-4.066272474758982,-2.301401439270995,random,2035,hybrid_concat,edge_gnn,rdkit,concat,77abfcdbb281d08df2e9fb09cf84b2a648ea9008
esol,910101c5cb9a1670,CN(C)C(=S)SSC(=S)N(C)C,aqueous_solubility,log10(mol/L),train,,-3.9000000953674316,-3.8326129315734576,-4.715048449317451,-2.950177413829464,random,2035,hybrid_concat,edge_gnn,rdkit,concat,77abfcdbb281d08df2e9fb09cf84b2a648ea9008
esol,b0ec6d6c54570db8,CN(C)c1ccccc1,aqueous_solubility,log10(mol/L),train,,-1.9199999570846558,-1.825977672397984,-2.7084131901419775,-0.9435421546539904,random,2035,hybrid_concat,edge_gnn,rdkit,concat,77abfcdbb281d08df2e9fb09cf84b2a648ea9008
esol,925de75b6c7bfe03,CN(C)c1nc(N(C)C)nc(N(C)C)n1,aqueous_solubility,log10(mol/L),calibration,,-3.364000082015991,-2.505090148129487,-3.3875256658734805,-1.6226546303854934,random,2035,hybrid_concat,edge_gnn,rdkit,concat,77abfcdbb281d08df2e9fb09cf84b2a648ea9008
esol,24d71af8b3e29e2a,CN1C(=O)CN=C(c2ccccc2)c2cc(Cl)ccc21,aqueous_solubility,log10(mol/L),train,,-3.753999948501587,-3.799004518588017,-4.681440036332011,-2.9165690008440235,random,2035,hybrid_concat,edge_gnn,rdkit,concat,77abfcdbb281d08df2e9fb09cf84b2a648ea9008
esol,764380275cf6ecfe,CN1C(=O)CN=C(c2ccccc2)c2cc([N+](=O)[O-])ccc21,aqueous_solubility,log10(mol/L),train,,-3.7960000038146973,-3.7739424771719188,-4.656377994915912,-2.8915069594279252,random,2035,hybrid_concat,edge_gnn,rdkit,concat,77abfcdbb281d08df2e9fb09cf84b2a648ea9008
esol,5892fb4917f1bd4c,CN1C(=O)c2cccnc2Oc2ccccc21,aqueous_solubility,log10(mol/L),train,,-3.671999931335449,-3.539815096485507,-4.422250614229501,-2.6573795787415135,random,2035,hybrid_concat,edge_gnn,rdkit,concat,77abfcdbb281d08df2e9fb09cf84b2a648ea9008
esol,e866140d3ce88cc7,CN1C(C(=O)Nc2ccccn2)=C(O)c2ccccc2S1(=O)=O,aqueous_solubility,log10(mol/L),train,,-4.159999847412109,-3.948820479780216,-4.8312559975242095,-3.0663849620362225,random,2035,hybrid_concat,edge_gnn,rdkit,concat,77abfcdbb281d08df2e9fb09cf84b2a648ea9008
esol,c3339d1527a56a6a,CN1CC(O)N(c2nnc(C(C)(C)C)s2)C1=O,aqueous_solubility,log10(mol/L),train,,-1.8769999742507935,-1.7744886224911443,-2.656924140235138,-0.8920531047471507,random,2035,hybrid_concat,edge_gnn,rdkit,concat,77abfcdbb281d08df2e9fb09cf84b2a648ea9008
esol,61a26c632a00b9e2,CNC(=O)C(C)SCCSP(=O)(OC)OC,aqueous_solubility,log10(mol/L),train,,1.1440000534057617,1.2770949293755716,0.394659411631578,2.159530447119565,random,2035,hybrid_concat,edge_gnn,rdkit,concat,77abfcdbb281d08df2e9fb09cf84b2a648ea9008
esol,83a38e89cdeb9ac2,CNC(=O)C=C(C)OP(=O)(OC)OC,aqueous_solubility,log10(mol/L),train,,0.6510000228881836,0.8907304208657805,0.008294903121786934,1.773165938609774,random,2035,hybrid_concat,edge_gnn,rdkit,concat,77abfcdbb281d08df2e9fb09cf84b2a648ea9008
esol,ca4d409d99769eda,CNC(=O)ON=C(CSC)C(C)(C)C,aqueous_solubility,log10(mol/L),calibration,,-1.6200000047683716,-1.827727149402284,-2.7101626671462773,-0.9452916316582904,random,2035,hybrid_concat,edge_gnn,rdkit,concat,77abfcdbb281d08df2e9fb09cf84b2a648ea9008
esol,9c9e6971a60807b7,CNC(=O)ON=C(SC)C(=O)N(C)C,aqueous_solubility,log10(mol/L),train,,0.10599999874830246,0.17747474014609432,-0.7049607775978992,1.0599102578900879,random,2035,hybrid_concat,edge_gnn,rdkit,concat,77abfcdbb281d08df2e9fb09cf84b2a648ea9008
esol,f974acb9680d10ae,CNC(=O)Oc1cc(C(C)(C)C)cc(C(C)(C)C)c1,aqueous_solubility,log10(mol/L),train,,-4.239999771118164,-4.319147704554002,-5.201583222297995,-3.4367121868100083,random,2035,hybrid_concat,edge_gnn,rdkit,concat,77abfcdbb281d08df2e9fb09cf84b2a648ea9008
esol,bf5c31c40ed233f0,CNC(=O)Oc1cc(C)cc(C)c1,aqueous_solubility,log10(mol/L),train,,-2.5810000896453857,-2.53467024289855,-3.4171057606425435,-1.6522347251545564,random,2035,hybrid_concat,edge_gnn,rdkit,concat,77abfcdbb281d08df2e9fb09cf84b2a648ea9008
esol,467d5329fab3eb8c,CNC(=O)Oc1ccc(N(C)C)c(C)c1,aqueous_solubility,log10(mol/L),calibration,,-2.359999895095825,-2.4050843520141125,-3.287519869758106,-1.522648834270119,random,2035,hybrid_concat,edge_gnn,rdkit,concat,77abfcdbb281d08df2e9fb09cf84b2a648ea9008
esol,93b1c63994d0c3ae,CNC(=O)Oc1cccc(N=CN(C)C)c1,aqueous_solubility,log10(mol/L),train,,-2.3399999141693115,-2.305468401104128,-3.1879039188481215,-1.4230328833601344,random,2035,hybrid_concat,edge_gnn,rdkit,concat,77abfcdbb281d08df2e9fb09cf84b2a648ea9008
esol,7c2469e5e8621db7,CNC(=O)Oc1cccc2c1OC(C)(C)C2,aqueous_solubility,log10(mol/L),train,,-2.799999952316284,-2.699495660834805,-3.5819311785787984,-1.8170601430908113,random,2035,hybrid_concat,edge_gnn,rdkit,concat,77abfcdbb281d08df2e9fb09cf84b2a648ea9008
esol,30aebbb20e458ecc,CNC(=O)Oc1cccc2ccccc12,aqueous_solubility,log10(mol/L),train,,-3.2239999771118164,-3.290127029468683,-4.172562547212676,-2.4076915117246895,random,2035,hybrid_concat,edge_gnn,rdkit,concat,77abfcdbb281d08df2e9fb09cf84b2a648ea9008
esol,4b69c82630d9473f,CNC(=O)Oc1ccccc1,aqueous_solubility,log10(mol/L),train,,-1.8029999732971191,-1.63626636966403,-2.5187018874080236,-0.7538308519200365,random,2035,hybrid_concat,edge_gnn,rdkit,concat,77abfcdbb281d08df2e9fb09cf84b2a648ea9008
esol,18eaa4bff7b0ffc4,CNC(=O)Oc1ccccc1C(C)C,aqueous_solubility,log10(mol/L),train,,-2.86299991607666,-2.6376277109234145,-3.520063228667408,-1.755192193179421,random,2035,hybrid_concat,edge_gnn,rdkit,concat,77abfcdbb281d08df2e9fb09cf84b2a648ea9008
esol,27b2b9a51d2a3dfb,CNC(=O)Oc1ccccc1C1OCCO1,aqueous_solubility,log10(mol/L),train,,-1.5700000524520874,-1.485509611237781,-2.3679451289817743,-0.6030740934937875,random,2035,hybrid_concat,edge_gnn,rdkit,concat,77abfcdbb281d08df2e9fb09cf84b2a648ea9008
esol,4429a01a775681b0,CNC(=O)Oc1ccccc1OC(C)C,aqueous_solubility,log10(mol/L),train,,-2.049999952316284,-2.196093521565588,-3.0785290393095814,-1.3136580038215944,random,2035,hybrid_concat,edge_gnn,rdkit,concat,77abfcdbb281d08df2e9fb09cf84b2a648ea9008
esol,ce17742748339d63,CNN,aqueous_solubility,log10(mol/L),train,,1.340000033378601,1.8424757640773044,0.9600402463333109,2.724911281821298,random,2035,hybrid_concat,edge_gnn,rdkit,concat,77abfcdbb281d08df2e9fb09cf84b2a648ea9008
esol,05148dad0482f4d2,CNc1ccccc1,aqueous_solubility,log10(mol/L),test,,-1.2799999713897705,-1.2914800041735122,-2.1739155219175057,-0.40904448642951863,random,2035,hybrid_concat,edge_gnn,rdkit,concat,77abfcdbb281d08df2e9fb09cf84b2a648ea9008
esol,a9c91e9f39b50d3c,CNc1cnn(-c2cccc(C(F)(F)F)c2)c(=O)c1Cl,aqueous_solubility,log10(mol/L),train,,-4.046000003814697,-3.7115394268603445,-4.593974944604338,-2.829103909116351,random,2035,hybrid_concat,edge_gnn,rdkit,concat,77abfcdbb281d08df2e9fb09cf84b2a648ea9008
esol,0bab33f79e992ea8,CO,aqueous_solubility,log10(mol/L),train,,1.5700000524520874,1.7892463657304236,0.9068108479864301,2.671681883474417,random,2035,hybrid_concat,edge_gnn,rdkit,concat,77abfcdbb281d08df2e9fb09cf84b2a648ea9008
esol,f81db077a722c928,COC(=O)C1=C(C)NC(C)=C(C(=O)OC)C1c1ccccc1[N+](=O)[O-],aqueous_solubility,log10(mol/L),test,,-4.760000228881836,-4.611284458887049,-5.493719976631042,-3.728848941143055,random,2035,hybrid_concat,edge_gnn,rdkit,concat,77abfcdbb281d08df2e9fb09cf84b2a648ea9008
esol,749fcea5bdddd1e6,COC(=O)Nc1cccc(OC(=O)Nc2cccc(C)c2)c1,aqueous_solubility,log10(mol/L),validation,,-4.804999828338623,-4.602415195196796,-5.48485071294079,-3.7199796774528027,random,2035,hybrid_concat,edge_gnn,rdkit,concat,77abfcdbb281d08df2e9fb09cf84b2a648ea9008
esol,a22f0678e1767ab7,COC(=O)Nc1nc2ccc(C(=O)c3ccccc3)cc2[nH]1,aqueous_solubility,log10(mol/L),train,,-3.880000114440918,-3.869420289536723,-4.751855807280716,-2.9869847717927294,random,2035,hybrid_concat,edge_gnn,rdkit,concat,77abfcdbb281d08df2e9fb09cf84b2a648ea9008
esol,666ddf99a256128a,COC(=O)c1cc(O)c(O)c(O)c1,aqueous_solubility,log10(mol/L),train,,-1.2400000095367432,-1.0368409246360575,-1.919276442380051,-0.15440540689206395,random,2035,hybrid_concat,edge_gnn,rdkit,concat,77abfcdbb281d08df2e9fb09cf84b2a648ea9008
esol,188786e497548b05,COC(=O)c1ccc(O)cc1,aqueous_solubility,log10(mol/L),test,,-1.8270000219345093,-1.2837076485020322,-2.1661431662460258,-0.4012721307580387,random,2035,hybrid_concat,edge_gnn,rdkit,concat,77abfcdbb281d08df2e9fb09cf84b2a648ea9008
esol,49577c11df1cfd38,COC(=O)c1ccccc1,aqueous_solubility,log10(mol/L),train,,-1.850000023841858,-1.927008920845011,-2.8094444385890043,-1.0445734031010174,random,2035,hybrid_concat,edge_gnn,rdkit,concat,77abfcdbb281d08df2e9fb09cf84b2a648ea9008
esol,ed34e85526590345,COC(=O)c1ccccc1C(=O)OC,aqueous_solubility,log10(mol/L),validation,,-1.659999966621399,-2.0956582203338883,-2.978093738077882,-1.2132227025898947,random,2035,hybrid_concat,edge_gnn,rdkit,concat,77abfcdbb281d08df2e9fb09cf84b2a648ea9008
esol,6e2b5874bd54e152,COC(=O)c1ccccc1OC1OC(COC2OCC(O)C(O)C2O)C(O)C(O)C1O,aqueous_solubility,log10(mol/L),validation,,-0.7419999837875366,-1.0137380088047698,-1.8961735265487634,-0.1313024910607763,random,2035,hybrid_concat,edge_gnn,rdkit,concat,77abfcdbb281d08df2e9fb09cf84b2a648ea9008
esol,88ead3f7cdc58cf9,COC(=O)c1cccnc1,aqueous_solubility,log10(mol/L),train,,-0.46000000834465027,-0.23346460350222564,-1.1159001212462192,0.6489709142417679,random,2035,hybrid_concat,edge_gnn,rdkit,concat,77abfcdbb281d08df2e9fb09cf84b2a648ea9008
esol,5c08f88c70ebf4aa,COC(C)(C)C,aqueous_solubility,log10(mol/L),test,,-0.23999999463558197,-0.7815440950360641,-1.6639796127800577,0.10089142270792939,random,2035,hybrid_concat,edge_gnn,rdkit,concat,77abfcdbb281d08df2e9fb09cf84b2a648ea9008
esol,6773ea5b6283d92d,COC(C)(C)CCCC(C)CC=CC(C)=CC(=O)OC(C)C,aqueous_solubility,log10(mol/L),train,,-5.190000057220459,-5.358441406802315,-6.240876924546309,-4.476005889058322,random,2035,hybrid_concat,edge_gnn,rdkit,concat,77abfcdbb281d08df2e9fb09cf84b2a648ea9008
esol,798f5eefa4edc99d,COC(C)=O,aqueous_solubility,log10(mol/L),train,,0.46000000834465027,0.5422311969014633,-0.3402043208425303,1.4246667146454568,random,2035,hybrid_concat,edge_gnn,rdkit,concat,77abfcdbb281d08df2e9fb09cf84b2a648ea9008
esol,fe98fc7972b9fbd7,COC1=C(OC)C2C(=O)OCC2C=C1,aqueous_solubility,log10(mol/L),train,,-1.8990000486373901,-1.7803629769506542,-2.6627984946946475,-0.8979274592066606,random,2035,hybrid_concat,edge_gnn,rdkit,concat,77abfcdbb281d08df2e9fb09cf84b2a648ea9008
esol,033c75d289f7b25e,COC1=CC(=O)CC(C)C12Oc1c(Cl)c(OC)cc(OC)c1C2=O,aqueous_solubility,log10(mol/L),train,,-3.246000051498413,-3.3215010104735754,-4.203936528217569,-2.439065492729582,random,2035,hybrid_concat,edge_gnn,rdkit,concat,77abfcdbb281d08df2e9fb09cf84b2a648ea9008
esol,14db5dcd22155360,COC1=CC2OC3C=CC(O)=CC3C(=O)C2C(O)=C1,aqueous_solubility,log10(mol/L),train,,-2.943000078201294,-2.909680675564985,-3.7921161933089786,-2.0272451578209916,random,2035,hybrid_concat,edge_gnn,rdkit,concat,77abfcdbb281d08df2e9fb09cf84b2a648ea9008
esol,68ee9b244d6cfe81,COC=O,aqueous_solubility,log10(mol/L),calibration,,0.5799999833106995,0.6723016418454755,-0.21013387589851806,1.554737159589469,random,2035,hybrid_concat,edge_gnn,rdkit,concat,77abfcdbb281d08df2e9fb09cf84b2a648ea9008
esol,89703926e52a5f1b,COCC(=O)N(c1c(C)cccc1C)C(C)C(=O)OC,aqueous_solubility,log10(mol/L),train,,-1.6009999513626099,-1.6758794041881329,-2.5583149219321264,-0.7934438864441393,random,2035,hybrid_concat,edge_gnn,rdkit,concat,77abfcdbb281d08df2e9fb09cf84b2a648ea9008
esol,8828034dbcc2ba49,COCCCNc1nc(NC(C)C)nc(SC)n1,aqueous_solubility,log10(mol/L),train,,-2.927999973297119,-2.8215043807882823,-3.703939898532276,-1.9390688630442887,random,2035,hybrid_concat,edge_gnn,rdkit,concat,77abfcdbb281d08df2e9fb09cf84b2a648ea9008
esol,16dde7866f46c4c1,COCOC,aqueous_solubility,log10(mol/L),train,,0.47999998927116394,0.578221671722543,-0.3042138460214505,1.4606571894665366,random,2035,hybrid_concat,edge_gnn,rdkit,concat,77abfcdbb281d08df2e9fb09cf84b2a648ea9008
esol,e2974c195ea5145c,CON(C)C(=O)Nc1ccc(Br)c(Cl)c1,aqueous_solubility,log10(mol/L),train,,-3.9240000247955322,-3.7759369451034885,-4.658372462847482,-2.893501427359495,random,2035,hybrid_concat,edge_gnn,rdkit,concat,77abfcdbb281d08df2e9fb09cf84b2a648ea9008
esol,6ff13bb4acd5abdb,CON(C)C(=O)Nc1ccc(Cl)c(Cl)c1,aqueous_solubility,log10(mol/L),train,,-3.5920000076293945,-3.476977205781876,-4.359412723525869,-2.5945416880378827,random,2035,hybrid_concat,edge_gnn,rdkit,concat,77abfcdbb281d08df2e9fb09cf84b2a648ea9008
esol,48039236e49fe73d,CON(C)C(=O)Nc1ccc(Cl)cc1,aqueous_solubility,log10(mol/L),test,,-2.569999933242798,-2.97471929811878,-3.8571548158627738,-2.0922837803747867,random,2035,hybrid_concat,edge_gnn,rdkit,concat,77abfcdbb281d08df2e9fb09cf84b2a648ea9008
esol,af9e24623c743976,COP(=O)(NC(C)=O)SC,aqueous_solubility,log10(mol/L),calibration,,0.5400000214576721,0.2763020571195054,-0.6061334606244881,1.158737574863499,random,2035,hybrid_concat,edge_gnn,rdkit,concat,77abfcdbb281d08df2e9fb09cf84b2a648ea9008
esol,13a3fd60c5aabbbd,COP(=O)(OC)C(O)C(Cl)(Cl)Cl,aqueous_solubility,log10(mol/L),train,,-0.2199999988079071,-0.050142555595567906,-0.9325780733395614,0.8322929621484256,random,2035,hybrid_concat,edge_gnn,rdkit,concat,77abfcdbb281d08df2e9fb09cf84b2a648ea9008
esol,780a5f925619f9f0,COP(=O)(OC)OC(=CCl)c1cc(Cl)c(Cl)cc1Cl,aqueous_solubility,log10(mol/L),train,,-4.521999835968018,-4.525767082038864,-5.408202599782857,-3.6433315642948703,random,2035,hybrid_concat,edge_gnn,rdkit,concat,77abfcdbb281d08df2e9fb09cf84b2a648ea9008
esol,5a3a208a796a3e9e,COP(=O)(OC)OC(Br)C(Cl)(Cl)Br,aqueous_solubility,log10(mol/L),test,,-2.2799999713897705,-1.577834183125543,-2.4602697008695364,-0.6953986653815494,random,2035,hybrid_concat,edge_gnn,rdkit,concat,77abfcdbb281d08df2e9fb09cf84b2a648ea9008
esol,6d1ebe733929addc,COP(=S)(OC)Oc1cc(Cl)c(Br)cc1Cl,aqueous_solubility,log10(mol/L),train,,-6.090000152587891,-6.060448722611545,-6.942884240355538,-5.178013204867551,random,2035,hybrid_concat,edge_gnn,rdkit,concat,77abfcdbb281d08df2e9fb09cf84b2a648ea9008
esol,57f26cdf89d354e1,COP(=S)(OC)Oc1cc(Cl)c(Cl)cc1Cl,aqueous_solubility,log10(mol/L),test,,-5.71999979019165,-6.0600885144002525,-6.942524032144246,-5.177652996656259,random,2035,hybrid_concat,edge_gnn,rdkit,concat,77abfcdbb281d08df2e9fb09cf84b2a648ea9008
esol,c8a8a21070ddea32,COP(=S)(OC)Oc1cc(Cl)c(I)cc1Cl,aqueous_solubility,log10(mol/L),calibration,,-6.619999885559082,-6.1231622057874056,-7.005597723531399,-5.240726688043412,random,2035,hybrid_concat,edge_gnn,rdkit,concat,77abfcdbb281d08df2e9fb09cf84b2a648ea9008
esol,93a69b9aac77fb83,COP(=S)(OC)Oc1ccc(SC)c(C)c1,aqueous_solubility,log10(mol/L),test,,-4.570000171661377,-3.294425935599948,-4.176861453343942,-2.4119904178559546,random,2035,hybrid_concat,edge_gnn,rdkit,concat,77abfcdbb281d08df2e9fb09cf84b2a648ea9008
esol,af206ce7eb35e12c,COP(=S)(OC)Oc1ccc(Sc2ccc(OP(=S)(OC)OC)cc2)cc1,aqueous_solubility,log10(mol/L),train,,-6.236999988555908,-6.2814589115734645,-7.163894429317458,-5.399023393829471,random,2035,hybrid_concat,edge_gnn,rdkit,concat,77abfcdbb281d08df2e9fb09cf84b2a648ea9008
esol,0630c7b78d9001c5,COP(=S)(OC)Oc1ccc([N+](=O)[O-])c(C)c1,aqueous_solubility,log10(mol/L),calibration,,-4.039999961853027,-4.1020472549923275,-4.984482772736321,-3.219611737248334,random,2035,hybrid_concat,edge_gnn,rdkit,concat,77abfcdbb281d08df2e9fb09cf84b2a648ea9008
esol,26a3764db159060c,COP(=S)(OC)Oc1ccc([N+](=O)[O-])cc1Cl,aqueous_solubility,log10(mol/L),validation,,-4.309999942779541,-3.898550463278855,-4.780985981022848,-3.0161149455348615,random,2035,hybrid_concat,edge_gnn,rdkit,concat,77abfcdbb281d08df2e9fb09cf84b2a648ea9008
esol,3c1bae9a1671999e,COP(=S)(OC)SCC(=O)N(C)C=O,aqueous_solubility,log10(mol/L),train,,-1.9950000047683716,-1.8551409680252982,-2.7375764857692917,-0.9727054502813046,random,2035,hybrid_concat,edge_gnn,rdkit,concat,77abfcdbb281d08df2e9fb09cf84b2a648ea9008
esol,3c7c2897c14190e7,COP(=S)(OC)SCC(=O)N(c1ccc(Cl)cc1)C(C)C,aqueous_solubility,log10(mol/L),train,,-4.432000160217285,-4.377081027391643,-5.259516545135637,-3.4946455096476496,random,2035,hybrid_concat,edge_gnn,rdkit,concat,77abfcdbb281d08df2e9fb09cf84b2a648ea9008
esol,73a7a17726ecb1d8,COc1c(O)c(Cl)c(Cl)c(Cl)c1Cl,aqueous_solubility,log10(mol/L),test,,-4.019999980926514,-3.5255646675236725,-4.408000185267666,-2.643129149779679,random,2035,hybrid_concat,edge_gnn,rdkit,concat,77abfcdbb281d08df2e9fb09cf84b2a648ea9008
esol,f6aaf2955176d64c,COc1c2occc2c(OC)c2c(=O)cc(C)oc12,aqueous_solubility,log10(mol/L),validation,,-3.0209999084472656,-3.780378485051297,-4.66281400279529,-2.8979429673073036,random,2035,hybrid_concat,edge_gnn,rdkit,concat,77abfcdbb281d08df2e9fb09cf84b2a648ea9008
esol,d81d239372dc39ef,COc1c2occc2cc2ccc(=O)oc12,aqueous_solubility,log10(mol/L),train,,-3.6640000343322754,-3.5828739789788395,-4.465309496722833,-2.700438461234846,random,2035,hybrid_concat,edge_gnn,rdkit,concat,77abfcdbb281d08df2e9fb09cf84b2a648ea9008
esol,fb0727226d8bda00,COc1cc(C2c3cc4c(cc3C(OC3OC5COC(C)OC5C(O)C3O)C3COC(=O)C23)OCO4)cc(OC)c1O,aqueous_solubility,log10(mol/L),train,,-3.571000099182129,-3.338511380655721,-4.220946898399715,-2.4560758629117276,random,2035,hybrid_concat,edge_gnn,rdkit,concat,77abfcdbb281d08df2e9fb09cf84b2a648ea9008
esol,a2fe2787bc40ab5d,COc1cc2c(N)nc(N3CCN(C(=O)OCC(C)(C)O)CC3)nc2c(OC)c1OC,aqueous_solubility,log10(mol/L),test,,-3.638000011444092,-2.8125461290163782,-3.6949816467603718,-1.9301106112723847,random,2035,hybrid_concat,edge_gnn,rdkit,concat,77abfcdbb281d08df2e9fb09cf84b2a648ea9008
esol,0bd779b87e0a0d4a,COc1ccc(C(O)(c2cncnc2)C2CC2)cc1,aqueous_solubility,log10(mol/L),validation,,-2.5959999561309814,-3.246034552951251,-4.128470070695244,-2.3635990352072573,random,2035,hybrid_concat,edge_gnn,rdkit,concat,77abfcdbb281d08df2e9fb09cf84b2a648ea9008
esol,9068cc8b834cc0eb,COc1ccc(C(c2ccc(OC)cc2)C(Cl)(Cl)Cl)cc1,aqueous_solubility,log10(mol/L),train,,-6.889999866485596,-6.885031932108317,-7.767467449852311,-6.002596414364324,random,2035,hybrid_concat,edge_gnn,rdkit,concat,77abfcdbb281d08df2e9fb09cf84b2a648ea9008
esol,53952794d358f97b,COc1ccc(C=O)cc1,aqueous_solubility,log10(mol/L),test,,-1.4900000095367432,-1.016732918035513,-1.8991684357795064,-0.13429740029151938,random,2035,hybrid_concat,edge_gnn,rdkit,concat,77abfcdbb281d08df2e9fb09cf84b2a648ea9008
esol,61e05515e58dc633,COc1ccc(Cl)cc1,aqueous_solubility,log10(mol/L),train,,-2.7799999713897705,-2.7587626638266816,-3.641198181570675,-1.876327146082688,random,2035,hybrid_concat,edge_gnn,rdkit,concat,77abfcdbb281d08df2e9fb09cf84b2a648ea9008
esol,6f0d5c822a2c8b54,COc1ccc(NC(=O)N(C)C)cc1Cl,aqueous_solubility,log10(mol/L),train,,-2.563999891281128,-2.5490177245351227,-3.431453242279116,-1.6665822067911291,random,2035,hybrid_concat,edge_gnn,rdkit,concat,77abfcdbb281d08df2e9fb09cf84b2a648ea9008
esol,a440351c22fbaf2f,COc1ccc(Oc2ccc(NC(=O)N(C)C)cc2)cc1,aqueous_solubility,log10(mol/L),test,,-4.159999847412109,-4.126063273967447,-5.008498791711441,-3.2436277562234537,random,2035,hybrid_concat,edge_gnn,rdkit,concat,77abfcdbb281d08df2e9fb09cf84b2a648ea9008
esol,54c11156225fcdea,COc1ccc([N+](=O)[O-])cc1,aqueous_solubility,log10(mol/L),train,,-2.4100000858306885,-2.3925315892864605,-3.274967107030454,-1.510096071542467,random,2035,hybrid_concat,edge_gnn,rdkit,concat,77abfcdbb281d08df2e9fb09cf84b2a648ea9008
esol,76a18f4c2024b3d3,COc1ccc2ccc(=O)oc2c1CC=C(C)C,aqueous_solubility,log10(mol/L),train,,-4.314000129699707,-4.279064425611594,-5.1614999433555875,-3.3966289078676004,random,2035,hybrid_concat,edge_gnn,rdkit,concat,77abfcdbb281d08df2e9fb09cf84b2a648ea9008
esol,28951249e2791f06,COc1cccc(Cl)c1,aqueous_solubility,log10(mol/L),train,,-2.7799999713897705,-2.678930054111044,-3.5613655718550374,-1.7964945363670504,random,2035,hybrid_concat,edge_gnn,rdkit,concat,77abfcdbb281d08df2e9fb09cf84b2a648ea9008
esol,93c51a6d6f685836,COc1ccccc1,aqueous_solubility,log10(mol/L),train,,-1.850000023841858,-1.9397995196792974,-2.822235037423291,-1.0573640019353039,random,2035,hybrid_concat,edge_gnn,rdkit,concat,77abfcdbb281d08df2e9fb09cf84b2a648ea9008
esol,61ef7d42849f3184,COc1ccccc1Cl,aqueous_solubility,log10(mol/L),train,,-2.4600000381469727,-2.5532011975041558,-3.4356367152481493,-1.6707656797601622,random,2035,hybrid_concat,edge_gnn,rdkit,concat,77abfcdbb281d08df2e9fb09cf84b2a648ea9008
esol,eb6f42a07bb6de18,COc1ccccc1O,aqueous_solubility,log10(mol/L),train,,-1.9600000381469727,-1.5572801104660823,-2.4397156282100756,-0.6748445927220887,random,2035,hybrid_concat,edge_gnn,rdkit,concat,77abfcdbb281d08df2e9fb09cf84b2a648ea9008
esol,814823a858f686a6,COc1ccccc1OCC(O)COC(N)=O,aqueous_solubility,log10(mol/L),train,,-0.9850000143051147,-0.8417585720665919,-1.7241940898105854,0.040676945677401655,random,2035,hybrid_concat,edge_gnn,rdkit,concat,77abfcdbb281d08df2e9fb09cf84b2a648ea9008
esol,d4928ef8bde7d1fe,COc1ccccc1[N+](=O)[O-],aqueous_solubility,log10(mol/L),train,,-1.9600000381469727,-2.0607649619290225,-2.943200479673016,-1.178329444185029,random,2035,hybrid_concat,edge_gnn,rdkit,concat,77abfcdbb281d08df2e9fb09cf84b2a648ea9008
esol,f77319b49caa9f62,COc1cnc2cncnc2n1,aqueous_solubility,log10(mol/L),train,,-0.9100000262260437,-0.9695567446640236,-1.8519922624080172,-0.0871212269200301,random,2035,hybrid_concat,edge_gnn,rdkit,concat,77abfcdbb281d08df2e9fb09cf84b2a648ea9008
esol,5dffcf404f645444,COc1cnc2ncncc2n1,aqueous_solubility,log10(mol/L),train,,-1.1390000581741333,-0.882371801171915,-1.7648073189159086,6.371657207848713e-05,random,2035,hybrid_concat,edge_gnn,rdkit,concat,77abfcdbb281d08df2e9fb09cf84b2a648ea9008
esol,80014862d89a7874,COc1nc(NC(C)C)nc(NC(C)C)n1,aqueous_solubility,log10(mol/L),validation,,-2.4779999256134033,-3.1374937959718583,-4.019929313715852,-2.2550582782278648,random,2035,hybrid_concat,edge_gnn,rdkit,concat,77abfcdbb281d08df2e9fb09cf84b2a648ea9008
esol,6d629ddb03b3976b,COc1ncc2nccnc2n1,aqueous_solubility,log10(mol/L),train,,-1.1100000143051147,-0.9612892260609924,-1.843724743804986,-0.0788537083169989,random,2035,hybrid_concat,edge_gnn,rdkit,concat,77abfcdbb281d08df2e9fb09cf84b2a648ea9008
esol,1b1400c943fc116e,COc1ncnc2nccnc12,aqueous_solubility,log10(mol/L),validation,,-1.1100000143051147,-0.7237504145597864,-1.60618593230378,0.15868510318420714,random,2035,hybrid_concat,edge_gnn,rdkit,concat,77abfcdbb281d08df2e9fb09cf84b2a648ea9008
esol,ac0041960cd300cd,CS(=O)(=O)c1ccc(C(O)C(CO)NC(=O)C(Cl)Cl)cc1,aqueous_solubility,log10(mol/L),train,,-2.1540000438690186,-2.0854930705958163,-2.96792858833981,-1.2030575528518228,random,2035,hybrid_concat,edge_gnn,rdkit,concat,77abfcdbb281d08df2e9fb09cf84b2a648ea9008
esol,15427e61e6c5e494,CSC,aqueous_solubility,log10(mol/L),train,,-0.44999998807907104,-0.20474317972862766,-1.0871786974726212,0.6776923380153659,random,2035,hybrid_concat,edge_gnn,rdkit,concat,77abfcdbb281d08df2e9fb09cf84b2a648ea9008
esol,27be4a939cf2095e,CSCS(=O)CC(CO)NC(=O)C=Cc1c(C)[nH]c(=O)[nH]c1=O,aqueous_solubility,log10(mol/L),test,,-1.9809999465942383,-2.867917671409536,-3.7503531891535293,-1.9854821536655423,random,2035,hybrid_concat,edge_gnn,rdkit,concat,77abfcdbb281d08df2e9fb09cf84b2a648ea9008
esol,34db32618c7c0bd7,CSSC,aqueous_solubility,log10(mol/L),train,,-1.440000057220459,-1.2930281593282127,-2.175463677072206,-0.41059264158421915,random,2035,hybrid_concat,edge_gnn,rdkit,concat,77abfcdbb281d08df2e9fb09cf84b2a648ea9008
esol,c0328538a0e8d514,CSc1ccccc1,aqueous_solubility,log10(mol/L),train,,-2.390000104904175,-2.3571369383217315,-3.239572456065725,-1.474701420577738,random,2035,hybrid_concat,edge_gnn,rdkit,concat,77abfcdbb281d08df2e9fb09cf84b2a648ea9008
esol,01435d46358b4e6f,CSc1nc(N(C)C)nc(N(C)C)n1,aqueous_solubility,log10(mol/L),train,,-2.6760001182556152,-2.4050004679101127,-3.287435985654106,-1.5225649501661191,random,2035,hybrid_concat,edge_gnn,rdkit,concat,77abfcdbb281d08df2e9fb09cf84b2a648ea9008
esol,a2e1c537815223d9,CSc1nc(NC(C)C)nc(NC(C)C)n1,aqueous_solubility,log10(mol/L),validation,,-4.099999904632568,-3.736301767643109,-4.618737285387103,-2.8538662498991156,random,2035,hybrid_concat,edge_gnn,rdkit,concat,77abfcdbb281d08df2e9fb09cf84b2a648ea9008
esol,6c043c25cd0ee673,CSc1nnc(C(C)(C)C)c(=O)n1N,aqueous_solubility,log10(mol/L),train,,-2.253000020980835,-2.2005479525264375,-3.082983470270431,-1.318112434782444,random,2035,hybrid_concat,edge_gnn,rdkit,concat,77abfcdbb281d08df2e9fb09cf84b2a648ea9008
esol,939a64a917fc1fbc,C[N+](=O)[O-],aqueous_solubility,log10(mol/L),train,,0.25999999046325684,0.34314683241735233,-0.5392886853266412,1.2255823501613459,random,2035,hybrid_concat,edge_gnn,rdkit,concat,77abfcdbb281d08df2e9fb09cf84b2a648ea9008
esol,6a00bcc744815977,Cc1[nH]c(=O)n(C(C)(C)C)c(=O)c1Cl,aqueous_solubility,log10(mol/L),train,,-2.4839999675750732,-2.3931493710406233,-3.275584888784617,-1.5107138532966298,random,2035,hybrid_concat,edge_gnn,rdkit,concat,77abfcdbb281d08df2e9fb09cf84b2a648ea9008
esol,011959fb02a50970,Cc1c(C)c(C)c(C)c(C)c1C,aqueous_solubility,log10(mol/L),train,,-5.230000019073486,-5.290213037224379,-6.172648554968372,-4.407777519480385,random,2035,hybrid_concat,edge_gnn,rdkit,concat,77abfcdbb281d08df2e9fb09cf84b2a648ea9008
esol,255cf0d2a2107c67,Cc1c(C)c2c3ccccc3ccc2c2ccccc12,aqueous_solubility,log10(mol/L),test,,-7.010000228881836,-6.906378709550575,-7.788814227294568,-6.023943191806581,random,2035,hybrid_concat,edge_gnn,rdkit,concat,77abfcdbb281d08df2e9fb09cf84b2a648ea9008
esol,96b9df861fc1a5b7,Cc1c(F)c(F)c(COC(=O)C2C(C=C(Cl)C(F)(F)F)C2(C)C)c(F)c1F,aqueous_solubility,log10(mol/L),train,,-7.321000099182129,-7.454719228678625,-8.33715474642262,-6.572283710934632,random,2035,hybrid_concat,edge_gnn,rdkit,concat,77abfcdbb281d08df2e9fb09cf84b2a648ea9008
esol,27f7cb057fe02c05,Cc1c(N(C)C)c(=O)n(-c2ccccc2)n1C,aqueous_solubility,log10(mol/L),train,,-0.36399999260902405,-0.17218233117137194,-1.0546178489153655,0.7102531865726216,random,2035,hybrid_concat,edge_gnn,rdkit,concat,77abfcdbb281d08df2e9fb09cf84b2a648ea9008
esol,a71940fe39e775e7,Cc1c(N)c(=O)n(-c2ccccc2)n1C,aqueous_solubility,log10(mol/L),train,,-0.6240000128746033,-0.47514013492038254,-1.357575652664376,0.407295382823611,random,2035,hybrid_concat,edge_gnn,rdkit,concat,77abfcdbb281d08df2e9fb09cf84b2a648ea9008
esol,405aedd218ada939,Cc1c([N+](=O)[O-])cc([N+](=O)[O-])cc1[N+](=O)[O-],aqueous_solubility,log10(mol/L),calibration,,-3.2200000286102295,-3.5930666377686644,-4.4755021555126575,-2.710631120024671,random,2035,hybrid_concat,edge_gnn,rdkit,concat,77abfcdbb281d08df2e9fb09cf84b2a648ea9008
esol,6bbc2d7fd1aa6c13,Cc1c([N+](=O)[O-])cccc1[N+](=O)[O-],aqueous_solubility,log10(mol/L),calibration,,-3.0,-3.489427333841105,-4.371862851585099,-2.6069918160971115,random,2035,hybrid_concat,edge_gnn,rdkit,concat,77abfcdbb281d08df2e9fb09cf84b2a648ea9008
esol,2e4e642d79dc2dce,Cc1c2ccccc2c(C)c2c1ccc1ccccc12,aqueous_solubility,log10(mol/L),train,,-7.019999980926514,-7.023154510882444,-7.905590028626437,-6.14071899313845,random,2035,hybrid_concat,edge_gnn,rdkit,concat,77abfcdbb281d08df2e9fb09cf84b2a648ea9008
esol,74b6a8e9080bc721,Cc1c2ccccc2c(C)c2ccccc12,aqueous_solubility,log10(mol/L),test,,-6.570000171661377,-5.993822045984096,-6.87625756372809,-5.111386528240103,random,2035,hybrid_concat,edge_gnn,rdkit,concat,77abfcdbb281d08df2e9fb09cf84b2a648ea9008
esol,64f1735379f646a8,Cc1c2ccccc2cc2ccccc12,aqueous_solubility,log10(mol/L),calibration,,-5.889999866485596,-5.526390212343307,-6.4088257300873,-4.643954694599313,random,2035,hybrid_concat,edge_gnn,rdkit,concat,77abfcdbb281d08df2e9fb09cf84b2a648ea9008
esol,0ada1641492d4a17,Cc1c[nH]c(=O)[nH]c1=O,aqueous_solubility,log10(mol/L),train,,-1.50600004196167,-1.435705644949524,-2.3181411626935176,-0.5532701272055305,random,2035,hybrid_concat,edge_gnn,rdkit,concat,77abfcdbb281d08df2e9fb09cf84b2a648ea9008
esol,b32a6b50a85ca7a0,Cc1c[nH]c(=O)nc1N,aqueous_solubility,log10(mol/L),train,,-1.4579999446868896,-1.3179444521136119,-2.2003799698576056,-0.43550893436961835,random,2035,hybrid_concat,edge_gnn,rdkit,concat,77abfcdbb281d08df2e9fb09cf84b2a648ea9008
esol,855b948e58b48eae,Cc1c[nH]c2ccccc12,aqueous_solubility,log10(mol/L),train,,-2.4200000762939453,-2.321078492704617,-3.2035140104486106,-1.4386429749606235,random,2035,hybrid_concat,edge_gnn,rdkit,concat,77abfcdbb281d08df2e9fb09cf84b2a648ea9008
esol,412aec08aadb9b06,Cc1cc(=O)[nH]c(=S)[nH]1,aqueous_solubility,log10(mol/L),train,,-2.436000108718872,-2.1299442441770795,-3.012379761921073,-1.247508726433086,random,2035,hybrid_concat,edge_gnn,rdkit,concat,77abfcdbb281d08df2e9fb09cf84b2a648ea9008
esol,e96744a6c5b15c2c,Cc1cc(=O)n(-c2ccccc2)n1C,aqueous_solubility,log10(mol/L),train,,0.7149999737739563,0.7886034979897456,-0.09383201975424793,1.6710390157337391,random,2035,hybrid_concat,edge_gnn,rdkit,concat,77abfcdbb281d08df2e9fb09cf84b2a648ea9008
esol,c699d455e9ba8b21,Cc1cc(C(=O)NNCc2ccccc2)no1,aqueous_solubility,log10(mol/L),train,,-2.4609999656677246,-2.0879190482270786,-2.970354565971072,-1.205483530483085,random,2035,hybrid_concat,edge_gnn,rdkit,concat,77abfcdbb281d08df2e9fb09cf84b2a648ea9008
esol,f4af7cb57402c3b2,Cc1cc(C)c(C)c(C)c1C,aqueous_solubility,log10(mol/L),validation,,-4.0,-4.692847193667552,-5.575282711411545,-3.8104116759235582,random,2035,hybrid_concat,edge_gnn,rdkit,concat,77abfcdbb281d08df2e9fb09cf84b2a648ea9008
esol,10496a05f7b4af1b,Cc1cc(C)c(C)cc1C,aqueous_solubility,log10(mol/L),validation,,-4.590000152587891,-4.078659379925394,-4.961094897669388,-3.1962238621814008,random,2035,hybrid_concat,edge_gnn,rdkit,concat,77abfcdbb281d08df2e9fb09cf84b2a648ea9008
esol,30a7fa25e77ab523,Cc1cc(C)c(O)c(C)c1,aqueous_solubility,log10(mol/L),test,,-2.049999952316284,-1.6779533153005495,-2.5603888330445432,-0.7955177975565559,random,2035,hybrid_concat,edge_gnn,rdkit,concat,77abfcdbb281d08df2e9fb09cf84b2a648ea9008
esol,30cd61fe6a9269f3,Cc1cc(C)c2ccccc2c1,aqueous_solubility,log10(mol/L),train,,-4.289999961853027,-4.316318343069682,-5.198753860813675,-3.4338828253256883,random,2035,hybrid_concat,edge_gnn,rdkit,concat,77abfcdbb281d08df2e9fb09cf84b2a648ea9008
esol,ac4846758902f02f,Cc1cc(C)cc(C)c1,aqueous_solubility,log10(mol/L),train,,-3.4000000953674316,-3.603076293516896,-4.485511811260889,-2.7206407757729023,random,2035,hybrid_concat,edge_gnn,rdkit,concat,77abfcdbb281d08df2e9fb09cf84b2a648ea9008
esol,dc9647b3b1f901cf,Cc1cc(C)cc(O)c1,aqueous_solubility,log10(mol/L),train,,-1.399999976158142,-1.2324162196754977,-2.1148517374194915,-0.3499807019315042,random,2035,hybrid_concat,edge_gnn,rdkit,concat,77abfcdbb281d08df2e9fb09cf84b2a648ea9008
esol,3d3499c252e700d7,Cc1cc(Cl)ccc1N=CN(C)C,aqueous_solubility,log10(mol/L),calibration,,-2.859999895095825,-3.0980453223223665,-3.98048084006636,-2.215609804578373,random,2035,hybrid_concat,edge_gnn,rdkit,concat,77abfcdbb281d08df2e9fb09cf84b2a648ea9008
esol,867fad1f4374306f,Cc1cc(OC(=O)N(C)C)n(-c2ccccc2)n1,aqueous_solubility,log10(mol/L),train,,-2.0899999141693115,-2.029462991726645,-2.9118985094706384,-1.1470274739826514,random,2035,hybrid_concat,edge_gnn,rdkit,concat,77abfcdbb281d08df2e9fb09cf84b2a648ea9008
esol,441ca226655131b8,Cc1cc(S(=O)(=O)c2ccccc2)ccc1NS(=O)(=O)C(F)(F)F,aqueous_solubility,log10(mol/L),validation,,-3.799999952316284,-4.102526381256938,-4.984961899000932,-3.2200908635129446,random,2035,hybrid_concat,edge_gnn,rdkit,concat,77abfcdbb281d08df2e9fb09cf84b2a648ea9008
esol,1fa0d1470ef45a5f,Cc1cc([N+](=O)[O-])cc([N+](=O)[O-])c1O,aqueous_solubility,log10(mol/L),train,,-1.4559999704360962,-1.613124472396178,-2.4955599901401717,-0.7306889546521844,random,2035,hybrid_concat,edge_gnn,rdkit,concat,77abfcdbb281d08df2e9fb09cf84b2a648ea9008
esol,15fb6126c6fb5019,Cc1cc2c3ccccc3ccc2c2ccccc12,aqueous_solubility,log10(mol/L),train,,-6.570000171661377,-6.95319196081329,-7.835627478557283,-6.070756443069296,random,2035,hybrid_concat,edge_gnn,rdkit,concat,77abfcdbb281d08df2e9fb09cf84b2a648ea9008
esol,c93bd0af60161701,Cc1cc2ccccc2c2ccc3ccccc3c12,aqueous_solubility,log10(mol/L),train,,-6.590000152587891,-6.883499320184653,-7.765934837928646,-6.001063802440659,random,2035,hybrid_concat,edge_gnn,rdkit,concat,77abfcdbb281d08df2e9fb09cf84b2a648ea9008
esol,efd1cc43cd7740a7,Cc1cc2ccccc2cc1C,aqueous_solubility,log10(mol/L),train,,-4.71999979019165,-4.600967454248941,-5.483402971992935,-3.718531936504948,random,2035,hybrid_concat,edge_gnn,rdkit,concat,77abfcdbb281d08df2e9fb09cf84b2a648ea9008
esol,6f06d12b282eda81,Cc1cc2nc3c(=O)[nH]c(=O)nc-3n(CC(O)C(O)C(O)CO)c2cc1C,aqueous_solubility,log10(mol/L),train,,-3.684999942779541,-3.4840240256332464,-4.36645954337724,-2.601588507889253,random,2035,hybrid_concat,edge_gnn,rdkit,concat,77abfcdbb281d08df2e9fb09cf84b2a648ea9008
esol,2a4331f10b97d5ab,Cc1ccc(-c2ccccc2)cc1,aqueous_solubility,log10(mol/L),calibration,,-4.619999885559082,-4.863042366170066,-5.7454778839140594,-3.9806068484260724,random,2035,hybrid_concat,edge_gnn,rdkit,concat,77abfcdbb281d08df2e9fb09cf84b2a648ea9008
esol,93239662ab8fbc9f,Cc1ccc(Br)cc1,aqueous_solubility,log10(mol/L),train,,-3.190000057220459,-3.0545082233368754,-3.936943741080869,-2.172072705592882,random,2035,hybrid_concat,edge_gnn,rdkit,concat,77abfcdbb281d08df2e9fb09cf84b2a648ea9008
esol,5a420868d7b8f3d4,Cc1ccc(C(C)C)c(O)c1,aqueous_solubility,log10(mol/L),train,,-2.2200000286102295,-2.1441252220351616,-3.026560739779155,-1.2616897042911681,random,2035,hybrid_concat,edge_gnn,rdkit,concat,77abfcdbb281d08df2e9fb09cf84b2a648ea9008
esol,55d42f10edd4630a,Cc1ccc(C(C)C)cc1,aqueous_solubility,log10(mol/L),calibration,,-3.7699999809265137,-3.9282126226070146,-4.810648140351008,-3.045777104863021,random,2035,hybrid_concat,edge_gnn,rdkit,concat,77abfcdbb281d08df2e9fb09cf84b2a648ea9008
esol,80356e4fbac18ade,Cc1ccc(C(C)C)cc1O,aqueous_solubility,log10(mol/L),train,,-2.0799999237060547,-2.1395403389566945,-3.021975856700688,-1.257104821212701,random,2035,hybrid_concat,edge_gnn,rdkit,concat,77abfcdbb281d08df2e9fb09cf84b2a648ea9008
esol,b3cdd1fa6b9ddc97,Cc1ccc(C)c(C)c1,aqueous_solubility,log10(mol/L),train,,-3.309999942779541,-3.3963286535362487,-4.278764171280242,-2.513893135792255,random,2035,hybrid_concat,edge_gnn,rdkit,concat,77abfcdbb281d08df2e9fb09cf84b2a648ea9008
esol,c41a4db964d8c35c,Cc1ccc(C)c2ccccc12,aqueous_solubility,log10(mol/L),train,,-4.139999866485596,-4.5590059115308,-5.441441429274794,-3.6765703937868066,random,2035,hybrid_concat,edge_gnn,rdkit,concat,77abfcdbb281d08df2e9fb09cf84b2a648ea9008
esol,e70d51f4f2d7e744,Cc1ccc(C)cc1,aqueous_solubility,log10(mol/L),train,,-2.7699999809265137,-3.0844734294106058,-3.9669089471545993,-2.2020379116666122,random,2035,hybrid_concat,edge_gnn,rdkit,concat,77abfcdbb281d08df2e9fb09cf84b2a648ea9008
esol,407f9df507c39d4f,Cc1ccc(Cl)cc1,aqueous_solubility,log10(mol/L),calibration,,-3.0799999237060547,-3.0354137957664977,-3.9178493135104913,-2.152978278022504,random,2035,hybrid_concat,edge_gnn,rdkit,concat,77abfcdbb281d08df2e9fb09cf84b2a648ea9008
esol,01cfad37701e8c61,Cc1ccc(N)cc1,aqueous_solubility,log10(mol/L),test,,-1.2100000381469727,-1.1786329395242658,-2.0610684572682594,-0.2961974217802723,random,2035,hybrid_concat,edge_gnn,rdkit,concat,77abfcdbb281d08df2e9fb09cf84b2a648ea9008
esol,5140ae913c5e9340,Cc1ccc(N=CN(C)C=Nc2ccc(C)cc2C)c(C)c1,aqueous_solubility,log10(mol/L),validation,,-5.46999979019165,-5.682044075417469,-6.564479593161463,-4.7996085576734755,random,2035,hybrid_concat,edge_gnn,rdkit,concat,77abfcdbb281d08df2e9fb09cf84b2a648ea9008
esol,ec39337ff30f2e1c,Cc1ccc(NC(=O)N(C)C)cc1Cl,aqueous_solubility,log10(mol/L),train,,-3.4830000400543213,-3.383269471370442,-4.265704989114436,-2.5008339536264486,random,2035,hybrid_concat,edge_gnn,rdkit,concat,77abfcdbb281d08df2e9fb09cf84b2a648ea9008
esol,543e85576d5b1ad7,Cc1ccc(O)c(C)c1,aqueous_solubility,log10(mol/L),train,,-1.190000057220459,-1.2365869866699544,-2.119022504413948,-0.35415146892596083,random,2035,hybrid_concat,edge_gnn,rdkit,concat,77abfcdbb281d08df2e9fb09cf84b2a648ea9008
esol,807595891e8d435d,Cc1ccc(O)cc1,aqueous_solubility,log10(mol/L),train,,-0.7300000190734863,-0.4415179057295773,-1.3239534234735708,0.44091761201441626,random,2035,hybrid_concat,edge_gnn,rdkit,concat,77abfcdbb281d08df2e9fb09cf84b2a648ea9008
esol,6d71e1108f6d1e43,Cc1ccc(O)cc1C,aqueous_solubility,log10(mol/L),train,,-1.3799999952316284,-1.2688601620940818,-2.1512956798380753,-0.3864246443500883,random,2035,hybrid_concat,edge_gnn,rdkit,concat,77abfcdbb281d08df2e9fb09cf84b2a648ea9008
esol,be3de4bd034b2ced,Cc1ccc(OP(=O)(Oc2cccc(C)c2)Oc2ccccc2C)cc1,aqueous_solubility,log10(mol/L),train,,-6.010000228881836,-6.075516034715565,-6.9579515524595585,-5.1930805169715715,random,2035,hybrid_concat,edge_gnn,rdkit,concat,77abfcdbb281d08df2e9fb09cf84b2a648ea9008
esol,a1641c5766fa1d1e,Cc1ccc(S(N)(=O)=O)cc1,aqueous_solubility,log10(mol/L),validation,,-1.7400000095367432,-1.7240797037822775,-2.606515221526271,-0.841644186038284,random,2035,hybrid_concat,edge_gnn,rdkit,concat,77abfcdbb281d08df2e9fb09cf84b2a648ea9008
esol,b040d11e09a9051b,Cc1ccc([N+](=O)[O-])cc1,aqueous_solubility,log10(mol/L),train,,-2.490000009536743,-2.5292496644339857,-3.4116851821779792,-1.6468141466899922,random,2035,hybrid_concat,edge_gnn,rdkit,concat,77abfcdbb281d08df2e9fb09cf84b2a648ea9008
esol,2514a688d2813b05,Cc1ccc([N+](=O)[O-])cc1[N+](=O)[O-],aqueous_solubility,log10(mol/L),train,,-2.819999933242798,-2.8080463173720593,-3.690481835116053,-1.9256107996280658,random,2035,hybrid_concat,edge_gnn,rdkit,concat,77abfcdbb281d08df2e9fb09cf84b2a648ea9008
esol,75d407b5695faf1e,Cc1ccc2c(c1)C(=O)N(C)c1cc(N)ccc1O2,aqueous_solubility,log10(mol/L),train,,-3.927999973297119,-3.9696752399448227,-4.852110757688816,-3.087239722200829,random,2035,hybrid_concat,edge_gnn,rdkit,concat,77abfcdbb281d08df2e9fb09cf84b2a648ea9008
esol,cf6110a1ac72a9f2,Cc1ccc2c(c1)Oc1ncc(N)cc1C(=O)N2C,aqueous_solubility,log10(mol/L),train,,-3.0429999828338623,-3.029288521438912,-3.9117240391829053,-2.1468530036949183,random,2035,hybrid_concat,edge_gnn,rdkit,concat,77abfcdbb281d08df2e9fb09cf84b2a648ea9008
esol,484807ab7d19194e,Cc1ccc2c(ccc3c4c5c(cccc5cc32)CC4)c1,aqueous_solubility,log10(mol/L),validation,,-7.920000076293945,-6.878460599431751,-7.7608961171757445,-5.996025081687757,random,2035,hybrid_concat,edge_gnn,rdkit,concat,77abfcdbb281d08df2e9fb09cf84b2a648ea9008
esol,0d7d0a46ef5fcffa,Cc1ccc2c(ccc3ccccc32)c1,aqueous_solubility,log10(mol/L),train,,-5.840000152587891,-5.482972786984863,-6.365408304728857,-4.60053726924087,random,2035,hybrid_concat,edge_gnn,rdkit,concat,77abfcdbb281d08df2e9fb09cf84b2a648ea9008
esol,f21bb8ad915e950d,Cc1ccc2cc(C)ccc2c1,aqueous_solubility,log10(mol/L),train,,-4.889999866485596,-4.683720849870336,-5.5661563676143295,-3.8012853321263425,random,2035,hybrid_concat,edge_gnn,rdkit,concat,77abfcdbb281d08df2e9fb09cf84b2a648ea9008
esol,6a4cbbb1228ffe70,Cc1ccc2cc3ccccc3cc2c1,aqueous_solubility,log10(mol/L),test,,-6.960000038146973,-5.655106915879536,-6.537542433623529,-4.772671398135542,random,2035,hybrid_concat,edge_gnn,rdkit,concat,77abfcdbb281d08df2e9fb09cf84b2a648ea9008
esol,7c337e72c4fb8697,Cc1ccc2ccc(C)nc2c1,aqueous_solubility,log10(mol/L),train,,-1.940000057220459,-1.852403632337425,-2.7348391500814184,-0.9699681145934316,random,2035,hybrid_concat,edge_gnn,rdkit,concat,77abfcdbb281d08df2e9fb09cf84b2a648ea9008
esol,62365c0b67433ee7,Cc1ccc2ccccc2c1,aqueous_solubility,log10(mol/L),calibration,,-3.7699999809265137,-3.9124078088621674,-4.794843326606161,-3.029972291118174,random,2035,hybrid_concat,edge_gnn,rdkit,concat,77abfcdbb281d08df2e9fb09cf84b2a648ea9008
esol,39db8370e4db7035,Cc1cccc(C)c1,aqueous_solubility,log10(mol/L),train,,-2.819999933242798,-2.9757564464233894,-3.858191964167383,-2.093320928679396,random,2035,hybrid_concat,edge_gnn,rdkit,concat,77abfcdbb281d08df2e9fb09cf84b2a648ea9008
esol,84bea6e6f81eeef8,Cc1cccc(C)c1C,aqueous_solubility,log10(mol/L),train,,-3.200000047683716,-3.4077497518535074,-4.290185269597501,-2.525314234109514,random,2035,hybrid_concat,edge_gnn,rdkit,concat,77abfcdbb281d08df2e9fb09cf84b2a648ea9008
esol,ca35ffe188dcb62e,Cc1cccc(C)c1NC(=O)c1cc(S(N)(=O)=O)c(Cl)cc1O,aqueous_solubility,log10(mol/L),train,,-3.7899999618530273,-3.6950560153859353,-4.577491533129929,-2.8126204976419418,random,2035,hybrid_concat,edge_gnn,rdkit,concat,77abfcdbb281d08df2e9fb09cf84b2a648ea9008
esol,9e3832bcb765a66a,Cc1cccc(C)c1O,aqueous_solubility,log10(mol/L),train,,-1.2899999618530273,-1.18405037233493,-2.0664858900789236,-0.3016148545909365,random,2035,hybrid_concat,edge_gnn,rdkit,concat,77abfcdbb281d08df2e9fb09cf84b2a648ea9008
esol,09c3568484741bd2,Cc1cccc(C)n1,aqueous_solubility,log10(mol/L),train,,0.44999998807907104,0.3747780477279292,-0.5076574700160643,1.2572135654719228,random,2035,hybrid_concat,edge_gnn,rdkit,concat,77abfcdbb281d08df2e9fb09cf84b2a648ea9008
esol,f8b18cec21f70926,Cc1cccc(N)c1,aqueous_solubility,log10(mol/L),train,,-0.8500000238418579,-1.224908098931617,-2.1073436166756103,-0.34247258118762347,random,2035,hybrid_concat,edge_gnn,rdkit,concat,77abfcdbb281d08df2e9fb09cf84b2a648ea9008
esol,e5c2622998da5c45,Cc1cccc(O)c1,aqueous_solubility,log10(mol/L),train,,-0.6800000071525574,-0.6602363316266344,-1.542671849370628,0.22219918611735912,random,2035,hybrid_concat,edge_gnn,rdkit,concat,77abfcdbb281d08df2e9fb09cf84b2a648ea9008
esol,5bbfd578bb7356ff,Cc1cccc([N+](=O)[O-])c1,aqueous_solubility,log10(mol/L),train,,-2.440000057220459,-2.4886954009194153,-3.371130918663409,-1.6062598831754218,random,2035,hybrid_concat,edge_gnn,rdkit,concat,77abfcdbb281d08df2e9fb09cf84b2a648ea9008
esol,fbc530657b31c9ba,Cc1cccc2c(C)cccc12,aqueous_solubility,log10(mol/L),calibration,,-4.678999900817871,-4.546035948744725,-5.428471466488719,-3.6636004310007317,random,2035,hybrid_concat,edge_gnn,rdkit,concat,77abfcdbb281d08df2e9fb09cf84b2a648ea9008
esol,0dd4170e780f9e1b,Cc1cccc2c1Cc1ccccc1-2,aqueous_solubility,log10(mol/L),train,,-5.21999979019165,-5.375267571192847,-6.25770308893684,-4.492832053448853,random,2035,hybrid_concat,edge_gnn,rdkit,concat,77abfcdbb281d08df2e9fb09cf84b2a648ea9008
esol,92d50cda130f67ac,Cc1cccc2c1ccc1ccccc12,aqueous_solubility,log10(mol/L),validation,,-5.849999904632568,-5.4413238359130975,-6.323759353657091,-4.558888318169104,random,2035,hybrid_concat,edge_gnn,rdkit,concat,77abfcdbb281d08df2e9fb09cf84b2a648ea9008
esol,629d13feb3a3b8cd,Cc1cccc2ccccc12,aqueous_solubility,log10(mol/L),train,,-3.700000047683716,-3.836255475430669,-4.718690993174663,-2.9538199576866755,random,2035,hybrid_concat,edge_gnn,rdkit,concat,77abfcdbb281d08df2e9fb09cf84b2a648ea9008
esol,b79b110dff884a0e,Cc1cccc2sc3nncn3c12,aqueous_solubility,log10(mol/L),train,,-2.069999933242798,-1.9155108773661786,-2.797946395110172,-1.033075359622185,random,2035,hybrid_concat,edge_gnn,rdkit,concat,77abfcdbb281d08df2e9fb09cf84b2a648ea9008
esol,613c1068601fad75,Cc1ccccc1,aqueous_solubility,log10(mol/L),train,,-2.2100000381469727,-2.6136893464239828,-3.4961248641679763,-1.7312538286799892,random,2035,hybrid_concat,edge_gnn,rdkit,concat,77abfcdbb281d08df2e9fb09cf84b2a648ea9008
esol,e3961bd7a5f3a550,Cc1ccccc1-n1c(C)nc2ccccc2c1=O,aqueous_solubility,log10(mol/L),test,,-2.924999952316284,-3.4844906926412333,-4.366926210385227,-2.60205517489724,random,2035,hybrid_concat,edge_gnn,rdkit,concat,77abfcdbb281d08df2e9fb09cf84b2a648ea9008
esol,2ff33823d5772c05,Cc1ccccc1Br,aqueous_solubility,log10(mol/L),train,,-2.2300000190734863,-2.897171049929417,-3.7796065676734107,-2.0147355321854237,random,2035,hybrid_concat,edge_gnn,rdkit,concat,77abfcdbb281d08df2e9fb09cf84b2a648ea9008
esol,c0b1929de20edfb4,Cc1ccccc1C,aqueous_solubility,log10(mol/L),train,,-2.799999952316284,-2.9747225825515287,-3.857158100295522,-2.092287064807535,random,2035,hybrid_concat,edge_gnn,rdkit,concat,77abfcdbb281d08df2e9fb09cf84b2a648ea9008
esol,00f0fa1f0651f60d,Cc1ccccc1C(C)C,aqueous_solubility,log10(mol/L),train,,-3.759999990463257,-3.879805881765747,-4.76224139950974,-2.9973703640217533,random,2035,hybrid_concat,edge_gnn,rdkit,concat,77abfcdbb281d08df2e9fb09cf84b2a648ea9008
esol,a7f475b5b8228872,Cc1ccccc1Cl,aqueous_solubility,log10(mol/L),train,,-3.5199999809265137,-3.003851499574088,-3.8862870173180815,-2.1214159818300944,random,2035,hybrid_concat,edge_gnn,rdkit,concat,77abfcdbb281d08df2e9fb09cf84b2a648ea9008
esol,0dd4c8702dc1fdce,Cc1ccccc1N,aqueous_solubility,log10(mol/L),train,,-2.2100000381469727,-1.6390846288404677,-2.521520146584461,-0.7566491110964741,random,2035,hybrid_concat,edge_gnn,rdkit,concat,77abfcdbb281d08df2e9fb09cf84b2a648ea9008
esol,a7dff4308003efd2,Cc1ccccc1N1C(=O)c2cc(S(N)(=O)=O)c(Cl)cc2NC1C,aqueous_solubility,log10(mol/L),train,,-3.7799999713897705,-3.7958228438668984,-4.678258361610892,-2.913387326122905,random,2035,hybrid_concat,edge_gnn,rdkit,concat,77abfcdbb281d08df2e9fb09cf84b2a648ea9008
esol,24d16ceffc604697,Cc1ccccc1O,aqueous_solubility,log10(mol/L),validation,,-0.6200000047683716,-0.6873980045017434,-1.569833522245737,0.19503751324225016,random,2035,hybrid_concat,edge_gnn,rdkit,concat,77abfcdbb281d08df2e9fb09cf84b2a648ea9008
esol,805826dee21e2541,Cc1ccccc1[N+](=O)[O-],aqueous_solubility,log10(mol/L),train,,-2.3299999237060547,-2.528637372154276,-3.4110728898982696,-1.6462018544102826,random,2035,hybrid_concat,edge_gnn,rdkit,concat,77abfcdbb281d08df2e9fb09cf84b2a648ea9008
esol,474ee05eaf81182e,Cc1cccnc1C,aqueous_solubility,log10(mol/L),train,,0.3799999952316284,0.32795492774709745,-0.5544805899968961,1.210390445491091,random,2035,hybrid_concat,edge_gnn,rdkit,concat,77abfcdbb281d08df2e9fb09cf84b2a648ea9008
esol,c62348f6c851f984,Cc1ccnc(C)c1,aqueous_solubility,log10(mol/L),test,,0.3799999952316284,0.2867118277079177,-0.5957236900360758,1.1691473454519112,random,2035,hybrid_concat,edge_gnn,rdkit,concat,77abfcdbb281d08df2e9fb09cf84b2a648ea9008
esol,4de2045f3a11fa0a,Cc1ccnc2c1NC(=O)c1cccnc1N2C1CC1,aqueous_solubility,log10(mol/L),train,,-3.190000057220459,-3.3827456583166056,-4.265181176060599,-2.500310140572612,random,2035,hybrid_concat,edge_gnn,rdkit,concat,77abfcdbb281d08df2e9fb09cf84b2a648ea9008
esol,acc76910d8f4ff6b,Cc1ccncc1C,aqueous_solubility,log10(mol/L),train,,0.36000001430511475,0.34622389872642456,-0.536211619017569,1.228659416470418,random,2035,hybrid_concat,edge_gnn,rdkit,concat,77abfcdbb281d08df2e9fb09cf84b2a648ea9008
esol,ee3c8e9fe56171f6,Cc1cnc2cncnc2n1,aqueous_solubility,log10(mol/L),train,,-0.8539999723434448,-0.6738867425269182,-1.5563222602709117,0.20854877521707538,random,2035,hybrid_concat,edge_gnn,rdkit,concat,77abfcdbb281d08df2e9fb09cf84b2a648ea9008
esol,b7bc00c49d3331ef,Cc1cncc(C)c1,aqueous_solubility,log10(mol/L),validation,,0.3799999952316284,0.4464335763901599,-0.43600194135383363,1.3288690941341534,random,2035,hybrid_concat,edge_gnn,rdkit,concat,77abfcdbb281d08df2e9fb09cf84b2a648ea9008
esol,042b34bcb74741d5,Cc1nc(N(C)C)nc(OC(=O)N(C)C)c1C,aqueous_solubility,log10(mol/L),train,,-1.9500000476837158,-1.7509857768581405,-2.633421294602134,-0.868550259114147,random,2035,hybrid_concat,edge_gnn,rdkit,concat,77abfcdbb281d08df2e9fb09cf84b2a648ea9008
esol,cec71bf80bd8f6e3,Cc1ncc([N+](=O)[O-])n1CCO,aqueous_solubility,log10(mol/L),calibration,,-1.2400000095367432,-1.3226841507075489,-2.2051196684515424,-0.4402486329635553,random,2035,hybrid_concat,edge_gnn,rdkit,concat,77abfcdbb281d08df2e9fb09cf84b2a648ea9008
esol,1cb0421cc2c2827f,Cc1ncc2nccnc2n1,aqueous_solubility,log10(mol/L),validation,,-0.11999999731779099,-0.6205460743832609,-1.5029815921272545,0.2618894433607326,random,2035,hybrid_concat,edge_gnn,rdkit,concat,77abfcdbb281d08df2e9fb09cf84b2a648ea9008
esol,cfa09bff2b7e2c4b,Cc1ncnc2nccnc12,aqueous_solubility,log10(mol/L),test,,-0.4659999907016754,-0.4394962988231841,-1.3219318165671776,0.44293921892080945,random,2035,hybrid_concat,edge_gnn,rdkit,concat,77abfcdbb281d08df2e9fb09cf84b2a648ea9008
esol,284d1cdd17c0d81f,Cc1nnc2n1-c1ccc(Cl)cc1C(c1ccccc1Cl)=NC2,aqueous_solubility,log10(mol/L),test,,-4.090000152587891,-4.796825488062452,-5.679261005806445,-3.9143899703184584,random,2035,hybrid_concat,edge_gnn,rdkit,concat,77abfcdbb281d08df2e9fb09cf84b2a648ea9008
esol,ec2b7fe9f13b2d9c,Cc1occc1C(=O)Nc1ccccc1,aqueous_solubility,log10(mol/L),train,,-3.299999952316284,-3.2264363581607136,-4.108871875904708,-2.34400084041672,random,2035,hybrid_concat,edge_gnn,rdkit,concat,77abfcdbb281d08df2e9fb09cf84b2a648ea9008
esol,cdc579c966071175,Cl/C=C\Cl,aqueous_solubility,log10(mol/L),train,,-1.2999999523162842,-1.4087023650002026,-2.291137882744196,-0.5262668472562091,random,2035,hybrid_concat,edge_gnn,rdkit,concat,77abfcdbb281d08df2e9fb09cf84b2a648ea9008
esol,02468b6be0148620,ClC(Br)Br,aqueous_solubility,log10(mol/L),train,,-1.899999976158142,-1.6100293956765412,-2.4924649134205348,-0.7275938779325477,random,2035,hybrid_concat,edge_gnn,rdkit,concat,77abfcdbb281d08df2e9fb09cf84b2a648ea9008
esol,0ca70198c63a232f,ClC(Cl)(Cl)C(Cl)(Cl)Cl,aqueous_solubility,log10(mol/L),train,,-3.6700000762939453,-3.388606011532286,-4.27104152927628,-2.5061704937882925,random,2035,hybrid_concat,edge_gnn,rdkit,concat,77abfcdbb281d08df2e9fb09cf84b2a648ea9008
esol,d2ba0174e7c2c4be,ClC(Cl)(Cl)Cl,aqueous_solubility,log10(mol/L),validation,,-2.309999942779541,-2.195157967088038,-3.0775934848320317,-1.3127224493440446,random,2035,hybrid_concat,edge_gnn,rdkit,concat,77abfcdbb281d08df2e9fb09cf84b2a648ea9008
esol,41b1caa188d009ed,ClC(Cl)=C(Cl)C(Cl)=C(Cl)Cl,aqueous_solubility,log10(mol/L),calibration,,-4.920000076293945,-4.539091578523314,-5.421527096267307,-3.65665606077932,random,2035,hybrid_concat,edge_gnn,rdkit,concat,77abfcdbb281d08df2e9fb09cf84b2a648ea9008
esol,0a598a4f3d7fd0d1,ClC(Cl)=C(Cl)Cl,aqueous_solubility,log10(mol/L),train,,-2.5399999618530273,-2.4041149354975215,-3.286550453241515,-1.521679417753528,random,2035,hybrid_concat,edge_gnn,rdkit,concat,77abfcdbb281d08df2e9fb09cf84b2a648ea9008
esol,4ab2bc44793c9976,ClC(Cl)=C(c1ccc(Cl)cc1)c1ccc(Cl)cc1,aqueous_solubility,log10(mol/L),calibration,,-6.900000095367432,-6.641794676048049,-7.524230193792042,-5.759359158304055,random,2035,hybrid_concat,edge_gnn,rdkit,concat,77abfcdbb281d08df2e9fb09cf84b2a648ea9008
esol,67aa014f03d20911,ClC(Cl)Br,aqueous_solubility,log10(mol/L),validation,,-1.5399999618530273,-1.38446207940586,-2.2668975971498533,-0.5020265616618664,random,2035,hybrid_concat,edge_gnn,rdkit,concat,77abfcdbb281d08df2e9fb09cf84b2a648ea9008
esol,54b833be7f8d53bc,ClC(Cl)C(Cl)(Cl)Cl,aqueous_solubility,log10(mol/L),train,,-2.5999999046325684,-2.3472855521403115,-3.229721069884305,-1.464850034396318,random,2035,hybrid_concat,edge_gnn,rdkit,concat,77abfcdbb281d08df2e9fb09cf84b2a648ea9008
esol,84612cb9c965a207,ClC(Cl)C(Cl)Cl,aqueous_solubility,log10(mol/L),train,,-1.7400000095367432,-1.6870384571996249,-2.5694739749436186,-0.8046029394556313,random,2035,hybrid_concat,edge_gnn,rdkit,concat,77abfcdbb281d08df2e9fb09cf84b2a648ea9008
esol,98805ccd27cea784,ClC(Cl)Cl,aqueous_solubility,log10(mol/L),train,,-1.1699999570846558,-1.1744108551955976,-2.0568463729395914,-0.2919753374516041,random,2035,hybrid_concat,edge_gnn,rdkit,concat,77abfcdbb281d08df2e9fb09cf84b2a648ea9008
esol,06320f68e141f9e5,ClC1(Cl)C2(Cl)C3(Cl)C4(Cl)C(Cl)(Cl)C5(Cl)C3(Cl)C1(Cl)C5(Cl)C24Cl,aqueous_solubility,log10(mol/L),train,,-6.800000190734863,-6.687239136107849,-7.569674653851843,-5.804803618363856,random,2035,hybrid_concat,edge_gnn,rdkit,concat,77abfcdbb281d08df2e9fb09cf84b2a648ea9008
esol,e4dfffaeb7fece39,ClC1=C(Cl)C(Cl)(C2(Cl)C(Cl)=C(Cl)C(Cl)=C2Cl)C(Cl)=C1Cl,aqueous_solubility,log10(mol/L),train,,-7.2779998779296875,-7.308604961972854,-8.191040479716847,-6.426169444228861,random,2035,hybrid_concat,edge_gnn,rdkit,concat,77abfcdbb281d08df2e9fb09cf84b2a648ea9008
esol,75fac8bbc9bd1273,ClC1=C(Cl)C2(Cl)C3C(Cl)C(Cl)CC3C1(Cl)C2(Cl)Cl,aqueous_solubility,log10(mol/L),train,,-6.860000133514404,-6.893921426670712,-7.776356944414705,-6.011485908926718,random,2035,hybrid_concat,edge_gnn,rdkit,concat,77abfcdbb281d08df2e9fb09cf84b2a648ea9008
esol,ff8fb7708cb3f0c6,ClC1=C(Cl)C2(Cl)C3C(Cl)C=CC3C1(Cl)C2(Cl)Cl,aqueous_solubility,log10(mol/L),validation,,-6.316999912261963,-6.098872083166569,-6.981307600910562,-5.216436565422575,random,2035,hybrid_concat,edge_gnn,rdkit,concat,77abfcdbb281d08df2e9fb09cf84b2a648ea9008
esol,c61121c1c8eea03b,ClC1=C(Cl)C2(Cl)C3C4C=CC(C4)C3C1(Cl)C2(Cl)Cl,aqueous_solubility,log10(mol/L),train,,-6.307000160217285,-6.355630469919781,-7.2380659876637745,-5.473194952175787,random,2035,hybrid_concat,edge_gnn,rdkit,concat,77abfcdbb281d08df2e9fb09cf84b2a648ea9008
esol,602d941d17fdc2a1,ClC1=C(Cl)C2(Cl)C3C4CC(C5OC45)C3C1(Cl)C2(Cl)Cl,aqueous_solubility,log10(mol/L),train,,-6.289999961853027,-6.71982218928087,-7.602257707024863,-5.837386671536876,random,2035,hybrid_concat,edge_gnn,rdkit,concat,77abfcdbb281d08df2e9fb09cf84b2a648ea9008
esol,c0c11f69a53518bf,ClC1=C(Cl)C2(Cl)C3CC=CC3C1(Cl)C2(Cl)Cl,aqueous_solubility,log10(mol/L),train,,-5.639999866485596,-5.7431062753343,-6.625541793078294,-4.860670757590307,random,2035,hybrid_concat,edge_gnn,rdkit,concat,77abfcdbb281d08df2e9fb09cf84b2a648ea9008
esol,acc3e463d708804a,ClC1C(Cl)C(Cl)C(Cl)C(Cl)C1Cl,aqueous_solubility,log10(mol/L),train,,-4.639999866485596,-4.477569743060155,-5.360005260804148,-3.595134225316161,random,2035,hybrid_concat,edge_gnn,rdkit,concat,77abfcdbb281d08df2e9fb09cf84b2a648ea9008
esol,d8c7cd86e810e44c,ClC=C(Cl)Cl,aqueous_solubility,log10(mol/L),train,,-1.9600000381469727,-2.015161368789575,-2.8975968865335684,-1.1327258510455813,random,2035,hybrid_concat,edge_gnn,rdkit,concat,77abfcdbb281d08df2e9fb09cf84b2a648ea9008
esol,799ae202d8673e0d,ClCBr,aqueous_solubility,log10(mol/L),test,,-0.8899999856948853,-0.9060619057312005,-1.788497423475194,-0.023626387987206954,random,2035,hybrid_concat,edge_gnn,rdkit,concat,77abfcdbb281d08df2e9fb09cf84b2a648ea9008
esol,2f88b15161704fe1,ClCC(Cl)(Cl)Cl,aqueous_solubility,log10(mol/L),train,,-2.180000066757202,-2.1412212900495655,-3.023656807793559,-1.258785772305572,random,2035,hybrid_concat,edge_gnn,rdkit,concat,77abfcdbb281d08df2e9fb09cf84b2a648ea9008
esol,a707f7db404f8b28,ClCC(Cl)Cl,aqueous_solubility,log10(mol/L),calibration,,-1.4800000190734863,-1.3499134243017639,-2.2323489420457574,-0.46747790655777033,random,2035,hybrid_concat,edge_gnn,rdkit,concat,77abfcdbb281d08df2e9fb09cf84b2a648ea9008
esol,8842b999c889ea96,ClCCBr,aqueous_solubility,log10(mol/L),test,,-1.3200000524520874,-1.2259450544878252,-2.1083805722318187,-0.34350953674383167,random,2035,hybrid_concat,edge_gnn,rdkit,concat,77abfcdbb281d08df2e9fb09cf84b2a648ea9008
esol,02febcd9230316dc,ClCCCCl,aqueous_solubility,log10(mol/L),train,,-1.6200000047683716,-1.4859870104767205,-2.368422528220714,-0.603551492732727,random,2035,hybrid_concat,edge_gnn,rdkit,concat,77abfcdbb281d08df2e9fb09cf84b2a648ea9008
esol,9568f991b43a2bb3,ClCCCl,aqueous_solubility,log10(mol/L),train,,-1.059999942779541,-0.9994421837395944,-1.881877701483588,-0.11700666599560083,random,2035,hybrid_concat,edge_gnn,rdkit,concat,77abfcdbb281d08df2e9fb09cf84b2a648ea9008
esol,ff331298818c6b38,ClCCl,aqueous_solubility,log10(mol/L),train,,-0.6299999952316284,-0.6331210417266777,-1.5155565594706712,0.24931447601731582,random,2035,hybrid_concat,edge_gnn,rdkit,concat,77abfcdbb281d08df2e9fb09cf84b2a648ea9008
esol,aafa74db54a6879c,ClCc1ccccc1,aqueous_solubility,log10(mol/L),train,,-2.390000104904175,-2.4141384074511176,-3.296573925195111,-1.531702889707124,random,2035,hybrid_concat,edge_gnn,rdkit,concat,77abfcdbb281d08df2e9fb09cf84b2a648ea9008
esol,f7d72e8c224bfbc6,Clc1c(Cl)c(Cl)c(-c2c(Cl)c(Cl)c(Cl)c(Cl)c2Cl)c(Cl)c1Cl,aqueous_solubility,log10(mol/L),train,,-11.600000381469727,-11.14571750497565,-12.028153022719643,-10.263281987231657,random,2035,hybrid_concat,edge_gnn,rdkit,concat,77abfcdbb281d08df2e9fb09cf84b2a648ea9008
esol,d6d8debb73fe7fc2,Clc1c(Cl)c(Cl)c(-c2ccccc2)c(Cl)c1Cl,aqueous_solubility,log10(mol/L),train,,-7.920000076293945,-7.700917100174179,-8.583352617918173,-6.818481582430185,random,2035,hybrid_concat,edge_gnn,rdkit,concat,77abfcdbb281d08df2e9fb09cf84b2a648ea9008
esol,8d2e833fc0a927e0,Clc1c(Cl)c(Cl)c2nccnc2c1Cl,aqueous_solubility,log10(mol/L),train,,-5.429999828338623,-5.540427723711754,-6.422863241455747,-4.65799220596776,random,2035,hybrid_concat,edge_gnn,rdkit,concat,77abfcdbb281d08df2e9fb09cf84b2a648ea9008
esol,2961e60af2c2e639,Clc1cc(-c2cc(Cl)c(Cl)c(Cl)c2Cl)c(Cl)c(Cl)c1Cl,aqueous_solubility,log10(mol/L),train,,-9.15999984741211,-9.25320428715073,-10.135639804894723,-8.370768769406737,random,2035,hybrid_concat,edge_gnn,rdkit,concat,77abfcdbb281d08df2e9fb09cf84b2a648ea9008
esol,774278a3eb0e299f,Clc1cc(Cl)c(-c2c(Cl)cc(Cl)cc2Cl)c(Cl)c1,aqueous_solubility,log10(mol/L),train,,-8.710000038146973,-8.114919693926206,-8.9973552116702,-7.232484176182212,random,2035,hybrid_concat,edge_gnn,rdkit,concat,77abfcdbb281d08df2e9fb09cf84b2a648ea9008
esol,65c97c9a853ac7b7,Clc1cc(Cl)c(-c2c(Cl)cccc2Cl)c(Cl)c1,aqueous_solubility,log10(mol/L),train,,-7.320000171661377,-7.1763705538636025,-8.058806071607595,-6.293935036119609,random,2035,hybrid_concat,edge_gnn,rdkit,concat,77abfcdbb281d08df2e9fb09cf84b2a648ea9008
esol,e95750f09c02f459,Clc1cc(Cl)c(-c2cc(Cl)c(Cl)cc2Cl)cc1Cl,aqueous_solubility,log10(mol/L),train,,-8.5600004196167,-8.376392367324202,-9.258827885068197,-7.493956849580209,random,2035,hybrid_concat,edge_gnn,rdkit,concat,77abfcdbb281d08df2e9fb09cf84b2a648ea9008
esol,b157946c30a80eb4,Clc1cc(Cl)c(-c2cccc(Cl)c2Cl)cc1Cl,aqueous_solubility,log10(mol/L),train,,-7.210000038146973,-7.382412611338584,-8.264848129082576,-6.49997709359459,random,2035,hybrid_concat,edge_gnn,rdkit,concat,77abfcdbb281d08df2e9fb09cf84b2a648ea9008
esol,a0bcec40342b3841,Clc1cc(Cl)c(Cl)c(-c2c(Cl)c(Cl)cc(Cl)c2Cl)c1Cl,aqueous_solubility,log10(mol/L),train,,-9.149999618530273,-9.28737324332525,-10.169808761069245,-8.404937725581256,random,2035,hybrid_concat,edge_gnn,rdkit,concat,77abfcdbb281d08df2e9fb09cf84b2a648ea9008
esol,2616b1e4874424ae,Clc1cc(Cl)c(Cl)c(Cl)c1,aqueous_solubility,log10(mol/L),test,,-4.630000114440918,-5.015029753745581,-5.897465271489574,-4.132594236001587,random,2035,hybrid_concat,edge_gnn,rdkit,concat,77abfcdbb281d08df2e9fb09cf84b2a648ea9008
esol,4ae057200d12c27a,Clc1cc(Cl)c(Cl)c(Cl)c1Cl,aqueous_solubility,log10(mol/L),train,,-5.650000095367432,-6.027709990410219,-6.910145508154213,-5.145274472666226,random,2035,hybrid_concat,edge_gnn,rdkit,concat,77abfcdbb281d08df2e9fb09cf84b2a648ea9008
esol,0c3f97461e3a6ac5,Clc1cc(Cl)c(Cl)cc1Cl,aqueous_solubility,log10(mol/L),calibration,,-5.559999942779541,-5.35961233020697,-6.242047847950963,-4.477176812462976,random,2035,hybrid_concat,edge_gnn,rdkit,concat,77abfcdbb281d08df2e9fb09cf84b2a648ea9008
esol,2ed6ea5c9ed07a30,Clc1cc(Cl)cc(Cl)c1,aqueous_solubility,log10(mol/L),train,,-4.480000019073486,-4.478699217848716,-5.361134735592709,-3.596263700104722,random,2035,hybrid_concat,edge_gnn,rdkit,concat,77abfcdbb281d08df2e9fb09cf84b2a648ea9008
esol,c0af4f765a7a2f7b,Clc1ccc(-c2c(Cl)c(Cl)c(Cl)c(Cl)c2Cl)c(Cl)c1,aqueous_solubility,log10(mol/L),train,,-7.920000076293945,-7.955845826588385,-8.83828134433238,-7.073410308844392,random,2035,hybrid_concat,edge_gnn,rdkit,concat,77abfcdbb281d08df2e9fb09cf84b2a648ea9008
esol,b77c693b7971506a,Clc1ccc(-c2c(Cl)cc(Cl)c(Cl)c2Cl)c(Cl)c1Cl,aqueous_solubility,log10(mol/L),train,,-7.659999847412109,-8.221494448057848,-9.103929965801843,-7.339058930313855,random,2035,hybrid_concat,edge_gnn,rdkit,concat,77abfcdbb281d08df2e9fb09cf84b2a648ea9008
esol,74e4508e371d2f48,Clc1ccc(-c2c(Cl)ccc(Cl)c2Cl)c(Cl)c1,aqueous_solubility,log10(mol/L),train,,-7.429999828338623,-7.0125920218811615,-7.895027539625155,-6.130156504137168,random,2035,hybrid_concat,edge_gnn,rdkit,concat,77abfcdbb281d08df2e9fb09cf84b2a648ea9008
esol,cb495e06db8d7232,Clc1ccc(-c2c(Cl)cccc2Cl)cc1,aqueous_solubility,log10(mol/L),train,,-6.139999866485596,-6.21484925848477,-7.097284776228763,-5.332413740740776,random,2035,hybrid_concat,edge_gnn,rdkit,concat,77abfcdbb281d08df2e9fb09cf84b2a648ea9008
esol,5ee831f51afeddb2,Clc1ccc(-c2cc(Cl)c(Cl)c(Cl)c2Cl)c(Cl)c1,aqueous_solubility,log10(mol/L),train,,-7.389999866485596,-7.542115609456403,-8.424551127200395,-6.659680091712409,random,2035,hybrid_concat,edge_gnn,rdkit,concat,77abfcdbb281d08df2e9fb09cf84b2a648ea9008
esol,1a12f3f13f6a0e9e,Clc1ccc(-c2cc(Cl)c(Cl)c(Cl)c2Cl)cc1Cl,aqueous_solubility,log10(mol/L),test,,-7.820000171661377,-7.885326434099444,-8.767761951843436,-7.00289091635545,random,2035,hybrid_concat,edge_gnn,rdkit,concat,77abfcdbb281d08df2e9fb09cf84b2a648ea9008
esol,8518e78fe40ac045,Clc1ccc(-c2cc(Cl)ccc2Cl)c(Cl)c1,aqueous_solubility,log10(mol/L),test,,-6.570000171661377,-6.633483488367347,-7.51591900611134,-5.751047970623353,random,2035,hybrid_concat,edge_gnn,rdkit,concat,77abfcdbb281d08df2e9fb09cf84b2a648ea9008
esol,9f1b9d25fb44f83d,Clc1ccc(-c2cc(Cl)ccc2Cl)cc1,aqueous_solubility,log10(mol/L),train,,-6.25,-6.23417319543087,-7.116608713174863,-5.351737677686876,random,2035,hybrid_concat,edge_gnn,rdkit,concat,77abfcdbb281d08df2e9fb09cf84b2a648ea9008
esol,22cebd56a1304897,Clc1ccc(-c2ccc(Cl)c(Cl)c2Cl)c(Cl)c1,aqueous_solubility,log10(mol/L),train,,-7.800000190734863,-7.1160704657034035,-7.998505983447397,-6.23363494795941,random,2035,hybrid_concat,edge_gnn,rdkit,concat,77abfcdbb281d08df2e9fb09cf84b2a648ea9008
esol,7095be81338edf2f,Clc1ccc(-c2ccc(Cl)c(Cl)c2Cl)c(Cl)c1Cl,aqueous_solubility,log10(mol/L),calibration,,-8.010000228881836,-7.913182864730032,-8.795618382474025,-7.030747346986039,random,2035,hybrid_concat,edge_gnn,rdkit,concat,77abfcdbb281d08df2e9fb09cf84b2a648ea9008
esol,ce368bfaa7504ff6,Clc1ccc(-c2ccc(Cl)cc2)cc1,aqueous_solubility,log10(mol/L),train,,-6.559999942779541,-6.378548100568411,-7.260983618312404,-5.496112582824417,random,2035,hybrid_concat,edge_gnn,rdkit,concat,77abfcdbb281d08df2e9fb09cf84b2a648ea9008
esol,6f8edbb2bf0f81e8,Clc1ccc(-c2cccc(Cl)c2Cl)cc1,aqueous_solubility,log10(mol/L),test,,-6.289999961853027,-6.31888133739341,-7.201316855137404,-5.436445819649417,random,2035,hybrid_concat,edge_gnn,rdkit,concat,77abfcdbb281d08df2e9fb09cf84b2a648ea9008
esol,f833b27b81b2d3f3,Clc1ccc(-c2ccccc2)cc1Cl,aqueous_solubility,log10(mol/L),train,,-6.389999866485596,-6.0287691505821925,-6.911204668326186,-5.146333632838199,random,2035,hybrid_concat,edge_gnn,rdkit,concat,77abfcdbb281d08df2e9fb09cf84b2a648ea9008
esol,8746749198ee72df,Clc1ccc(-c2ccccc2Cl)cc1,aqueous_solubility,log10(mol/L),train,,-5.28000020980835,-5.449455166206105,-6.331890683950099,-4.567019648462112,random,2035,hybrid_concat,edge_gnn,rdkit,concat,77abfcdbb281d08df2e9fb09cf84b2a648ea9008
esol,2552a8a5c530456d,Clc1ccc(Br)cc1,aqueous_solubility,log10(mol/L),train,,-3.630000114440918,-3.468300690492358,-4.350736208236352,-2.5858651727483646,random,2035,hybrid_concat,edge_gnn,rdkit,concat,77abfcdbb281d08df2e9fb09cf84b2a648ea9008
esol,18756f35eaee5f67,Clc1ccc(C(c2ccc(Cl)cc2)C(Cl)(Cl)Cl)cc1,aqueous_solubility,log10(mol/L),train,,-7.150000095367432,-6.937771842036565,-7.820207359780558,-6.055336324292571,random,2035,hybrid_concat,edge_gnn,rdkit,concat,77abfcdbb281d08df2e9fb09cf84b2a648ea9008
esol,d83db8991c46c008,Clc1ccc(C(c2ccc(Cl)cc2)C(Cl)Cl)cc1,aqueous_solubility,log10(mol/L),train,,-7.199999809265137,-6.8989645883467645,-7.781400106090758,-6.016529070602771,random,2035,hybrid_concat,edge_gnn,rdkit,concat,77abfcdbb281d08df2e9fb09cf84b2a648ea9008
esol,ee7e8b5757931b2a,Clc1ccc(C(c2ccccc2Cl)C(Cl)Cl)cc1,aqueous_solubility,log10(mol/L),train,,-6.510000228881836,-6.44269452161495,-7.325130039358943,-5.560259003870956,random,2035,hybrid_concat,edge_gnn,rdkit,concat,77abfcdbb281d08df2e9fb09cf84b2a648ea9008
esol,cbeeaf51493722da,Clc1ccc(Cl)c(-c2c(Cl)c(Cl)c(Cl)c(Cl)c2Cl)c1,aqueous_solubility,log10(mol/L),validation,,-8.9399995803833,-7.9503316803401685,-8.832767198084163,-7.067896162596175,random,2035,hybrid_concat,edge_gnn,rdkit,concat,77abfcdbb281d08df2e9fb09cf84b2a648ea9008
esol,4b1903b76dbb120d,Clc1ccc(Cl)c(-c2c(Cl)c(Cl)cc(Cl)c2Cl)c1,aqueous_solubility,log10(mol/L),train,,-7.420000076293945,-7.670436577396115,-8.55287209514011,-6.788001059652122,random,2035,hybrid_concat,edge_gnn,rdkit,concat,77abfcdbb281d08df2e9fb09cf84b2a648ea9008
esol,645ccf5d504a0dec,Clc1ccc(Cl)c(-c2cc(Cl)c(Cl)c(Cl)c2Cl)c1,aqueous_solubility,log10(mol/L),train,,-7.679999828338623,-7.573575109071733,-8.456010626815726,-6.691139591327739,random,2035,hybrid_concat,edge_gnn,rdkit,concat,77abfcdbb281d08df2e9fb09cf84b2a648ea9008
esol,3c9ca7c6d703a964,Clc1ccc(Cl)c(-c2ccc(Cl)c(Cl)c2)c1,aqueous_solubility,log10(mol/L),train,,-7.25,-6.918889036790322,-7.8013245545343155,-6.036453519046328,random,2035,hybrid_concat,edge_gnn,rdkit,concat,77abfcdbb281d08df2e9fb09cf84b2a648ea9008
esol,35e214a2d4a10c28,Clc1ccc(Cl)c(-c2cccc(Cl)c2Cl)c1,aqueous_solubility,log10(mol/L),train,,-6.46999979019165,-6.557531613272612,-7.439967131016606,-5.675096095528619,random,2035,hybrid_concat,edge_gnn,rdkit,concat,77abfcdbb281d08df2e9fb09cf84b2a648ea9008
esol,33236e25aeefc7f1,Clc1ccc(Cl)c(Cl)c1,aqueous_solubility,log10(mol/L),validation,,-3.5899999141693115,-4.025693538031741,-4.908129055775735,-3.143258020287748,random,2035,hybrid_concat,edge_gnn,rdkit,concat,77abfcdbb281d08df2e9fb09cf84b2a648ea9008
esol,a3a6b3e68efa0c93,Clc1ccc(Cl)c(Cl)c1Cl,aqueous_solubility,log10(mol/L),train,,-4.570000171661377,-4.7435129457654295,-5.625948463509423,-3.861077428021436,random,2035,hybrid_concat,edge_gnn,rdkit,concat,77abfcdbb281d08df2e9fb09cf84b2a648ea9008
esol,815634865cf712a3,Clc1ccc(Cl)cc1,aqueous_solubility,log10(mol/L),train,,-3.2699999809265137,-3.487613895207505,-4.370049412951499,-2.6051783774635116,random,2035,hybrid_concat,edge_gnn,rdkit,concat,77abfcdbb281d08df2e9fb09cf84b2a648ea9008
esol,ae221f98af80122f,Clc1ccc(I)cc1,aqueous_solubility,log10(mol/L),train,,-4.03000020980835,-4.067838577227383,-4.950274094971377,-3.1854030594833898,random,2035,hybrid_concat,edge_gnn,rdkit,concat,77abfcdbb281d08df2e9fb09cf84b2a648ea9008
esol,45b800e2f19955f8,Clc1ccc2ccccc2c1,aqueous_solubility,log10(mol/L),train,,-4.139999866485596,-4.096515838487405,-4.9789513562313985,-3.2140803207434114,random,2035,hybrid_concat,edge_gnn,rdkit,concat,77abfcdbb281d08df2e9fb09cf84b2a648ea9008
esol,eb7d09b2417f6c70,Clc1cccc(-c2c(Cl)c(Cl)cc(Cl)c2Cl)c1Cl,aqueous_solubility,log10(mol/L),calibration,,-8.600000381469727,-7.693093180450534,-8.575528698194528,-6.81065766270654,random,2035,hybrid_concat,edge_gnn,rdkit,concat,77abfcdbb281d08df2e9fb09cf84b2a648ea9008
esol,70ccc7bf4de46f33,Clc1cccc(-c2cc(Cl)ccc2Cl)c1,aqueous_solubility,log10(mol/L),test,,-6.010000228881836,-6.076673388632808,-6.959108906376802,-5.194237870888815,random,2035,hybrid_concat,edge_gnn,rdkit,concat,77abfcdbb281d08df2e9fb09cf84b2a648ea9008
esol,99327cae5414d340,Clc1cccc(-c2cccc(Cl)c2Cl)c1Cl,aqueous_solubility,log10(mol/L),train,,-7.28000020980835,-7.246773988914661,-8.129209506658654,-6.364338471170668,random,2035,hybrid_concat,edge_gnn,rdkit,concat,77abfcdbb281d08df2e9fb09cf84b2a648ea9008
esol,8e2dcd65ee407c2e,Clc1cccc(-c2ccccc2)c1,aqueous_solubility,log10(mol/L),validation,,-4.880000114440918,-4.878035909606156,-5.76047142735015,-3.9956003918621628,random,2035,hybrid_concat,edge_gnn,rdkit,concat,77abfcdbb281d08df2e9fb09cf84b2a648ea9008
esol,78d46e77b5e487ad,Clc1cccc(Br)c1,aqueous_solubility,log10(mol/L),train,,-3.2100000381469727,-3.347835592251196,-4.23027110999519,-2.4654000745072024,random,2035,hybrid_concat,edge_gnn,rdkit,concat,77abfcdbb281d08df2e9fb09cf84b2a648ea9008
esol,8efb6c83a60e44a4,Clc1cccc(C(Cl)(Cl)Cl)n1,aqueous_solubility,log10(mol/L),train,,-3.759999990463257,-3.705945960790258,-4.588381478534251,-2.8235104430462643,random,2035,hybrid_concat,edge_gnn,rdkit,concat,77abfcdbb281d08df2e9fb09cf84b2a648ea9008
esol,cb0d1003dc0467b1,Clc1cccc(Cl)c1,aqueous_solubility,log10(mol/L),calibration,,-3.0399999618530273,-3.3964931218916274,-4.278928639635621,-2.514057604147634,random,2035,hybrid_concat,edge_gnn,rdkit,concat,77abfcdbb281d08df2e9fb09cf84b2a648ea9008
esol,199ff11278c6332f,Clc1cccc(Cl)c1-c1c(Cl)cccc1Cl,aqueous_solubility,log10(mol/L),calibration,,-7.389999866485596,-6.661362863767559,-7.543798381511553,-5.778927346023566,random,2035,hybrid_concat,edge_gnn,rdkit,concat,77abfcdbb281d08df2e9fb09cf84b2a648ea9008
esol,482eb7682ff0e92b,Clc1cccc(Cl)c1-c1ccccc1,aqueous_solubility,log10(mol/L),test,,-5.210000038146973,-5.474115612474305,-6.356551130218299,-4.591680094730312,random,2035,hybrid_concat,edge_gnn,rdkit,concat,77abfcdbb281d08df2e9fb09cf84b2a648ea9008
esol,ff600f65c6e69d2a,Clc1cccc(Cl)c1Cl,aqueous_solubility,log10(mol/L),train,,-4.0,-3.8351675726171788,-4.717603090361172,-2.9527320548731852,random,2035,hybrid_concat,edge_gnn,rdkit,concat,77abfcdbb281d08df2e9fb09cf84b2a648ea9008
esol,c88faf6d6d8a4214,Clc1cccc(I)c1,aqueous_solubility,log10(mol/L),train,,-3.549999952316284,-3.6917192784313935,-4.574154796175387,-2.8092837606874,random,2035,hybrid_concat,edge_gnn,rdkit,concat,77abfcdbb281d08df2e9fb09cf84b2a648ea9008
esol,22332e2b89c83c5f,Clc1cccc2ccccc12,aqueous_solubility,log10(mol/L),train,,-3.930000066757202,-3.9797455266299893,-4.862181044373983,-3.0973100088859957,random,2035,hybrid_concat,edge_gnn,rdkit,concat,77abfcdbb281d08df2e9fb09cf84b2a648ea9008
esol,d52f3f9c11639cc6,Clc1ccccc1,aqueous_solubility,log10(mol/L),train,,-2.380000114440918,-2.610565372864108,-3.4930008906081014,-1.7281298551201143,random,2035,hybrid_concat,edge_gnn,rdkit,concat,77abfcdbb281d08df2e9fb09cf84b2a648ea9008
esol,cc6468679450f933,Clc1ccccc1-c1ccccc1,aqueous_solubility,log10(mol/L),train,,-4.539999961853027,-4.6421150744403334,-5.524550592184327,-3.75967955669634,random,2035,hybrid_concat,edge_gnn,rdkit,concat,77abfcdbb281d08df2e9fb09cf84b2a648ea9008
esol,1f96112c7da52a22,Clc1ccccc1-c1ccccc1Cl,aqueous_solubility,log10(mol/L),train,,-5.269999980926514,-5.6293424067719275,-6.511777924515921,-4.746906889027934,random,2035,hybrid_concat,edge_gnn,rdkit,concat,77abfcdbb281d08df2e9fb09cf84b2a648ea9008
esol,d77b9b0620096cb1,Clc1ccccc1Br,aqueous_solubility,log10(mol/L),validation,,-3.190000057220459,-3.2094781379858706,-4.091913655729864,-2.327042620241877,random,2035,hybrid_concat,edge_gnn,rdkit,concat,77abfcdbb281d08df2e9fb09cf84b2a648ea9008
esol,ca929f1a7e270264,Clc1ccccc1Cl,aqueous_solubility,log10(mol/L),train,,-3.049999952316284,-3.244489420091474,-4.126924937835467,-2.3620539023474802,random,2035,hybrid_concat,edge_gnn,rdkit,concat,77abfcdbb281d08df2e9fb09cf84b2a648ea9008
esol,d42088fe993e3c16,Clc1ccccc1I,aqueous_solubility,log10(mol/L),train,,-3.5399999618530273,-3.6664860764354423,-4.548921594179436,-2.784050558691449,random,2035,hybrid_concat,edge_gnn,rdkit,concat,77abfcdbb281d08df2e9fb09cf84b2a648ea9008
esol,4334fadd67deac29,Cn1c(=O)c2[nH]cnc2n(C)c1=O,aqueous_solubility,log10(mol/L),train,,-1.3899999856948853,-1.5018154474655618,-2.3842509652095556,-0.6193799297215683,random,2035,hybrid_concat,edge_gnn,rdkit,concat,77abfcdbb281d08df2e9fb09cf84b2a648ea9008
esol,100f62324cf1989a,Cn1c(=O)c2c(ncn2C)n(C)c1=O,aqueous_solubility,log10(mol/L),train,,-0.8759999871253967,-0.6602341111650576,-1.5426696289090511,0.22220140657893594,random,2035,hybrid_concat,edge_gnn,rdkit,concat,77abfcdbb281d08df2e9fb09cf84b2a648ea9008
esol,74f764e5b66b2fb7,Cn1c(=O)c2c(ncn2CC(O)CO)n(C)c1=O,aqueous_solubility,log10(mol/L),train,,-0.17000000178813934,-0.03619879704923834,-0.9186343147932319,0.8462367206947552,random,2035,hybrid_concat,edge_gnn,rdkit,concat,77abfcdbb281d08df2e9fb09cf84b2a648ea9008
esol,815a38abaf9ec4b7,Cn1c(=O)on(-c2ccc(Cl)c(Cl)c2)c1=O,aqueous_solubility,log10(mol/L),validation,,-2.819999933242798,-3.1300912242522196,-4.012526741996213,-2.247655706508226,random,2035,hybrid_concat,edge_gnn,rdkit,concat,77abfcdbb281d08df2e9fb09cf84b2a648ea9008
esol,49b2a1fbf2e41a7a,Cn1cc(-c2ccccc2)c(=O)c(-c2cccc(C(F)(F)F)c2)c1,aqueous_solubility,log10(mol/L),train,,-4.445000171661377,-4.367043554194218,-5.249479071938212,-3.4846080364502248,random,2035,hybrid_concat,edge_gnn,rdkit,concat,77abfcdbb281d08df2e9fb09cf84b2a648ea9008
esol,f3e6689447a36e81,Cn1ccc(=O)[nH]c1=O,aqueous_solubility,log10(mol/L),train,,-0.8069999814033508,-0.500667548075215,-1.3831030658192085,0.3817679696687786,random,2035,hybrid_concat,edge_gnn,rdkit,concat,77abfcdbb281d08df2e9fb09cf84b2a648ea9008
esol,4025a4d6efb5259a,Cn1cnc2c1c(=O)[nH]c(=O)n2C,aqueous_solubility,log10(mol/L),train,,-2.5230000019073486,-1.7710723189967792,-2.653507836740773,-0.8886368012527857,random,2035,hybrid_concat,edge_gnn,rdkit,concat,77abfcdbb281d08df2e9fb09cf84b2a648ea9008
esol,d2eee638c5fa61ad,FC(F)(Cl)C(F)(Cl)Cl,aqueous_solubility,log10(mol/L),train,,-3.0399999618530273,-2.7819100505689867,-3.66434556831298,-1.8994745328249931,random,2035,hybrid_concat,edge_gnn,rdkit,concat,77abfcdbb281d08df2e9fb09cf84b2a648ea9008
esol,105d6d24139d1acd,FC(F)(Cl)C(F)(F)Cl,aqueous_solubility,log10(mol/L),validation,,-2.740000009536743,-2.7600600764418344,-3.642495594185828,-1.8776245586978408,random,2035,hybrid_concat,edge_gnn,rdkit,concat,77abfcdbb281d08df2e9fb09cf84b2a648ea9008
esol,02db24b7bbfd7402,FC(F)(F)C(Cl)Br,aqueous_solubility,log10(mol/L),train,,-1.7100000381469727,-1.679824177537696,-2.5622596952816896,-0.7973886597937025,random,2035,hybrid_concat,edge_gnn,rdkit,concat,77abfcdbb281d08df2e9fb09cf84b2a648ea9008
esol,db15bed8f8ac2fa5,FC(F)(F)c1ccccc1,aqueous_solubility,log10(mol/L),train,,-2.509999990463257,-2.47138184521285,-3.3538173629568435,-1.5889463274688564,random,2035,hybrid_concat,edge_gnn,rdkit,concat,77abfcdbb281d08df2e9fb09cf84b2a648ea9008
esol,b10b42eecfc867c6,Fc1ccc(F)cc1,aqueous_solubility,log10(mol/L),validation,,-1.9700000286102295,-1.78085937347197,-2.6632948912159637,-0.8984238557279765,random,2035,hybrid_concat,edge_gnn,rdkit,concat,77abfcdbb281d08df2e9fb09cf84b2a648ea9008
esol,ca29ab8bab4202a6,Fc1cccc(Br)c1,aqueous_solubility,log10(mol/L),train,,-2.6700000762939453,-2.789507066875286,-3.6719425846192797,-1.9070715491312926,random,2035,hybrid_concat,edge_gnn,rdkit,concat,77abfcdbb281d08df2e9fb09cf84b2a648ea9008
esol,9b9e86ab0c3b7436,Fc1cccc(F)c1,aqueous_solubility,log10(mol/L),calibration,,-2.0,-1.6423768332045037,-2.524812350948497,-0.7599413154605101,random,2035,hybrid_concat,edge_gnn,rdkit,concat,77abfcdbb281d08df2e9fb09cf84b2a648ea9008
esol,9ef5e809c1cc37a8,Fc1ccccc1,aqueous_solubility,log10(mol/L),train,,-1.7999999523162842,-1.8249049427385993,-2.707340460482593,-0.9424694249946057,random,2035,hybrid_concat,edge_gnn,rdkit,concat,77abfcdbb281d08df2e9fb09cf84b2a648ea9008
esol,c6e4a122702ad957,Fc1ccccc1Br,aqueous_solubility,log10(mol/L),train,,-2.700000047683716,-2.6935370213546217,-3.5759725390986152,-1.8111015036106282,random,2035,hybrid_concat,edge_gnn,rdkit,concat,77abfcdbb281d08df2e9fb09cf84b2a648ea9008
esol,dd1f99766897a9a2,ICI,aqueous_solubility,log10(mol/L),train,,-2.3399999141693115,-2.133445665365209,-3.0158811831092027,-1.2510101476212157,random,2035,hybrid_concat,edge_gnn,rdkit,concat,77abfcdbb281d08df2e9fb09cf84b2a648ea9008
esol,3ab248fecad2cfcc,Ic1cccc2ccccc12,aqueous_solubility,log10(mol/L),test,,-4.550000190734863,-5.168926984994808,-6.051362502738802,-4.286491467250815,random,2035,hybrid_concat,edge_gnn,rdkit,concat,77abfcdbb281d08df2e9fb09cf84b2a648ea9008
esol,bc20dafaf54360d0,Ic1ccccc1,aqueous_solubility,log10(mol/L),train,,-3.009999990463257,-3.192635350973259,-4.075070868717253,-2.3101998332292655,random,2035,hybrid_concat,edge_gnn,rdkit,concat,77abfcdbb281d08df2e9fb09cf84b2a648ea9008
esol,2c92806a2902f400,N#CC(Cl)(Cl)Cl,aqueous_solubility,log10(mol/L),train,,-2.1679999828338623,-2.1057914200970544,-2.988226937841048,-1.223355902353061,random,2035,hybrid_concat,edge_gnn,rdkit,concat,77abfcdbb281d08df2e9fb09cf84b2a648ea9008
esol,85031b7bb2a70254,N#CC(OC1OC(COC2OC(CO)C(O)C(O)C2O)C(O)C(O)C1O)c1ccccc1,aqueous_solubility,log10(mol/L),train,,-0.7699999809265137,-0.7188740342199207,-1.6013095519639142,0.16356148352407285,random,2035,hybrid_concat,edge_gnn,rdkit,concat,77abfcdbb281d08df2e9fb09cf84b2a648ea9008
esol,e9839d44c23ebe38,N#CCCCl,aqueous_solubility,log10(mol/L),train,,-0.28999999165534973,-0.28591141250237984,-1.1683469302463734,0.5965241052416137,random,2035,hybrid_concat,edge_gnn,rdkit,concat,77abfcdbb281d08df2e9fb09cf84b2a648ea9008
esol,9e6f7a062ea6ba54,N#CCCl,aqueous_solubility,log10(mol/L),train,,-0.09200000017881393,0.09639433896358929,-0.7860411787804042,0.9788298567075828,random,2035,hybrid_concat,edge_gnn,rdkit,concat,77abfcdbb281d08df2e9fb09cf84b2a648ea9008
esol,5529331eae217480,N#CN=C(N)N,aqueous_solubility,log10(mol/L),train,,-0.3100000023841858,-0.20058943627292392,-1.0830249540169175,0.6818460814710696,random,2035,hybrid_concat,edge_gnn,rdkit,concat,77abfcdbb281d08df2e9fb09cf84b2a648ea9008
esol,98ce09904f0cd677,N#Cc1c(Cl)c(Cl)c(Cl)c(C#N)c1Cl,aqueous_solubility,log10(mol/L),train,,-5.639999866485596,-5.947362834983853,-6.829798352727846,-5.064927317239859,random,2035,hybrid_concat,edge_gnn,rdkit,concat,77abfcdbb281d08df2e9fb09cf84b2a648ea9008
esol,f7eb31053f664583,N#Cc1cc(Br)c(O)c(Br)c1,aqueous_solubility,log10(mol/L),test,,-3.3299999237060547,-3.327948614096742,-4.210384131840735,-2.4455130963527485,random,2035,hybrid_concat,edge_gnn,rdkit,concat,77abfcdbb281d08df2e9fb09cf84b2a648ea9008
esol,dd860792cadf3093,N#Cc1cc(I)c(O)c(I)c1,aqueous_solubility,log10(mol/L),train,,-3.609999895095825,-3.8584796435930713,-4.740915161337065,-2.9760441258490777,random,2035,hybrid_concat,edge_gnn,rdkit,concat,77abfcdbb281d08df2e9fb09cf84b2a648ea9008
esol,5533344c324d3435,N#Cc1ccccc1,aqueous_solubility,log10(mol/L),train,,-1.0,-1.10208770775271,-1.9845232254967036,-0.2196521900087165,random,2035,hybrid_concat,edge_gnn,rdkit,concat,77abfcdbb281d08df2e9fb09cf84b2a648ea9008
esol,66c6f633624542b8,N#Cc1ccccc1C#N,aqueous_solubility,log10(mol/L),train,,-2.380000114440918,-2.3010273545922253,-3.183462872336219,-1.4185918368482318,random,2035,hybrid_concat,edge_gnn,rdkit,concat,77abfcdbb281d08df2e9fb09cf84b2a648ea9008
esol,5f065dfe6c5d67ee,N=C(N)NS(=O)(=O)c1ccc(N)cc1,aqueous_solubility,log10(mol/L),train,,-1.9900000095367432,-2.0173832489942676,-2.899818766738261,-1.134947731250274,random,2035,hybrid_concat,edge_gnn,rdkit,concat,77abfcdbb281d08df2e9fb09cf84b2a648ea9008
esol,8f9adffcd0a5a36e,NC(=O)CCl,aqueous_solubility,log10(mol/L),train,,-0.019999999552965164,0.5066423789077703,-0.37579313883622323,1.3890778966517638,random,2035,hybrid_concat,edge_gnn,rdkit,concat,77abfcdbb281d08df2e9fb09cf84b2a648ea9008
esol,a9190d547db6a242,NC(=O)NC1NC(=O)NC1=O,aqueous_solubility,log10(mol/L),calibration,,-1.600000023841858,-1.4084378833546505,-2.290873401098644,-0.5260023656106569,random,2035,hybrid_concat,edge_gnn,rdkit,concat,77abfcdbb281d08df2e9fb09cf84b2a648ea9008
esol,20e79a0747e391cd,NC(=O)NCc1ccccc1,aqueous_solubility,log10(mol/L),calibration,,-0.949999988079071,-1.0609003659708947,-1.9433358837148882,-0.17846484822690112,random,2035,hybrid_concat,edge_gnn,rdkit,concat,77abfcdbb281d08df2e9fb09cf84b2a648ea9008
esol,41b7655c6cb7d7df,NC(=O)c1ccccc1,aqueous_solubility,log10(mol/L),validation,,-0.9599999785423279,-0.6397920484562318,-1.5222275662002254,0.2426434692877617,random,2035,hybrid_concat,edge_gnn,rdkit,concat,77abfcdbb281d08df2e9fb09cf84b2a648ea9008
esol,22bbce38ab5c479c,NC(=O)c1ccccc1O,aqueous_solubility,log10(mol/L),train,,-1.8200000524520874,-1.5332771675424683,-2.415712685286462,-0.6508416497984748,random,2035,hybrid_concat,edge_gnn,rdkit,concat,77abfcdbb281d08df2e9fb09cf84b2a648ea9008
esol,2fc7b7dbeee95b0c,NC(=O)c1cccnc1,aqueous_solubility,log10(mol/L),train,,0.6100000143051147,0.5920477458053202,-0.2903877719386734,1.4744832635493137,random,2035,hybrid_concat,edge_gnn,rdkit,concat,77abfcdbb281d08df2e9fb09cf84b2a648ea9008
esol,d3f13e32ceadf7ee,NC(=O)c1cnccn1,aqueous_solubility,log10(mol/L),train,,-0.6669999957084656,-0.42037146326510655,-1.3028069810091,0.462064054478887,random,2035,hybrid_concat,edge_gnn,rdkit,concat,77abfcdbb281d08df2e9fb09cf84b2a648ea9008
esol,14add58d16075efc,NC(=S)Nc1ccccc1,aqueous_solubility,log10(mol/L),train,,-1.7699999809265137,-1.6989872543784792,-2.5814227721224725,-0.8165517366344857,random,2035,hybrid_concat,edge_gnn,rdkit,concat,77abfcdbb281d08df2e9fb09cf84b2a648ea9008
esol,cff6a05057ab433d,NC(N)=O,aqueous_solubility,log10(mol/L),train,,0.9599999785423279,1.321435573313917,0.4390000555699234,2.2038710910579105,random,2035,hybrid_concat,edge_gnn,rdkit,concat,77abfcdbb281d08df2e9fb09cf84b2a648ea9008
esol,5c937bef90624cba,NC(N)=S,aqueous_solubility,log10(mol/L),test,,0.3199999928474426,0.32305313545807834,-0.5593823822859152,1.2054886532020719,random,2035,hybrid_concat,edge_gnn,rdkit,concat,77abfcdbb281d08df2e9fb09cf84b2a648ea9008
esol,8d9f3b8d61c37fad,NNC(=O)c1ccncc1,aqueous_solubility,log10(mol/L),train,,0.008999999612569809,0.5594188030930529,-0.3230167146509406,1.4418543208370465,random,2035,hybrid_concat,edge_gnn,rdkit,concat,77abfcdbb281d08df2e9fb09cf84b2a648ea9008
esol,792927bc26e5ee98,NNc1ccccc1,aqueous_solubility,log10(mol/L),train,,0.07000000029802322,0.533947641631491,-0.34848787611250254,1.4163831593754845,random,2035,hybrid_concat,edge_gnn,rdkit,concat,77abfcdbb281d08df2e9fb09cf84b2a648ea9008
esol,13a0d92f513022b0,NS(=O)(=O)c1cc(C2(O)NC(=O)c3ccccc32)ccc1Cl,aqueous_solubility,log10(mol/L),train,,-3.4509999752044678,-3.3220653469511823,-4.204500864695175,-2.4396298292071887,random,2035,hybrid_concat,edge_gnn,rdkit,concat,77abfcdbb281d08df2e9fb09cf84b2a648ea9008
esol,d1af900dda6b8816,NS(=O)(=O)c1cc2c(cc1C(F)(F)F)NC(Cc1ccccc1)NS2(=O)=O,aqueous_solubility,log10(mol/L),train,,-3.5899999141693115,-3.44400171686496,-4.326437234608953,-2.5615661991209664,random,2035,hybrid_concat,edge_gnn,rdkit,concat,77abfcdbb281d08df2e9fb09cf84b2a648ea9008
esol,21a70933e40d38d8,NS(=O)(=O)c1cc2c(cc1Cl)N=CNS2(=O)=O,aqueous_solubility,log10(mol/L),train,,-3.049999952316284,-2.961220156163393,-3.8436556739073864,-2.0787846384193993,random,2035,hybrid_concat,edge_gnn,rdkit,concat,77abfcdbb281d08df2e9fb09cf84b2a648ea9008
esol,4be98313bb8411d6,NS(=O)(=O)c1cc2c(cc1Cl)NC(C(Cl)Cl)NS2(=O)=O,aqueous_solubility,log10(mol/L),train,,-2.680000066757202,-2.683961465844589,-3.5663969835885827,-1.8015259481005956,random,2035,hybrid_concat,edge_gnn,rdkit,concat,77abfcdbb281d08df2e9fb09cf84b2a648ea9008
esol,6704f9b02657d351,NS(=O)(=O)c1cc2c(cc1Cl)NCNS2(=O)=O,aqueous_solubility,log10(mol/L),train,,-2.630000114440918,-2.448335489472274,-3.3307710072162675,-1.5658999717282804,random,2035,hybrid_concat,edge_gnn,rdkit,concat,77abfcdbb281d08df2e9fb09cf84b2a648ea9008
esol,d486e39e13c6c365,Nc1cc(N2CCCCC2)nc(N)[n+]1[O-],aqueous_solubility,log10(mol/L),validation,,-1.9889999628067017,-1.7924810226452252,-2.6749165403892188,-0.9100455049012317,random,2035,hybrid_concat,edge_gnn,rdkit,concat,77abfcdbb281d08df2e9fb09cf84b2a648ea9008
esol,aceb689c32139048,Nc1cc2c3ccccc3ccc2c2ccccc12,aqueous_solubility,log10(mol/L),calibration,,-6.199999809265137,-7.27157950533919,-8.154015023083183,-6.3891439875951965,random,2035,hybrid_concat,edge_gnn,rdkit,concat,77abfcdbb281d08df2e9fb09cf84b2a648ea9008
esol,80c616c2c10da4cc,Nc1cc[nH]c(=O)n1,aqueous_solubility,log10(mol/L),train,,-1.1549999713897705,-0.7343851919212803,-1.6168207096652738,0.14805032582271327,random,2035,hybrid_concat,edge_gnn,rdkit,concat,77abfcdbb281d08df2e9fb09cf84b2a648ea9008
esol,d3c8a8dbbf41fcef,Nc1ccc(-c2ccc(N)cc2)cc1,aqueous_solubility,log10(mol/L),train,,-2.700000047683716,-2.748500260955535,-3.6309357786995284,-1.8660647432115414,random,2035,hybrid_concat,edge_gnn,rdkit,concat,77abfcdbb281d08df2e9fb09cf84b2a648ea9008
esol,ddbccadea4def28d,Nc1ccc(Cl)cc1,aqueous_solubility,log10(mol/L),train,,-1.659999966621399,-1.4319895791423365,-2.31442509688633,-0.549554061398343,random,2035,hybrid_concat,edge_gnn,rdkit,concat,77abfcdbb281d08df2e9fb09cf84b2a648ea9008
esol,5f061feada924c1b,Nc1ccc(O)cc1,aqueous_solubility,log10(mol/L),validation,,-0.800000011920929,-0.15566653796563878,-1.0381020557096323,0.7267689797783548,random,2035,hybrid_concat,edge_gnn,rdkit,concat,77abfcdbb281d08df2e9fb09cf84b2a648ea9008
esol,1740fca00afdaeed,Nc1ccc(S(=O)(=O)c2ccc(N)cc2)cc1,aqueous_solubility,log10(mol/L),validation,,-3.0940001010894775,-2.346799702811484,-3.2292352205554775,-1.4643641850674904,random,2035,hybrid_concat,edge_gnn,rdkit,concat,77abfcdbb281d08df2e9fb09cf84b2a648ea9008
esol,672dea3500e56345,Nc1ccc(S(N)(=O)=O)cc1,aqueous_solubility,log10(mol/L),train,,-1.340000033378601,-1.0977370833705598,-1.9801726011145533,-0.21530156562656622,random,2035,hybrid_concat,edge_gnn,rdkit,concat,77abfcdbb281d08df2e9fb09cf84b2a648ea9008
esol,b1562a3a4e3dbd2b,Nc1ccc([N+](=O)[O-])cc1,aqueous_solubility,log10(mol/L),test,,-2.369999885559082,-1.9031986646426435,-2.7856341823866373,-1.02076314689865,random,2035,hybrid_concat,edge_gnn,rdkit,concat,77abfcdbb281d08df2e9fb09cf84b2a648ea9008
esol,7ea90919dd02fbb4,Nc1ccc2cc3ccccc3cc2c1,aqueous_solubility,log10(mol/L),train,,-5.170000076293945,-5.471555420276643,-6.353990938020637,-4.58911990253265,random,2035,hybrid_concat,edge_gnn,rdkit,concat,77abfcdbb281d08df2e9fb09cf84b2a648ea9008
esol,7071d63d842d86c6,Nc1cccc(Cl)c1,aqueous_solubility,log10(mol/L),train,,-1.3700000047683716,-1.5174341741944037,-2.399869691938397,-0.6349986564504102,random,2035,hybrid_concat,edge_gnn,rdkit,concat,77abfcdbb281d08df2e9fb09cf84b2a648ea9008
esol,3614002c0eb76c64,Nc1cccc([N+](=O)[O-])c1,aqueous_solubility,log10(mol/L),train,,-2.190000057220459,-2.019972923987306,-2.9024084417312994,-1.1375374062433123,random,2035,hybrid_concat,edge_gnn,rdkit,concat,77abfcdbb281d08df2e9fb09cf84b2a648ea9008
esol,fdeaad6aac85a0a2,Nc1cccc2ccccc12,aqueous_solubility,log10(mol/L),train,,-1.9199999570846558,-1.9873149919155682,-2.8697505096595615,-1.1048794741715746,random,2035,hybrid_concat,edge_gnn,rdkit,concat,77abfcdbb281d08df2e9fb09cf84b2a648ea9008
esol,2ed7e76dec2701ce,Nc1cccc2nc3ccccc3cc12,aqueous_solubility,log10(mol/L),train,,-4.21999979019165,-4.197825384785348,-5.080260902529342,-3.315389867041355,random,2035,hybrid_concat,edge_gnn,rdkit,concat,77abfcdbb281d08df2e9fb09cf84b2a648ea9008
esol,a7f3f1e11af18400,Nc1ccccc1,aqueous_solubility,log10(mol/L),train,,-0.4099999964237213,-0.6544142813731479,-1.5368497991171415,0.2280212363708456,random,2035,hybrid_concat,edge_gnn,rdkit,concat,77abfcdbb281d08df2e9fb09cf84b2a648ea9008
esol,2f7de38fb26014ee,Nc1ccccc1Cl,aqueous_solubility,log10(mol/L),test,,-1.5199999809265137,-1.7122949740421287,-2.5947304917861223,-0.8298594562981352,random,2035,hybrid_concat,edge_gnn,rdkit,concat,77abfcdbb281d08df2e9fb09cf84b2a648ea9008
esol,8cce7ad82c85b377,Nc1ccccc1O,aqueous_solubility,log10(mol/L),train,,-0.7200000286102295,-0.4908785198564005,-1.373314037600394,0.391556997887593,random,2035,hybrid_concat,edge_gnn,rdkit,concat,77abfcdbb281d08df2e9fb09cf84b2a648ea9008
esol,8c073316e654db6b,Nc1ccccc1[N+](=O)[O-],aqueous_solubility,log10(mol/L),train,,-1.9600000381469727,-2.012056176633868,-2.8944916943778614,-1.1296206588898743,random,2035,hybrid_concat,edge_gnn,rdkit,concat,77abfcdbb281d08df2e9fb09cf84b2a648ea9008
esol,d170b211091619c1,Nc1cnn(-c2ccccc2)c(=O)c1Br,aqueous_solubility,log10(mol/L),train,,-3.127000093460083,-3.0813647677836853,-3.963800285527679,-2.1989292500396918,random,2035,hybrid_concat,edge_gnn,rdkit,concat,77abfcdbb281d08df2e9fb09cf84b2a648ea9008
esol,364a3d9e736a968c,Nc1cnn(-c2ccccc2)c(=O)c1Cl,aqueous_solubility,log10(mol/L),train,,-2.878000020980835,-2.7702307002344875,-3.652666217978481,-1.887795182490494,random,2035,hybrid_concat,edge_gnn,rdkit,concat,77abfcdbb281d08df2e9fb09cf84b2a648ea9008
esol,2fef74534c90c0fd,Nc1nc(=O)[nH]cc1F,aqueous_solubility,log10(mol/L),train,,-0.972000002861023,-0.7788077462200027,-1.6612432639639962,0.10362777152399083,random,2035,hybrid_concat,edge_gnn,rdkit,concat,77abfcdbb281d08df2e9fb09cf84b2a648ea9008
esol,5167dc273870cd3a,Nc1nc(N)c2nc(-c3ccccc3)c(N)nc2n1,aqueous_solubility,log10(mol/L),validation,,-2.4040000438690186,-3.200768223253473,-4.083203740997467,-2.3183327055094796,random,2035,hybrid_concat,edge_gnn,rdkit,concat,77abfcdbb281d08df2e9fb09cf84b2a648ea9008
esol,c363f1a8372173dd,Nc1nc(O)nc2nc[nH]c12,aqueous_solubility,log10(mol/L),train,,-3.4010000228881836,-3.040156393296382,-3.9225919110403757,-2.1577208755523887,random,2035,hybrid_concat,edge_gnn,rdkit,concat,77abfcdbb281d08df2e9fb09cf84b2a648ea9008
esol,0f42ff187b1e26ff,Nc1nc2[nH]cnc2c(=O)[nH]1,aqueous_solubility,log10(mol/L),train,,-3.5829999446868896,-3.179946477034944,-4.062381994778938,-2.2975109592909506,random,2035,hybrid_concat,edge_gnn,rdkit,concat,77abfcdbb281d08df2e9fb09cf84b2a648ea9008
esol,45bfe1eca9942b5f,Nc1nc[nH]n1,aqueous_solubility,log10(mol/L),train,,0.5220000147819519,0.7166161336808097,-0.16581938406318386,1.5990516514248032,random,2035,hybrid_concat,edge_gnn,rdkit,concat,77abfcdbb281d08df2e9fb09cf84b2a648ea9008
esol,a5efc882bab6aeb8,Nc1nccs1,aqueous_solubility,log10(mol/L),train,,-0.36000001430511475,-0.10484436668559693,-0.9872798844295905,0.7775911510583966,random,2035,hybrid_concat,edge_gnn,rdkit,concat,77abfcdbb281d08df2e9fb09cf84b2a648ea9008
esol,292b9554c28881be,Nc1ncnc2c1ccn2C1OC(CO)C(O)C1O,aqueous_solubility,log10(mol/L),train,,-1.9500000476837158,-1.5570891507705065,-2.4395246685145002,-0.6746536330265129,random,2035,hybrid_concat,edge_gnn,rdkit,concat,77abfcdbb281d08df2e9fb09cf84b2a648ea9008
esol,6c84c1ca795f19ca,Nc1ncnc2nc[nH]c12,aqueous_solubility,log10(mol/L),calibration,,-2.119999885559082,-2.2354502161365857,-3.117885733880579,-1.3530146983925921,random,2035,hybrid_concat,edge_gnn,rdkit,concat,77abfcdbb281d08df2e9fb09cf84b2a648ea9008
esol,690374c4203120f3,O=C(C=CC=Cc1ccc2c(c1)OCO2)N1CCCCC1,aqueous_solubility,log10(mol/L),train,,-3.4600000381469727,-3.247380707781982,-4.129816225525976,-2.3649451900379885,random,2035,hybrid_concat,edge_gnn,rdkit,concat,77abfcdbb281d08df2e9fb09cf84b2a648ea9008
esol,f6ac174891d4cbfe,O=C(CC(Cl)Cl)NC1=C(Cl)C(=O)c2ccccc2C1=O,aqueous_solubility,log10(mol/L),test,,-5.03000020980835,-4.291750662751787,-5.174186180495781,-3.4093151450077936,random,2035,hybrid_concat,edge_gnn,rdkit,concat,77abfcdbb281d08df2e9fb09cf84b2a648ea9008
esol,3bd7903f0fc524b9,O=C(Cn1ccnc1[N+](=O)[O-])NCc1ccccc1,aqueous_solubility,log10(mol/L),train,,-2.809999942779541,-2.8002347952255504,-3.682670312969544,-1.9177992774815569,random,2035,hybrid_concat,edge_gnn,rdkit,concat,77abfcdbb281d08df2e9fb09cf84b2a648ea9008
esol,baa633118e4124e0,O=C(NC(=O)c1c(F)cccc1F)Nc1cc(Cl)c(F)c(Cl)c1F,aqueous_solubility,log10(mol/L),test,,-7.28000020980835,-6.638763745996176,-7.5211992637401694,-5.756328228252182,random,2035,hybrid_concat,edge_gnn,rdkit,concat,77abfcdbb281d08df2e9fb09cf84b2a648ea9008
esol,c045f77f3d14db05,O=C(NC(=O)c1c(F)cccc1F)Nc1ccc(Cl)cc1,aqueous_solubility,log10(mol/L),train,,-6.019999980926514,-6.008094926279649,-6.890530444023643,-5.125659408535656,random,2035,hybrid_concat,edge_gnn,rdkit,concat,77abfcdbb281d08df2e9fb09cf84b2a648ea9008
esol,e690eafd94d35c0c,O=C(NC(CO)C(O)c1ccc([N+](=O)[O-])cc1)C(Cl)Cl,aqueous_solubility,log10(mol/L),train,,-2.1110000610351562,-2.0593087708912803,-2.941744288635274,-1.1768732531472867,random,2035,hybrid_concat,edge_gnn,rdkit,concat,77abfcdbb281d08df2e9fb09cf84b2a648ea9008
esol,688fd8c1fae69203,O=C(Nc1ccc([N+](=O)[O-])cc1Cl)c1cc(Cl)ccc1O,aqueous_solubility,log10(mol/L),calibration,,-4.699999809265137,-4.698876240283556,-5.5813117580275495,-3.8164407225395625,random,2035,hybrid_concat,edge_gnn,rdkit,concat,77abfcdbb281d08df2e9fb09cf84b2a648ea9008
esol,6e4bde6d2f6a6816,O=C(Nc1cccc(Cl)c1)OCC#CCCl,aqueous_solubility,log10(mol/L),validation,,-4.369999885559082,-3.6140968760773,-4.496532393821294,-2.7316613583333065,random,2035,hybrid_concat,edge_gnn,rdkit,concat,77abfcdbb281d08df2e9fb09cf84b2a648ea9008
esol,60c0e74fff4c1ae4,O=C(Nc1ccccc1)N(Cc1ccc(Cl)cc1)C1CCCC1,aqueous_solubility,log10(mol/L),validation,,-5.914999961853027,-4.676870232471041,-5.559305750215034,-3.794434714727047,random,2035,hybrid_concat,edge_gnn,rdkit,concat,77abfcdbb281d08df2e9fb09cf84b2a648ea9008
esol,0991c75b100e534a,O=C(Nc1ccccc1)Nc1ccccc1,aqueous_solubility,log10(mol/L),calibration,,-3.1500000953674316,-3.5982588787677825,-4.480694396511776,-2.715823361023789,random,2035,hybrid_concat,edge_gnn,rdkit,concat,77abfcdbb281d08df2e9fb09cf84b2a648ea9008
esol,fe14526b987406f2,O=C(Nc1ccccc1)c1ccccc1I,aqueous_solubility,log10(mol/L),train,,-4.210000038146973,-4.384376230542136,-5.26681174828613,-3.5019407127981426,random,2035,hybrid_concat,edge_gnn,rdkit,concat,77abfcdbb281d08df2e9fb09cf84b2a648ea9008
esol,7745315b46a851c2,O=C(Nc1ccccc1)c1ccccc1O,aqueous_solubility,log10(mol/L),test,,-3.5899999141693115,-3.0070692490858884,-3.889504766829882,-2.124633731341895,random,2035,hybrid_concat,edge_gnn,rdkit,concat,77abfcdbb281d08df2e9fb09cf84b2a648ea9008
esol,39383db26262b98a,O=C(OCC(O)CO)c1ccccc1Nc1ccnc2cc(Cl)ccc12,aqueous_solubility,log10(mol/L),train,,-4.571000099182129,-4.5089510330844025,-5.391386550828396,-3.626515515340409,random,2035,hybrid_concat,edge_gnn,rdkit,concat,77abfcdbb281d08df2e9fb09cf84b2a648ea9008
esol,1da91787f38885ba,O=C(c1ccccc1)C(O)c1ccccc1,aqueous_solubility,log10(mol/L),train,,-2.8499999046325684,-2.911791918187656,-3.7942274359316497,-2.0293564004436626,random,2035,hybrid_concat,edge_gnn,rdkit,concat,77abfcdbb281d08df2e9fb09cf84b2a648ea9008
esol,4dba3a2e70cac673,O=C(c1ccccc1)c1ccccc1,aqueous_solubility,log10(mol/L),train,,-3.119999885559082,-3.13075415539177,-4.013189673135764,-2.2483186376477766,random,2035,hybrid_concat,edge_gnn,rdkit,concat,77abfcdbb281d08df2e9fb09cf84b2a648ea9008
esol,db8d3eba6fa98f98,O=C1C(Cl)C(CCl)CN1c1cccc(C(F)(F)F)c1,aqueous_solubility,log10(mol/L),train,,-4.046999931335449,-3.8643647302835338,-4.746800248027528,-2.9819292125395402,random,2035,hybrid_concat,edge_gnn,rdkit,concat,77abfcdbb281d08df2e9fb09cf84b2a648ea9008
esol,6b583bedb8c16dc6,O=C1C(O)=C(C2CCC(c3ccc(Cl)cc3)CC2)C(=O)c2ccccc21,aqueous_solubility,log10(mol/L),test,,-5.931000232696533,-5.041092544858294,-5.923528062602288,-4.158657027114301,random,2035,hybrid_concat,edge_gnn,rdkit,concat,77abfcdbb281d08df2e9fb09cf84b2a648ea9008
esol,43baf9d8ef42876c,O=C1C2(Cl)C3(Cl)C4(Cl)C(Cl)(Cl)C5(Cl)C3(Cl)C1(Cl)C5(Cl)C24Cl,aqueous_solubility,log10(mol/L),test,,-5.258999824523926,-5.573174597605527,-6.45561011534952,-4.690739079861533,random,2035,hybrid_concat,edge_gnn,rdkit,concat,77abfcdbb281d08df2e9fb09cf84b2a648ea9008
esol,046f28c7cfbee993,O=C1C2CC=CCC2C(=O)N1SC(Cl)(Cl)C(Cl)Cl,aqueous_solubility,log10(mol/L),train,,-5.400000095367432,-5.453653318893338,-6.336088836637331,-4.571217801149344,random,2035,hybrid_concat,edge_gnn,rdkit,concat,77abfcdbb281d08df2e9fb09cf84b2a648ea9008
esol,fb996a8251e32b19,O=C1C=C2CC3(O)COc4c(ccc(O)c4O)C3=C2C=C1O,aqueous_solubility,log10(mol/L),calibration,,-2.700000047683716,-2.8320491986161853,-3.714484716360179,-1.9496136808721918,random,2035,hybrid_concat,edge_gnn,rdkit,concat,77abfcdbb281d08df2e9fb09cf84b2a648ea9008
esol,2287e3509b11a6c4,O=C1CC(c2ccc(O)c(O)c2)Oc2cc(O)cc(O)c21,aqueous_solubility,log10(mol/L),validation,,-3.619999885559082,-3.2100158289245595,-4.092451346668553,-2.327580311180566,random,2035,hybrid_concat,edge_gnn,rdkit,concat,77abfcdbb281d08df2e9fb09cf84b2a648ea9008
esol,98e81285f39d4a65,O=C1CCC(=O)N1,aqueous_solubility,log10(mol/L),train,,0.30000001192092896,0.43901896175044364,-0.4434165559935499,1.3214544794944372,random,2035,hybrid_concat,edge_gnn,rdkit,concat,77abfcdbb281d08df2e9fb09cf84b2a648ea9008
esol,552029f553c6de90,O=C1CCC(N2C(=O)c3ccccc3C2=O)C(=O)N1,aqueous_solubility,log10(mol/L),train,,-2.6760001182556152,-2.5812161135797647,-3.463651631323758,-1.6987805958357711,random,2035,hybrid_concat,edge_gnn,rdkit,concat,77abfcdbb281d08df2e9fb09cf84b2a648ea9008
esol,f8fc82e8cbf0dbbb,O=C1CCCCC1,aqueous_solubility,log10(mol/L),validation,,-0.6000000238418579,-0.6438917606802419,-1.5263272784242354,0.23854375706375164,random,2035,hybrid_concat,edge_gnn,rdkit,concat,77abfcdbb281d08df2e9fb09cf84b2a648ea9008
esol,88292b2a0d08280c,O=C1CCCN1,aqueous_solubility,log10(mol/L),train,,1.0700000524520874,0.9812117629271251,0.09877624518313155,1.8636472806711186,random,2035,hybrid_concat,edge_gnn,rdkit,concat,77abfcdbb281d08df2e9fb09cf84b2a648ea9008
esol,464ea5384e52ed18,O=C1CN(N=Cc2ccc([N+](=O)[O-])o2)C(=O)N1,aqueous_solubility,log10(mol/L),train,,-3.380000114440918,-3.2314013719251733,-4.113836889669167,-2.3489658541811798,random,2035,hybrid_concat,edge_gnn,rdkit,concat,77abfcdbb281d08df2e9fb09cf84b2a648ea9008
esol,ad5815f8ca05b4e0,O=C1CN=C(c2ccccc2)c2cc([N+](=O)[O-])ccc2N1,aqueous_solubility,log10(mol/L),train,,-3.7960000038146973,-3.6758317524928232,-4.558267270236817,-2.7933962347488297,random,2035,hybrid_concat,edge_gnn,rdkit,concat,77abfcdbb281d08df2e9fb09cf84b2a648ea9008
esol,3bcf5a8597ee7358,O=C1CN=C(c2ccccc2Cl)c2cc([N+](=O)[O-])ccc2N1,aqueous_solubility,log10(mol/L),train,,-3.499000072479248,-3.722026605206492,-4.604462122950485,-2.8395910874624986,random,2035,hybrid_concat,edge_gnn,rdkit,concat,77abfcdbb281d08df2e9fb09cf84b2a648ea9008
esol,7431852da1dce5b8,O=C1CNC(=O)N1,aqueous_solubility,log10(mol/L),train,,-0.4000000059604645,-0.007637739945051347,-0.8900732576890449,0.8747977777989422,random,2035,hybrid_concat,edge_gnn,rdkit,concat,77abfcdbb281d08df2e9fb09cf84b2a648ea9008
esol,5e3e17dfed89e466,O=C1CSC(=S)N1,aqueous_solubility,log10(mol/L),train,,-1.7699999809265137,-1.7182435906054736,-2.600679108349467,-0.8358080728614801,random,2035,hybrid_concat,edge_gnn,rdkit,concat,77abfcdbb281d08df2e9fb09cf84b2a648ea9008
esol,9b850b8ead100465,O=C1NC(=O)C(=O)C(=O)N1,aqueous_solubility,log10(mol/L),train,,-1.25,-0.9594047943364341,-1.8418403120804276,-0.07696927659244057,random,2035,hybrid_concat,edge_gnn,rdkit,concat,77abfcdbb281d08df2e9fb09cf84b2a648ea9008
esol,9f97173311018951,O=C1NC(=O)C(=O)N1,aqueous_solubility,log10(mol/L),train,,-0.4000000059604645,-0.252510489315362,-1.1349460070593556,0.6299250284286315,random,2035,hybrid_concat,edge_gnn,rdkit,concat,77abfcdbb281d08df2e9fb09cf84b2a648ea9008
esol,f58d70889d342b7a,O=C1NC(=O)C(O)(C2(O)C(=O)NC(=O)NC2=O)C(=O)N1,aqueous_solubility,log10(mol/L),train,,-1.9900000095367432,-1.8753743073459364,-2.7578098250899297,-0.9929387896019428,random,2035,hybrid_concat,edge_gnn,rdkit,concat,77abfcdbb281d08df2e9fb09cf84b2a648ea9008
esol,a2f9df8a5d8811db,O=C1NC(=O)C(c2ccccc2)(c2ccccc2)N1,aqueous_solubility,log10(mol/L),train,,-4.0970001220703125,-3.9373392748016722,-4.819774792545665,-3.0549037570576787,random,2035,hybrid_concat,edge_gnn,rdkit,concat,77abfcdbb281d08df2e9fb09cf84b2a648ea9008
esol,abaed2608bdfc2de,O=C1NC(=O)C2(CC2)C(=O)N1,aqueous_solubility,log10(mol/L),train,,-1.8860000371932983,-1.6957068924761842,-2.5781424102201775,-0.8132713747321907,random,2035,hybrid_concat,edge_gnn,rdkit,concat,77abfcdbb281d08df2e9fb09cf84b2a648ea9008
esol,c4e073085482ca83,O=C1NC(=O)C2(CCC2)C(=O)N1,aqueous_solubility,log10(mol/L),train,,-1.6549999713897705,-1.8844698113990355,-2.766905329143029,-1.002034293655042,random,2035,hybrid_concat,edge_gnn,rdkit,concat,77abfcdbb281d08df2e9fb09cf84b2a648ea9008
esol,fb010ec97af69bc4,O=C1NC(=O)C2(CCCC2)C(=O)N1,aqueous_solubility,log10(mol/L),train,,-2.3489999771118164,-2.2892373204160883,-3.171672838160082,-1.4068018026720948,random,2035,hybrid_concat,edge_gnn,rdkit,concat,77abfcdbb281d08df2e9fb09cf84b2a648ea9008
esol,f7fa422f6b89ab0c,O=C1NC(=O)C2(CCCCC2)C(=O)N1,aqueous_solubility,log10(mol/L),train,,-3.059999942779541,-2.5709647359171406,-3.453400253661134,-1.688529218173147,random,2035,hybrid_concat,edge_gnn,rdkit,concat,77abfcdbb281d08df2e9fb09cf84b2a648ea9008
esol,1079ed78c10335aa,O=C1NC(=O)C2(CCCCCC2)C(=O)N1,aqueous_solubility,log10(mol/L),train,,-3.1679999828338623,-2.908461896587396,-3.7908974143313894,-2.0260263788434023,random,2035,hybrid_concat,edge_gnn,rdkit,concat,77abfcdbb281d08df2e9fb09cf84b2a648ea9008
esol,2763289c3c31ca3c,O=C1NC(=O)C2(CCCCCCC2)C(=O)N1,aqueous_solubility,log10(mol/L),train,,-2.9820001125335693,-3.0838925011506637,-3.9663280188946572,-2.20145698340667,random,2035,hybrid_concat,edge_gnn,rdkit,concat,77abfcdbb281d08df2e9fb09cf84b2a648ea9008
esol,6122d0570c0fafbd,O=C1NC(=O)C2C3C(C(O)(c4ccccc4)c4ccccn4)=CC(C3=C(c3ccccc3)c3ccccn3)C12,aqueous_solubility,log10(mol/L),train,,-3.930999994277954,-3.748201097872399,-4.6306366156163925,-2.8657655801284054,random,2035,hybrid_concat,edge_gnn,rdkit,concat,77abfcdbb281d08df2e9fb09cf84b2a648ea9008
esol,80765813e3dd85bc,O=C1NC(=O)C2C=CC=CC12,aqueous_solubility,log10(mol/L),train,,-2.931999921798706,-2.8876415227374803,-3.770077040481474,-2.005206004993487,random,2035,hybrid_concat,edge_gnn,rdkit,concat,77abfcdbb281d08df2e9fb09cf84b2a648ea9008
esol,8c073a83b27c7462,O=C1NC(=O)c2ccccc21,aqueous_solubility,log10(mol/L),train,,-2.609999895095825,-2.4853991257091557,-3.367834643453149,-1.6029636079651621,random,2035,hybrid_concat,edge_gnn,rdkit,concat,77abfcdbb281d08df2e9fb09cf84b2a648ea9008
esol,6b563f4c04c1dd29,O=C1NCCN1c1ncc([N+](=O)[O-])s1,aqueous_solubility,log10(mol/L),train,,-3.2200000286102295,-3.105135934610384,-3.9875714523543775,-2.2227004168663904,random,2035,hybrid_concat,edge_gnn,rdkit,concat,77abfcdbb281d08df2e9fb09cf84b2a648ea9008
esol,e431f760674c4ee6,O=C1Nc2ccc(Cl)cc2C(c2ccccc2)=NC1O,aqueous_solubility,log10(mol/L),train,,-3.9519999027252197,-3.6762508646153806,-4.558686382359374,-2.793815346871387,random,2035,hybrid_concat,edge_gnn,rdkit,concat,77abfcdbb281d08df2e9fb09cf84b2a648ea9008
esol,e7367b803a2a0cad,O=C1Nc2ccc(Cl)cc2C(c2ccccc2Cl)=NC1O,aqueous_solubility,log10(mol/L),train,,-3.6040000915527344,-3.658518320145234,-4.540953837889227,-2.7760828024012403,random,2035,hybrid_concat,edge_gnn,rdkit,concat,77abfcdbb281d08df2e9fb09cf84b2a648ea9008
esol,cccf416cbf91333f,O=C1OC(c2ccc(O)cc2)(c2ccc(O)cc2)c2ccccc21,aqueous_solubility,log10(mol/L),train,,-2.9000000953674316,-2.8417509349392747,-3.724186452683268,-1.9593154171952811,random,2035,hybrid_concat,edge_gnn,rdkit,concat,77abfcdbb281d08df2e9fb09cf84b2a648ea9008
esol,1d8559207fba752d,O=C1c2ccccc2C(=O)c2ccccc21,aqueous_solubility,log10(mol/L),test,,-5.190000057220459,-3.215935271089969,-4.098370788833963,-2.3334997533459756,random,2035,hybrid_concat,edge_gnn,rdkit,concat,77abfcdbb281d08df2e9fb09cf84b2a648ea9008
esol,40f1ac185330e905,O=C1c2ccccc2Cc2ccccc2N1CCF,aqueous_solubility,log10(mol/L),train,,-4.798999786376953,-4.681373081830156,-5.563808599574149,-3.7989375640861622,random,2035,hybrid_concat,edge_gnn,rdkit,concat,77abfcdbb281d08df2e9fb09cf84b2a648ea9008
esol,1c5ae882fec16e7a,O=CNC(N1C=CN(C(NC=O)C(Cl)(Cl)Cl)C=C1)C(Cl)(Cl)Cl,aqueous_solubility,log10(mol/L),train,,-4.190000057220459,-4.119045875231965,-5.0014813929759585,-3.2366103574879714,random,2035,hybrid_concat,edge_gnn,rdkit,concat,77abfcdbb281d08df2e9fb09cf84b2a648ea9008
esol,24abd616835cfd2d,O=Cc1ccc(O)cc1,aqueous_solubility,log10(mol/L),train,,-0.9599999785423279,-0.550586731647495,-1.4330222493914886,0.3318487860964985,random,2035,hybrid_concat,edge_gnn,rdkit,concat,77abfcdbb281d08df2e9fb09cf84b2a648ea9008
esol,01bc1188fd568fec,O=Cc1ccc2c(c1)OCO2,aqueous_solubility,log10(mol/L),train,,-1.6299999952316284,-1.4429416357913116,-2.325377153535305,-0.5605061180473181,random,2035,hybrid_concat,edge_gnn,rdkit,concat,77abfcdbb281d08df2e9fb09cf84b2a648ea9008
esol,f96a284663242b78,O=Cc1ccccc1,aqueous_solubility,log10(mol/L),test,,-1.190000057220459,-0.7580846717627776,-1.6405201895067711,0.12435084598121593,random,2035,hybrid_concat,edge_gnn,rdkit,concat,77abfcdbb281d08df2e9fb09cf84b2a648ea9008
esol,363e8ba4d5020110,O=Cc1ccco1,aqueous_solubility,log10(mol/L),train,,-0.10000000149011612,0.22854338266112384,-0.6538921350828697,1.1109789004051174,random,2035,hybrid_concat,edge_gnn,rdkit,concat,77abfcdbb281d08df2e9fb09cf84b2a648ea9008
esol,8a081af65ed6bef7,O=[N+]([O-])C(Cl)(Cl)Cl,aqueous_solubility,log10(mol/L),train,,-2.0,-1.8866441367182987,-2.769079654462292,-1.0042086189743051,random,2035,hybrid_concat,edge_gnn,rdkit,concat,77abfcdbb281d08df2e9fb09cf84b2a648ea9008
esol,b3623792d168d2ab,O=[N+]([O-])OCC(CO[N+](=O)[O-])O[N+](=O)[O-],aqueous_solubility,log10(mol/L),train,,-2.2200000286102295,-2.131555497448245,-3.0139910151922384,-1.2491199797042514,random,2035,hybrid_concat,edge_gnn,rdkit,concat,77abfcdbb281d08df2e9fb09cf84b2a648ea9008
esol,ff424e90dc845655,O=[N+]([O-])c1c(Cl)c(Cl)c(Cl)c(Cl)c1Cl,aqueous_solubility,log10(mol/L),train,,-5.820000171661377,-5.695623184829353,-6.578058702573347,-4.8131876670853595,random,2035,hybrid_concat,edge_gnn,rdkit,concat,77abfcdbb281d08df2e9fb09cf84b2a648ea9008
esol,57e68a80baabc9d1,O=[N+]([O-])c1cc([N+](=O)[O-])cc([N+](=O)[O-])c1,aqueous_solubility,log10(mol/L),train,,-2.890000104904175,-2.9432636457615287,-3.825699163505522,-2.060828128017535,random,2035,hybrid_concat,edge_gnn,rdkit,concat,77abfcdbb281d08df2e9fb09cf84b2a648ea9008
esol,bc600864e500c480,O=[N+]([O-])c1ccc(C=NO)o1,aqueous_solubility,log10(mol/L),train,,-2.190000057220459,-2.09871363714259,-2.9811491548865834,-1.2162781193985963,random,2035,hybrid_concat,edge_gnn,rdkit,concat,77abfcdbb281d08df2e9fb09cf84b2a648ea9008
esol,4b83ca53ecb4e64f,O=[N+]([O-])c1ccc(Cl)c(Cl)c1,aqueous_solubility,log10(mol/L),train,,-3.200000047683716,-3.267738177072693,-4.1501736948166865,-2.3853026593286994,random,2035,hybrid_concat,edge_gnn,rdkit,concat,77abfcdbb281d08df2e9fb09cf84b2a648ea9008
esol,a677b460c36a2d5e,O=[N+]([O-])c1ccc(Cl)cc1,aqueous_solubility,log10(mol/L),train,,-2.9200000762939453,-2.900072630384525,-3.7825081481285183,-2.0176371126405312,random,2035,hybrid_concat,edge_gnn,rdkit,concat,77abfcdbb281d08df2e9fb09cf84b2a648ea9008
esol,dde4a1cff0933018,O=[N+]([O-])c1ccc(O)cc1,aqueous_solubility,log10(mol/L),calibration,,-0.7400000095367432,-0.9803393060793288,-1.8627748238233224,-0.0979037883353353,random,2035,hybrid_concat,edge_gnn,rdkit,concat,77abfcdbb281d08df2e9fb09cf84b2a648ea9008
esol,0cfb53848f1c44c5,O=[N+]([O-])c1ccc(Oc2ccc(Cl)cc2Cl)cc1,aqueous_solubility,log10(mol/L),train,,-5.460000038146973,-5.601590337835432,-6.484025855579426,-4.719154820091439,random,2035,hybrid_concat,edge_gnn,rdkit,concat,77abfcdbb281d08df2e9fb09cf84b2a648ea9008
esol,82051d5601294b9c,O=[N+]([O-])c1ccc([N+](=O)[O-])cc1,aqueous_solubility,log10(mol/L),train,,-3.390000104904175,-3.033695644232285,-3.9161311619762786,-2.1512601264882916,random,2035,hybrid_concat,edge_gnn,rdkit,concat,77abfcdbb281d08df2e9fb09cf84b2a648ea9008
esol,b8a8d3aea70aedef,O=[N+]([O-])c1cccc(Cl)c1,aqueous_solubility,log10(mol/L),test,,-2.7699999809265137,-2.92848788488846,-3.8109234026324534,-2.0460523671444664,random,2035,hybrid_concat,edge_gnn,rdkit,concat,77abfcdbb281d08df2e9fb09cf84b2a648ea9008
esol,feef886840fa5400,O=[N+]([O-])c1cccc(Cl)c1Cl,aqueous_solubility,log10(mol/L),train,,-3.4800000190734863,-3.3632445470405505,-4.245680064784544,-2.480809029296557,random,2035,hybrid_concat,edge_gnn,rdkit,concat,77abfcdbb281d08df2e9fb09cf84b2a648ea9008
esol,8b82235acd1bad51,O=[N+]([O-])c1cccc(O)c1,aqueous_solubility,log10(mol/L),train,,-1.0099999904632568,-1.003389917704593,-1.8858254354485866,-0.12095439996059953,random,2035,hybrid_concat,edge_gnn,rdkit,concat,77abfcdbb281d08df2e9fb09cf84b2a648ea9008
esol,ec688ee4a0e28848,O=[N+]([O-])c1cccc([N+](=O)[O-])c1,aqueous_solubility,log10(mol/L),train,,-2.2899999618530273,-2.6837464203088572,-3.5661819380528508,-1.8013109025648637,random,2035,hybrid_concat,edge_gnn,rdkit,concat,77abfcdbb281d08df2e9fb09cf84b2a648ea9008
esol,c6bfe39ba4dc7a2a,O=[N+]([O-])c1cccc2ccccc12,aqueous_solubility,log10(mol/L),train,,-3.5399999618530273,-3.4858339485360172,-4.368269466280011,-2.6033984307920237,random,2035,hybrid_concat,edge_gnn,rdkit,concat,77abfcdbb281d08df2e9fb09cf84b2a648ea9008
esol,e7485af5868fe30e,O=[N+]([O-])c1ccccc1,aqueous_solubility,log10(mol/L),test,,-1.7999999523162842,-2.289165402132806,-3.1716009198767994,-1.4067298843888123,random,2035,hybrid_concat,edge_gnn,rdkit,concat,77abfcdbb281d08df2e9fb09cf84b2a648ea9008
esol,5f297c0e1cebb1e6,O=[N+]([O-])c1ccccc1Cl,aqueous_solubility,log10(mol/L),validation,,-2.549999952316284,-2.919683492599958,-3.8021190103439517,-2.0372479748559646,random,2035,hybrid_concat,edge_gnn,rdkit,concat,77abfcdbb281d08df2e9fb09cf84b2a648ea9008
esol,5598414c70a5d146,O=[N+]([O-])c1ccccc1O,aqueous_solubility,log10(mol/L),train,,-1.7400000095367432,-1.6346720782521293,-2.517107595996123,-0.7522365605081358,random,2035,hybrid_concat,edge_gnn,rdkit,concat,77abfcdbb281d08df2e9fb09cf84b2a648ea9008
esol,059b799d8722bb7e,O=[N+]([O-])c1ccccc1[N+](=O)[O-],aqueous_solubility,log10(mol/L),train,,-3.0999999046325684,-3.2165961976461523,-4.099031715390145,-2.334160679902159,random,2035,hybrid_concat,edge_gnn,rdkit,concat,77abfcdbb281d08df2e9fb09cf84b2a648ea9008
esol,d74439078cde9040,O=c1[nH]c(=O)c2[nH]c(=O)[nH]c2[nH]1,aqueous_solubility,log10(mol/L),train,,-3.930000066757202,-3.779495111420794,-4.661930629164788,-2.8970595936768007,random,2035,hybrid_concat,edge_gnn,rdkit,concat,77abfcdbb281d08df2e9fb09cf84b2a648ea9008
esol,2ba1a048585b1487,O=c1[nH]c2c(c(=O)n1C1CCCCC1)CCC2,aqueous_solubility,log10(mol/L),train,,-4.593999862670898,-4.24649617551575,-5.1289316932597435,-3.3640606577717564,random,2035,hybrid_concat,edge_gnn,rdkit,concat,77abfcdbb281d08df2e9fb09cf84b2a648ea9008
esol,d07e545f1899310f,O=c1[nH]c2cc(Cl)ccc2o1,aqueous_solubility,log10(mol/L),train,,-2.8310000896453857,-2.47381664301093,-3.3562521607549236,-1.5913811252669365,random,2035,hybrid_concat,edge_gnn,rdkit,concat,77abfcdbb281d08df2e9fb09cf84b2a648ea9008
esol,4c7d2cc71ad43d92,O=c1[nH]cc(F)c(=O)[nH]1,aqueous_solubility,log10(mol/L),train,,-1.0770000219345093,-1.006068781237619,-1.8885042989816125,-0.12363326349362547,random,2035,hybrid_concat,edge_gnn,rdkit,concat,77abfcdbb281d08df2e9fb09cf84b2a648ea9008
esol,dffd0d1aff11120c,O=c1[nH]cnc2[nH]ncc12,aqueous_solubility,log10(mol/L),train,,-2.2660000324249268,-1.8994769243225382,-2.781912442066532,-1.0170414065785447,random,2035,hybrid_concat,edge_gnn,rdkit,concat,77abfcdbb281d08df2e9fb09cf84b2a648ea9008
esol,efd3b4d838ecabb0,O=c1[nH]cnc2nc[nH]c12,aqueous_solubility,log10(mol/L),validation,,-2.2960000038146973,-2.5617936436512094,-3.444229161395203,-1.679358125907216,random,2035,hybrid_concat,edge_gnn,rdkit,concat,77abfcdbb281d08df2e9fb09cf84b2a648ea9008
esol,c401593400567088,O=c1c(O)c(-c2ccc(O)cc2O)oc2cc(O)cc(O)c12,aqueous_solubility,log10(mol/L),train,,-3.0829999446868896,-3.054946409841169,-3.9373819275851627,-2.1725108920971756,random,2035,hybrid_concat,edge_gnn,rdkit,concat,77abfcdbb281d08df2e9fb09cf84b2a648ea9008
esol,d67cde4d4f9d08e2,O=c1cc[nH]c(=O)[nH]1,aqueous_solubility,log10(mol/L),train,,-1.4880000352859497,-1.0384342291761464,-1.92086974692014,-0.15599871143215283,random,2035,hybrid_concat,edge_gnn,rdkit,concat,77abfcdbb281d08df2e9fb09cf84b2a648ea9008
esol,834dfd465548d669,O=c1ccnc(S)[nH]1,aqueous_solubility,log10(mol/L),train,,-2.2730000019073486,-2.147223136011257,-3.0296586537552503,-1.2647876182672633,random,2035,hybrid_concat,edge_gnn,rdkit,concat,77abfcdbb281d08df2e9fb09cf84b2a648ea9008
esol,7b29bd731c5c5440,O=c1oc2ccccc2c(O)c1C(CC(O)c1ccc(-c2ccc(Br)cc2)cc1)c1ccccc1,aqueous_solubility,log10(mol/L),train,,-4.445000171661377,-4.697611070620877,-5.580046588364871,-3.815175552876884,random,2035,hybrid_concat,edge_gnn,rdkit,concat,77abfcdbb281d08df2e9fb09cf84b2a648ea9008
esol,f395281a134eed26,O=c1oc2ccccc2c(O)c1C1CCCc2ccccc21,aqueous_solubility,log10(mol/L),train,,-2.8399999141693115,-3.013424217827662,-3.8958597355716553,-2.1309887000836683,random,2035,hybrid_concat,edge_gnn,rdkit,concat,77abfcdbb281d08df2e9fb09cf84b2a648ea9008
esol,e761650b94280ee4,OC(Cn1cncn1)(Cn1cncn1)c1ccc(F)cc1F,aqueous_solubility,log10(mol/L),train,,-1.7999999523162842,-1.6850138896777964,-2.56744940742179,-0.8025783719338029,random,2035,hybrid_concat,edge_gnn,rdkit,concat,77abfcdbb281d08df2e9fb09cf84b2a648ea9008
esol,1101da9b7991cc75,OC(Cn1cncn1)(c1ccc(F)cc1)c1ccccc1F,aqueous_solubility,log10(mol/L),train,,-3.369999885559082,-3.147694411415665,-4.030129929159658,-2.2652588936716715,random,2035,hybrid_concat,edge_gnn,rdkit,concat,77abfcdbb281d08df2e9fb09cf84b2a648ea9008
esol,6711c4961ef774a1,OC(c1ccc(Cl)cc1)(c1ccc(Cl)cc1)C(Cl)(Cl)Cl,aqueous_solubility,log10(mol/L),train,,-5.665999889373779,-5.479926313701956,-6.362361831445949,-4.597490795957962,random,2035,hybrid_concat,edge_gnn,rdkit,concat,77abfcdbb281d08df2e9fb09cf84b2a648ea9008
esol,a2c2454d143b1950,OC(c1ccc(Cl)cc1)(c1cncnc1)c1ccccc1Cl,aqueous_solubility,log10(mol/L),calibration,,-4.380000114440918,-4.118853435228671,-5.001288952972665,-3.236417917484678,random,2035,hybrid_concat,edge_gnn,rdkit,concat,77abfcdbb281d08df2e9fb09cf84b2a648ea9008
esol,b3f3b509e457b989,OC(c1ccccc1)C(O)c1ccccc1,aqueous_solubility,log10(mol/L),train,,-1.9299999475479126,-1.9889451191101333,-2.871380636854127,-1.1065096013661397,random,2035,hybrid_concat,edge_gnn,rdkit,concat,77abfcdbb281d08df2e9fb09cf84b2a648ea9008
esol,815eaa2e8194a1de,OC(c1ccccc1)c1ccccc1,aqueous_solubility,log10(mol/L),train,,-2.549999952316284,-2.6795159784095333,-3.561951496153527,-1.7970804606655397,random,2035,hybrid_concat,edge_gnn,rdkit,concat,77abfcdbb281d08df2e9fb09cf84b2a648ea9008
esol,ccd31a926e2435b6,OC1C(O)C(O)C(O)C(O)C1O,aqueous_solubility,log10(mol/L),train,,0.3499999940395355,0.6703464020684233,-0.2120891156755702,1.5527819198124169,random,2035,hybrid_concat,edge_gnn,rdkit,concat,77abfcdbb281d08df2e9fb09cf84b2a648ea9008
esol,1dee6b11c4cd6fe7,OC1C=CC2C1C1(Cl)C(Cl)=C(Cl)C2(Cl)C1(Cl)Cl,aqueous_solubility,log10(mol/L),train,,-5.460000038146973,-5.3040139460759566,-6.18644946381995,-4.421578428331963,random,2035,hybrid_concat,edge_gnn,rdkit,concat,77abfcdbb281d08df2e9fb09cf84b2a648ea9008
esol,d2b075aa3c9f907a,OC1CCCCC1,aqueous_solubility,log10(mol/L),train,,-0.4399999976158142,-0.3331203993616101,-1.2155559171056036,0.5493151183823834,random,2035,hybrid_concat,edge_gnn,rdkit,concat,77abfcdbb281d08df2e9fb09cf84b2a648ea9008
esol,a260f3bd66239d10,OC1CCCCCC1,aqueous_solubility,log10(mol/L),train,,-0.8799999952316284,-0.6627299099770023,-1.5451654277209959,0.21970560776699122,random,2035,hybrid_concat,edge_gnn,rdkit,concat,77abfcdbb281d08df2e9fb09cf84b2a648ea9008
esol,cd07d7b7d929883b,OC1CCCCCCC1,aqueous_solubility,log10(mol/L),train,,-1.2899999618530273,-1.177515553915399,-2.0599510716593925,-0.29508003617140544,random,2035,hybrid_concat,edge_gnn,rdkit,concat,77abfcdbb281d08df2e9fb09cf84b2a648ea9008
esol,ee355a6432d1756f,OC1COC(O)C(O)C1O,aqueous_solubility,log10(mol/L),train,,0.38999998569488525,0.8067816767623905,-0.075653840981603,1.689217194506384,random,2035,hybrid_concat,edge_gnn,rdkit,concat,77abfcdbb281d08df2e9fb09cf84b2a648ea9008
esol,ad18eddfa134971c,OCC(O)C(O)C(O)C(O)CO,aqueous_solubility,log10(mol/L),train,,0.5750000160187483,0.8863647466885012,0.003929228944507646,1.7688002644324947,random,2035,hybrid_concat,edge_gnn,rdkit,concat,77abfcdbb281d08df2e9fb09cf84b2a648ea9008
esol,5aedb2f44a5cfe15,OCC(O)C(O)CO,aqueous_solubility,log10(mol/L),validation,,0.699999988079071,1.2607187785312024,0.37828326078720886,2.143154296275196,random,2035,hybrid_concat,edge_gnn,rdkit,concat,77abfcdbb281d08df2e9fb09cf84b2a648ea9008
esol,5a22885eb34ba977,OCC(O)C1OC2OC(C(Cl)(Cl)Cl)OC2C1O,aqueous_solubility,log10(mol/L),train,,-1.840000033378601,-1.6331619176621814,-2.5155974354061748,-0.7507263999181879,random,2035,hybrid_concat,edge_gnn,rdkit,concat,77abfcdbb281d08df2e9fb09cf84b2a648ea9008
esol,ecae793a151a86c7,OCC(O)CO,aqueous_solubility,log10(mol/L),train,,1.1200000047683716,1.4230537637709895,0.5406182460269959,2.305489281514983,random,2035,hybrid_concat,edge_gnn,rdkit,concat,77abfcdbb281d08df2e9fb09cf84b2a648ea9008
esol,23e4b685b19bde7d,OCC1OC(O)(CO)C(O)C1O,aqueous_solubility,log10(mol/L),validation,,0.6399999856948853,0.7033570174538895,-0.17907850029010408,1.585792535197883,random,2035,hybrid_concat,edge_gnn,rdkit,concat,77abfcdbb281d08df2e9fb09cf84b2a648ea9008
esol,8d06c6c063ad1f13,OCC1OC(O)C(O)C(O)C1O,aqueous_solubility,log10(mol/L),train,,0.7400000095367432,0.6725676037987451,-0.2098679139452484,1.5550031215427387,random,2035,hybrid_concat,edge_gnn,rdkit,concat,77abfcdbb281d08df2e9fb09cf84b2a648ea9008
esol,20a6ee58628f6410,OCC1OC(OC2(CO)OC(CO)C(O)C2O)C(O)C(O)C1O,aqueous_solubility,log10(mol/L),calibration,,0.7900000214576721,-0.08742706607981976,-0.9698625838238133,0.7950084516641738,random,2035,hybrid_concat,edge_gnn,rdkit,concat,77abfcdbb281d08df2e9fb09cf84b2a648ea9008
esol,74372de6e813da3c,OCC1OC(OC2C(CO)OC(O)C(O)C2O)C(O)C(O)C1O,aqueous_solubility,log10(mol/L),train,,-0.24400000274181366,-0.022429221377683994,-0.9048647391216775,0.8600062963663095,random,2035,hybrid_concat,edge_gnn,rdkit,concat,77abfcdbb281d08df2e9fb09cf84b2a648ea9008
esol,3bb6576d1676177b,OCC1OC(OCC2OC(OC3(CO)OC(CO)C(O)C3O)C(O)C(O)C2O)C(O)C(O)C1O,aqueous_solubility,log10(mol/L),train,,-0.4099999964237213,-0.3477737187405965,-1.23020923648459,0.534661799003397,random,2035,hybrid_concat,edge_gnn,rdkit,concat,77abfcdbb281d08df2e9fb09cf84b2a648ea9008
esol,cafb5394ad49e2da,OCC1OC(n2cnc3c(O)ncnc32)C(O)C1O,aqueous_solubility,log10(mol/L),train,,-1.2300000190734863,-1.121957138092761,-2.004392655836755,-0.23952162034876756,random,2035,hybrid_concat,edge_gnn,rdkit,concat,77abfcdbb281d08df2e9fb09cf84b2a648ea9008
esol,347360ba4eef9a17,OCCOc1ccccc1,aqueous_solubility,log10(mol/L),test,,-0.699999988079071,-0.773804552852325,-1.6562400705963185,0.10863096489166857,random,2035,hybrid_concat,edge_gnn,rdkit,concat,77abfcdbb281d08df2e9fb09cf84b2a648ea9008
esol,8a2610c4845c31dd,OCc1ccccc1,aqueous_solubility,log10(mol/L),train,,-0.4000000059604645,-0.30722044209783794,-1.1896559598418315,0.5752150756461556,random,2035,hybrid_concat,edge_gnn,rdkit,concat,77abfcdbb281d08df2e9fb09cf84b2a648ea9008
esol,21fced0c0e248caf,OCc1ccccc1OC1OC(CO)C(O)C(O)C1O,aqueous_solubility,log10(mol/L),train,,-0.8500000238418579,-0.6045511027761852,-1.4869866205201787,0.27788441496780836,random,2035,hybrid_concat,edge_gnn,rdkit,concat,77abfcdbb281d08df2e9fb09cf84b2a648ea9008
esol,3beaac315c00705a,Oc1c(Cl)c(Cl)c(Cl)c(Cl)c1Cl,aqueous_solubility,log10(mol/L),train,,-4.28000020980835,-4.07582212346658,-4.958257641210573,-3.193386605722586,random,2035,hybrid_concat,edge_gnn,rdkit,concat,77abfcdbb281d08df2e9fb09cf84b2a648ea9008
esol,ace4936ebfc84643,Oc1c(Cl)c(Cl)cc(Cl)c1Cl,aqueous_solubility,log10(mol/L),train,,-3.369999885559082,-3.3081622351875994,-4.190597752931593,-2.425726717443606,random,2035,hybrid_concat,edge_gnn,rdkit,concat,77abfcdbb281d08df2e9fb09cf84b2a648ea9008
esol,68fb3cd38ab259db,Oc1c(Cl)cc(Cl)c(Cl)c1Cl,aqueous_solubility,log10(mol/L),train,,-3.0999999046325684,-3.223240620516277,-4.105676138260271,-2.3408051027722836,random,2035,hybrid_concat,edge_gnn,rdkit,concat,77abfcdbb281d08df2e9fb09cf84b2a648ea9008
esol,ff5529c308a61bd5,Oc1c(Cl)cc(Cl)cc1Cl,aqueous_solubility,log10(mol/L),train,,-2.3399999141693115,-2.312291571131158,-3.1947270888751516,-1.4298560533871645,random,2035,hybrid_concat,edge_gnn,rdkit,concat,77abfcdbb281d08df2e9fb09cf84b2a648ea9008
esol,47fd413d31b8b8eb,Oc1c(Cl)ccc(Cl)c1Cl,aqueous_solubility,log10(mol/L),validation,,-2.640000104904175,-2.2063556314591652,-3.088791149203159,-1.3239201137151717,random,2035,hybrid_concat,edge_gnn,rdkit,concat,77abfcdbb281d08df2e9fb09cf84b2a648ea9008
esol,f2b15729f987cf3b,Oc1c(Cl)cccc1Cl,aqueous_solubility,log10(mol/L),test,,-1.7899999618530273,-1.4572460959848401,-2.3396816137288337,-0.5748105782408466,random,2035,hybrid_concat,edge_gnn,rdkit,concat,77abfcdbb281d08df2e9fb09cf84b2a648ea9008
esol,42fadcd62d5dfa18,Oc1c2ccccc2cc2ccccc12,aqueous_solubility,log10(mol/L),train,,-4.730000019073486,-4.803479964689159,-5.685915482433153,-3.9210444469451655,random,2035,hybrid_concat,edge_gnn,rdkit,concat,77abfcdbb281d08df2e9fb09cf84b2a648ea9008
esol,f69f5a78d0052c90,Oc1cc(Cl)c(Cl)c(Cl)c1Cl,aqueous_solubility,log10(mol/L),train,,-3.1500000953674316,-3.2143261766008924,-4.096761694344886,-2.331890658856899,random,2035,hybrid_concat,edge_gnn,rdkit,concat,77abfcdbb281d08df2e9fb09cf84b2a648ea9008
esol,5201b0d96bea2487,Oc1cc(Cl)c(Cl)cc1Cl,aqueous_solubility,log10(mol/L),train,,-2.2100000381469727,-2.381818972410814,-3.2642544901548076,-1.4993834546668205,random,2035,hybrid_concat,edge_gnn,rdkit,concat,77abfcdbb281d08df2e9fb09cf84b2a648ea9008
esol,83266a15b21d9a5e,Oc1cc(Cl)cc(Cl)c1,aqueous_solubility,log10(mol/L),train,,-1.340000033378601,-1.4983051444311264,-2.38074066217512,-0.6158696266871329,random,2035,hybrid_concat,edge_gnn,rdkit,concat,77abfcdbb281d08df2e9fb09cf84b2a648ea9008
esol,aefc79dc4755abd1,Oc1cc(Cl)cc(Cl)c1Cl,aqueous_solubility,log10(mol/L),train,,-2.6700000762939453,-2.4629278078373957,-3.3453633255813893,-1.5804922900934022,random,2035,hybrid_concat,edge_gnn,rdkit,concat,77abfcdbb281d08df2e9fb09cf84b2a648ea9008
esol,1d86e9c441b31155,Oc1cc(Cl)ccc1Oc1ccc(Cl)cc1Cl,aqueous_solubility,log10(mol/L),calibration,,-4.460000038146973,-5.008515412916144,-5.8909509306601375,-4.1260798951721505,random,2035,hybrid_concat,edge_gnn,rdkit,concat,77abfcdbb281d08df2e9fb09cf84b2a648ea9008
esol,1d621a1129d76fde,Oc1ccc(-c2ccccc2)cc1,aqueous_solubility,log10(mol/L),train,,-3.4800000190734863,-3.758222657761859,-4.640658175505853,-2.8757871400178656,random,2035,hybrid_concat,edge_gnn,rdkit,concat,77abfcdbb281d08df2e9fb09cf84b2a648ea9008
esol,6ccb98da78f7e118,Oc1ccc(Br)cc1,aqueous_solubility,log10(mol/L),train,,-1.090000033378601,-1.1725992052671566,-2.05503472301115,-0.290163687523163,random,2035,hybrid_concat,edge_gnn,rdkit,concat,77abfcdbb281d08df2e9fb09cf84b2a648ea9008
esol,1645a8e7ef24eacf,Oc1ccc(Cl)c(Cl)c1,aqueous_solubility,log10(mol/L),validation,,-1.25,-1.4832023049418828,-2.3656378226858763,-0.6007667871978892,random,2035,hybrid_concat,edge_gnn,rdkit,concat,77abfcdbb281d08df2e9fb09cf84b2a648ea9008
esol,12d83c9e4cfe8609,Oc1ccc(Cl)c(Cl)c1Cl,aqueous_solubility,log10(mol/L),test,,-2.6700000762939453,-2.3651777231260107,-3.2476132408700042,-1.4827422053820172,random,2035,hybrid_concat,edge_gnn,rdkit,concat,77abfcdbb281d08df2e9fb09cf84b2a648ea9008
esol,d0f354a94dd9e30c,Oc1ccc(Cl)cc1,aqueous_solubility,log10(mol/L),test,,-0.699999988079071,-0.7414785797862686,-1.6239140975302622,0.1409569379577249,random,2035,hybrid_concat,edge_gnn,rdkit,concat,77abfcdbb281d08df2e9fb09cf84b2a648ea9008
esol,574d72e0485c2a4c,Oc1ccc(Cl)cc1Cc1cc(Cl)ccc1O,aqueous_solubility,log10(mol/L),train,,-3.953000068664551,-4.024778461144286,-4.907213978888279,-3.1423429434002923,random,2035,hybrid_concat,edge_gnn,rdkit,concat,77abfcdbb281d08df2e9fb09cf84b2a648ea9008
esol,3146d92924b6ceda,Oc1ccc(Cl)cc1Cl,aqueous_solubility,log10(mol/L),train,,-1.5499999523162842,-1.5259602532121164,-2.40839577095611,-0.6435247354681228,random,2035,hybrid_concat,edge_gnn,rdkit,concat,77abfcdbb281d08df2e9fb09cf84b2a648ea9008
esol,9b903cfe28e8dec2,Oc1ccc(O)cc1,aqueous_solubility,log10(mol/L),train,,-0.17000000178813934,0.3258346336595279,-0.5566008840844656,1.2082701514035215,random,2035,hybrid_concat,edge_gnn,rdkit,concat,77abfcdbb281d08df2e9fb09cf84b2a648ea9008
esol,49fae57f275a6265,Oc1ccc2c(c1)CCCC2,aqueous_solubility,log10(mol/L),train,,-1.9900000095367432,-1.960006460178971,-2.842441977922965,-1.0775709424349775,random,2035,hybrid_concat,edge_gnn,rdkit,concat,77abfcdbb281d08df2e9fb09cf84b2a648ea9008
esol,7daf411051bf1f30,Oc1ccc2ccccc2c1,aqueous_solubility,log10(mol/L),train,,-2.2799999713897705,-2.4310495661764375,-3.313485083920431,-1.548614048432444,random,2035,hybrid_concat,edge_gnn,rdkit,concat,77abfcdbb281d08df2e9fb09cf84b2a648ea9008
esol,068adc1c3a01e09a,Oc1ccc2ncccc2c1,aqueous_solubility,log10(mol/L),calibration,,-2.1600000858306885,-2.387324113453748,-3.2697596311977417,-1.5048885957097546,random,2035,hybrid_concat,edge_gnn,rdkit,concat,77abfcdbb281d08df2e9fb09cf84b2a648ea9008
esol,e25e7ed45d0af63a,Oc1cccc(Cl)c1,aqueous_solubility,log10(mol/L),train,,-0.699999988079071,-0.7729748403765866,-1.6554103581205801,0.10946067736740694,random,2035,hybrid_concat,edge_gnn,rdkit,concat,77abfcdbb281d08df2e9fb09cf84b2a648ea9008
esol,37986dfa66563881,Oc1cccc(Cl)c1Cl,aqueous_solubility,log10(mol/L),train,,-1.2999999523162842,-1.5219740312464591,-2.4044095489904524,-0.6395385135024656,random,2035,hybrid_concat,edge_gnn,rdkit,concat,77abfcdbb281d08df2e9fb09cf84b2a648ea9008
esol,084f0a95be5b9a25,Oc1cccc(O)c1,aqueous_solubility,log10(mol/L),train,,0.8100000023841858,0.7124034246343531,-0.1700320931096404,1.5948389423783467,random,2035,hybrid_concat,edge_gnn,rdkit,concat,77abfcdbb281d08df2e9fb09cf84b2a648ea9008
esol,34e720a34db81320,Oc1cccc2ccccc12,aqueous_solubility,log10(mol/L),train,,-2.2200000286102295,-2.1770082842389575,-3.059443801982951,-1.294572766494964,random,2035,hybrid_concat,edge_gnn,rdkit,concat,77abfcdbb281d08df2e9fb09cf84b2a648ea9008
esol,3ded71ac51eeff27,Oc1cccc2cccnc12,aqueous_solubility,log10(mol/L),train,,-2.4200000762939453,-2.4777400752575636,-3.360175593001557,-1.59530455751357,random,2035,hybrid_concat,edge_gnn,rdkit,concat,77abfcdbb281d08df2e9fb09cf84b2a648ea9008
esol,409af28e16979e80,Oc1cccc2ncccc12,aqueous_solubility,log10(mol/L),train,,-2.5399999618530273,-2.205753269577061,-3.0881887873210547,-1.3233177518330677,random,2035,hybrid_concat,edge_gnn,rdkit,concat,77abfcdbb281d08df2e9fb09cf84b2a648ea9008
esol,2e890eb023abb6b6,Oc1ccccc1,aqueous_solubility,log10(mol/L),train,,0.0,0.050445834125930844,-0.8319896836180627,0.9328813518699244,random,2035,hybrid_concat,edge_gnn,rdkit,concat,77abfcdbb281d08df2e9fb09cf84b2a648ea9008
esol,9c5ba45c0976f989,Oc1ccccc1Cl,aqueous_solubility,log10(mol/L),validation,,-1.059999942779541,-1.0516824898131374,-1.934118007557131,-0.16924697206914385,random,2035,hybrid_concat,edge_gnn,rdkit,concat,77abfcdbb281d08df2e9fb09cf84b2a648ea9008
esol,f8f88ccdc1aea39d,Oc1ccccc1O,aqueous_solubility,log10(mol/L),train,,0.6200000047683716,0.7420719986292892,-0.14036351911470435,1.6245075163732827,random,2035,hybrid_concat,edge_gnn,rdkit,concat,77abfcdbb281d08df2e9fb09cf84b2a648ea9008
esol,d40cc33ca3b960af,Oc1ccccn1,aqueous_solubility,log10(mol/L),train,,1.0199999809265137,1.2107899729587577,0.32835445521476414,2.093225490702751,random,2035,hybrid_concat,edge_gnn,rdkit,concat,77abfcdbb281d08df2e9fb09cf84b2a648ea9008
esol,132a9e790a3605bd,Oc1ccncc1,aqueous_solubility,log10(mol/L),validation,,1.0199999809265137,1.1315037047300343,0.24906818698604072,2.013939222474028,random,2035,hybrid_concat,edge_gnn,rdkit,concat,77abfcdbb281d08df2e9fb09cf84b2a648ea9008
esol,a09b72bf3065ba5b,Oc1ncc2nccnc2n1,aqueous_solubility,log10(mol/L),train,,-1.9470000267028809,-1.6143671907251385,-2.496802708469132,-0.7319316729811449,random,2035,hybrid_concat,edge_gnn,rdkit,concat,77abfcdbb281d08df2e9fb09cf84b2a648ea9008
esol,eb1ba46c82d06028,Sc1ccccc1,aqueous_solubility,log10(mol/L),train,,-2.119999885559082,-2.1390360474608845,-3.021471565204878,-1.256600529716891,random,2035,hybrid_concat,edge_gnn,rdkit,concat,77abfcdbb281d08df2e9fb09cf84b2a648ea9008
esol,53eadfaa30a28b1e,Sc1nc2ccccc2s1,aqueous_solubility,log10(mol/L),calibration,,-3.180000066757202,-2.5419546521386023,-3.424390169882596,-1.6595191343946087,random,2035,hybrid_concat,edge_gnn,rdkit,concat,77abfcdbb281d08df2e9fb09cf84b2a648ea9008
esol,797be817db1564f7,c1cc2c3c(c4ccc5ccccc5c4cc3c1)CC2,aqueous_solubility,log10(mol/L),calibration,,-7.849999904632568,-6.982363644851004,-7.864799162594998,-6.0999281271070105,random,2035,hybrid_concat,edge_gnn,rdkit,concat,77abfcdbb281d08df2e9fb09cf84b2a648ea9008
esol,acff556887e1b591,c1cc2c3c(cccc3c1)CC2,aqueous_solubility,log10(mol/L),calibration,,-4.630000114440918,-4.340829524976352,-5.223265042720346,-3.458394007232359,random,2035,hybrid_concat,edge_gnn,rdkit,concat,77abfcdbb281d08df2e9fb09cf84b2a648ea9008
esol,075c09059a47afaf,c1cc2ccc3ccc4ccc5ccc6ccc1c1c2c3c4c5c61,aqueous_solubility,log10(mol/L),validation,,-9.331999778747559,-9.1690088250944,-10.051444342838394,-8.286573307350405,random,2035,hybrid_concat,edge_gnn,rdkit,concat,77abfcdbb281d08df2e9fb09cf84b2a648ea9008
esol,ee187c15393c12d9,c1cc2ccc3ccc4ccc5cccc6c(c1)c2c3c4c56,aqueous_solubility,log10(mol/L),calibration,,-9.017999649047852,-8.921641017066003,-9.804076534809997,-8.039205499322009,random,2035,hybrid_concat,edge_gnn,rdkit,concat,77abfcdbb281d08df2e9fb09cf84b2a648ea9008
esol,23bf38caf7a251b5,c1cc2ccc3cccc4ccc(c1)c2c34,aqueous_solubility,log10(mol/L),train,,-6.176000118255615,-6.597210028054244,-7.479645545798237,-5.71477451031025,random,2035,hybrid_concat,edge_gnn,rdkit,concat,77abfcdbb281d08df2e9fb09cf84b2a648ea9008
esol,2ae996bfabe8a242,c1cc2cccc3c4cccc5cccc(c(c1)c23)c54,aqueous_solubility,log10(mol/L),train,,-8.803999900817871,-8.255838573978957,-9.138274091722952,-7.373403056234964,random,2035,hybrid_concat,edge_gnn,rdkit,concat,77abfcdbb281d08df2e9fb09cf84b2a648ea9008
esol,28cdc5dc458e073d,c1ccc(-c2ccc(-c3ccccc3)cc2)cc1,aqueous_solubility,log10(mol/L),train,,-7.110000133514404,-7.11257545918205,-7.995010976926044,-6.230139941438057,random,2035,hybrid_concat,edge_gnn,rdkit,concat,77abfcdbb281d08df2e9fb09cf84b2a648ea9008
esol,03857fb18d8cb81d,c1ccc(-c2ccccc2)cc1,aqueous_solubility,log10(mol/L),train,,-4.34499979019165,-4.600259373724003,-5.482694891467997,-3.7178238559800096,random,2035,hybrid_concat,edge_gnn,rdkit,concat,77abfcdbb281d08df2e9fb09cf84b2a648ea9008
esol,10d1aaeb741ae67d,c1ccc(C2CO2)cc1,aqueous_solubility,log10(mol/L),train,,-1.600000023841858,-1.6519968596255539,-2.5344323773695474,-0.7695613418815603,random,2035,hybrid_concat,edge_gnn,rdkit,concat,77abfcdbb281d08df2e9fb09cf84b2a648ea9008
esol,545e9105a6579e7d,c1ccc(CCc2ccccc2)cc1,aqueous_solubility,log10(mol/L),train,,-4.619999885559082,-4.7238815982499665,-5.60631711599396,-3.841446080505973,random,2035,hybrid_concat,edge_gnn,rdkit,concat,77abfcdbb281d08df2e9fb09cf84b2a648ea9008
esol,9bbe47f36a3bdefa,c1ccc(Cc2ccccc2)cc1,aqueous_solubility,log10(mol/L),train,,-4.079999923706055,-4.282104730945679,-5.164540248689672,-3.399669213201685,random,2035,hybrid_concat,edge_gnn,rdkit,concat,77abfcdbb281d08df2e9fb09cf84b2a648ea9008
esol,f09f4fd0db478819,c1ccc(N=Nc2ccccc2)cc1,aqueous_solubility,log10(mol/L),train,,-4.449999809265137,-4.3884515176888055,-5.270887035432799,-3.506015999944812,random,2035,hybrid_concat,edge_gnn,rdkit,concat,77abfcdbb281d08df2e9fb09cf84b2a648ea9008
esol,d0cc06f38fc23dc0,c1ccc(NNc2ccccc2)cc1,aqueous_solubility,log10(mol/L),test,,-2.9200000762939453,-2.6444277511423566,-3.52686326888635,-1.761992233398363,random,2035,hybrid_concat,edge_gnn,rdkit,concat,77abfcdbb281d08df2e9fb09cf84b2a648ea9008
esol,e208b87a10a8a69f,c1ccc(Nc2ccccc2)cc1,aqueous_solubility,log10(mol/L),train,,-3.503999948501587,-3.5764774459719315,-4.458912963715925,-2.694041928227938,random,2035,hybrid_concat,edge_gnn,rdkit,concat,77abfcdbb281d08df2e9fb09cf84b2a648ea9008
esol,be134013772d5968,c1ccc(Oc2ccccc2)cc1,aqueous_solubility,log10(mol/L),train,,-3.9600000381469727,-4.25689903800148,-5.1393345557454735,-3.3744635202574864,random,2035,hybrid_concat,edge_gnn,rdkit,concat,77abfcdbb281d08df2e9fb09cf84b2a648ea9008
esol,043c2e23f851d45f,c1ccc2[nH]ccc2c1,aqueous_solubility,log10(mol/L),train,,-1.5199999809265137,-1.7227777731446112,-2.6052132908886048,-0.8403422554006177,random,2035,hybrid_concat,edge_gnn,rdkit,concat,77abfcdbb281d08df2e9fb09cf84b2a648ea9008
esol,f272883f418f13bd,c1ccc2[nH]ncc2c1,aqueous_solubility,log10(mol/L),train,,-2.1600000858306885,-1.7077462351437676,-2.5901817528877613,-0.825310717399774,random,2035,hybrid_concat,edge_gnn,rdkit,concat,77abfcdbb281d08df2e9fb09cf84b2a648ea9008
esol,cef035936674febe,c1ccc2[nH]nnc2c1,aqueous_solubility,log10(mol/L),train,,-0.7799999713897705,-0.7354946825556534,-1.617930200299647,0.1469408351883401,random,2035,hybrid_concat,edge_gnn,rdkit,concat,77abfcdbb281d08df2e9fb09cf84b2a648ea9008
esol,858996c131e6717c,c1ccc2c(c1)-c1cccc3c1c-2cc1ccccc13,aqueous_solubility,log10(mol/L),train,,-8.229999542236328,-8.316133974498051,-9.198569492242044,-7.433698456754057,random,2035,hybrid_concat,edge_gnn,rdkit,concat,77abfcdbb281d08df2e9fb09cf84b2a648ea9008
esol,ba95d41fcaa26d7b,c1ccc2c(c1)-c1cccc3cccc-2c13,aqueous_solubility,log10(mol/L),validation,,-6.0,-7.4869336852299515,-8.369369202973946,-6.604498167485958,random,2035,hybrid_concat,edge_gnn,rdkit,concat,77abfcdbb281d08df2e9fb09cf84b2a648ea9008
esol,f9f080dc7bc9c455,c1ccc2c(c1)CCC2,aqueous_solubility,log10(mol/L),train,,-3.0399999618530273,-3.385525583691105,-4.267961101435098,-2.5030900659471116,random,2035,hybrid_concat,edge_gnn,rdkit,concat,77abfcdbb281d08df2e9fb09cf84b2a648ea9008
esol,3426417016495efe,c1ccc2c(c1)CCCC2,aqueous_solubility,log10(mol/L),train,,-4.369999885559082,-4.121104243113346,-5.00353976085734,-3.2386687253693527,random,2035,hybrid_concat,edge_gnn,rdkit,concat,77abfcdbb281d08df2e9fb09cf84b2a648ea9008
esol,ca7ddb86099a1f31,c1ccc2c(c1)CCN2,aqueous_solubility,log10(mol/L),test,,-1.0399999618530273,-1.8289851642443269,-2.7114206819883204,-0.9465496465003334,random,2035,hybrid_concat,edge_gnn,rdkit,concat,77abfcdbb281d08df2e9fb09cf84b2a648ea9008
esol,9eec1c422eb0736e,c1ccc2c(c1)Cc1c-2ccc2ccccc12,aqueous_solubility,log10(mol/L),train,,-6.679999828338623,-6.764779874819519,-7.6472153925635125,-5.882344357075525,random,2035,hybrid_concat,edge_gnn,rdkit,concat,77abfcdbb281d08df2e9fb09cf84b2a648ea9008
esol,e917e96074d0112a,c1ccc2c(c1)Cc1cc3ccccc3cc1-2,aqueous_solubility,log10(mol/L),validation,,-8.039999961853027,-6.983274774251212,-7.865710291995206,-6.100839256507219,random,2035,hybrid_concat,edge_gnn,rdkit,concat,77abfcdbb281d08df2e9fb09cf84b2a648ea9008
esol,2bcb3025945f885d,c1ccc2c(c1)Cc1ccccc1-2,aqueous_solubility,log10(mol/L),validation,,-5.0,-5.205319116643274,-6.0877546343872675,-4.32288359889928,random,2035,hybrid_concat,edge_gnn,rdkit,concat,77abfcdbb281d08df2e9fb09cf84b2a648ea9008
esol,32aefa1fca7e764e,c1ccc2c(c1)[nH]c1ccccc12,aqueous_solubility,log10(mol/L),train,,-5.269999980926514,-5.214529591262444,-6.096965109006438,-4.3320940735184505,random,2035,hybrid_concat,edge_gnn,rdkit,concat,77abfcdbb281d08df2e9fb09cf84b2a648ea9008
esol,7f4d532e99809c67,c1ccc2c(c1)c1cccc3ccc4cccc2c4c31,aqueous_solubility,log10(mol/L),train,,-7.800000190734863,-8.19938309167943,-9.081818609423422,-7.316947573935436,random,2035,hybrid_concat,edge_gnn,rdkit,concat,77abfcdbb281d08df2e9fb09cf84b2a648ea9008
esol,8b5d8475b535b0bc,c1ccc2c(c1)c1ccccc1c1ccccc21,aqueous_solubility,log10(mol/L),calibration,,-6.72599983215332,-6.995179655634443,-7.8776151733784365,-6.1127441378904495,random,2035,hybrid_concat,edge_gnn,rdkit,concat,77abfcdbb281d08df2e9fb09cf84b2a648ea9008
esol,0a42b5468f3cec71,c1ccc2c(c1)cc1ccc3cccc4ccc2c1c34,aqueous_solubility,log10(mol/L),train,,-8.699000358581543,-8.237972740134735,-9.12040825787873,-7.355537222390741,random,2035,hybrid_concat,edge_gnn,rdkit,concat,77abfcdbb281d08df2e9fb09cf84b2a648ea9008
esol,abc2212d577a0a52,c1ccc2c(c1)ccc1c2ccc2c3ccccc3ccc21,aqueous_solubility,log10(mol/L),train,,-7.869999885559082,-8.030194775142865,-8.91263029288686,-7.147759257398872,random,2035,hybrid_concat,edge_gnn,rdkit,concat,77abfcdbb281d08df2e9fb09cf84b2a648ea9008
esol,0b54a7f3ed5c794f,c1ccc2c(c1)ccc1c3ccccc3ccc21,aqueous_solubility,log10(mol/L),test,,-8.057000160217285,-7.0466156611814,-7.929051178925394,-6.164180143437407,random,2035,hybrid_concat,edge_gnn,rdkit,concat,77abfcdbb281d08df2e9fb09cf84b2a648ea9008
esol,7fa04ee43db30bc0,c1ccc2c(c1)ccc1ccccc12,aqueous_solubility,log10(mol/L),train,,-5.260000228881836,-5.319185373156117,-6.20162089090011,-4.436749855412123,random,2035,hybrid_concat,edge_gnn,rdkit,concat,77abfcdbb281d08df2e9fb09cf84b2a648ea9008
esol,51da36469766fc21,c1ccc2c(c1)cnc1ccccc12,aqueous_solubility,log10(mol/L),calibration,,-2.7799999713897705,-3.510156514567665,-4.392592032311659,-2.6277209968236717,random,2035,hybrid_concat,edge_gnn,rdkit,concat,77abfcdbb281d08df2e9fb09cf84b2a648ea9008
esol,afc851d31ce87445,c1ccc2c(c1)oc1ccccc12,aqueous_solubility,log10(mol/L),train,,-4.599999904632568,-4.629493724121764,-5.511929241865758,-3.747058206377771,random,2035,hybrid_concat,edge_gnn,rdkit,concat,77abfcdbb281d08df2e9fb09cf84b2a648ea9008
esol,a270f9ffb22d606f,c1ccc2c(c1)sc1ccccc12,aqueous_solubility,log10(mol/L),train,,-4.380000114440918,-4.361320931275767,-5.24375644901976,-3.4788854135317733,random,2035,hybrid_concat,edge_gnn,rdkit,concat,77abfcdbb281d08df2e9fb09cf84b2a648ea9008
esol,aaf3871c0ae0900f,c1ccc2c3c(ccc2c1)-c1cccc2cccc-3c12,aqueous_solubility,log10(mol/L),train,,-8.0,-8.227714207651475,-9.11014972539547,-7.345278689907482,random,2035,hybrid_concat,edge_gnn,rdkit,concat,77abfcdbb281d08df2e9fb09cf84b2a648ea9008
esol,23d82fe5f429d7a9,c1ccc2cc3c(cc2c1)-c1cccc2cccc-3c12,aqueous_solubility,log10(mol/L),train,,-8.489999771118164,-8.537443925772793,-9.419879443516788,-7.6550084080288,random,2035,hybrid_concat,edge_gnn,rdkit,concat,77abfcdbb281d08df2e9fb09cf84b2a648ea9008
esol,7d36e8549432d64d,c1ccc2cc3cc4ccccc4cc3cc2c1,aqueous_solubility,log10(mol/L),test,,-8.600000381469727,-7.366100113726073,-8.248535631470066,-6.48366459598208,random,2035,hybrid_concat,edge_gnn,rdkit,concat,77abfcdbb281d08df2e9fb09cf84b2a648ea9008
esol,c4ee64098e4aa12f,c1ccc2cc3ccccc3cc2c1,aqueous_solubility,log10(mol/L),test,,-6.349999904632568,-5.435297009758671,-6.317732527502664,-4.552861492014677,random,2035,hybrid_concat,edge_gnn,rdkit,concat,77abfcdbb281d08df2e9fb09cf84b2a648ea9008
esol,da702d9864f1c117,c1ccc2ccccc2c1,aqueous_solubility,log10(mol/L),train,,-3.5999999046325684,-3.833440608626084,-4.715876126370078,-2.9510050908820906,random,2035,hybrid_concat,edge_gnn,rdkit,concat,77abfcdbb281d08df2e9fb09cf84b2a648ea9008
esol,9ca1add01351675c,c1ccc2cnccc2c1,aqueous_solubility,log10(mol/L),train,,-1.4500000476837158,-1.2561911952105949,-2.138626712954588,-0.3737556774666013,random,2035,hybrid_concat,edge_gnn,rdkit,concat,77abfcdbb281d08df2e9fb09cf84b2a648ea9008
esol,efcaebe6e1d57dd8,c1ccc2nc(-c3ccc4ccccc4n3)ccc2c1,aqueous_solubility,log10(mol/L),train,,-5.400000095367432,-5.499762437118361,-6.382197954862354,-4.617326919374367,random,2035,hybrid_concat,edge_gnn,rdkit,concat,77abfcdbb281d08df2e9fb09cf84b2a648ea9008
esol,85d224abca7da7f7,c1ccc2nc3ccccc3cc2c1,aqueous_solubility,log10(mol/L),train,,-3.6700000762939453,-3.809549367255664,-4.691984884999657,-2.9271138495116706,random,2035,hybrid_concat,edge_gnn,rdkit,concat,77abfcdbb281d08df2e9fb09cf84b2a648ea9008
esol,6605621e5bb09b5b,c1ccc2ncccc2c1,aqueous_solubility,log10(mol/L),calibration,,-1.2999999523162842,-1.241543550344526,-2.1239790680885196,-0.3591080326005325,random,2035,hybrid_concat,edge_gnn,rdkit,concat,77abfcdbb281d08df2e9fb09cf84b2a648ea9008
esol,974e231cb1343190,c1ccc2ocnc2c1,aqueous_solubility,log10(mol/L),train,,-1.159999966621399,-1.0362409065745066,-1.9186764243185002,-0.1538053888305131,random,2035,hybrid_concat,edge_gnn,rdkit,concat,77abfcdbb281d08df2e9fb09cf84b2a648ea9008
esol,5ef8ef9683725da1,c1ccc2scnc2c1,aqueous_solubility,log10(mol/L),train,,-1.5,-1.5383731268604512,-2.4208086446044446,-0.6559376091164577,random,2035,hybrid_concat,edge_gnn,rdkit,concat,77abfcdbb281d08df2e9fb09cf84b2a648ea9008
esol,e3e14b72b0c1eee5,c1ccccc1,aqueous_solubility,log10(mol/L),train,,-1.6399999856948853,-1.941369879449763,-2.8238053971937562,-1.0589343617057694,random,2035,hybrid_concat,edge_gnn,rdkit,concat,77abfcdbb281d08df2e9fb09cf84b2a648ea9008
esol,495345b0563a50a0,c1ccncc1,aqueous_solubility,log10(mol/L),test,,0.7599999904632568,0.9708049529541483,0.08836943521015472,1.8532404706981418,random,2035,hybrid_concat,edge_gnn,rdkit,concat,77abfcdbb281d08df2e9fb09cf84b2a648ea9008
esol,593bada07a65209c,c1ccnnc1,aqueous_solubility,log10(mol/L),train,,1.100000023841858,1.1314282090364345,0.24899269129244095,2.013863726780428,random,2035,hybrid_concat,edge_gnn,rdkit,concat,77abfcdbb281d08df2e9fb09cf84b2a648ea9008
esol,d626cfeba6db6df0,c1ccoc1,aqueous_solubility,log10(mol/L),train,,-0.8199999928474426,-0.7021019010610825,-1.584537418805076,0.18033361668291104,random,2035,hybrid_concat,edge_gnn,rdkit,concat,77abfcdbb281d08df2e9fb09cf84b2a648ea9008
esol,f1e6672b0806900d,c1ccsc1,aqueous_solubility,log10(mol/L),calibration,,-1.3300000429153442,-1.026328272661269,-1.9087637904052626,-0.1438927549172755,random,2035,hybrid_concat,edge_gnn,rdkit,concat,77abfcdbb281d08df2e9fb09cf84b2a648ea9008
esol,d72a83266a26ee75,c1cnc2c(c1)ccc1ncccc12,aqueous_solubility,log10(mol/L),train,,-2.680000066757202,-2.5643712911440417,-3.4468068088880353,-1.6819357734000482,random,2035,hybrid_concat,edge_gnn,rdkit,concat,77abfcdbb281d08df2e9fb09cf84b2a648ea9008
esol,363c54343f9cb2c9,c1cnc2ncncc2n1,aqueous_solubility,log10(mol/L),calibration,,0.019999999552965164,-0.17882669236200854,-1.061262210106002,0.703608825381985,random,2035,hybrid_concat,edge_gnn,rdkit,concat,77abfcdbb281d08df2e9fb09cf84b2a648ea9008
esol,7f841726f00af1d6,c1cncnc1,aqueous_solubility,log10(mol/L),train,,1.100000023841858,1.2239602707226198,0.3415247529786263,2.1063957884666134,random,2035,hybrid_concat,edge_gnn,rdkit,concat,77abfcdbb281d08df2e9fb09cf84b2a648ea9008
