dataset,molecule_id,smiles,property,units,partition,scaffold,y_true,y_pred,prediction_lower,prediction_upper,split_strategy,seed,model,family,features,fusion,git_commit
esol,da61f9c875766442,BrC(Br)(Br)Br,aqueous_solubility,log10(mol/L),calibration,,-3.140000104904175,-4.528172835126033,-5.70668357436525,-3.3496620958868153,random,2030,edge_gnn,edge_gnn,none,none,721e3c494613d3aa378fb20e47d69b51245b538e
esol,033a6d997321375a,BrC(Br)Br,aqueous_solubility,log10(mol/L),train,,-1.909999966621399,-2.2660151108741444,-3.444525850113362,-1.0875043716349269,random,2030,edge_gnn,edge_gnn,none,none,721e3c494613d3aa378fb20e47d69b51245b538e
esol,9ab68a3afbba9fc0,BrCBr,aqueous_solubility,log10(mol/L),train,,-1.1699999570846558,-0.5270879713034722,-1.7055987105426897,0.6514227679357454,random,2030,edge_gnn,edge_gnn,none,none,721e3c494613d3aa378fb20e47d69b51245b538e
esol,bd914b232803b250,BrCCBr,aqueous_solubility,log10(mol/L),train,,-1.6799999475479126,-2.01049028221193,-3.1890010214511477,-0.8319795429727126,random,2030,edge_gnn,edge_gnn,none,none,721e3c494613d3aa378fb20e47d69b51245b538e
esol,77a4ca2bbfb75522,Brc1cc(Br)c(Br)cc1Br,aqueous_solubility,log10(mol/L),train,,-6.980000019073486,-1.4417187636343154,-2.620229502873533,-0.26320802439509783,random,2030,edge_gnn,edge_gnn,none,none,721e3c494613d3aa378fb20e47d69b51245b538e
esol,21cbcc346182e499,Brc1cc(Br)cc(Br)c1,aqueous_solubility,log10(mol/L),test,,-5.599999904632568,-6.046228776067069,-7.224739515306287,-4.867718036827852,random,2030,edge_gnn,edge_gnn,none,none,721e3c494613d3aa378fb20e47d69b51245b538e
esol,599294ce62557e5e,Brc1ccc(Br)c(Br)c1,aqueous_solubility,log10(mol/L),validation,,-4.5,-5.739602413168317,-6.9181131524075345,-4.561091673929099,random,2030,edge_gnn,edge_gnn,none,none,721e3c494613d3aa378fb20e47d69b51245b538e
esol,5e05b0f3e484f559,Brc1ccc(Br)cc1,aqueous_solubility,log10(mol/L),train,,-4.070000171661377,-3.9201247550475045,-5.098635494286722,-2.741614015808287,random,2030,edge_gnn,edge_gnn,none,none,721e3c494613d3aa378fb20e47d69b51245b538e
esol,bbdc3f8b7bb7f0e8,Brc1ccc(I)cc1,aqueous_solubility,log10(mol/L),train,,-4.559999942779541,-4.346930052485499,-5.525440791724717,-3.1684193132462815,random,2030,edge_gnn,edge_gnn,none,none,721e3c494613d3aa378fb20e47d69b51245b538e
esol,30d2b25ba1f64487,Brc1ccc2ccccc2c1,aqueous_solubility,log10(mol/L),train,,-4.400000095367432,-2.7170944571010898,-3.8956051963403073,-1.5385837178618722,random,2030,edge_gnn,edge_gnn,none,none,721e3c494613d3aa378fb20e47d69b51245b538e
esol,e49ac581c1a589b2,Brc1cccc(Br)c1,aqueous_solubility,log10(mol/L),train,,-3.5399999618530273,-1.7765231327035163,-2.955033871942734,-0.5980123934642987,random,2030,edge_gnn,edge_gnn,none,none,721e3c494613d3aa378fb20e47d69b51245b538e
esol,4ec2811097081ab4,Brc1cccc2ccccc12,aqueous_solubility,log10(mol/L),calibration,,-4.349999904632568,-4.927098111442378,-6.1056088506815955,-3.7485873722031604,random,2030,edge_gnn,edge_gnn,none,none,721e3c494613d3aa378fb20e47d69b51245b538e
esol,0397bd2cd69b335c,Brc1ccccc1,aqueous_solubility,log10(mol/L),validation,,-2.549999952316284,-2.672724899656047,-3.8512356388952647,-1.4942141604168295,random,2030,edge_gnn,edge_gnn,none,none,721e3c494613d3aa378fb20e47d69b51245b538e
esol,324f80b71abb8f48,Brc1ccccc1Br,aqueous_solubility,log10(mol/L),validation,,-3.5,-4.14042338587698,-5.318934125116198,-2.9619126466377628,random,2030,edge_gnn,edge_gnn,none,none,721e3c494613d3aa378fb20e47d69b51245b538e
esol,ef653be8d856a3e3,C,aqueous_solubility,log10(mol/L),train,,-0.8999999761581421,-2.5134503140985234,-3.691961053337741,-1.3349395748593058,random,2030,edge_gnn,edge_gnn,none,none,721e3c494613d3aa378fb20e47d69b51245b538e
esol,1e62faae86ae77c5,C#C,aqueous_solubility,log10(mol/L),test,,0.28999999165534973,-0.09158496716802622,-1.2700957064072438,1.0869257720711913,random,2030,edge_gnn,edge_gnn,none,none,721e3c494613d3aa378fb20e47d69b51245b538e
esol,be01c31d44889bd9,C#CC,aqueous_solubility,log10(mol/L),train,,-0.4099999964237213,-1.9752513424274867,-3.153762081666704,-0.7967406031882691,random,2030,edge_gnn,edge_gnn,none,none,721e3c494613d3aa378fb20e47d69b51245b538e
esol,418e7591029ea69f,C#CC(C)N(C)C(=O)Nc1ccc(Cl)cc1,aqueous_solubility,log10(mol/L),train,,-3.9000000953674316,-1.7793025182285376,-2.9578132574677554,-0.60079177898932,random,2030,edge_gnn,edge_gnn,none,none,721e3c494613d3aa378fb20e47d69b51245b538e
esol,9ab8feee6b5a7528,C#CC(C)OC(=O)Nc1cccc(Cl)c1,aqueous_solubility,log10(mol/L),validation,,-2.617000102996826,-4.029455305446701,-5.207966044685919,-2.8509445662074837,random,2030,edge_gnn,edge_gnn,none,none,721e3c494613d3aa378fb20e47d69b51245b538e
esol,254e2b1734e74745,C#CC1(O)CCC2C3CCC4=CC(=O)CCC4(C)C3CCC21C,aqueous_solubility,log10(mol/L),train,,-5.659999847412109,-4.948744795021211,-6.127255534260429,-3.7702340557819936,random,2030,edge_gnn,edge_gnn,none,none,721e3c494613d3aa378fb20e47d69b51245b538e
esol,8df5408ffcddd97a,C#CC1(O)CCC2C3CCC4=CC(=O)CCC4(O)C3CCC21C,aqueous_solubility,log10(mol/L),train,,-4.570000171661377,-0.1530200980799079,-1.3315308373191255,1.0254906411593097,random,2030,edge_gnn,edge_gnn,none,none,721e3c494613d3aa378fb20e47d69b51245b538e
esol,1e8401e159a17ddb,C#CC1(O)CCC2C3CCC4=Cc5oncc5CC4(C)C3CCC21C,aqueous_solubility,log10(mol/L),train,,-5.506999969482422,-1.8441490859332161,-3.0226598251724335,-0.6656383466939986,random,2030,edge_gnn,edge_gnn,none,none,721e3c494613d3aa378fb20e47d69b51245b538e
esol,0ede43d08b0b685a,C#CC1(O)CCC2C3CCc4cc(O)ccc4C3CCC21C,aqueous_solubility,log10(mol/L),train,,-4.300000190734863,-1.9375536475166346,-3.116064386755852,-0.759042908277417,random,2030,edge_gnn,edge_gnn,none,none,721e3c494613d3aa378fb20e47d69b51245b538e
esol,f6f3f8ce45fa9dfa,C#CC1(OC(C)=O)CCC2C3CCC4=CC(=O)CCC4C3CCC21C,aqueous_solubility,log10(mol/L),train,,-4.800000190734863,-1.06207571882881,-2.2405864580680275,0.11643502041040765,random,2030,edge_gnn,edge_gnn,none,none,721e3c494613d3aa378fb20e47d69b51245b538e
esol,3e31eac302cfd8fc,C#CCC,aqueous_solubility,log10(mol/L),validation,,-1.2400000095367432,-0.9044172795319323,-2.08292801877115,0.27409345970728527,random,2030,edge_gnn,edge_gnn,none,none,721e3c494613d3aa378fb20e47d69b51245b538e
esol,ef58f1c4944033aa,C#CCCC,aqueous_solubility,log10(mol/L),train,,-1.6399999856948853,-2.11969997330683,-3.2982107125460476,-0.9411892340676125,random,2030,edge_gnn,edge_gnn,none,none,721e3c494613d3aa378fb20e47d69b51245b538e
esol,9df9f03554f45e69,C#CCCCC,aqueous_solubility,log10(mol/L),train,,-2.359999895095825,-8.086736024108275,-9.265246763347491,-6.908225284869057,random,2030,edge_gnn,edge_gnn,none,none,721e3c494613d3aa378fb20e47d69b51245b538e
esol,0b51237b33e42d49,C#CCCCCC,aqueous_solubility,log10(mol/L),validation,,-3.009999990463257,-3.120045906301061,-4.298556645540279,-1.9415351670618435,random,2030,edge_gnn,edge_gnn,none,none,721e3c494613d3aa378fb20e47d69b51245b538e
esol,48de0e30b5d246ce,C#CCCCCCC,aqueous_solubility,log10(mol/L),validation,,-3.6600000858306885,-3.9025660932812443,-5.081076832520462,-2.7240553540420267,random,2030,edge_gnn,edge_gnn,none,none,721e3c494613d3aa378fb20e47d69b51245b538e
esol,a3e71f83f986b969,C#CCCCCCCC,aqueous_solubility,log10(mol/L),train,,-4.239999771118164,-2.48954616038285,-3.6680568996220675,-1.3110354211436324,random,2030,edge_gnn,edge_gnn,none,none,721e3c494613d3aa378fb20e47d69b51245b538e
esol,004b9675aac80e82,C/C=C/C=O,aqueous_solubility,log10(mol/L),train,,0.3199999928474426,-0.026366359705130016,-1.2048770989443476,1.1521443795340875,random,2030,edge_gnn,edge_gnn,none,none,721e3c494613d3aa378fb20e47d69b51245b538e
esol,0923717a6761fd77,C/C=C/CC,aqueous_solubility,log10(mol/L),train,,-2.5399999618530273,-3.025338716701873,-4.203849455941091,-1.8468279774626555,random,2030,edge_gnn,edge_gnn,none,none,721e3c494613d3aa378fb20e47d69b51245b538e
esol,c57120d38c0a4a68,C/C=C/CCCC,aqueous_solubility,log10(mol/L),validation,,-3.819999933242798,-3.4515065538505145,-4.6300172930897325,-2.272995814611297,random,2030,edge_gnn,edge_gnn,none,none,721e3c494613d3aa378fb20e47d69b51245b538e
esol,26ab7efc03939d8f,C/C=C\CC,aqueous_solubility,log10(mol/L),train,,-2.5399999618530273,-2.1987007046715443,-3.377211443910762,-1.0201899654323268,random,2030,edge_gnn,edge_gnn,none,none,721e3c494613d3aa378fb20e47d69b51245b538e
esol,5cd7d49aba9a7e17,C1=CCC=CC1,aqueous_solubility,log10(mol/L),train,,-2.059999942779541,-2.819868090617064,-3.9983788298562817,-1.6413573513778466,random,2030,edge_gnn,edge_gnn,none,none,721e3c494613d3aa378fb20e47d69b51245b538e
esol,1d7f56772c078bb9,C1=CCCC1,aqueous_solubility,log10(mol/L),train,,-2.0999999046325684,-3.7365201696556696,-4.915030908894887,-2.558009430416452,random,2030,edge_gnn,edge_gnn,none,none,721e3c494613d3aa378fb20e47d69b51245b538e
esol,abde13413c473f18,C1=CCCCC1,aqueous_solubility,log10(mol/L),train,,-2.5899999141693115,-2.4150047336412994,-3.593515472880517,-1.2364939944020819,random,2030,edge_gnn,edge_gnn,none,none,721e3c494613d3aa378fb20e47d69b51245b538e
esol,bb8c20b84fd920a2,C1=CCCCCC1,aqueous_solubility,log10(mol/L),train,,-3.180000066757202,-0.8599327291266943,-2.038443468365912,0.3185780101125233,random,2030,edge_gnn,edge_gnn,none,none,721e3c494613d3aa378fb20e47d69b51245b538e
esol,95b87f4f4f2bb613,C1=Cc2cccc3cccc1c23,aqueous_solubility,log10(mol/L),train,,-3.9600000381469727,-2.825497825507052,-4.00400856474627,-1.6469870862678344,random,2030,edge_gnn,edge_gnn,none,none,721e3c494613d3aa378fb20e47d69b51245b538e
esol,5c3986bd23acb32d,C1CCC2CCCCC2C1,aqueous_solubility,log10(mol/L),train,,-5.190000057220459,-4.011484611855979,-5.189995351095196,-2.832973872616761,random,2030,edge_gnn,edge_gnn,none,none,721e3c494613d3aa378fb20e47d69b51245b538e
esol,7c5d26a49231e799,C1CCCC1,aqueous_solubility,log10(mol/L),calibration,,-2.640000104904175,-3.8185108441433924,-4.99702158338261,-2.640000104904175,random,2030,edge_gnn,edge_gnn,none,none,721e3c494613d3aa378fb20e47d69b51245b538e
esol,4d70c6ce3ea26712,C1CCCCC1,aqueous_solubility,log10(mol/L),train,,-3.0999999046325684,-4.489365265758443,-5.667876004997661,-3.3108545265192255,random,2030,edge_gnn,edge_gnn,none,none,721e3c494613d3aa378fb20e47d69b51245b538e
esol,70cfcad6dba4b5a4,C1CCCCCC1,aqueous_solubility,log10(mol/L),train,,-3.509999990463257,-4.429212530283076,-5.607723269522293,-3.2507017910438583,random,2030,edge_gnn,edge_gnn,none,none,721e3c494613d3aa378fb20e47d69b51245b538e
esol,3049de5674a74cb5,C1CCCCCCC1,aqueous_solubility,log10(mol/L),train,,-4.150000095367432,-3.8810599496449862,-5.059570688884204,-2.7025492104057687,random,2030,edge_gnn,edge_gnn,none,none,721e3c494613d3aa378fb20e47d69b51245b538e
esol,ec599f0cbd5e780b,C1CCOC1,aqueous_solubility,log10(mol/L),train,,0.49000000953674316,-4.843404430953917,-6.021915170193134,-3.664893691714699,random,2030,edge_gnn,edge_gnn,none,none,721e3c494613d3aa378fb20e47d69b51245b538e
esol,6ee75a2f4b64ffb0,C1CCOCC1,aqueous_solubility,log10(mol/L),train,,-0.029999999329447746,-2.249123004571615,-3.4276337438108326,-1.0706122653323975,random,2030,edge_gnn,edge_gnn,none,none,721e3c494613d3aa378fb20e47d69b51245b538e
esol,dbdd245cf7f7502f,C=C,aqueous_solubility,log10(mol/L),validation,,-0.4000000059604645,-1.4636428685181062,-2.642153607757324,-0.28513212927888865,random,2030,edge_gnn,edge_gnn,none,none,721e3c494613d3aa378fb20e47d69b51245b538e
esol,1ff48e0fc1bb46f2,C=C(Br)CC1(C(C)CC)C(=O)NC(=O)NC1=O,aqueous_solubility,log10(mol/L),calibration,,-2.6470000743865967,-2.726292884653192,-3.9048036238924095,-1.5477821454139744,random,2030,edge_gnn,edge_gnn,none,none,721e3c494613d3aa378fb20e47d69b51245b538e
esol,e7c10ec7ffa2f500,C=C(C)C,aqueous_solubility,log10(mol/L),train,,-2.3299999237060547,-1.425044847485003,-2.6035555867242204,-0.24653410824578548,random,2030,edge_gnn,edge_gnn,none,none,721e3c494613d3aa378fb20e47d69b51245b538e
esol,1e7286c23334c464,C=C(C)C(=C)C,aqueous_solubility,log10(mol/L),validation,,-2.4000000953674316,-2.9329187389733336,-4.111429478212552,-1.754407999734116,random,2030,edge_gnn,edge_gnn,none,none,721e3c494613d3aa378fb20e47d69b51245b538e
esol,2b835da78b020754,C=C(C)C1CC=C(C)C(=O)C1,aqueous_solubility,log10(mol/L),train,,-2.059999942779541,-1.856697132888652,-3.0352078721278692,-0.6781863936494343,random,2030,edge_gnn,edge_gnn,none,none,721e3c494613d3aa378fb20e47d69b51245b538e
esol,9920e0d07ed28e13,C=C(C)C1CC=C(C)CC1,aqueous_solubility,log10(mol/L),train,,-4.260000228881836,-1.7208455977514603,-2.899356336990678,-0.5423348585122427,random,2030,edge_gnn,edge_gnn,none,none,721e3c494613d3aa378fb20e47d69b51245b538e
esol,9ce3bd89adca3155,C=C(C)C1Cc2c(ccc3c2OC2COc4cc(OC)c(OC)cc4C2C3=O)O1,aqueous_solubility,log10(mol/L),train,,-4.420000076293945,-4.166296991157772,-5.344807730396989,-2.9877862519185543,random,2030,edge_gnn,edge_gnn,none,none,721e3c494613d3aa378fb20e47d69b51245b538e
esol,c8d3a1f414f5bcce,C=C(C)CC,aqueous_solubility,log10(mol/L),train,,-2.7300000190734863,-1.9789952053860693,-3.157505944625287,-0.8004844661468518,random,2030,edge_gnn,edge_gnn,none,none,721e3c494613d3aa378fb20e47d69b51245b538e
esol,08ff67a090d72c26,C=C(C)CCC,aqueous_solubility,log10(mol/L),test,,-3.0299999713897705,-3.059104384090093,-4.237615123329311,-1.8805936448508755,random,2030,edge_gnn,edge_gnn,none,none,721e3c494613d3aa378fb20e47d69b51245b538e
esol,43ca2dece41f5eb7,C=C(C)CN(CC)c1c([N+](=O)[O-])cc(C(F)(F)F)cc1[N+](=O)[O-],aqueous_solubility,log10(mol/L),train,,-6.124000072479248,-2.742396251529348,-3.9209069907685654,-1.5638855122901303,random,2030,edge_gnn,edge_gnn,none,none,721e3c494613d3aa378fb20e47d69b51245b538e
esol,49db12929fad29a3,C=C(Cl)CSC(=S)N(CC)CC,aqueous_solubility,log10(mol/L),train,,-3.390000104904175,-0.3138747487279008,-1.4923854879671183,0.8646359905113168,random,2030,edge_gnn,edge_gnn,none,none,721e3c494613d3aa378fb20e47d69b51245b538e
esol,17bd196156d45488,C=C(Cl)Cl,aqueous_solubility,log10(mol/L),train,,-1.6399999856948853,-3.7641390438463214,-4.942649783085539,-2.585628304607104,random,2030,edge_gnn,edge_gnn,none,none,721e3c494613d3aa378fb20e47d69b51245b538e
esol,4374b7441e7baae0,C=CC,aqueous_solubility,log10(mol/L),train,,-1.0800000429153442,-3.735118239573204,-4.913628978812421,-2.5566075003339863,random,2030,edge_gnn,edge_gnn,none,none,721e3c494613d3aa378fb20e47d69b51245b538e
esol,b3adba63532cb668,C=CC#N,aqueous_solubility,log10(mol/L),train,,0.15000000596046448,-3.9836643265178213,-5.162175065757038,-2.8051535872786038,random,2030,edge_gnn,edge_gnn,none,none,721e3c494613d3aa378fb20e47d69b51245b538e
esol,2c3f4ff07d8cd113,C=CC(=C)C,aqueous_solubility,log10(mol/L),train,,-2.0299999713897705,-3.6371375511163295,-4.815648290355547,-2.458626811877112,random,2030,edge_gnn,edge_gnn,none,none,721e3c494613d3aa378fb20e47d69b51245b538e
esol,4813864c1e8d653b,C=CC(=O)OC,aqueous_solubility,log10(mol/L),train,,-0.2199999988079071,-2.4351241492265823,-3.6136348884658,-1.2566134099873647,random,2030,edge_gnn,edge_gnn,none,none,721e3c494613d3aa378fb20e47d69b51245b538e
esol,64f6eee3339816ef,C=CC(C)(O)CCC=C(C)C,aqueous_solubility,log10(mol/L),train,,-1.9900000095367432,-4.11608789817238,-5.294598637411598,-2.9375771589331627,random,2030,edge_gnn,edge_gnn,none,none,721e3c494613d3aa378fb20e47d69b51245b538e
esol,2e0d4bc22e47200f,C=CC(C)C,aqueous_solubility,log10(mol/L),validation,,-2.7300000190734863,-2.4674755861334132,-3.645986325372631,-1.2889648468941957,random,2030,edge_gnn,edge_gnn,none,none,721e3c494613d3aa378fb20e47d69b51245b538e
esol,a7f910903d65c55d,C=CC(O)CCC,aqueous_solubility,log10(mol/L),train,,-0.5899999737739563,-2.6797505721264603,-3.858261311365678,-1.5012398328872427,random,2030,edge_gnn,edge_gnn,none,none,721e3c494613d3aa378fb20e47d69b51245b538e
esol,9c5c4be6a611f0d4,C=CC1(C)OC(=O)N(c2cc(Cl)cc(Cl)c2)C1=O,aqueous_solubility,log10(mol/L),train,,-4.925000190734863,-4.808339210649658,-5.986849949888875,-3.6298284714104403,random,2030,edge_gnn,edge_gnn,none,none,721e3c494613d3aa378fb20e47d69b51245b538e
esol,5f725e80c7d4ca6e,C=CC=C,aqueous_solubility,log10(mol/L),train,,-1.8700000047683716,-8.086667394190176,-9.265178133429394,-6.908156654950958,random,2030,edge_gnn,edge_gnn,none,none,721e3c494613d3aa378fb20e47d69b51245b538e
esol,7e5d57bf31e51f3b,C=CC=O,aqueous_solubility,log10(mol/L),train,,0.5699999928474426,-3.3431114014802437,-4.521622140719462,-2.164600662241026,random,2030,edge_gnn,edge_gnn,none,none,721e3c494613d3aa378fb20e47d69b51245b538e
esol,0c125e154592b036,C=CCC,aqueous_solubility,log10(mol/L),train,,-1.940000057220459,-4.08614178850535,-5.264652527744568,-2.907631049266133,random,2030,edge_gnn,edge_gnn,none,none,721e3c494613d3aa378fb20e47d69b51245b538e
esol,d82c07a526a33d28,C=CCC1(C(C)C)C(=O)NC(=O)NC1=O,aqueous_solubility,log10(mol/L),train,,-1.7079999446868896,-4.611300571106063,-5.78981131034528,-3.4327898318668453,random,2030,edge_gnn,edge_gnn,none,none,721e3c494613d3aa378fb20e47d69b51245b538e
esol,0a25a747148c7a1f,C=CCC1(C(C)CC)C(=O)NC(=O)NC1=O,aqueous_solubility,log10(mol/L),train,,-2.0160000324249268,-6.1926653406494,-7.371176079888618,-5.0141546014101825,random,2030,edge_gnn,edge_gnn,none,none,721e3c494613d3aa378fb20e47d69b51245b538e
esol,755de189a5985744,C=CCC1(C(C)CCC)C(=O)NC(=O)NC1=O,aqueous_solubility,log10(mol/L),validation,,-2.3559999465942383,-2.623507660376693,-3.8020183996159105,-1.4449969211374754,random,2030,edge_gnn,edge_gnn,none,none,721e3c494613d3aa378fb20e47d69b51245b538e
esol,2377f869d0ed780c,C=CCC1(C(C)CCC)C(=O)NC(=S)NC1=O,aqueous_solubility,log10(mol/L),train,,-3.4600000381469727,-5.164474111505866,-6.342984850745084,-3.9859633722666485,random,2030,edge_gnn,edge_gnn,none,none,721e3c494613d3aa378fb20e47d69b51245b538e
esol,1f2305f058bbb67d,C=CCC1(C)C(=O)NC(=O)NC1=O,aqueous_solubility,log10(mol/L),train,,-1.159999966621399,-5.8878478302611,-7.066358569500317,-4.709337091021882,random,2030,edge_gnn,edge_gnn,none,none,721e3c494613d3aa378fb20e47d69b51245b538e
esol,b2789fcdce54841c,C=CCC1(CC)C(=O)NC(=O)NC1=O,aqueous_solubility,log10(mol/L),calibration,,-1.6139999628067017,-2.028268458789753,-3.2067791980289706,-0.8497577195505355,random,2030,edge_gnn,edge_gnn,none,none,721e3c494613d3aa378fb20e47d69b51245b538e
esol,d7c2057651e25e8d,C=CCC1(CC=C)C(=O)NC(=O)NC1=O,aqueous_solubility,log10(mol/L),train,,-2.0769999027252197,-3.8257652409548193,-5.004275980194037,-2.6472545017156017,random,2030,edge_gnn,edge_gnn,none,none,721e3c494613d3aa378fb20e47d69b51245b538e
esol,09c2f35273cfdcb6,C=CCC1(c2ccccc2)C(=O)NC(=O)NC1=O,aqueous_solubility,log10(mol/L),train,,-2.36899995803833,-0.8005867736627881,-1.9790975129020056,0.3779239655764295,random,2030,edge_gnn,edge_gnn,none,none,721e3c494613d3aa378fb20e47d69b51245b538e
esol,924236428a2d77f9,C=CCC=C,aqueous_solubility,log10(mol/L),validation,,-2.0899999141693115,-1.9071127464180253,-3.085623485657243,-0.7286020071788077,random,2030,edge_gnn,edge_gnn,none,none,721e3c494613d3aa378fb20e47d69b51245b538e
esol,20d95e6e0ed5a2ad,C=CCCC,aqueous_solubility,log10(mol/L),train,,-2.680000066757202,-2.029221708166861,-3.2077324474060784,-0.8507109689276433,random,2030,edge_gnn,edge_gnn,none,none,721e3c494613d3aa378fb20e47d69b51245b538e
esol,4e33c9c7d0f0a61e,C=CCCC=C,aqueous_solubility,log10(mol/L),train,,-2.680000066757202,-5.08506954858264,-6.263580287821857,-3.906558809343422,random,2030,edge_gnn,edge_gnn,none,none,721e3c494613d3aa378fb20e47d69b51245b538e
esol,59d1e0b0ecbe24ff,C=CCCCC,aqueous_solubility,log10(mol/L),train,,-3.2300000190734863,-3.2435491655771327,-4.422059904816351,-2.065038426337915,random,2030,edge_gnn,edge_gnn,none,none,721e3c494613d3aa378fb20e47d69b51245b538e
esol,21083084379f0a6c,C=CCCCCC,aqueous_solubility,log10(mol/L),test,,-3.7300000190734863,-3.596157226667052,-4.77466796590627,-2.4176464874278345,random,2030,edge_gnn,edge_gnn,none,none,721e3c494613d3aa378fb20e47d69b51245b538e
esol,25723488a4ed1346,C=CCCCCCC,aqueous_solubility,log10(mol/L),calibration,,-4.440000057220459,-4.213321983954065,-5.391832723193283,-3.034811244714848,random,2030,edge_gnn,edge_gnn,none,none,721e3c494613d3aa378fb20e47d69b51245b538e
esol,2667126ae7a1dd89,C=CCCCCCCC,aqueous_solubility,log10(mol/L),train,,-5.050000190734863,-5.296445911585595,-6.474956650824812,-4.117935172346377,random,2030,edge_gnn,edge_gnn,none,none,721e3c494613d3aa378fb20e47d69b51245b538e
esol,438c34629e40839e,C=CCCCCCCCC,aqueous_solubility,log10(mol/L),train,,-5.510000228881836,-4.410787668116707,-5.589298407355924,-3.2322769288774893,random,2030,edge_gnn,edge_gnn,none,none,721e3c494613d3aa378fb20e47d69b51245b538e
esol,fb7e490aa1b4d51e,C=CCCCO,aqueous_solubility,log10(mol/L),train,,-0.15000000596046448,0.8823313509745745,-0.2961793882646431,2.060842090213792,random,2030,edge_gnn,edge_gnn,none,none,721e3c494613d3aa378fb20e47d69b51245b538e
esol,14bb3c94959a3803,C=CCSS(=O)CC=C,aqueous_solubility,log10(mol/L),test,,-0.8299999833106995,-1.470570327034036,-2.6490810662732533,-0.29205958779481844,random,2030,edge_gnn,edge_gnn,none,none,721e3c494613d3aa378fb20e47d69b51245b538e
esol,2a16db7cc18684b8,C=CCc1ccc(O)c(OC)c1,aqueous_solubility,log10(mol/L),validation,,-1.559999942779541,-2.0549649292190604,-3.233475668458278,-0.8764541899798428,random,2030,edge_gnn,edge_gnn,none,none,721e3c494613d3aa378fb20e47d69b51245b538e
esol,766b85d6ebc35451,C=CCc1ccc(OC)cc1,aqueous_solubility,log10(mol/L),train,,-2.9200000762939453,-4.201768566179297,-5.380279305418514,-3.023257826940079,random,2030,edge_gnn,edge_gnn,none,none,721e3c494613d3aa378fb20e47d69b51245b538e
esol,196ca171baf9b009,C=CCl,aqueous_solubility,log10(mol/L),train,,-1.75,-2.41079799720937,-3.5893087364485874,-1.2322872579701523,random,2030,edge_gnn,edge_gnn,none,none,721e3c494613d3aa378fb20e47d69b51245b538e
esol,a264ecb5a75262c6,C=COCC,aqueous_solubility,log10(mol/L),train,,-0.8500000238418579,-5.6780524785331465,-6.856563217772364,-4.499541739293929,random,2030,edge_gnn,edge_gnn,none,none,721e3c494613d3aa378fb20e47d69b51245b538e
esol,45e8e1638633d646,C=Cc1ccccc1,aqueous_solubility,log10(mol/L),train,,-2.819999933242798,-7.497280217779416,-8.675790957018634,-6.318769478540198,random,2030,edge_gnn,edge_gnn,none,none,721e3c494613d3aa378fb20e47d69b51245b538e
esol,2ed9dd6e3dc3579d,CBr,aqueous_solubility,log10(mol/L),train,,-0.7900000214576721,-7.300380478125206,-8.478891217364424,-6.121869738885988,random,2030,edge_gnn,edge_gnn,none,none,721e3c494613d3aa378fb20e47d69b51245b538e
esol,2bf59afa2658a8ce,CC,aqueous_solubility,log10(mol/L),train,,-1.3600000143051147,-6.574433389757182,-7.7529441289964,-5.3959226505179645,random,2030,edge_gnn,edge_gnn,none,none,721e3c494613d3aa378fb20e47d69b51245b538e
esol,780406fdddd47378,CC#N,aqueous_solubility,log10(mol/L),validation,,0.25999999046325684,1.515420646261084,0.3369099070218664,2.6939313855003015,random,2030,edge_gnn,edge_gnn,none,none,721e3c494613d3aa378fb20e47d69b51245b538e
esol,9e0bb6837efcdbd1,CC(=O)C(C)(C)C,aqueous_solubility,log10(mol/L),train,,-0.7200000286102295,-3.662480914585053,-4.84099165382427,-2.4839701753458354,random,2030,edge_gnn,edge_gnn,none,none,721e3c494613d3aa378fb20e47d69b51245b538e
esol,6650bf346297661f,CC(=O)C(C)C,aqueous_solubility,log10(mol/L),validation,,-0.11999999731779099,-0.14475423000313414,-1.3232649692423517,1.0337565092360834,random,2030,edge_gnn,edge_gnn,none,none,721e3c494613d3aa378fb20e47d69b51245b538e
esol,4ed306073e855fe0,CC(=O)C1(C)CCC2C3C=C(C)C4=CC(=O)CCC4(C)C3CCC21C,aqueous_solubility,log10(mol/L),calibration,,-5.269999980926514,-4.524392386365523,-5.702903125604741,-3.3458816471263058,random,2030,edge_gnn,edge_gnn,none,none,721e3c494613d3aa378fb20e47d69b51245b538e
esol,48d6efa11e6c3778,CC(=O)C1(O)CCC2C3CC(C)C4=CC(=O)C=CC4(C)C3(F)C(O)CC21C,aqueous_solubility,log10(mol/L),train,,-4.098999977111816,-4.03993436222419,-5.2184451014634075,-2.8614236229849723,random,2030,edge_gnn,edge_gnn,none,none,721e3c494613d3aa378fb20e47d69b51245b538e
esol,9a642a5271eefbe6,CC(=O)C1(O)CCC2C3CCC4=CC(=O)CCC4(C)C3CCC21C,aqueous_solubility,log10(mol/L),train,,-3.816999912261963,-2.19810504996879,-3.3766157892080075,-1.0195943107295724,random,2030,edge_gnn,edge_gnn,none,none,721e3c494613d3aa378fb20e47d69b51245b538e
esol,442739c64f9533c1,CC(=O)C1CCC2C3CC=C4CC(O)CCC4(C)C3CCC12C,aqueous_solubility,log10(mol/L),train,,-4.650000095367432,-3.505058453710605,-4.683569192949823,-2.3265477144713875,random,2030,edge_gnn,edge_gnn,none,none,721e3c494613d3aa378fb20e47d69b51245b538e
esol,e9e2dbb6336bc14a,CC(=O)C1CCC2C3CCC4=CC(=O)CCC4(C)C3CCC12C,aqueous_solubility,log10(mol/L),train,,-4.420000076293945,-0.29459075100593335,-1.473101490245151,0.8839199882332842,random,2030,edge_gnn,edge_gnn,none,none,721e3c494613d3aa378fb20e47d69b51245b538e
esol,ac763713bd71395e,CC(=O)CC(C)C,aqueous_solubility,log10(mol/L),train,,-0.7400000095367432,-4.331562249464985,-5.510072988704202,-3.153051510225767,random,2030,edge_gnn,edge_gnn,none,none,721e3c494613d3aa378fb20e47d69b51245b538e
esol,c350650ed5ccd420,CC(=O)CC(c1ccc(Cl)cc1)c1c(O)c2ccccc2oc1=O,aqueous_solubility,log10(mol/L),train,,-5.839000225067139,-1.5040878417588401,-2.6825985809980577,-0.3255771025196226,random,2030,edge_gnn,edge_gnn,none,none,721e3c494613d3aa378fb20e47d69b51245b538e
esol,f79626af0f93f0fc,CC(=O)CC(c1ccccc1)c1c(O)c2ccccc2oc1=O,aqueous_solubility,log10(mol/L),train,,-3.8929998874664307,-5.1047152411119345,-6.283225980351152,-3.926204501872717,random,2030,edge_gnn,edge_gnn,none,none,721e3c494613d3aa378fb20e47d69b51245b538e
esol,520e9565d0ff63f1,CC(=O)CCC1C(=O)N(c2ccccc2)N(c2ccccc2)C1=O,aqueous_solubility,log10(mol/L),train,,-3.2699999809265137,-2.17104007220352,-3.3495508114427377,-0.9925293329643026,random,2030,edge_gnn,edge_gnn,none,none,721e3c494613d3aa378fb20e47d69b51245b538e
esol,68045fdd244fe104,CC(=O)N(C)C,aqueous_solubility,log10(mol/L),train,,1.1100000143051147,-2.6538527445216347,-3.8323634837608522,-1.475342005282417,random,2030,edge_gnn,edge_gnn,none,none,721e3c494613d3aa378fb20e47d69b51245b538e
esol,750f6483d79efce4,CC(=O)N(c1onc(C)c1C)S(=O)c1ccc(N)cc1,aqueous_solubility,log10(mol/L),train,,-3.5899999141693115,-4.67919309605808,-5.857703835297298,-3.5006823568188628,random,2030,edge_gnn,edge_gnn,none,none,721e3c494613d3aa378fb20e47d69b51245b538e
esol,e8f62548f9fb3dff,CC(=O)Nc1cc(NS(=O)(=O)C(F)(F)F)c(C)cc1C,aqueous_solubility,log10(mol/L),train,,-3.240000009536743,-4.500823308132326,-5.679334047371544,-3.3223125688931088,random,2030,edge_gnn,edge_gnn,none,none,721e3c494613d3aa378fb20e47d69b51245b538e
esol,bc0455dc968fbfd2,CC(=O)Nc1ccc(Br)cc1,aqueous_solubility,log10(mol/L),train,,-3.0829999446868896,-1.0761483844611048,-2.254659123700322,0.10236235477811273,random,2030,edge_gnn,edge_gnn,none,none,721e3c494613d3aa378fb20e47d69b51245b538e
esol,ddc4ca1b44741167,CC(=O)Nc1ccc(Cl)cc1,aqueous_solubility,log10(mol/L),test,,-2.8429999351501465,-2.0682748439601437,-3.2467855831993613,-0.8897641047209262,random,2030,edge_gnn,edge_gnn,none,none,721e3c494613d3aa378fb20e47d69b51245b538e
esol,3213dd41893f5ff5,CC(=O)Nc1ccc(F)cc1,aqueous_solubility,log10(mol/L),train,,-1.7799999713897705,-5.54351260747401,-6.722023346713228,-4.365001868234793,random,2030,edge_gnn,edge_gnn,none,none,721e3c494613d3aa378fb20e47d69b51245b538e
esol,364ed725e437517c,CC(=O)Nc1ccc(O)cc1,aqueous_solubility,log10(mol/L),test,,-1.0299999713897705,-1.16935576118793,-2.3478665004271475,0.009154978051287621,random,2030,edge_gnn,edge_gnn,none,none,721e3c494613d3aa378fb20e47d69b51245b538e
esol,44c52563864e600c,CC(=O)Nc1ccc([N+](=O)[O-])cc1,aqueous_solubility,log10(mol/L),test,,-2.691999912261963,-1.9324354199849694,-3.110946159224187,-0.7539246807457518,random,2030,edge_gnn,edge_gnn,none,none,721e3c494613d3aa378fb20e47d69b51245b538e
esol,9b680b4bccdaf6ee,CC(=O)Nc1ccccc1,aqueous_solubility,log10(mol/L),train,,-1.3300000429153442,0.8583520071280439,-0.3201587321111736,2.0368627463672615,random,2030,edge_gnn,edge_gnn,none,none,721e3c494613d3aa378fb20e47d69b51245b538e
esol,04b69a71ae0c35a6,CC(=O)Nc1nnc(S(N)(=O)=O)s1,aqueous_solubility,log10(mol/L),train,,-2.359999895095825,-5.212476954477116,-6.390987693716333,-4.033966215237898,random,2030,edge_gnn,edge_gnn,none,none,721e3c494613d3aa378fb20e47d69b51245b538e
esol,0787d7077078fa64,CC(=O)OC(C)C,aqueous_solubility,log10(mol/L),calibration,,-0.550000011920929,-0.12386146625987493,-1.3023722054990925,1.0546492729793426,random,2030,edge_gnn,edge_gnn,none,none,721e3c494613d3aa378fb20e47d69b51245b538e
esol,bbbc24a21490bdee,CC(=O)OC1(C(C)=O)CCC2C3C=C(C)C4=CC(=O)CCC4(C)C3CCC21C,aqueous_solubility,log10(mol/L),train,,-5.349999904632568,-1.977371805044007,-3.155882544283225,-0.7988610658047894,random,2030,edge_gnn,edge_gnn,none,none,721e3c494613d3aa378fb20e47d69b51245b538e
esol,ea5969f950c93291,CC(=O)OC1(C)CCC2C3CCC4=CC(=O)CCC4(C)C3CCC21C,aqueous_solubility,log10(mol/L),train,,-5.283999919891357,-2.8520407617262027,-4.03055150096542,-1.6735300224869851,random,2030,edge_gnn,edge_gnn,none,none,721e3c494613d3aa378fb20e47d69b51245b538e
esol,7e7c49cadb6eca2c,CC(=O)OC1CCC2C3CCC4=CC(=O)CCC4(C)C3CCC12C,aqueous_solubility,log10(mol/L),train,,-5.184000015258789,-1.766126961691083,-2.9446377009303006,-0.5876162224518655,random,2030,edge_gnn,edge_gnn,none,none,721e3c494613d3aa378fb20e47d69b51245b538e
esol,744c94bb079c2bb4,CC(=O)OCC(=O)C1(O)C(C)CC2C3CCC4=CC(=O)C=CC4(C)C3(F)C(O)CC21C,aqueous_solubility,log10(mol/L),train,,-4.900000095367432,-2.2929578415978025,-3.47146858083702,-1.114447102358585,random,2030,edge_gnn,edge_gnn,none,none,721e3c494613d3aa378fb20e47d69b51245b538e
esol,07046eaea87bf4e2,CC(=O)OCC(=O)C1(O)C(OC(C)=O)CC2C3CCC4=CC(=O)C=CC4(C)C3(F)C(O)CC21C,aqueous_solubility,log10(mol/L),calibration,,-4.130000114440918,-3.949829839974597,-5.128340579213814,-2.7713191007353792,random,2030,edge_gnn,edge_gnn,none,none,721e3c494613d3aa378fb20e47d69b51245b538e
esol,cc12069b3580cb1a,CC(=O)OCC(=O)C1(O)CCC2C3CCC4=CC(=O)C=CC4(C)C3C(O)CC21C,aqueous_solubility,log10(mol/L),validation,,-4.369999885559082,-3.872225803137934,-5.050736542377152,-2.6937150638987166,random,2030,edge_gnn,edge_gnn,none,none,721e3c494613d3aa378fb20e47d69b51245b538e
esol,3d089eb4f693a11e,CC(=O)OCC(=O)C1(O)CCC2C3CCC4=CC(=O)CCC4(C)C3C(=O)CC21C,aqueous_solubility,log10(mol/L),train,,-4.210000038146973,-2.1226338392265403,-3.301144578465758,-0.9441230999873227,random,2030,edge_gnn,edge_gnn,none,none,721e3c494613d3aa378fb20e47d69b51245b538e
esol,1111a5f49bc2a21c,CC(=O)OCC(=O)C1(O)CCC2C3CCC4=CC(=O)CCC4(C)C3C(O)CC21C,aqueous_solubility,log10(mol/L),train,,-4.880000114440918,-1.3630652189140955,-2.541575958153313,-0.18455447967487792,random,2030,edge_gnn,edge_gnn,none,none,721e3c494613d3aa378fb20e47d69b51245b538e
esol,db58b19853161161,CC(=O)OCC(=O)C1CCC2C3CCC4=CC(=O)CCC4(C)C3CCC12C,aqueous_solubility,log10(mol/L),train,,-4.630000114440918,-2.965928862242532,-4.14443960148175,-1.7874181230033144,random,2030,edge_gnn,edge_gnn,none,none,721e3c494613d3aa378fb20e47d69b51245b538e
esol,c802460f2e388f09,CC(=O)OCC(C)C,aqueous_solubility,log10(mol/L),train,,-1.2100000381469727,-0.9716380134658049,-2.1501487527050225,0.20687272577341265,random,2030,edge_gnn,edge_gnn,none,none,721e3c494613d3aa378fb20e47d69b51245b538e
esol,55bc84385f2305fc,CC(=O)OCC(COC(C)=O)OC(C)=O,aqueous_solubility,log10(mol/L),validation,,-0.6000000238418579,-0.7459225392661755,-1.924433278505393,0.4325881999730421,random,2030,edge_gnn,edge_gnn,none,none,721e3c494613d3aa378fb20e47d69b51245b538e
esol,3105d2c69d258f40,CC(=O)OCCC(C)C,aqueous_solubility,log10(mol/L),train,,-1.9199999570846558,-1.209859776343498,-2.3883705155827153,-0.031349037104280386,random,2030,edge_gnn,edge_gnn,none,none,721e3c494613d3aa378fb20e47d69b51245b538e
esol,78eea6db86aaac00,CC(=O)OCN1C(=O)NC(c2ccccc2)(c2ccccc2)C1=O,aqueous_solubility,log10(mol/L),train,,-4.46999979019165,-0.834454124348778,-2.0129648635879955,0.3440566148904396,random,2030,edge_gnn,edge_gnn,none,none,721e3c494613d3aa378fb20e47d69b51245b538e
esol,f38d027d6672664b,CC(=O)SC1CC2=CC(=O)CCC2(C)C2CCC3(C)C(CCC34CCC(=O)O4)C12,aqueous_solubility,log10(mol/L),train,,-4.172999858856201,-4.316109163678599,-5.494619902917816,-3.137598424439381,random,2030,edge_gnn,edge_gnn,none,none,721e3c494613d3aa378fb20e47d69b51245b538e
esol,1ab070a2f685565e,CC(=O)c1ccccc1,aqueous_solubility,log10(mol/L),test,,-1.2799999713897705,-1.0648018657041305,-2.2433126049433483,0.11370887353508707,random,2030,edge_gnn,edge_gnn,none,none,721e3c494613d3aa378fb20e47d69b51245b538e
esol,a011ab9a0bd7406b,CC(C)(C)C(=O)C(Oc1ccc(Cl)cc1)n1cncn1,aqueous_solubility,log10(mol/L),train,,-3.609999895095825,0.19209301455091365,-0.9864177246883039,1.3706037537901312,random,2030,edge_gnn,edge_gnn,none,none,721e3c494613d3aa378fb20e47d69b51245b538e
esol,6a037e1d876a10c4,CC(C)(C)CCO,aqueous_solubility,log10(mol/L),train,,-0.5,-1.7117979289348855,-2.890308668174103,-0.5332871896956679,random,2030,edge_gnn,edge_gnn,none,none,721e3c494613d3aa378fb20e47d69b51245b538e
esol,8316fd00a391507c,CC(C)(C)CO,aqueous_solubility,log10(mol/L),train,,-0.4000000059604645,-1.1354404704856218,-2.3139512097248396,0.043070268753595764,random,2030,edge_gnn,edge_gnn,none,none,721e3c494613d3aa378fb20e47d69b51245b538e
esol,4eb3d1ec75b7d913,CC(C)(C)Cc1ccccc1,aqueous_solubility,log10(mol/L),train,,-4.150000095367432,-4.123881557088419,-5.302392296327636,-2.9453708178492013,random,2030,edge_gnn,edge_gnn,none,none,721e3c494613d3aa378fb20e47d69b51245b538e
esol,5dfc781ddbce9df5,CC(C)(C)c1ccc(O)cc1,aqueous_solubility,log10(mol/L),calibration,,-2.4100000858306885,-2.268952004584359,-3.4474627438235768,-1.0904412653451416,random,2030,edge_gnn,edge_gnn,none,none,721e3c494613d3aa378fb20e47d69b51245b538e
esol,ca95101160b65379,CC(C)(C)c1ccccc1,aqueous_solubility,log10(mol/L),validation,,-3.6600000858306885,-3.8371701708369392,-5.015680910076156,-2.6586594315977217,random,2030,edge_gnn,edge_gnn,none,none,721e3c494613d3aa378fb20e47d69b51245b538e
esol,adff35ec9beff070,CC(C)=CC1C(C(=O)OCc2cccc(Oc3ccccc3)c2)C1(C)C,aqueous_solubility,log10(mol/L),train,,-5.239999771118164,-2.7559145318742515,-3.934425271113469,-1.577403792635034,random,2030,edge_gnn,edge_gnn,none,none,721e3c494613d3aa378fb20e47d69b51245b538e
esol,e13f7769f4919957,CC(C)=CCC/C(C)=C\CO,aqueous_solubility,log10(mol/L),train,,-2.4600000381469727,-1.4982588404062875,-2.676769579645505,-0.31974810116707,random,2030,edge_gnn,edge_gnn,none,none,721e3c494613d3aa378fb20e47d69b51245b538e
esol,40ac45a42a9ad758,CC(C)=CCC1(C(C)C)C(=O)NC(=O)NC1=O,aqueous_solubility,log10(mol/L),train,,-2.5929999351501465,-2.047531514294066,-3.2260422535332838,-0.8690207750548486,random,2030,edge_gnn,edge_gnn,none,none,721e3c494613d3aa378fb20e47d69b51245b538e
esol,c898ecabb1da3e61,CC(C)=CCCC(C)=CC=O,aqueous_solubility,log10(mol/L),train,,-2.059999942779541,-5.815430398558325,-6.993941137797543,-4.6369196593191075,random,2030,edge_gnn,edge_gnn,none,none,721e3c494613d3aa378fb20e47d69b51245b538e
esol,535c5d28e4e559d3,CC(C)Br,aqueous_solubility,log10(mol/L),train,,-1.590000033378601,-6.579737069457237,-7.758247808696455,-5.4012263302180195,random,2030,edge_gnn,edge_gnn,none,none,721e3c494613d3aa378fb20e47d69b51245b538e
esol,95987bd68786d9ee,CC(C)C,aqueous_solubility,log10(mol/L),train,,-2.549999952316284,-1.8138889691593019,-2.992399708398519,-0.6353782299200843,random,2030,edge_gnn,edge_gnn,none,none,721e3c494613d3aa378fb20e47d69b51245b538e
esol,e4f469dfbe6c7248,CC(C)C(=O)C(C)C,aqueous_solubility,log10(mol/L),train,,-1.2999999523162842,-4.321917979761123,-5.5004287190003405,-3.1434072405219053,random,2030,edge_gnn,edge_gnn,none,none,721e3c494613d3aa378fb20e47d69b51245b538e
esol,801fb00fd3e0c4d5,CC(C)C(C(=O)OC(C#N)c1cccc(Oc2ccccc2)c1)c1ccc(OC(F)F)cc1,aqueous_solubility,log10(mol/L),test,,-6.875999927520752,-7.154394045064516,-8.332904784303732,-5.975883305825298,random,2030,edge_gnn,edge_gnn,none,none,721e3c494613d3aa378fb20e47d69b51245b538e
esol,971a2d381549e1b6,CC(C)C(C)(C)C,aqueous_solubility,log10(mol/L),train,,-4.360000133514404,-3.103963497412302,-4.282474236651519,-1.9254527581730843,random,2030,edge_gnn,edge_gnn,none,none,721e3c494613d3aa378fb20e47d69b51245b538e
esol,9930f08568272bf1,CC(C)C(C)C,aqueous_solubility,log10(mol/L),test,,-3.6500000953674316,-4.138651623800207,-5.317162363039425,-2.96014088456099,random,2030,edge_gnn,edge_gnn,none,none,721e3c494613d3aa378fb20e47d69b51245b538e
esol,c18974050e7ee138,CC(C)C(C)C(C)C,aqueous_solubility,log10(mol/L),train,,-4.800000190734863,-2.7702936035976857,-3.9488043428369033,-1.5917828643584682,random,2030,edge_gnn,edge_gnn,none,none,721e3c494613d3aa378fb20e47d69b51245b538e
esol,978ea76b5feb1686,CC(C)C(C)O,aqueous_solubility,log10(mol/L),validation,,-0.18000000715255737,-0.5532448011543547,-1.7317555403935723,0.6252659380848629,random,2030,edge_gnn,edge_gnn,none,none,721e3c494613d3aa378fb20e47d69b51245b538e
esol,e2b7150c83e31acf,CC(C)C(Nc1ccc(C(F)(F)F)cc1Cl)C(=O)OC(C#N)c1cccc(Oc2ccccc2)c1,aqueous_solubility,log10(mol/L),train,,-8.003000259399414,-4.225033477624748,-5.403544216863965,-3.04652273838553,random,2030,edge_gnn,edge_gnn,none,none,721e3c494613d3aa378fb20e47d69b51245b538e
esol,32ad98a585def53e,CC(C)C(O)C(C)C,aqueous_solubility,log10(mol/L),test,,-1.2200000286102295,-1.457754572934844,-2.6362653121740616,-0.27924383369562644,random,2030,edge_gnn,edge_gnn,none,none,721e3c494613d3aa378fb20e47d69b51245b538e
esol,bb33156a890031e5,CC(C)C1(C(C)C)C(=O)NC(=O)NC1=O,aqueous_solubility,log10(mol/L),train,,-2.7660000324249268,-3.613277931152657,-4.791788670391874,-2.4347671919134393,random,2030,edge_gnn,edge_gnn,none,none,721e3c494613d3aa378fb20e47d69b51245b538e
esol,a9f5cc2dbef55d82,CC(C)CBr,aqueous_solubility,log10(mol/L),test,,-2.430000066757202,-2.153453087980251,-3.3319638272194685,-0.9749423487410334,random,2030,edge_gnn,edge_gnn,none,none,721e3c494613d3aa378fb20e47d69b51245b538e
esol,9767ef661176963a,CC(C)CC(C)(C)C,aqueous_solubility,log10(mol/L),train,,-4.739999771118164,-3.785642096613106,-4.964152835852324,-2.6071313573738886,random,2030,edge_gnn,edge_gnn,none,none,721e3c494613d3aa378fb20e47d69b51245b538e
esol,65c6ae561970a8f6,CC(C)CC(C)(C)O,aqueous_solubility,log10(mol/L),train,,-0.9200000166893005,-1.2453023350393566,-2.4238130742785744,-0.06679159580013905,random,2030,edge_gnn,edge_gnn,none,none,721e3c494613d3aa378fb20e47d69b51245b538e
esol,fc51136a8a654d34,CC(C)CC(C)C,aqueous_solubility,log10(mol/L),train,,-4.260000228881836,-0.3700632233275596,-1.5485739625667772,0.808447515911658,random,2030,edge_gnn,edge_gnn,none,none,721e3c494613d3aa378fb20e47d69b51245b538e
esol,007b2ee5ac048d20,CC(C)CC(C)O,aqueous_solubility,log10(mol/L),train,,-0.800000011920929,-4.201164900447499,-5.379675639686717,-3.0226541612082816,random,2030,edge_gnn,edge_gnn,none,none,721e3c494613d3aa378fb20e47d69b51245b538e
esol,2774ef2a0e9764fc,CC(C)CCC(C)(C)C,aqueous_solubility,log10(mol/L),train,,-5.050000190734863,-1.0882473091584008,-2.2667580483976186,0.09026343008081672,random,2030,edge_gnn,edge_gnn,none,none,721e3c494613d3aa378fb20e47d69b51245b538e
esol,adfdc3a538b6bc95,CC(C)CCCCCOC(=O)c1ccccc1C(=O)OCCCCCC(C)C,aqueous_solubility,log10(mol/L),train,,-6.63700008392334,-2.924567130808164,-4.103077870047382,-1.7460563915689464,random,2030,edge_gnn,edge_gnn,none,none,721e3c494613d3aa378fb20e47d69b51245b538e
esol,326152527f8ef260,CC(C)CCCO,aqueous_solubility,log10(mol/L),train,,-1.1399999856948853,-4.005872223682422,-5.18438296292164,-2.8273614844432045,random,2030,edge_gnn,edge_gnn,none,none,721e3c494613d3aa378fb20e47d69b51245b538e
esol,e72c942c9f10c105,CC(C)CCO,aqueous_solubility,log10(mol/L),calibration,,-0.5099999904632568,-0.5170733018945826,-1.6955840411338001,0.661437437344635,random,2030,edge_gnn,edge_gnn,none,none,721e3c494613d3aa378fb20e47d69b51245b538e
esol,580633e5949870be,CC(C)CCOC=O,aqueous_solubility,log10(mol/L),train,,-1.5199999809265137,-2.850977849561767,-4.029488588800985,-1.6724671103225495,random,2030,edge_gnn,edge_gnn,none,none,721e3c494613d3aa378fb20e47d69b51245b538e
esol,044d6817573e4ec1,CC(C)CCl,aqueous_solubility,log10(mol/L),train,,-2.0,-6.25714920428325,-7.4356599435224675,-5.078638465044032,random,2030,edge_gnn,edge_gnn,none,none,721e3c494613d3aa378fb20e47d69b51245b538e
esol,c7e2af3674efd1e5,CC(C)CNC(=O)N1CCNC1=O,aqueous_solubility,log10(mol/L),train,,-2.1500000953674316,-3.7947604769537504,-4.973271216192968,-2.616249737714533,random,2030,edge_gnn,edge_gnn,none,none,721e3c494613d3aa378fb20e47d69b51245b538e
esol,41c39e97374aea92,CC(C)CO,aqueous_solubility,log10(mol/L),train,,0.10000000149011612,-4.615824216277444,-5.7943349555166614,-3.4373134770382263,random,2030,edge_gnn,edge_gnn,none,none,721e3c494613d3aa378fb20e47d69b51245b538e
esol,a5b3130b9ae3a50f,CC(C)COC=O,aqueous_solubility,log10(mol/L),train,,-1.0099999904632568,-5.0100788734250115,-6.188589612664229,-3.831568134185794,random,2030,edge_gnn,edge_gnn,none,none,721e3c494613d3aa378fb20e47d69b51245b538e
esol,89b6828cf758e524,CC(C)Cc1ccccc1,aqueous_solubility,log10(mol/L),train,,-4.119999885559082,-3.687898080447319,-4.866408819686537,-2.5093873412081016,random,2030,edge_gnn,edge_gnn,none,none,721e3c494613d3aa378fb20e47d69b51245b538e
esol,6a779f0d95ea7e4a,CC(C)Cl,aqueous_solubility,log10(mol/L),train,,-1.409999966621399,-4.84797033903442,-6.026481078273638,-3.6694595997952026,random,2030,edge_gnn,edge_gnn,none,none,721e3c494613d3aa378fb20e47d69b51245b538e
esol,24f73c6fe92d75d5,CC(C)I,aqueous_solubility,log10(mol/L),validation,,-2.0899999141693115,-2.4498547285038765,-3.628365467743094,-1.271343989264659,random,2030,edge_gnn,edge_gnn,none,none,721e3c494613d3aa378fb20e47d69b51245b538e
esol,277fa10e772d1085,CC(C)N(C(=O)CCl)c1ccccc1,aqueous_solubility,log10(mol/L),test,,-2.4800000190734863,-2.647105881093493,-3.8256166203327107,-1.4685951418542755,random,2030,edge_gnn,edge_gnn,none,none,721e3c494613d3aa378fb20e47d69b51245b538e
esol,bfb579ee7985265c,CC(C)N(C(=O)SCC(Cl)=C(Cl)Cl)C(C)C,aqueous_solubility,log10(mol/L),train,,-4.880000114440918,-0.5835396113611306,-1.7620503506003482,0.5949711278780869,random,2030,edge_gnn,edge_gnn,none,none,721e3c494613d3aa378fb20e47d69b51245b538e
esol,70d46896362ebbb7,CC(C)N(C(=O)SCC(Cl)=CCl)C(C)C,aqueous_solubility,log10(mol/L),train,,-4.285999774932861,-1.119942346315484,-2.2984530855547014,0.0585683929237335,random,2030,edge_gnn,edge_gnn,none,none,721e3c494613d3aa378fb20e47d69b51245b538e
esol,7e3c17dbde2fb402,CC(C)NC(=O)N1CC(=O)N(c2cc(Cl)cc(Cl)c2)C1=O,aqueous_solubility,log10(mol/L),train,,-4.375999927520752,-3.7114664648118585,-4.8899772040510765,-2.532955725572641,random,2030,edge_gnn,edge_gnn,none,none,721e3c494613d3aa378fb20e47d69b51245b538e
esol,c6b4be5527562b2b,CC(C)Nc1nc(Cl)nc(NC(C)C)n1,aqueous_solubility,log10(mol/L),calibration,,-4.429999828338623,-3.7012194755607313,-4.879730214799949,-2.5227087363215137,random,2030,edge_gnn,edge_gnn,none,none,721e3c494613d3aa378fb20e47d69b51245b538e
esol,cda3c19cb61dcf61,CC(C)O,aqueous_solubility,log10(mol/L),test,,0.4300000071525574,0.5626362873115829,-0.6158744519276347,1.7411470265508004,random,2030,edge_gnn,edge_gnn,none,none,721e3c494613d3aa378fb20e47d69b51245b538e
esol,29b5883563652a4a,CC(C)OC(=O)C(O)(c1ccc(Br)cc1)c1ccc(Br)cc1,aqueous_solubility,log10(mol/L),train,,-4.929999828338623,-3.818263637664509,-4.996774376903726,-2.6397528984252916,random,2030,edge_gnn,edge_gnn,none,none,721e3c494613d3aa378fb20e47d69b51245b538e
esol,3a93ce33b34309ec,CC(C)OC(=O)C(O)(c1ccc(Cl)cc1)c1cccc(Cl)c1,aqueous_solubility,log10(mol/L),train,,-4.53000020980835,-3.404598383304512,-4.58310912254373,-2.2260876440652946,random,2030,edge_gnn,edge_gnn,none,none,721e3c494613d3aa378fb20e47d69b51245b538e
esol,fe1b8ef4223e48b9,CC(C)OC(=O)Nc1cccc(Cl)c1,aqueous_solubility,log10(mol/L),test,,-3.380000114440918,-3.9369942790791894,-5.115505018318407,-2.758483539839972,random,2030,edge_gnn,edge_gnn,none,none,721e3c494613d3aa378fb20e47d69b51245b538e
esol,c058498368b6f45f,CC(C)OC(C)C,aqueous_solubility,log10(mol/L),train,,-1.100000023841858,-2.6771649021147463,-3.855675641353964,-1.4986541628755288,random,2030,edge_gnn,edge_gnn,none,none,721e3c494613d3aa378fb20e47d69b51245b538e
esol,64969de570667f54,CC(C)OC=O,aqueous_solubility,log10(mol/L),train,,-0.6299999952316284,-2.3365876088962914,-3.515098348135509,-1.1580768696570738,random,2030,edge_gnn,edge_gnn,none,none,721e3c494613d3aa378fb20e47d69b51245b538e
esol,a4f756df109453e5,CC(C)OP(=S)(OC(C)C)SCCNS(=O)(=O)c1ccccc1,aqueous_solubility,log10(mol/L),calibration,,-4.199999809265137,-3.9306186353826704,-5.109129374621888,-2.752107896143453,random,2030,edge_gnn,edge_gnn,none,none,721e3c494613d3aa378fb20e47d69b51245b538e
esol,ee085d3f01995af6,CC(C)Oc1cc(-n2nc(C(C)(C)C)oc2=O)c(Cl)cc1Cl,aqueous_solubility,log10(mol/L),train,,-5.696000099182129,-1.4723318703178576,-2.650842609557075,-0.29382113107864005,random,2030,edge_gnn,edge_gnn,none,none,721e3c494613d3aa378fb20e47d69b51245b538e
esol,76ccfd6237ac9890,CC(C)SC(C)C,aqueous_solubility,log10(mol/L),calibration,,-2.240000009536743,-2.5760035197330917,-3.7545142589723093,-1.3974927804938742,random,2030,edge_gnn,edge_gnn,none,none,721e3c494613d3aa378fb20e47d69b51245b538e
esol,a33de185411c9169,CC(C)[N+](=O)[O-],aqueous_solubility,log10(mol/L),validation,,-0.6200000047683716,-0.8177735218287685,-1.996284261067986,0.36073721741044906,random,2030,edge_gnn,edge_gnn,none,none,721e3c494613d3aa378fb20e47d69b51245b538e
esol,5bf16fbdd33fd7e5,CC(C)c1ccc(NC(=O)N(C)C)cc1,aqueous_solubility,log10(mol/L),train,,-3.5360000133514404,-1.926823662601101,-3.1053344018403184,-0.7483129233618835,random,2030,edge_gnn,edge_gnn,none,none,721e3c494613d3aa378fb20e47d69b51245b538e
esol,ebcaf3b06d31e23c,CC(C)c1ccccc1,aqueous_solubility,log10(mol/L),test,,-3.2699999809265137,-3.43395192913826,-4.612462668377478,-2.2554411898990425,random,2030,edge_gnn,edge_gnn,none,none,721e3c494613d3aa378fb20e47d69b51245b538e
esol,e826c8452f856a21,CC(Cl)(Cl)Cl,aqueous_solubility,log10(mol/L),train,,-2.0,-0.8184244967871961,-1.9969352360264137,0.3600862424520215,random,2030,edge_gnn,edge_gnn,none,none,721e3c494613d3aa378fb20e47d69b51245b538e
esol,ae412188d225d1ff,CC(Cl)CCl,aqueous_solubility,log10(mol/L),train,,-1.600000023841858,-4.974804230944205,-6.153314970183422,-3.7962934917049873,random,2030,edge_gnn,edge_gnn,none,none,721e3c494613d3aa378fb20e47d69b51245b538e
esol,6fc705daaa981f1c,CC(Cl)Cl,aqueous_solubility,log10(mol/L),train,,-1.2899999618530273,-1.6465675887837854,-2.825078328023003,-0.46805684954456783,random,2030,edge_gnn,edge_gnn,none,none,721e3c494613d3aa378fb20e47d69b51245b538e
esol,ca06354cc736b665,CC(N)=O,aqueous_solubility,log10(mol/L),train,,1.5800000429153442,-5.707150302227218,-6.885661041466435,-4.528639562988,random,2030,edge_gnn,edge_gnn,none,none,721e3c494613d3aa378fb20e47d69b51245b538e
esol,ac8678e7da550080,CC(O)C(C)(C)C,aqueous_solubility,log10(mol/L),train,,-0.6200000047683716,-1.6998115371179998,-2.8783222763572174,-0.5213007978787823,random,2030,edge_gnn,edge_gnn,none,none,721e3c494613d3aa378fb20e47d69b51245b538e
esol,37f42148c61ea59a,CC(O)c1ccccc1,aqueous_solubility,log10(mol/L),calibration,,-0.9200000166893005,-0.9847508695082325,-2.16326160874745,0.19375986973098502,random,2030,edge_gnn,edge_gnn,none,none,721e3c494613d3aa378fb20e47d69b51245b538e
esol,5a24ac22a4147a29,CC1(C)C(=O)NC(=O)NC1=O,aqueous_solubility,log10(mol/L),train,,-1.7419999837875366,-3.529122512612288,-4.707633251851505,-2.3506117733730703,random,2030,edge_gnn,edge_gnn,none,none,721e3c494613d3aa378fb20e47d69b51245b538e
esol,ad73c6a3bc5310b2,CC1(C)C(C(=O)OC(C#N)c2cccc(Oc3ccccc3)c2)C1(C)C,aqueous_solubility,log10(mol/L),train,,-6.025000095367432,-3.178702377096063,-4.357213116335281,-2.0001916378568456,random,2030,edge_gnn,edge_gnn,none,none,721e3c494613d3aa378fb20e47d69b51245b538e
esol,f4cd15c48a6c1364,CC1(C)C(C=C(Br)Br)C1C(=O)OC(C#N)c1cccc(Oc2ccccc2)c1,aqueous_solubility,log10(mol/L),train,,-8.402000427246094,-2.726036847118671,-3.9045475863578885,-1.5475261078794533,random,2030,edge_gnn,edge_gnn,none,none,721e3c494613d3aa378fb20e47d69b51245b538e
esol,b671f3921f45bbf0,CC1(C)C(C=C(Cl)C(F)(F)F)C1C(=O)OC(C#N)c1cccc(Oc2ccccc2)c1,aqueous_solubility,log10(mol/L),train,,-8.175999641418457,-3.2653282361418183,-4.443838975381036,-2.0868174969026008,random,2030,edge_gnn,edge_gnn,none,none,721e3c494613d3aa378fb20e47d69b51245b538e
esol,fe6fc5479a503890,CC1(C)C(C=C(Cl)Cl)C1C(=O)OC(C#N)c1ccc(F)c(Oc2ccccc2)c1,aqueous_solubility,log10(mol/L),train,,-7.336999893188477,-7.381956723787651,-8.560467463026868,-6.203445984548433,random,2030,edge_gnn,edge_gnn,none,none,721e3c494613d3aa378fb20e47d69b51245b538e
esol,2cf7a20f75b7dd82,CC1(C)C(C=C(Cl)Cl)C1C(=O)OC(C#N)c1cccc(Oc2ccccc2)c1,aqueous_solubility,log10(mol/L),train,,-8.017000198364258,-0.7910653817902262,-1.9695761210294438,0.38744535744899133,random,2030,edge_gnn,edge_gnn,none,none,721e3c494613d3aa378fb20e47d69b51245b538e
esol,4fcaa23e29a00d85,CC1(C)C(C=C(Cl)Cl)C1C(=O)OCc1cccc(Oc2ccccc2)c1,aqueous_solubility,log10(mol/L),test,,-6.290999889373779,-6.743297303236709,-7.921808042475926,-5.564786563997491,random,2030,edge_gnn,edge_gnn,none,none,721e3c494613d3aa378fb20e47d69b51245b538e
esol,51653ae53f89ae0c,CC1(C)C2CCC1(C)C(O)C2,aqueous_solubility,log10(mol/L),train,,-2.319999933242798,-1.9050192816001683,-3.083530020839386,-0.7265085423609507,random,2030,edge_gnn,edge_gnn,none,none,721e3c494613d3aa378fb20e47d69b51245b538e
esol,db019bf83d05a9d8,CC1(C)CON(Cc2ccccc2Cl)C1=O,aqueous_solubility,log10(mol/L),train,,-2.3380000591278076,-2.0801823870659795,-3.258693126305197,-0.9016716478267619,random,2030,edge_gnn,edge_gnn,none,none,721e3c494613d3aa378fb20e47d69b51245b538e
esol,308633e920b6ab7c,CC1(C)OC2CC3C4CCC5=CC(=O)C=CC5(C)C4(F)C(O)CC3(C)C2(C(=O)CO)O1,aqueous_solubility,log10(mol/L),train,,-4.309999942779541,-4.024715173254262,-5.20322591249348,-2.8462044340150445,random,2030,edge_gnn,edge_gnn,none,none,721e3c494613d3aa378fb20e47d69b51245b538e
esol,8bc400d159a3a189,CC12C=CC(=O)C=C1CCC1C2C(O)CC2(C)C1CCC2(O)C(=O)CO,aqueous_solubility,log10(mol/L),train,,-3.180000066757202,-3.387794776795265,-4.5663055160344825,-2.2092840375560474,random,2030,edge_gnn,edge_gnn,none,none,721e3c494613d3aa378fb20e47d69b51245b538e
esol,561a6a9236d5f10f,CC12C=CC(=O)C=C1CCC1C3CC(O)C(O)(C(=O)CO)C3(C)CC(O)C12F,aqueous_solubility,log10(mol/L),calibration,,-3.680000066757202,-3.5818940625488604,-4.760404801788078,-2.403383323309643,random,2030,edge_gnn,edge_gnn,none,none,721e3c494613d3aa378fb20e47d69b51245b538e
esol,06060f1f62be068f,CC12CC(=O)C3C(CCC4=CC(=O)CCC43C)C1CCC2=O,aqueous_solubility,log10(mol/L),test,,-3.4800000190734863,-3.549981844502062,-4.7284925837412795,-2.3714711052628443,random,2030,edge_gnn,edge_gnn,none,none,721e3c494613d3aa378fb20e47d69b51245b538e
esol,eab4b4949a3f41a8,CC12CC1(C)C(=O)N(c1cc(Cl)cc(Cl)c1)C2=O,aqueous_solubility,log10(mol/L),test,,-4.800000190734863,-4.58769213159631,-5.766202870835528,-3.409181392357093,random,2030,edge_gnn,edge_gnn,none,none,721e3c494613d3aa378fb20e47d69b51245b538e
esol,853813295aac305d,CC12CCC(=O)C=C1CCC1C2C(=O)CC2(C)C1CCC2(O)C(=O)CO,aqueous_solubility,log10(mol/L),train,,-3.109999895095825,-3.6285442401123085,-4.807054979351526,-2.450033500873091,random,2030,edge_gnn,edge_gnn,none,none,721e3c494613d3aa378fb20e47d69b51245b538e
esol,b030c0b4441d718d,CC12CCC(=O)C=C1CCC1C2C(O)CC2(C)C(C(=O)CO)CCC12,aqueous_solubility,log10(mol/L),train,,-3.240000009536743,-0.4440856363134955,-1.622596375552713,0.734425102925722,random,2030,edge_gnn,edge_gnn,none,none,721e3c494613d3aa378fb20e47d69b51245b538e
esol,66ce1fff4359da1b,CC12CCC(=O)C=C1CCC1C2C(O)CC2(C)C1CCC2(O)C(=O)CO,aqueous_solubility,log10(mol/L),test,,-3.0899999141693115,-3.524795989218531,-4.703306728457749,-2.3462852499793136,random,2030,edge_gnn,edge_gnn,none,none,721e3c494613d3aa378fb20e47d69b51245b538e
esol,16ed90921e2e8d8e,CC12CCC(=O)C=C1CCC1C2C(O)CC2(C=O)C(C(=O)CO)CCC12,aqueous_solubility,log10(mol/L),train,,-3.8499999046325684,-2.169260299097704,-3.3477710383369215,-0.9907495598584863,random,2030,edge_gnn,edge_gnn,none,none,721e3c494613d3aa378fb20e47d69b51245b538e
esol,e9814f0ffa3f1075,CC12CCC(=O)C=C1CCC1C2CCC2(C)C(C(=O)CO)CCC12,aqueous_solubility,log10(mol/L),train,,-3.450000047683716,-2.326052096441691,-3.5045628356809084,-1.1475413572024733,random,2030,edge_gnn,edge_gnn,none,none,721e3c494613d3aa378fb20e47d69b51245b538e
esol,6db1181db60789c5,CC12CCC(=O)C=C1CCC1C2CCC2(C)C(O)CCC12,aqueous_solubility,log10(mol/L),train,,-4.019999980926514,-1.7915412259207826,-2.97005196516,-0.613030486681565,random,2030,edge_gnn,edge_gnn,none,none,721e3c494613d3aa378fb20e47d69b51245b538e
esol,a410bd3aa9a97d06,CC12CCC(=O)C=C1CCC1C2CCC2(C)C1CCC2(C)O,aqueous_solubility,log10(mol/L),train,,-3.999000072479248,-4.748621720059285,-5.927132459298503,-3.5701109808200675,random,2030,edge_gnn,edge_gnn,none,none,721e3c494613d3aa378fb20e47d69b51245b538e
esol,b37910a504cc939f,CC12CCC(=O)C=C1CCC1C3CCC(O)(C(=O)CO)C3(C)CC(O)C12F,aqueous_solubility,log10(mol/L),train,,-3.430000066757202,-3.288265531192857,-4.466776270432074,-2.1097547919536392,random,2030,edge_gnn,edge_gnn,none,none,721e3c494613d3aa378fb20e47d69b51245b538e
esol,fc86c422a483c072,CC12CCC(C1)C(C)(C)C2=O,aqueous_solubility,log10(mol/L),train,,-1.850000023841858,-2.6863820641205938,-3.8648928033598113,-1.5078713248813762,random,2030,edge_gnn,edge_gnn,none,none,721e3c494613d3aa378fb20e47d69b51245b538e
esol,1fb8edc59b2eefb0,CC12CCC(CC1)C(C)(C)O2,aqueous_solubility,log10(mol/L),test,,-1.6899999976158142,-2.5680816843523706,-3.746592423591588,-1.389570945113153,random,2030,edge_gnn,edge_gnn,none,none,721e3c494613d3aa378fb20e47d69b51245b538e
esol,d3c0277d3ba07790,CC12CCC(CC1=O)C2(C)C,aqueous_solubility,log10(mol/L),train,,-1.9600000381469727,0.4850357828971754,-0.6934749563420421,1.663546522136393,random,2030,edge_gnn,edge_gnn,none,none,721e3c494613d3aa378fb20e47d69b51245b538e
esol,dccc95418d7103ad,CC12CCC3C(=CCc4cc(O)ccc43)C1CCC2=O,aqueous_solubility,log10(mol/L),calibration,,-5.2820000648498535,-4.2382008338962525,-5.41671157313547,-3.059690094657035,random,2030,edge_gnn,edge_gnn,none,none,721e3c494613d3aa378fb20e47d69b51245b538e
esol,70d2277f708f35c0,CC12CCC3C(CC=C4CC(O)CCC43C)C1CCC2=O,aqueous_solubility,log10(mol/L),train,,-4.119999885559082,-5.211112430223173,-6.38962316946239,-4.032601690983955,random,2030,edge_gnn,edge_gnn,none,none,721e3c494613d3aa378fb20e47d69b51245b538e
esol,3262b47324486ddb,CC12CCC3C(CCC4=CC(=O)CCC43C)C1CCC2=O,aqueous_solubility,log10(mol/L),train,,-3.690000057220459,0.22750756618460732,-0.9510031730546102,1.4060183054238249,random,2030,edge_gnn,edge_gnn,none,none,721e3c494613d3aa378fb20e47d69b51245b538e
esol,5eb9d5702255e00b,CC12CCC3C(CCC4CC(=O)CCC43C)C1CCC2O,aqueous_solubility,log10(mol/L),train,,-4.743000030517578,-4.727358304295123,-5.905869043534341,-3.5488475650559055,random,2030,edge_gnn,edge_gnn,none,none,721e3c494613d3aa378fb20e47d69b51245b538e
esol,d792bed320b4011c,CC12CCC3C(CCC4CC(O)CCC43C)C1CCC2=O,aqueous_solubility,log10(mol/L),train,,-4.2809998989105225,-3.958780114863283,-5.137290854102501,-2.7802693756240653,random,2030,edge_gnn,edge_gnn,none,none,721e3c494613d3aa378fb20e47d69b51245b538e
esol,b908be84e83c2496,CC12CCC3C(CCC4CC5SC5CC43C)C1CCC2O,aqueous_solubility,log10(mol/L),train,,-5.409999847412109,-1.2586355889989107,-2.4371463282381285,-0.08012484975969314,random,2030,edge_gnn,edge_gnn,none,none,721e3c494613d3aa378fb20e47d69b51245b538e
esol,2daaedea250881cb,CC12CCC3c4ccc(O)cc4CCC3C1CC(O)C2O,aqueous_solubility,log10(mol/L),train,,-4.954999923706055,-6.324324269043682,-7.5028350082829,-5.145813529804465,random,2030,edge_gnn,edge_gnn,none,none,721e3c494613d3aa378fb20e47d69b51245b538e
esol,9b5249c4f004fb08,CC12CCC3c4ccc(O)cc4CCC3C1CCC2=O,aqueous_solubility,log10(mol/L),train,,-3.9549999237060547,-3.8185108441433924,-4.99702158338261,-2.640000104904175,random,2030,edge_gnn,edge_gnn,none,none,721e3c494613d3aa378fb20e47d69b51245b538e
esol,549c66ea8743a7af,CC12CCC3c4ccc(O)cc4CCC3C1CCC2O,aqueous_solubility,log10(mol/L),train,,-5.03000020980835,-0.7574016500156513,-1.9359123892548689,0.42110908922356627,random,2030,edge_gnn,edge_gnn,none,none,721e3c494613d3aa378fb20e47d69b51245b538e
esol,673567a4582a20ec,CC12CCc3c(ccc4cc(O)ccc34)C1CCC2=O,aqueous_solubility,log10(mol/L),train,,-5.239999771118164,-1.5308358477056894,-2.709346586944907,-0.3523251084664718,random,2030,edge_gnn,edge_gnn,none,none,721e3c494613d3aa378fb20e47d69b51245b538e
esol,6cc22f666ec43b0c,CC1=C(C(=O)Nc2ccccc2)CCCO1,aqueous_solubility,log10(mol/L),train,,-2.559999942779541,-4.387417919425044,-5.565928658664261,-3.208907180185826,random,2030,edge_gnn,edge_gnn,none,none,721e3c494613d3aa378fb20e47d69b51245b538e
esol,2e8679647e9c7af4,CC1=C(C(=O)Nc2ccccc2)S(=O)(=O)CCO1,aqueous_solubility,log10(mol/L),calibration,,-2.2809998989105225,-2.716503533320998,-3.8950142725602155,-1.5379927940817804,random,2030,edge_gnn,edge_gnn,none,none,721e3c494613d3aa378fb20e47d69b51245b538e
esol,b5b4cb2a5e9b9324,CC1=C(C(=O)Nc2ccccc2)SCCO1,aqueous_solubility,log10(mol/L),train,,-3.140000104904175,-2.18213345505854,-3.3606441942977576,-1.0036227158193225,random,2030,edge_gnn,edge_gnn,none,none,721e3c494613d3aa378fb20e47d69b51245b538e
esol,7efcd8aa4b87cc1a,CC1=C2C3OC(=O)C(C)C3CCC2(C)C=CC1=O,aqueous_solubility,log10(mol/L),train,,-3.0899999141693115,-0.9481850005352741,-2.1266957397744917,0.23032573870394346,random,2030,edge_gnn,edge_gnn,none,none,721e3c494613d3aa378fb20e47d69b51245b538e
esol,96de9e25198b2092,CC1=CC(=O)CC(C)(C)C1,aqueous_solubility,log10(mol/L),train,,-1.059999942779541,-0.2232759396784787,-1.4017866789176963,0.9552347995607389,random,2030,edge_gnn,edge_gnn,none,none,721e3c494613d3aa378fb20e47d69b51245b538e
esol,f59c469fca861fbf,CC1=CC(=O)c2ccccc2C1=O,aqueous_solubility,log10(mol/L),train,,-3.0299999713897705,-1.172167947776748,-2.3506786870159653,0.0063427914624696324,random,2030,edge_gnn,edge_gnn,none,none,721e3c494613d3aa378fb20e47d69b51245b538e
esol,ded0a2c22ffe923c,CC1=CCCCC1,aqueous_solubility,log10(mol/L),validation,,-3.2699999809265137,-2.969699864927458,-4.1482106041666755,-1.7911891256882404,random,2030,edge_gnn,edge_gnn,none,none,721e3c494613d3aa378fb20e47d69b51245b538e
esol,ed4c980dd8b4f9e0,CC1CC(C)C(=O)C(C(O)CC2CC(=O)NC(=O)C2)C1,aqueous_solubility,log10(mol/L),train,,-1.1299999952316284,-1.3484293842479986,-2.526940123487216,-0.16991864500878107,random,2030,edge_gnn,edge_gnn,none,none,721e3c494613d3aa378fb20e47d69b51245b538e
esol,37ef59ba8bc69fae,CC1CC2C3CC(F)C4=CC(=O)C=CC4(C)C3(F)C(O)CC2(C)C1(O)C(=O)CO,aqueous_solubility,log10(mol/L),train,,-5.61299991607666,-2.8884802204456066,-4.066990959684825,-1.709969481206389,random,2030,edge_gnn,edge_gnn,none,none,721e3c494613d3aa378fb20e47d69b51245b538e
esol,efe337a66ed3ef56,CC1CC2C3CCC4=CC(=O)C=CC4(C)C3(F)C(O)CC2(C)C1(O)C(=O)CO,aqueous_solubility,log10(mol/L),train,,-3.5899999141693115,-0.9690840721754173,-2.147594811414635,0.2094266670638003,random,2030,edge_gnn,edge_gnn,none,none,721e3c494613d3aa378fb20e47d69b51245b538e
esol,990639b2658aeabf,CC1CCC(C(C)C)C(=O)C1,aqueous_solubility,log10(mol/L),test,,-2.3499999046325684,-1.5919322445549013,-2.770442983794119,-0.4134215053156838,random,2030,edge_gnn,edge_gnn,none,none,721e3c494613d3aa378fb20e47d69b51245b538e
esol,355260992ae623bd,CC1CCC(C(C)C)C(O)C1,aqueous_solubility,log10(mol/L),train,,-2.5299999713897705,-2.7915572085987543,-3.970067947837972,-1.6130464693595368,random,2030,edge_gnn,edge_gnn,none,none,721e3c494613d3aa378fb20e47d69b51245b538e
esol,6deb7ea9bd9ff6c3,CC1CCC(C)CC1,aqueous_solubility,log10(mol/L),calibration,,-4.46999979019165,-3.4810321791112577,-4.659542918350475,-2.30252143987204,random,2030,edge_gnn,edge_gnn,none,none,721e3c494613d3aa378fb20e47d69b51245b538e
esol,7fed54044e7b496d,CC1CCCC1,aqueous_solubility,log10(mol/L),train,,-3.299999952316284,-2.2725029089772604,-3.451013648216478,-1.0939921697380428,random,2030,edge_gnn,edge_gnn,none,none,721e3c494613d3aa378fb20e47d69b51245b538e
esol,07b03b234e331841,CC1CCCCC1,aqueous_solubility,log10(mol/L),calibration,,-3.8499999046325684,-3.5420550889617712,-4.720565828200989,-2.3635443497225537,random,2030,edge_gnn,edge_gnn,none,none,721e3c494613d3aa378fb20e47d69b51245b538e
esol,1006f9328e658b00,CC1CCCCC1C,aqueous_solubility,log10(mol/L),validation,,-4.300000190734863,-3.7833510684648433,-4.961861807704061,-2.6048403292256257,random,2030,edge_gnn,edge_gnn,none,none,721e3c494613d3aa378fb20e47d69b51245b538e
esol,22f824d41aeea5a5,CC1CCCCC1NC(=O)Nc1ccccc1,aqueous_solubility,log10(mol/L),calibration,,-4.110000133514404,-3.7825425222422537,-4.961053261481471,-2.604031783003036,random,2030,edge_gnn,edge_gnn,none,none,721e3c494613d3aa378fb20e47d69b51245b538e
esol,14cfac60d34ed2f7,CC1CCCO1,aqueous_solubility,log10(mol/L),train,,0.10999999940395355,-2.57910441876229,-3.7576151580015074,-1.4005936795230722,random,2030,edge_gnn,edge_gnn,none,none,721e3c494613d3aa378fb20e47d69b51245b538e
esol,a9d5ebbbd488d8e2,CC1CO1,aqueous_solubility,log10(mol/L),train,,-0.5899999737739563,-2.14040892493489,-3.3189196641741074,-0.9618981856956723,random,2030,edge_gnn,edge_gnn,none,none,721e3c494613d3aa378fb20e47d69b51245b538e
esol,1d04033e6224d00c,CC1COC2CC3(C)C(CC4C5C=C6CC(O)CCC6(C)CC5CCC43C)OC2C1,aqueous_solubility,log10(mol/L),train,,-7.320000171661377,-2.2347170927469393,-3.413227831986157,-1.0562063535077217,random,2030,edge_gnn,edge_gnn,none,none,721e3c494613d3aa378fb20e47d69b51245b538e
esol,85e634af983f15c5,CC1Cc2ccccc2N1NC(=O)c1ccc(Cl)c(S(N)(=O)=O)c1,aqueous_solubility,log10(mol/L),test,,-3.5859999656677246,-4.044189417146251,-5.222700156385469,-2.8656786779070336,random,2030,edge_gnn,edge_gnn,none,none,721e3c494613d3aa378fb20e47d69b51245b538e
esol,bd2b37eb42bf2e88,CC1OC(OC2C(O)CC(OC3C(O)CC(OC4CCC5(C)C(CCC6C5CC(O)C5(C)C(C7=CC(=O)OC7)CCC65O)C4)OC3C)OC2C)CC(O)C1O,aqueous_solubility,log10(mol/L),validation,,-4.080999851226807,-3.7320933507014575,-4.910604089940675,-2.55358261146224,random,2030,edge_gnn,edge_gnn,none,none,721e3c494613d3aa378fb20e47d69b51245b538e
esol,ac668969e8b9e1f6,CC1OC(OC2C(O)CC(OC3C(O)CC(OC4CCC5(C)C(CCC6C5CCC5(C)C(C7=CC(=O)OC7)CCC65O)C4)OC3C)OC2C)CC(O)C1O,aqueous_solubility,log10(mol/L),train,,-5.293000221252441,-8.824620681171302,-10.003131420410519,-7.646109941932084,random,2030,edge_gnn,edge_gnn,none,none,721e3c494613d3aa378fb20e47d69b51245b538e
esol,faccd04528716453,CC=C(C(=CC)c1ccc(O)cc1)c1ccc(O)cc1,aqueous_solubility,log10(mol/L),calibration,,-4.949999809265137,-3.866535323200954,-5.045046062440171,-2.6880245839617363,random,2030,edge_gnn,edge_gnn,none,none,721e3c494613d3aa378fb20e47d69b51245b538e
esol,9da6816a67862e68,CC=C(C)C,aqueous_solubility,log10(mol/L),calibration,,-2.559999942779541,-1.9390396618645638,-3.1175504011037813,-0.7605289226253462,random,2030,edge_gnn,edge_gnn,none,none,721e3c494613d3aa378fb20e47d69b51245b538e
esol,ffbba6f6cfcc8f90,CC=CC=O,aqueous_solubility,log10(mol/L),train,,0.3199999928474426,-0.010176511562694834,-1.1886872508019124,1.1683342276765227,random,2030,edge_gnn,edge_gnn,none,none,721e3c494613d3aa378fb20e47d69b51245b538e
esol,f220362f20674d76,CC=Cc1ccc(OC)cc1,aqueous_solubility,log10(mol/L),train,,-3.130000114440918,-5.180743943780791,-6.3592546830200085,-4.002233204541573,random,2030,edge_gnn,edge_gnn,none,none,721e3c494613d3aa378fb20e47d69b51245b538e
esol,35cd7d074fa4c41d,CCBr,aqueous_solubility,log10(mol/L),train,,-1.090000033378601,-3.3122433296046507,-4.490754068843868,-2.133732590365433,random,2030,edge_gnn,edge_gnn,none,none,721e3c494613d3aa378fb20e47d69b51245b538e
esol,d4bb7958b02085f6,CCC,aqueous_solubility,log10(mol/L),calibration,,-1.940000057220459,-1.9561089569905645,-3.134619696229782,-0.777598217751347,random,2030,edge_gnn,edge_gnn,none,none,721e3c494613d3aa378fb20e47d69b51245b538e
esol,d172035a0575b4f0,CCC#CCC,aqueous_solubility,log10(mol/L),train,,-1.9900000095367432,-4.66671922997,-5.845229969209218,-3.4882084907307824,random,2030,edge_gnn,edge_gnn,none,none,721e3c494613d3aa378fb20e47d69b51245b538e
esol,5cc3b635245b012c,CCC#N,aqueous_solubility,log10(mol/L),train,,0.2800000011920929,-1.0854705729500707,-2.263981312189288,0.09304016628914691,random,2030,edge_gnn,edge_gnn,none,none,721e3c494613d3aa378fb20e47d69b51245b538e
esol,0547b83133ec728e,CCC(=C(CC)c1ccc(O)cc1)c1ccc(O)cc1,aqueous_solubility,log10(mol/L),train,,-4.070000171661377,-1.9094285015220738,-3.0879392407612913,-0.7309177622828562,random,2030,edge_gnn,edge_gnn,none,none,721e3c494613d3aa378fb20e47d69b51245b538e
esol,711e0fc464234636,CCC(=O)CC,aqueous_solubility,log10(mol/L),train,,-0.2800000011920929,-1.3887619507662599,-2.5672726900054776,-0.2102512115270423,random,2030,edge_gnn,edge_gnn,none,none,721e3c494613d3aa378fb20e47d69b51245b538e
esol,ce30ab4b74767529,CCC(=O)Nc1ccc(Cl)c(Cl)c1,aqueous_solubility,log10(mol/L),train,,-3.0,-0.9353824930195382,-2.113893232258756,0.24312824621967932,random,2030,edge_gnn,edge_gnn,none,none,721e3c494613d3aa378fb20e47d69b51245b538e
esol,4d970928ff053b01,CCC(=O)OC,aqueous_solubility,log10(mol/L),train,,-0.14000000059604645,-1.0938149112640811,-2.2723256505032987,0.08469582797513642,random,2030,edge_gnn,edge_gnn,none,none,721e3c494613d3aa378fb20e47d69b51245b538e
esol,9b12de6fa018a540,CCC(=O)OC1CCC2C3CCC4=CC(=O)CCC4(C)C3CCC12C,aqueous_solubility,log10(mol/L),train,,-5.369999885559082,-0.7697689126463918,-1.9482796518856094,0.40874182659282576,random,2030,edge_gnn,edge_gnn,none,none,721e3c494613d3aa378fb20e47d69b51245b538e
esol,e3c14a3a91bcd663,CCC(=O)OCN1C(=O)NC(c2ccccc2)(c2ccccc2)C1=O,aqueous_solubility,log10(mol/L),train,,-4.9070000648498535,-3.180694000918728,-4.359204740157946,-2.0021832616795106,random,2030,edge_gnn,edge_gnn,none,none,721e3c494613d3aa378fb20e47d69b51245b538e
esol,fba8f2ce4dada735,CCC(Br)(CC)C(=O)NC(N)=O,aqueous_solubility,log10(mol/L),train,,-2.680000066757202,-2.0508335090759253,-3.229344248315143,-0.8723227698367078,random,2030,edge_gnn,edge_gnn,none,none,721e3c494613d3aa378fb20e47d69b51245b538e
esol,0552a9e71d6cfea7,CCC(C)(C)C,aqueous_solubility,log10(mol/L),calibration,,-3.549999952316284,-3.508193352304008,-4.686704091543225,-2.3296826130647905,random,2030,edge_gnn,edge_gnn,none,none,721e3c494613d3aa378fb20e47d69b51245b538e
esol,a3c5654a10d5a78a,CCC(C)(C)CC,aqueous_solubility,log10(mol/L),train,,-4.230000019073486,-2.44325332517788,-3.6217640644170976,-1.2647425859386625,random,2030,edge_gnn,edge_gnn,none,none,721e3c494613d3aa378fb20e47d69b51245b538e
esol,9d5b4ee33b32fb0c,CCC(C)(C)CO,aqueous_solubility,log10(mol/L),train,,-1.0399999618530273,-3.090252100804295,-4.268762840043513,-1.9117413615650776,random,2030,edge_gnn,edge_gnn,none,none,721e3c494613d3aa378fb20e47d69b51245b538e
esol,531e962faed70e1e,CCC(C)(C)Cl,aqueous_solubility,log10(mol/L),train,,-2.509999990463257,-4.49748415983782,-5.675994899077038,-3.318973420598603,random,2030,edge_gnn,edge_gnn,none,none,721e3c494613d3aa378fb20e47d69b51245b538e
esol,cad4fa1d66a14c52,CCC(C)(C)O,aqueous_solubility,log10(mol/L),train,,0.15000000596046448,-4.271998797716519,-5.450509536955736,-3.093488058477301,random,2030,edge_gnn,edge_gnn,none,none,721e3c494613d3aa378fb20e47d69b51245b538e
esol,646485e6c04cc19e,CCC(C)(O)CC,aqueous_solubility,log10(mol/L),train,,-0.36000001430511475,-1.1788959505932062,-2.3574066898324237,-0.0003852113539886126,random,2030,edge_gnn,edge_gnn,none,none,721e3c494613d3aa378fb20e47d69b51245b538e
esol,4458adc1a90f205f,CCC(C)=O,aqueous_solubility,log10(mol/L),test,,0.5199999809265137,0.45611054326184997,-0.7224001959773676,1.6346212825010675,random,2030,edge_gnn,edge_gnn,none,none,721e3c494613d3aa378fb20e47d69b51245b538e
esol,860e76bc1b2205e5,CCC(C)C,aqueous_solubility,log10(mol/L),test,,-3.180000066757202,-3.051820576709445,-4.230331315948662,-1.8733098374702273,random,2030,edge_gnn,edge_gnn,none,none,721e3c494613d3aa378fb20e47d69b51245b538e
esol,7f0540e7d68d0353,CCC(C)C(=O)OC1CC(C)C=C2C=CC(C)C(CCC3CC(O)CC(=O)O3)C21,aqueous_solubility,log10(mol/L),train,,-6.005000114440918,-2.611324777571871,-3.7898355168110887,-1.4328140383326535,random,2030,edge_gnn,edge_gnn,none,none,721e3c494613d3aa378fb20e47d69b51245b538e
esol,11bac5bf3e21f269,CCC(C)C(C)=O,aqueous_solubility,log10(mol/L),train,,-0.6700000166893005,-1.5567300167303226,-2.7352407559695404,-0.37821927749110507,random,2030,edge_gnn,edge_gnn,none,none,721e3c494613d3aa378fb20e47d69b51245b538e
esol,6085f1e95eaddcb2,CCC(C)C(C)C,aqueous_solubility,log10(mol/L),train,,-4.28000020980835,-1.6455270381138032,-2.8240377773530208,-0.4670162988745856,random,2030,edge_gnn,edge_gnn,none,none,721e3c494613d3aa378fb20e47d69b51245b538e
esol,a5ca898e35932a4d,CCC(C)C1(CC)C(=O)NC(=O)NC1=O,aqueous_solubility,log10(mol/L),validation,,-2.390000104904175,-2.4690666900434293,-3.647577429282647,-1.2905559508042117,random,2030,edge_gnn,edge_gnn,none,none,721e3c494613d3aa378fb20e47d69b51245b538e
esol,8f174b3984e75df6,CCC(C)CC,aqueous_solubility,log10(mol/L),validation,,-3.680000066757202,-3.7711958142483732,-4.949706553487591,-2.5926850750091557,random,2030,edge_gnn,edge_gnn,none,none,721e3c494613d3aa378fb20e47d69b51245b538e
esol,1e876450195412a0,CCC(C)CCO,aqueous_solubility,log10(mol/L),train,,-0.7099999785423279,-4.4705196668699125,-5.64903040610913,-3.292008927630695,random,2030,edge_gnn,edge_gnn,none,none,721e3c494613d3aa378fb20e47d69b51245b538e
esol,aaff60003107c3bd,CCC(C)CO,aqueous_solubility,log10(mol/L),train,,-0.4699999988079071,1.600242683344152,0.42173194410493453,2.7787534225833697,random,2030,edge_gnn,edge_gnn,none,none,721e3c494613d3aa378fb20e47d69b51245b538e
esol,d978eec75d4efefd,CCC(C)Cl,aqueous_solubility,log10(mol/L),test,,-1.9600000381469727,-2.1267925725631827,-3.3053033118024002,-0.9482818333239651,random,2030,edge_gnn,edge_gnn,none,none,721e3c494613d3aa378fb20e47d69b51245b538e
esol,1f701cf97ca02491,CCC(C)O,aqueous_solubility,log10(mol/L),validation,,0.4699999988079071,-0.05255548598805815,-1.2310662252272757,1.1259552532511594,random,2030,edge_gnn,edge_gnn,none,none,721e3c494613d3aa378fb20e47d69b51245b538e
esol,4b3c75035a4fd961,CCC(C)c1cc([N+](=O)[O-])cc([N+](=O)[O-])c1O,aqueous_solubility,log10(mol/L),train,,-3.380000114440918,-2.304966374132751,-3.4834771133719684,-1.1264556348935333,random,2030,edge_gnn,edge_gnn,none,none,721e3c494613d3aa378fb20e47d69b51245b538e
esol,4dd1c7df936dd0ff,CCC(C)n1c(=O)[nH]c(C)c(Br)c1=O,aqueous_solubility,log10(mol/L),train,,-2.5230000019073486,-2.731337751344096,-3.9098484905833137,-1.5528270121048786,random,2030,edge_gnn,edge_gnn,none,none,721e3c494613d3aa378fb20e47d69b51245b538e
esol,7964220aaea5eddd,CCC(C=O)CC,aqueous_solubility,log10(mol/L),calibration,,-1.5199999809265137,-1.3147310851984995,-2.493241824437717,-0.1362203459592819,random,2030,edge_gnn,edge_gnn,none,none,721e3c494613d3aa378fb20e47d69b51245b538e
esol,136ed49ee994d858,CCC(CC)CO,aqueous_solubility,log10(mol/L),train,,-1.1699999570846558,-5.3492682400920835,-6.527778979331301,-4.170757500852866,random,2030,edge_gnn,edge_gnn,none,none,721e3c494613d3aa378fb20e47d69b51245b538e
esol,3d69b54547088a18,CCC(O)(CC)CC,aqueous_solubility,log10(mol/L),train,,-0.8500000238418579,-2.1992419853031593,-3.377752724542377,-1.0207312460639417,random,2030,edge_gnn,edge_gnn,none,none,721e3c494613d3aa378fb20e47d69b51245b538e
esol,1b6616ec4b6c9f5b,CCC(O)C(C)C,aqueous_solubility,log10(mol/L),test,,-0.699999988079071,-0.9481067826139125,-2.12661752185313,0.2304039566253051,random,2030,edge_gnn,edge_gnn,none,none,721e3c494613d3aa378fb20e47d69b51245b538e
esol,ee3d88894451fd0c,CCC(O)CC,aqueous_solubility,log10(mol/L),train,,-0.23999999463558197,-1.003168792988029,-2.1816795322272466,0.17534194625118849,random,2030,edge_gnn,edge_gnn,none,none,721e3c494613d3aa378fb20e47d69b51245b538e
esol,492e3c56afdd3d65,CCC(c1ccc(O)cc1)C(CC)c1ccc(O)cc1,aqueous_solubility,log10(mol/L),test,,-4.429999828338623,-5.121713509319022,-6.30022424855824,-3.9432027700798047,random,2030,edge_gnn,edge_gnn,none,none,721e3c494613d3aa378fb20e47d69b51245b538e
esol,08bd60ba187c4c76,CCC1(C(C)C)C(=O)NC(=O)NC1=O,aqueous_solubility,log10(mol/L),train,,-2.1790000200271606,-3.1419612353233117,-4.32047197456253,-1.9634504960840942,random,2030,edge_gnn,edge_gnn,none,none,721e3c494613d3aa378fb20e47d69b51245b538e
esol,f202255d52ab1ec3,CCC1(C)C(=O)NC(=O)NC1=O,aqueous_solubility,log10(mol/L),test,,-1.2280000448226929,-1.7019562220585547,-2.8804669612977722,-0.5234454828193371,random,2030,edge_gnn,edge_gnn,none,none,721e3c494613d3aa378fb20e47d69b51245b538e
esol,823b22622722d6df,CCC1(C2=CCC3CCC2C3)C(=O)NC(=O)NC1=O,aqueous_solubility,log10(mol/L),train,,-2.696000099182129,-5.332574769462431,-6.511085508701648,-4.154064030223213,random,2030,edge_gnn,edge_gnn,none,none,721e3c494613d3aa378fb20e47d69b51245b538e
esol,6e86b2759d390dd5,CCC1(C2=CCCCC2)C(=O)NC(=O)NC1=O,aqueous_solubility,log10(mol/L),validation,,-2.1700000762939453,-2.7105030833311385,-3.889013822570356,-1.531992344091921,random,2030,edge_gnn,edge_gnn,none,none,721e3c494613d3aa378fb20e47d69b51245b538e
esol,4762407c150120c2,CCC1(CC)C(=O)NC(=O)N(C)C1=O,aqueous_solubility,log10(mol/L),calibration,,-2.2300000190734863,-2.075731850419484,-3.2542425896587015,-0.8972211111802664,random,2030,edge_gnn,edge_gnn,none,none,721e3c494613d3aa378fb20e47d69b51245b538e
esol,0ab736d75dfa233b,CCC1(CC)C(=O)NC(=O)NC1=O,aqueous_solubility,log10(mol/L),validation,,-2.4000000953674316,-2.01940611598363,-3.1979168552228474,-0.8408953767444123,random,2030,edge_gnn,edge_gnn,none,none,721e3c494613d3aa378fb20e47d69b51245b538e
esol,af8a1b1e82b5916e,CCC1(CC=C(C)C)C(=O)NC(=O)NC1=O,aqueous_solubility,log10(mol/L),train,,-2.253000020980835,1.1536728525995676,-0.02483788663964992,2.332183591838785,random,2030,edge_gnn,edge_gnn,none,none,721e3c494613d3aa378fb20e47d69b51245b538e
esol,b52cbbd90dba367d,CCC1(CCC(C)C)C(=O)NC(=O)NC1=O,aqueous_solubility,log10(mol/L),test,,-2.562999963760376,-2.305259628258887,-3.4837703674981046,-1.1267488890196695,random,2030,edge_gnn,edge_gnn,none,none,721e3c494613d3aa378fb20e47d69b51245b538e
esol,645fd10802de397b,CCC1(c2ccccc2)C(=O)NC(=O)NC1=O,aqueous_solubility,log10(mol/L),validation,,-2.322000026702881,-2.614584572523577,-3.7930953117627944,-1.4360738332843592,random,2030,edge_gnn,edge_gnn,none,none,721e3c494613d3aa378fb20e47d69b51245b538e
esol,8e80310464b10ca4,CCC1(c2ccccc2)C(=O)NCNC1=O,aqueous_solubility,log10(mol/L),train,,-2.640000104904175,-5.536711180737823,-6.715221919977041,-4.358200441498606,random,2030,edge_gnn,edge_gnn,none,none,721e3c494613d3aa378fb20e47d69b51245b538e
esol,e1033a252840196d,CCC1(c2ccccc2)CCC(=O)NC1=O,aqueous_solubility,log10(mol/L),train,,-2.3369998931884766,-9.241311265955828,-10.419822005195044,-8.062800526716611,random,2030,edge_gnn,edge_gnn,none,none,721e3c494613d3aa378fb20e47d69b51245b538e
esol,a55a5ec41782ba07,CCC1CCCCC1,aqueous_solubility,log10(mol/L),validation,,-4.25,-3.879087281052458,-5.0575980202916755,-2.7005765418132404,random,2030,edge_gnn,edge_gnn,none,none,721e3c494613d3aa378fb20e47d69b51245b538e
esol,71227fc0ca5ecb0e,CCC1NC(=O)c2cc(S(N)(=O)=O)c(Cl)cc2N1,aqueous_solubility,log10(mol/L),train,,-3.2899999618530273,-4.897206249688551,-6.075716988927769,-3.7186955104493338,random,2030,edge_gnn,edge_gnn,none,none,721e3c494613d3aa378fb20e47d69b51245b538e
esol,fbbba53affc2f528,CCC=O,aqueous_solubility,log10(mol/L),train,,0.5799999833106995,-3.3734776801587154,-4.551988419397933,-2.194966940919498,random,2030,edge_gnn,edge_gnn,none,none,721e3c494613d3aa378fb20e47d69b51245b538e
esol,99307c59d7dfef35,CCCBr,aqueous_solubility,log10(mol/L),calibration,,-1.7300000190734863,-1.8599704267396893,-3.038481165978907,-0.6814596875004717,random,2030,edge_gnn,edge_gnn,none,none,721e3c494613d3aa378fb20e47d69b51245b538e
esol,8744e77d82d027a0,CCCC,aqueous_solubility,log10(mol/L),train,,-2.569999933242798,-1.7628705730036949,-2.941381312242912,-0.5843598337644773,random,2030,edge_gnn,edge_gnn,none,none,721e3c494613d3aa378fb20e47d69b51245b538e
esol,50d5afa3055e4398,CCCC(=O)CC,aqueous_solubility,log10(mol/L),train,,-0.8299999833106995,-3.9118840554792977,-5.090394794718515,-2.73337331624008,random,2030,edge_gnn,edge_gnn,none,none,721e3c494613d3aa378fb20e47d69b51245b538e
esol,c3223a40b30ff2ce,CCCC(=O)CCC,aqueous_solubility,log10(mol/L),train,,-1.2999999523162842,-2.633650947803047,-3.8121616870422645,-1.4551402085638294,random,2030,edge_gnn,edge_gnn,none,none,721e3c494613d3aa378fb20e47d69b51245b538e
esol,530f34a8c65ac982,CCCC(=O)OC,aqueous_solubility,log10(mol/L),train,,-1.9199999570846558,-2.3221761461223576,-3.500686885361575,-1.14366540688314,random,2030,edge_gnn,edge_gnn,none,none,721e3c494613d3aa378fb20e47d69b51245b538e
esol,c2005837b63a1689,CCCC(=O)OCC,aqueous_solubility,log10(mol/L),train,,-1.3600000143051147,0.02822823550988307,-1.1502825037293345,1.2067389747491006,random,2030,edge_gnn,edge_gnn,none,none,721e3c494613d3aa378fb20e47d69b51245b538e
esol,773f55f0ab7b02ec,CCCC(=O)OCN1C(=O)NC(c2ccccc2)(c2ccccc2)C1=O,aqueous_solubility,log10(mol/L),train,,-5.071000099182129,-6.9173591760645134,-8.09586991530373,-5.738848436825296,random,2030,edge_gnn,edge_gnn,none,none,721e3c494613d3aa378fb20e47d69b51245b538e
esol,eb02c03a46d859f4,CCCC(C)(C)C,aqueous_solubility,log10(mol/L),test,,-4.360000133514404,-4.090894536491557,-5.269405275730775,-2.91238379725234,random,2030,edge_gnn,edge_gnn,none,none,721e3c494613d3aa378fb20e47d69b51245b538e
esol,14c21e027fff9f63,CCCC(C)(C)CO,aqueous_solubility,log10(mol/L),train,,-1.5199999809265137,-6.508088191910807,-7.686598931150025,-5.3295774526715896,random,2030,edge_gnn,edge_gnn,none,none,721e3c494613d3aa378fb20e47d69b51245b538e
esol,553c0fbe16a4173b,CCCC(C)(C)O,aqueous_solubility,log10(mol/L),train,,-0.49000000953674316,-6.464522323607753,-7.64303306284697,-5.286011584368535,random,2030,edge_gnn,edge_gnn,none,none,721e3c494613d3aa378fb20e47d69b51245b538e
esol,c13aa0325c4d7681,CCCC(C)(COC(N)=O)COC(N)=O,aqueous_solubility,log10(mol/L),train,,-1.8070000410079956,-1.619099599486598,-2.7976103387258155,-0.4405888602473804,random,2030,edge_gnn,edge_gnn,none,none,721e3c494613d3aa378fb20e47d69b51245b538e
esol,705240c8f60cb049,CCCC(C)(O)CC,aqueous_solubility,log10(mol/L),train,,-0.9800000190734863,-1.2087675009190673,-2.3872782401582846,-0.030256761679849697,random,2030,edge_gnn,edge_gnn,none,none,721e3c494613d3aa378fb20e47d69b51245b538e
esol,0148f694c74e1962,CCCC(C)=O,aqueous_solubility,log10(mol/L),train,,-0.1899999976158142,-1.4737217523172748,-2.652232491556492,-0.2952110130780572,random,2030,edge_gnn,edge_gnn,none,none,721e3c494613d3aa378fb20e47d69b51245b538e
esol,2a6bb1427ddc99d3,CCCC(C)C,aqueous_solubility,log10(mol/L),train,,-3.740000009536743,-1.8117876825493089,-2.9902984217885265,-0.6332769433100913,random,2030,edge_gnn,edge_gnn,none,none,721e3c494613d3aa378fb20e47d69b51245b538e
esol,6035d42dec3b21aa,CCCC(C)C1(CC)C(=O)NC(=O)NC1=O,aqueous_solubility,log10(mol/L),validation,,-2.390000104904175,-2.6128053671284803,-3.791316106367698,-1.4342946278892628,random,2030,edge_gnn,edge_gnn,none,none,721e3c494613d3aa378fb20e47d69b51245b538e
esol,0bc9361c7a07aa90,CCCC(C)C1(CC)C(=O)NC(=S)NC1=O,aqueous_solubility,log10(mol/L),train,,-3.359999895095825,-4.57585990477927,-5.754370644018487,-3.397349165540052,random,2030,edge_gnn,edge_gnn,none,none,721e3c494613d3aa378fb20e47d69b51245b538e
esol,b60aaba75c023587,CCCC(C)CO,aqueous_solubility,log10(mol/L),train,,-1.1100000143051147,-0.36835403558787494,-1.5468647748270925,0.8101567036513426,random,2030,edge_gnn,edge_gnn,none,none,721e3c494613d3aa378fb20e47d69b51245b538e
esol,a428353a26a96988,CCCC(C)O,aqueous_solubility,log10(mol/L),test,,-0.28999999165534973,-0.6174306797394045,-1.795941418978622,0.5610800594998131,random,2030,edge_gnn,edge_gnn,none,none,721e3c494613d3aa378fb20e47d69b51245b538e
esol,911ea15ed7d45385,CCCC(O)CC,aqueous_solubility,log10(mol/L),train,,-0.800000011920929,-1.6757433780833426,-2.85425411732256,-0.49723263884412505,random,2030,edge_gnn,edge_gnn,none,none,721e3c494613d3aa378fb20e47d69b51245b538e
esol,36679fca2c495432,CCCC(O)CCC,aqueous_solubility,log10(mol/L),train,,-1.399999976158142,-4.367052243545411,-5.545562982784628,-3.188541504306193,random,2030,edge_gnn,edge_gnn,none,none,721e3c494613d3aa378fb20e47d69b51245b538e
esol,f92375bd7aa00a4e,CCCC1C(=O)N2C(N(C)C)=Nc3ccc(C)cc3N2C1=O,aqueous_solubility,log10(mol/L),test,,-3.5380001068115234,-3.898853139017393,-5.077363878256611,-2.7203423997781755,random,2030,edge_gnn,edge_gnn,none,none,721e3c494613d3aa378fb20e47d69b51245b538e
esol,ec228ee9c15a775e,CCCC1CCCC1,aqueous_solubility,log10(mol/L),validation,,-4.739999771118164,-4.734701074741895,-5.913211813981112,-3.556190335502677,random,2030,edge_gnn,edge_gnn,none,none,721e3c494613d3aa378fb20e47d69b51245b538e
esol,9eb037d358bcc7a9,CCCC1COC(Cn2cncn2)(c2ccc(Cl)cc2Cl)O1,aqueous_solubility,log10(mol/L),train,,-3.493000030517578,-7.3609251863129455,-8.539435925552162,-6.182414447073728,random,2030,edge_gnn,edge_gnn,none,none,721e3c494613d3aa378fb20e47d69b51245b538e
esol,b3fc3b836b5caee3,CCCC=C(C=O)CC,aqueous_solubility,log10(mol/L),validation,,-2.4600000381469727,-2.0307197075188697,-3.209230446758087,-0.8522089682796521,random,2030,edge_gnn,edge_gnn,none,none,721e3c494613d3aa378fb20e47d69b51245b538e
esol,2b15dc56b70f7e88,CCCC=O,aqueous_solubility,log10(mol/L),calibration,,-0.009999999776482582,-0.05489243562563706,-1.2334031748648546,1.1236183036135805,random,2030,edge_gnn,edge_gnn,none,none,721e3c494613d3aa378fb20e47d69b51245b538e
esol,d8934e1ae61ae50b,CCCCBr,aqueous_solubility,log10(mol/L),test,,-2.369999885559082,-2.384704877117016,-3.5632156163562336,-1.2061941378777985,random,2030,edge_gnn,edge_gnn,none,none,721e3c494613d3aa378fb20e47d69b51245b538e
esol,cdbf47a4c8e3d287,CCCCC,aqueous_solubility,log10(mol/L),train,,-3.180000066757202,-1.7206439973670482,-2.899154736606266,-0.5421332581278306,random,2030,edge_gnn,edge_gnn,none,none,721e3c494613d3aa378fb20e47d69b51245b538e
esol,046f34299e8e0593,CCCCC(=O)CCCC,aqueous_solubility,log10(mol/L),train,,-2.5799999237060547,-2.8722129744084044,-4.050723713647622,-1.6937022351691868,random,2030,edge_gnn,edge_gnn,none,none,721e3c494613d3aa378fb20e47d69b51245b538e
esol,d781e9733c524f88,CCCCC(=O)OC,aqueous_solubility,log10(mol/L),train,,-1.340000033378601,-4.024029000231222,-5.202539739470439,-2.8455182609920042,random,2030,edge_gnn,edge_gnn,none,none,721e3c494613d3aa378fb20e47d69b51245b538e
esol,8186b98ad615d4fa,CCCCC(=O)OC1(C(=O)CO)C(C)CC2C3CCC4=CC(=O)C=CC4(C)C3(F)C(O)CC21C,aqueous_solubility,log10(mol/L),test,,-4.710000038146973,-4.056592760947168,-5.235103500186385,-2.87808202170795,random,2030,edge_gnn,edge_gnn,none,none,721e3c494613d3aa378fb20e47d69b51245b538e
esol,1e4a499efcb48181,CCCCC(=O)OCC,aqueous_solubility,log10(mol/L),train,,-2.25,-2.303691611251466,-3.4822023504906836,-1.1251808720122485,random,2030,edge_gnn,edge_gnn,none,none,721e3c494613d3aa378fb20e47d69b51245b538e
esol,eb83f6d383b44ecd,CCCCC(=O)OCN1C(=O)NC(c2ccccc2)(c2ccccc2)C1=O,aqueous_solubility,log10(mol/L),train,,-4.677999973297119,-1.5389692499478995,-2.717479989187117,-0.36045851070868196,random,2030,edge_gnn,edge_gnn,none,none,721e3c494613d3aa378fb20e47d69b51245b538e
esol,0063512c4316b02d,CCCCC(C)(C)O,aqueous_solubility,log10(mol/L),calibration,,-1.0800000429153442,-1.0395768383809505,-2.2180875776201683,0.13893390085826707,random,2030,edge_gnn,edge_gnn,none,none,721e3c494613d3aa378fb20e47d69b51245b538e
esol,ca9a40b2ae6d7fac,CCCCC(C)(O)CC,aqueous_solubility,log10(mol/L),train,,-1.600000023841858,-4.441136852394623,-5.61964759163384,-3.262626113155405,random,2030,edge_gnn,edge_gnn,none,none,721e3c494613d3aa378fb20e47d69b51245b538e
esol,cb1389de78271b03,CCCCC(C)=O,aqueous_solubility,log10(mol/L),train,,-0.800000011920929,-2.3200146190971225,-3.49852535833634,-1.141503879857905,random,2030,edge_gnn,edge_gnn,none,none,721e3c494613d3aa378fb20e47d69b51245b538e
esol,ee72f0696072d63b,CCCCC(C)CC,aqueous_solubility,log10(mol/L),train,,-5.159999847412109,-1.6407645759663947,-2.819275315205612,-0.4622538367271771,random,2030,edge_gnn,edge_gnn,none,none,721e3c494613d3aa378fb20e47d69b51245b538e
esol,886e9d2f85b3cb44,CCCCC(C)O,aqueous_solubility,log10(mol/L),validation,,-0.8899999856948853,-1.1306517674871757,-2.309162506726393,0.0478589717520419,random,2030,edge_gnn,edge_gnn,none,none,721e3c494613d3aa378fb20e47d69b51245b538e
esol,0838a16aa5ae802e,CCCCC(C=O)CC,aqueous_solubility,log10(mol/L),train,,-2.130000114440918,1.214769627922593,0.036258888683375456,2.3932803671618106,random,2030,edge_gnn,edge_gnn,none,none,721e3c494613d3aa378fb20e47d69b51245b538e
esol,0ee8c22e174f5540,CCCCC(CC)CO,aqueous_solubility,log10(mol/L),validation,,-2.109999895095825,-2.1447881823465966,-3.323298921585814,-0.9662774431073791,random,2030,edge_gnn,edge_gnn,none,none,721e3c494613d3aa378fb20e47d69b51245b538e
esol,51a9b8b1d8173760,CCCCC(CC)COC(=O)c1ccccc1C(=O)OCC(CC)CCCC,aqueous_solubility,log10(mol/L),train,,-6.960000038146973,-4.390514339847455,-5.569025079086672,-3.212003600608237,random,2030,edge_gnn,edge_gnn,none,none,721e3c494613d3aa378fb20e47d69b51245b538e
esol,3a73360948f6d478,CCCCC(O)CC,aqueous_solubility,log10(mol/L),calibration,,-1.4700000286102295,-1.4045472104025567,-2.5830579496417743,-0.22603647116333914,random,2030,edge_gnn,edge_gnn,none,none,721e3c494613d3aa378fb20e47d69b51245b538e
esol,b368fff92897feb5,CCCCC1(CC)C(=O)NC(=O)NC1=O,aqueous_solubility,log10(mol/L),train,,-1.6610000133514404,-2.40916740586486,-3.5876781451040776,-1.2306566666256424,random,2030,edge_gnn,edge_gnn,none,none,721e3c494613d3aa378fb20e47d69b51245b538e
esol,697b7adfb97e92d9,CCCCC1C(=O)N(c2ccccc2)N(c2ccc(O)cc2)C1=O,aqueous_solubility,log10(mol/L),calibration,,-3.7300000190734863,-3.581621372166566,-4.760132111405784,-2.4031106329273486,random,2030,edge_gnn,edge_gnn,none,none,721e3c494613d3aa378fb20e47d69b51245b538e
esol,9bb878f2acf6502d,CCCCC1C(=O)N(c2ccccc2)N(c2ccccc2)C1=O,aqueous_solubility,log10(mol/L),train,,-3.809999942779541,-2.573804019168615,-3.7523147584078327,-1.3952932799293976,random,2030,edge_gnn,edge_gnn,none,none,721e3c494613d3aa378fb20e47d69b51245b538e
esol,cccde35c98b95e45,CCCCC=O,aqueous_solubility,log10(mol/L),train,,-0.8500000238418579,-3.3402657830379407,-4.518776522277158,-2.161755043798723,random,2030,edge_gnn,edge_gnn,none,none,721e3c494613d3aa378fb20e47d69b51245b538e
esol,400a2153ad1cc41e,CCCCCBr,aqueous_solubility,log10(mol/L),test,,-3.0799999237060547,-3.027517369667148,-4.206028108906366,-1.8490066304279305,random,2030,edge_gnn,edge_gnn,none,none,721e3c494613d3aa378fb20e47d69b51245b538e
esol,067861bb7f44340e,CCCCCC,aqueous_solubility,log10(mol/L),train,,-3.8399999141693115,-1.55883433113082,-2.7373450703700373,-0.38032359189160236,random,2030,edge_gnn,edge_gnn,none,none,721e3c494613d3aa378fb20e47d69b51245b538e
esol,15f1b3f210442886,CCCCCC(=O)OC,aqueous_solubility,log10(mol/L),test,,-1.8700000047683716,-1.8542021073551604,-3.032712846594378,-0.6756913681159429,random,2030,edge_gnn,edge_gnn,none,none,721e3c494613d3aa378fb20e47d69b51245b538e
esol,f0c3620530b2fea4,CCCCCC(=O)OCC,aqueous_solubility,log10(mol/L),calibration,,-2.3499999046325684,-2.1478795564514996,-3.326390295690717,-0.9693688172122821,random,2030,edge_gnn,edge_gnn,none,none,721e3c494613d3aa378fb20e47d69b51245b538e
esol,e5611d7c920e4a9e,CCCCCC(=O)OCN1C(=O)NC(c2ccccc2)(c2ccccc2)C1=O,aqueous_solubility,log10(mol/L),validation,,-5.886000156402588,-5.0529933882958264,-6.231504127535044,-3.874482649056609,random,2030,edge_gnn,edge_gnn,none,none,721e3c494613d3aa378fb20e47d69b51245b538e
esol,6155649d8540ed94,CCCCCC(C)(C)O,aqueous_solubility,log10(mol/L),train,,-1.7200000286102295,-1.9662485858367258,-3.1447593250759436,-0.7877378465975082,random,2030,edge_gnn,edge_gnn,none,none,721e3c494613d3aa378fb20e47d69b51245b538e
esol,e9eedb31eddae14a,CCCCCC(C)=O,aqueous_solubility,log10(mol/L),train,,-1.4500000476837158,-3.7563997590014226,-4.93491049824064,-2.577889019762205,random,2030,edge_gnn,edge_gnn,none,none,721e3c494613d3aa378fb20e47d69b51245b538e
esol,66316631fd660d13,CCCCCC(C)C,aqueous_solubility,log10(mol/L),train,,-5.079999923706055,-0.10654578468158604,-1.2850565239208036,1.0719649545576315,random,2030,edge_gnn,edge_gnn,none,none,721e3c494613d3aa378fb20e47d69b51245b538e
esol,da7e9d52660f7666,CCCCCC(C)O,aqueous_solubility,log10(mol/L),train,,-1.5499999523162842,-2.482766306654005,-3.6612770458932227,-1.3042555674147875,random,2030,edge_gnn,edge_gnn,none,none,721e3c494613d3aa378fb20e47d69b51245b538e
esol,04583283814a1149,CCCCCC(O)CC,aqueous_solubility,log10(mol/L),train,,-1.9800000190734863,-1.4530607407055331,-2.6315714799447507,-0.2745500014663156,random,2030,edge_gnn,edge_gnn,none,none,721e3c494613d3aa378fb20e47d69b51245b538e
esol,a98e9ddfe0bfb71f,CCCCCC1CCCC1,aqueous_solubility,log10(mol/L),train,,-6.079999923706055,-1.638138850809467,-2.8166495900486845,-0.4596281115702494,random,2030,edge_gnn,edge_gnn,none,none,721e3c494613d3aa378fb20e47d69b51245b538e
esol,93bc9362240baa5a,CCCCCC=O,aqueous_solubility,log10(mol/L),train,,-1.2999999523162842,-0.22354137597935697,-1.4020521152185745,0.9549693632598606,random,2030,edge_gnn,edge_gnn,none,none,721e3c494613d3aa378fb20e47d69b51245b538e
esol,a6326ae1c933fa1d,CCCCCCBr,aqueous_solubility,log10(mol/L),validation,,-3.809999942779541,-3.6872939100837714,-4.865804649322989,-2.508783170844554,random,2030,edge_gnn,edge_gnn,none,none,721e3c494613d3aa378fb20e47d69b51245b538e
esol,0742f60cc0d0b0c5,CCCCCCC,aqueous_solubility,log10(mol/L),train,,-4.53000020980835,-2.357627094321072,-3.5361378335602898,-1.1791163550818546,random,2030,edge_gnn,edge_gnn,none,none,721e3c494613d3aa378fb20e47d69b51245b538e
esol,3350712a156b97ee,CCCCCCC(=O)OCC,aqueous_solubility,log10(mol/L),train,,-2.740000009536743,-3.636015691655513,-4.81452643089473,-2.4575049524162953,random,2030,edge_gnn,edge_gnn,none,none,721e3c494613d3aa378fb20e47d69b51245b538e
esol,7056b5401228fc27,CCCCCCC(=O)OCN1C(=O)NC(c2ccccc2)(c2ccccc2)C1=O,aqueous_solubility,log10(mol/L),validation,,-6.301000118255615,-5.152625862630741,-6.331136601869958,-3.974115123391523,random,2030,edge_gnn,edge_gnn,none,none,721e3c494613d3aa378fb20e47d69b51245b538e
esol,59ece8e98d2096e2,CCCCCCC(C)=O,aqueous_solubility,log10(mol/L),train,,-2.049999952316284,-3.3874219170104523,-4.56593265624967,-2.2089111777712347,random,2030,edge_gnn,edge_gnn,none,none,721e3c494613d3aa378fb20e47d69b51245b538e
esol,427cbb0dd97d6b50,CCCCCCC(C)O,aqueous_solubility,log10(mol/L),validation,,-2.0899999141693115,-2.236917034864198,-3.4154277741034154,-1.0584062956249802,random,2030,edge_gnn,edge_gnn,none,none,721e3c494613d3aa378fb20e47d69b51245b538e
esol,b17209ce34398ed5,CCCCCCCBr,aqueous_solubility,log10(mol/L),train,,-4.429999828338623,-6.085182562484429,-7.263693301723647,-4.906671823245212,random,2030,edge_gnn,edge_gnn,none,none,721e3c494613d3aa378fb20e47d69b51245b538e
esol,2f891eb6fbb926d4,CCCCCCCC,aqueous_solubility,log10(mol/L),train,,-5.239999771118164,-4.875023394874579,-6.0535341341137965,-3.6965126556353614,random,2030,edge_gnn,edge_gnn,none,none,721e3c494613d3aa378fb20e47d69b51245b538e
esol,d4e8db30d372de33,CCCCCCCC(=O)OC,aqueous_solubility,log10(mol/L),calibration,,-3.1700000762939453,-2.9779806511803626,-4.15649139041958,-1.799469911941145,random,2030,edge_gnn,edge_gnn,none,none,721e3c494613d3aa378fb20e47d69b51245b538e
esol,bbfb6e5e2f7f210b,CCCCCCCC(=O)OCC,aqueous_solubility,log10(mol/L),validation,,-3.390000104904175,-3.3675015786508284,-4.546012317890046,-2.188990839411611,random,2030,edge_gnn,edge_gnn,none,none,721e3c494613d3aa378fb20e47d69b51245b538e
esol,fdf14f687f402c1b,CCCCCCCC(=O)OCN1C(=O)NC(c2ccccc2)(c2ccccc2)C1=O,aqueous_solubility,log10(mol/L),train,,-6.5229997634887695,0.5969118850839044,-0.5815988541553132,1.775422624323122,random,2030,edge_gnn,edge_gnn,none,none,721e3c494613d3aa378fb20e47d69b51245b538e
esol,fea1a3023a7fc0ae,CCCCCCCC(C)=O,aqueous_solubility,log10(mol/L),train,,-2.5799999237060547,-4.819421554685131,-5.9979322939243485,-3.6409108154459133,random,2030,edge_gnn,edge_gnn,none,none,721e3c494613d3aa378fb20e47d69b51245b538e
esol,866ae94d1cd7a5b1,CCCCCCCC(C)O,aqueous_solubility,log10(mol/L),train,,-2.740000009536743,-0.926444960082558,-2.1049556993217755,0.2520657791566596,random,2030,edge_gnn,edge_gnn,none,none,721e3c494613d3aa378fb20e47d69b51245b538e
esol,0c834b867b0755f7,CCCCCCCCBr,aqueous_solubility,log10(mol/L),train,,-5.059999942779541,-0.23398977637798968,-1.4125005156172072,0.9445209628612279,random,2030,edge_gnn,edge_gnn,none,none,721e3c494613d3aa378fb20e47d69b51245b538e
esol,52907309c5979835,CCCCCCCCC,aqueous_solubility,log10(mol/L),train,,-5.880000114440918,-3.7025945340024715,-4.881105273241689,-2.524083794763254,random,2030,edge_gnn,edge_gnn,none,none,721e3c494613d3aa378fb20e47d69b51245b538e
esol,91d1337f64867273,CCCCCCCCC(=O)OC,aqueous_solubility,log10(mol/L),train,,-3.380000114440918,-5.9730337068364365,-7.151544446075654,-4.794522967597219,random,2030,edge_gnn,edge_gnn,none,none,721e3c494613d3aa378fb20e47d69b51245b538e
esol,91ca518d3bfa05a4,CCCCCCCCC(=O)OCC,aqueous_solubility,log10(mol/L),calibration,,-3.799999952316284,-3.9359775722594286,-5.114488311498646,-2.757466833020211,random,2030,edge_gnn,edge_gnn,none,none,721e3c494613d3aa378fb20e47d69b51245b538e
esol,190307f6f9c5d129,CCCCCCCCC(C)=O,aqueous_solubility,log10(mol/L),test,,-3.299999952316284,-2.588438655334304,-3.7669493945735217,-1.4099279160950866,random,2030,edge_gnn,edge_gnn,none,none,721e3c494613d3aa378fb20e47d69b51245b538e
esol,a3ed57e5c214461b,CCCCCCCCCC(=O)OC,aqueous_solubility,log10(mol/L),train,,-4.690000057220459,-0.040687051842903,-1.2191977910821206,1.1378236873963146,random,2030,edge_gnn,edge_gnn,none,none,721e3c494613d3aa378fb20e47d69b51245b538e
esol,bacd88176dc73f72,CCCCCCCCCC(=O)OCC,aqueous_solubility,log10(mol/L),train,,-4.099999904632568,-1.4662776770465467,-2.644788416285764,-0.2877669378073291,random,2030,edge_gnn,edge_gnn,none,none,721e3c494613d3aa378fb20e47d69b51245b538e
esol,0660e103e7d31762,CCCCCCCCCC(C)O,aqueous_solubility,log10(mol/L),validation,,-2.940000057220459,-4.045025213483378,-5.223535952722596,-2.866514474244161,random,2030,edge_gnn,edge_gnn,none,none,721e3c494613d3aa378fb20e47d69b51245b538e
esol,ff455d1cef69469a,CCCCCCCCCCCC(=O)OC,aqueous_solubility,log10(mol/L),test,,-4.690000057220459,-4.962374393976376,-6.140885133215593,-3.783863654737158,random,2030,edge_gnn,edge_gnn,none,none,721e3c494613d3aa378fb20e47d69b51245b538e
esol,a980398600f36d4e,CCCCCCCCCCCCCC,aqueous_solubility,log10(mol/L),train,,-7.960000038146973,-6.931937482711029,-8.110448221950247,-5.753426743471811,random,2030,edge_gnn,edge_gnn,none,none,721e3c494613d3aa378fb20e47d69b51245b538e
esol,bc312e38ba02802a,CCCCCCCCCCCCCCCC,aqueous_solubility,log10(mol/L),train,,-8.399999618530273,-7.8195335121026766,-8.998044251341895,-6.641022772863459,random,2030,edge_gnn,edge_gnn,none,none,721e3c494613d3aa378fb20e47d69b51245b538e
esol,1a06d4bca85cd592,CCCCCCCCCCCCCCCCCCCC,aqueous_solubility,log10(mol/L),train,,-8.17199993133545,-2.8741616414532896,-4.052672380692507,-1.695650902214072,random,2030,edge_gnn,edge_gnn,none,none,721e3c494613d3aa378fb20e47d69b51245b538e
esol,384c121c7d12a56a,CCCCCCCCCCCCCCCCCCCCCCCCCC,aqueous_solubility,log10(mol/L),train,,-8.333999633789062,-4.904962818170912,-6.083473557410129,-3.726452078931694,random,2030,edge_gnn,edge_gnn,none,none,721e3c494613d3aa378fb20e47d69b51245b538e
esol,bc3d0429e3abc793,CCCCCCCCCCCCCCCCCCO,aqueous_solubility,log10(mol/L),validation,,-8.399999618530273,-6.592570864141518,-7.771081603380735,-5.4140601249023,random,2030,edge_gnn,edge_gnn,none,none,721e3c494613d3aa378fb20e47d69b51245b538e
esol,c4c342bdb047ff91,CCCCCCCCCCCCCCCCO,aqueous_solubility,log10(mol/L),train,,-7.0,-6.226372723070412,-7.40488346230963,-5.047861983831194,random,2030,edge_gnn,edge_gnn,none,none,721e3c494613d3aa378fb20e47d69b51245b538e
esol,cd68df105e34e541,CCCCCCCCCCCCCCCO,aqueous_solubility,log10(mol/L),train,,-6.349999904632568,-0.35607028951187836,-1.534581028751096,0.8224404497273392,random,2030,edge_gnn,edge_gnn,none,none,721e3c494613d3aa378fb20e47d69b51245b538e
esol,1e9120d9df04f9e6,CCCCCCCCCCCCCCO,aqueous_solubility,log10(mol/L),test,,-5.840000152587891,-5.576830414183468,-6.755341153422686,-4.398319674944251,random,2030,edge_gnn,edge_gnn,none,none,721e3c494613d3aa378fb20e47d69b51245b538e
esol,de7e37932cf8aac8,CCCCCCCCCCCCO,aqueous_solubility,log10(mol/L),test,,-4.800000190734863,-4.78292431563027,-5.961435054869487,-3.6044135763910523,random,2030,edge_gnn,edge_gnn,none,none,721e3c494613d3aa378fb20e47d69b51245b538e
esol,50df1a057983a774,CCCCCCCCCCO,aqueous_solubility,log10(mol/L),calibration,,-3.630000114440918,-3.790209518588862,-4.96872025782808,-2.6116987793496445,random,2030,edge_gnn,edge_gnn,none,none,721e3c494613d3aa378fb20e47d69b51245b538e
esol,0dd85d1472dc7f0a,CCCCCCCCCO,aqueous_solubility,log10(mol/L),train,,-3.009999990463257,-4.860213714570359,-6.038724453809577,-3.6817029753311417,random,2030,edge_gnn,edge_gnn,none,none,721e3c494613d3aa378fb20e47d69b51245b538e
esol,0f0c5849c0728201,CCCCCCCCO,aqueous_solubility,log10(mol/L),train,,-2.390000104904175,-4.431209736594483,-5.609720475833701,-3.2526989973552656,random,2030,edge_gnn,edge_gnn,none,none,721e3c494613d3aa378fb20e47d69b51245b538e
esol,c6dea0f9a59433fd,CCCCCCCCOC(=O)c1ccccc1C(=O)OCCCCCCCC,aqueous_solubility,log10(mol/L),validation,,-5.114999771118164,-6.391569477617465,-7.570080216856683,-5.213058738378248,random,2030,edge_gnn,edge_gnn,none,none,721e3c494613d3aa378fb20e47d69b51245b538e
esol,38ee92fb024e7c6a,CCCCCCCCl,aqueous_solubility,log10(mol/L),train,,-4.0,-1.7114831648803746,-2.889993904119592,-0.532972425641157,random,2030,edge_gnn,edge_gnn,none,none,721e3c494613d3aa378fb20e47d69b51245b538e
esol,5fa8cd0096eff934,CCCCCCCI,aqueous_solubility,log10(mol/L),train,,-4.809999942779541,-2.789678874604126,-3.9681896138433435,-1.6111681353649083,random,2030,edge_gnn,edge_gnn,none,none,721e3c494613d3aa378fb20e47d69b51245b538e
esol,cd059d986249006a,CCCCCCCO,aqueous_solubility,log10(mol/L),train,,-1.809999942779541,-3.532808595235413,-4.711319334474631,-2.3542978559961956,random,2030,edge_gnn,edge_gnn,none,none,721e3c494613d3aa378fb20e47d69b51245b538e
esol,858786129af166f6,CCCCCCCl,aqueous_solubility,log10(mol/L),train,,-3.119999885559082,-2.9652059930293695,-4.143716732268587,-1.786695253790152,random,2030,edge_gnn,edge_gnn,none,none,721e3c494613d3aa378fb20e47d69b51245b538e
esol,bff524d4cee6dd13,CCCCCCO,aqueous_solubility,log10(mol/L),train,,-1.2400000095367432,-1.5986887590652752,-2.7771994983044928,-0.4201780198260576,random,2030,edge_gnn,edge_gnn,none,none,721e3c494613d3aa378fb20e47d69b51245b538e
esol,f99f09834a2307b7,CCCCCCOC(=O)c1ccccc1C(=O)OCCCCCC,aqueous_solubility,log10(mol/L),train,,-6.144000053405762,-2.8328719462013368,-4.011382685440554,-1.6543612069621192,random,2030,edge_gnn,edge_gnn,none,none,721e3c494613d3aa378fb20e47d69b51245b538e
esol,33da9a9e495cd260,CCCCCCc1ccc(O)cc1O,aqueous_solubility,log10(mol/L),train,,-2.5899999141693115,-4.581948665325505,-5.760459404564722,-3.403437926086287,random,2030,edge_gnn,edge_gnn,none,none,721e3c494613d3aa378fb20e47d69b51245b538e
esol,4054ea097cbe803b,CCCCCCc1ccccc1,aqueous_solubility,log10(mol/L),train,,-5.210000038146973,-1.0623202129120333,-2.240830952151251,0.1161905263271843,random,2030,edge_gnn,edge_gnn,none,none,721e3c494613d3aa378fb20e47d69b51245b538e
esol,3b56245e57457ea4,CCCCCCl,aqueous_solubility,log10(mol/L),test,,-2.7300000190734863,-2.716320415074456,-3.8948311543136738,-1.5378096758352386,random,2030,edge_gnn,edge_gnn,none,none,721e3c494613d3aa378fb20e47d69b51245b538e
esol,a58a553e8e375de7,CCCCCO,aqueous_solubility,log10(mol/L),calibration,,-0.6000000238418579,-0.7688335776964346,-1.9473443169356521,0.409677161542783,random,2030,edge_gnn,edge_gnn,none,none,721e3c494613d3aa378fb20e47d69b51245b538e
esol,2406a09c97f56f54,CCCCCOC(=O)CC,aqueous_solubility,log10(mol/L),test,,-1.2799999713897705,-2.174705591082804,-3.3532163303220215,-0.9961948518435864,random,2030,edge_gnn,edge_gnn,none,none,721e3c494613d3aa378fb20e47d69b51245b538e
esol,67e3ba13863eb8fe,CCCCCOC(C)=O,aqueous_solubility,log10(mol/L),train,,-1.8899999856948853,-5.124026362790504,-6.302537102029722,-3.9455156235512865,random,2030,edge_gnn,edge_gnn,none,none,721e3c494613d3aa378fb20e47d69b51245b538e
esol,412c3e94bc5f3484,CCCCCc1ccccc1,aqueous_solubility,log10(mol/L),train,,-4.639999866485596,-2.51855542120467,-3.6970661604438875,-1.3400446819654523,random,2030,edge_gnn,edge_gnn,none,none,721e3c494613d3aa378fb20e47d69b51245b538e
esol,4b17450fdb820e4a,CCCCCl,aqueous_solubility,log10(mol/L),train,,-2.0299999713897705,-0.7915735459632001,-1.9700842852024176,0.3869371932760175,random,2030,edge_gnn,edge_gnn,none,none,721e3c494613d3aa378fb20e47d69b51245b538e
esol,83588fb58bfe7ab9,CCCCI,aqueous_solubility,log10(mol/L),train,,-2.9600000381469727,-8.067079608154277,-9.245590347393495,-6.888568868915059,random,2030,edge_gnn,edge_gnn,none,none,721e3c494613d3aa378fb20e47d69b51245b538e
esol,6a5cef6cac9b1660,CCCCN(C)C(=O)Nc1ccc(Cl)c(Cl)c1,aqueous_solubility,log10(mol/L),train,,-4.769999980926514,-2.155681541791425,-3.3341922810306426,-0.9771708025522075,random,2030,edge_gnn,edge_gnn,none,none,721e3c494613d3aa378fb20e47d69b51245b538e
esol,6f272ede992bb6a7,CCCCN(CC)C(=O)SCCC,aqueous_solubility,log10(mol/L),train,,-3.5299999713897705,-2.1015691852931924,-3.28007992453241,-0.9230584460539748,random,2030,edge_gnn,edge_gnn,none,none,721e3c494613d3aa378fb20e47d69b51245b538e
esol,b9d61b06f115b6ac,CCCCN(CC)c1c([N+](=O)[O-])cc(C(F)(F)F)cc1[N+](=O)[O-],aqueous_solubility,log10(mol/L),train,,-5.53000020980835,-1.6871720256577465,-2.865682764896964,-0.5086612864185289,random,2030,edge_gnn,edge_gnn,none,none,721e3c494613d3aa378fb20e47d69b51245b538e
esol,a86b989f93448443,CCCCNC(=O)n1c(NC(=O)OC)nc2ccccc21,aqueous_solubility,log10(mol/L),test,,-4.882999897003174,-4.114953359838827,-5.293464099078045,-2.9364426205996095,random,2030,edge_gnn,edge_gnn,none,none,721e3c494613d3aa378fb20e47d69b51245b538e
esol,29d728fa528693ff,CCCCO,aqueous_solubility,log10(mol/L),calibration,,0.0,-0.16234796367606918,-1.3408587029152867,1.0161627755631484,random,2030,edge_gnn,edge_gnn,none,none,721e3c494613d3aa378fb20e47d69b51245b538e
esol,4220bcb6b0bad406,CCCCOC,aqueous_solubility,log10(mol/L),calibration,,-0.9900000095367432,-0.5748190700769595,-1.753329809316177,0.603691669162258,random,2030,edge_gnn,edge_gnn,none,none,721e3c494613d3aa378fb20e47d69b51245b538e
esol,0341b123b22addd6,CCCCOC(=O)CCCCCCCCC(=O)OCCCC,aqueous_solubility,log10(mol/L),train,,-3.8959999084472656,0.7177429300030131,-0.4607678092362044,1.8962536692422307,random,2030,edge_gnn,edge_gnn,none,none,721e3c494613d3aa378fb20e47d69b51245b538e
esol,47e93f994dd9b389,CCCCOC(=O)c1ccc(N)cc1,aqueous_solubility,log10(mol/L),train,,-3.0820000171661377,-3.7488013925729122,-4.92731213181213,-2.5702906533336947,random,2030,edge_gnn,edge_gnn,none,none,721e3c494613d3aa378fb20e47d69b51245b538e
esol,d36555332cfcbf7b,CCCCOC(=O)c1ccccc1C(=O)OCCCC,aqueous_solubility,log10(mol/L),train,,-4.400000095367432,-3.9174367709483318,-5.09594751018755,-2.738926031709114,random,2030,edge_gnn,edge_gnn,none,none,721e3c494613d3aa378fb20e47d69b51245b538e
esol,48a64d2e2412d85f,CCCCOC=O,aqueous_solubility,log10(mol/L),train,,-1.3700000047683716,-1.238760036707163,-2.4172707759463803,-0.060249297467945384,random,2030,edge_gnn,edge_gnn,none,none,721e3c494613d3aa378fb20e47d69b51245b538e
esol,8af231a36c0747d7,CCCCOCCCC,aqueous_solubility,log10(mol/L),test,,-1.850000023841858,-3.321164777404577,-4.499675516643794,-2.1426540381653596,random,2030,edge_gnn,edge_gnn,none,none,721e3c494613d3aa378fb20e47d69b51245b538e
esol,f017fe662abba75e,CCCCOCCO,aqueous_solubility,log10(mol/L),train,,-0.41999998688697815,-2.3239393294593693,-3.502450068698587,-1.1454285902201518,random,2030,edge_gnn,edge_gnn,none,none,721e3c494613d3aa378fb20e47d69b51245b538e
esol,55b2c8230f6c76ce,CCCCOCN(C(=O)CCl)c1c(CC)cccc1CC,aqueous_solubility,log10(mol/L),train,,-4.190000057220459,-2.1741640581353137,-3.3526747973745312,-0.9956533188960961,random,2030,edge_gnn,edge_gnn,none,none,721e3c494613d3aa378fb20e47d69b51245b538e
esol,b1ca0f86c249367e,CCCCOc1ccc(C(=O)OCC)c(N(CC)CC)c1,aqueous_solubility,log10(mol/L),train,,-3.8399999141693115,-5.24690898809216,-6.425419727331378,-4.068398248852943,random,2030,edge_gnn,edge_gnn,none,none,721e3c494613d3aa378fb20e47d69b51245b538e
esol,3f27633474c9331c,CCCCS,aqueous_solubility,log10(mol/L),calibration,,-2.180000066757202,-1.6029214840323667,-2.781432223271584,-0.4244107447931491,random,2030,edge_gnn,edge_gnn,none,none,721e3c494613d3aa378fb20e47d69b51245b538e
esol,a6b160de7573685d,CCCCSP(=O)(SCCCC)SCCCC,aqueous_solubility,log10(mol/L),train,,-5.139999866485596,-0.2545318210544991,-1.4330425602937167,0.9239789181847184,random,2030,edge_gnn,edge_gnn,none,none,721e3c494613d3aa378fb20e47d69b51245b538e
esol,5e1f927897c55829,CCCCc1c(C)nc(N(C)C)nc1O,aqueous_solubility,log10(mol/L),calibration,,-2.240000009536743,-2.874554923054264,-4.0530656622934815,-1.6960441838150464,random,2030,edge_gnn,edge_gnn,none,none,721e3c494613d3aa378fb20e47d69b51245b538e
esol,b67ef6c2163c44a1,CCCCc1c(C)nc(NCC)[nH]c1=O,aqueous_solubility,log10(mol/L),train,,-3.0280001163482666,-4.265158892809339,-5.4436696320485565,-3.0866481535701213,random,2030,edge_gnn,edge_gnn,none,none,721e3c494613d3aa378fb20e47d69b51245b538e
esol,d3bdeb5ae2ce2d98,CCCCc1c(C)nc(NCC)nc1OS(=O)(=O)N(C)C,aqueous_solubility,log10(mol/L),train,,-4.159999847412109,-3.4372806694029077,-4.615791408642125,-2.25876993016369,random,2030,edge_gnn,edge_gnn,none,none,721e3c494613d3aa378fb20e47d69b51245b538e
esol,da48ee1b0addb712,CCCCc1ccccc1,aqueous_solubility,log10(mol/L),train,,-4.059999942779541,-0.0946670055855412,-1.2731777448247588,1.0838437336536764,random,2030,edge_gnn,edge_gnn,none,none,721e3c494613d3aa378fb20e47d69b51245b538e
esol,fe77a1079a4db71d,CCCCl,aqueous_solubility,log10(mol/L),train,,-1.4700000286102295,-2.1529007054501204,-3.331411444689338,-0.9743899662109028,random,2030,edge_gnn,edge_gnn,none,none,721e3c494613d3aa378fb20e47d69b51245b538e
esol,41afd5c9dc6469db,CCCI,aqueous_solubility,log10(mol/L),train,,-2.2899999618530273,-2.3706679772600534,-3.549178716499271,-1.1921572380208358,random,2030,edge_gnn,edge_gnn,none,none,721e3c494613d3aa378fb20e47d69b51245b538e
esol,ae1ed14bd61bab1f,CCCN(CCC)c1c([N+](=O)[O-])cc(C(C)C)cc1[N+](=O)[O-],aqueous_solubility,log10(mol/L),calibration,,-6.489999771118164,-5.293940414943275,-6.472451154182493,-4.115429675704058,random,2030,edge_gnn,edge_gnn,none,none,721e3c494613d3aa378fb20e47d69b51245b538e
esol,d9aea1b45f7377ec,CCCN(CCC)c1c([N+](=O)[O-])cc(C(F)(F)F)cc1[N+](=O)[O-],aqueous_solubility,log10(mol/L),calibration,,-5.679999828338623,-5.608851821925329,-6.787362561164547,-4.430341082686112,random,2030,edge_gnn,edge_gnn,none,none,721e3c494613d3aa378fb20e47d69b51245b538e
esol,b7e1fd1651859456,CCCN(CCC)c1c([N+](=O)[O-])cc(S(N)(=O)=O)cc1[N+](=O)[O-],aqueous_solubility,log10(mol/L),train,,-5.159999847412109,-3.932790570437764,-5.111301309676982,-2.7542798311985464,random,2030,edge_gnn,edge_gnn,none,none,721e3c494613d3aa378fb20e47d69b51245b538e
esol,86e90d5049758778,CCCO,aqueous_solubility,log10(mol/L),train,,0.6200000047683716,-2.8539924092523656,-4.032503148491584,-1.675481670013148,random,2030,edge_gnn,edge_gnn,none,none,721e3c494613d3aa378fb20e47d69b51245b538e
esol,49ec4719ff98e140,CCCOC,aqueous_solubility,log10(mol/L),validation,,-0.38999998569488525,0.16679103088574898,-1.0117197083534686,1.3453017701249665,random,2030,edge_gnn,edge_gnn,none,none,721e3c494613d3aa378fb20e47d69b51245b538e
esol,96ea40966d8e8384,CCCOC(=O)CC,aqueous_solubility,log10(mol/L),train,,-0.8199999928474426,-0.060036651692464194,-1.2385473909316818,1.1184740875467534,random,2030,edge_gnn,edge_gnn,none,none,721e3c494613d3aa378fb20e47d69b51245b538e
esol,a78b4649b8e0c24b,CCCOC(=O)CCC,aqueous_solubility,log10(mol/L),train,,-1.75,-8.173586176197482,-9.3520969154367,-6.995075436958264,random,2030,edge_gnn,edge_gnn,none,none,721e3c494613d3aa378fb20e47d69b51245b538e
esol,aabeb9ef9b6c73ef,CCCOC(=O)c1ccc(N)cc1,aqueous_solubility,log10(mol/L),train,,-2.4519999027252197,-3.520520938263348,-4.699031677502566,-2.3420101990241307,random,2030,edge_gnn,edge_gnn,none,none,721e3c494613d3aa378fb20e47d69b51245b538e
esol,f6c176b746f92d7b,CCCOC(C)=O,aqueous_solubility,log10(mol/L),train,,-0.7200000286102295,-2.765626106837866,-3.9441368460770834,-1.5871153675986482,random,2030,edge_gnn,edge_gnn,none,none,721e3c494613d3aa378fb20e47d69b51245b538e
esol,5c8041e0824c9e19,CCCOC(C)C,aqueous_solubility,log10(mol/L),train,,-1.340000033378601,-5.048674245141424,-6.227184984380641,-3.870163505902206,random,2030,edge_gnn,edge_gnn,none,none,721e3c494613d3aa378fb20e47d69b51245b538e
esol,c58c406c10bab020,CCCOC=O,aqueous_solubility,log10(mol/L),train,,-0.49000000953674316,-1.6432940426168725,-2.8218047818560903,-0.46478330337765494,random,2030,edge_gnn,edge_gnn,none,none,721e3c494613d3aa378fb20e47d69b51245b538e
esol,54f4ecd667159550,CCCOCC,aqueous_solubility,log10(mol/L),test,,-0.6600000262260437,-0.48483919186979385,-1.6633499311090114,0.6936715473694237,random,2030,edge_gnn,edge_gnn,none,none,721e3c494613d3aa378fb20e47d69b51245b538e
esol,7befdae981b64317,CCCOCCC,aqueous_solubility,log10(mol/L),calibration,,-1.6200000047683716,-1.2301773860488754,-2.408688125288093,-0.051666646809657824,random,2030,edge_gnn,edge_gnn,none,none,721e3c494613d3aa378fb20e47d69b51245b538e
esol,87aef906202e1ace,CCCOP(=S)(OCCC)SCC(=O)N1CCCCC1C,aqueous_solubility,log10(mol/L),calibration,,-4.150000095367432,-3.464797923374759,-4.643308662613976,-2.286287184135541,random,2030,edge_gnn,edge_gnn,none,none,721e3c494613d3aa378fb20e47d69b51245b538e
esol,d1d0163cab01efb4,CCCSCCC,aqueous_solubility,log10(mol/L),train,,-2.5799999237060547,-2.9864648040288064,-4.164975543268024,-1.8079540647895889,random,2030,edge_gnn,edge_gnn,none,none,721e3c494613d3aa378fb20e47d69b51245b538e
esol,312bea6178167aac,CCC[N+](=O)[O-],aqueous_solubility,log10(mol/L),train,,-0.800000011920929,-4.582294085758871,-5.760804824998089,-3.4037833465196536,random,2030,edge_gnn,edge_gnn,none,none,721e3c494613d3aa378fb20e47d69b51245b538e
esol,d53a48903a4a1467,CCCc1ccccc1,aqueous_solubility,log10(mol/L),train,,-3.369999885559082,-4.11309858583906,-5.291609325078277,-2.9345878465998423,random,2030,edge_gnn,edge_gnn,none,none,721e3c494613d3aa378fb20e47d69b51245b538e
esol,301376a68f01135a,CCCl,aqueous_solubility,log10(mol/L),train,,-1.059999942779541,-1.9716005840269117,-3.1501113232661293,-0.7930898447876942,random,2030,edge_gnn,edge_gnn,none,none,721e3c494613d3aa378fb20e47d69b51245b538e
esol,9753008d844f22ea,CCI,aqueous_solubility,log10(mol/L),train,,-1.600000023841858,-1.4838558932931472,-2.6623666325323647,-0.3053451540539296,random,2030,edge_gnn,edge_gnn,none,none,721e3c494613d3aa378fb20e47d69b51245b538e
esol,085c1fa9c2a1c504,CCN(CC)C(=O)C(C)Oc1cccc2ccccc12,aqueous_solubility,log10(mol/L),train,,-3.569999933242798,-2.64492902587883,-3.8234397651180476,-1.4664182866396125,random,2030,edge_gnn,edge_gnn,none,none,721e3c494613d3aa378fb20e47d69b51245b538e
esol,812e34c85846a730,CCN(CC)C(=O)C(Cl)=CCOP(=O)(OC)OC,aqueous_solubility,log10(mol/L),validation,,0.5230000019073486,-1.0333051488250797,-2.2118158880642973,0.14520559041413783,random,2030,edge_gnn,edge_gnn,none,none,721e3c494613d3aa378fb20e47d69b51245b538e
esol,9723f4b3ba082caa,CCN(CC)C(=O)CSc1ccc(Cl)nn1,aqueous_solubility,log10(mol/L),train,,-1.715999960899353,-8.760145900908965,-9.938656640148182,-7.581635161669747,random,2030,edge_gnn,edge_gnn,none,none,721e3c494613d3aa378fb20e47d69b51245b538e
esol,ee2ebbdca22199a1,CCN(CC)C(=S)SSC(=S)N(CC)CC,aqueous_solubility,log10(mol/L),train,,-4.860000133514404,-2.047528864977375,-3.2260396042165924,-0.8690181257381573,random,2030,edge_gnn,edge_gnn,none,none,721e3c494613d3aa378fb20e47d69b51245b538e
esol,3878652960419c3c,CCN(CC)c1c([N+](=O)[O-])cc(C(F)(F)F)c(N)c1[N+](=O)[O-],aqueous_solubility,log10(mol/L),train,,-5.46999979019165,-4.524020725081119,-5.702531464320336,-3.3455099858419013,random,2030,edge_gnn,edge_gnn,none,none,721e3c494613d3aa378fb20e47d69b51245b538e
esol,3b5a9da1c47e3e46,CCN(CC)c1ccccc1,aqueous_solubility,log10(mol/L),train,,-3.0299999713897705,-1.6844952065360586,-2.863005945775276,-0.505984467296841,random,2030,edge_gnn,edge_gnn,none,none,721e3c494613d3aa378fb20e47d69b51245b538e
esol,cf6de63eb5d8eb0b,CCN(CC)c1nc(Cl)nc(N(CC)CC)n1,aqueous_solubility,log10(mol/L),train,,-4.410999774932861,-1.790783269031203,-2.9692940082704204,-0.6122725297919855,random,2030,edge_gnn,edge_gnn,none,none,721e3c494613d3aa378fb20e47d69b51245b538e
esol,d9740040550600bf,CCN(CC)c1nc(Cl)nc(NC(C)C)n1,aqueous_solubility,log10(mol/L),train,,-3.7850000858306885,-6.382954404369194,-7.5614651436084115,-5.204443665129976,random,2030,edge_gnn,edge_gnn,none,none,721e3c494613d3aa378fb20e47d69b51245b538e
esol,adbb55de69618842,CCN(Cc1c(F)cccc1Cl)c1c([N+](=O)[O-])cc(C(F)(F)F)cc1[N+](=O)[O-],aqueous_solubility,log10(mol/L),train,,-6.78000020980835,-3.801821915199496,-4.980332654438714,-2.6233111759602785,random,2030,edge_gnn,edge_gnn,none,none,721e3c494613d3aa378fb20e47d69b51245b538e
esol,75220b947a56ab9a,CCN1C(=O)c2ccccc2Oc2ccccc21,aqueous_solubility,log10(mol/L),train,,-3.680000066757202,-3.9971203952297065,-5.175631134468924,-2.818609655990489,random,2030,edge_gnn,edge_gnn,none,none,721e3c494613d3aa378fb20e47d69b51245b538e
esol,1c51d8c0da01f993,CCN1C(=O)c2cccnc2N(CC)c2ncccc21,aqueous_solubility,log10(mol/L),train,,-2.859999895095825,-3.911395887339446,-5.089906626578664,-2.7328851481002285,random,2030,edge_gnn,edge_gnn,none,none,721e3c494613d3aa378fb20e47d69b51245b538e
esol,fc65bd185c530d51,CCN1c2cc(Cl)ccc2NC(=O)c2cccnc21,aqueous_solubility,log10(mol/L),train,,-5.360000133514404,-1.533677050620174,-2.7121877898593914,-0.35516631138095645,random,2030,edge_gnn,edge_gnn,none,none,721e3c494613d3aa378fb20e47d69b51245b538e
esol,8ac4183ca5517018,CCN1c2cc(N(C)C)cc(C)c2NC(=O)c2cccnc21,aqueous_solubility,log10(mol/L),train,,-4.870999813079834,0.42859751558091075,-0.7499132236583068,1.6071082548201283,random,2030,edge_gnn,edge_gnn,none,none,721e3c494613d3aa378fb20e47d69b51245b538e
esol,b3cc642ed25cfae4,CCN1c2cc(OC)cc(C)c2NC(=O)c2cccnc21,aqueous_solubility,log10(mol/L),train,,-5.1529998779296875,-3.045020419437505,-4.223531158676723,-1.8665096801982872,random,2030,edge_gnn,edge_gnn,none,none,721e3c494613d3aa378fb20e47d69b51245b538e
esol,04d6cee51b3fdde7,CCN1c2ccccc2C(=O)N(C)c2ccccc21,aqueous_solubility,log10(mol/L),validation,,-4.749000072479248,-4.020940780074761,-5.199451519313978,-2.842430040835543,random,2030,edge_gnn,edge_gnn,none,none,721e3c494613d3aa378fb20e47d69b51245b538e
esol,b5a56231be537631,CCN1c2ccccc2N(C)C(=O)c2cccnc21,aqueous_solubility,log10(mol/L),train,,-3.3239998817443848,-7.373181682274403,-8.551692421513621,-6.194670943035185,random,2030,edge_gnn,edge_gnn,none,none,721e3c494613d3aa378fb20e47d69b51245b538e
esol,b188836e606e176d,CCN1c2ccccc2N(C)C(=S)c2cccnc21,aqueous_solubility,log10(mol/L),calibration,,-4.705999851226807,-4.360804019365949,-5.539314758605166,-3.182293280126731,random,2030,edge_gnn,edge_gnn,none,none,721e3c494613d3aa378fb20e47d69b51245b538e
esol,71aa580a3add68e5,CCN1c2nc(N(C)CCO)ccc2NC(=O)c2cccnc21,aqueous_solubility,log10(mol/L),validation,,-3.359999895095825,-3.634256608451476,-4.812767347690693,-2.4557458692122585,random,2030,edge_gnn,edge_gnn,none,none,721e3c494613d3aa378fb20e47d69b51245b538e
esol,1e83595b274fb26c,CCN1c2ncccc2C(=O)N(C)c2ccc(Cl)nc21,aqueous_solubility,log10(mol/L),train,,-4.113999843597412,-3.371834220704562,-4.5503449599437795,-2.1933234814653444,random,2030,edge_gnn,edge_gnn,none,none,721e3c494613d3aa378fb20e47d69b51245b538e
esol,8231b556c9fd8e9a,CCN1c2ncccc2C(=O)N(C)c2cccnc21,aqueous_solubility,log10(mol/L),train,,-2.619999885559082,0.36895685517458476,-0.8095538840646328,1.5474675944138023,random,2030,edge_gnn,edge_gnn,none,none,721e3c494613d3aa378fb20e47d69b51245b538e
esol,c60ea928a142a52f,CCN1c2ncccc2C(=O)Nc2c(C(F)(F)F)cc(C)nc21,aqueous_solubility,log10(mol/L),train,,-4.206999778747559,-4.825140041684277,-6.003650780923494,-3.646629302445059,random,2030,edge_gnn,edge_gnn,none,none,721e3c494613d3aa378fb20e47d69b51245b538e
esol,5b312c3afed2bcc2,CCN1c2ncccc2C(=O)Nc2c(C)cc(C)nc21,aqueous_solubility,log10(mol/L),train,,-4.553999900817871,-0.7020337066426614,-1.880544445881879,0.47647703259655616,random,2030,edge_gnn,edge_gnn,none,none,721e3c494613d3aa378fb20e47d69b51245b538e
esol,1c4d269698bfb9cd,CCN1c2ncccc2C(=S)N(C)c2cccnc21,aqueous_solubility,log10(mol/L),train,,-4.633999824523926,-2.601169315904531,-3.7796800551437486,-1.4226585766653135,random,2030,edge_gnn,edge_gnn,none,none,721e3c494613d3aa378fb20e47d69b51245b538e
esol,4c1fea9019ded5ce,CCNC(=O)C(C)OC(=O)Nc1ccccc1,aqueous_solubility,log10(mol/L),train,,-1.8300000429153442,-1.4922084318731068,-2.6707191711123244,-0.31369769263388925,random,2030,edge_gnn,edge_gnn,none,none,721e3c494613d3aa378fb20e47d69b51245b538e
esol,36ea9a2e0669021e,CCNC(=S)NCC,aqueous_solubility,log10(mol/L),train,,-1.4600000381469727,-7.779351704319943,-8.957862443559161,-6.600840965080725,random,2030,edge_gnn,edge_gnn,none,none,721e3c494613d3aa378fb20e47d69b51245b538e
esol,f174e48b167c2837,CCNP(=S)(OC)OC(C)=CC(=O)OC(C)C,aqueous_solubility,log10(mol/L),train,,-3.4079999923706055,-4.092764954075597,-5.271275693314815,-2.9142542148363795,random,2030,edge_gnn,edge_gnn,none,none,721e3c494613d3aa378fb20e47d69b51245b538e
esol,0cb820324a34d951,CCNc1ccccc1,aqueous_solubility,log10(mol/L),train,,-1.7000000476837158,-4.299517754820529,-5.478028494059746,-3.121007015581311,random,2030,edge_gnn,edge_gnn,none,none,721e3c494613d3aa378fb20e47d69b51245b538e
esol,78e4bc5caa3b64a1,CCNc1nc(Cl)nc(N(CC)CC)n1,aqueous_solubility,log10(mol/L),train,,-4.059999942779541,-2.122944250832201,-3.3014549900714187,-0.9444335115929836,random,2030,edge_gnn,edge_gnn,none,none,721e3c494613d3aa378fb20e47d69b51245b538e
esol,25862c96dd4e6018,CCNc1nc(Cl)nc(NC(C)(C)C#N)n1,aqueous_solubility,log10(mol/L),calibration,,-3.1500000953674316,-3.965375399529302,-5.1438861387685195,-2.7868646602900844,random,2030,edge_gnn,edge_gnn,none,none,721e3c494613d3aa378fb20e47d69b51245b538e
esol,c35dee1f5a7c37bc,CCNc1nc(Cl)nc(NC(C)C)n1,aqueous_solubility,log10(mol/L),train,,-3.8499999046325684,-4.779030198567911,-5.957540937807129,-3.6005194593286936,random,2030,edge_gnn,edge_gnn,none,none,721e3c494613d3aa378fb20e47d69b51245b538e
esol,9f2e4276303326ba,CCNc1nc(Cl)nc(NCC)n1,aqueous_solubility,log10(mol/L),calibration,,-4.550000190734863,-3.3639630377358194,-4.5424737769750365,-2.185452298496602,random,2030,edge_gnn,edge_gnn,none,none,721e3c494613d3aa378fb20e47d69b51245b538e
esol,6d5b8a3ff54e0b4d,CCNc1nc(NC(C)(C)C)nc(OC)n1,aqueous_solubility,log10(mol/L),test,,-3.239000082015991,-3.349917748376001,-4.528428487615219,-2.1714070091367836,random,2030,edge_gnn,edge_gnn,none,none,721e3c494613d3aa378fb20e47d69b51245b538e
esol,857aac146f7605e1,CCNc1nc(NC(C)(C)C)nc(SC)n1,aqueous_solubility,log10(mol/L),validation,,-4.0,-3.7027536822408544,-4.881264421480072,-2.524242943001637,random,2030,edge_gnn,edge_gnn,none,none,721e3c494613d3aa378fb20e47d69b51245b538e
esol,6d1d1bb9e6f1635d,CCNc1nc(NC(C)C)nc(OC)n1,aqueous_solubility,log10(mol/L),test,,-2.0840001106262207,-3.2000359682130597,-4.378546707452277,-2.021525228973842,random,2030,edge_gnn,edge_gnn,none,none,721e3c494613d3aa378fb20e47d69b51245b538e
esol,a9802b80d3391f2c,CCNc1nc(NC(C)C)nc(SC)n1,aqueous_solubility,log10(mol/L),train,,-3.0399999618530273,-4.343354484215781,-5.5218652234549985,-3.1648437449765634,random,2030,edge_gnn,edge_gnn,none,none,721e3c494613d3aa378fb20e47d69b51245b538e
esol,1f86e6cfdba212b8,CCO,aqueous_solubility,log10(mol/L),train,,1.100000023841858,-1.7981366367447396,-2.976647375983957,-0.619625897505522,random,2030,edge_gnn,edge_gnn,none,none,721e3c494613d3aa378fb20e47d69b51245b538e
esol,e1acff73cd96c0da,CCOC(=O)C=Cc1ccccc1,aqueous_solubility,log10(mol/L),test,,-3.0,-3.5441680451809994,-4.722678784420217,-2.365657305941782,random,2030,edge_gnn,edge_gnn,none,none,721e3c494613d3aa378fb20e47d69b51245b538e
esol,43f901d90deba605,CCOC(=O)CC,aqueous_solubility,log10(mol/L),train,,-0.6600000262260437,-3.142919680830478,-4.321430420069696,-1.9644089415912602,random,2030,edge_gnn,edge_gnn,none,none,721e3c494613d3aa378fb20e47d69b51245b538e
esol,1dba850e06249e9b,CCOC(=O)CC(=O)OCC,aqueous_solubility,log10(mol/L),train,,-0.8199999928474426,-3.9152856519529555,-5.093796391192173,-2.736774912713738,random,2030,edge_gnn,edge_gnn,none,none,721e3c494613d3aa378fb20e47d69b51245b538e
esol,ec3c35c717f3d59a,CCOC(=O)CC(SP(=S)(OC)OC)C(=O)OCC,aqueous_solubility,log10(mol/L),train,,-3.369999885559082,-5.7410110927004485,-6.919521831939666,-4.562500353461231,random,2030,edge_gnn,edge_gnn,none,none,721e3c494613d3aa378fb20e47d69b51245b538e
esol,2421d1979260abb6,CCOC(=O)CCN(SN(C)C(=O)Oc1cccc2c1OC(C)(C)C2)C(C)C,aqueous_solubility,log10(mol/L),calibration,,-4.710000038146973,-3.501541611960877,-4.680052351200095,-2.3230308727216595,random,2030,edge_gnn,edge_gnn,none,none,721e3c494613d3aa378fb20e47d69b51245b538e
esol,9934a7cdf9d838a1,CCOC(=O)N(C)C(=O)CSP(=S)(OCC)OCC,aqueous_solubility,log10(mol/L),train,,-2.5179998874664307,-0.9150211065097862,-2.0935318457490038,0.2634896327294314,random,2030,edge_gnn,edge_gnn,none,none,721e3c494613d3aa378fb20e47d69b51245b538e
esol,017bd56618b9c3e0,CCOC(=O)NCCOc1ccc(Oc2ccccc2)cc1,aqueous_solubility,log10(mol/L),train,,-4.699999809265137,-1.6290771784618099,-2.8075879177010274,-0.4505664392225923,random,2030,edge_gnn,edge_gnn,none,none,721e3c494613d3aa378fb20e47d69b51245b538e
esol,e44fba8f66380aba,CCOC(=O)Nc1cccc(OC(=O)Nc2ccccc2)c1,aqueous_solubility,log10(mol/L),train,,-4.631999969482422,0.8709402984655994,-0.30757044077361817,2.049451037704817,random,2030,edge_gnn,edge_gnn,none,none,721e3c494613d3aa378fb20e47d69b51245b538e
esol,270eaa2f9b027f13,CCOC(=O)c1ccc(N)cc1,aqueous_solubility,log10(mol/L),train,,-2.615999937057495,-9.156971152194695,-10.335481891433911,-7.978460412955477,random,2030,edge_gnn,edge_gnn,none,none,721e3c494613d3aa378fb20e47d69b51245b538e
esol,f9b586256095118b,CCOC(=O)c1ccc(O)cc1,aqueous_solubility,log10(mol/L),train,,-2.3499999046325684,-8.268586131060799,-9.447096870300015,-7.090075391821581,random,2030,edge_gnn,edge_gnn,none,none,721e3c494613d3aa378fb20e47d69b51245b538e
esol,37b5741bf69cd1f0,CCOC(=O)c1ccccc1,aqueous_solubility,log10(mol/L),test,,-2.319999933242798,-2.2191415076030663,-3.397652246842284,-1.0406307683638487,random,2030,edge_gnn,edge_gnn,none,none,721e3c494613d3aa378fb20e47d69b51245b538e
esol,03ecbb03238f0c7b,CCOC(=O)c1ccccc1C(=O)OCC,aqueous_solubility,log10(mol/L),validation,,-2.3499999046325684,-2.810119992930492,-3.9886307321697094,-1.6316092536912743,random,2030,edge_gnn,edge_gnn,none,none,721e3c494613d3aa378fb20e47d69b51245b538e
esol,6e27c736fee1b47a,CCOC(=O)c1ccccc1S(=O)(=O)NN(C=O)c1nc(Cl)cc(OC)n1,aqueous_solubility,log10(mol/L),train,,-4.576000213623047,-1.15995876104192,-2.3384695002811373,0.01855197819729759,random,2030,edge_gnn,edge_gnn,none,none,721e3c494613d3aa378fb20e47d69b51245b538e
esol,8561e62c87b0f110,CCOC(=O)c1cncn1C(C)c1ccccc1,aqueous_solubility,log10(mol/L),train,,-4.735000133514404,-4.138820170804947,-5.317330910044165,-2.9603094315657295,random,2030,edge_gnn,edge_gnn,none,none,721e3c494613d3aa378fb20e47d69b51245b538e
esol,1c0c21773d52ccc9,CCOC(C)=O,aqueous_solubility,log10(mol/L),calibration,,-0.03999999910593033,0.2695085714286827,-0.9090021678105349,1.4480193106679002,random,2030,edge_gnn,edge_gnn,none,none,721e3c494613d3aa378fb20e47d69b51245b538e
esol,8601bd8ced19ca47,CCOC(C)OCC,aqueous_solubility,log10(mol/L),test,,-0.4300000071525574,-0.026027751800397958,-1.2045384910396155,1.1524829874388196,random,2030,edge_gnn,edge_gnn,none,none,721e3c494613d3aa378fb20e47d69b51245b538e
esol,df86ba660a9b9e61,CCOC(N)=O,aqueous_solubility,log10(mol/L),train,,0.8500000238418579,-3.8240613518485174,-5.002572091087735,-2.6455506126093,random,2030,edge_gnn,edge_gnn,none,none,721e3c494613d3aa378fb20e47d69b51245b538e
esol,c3e06651eb242a60,CCOC1Oc2ccc(OS(C)(=O)=O)cc2C1(C)C,aqueous_solubility,log10(mol/L),train,,-3.4200000762939453,-2.131716453791852,-3.3102271930310696,-0.9532057145526345,random,2030,edge_gnn,edge_gnn,none,none,721e3c494613d3aa378fb20e47d69b51245b538e
esol,b11a63b949b34974,CCOC=O,aqueous_solubility,log10(mol/L),validation,,0.15000000596046448,0.33990394370632737,-0.8386067955328902,1.518414682945545,random,2030,edge_gnn,edge_gnn,none,none,721e3c494613d3aa378fb20e47d69b51245b538e
esol,ebb35693489e2f40,CCOCC,aqueous_solubility,log10(mol/L),train,,-0.09000000357627869,-7.766275686395318,-8.944786425634536,-6.5877649471561,random,2030,edge_gnn,edge_gnn,none,none,721e3c494613d3aa378fb20e47d69b51245b538e
esol,05fa589720d43836,CCOCCOCC,aqueous_solubility,log10(mol/L),test,,-0.7699999809265137,-0.046147672017430974,-1.2246584112566485,1.1323630672217866,random,2030,edge_gnn,edge_gnn,none,none,721e3c494613d3aa378fb20e47d69b51245b538e
esol,481deb2db0ec848d,CCOP(=O)(OCC)OCC,aqueous_solubility,log10(mol/L),train,,0.4300000071525574,-0.7489001189112918,-1.9274108581505094,0.42961062032792574,random,2030,edge_gnn,edge_gnn,none,none,721e3c494613d3aa378fb20e47d69b51245b538e
esol,7f91652770ced25a,CCOP(=S)(CC)Oc1cc(Cl)c(Cl)cc1Cl,aqueous_solubility,log10(mol/L),train,,-5.751999855041504,-1.8746610139507391,-3.0531717531899565,-0.6961502747115216,random,2030,edge_gnn,edge_gnn,none,none,721e3c494613d3aa378fb20e47d69b51245b538e
esol,7c5b6332fcb13dbf,CCOP(=S)(NC(C)C)Oc1ccccc1C(=O)OC(C)C,aqueous_solubility,log10(mol/L),calibration,,-4.193999767303467,-4.4667678559612565,-5.645278595200474,-3.288257116722039,random,2030,edge_gnn,edge_gnn,none,none,721e3c494613d3aa378fb20e47d69b51245b538e
esol,537d47a9a7e6a6c9,CCOP(=S)(OCC)N1C(=O)c2ccccc2C1=O,aqueous_solubility,log10(mol/L),train,,-3.3499999046325684,-0.4785883183736406,-1.6570990576128581,0.699922420865577,random,2030,edge_gnn,edge_gnn,none,none,721e3c494613d3aa378fb20e47d69b51245b538e
esol,a4d09552af3a116a,CCOP(=S)(OCC)ON=C(C#N)c1ccccc1,aqueous_solubility,log10(mol/L),train,,-4.861999988555908,-0.5579926289809922,-1.7365033682202098,0.6205181102582253,random,2030,edge_gnn,edge_gnn,none,none,721e3c494613d3aa378fb20e47d69b51245b538e
esol,a859beccae572be5,CCOP(=S)(OCC)Oc1cc(C)nc(C(C)C)n1,aqueous_solubility,log10(mol/L),validation,,-3.640000104904175,-4.3157800176191925,-5.49429075685841,-3.137269278379975,random,2030,edge_gnn,edge_gnn,none,none,721e3c494613d3aa378fb20e47d69b51245b538e
esol,2655a393a9271294,CCOP(=S)(OCC)Oc1ccc(S(C)=O)cc1,aqueous_solubility,log10(mol/L),train,,-2.299999952316284,-0.7717344533154415,-1.9502451925546591,0.406776285923776,random,2030,edge_gnn,edge_gnn,none,none,721e3c494613d3aa378fb20e47d69b51245b538e
esol,8025defab702547a,CCOP(=S)(OCC)Oc1ccc([N+](=O)[O-])cc1,aqueous_solubility,log10(mol/L),train,,-4.659999847412109,-3.616500320275841,-4.795011059515058,-2.437989581036623,random,2030,edge_gnn,edge_gnn,none,none,721e3c494613d3aa378fb20e47d69b51245b538e
esol,edd5605813d6f216,CCOP(=S)(OCC)Oc1ccc2oc(=O)c(Cl)c(C)c2c1,aqueous_solubility,log10(mol/L),train,,-5.381999969482422,-3.907252419113263,-5.0857631583524805,-2.7287416798740454,random,2030,edge_gnn,edge_gnn,none,none,721e3c494613d3aa378fb20e47d69b51245b538e
esol,b577f5a2343d6332,CCOP(=S)(OCC)Oc1nc(Cl)c(Cl)cc1Cl,aqueous_solubility,log10(mol/L),train,,-5.670000076293945,-4.671294221422016,-5.849804960661234,-3.4927834821827988,random,2030,edge_gnn,edge_gnn,none,none,721e3c494613d3aa378fb20e47d69b51245b538e
esol,3f40312accc983dd,CCOP(=S)(OCC)Oc1nc(Cl)n(C(C)C)n1,aqueous_solubility,log10(mol/L),validation,,-3.6579999923706055,-4.184860248581775,-5.363370987820993,-3.0063495093425576,random,2030,edge_gnn,edge_gnn,none,none,721e3c494613d3aa378fb20e47d69b51245b538e
esol,24384b764548a445,CCOP(=S)(OCC)SC(CCl)N1C(=O)c2ccccc2C1=O,aqueous_solubility,log10(mol/L),validation,,-6.340000152587891,-4.994409426775505,-6.172920166014722,-3.8158986875362872,random,2030,edge_gnn,edge_gnn,none,none,721e3c494613d3aa378fb20e47d69b51245b538e
esol,6d5b96eb33cae81f,CCOP(=S)(OCC)SCCSCC,aqueous_solubility,log10(mol/L),train,,-4.230000019073486,-2.456342021975242,-3.6348527612144594,-1.2778312827360243,random,2030,edge_gnn,edge_gnn,none,none,721e3c494613d3aa378fb20e47d69b51245b538e
esol,66e03fb49f8d10d6,CCOP(=S)(OCC)SCSC(C)(C)C,aqueous_solubility,log10(mol/L),validation,,-4.755000114440918,-4.808866803145035,-5.987377542384253,-3.6303560639058174,random,2030,edge_gnn,edge_gnn,none,none,721e3c494613d3aa378fb20e47d69b51245b538e
esol,9b4868f35e883ba4,CCOP(=S)(OCC)SCSCC,aqueous_solubility,log10(mol/L),test,,-4.110000133514404,-4.616883312164265,-5.795394051403482,-3.438372572925047,random,2030,edge_gnn,edge_gnn,none,none,721e3c494613d3aa378fb20e47d69b51245b538e
esol,9f7fec61cd56ae76,CCOP(=S)(OCC)SCSP(=S)(OCC)OCC,aqueous_solubility,log10(mol/L),train,,-5.539999961853027,-0.8293709687237878,-2.0078817079630054,0.34913977051542977,random,2030,edge_gnn,edge_gnn,none,none,721e3c494613d3aa378fb20e47d69b51245b538e
esol,2e3febfb504819dd,CCOP(=S)(OCC)SCSc1ccc(Cl)cc1,aqueous_solubility,log10(mol/L),validation,,-5.736000061035156,-6.0165952857696094,-7.195106025008827,-4.838084546530392,random,2030,edge_gnn,edge_gnn,none,none,721e3c494613d3aa378fb20e47d69b51245b538e
esol,bc087b99671770ce,CCOP(=S)(OCC)SCn1c(=O)oc2cc(Cl)ccc21,aqueous_solubility,log10(mol/L),calibration,,-5.232999801635742,-5.185222550568421,-6.363733289807638,-4.006711811329203,random,2030,edge_gnn,edge_gnn,none,none,721e3c494613d3aa378fb20e47d69b51245b538e
esol,d489007731d8d5eb,CCOc1ccc(C(C)(C)COCc2cccc(Oc3ccccc3)c2)cc1,aqueous_solubility,log10(mol/L),train,,-8.600000381469727,-0.8406880926812828,-2.0191988319205003,0.3378226465579348,random,2030,edge_gnn,edge_gnn,none,none,721e3c494613d3aa378fb20e47d69b51245b538e
esol,a7d882d72bb25f91,CCOc1ccc(NC(C)=O)cc1,aqueous_solubility,log10(mol/L),calibration,,-2.3499999046325684,-2.0653731483145417,-3.2438838875537592,-0.8868624090753241,random,2030,edge_gnn,edge_gnn,none,none,721e3c494613d3aa378fb20e47d69b51245b538e
esol,7ccb0f8bf75e392d,CCOc1ccc(NC(N)=O)cc1,aqueous_solubility,log10(mol/L),test,,-2.1700000762939453,-2.310670352969063,-3.4891810922082804,-1.1321596137298453,random,2030,edge_gnn,edge_gnn,none,none,721e3c494613d3aa378fb20e47d69b51245b538e
esol,d70f36bd68ed3056,CCOc1ccc2nc(S(N)(=O)=O)sc2c1,aqueous_solubility,log10(mol/L),test,,-3.809999942779541,-4.046102665350132,-5.224613404589349,-2.867591926110914,random,2030,edge_gnn,edge_gnn,none,none,721e3c494613d3aa378fb20e47d69b51245b538e
esol,d19caccfe21491e3,CCOc1ccccc1,aqueous_solubility,log10(mol/L),train,,-2.3299999237060547,-2.882696620180876,-4.061207359420093,-1.7041858809416586,random,2030,edge_gnn,edge_gnn,none,none,721e3c494613d3aa378fb20e47d69b51245b538e
esol,733c64bc774b16dc,CCS,aqueous_solubility,log10(mol/L),train,,-0.6000000238418579,-3.5303284563385677,-4.708839195577785,-2.35181771709935,random,2030,edge_gnn,edge_gnn,none,none,721e3c494613d3aa378fb20e47d69b51245b538e
esol,4210d252a5e4b130,CCSC(=O)N(CC(C)C)CC(C)C,aqueous_solubility,log10(mol/L),validation,,-3.680000066757202,-3.8436149490833067,-5.022125688322524,-2.665104209844089,random,2030,edge_gnn,edge_gnn,none,none,721e3c494613d3aa378fb20e47d69b51245b538e
esol,0eacc78ccb3b2ec7,CCSC(=O)N(CC)C1CCCCC1,aqueous_solubility,log10(mol/L),train,,-3.4000000953674316,-2.762073026220539,-3.9405837654597566,-1.5835622869813215,random,2030,edge_gnn,edge_gnn,none,none,721e3c494613d3aa378fb20e47d69b51245b538e
esol,b34c23ed3887b6c3,CCSCC,aqueous_solubility,log10(mol/L),train,,-1.340000033378601,-0.9725844503142782,-2.1510951895534958,0.20592628892493936,random,2030,edge_gnn,edge_gnn,none,none,721e3c494613d3aa378fb20e47d69b51245b538e
esol,891c2426f12aec2e,CCSCCSP(=S)(OC)OC,aqueous_solubility,log10(mol/L),calibration,,-3.0910000801086426,-3.5800279974136715,-4.7585387366528895,-2.401517258174454,random,2030,edge_gnn,edge_gnn,none,none,721e3c494613d3aa378fb20e47d69b51245b538e
esol,0a4abbde14334c18,CCSCc1ccccc1OC(=O)NC,aqueous_solubility,log10(mol/L),train,,-2.0899999141693115,-3.522852904662389,-4.701363643901606,-2.3443421654231713,random,2030,edge_gnn,edge_gnn,none,none,721e3c494613d3aa378fb20e47d69b51245b538e
esol,87fc28998371cbb0,CCSSCC,aqueous_solubility,log10(mol/L),train,,-2.4200000762939453,-2.704991810744632,-3.8835025499838496,-1.5264810715054145,random,2030,edge_gnn,edge_gnn,none,none,721e3c494613d3aa378fb20e47d69b51245b538e
esol,f3b46b3354c9eed2,CC[N+](=O)[O-],aqueous_solubility,log10(mol/L),validation,,-0.2199999988079071,-0.36044418521123367,-1.5389549244504512,0.8180665540279839,random,2030,edge_gnn,edge_gnn,none,none,721e3c494613d3aa378fb20e47d69b51245b538e
esol,bb694e02c2818edd,CCc1ccc(C)cc1,aqueous_solubility,log10(mol/L),test,,-3.109999895095825,-3.181344644712569,-4.359855383951786,-2.0028339054733513,random,2030,edge_gnn,edge_gnn,none,none,721e3c494613d3aa378fb20e47d69b51245b538e
esol,d26225632c84855c,CCc1ccc(CC)cc1,aqueous_solubility,log10(mol/L),validation,,-3.75,-3.5541275204921545,-4.732638259731372,-2.375616781252937,random,2030,edge_gnn,edge_gnn,none,none,721e3c494613d3aa378fb20e47d69b51245b538e
esol,33ad79fcb84e93ac,CCc1ccc2ccccc2c1,aqueous_solubility,log10(mol/L),train,,-4.289999961853027,-3.2130891515509648,-4.391599890790182,-2.034578412311747,random,2030,edge_gnn,edge_gnn,none,none,721e3c494613d3aa378fb20e47d69b51245b538e
esol,354b210ac00c8e34,CCc1cccc(C)c1N(C(=O)CCl)C(C)COC,aqueous_solubility,log10(mol/L),train,,-2.7300000190734863,0.2662087844107326,-0.912301954828485,1.4447195236499502,random,2030,edge_gnn,edge_gnn,none,none,721e3c494613d3aa378fb20e47d69b51245b538e
esol,fbe7773591d8989f,CCc1cccc(CC)c1N(COC)C(=O)CCl,aqueous_solubility,log10(mol/L),train,,-3.259999990463257,-0.24396029050869128,-1.4224710297479088,0.9345504487305263,random,2030,edge_gnn,edge_gnn,none,none,721e3c494613d3aa378fb20e47d69b51245b538e
esol,e28c9726a0795ed3,CCc1cccc2ccccc12,aqueous_solubility,log10(mol/L),train,,-4.170000076293945,-2.9709330272287926,-4.149443766468011,-1.792422287989575,random,2030,edge_gnn,edge_gnn,none,none,721e3c494613d3aa378fb20e47d69b51245b538e
esol,8c96f07140aea378,CCc1ccccc1,aqueous_solubility,log10(mol/L),train,,-2.7699999809265137,-0.08652224912893969,-1.2650329883681573,1.0919884901102779,random,2030,edge_gnn,edge_gnn,none,none,721e3c494613d3aa378fb20e47d69b51245b538e
esol,03e6bb14b7cd4e84,CCc1ccccc1C,aqueous_solubility,log10(mol/L),validation,,-3.2100000381469727,-3.1536536554907904,-4.3321643947300075,-1.9751429162515728,random,2030,edge_gnn,edge_gnn,none,none,721e3c494613d3aa378fb20e47d69b51245b538e
esol,d5b47e98960e200b,CCc1ccccc1CC,aqueous_solubility,log10(mol/L),train,,-3.2799999713897705,-3.2100748284064995,-4.388585567645717,-2.031564089167282,random,2030,edge_gnn,edge_gnn,none,none,721e3c494613d3aa378fb20e47d69b51245b538e
esol,c72e4f98e3a14f65,CCc1ccccn1,aqueous_solubility,log10(mol/L),validation,,0.5099999904632568,-0.8172355843825025,-1.99574632362172,0.361275154856715,random,2030,edge_gnn,edge_gnn,none,none,721e3c494613d3aa378fb20e47d69b51245b538e
esol,dfcfa377f0081086,CI,aqueous_solubility,log10(mol/L),validation,,-1.0,-1.7517409197415919,-2.9302516589808096,-0.5732301805023743,random,2030,edge_gnn,edge_gnn,none,none,721e3c494613d3aa378fb20e47d69b51245b538e
esol,17b9e8aacba5bcf4,CN(C(=O)COc1nc2ccccc2s1)c1ccccc1,aqueous_solubility,log10(mol/L),train,,-4.873000144958496,-2.6395324939366436,-3.818043233175861,-1.461021754697426,random,2030,edge_gnn,edge_gnn,none,none,721e3c494613d3aa378fb20e47d69b51245b538e
esol,21c12c9bffc5a79f,CN(C(=O)NC(C)(C)c1ccccc1)c1ccccc1,aqueous_solubility,log10(mol/L),train,,-3.3499999046325684,-4.47262890142998,-5.651139640669197,-3.2941181621907623,random,2030,edge_gnn,edge_gnn,none,none,721e3c494613d3aa378fb20e47d69b51245b538e
esol,5b2b342c6e910b68,CN(C)C(=O)C(c1ccccc1)c1ccccc1,aqueous_solubility,log10(mol/L),validation,,-2.9800000190734863,-5.243050321410289,-6.421561060649506,-4.064539582171071,random,2030,edge_gnn,edge_gnn,none,none,721e3c494613d3aa378fb20e47d69b51245b538e
esol,e134da02d6e9cf26,CN(C)C(=O)N(C)C,aqueous_solubility,log10(mol/L),train,,0.9399999976158142,0.3701533370555392,-0.8083574021836784,1.5486640762947568,random,2030,edge_gnn,edge_gnn,none,none,721e3c494613d3aa378fb20e47d69b51245b538e
esol,0842d549a4381515,CN(C)C(=O)NC1CC2CC1C1CCCC21,aqueous_solubility,log10(mol/L),validation,,-3.1710000038146973,-5.462086237441529,-6.640596976680746,-4.283575498202311,random,2030,edge_gnn,edge_gnn,none,none,721e3c494613d3aa378fb20e47d69b51245b538e
esol,6a218e40dde53207,CN(C)C(=O)NC1CCCCCCC1,aqueous_solubility,log10(mol/L),train,,-2.2179999351501465,-8.141902367096852,-9.32041310633607,-6.963391627857635,random,2030,edge_gnn,edge_gnn,none,none,721e3c494613d3aa378fb20e47d69b51245b538e
esol,f0f2d211a8e908bf,CN(C)C(=O)Nc1ccc(-n2nc(C(C)(C)C)oc2=O)c(Cl)c1,aqueous_solubility,log10(mol/L),validation,,-4.328000068664551,-3.9878706844759377,-5.166381423715155,-2.80935994523672,random,2030,edge_gnn,edge_gnn,none,none,721e3c494613d3aa378fb20e47d69b51245b538e
esol,9a5249c275292eb3,CN(C)C(=O)Nc1ccc(Cl)c(Cl)c1,aqueous_solubility,log10(mol/L),train,,-3.799999952316284,-1.932284282775629,-3.1107950220148464,-0.7537735435364115,random,2030,edge_gnn,edge_gnn,none,none,721e3c494613d3aa378fb20e47d69b51245b538e
esol,9e5215f43f1d56ea,CN(C)C(=O)Nc1ccc(Cl)cc1,aqueous_solubility,log10(mol/L),train,,-2.890000104904175,0.5714322710424864,-0.6070784681967312,1.749943010281704,random,2030,edge_gnn,edge_gnn,none,none,721e3c494613d3aa378fb20e47d69b51245b538e
esol,d673d5fc135e5b84,CN(C)C(=O)Nc1ccc(Oc2ccc(Cl)cc2)cc1,aqueous_solubility,log10(mol/L),train,,-4.889999866485596,-6.11488670122699,-7.293397440466207,-4.936375961987772,random,2030,edge_gnn,edge_gnn,none,none,721e3c494613d3aa378fb20e47d69b51245b538e
esol,a7978985d5bfccc6,CN(C)C(=O)Nc1cccc(C(F)(F)F)c1,aqueous_solubility,log10(mol/L),test,,-3.430000066757202,-3.8809423073681,-5.0594530466073175,-2.7024315681288824,random,2030,edge_gnn,edge_gnn,none,none,721e3c494613d3aa378fb20e47d69b51245b538e
esol,acfcc9ff5ed16439,CN(C)C(=O)Nc1cccc(OC(=O)NC(C)(C)C)c1,aqueous_solubility,log10(mol/L),test,,-2.930000066757202,-3.2373391830225295,-4.4158499222617476,-2.058828443783312,random,2030,edge_gnn,edge_gnn,none,none,721e3c494613d3aa378fb20e47d69b51245b538e
esol,a051aff34d8c425d,CN(C)C(=O)Nc1ccccc1,aqueous_solubility,log10(mol/L),calibration,,-1.600000023841858,-2.00848235247582,-3.1869930917150375,-0.8299716132366024,random,2030,edge_gnn,edge_gnn,none,none,721e3c494613d3aa378fb20e47d69b51245b538e
esol,0483f0df1603d0eb,CN(C)C(=O)OC1=CC(=O)CC(C)(C)C1,aqueous_solubility,log10(mol/L),train,,-0.8500000238418579,-5.61545896543749,-6.793969704676708,-4.436948226198273,random,2030,edge_gnn,edge_gnn,none,none,721e3c494613d3aa378fb20e47d69b51245b538e
esol,c8b9b536892e09bf,CN(C)C(=O)SCCCCOc1ccccc1,aqueous_solubility,log10(mol/L),train,,-3.927000045776367,-0.9282316087959779,-2.1067423480351954,0.2502791304432397,random,2030,edge_gnn,edge_gnn,none,none,721e3c494613d3aa378fb20e47d69b51245b538e
esol,910101c5cb9a1670,CN(C)C(=S)SSC(=S)N(C)C,aqueous_solubility,log10(mol/L),train,,-3.9000000953674316,-7.5572112937582805,-8.735722032997497,-6.378700554519063,random,2030,edge_gnn,edge_gnn,none,none,721e3c494613d3aa378fb20e47d69b51245b538e
esol,b0ec6d6c54570db8,CN(C)c1ccccc1,aqueous_solubility,log10(mol/L),test,,-1.9199999570846558,-1.3475765565892839,-2.5260872958285017,-0.16906581735006632,random,2030,edge_gnn,edge_gnn,none,none,721e3c494613d3aa378fb20e47d69b51245b538e
esol,925de75b6c7bfe03,CN(C)c1nc(N(C)C)nc(N(C)C)n1,aqueous_solubility,log10(mol/L),train,,-3.364000082015991,-3.4085947513753605,-4.587105490614578,-2.230084012136143,random,2030,edge_gnn,edge_gnn,none,none,721e3c494613d3aa378fb20e47d69b51245b538e
esol,24d71af8b3e29e2a,CN1C(=O)CN=C(c2ccccc2)c2cc(Cl)ccc21,aqueous_solubility,log10(mol/L),train,,-3.753999948501587,0.04952823707597265,-1.128982502163245,1.2280389763151902,random,2030,edge_gnn,edge_gnn,none,none,721e3c494613d3aa378fb20e47d69b51245b538e
esol,764380275cf6ecfe,CN1C(=O)CN=C(c2ccccc2)c2cc([N+](=O)[O-])ccc21,aqueous_solubility,log10(mol/L),train,,-3.7960000038146973,-0.7032796424351861,-1.8817903816744037,0.4752310968040314,random,2030,edge_gnn,edge_gnn,none,none,721e3c494613d3aa378fb20e47d69b51245b538e
esol,5892fb4917f1bd4c,CN1C(=O)c2cccnc2Oc2ccccc21,aqueous_solubility,log10(mol/L),train,,-3.671999931335449,0.5651526335365418,-0.6133581057026758,1.7436633727757593,random,2030,edge_gnn,edge_gnn,none,none,721e3c494613d3aa378fb20e47d69b51245b538e
esol,e866140d3ce88cc7,CN1C(C(=O)Nc2ccccn2)=C(O)c2ccccc2S1(=O)=O,aqueous_solubility,log10(mol/L),train,,-4.159999847412109,-8.483974064166091,-9.66248480340531,-7.3054633249268734,random,2030,edge_gnn,edge_gnn,none,none,721e3c494613d3aa378fb20e47d69b51245b538e
esol,c3339d1527a56a6a,CN1CC(O)N(c2nnc(C(C)(C)C)s2)C1=O,aqueous_solubility,log10(mol/L),train,,-1.8769999742507935,-3.2323639397434816,-4.410874678982699,-2.053853200504264,random,2030,edge_gnn,edge_gnn,none,none,721e3c494613d3aa378fb20e47d69b51245b538e
esol,61a26c632a00b9e2,CNC(=O)C(C)SCCSP(=O)(OC)OC,aqueous_solubility,log10(mol/L),train,,1.1440000534057617,-2.4539431918692314,-3.632453931108449,-1.2754324526300138,random,2030,edge_gnn,edge_gnn,none,none,721e3c494613d3aa378fb20e47d69b51245b538e
esol,83a38e89cdeb9ac2,CNC(=O)C=C(C)OP(=O)(OC)OC,aqueous_solubility,log10(mol/L),validation,,0.6510000228881836,0.008448437092834382,-1.1700623021463832,1.186959176332052,random,2030,edge_gnn,edge_gnn,none,none,721e3c494613d3aa378fb20e47d69b51245b538e
esol,ca4d409d99769eda,CNC(=O)ON=C(CSC)C(C)(C)C,aqueous_solubility,log10(mol/L),train,,-1.6200000047683716,-1.2848562547662588,-2.4633669940054763,-0.10634551552704119,random,2030,edge_gnn,edge_gnn,none,none,721e3c494613d3aa378fb20e47d69b51245b538e
esol,9c9e6971a60807b7,CNC(=O)ON=C(SC)C(=O)N(C)C,aqueous_solubility,log10(mol/L),train,,0.10599999874830246,-0.7230965312859126,-1.9016072705251301,0.455414207953305,random,2030,edge_gnn,edge_gnn,none,none,721e3c494613d3aa378fb20e47d69b51245b538e
esol,f974acb9680d10ae,CNC(=O)Oc1cc(C(C)(C)C)cc(C(C)(C)C)c1,aqueous_solubility,log10(mol/L),calibration,,-4.239999771118164,-4.658764467367544,-5.837275206606762,-3.480253728128327,random,2030,edge_gnn,edge_gnn,none,none,721e3c494613d3aa378fb20e47d69b51245b538e
esol,bf5c31c40ed233f0,CNC(=O)Oc1cc(C)cc(C)c1,aqueous_solubility,log10(mol/L),train,,-2.5810000896453857,-1.1827551219068282,-2.3612658611460455,-0.0042443826676106244,random,2030,edge_gnn,edge_gnn,none,none,721e3c494613d3aa378fb20e47d69b51245b538e
esol,467d5329fab3eb8c,CNC(=O)Oc1ccc(N(C)C)c(C)c1,aqueous_solubility,log10(mol/L),train,,-2.359999895095825,-2.6894914157316165,-3.868002154970834,-1.510980676492399,random,2030,edge_gnn,edge_gnn,none,none,721e3c494613d3aa378fb20e47d69b51245b538e
esol,93b1c63994d0c3ae,CNC(=O)Oc1cccc(N=CN(C)C)c1,aqueous_solubility,log10(mol/L),validation,,-2.3399999141693115,-2.0508456202379426,-3.22935635947716,-0.872334880998725,random,2030,edge_gnn,edge_gnn,none,none,721e3c494613d3aa378fb20e47d69b51245b538e
esol,7c2469e5e8621db7,CNC(=O)Oc1cccc2c1OC(C)(C)C2,aqueous_solubility,log10(mol/L),train,,-2.799999952316284,-3.8136724349175006,-4.992183174156718,-2.635161695678283,random,2030,edge_gnn,edge_gnn,none,none,721e3c494613d3aa378fb20e47d69b51245b538e
esol,30aebbb20e458ecc,CNC(=O)Oc1cccc2ccccc12,aqueous_solubility,log10(mol/L),train,,-3.2239999771118164,-1.4766262865164745,-2.655137025755692,-0.298115547277257,random,2030,edge_gnn,edge_gnn,none,none,721e3c494613d3aa378fb20e47d69b51245b538e
esol,4b69c82630d9473f,CNC(=O)Oc1ccccc1,aqueous_solubility,log10(mol/L),train,,-1.8029999732971191,-2.7348294876642263,-3.913340226903444,-1.5563187484250087,random,2030,edge_gnn,edge_gnn,none,none,721e3c494613d3aa378fb20e47d69b51245b538e
esol,18eaa4bff7b0ffc4,CNC(=O)Oc1ccccc1C(C)C,aqueous_solubility,log10(mol/L),train,,-2.86299991607666,-6.17662965750681,-7.355140396746028,-4.9981189182675925,random,2030,edge_gnn,edge_gnn,none,none,721e3c494613d3aa378fb20e47d69b51245b538e
esol,27b2b9a51d2a3dfb,CNC(=O)Oc1ccccc1C1OCCO1,aqueous_solubility,log10(mol/L),train,,-1.5700000524520874,-0.4360799059042173,-1.6145906451434349,0.7424308333350003,random,2030,edge_gnn,edge_gnn,none,none,721e3c494613d3aa378fb20e47d69b51245b538e
esol,4429a01a775681b0,CNC(=O)Oc1ccccc1OC(C)C,aqueous_solubility,log10(mol/L),test,,-2.049999952316284,-1.98562303880001,-3.1641337780392274,-0.8071122995607924,random,2030,edge_gnn,edge_gnn,none,none,721e3c494613d3aa378fb20e47d69b51245b538e
esol,ce17742748339d63,CNN,aqueous_solubility,log10(mol/L),validation,,1.340000033378601,2.8416176141058407,1.6631068748666231,4.020128353345058,random,2030,edge_gnn,edge_gnn,none,none,721e3c494613d3aa378fb20e47d69b51245b538e
esol,05148dad0482f4d2,CNc1ccccc1,aqueous_solubility,log10(mol/L),train,,-1.2799999713897705,-2.846495111101679,-4.0250058503408965,-1.6679843718624614,random,2030,edge_gnn,edge_gnn,none,none,721e3c494613d3aa378fb20e47d69b51245b538e
esol,a9c91e9f39b50d3c,CNc1cnn(-c2cccc(C(F)(F)F)c2)c(=O)c1Cl,aqueous_solubility,log10(mol/L),train,,-4.046000003814697,-1.7375496656478782,-2.9160604048870957,-0.5590389264086606,random,2030,edge_gnn,edge_gnn,none,none,721e3c494613d3aa378fb20e47d69b51245b538e
esol,0bab33f79e992ea8,CO,aqueous_solubility,log10(mol/L),train,,1.5700000524520874,-1.4361056185131327,-2.6146163577523502,-0.2575948792739151,random,2030,edge_gnn,edge_gnn,none,none,721e3c494613d3aa378fb20e47d69b51245b538e
esol,f81db077a722c928,COC(=O)C1=C(C)NC(C)=C(C(=O)OC)C1c1ccccc1[N+](=O)[O-],aqueous_solubility,log10(mol/L),train,,-4.760000228881836,-1.091141372248773,-2.2696521114879906,0.08736936699044451,random,2030,edge_gnn,edge_gnn,none,none,721e3c494613d3aa378fb20e47d69b51245b538e
esol,749fcea5bdddd1e6,COC(=O)Nc1cccc(OC(=O)Nc2cccc(C)c2)c1,aqueous_solubility,log10(mol/L),train,,-4.804999828338623,-7.235182560564089,-8.413693299803306,-6.056671821324872,random,2030,edge_gnn,edge_gnn,none,none,721e3c494613d3aa378fb20e47d69b51245b538e
esol,a22f0678e1767ab7,COC(=O)Nc1nc2ccc(C(=O)c3ccccc3)cc2[nH]1,aqueous_solubility,log10(mol/L),train,,-3.880000114440918,0.2033919717653827,-0.9751187674738349,1.3819027110046003,random,2030,edge_gnn,edge_gnn,none,none,721e3c494613d3aa378fb20e47d69b51245b538e
esol,666ddf99a256128a,COC(=O)c1cc(O)c(O)c(O)c1,aqueous_solubility,log10(mol/L),train,,-1.2400000095367432,0.5434254611934692,-0.6350852780457483,1.7219362004326868,random,2030,edge_gnn,edge_gnn,none,none,721e3c494613d3aa378fb20e47d69b51245b538e
esol,188786e497548b05,COC(=O)c1ccc(O)cc1,aqueous_solubility,log10(mol/L),test,,-1.8270000219345093,-1.1856324059914891,-2.364143145230707,-0.007121666752271549,random,2030,edge_gnn,edge_gnn,none,none,721e3c494613d3aa378fb20e47d69b51245b538e
esol,49577c11df1cfd38,COC(=O)c1ccccc1,aqueous_solubility,log10(mol/L),calibration,,-1.850000023841858,-1.7466971253931576,-2.925207864632375,-0.56818638615394,random,2030,edge_gnn,edge_gnn,none,none,721e3c494613d3aa378fb20e47d69b51245b538e
esol,ed34e85526590345,COC(=O)c1ccccc1C(=O)OC,aqueous_solubility,log10(mol/L),train,,-1.659999966621399,-4.8065473894607935,-5.985058128700011,-3.628036650221576,random,2030,edge_gnn,edge_gnn,none,none,721e3c494613d3aa378fb20e47d69b51245b538e
esol,6e2b5874bd54e152,COC(=O)c1ccccc1OC1OC(COC2OCC(O)C(O)C2O)C(O)C(O)C1O,aqueous_solubility,log10(mol/L),train,,-0.7419999837875366,-1.96566169911064,-3.1441724383498575,-0.7871509598714224,random,2030,edge_gnn,edge_gnn,none,none,721e3c494613d3aa378fb20e47d69b51245b538e
esol,88ead3f7cdc58cf9,COC(=O)c1cccnc1,aqueous_solubility,log10(mol/L),train,,-0.46000000834465027,-4.200734449564136,-5.3792451888033535,-3.0222237103249183,random,2030,edge_gnn,edge_gnn,none,none,721e3c494613d3aa378fb20e47d69b51245b538e
esol,5c08f88c70ebf4aa,COC(C)(C)C,aqueous_solubility,log10(mol/L),train,,-0.23999999463558197,-2.36259891556606,-3.5411096548052776,-1.1840881763268425,random,2030,edge_gnn,edge_gnn,none,none,721e3c494613d3aa378fb20e47d69b51245b538e
esol,6773ea5b6283d92d,COC(C)(C)CCCC(C)CC=CC(C)=CC(=O)OC(C)C,aqueous_solubility,log10(mol/L),train,,-5.190000057220459,-5.2917987577932255,-6.470309497032443,-4.113288018554008,random,2030,edge_gnn,edge_gnn,none,none,721e3c494613d3aa378fb20e47d69b51245b538e
esol,798f5eefa4edc99d,COC(C)=O,aqueous_solubility,log10(mol/L),train,,0.46000000834465027,-1.292870690073237,-2.4713814293124545,-0.1143599508340194,random,2030,edge_gnn,edge_gnn,none,none,721e3c494613d3aa378fb20e47d69b51245b538e
esol,fe98fc7972b9fbd7,COC1=C(OC)C2C(=O)OCC2C=C1,aqueous_solubility,log10(mol/L),calibration,,-1.8990000486373901,-3.07525781595533,-4.253768555194547,-1.8967470767161125,random,2030,edge_gnn,edge_gnn,none,none,721e3c494613d3aa378fb20e47d69b51245b538e
esol,033c75d289f7b25e,COC1=CC(=O)CC(C)C12Oc1c(Cl)c(OC)cc(OC)c1C2=O,aqueous_solubility,log10(mol/L),train,,-3.246000051498413,-1.276488829549653,-2.4549995687888706,-0.09797809031043547,random,2030,edge_gnn,edge_gnn,none,none,721e3c494613d3aa378fb20e47d69b51245b538e
esol,14db5dcd22155360,COC1=CC2OC3C=CC(O)=CC3C(=O)C2C(O)=C1,aqueous_solubility,log10(mol/L),train,,-2.943000078201294,-3.822370141614952,-5.00088088085417,-2.6438594023757345,random,2030,edge_gnn,edge_gnn,none,none,721e3c494613d3aa378fb20e47d69b51245b538e
esol,68ee9b244d6cfe81,COC=O,aqueous_solubility,log10(mol/L),train,,0.5799999833106995,-3.5409202983123422,-4.71943103755156,-2.3624095590731247,random,2030,edge_gnn,edge_gnn,none,none,721e3c494613d3aa378fb20e47d69b51245b538e
esol,89703926e52a5f1b,COCC(=O)N(c1c(C)cccc1C)C(C)C(=O)OC,aqueous_solubility,log10(mol/L),train,,-1.6009999513626099,-2.9325972885481257,-4.111108027787344,-1.7540865493089082,random,2030,edge_gnn,edge_gnn,none,none,721e3c494613d3aa378fb20e47d69b51245b538e
esol,8828034dbcc2ba49,COCCCNc1nc(NC(C)C)nc(SC)n1,aqueous_solubility,log10(mol/L),test,,-2.927999973297119,-3.545788228495651,-4.724298967734868,-2.367277489256433,random,2030,edge_gnn,edge_gnn,none,none,721e3c494613d3aa378fb20e47d69b51245b538e
esol,16dde7866f46c4c1,COCOC,aqueous_solubility,log10(mol/L),test,,0.47999998927116394,1.3618061996565287,0.18329546041731115,2.5403169388957463,random,2030,edge_gnn,edge_gnn,none,none,721e3c494613d3aa378fb20e47d69b51245b538e
esol,e2974c195ea5145c,CON(C)C(=O)Nc1ccc(Br)c(Cl)c1,aqueous_solubility,log10(mol/L),test,,-3.9240000247955322,-3.4518274996439717,-4.630338238883189,-2.273316760404754,random,2030,edge_gnn,edge_gnn,none,none,721e3c494613d3aa378fb20e47d69b51245b538e
esol,6ff13bb4acd5abdb,CON(C)C(=O)Nc1ccc(Cl)c(Cl)c1,aqueous_solubility,log10(mol/L),train,,-3.5920000076293945,-2.0500972513516267,-3.2286079905908442,-0.8715865121124091,random,2030,edge_gnn,edge_gnn,none,none,721e3c494613d3aa378fb20e47d69b51245b538e
esol,48039236e49fe73d,CON(C)C(=O)Nc1ccc(Cl)cc1,aqueous_solubility,log10(mol/L),train,,-2.569999933242798,-2.4511233727251835,-3.629634111964401,-1.272612633485966,random,2030,edge_gnn,edge_gnn,none,none,721e3c494613d3aa378fb20e47d69b51245b538e
esol,af9e24623c743976,COP(=O)(NC(C)=O)SC,aqueous_solubility,log10(mol/L),train,,0.5400000214576721,-2.776561729191817,-3.9550724684310348,-1.5980509899525996,random,2030,edge_gnn,edge_gnn,none,none,721e3c494613d3aa378fb20e47d69b51245b538e
esol,13a3fd60c5aabbbd,COP(=O)(OC)C(O)C(Cl)(Cl)Cl,aqueous_solubility,log10(mol/L),train,,-0.2199999988079071,0.5395390397653084,-0.6389716994739092,1.718049779004526,random,2030,edge_gnn,edge_gnn,none,none,721e3c494613d3aa378fb20e47d69b51245b538e
esol,780a5f925619f9f0,COP(=O)(OC)OC(=CCl)c1cc(Cl)c(Cl)cc1Cl,aqueous_solubility,log10(mol/L),train,,-4.521999835968018,-4.53454582950586,-5.713056568745078,-3.3560350902666425,random,2030,edge_gnn,edge_gnn,none,none,721e3c494613d3aa378fb20e47d69b51245b538e
esol,5a3a208a796a3e9e,COP(=O)(OC)OC(Br)C(Cl)(Cl)Br,aqueous_solubility,log10(mol/L),train,,-2.2799999713897705,-0.9480169581622846,-2.126527697401502,0.23049378107693297,random,2030,edge_gnn,edge_gnn,none,none,721e3c494613d3aa378fb20e47d69b51245b538e
esol,6d1ebe733929addc,COP(=S)(OC)Oc1cc(Cl)c(Br)cc1Cl,aqueous_solubility,log10(mol/L),test,,-6.090000152587891,-5.935034683691437,-7.113545422930654,-4.756523944452219,random,2030,edge_gnn,edge_gnn,none,none,721e3c494613d3aa378fb20e47d69b51245b538e
esol,57f26cdf89d354e1,COP(=S)(OC)Oc1cc(Cl)c(Cl)cc1Cl,aqueous_solubility,log10(mol/L),train,,-5.71999979019165,-1.6081661218175871,-2.7866768610568045,-0.42965538257836955,random,2030,edge_gnn,edge_gnn,none,none,721e3c494613d3aa378fb20e47d69b51245b538e
esol,c8a8a21070ddea32,COP(=S)(OC)Oc1cc(Cl)c(I)cc1Cl,aqueous_solubility,log10(mol/L),train,,-6.619999885559082,-1.9394369332103172,-3.1179476724495347,-0.7609261939710996,random,2030,edge_gnn,edge_gnn,none,none,721e3c494613d3aa378fb20e47d69b51245b538e
esol,93a69b9aac77fb83,COP(=S)(OC)Oc1ccc(SC)c(C)c1,aqueous_solubility,log10(mol/L),test,,-4.570000171661377,-4.468682807297296,-5.6471935465365135,-3.2901720680580784,random,2030,edge_gnn,edge_gnn,none,none,721e3c494613d3aa378fb20e47d69b51245b538e
esol,af206ce7eb35e12c,COP(=S)(OC)Oc1ccc(Sc2ccc(OP(=S)(OC)OC)cc2)cc1,aqueous_solubility,log10(mol/L),train,,-6.236999988555908,-3.360801709054473,-4.539312448293691,-2.1822909698152553,random,2030,edge_gnn,edge_gnn,none,none,721e3c494613d3aa378fb20e47d69b51245b538e
esol,0630c7b78d9001c5,COP(=S)(OC)Oc1ccc([N+](=O)[O-])c(C)c1,aqueous_solubility,log10(mol/L),train,,-4.039999961853027,-2.9496063747983685,-4.128117114037586,-1.771095635559151,random,2030,edge_gnn,edge_gnn,none,none,721e3c494613d3aa378fb20e47d69b51245b538e
esol,26a3764db159060c,COP(=S)(OC)Oc1ccc([N+](=O)[O-])cc1Cl,aqueous_solubility,log10(mol/L),train,,-4.309999942779541,-6.0709370604775135,-7.249447799716731,-4.892426321238296,random,2030,edge_gnn,edge_gnn,none,none,721e3c494613d3aa378fb20e47d69b51245b538e
esol,3c1bae9a1671999e,COP(=S)(OC)SCC(=O)N(C)C=O,aqueous_solubility,log10(mol/L),train,,-1.9950000047683716,-1.3486039868337474,-2.527114726072965,-0.17009324759452982,random,2030,edge_gnn,edge_gnn,none,none,721e3c494613d3aa378fb20e47d69b51245b538e
esol,3c7c2897c14190e7,COP(=S)(OC)SCC(=O)N(c1ccc(Cl)cc1)C(C)C,aqueous_solubility,log10(mol/L),train,,-4.432000160217285,-2.621141631334479,-3.7996523705736966,-1.4426308920952615,random,2030,edge_gnn,edge_gnn,none,none,721e3c494613d3aa378fb20e47d69b51245b538e
esol,73a7a17726ecb1d8,COc1c(O)c(Cl)c(Cl)c(Cl)c1Cl,aqueous_solubility,log10(mol/L),train,,-4.019999980926514,-2.3858279981572097,-3.5643387373964273,-1.2073172589179921,random,2030,edge_gnn,edge_gnn,none,none,721e3c494613d3aa378fb20e47d69b51245b538e
esol,f6aaf2955176d64c,COc1c2occc2c(OC)c2c(=O)cc(C)oc12,aqueous_solubility,log10(mol/L),train,,-3.0209999084472656,-2.6028436840534157,-3.7813544232926333,-1.4243329448141981,random,2030,edge_gnn,edge_gnn,none,none,721e3c494613d3aa378fb20e47d69b51245b538e
esol,d81d239372dc39ef,COc1c2occc2cc2ccc(=O)oc12,aqueous_solubility,log10(mol/L),train,,-3.6640000343322754,-5.966129082907226,-7.144639822146444,-4.787618343668009,random,2030,edge_gnn,edge_gnn,none,none,721e3c494613d3aa378fb20e47d69b51245b538e
esol,fb0727226d8bda00,COc1cc(C2c3cc4c(cc3C(OC3OC5COC(C)OC5C(O)C3O)C3COC(=O)C23)OCO4)cc(OC)c1O,aqueous_solubility,log10(mol/L),train,,-3.571000099182129,-3.2796044891460436,-4.458115228385261,-2.101093749906826,random,2030,edge_gnn,edge_gnn,none,none,721e3c494613d3aa378fb20e47d69b51245b538e
esol,a2fe2787bc40ab5d,COc1cc2c(N)nc(N3CCN(C(=O)OCC(C)(C)O)CC3)nc2c(OC)c1OC,aqueous_solubility,log10(mol/L),train,,-3.638000011444092,-2.2488622991933997,-3.4273730384326173,-1.0703515599541822,random,2030,edge_gnn,edge_gnn,none,none,721e3c494613d3aa378fb20e47d69b51245b538e
esol,0bd779b87e0a0d4a,COc1ccc(C(O)(c2cncnc2)C2CC2)cc1,aqueous_solubility,log10(mol/L),test,,-2.5959999561309814,-4.101335493571867,-5.279846232811084,-2.922824754332649,random,2030,edge_gnn,edge_gnn,none,none,721e3c494613d3aa378fb20e47d69b51245b538e
esol,9068cc8b834cc0eb,COc1ccc(C(c2ccc(OC)cc2)C(Cl)(Cl)Cl)cc1,aqueous_solubility,log10(mol/L),train,,-6.889999866485596,-0.8879809187792707,-2.066491658018488,0.2905298204599469,random,2030,edge_gnn,edge_gnn,none,none,721e3c494613d3aa378fb20e47d69b51245b538e
esol,53952794d358f97b,COc1ccc(C=O)cc1,aqueous_solubility,log10(mol/L),train,,-1.4900000095367432,-6.6600517357428854,-7.838562474982103,-5.481540996503668,random,2030,edge_gnn,edge_gnn,none,none,721e3c494613d3aa378fb20e47d69b51245b538e
esol,61e05515e58dc633,COc1ccc(Cl)cc1,aqueous_solubility,log10(mol/L),train,,-2.7799999713897705,-5.293034600950735,-6.4715453401899525,-4.114523861711517,random,2030,edge_gnn,edge_gnn,none,none,721e3c494613d3aa378fb20e47d69b51245b538e
esol,6f0d5c822a2c8b54,COc1ccc(NC(=O)N(C)C)cc1Cl,aqueous_solubility,log10(mol/L),train,,-2.563999891281128,-3.8782385535267174,-5.056749292765935,-2.6997278142875,random,2030,edge_gnn,edge_gnn,none,none,721e3c494613d3aa378fb20e47d69b51245b538e
esol,a440351c22fbaf2f,COc1ccc(Oc2ccc(NC(=O)N(C)C)cc2)cc1,aqueous_solubility,log10(mol/L),train,,-4.159999847412109,-4.605230608092542,-5.78374134733176,-3.4267198688533247,random,2030,edge_gnn,edge_gnn,none,none,721e3c494613d3aa378fb20e47d69b51245b538e
esol,54c11156225fcdea,COc1ccc([N+](=O)[O-])cc1,aqueous_solubility,log10(mol/L),validation,,-2.4100000858306885,-2.0016130527691605,-3.180123792008378,-0.8231023135299429,random,2030,edge_gnn,edge_gnn,none,none,721e3c494613d3aa378fb20e47d69b51245b538e
esol,76a18f4c2024b3d3,COc1ccc2ccc(=O)oc2c1CC=C(C)C,aqueous_solubility,log10(mol/L),train,,-4.314000129699707,-3.0339694729587716,-4.212480212197989,-1.855458733719554,random,2030,edge_gnn,edge_gnn,none,none,721e3c494613d3aa378fb20e47d69b51245b538e
esol,28951249e2791f06,COc1cccc(Cl)c1,aqueous_solubility,log10(mol/L),train,,-2.7799999713897705,-3.167923837144265,-4.346434576383483,-1.9894130979050475,random,2030,edge_gnn,edge_gnn,none,none,721e3c494613d3aa378fb20e47d69b51245b538e
esol,93c51a6d6f685836,COc1ccccc1,aqueous_solubility,log10(mol/L),train,,-1.850000023841858,-4.209195988602251,-5.3877067278414685,-3.0306852493630334,random,2030,edge_gnn,edge_gnn,none,none,721e3c494613d3aa378fb20e47d69b51245b538e
esol,61ef7d42849f3184,COc1ccccc1Cl,aqueous_solubility,log10(mol/L),train,,-2.4600000381469727,-4.133485960883974,-5.311996700123191,-2.954975221644756,random,2030,edge_gnn,edge_gnn,none,none,721e3c494613d3aa378fb20e47d69b51245b538e
esol,eb6f42a07bb6de18,COc1ccccc1O,aqueous_solubility,log10(mol/L),train,,-1.9600000381469727,-3.9136876093563666,-5.092198348595584,-2.735176870117149,random,2030,edge_gnn,edge_gnn,none,none,721e3c494613d3aa378fb20e47d69b51245b538e
esol,814823a858f686a6,COc1ccccc1OCC(O)COC(N)=O,aqueous_solubility,log10(mol/L),test,,-0.9850000143051147,-1.4321689862257754,-2.610679725464993,-0.2536582469865578,random,2030,edge_gnn,edge_gnn,none,none,721e3c494613d3aa378fb20e47d69b51245b538e
esol,d4928ef8bde7d1fe,COc1ccccc1[N+](=O)[O-],aqueous_solubility,log10(mol/L),train,,-1.9600000381469727,-6.564957919373936,-7.743468658613153,-5.386447180134718,random,2030,edge_gnn,edge_gnn,none,none,721e3c494613d3aa378fb20e47d69b51245b538e
esol,f77319b49caa9f62,COc1cnc2cncnc2n1,aqueous_solubility,log10(mol/L),train,,-0.9100000262260437,-1.3134190426466306,-2.4919297818858483,-0.134908303407413,random,2030,edge_gnn,edge_gnn,none,none,721e3c494613d3aa378fb20e47d69b51245b538e
esol,5dffcf404f645444,COc1cnc2ncncc2n1,aqueous_solubility,log10(mol/L),train,,-1.1390000581741333,-0.8971089502021474,-2.075619689441365,0.28140178903707014,random,2030,edge_gnn,edge_gnn,none,none,721e3c494613d3aa378fb20e47d69b51245b538e
esol,80014862d89a7874,COc1nc(NC(C)C)nc(NC(C)C)n1,aqueous_solubility,log10(mol/L),train,,-2.4779999256134033,-2.9186609523372358,-4.097171691576453,-1.7401502130980182,random,2030,edge_gnn,edge_gnn,none,none,721e3c494613d3aa378fb20e47d69b51245b538e
esol,6d629ddb03b3976b,COc1ncc2nccnc2n1,aqueous_solubility,log10(mol/L),train,,-1.1100000143051147,-2.517241990915487,-3.6957527301547044,-1.3387312516762693,random,2030,edge_gnn,edge_gnn,none,none,721e3c494613d3aa378fb20e47d69b51245b538e
esol,1b1400c943fc116e,COc1ncnc2nccnc12,aqueous_solubility,log10(mol/L),train,,-1.1100000143051147,-3.8185109072223615,-4.9970216464615795,-2.640000167983144,random,2030,edge_gnn,edge_gnn,none,none,721e3c494613d3aa378fb20e47d69b51245b538e
esol,ac0041960cd300cd,CS(=O)(=O)c1ccc(C(O)C(CO)NC(=O)C(Cl)Cl)cc1,aqueous_solubility,log10(mol/L),train,,-2.1540000438690186,-2.3012520321315852,-3.479762771370803,-1.1227412928923677,random,2030,edge_gnn,edge_gnn,none,none,721e3c494613d3aa378fb20e47d69b51245b538e
esol,15427e61e6c5e494,CSC,aqueous_solubility,log10(mol/L),train,,-0.44999998807907104,-0.8602080057467116,-2.038718744985929,0.31830273349250593,random,2030,edge_gnn,edge_gnn,none,none,721e3c494613d3aa378fb20e47d69b51245b538e
esol,27be4a939cf2095e,CSCS(=O)CC(CO)NC(=O)C=Cc1c(C)[nH]c(=O)[nH]c1=O,aqueous_solubility,log10(mol/L),calibration,,-1.9809999465942383,-2.510299519604973,-3.6888102588441907,-1.3317887803657555,random,2030,edge_gnn,edge_gnn,none,none,721e3c494613d3aa378fb20e47d69b51245b538e
esol,34db32618c7c0bd7,CSSC,aqueous_solubility,log10(mol/L),train,,-1.440000057220459,-3.558780477549657,-4.737291216788875,-2.3802697383104396,random,2030,edge_gnn,edge_gnn,none,none,721e3c494613d3aa378fb20e47d69b51245b538e
esol,c0328538a0e8d514,CSc1ccccc1,aqueous_solubility,log10(mol/L),train,,-2.390000104904175,-7.720579767472479,-8.899090506711698,-6.542069028233262,random,2030,edge_gnn,edge_gnn,none,none,721e3c494613d3aa378fb20e47d69b51245b538e
esol,01435d46358b4e6f,CSc1nc(N(C)C)nc(N(C)C)n1,aqueous_solubility,log10(mol/L),train,,-2.6760001182556152,-6.390068702790828,-7.568579442030045,-5.21155796355161,random,2030,edge_gnn,edge_gnn,none,none,721e3c494613d3aa378fb20e47d69b51245b538e
esol,a2e1c537815223d9,CSc1nc(NC(C)C)nc(NC(C)C)n1,aqueous_solubility,log10(mol/L),train,,-4.099999904632568,-1.945190239800262,-3.1237009790394796,-0.7666795005610445,random,2030,edge_gnn,edge_gnn,none,none,721e3c494613d3aa378fb20e47d69b51245b538e
esol,6c043c25cd0ee673,CSc1nnc(C(C)(C)C)c(=O)n1N,aqueous_solubility,log10(mol/L),train,,-2.253000020980835,-1.5016629600386988,-2.6801736992779164,-0.32315222079948125,random,2030,edge_gnn,edge_gnn,none,none,721e3c494613d3aa378fb20e47d69b51245b538e
esol,939a64a917fc1fbc,C[N+](=O)[O-],aqueous_solubility,log10(mol/L),train,,0.25999999046325684,0.0917288241774572,-1.0867819150617604,1.2702395634166748,random,2030,edge_gnn,edge_gnn,none,none,721e3c494613d3aa378fb20e47d69b51245b538e
esol,6a00bcc744815977,Cc1[nH]c(=O)n(C(C)(C)C)c(=O)c1Cl,aqueous_solubility,log10(mol/L),train,,-2.4839999675750732,-2.0100448185339834,-3.188555557773201,-0.8315340792947659,random,2030,edge_gnn,edge_gnn,none,none,721e3c494613d3aa378fb20e47d69b51245b538e
esol,011959fb02a50970,Cc1c(C)c(C)c(C)c(C)c1C,aqueous_solubility,log10(mol/L),train,,-5.230000019073486,-3.285846799672177,-4.464357538911395,-2.1073360604329596,random,2030,edge_gnn,edge_gnn,none,none,721e3c494613d3aa378fb20e47d69b51245b538e
esol,255cf0d2a2107c67,Cc1c(C)c2c3ccccc3ccc2c2ccccc12,aqueous_solubility,log10(mol/L),test,,-7.010000228881836,-6.779690840466797,-7.958201579706015,-5.6011801012275795,random,2030,edge_gnn,edge_gnn,none,none,721e3c494613d3aa378fb20e47d69b51245b538e
esol,96b9df861fc1a5b7,Cc1c(F)c(F)c(COC(=O)C2C(C=C(Cl)C(F)(F)F)C2(C)C)c(F)c1F,aqueous_solubility,log10(mol/L),train,,-7.321000099182129,-4.052101096812988,-5.230611836052206,-2.8735903575737707,random,2030,edge_gnn,edge_gnn,none,none,721e3c494613d3aa378fb20e47d69b51245b538e
esol,27f7cb057fe02c05,Cc1c(N(C)C)c(=O)n(-c2ccccc2)n1C,aqueous_solubility,log10(mol/L),train,,-0.36399999260902405,-0.13579398863737158,-1.3143047278765891,1.042716750601846,random,2030,edge_gnn,edge_gnn,none,none,721e3c494613d3aa378fb20e47d69b51245b538e
esol,a71940fe39e775e7,Cc1c(N)c(=O)n(-c2ccccc2)n1C,aqueous_solubility,log10(mol/L),train,,-0.6240000128746033,-4.086806136205172,-5.265316875444389,-2.908295396965954,random,2030,edge_gnn,edge_gnn,none,none,721e3c494613d3aa378fb20e47d69b51245b538e
esol,405aedd218ada939,Cc1c([N+](=O)[O-])cc([N+](=O)[O-])cc1[N+](=O)[O-],aqueous_solubility,log10(mol/L),train,,-3.2200000286102295,-4.830064995255416,-6.008575734494634,-3.6515542560161984,random,2030,edge_gnn,edge_gnn,none,none,721e3c494613d3aa378fb20e47d69b51245b538e
esol,6bbc2d7fd1aa6c13,Cc1c([N+](=O)[O-])cccc1[N+](=O)[O-],aqueous_solubility,log10(mol/L),train,,-3.0,-2.4700410077961297,-3.6485517470353472,-1.291530268556912,random,2030,edge_gnn,edge_gnn,none,none,721e3c494613d3aa378fb20e47d69b51245b538e
esol,2e4e642d79dc2dce,Cc1c2ccccc2c(C)c2c1ccc1ccccc12,aqueous_solubility,log10(mol/L),validation,,-7.019999980926514,-6.802108601360729,-7.980619340599946,-5.623597862121511,random,2030,edge_gnn,edge_gnn,none,none,721e3c494613d3aa378fb20e47d69b51245b538e
esol,74b6a8e9080bc721,Cc1c2ccccc2c(C)c2ccccc12,aqueous_solubility,log10(mol/L),train,,-6.570000171661377,-1.1219840863788921,-2.3004948256181095,0.05652665286032543,random,2030,edge_gnn,edge_gnn,none,none,721e3c494613d3aa378fb20e47d69b51245b538e
esol,64f1735379f646a8,Cc1c2ccccc2cc2ccccc12,aqueous_solubility,log10(mol/L),train,,-5.889999866485596,-6.934657952479154,-8.113168691718371,-5.756147213239936,random,2030,edge_gnn,edge_gnn,none,none,721e3c494613d3aa378fb20e47d69b51245b538e
esol,0ada1641492d4a17,Cc1c[nH]c(=O)[nH]c1=O,aqueous_solubility,log10(mol/L),train,,-1.50600004196167,-1.790267787697844,-2.9687785269370615,-0.6117570484586263,random,2030,edge_gnn,edge_gnn,none,none,721e3c494613d3aa378fb20e47d69b51245b538e
esol,b32a6b50a85ca7a0,Cc1c[nH]c(=O)nc1N,aqueous_solubility,log10(mol/L),train,,-1.4579999446868896,-2.255283927458203,-3.4337946666974206,-1.0767731882189855,random,2030,edge_gnn,edge_gnn,none,none,721e3c494613d3aa378fb20e47d69b51245b538e
esol,855b948e58b48eae,Cc1c[nH]c2ccccc12,aqueous_solubility,log10(mol/L),train,,-2.4200000762939453,-3.8473411499306143,-5.025851889169832,-2.6688304106913967,random,2030,edge_gnn,edge_gnn,none,none,721e3c494613d3aa378fb20e47d69b51245b538e
esol,412aec08aadb9b06,Cc1cc(=O)[nH]c(=S)[nH]1,aqueous_solubility,log10(mol/L),calibration,,-2.436000108718872,-2.7024525668539843,-3.880963306093202,-1.5239418276147667,random,2030,edge_gnn,edge_gnn,none,none,721e3c494613d3aa378fb20e47d69b51245b538e
esol,e96744a6c5b15c2c,Cc1cc(=O)n(-c2ccccc2)n1C,aqueous_solubility,log10(mol/L),train,,0.7149999737739563,-4.907321593131709,-6.085832332370926,-3.728810853892491,random,2030,edge_gnn,edge_gnn,none,none,721e3c494613d3aa378fb20e47d69b51245b538e
esol,c699d455e9ba8b21,Cc1cc(C(=O)NNCc2ccccc2)no1,aqueous_solubility,log10(mol/L),train,,-2.4609999656677246,-1.0659781623150562,-2.2444889015542735,0.11253257692416141,random,2030,edge_gnn,edge_gnn,none,none,721e3c494613d3aa378fb20e47d69b51245b538e
esol,f4af7cb57402c3b2,Cc1cc(C)c(C)c(C)c1C,aqueous_solubility,log10(mol/L),train,,-4.0,-3.8818090754789285,-5.060319814718146,-2.703298336239711,random,2030,edge_gnn,edge_gnn,none,none,721e3c494613d3aa378fb20e47d69b51245b538e
esol,10496a05f7b4af1b,Cc1cc(C)c(C)cc1C,aqueous_solubility,log10(mol/L),train,,-4.590000152587891,-5.02396646536273,-6.202477204601948,-3.8454557261235127,random,2030,edge_gnn,edge_gnn,none,none,721e3c494613d3aa378fb20e47d69b51245b538e
esol,30a7fa25e77ab523,Cc1cc(C)c(O)c(C)c1,aqueous_solubility,log10(mol/L),train,,-2.049999952316284,-2.238056430278352,-3.4165671695175694,-1.0595456910391343,random,2030,edge_gnn,edge_gnn,none,none,721e3c494613d3aa378fb20e47d69b51245b538e
esol,30cd61fe6a9269f3,Cc1cc(C)c2ccccc2c1,aqueous_solubility,log10(mol/L),train,,-4.289999961853027,-0.45906159277957714,-1.6375723320187947,0.7194491464596404,random,2030,edge_gnn,edge_gnn,none,none,721e3c494613d3aa378fb20e47d69b51245b538e
esol,ac4846758902f02f,Cc1cc(C)cc(C)c1,aqueous_solubility,log10(mol/L),train,,-3.4000000953674316,-1.0845742208028564,-2.263084960042074,0.0939365184363612,random,2030,edge_gnn,edge_gnn,none,none,721e3c494613d3aa378fb20e47d69b51245b538e
esol,dc9647b3b1f901cf,Cc1cc(C)cc(O)c1,aqueous_solubility,log10(mol/L),train,,-1.399999976158142,-1.6930189414374497,-2.8715296806766673,-0.5145082021982321,random,2030,edge_gnn,edge_gnn,none,none,721e3c494613d3aa378fb20e47d69b51245b538e
esol,3d3499c252e700d7,Cc1cc(Cl)ccc1N=CN(C)C,aqueous_solubility,log10(mol/L),calibration,,-2.859999895095825,-3.7888996207219336,-4.967410359961152,-2.610388881482716,random,2030,edge_gnn,edge_gnn,none,none,721e3c494613d3aa378fb20e47d69b51245b538e
esol,867fad1f4374306f,Cc1cc(OC(=O)N(C)C)n(-c2ccccc2)n1,aqueous_solubility,log10(mol/L),train,,-2.0899999141693115,-1.5986969593312244,-2.777207698570442,-0.4201862200920068,random,2030,edge_gnn,edge_gnn,none,none,721e3c494613d3aa378fb20e47d69b51245b538e
esol,441ca226655131b8,Cc1cc(S(=O)(=O)c2ccccc2)ccc1NS(=O)(=O)C(F)(F)F,aqueous_solubility,log10(mol/L),test,,-3.799999952316284,-4.280932545915369,-5.459443285154586,-3.1024218066761513,random,2030,edge_gnn,edge_gnn,none,none,721e3c494613d3aa378fb20e47d69b51245b538e
esol,1fa0d1470ef45a5f,Cc1cc([N+](=O)[O-])cc([N+](=O)[O-])c1O,aqueous_solubility,log10(mol/L),train,,-1.4559999704360962,-1.8707547857263627,-3.0492655249655805,-0.6922440464871451,random,2030,edge_gnn,edge_gnn,none,none,721e3c494613d3aa378fb20e47d69b51245b538e
esol,15fb6126c6fb5019,Cc1cc2c3ccccc3ccc2c2ccccc12,aqueous_solubility,log10(mol/L),train,,-6.570000171661377,-3.544742505350224,-4.723253244589442,-2.3662317661110066,random,2030,edge_gnn,edge_gnn,none,none,721e3c494613d3aa378fb20e47d69b51245b538e
esol,c93bd0af60161701,Cc1cc2ccccc2c2ccc3ccccc3c12,aqueous_solubility,log10(mol/L),train,,-6.590000152587891,-0.6028041807606961,-1.7813149199999136,0.5757065584785215,random,2030,edge_gnn,edge_gnn,none,none,721e3c494613d3aa378fb20e47d69b51245b538e
esol,efd1cc43cd7740a7,Cc1cc2ccccc2cc1C,aqueous_solubility,log10(mol/L),validation,,-4.71999979019165,-5.035523289401817,-6.214034028641034,-3.857012550162599,random,2030,edge_gnn,edge_gnn,none,none,721e3c494613d3aa378fb20e47d69b51245b538e
esol,6f06d12b282eda81,Cc1cc2nc3c(=O)[nH]c(=O)nc-3n(CC(O)C(O)C(O)CO)c2cc1C,aqueous_solubility,log10(mol/L),train,,-3.684999942779541,-0.7028572656598344,-1.881368004899052,0.47565347357938315,random,2030,edge_gnn,edge_gnn,none,none,721e3c494613d3aa378fb20e47d69b51245b538e
esol,2a4331f10b97d5ab,Cc1ccc(-c2ccccc2)cc1,aqueous_solubility,log10(mol/L),train,,-4.619999885559082,-4.422189444050384,-5.600700183289602,-3.243678704811167,random,2030,edge_gnn,edge_gnn,none,none,721e3c494613d3aa378fb20e47d69b51245b538e
esol,93239662ab8fbc9f,Cc1ccc(Br)cc1,aqueous_solubility,log10(mol/L),train,,-3.190000057220459,-3.1671920264872693,-4.345702765726487,-1.9886812872480517,random,2030,edge_gnn,edge_gnn,none,none,721e3c494613d3aa378fb20e47d69b51245b538e
esol,5a420868d7b8f3d4,Cc1ccc(C(C)C)c(O)c1,aqueous_solubility,log10(mol/L),train,,-2.2200000286102295,-2.0440018675136633,-3.222512606752881,-0.8654911282744457,random,2030,edge_gnn,edge_gnn,none,none,721e3c494613d3aa378fb20e47d69b51245b538e
esol,55d42f10edd4630a,Cc1ccc(C(C)C)cc1,aqueous_solubility,log10(mol/L),train,,-3.7699999809265137,-4.721563239427806,-5.900073978667024,-3.5430525001885886,random,2030,edge_gnn,edge_gnn,none,none,721e3c494613d3aa378fb20e47d69b51245b538e
esol,80356e4fbac18ade,Cc1ccc(C(C)C)cc1O,aqueous_solubility,log10(mol/L),test,,-2.0799999237060547,-2.2459650190756166,-3.424475758314834,-1.067454279836399,random,2030,edge_gnn,edge_gnn,none,none,721e3c494613d3aa378fb20e47d69b51245b538e
esol,b3cdd1fa6b9ddc97,Cc1ccc(C)c(C)c1,aqueous_solubility,log10(mol/L),train,,-3.309999942779541,-2.6133889106692174,-3.791899649908435,-1.4348781714299998,random,2030,edge_gnn,edge_gnn,none,none,721e3c494613d3aa378fb20e47d69b51245b538e
esol,c41a4db964d8c35c,Cc1ccc(C)c2ccccc12,aqueous_solubility,log10(mol/L),train,,-4.139999866485596,-2.8411118572824328,-4.01962259652165,-1.6626011180432152,random,2030,edge_gnn,edge_gnn,none,none,721e3c494613d3aa378fb20e47d69b51245b538e
esol,e70d51f4f2d7e744,Cc1ccc(C)cc1,aqueous_solubility,log10(mol/L),train,,-2.7699999809265137,1.0385764428956272,-0.13993429634359034,2.217087182134845,random,2030,edge_gnn,edge_gnn,none,none,721e3c494613d3aa378fb20e47d69b51245b538e
esol,407f9df507c39d4f,Cc1ccc(Cl)cc1,aqueous_solubility,log10(mol/L),train,,-3.0799999237060547,-3.60360943912476,-4.782120178363978,-2.4250986998855426,random,2030,edge_gnn,edge_gnn,none,none,721e3c494613d3aa378fb20e47d69b51245b538e
esol,01cfad37701e8c61,Cc1ccc(N)cc1,aqueous_solubility,log10(mol/L),train,,-1.2100000381469727,-1.1980985764453707,-2.376609315684588,-0.01958783720615309,random,2030,edge_gnn,edge_gnn,none,none,721e3c494613d3aa378fb20e47d69b51245b538e
esol,5140ae913c5e9340,Cc1ccc(N=CN(C)C=Nc2ccc(C)cc2C)c(C)c1,aqueous_solubility,log10(mol/L),train,,-5.46999979019165,-5.778480252507194,-6.9569909917464114,-4.599969513267976,random,2030,edge_gnn,edge_gnn,none,none,721e3c494613d3aa378fb20e47d69b51245b538e
esol,ec39337ff30f2e1c,Cc1ccc(NC(=O)N(C)C)cc1Cl,aqueous_solubility,log10(mol/L),train,,-3.4830000400543213,-7.3727290275940085,-8.551239766833227,-6.194218288354791,random,2030,edge_gnn,edge_gnn,none,none,721e3c494613d3aa378fb20e47d69b51245b538e
esol,543e85576d5b1ad7,Cc1ccc(O)c(C)c1,aqueous_solubility,log10(mol/L),test,,-1.190000057220459,-1.2288325424332098,-2.4073432816724276,-0.050321803193992265,random,2030,edge_gnn,edge_gnn,none,none,721e3c494613d3aa378fb20e47d69b51245b538e
esol,807595891e8d435d,Cc1ccc(O)cc1,aqueous_solubility,log10(mol/L),train,,-0.7300000190734863,-2.350375283747368,-3.5288860229865855,-1.1718645445081504,random,2030,edge_gnn,edge_gnn,none,none,721e3c494613d3aa378fb20e47d69b51245b538e
esol,6d71e1108f6d1e43,Cc1ccc(O)cc1C,aqueous_solubility,log10(mol/L),train,,-1.3799999952316284,-0.4050455578667629,-1.5835562971059804,0.7734651813724547,random,2030,edge_gnn,edge_gnn,none,none,721e3c494613d3aa378fb20e47d69b51245b538e
esol,be3de4bd034b2ced,Cc1ccc(OP(=O)(Oc2cccc(C)c2)Oc2ccccc2C)cc1,aqueous_solubility,log10(mol/L),calibration,,-6.010000228881836,-5.11527932833942,-6.293790067578637,-3.936768589100202,random,2030,edge_gnn,edge_gnn,none,none,721e3c494613d3aa378fb20e47d69b51245b538e
esol,a1641c5766fa1d1e,Cc1ccc(S(N)(=O)=O)cc1,aqueous_solubility,log10(mol/L),train,,-1.7400000095367432,-2.6092769819274544,-3.787787721166672,-1.4307662426882368,random,2030,edge_gnn,edge_gnn,none,none,721e3c494613d3aa378fb20e47d69b51245b538e
esol,b040d11e09a9051b,Cc1ccc([N+](=O)[O-])cc1,aqueous_solubility,log10(mol/L),calibration,,-2.490000009536743,-2.267799236428811,-3.4463099756680284,-1.0892884971895933,random,2030,edge_gnn,edge_gnn,none,none,721e3c494613d3aa378fb20e47d69b51245b538e
esol,2514a688d2813b05,Cc1ccc([N+](=O)[O-])cc1[N+](=O)[O-],aqueous_solubility,log10(mol/L),validation,,-2.819999933242798,-2.778642515136937,-3.9571532543761547,-1.6001317758977196,random,2030,edge_gnn,edge_gnn,none,none,721e3c494613d3aa378fb20e47d69b51245b538e
esol,75d407b5695faf1e,Cc1ccc2c(c1)C(=O)N(C)c1cc(N)ccc1O2,aqueous_solubility,log10(mol/L),train,,-3.927999973297119,-3.741198295221739,-4.919709034460956,-2.5626875559825213,random,2030,edge_gnn,edge_gnn,none,none,721e3c494613d3aa378fb20e47d69b51245b538e
esol,cf6110a1ac72a9f2,Cc1ccc2c(c1)Oc1ncc(N)cc1C(=O)N2C,aqueous_solubility,log10(mol/L),train,,-3.0429999828338623,-3.9751877116061536,-5.153698450845371,-2.796676972366936,random,2030,edge_gnn,edge_gnn,none,none,721e3c494613d3aa378fb20e47d69b51245b538e
esol,484807ab7d19194e,Cc1ccc2c(ccc3c4c5c(cccc5cc32)CC4)c1,aqueous_solubility,log10(mol/L),train,,-7.920000076293945,-4.968152805995918,-6.1466635452351355,-3.7896420667567003,random,2030,edge_gnn,edge_gnn,none,none,721e3c494613d3aa378fb20e47d69b51245b538e
esol,0d7d0a46ef5fcffa,Cc1ccc2c(ccc3ccccc32)c1,aqueous_solubility,log10(mol/L),calibration,,-5.840000152587891,-5.970641500022154,-7.1491522392613716,-4.792130760782936,random,2030,edge_gnn,edge_gnn,none,none,721e3c494613d3aa378fb20e47d69b51245b538e
esol,f21bb8ad915e950d,Cc1ccc2cc(C)ccc2c1,aqueous_solubility,log10(mol/L),train,,-4.889999866485596,-5.458261128771081,-6.636771868010299,-4.279750389531864,random,2030,edge_gnn,edge_gnn,none,none,721e3c494613d3aa378fb20e47d69b51245b538e
esol,6a4cbbb1228ffe70,Cc1ccc2cc3ccccc3cc2c1,aqueous_solubility,log10(mol/L),train,,-6.960000038146973,-2.5752953952288955,-3.753806134468113,-1.396784655989678,random,2030,edge_gnn,edge_gnn,none,none,721e3c494613d3aa378fb20e47d69b51245b538e
esol,7c337e72c4fb8697,Cc1ccc2ccc(C)nc2c1,aqueous_solubility,log10(mol/L),train,,-1.940000057220459,-0.8220828246640317,-2.0005935639032493,0.35642791457518586,random,2030,edge_gnn,edge_gnn,none,none,721e3c494613d3aa378fb20e47d69b51245b538e
esol,62365c0b67433ee7,Cc1ccc2ccccc2c1,aqueous_solubility,log10(mol/L),train,,-3.7699999809265137,-0.49100730575883,-1.6695180449980476,0.6875034334803876,random,2030,edge_gnn,edge_gnn,none,none,721e3c494613d3aa378fb20e47d69b51245b538e
esol,39db8370e4db7035,Cc1cccc(C)c1,aqueous_solubility,log10(mol/L),calibration,,-2.819999933242798,-2.735342256601925,-3.9138529958411428,-1.5568315173627076,random,2030,edge_gnn,edge_gnn,none,none,721e3c494613d3aa378fb20e47d69b51245b538e
esol,84bea6e6f81eeef8,Cc1cccc(C)c1C,aqueous_solubility,log10(mol/L),train,,-3.200000047683716,-6.130269643200025,-7.3087803824392426,-4.951758903960807,random,2030,edge_gnn,edge_gnn,none,none,721e3c494613d3aa378fb20e47d69b51245b538e
esol,ca35ffe188dcb62e,Cc1cccc(C)c1NC(=O)c1cc(S(N)(=O)=O)c(Cl)cc1O,aqueous_solubility,log10(mol/L),train,,-3.7899999618530273,-7.493085718667441,-8.67159645790666,-6.314574979428223,random,2030,edge_gnn,edge_gnn,none,none,721e3c494613d3aa378fb20e47d69b51245b538e
esol,9e3832bcb765a66a,Cc1cccc(C)c1O,aqueous_solubility,log10(mol/L),validation,,-1.2899999618530273,-1.2575754838485882,-2.4360862230878055,-0.07906474460937063,random,2030,edge_gnn,edge_gnn,none,none,721e3c494613d3aa378fb20e47d69b51245b538e
esol,09c3568484741bd2,Cc1cccc(C)n1,aqueous_solubility,log10(mol/L),test,,0.44999998807907104,-0.43025468928979516,-1.6087654285290127,0.7482560499494224,random,2030,edge_gnn,edge_gnn,none,none,721e3c494613d3aa378fb20e47d69b51245b538e
esol,f8b18cec21f70926,Cc1cccc(N)c1,aqueous_solubility,log10(mol/L),train,,-0.8500000238418579,-2.0550588538036627,-3.2335695930428803,-0.8765481145644451,random,2030,edge_gnn,edge_gnn,none,none,721e3c494613d3aa378fb20e47d69b51245b538e
esol,e5c2622998da5c45,Cc1cccc(O)c1,aqueous_solubility,log10(mol/L),train,,-0.6800000071525574,-4.00151069146096,-5.180021430700178,-2.8229999522217426,random,2030,edge_gnn,edge_gnn,none,none,721e3c494613d3aa378fb20e47d69b51245b538e
esol,5bbfd578bb7356ff,Cc1cccc([N+](=O)[O-])c1,aqueous_solubility,log10(mol/L),train,,-2.440000057220459,-2.3928868501652327,-3.5713975894044503,-1.2143761109260152,random,2030,edge_gnn,edge_gnn,none,none,721e3c494613d3aa378fb20e47d69b51245b538e
esol,fbc530657b31c9ba,Cc1cccc2c(C)cccc12,aqueous_solubility,log10(mol/L),train,,-4.678999900817871,-7.142309880845929,-8.320820620085147,-5.963799141606711,random,2030,edge_gnn,edge_gnn,none,none,721e3c494613d3aa378fb20e47d69b51245b538e
esol,0dd4170e780f9e1b,Cc1cccc2c1Cc1ccccc1-2,aqueous_solubility,log10(mol/L),train,,-5.21999979019165,-6.167584638006925,-7.346095377246143,-4.989073898767708,random,2030,edge_gnn,edge_gnn,none,none,721e3c494613d3aa378fb20e47d69b51245b538e
esol,92d50cda130f67ac,Cc1cccc2c1ccc1ccccc12,aqueous_solubility,log10(mol/L),train,,-5.849999904632568,-0.22008616238218526,-1.3985969016214028,0.9584245768570323,random,2030,edge_gnn,edge_gnn,none,none,721e3c494613d3aa378fb20e47d69b51245b538e
esol,629d13feb3a3b8cd,Cc1cccc2ccccc12,aqueous_solubility,log10(mol/L),train,,-3.700000047683716,-4.034532279332745,-5.2130430185719625,-2.8560215400935274,random,2030,edge_gnn,edge_gnn,none,none,721e3c494613d3aa378fb20e47d69b51245b538e
esol,b79b110dff884a0e,Cc1cccc2sc3nncn3c12,aqueous_solubility,log10(mol/L),train,,-2.069999933242798,-2.308689799505429,-3.4872005387446467,-1.1301790602662116,random,2030,edge_gnn,edge_gnn,none,none,721e3c494613d3aa378fb20e47d69b51245b538e
esol,613c1068601fad75,Cc1ccccc1,aqueous_solubility,log10(mol/L),validation,,-2.2100000381469727,-2.2689096785962675,-3.447420417835485,-1.09039893935705,random,2030,edge_gnn,edge_gnn,none,none,721e3c494613d3aa378fb20e47d69b51245b538e
esol,e3961bd7a5f3a550,Cc1ccccc1-n1c(C)nc2ccccc2c1=O,aqueous_solubility,log10(mol/L),train,,-2.924999952316284,-6.6446771201937365,-7.823187859432954,-5.466166380954519,random,2030,edge_gnn,edge_gnn,none,none,721e3c494613d3aa378fb20e47d69b51245b538e
esol,2ff33823d5772c05,Cc1ccccc1Br,aqueous_solubility,log10(mol/L),train,,-2.2300000190734863,-3.832779369973935,-5.011290109213153,-2.6542686307347174,random,2030,edge_gnn,edge_gnn,none,none,721e3c494613d3aa378fb20e47d69b51245b538e
esol,c0b1929de20edfb4,Cc1ccccc1C,aqueous_solubility,log10(mol/L),validation,,-2.799999952316284,-2.7047587970337377,-3.8832695362729552,-1.52624805779452,random,2030,edge_gnn,edge_gnn,none,none,721e3c494613d3aa378fb20e47d69b51245b538e
esol,00f0fa1f0651f60d,Cc1ccccc1C(C)C,aqueous_solubility,log10(mol/L),train,,-3.759999990463257,-4.024920936850617,-5.203431676089835,-2.8464101976114,random,2030,edge_gnn,edge_gnn,none,none,721e3c494613d3aa378fb20e47d69b51245b538e
esol,a7f475b5b8228872,Cc1ccccc1Cl,aqueous_solubility,log10(mol/L),train,,-3.5199999809265137,-2.7394341893105665,-3.917944928549784,-1.560923450071349,random,2030,edge_gnn,edge_gnn,none,none,721e3c494613d3aa378fb20e47d69b51245b538e
esol,0dd4c8702dc1fdce,Cc1ccccc1N,aqueous_solubility,log10(mol/L),train,,-2.2100000381469727,-5.350216443151684,-6.528727182390901,-4.171705703912466,random,2030,edge_gnn,edge_gnn,none,none,721e3c494613d3aa378fb20e47d69b51245b538e
esol,a7dff4308003efd2,Cc1ccccc1N1C(=O)c2cc(S(N)(=O)=O)c(Cl)cc2NC1C,aqueous_solubility,log10(mol/L),validation,,-3.7799999713897705,-3.7975596692749876,-4.976070408514206,-2.61904893003577,random,2030,edge_gnn,edge_gnn,none,none,721e3c494613d3aa378fb20e47d69b51245b538e
esol,24d16ceffc604697,Cc1ccccc1O,aqueous_solubility,log10(mol/L),validation,,-0.6200000047683716,-0.8026582869994887,-1.9811690262387063,0.37585245223972885,random,2030,edge_gnn,edge_gnn,none,none,721e3c494613d3aa378fb20e47d69b51245b538e
esol,805826dee21e2541,Cc1ccccc1[N+](=O)[O-],aqueous_solubility,log10(mol/L),train,,-2.3299999237060547,-0.318997013313572,-1.4975077525527896,0.8595137259256456,random,2030,edge_gnn,edge_gnn,none,none,721e3c494613d3aa378fb20e47d69b51245b538e
esol,474ee05eaf81182e,Cc1cccnc1C,aqueous_solubility,log10(mol/L),train,,0.3799999952316284,0.7174376277938284,-0.4610731114453892,1.895948367033046,random,2030,edge_gnn,edge_gnn,none,none,721e3c494613d3aa378fb20e47d69b51245b538e
esol,c62348f6c851f984,Cc1ccnc(C)c1,aqueous_solubility,log10(mol/L),train,,0.3799999952316284,-1.8128158697413983,-2.991326608980616,-0.6343051305021807,random,2030,edge_gnn,edge_gnn,none,none,721e3c494613d3aa378fb20e47d69b51245b538e
esol,4de2045f3a11fa0a,Cc1ccnc2c1NC(=O)c1cccnc1N2C1CC1,aqueous_solubility,log10(mol/L),train,,-3.190000057220459,-1.6012385371437197,-2.7797492763829372,-0.4227277979045021,random,2030,edge_gnn,edge_gnn,none,none,721e3c494613d3aa378fb20e47d69b51245b538e
esol,acc76910d8f4ff6b,Cc1ccncc1C,aqueous_solubility,log10(mol/L),train,,0.36000001430511475,-3.801285554727451,-4.979796293966668,-2.6227748154882335,random,2030,edge_gnn,edge_gnn,none,none,721e3c494613d3aa378fb20e47d69b51245b538e
esol,ee3c8e9fe56171f6,Cc1cnc2cncnc2n1,aqueous_solubility,log10(mol/L),train,,-0.8539999723434448,-3.571090212160816,-4.7496009514000335,-2.3925794729215983,random,2030,edge_gnn,edge_gnn,none,none,721e3c494613d3aa378fb20e47d69b51245b538e
esol,b7bc00c49d3331ef,Cc1cncc(C)c1,aqueous_solubility,log10(mol/L),test,,0.3799999952316284,-0.5189338791594826,-1.6974446183987002,0.6595768600797349,random,2030,edge_gnn,edge_gnn,none,none,721e3c494613d3aa378fb20e47d69b51245b538e
esol,042b34bcb74741d5,Cc1nc(N(C)C)nc(OC(=O)N(C)C)c1C,aqueous_solubility,log10(mol/L),train,,-1.9500000476837158,-3.3869523571664084,-4.565463096405626,-2.208441617927191,random,2030,edge_gnn,edge_gnn,none,none,721e3c494613d3aa378fb20e47d69b51245b538e
esol,cec71bf80bd8f6e3,Cc1ncc([N+](=O)[O-])n1CCO,aqueous_solubility,log10(mol/L),train,,-1.2400000095367432,-2.310848614135004,-3.4893593533742218,-1.1323378748957866,random,2030,edge_gnn,edge_gnn,none,none,721e3c494613d3aa378fb20e47d69b51245b538e
esol,1cb0421cc2c2827f,Cc1ncc2nccnc2n1,aqueous_solubility,log10(mol/L),validation,,-0.11999999731779099,-1.2441747353923756,-2.422685474631593,-0.06566399615315799,random,2030,edge_gnn,edge_gnn,none,none,721e3c494613d3aa378fb20e47d69b51245b538e
esol,cfa09bff2b7e2c4b,Cc1ncnc2nccnc12,aqueous_solubility,log10(mol/L),calibration,,-0.4659999907016754,-1.3142530727726311,-2.492763812011849,-0.13574233353341358,random,2030,edge_gnn,edge_gnn,none,none,721e3c494613d3aa378fb20e47d69b51245b538e
esol,284d1cdd17c0d81f,Cc1nnc2n1-c1ccc(Cl)cc1C(c1ccccc1Cl)=NC2,aqueous_solubility,log10(mol/L),train,,-4.090000152587891,-1.6391358769909496,-2.817646616230167,-0.4606251377517321,random,2030,edge_gnn,edge_gnn,none,none,721e3c494613d3aa378fb20e47d69b51245b538e
esol,ec2b7fe9f13b2d9c,Cc1occc1C(=O)Nc1ccccc1,aqueous_solubility,log10(mol/L),train,,-3.299999952316284,-4.406532865510521,-5.585043604749739,-3.228022126271304,random,2030,edge_gnn,edge_gnn,none,none,721e3c494613d3aa378fb20e47d69b51245b538e
esol,cdc579c966071175,Cl/C=C\Cl,aqueous_solubility,log10(mol/L),calibration,,-1.2999999523162842,-1.2186994107208389,-2.397210149960056,-0.04018867148162131,random,2030,edge_gnn,edge_gnn,none,none,721e3c494613d3aa378fb20e47d69b51245b538e
esol,02468b6be0148620,ClC(Br)Br,aqueous_solubility,log10(mol/L),test,,-1.899999976158142,-1.9799519871854323,-3.15846272642465,-0.8014412479462147,random,2030,edge_gnn,edge_gnn,none,none,721e3c494613d3aa378fb20e47d69b51245b538e
esol,0ca70198c63a232f,ClC(Cl)(Cl)C(Cl)(Cl)Cl,aqueous_solubility,log10(mol/L),train,,-3.6700000762939453,-2.0525799764861947,-3.2310907157254123,-0.8740692372469772,random,2030,edge_gnn,edge_gnn,none,none,721e3c494613d3aa378fb20e47d69b51245b538e
esol,d2ba0174e7c2c4be,ClC(Cl)(Cl)Cl,aqueous_solubility,log10(mol/L),train,,-2.309999942779541,-2.2482305002415,-3.4267412394807177,-1.0697197610022826,random,2030,edge_gnn,edge_gnn,none,none,721e3c494613d3aa378fb20e47d69b51245b538e
esol,41b1caa188d009ed,ClC(Cl)=C(Cl)C(Cl)=C(Cl)Cl,aqueous_solubility,log10(mol/L),train,,-4.920000076293945,-1.5564590294801866,-2.734969768719404,-0.377948290240969,random,2030,edge_gnn,edge_gnn,none,none,721e3c494613d3aa378fb20e47d69b51245b538e
esol,0a598a4f3d7fd0d1,ClC(Cl)=C(Cl)Cl,aqueous_solubility,log10(mol/L),train,,-2.5399999618530273,-2.5443521332224455,-3.722862872461663,-1.365841393983228,random,2030,edge_gnn,edge_gnn,none,none,721e3c494613d3aa378fb20e47d69b51245b538e
esol,4ab2bc44793c9976,ClC(Cl)=C(c1ccc(Cl)cc1)c1ccc(Cl)cc1,aqueous_solubility,log10(mol/L),train,,-6.900000095367432,-3.5102846093579556,-4.688795348597173,-2.331773870118738,random,2030,edge_gnn,edge_gnn,none,none,721e3c494613d3aa378fb20e47d69b51245b538e
esol,67aa014f03d20911,ClC(Cl)Br,aqueous_solubility,log10(mol/L),train,,-1.5399999618530273,-2.812666522442041,-3.9911772616812584,-1.6341557832028233,random,2030,edge_gnn,edge_gnn,none,none,721e3c494613d3aa378fb20e47d69b51245b538e
esol,54b833be7f8d53bc,ClC(Cl)C(Cl)(Cl)Cl,aqueous_solubility,log10(mol/L),calibration,,-2.5999999046325684,-2.9332444156894537,-4.111755154928671,-1.7547336764502361,random,2030,edge_gnn,edge_gnn,none,none,721e3c494613d3aa378fb20e47d69b51245b538e
esol,84612cb9c965a207,ClC(Cl)C(Cl)Cl,aqueous_solubility,log10(mol/L),train,,-1.7400000095367432,-1.733535067755035,-2.9120458069942528,-0.5550243285158174,random,2030,edge_gnn,edge_gnn,none,none,721e3c494613d3aa378fb20e47d69b51245b538e
esol,98805ccd27cea784,ClC(Cl)Cl,aqueous_solubility,log10(mol/L),test,,-1.1699999570846558,-1.5016315467122165,-2.680142285951434,-0.323120807472999,random,2030,edge_gnn,edge_gnn,none,none,721e3c494613d3aa378fb20e47d69b51245b538e
esol,06320f68e141f9e5,ClC1(Cl)C2(Cl)C3(Cl)C4(Cl)C(Cl)(Cl)C5(Cl)C3(Cl)C1(Cl)C5(Cl)C24Cl,aqueous_solubility,log10(mol/L),validation,,-6.800000190734863,-5.996717336477046,-7.175228075716263,-4.818206597237828,random,2030,edge_gnn,edge_gnn,none,none,721e3c494613d3aa378fb20e47d69b51245b538e
esol,e4dfffaeb7fece39,ClC1=C(Cl)C(Cl)(C2(Cl)C(Cl)=C(Cl)C(Cl)=C2Cl)C(Cl)=C1Cl,aqueous_solubility,log10(mol/L),train,,-7.2779998779296875,-2.856266894941051,-4.034777634180268,-1.6777561557018332,random,2030,edge_gnn,edge_gnn,none,none,721e3c494613d3aa378fb20e47d69b51245b538e
esol,75fac8bbc9bd1273,ClC1=C(Cl)C2(Cl)C3C(Cl)C(Cl)CC3C1(Cl)C2(Cl)Cl,aqueous_solubility,log10(mol/L),test,,-6.860000133514404,-6.219206952210206,-7.397717691449423,-5.040696212970988,random,2030,edge_gnn,edge_gnn,none,none,721e3c494613d3aa378fb20e47d69b51245b538e
esol,ff8fb7708cb3f0c6,ClC1=C(Cl)C2(Cl)C3C(Cl)C=CC3C1(Cl)C2(Cl)Cl,aqueous_solubility,log10(mol/L),train,,-6.316999912261963,-1.8395465920507854,-3.018057331290003,-0.6610358528115678,random,2030,edge_gnn,edge_gnn,none,none,721e3c494613d3aa378fb20e47d69b51245b538e
esol,c61121c1c8eea03b,ClC1=C(Cl)C2(Cl)C3C4C=CC(C4)C3C1(Cl)C2(Cl)Cl,aqueous_solubility,log10(mol/L),train,,-6.307000160217285,-6.411121182483189,-7.589631921722407,-5.2326104432439715,random,2030,edge_gnn,edge_gnn,none,none,721e3c494613d3aa378fb20e47d69b51245b538e
esol,602d941d17fdc2a1,ClC1=C(Cl)C2(Cl)C3C4CC(C5OC45)C3C1(Cl)C2(Cl)Cl,aqueous_solubility,log10(mol/L),train,,-6.289999961853027,-4.514628518936741,-5.693139258175958,-3.336117779697523,random,2030,edge_gnn,edge_gnn,none,none,721e3c494613d3aa378fb20e47d69b51245b538e
esol,c0c11f69a53518bf,ClC1=C(Cl)C2(Cl)C3CC=CC3C1(Cl)C2(Cl)Cl,aqueous_solubility,log10(mol/L),train,,-5.639999866485596,-3.2259098573492104,-4.404420596588428,-2.047399118109993,random,2030,edge_gnn,edge_gnn,none,none,721e3c494613d3aa378fb20e47d69b51245b538e
esol,acc3e463d708804a,ClC1C(Cl)C(Cl)C(Cl)C(Cl)C1Cl,aqueous_solubility,log10(mol/L),train,,-4.639999866485596,-4.252111134262753,-5.430621873501971,-3.0736003950235355,random,2030,edge_gnn,edge_gnn,none,none,721e3c494613d3aa378fb20e47d69b51245b538e
esol,d8c7cd86e810e44c,ClC=C(Cl)Cl,aqueous_solubility,log10(mol/L),train,,-1.9600000381469727,-1.879244962616331,-3.0577557018555486,-0.7007342233771134,random,2030,edge_gnn,edge_gnn,none,none,721e3c494613d3aa378fb20e47d69b51245b538e
esol,799ae202d8673e0d,ClCBr,aqueous_solubility,log10(mol/L),train,,-0.8899999856948853,0.06922073420014696,-1.1092900050390706,1.2477314734393645,random,2030,edge_gnn,edge_gnn,none,none,721e3c494613d3aa378fb20e47d69b51245b538e
esol,2f88b15161704fe1,ClCC(Cl)(Cl)Cl,aqueous_solubility,log10(mol/L),train,,-2.180000066757202,-4.560874360309924,-5.739385099549142,-3.3823636210707066,random,2030,edge_gnn,edge_gnn,none,none,721e3c494613d3aa378fb20e47d69b51245b538e
esol,a707f7db404f8b28,ClCC(Cl)Cl,aqueous_solubility,log10(mol/L),train,,-1.4800000190734863,-5.750962683140498,-6.929473422379716,-4.572451943901281,random,2030,edge_gnn,edge_gnn,none,none,721e3c494613d3aa378fb20e47d69b51245b538e
esol,8842b999c889ea96,ClCCBr,aqueous_solubility,log10(mol/L),train,,-1.3200000524520874,-4.17981052481027,-5.358321264049487,-3.001299785571052,random,2030,edge_gnn,edge_gnn,none,none,721e3c494613d3aa378fb20e47d69b51245b538e
esol,02febcd9230316dc,ClCCCCl,aqueous_solubility,log10(mol/L),train,,-1.6200000047683716,-1.0331019083874777,-2.211612647626695,0.14540883085173983,random,2030,edge_gnn,edge_gnn,none,none,721e3c494613d3aa378fb20e47d69b51245b538e
esol,9568f991b43a2bb3,ClCCCl,aqueous_solubility,log10(mol/L),train,,-1.059999942779541,-7.2979547132995,-8.476465452538719,-6.119443974060283,random,2030,edge_gnn,edge_gnn,none,none,721e3c494613d3aa378fb20e47d69b51245b538e
esol,ff331298818c6b38,ClCCl,aqueous_solubility,log10(mol/L),train,,-0.6299999952316284,-2.918446688849829,-4.096957428089047,-1.7399359496106115,random,2030,edge_gnn,edge_gnn,none,none,721e3c494613d3aa378fb20e47d69b51245b538e
esol,aafa74db54a6879c,ClCc1ccccc1,aqueous_solubility,log10(mol/L),train,,-2.390000104904175,1.1825791685442408,0.004068429305023269,2.3610899077834584,random,2030,edge_gnn,edge_gnn,none,none,721e3c494613d3aa378fb20e47d69b51245b538e
esol,f7d72e8c224bfbc6,Clc1c(Cl)c(Cl)c(-c2c(Cl)c(Cl)c(Cl)c(Cl)c2Cl)c(Cl)c1Cl,aqueous_solubility,log10(mol/L),train,,-11.600000381469727,-0.3572773686595978,-1.5357881078988154,0.8212333705796198,random,2030,edge_gnn,edge_gnn,none,none,721e3c494613d3aa378fb20e47d69b51245b538e
esol,d6d8debb73fe7fc2,Clc1c(Cl)c(Cl)c(-c2ccccc2)c(Cl)c1Cl,aqueous_solubility,log10(mol/L),train,,-7.920000076293945,-1.3705441137756234,-2.549054853014841,-0.1920333745364058,random,2030,edge_gnn,edge_gnn,none,none,721e3c494613d3aa378fb20e47d69b51245b538e
esol,8d2e833fc0a927e0,Clc1c(Cl)c(Cl)c2nccnc2c1Cl,aqueous_solubility,log10(mol/L),train,,-5.429999828338623,-5.606078365823379,-6.784589105062596,-4.427567626584161,random,2030,edge_gnn,edge_gnn,none,none,721e3c494613d3aa378fb20e47d69b51245b538e
esol,2961e60af2c2e639,Clc1cc(-c2cc(Cl)c(Cl)c(Cl)c2Cl)c(Cl)c(Cl)c1Cl,aqueous_solubility,log10(mol/L),train,,-9.15999984741211,-6.512075035057361,-7.690585774296578,-5.333564295818143,random,2030,edge_gnn,edge_gnn,none,none,721e3c494613d3aa378fb20e47d69b51245b538e
esol,774278a3eb0e299f,Clc1cc(Cl)c(-c2c(Cl)cc(Cl)cc2Cl)c(Cl)c1,aqueous_solubility,log10(mol/L),train,,-8.710000038146973,-3.3483888403292608,-4.526899579568479,-2.169878101090043,random,2030,edge_gnn,edge_gnn,none,none,721e3c494613d3aa378fb20e47d69b51245b538e
esol,65c97c9a853ac7b7,Clc1cc(Cl)c(-c2c(Cl)cccc2Cl)c(Cl)c1,aqueous_solubility,log10(mol/L),calibration,,-7.320000171661377,-7.764020991733107,-8.942531730972323,-6.585510252493889,random,2030,edge_gnn,edge_gnn,none,none,721e3c494613d3aa378fb20e47d69b51245b538e
esol,e95750f09c02f459,Clc1cc(Cl)c(-c2cc(Cl)c(Cl)cc2Cl)cc1Cl,aqueous_solubility,log10(mol/L),calibration,,-8.5600004196167,-7.868767404229805,-9.047278143469022,-6.690256664990588,random,2030,edge_gnn,edge_gnn,none,none,721e3c494613d3aa378fb20e47d69b51245b538e
esol,b157946c30a80eb4,Clc1cc(Cl)c(-c2cccc(Cl)c2Cl)cc1Cl,aqueous_solubility,log10(mol/L),train,,-7.210000038146973,-1.7733310845643446,-2.951841823803562,-0.5948203453251271,random,2030,edge_gnn,edge_gnn,none,none,721e3c494613d3aa378fb20e47d69b51245b538e
esol,a0bcec40342b3841,Clc1cc(Cl)c(Cl)c(-c2c(Cl)c(Cl)cc(Cl)c2Cl)c1Cl,aqueous_solubility,log10(mol/L),validation,,-9.149999618530273,-9.08261871004379,-10.261129449283008,-7.904107970804572,random,2030,edge_gnn,edge_gnn,none,none,721e3c494613d3aa378fb20e47d69b51245b538e
esol,2616b1e4874424ae,Clc1cc(Cl)c(Cl)c(Cl)c1,aqueous_solubility,log10(mol/L),calibration,,-4.630000114440918,-5.388333045494601,-6.566843784733819,-4.209822306255384,random,2030,edge_gnn,edge_gnn,none,none,721e3c494613d3aa378fb20e47d69b51245b538e
esol,4ae057200d12c27a,Clc1cc(Cl)c(Cl)c(Cl)c1Cl,aqueous_solubility,log10(mol/L),train,,-5.650000095367432,-0.6569158433902715,-1.835426582629489,0.521594895848946,random,2030,edge_gnn,edge_gnn,none,none,721e3c494613d3aa378fb20e47d69b51245b538e
esol,0c3f97461e3a6ac5,Clc1cc(Cl)c(Cl)cc1Cl,aqueous_solubility,log10(mol/L),train,,-5.559999942779541,-4.40785903775141,-5.586369776990628,-3.2293482985121926,random,2030,edge_gnn,edge_gnn,none,none,721e3c494613d3aa378fb20e47d69b51245b538e
esol,2ed6ea5c9ed07a30,Clc1cc(Cl)cc(Cl)c1,aqueous_solubility,log10(mol/L),validation,,-4.480000019073486,-4.501769997296675,-5.6802807365358925,-3.3232592580574574,random,2030,edge_gnn,edge_gnn,none,none,721e3c494613d3aa378fb20e47d69b51245b538e
esol,c0af4f765a7a2f7b,Clc1ccc(-c2c(Cl)c(Cl)c(Cl)c(Cl)c2Cl)c(Cl)c1,aqueous_solubility,log10(mol/L),train,,-7.920000076293945,-3.3772360512801316,-4.555746790519349,-2.198725312040914,random,2030,edge_gnn,edge_gnn,none,none,721e3c494613d3aa378fb20e47d69b51245b538e
esol,b77c693b7971506a,Clc1ccc(-c2c(Cl)cc(Cl)c(Cl)c2Cl)c(Cl)c1Cl,aqueous_solubility,log10(mol/L),train,,-7.659999847412109,-3.340019459664621,-4.5185301989038384,-2.1615087204254033,random,2030,edge_gnn,edge_gnn,none,none,721e3c494613d3aa378fb20e47d69b51245b538e
esol,74e4508e371d2f48,Clc1ccc(-c2c(Cl)ccc(Cl)c2Cl)c(Cl)c1,aqueous_solubility,log10(mol/L),train,,-7.429999828338623,-1.1164813294531792,-2.294992068692397,0.062029409786038325,random,2030,edge_gnn,edge_gnn,none,none,721e3c494613d3aa378fb20e47d69b51245b538e
esol,cb495e06db8d7232,Clc1ccc(-c2c(Cl)cccc2Cl)cc1,aqueous_solubility,log10(mol/L),train,,-6.139999866485596,0.14421052625221087,-1.0343002129870067,1.3227212654914284,random,2030,edge_gnn,edge_gnn,none,none,721e3c494613d3aa378fb20e47d69b51245b538e
esol,5ee831f51afeddb2,Clc1ccc(-c2cc(Cl)c(Cl)c(Cl)c2Cl)c(Cl)c1,aqueous_solubility,log10(mol/L),validation,,-7.389999866485596,-8.065364869465334,-9.243875608704553,-6.886854130226117,random,2030,edge_gnn,edge_gnn,none,none,721e3c494613d3aa378fb20e47d69b51245b538e
esol,1a12f3f13f6a0e9e,Clc1ccc(-c2cc(Cl)c(Cl)c(Cl)c2Cl)cc1Cl,aqueous_solubility,log10(mol/L),train,,-7.820000171661377,-1.350537988018377,-2.5290487272575946,-0.17202724877915943,random,2030,edge_gnn,edge_gnn,none,none,721e3c494613d3aa378fb20e47d69b51245b538e
esol,8518e78fe40ac045,Clc1ccc(-c2cc(Cl)ccc2Cl)c(Cl)c1,aqueous_solubility,log10(mol/L),train,,-6.570000171661377,-1.1758846867787296,-2.3543954260179474,0.002626052460487971,random,2030,edge_gnn,edge_gnn,none,none,721e3c494613d3aa378fb20e47d69b51245b538e
esol,9f1b9d25fb44f83d,Clc1ccc(-c2cc(Cl)ccc2Cl)cc1,aqueous_solubility,log10(mol/L),train,,-6.25,-1.8592756749768873,-3.0377864142161046,-0.6807649357376697,random,2030,edge_gnn,edge_gnn,none,none,721e3c494613d3aa378fb20e47d69b51245b538e
esol,22cebd56a1304897,Clc1ccc(-c2ccc(Cl)c(Cl)c2Cl)c(Cl)c1,aqueous_solubility,log10(mol/L),validation,,-7.800000190734863,-7.37845205627891,-8.556962795518128,-6.199941317039692,random,2030,edge_gnn,edge_gnn,none,none,721e3c494613d3aa378fb20e47d69b51245b538e
esol,7095be81338edf2f,Clc1ccc(-c2ccc(Cl)c(Cl)c2Cl)c(Cl)c1Cl,aqueous_solubility,log10(mol/L),calibration,,-8.010000228881836,-7.887784956387392,-9.06629569562661,-6.709274217148175,random,2030,edge_gnn,edge_gnn,none,none,721e3c494613d3aa378fb20e47d69b51245b538e
esol,ce368bfaa7504ff6,Clc1ccc(-c2ccc(Cl)cc2)cc1,aqueous_solubility,log10(mol/L),validation,,-6.559999942779541,-5.697098290068775,-6.875609029307992,-4.518587550829557,random,2030,edge_gnn,edge_gnn,none,none,721e3c494613d3aa378fb20e47d69b51245b538e
esol,6f8edbb2bf0f81e8,Clc1ccc(-c2cccc(Cl)c2Cl)cc1,aqueous_solubility,log10(mol/L),calibration,,-6.289999961853027,-6.1578830925993575,-7.336393831838575,-4.97937235336014,random,2030,edge_gnn,edge_gnn,none,none,721e3c494613d3aa378fb20e47d69b51245b538e
esol,f833b27b81b2d3f3,Clc1ccc(-c2ccccc2)cc1Cl,aqueous_solubility,log10(mol/L),test,,-6.389999866485596,-5.7427553523468085,-6.921266091586026,-4.564244613107591,random,2030,edge_gnn,edge_gnn,none,none,721e3c494613d3aa378fb20e47d69b51245b538e
esol,8746749198ee72df,Clc1ccc(-c2ccccc2Cl)cc1,aqueous_solubility,log10(mol/L),train,,-5.28000020980835,-1.6946240488785485,-2.873134788117766,-0.5161133096393309,random,2030,edge_gnn,edge_gnn,none,none,721e3c494613d3aa378fb20e47d69b51245b538e
esol,2552a8a5c530456d,Clc1ccc(Br)cc1,aqueous_solubility,log10(mol/L),calibration,,-3.630000114440918,-3.5836196508204434,-4.762130390059661,-2.405108911581226,random,2030,edge_gnn,edge_gnn,none,none,721e3c494613d3aa378fb20e47d69b51245b538e
esol,18756f35eaee5f67,Clc1ccc(C(c2ccc(Cl)cc2)C(Cl)(Cl)Cl)cc1,aqueous_solubility,log10(mol/L),validation,,-7.150000095367432,-8.25623880138421,-9.434749540623429,-7.077728062144993,random,2030,edge_gnn,edge_gnn,none,none,721e3c494613d3aa378fb20e47d69b51245b538e
esol,d83db8991c46c008,Clc1ccc(C(c2ccc(Cl)cc2)C(Cl)Cl)cc1,aqueous_solubility,log10(mol/L),train,,-7.199999809265137,-0.9274532143204941,-2.1059639535597117,0.25105752491872346,random,2030,edge_gnn,edge_gnn,none,none,721e3c494613d3aa378fb20e47d69b51245b538e
esol,ee7e8b5757931b2a,Clc1ccc(C(c2ccccc2Cl)C(Cl)Cl)cc1,aqueous_solubility,log10(mol/L),test,,-6.510000228881836,-7.454059517593853,-8.63257025683307,-6.2755487783546355,random,2030,edge_gnn,edge_gnn,none,none,721e3c494613d3aa378fb20e47d69b51245b538e
esol,cbeeaf51493722da,Clc1ccc(Cl)c(-c2c(Cl)c(Cl)c(Cl)c(Cl)c2Cl)c1,aqueous_solubility,log10(mol/L),train,,-8.9399995803833,-3.402850654314866,-4.581361393554084,-2.2243399150756487,random,2030,edge_gnn,edge_gnn,none,none,721e3c494613d3aa378fb20e47d69b51245b538e
esol,4b1903b76dbb120d,Clc1ccc(Cl)c(-c2c(Cl)c(Cl)cc(Cl)c2Cl)c1,aqueous_solubility,log10(mol/L),train,,-7.420000076293945,-2.3376000263461707,-3.5161107655853883,-1.1590892871069531,random,2030,edge_gnn,edge_gnn,none,none,721e3c494613d3aa378fb20e47d69b51245b538e
esol,645ccf5d504a0dec,Clc1ccc(Cl)c(-c2cc(Cl)c(Cl)c(Cl)c2Cl)c1,aqueous_solubility,log10(mol/L),train,,-7.679999828338623,0.8774969788026885,-0.30101376043652905,2.056007718041906,random,2030,edge_gnn,edge_gnn,none,none,721e3c494613d3aa378fb20e47d69b51245b538e
esol,3c9ca7c6d703a964,Clc1ccc(Cl)c(-c2ccc(Cl)c(Cl)c2)c1,aqueous_solubility,log10(mol/L),train,,-7.25,-2.278958536806268,-3.4574692760454857,-1.1004477975670506,random,2030,edge_gnn,edge_gnn,none,none,721e3c494613d3aa378fb20e47d69b51245b538e
esol,35e214a2d4a10c28,Clc1ccc(Cl)c(-c2cccc(Cl)c2Cl)c1,aqueous_solubility,log10(mol/L),train,,-6.46999979019165,0.1312157540394514,-1.0472949851997662,1.309726493278669,random,2030,edge_gnn,edge_gnn,none,none,721e3c494613d3aa378fb20e47d69b51245b538e
esol,33236e25aeefc7f1,Clc1ccc(Cl)c(Cl)c1,aqueous_solubility,log10(mol/L),train,,-3.5899999141693115,-2.6832889238045627,-3.8617996630437803,-1.5047781845653452,random,2030,edge_gnn,edge_gnn,none,none,721e3c494613d3aa378fb20e47d69b51245b538e
esol,a3a6b3e68efa0c93,Clc1ccc(Cl)c(Cl)c1Cl,aqueous_solubility,log10(mol/L),train,,-4.570000171661377,-5.531437526626936,-6.709948265866154,-4.352926787387719,random,2030,edge_gnn,edge_gnn,none,none,721e3c494613d3aa378fb20e47d69b51245b538e
esol,815634865cf712a3,Clc1ccc(Cl)cc1,aqueous_solubility,log10(mol/L),train,,-3.2699999809265137,-0.3798439959199911,-1.5583547351592086,0.7986667433192265,random,2030,edge_gnn,edge_gnn,none,none,721e3c494613d3aa378fb20e47d69b51245b538e
esol,ae221f98af80122f,Clc1ccc(I)cc1,aqueous_solubility,log10(mol/L),train,,-4.03000020980835,-1.878751432764128,-3.0572621720033455,-0.7002406935249104,random,2030,edge_gnn,edge_gnn,none,none,721e3c494613d3aa378fb20e47d69b51245b538e
esol,45b800e2f19955f8,Clc1ccc2ccccc2c1,aqueous_solubility,log10(mol/L),test,,-4.139999866485596,-4.886639008512624,-6.065149747751842,-3.7081282692734066,random,2030,edge_gnn,edge_gnn,none,none,721e3c494613d3aa378fb20e47d69b51245b538e
esol,eb7d09b2417f6c70,Clc1cccc(-c2c(Cl)c(Cl)cc(Cl)c2Cl)c1Cl,aqueous_solubility,log10(mol/L),train,,-8.600000381469727,-4.52622975056989,-5.704740489809107,-3.347719011330672,random,2030,edge_gnn,edge_gnn,none,none,721e3c494613d3aa378fb20e47d69b51245b538e
esol,70ccc7bf4de46f33,Clc1cccc(-c2cc(Cl)ccc2Cl)c1,aqueous_solubility,log10(mol/L),calibration,,-6.010000228881836,-6.458728394161875,-7.637239133401093,-5.280217654922658,random,2030,edge_gnn,edge_gnn,none,none,721e3c494613d3aa378fb20e47d69b51245b538e
esol,99327cae5414d340,Clc1cccc(-c2cccc(Cl)c2Cl)c1Cl,aqueous_solubility,log10(mol/L),train,,-7.28000020980835,-4.535970152622264,-5.714480891861482,-3.3574594133830464,random,2030,edge_gnn,edge_gnn,none,none,721e3c494613d3aa378fb20e47d69b51245b538e
esol,8e2dcd65ee407c2e,Clc1cccc(-c2ccccc2)c1,aqueous_solubility,log10(mol/L),train,,-4.880000114440918,-3.411755449267019,-4.590266188506236,-2.2332447100278014,random,2030,edge_gnn,edge_gnn,none,none,721e3c494613d3aa378fb20e47d69b51245b538e
esol,78d46e77b5e487ad,Clc1cccc(Br)c1,aqueous_solubility,log10(mol/L),train,,-3.2100000381469727,-4.693559583527231,-5.872070322766448,-3.515048844288013,random,2030,edge_gnn,edge_gnn,none,none,721e3c494613d3aa378fb20e47d69b51245b538e
esol,8efb6c83a60e44a4,Clc1cccc(C(Cl)(Cl)Cl)n1,aqueous_solubility,log10(mol/L),train,,-3.759999990463257,-3.900976944819262,-5.0794876840584795,-2.7224662055800444,random,2030,edge_gnn,edge_gnn,none,none,721e3c494613d3aa378fb20e47d69b51245b538e
esol,cb0d1003dc0467b1,Clc1cccc(Cl)c1,aqueous_solubility,log10(mol/L),validation,,-3.0399999618530273,-3.202583191593266,-4.381093930832483,-2.0240724523540483,random,2030,edge_gnn,edge_gnn,none,none,721e3c494613d3aa378fb20e47d69b51245b538e
esol,199ff11278c6332f,Clc1cccc(Cl)c1-c1c(Cl)cccc1Cl,aqueous_solubility,log10(mol/L),calibration,,-7.389999866485596,-7.150293407458175,-8.328804146697394,-5.971782668218958,random,2030,edge_gnn,edge_gnn,none,none,721e3c494613d3aa378fb20e47d69b51245b538e
esol,482eb7682ff0e92b,Clc1cccc(Cl)c1-c1ccccc1,aqueous_solubility,log10(mol/L),train,,-5.210000038146973,-4.7137885042024195,-5.892299243441637,-3.535277764963202,random,2030,edge_gnn,edge_gnn,none,none,721e3c494613d3aa378fb20e47d69b51245b538e
esol,ff600f65c6e69d2a,Clc1cccc(Cl)c1Cl,aqueous_solubility,log10(mol/L),test,,-4.0,-4.029424459830938,-5.207935199070156,-2.8509137205917208,random,2030,edge_gnn,edge_gnn,none,none,721e3c494613d3aa378fb20e47d69b51245b538e
esol,c88faf6d6d8a4214,Clc1cccc(I)c1,aqueous_solubility,log10(mol/L),validation,,-3.549999952316284,-3.9177704586934947,-5.096281197932712,-2.739259719454277,random,2030,edge_gnn,edge_gnn,none,none,721e3c494613d3aa378fb20e47d69b51245b538e
esol,22332e2b89c83c5f,Clc1cccc2ccccc12,aqueous_solubility,log10(mol/L),train,,-3.930000066757202,-4.29407239975646,-5.472583138995677,-3.1155616605172423,random,2030,edge_gnn,edge_gnn,none,none,721e3c494613d3aa378fb20e47d69b51245b538e
esol,d52f3f9c11639cc6,Clc1ccccc1,aqueous_solubility,log10(mol/L),train,,-2.380000114440918,-2.421230060155073,-3.5997407993942905,-1.2427193209158554,random,2030,edge_gnn,edge_gnn,none,none,721e3c494613d3aa378fb20e47d69b51245b538e
esol,cc6468679450f933,Clc1ccccc1-c1ccccc1,aqueous_solubility,log10(mol/L),train,,-4.539999961853027,-2.194662199849511,-3.3731729390887284,-1.0161514606102933,random,2030,edge_gnn,edge_gnn,none,none,721e3c494613d3aa378fb20e47d69b51245b538e
esol,1f96112c7da52a22,Clc1ccccc1-c1ccccc1Cl,aqueous_solubility,log10(mol/L),calibration,,-5.269999980926514,-5.353237673443237,-6.531748412682455,-4.17472693420402,random,2030,edge_gnn,edge_gnn,none,none,721e3c494613d3aa378fb20e47d69b51245b538e
esol,d77b9b0620096cb1,Clc1ccccc1Br,aqueous_solubility,log10(mol/L),test,,-3.190000057220459,-3.4522501918141675,-4.630760931053385,-2.27373945257495,random,2030,edge_gnn,edge_gnn,none,none,721e3c494613d3aa378fb20e47d69b51245b538e
esol,ca929f1a7e270264,Clc1ccccc1Cl,aqueous_solubility,log10(mol/L),train,,-3.049999952316284,-0.6397023497415026,-1.8182130889807202,0.5388083894977149,random,2030,edge_gnn,edge_gnn,none,none,721e3c494613d3aa378fb20e47d69b51245b538e
esol,d42088fe993e3c16,Clc1ccccc1I,aqueous_solubility,log10(mol/L),calibration,,-3.5399999618530273,-3.64771166789986,-4.826222407139078,-2.4692009286606424,random,2030,edge_gnn,edge_gnn,none,none,721e3c494613d3aa378fb20e47d69b51245b538e
esol,4334fadd67deac29,Cn1c(=O)c2[nH]cnc2n(C)c1=O,aqueous_solubility,log10(mol/L),calibration,,-1.3899999856948853,-1.374756274998873,-2.5532670142380907,-0.19624553575965553,random,2030,edge_gnn,edge_gnn,none,none,721e3c494613d3aa378fb20e47d69b51245b538e
esol,100f62324cf1989a,Cn1c(=O)c2c(ncn2C)n(C)c1=O,aqueous_solubility,log10(mol/L),train,,-0.8759999871253967,-2.497568354402995,-3.6760790936422127,-1.3190576151637776,random,2030,edge_gnn,edge_gnn,none,none,721e3c494613d3aa378fb20e47d69b51245b538e
esol,74f764e5b66b2fb7,Cn1c(=O)c2c(ncn2CC(O)CO)n(C)c1=O,aqueous_solubility,log10(mol/L),train,,-0.17000000178813934,-3.8485908073823003,-5.027101546621518,-2.6700800681430827,random,2030,edge_gnn,edge_gnn,none,none,721e3c494613d3aa378fb20e47d69b51245b538e
esol,815a38abaf9ec4b7,Cn1c(=O)on(-c2ccc(Cl)c(Cl)c2)c1=O,aqueous_solubility,log10(mol/L),test,,-2.819999933242798,-2.3729725043076484,-3.551483243546866,-1.1944617650684308,random,2030,edge_gnn,edge_gnn,none,none,721e3c494613d3aa378fb20e47d69b51245b538e
esol,49b2a1fbf2e41a7a,Cn1cc(-c2ccccc2)c(=O)c(-c2cccc(C(F)(F)F)c2)c1,aqueous_solubility,log10(mol/L),calibration,,-4.445000171661377,-4.074066896895182,-5.2525776361344,-2.8955561576559647,random,2030,edge_gnn,edge_gnn,none,none,721e3c494613d3aa378fb20e47d69b51245b538e
esol,f3e6689447a36e81,Cn1ccc(=O)[nH]c1=O,aqueous_solubility,log10(mol/L),train,,-0.8069999814033508,-5.993152113158217,-7.171662852397435,-4.814641373919,random,2030,edge_gnn,edge_gnn,none,none,721e3c494613d3aa378fb20e47d69b51245b538e
esol,4025a4d6efb5259a,Cn1cnc2c1c(=O)[nH]c(=O)n2C,aqueous_solubility,log10(mol/L),train,,-2.5230000019073486,-4.429704293924151,-5.6082150331633684,-3.2511935546849333,random,2030,edge_gnn,edge_gnn,none,none,721e3c494613d3aa378fb20e47d69b51245b538e
esol,d2eee638c5fa61ad,FC(F)(Cl)C(F)(Cl)Cl,aqueous_solubility,log10(mol/L),train,,-3.0399999618530273,-2.200526146950801,-3.3790368861900184,-1.0220154077115833,random,2030,edge_gnn,edge_gnn,none,none,721e3c494613d3aa378fb20e47d69b51245b538e
esol,105d6d24139d1acd,FC(F)(Cl)C(F)(F)Cl,aqueous_solubility,log10(mol/L),train,,-2.740000009536743,-2.260591328817419,-3.4391020680566364,-1.0820805895782013,random,2030,edge_gnn,edge_gnn,none,none,721e3c494613d3aa378fb20e47d69b51245b538e
esol,02db24b7bbfd7402,FC(F)(F)C(Cl)Br,aqueous_solubility,log10(mol/L),calibration,,-1.7100000381469727,-2.865469454165612,-4.043980193404829,-1.6869587149263943,random,2030,edge_gnn,edge_gnn,none,none,721e3c494613d3aa378fb20e47d69b51245b538e
esol,db15bed8f8ac2fa5,FC(F)(F)c1ccccc1,aqueous_solubility,log10(mol/L),train,,-2.509999990463257,-2.1104694385595884,-3.288980177798806,-0.9319586993203708,random,2030,edge_gnn,edge_gnn,none,none,721e3c494613d3aa378fb20e47d69b51245b538e
esol,b10b42eecfc867c6,Fc1ccc(F)cc1,aqueous_solubility,log10(mol/L),train,,-1.9700000286102295,-1.3193759681479904,-2.4978867073872077,-0.14086522890877284,random,2030,edge_gnn,edge_gnn,none,none,721e3c494613d3aa378fb20e47d69b51245b538e
esol,ca29ab8bab4202a6,Fc1cccc(Br)c1,aqueous_solubility,log10(mol/L),test,,-2.6700000762939453,-3.266206390006522,-4.44471712924574,-2.0876956507673046,random,2030,edge_gnn,edge_gnn,none,none,721e3c494613d3aa378fb20e47d69b51245b538e
esol,9b9e86ab0c3b7436,Fc1cccc(F)c1,aqueous_solubility,log10(mol/L),train,,-2.0,-5.200734930585515,-6.379245669824733,-4.0222241913462975,random,2030,edge_gnn,edge_gnn,none,none,721e3c494613d3aa378fb20e47d69b51245b538e
esol,9ef5e809c1cc37a8,Fc1ccccc1,aqueous_solubility,log10(mol/L),train,,-1.7999999523162842,-4.0730046470599195,-5.251515386299137,-2.894493907820702,random,2030,edge_gnn,edge_gnn,none,none,721e3c494613d3aa378fb20e47d69b51245b538e
esol,c6e4a122702ad957,Fc1ccccc1Br,aqueous_solubility,log10(mol/L),test,,-2.700000047683716,-3.1078635438977322,-4.28637428313695,-1.9293528046585147,random,2030,edge_gnn,edge_gnn,none,none,721e3c494613d3aa378fb20e47d69b51245b538e
esol,dd1f99766897a9a2,ICI,aqueous_solubility,log10(mol/L),train,,-2.3399999141693115,-2.695338773064101,-3.8738495123033188,-1.5168280338248836,random,2030,edge_gnn,edge_gnn,none,none,721e3c494613d3aa378fb20e47d69b51245b538e
esol,3ab248fecad2cfcc,Ic1cccc2ccccc12,aqueous_solubility,log10(mol/L),train,,-4.550000190734863,-2.6210846710256166,-3.799595410264834,-1.442573931786399,random,2030,edge_gnn,edge_gnn,none,none,721e3c494613d3aa378fb20e47d69b51245b538e
esol,bc20dafaf54360d0,Ic1ccccc1,aqueous_solubility,log10(mol/L),test,,-3.009999990463257,-2.9349279302888203,-4.113438669528038,-1.7564171910496027,random,2030,edge_gnn,edge_gnn,none,none,721e3c494613d3aa378fb20e47d69b51245b538e
esol,2c92806a2902f400,N#CC(Cl)(Cl)Cl,aqueous_solubility,log10(mol/L),train,,-2.1679999828338623,-2.322252534753623,-3.5007632739928405,-1.1437417955144054,random,2030,edge_gnn,edge_gnn,none,none,721e3c494613d3aa378fb20e47d69b51245b538e
esol,85031b7bb2a70254,N#CC(OC1OC(COC2OC(CO)C(O)C(O)C2O)C(O)C(O)C1O)c1ccccc1,aqueous_solubility,log10(mol/L),train,,-0.7699999809265137,-1.3421754829613406,-2.520686222200558,-0.16366474372212303,random,2030,edge_gnn,edge_gnn,none,none,721e3c494613d3aa378fb20e47d69b51245b538e
esol,e9839d44c23ebe38,N#CCCCl,aqueous_solubility,log10(mol/L),train,,-0.28999999165534973,-4.217852820127894,-5.396363559367112,-3.0393420808886766,random,2030,edge_gnn,edge_gnn,none,none,721e3c494613d3aa378fb20e47d69b51245b538e
esol,9e6f7a062ea6ba54,N#CCCl,aqueous_solubility,log10(mol/L),train,,-0.09200000017881393,-5.000559373921515,-6.179070113160733,-3.8220486346822975,random,2030,edge_gnn,edge_gnn,none,none,721e3c494613d3aa378fb20e47d69b51245b538e
esol,5529331eae217480,N#CN=C(N)N,aqueous_solubility,log10(mol/L),train,,-0.3100000023841858,-10.131990343028491,-11.31050108226771,-8.953479603789273,random,2030,edge_gnn,edge_gnn,none,none,721e3c494613d3aa378fb20e47d69b51245b538e
esol,98ce09904f0cd677,N#Cc1c(Cl)c(Cl)c(Cl)c(C#N)c1Cl,aqueous_solubility,log10(mol/L),validation,,-5.639999866485596,-6.869889728853774,-8.048400468092993,-5.691378989614557,random,2030,edge_gnn,edge_gnn,none,none,721e3c494613d3aa378fb20e47d69b51245b538e
esol,f7eb31053f664583,N#Cc1cc(Br)c(O)c(Br)c1,aqueous_solubility,log10(mol/L),calibration,,-3.3299999237060547,-3.57466924977382,-4.753179989013038,-2.3961585105346024,random,2030,edge_gnn,edge_gnn,none,none,721e3c494613d3aa378fb20e47d69b51245b538e
esol,dd860792cadf3093,N#Cc1cc(I)c(O)c(I)c1,aqueous_solubility,log10(mol/L),train,,-3.609999895095825,-1.3983871706215323,-2.57689790986075,-0.21987643138231472,random,2030,edge_gnn,edge_gnn,none,none,721e3c494613d3aa378fb20e47d69b51245b538e
esol,5533344c324d3435,N#Cc1ccccc1,aqueous_solubility,log10(mol/L),validation,,-1.0,-1.2959163950047001,-2.4744271342439177,-0.11740565576548256,random,2030,edge_gnn,edge_gnn,none,none,721e3c494613d3aa378fb20e47d69b51245b538e
esol,66c6f633624542b8,N#Cc1ccccc1C#N,aqueous_solubility,log10(mol/L),train,,-2.380000114440918,-2.4580791536981224,-3.63658989293734,-1.2795684144589048,random,2030,edge_gnn,edge_gnn,none,none,721e3c494613d3aa378fb20e47d69b51245b538e
esol,5f065dfe6c5d67ee,N=C(N)NS(=O)(=O)c1ccc(N)cc1,aqueous_solubility,log10(mol/L),train,,-1.9900000095367432,1.36147717975506,0.18296644051584243,2.5399879189942776,random,2030,edge_gnn,edge_gnn,none,none,721e3c494613d3aa378fb20e47d69b51245b538e
esol,8f9adffcd0a5a36e,NC(=O)CCl,aqueous_solubility,log10(mol/L),train,,-0.019999999552965164,-0.7075816281100638,-1.8860923673492813,0.4709291111291538,random,2030,edge_gnn,edge_gnn,none,none,721e3c494613d3aa378fb20e47d69b51245b538e
esol,a9190d547db6a242,NC(=O)NC1NC(=O)NC1=O,aqueous_solubility,log10(mol/L),train,,-1.600000023841858,-5.314956813465461,-6.493467552704678,-4.136446074226243,random,2030,edge_gnn,edge_gnn,none,none,721e3c494613d3aa378fb20e47d69b51245b538e
esol,20e79a0747e391cd,NC(=O)NCc1ccccc1,aqueous_solubility,log10(mol/L),test,,-0.949999988079071,-1.59548548286965,-2.7739962221088676,-0.4169747436304325,random,2030,edge_gnn,edge_gnn,none,none,721e3c494613d3aa378fb20e47d69b51245b538e
esol,41b7655c6cb7d7df,NC(=O)c1ccccc1,aqueous_solubility,log10(mol/L),calibration,,-0.9599999785423279,-1.3282940727625683,-2.5068048120017856,-0.14978333352335071,random,2030,edge_gnn,edge_gnn,none,none,721e3c494613d3aa378fb20e47d69b51245b538e
esol,22bbce38ab5c479c,NC(=O)c1ccccc1O,aqueous_solubility,log10(mol/L),train,,-1.8200000524520874,-2.9804805259095835,-4.158991265148801,-1.801969786670366,random,2030,edge_gnn,edge_gnn,none,none,721e3c494613d3aa378fb20e47d69b51245b538e
esol,2fc7b7dbeee95b0c,NC(=O)c1cccnc1,aqueous_solubility,log10(mol/L),test,,0.6100000143051147,-0.5281598091419992,-1.7066705483812168,0.6503509300972183,random,2030,edge_gnn,edge_gnn,none,none,721e3c494613d3aa378fb20e47d69b51245b538e
esol,d3f13e32ceadf7ee,NC(=O)c1cnccn1,aqueous_solubility,log10(mol/L),train,,-0.6669999957084656,-4.739398187077585,-5.9179089263168025,-3.5608874478383674,random,2030,edge_gnn,edge_gnn,none,none,721e3c494613d3aa378fb20e47d69b51245b538e
esol,14add58d16075efc,NC(=S)Nc1ccccc1,aqueous_solubility,log10(mol/L),train,,-1.7699999809265137,-2.49202112680425,-3.6705318660434676,-1.3135103875650325,random,2030,edge_gnn,edge_gnn,none,none,721e3c494613d3aa378fb20e47d69b51245b538e
esol,cff6a05057ab433d,NC(N)=O,aqueous_solubility,log10(mol/L),train,,0.9599999785423279,0.9393946047141042,-0.23911613452511338,2.1179053439533218,random,2030,edge_gnn,edge_gnn,none,none,721e3c494613d3aa378fb20e47d69b51245b538e
esol,5c937bef90624cba,NC(N)=S,aqueous_solubility,log10(mol/L),train,,0.3199999928474426,-8.54265062561267,-9.721161364851888,-7.364139886373452,random,2030,edge_gnn,edge_gnn,none,none,721e3c494613d3aa378fb20e47d69b51245b538e
esol,8d9f3b8d61c37fad,NNC(=O)c1ccncc1,aqueous_solubility,log10(mol/L),train,,0.008999999612569809,-7.339072108348068,-8.517582847587285,-6.1605613691088505,random,2030,edge_gnn,edge_gnn,none,none,721e3c494613d3aa378fb20e47d69b51245b538e
esol,792927bc26e5ee98,NNc1ccccc1,aqueous_solubility,log10(mol/L),train,,0.07000000029802322,-5.133889642674178,-6.312400381913395,-3.9553789034349602,random,2030,edge_gnn,edge_gnn,none,none,721e3c494613d3aa378fb20e47d69b51245b538e
esol,13a0d92f513022b0,NS(=O)(=O)c1cc(C2(O)NC(=O)c3ccccc32)ccc1Cl,aqueous_solubility,log10(mol/L),train,,-3.4509999752044678,-4.5754250383680874,-5.753935777607305,-3.39691429912887,random,2030,edge_gnn,edge_gnn,none,none,721e3c494613d3aa378fb20e47d69b51245b538e
esol,d1af900dda6b8816,NS(=O)(=O)c1cc2c(cc1C(F)(F)F)NC(Cc1ccccc1)NS2(=O)=O,aqueous_solubility,log10(mol/L),train,,-3.5899999141693115,-2.235700241555277,-3.4142109807944947,-1.0571895023160596,random,2030,edge_gnn,edge_gnn,none,none,721e3c494613d3aa378fb20e47d69b51245b538e
esol,21a70933e40d38d8,NS(=O)(=O)c1cc2c(cc1Cl)N=CNS2(=O)=O,aqueous_solubility,log10(mol/L),train,,-3.049999952316284,-7.363714790630919,-8.542225529870137,-6.185204051391701,random,2030,edge_gnn,edge_gnn,none,none,721e3c494613d3aa378fb20e47d69b51245b538e
esol,4be98313bb8411d6,NS(=O)(=O)c1cc2c(cc1Cl)NC(C(Cl)Cl)NS2(=O)=O,aqueous_solubility,log10(mol/L),train,,-2.680000066757202,-1.7368926351084424,-2.91540337434766,-0.5583818958692248,random,2030,edge_gnn,edge_gnn,none,none,721e3c494613d3aa378fb20e47d69b51245b538e
esol,6704f9b02657d351,NS(=O)(=O)c1cc2c(cc1Cl)NCNS2(=O)=O,aqueous_solubility,log10(mol/L),train,,-2.630000114440918,-4.748866718774259,-5.927377458013477,-3.5703559795350417,random,2030,edge_gnn,edge_gnn,none,none,721e3c494613d3aa378fb20e47d69b51245b538e
esol,d486e39e13c6c365,Nc1cc(N2CCCCC2)nc(N)[n+]1[O-],aqueous_solubility,log10(mol/L),train,,-1.9889999628067017,-1.748589494458353,-2.927100233697571,-0.5700787552191355,random,2030,edge_gnn,edge_gnn,none,none,721e3c494613d3aa378fb20e47d69b51245b538e
esol,aceb689c32139048,Nc1cc2c3ccccc3ccc2c2ccccc12,aqueous_solubility,log10(mol/L),validation,,-6.199999809265137,-5.6809856505842,-6.859496389823417,-4.502474911344982,random,2030,edge_gnn,edge_gnn,none,none,721e3c494613d3aa378fb20e47d69b51245b538e
esol,80c616c2c10da4cc,Nc1cc[nH]c(=O)n1,aqueous_solubility,log10(mol/L),validation,,-1.1549999713897705,-1.120058537776087,-2.2985692770153046,0.05845220146313057,random,2030,edge_gnn,edge_gnn,none,none,721e3c494613d3aa378fb20e47d69b51245b538e
esol,d3c8a8dbbf41fcef,Nc1ccc(-c2ccc(N)cc2)cc1,aqueous_solubility,log10(mol/L),train,,-2.700000047683716,-2.8969924118957,-4.075503151134917,-1.7184816726564822,random,2030,edge_gnn,edge_gnn,none,none,721e3c494613d3aa378fb20e47d69b51245b538e
esol,ddbccadea4def28d,Nc1ccc(Cl)cc1,aqueous_solubility,log10(mol/L),train,,-1.659999966621399,-2.3325154199048974,-3.511026159144115,-1.1540046806656798,random,2030,edge_gnn,edge_gnn,none,none,721e3c494613d3aa378fb20e47d69b51245b538e
esol,5f061feada924c1b,Nc1ccc(O)cc1,aqueous_solubility,log10(mol/L),train,,-0.800000011920929,-2.495520243363734,-3.6740309826029516,-1.3170095041245165,random,2030,edge_gnn,edge_gnn,none,none,721e3c494613d3aa378fb20e47d69b51245b538e
esol,1740fca00afdaeed,Nc1ccc(S(=O)(=O)c2ccc(N)cc2)cc1,aqueous_solubility,log10(mol/L),train,,-3.0940001010894775,-1.4773542178168864,-2.655864957056104,-0.2988434785776688,random,2030,edge_gnn,edge_gnn,none,none,721e3c494613d3aa378fb20e47d69b51245b538e
esol,672dea3500e56345,Nc1ccc(S(N)(=O)=O)cc1,aqueous_solubility,log10(mol/L),train,,-1.340000033378601,0.5106756175194462,-0.6678351217197713,1.6891863567586638,random,2030,edge_gnn,edge_gnn,none,none,721e3c494613d3aa378fb20e47d69b51245b538e
esol,b1562a3a4e3dbd2b,Nc1ccc([N+](=O)[O-])cc1,aqueous_solubility,log10(mol/L),train,,-2.369999885559082,-1.657775712283125,-2.8362864515223425,-0.47926497304390736,random,2030,edge_gnn,edge_gnn,none,none,721e3c494613d3aa378fb20e47d69b51245b538e
esol,7ea90919dd02fbb4,Nc1ccc2cc3ccccc3cc2c1,aqueous_solubility,log10(mol/L),train,,-5.170000076293945,-3.308776541016697,-4.487287280255915,-2.1302658017774796,random,2030,edge_gnn,edge_gnn,none,none,721e3c494613d3aa378fb20e47d69b51245b538e
esol,7071d63d842d86c6,Nc1cccc(Cl)c1,aqueous_solubility,log10(mol/L),train,,-1.3700000047683716,-7.290881794681427,-8.469392533920644,-6.1123710554422095,random,2030,edge_gnn,edge_gnn,none,none,721e3c494613d3aa378fb20e47d69b51245b538e
esol,3614002c0eb76c64,Nc1cccc([N+](=O)[O-])c1,aqueous_solubility,log10(mol/L),train,,-2.190000057220459,-3.8185109072223615,-4.9970216464615795,-2.640000167983144,random,2030,edge_gnn,edge_gnn,none,none,721e3c494613d3aa378fb20e47d69b51245b538e
esol,fdeaad6aac85a0a2,Nc1cccc2ccccc12,aqueous_solubility,log10(mol/L),test,,-1.9199999570846558,-2.9486013533575854,-4.1271120925968034,-1.7700906141183679,random,2030,edge_gnn,edge_gnn,none,none,721e3c494613d3aa378fb20e47d69b51245b538e
esol,2ed7e76dec2701ce,Nc1cccc2nc3ccccc3cc12,aqueous_solubility,log10(mol/L),train,,-4.21999979019165,-9.009604551295789,-10.188115290535006,-7.831093812056571,random,2030,edge_gnn,edge_gnn,none,none,721e3c494613d3aa378fb20e47d69b51245b538e
esol,a7f3f1e11af18400,Nc1ccccc1,aqueous_solubility,log10(mol/L),calibration,,-0.4099999964237213,-1.1657134553691795,-2.344224194608397,0.01279728387003809,random,2030,edge_gnn,edge_gnn,none,none,721e3c494613d3aa378fb20e47d69b51245b538e
esol,2f7de38fb26014ee,Nc1ccccc1Cl,aqueous_solubility,log10(mol/L),train,,-1.5199999809265137,-3.391839778751089,-4.570350517990306,-2.2133290395118714,random,2030,edge_gnn,edge_gnn,none,none,721e3c494613d3aa378fb20e47d69b51245b538e
esol,8cce7ad82c85b377,Nc1ccccc1O,aqueous_solubility,log10(mol/L),train,,-0.7200000286102295,-4.263606897860003,-5.44211763709922,-3.085096158620785,random,2030,edge_gnn,edge_gnn,none,none,721e3c494613d3aa378fb20e47d69b51245b538e
esol,8c073316e654db6b,Nc1ccccc1[N+](=O)[O-],aqueous_solubility,log10(mol/L),validation,,-1.9600000381469727,-1.9906047634431059,-3.1691155026823234,-0.8120940242038883,random,2030,edge_gnn,edge_gnn,none,none,721e3c494613d3aa378fb20e47d69b51245b538e
esol,d170b211091619c1,Nc1cnn(-c2ccccc2)c(=O)c1Br,aqueous_solubility,log10(mol/L),train,,-3.127000093460083,-4.750926373264818,-5.9294371125040355,-3.5724156340256004,random,2030,edge_gnn,edge_gnn,none,none,721e3c494613d3aa378fb20e47d69b51245b538e
esol,364a3d9e736a968c,Nc1cnn(-c2ccccc2)c(=O)c1Cl,aqueous_solubility,log10(mol/L),test,,-2.878000020980835,-2.534995566695462,-3.7135063059346796,-1.3564848274562444,random,2030,edge_gnn,edge_gnn,none,none,721e3c494613d3aa378fb20e47d69b51245b538e
esol,2fef74534c90c0fd,Nc1nc(=O)[nH]cc1F,aqueous_solubility,log10(mol/L),train,,-0.972000002861023,-0.2201257759746169,-1.3986365152138345,0.9583849632646007,random,2030,edge_gnn,edge_gnn,none,none,721e3c494613d3aa378fb20e47d69b51245b538e
esol,5167dc273870cd3a,Nc1nc(N)c2nc(-c3ccccc3)c(N)nc2n1,aqueous_solubility,log10(mol/L),train,,-2.4040000438690186,-1.0194039318300918,-2.1979146710693094,0.15910680740912575,random,2030,edge_gnn,edge_gnn,none,none,721e3c494613d3aa378fb20e47d69b51245b538e
esol,c363f1a8372173dd,Nc1nc(O)nc2nc[nH]c12,aqueous_solubility,log10(mol/L),train,,-3.4010000228881836,0.26855128499756953,-0.909959454241648,1.447062024236787,random,2030,edge_gnn,edge_gnn,none,none,721e3c494613d3aa378fb20e47d69b51245b538e
esol,0f42ff187b1e26ff,Nc1nc2[nH]cnc2c(=O)[nH]1,aqueous_solubility,log10(mol/L),train,,-3.5829999446868896,0.3089788484429037,-0.8695318907963139,1.4874895876821213,random,2030,edge_gnn,edge_gnn,none,none,721e3c494613d3aa378fb20e47d69b51245b538e
esol,45bfe1eca9942b5f,Nc1nc[nH]n1,aqueous_solubility,log10(mol/L),train,,0.5220000147819519,-4.171397304262286,-5.349908043501504,-2.9928865650230687,random,2030,edge_gnn,edge_gnn,none,none,721e3c494613d3aa378fb20e47d69b51245b538e
esol,a5efc882bab6aeb8,Nc1nccs1,aqueous_solubility,log10(mol/L),train,,-0.36000001430511475,-2.3494538261705555,-3.527964565409773,-1.170943086931338,random,2030,edge_gnn,edge_gnn,none,none,721e3c494613d3aa378fb20e47d69b51245b538e
esol,292b9554c28881be,Nc1ncnc2c1ccn2C1OC(CO)C(O)C1O,aqueous_solubility,log10(mol/L),train,,-1.9500000476837158,-4.141017968237265,-5.319528707476483,-2.9625072289980476,random,2030,edge_gnn,edge_gnn,none,none,721e3c494613d3aa378fb20e47d69b51245b538e
esol,6c84c1ca795f19ca,Nc1ncnc2nc[nH]c12,aqueous_solubility,log10(mol/L),train,,-2.119999885559082,-7.3070254690186704,-8.485536208257887,-6.128514729779453,random,2030,edge_gnn,edge_gnn,none,none,721e3c494613d3aa378fb20e47d69b51245b538e
esol,690374c4203120f3,O=C(C=CC=Cc1ccc2c(c1)OCO2)N1CCCCC1,aqueous_solubility,log10(mol/L),validation,,-3.4600000381469727,-2.966367292615453,-4.14487803185467,-1.7878565533762356,random,2030,edge_gnn,edge_gnn,none,none,721e3c494613d3aa378fb20e47d69b51245b538e
esol,f6ac174891d4cbfe,O=C(CC(Cl)Cl)NC1=C(Cl)C(=O)c2ccccc2C1=O,aqueous_solubility,log10(mol/L),train,,-5.03000020980835,-4.706473614659876,-5.884984353899093,-3.5279628754206582,random,2030,edge_gnn,edge_gnn,none,none,721e3c494613d3aa378fb20e47d69b51245b538e
esol,3bd7903f0fc524b9,O=C(Cn1ccnc1[N+](=O)[O-])NCc1ccccc1,aqueous_solubility,log10(mol/L),train,,-2.809999942779541,-1.241199174274262,-2.4197099135134796,-0.06268843503504451,random,2030,edge_gnn,edge_gnn,none,none,721e3c494613d3aa378fb20e47d69b51245b538e
esol,baa633118e4124e0,O=C(NC(=O)c1c(F)cccc1F)Nc1cc(Cl)c(F)c(Cl)c1F,aqueous_solubility,log10(mol/L),train,,-7.28000020980835,-1.7939008839871438,-2.9724116232263613,-0.6153901447479262,random,2030,edge_gnn,edge_gnn,none,none,721e3c494613d3aa378fb20e47d69b51245b538e
esol,c045f77f3d14db05,O=C(NC(=O)c1c(F)cccc1F)Nc1ccc(Cl)cc1,aqueous_solubility,log10(mol/L),calibration,,-6.019999980926514,-5.066532405851735,-6.2450431450909525,-3.8880216666125174,random,2030,edge_gnn,edge_gnn,none,none,721e3c494613d3aa378fb20e47d69b51245b538e
esol,e690eafd94d35c0c,O=C(NC(CO)C(O)c1ccc([N+](=O)[O-])cc1)C(Cl)Cl,aqueous_solubility,log10(mol/L),train,,-2.1110000610351562,0.3979822642124282,-0.7805284750267893,1.5764930034516458,random,2030,edge_gnn,edge_gnn,none,none,721e3c494613d3aa378fb20e47d69b51245b538e
esol,688fd8c1fae69203,O=C(Nc1ccc([N+](=O)[O-])cc1Cl)c1cc(Cl)ccc1O,aqueous_solubility,log10(mol/L),validation,,-4.699999809265137,-3.940895965617809,-5.119406704857027,-2.7623852263785915,random,2030,edge_gnn,edge_gnn,none,none,721e3c494613d3aa378fb20e47d69b51245b538e
esol,6e4bde6d2f6a6816,O=C(Nc1cccc(Cl)c1)OCC#CCCl,aqueous_solubility,log10(mol/L),calibration,,-4.369999885559082,-4.23040629187465,-5.408917031113868,-3.0518955526354326,random,2030,edge_gnn,edge_gnn,none,none,721e3c494613d3aa378fb20e47d69b51245b538e
esol,60c0e74fff4c1ae4,O=C(Nc1ccccc1)N(Cc1ccc(Cl)cc1)C1CCCC1,aqueous_solubility,log10(mol/L),validation,,-5.914999961853027,-5.473190659116096,-6.651701398355313,-4.294679919876878,random,2030,edge_gnn,edge_gnn,none,none,721e3c494613d3aa378fb20e47d69b51245b538e
esol,0991c75b100e534a,O=C(Nc1ccccc1)Nc1ccccc1,aqueous_solubility,log10(mol/L),train,,-3.1500000953674316,-1.426309959284055,-2.6048206985232722,-0.24779922004483734,random,2030,edge_gnn,edge_gnn,none,none,721e3c494613d3aa378fb20e47d69b51245b538e
esol,fe14526b987406f2,O=C(Nc1ccccc1)c1ccccc1I,aqueous_solubility,log10(mol/L),test,,-4.210000038146973,-4.596944807061615,-5.775455546300832,-3.418434067822397,random,2030,edge_gnn,edge_gnn,none,none,721e3c494613d3aa378fb20e47d69b51245b538e
esol,7745315b46a851c2,O=C(Nc1ccccc1)c1ccccc1O,aqueous_solubility,log10(mol/L),train,,-3.5899999141693115,-1.9247367579960035,-3.103247497235221,-0.746226018756786,random,2030,edge_gnn,edge_gnn,none,none,721e3c494613d3aa378fb20e47d69b51245b538e
esol,39383db26262b98a,O=C(OCC(O)CO)c1ccccc1Nc1ccnc2cc(Cl)ccc12,aqueous_solubility,log10(mol/L),train,,-4.571000099182129,-0.8687804376120467,-2.0472911768512643,0.30973030162717086,random,2030,edge_gnn,edge_gnn,none,none,721e3c494613d3aa378fb20e47d69b51245b538e
esol,1da91787f38885ba,O=C(c1ccccc1)C(O)c1ccccc1,aqueous_solubility,log10(mol/L),train,,-2.8499999046325684,-6.410696282549084,-7.589207021788302,-5.232185543309867,random,2030,edge_gnn,edge_gnn,none,none,721e3c494613d3aa378fb20e47d69b51245b538e
esol,4dba3a2e70cac673,O=C(c1ccccc1)c1ccccc1,aqueous_solubility,log10(mol/L),train,,-3.119999885559082,-1.4289355582830447,-2.6074462975222623,-0.2504248190438272,random,2030,edge_gnn,edge_gnn,none,none,721e3c494613d3aa378fb20e47d69b51245b538e
esol,db8d3eba6fa98f98,O=C1C(Cl)C(CCl)CN1c1cccc(C(F)(F)F)c1,aqueous_solubility,log10(mol/L),test,,-4.046999931335449,-3.957803652425642,-5.136314391664859,-2.7792929131864246,random,2030,edge_gnn,edge_gnn,none,none,721e3c494613d3aa378fb20e47d69b51245b538e
esol,6b583bedb8c16dc6,O=C1C(O)=C(C2CCC(c3ccc(Cl)cc3)CC2)C(=O)c2ccccc21,aqueous_solubility,log10(mol/L),train,,-5.931000232696533,-2.210869520866315,-3.3893802601055327,-1.0323587816270976,random,2030,edge_gnn,edge_gnn,none,none,721e3c494613d3aa378fb20e47d69b51245b538e
esol,43baf9d8ef42876c,O=C1C2(Cl)C3(Cl)C4(Cl)C(Cl)(Cl)C5(Cl)C3(Cl)C1(Cl)C5(Cl)C24Cl,aqueous_solubility,log10(mol/L),train,,-5.258999824523926,-6.154644366023244,-7.3331551052624615,-4.976133626784026,random,2030,edge_gnn,edge_gnn,none,none,721e3c494613d3aa378fb20e47d69b51245b538e
esol,046f28c7cfbee993,O=C1C2CC=CCC2C(=O)N1SC(Cl)(Cl)C(Cl)Cl,aqueous_solubility,log10(mol/L),train,,-5.400000095367432,-3.057927456689479,-4.236438195928697,-1.8794167174502614,random,2030,edge_gnn,edge_gnn,none,none,721e3c494613d3aa378fb20e47d69b51245b538e
esol,fb996a8251e32b19,O=C1C=C2CC3(O)COc4c(ccc(O)c4O)C3=C2C=C1O,aqueous_solubility,log10(mol/L),train,,-2.700000047683716,-2.234600901286336,-3.4131116405255537,-1.0560901620471186,random,2030,edge_gnn,edge_gnn,none,none,721e3c494613d3aa378fb20e47d69b51245b538e
esol,2287e3509b11a6c4,O=C1CC(c2ccc(O)c(O)c2)Oc2cc(O)cc(O)c21,aqueous_solubility,log10(mol/L),train,,-3.619999885559082,-5.594499085671385,-6.773009824910603,-4.415988346432168,random,2030,edge_gnn,edge_gnn,none,none,721e3c494613d3aa378fb20e47d69b51245b538e
esol,98e81285f39d4a65,O=C1CCC(=O)N1,aqueous_solubility,log10(mol/L),validation,,0.30000001192092896,0.09616857432028114,-1.0823421649189364,1.2746793135594987,random,2030,edge_gnn,edge_gnn,none,none,721e3c494613d3aa378fb20e47d69b51245b538e
esol,552029f553c6de90,O=C1CCC(N2C(=O)c3ccccc3C2=O)C(=O)N1,aqueous_solubility,log10(mol/L),train,,-2.6760001182556152,-4.357736236795391,-5.536246976034609,-3.179225497556174,random,2030,edge_gnn,edge_gnn,none,none,721e3c494613d3aa378fb20e47d69b51245b538e
esol,f8fc82e8cbf0dbbb,O=C1CCCCC1,aqueous_solubility,log10(mol/L),train,,-0.6000000238418579,-8.146924966911756,-9.325435706150973,-6.968414227672539,random,2030,edge_gnn,edge_gnn,none,none,721e3c494613d3aa378fb20e47d69b51245b538e
esol,88292b2a0d08280c,O=C1CCCN1,aqueous_solubility,log10(mol/L),train,,1.0700000524520874,-7.785334618356465,-8.963845357595684,-6.606823879117248,random,2030,edge_gnn,edge_gnn,none,none,721e3c494613d3aa378fb20e47d69b51245b538e
esol,464ea5384e52ed18,O=C1CN(N=Cc2ccc([N+](=O)[O-])o2)C(=O)N1,aqueous_solubility,log10(mol/L),validation,,-3.380000114440918,-2.26414986576555,-3.4426606050047677,-1.0856391265263325,random,2030,edge_gnn,edge_gnn,none,none,721e3c494613d3aa378fb20e47d69b51245b538e
esol,ad5815f8ca05b4e0,O=C1CN=C(c2ccccc2)c2cc([N+](=O)[O-])ccc2N1,aqueous_solubility,log10(mol/L),train,,-3.7960000038146973,-1.865444545813549,-3.0439552850527667,-0.6869338065743313,random,2030,edge_gnn,edge_gnn,none,none,721e3c494613d3aa378fb20e47d69b51245b538e
esol,3bcf5a8597ee7358,O=C1CN=C(c2ccccc2Cl)c2cc([N+](=O)[O-])ccc2N1,aqueous_solubility,log10(mol/L),train,,-3.499000072479248,-2.7714566851646394,-3.949967424403857,-1.5929459459254218,random,2030,edge_gnn,edge_gnn,none,none,721e3c494613d3aa378fb20e47d69b51245b538e
esol,7431852da1dce5b8,O=C1CNC(=O)N1,aqueous_solubility,log10(mol/L),train,,-0.4000000059604645,-2.1594010562680355,-3.337911795507253,-0.9808903170288179,random,2030,edge_gnn,edge_gnn,none,none,721e3c494613d3aa378fb20e47d69b51245b538e
esol,5e3e17dfed89e466,O=C1CSC(=S)N1,aqueous_solubility,log10(mol/L),calibration,,-1.7699999809265137,-1.9333968696280264,-3.111907608867244,-0.7548861303888088,random,2030,edge_gnn,edge_gnn,none,none,721e3c494613d3aa378fb20e47d69b51245b538e
esol,9b850b8ead100465,O=C1NC(=O)C(=O)C(=O)N1,aqueous_solubility,log10(mol/L),train,,-1.25,-2.538884574361345,-3.7173953136005626,-1.3603738351221275,random,2030,edge_gnn,edge_gnn,none,none,721e3c494613d3aa378fb20e47d69b51245b538e
esol,9f97173311018951,O=C1NC(=O)C(=O)N1,aqueous_solubility,log10(mol/L),train,,-0.4000000059604645,-2.3851556394283455,-3.563666378667563,-1.206644900189128,random,2030,edge_gnn,edge_gnn,none,none,721e3c494613d3aa378fb20e47d69b51245b538e
esol,f58d70889d342b7a,O=C1NC(=O)C(O)(C2(O)C(=O)NC(=O)NC2=O)C(=O)N1,aqueous_solubility,log10(mol/L),train,,-1.9900000095367432,-0.5503928748151674,-1.728903614054385,0.6281178644240502,random,2030,edge_gnn,edge_gnn,none,none,721e3c494613d3aa378fb20e47d69b51245b538e
esol,a2f9df8a5d8811db,O=C1NC(=O)C(c2ccccc2)(c2ccccc2)N1,aqueous_solubility,log10(mol/L),train,,-4.0970001220703125,-3.555731555590783,-4.7342422948300005,-2.3772208163515653,random,2030,edge_gnn,edge_gnn,none,none,721e3c494613d3aa378fb20e47d69b51245b538e
esol,abaed2608bdfc2de,O=C1NC(=O)C2(CC2)C(=O)N1,aqueous_solubility,log10(mol/L),train,,-1.8860000371932983,-0.7490421727491192,-1.9275529119883368,0.42946856649009835,random,2030,edge_gnn,edge_gnn,none,none,721e3c494613d3aa378fb20e47d69b51245b538e
esol,c4e073085482ca83,O=C1NC(=O)C2(CCC2)C(=O)N1,aqueous_solubility,log10(mol/L),train,,-1.6549999713897705,-3.101113684218571,-4.279624423457788,-1.9226029449793534,random,2030,edge_gnn,edge_gnn,none,none,721e3c494613d3aa378fb20e47d69b51245b538e
esol,fb010ec97af69bc4,O=C1NC(=O)C2(CCCC2)C(=O)N1,aqueous_solubility,log10(mol/L),train,,-2.3489999771118164,-1.6360475306765507,-2.8145582699157683,-0.45753679143733317,random,2030,edge_gnn,edge_gnn,none,none,721e3c494613d3aa378fb20e47d69b51245b538e
esol,f7fa422f6b89ab0c,O=C1NC(=O)C2(CCCCC2)C(=O)N1,aqueous_solubility,log10(mol/L),train,,-3.059999942779541,-4.998647324218041,-6.1771580634572585,-3.8201365849788234,random,2030,edge_gnn,edge_gnn,none,none,721e3c494613d3aa378fb20e47d69b51245b538e
esol,1079ed78c10335aa,O=C1NC(=O)C2(CCCCCC2)C(=O)N1,aqueous_solubility,log10(mol/L),test,,-3.1679999828338623,-2.2174347168641977,-3.3959454561034152,-1.0389239776249801,random,2030,edge_gnn,edge_gnn,none,none,721e3c494613d3aa378fb20e47d69b51245b538e
esol,2763289c3c31ca3c,O=C1NC(=O)C2(CCCCCCC2)C(=O)N1,aqueous_solubility,log10(mol/L),train,,-2.9820001125335693,0.16397064403098183,-1.0145400952082357,1.3424813832701994,random,2030,edge_gnn,edge_gnn,none,none,721e3c494613d3aa378fb20e47d69b51245b538e
esol,6122d0570c0fafbd,O=C1NC(=O)C2C3C(C(O)(c4ccccc4)c4ccccn4)=CC(C3=C(c3ccccc3)c3ccccn3)C12,aqueous_solubility,log10(mol/L),test,,-3.930999994277954,-5.349249064085556,-6.5277598033247735,-4.170738324846338,random,2030,edge_gnn,edge_gnn,none,none,721e3c494613d3aa378fb20e47d69b51245b538e
esol,80765813e3dd85bc,O=C1NC(=O)C2C=CC=CC12,aqueous_solubility,log10(mol/L),train,,-2.931999921798706,-2.5406769632609296,-3.719187702500147,-1.362166224021712,random,2030,edge_gnn,edge_gnn,none,none,721e3c494613d3aa378fb20e47d69b51245b538e
esol,8c073a83b27c7462,O=C1NC(=O)c2ccccc21,aqueous_solubility,log10(mol/L),train,,-2.609999895095825,-3.2158719591100455,-4.394382698349263,-2.037361219870828,random,2030,edge_gnn,edge_gnn,none,none,721e3c494613d3aa378fb20e47d69b51245b538e
esol,6b563f4c04c1dd29,O=C1NCCN1c1ncc([N+](=O)[O-])s1,aqueous_solubility,log10(mol/L),test,,-3.2200000286102295,-2.6410223561016717,-3.8195330953408893,-1.4625116168624541,random,2030,edge_gnn,edge_gnn,none,none,721e3c494613d3aa378fb20e47d69b51245b538e
esol,e431f760674c4ee6,O=C1Nc2ccc(Cl)cc2C(c2ccccc2)=NC1O,aqueous_solubility,log10(mol/L),test,,-3.9519999027252197,-3.5735189416980564,-4.752029680937274,-2.395008202458839,random,2030,edge_gnn,edge_gnn,none,none,721e3c494613d3aa378fb20e47d69b51245b538e
esol,e7367b803a2a0cad,O=C1Nc2ccc(Cl)cc2C(c2ccccc2Cl)=NC1O,aqueous_solubility,log10(mol/L),train,,-3.6040000915527344,-3.7053261687480807,-4.883836907987298,-2.526815429508863,random,2030,edge_gnn,edge_gnn,none,none,721e3c494613d3aa378fb20e47d69b51245b538e
esol,cccf416cbf91333f,O=C1OC(c2ccc(O)cc2)(c2ccc(O)cc2)c2ccccc21,aqueous_solubility,log10(mol/L),calibration,,-2.9000000953674316,-4.9157653439006115,-6.094276083139829,-3.737254604661394,random,2030,edge_gnn,edge_gnn,none,none,721e3c494613d3aa378fb20e47d69b51245b538e
esol,1d8559207fba752d,O=C1c2ccccc2C(=O)c2ccccc21,aqueous_solubility,log10(mol/L),train,,-5.190000057220459,-2.093149972243169,-3.2716607114823866,-0.9146392330039514,random,2030,edge_gnn,edge_gnn,none,none,721e3c494613d3aa378fb20e47d69b51245b538e
esol,40f1ac185330e905,O=C1c2ccccc2Cc2ccccc2N1CCF,aqueous_solubility,log10(mol/L),train,,-4.798999786376953,-3.5595321265423525,-4.73804286578157,-2.381021387303135,random,2030,edge_gnn,edge_gnn,none,none,721e3c494613d3aa378fb20e47d69b51245b538e
esol,1c5ae882fec16e7a,O=CNC(N1C=CN(C(NC=O)C(Cl)(Cl)Cl)C=C1)C(Cl)(Cl)Cl,aqueous_solubility,log10(mol/L),validation,,-4.190000057220459,-3.121397562445361,-4.299908301684578,-1.9428868232061434,random,2030,edge_gnn,edge_gnn,none,none,721e3c494613d3aa378fb20e47d69b51245b538e
esol,24abd616835cfd2d,O=Cc1ccc(O)cc1,aqueous_solubility,log10(mol/L),calibration,,-0.9599999785423279,-0.5289566226763838,-1.7074673619156013,0.6495541165628338,random,2030,edge_gnn,edge_gnn,none,none,721e3c494613d3aa378fb20e47d69b51245b538e
esol,01bc1188fd568fec,O=Cc1ccc2c(c1)OCO2,aqueous_solubility,log10(mol/L),train,,-1.6299999952316284,-0.4075682119886057,-1.5860789512278233,0.7709425272506119,random,2030,edge_gnn,edge_gnn,none,none,721e3c494613d3aa378fb20e47d69b51245b538e
esol,f96a284663242b78,O=Cc1ccccc1,aqueous_solubility,log10(mol/L),train,,-1.190000057220459,-4.71870311282267,-5.8972138520618875,-3.5401923735834524,random,2030,edge_gnn,edge_gnn,none,none,721e3c494613d3aa378fb20e47d69b51245b538e
esol,363e8ba4d5020110,O=Cc1ccco1,aqueous_solubility,log10(mol/L),train,,-0.10000000149011612,-4.347835361846289,-5.526346101085506,-3.1693246226070713,random,2030,edge_gnn,edge_gnn,none,none,721e3c494613d3aa378fb20e47d69b51245b538e
esol,8a081af65ed6bef7,O=[N+]([O-])C(Cl)(Cl)Cl,aqueous_solubility,log10(mol/L),calibration,,-2.0,-1.598747927138047,-2.7772586663772643,-0.42023718789882936,random,2030,edge_gnn,edge_gnn,none,none,721e3c494613d3aa378fb20e47d69b51245b538e
esol,b3623792d168d2ab,O=[N+]([O-])OCC(CO[N+](=O)[O-])O[N+](=O)[O-],aqueous_solubility,log10(mol/L),train,,-2.2200000286102295,-3.3343631685287516,-4.512873907767969,-2.155852429289534,random,2030,edge_gnn,edge_gnn,none,none,721e3c494613d3aa378fb20e47d69b51245b538e
esol,ff424e90dc845655,O=[N+]([O-])c1c(Cl)c(Cl)c(Cl)c(Cl)c1Cl,aqueous_solubility,log10(mol/L),calibration,,-5.820000171661377,-6.801288322449935,-7.979799061689152,-5.622777583210717,random,2030,edge_gnn,edge_gnn,none,none,721e3c494613d3aa378fb20e47d69b51245b538e
esol,57e68a80baabc9d1,O=[N+]([O-])c1cc([N+](=O)[O-])cc([N+](=O)[O-])c1,aqueous_solubility,log10(mol/L),test,,-2.890000104904175,-3.118991856731747,-4.297502595970965,-1.9404811174925296,random,2030,edge_gnn,edge_gnn,none,none,721e3c494613d3aa378fb20e47d69b51245b538e
esol,bc600864e500c480,O=[N+]([O-])c1ccc(C=NO)o1,aqueous_solubility,log10(mol/L),train,,-2.190000057220459,-5.0238864812302415,-6.202397220469459,-3.845375741991024,random,2030,edge_gnn,edge_gnn,none,none,721e3c494613d3aa378fb20e47d69b51245b538e
esol,4b83ca53ecb4e64f,O=[N+]([O-])c1ccc(Cl)c(Cl)c1,aqueous_solubility,log10(mol/L),train,,-3.200000047683716,-0.48006916024612467,-1.6585798994853422,0.6984415789930929,random,2030,edge_gnn,edge_gnn,none,none,721e3c494613d3aa378fb20e47d69b51245b538e
esol,a677b460c36a2d5e,O=[N+]([O-])c1ccc(Cl)cc1,aqueous_solubility,log10(mol/L),test,,-2.9200000762939453,-2.508511609312176,-3.6870223485513938,-1.3300008700729586,random,2030,edge_gnn,edge_gnn,none,none,721e3c494613d3aa378fb20e47d69b51245b538e
esol,dde4a1cff0933018,O=[N+]([O-])c1ccc(O)cc1,aqueous_solubility,log10(mol/L),train,,-0.7400000095367432,-1.3929479972964098,-2.5714587365356274,-0.21443725805719227,random,2030,edge_gnn,edge_gnn,none,none,721e3c494613d3aa378fb20e47d69b51245b538e
esol,0cfb53848f1c44c5,O=[N+]([O-])c1ccc(Oc2ccc(Cl)cc2Cl)cc1,aqueous_solubility,log10(mol/L),train,,-5.460000038146973,-4.274030949776663,-5.452541689015881,-3.0955202105374457,random,2030,edge_gnn,edge_gnn,none,none,721e3c494613d3aa378fb20e47d69b51245b538e
esol,82051d5601294b9c,O=[N+]([O-])c1ccc([N+](=O)[O-])cc1,aqueous_solubility,log10(mol/L),train,,-3.390000104904175,-1.6178603500647704,-2.796371089303988,-0.4393496108255528,random,2030,edge_gnn,edge_gnn,none,none,721e3c494613d3aa378fb20e47d69b51245b538e
esol,b8a8d3aea70aedef,O=[N+]([O-])c1cccc(Cl)c1,aqueous_solubility,log10(mol/L),train,,-2.7699999809265137,-6.841963155453121,-8.020473894692339,-5.663452416213904,random,2030,edge_gnn,edge_gnn,none,none,721e3c494613d3aa378fb20e47d69b51245b538e
esol,feef886840fa5400,O=[N+]([O-])c1cccc(Cl)c1Cl,aqueous_solubility,log10(mol/L),train,,-3.4800000190734863,-1.929994768522618,-3.1085055077618353,-0.7514840292834004,random,2030,edge_gnn,edge_gnn,none,none,721e3c494613d3aa378fb20e47d69b51245b538e
esol,8b82235acd1bad51,O=[N+]([O-])c1cccc(O)c1,aqueous_solubility,log10(mol/L),test,,-1.0099999904632568,-1.2575487383658002,-2.436059477605018,-0.0790379991265826,random,2030,edge_gnn,edge_gnn,none,none,721e3c494613d3aa378fb20e47d69b51245b538e
esol,ec688ee4a0e28848,O=[N+]([O-])c1cccc([N+](=O)[O-])c1,aqueous_solubility,log10(mol/L),train,,-2.2899999618530273,-0.16541385387756158,-1.3439245931167791,1.013096885361656,random,2030,edge_gnn,edge_gnn,none,none,721e3c494613d3aa378fb20e47d69b51245b538e
esol,c6bfe39ba4dc7a2a,O=[N+]([O-])c1cccc2ccccc12,aqueous_solubility,log10(mol/L),validation,,-3.5399999618530273,-3.6019330524488726,-4.78044379168809,-2.423422313209655,random,2030,edge_gnn,edge_gnn,none,none,721e3c494613d3aa378fb20e47d69b51245b538e
esol,e7485af5868fe30e,O=[N+]([O-])c1ccccc1,aqueous_solubility,log10(mol/L),train,,-1.7999999523162842,0.06549857040684515,-1.1130121688323724,1.2440093096460627,random,2030,edge_gnn,edge_gnn,none,none,721e3c494613d3aa378fb20e47d69b51245b538e
esol,5f297c0e1cebb1e6,O=[N+]([O-])c1ccccc1Cl,aqueous_solubility,log10(mol/L),train,,-2.549999952316284,-3.564608532717677,-4.743119271956894,-2.3860977934784593,random,2030,edge_gnn,edge_gnn,none,none,721e3c494613d3aa378fb20e47d69b51245b538e
esol,5598414c70a5d146,O=[N+]([O-])c1ccccc1O,aqueous_solubility,log10(mol/L),test,,-1.7400000095367432,-1.283847874370385,-2.4623586136096023,-0.10533713513116738,random,2030,edge_gnn,edge_gnn,none,none,721e3c494613d3aa378fb20e47d69b51245b538e
esol,059b799d8722bb7e,O=[N+]([O-])c1ccccc1[N+](=O)[O-],aqueous_solubility,log10(mol/L),train,,-3.0999999046325684,-0.7168396022087506,-1.8953503414479682,0.4616711370304669,random,2030,edge_gnn,edge_gnn,none,none,721e3c494613d3aa378fb20e47d69b51245b538e
esol,d74439078cde9040,O=c1[nH]c(=O)c2[nH]c(=O)[nH]c2[nH]1,aqueous_solubility,log10(mol/L),train,,-3.930000066757202,-0.16365092285642513,-1.3421616620956427,1.0148598163827924,random,2030,edge_gnn,edge_gnn,none,none,721e3c494613d3aa378fb20e47d69b51245b538e
esol,2ba1a048585b1487,O=c1[nH]c2c(c(=O)n1C1CCCCC1)CCC2,aqueous_solubility,log10(mol/L),calibration,,-4.593999862670898,-3.586969396381715,-4.765480135620932,-2.4084586571424973,random,2030,edge_gnn,edge_gnn,none,none,721e3c494613d3aa378fb20e47d69b51245b538e
esol,d07e545f1899310f,O=c1[nH]c2cc(Cl)ccc2o1,aqueous_solubility,log10(mol/L),train,,-2.8310000896453857,-1.786086409011388,-2.9645971482506055,-0.6075756697721704,random,2030,edge_gnn,edge_gnn,none,none,721e3c494613d3aa378fb20e47d69b51245b538e
esol,4c7d2cc71ad43d92,O=c1[nH]cc(F)c(=O)[nH]1,aqueous_solubility,log10(mol/L),train,,-1.0770000219345093,-3.4500839338662694,-4.6285946731054874,-2.271573194627052,random,2030,edge_gnn,edge_gnn,none,none,721e3c494613d3aa378fb20e47d69b51245b538e
esol,dffd0d1aff11120c,O=c1[nH]cnc2[nH]ncc12,aqueous_solubility,log10(mol/L),train,,-2.2660000324249268,-3.9962866804985504,-5.174797419737768,-2.817775941259333,random,2030,edge_gnn,edge_gnn,none,none,721e3c494613d3aa378fb20e47d69b51245b538e
esol,efd3b4d838ecabb0,O=c1[nH]cnc2nc[nH]c12,aqueous_solubility,log10(mol/L),train,,-2.2960000038146973,-2.2847802209984356,-3.463290960237653,-1.106269481759218,random,2030,edge_gnn,edge_gnn,none,none,721e3c494613d3aa378fb20e47d69b51245b538e
esol,c401593400567088,O=c1c(O)c(-c2ccc(O)cc2O)oc2cc(O)cc(O)c12,aqueous_solubility,log10(mol/L),train,,-3.0829999446868896,-6.736057351509146,-7.9145680907483635,-5.557546612269928,random,2030,edge_gnn,edge_gnn,none,none,721e3c494613d3aa378fb20e47d69b51245b538e
esol,d67cde4d4f9d08e2,O=c1cc[nH]c(=O)[nH]1,aqueous_solubility,log10(mol/L),train,,-1.4880000352859497,-3.7880085672081023,-4.96651930644732,-2.6094978279688847,random,2030,edge_gnn,edge_gnn,none,none,721e3c494613d3aa378fb20e47d69b51245b538e
esol,834dfd465548d669,O=c1ccnc(S)[nH]1,aqueous_solubility,log10(mol/L),train,,-2.2730000019073486,-4.900346068441523,-6.078856807680741,-3.721835329202306,random,2030,edge_gnn,edge_gnn,none,none,721e3c494613d3aa378fb20e47d69b51245b538e
esol,7b29bd731c5c5440,O=c1oc2ccccc2c(O)c1C(CC(O)c1ccc(-c2ccc(Br)cc2)cc1)c1ccccc1,aqueous_solubility,log10(mol/L),train,,-4.445000171661377,-3.915484224546863,-5.093994963786081,-2.7369734853076455,random,2030,edge_gnn,edge_gnn,none,none,721e3c494613d3aa378fb20e47d69b51245b538e
esol,f395281a134eed26,O=c1oc2ccccc2c(O)c1C1CCCc2ccccc21,aqueous_solubility,log10(mol/L),test,,-2.8399999141693115,-4.714131401477033,-5.892642140716251,-3.5356206622378155,random,2030,edge_gnn,edge_gnn,none,none,721e3c494613d3aa378fb20e47d69b51245b538e
esol,e761650b94280ee4,OC(Cn1cncn1)(Cn1cncn1)c1ccc(F)cc1F,aqueous_solubility,log10(mol/L),train,,-1.7999999523162842,-4.123421837563514,-5.301932576802732,-2.9449110983242965,random,2030,edge_gnn,edge_gnn,none,none,721e3c494613d3aa378fb20e47d69b51245b538e
esol,1101da9b7991cc75,OC(Cn1cncn1)(c1ccc(F)cc1)c1ccccc1F,aqueous_solubility,log10(mol/L),test,,-3.369999885559082,-3.4386959722267676,-4.617206711465985,-2.26018523298755,random,2030,edge_gnn,edge_gnn,none,none,721e3c494613d3aa378fb20e47d69b51245b538e
esol,6711c4961ef774a1,OC(c1ccc(Cl)cc1)(c1ccc(Cl)cc1)C(Cl)(Cl)Cl,aqueous_solubility,log10(mol/L),calibration,,-5.665999889373779,-5.801673127770229,-6.980183867009447,-4.623162388531012,random,2030,edge_gnn,edge_gnn,none,none,721e3c494613d3aa378fb20e47d69b51245b538e
esol,a2c2454d143b1950,OC(c1ccc(Cl)cc1)(c1cncnc1)c1ccccc1Cl,aqueous_solubility,log10(mol/L),train,,-4.380000114440918,-1.9602789183836602,-3.138789657622878,-0.7817681791444426,random,2030,edge_gnn,edge_gnn,none,none,721e3c494613d3aa378fb20e47d69b51245b538e
esol,b3f3b509e457b989,OC(c1ccccc1)C(O)c1ccccc1,aqueous_solubility,log10(mol/L),validation,,-1.9299999475479126,-1.6784272620495406,-2.856938001288758,-0.49991652281032306,random,2030,edge_gnn,edge_gnn,none,none,721e3c494613d3aa378fb20e47d69b51245b538e
esol,815eaa2e8194a1de,OC(c1ccccc1)c1ccccc1,aqueous_solubility,log10(mol/L),train,,-2.549999952316284,-3.1465051367285612,-4.325015875967779,-1.9679943974893437,random,2030,edge_gnn,edge_gnn,none,none,721e3c494613d3aa378fb20e47d69b51245b538e
esol,ccd31a926e2435b6,OC1C(O)C(O)C(O)C(O)C1O,aqueous_solubility,log10(mol/L),train,,0.3499999940395355,-5.0671566353273745,-6.245667374566592,-3.888645896088157,random,2030,edge_gnn,edge_gnn,none,none,721e3c494613d3aa378fb20e47d69b51245b538e
esol,1dee6b11c4cd6fe7,OC1C=CC2C1C1(Cl)C(Cl)=C(Cl)C2(Cl)C1(Cl)Cl,aqueous_solubility,log10(mol/L),calibration,,-5.460000038146973,-5.476300704595776,-6.654811443834993,-4.297789965356558,random,2030,edge_gnn,edge_gnn,none,none,721e3c494613d3aa378fb20e47d69b51245b538e
esol,d2b075aa3c9f907a,OC1CCCCC1,aqueous_solubility,log10(mol/L),train,,-0.4399999976158142,-4.094379397204084,-5.272890136443301,-2.9158686579648663,random,2030,edge_gnn,edge_gnn,none,none,721e3c494613d3aa378fb20e47d69b51245b538e
esol,a260f3bd66239d10,OC1CCCCCC1,aqueous_solubility,log10(mol/L),train,,-0.8799999952316284,0.26134060191154873,-0.9171701373276688,1.4398513411507663,random,2030,edge_gnn,edge_gnn,none,none,721e3c494613d3aa378fb20e47d69b51245b538e
esol,cd07d7b7d929883b,OC1CCCCCCC1,aqueous_solubility,log10(mol/L),calibration,,-1.2899999618530273,-0.9935632537710348,-2.1720739930102524,0.18494748546818274,random,2030,edge_gnn,edge_gnn,none,none,721e3c494613d3aa378fb20e47d69b51245b538e
esol,ee355a6432d1756f,OC1COC(O)C(O)C1O,aqueous_solubility,log10(mol/L),train,,0.38999998569488525,-0.38857160204867247,-1.56708234128789,0.7899391371905451,random,2030,edge_gnn,edge_gnn,none,none,721e3c494613d3aa378fb20e47d69b51245b538e
esol,ad18eddfa134971c,OCC(O)C(O)C(O)C(O)CO,aqueous_solubility,log10(mol/L),train,,0.5750000160187483,-4.051780087940562,-5.23029082717978,-2.8732693487013448,random,2030,edge_gnn,edge_gnn,none,none,721e3c494613d3aa378fb20e47d69b51245b538e
esol,5aedb2f44a5cfe15,OCC(O)C(O)CO,aqueous_solubility,log10(mol/L),train,,0.699999988079071,-2.3769532918731935,-3.555464031112411,-1.198442552633976,random,2030,edge_gnn,edge_gnn,none,none,721e3c494613d3aa378fb20e47d69b51245b538e
esol,5a22885eb34ba977,OCC(O)C1OC2OC(C(Cl)(Cl)Cl)OC2C1O,aqueous_solubility,log10(mol/L),calibration,,-1.840000033378601,-0.5446534455983674,-1.723164184837585,0.6338572936408502,random,2030,edge_gnn,edge_gnn,none,none,721e3c494613d3aa378fb20e47d69b51245b538e
esol,ecae793a151a86c7,OCC(O)CO,aqueous_solubility,log10(mol/L),train,,1.1200000047683716,-2.346267833612392,-3.5247785728516097,-1.1677570943731745,random,2030,edge_gnn,edge_gnn,none,none,721e3c494613d3aa378fb20e47d69b51245b538e
esol,23e4b685b19bde7d,OCC1OC(O)(CO)C(O)C1O,aqueous_solubility,log10(mol/L),calibration,,0.6399999856948853,0.6776920741595909,-0.5008186650796267,1.8562028133988084,random,2030,edge_gnn,edge_gnn,none,none,721e3c494613d3aa378fb20e47d69b51245b538e
esol,8d06c6c063ad1f13,OCC1OC(O)C(O)C(O)C1O,aqueous_solubility,log10(mol/L),train,,0.7400000095367432,-4.2787505182252605,-5.457261257464478,-3.100239778986043,random,2030,edge_gnn,edge_gnn,none,none,721e3c494613d3aa378fb20e47d69b51245b538e
esol,20a6ee58628f6410,OCC1OC(OC2(CO)OC(CO)C(O)C2O)C(O)C(O)C1O,aqueous_solubility,log10(mol/L),train,,0.7900000214576721,-7.215602596320325,-8.394113335559542,-6.037091857081108,random,2030,edge_gnn,edge_gnn,none,none,721e3c494613d3aa378fb20e47d69b51245b538e
esol,74372de6e813da3c,OCC1OC(OC2C(CO)OC(O)C(O)C2O)C(O)C(O)C1O,aqueous_solubility,log10(mol/L),train,,-0.24400000274181366,-1.8329712403389198,-3.0114819795781376,-0.6544605010997022,random,2030,edge_gnn,edge_gnn,none,none,721e3c494613d3aa378fb20e47d69b51245b538e
esol,3bb6576d1676177b,OCC1OC(OCC2OC(OC3(CO)OC(CO)C(O)C3O)C(O)C(O)C2O)C(O)C(O)C1O,aqueous_solubility,log10(mol/L),train,,-0.4099999964237213,-4.071948389726696,-5.250459128965914,-2.8934376504874786,random,2030,edge_gnn,edge_gnn,none,none,721e3c494613d3aa378fb20e47d69b51245b538e
esol,cafb5394ad49e2da,OCC1OC(n2cnc3c(O)ncnc32)C(O)C1O,aqueous_solubility,log10(mol/L),train,,-1.2300000190734863,-4.0380664047199355,-5.216577143959153,-2.859555665480718,random,2030,edge_gnn,edge_gnn,none,none,721e3c494613d3aa378fb20e47d69b51245b538e
esol,347360ba4eef9a17,OCCOc1ccccc1,aqueous_solubility,log10(mol/L),train,,-0.699999988079071,-4.507391847315557,-5.685902586554775,-3.32888110807634,random,2030,edge_gnn,edge_gnn,none,none,721e3c494613d3aa378fb20e47d69b51245b538e
esol,8a2610c4845c31dd,OCc1ccccc1,aqueous_solubility,log10(mol/L),train,,-0.4000000059604645,-1.5978988842174626,-2.77640962345668,-0.41938814497824506,random,2030,edge_gnn,edge_gnn,none,none,721e3c494613d3aa378fb20e47d69b51245b538e
esol,21fced0c0e248caf,OCc1ccccc1OC1OC(CO)C(O)C(O)C1O,aqueous_solubility,log10(mol/L),train,,-0.8500000238418579,-3.790935809836084,-4.969446549075302,-2.6124250705968666,random,2030,edge_gnn,edge_gnn,none,none,721e3c494613d3aa378fb20e47d69b51245b538e
esol,3beaac315c00705a,Oc1c(Cl)c(Cl)c(Cl)c(Cl)c1Cl,aqueous_solubility,log10(mol/L),train,,-4.28000020980835,-1.269994723549653,-2.4485054627888703,-0.09148398431043536,random,2030,edge_gnn,edge_gnn,none,none,721e3c494613d3aa378fb20e47d69b51245b538e
esol,ace4936ebfc84643,Oc1c(Cl)c(Cl)cc(Cl)c1Cl,aqueous_solubility,log10(mol/L),calibration,,-3.369999885559082,-3.2309453568132422,-4.40945609605246,-2.0524346175740247,random,2030,edge_gnn,edge_gnn,none,none,721e3c494613d3aa378fb20e47d69b51245b538e
esol,68fb3cd38ab259db,Oc1c(Cl)cc(Cl)c(Cl)c1Cl,aqueous_solubility,log10(mol/L),validation,,-3.0999999046325684,-3.2022389381208223,-4.38074967736004,-2.0237281988816047,random,2030,edge_gnn,edge_gnn,none,none,721e3c494613d3aa378fb20e47d69b51245b538e
esol,ff5529c308a61bd5,Oc1c(Cl)cc(Cl)cc1Cl,aqueous_solubility,log10(mol/L),train,,-2.3399999141693115,-8.66765901216423,-9.846169751403448,-7.489148272925012,random,2030,edge_gnn,edge_gnn,none,none,721e3c494613d3aa378fb20e47d69b51245b538e
esol,47fd413d31b8b8eb,Oc1c(Cl)ccc(Cl)c1Cl,aqueous_solubility,log10(mol/L),train,,-2.640000104904175,-4.01429610457614,-5.192806843815357,-2.835785365336922,random,2030,edge_gnn,edge_gnn,none,none,721e3c494613d3aa378fb20e47d69b51245b538e
esol,f2b15729f987cf3b,Oc1c(Cl)cccc1Cl,aqueous_solubility,log10(mol/L),train,,-1.7899999618530273,-2.1788665321833554,-3.357377271422573,-1.0003557929441378,random,2030,edge_gnn,edge_gnn,none,none,721e3c494613d3aa378fb20e47d69b51245b538e
esol,42fadcd62d5dfa18,Oc1c2ccccc2cc2ccccc12,aqueous_solubility,log10(mol/L),train,,-4.730000019073486,-1.734613844280134,-2.9131245835193518,-0.5561031050409164,random,2030,edge_gnn,edge_gnn,none,none,721e3c494613d3aa378fb20e47d69b51245b538e
esol,f69f5a78d0052c90,Oc1cc(Cl)c(Cl)c(Cl)c1Cl,aqueous_solubility,log10(mol/L),train,,-3.1500000953674316,-3.7064624102137933,-4.88497314945301,-2.5279516709745757,random,2030,edge_gnn,edge_gnn,none,none,721e3c494613d3aa378fb20e47d69b51245b538e
esol,5201b0d96bea2487,Oc1cc(Cl)c(Cl)cc1Cl,aqueous_solubility,log10(mol/L),train,,-2.2100000381469727,-1.1162717811186933,-2.294782520357911,0.06223895812052427,random,2030,edge_gnn,edge_gnn,none,none,721e3c494613d3aa378fb20e47d69b51245b538e
esol,83266a15b21d9a5e,Oc1cc(Cl)cc(Cl)c1,aqueous_solubility,log10(mol/L),validation,,-1.340000033378601,-1.8706689983287406,-3.0491797375679583,-0.692158259089523,random,2030,edge_gnn,edge_gnn,none,none,721e3c494613d3aa378fb20e47d69b51245b538e
esol,aefc79dc4755abd1,Oc1cc(Cl)cc(Cl)c1Cl,aqueous_solubility,log10(mol/L),calibration,,-2.6700000762939453,-2.452627427658201,-3.6311381668974185,-1.2741166884189834,random,2030,edge_gnn,edge_gnn,none,none,721e3c494613d3aa378fb20e47d69b51245b538e
esol,1d86e9c441b31155,Oc1cc(Cl)ccc1Oc1ccc(Cl)cc1Cl,aqueous_solubility,log10(mol/L),train,,-4.460000038146973,-3.676412535643022,-4.854923274882239,-2.4979017964038044,random,2030,edge_gnn,edge_gnn,none,none,721e3c494613d3aa378fb20e47d69b51245b538e
esol,1d621a1129d76fde,Oc1ccc(-c2ccccc2)cc1,aqueous_solubility,log10(mol/L),train,,-3.4800000190734863,-4.450773678780162,-5.629284418019379,-3.272262939540944,random,2030,edge_gnn,edge_gnn,none,none,721e3c494613d3aa378fb20e47d69b51245b538e
esol,6ccb98da78f7e118,Oc1ccc(Br)cc1,aqueous_solubility,log10(mol/L),train,,-1.090000033378601,-3.883928276516072,-5.06243901575529,-2.7054175372768543,random,2030,edge_gnn,edge_gnn,none,none,721e3c494613d3aa378fb20e47d69b51245b538e
esol,1645a8e7ef24eacf,Oc1ccc(Cl)c(Cl)c1,aqueous_solubility,log10(mol/L),train,,-1.25,-1.0093840899457573,-2.187894829184975,0.16912664929346022,random,2030,edge_gnn,edge_gnn,none,none,721e3c494613d3aa378fb20e47d69b51245b538e
esol,12d83c9e4cfe8609,Oc1ccc(Cl)c(Cl)c1Cl,aqueous_solubility,log10(mol/L),train,,-2.6700000762939453,-5.078355927771076,-6.256866667010294,-3.8998451885318586,random,2030,edge_gnn,edge_gnn,none,none,721e3c494613d3aa378fb20e47d69b51245b538e
esol,d0f354a94dd9e30c,Oc1ccc(Cl)cc1,aqueous_solubility,log10(mol/L),calibration,,-0.699999988079071,-1.035384357795979,-2.2138950970351967,0.14312638144323864,random,2030,edge_gnn,edge_gnn,none,none,721e3c494613d3aa378fb20e47d69b51245b538e
esol,574d72e0485c2a4c,Oc1ccc(Cl)cc1Cc1cc(Cl)ccc1O,aqueous_solubility,log10(mol/L),calibration,,-3.953000068664551,-3.042961478527781,-4.2214722177669985,-1.8644507392885634,random,2030,edge_gnn,edge_gnn,none,none,721e3c494613d3aa378fb20e47d69b51245b538e
esol,3146d92924b6ceda,Oc1ccc(Cl)cc1Cl,aqueous_solubility,log10(mol/L),train,,-1.5499999523162842,-3.536134875420276,-4.714645614659494,-2.3576241361810584,random,2030,edge_gnn,edge_gnn,none,none,721e3c494613d3aa378fb20e47d69b51245b538e
esol,9b903cfe28e8dec2,Oc1ccc(O)cc1,aqueous_solubility,log10(mol/L),train,,-0.17000000178813934,0.23997398895436461,-0.938536750284853,1.4184847281935822,random,2030,edge_gnn,edge_gnn,none,none,721e3c494613d3aa378fb20e47d69b51245b538e
esol,49fae57f275a6265,Oc1ccc2c(c1)CCCC2,aqueous_solubility,log10(mol/L),validation,,-1.9900000095367432,-2.5715018891218357,-3.7500126283610533,-1.3929911498826182,random,2030,edge_gnn,edge_gnn,none,none,721e3c494613d3aa378fb20e47d69b51245b538e
esol,7daf411051bf1f30,Oc1ccc2ccccc2c1,aqueous_solubility,log10(mol/L),validation,,-2.2799999713897705,-2.4182454787444154,-3.596756217983633,-1.2397347395051979,random,2030,edge_gnn,edge_gnn,none,none,721e3c494613d3aa378fb20e47d69b51245b538e
esol,068adc1c3a01e09a,Oc1ccc2ncccc2c1,aqueous_solubility,log10(mol/L),test,,-2.1600000858306885,-1.8459039428463409,-3.0244146820855584,-0.6673932036071233,random,2030,edge_gnn,edge_gnn,none,none,721e3c494613d3aa378fb20e47d69b51245b538e
esol,e25e7ed45d0af63a,Oc1cccc(Cl)c1,aqueous_solubility,log10(mol/L),train,,-0.699999988079071,-3.7463813679333717,-4.924892107172589,-2.567870628694154,random,2030,edge_gnn,edge_gnn,none,none,721e3c494613d3aa378fb20e47d69b51245b538e
esol,37986dfa66563881,Oc1cccc(Cl)c1Cl,aqueous_solubility,log10(mol/L),train,,-1.2999999523162842,-0.7209392305515898,-1.8994499697908074,0.45757150868762775,random,2030,edge_gnn,edge_gnn,none,none,721e3c494613d3aa378fb20e47d69b51245b538e
esol,084f0a95be5b9a25,Oc1cccc(O)c1,aqueous_solubility,log10(mol/L),test,,0.8100000023841858,-0.1785060200182098,-1.3570167592574274,1.0000047192210078,random,2030,edge_gnn,edge_gnn,none,none,721e3c494613d3aa378fb20e47d69b51245b538e
esol,34e720a34db81320,Oc1cccc2ccccc12,aqueous_solubility,log10(mol/L),train,,-2.2200000286102295,-3.060174538508639,-4.238685277747857,-1.8816637992694214,random,2030,edge_gnn,edge_gnn,none,none,721e3c494613d3aa378fb20e47d69b51245b538e
esol,3ded71ac51eeff27,Oc1cccc2cccnc12,aqueous_solubility,log10(mol/L),train,,-2.4200000762939453,-2.6708264119308742,-3.849337151170092,-1.4923156726916567,random,2030,edge_gnn,edge_gnn,none,none,721e3c494613d3aa378fb20e47d69b51245b538e
esol,409af28e16979e80,Oc1cccc2ncccc12,aqueous_solubility,log10(mol/L),train,,-2.5399999618530273,-1.5585517373504174,-2.737062476589635,-0.38004099811119985,random,2030,edge_gnn,edge_gnn,none,none,721e3c494613d3aa378fb20e47d69b51245b538e
esol,2e890eb023abb6b6,Oc1ccccc1,aqueous_solubility,log10(mol/L),train,,0.0,0.4429891084796598,-0.7355216307595578,1.6214998477188773,random,2030,edge_gnn,edge_gnn,none,none,721e3c494613d3aa378fb20e47d69b51245b538e
esol,9c5ba45c0976f989,Oc1ccccc1Cl,aqueous_solubility,log10(mol/L),train,,-1.059999942779541,-6.310186253599669,-7.488696992838887,-5.1316755143604516,random,2030,edge_gnn,edge_gnn,none,none,721e3c494613d3aa378fb20e47d69b51245b538e
esol,f8f88ccdc1aea39d,Oc1ccccc1O,aqueous_solubility,log10(mol/L),train,,0.6200000047683716,-4.302064378950531,-5.480575118189749,-3.1235536397113135,random,2030,edge_gnn,edge_gnn,none,none,721e3c494613d3aa378fb20e47d69b51245b538e
esol,d40cc33ca3b960af,Oc1ccccn1,aqueous_solubility,log10(mol/L),train,,1.0199999809265137,-4.713417473707704,-5.8919282129469215,-3.5349067344684864,random,2030,edge_gnn,edge_gnn,none,none,721e3c494613d3aa378fb20e47d69b51245b538e
esol,132a9e790a3605bd,Oc1ccncc1,aqueous_solubility,log10(mol/L),train,,1.0199999809265137,-4.272862474957874,-5.451373214197091,-3.0943517357186563,random,2030,edge_gnn,edge_gnn,none,none,721e3c494613d3aa378fb20e47d69b51245b538e
esol,a09b72bf3065ba5b,Oc1ncc2nccnc2n1,aqueous_solubility,log10(mol/L),train,,-1.9470000267028809,-3.7578021937156394,-4.936312932954857,-2.579291454476422,random,2030,edge_gnn,edge_gnn,none,none,721e3c494613d3aa378fb20e47d69b51245b538e
esol,eb1ba46c82d06028,Sc1ccccc1,aqueous_solubility,log10(mol/L),test,,-2.119999885559082,-2.1408312386312724,-3.31934197787049,-0.9623204993920549,random,2030,edge_gnn,edge_gnn,none,none,721e3c494613d3aa378fb20e47d69b51245b538e
esol,53eadfaa30a28b1e,Sc1nc2ccccc2s1,aqueous_solubility,log10(mol/L),train,,-3.180000066757202,-3.417031311141815,-4.595542050381033,-2.2385205719025976,random,2030,edge_gnn,edge_gnn,none,none,721e3c494613d3aa378fb20e47d69b51245b538e
esol,797be817db1564f7,c1cc2c3c(c4ccc5ccccc5c4cc3c1)CC2,aqueous_solubility,log10(mol/L),train,,-7.849999904632568,-3.7049562736748043,-4.883467012914021,-2.5264455344355867,random,2030,edge_gnn,edge_gnn,none,none,721e3c494613d3aa378fb20e47d69b51245b538e
esol,acff556887e1b591,c1cc2c3c(cccc3c1)CC2,aqueous_solubility,log10(mol/L),calibration,,-4.630000114440918,-6.400527195824474,-7.579037935063692,-5.222016456585257,random,2030,edge_gnn,edge_gnn,none,none,721e3c494613d3aa378fb20e47d69b51245b538e
esol,075c09059a47afaf,c1cc2ccc3ccc4ccc5ccc6ccc1c1c2c3c4c5c61,aqueous_solubility,log10(mol/L),train,,-9.331999778747559,-2.8272586749222164,-4.005769414161434,-1.6487479356829988,random,2030,edge_gnn,edge_gnn,none,none,721e3c494613d3aa378fb20e47d69b51245b538e
esol,ee187c15393c12d9,c1cc2ccc3ccc4ccc5cccc6c(c1)c2c3c4c56,aqueous_solubility,log10(mol/L),train,,-9.017999649047852,-2.9390817276961507,-4.117592466935369,-1.7605709884569332,random,2030,edge_gnn,edge_gnn,none,none,721e3c494613d3aa378fb20e47d69b51245b538e
esol,23bf38caf7a251b5,c1cc2ccc3cccc4ccc(c1)c2c34,aqueous_solubility,log10(mol/L),train,,-6.176000118255615,-5.613566596372294,-6.792077335611512,-4.435055857133077,random,2030,edge_gnn,edge_gnn,none,none,721e3c494613d3aa378fb20e47d69b51245b538e
esol,2ae996bfabe8a242,c1cc2cccc3c4cccc5cccc(c(c1)c23)c54,aqueous_solubility,log10(mol/L),calibration,,-8.803999900817871,-7.4519859857301505,-8.630496724969369,-6.273475246490933,random,2030,edge_gnn,edge_gnn,none,none,721e3c494613d3aa378fb20e47d69b51245b538e
esol,28cdc5dc458e073d,c1ccc(-c2ccc(-c3ccccc3)cc2)cc1,aqueous_solubility,log10(mol/L),train,,-7.110000133514404,-1.1678687375764993,-2.346379476815717,0.010642001662718226,random,2030,edge_gnn,edge_gnn,none,none,721e3c494613d3aa378fb20e47d69b51245b538e
esol,03857fb18d8cb81d,c1ccc(-c2ccccc2)cc1,aqueous_solubility,log10(mol/L),test,,-4.34499979019165,-4.133207656473452,-5.31171839571267,-2.9546969172342346,random,2030,edge_gnn,edge_gnn,none,none,721e3c494613d3aa378fb20e47d69b51245b538e
esol,10d1aaeb741ae67d,c1ccc(C2CO2)cc1,aqueous_solubility,log10(mol/L),test,,-1.600000023841858,-2.4993375302420464,-3.677848269481264,-1.3208267910028288,random,2030,edge_gnn,edge_gnn,none,none,721e3c494613d3aa378fb20e47d69b51245b538e
esol,545e9105a6579e7d,c1ccc(CCc2ccccc2)cc1,aqueous_solubility,log10(mol/L),validation,,-4.619999885559082,-4.537834009993544,-5.7163447492327615,-3.3593232707543264,random,2030,edge_gnn,edge_gnn,none,none,721e3c494613d3aa378fb20e47d69b51245b538e
esol,9bbe47f36a3bdefa,c1ccc(Cc2ccccc2)cc1,aqueous_solubility,log10(mol/L),calibration,,-4.079999923706055,-4.504186931066743,-5.68269767030596,-3.325676191827525,random,2030,edge_gnn,edge_gnn,none,none,721e3c494613d3aa378fb20e47d69b51245b538e
esol,f09f4fd0db478819,c1ccc(N=Nc2ccccc2)cc1,aqueous_solubility,log10(mol/L),train,,-4.449999809265137,-0.6178472532496229,-1.7963579924888404,0.5606634859895947,random,2030,edge_gnn,edge_gnn,none,none,721e3c494613d3aa378fb20e47d69b51245b538e
esol,d0cc06f38fc23dc0,c1ccc(NNc2ccccc2)cc1,aqueous_solubility,log10(mol/L),train,,-2.9200000762939453,-0.5776238133474547,-1.7561345525866723,0.6008869258917628,random,2030,edge_gnn,edge_gnn,none,none,721e3c494613d3aa378fb20e47d69b51245b538e
esol,e208b87a10a8a69f,c1ccc(Nc2ccccc2)cc1,aqueous_solubility,log10(mol/L),validation,,-3.503999948501587,-4.145072432038415,-5.323583171277632,-2.966561692799197,random,2030,edge_gnn,edge_gnn,none,none,721e3c494613d3aa378fb20e47d69b51245b538e
esol,be134013772d5968,c1ccc(Oc2ccccc2)cc1,aqueous_solubility,log10(mol/L),train,,-3.9600000381469727,-3.691077512792723,-4.8695882520319405,-2.5125667735535053,random,2030,edge_gnn,edge_gnn,none,none,721e3c494613d3aa378fb20e47d69b51245b538e
esol,043c2e23f851d45f,c1ccc2[nH]ccc2c1,aqueous_solubility,log10(mol/L),train,,-1.5199999809265137,-5.56703853969252,-6.745549278931738,-4.388527800453303,random,2030,edge_gnn,edge_gnn,none,none,721e3c494613d3aa378fb20e47d69b51245b538e
esol,f272883f418f13bd,c1ccc2[nH]ncc2c1,aqueous_solubility,log10(mol/L),train,,-2.1600000858306885,-6.840986945331355,-8.019497684570574,-5.662476206092138,random,2030,edge_gnn,edge_gnn,none,none,721e3c494613d3aa378fb20e47d69b51245b538e
esol,cef035936674febe,c1ccc2[nH]nnc2c1,aqueous_solubility,log10(mol/L),train,,-0.7799999713897705,-2.613031505231771,-3.7915422444709885,-1.4345207659925534,random,2030,edge_gnn,edge_gnn,none,none,721e3c494613d3aa378fb20e47d69b51245b538e
esol,858996c131e6717c,c1ccc2c(c1)-c1cccc3c1c-2cc1ccccc13,aqueous_solubility,log10(mol/L),calibration,,-8.229999542236328,-7.815809329782372,-8.99432006902159,-6.637298590543154,random,2030,edge_gnn,edge_gnn,none,none,721e3c494613d3aa378fb20e47d69b51245b538e
esol,ba95d41fcaa26d7b,c1ccc2c(c1)-c1cccc3cccc-2c13,aqueous_solubility,log10(mol/L),train,,-6.0,-3.92317411855916,-5.101684857798378,-2.7446633793199426,random,2030,edge_gnn,edge_gnn,none,none,721e3c494613d3aa378fb20e47d69b51245b538e
esol,f9f080dc7bc9c455,c1ccc2c(c1)CCC2,aqueous_solubility,log10(mol/L),train,,-3.0399999618530273,-4.693498270769519,-5.872009010008736,-3.514987531530301,random,2030,edge_gnn,edge_gnn,none,none,721e3c494613d3aa378fb20e47d69b51245b538e
esol,3426417016495efe,c1ccc2c(c1)CCCC2,aqueous_solubility,log10(mol/L),validation,,-4.369999885559082,-4.07941063174045,-5.257921370979668,-2.900899892501233,random,2030,edge_gnn,edge_gnn,none,none,721e3c494613d3aa378fb20e47d69b51245b538e
esol,ca7ddb86099a1f31,c1ccc2c(c1)CCN2,aqueous_solubility,log10(mol/L),train,,-1.0399999618530273,-1.6716146072568991,-2.8501253464961165,-0.4931038680176816,random,2030,edge_gnn,edge_gnn,none,none,721e3c494613d3aa378fb20e47d69b51245b538e
esol,9eec1c422eb0736e,c1ccc2c(c1)Cc1c-2ccc2ccccc12,aqueous_solubility,log10(mol/L),train,,-6.679999828338623,-4.414366011861054,-5.592876751100271,-3.235855272621836,random,2030,edge_gnn,edge_gnn,none,none,721e3c494613d3aa378fb20e47d69b51245b538e
esol,e917e96074d0112a,c1ccc2c(c1)Cc1cc3ccccc3cc1-2,aqueous_solubility,log10(mol/L),train,,-8.039999961853027,-0.7179328868966826,-1.8964436261359001,0.460577852342535,random,2030,edge_gnn,edge_gnn,none,none,721e3c494613d3aa378fb20e47d69b51245b538e
esol,2bcb3025945f885d,c1ccc2c(c1)Cc1ccccc1-2,aqueous_solubility,log10(mol/L),calibration,,-5.0,-6.184416882368026,-7.362927621607244,-5.005906143128809,random,2030,edge_gnn,edge_gnn,none,none,721e3c494613d3aa378fb20e47d69b51245b538e
esol,32aefa1fca7e764e,c1ccc2c(c1)[nH]c1ccccc12,aqueous_solubility,log10(mol/L),train,,-5.269999980926514,-0.9601659675608394,-2.138676706800057,0.21834477167837818,random,2030,edge_gnn,edge_gnn,none,none,721e3c494613d3aa378fb20e47d69b51245b538e
esol,7f4d532e99809c67,c1ccc2c(c1)c1cccc3ccc4cccc2c4c31,aqueous_solubility,log10(mol/L),test,,-7.800000190734863,-7.54939051088564,-8.727901250124859,-6.370879771646423,random,2030,edge_gnn,edge_gnn,none,none,721e3c494613d3aa378fb20e47d69b51245b538e
esol,8b5d8475b535b0bc,c1ccc2c(c1)c1ccccc1c1ccccc21,aqueous_solubility,log10(mol/L),train,,-6.72599983215332,-1.8291492856169134,-3.007660024856131,-0.6506385463776958,random,2030,edge_gnn,edge_gnn,none,none,721e3c494613d3aa378fb20e47d69b51245b538e
esol,0a42b5468f3cec71,c1ccc2c(c1)cc1ccc3cccc4ccc2c1c34,aqueous_solubility,log10(mol/L),train,,-8.699000358581543,-4.248635230763803,-5.4271459700030205,-3.0701244915245853,random,2030,edge_gnn,edge_gnn,none,none,721e3c494613d3aa378fb20e47d69b51245b538e
esol,abc2212d577a0a52,c1ccc2c(c1)ccc1c2ccc2c3ccccc3ccc21,aqueous_solubility,log10(mol/L),calibration,,-7.869999885559082,-6.980747736483428,-8.159258475722645,-5.8022369972442105,random,2030,edge_gnn,edge_gnn,none,none,721e3c494613d3aa378fb20e47d69b51245b538e
esol,0b54a7f3ed5c794f,c1ccc2c(c1)ccc1c3ccccc3ccc21,aqueous_solubility,log10(mol/L),validation,,-8.057000160217285,-6.517153648996595,-7.695664388235812,-5.338642909757377,random,2030,edge_gnn,edge_gnn,none,none,721e3c494613d3aa378fb20e47d69b51245b538e
esol,7fa04ee43db30bc0,c1ccc2c(c1)ccc1ccccc12,aqueous_solubility,log10(mol/L),train,,-5.260000228881836,-4.335714359509899,-5.514225098749116,-3.157203620270681,random,2030,edge_gnn,edge_gnn,none,none,721e3c494613d3aa378fb20e47d69b51245b538e
esol,51da36469766fc21,c1ccc2c(c1)cnc1ccccc12,aqueous_solubility,log10(mol/L),calibration,,-2.7799999713897705,-3.932083518276038,-5.110594257515256,-2.7535727790368205,random,2030,edge_gnn,edge_gnn,none,none,721e3c494613d3aa378fb20e47d69b51245b538e
esol,afc851d31ce87445,c1ccc2c(c1)oc1ccccc12,aqueous_solubility,log10(mol/L),test,,-4.599999904632568,-4.183700604818624,-5.362211344057841,-3.005189865579406,random,2030,edge_gnn,edge_gnn,none,none,721e3c494613d3aa378fb20e47d69b51245b538e
esol,a270f9ffb22d606f,c1ccc2c(c1)sc1ccccc12,aqueous_solubility,log10(mol/L),validation,,-4.380000114440918,-5.086943624746871,-6.2654543639860885,-3.9084328855076533,random,2030,edge_gnn,edge_gnn,none,none,721e3c494613d3aa378fb20e47d69b51245b538e
esol,aaf3871c0ae0900f,c1ccc2c3c(ccc2c1)-c1cccc2cccc-3c12,aqueous_solubility,log10(mol/L),train,,-8.0,-2.0976229650025715,-3.276133704241789,-0.9191122257633539,random,2030,edge_gnn,edge_gnn,none,none,721e3c494613d3aa378fb20e47d69b51245b538e
esol,23d82fe5f429d7a9,c1ccc2cc3c(cc2c1)-c1cccc2cccc-3c12,aqueous_solubility,log10(mol/L),calibration,,-8.489999771118164,-7.9939150691445615,-9.172425808383778,-6.815404329905344,random,2030,edge_gnn,edge_gnn,none,none,721e3c494613d3aa378fb20e47d69b51245b538e
esol,7d36e8549432d64d,c1ccc2cc3cc4ccccc4cc3cc2c1,aqueous_solubility,log10(mol/L),train,,-8.600000381469727,0.5635913028998178,-0.6149194363393997,1.7421020421390354,random,2030,edge_gnn,edge_gnn,none,none,721e3c494613d3aa378fb20e47d69b51245b538e
esol,c4ee64098e4aa12f,c1ccc2cc3ccccc3cc2c1,aqueous_solubility,log10(mol/L),train,,-6.349999904632568,-3.3274325245248955,-4.505943263764113,-2.148921785285678,random,2030,edge_gnn,edge_gnn,none,none,721e3c494613d3aa378fb20e47d69b51245b538e
esol,da702d9864f1c117,c1ccc2ccccc2c1,aqueous_solubility,log10(mol/L),validation,,-3.5999999046325684,-3.7061716792464106,-4.884682418485628,-2.527660940007193,random,2030,edge_gnn,edge_gnn,none,none,721e3c494613d3aa378fb20e47d69b51245b538e
esol,9ca1add01351675c,c1ccc2cnccc2c1,aqueous_solubility,log10(mol/L),train,,-1.4500000476837158,-5.140938338968217,-6.319449078207435,-3.9624275997289997,random,2030,edge_gnn,edge_gnn,none,none,721e3c494613d3aa378fb20e47d69b51245b538e
esol,efcaebe6e1d57dd8,c1ccc2nc(-c3ccc4ccccc4n3)ccc2c1,aqueous_solubility,log10(mol/L),calibration,,-5.400000095367432,-4.822404685279505,-6.000915424518722,-3.6438939460402873,random,2030,edge_gnn,edge_gnn,none,none,721e3c494613d3aa378fb20e47d69b51245b538e
esol,85d224abca7da7f7,c1ccc2nc3ccccc3cc2c1,aqueous_solubility,log10(mol/L),train,,-3.6700000762939453,-4.226898975049217,-5.405409714288434,-3.048388235809999,random,2030,edge_gnn,edge_gnn,none,none,721e3c494613d3aa378fb20e47d69b51245b538e
esol,6605621e5bb09b5b,c1ccc2ncccc2c1,aqueous_solubility,log10(mol/L),calibration,,-1.2999999523162842,-1.765405842919306,-2.943916582158524,-0.5868951036800885,random,2030,edge_gnn,edge_gnn,none,none,721e3c494613d3aa378fb20e47d69b51245b538e
esol,974e231cb1343190,c1ccc2ocnc2c1,aqueous_solubility,log10(mol/L),train,,-1.159999966621399,-4.4219657660268785,-5.600476505266096,-3.243455026787661,random,2030,edge_gnn,edge_gnn,none,none,721e3c494613d3aa378fb20e47d69b51245b538e
esol,5ef8ef9683725da1,c1ccc2scnc2c1,aqueous_solubility,log10(mol/L),train,,-1.5,-2.440635674128964,-3.6191464133681817,-1.2621249348897465,random,2030,edge_gnn,edge_gnn,none,none,721e3c494613d3aa378fb20e47d69b51245b538e
esol,e3e14b72b0c1eee5,c1ccccc1,aqueous_solubility,log10(mol/L),train,,-1.6399999856948853,-0.5148877417822195,-1.693398481021437,0.663622997456998,random,2030,edge_gnn,edge_gnn,none,none,721e3c494613d3aa378fb20e47d69b51245b538e
esol,495345b0563a50a0,c1ccncc1,aqueous_solubility,log10(mol/L),train,,0.7599999904632568,-1.6579556135022562,-2.836466352741474,-0.4794448742630386,random,2030,edge_gnn,edge_gnn,none,none,721e3c494613d3aa378fb20e47d69b51245b538e
esol,593bada07a65209c,c1ccnnc1,aqueous_solubility,log10(mol/L),train,,1.100000023841858,-3.2912963179481896,-4.469807057187407,-2.112785578708972,random,2030,edge_gnn,edge_gnn,none,none,721e3c494613d3aa378fb20e47d69b51245b538e
esol,d626cfeba6db6df0,c1ccoc1,aqueous_solubility,log10(mol/L),train,,-0.8199999928474426,0.7086499704868117,-0.4698607687524059,1.8871607097260292,random,2030,edge_gnn,edge_gnn,none,none,721e3c494613d3aa378fb20e47d69b51245b538e
esol,f1e6672b0806900d,c1ccsc1,aqueous_solubility,log10(mol/L),train,,-1.3300000429153442,-0.7289588383340129,-1.9074695775732304,0.4495519009052047,random,2030,edge_gnn,edge_gnn,none,none,721e3c494613d3aa378fb20e47d69b51245b538e
esol,d72a83266a26ee75,c1cnc2c(c1)ccc1ncccc12,aqueous_solubility,log10(mol/L),validation,,-2.680000066757202,-3.0445051509956653,-4.223015890234883,-1.8659944117564478,random,2030,edge_gnn,edge_gnn,none,none,721e3c494613d3aa378fb20e47d69b51245b538e
esol,363c54343f9cb2c9,c1cnc2ncncc2n1,aqueous_solubility,log10(mol/L),test,,0.019999999552965164,-0.8351777662793087,-2.0136885055185263,0.34333297295990883,random,2030,edge_gnn,edge_gnn,none,none,721e3c494613d3aa378fb20e47d69b51245b538e
esol,7f841726f00af1d6,c1cncnc1,aqueous_solubility,log10(mol/L),calibration,,1.100000023841858,1.3714643467335352,0.19295360749431767,2.549975085972753,random,2030,edge_gnn,edge_gnn,none,none,721e3c494613d3aa378fb20e47d69b51245b538e
