dataset,molecule_id,smiles,property,units,partition,scaffold,y_true,y_pred,prediction_lower,prediction_upper,split_strategy,seed,model,family,features,fusion,git_commit
freesolv,df22605fe31c3941,BrC(Br)Br,hydration_free_energy,kcal/mol,train,,-2.130000114440918,-2.1096871883654478,-5.122492753909344,0.9031183771784486,random,2034,xgb_rdkit_morgan,xgboost,rdkit+morgan,none,77abfcdbb281d08df2e9fb09cf84b2a648ea9008
freesolv,547de2d39a6410f7,BrCBr,hydration_free_energy,kcal/mol,test,,-1.9600000381469727,-1.1684123097019086,-4.181217875245805,1.8443932558419878,random,2034,xgb_rdkit_morgan,xgboost,rdkit+morgan,none,77abfcdbb281d08df2e9fb09cf84b2a648ea9008
freesolv,a726c11be0067cf9,BrCCBr,hydration_free_energy,kcal/mol,validation,,-2.3299999237060547,-1.7163880147546484,-4.729193580298545,1.296417550789248,random,2034,xgb_rdkit_morgan,xgboost,rdkit+morgan,none,77abfcdbb281d08df2e9fb09cf84b2a648ea9008
freesolv,0c0c46a21a6193f8,BrCc1ccccc1,hydration_free_energy,kcal/mol,validation,,-2.380000114440918,-1.7226729932562872,-4.7354785588001835,1.2901325722876091,random,2034,xgb_rdkit_morgan,xgboost,rdkit+morgan,none,77abfcdbb281d08df2e9fb09cf84b2a648ea9008
freesolv,c53eae19c75b9d3a,Brc1ccc(Br)cc1,hydration_free_energy,kcal/mol,train,,-2.299999952316284,-2.29505038083429,-5.3078559463781865,0.7177551847096062,random,2034,xgb_rdkit_morgan,xgboost,rdkit+morgan,none,77abfcdbb281d08df2e9fb09cf84b2a648ea9008
freesolv,2f717e5e14f94e95,Brc1ccccc1,hydration_free_energy,kcal/mol,train,,-1.4600000381469727,-1.5501591265955388,-4.562964692139435,1.4626464389483576,random,2034,xgb_rdkit_morgan,xgboost,rdkit+morgan,none,77abfcdbb281d08df2e9fb09cf84b2a648ea9008
freesolv,799a4d5aeacde815,C,hydration_free_energy,kcal/mol,train,,2.0,1.9902613637556117,-1.0225442017882846,5.003066929299508,random,2034,xgb_rdkit_morgan,xgboost,rdkit+morgan,none,77abfcdbb281d08df2e9fb09cf84b2a648ea9008
freesolv,7bac3cc21644af9b,C#CC,hydration_free_energy,kcal/mol,train,,-0.47999998927116394,-0.4212934814851086,-3.434099047029005,2.5915120840587877,random,2034,xgb_rdkit_morgan,xgboost,rdkit+morgan,none,77abfcdbb281d08df2e9fb09cf84b2a648ea9008
freesolv,4de45e357be4160e,C#CCC,hydration_free_energy,kcal/mol,train,,-0.1599999964237213,-0.13247601622866156,-3.145281581772558,2.8803295493152348,random,2034,xgb_rdkit_morgan,xgboost,rdkit+morgan,none,77abfcdbb281d08df2e9fb09cf84b2a648ea9008
freesolv,4b665013fe211d04,C#CCCC,hydration_free_energy,kcal/mol,train,,0.009999999776482582,-0.03264908861004212,-3.0454546541539385,2.980156476933854,random,2034,xgb_rdkit_morgan,xgboost,rdkit+morgan,none,77abfcdbb281d08df2e9fb09cf84b2a648ea9008
freesolv,de4570425c5f404b,C#CCCCC,hydration_free_energy,kcal/mol,calibration,,0.28999999165534973,0.25945101864632925,-2.753354546897567,3.2722565841902256,random,2034,xgb_rdkit_morgan,xgboost,rdkit+morgan,none,77abfcdbb281d08df2e9fb09cf84b2a648ea9008
freesolv,91f909baf2cb8a67,C#CCCCCC,hydration_free_energy,kcal/mol,train,,0.6000000238418579,0.6027617929762839,-2.4100437725676125,3.61556735852018,random,2034,xgb_rdkit_morgan,xgboost,rdkit+morgan,none,77abfcdbb281d08df2e9fb09cf84b2a648ea9008
freesolv,d9be4b22d82a6627,C#CCCCCCC,hydration_free_energy,kcal/mol,train,,0.7099999785423279,0.7321772257037971,-2.2806283398400993,3.7449827912476934,random,2034,xgb_rdkit_morgan,xgboost,rdkit+morgan,none,77abfcdbb281d08df2e9fb09cf84b2a648ea9008
freesolv,3a5a694349ed4368,C/C=C/C=O,hydration_free_energy,kcal/mol,train,,-4.21999979019165,-4.200785114510921,-7.213590680054818,-1.187979548967025,random,2034,xgb_rdkit_morgan,xgboost,rdkit+morgan,none,77abfcdbb281d08df2e9fb09cf84b2a648ea9008
freesolv,e32f5981f08df790,C/C=C/CCCC,hydration_free_energy,kcal/mol,calibration,,1.6799999475479126,1.2010592430715246,-1.8117463224723718,4.213864808615421,random,2034,xgb_rdkit_morgan,xgboost,rdkit+morgan,none,77abfcdbb281d08df2e9fb09cf84b2a648ea9008
freesolv,c66a02f97f456f75,C/C=C\CC,hydration_free_energy,kcal/mol,calibration,,1.309999942779541,1.0801386827358845,-1.9326668828080118,4.092944248279781,random,2034,xgb_rdkit_morgan,xgboost,rdkit+morgan,none,77abfcdbb281d08df2e9fb09cf84b2a648ea9008
freesolv,d4efeed1de0c8e90,C1=CC=CCC=C1,hydration_free_energy,kcal/mol,train,,-0.9900000095367432,-0.9690666265913559,-3.9818721921352522,2.0437389389525404,random,2034,xgb_rdkit_morgan,xgboost,rdkit+morgan,none,77abfcdbb281d08df2e9fb09cf84b2a648ea9008
freesolv,609192e51bba544f,C1=CCCC1,hydration_free_energy,kcal/mol,train,,0.5600000023841858,0.4523559979784597,-2.5604495675654366,3.465161563522356,random,2034,xgb_rdkit_morgan,xgboost,rdkit+morgan,none,77abfcdbb281d08df2e9fb09cf84b2a648ea9008
freesolv,742af15a9113ada1,C1=CCCCC1,hydration_free_energy,kcal/mol,train,,0.14000000059604645,0.24056727981954218,-2.772238285724354,3.2533728453634385,random,2034,xgb_rdkit_morgan,xgboost,rdkit+morgan,none,77abfcdbb281d08df2e9fb09cf84b2a648ea9008
freesolv,d0aafdecbb3a419b,C1CC1,hydration_free_energy,kcal/mol,train,,0.75,0.8017529376371373,-2.211052627906759,3.8145585031810336,random,2034,xgb_rdkit_morgan,xgboost,rdkit+morgan,none,77abfcdbb281d08df2e9fb09cf84b2a648ea9008
freesolv,69894e058da716db,C1CCCC1,hydration_free_energy,kcal/mol,calibration,,1.2000000476837158,1.120982261495966,-1.8918233040479304,4.133787827039862,random,2034,xgb_rdkit_morgan,xgboost,rdkit+morgan,none,77abfcdbb281d08df2e9fb09cf84b2a648ea9008
freesolv,3a0c3c3efb54d833,C1CCCCC1,hydration_free_energy,kcal/mol,validation,,1.2300000190734863,1.2244419202705874,-1.788363645273309,4.237247485814484,random,2034,xgb_rdkit_morgan,xgboost,rdkit+morgan,none,77abfcdbb281d08df2e9fb09cf84b2a648ea9008
freesolv,0f4b768883232061,C1CCNC1,hydration_free_energy,kcal/mol,validation,,-5.480000019073486,-5.383131678765755,-8.395937244309652,-2.370326113221859,random,2034,xgb_rdkit_morgan,xgboost,rdkit+morgan,none,77abfcdbb281d08df2e9fb09cf84b2a648ea9008
freesolv,cb23ab0e59dd1c08,C1CCNCC1,hydration_free_energy,kcal/mol,validation,,-5.110000133514404,-4.818482480036483,-7.831288045580379,-1.8056769144925866,random,2034,xgb_rdkit_morgan,xgboost,rdkit+morgan,none,77abfcdbb281d08df2e9fb09cf84b2a648ea9008
freesolv,1af8e9f6ace97eee,C1CCOC1,hydration_free_energy,kcal/mol,test,,-3.4700000286102295,-2.5500234745453607,-5.562829040089257,0.4627820909985356,random,2034,xgb_rdkit_morgan,xgboost,rdkit+morgan,none,77abfcdbb281d08df2e9fb09cf84b2a648ea9008
freesolv,064f079e10086f29,C1CCOCC1,hydration_free_energy,kcal/mol,validation,,-3.119999885559082,-2.237438468191515,-5.250244033735411,0.7753670973523814,random,2034,xgb_rdkit_morgan,xgboost,rdkit+morgan,none,77abfcdbb281d08df2e9fb09cf84b2a648ea9008
freesolv,575f25bc7815593d,C1CNC1,hydration_free_energy,kcal/mol,train,,-5.559999942779541,-5.535433926626784,-8.54823949217068,-2.5226283610828872,random,2034,xgb_rdkit_morgan,xgboost,rdkit+morgan,none,77abfcdbb281d08df2e9fb09cf84b2a648ea9008
freesolv,683feaf94c606491,C1CNCCN1,hydration_free_energy,kcal/mol,train,,-7.400000095367432,-7.41458383819299,-10.427389403736885,-4.401778272649094,random,2034,xgb_rdkit_morgan,xgboost,rdkit+morgan,none,77abfcdbb281d08df2e9fb09cf84b2a648ea9008
freesolv,325f288037972770,C1COCCN1,hydration_free_energy,kcal/mol,train,,-7.170000076293945,-7.129313162473628,-10.142118728017525,-4.116507596929732,random,2034,xgb_rdkit_morgan,xgboost,rdkit+morgan,none,77abfcdbb281d08df2e9fb09cf84b2a648ea9008
freesolv,b520ba34e96e6b2a,C1COCCO1,hydration_free_energy,kcal/mol,train,,-5.059999942779541,-5.027576331300328,-8.040381896844224,-2.014770765756432,random,2034,xgb_rdkit_morgan,xgboost,rdkit+morgan,none,77abfcdbb281d08df2e9fb09cf84b2a648ea9008
freesolv,32766722dbae4c61,C=C,hydration_free_energy,kcal/mol,train,,1.2799999713897705,1.2996471595029853,-1.713158406040911,4.312452725046882,random,2034,xgb_rdkit_morgan,xgboost,rdkit+morgan,none,77abfcdbb281d08df2e9fb09cf84b2a648ea9008
freesolv,6ba07a348009ad29,C=C(C)C,hydration_free_energy,kcal/mol,train,,1.159999966621399,1.135119774894414,-1.8776857906494824,4.14792534043831,random,2034,xgb_rdkit_morgan,xgboost,rdkit+morgan,none,77abfcdbb281d08df2e9fb09cf84b2a648ea9008
freesolv,d1f6cbeec10124e5,C=C(C)C(=C)C,hydration_free_energy,kcal/mol,validation,,0.4000000059604645,-0.20071459834180194,-3.2135201638856983,2.8120909672020944,random,2034,xgb_rdkit_morgan,xgboost,rdkit+morgan,none,77abfcdbb281d08df2e9fb09cf84b2a648ea9008
freesolv,0df6a67583c65bae,C=C(C)CCC,hydration_free_energy,kcal/mol,calibration,,1.4700000286102295,0.7483333133667154,-2.264472252177181,3.7611388789106117,random,2034,xgb_rdkit_morgan,xgboost,rdkit+morgan,none,77abfcdbb281d08df2e9fb09cf84b2a648ea9008
freesolv,1b19887cda12dbee,C=C(C)[C@@H]1CC=C(C)[C@@H](O)C1,hydration_free_energy,kcal/mol,train,,-4.440000057220459,-4.450718797761271,-7.463524363305168,-1.437913232217375,random,2034,xgb_rdkit_morgan,xgboost,rdkit+morgan,none,77abfcdbb281d08df2e9fb09cf84b2a648ea9008
freesolv,4dadf5d2245646e2,C=C(C)[C@@H]1CC=C(C=O)CC1,hydration_free_energy,kcal/mol,train,,-4.090000152587891,-4.0854887247589895,-7.098294290302886,-1.0726831592150932,random,2034,xgb_rdkit_morgan,xgboost,rdkit+morgan,none,77abfcdbb281d08df2e9fb09cf84b2a648ea9008
freesolv,9bd6e8248a6ac888,C=C(C)[C@@H]1CC[C@@H](C)C(=O)C1,hydration_free_energy,kcal/mol,validation,,-3.75,-3.9088842960920798,-6.921689861635976,-0.8960787305481834,random,2034,xgb_rdkit_morgan,xgboost,rdkit+morgan,none,77abfcdbb281d08df2e9fb09cf84b2a648ea9008
freesolv,6f9249e288ca4886,C=C(C)c1ccccc1,hydration_free_energy,kcal/mol,train,,-1.2400000095367432,-1.2110585548991013,-4.223864120442998,1.801747010644795,random,2034,xgb_rdkit_morgan,xgboost,rdkit+morgan,none,77abfcdbb281d08df2e9fb09cf84b2a648ea9008
freesolv,74e264a8023b8226,C=C(Cl)Cl,hydration_free_energy,kcal/mol,train,,0.25,0.12476340714964174,-2.8880421583942546,3.137568972693538,random,2034,xgb_rdkit_morgan,xgboost,rdkit+morgan,none,77abfcdbb281d08df2e9fb09cf84b2a648ea9008
freesolv,19b85ec9c712b308,C=C(c1ccccc1)c1ccccc1,hydration_free_energy,kcal/mol,train,,-2.7799999713897705,-2.803713181219722,-5.816518746763618,0.20909238432417432,random,2034,xgb_rdkit_morgan,xgboost,rdkit+morgan,none,77abfcdbb281d08df2e9fb09cf84b2a648ea9008
freesolv,4ad22e011ffa96ba,C=CC,hydration_free_energy,kcal/mol,train,,1.3200000524520874,1.2988209959293133,-1.713984569614583,4.31162656147321,random,2034,xgb_rdkit_morgan,xgboost,rdkit+morgan,none,77abfcdbb281d08df2e9fb09cf84b2a648ea9008
freesolv,d00fecc2d59f99d6,C=CC(=C)C,hydration_free_energy,kcal/mol,train,,0.6800000071525574,0.7363689286427784,-2.276436636901118,3.7491744941866747,random,2034,xgb_rdkit_morgan,xgboost,rdkit+morgan,none,77abfcdbb281d08df2e9fb09cf84b2a648ea9008
freesolv,55c28b8ad121023c,C=CC(C)C,hydration_free_energy,kcal/mol,calibration,,1.8300000429153442,1.2708049648559099,-1.7420006006879865,4.283610530399806,random,2034,xgb_rdkit_morgan,xgboost,rdkit+morgan,none,77abfcdbb281d08df2e9fb09cf84b2a648ea9008
freesolv,97213f023267d9a8,C=CC=C,hydration_free_energy,kcal/mol,train,,0.5600000023841858,0.6399241666972157,-2.3728813988466806,3.652729732241112,random,2034,xgb_rdkit_morgan,xgboost,rdkit+morgan,none,77abfcdbb281d08df2e9fb09cf84b2a648ea9008
freesolv,f810c7c1cf2244ef,C=CCC,hydration_free_energy,kcal/mol,train,,1.3799999952316284,1.3959495440526322,-1.6168560214912642,4.4087551095965285,random,2034,xgb_rdkit_morgan,xgboost,rdkit+morgan,none,77abfcdbb281d08df2e9fb09cf84b2a648ea9008
freesolv,1a9c34146a9dfca2,C=CCC=C,hydration_free_energy,kcal/mol,train,,0.9300000071525574,0.8262797858171975,-2.186525779726699,3.839085351361094,random,2034,xgb_rdkit_morgan,xgboost,rdkit+morgan,none,77abfcdbb281d08df2e9fb09cf84b2a648ea9008
freesolv,4f9a22896fa30cb2,C=CCCC,hydration_free_energy,kcal/mol,test,,1.6799999475479126,1.363801758417475,-1.6490038071264213,4.376607323961371,random,2034,xgb_rdkit_morgan,xgboost,rdkit+morgan,none,77abfcdbb281d08df2e9fb09cf84b2a648ea9008
freesolv,05e112973dc272f3,C=CCCC=C,hydration_free_energy,kcal/mol,train,,1.0099999904632568,0.9514468456553802,-2.061358719888516,3.9642524111992765,random,2034,xgb_rdkit_morgan,xgboost,rdkit+morgan,none,77abfcdbb281d08df2e9fb09cf84b2a648ea9008
freesolv,b04353e13b080b0e,C=CCCCC,hydration_free_energy,kcal/mol,validation,,1.5800000429153442,1.547578192276566,-1.4652273732673304,4.560383757820462,random,2034,xgb_rdkit_morgan,xgboost,rdkit+morgan,none,77abfcdbb281d08df2e9fb09cf84b2a648ea9008
freesolv,068d3d8e9203407c,C=CCCCCC,hydration_free_energy,kcal/mol,train,,1.659999966621399,1.6997365406149125,-1.3130690249289838,4.712542106158809,random,2034,xgb_rdkit_morgan,xgboost,rdkit+morgan,none,77abfcdbb281d08df2e9fb09cf84b2a648ea9008
freesolv,d200520d964a9529,C=CCCCCCC,hydration_free_energy,kcal/mol,train,,1.9199999570846558,1.978829020879573,-1.0339765446643234,4.991634586423469,random,2034,xgb_rdkit_morgan,xgboost,rdkit+morgan,none,77abfcdbb281d08df2e9fb09cf84b2a648ea9008
freesolv,c97dbca79441aa87,C=CCCCCCCC,hydration_free_energy,kcal/mol,train,,2.059999942779541,2.1453089428683247,-0.8674966226755716,5.158114508412221,random,2034,xgb_rdkit_morgan,xgboost,rdkit+morgan,none,77abfcdbb281d08df2e9fb09cf84b2a648ea9008
freesolv,9646b5044f2d381b,C=CCCl,hydration_free_energy,kcal/mol,train,,-0.5699999928474426,-0.6242475417234137,-3.63705310726731,2.3885580238204827,random,2034,xgb_rdkit_morgan,xgboost,rdkit+morgan,none,77abfcdbb281d08df2e9fb09cf84b2a648ea9008
freesolv,a9cb4c82f996239d,C=CCO,hydration_free_energy,kcal/mol,train,,-5.03000020980835,-5.057207104698634,-8.07001267024253,-2.0444015391547374,random,2034,xgb_rdkit_morgan,xgboost,rdkit+morgan,none,77abfcdbb281d08df2e9fb09cf84b2a648ea9008
freesolv,f82b64c47a30e806,C=CCl,hydration_free_energy,kcal/mol,train,,-0.5899999737739563,-0.5420971893198248,-3.554902754863721,2.4707083762240716,random,2034,xgb_rdkit_morgan,xgboost,rdkit+morgan,none,77abfcdbb281d08df2e9fb09cf84b2a648ea9008
freesolv,fb63886955500778,C=C[C@@](C)(CCC=C(C)C)OC(C)=O,hydration_free_energy,kcal/mol,train,,-2.490000009536743,-2.495536956498961,-5.508342522042858,0.5172686090449354,random,2034,xgb_rdkit_morgan,xgboost,rdkit+morgan,none,77abfcdbb281d08df2e9fb09cf84b2a648ea9008
freesolv,922f2c1b03db117d,C=Cc1ccccc1,hydration_free_energy,kcal/mol,validation,,-1.2400000095367432,-1.1962477931235824,-4.209053358667479,1.816557772420314,random,2034,xgb_rdkit_morgan,xgboost,rdkit+morgan,none,77abfcdbb281d08df2e9fb09cf84b2a648ea9008
freesolv,67300569a949ad42,C=O,hydration_free_energy,kcal/mol,train,,-2.75,-2.8650061232716366,-5.877811688815533,0.14779944227225972,random,2034,xgb_rdkit_morgan,xgboost,rdkit+morgan,none,77abfcdbb281d08df2e9fb09cf84b2a648ea9008
freesolv,73c7d73efb8bdd41,CBr,hydration_free_energy,kcal/mol,train,,-0.8199999928474426,-0.8345616703065342,-3.8473672358504305,2.178243895237362,random,2034,xgb_rdkit_morgan,xgboost,rdkit+morgan,none,77abfcdbb281d08df2e9fb09cf84b2a648ea9008
freesolv,05b1a8d05d1c3e6c,CC,hydration_free_energy,kcal/mol,test,,1.8300000429153442,1.466746235825294,-1.5460593297186023,4.47955180136919,random,2034,xgb_rdkit_morgan,xgboost,rdkit+morgan,none,77abfcdbb281d08df2e9fb09cf84b2a648ea9008
freesolv,1eb27a465c7bf134,CC#N,hydration_free_energy,kcal/mol,train,,-3.880000114440918,-3.8888258559339772,-6.901631421477873,-0.8760202903900809,random,2034,xgb_rdkit_morgan,xgboost,rdkit+morgan,none,77abfcdbb281d08df2e9fb09cf84b2a648ea9008
freesolv,1d67b723d41f51ac,CC(=O)C(C)(C)C,hydration_free_energy,kcal/mol,train,,-3.109999895095825,-3.0788503565407583,-6.091655922084655,-0.066044790996862,random,2034,xgb_rdkit_morgan,xgboost,rdkit+morgan,none,77abfcdbb281d08df2e9fb09cf84b2a648ea9008
freesolv,58249ca616cb22d8,CC(=O)C(C)C,hydration_free_energy,kcal/mol,train,,-3.240000009536743,-3.277805321419261,-6.290610886963157,-0.2649997558753645,random,2034,xgb_rdkit_morgan,xgboost,rdkit+morgan,none,77abfcdbb281d08df2e9fb09cf84b2a648ea9008
freesolv,582f8c2ed097dabc,CC(=O)C1CC1,hydration_free_energy,kcal/mol,test,,-4.610000133514404,-4.188052904648769,-7.2008584701926655,-1.1752473391048728,random,2034,xgb_rdkit_morgan,xgboost,rdkit+morgan,none,77abfcdbb281d08df2e9fb09cf84b2a648ea9008
freesolv,b173a8fb75f4db23,CC(=O)C1CCCCC1,hydration_free_energy,kcal/mol,train,,-3.9000000953674316,-3.8683089665617163,-6.881114532105613,-0.85550340101782,random,2034,xgb_rdkit_morgan,xgboost,rdkit+morgan,none,77abfcdbb281d08df2e9fb09cf84b2a648ea9008
freesolv,16cf4f31208ab363,CC(=O)CC(C)C,hydration_free_energy,kcal/mol,train,,-3.049999952316284,-3.049786224102598,-6.062591789646494,-0.036980658558701585,random,2034,xgb_rdkit_morgan,xgboost,rdkit+morgan,none,77abfcdbb281d08df2e9fb09cf84b2a648ea9008
freesolv,cbb660b5eaf183ba,CC(=O)CO[N+](=O)[O-],hydration_free_energy,kcal/mol,train,,-5.989999771118164,-5.993610826452384,-9.00641639199628,-2.980805260908488,random,2034,xgb_rdkit_morgan,xgboost,rdkit+morgan,none,77abfcdbb281d08df2e9fb09cf84b2a648ea9008
freesolv,0780b195cfdf2ed6,CC(=O)N1CCCC1,hydration_free_energy,kcal/mol,calibration,,-9.800000190734863,-5.684721426798624,-8.697526992342521,-2.6719158612547274,random,2034,xgb_rdkit_morgan,xgboost,rdkit+morgan,none,77abfcdbb281d08df2e9fb09cf84b2a648ea9008
freesolv,a208ad1788f26aee,CC(=O)O,hydration_free_energy,kcal/mol,train,,-6.690000057220459,-6.730944018780123,-9.74374958432402,-3.718138453236227,random,2034,xgb_rdkit_morgan,xgboost,rdkit+morgan,none,77abfcdbb281d08df2e9fb09cf84b2a648ea9008
freesolv,a3332288868582b4,CC(=O)OC(C)C,hydration_free_energy,kcal/mol,train,,-2.640000104904175,-2.6133332931049686,-5.626138858648865,0.3994722724389277,random,2034,xgb_rdkit_morgan,xgboost,rdkit+morgan,none,77abfcdbb281d08df2e9fb09cf84b2a648ea9008
freesolv,b8e46696f168483c,CC(=O)OC(C)OC(C)=O,hydration_free_energy,kcal/mol,train,,-4.96999979019165,-5.061522099905625,-8.074327665449522,-2.048716534361729,random,2034,xgb_rdkit_morgan,xgboost,rdkit+morgan,none,77abfcdbb281d08df2e9fb09cf84b2a648ea9008
freesolv,d514c2011a6bb3d5,CC(=O)OCC(C)C,hydration_free_energy,kcal/mol,train,,-2.359999895095825,-2.351451031831709,-5.364256597375605,0.6613545337121876,random,2034,xgb_rdkit_morgan,xgboost,rdkit+morgan,none,77abfcdbb281d08df2e9fb09cf84b2a648ea9008
freesolv,e3057c8b93a65a68,CC(=O)OCC(COC(C)=O)OC(C)=O,hydration_free_energy,kcal/mol,train,,-8.84000015258789,-8.807578052422613,-11.82038361796651,-5.794772486878717,random,2034,xgb_rdkit_morgan,xgboost,rdkit+morgan,none,77abfcdbb281d08df2e9fb09cf84b2a648ea9008
freesolv,1f85a7027c370d59,CC(=O)OCCC(C)C,hydration_free_energy,kcal/mol,train,,-2.2100000381469727,-2.2846942986681706,-5.297499864212067,0.7281112668757257,random,2034,xgb_rdkit_morgan,xgboost,rdkit+morgan,none,77abfcdbb281d08df2e9fb09cf84b2a648ea9008
freesolv,ba887869a6295619,CC(=O)OCCOC(C)=O,hydration_free_energy,kcal/mol,train,,-6.340000152587891,-6.310075265584924,-9.32288083112882,-3.297269700041028,random,2034,xgb_rdkit_morgan,xgboost,rdkit+morgan,none,77abfcdbb281d08df2e9fb09cf84b2a648ea9008
freesolv,646bf545cef99fa9,CC(=O)Oc1ccccc1C(=O)O,hydration_free_energy,kcal/mol,calibration,,-9.9399995803833,-8.612117305164446,-11.624922870708343,-5.59931173962055,random,2034,xgb_rdkit_morgan,xgboost,rdkit+morgan,none,77abfcdbb281d08df2e9fb09cf84b2a648ea9008
freesolv,db4526f4bded9150,CC(=O)c1ccc(C)cc1,hydration_free_energy,kcal/mol,calibration,,-4.699999809265137,-4.703779280648089,-7.716584846191985,-1.6909737151041924,random,2034,xgb_rdkit_morgan,xgboost,rdkit+morgan,none,77abfcdbb281d08df2e9fb09cf84b2a648ea9008
freesolv,e340b59450b263da,CC(=O)c1ccccc1,hydration_free_energy,kcal/mol,train,,-4.579999923706055,-4.632876508348535,-7.645682073892432,-1.620070942804639,random,2034,xgb_rdkit_morgan,xgboost,rdkit+morgan,none,77abfcdbb281d08df2e9fb09cf84b2a648ea9008
freesolv,b1930bd9e457359d,CC(=O)c1cccnc1,hydration_free_energy,kcal/mol,calibration,,-8.260000228881836,-7.500856578224392,-10.513662143768288,-4.488051012680495,random,2034,xgb_rdkit_morgan,xgboost,rdkit+morgan,none,77abfcdbb281d08df2e9fb09cf84b2a648ea9008
freesolv,3b8746d9ecf84cbe,CC(=O)c1ccncc1,hydration_free_energy,kcal/mol,test,,-7.619999885559082,-7.540603757366579,-10.553409322910476,-4.527798191822683,random,2034,xgb_rdkit_morgan,xgboost,rdkit+morgan,none,77abfcdbb281d08df2e9fb09cf84b2a648ea9008
freesolv,49b42640c31e4afa,CC(C)(C)Br,hydration_free_energy,kcal/mol,test,,0.8399999737739563,0.16925212825319802,-2.8435534372906983,3.1820576937970944,random,2034,xgb_rdkit_morgan,xgboost,rdkit+morgan,none,77abfcdbb281d08df2e9fb09cf84b2a648ea9008
freesolv,30434d3b14f885bd,CC(C)(C)C,hydration_free_energy,kcal/mol,train,,2.509999990463257,2.4931809456812672,-0.5196246198626291,5.505986511225164,random,2034,xgb_rdkit_morgan,xgboost,rdkit+morgan,none,77abfcdbb281d08df2e9fb09cf84b2a648ea9008
freesolv,8196c4a2dfe7d9d4,CC(C)(C)Cl,hydration_free_energy,kcal/mol,train,,1.090000033378601,0.9157761561646902,-2.097029409379206,3.9285817217085865,random,2034,xgb_rdkit_morgan,xgboost,rdkit+morgan,none,77abfcdbb281d08df2e9fb09cf84b2a648ea9008
freesolv,27c766beb9d56df8,CC(C)(C)O,hydration_free_energy,kcal/mol,train,,-4.46999979019165,-4.433585504714869,-7.446391070258765,-1.4207799391709726,random,2034,xgb_rdkit_morgan,xgboost,rdkit+morgan,none,77abfcdbb281d08df2e9fb09cf84b2a648ea9008
freesolv,9f57f1a7941e4d72,CC(C)(C)c1ccc(O)cc1,hydration_free_energy,kcal/mol,test,,-5.909999847412109,-5.873224883871474,-8.88603044941537,-2.860419318327578,random,2034,xgb_rdkit_morgan,xgboost,rdkit+morgan,none,77abfcdbb281d08df2e9fb09cf84b2a648ea9008
freesolv,4e93122b9a1de48f,CC(C)(C)c1ccccc1,hydration_free_energy,kcal/mol,test,,-0.4399999976158142,-0.5142408644701302,-3.5270464300140265,2.498564701073766,random,2034,xgb_rdkit_morgan,xgboost,rdkit+morgan,none,77abfcdbb281d08df2e9fb09cf84b2a648ea9008
freesolv,4547266f8bdfb534,CC(C)=CCC/C(C)=C/CO,hydration_free_energy,kcal/mol,train,,-4.449999809265137,-4.642388571223156,-7.655194136767053,-1.62958300567926,random,2034,xgb_rdkit_morgan,xgboost,rdkit+morgan,none,77abfcdbb281d08df2e9fb09cf84b2a648ea9008
freesolv,8d8b5be02a6bec10,CC(C)=CCC/C(C)=C\CO,hydration_free_energy,kcal/mol,train,,-4.78000020980835,-4.642388571223156,-7.655194136767053,-1.62958300567926,random,2034,xgb_rdkit_morgan,xgboost,rdkit+morgan,none,77abfcdbb281d08df2e9fb09cf84b2a648ea9008
freesolv,93243e4e6bacc8c0,CC(C)=O,hydration_free_energy,kcal/mol,train,,-3.799999952316284,-3.7414607799132775,-6.754266345457173,-0.7286552143693812,random,2034,xgb_rdkit_morgan,xgboost,rdkit+morgan,none,77abfcdbb281d08df2e9fb09cf84b2a648ea9008
freesolv,6ef30f66f852c308,CC(C)Br,hydration_free_energy,kcal/mol,train,,-0.47999998927116394,-0.4256561309685294,-3.4384616965124257,2.587149434575367,random,2034,xgb_rdkit_morgan,xgboost,rdkit+morgan,none,77abfcdbb281d08df2e9fb09cf84b2a648ea9008
freesolv,ef6d460c1e6abde9,CC(C)C,hydration_free_energy,kcal/mol,train,,2.299999952316284,2.293114477003889,-0.7196910885400074,5.305920042547785,random,2034,xgb_rdkit_morgan,xgboost,rdkit+morgan,none,77abfcdbb281d08df2e9fb09cf84b2a648ea9008
freesolv,0f765371c44aaa59,CC(C)C(=O)C(C)C,hydration_free_energy,kcal/mol,train,,-2.740000009536743,-2.7835692385177317,-5.796374804061628,0.2292363270261646,random,2034,xgb_rdkit_morgan,xgboost,rdkit+morgan,none,77abfcdbb281d08df2e9fb09cf84b2a648ea9008
freesolv,cc8a3aa0542cebe6,CC(C)C(C)C,hydration_free_energy,kcal/mol,train,,2.3399999141693115,2.3839292433036974,-0.628876322240199,5.396734808847594,random,2034,xgb_rdkit_morgan,xgboost,rdkit+morgan,none,77abfcdbb281d08df2e9fb09cf84b2a648ea9008
freesolv,d74aca5cf4b1237c,CC(C)C(C)C(C)C,hydration_free_energy,kcal/mol,validation,,2.559999942779541,2.4140959224101515,-0.5987096431337449,5.426901487954048,random,2034,xgb_rdkit_morgan,xgboost,rdkit+morgan,none,77abfcdbb281d08df2e9fb09cf84b2a648ea9008
freesolv,e413b9ce1efba5a0,CC(C)C=O,hydration_free_energy,kcal/mol,train,,-2.859999895095825,-2.9130410484789064,-5.925846614022802,0.0997645170649899,random,2034,xgb_rdkit_morgan,xgboost,rdkit+morgan,none,77abfcdbb281d08df2e9fb09cf84b2a648ea9008
freesolv,e7ba17e129e75195,CC(C)CBr,hydration_free_energy,kcal/mol,train,,-0.029999999329447746,-0.11840290050106406,-3.1312084660449604,2.8944026650428323,random,2034,xgb_rdkit_morgan,xgboost,rdkit+morgan,none,77abfcdbb281d08df2e9fb09cf84b2a648ea9008
freesolv,5c23882ab3e2d463,CC(C)CC(=O)O,hydration_free_energy,kcal/mol,train,,-6.090000152587891,-6.064606331397961,-9.077411896941857,-3.0518007658540647,random,2034,xgb_rdkit_morgan,xgboost,rdkit+morgan,none,77abfcdbb281d08df2e9fb09cf84b2a648ea9008
freesolv,1ce5066619b734b1,CC(C)CC(C)(C)C,hydration_free_energy,kcal/mol,train,,2.890000104904175,2.8748998959464203,-0.13790566959747608,5.887705461490317,random,2034,xgb_rdkit_morgan,xgboost,rdkit+morgan,none,77abfcdbb281d08df2e9fb09cf84b2a648ea9008
freesolv,608ba2d71e9299bf,CC(C)CC(C)C,hydration_free_energy,kcal/mol,calibration,,2.8299999237060547,2.516890997221598,-0.4959145683222985,5.529696562765494,random,2034,xgb_rdkit_morgan,xgboost,rdkit+morgan,none,77abfcdbb281d08df2e9fb09cf84b2a648ea9008
freesolv,05047a8dca414cad,CC(C)CCC(C)(C)C,hydration_free_energy,kcal/mol,train,,2.930000066757202,2.929582651258902,-0.08322291428499451,5.942388216802798,random,2034,xgb_rdkit_morgan,xgboost,rdkit+morgan,none,77abfcdbb281d08df2e9fb09cf84b2a648ea9008
freesolv,6bc633f1f12c1ee7,CC(C)CCO,hydration_free_energy,kcal/mol,train,,-4.420000076293945,-4.4597714125260435,-7.47257697806994,-1.4469658469821471,random,2034,xgb_rdkit_morgan,xgboost,rdkit+morgan,none,77abfcdbb281d08df2e9fb09cf84b2a648ea9008
freesolv,b3a79ff7deca4dc9,CC(C)CCOC=O,hydration_free_energy,kcal/mol,train,,-2.130000114440918,-2.1191959142698513,-5.132001479813748,0.893609651274045,random,2034,xgb_rdkit_morgan,xgboost,rdkit+morgan,none,77abfcdbb281d08df2e9fb09cf84b2a648ea9008
freesolv,df4f318c47e4982d,CC(C)CO,hydration_free_energy,kcal/mol,train,,-4.5,-4.554247069327017,-7.5670526348709135,-1.5414415037831208,random,2034,xgb_rdkit_morgan,xgboost,rdkit+morgan,none,77abfcdbb281d08df2e9fb09cf84b2a648ea9008
freesolv,06f73f92690f97f5,CC(C)COC(=O)C(C)C,hydration_free_energy,kcal/mol,train,,-1.690000057220459,-1.7112256632859415,-4.724031228829838,1.3015799022579548,random,2034,xgb_rdkit_morgan,xgboost,rdkit+morgan,none,77abfcdbb281d08df2e9fb09cf84b2a648ea9008
freesolv,d15c883b9a56c622,CC(C)COC=O,hydration_free_energy,kcal/mol,train,,-2.2200000286102295,-2.184075982218138,-5.196881547762034,0.8287295833257584,random,2034,xgb_rdkit_morgan,xgboost,rdkit+morgan,none,77abfcdbb281d08df2e9fb09cf84b2a648ea9008
freesolv,663bdfbc5dd043d9,CC(C)CO[N+](=O)[O-],hydration_free_energy,kcal/mol,validation,,-1.8799999952316284,-2.815397962965494,-5.82820352850939,0.1974076025784024,random,2034,xgb_rdkit_morgan,xgboost,rdkit+morgan,none,77abfcdbb281d08df2e9fb09cf84b2a648ea9008
freesolv,80e95678623257ff,CC(C)C[C@@H](C)O,hydration_free_energy,kcal/mol,validation,,-3.7300000190734863,-4.343815795526286,-7.356621361070182,-1.3310102299823896,random,2034,xgb_rdkit_morgan,xgboost,rdkit+morgan,none,77abfcdbb281d08df2e9fb09cf84b2a648ea9008
freesolv,3a8d190e00649828,CC(C)Cc1ccc([C@H](C)C(=O)O)cc1,hydration_free_energy,kcal/mol,calibration,,-7.0,-7.422920175227896,-10.435725740771792,-4.410114609683999,random,2034,xgb_rdkit_morgan,xgboost,rdkit+morgan,none,77abfcdbb281d08df2e9fb09cf84b2a648ea9008
freesolv,86c01edec2b47ea9,CC(C)Cc1ccccc1,hydration_free_energy,kcal/mol,calibration,,0.1599999964237213,-0.050172046108426294,-3.0629776116523226,2.96263351943547,random,2034,xgb_rdkit_morgan,xgboost,rdkit+morgan,none,77abfcdbb281d08df2e9fb09cf84b2a648ea9008
freesolv,a05474e354458b4f,CC(C)Cc1cnccn1,hydration_free_energy,kcal/mol,train,,-5.039999961853027,-5.005729714181056,-8.018535279724953,-1.9929241486371598,random,2034,xgb_rdkit_morgan,xgboost,rdkit+morgan,none,77abfcdbb281d08df2e9fb09cf84b2a648ea9008
freesolv,782413599639bd48,CC(C)Cl,hydration_free_energy,kcal/mol,validation,,-0.25,-0.4262516337938833,-3.4390571993377796,2.586553931750013,random,2034,xgb_rdkit_morgan,xgboost,rdkit+morgan,none,77abfcdbb281d08df2e9fb09cf84b2a648ea9008
freesolv,5010d23b5654a272,CC(C)I,hydration_free_energy,kcal/mol,train,,-0.46000000834465027,-0.4632273713560231,-3.4760329368999194,2.5495781941878732,random,2034,xgb_rdkit_morgan,xgboost,rdkit+morgan,none,77abfcdbb281d08df2e9fb09cf84b2a648ea9008
freesolv,a58327f405c6019d,CC(C)NC(C)C,hydration_free_energy,kcal/mol,train,,-3.2200000286102295,-3.275507846696671,-6.2883134122405675,-0.26270228115277483,random,2034,xgb_rdkit_morgan,xgboost,rdkit+morgan,none,77abfcdbb281d08df2e9fb09cf84b2a648ea9008
freesolv,0a10a3c5ae6dbefa,CC(C)O,hydration_free_energy,kcal/mol,train,,-4.739999771118164,-4.69528025167928,-7.708085817223177,-1.682474686135384,random,2034,xgb_rdkit_morgan,xgboost,rdkit+morgan,none,77abfcdbb281d08df2e9fb09cf84b2a648ea9008
freesolv,e9770c4c53aa3244,CC(C)OC(C)C,hydration_free_energy,kcal/mol,train,,-0.5299999713897705,-0.4873964026595048,-3.500201968203401,2.5254091628843915,random,2034,xgb_rdkit_morgan,xgboost,rdkit+morgan,none,77abfcdbb281d08df2e9fb09cf84b2a648ea9008
freesolv,5125da25cc580c3f,CC(C)OC=O,hydration_free_energy,kcal/mol,train,,-2.0199999809265137,-2.1345654136550025,-5.147370979198898,0.8782401518888938,random,2034,xgb_rdkit_morgan,xgboost,rdkit+morgan,none,77abfcdbb281d08df2e9fb09cf84b2a648ea9008
freesolv,08532f1ef39cb3c2,CC(C)SC(C)C,hydration_free_energy,kcal/mol,train,,-1.2100000381469727,-1.1415261650352417,-4.154331730579138,1.8712794005086546,random,2034,xgb_rdkit_morgan,xgboost,rdkit+morgan,none,77abfcdbb281d08df2e9fb09cf84b2a648ea9008
freesolv,2f13ba5e9b2c1d12,CC(C)[C@@H]1CC[C@@H](C)CC1=O,hydration_free_energy,kcal/mol,train,,-2.5299999713897705,-2.606018537303097,-5.618824102846993,0.4067870282407995,random,2034,xgb_rdkit_morgan,xgboost,rdkit+morgan,none,77abfcdbb281d08df2e9fb09cf84b2a648ea9008
freesolv,8c1b6e7115a08cd9,CC(C)[C@@H]1CC[C@@H](C)C[C@H]1O,hydration_free_energy,kcal/mol,train,,-3.200000047683716,-3.205769384286091,-6.218574949829987,-0.1929638187421947,random,2034,xgb_rdkit_morgan,xgboost,rdkit+morgan,none,77abfcdbb281d08df2e9fb09cf84b2a648ea9008
freesolv,70007fb176a0ffc0,CC(C)[N+](=O)[O-],hydration_free_energy,kcal/mol,train,,-3.130000114440918,-3.1547838748871353,-6.167589440431032,-0.14197830934323896,random,2034,xgb_rdkit_morgan,xgboost,rdkit+morgan,none,77abfcdbb281d08df2e9fb09cf84b2a648ea9008
freesolv,4766bce8aaa6feeb,CC(C)c1ccccc1,hydration_free_energy,kcal/mol,train,,-0.30000001192092896,-0.3577556951706904,-3.3705612607145867,2.655049870373206,random,2034,xgb_rdkit_morgan,xgboost,rdkit+morgan,none,77abfcdbb281d08df2e9fb09cf84b2a648ea9008
freesolv,e0eb500eaa83e532,CC(Cl)(Cl)Cl,hydration_free_energy,kcal/mol,train,,-0.1899999976158142,-0.23657941753843703,-3.2493849830823334,2.7762261480054593,random,2034,xgb_rdkit_morgan,xgboost,rdkit+morgan,none,77abfcdbb281d08df2e9fb09cf84b2a648ea9008
freesolv,e8a1f1b7fb50720b,CC(Cl)Cl,hydration_free_energy,kcal/mol,train,,-0.8399999737739563,-0.8621643854197529,-3.8749699509636493,2.1506411801241434,random,2034,xgb_rdkit_morgan,xgboost,rdkit+morgan,none,77abfcdbb281d08df2e9fb09cf84b2a648ea9008
freesolv,9b75e9a74817c850,CC(F)F,hydration_free_energy,kcal/mol,train,,-0.10999999940395355,-0.0754007118140807,-3.088206277357977,2.9374048537298156,random,2034,xgb_rdkit_morgan,xgboost,rdkit+morgan,none,77abfcdbb281d08df2e9fb09cf84b2a648ea9008
freesolv,35dddcda2702a4ad,CC(N)=O,hydration_free_energy,kcal/mol,train,,-9.710000038146973,-9.71505504295046,-12.727860608494357,-6.702249477406564,random,2034,xgb_rdkit_morgan,xgboost,rdkit+morgan,none,77abfcdbb281d08df2e9fb09cf84b2a648ea9008
freesolv,2f90b29d0ea2bd0f,CC1=CC(=O)CC(C)(C)C1,hydration_free_energy,kcal/mol,validation,,-5.179999828338623,-4.10645684056119,-7.119262406105086,-1.0936512750172938,random,2034,xgb_rdkit_morgan,xgboost,rdkit+morgan,none,77abfcdbb281d08df2e9fb09cf84b2a648ea9008
freesolv,196b98c38a9ef9ff,CC1=CC(=O)[C@H](C(C)C)CC1,hydration_free_energy,kcal/mol,train,,-4.510000228881836,-4.37383892637008,-7.386644491913977,-1.361033360826184,random,2034,xgb_rdkit_morgan,xgboost,rdkit+morgan,none,77abfcdbb281d08df2e9fb09cf84b2a648ea9008
freesolv,71b4ae69ea038c45,CC1=CCCCC1,hydration_free_energy,kcal/mol,train,,0.6700000166893005,0.6303277428737806,-2.3824778226701158,3.643133308417677,random,2034,xgb_rdkit_morgan,xgboost,rdkit+morgan,none,77abfcdbb281d08df2e9fb09cf84b2a648ea9008
freesolv,3657f3498f9e2294,CC1CCC(C)CC1,hydration_free_energy,kcal/mol,train,,2.109999895095825,2.027362852405921,-0.9854427131379753,5.040168417949817,random,2034,xgb_rdkit_morgan,xgboost,rdkit+morgan,none,77abfcdbb281d08df2e9fb09cf84b2a648ea9008
freesolv,d24802ff551c31d8,CC1CCCC1,hydration_free_energy,kcal/mol,train,,1.590000033378601,1.6615489559740446,-1.3512566095698517,4.674354521517941,random,2034,xgb_rdkit_morgan,xgboost,rdkit+morgan,none,77abfcdbb281d08df2e9fb09cf84b2a648ea9008
freesolv,acaaa8b4649c614e,CC1CCCCC1,hydration_free_energy,kcal/mol,train,,1.7000000476837158,1.7412915380078786,-1.2715140275360177,4.754097103551775,random,2034,xgb_rdkit_morgan,xgboost,rdkit+morgan,none,77abfcdbb281d08df2e9fb09cf84b2a648ea9008
freesolv,5358908f8e9c796f,CC=C(C)C,hydration_free_energy,kcal/mol,calibration,,1.309999942779541,1.0152258305188013,-1.997579735025095,4.028031396062698,random,2034,xgb_rdkit_morgan,xgboost,rdkit+morgan,none,77abfcdbb281d08df2e9fb09cf84b2a648ea9008
freesolv,3ba5780e519232af,CC=O,hydration_free_energy,kcal/mol,validation,,-3.5,-3.7607931326735846,-6.773598698217481,-0.7479875671296883,random,2034,xgb_rdkit_morgan,xgboost,rdkit+morgan,none,77abfcdbb281d08df2e9fb09cf84b2a648ea9008
freesolv,9f9bae4da613fd97,CCBr,hydration_free_energy,kcal/mol,train,,-0.7400000095367432,-0.6872881780188678,-3.700093743562764,2.3255173875250286,random,2034,xgb_rdkit_morgan,xgboost,rdkit+morgan,none,77abfcdbb281d08df2e9fb09cf84b2a648ea9008
freesolv,72281cabb90098ca,CCC,hydration_free_energy,kcal/mol,train,,2.0,1.8980907337677193,-1.114714831776177,4.910896299311616,random,2034,xgb_rdkit_morgan,xgboost,rdkit+morgan,none,77abfcdbb281d08df2e9fb09cf84b2a648ea9008
freesolv,b081cbfb90b7402a,CCC#N,hydration_free_energy,kcal/mol,test,,-3.8399999141693115,-3.672251388276235,-6.685056953820132,-0.6594458227323385,random,2034,xgb_rdkit_morgan,xgboost,rdkit+morgan,none,77abfcdbb281d08df2e9fb09cf84b2a648ea9008
freesolv,b137901ff30dac85,CCC(=O)CC,hydration_free_energy,kcal/mol,train,,-3.4100000858306885,-3.3984214271301223,-6.411226992674019,-0.38561586158622596,random,2034,xgb_rdkit_morgan,xgboost,rdkit+morgan,none,77abfcdbb281d08df2e9fb09cf84b2a648ea9008
freesolv,d73fa90c49909081,CCC(=O)Nc1ccc(Cl)c(Cl)c1,hydration_free_energy,kcal/mol,train,,-7.78000020980835,-7.776928222292803,-10.789733787836699,-4.764122656748906,random,2034,xgb_rdkit_morgan,xgboost,rdkit+morgan,none,77abfcdbb281d08df2e9fb09cf84b2a648ea9008
freesolv,ae711e3e1cb2b62c,CCC(=O)O,hydration_free_energy,kcal/mol,train,,-6.460000038146973,-6.466762058137462,-9.479567623681358,-3.4539564925935657,random,2034,xgb_rdkit_morgan,xgboost,rdkit+morgan,none,77abfcdbb281d08df2e9fb09cf84b2a648ea9008
freesolv,3b1dd60ed1dfbb76,CCC(=O)OC,hydration_free_energy,kcal/mol,train,,-2.930000066757202,-2.9997735293368417,-6.0125790948807385,0.01303203620705462,random,2034,xgb_rdkit_morgan,xgboost,rdkit+morgan,none,77abfcdbb281d08df2e9fb09cf84b2a648ea9008
freesolv,95159b36053bb032,CCC(C)(C)C,hydration_free_energy,kcal/mol,train,,2.509999990463257,2.521888724826277,-0.49091684071761943,5.534694290370173,random,2034,xgb_rdkit_morgan,xgboost,rdkit+morgan,none,77abfcdbb281d08df2e9fb09cf84b2a648ea9008
freesolv,3fb4e89120f988ad,CCC(C)(C)CC,hydration_free_energy,kcal/mol,train,,2.559999942779541,2.6538805327344974,-0.3589250328093989,5.666686098278394,random,2034,xgb_rdkit_morgan,xgboost,rdkit+morgan,none,77abfcdbb281d08df2e9fb09cf84b2a648ea9008
freesolv,bdf2d11354f3860d,CCC(C)(C)O,hydration_free_energy,kcal/mol,train,,-4.429999828338623,-4.448734003002329,-7.461539568546225,-1.4359284374584327,random,2034,xgb_rdkit_morgan,xgboost,rdkit+morgan,none,77abfcdbb281d08df2e9fb09cf84b2a648ea9008
freesolv,6c45d8284f5ddf4f,CCC(C)C,hydration_free_energy,kcal/mol,train,,2.380000114440918,2.394996744102701,-0.6178088214411952,5.4078023096465975,random,2034,xgb_rdkit_morgan,xgboost,rdkit+morgan,none,77abfcdbb281d08df2e9fb09cf84b2a648ea9008
freesolv,70ffb28e88de4627,CCC(C)CC,hydration_free_energy,kcal/mol,train,,2.509999990463257,2.5112928491512454,-0.5015127163926509,5.524098414695142,random,2034,xgb_rdkit_morgan,xgboost,rdkit+morgan,none,77abfcdbb281d08df2e9fb09cf84b2a648ea9008
freesolv,828963364af80af0,CCC(N)=O,hydration_free_energy,kcal/mol,test,,-9.399999618530273,-7.826395000439759,-10.839200565983656,-4.813589434895863,random,2034,xgb_rdkit_morgan,xgboost,rdkit+morgan,none,77abfcdbb281d08df2e9fb09cf84b2a648ea9008
freesolv,960c6dcb6922b929,CCC(O)CC,hydration_free_energy,kcal/mol,test,,-4.349999904632568,-4.344562340161452,-7.357367905705348,-1.3317567746175554,random,2034,xgb_rdkit_morgan,xgboost,rdkit+morgan,none,77abfcdbb281d08df2e9fb09cf84b2a648ea9008
freesolv,f58f8a95565cd02f,CCC/C=C/C=O,hydration_free_energy,kcal/mol,train,,-3.680000066757202,-3.649666056693139,-6.662471622237035,-0.6368604911492426,random,2034,xgb_rdkit_morgan,xgboost,rdkit+morgan,none,77abfcdbb281d08df2e9fb09cf84b2a648ea9008
freesolv,12b118fa49abcab8,CCC=O,hydration_free_energy,kcal/mol,train,,-3.430000066757202,-3.4035636982341915,-6.416369263778088,-0.39075813269029513,random,2034,xgb_rdkit_morgan,xgboost,rdkit+morgan,none,77abfcdbb281d08df2e9fb09cf84b2a648ea9008
freesolv,5a7f7c6b893c81e5,CCCBr,hydration_free_energy,kcal/mol,test,,-0.5600000023841858,-0.4750379041899646,-3.487843469733861,2.5377676613539317,random,2034,xgb_rdkit_morgan,xgboost,rdkit+morgan,none,77abfcdbb281d08df2e9fb09cf84b2a648ea9008
freesolv,0c02aaf039e3096f,CCCC,hydration_free_energy,kcal/mol,calibration,,2.0999999046325684,1.8884193744727495,-1.1243861910711468,4.901224940016646,random,2034,xgb_rdkit_morgan,xgboost,rdkit+morgan,none,77abfcdbb281d08df2e9fb09cf84b2a648ea9008
freesolv,bdf503d5fea27e4f,CCCC#N,hydration_free_energy,kcal/mol,train,,-3.640000104904175,-3.597059570103876,-6.609865135647772,-0.5842540045599796,random,2034,xgb_rdkit_morgan,xgboost,rdkit+morgan,none,77abfcdbb281d08df2e9fb09cf84b2a648ea9008
freesolv,363c7fa2de9ba737,CCCC(=O)CCC,hydration_free_energy,kcal/mol,train,,-2.9200000762939453,-2.9577801008920592,-5.970585666435955,0.05502546465183711,random,2034,xgb_rdkit_morgan,xgboost,rdkit+morgan,none,77abfcdbb281d08df2e9fb09cf84b2a648ea9008
freesolv,7e19891bed0df61a,CCCC(=O)O,hydration_free_energy,kcal/mol,train,,-6.349999904632568,-6.341517955267609,-9.354323520811505,-3.3287123897237123,random,2034,xgb_rdkit_morgan,xgboost,rdkit+morgan,none,77abfcdbb281d08df2e9fb09cf84b2a648ea9008
freesolv,74fe519ef396aa2d,CCCC(=O)OC,hydration_free_energy,kcal/mol,validation,,-2.8299999237060547,-2.7425522543930505,-5.755357819936947,0.27025331115084583,random,2034,xgb_rdkit_morgan,xgboost,rdkit+morgan,none,77abfcdbb281d08df2e9fb09cf84b2a648ea9008
freesolv,875e5e4c442371b3,CCCC(=O)OCC,hydration_free_energy,kcal/mol,train,,-2.490000009536743,-2.4742979021324927,-5.4871034676763895,0.5385076634114037,random,2034,xgb_rdkit_morgan,xgboost,rdkit+morgan,none,77abfcdbb281d08df2e9fb09cf84b2a648ea9008
freesolv,03542dfab9a8b00c,CCCC(C)(C)C,hydration_free_energy,kcal/mol,train,,2.880000114440918,2.870800457306766,-0.14200510823713053,5.883606022850662,random,2034,xgb_rdkit_morgan,xgboost,rdkit+morgan,none,77abfcdbb281d08df2e9fb09cf84b2a648ea9008
freesolv,f1b212ed322c6018,CCCC(C)(C)O,hydration_free_energy,kcal/mol,test,,-3.9200000762939453,-4.319479740081953,-7.33228530562585,-1.306674174538057,random,2034,xgb_rdkit_morgan,xgboost,rdkit+morgan,none,77abfcdbb281d08df2e9fb09cf84b2a648ea9008
freesolv,39533f2780e046ad,CCCC(C)=O,hydration_free_energy,kcal/mol,train,,-3.5199999809265137,-3.446825146089685,-6.459630711633581,-0.4340195805457885,random,2034,xgb_rdkit_morgan,xgboost,rdkit+morgan,none,77abfcdbb281d08df2e9fb09cf84b2a648ea9008
freesolv,b26bad70227ef601,CCCC(C)C,hydration_free_energy,kcal/mol,validation,,2.509999990463257,2.4573112088443123,-0.555494356699584,5.470116774388209,random,2034,xgb_rdkit_morgan,xgboost,rdkit+morgan,none,77abfcdbb281d08df2e9fb09cf84b2a648ea9008
freesolv,aa05bf74b194f434,CCCC1CCCC1,hydration_free_energy,kcal/mol,validation,,2.130000114440918,2.2060338389200025,-0.8067717266238938,5.218839404463899,random,2034,xgb_rdkit_morgan,xgboost,rdkit+morgan,none,77abfcdbb281d08df2e9fb09cf84b2a648ea9008
freesolv,397cb77fff01ff68,CCCC=O,hydration_free_energy,kcal/mol,train,,-3.180000066757202,-3.1506150038496368,-6.1634205693935336,-0.13780943830574044,random,2034,xgb_rdkit_morgan,xgboost,rdkit+morgan,none,77abfcdbb281d08df2e9fb09cf84b2a648ea9008
freesolv,dbe273c607f375c1,CCCCBr,hydration_free_energy,kcal/mol,train,,-0.4000000059604645,-0.40662205285197484,-3.419427618395871,2.6061835126919215,random,2034,xgb_rdkit_morgan,xgboost,rdkit+morgan,none,77abfcdbb281d08df2e9fb09cf84b2a648ea9008
freesolv,c65a887de1f68c42,CCCCC,hydration_free_energy,kcal/mol,test,,2.299999952316284,2.249825660138284,-0.7629799054056123,5.26263122568218,random,2034,xgb_rdkit_morgan,xgboost,rdkit+morgan,none,77abfcdbb281d08df2e9fb09cf84b2a648ea9008
freesolv,41df5f7378e36325,CCCCC#N,hydration_free_energy,kcal/mol,train,,-3.5199999809265137,-3.4902346500447963,-6.503040215588692,-0.47742908450089994,random,2034,xgb_rdkit_morgan,xgboost,rdkit+morgan,none,77abfcdbb281d08df2e9fb09cf84b2a648ea9008
freesolv,e6007044d8c0034f,CCCCC(=O)CCCC,hydration_free_energy,kcal/mol,train,,-2.640000104904175,-2.582074078240871,-5.594879643784767,0.43073148730302524,random,2034,xgb_rdkit_morgan,xgboost,rdkit+morgan,none,77abfcdbb281d08df2e9fb09cf84b2a648ea9008
freesolv,32ecc9982d398376,CCCCC(=O)O,hydration_free_energy,kcal/mol,train,,-6.159999847412109,-6.218758197452484,-9.23156376299638,-3.2059526319085876,random,2034,xgb_rdkit_morgan,xgboost,rdkit+morgan,none,77abfcdbb281d08df2e9fb09cf84b2a648ea9008
freesolv,6751478463d88fc8,CCCCC(=O)OC,hydration_free_energy,kcal/mol,train,,-2.559999942779541,-2.58053087587395,-5.593336441417846,0.43227468966994653,random,2034,xgb_rdkit_morgan,xgboost,rdkit+morgan,none,77abfcdbb281d08df2e9fb09cf84b2a648ea9008
freesolv,5c2b6f5593568a0c,CCCCC(=O)OCC,hydration_free_energy,kcal/mol,train,,-2.490000009536743,-2.363059590152529,-5.375865155696426,0.6497459753913675,random,2034,xgb_rdkit_morgan,xgboost,rdkit+morgan,none,77abfcdbb281d08df2e9fb09cf84b2a648ea9008
freesolv,1af343ef31d31c1a,CCCCC(C)=O,hydration_free_energy,kcal/mol,train,,-3.2799999713897705,-3.1992354795149476,-6.212041045058844,-0.18642991397105124,random,2034,xgb_rdkit_morgan,xgboost,rdkit+morgan,none,77abfcdbb281d08df2e9fb09cf84b2a648ea9008
freesolv,b312f6bfc607a5c1,CCCCC(C)C,hydration_free_energy,kcal/mol,train,,2.930000066757202,2.8785820376789655,-0.13422352786493086,5.891387603222862,random,2034,xgb_rdkit_morgan,xgboost,rdkit+morgan,none,77abfcdbb281d08df2e9fb09cf84b2a648ea9008
freesolv,ff3070e7bd7554be,CCCCC/C=C/C=O,hydration_free_energy,kcal/mol,calibration,,-3.430000066757202,-3.3238670727200095,-6.336672638263906,-0.31106150717611314,random,2034,xgb_rdkit_morgan,xgboost,rdkit+morgan,none,77abfcdbb281d08df2e9fb09cf84b2a648ea9008
freesolv,f448cc7ab5087548,CCCCC=O,hydration_free_energy,kcal/mol,train,,-3.0299999713897705,-3.018407288114056,-6.031212853657952,-0.005601722570159673,random,2034,xgb_rdkit_morgan,xgboost,rdkit+morgan,none,77abfcdbb281d08df2e9fb09cf84b2a648ea9008
freesolv,133c9950c099219b,CCCCCBr,hydration_free_energy,kcal/mol,train,,-0.10000000149011612,-0.04888409269142047,-3.061689658235317,2.963921472852476,random,2034,xgb_rdkit_morgan,xgboost,rdkit+morgan,none,77abfcdbb281d08df2e9fb09cf84b2a648ea9008
freesolv,b9d709c5baaf140a,CCCCCC,hydration_free_energy,kcal/mol,train,,2.4800000190734863,2.480607241904413,-0.5321983236394834,5.493412807448309,random,2034,xgb_rdkit_morgan,xgboost,rdkit+morgan,none,77abfcdbb281d08df2e9fb09cf84b2a648ea9008
freesolv,6fba198d3d1721fb,CCCCCC(=O)O,hydration_free_energy,kcal/mol,test,,-6.210000038146973,-5.997662259555586,-9.010467825099482,-2.9848566940116896,random,2034,xgb_rdkit_morgan,xgboost,rdkit+morgan,none,77abfcdbb281d08df2e9fb09cf84b2a648ea9008
freesolv,b6b4fcf38b80bb62,CCCCCC(=O)OC,hydration_free_energy,kcal/mol,test,,-2.490000009536743,-2.3531122575662975,-5.365917823110194,0.6596933079775988,random,2034,xgb_rdkit_morgan,xgboost,rdkit+morgan,none,77abfcdbb281d08df2e9fb09cf84b2a648ea9008
freesolv,c27d3eb691086c0e,CCCCCC(=O)OCC,hydration_free_energy,kcal/mol,test,,-2.2300000190734863,-2.2188155984750075,-5.231621164018904,0.7939899670688888,random,2034,xgb_rdkit_morgan,xgboost,rdkit+morgan,none,77abfcdbb281d08df2e9fb09cf84b2a648ea9008
freesolv,ece018572b2d8a14,CCCCCC(C)=O,hydration_free_energy,kcal/mol,train,,-3.0399999618530273,-3.0458395250295327,-6.058645090573429,-0.033033959485636366,random,2034,xgb_rdkit_morgan,xgboost,rdkit+morgan,none,77abfcdbb281d08df2e9fb09cf84b2a648ea9008
freesolv,721a178df646ca1b,CCCCCC(N)=O,hydration_free_energy,kcal/mol,validation,,-9.3100004196167,-7.372057723923602,-10.384863289467498,-4.3592521583797055,random,2034,xgb_rdkit_morgan,xgboost,rdkit+morgan,none,77abfcdbb281d08df2e9fb09cf84b2a648ea9008
freesolv,3246863db31fc62b,CCCCCC1CCCC1,hydration_free_energy,kcal/mol,train,,2.549999952316284,2.5329758961865583,-0.47982966935733806,5.545781461730455,random,2034,xgb_rdkit_morgan,xgboost,rdkit+morgan,none,77abfcdbb281d08df2e9fb09cf84b2a648ea9008
freesolv,2a429658212632e6,CCCCCC=O,hydration_free_energy,kcal/mol,train,,-2.809999942779541,-2.821248081558882,-5.834053647102778,0.19155748398501427,random,2034,xgb_rdkit_morgan,xgboost,rdkit+morgan,none,77abfcdbb281d08df2e9fb09cf84b2a648ea9008
freesolv,fa17305ea323628e,CCCCCCBr,hydration_free_energy,kcal/mol,train,,0.18000000715255737,0.123535870456561,-2.8892696950873353,3.1363414360004573,random,2034,xgb_rdkit_morgan,xgboost,rdkit+morgan,none,77abfcdbb281d08df2e9fb09cf84b2a648ea9008
freesolv,0d31a6c328196dcb,CCCCCCC,hydration_free_energy,kcal/mol,test,,2.6700000762939453,2.6202190505743355,-0.3925865149695609,5.633024616118232,random,2034,xgb_rdkit_morgan,xgboost,rdkit+morgan,none,77abfcdbb281d08df2e9fb09cf84b2a648ea9008
freesolv,95b742928f6b9c7c,CCCCCCC(C)=O,hydration_free_energy,kcal/mol,train,,-2.880000114440918,-2.8116701574299827,-5.8244757229738795,0.20113540811391362,random,2034,xgb_rdkit_morgan,xgboost,rdkit+morgan,none,77abfcdbb281d08df2e9fb09cf84b2a648ea9008
freesolv,94d55096ffe1cf8f,CCCCCCC=O,hydration_free_energy,kcal/mol,train,,-2.6700000762939453,-2.6611134377090204,-5.673919003252917,0.3516921278348759,random,2034,xgb_rdkit_morgan,xgboost,rdkit+morgan,none,77abfcdbb281d08df2e9fb09cf84b2a648ea9008
freesolv,e5f6857cc48520e1,CCCCCCCBr,hydration_free_energy,kcal/mol,train,,0.3400000035762787,0.2835357475443345,-2.729269817999562,3.296341313088231,random,2034,xgb_rdkit_morgan,xgboost,rdkit+morgan,none,77abfcdbb281d08df2e9fb09cf84b2a648ea9008
freesolv,b8c87ca6a3bbaf9a,CCCCCCCC,hydration_free_energy,kcal/mol,train,,2.880000114440918,2.889601767114865,-0.12320379842903151,5.902407332658761,random,2034,xgb_rdkit_morgan,xgboost,rdkit+morgan,none,77abfcdbb281d08df2e9fb09cf84b2a648ea9008
freesolv,aa39ba56ac3bb10c,CCCCCCCC(=O)OC,hydration_free_energy,kcal/mol,test,,-2.0399999618530273,-2.019720832107423,-5.032526397651319,0.9930847334364734,random,2034,xgb_rdkit_morgan,xgboost,rdkit+morgan,none,77abfcdbb281d08df2e9fb09cf84b2a648ea9008
freesolv,abda4bc05ccb6a0f,CCCCCCCC(C)=O,hydration_free_energy,kcal/mol,train,,-2.490000009536743,-2.495199395617031,-5.508004961160927,0.5176061699268653,random,2034,xgb_rdkit_morgan,xgboost,rdkit+morgan,none,77abfcdbb281d08df2e9fb09cf84b2a648ea9008
freesolv,4be165ba79237734,CCCCCCCC=O,hydration_free_energy,kcal/mol,train,,-2.2899999618530273,-2.3104913030907475,-5.323296868634644,0.7023142624531489,random,2034,xgb_rdkit_morgan,xgboost,rdkit+morgan,none,77abfcdbb281d08df2e9fb09cf84b2a648ea9008
freesolv,09f8afe9d3b8d320,CCCCCCCCBr,hydration_free_energy,kcal/mol,train,,0.5199999809265137,0.5699803342599603,-2.442825231283936,3.5827858998038566,random,2034,xgb_rdkit_morgan,xgboost,rdkit+morgan,none,77abfcdbb281d08df2e9fb09cf84b2a648ea9008
freesolv,c1789540a8674e1a,CCCCCCCCC,hydration_free_energy,kcal/mol,train,,3.130000114440918,3.0275776407718427,0.014772075227946324,6.040383206315739,random,2034,xgb_rdkit_morgan,xgboost,rdkit+morgan,none,77abfcdbb281d08df2e9fb09cf84b2a648ea9008
freesolv,4a3ffcd0d28fe78b,CCCCCCCCC(C)=O,hydration_free_energy,kcal/mol,train,,-2.3399999141693115,-2.3063760577500663,-5.319181623293963,0.7064295077938301,random,2034,xgb_rdkit_morgan,xgboost,rdkit+morgan,none,77abfcdbb281d08df2e9fb09cf84b2a648ea9008
freesolv,ec8b98d1cb1ce133,CCCCCCCCC=O,hydration_free_energy,kcal/mol,train,,-2.069999933242798,-2.1265239008659167,-5.139329466409813,0.8862816646779796,random,2034,xgb_rdkit_morgan,xgboost,rdkit+morgan,none,77abfcdbb281d08df2e9fb09cf84b2a648ea9008
freesolv,75b6097552666ac9,CCCCCCCCCC,hydration_free_energy,kcal/mol,calibration,,3.1600000858306885,2.943024669812167,-0.06978089573172941,5.955830235356063,random,2034,xgb_rdkit_morgan,xgboost,rdkit+morgan,none,77abfcdbb281d08df2e9fb09cf84b2a648ea9008
freesolv,f39cab9e03836a2a,CCCCCCCCCC(C)=O,hydration_free_energy,kcal/mol,train,,-2.1500000953674316,-2.244994305455715,-5.257799870999611,0.7678112600881812,random,2034,xgb_rdkit_morgan,xgboost,rdkit+morgan,none,77abfcdbb281d08df2e9fb09cf84b2a648ea9008
freesolv,f291a8c4f28957ac,CCCCCCCCCCO,hydration_free_energy,kcal/mol,train,,-3.640000104904175,-3.6824342553436016,-6.6952398208874975,-0.6696286897997052,random,2034,xgb_rdkit_morgan,xgboost,rdkit+morgan,none,77abfcdbb281d08df2e9fb09cf84b2a648ea9008
freesolv,47c556dcc89524e8,CCCCCCCCCO,hydration_free_energy,kcal/mol,train,,-3.880000114440918,-3.8341494891631607,-6.846955054707057,-0.8213439236192643,random,2034,xgb_rdkit_morgan,xgboost,rdkit+morgan,none,77abfcdbb281d08df2e9fb09cf84b2a648ea9008
freesolv,8d563aedccae05a5,CCCCCCCCN,hydration_free_energy,kcal/mol,train,,-3.6500000953674316,-3.625224447611949,-6.638030013155845,-0.6124188820680527,random,2034,xgb_rdkit_morgan,xgboost,rdkit+morgan,none,77abfcdbb281d08df2e9fb09cf84b2a648ea9008
freesolv,792f87dcc6bad3ab,CCCCCCCCO,hydration_free_energy,kcal/mol,train,,-4.090000152587891,-4.025609253038902,-7.038414818582798,-1.0128036874950057,random,2034,xgb_rdkit_morgan,xgboost,rdkit+morgan,none,77abfcdbb281d08df2e9fb09cf84b2a648ea9008
freesolv,7160687123739e47,CCCCCCCCl,hydration_free_energy,kcal/mol,validation,,0.28999999165534973,0.15849233123418482,-2.8543132343097115,3.171297896778081,random,2034,xgb_rdkit_morgan,xgboost,rdkit+morgan,none,77abfcdbb281d08df2e9fb09cf84b2a648ea9008
freesolv,d314880f871cdc72,CCCCCCCI,hydration_free_energy,kcal/mol,train,,0.27000001072883606,0.28024186522367955,-2.732563700320217,3.293047430767576,random,2034,xgb_rdkit_morgan,xgboost,rdkit+morgan,none,77abfcdbb281d08df2e9fb09cf84b2a648ea9008
freesolv,52c877fb1fc39037,CCCCCCCN,hydration_free_energy,kcal/mol,train,,-3.7899999618530273,-3.8162314432640834,-6.82903700880798,-0.803425877720187,random,2034,xgb_rdkit_morgan,xgboost,rdkit+morgan,none,77abfcdbb281d08df2e9fb09cf84b2a648ea9008
freesolv,26d2aa460794e065,CCCCCCCO,hydration_free_energy,kcal/mol,train,,-4.210000038146973,-4.204702805360435,-7.217508370904332,-1.191897239816539,random,2034,xgb_rdkit_morgan,xgboost,rdkit+morgan,none,77abfcdbb281d08df2e9fb09cf84b2a648ea9008
freesolv,025d577d95efe3b4,CCCCCCCl,hydration_free_energy,kcal/mol,train,,0.0,0.012111039404480106,-3.0006945261394162,3.0249166049483764,random,2034,xgb_rdkit_morgan,xgboost,rdkit+morgan,none,77abfcdbb281d08df2e9fb09cf84b2a648ea9008
freesolv,88afe17e741468f3,CCCCCCI,hydration_free_energy,kcal/mol,train,,0.07999999821186066,0.09968812498728497,-2.9131174405566114,3.1124936905311813,random,2034,xgb_rdkit_morgan,xgboost,rdkit+morgan,none,77abfcdbb281d08df2e9fb09cf84b2a648ea9008
freesolv,9e36e298d03ebb99,CCCCCCN,hydration_free_energy,kcal/mol,train,,-3.950000047683716,-3.9716548646554055,-6.984460430199302,-0.9588492991115092,random,2034,xgb_rdkit_morgan,xgboost,rdkit+morgan,none,77abfcdbb281d08df2e9fb09cf84b2a648ea9008
freesolv,67a84046ee2724da,CCCCCCO,hydration_free_energy,kcal/mol,train,,-4.400000095367432,-4.400700834095173,-7.413506399639069,-1.3878952685512767,random,2034,xgb_rdkit_morgan,xgboost,rdkit+morgan,none,77abfcdbb281d08df2e9fb09cf84b2a648ea9008
freesolv,045b8d8a43ece3f6,CCCCCCOC(C)=O,hydration_free_energy,kcal/mol,train,,-2.259999990463257,-2.2233282359881725,-5.236133801532069,0.7894773295557238,random,2034,xgb_rdkit_morgan,xgboost,rdkit+morgan,none,77abfcdbb281d08df2e9fb09cf84b2a648ea9008
freesolv,2fd5e6e45fde1339,CCCCCCO[N+](=O)[O-],hydration_free_energy,kcal/mol,train,,-1.659999966621399,-1.7390346851192295,-4.751840250663125,1.2737708804246668,random,2034,xgb_rdkit_morgan,xgboost,rdkit+morgan,none,77abfcdbb281d08df2e9fb09cf84b2a648ea9008
freesolv,cd6c3d0610e05c69,CCCCCCc1ccccc1,hydration_free_energy,kcal/mol,test,,-0.03999999910593033,-0.4396810069863264,-3.4524865725302227,2.57312455855757,random,2034,xgb_rdkit_morgan,xgboost,rdkit+morgan,none,77abfcdbb281d08df2e9fb09cf84b2a648ea9008
freesolv,8ac2131167ce2101,CCCCCCl,hydration_free_energy,kcal/mol,train,,-0.10000000149011612,-0.1198030229520235,-3.13260858849592,2.893002542591873,random,2034,xgb_rdkit_morgan,xgboost,rdkit+morgan,none,77abfcdbb281d08df2e9fb09cf84b2a648ea9008
freesolv,61a8967b60de201c,CCCCCI,hydration_free_energy,kcal/mol,calibration,,-0.14000000059604645,-0.00881679858176998,-3.0216223641256663,3.0039887669621264,random,2034,xgb_rdkit_morgan,xgboost,rdkit+morgan,none,77abfcdbb281d08df2e9fb09cf84b2a648ea9008
freesolv,964f1e46b133a777,CCCCCN,hydration_free_energy,kcal/mol,train,,-4.090000152587891,-4.111636140325998,-7.124441705869894,-1.0988305747821014,random,2034,xgb_rdkit_morgan,xgboost,rdkit+morgan,none,77abfcdbb281d08df2e9fb09cf84b2a648ea9008
freesolv,b360cef7ae377473,CCCCCO,hydration_free_energy,kcal/mol,train,,-4.570000171661377,-4.55629708136353,-7.569102646907426,-1.5434915158196336,random,2034,xgb_rdkit_morgan,xgboost,rdkit+morgan,none,77abfcdbb281d08df2e9fb09cf84b2a648ea9008
freesolv,0c072a2731172132,CCCCCOC(=O)CC,hydration_free_energy,kcal/mol,train,,-2.109999895095825,-2.1441178128889105,-5.156923378432807,0.8686877526549859,random,2034,xgb_rdkit_morgan,xgboost,rdkit+morgan,none,77abfcdbb281d08df2e9fb09cf84b2a648ea9008
freesolv,5f4efc6ed5a32666,CCCCCOC(C)=O,hydration_free_energy,kcal/mol,calibration,,-2.509999990463257,-2.3662059432635996,-5.379011508807496,0.6465996222802968,random,2034,xgb_rdkit_morgan,xgboost,rdkit+morgan,none,77abfcdbb281d08df2e9fb09cf84b2a648ea9008
freesolv,a580f6b292969b53,CCCCC[N+](=O)[O-],hydration_free_energy,kcal/mol,train,,-2.819999933242798,-2.7620243537580613,-5.774829919301958,0.250781211785835,random,2034,xgb_rdkit_morgan,xgboost,rdkit+morgan,none,77abfcdbb281d08df2e9fb09cf84b2a648ea9008
freesolv,468b092da3632d2d,CCCCCc1ccccc1,hydration_free_energy,kcal/mol,train,,-0.23000000417232513,-0.17654744042510817,-3.1893530059690045,2.836258125118788,random,2034,xgb_rdkit_morgan,xgboost,rdkit+morgan,none,77abfcdbb281d08df2e9fb09cf84b2a648ea9008
freesolv,c514ddd9e3b812c1,CCCCCl,hydration_free_energy,kcal/mol,train,,-0.1599999964237213,-0.2577472832069474,-3.2705528487508437,2.755058282336949,random,2034,xgb_rdkit_morgan,xgboost,rdkit+morgan,none,77abfcdbb281d08df2e9fb09cf84b2a648ea9008
freesolv,0d8fa2ca3dfd887f,CCCCI,hydration_free_energy,kcal/mol,train,,-0.25,-0.3289867967817104,-3.3417923623256067,2.683818768762186,random,2034,xgb_rdkit_morgan,xgboost,rdkit+morgan,none,77abfcdbb281d08df2e9fb09cf84b2a648ea9008
freesolv,49a122776d5ed26c,CCCCN,hydration_free_energy,kcal/mol,train,,-4.239999771118164,-4.223842671287196,-7.236648236831092,-1.2110371057432996,random,2034,xgb_rdkit_morgan,xgboost,rdkit+morgan,none,77abfcdbb281d08df2e9fb09cf84b2a648ea9008
freesolv,d21d0b3984a63f44,CCCCN(CC)C(=O)SCCC,hydration_free_energy,kcal/mol,train,,-3.640000104904175,-3.687662058263227,-6.700467623807123,-0.6748564927193308,random,2034,xgb_rdkit_morgan,xgboost,rdkit+morgan,none,77abfcdbb281d08df2e9fb09cf84b2a648ea9008
freesolv,80fb9cecc75acbd8,CCCCN(CC)c1c([N+](=O)[O-])cc(C(F)(F)F)cc1[N+](=O)[O-],hydration_free_energy,kcal/mol,test,,-3.509999990463257,-3.5939879621984945,-6.606793527742391,-0.5811823966545981,random,2034,xgb_rdkit_morgan,xgboost,rdkit+morgan,none,77abfcdbb281d08df2e9fb09cf84b2a648ea9008
freesolv,a629bf56a3d8d9a4,CCCCNCCCC,hydration_free_energy,kcal/mol,train,,-3.240000009536743,-3.2294072518917325,-6.242212817435629,-0.21660168634783616,random,2034,xgb_rdkit_morgan,xgboost,rdkit+morgan,none,77abfcdbb281d08df2e9fb09cf84b2a648ea9008
freesolv,05c1bfb084995387,CCCCO,hydration_free_energy,kcal/mol,train,,-4.71999979019165,-4.6301302404034566,-7.642935805947353,-1.6173246748595602,random,2034,xgb_rdkit_morgan,xgboost,rdkit+morgan,none,77abfcdbb281d08df2e9fb09cf84b2a648ea9008
freesolv,568d2f3ccef5f29e,CCCCOC(=O)c1ccc(O)cc1,hydration_free_energy,kcal/mol,test,,-8.720000267028809,-8.093120317820983,-11.105925883364879,-5.080314752277086,random,2034,xgb_rdkit_morgan,xgboost,rdkit+morgan,none,77abfcdbb281d08df2e9fb09cf84b2a648ea9008
freesolv,46583bb6ead842fb,CCCCOC(C)=O,hydration_free_energy,kcal/mol,validation,,-2.640000104904175,-2.453089173214661,-5.465894738758557,0.5597163923292352,random,2034,xgb_rdkit_morgan,xgboost,rdkit+morgan,none,77abfcdbb281d08df2e9fb09cf84b2a648ea9008
freesolv,9db897b9a26af7f8,CCCCOCCCC,hydration_free_energy,kcal/mol,train,,-0.8299999833106995,-0.8579857961882897,-3.870791361732186,2.1548197693556066,random,2034,xgb_rdkit_morgan,xgboost,rdkit+morgan,none,77abfcdbb281d08df2e9fb09cf84b2a648ea9008
freesolv,f95f835b86cb25c6,CCCCOCCO,hydration_free_energy,kcal/mol,test,,-6.25,-5.960098981061943,-8.97290454660584,-2.947293415518047,random,2034,xgb_rdkit_morgan,xgboost,rdkit+morgan,none,77abfcdbb281d08df2e9fb09cf84b2a648ea9008
freesolv,2caada664cae6a44,CCCCOC[C@H](C)O,hydration_free_energy,kcal/mol,train,,-5.730000019073486,-5.741414443221703,-8.7542200087656,-2.7286088776778064,random,2034,xgb_rdkit_morgan,xgboost,rdkit+morgan,none,77abfcdbb281d08df2e9fb09cf84b2a648ea9008
freesolv,cde238e2926e5f58,CCCCO[N+](=O)[O-],hydration_free_energy,kcal/mol,train,,-2.0899999141693115,-2.137800518465172,-5.150606084009068,0.8750050470787243,random,2034,xgb_rdkit_morgan,xgboost,rdkit+morgan,none,77abfcdbb281d08df2e9fb09cf84b2a648ea9008
freesolv,6287c96eb11ffacf,CCCCS,hydration_free_energy,kcal/mol,validation,,-0.9900000095367432,-0.9283333434784393,-3.9411389090223357,2.084472222065457,random,2034,xgb_rdkit_morgan,xgboost,rdkit+morgan,none,77abfcdbb281d08df2e9fb09cf84b2a648ea9008
freesolv,e63ff875f53e1b76,CCCC[C@@H](C)CC,hydration_free_energy,kcal/mol,train,,2.9700000286102295,2.8968920518018137,-0.11591351374208259,5.90969761734571,random,2034,xgb_rdkit_morgan,xgboost,rdkit+morgan,none,77abfcdbb281d08df2e9fb09cf84b2a648ea9008
freesolv,4297266e950b3a36,CCCC[N+](=O)[O-],hydration_free_energy,kcal/mol,calibration,,-3.0899999141693115,-3.0010460858561805,-6.013851651400077,0.011759479687715846,random,2034,xgb_rdkit_morgan,xgboost,rdkit+morgan,none,77abfcdbb281d08df2e9fb09cf84b2a648ea9008
freesolv,0d50519807301d63,CCCCc1ccccc1,hydration_free_energy,kcal/mol,train,,-0.4000000059604645,-0.38004829543226926,-3.3928538609761656,2.632757270111627,random,2034,xgb_rdkit_morgan,xgboost,rdkit+morgan,none,77abfcdbb281d08df2e9fb09cf84b2a648ea9008
freesolv,b28f009eb10da6e6,CCCCl,hydration_free_energy,kcal/mol,calibration,,-0.33000001311302185,-0.67777113896059,-3.6905767045044864,2.3350344265833063,random,2034,xgb_rdkit_morgan,xgboost,rdkit+morgan,none,77abfcdbb281d08df2e9fb09cf84b2a648ea9008
freesolv,ea2c409d9d4aedd5,CCCI,hydration_free_energy,kcal/mol,train,,-0.5299999713897705,-0.4633210406954418,-3.476126606239338,2.5494845248484546,random,2034,xgb_rdkit_morgan,xgboost,rdkit+morgan,none,77abfcdbb281d08df2e9fb09cf84b2a648ea9008
freesolv,4a77fe430575ea6c,CCCN,hydration_free_energy,kcal/mol,test,,-4.389999866485596,-4.390802151022102,-7.403607716565999,-1.377996585478206,random,2034,xgb_rdkit_morgan,xgboost,rdkit+morgan,none,77abfcdbb281d08df2e9fb09cf84b2a648ea9008
freesolv,2628eefa16acabf5,CCCN(CC1CC1)c1c([N+](=O)[O-])cc(C(F)(F)F)cc1[N+](=O)[O-],hydration_free_energy,kcal/mol,train,,-2.450000047683716,-2.4716680183416413,-5.484473583885538,0.541137547202255,random,2034,xgb_rdkit_morgan,xgboost,rdkit+morgan,none,77abfcdbb281d08df2e9fb09cf84b2a648ea9008
freesolv,2ed1f3bed4d2e8b5,CCCN(CCC)c1c([N+](=O)[O-])cc(C(F)(F)F)cc1[N+](=O)[O-],hydration_free_energy,kcal/mol,train,,-3.25,-3.2242501107800305,-6.237055676323926,-0.2114445452361342,random,2034,xgb_rdkit_morgan,xgboost,rdkit+morgan,none,77abfcdbb281d08df2e9fb09cf84b2a648ea9008
freesolv,b54ecd51b4236e1f,CCCN(CCC)c1c([N+](=O)[O-])cc(S(C)(=O)=O)cc1[N+](=O)[O-],hydration_free_energy,kcal/mol,train,,-7.980000019073486,-7.987110511280691,-10.999916076824586,-4.974304945736795,random,2034,xgb_rdkit_morgan,xgboost,rdkit+morgan,none,77abfcdbb281d08df2e9fb09cf84b2a648ea9008
freesolv,c5cecb085a70d066,CCCNCCC,hydration_free_energy,kcal/mol,validation,,-3.6500000953674316,-3.5909314438382602,-6.603737009382156,-0.5781258782943639,random,2034,xgb_rdkit_morgan,xgboost,rdkit+morgan,none,77abfcdbb281d08df2e9fb09cf84b2a648ea9008
freesolv,14e1e55c7f98f735,CCCO,hydration_free_energy,kcal/mol,calibration,,-4.849999904632568,-4.813674667017476,-7.826480232561372,-1.8008691014735794,random,2034,xgb_rdkit_morgan,xgboost,rdkit+morgan,none,77abfcdbb281d08df2e9fb09cf84b2a648ea9008
freesolv,2a3bb72367a885ab,CCCOC,hydration_free_energy,kcal/mol,test,,-1.659999966621399,-2.1008252492497292,-5.113630814793625,0.9119803162941671,random,2034,xgb_rdkit_morgan,xgboost,rdkit+morgan,none,77abfcdbb281d08df2e9fb09cf84b2a648ea9008
freesolv,9516158b89342f01,CCCOC(=O)CC,hydration_free_energy,kcal/mol,test,,-2.440000057220459,-2.450146316743478,-5.462951882287374,0.5626592488004185,random,2034,xgb_rdkit_morgan,xgboost,rdkit+morgan,none,77abfcdbb281d08df2e9fb09cf84b2a648ea9008
freesolv,f035596c68056a32,CCCOC(=O)CCC,hydration_free_energy,kcal/mol,train,,-2.2799999713897705,-2.2938214391011185,-5.306627004645015,0.7189841264427779,random,2034,xgb_rdkit_morgan,xgboost,rdkit+morgan,none,77abfcdbb281d08df2e9fb09cf84b2a648ea9008
freesolv,ea0843191f1b6e45,CCCOC(=O)c1ccc(O)cc1,hydration_free_energy,kcal/mol,calibration,,-9.369999885559082,-8.73024230406514,-11.743047869609036,-5.7174367385212435,random,2034,xgb_rdkit_morgan,xgboost,rdkit+morgan,none,77abfcdbb281d08df2e9fb09cf84b2a648ea9008
freesolv,18552703d063ac27,CCCOC(C)=O,hydration_free_energy,kcal/mol,train,,-2.7899999618530273,-2.7148621926208243,-5.727667758164721,0.29794337292307205,random,2034,xgb_rdkit_morgan,xgboost,rdkit+morgan,none,77abfcdbb281d08df2e9fb09cf84b2a648ea9008
freesolv,057b911b93e037d5,CCCOC=O,hydration_free_energy,kcal/mol,train,,-2.4800000190734863,-2.4817371210691173,-5.494542686613014,0.5310684444747791,random,2034,xgb_rdkit_morgan,xgboost,rdkit+morgan,none,77abfcdbb281d08df2e9fb09cf84b2a648ea9008
freesolv,71c0327f59bc314e,CCCOCCC,hydration_free_energy,kcal/mol,train,,-1.159999966621399,-1.1777937623913775,-4.190599327935274,1.8350118031525189,random,2034,xgb_rdkit_morgan,xgboost,rdkit+morgan,none,77abfcdbb281d08df2e9fb09cf84b2a648ea9008
freesolv,521c123566b724eb,CCCOCCO,hydration_free_energy,kcal/mol,train,,-6.400000095367432,-6.345844776228701,-9.358650341772599,-3.333039210684805,random,2034,xgb_rdkit_morgan,xgboost,rdkit+morgan,none,77abfcdbb281d08df2e9fb09cf84b2a648ea9008
freesolv,63f950a5f14d4dfc,CCCS,hydration_free_energy,kcal/mol,calibration,,-1.100000023841858,-1.2207036867790335,-4.23350925232293,1.7921018787648628,random,2034,xgb_rdkit_morgan,xgboost,rdkit+morgan,none,77abfcdbb281d08df2e9fb09cf84b2a648ea9008
freesolv,e54fed017ace88c1,CCCSC(=O)N(CCC)CCC,hydration_free_energy,kcal/mol,validation,,-4.130000114440918,-3.839703208329064,-6.852508773872961,-0.8268976427851675,random,2034,xgb_rdkit_morgan,xgboost,rdkit+morgan,none,77abfcdbb281d08df2e9fb09cf84b2a648ea9008
freesolv,b1b55628116aeb6c,CCCSCCC,hydration_free_energy,kcal/mol,train,,-1.2799999713897705,-1.3000563701875376,-4.3128619357314335,1.7127491953563587,random,2034,xgb_rdkit_morgan,xgboost,rdkit+morgan,none,77abfcdbb281d08df2e9fb09cf84b2a648ea9008
freesolv,e3c745ed4598aaaa,CCC[C@@H](C)O,hydration_free_energy,kcal/mol,train,,-4.389999866485596,-4.3956223166852455,-7.408427882229142,-1.3828167511413492,random,2034,xgb_rdkit_morgan,xgboost,rdkit+morgan,none,77abfcdbb281d08df2e9fb09cf84b2a648ea9008
freesolv,d5ee437817540c30,CCC[C@@H](O)CC,hydration_free_energy,kcal/mol,train,,-4.059999942779541,-4.154571062718611,-7.167376628262508,-1.141765497174715,random,2034,xgb_rdkit_morgan,xgboost,rdkit+morgan,none,77abfcdbb281d08df2e9fb09cf84b2a648ea9008
freesolv,a63b1c7e6ba8bcb0,CCC[C@H](C)CC,hydration_free_energy,kcal/mol,train,,2.7100000381469727,2.7981659730947115,-0.21463959244918485,5.810971538638608,random,2034,xgb_rdkit_morgan,xgboost,rdkit+morgan,none,77abfcdbb281d08df2e9fb09cf84b2a648ea9008
freesolv,cd5b9b418bb348af,CCC[N+](=O)[O-],hydration_free_energy,kcal/mol,validation,,-3.3399999141693115,-3.2329344879542137,-6.2457400534981105,-0.22012892241031734,random,2034,xgb_rdkit_morgan,xgboost,rdkit+morgan,none,77abfcdbb281d08df2e9fb09cf84b2a648ea9008
freesolv,c5c03d560157f2ad,CCCc1ccc(O)c(OC)c1,hydration_free_energy,kcal/mol,validation,,-5.260000228881836,-5.5417933722532595,-8.554598937797156,-2.528987806709363,random,2034,xgb_rdkit_morgan,xgboost,rdkit+morgan,none,77abfcdbb281d08df2e9fb09cf84b2a648ea9008
freesolv,563deebbd969756a,CCCc1ccc(O)cc1,hydration_free_energy,kcal/mol,train,,-5.210000038146973,-5.400865743537854,-8.41367130908175,-2.3880601779939576,random,2034,xgb_rdkit_morgan,xgboost,rdkit+morgan,none,77abfcdbb281d08df2e9fb09cf84b2a648ea9008
freesolv,5c778e54f5d0e8db,CCCc1ccccc1,hydration_free_energy,kcal/mol,train,,-0.5299999713897705,-0.5645975013415643,-3.5774030668854606,2.448208064202332,random,2034,xgb_rdkit_morgan,xgboost,rdkit+morgan,none,77abfcdbb281d08df2e9fb09cf84b2a648ea9008
freesolv,015ecefa34d9ae39,CCCl,hydration_free_energy,kcal/mol,calibration,,-0.6299999952316284,-0.7418636819377151,-3.7546692474816115,2.270941883606181,random,2034,xgb_rdkit_morgan,xgboost,rdkit+morgan,none,77abfcdbb281d08df2e9fb09cf84b2a648ea9008
freesolv,e6833630dd227931,CCI,hydration_free_energy,kcal/mol,test,,-0.7400000095367432,-0.5540917824057234,-3.5668973479496198,2.458713783138173,random,2034,xgb_rdkit_morgan,xgboost,rdkit+morgan,none,77abfcdbb281d08df2e9fb09cf84b2a648ea9008
freesolv,5358de96aa5a405c,CCN,hydration_free_energy,kcal/mol,validation,,-4.5,-4.711972947570393,-7.724778513114289,-1.6991673820264968,random,2034,xgb_rdkit_morgan,xgboost,rdkit+morgan,none,77abfcdbb281d08df2e9fb09cf84b2a648ea9008
freesolv,2e65611bdb8133fc,CCN(CC)CC,hydration_free_energy,kcal/mol,train,,-3.2200000286102295,-3.2096064316886994,-6.222411997232596,-0.19680086614480308,random,2034,xgb_rdkit_morgan,xgboost,rdkit+morgan,none,77abfcdbb281d08df2e9fb09cf84b2a648ea9008
freesolv,a4faf5093d2ab9ee,CCN(CC)c1c([N+](=O)[O-])cc(C(F)(F)F)c(N)c1[N+](=O)[O-],hydration_free_energy,kcal/mol,calibration,,-5.659999847412109,-7.708469517232029,-10.721275082775925,-4.695663951688132,random,2034,xgb_rdkit_morgan,xgboost,rdkit+morgan,none,77abfcdbb281d08df2e9fb09cf84b2a648ea9008
freesolv,f3ee692836994141,CCNCC,hydration_free_energy,kcal/mol,train,,-4.070000171661377,-4.002899765673573,-7.015705331217469,-0.9900942001296764,random,2034,xgb_rdkit_morgan,xgboost,rdkit+morgan,none,77abfcdbb281d08df2e9fb09cf84b2a648ea9008
freesolv,c506d303fb751324,CCNc1nc(Cl)nc(NCC)n1,hydration_free_energy,kcal/mol,train,,-10.220000267028809,-10.21638880295976,-13.229194368503656,-7.203583237415863,random,2034,xgb_rdkit_morgan,xgboost,rdkit+morgan,none,77abfcdbb281d08df2e9fb09cf84b2a648ea9008
freesolv,f0b13e9a8de1870e,CCNc1nc(NC(C)(C)C)nc(SC)n1,hydration_free_energy,kcal/mol,train,,-6.679999828338623,-6.695105426998525,-9.707910992542422,-3.682299861454629,random,2034,xgb_rdkit_morgan,xgboost,rdkit+morgan,none,77abfcdbb281d08df2e9fb09cf84b2a648ea9008
freesolv,48cf6f23e72121d4,CCNc1nc(NC(C)C)nc(SC)n1,hydration_free_energy,kcal/mol,validation,,-7.650000095367432,-7.973936855384861,-10.986742420928756,-4.9611312898409645,random,2034,xgb_rdkit_morgan,xgboost,rdkit+morgan,none,77abfcdbb281d08df2e9fb09cf84b2a648ea9008
freesolv,ca789066a644a873,CCO,hydration_free_energy,kcal/mol,test,,-5.0,-5.072163522296949,-8.084969087840845,-2.059357956753052,random,2034,xgb_rdkit_morgan,xgboost,rdkit+morgan,none,77abfcdbb281d08df2e9fb09cf84b2a648ea9008
freesolv,eb85ffd9d4e232dd,CCOC,hydration_free_energy,kcal/mol,validation,,-2.0999999046325684,-2.300305230775673,-5.313110796319569,0.7125003347682233,random,2034,xgb_rdkit_morgan,xgboost,rdkit+morgan,none,77abfcdbb281d08df2e9fb09cf84b2a648ea9008
freesolv,c5d7586c4df2935f,CCOC(=O)CC,hydration_free_energy,kcal/mol,test,,-2.680000066757202,-2.566636434411293,-5.57944199995519,0.44616913113260326,random,2034,xgb_rdkit_morgan,xgboost,rdkit+morgan,none,77abfcdbb281d08df2e9fb09cf84b2a648ea9008
freesolv,9cc7e547b13b7996,CCOC(=O)CC(=O)OCC,hydration_free_energy,kcal/mol,validation,,-6.0,-6.42367439617826,-9.436479961722156,-3.4108688306343637,random,2034,xgb_rdkit_morgan,xgboost,rdkit+morgan,none,77abfcdbb281d08df2e9fb09cf84b2a648ea9008
freesolv,2b4d8e742733b5fd,CCOC(=O)CCC(=O)OCC,hydration_free_energy,kcal/mol,test,,-5.710000038146973,-6.115902237570415,-9.128707803114311,-3.1030966720265187,random,2034,xgb_rdkit_morgan,xgboost,rdkit+morgan,none,77abfcdbb281d08df2e9fb09cf84b2a648ea9008
freesolv,9a148610b2e6e2f6,CCOC(=O)C[C@@H](SP(=S)(OC)OC)C(=O)OCC,hydration_free_energy,kcal/mol,train,,-8.149999618530273,-8.166037215091386,-11.178842780635282,-5.1532316495474895,random,2034,xgb_rdkit_morgan,xgboost,rdkit+morgan,none,77abfcdbb281d08df2e9fb09cf84b2a648ea9008
freesolv,06cda49eadbecf92,CCOC(=O)c1ccc(O)cc1,hydration_free_energy,kcal/mol,train,,-9.199999809265137,-9.182121462941605,-12.194927028485502,-6.169315897397709,random,2034,xgb_rdkit_morgan,xgboost,rdkit+morgan,none,77abfcdbb281d08df2e9fb09cf84b2a648ea9008
freesolv,11e7d1ad91c8f3c6,CCOC(=O)c1ccccc1,hydration_free_energy,kcal/mol,train,,-3.640000104904175,-3.7187186619554122,-6.731524227499309,-0.7059130964115159,random,2034,xgb_rdkit_morgan,xgboost,rdkit+morgan,none,77abfcdbb281d08df2e9fb09cf84b2a648ea9008
freesolv,31ca2a93eb56b1c9,CCOC(C)=O,hydration_free_energy,kcal/mol,train,,-2.940000057220459,-2.9257955926241763,-5.938601158168073,0.08700997291972001,random,2034,xgb_rdkit_morgan,xgboost,rdkit+morgan,none,77abfcdbb281d08df2e9fb09cf84b2a648ea9008
freesolv,0f30fb54765a4a71,CCOC(C)OCC,hydration_free_energy,kcal/mol,train,,-3.2799999713897705,-3.2893925699653632,-6.30219813550926,-0.2765870044214669,random,2034,xgb_rdkit_morgan,xgboost,rdkit+morgan,none,77abfcdbb281d08df2e9fb09cf84b2a648ea9008
freesolv,ba554b8b161e7746,CCOC(OCC)Oc1ccccc1,hydration_free_energy,kcal/mol,train,,-5.230000019073486,-5.177446454763352,-8.190252020307248,-2.1646408892194557,random,2034,xgb_rdkit_morgan,xgboost,rdkit+morgan,none,77abfcdbb281d08df2e9fb09cf84b2a648ea9008
freesolv,50ed9f322b5791b3,CCOC=O,hydration_free_energy,kcal/mol,calibration,,-2.559999942779541,-2.8922867329439295,-5.905092298487826,0.12051883259996687,random,2034,xgb_rdkit_morgan,xgboost,rdkit+morgan,none,77abfcdbb281d08df2e9fb09cf84b2a648ea9008
freesolv,55c67ac3acc4815b,CCOCC,hydration_free_energy,kcal/mol,train,,-1.590000033378601,-1.6123906939717645,-4.625196259515661,1.4004148715721318,random,2034,xgb_rdkit_morgan,xgboost,rdkit+morgan,none,77abfcdbb281d08df2e9fb09cf84b2a648ea9008
freesolv,a9f3bd414c2b7a32,CCOCCO,hydration_free_energy,kcal/mol,train,,-6.690000057220459,-6.696835265524237,-9.709640831068134,-3.684029699980341,random,2034,xgb_rdkit_morgan,xgboost,rdkit+morgan,none,77abfcdbb281d08df2e9fb09cf84b2a648ea9008
freesolv,30f1421c9e037d21,CCOCCOC(C)=O,hydration_free_energy,kcal/mol,validation,,-5.309999942779541,-6.52371067477048,-9.536516240314377,-3.5109051092265835,random,2034,xgb_rdkit_morgan,xgboost,rdkit+morgan,none,77abfcdbb281d08df2e9fb09cf84b2a648ea9008
freesolv,06d7492e30c5c56e,CCOCCOCC,hydration_free_energy,kcal/mol,train,,-3.5399999618530273,-3.658450982048854,-6.67125654759275,-0.6456454165049577,random,2034,xgb_rdkit_morgan,xgboost,rdkit+morgan,none,77abfcdbb281d08df2e9fb09cf84b2a648ea9008
freesolv,4024725848eb763d,CCOP(=O)(OCC)O/C(=C/Cl)c1ccc(Cl)cc1Cl,hydration_free_energy,kcal/mol,test,,-7.070000171661377,-5.814238022412709,-8.827043587956606,-2.8014324568688123,random,2034,xgb_rdkit_morgan,xgboost,rdkit+morgan,none,77abfcdbb281d08df2e9fb09cf84b2a648ea9008
freesolv,b7d694fcb2ed16b9,CCOP(=O)(OCC)OCC,hydration_free_energy,kcal/mol,validation,,-7.5,-6.2965695518808555,-9.309375117424752,-3.283763986336959,random,2034,xgb_rdkit_morgan,xgboost,rdkit+morgan,none,77abfcdbb281d08df2e9fb09cf84b2a648ea9008
freesolv,181e12660bc9d5d1,CCOP(=S)(OCC)Oc1cc(C)nc(C(C)C)n1,hydration_free_energy,kcal/mol,train,,-6.480000019073486,-6.46684636054294,-9.479651926086836,-3.4540407949990435,random,2034,xgb_rdkit_morgan,xgboost,rdkit+morgan,none,77abfcdbb281d08df2e9fb09cf84b2a648ea9008
freesolv,53478077bdfb11ad,CCOP(=S)(OCC)Oc1ccc([N+](=O)[O-])cc1,hydration_free_energy,kcal/mol,train,,-6.739999771118164,-6.757242622515287,-9.770048188059183,-3.7444370569713907,random,2034,xgb_rdkit_morgan,xgboost,rdkit+morgan,none,77abfcdbb281d08df2e9fb09cf84b2a648ea9008
freesolv,4a53f2c0125f5222,CCOP(=S)(OCC)Oc1nc(Cl)c(Cl)cc1Cl,hydration_free_energy,kcal/mol,train,,-5.039999961853027,-5.048151387136993,-8.06095695268089,-2.035345821593097,random,2034,xgb_rdkit_morgan,xgboost,rdkit+morgan,none,77abfcdbb281d08df2e9fb09cf84b2a648ea9008
freesolv,e8ca88ad8ca9eec5,CCOP(=S)(OCC)SCSCC,hydration_free_energy,kcal/mol,calibration,,-4.369999885559082,-4.450259642368109,-7.463065207912005,-1.4374540768242126,random,2034,xgb_rdkit_morgan,xgboost,rdkit+morgan,none,77abfcdbb281d08df2e9fb09cf84b2a648ea9008
freesolv,e55a87e3bb6fb68e,CCOP(=S)(OCC)SCSP(=S)(OCC)OCC,hydration_free_energy,kcal/mol,train,,-6.099999904632568,-6.101490975527517,-9.114296541071413,-3.0886854099836203,random,2034,xgb_rdkit_morgan,xgboost,rdkit+morgan,none,77abfcdbb281d08df2e9fb09cf84b2a648ea9008
freesolv,f0e2c44dc296a6e5,CCOP(=S)(OCC)SCSc1ccc(Cl)cc1,hydration_free_energy,kcal/mol,calibration,,-6.5,-4.603039779490183,-7.61584534503408,-1.590234213946287,random,2034,xgb_rdkit_morgan,xgboost,rdkit+morgan,none,77abfcdbb281d08df2e9fb09cf84b2a648ea9008
freesolv,458f5f3358ffa842,CCOP(=S)(OCC)S[C@@H](CCl)N1C(=O)c2ccccc2C1=O,hydration_free_energy,kcal/mol,train,,-5.739999771118164,-5.724703833069427,-8.737509398613323,-2.7118982675255303,random,2034,xgb_rdkit_morgan,xgboost,rdkit+morgan,none,77abfcdbb281d08df2e9fb09cf84b2a648ea9008
freesolv,d03f12d520c785a7,CCOc1ccccc1,hydration_free_energy,kcal/mol,train,,-2.2200000286102295,-2.228102913478361,-5.2409084790222575,0.7847026520655351,random,2034,xgb_rdkit_morgan,xgboost,rdkit+morgan,none,77abfcdbb281d08df2e9fb09cf84b2a648ea9008
freesolv,e59096cd88e01589,CCS,hydration_free_energy,kcal/mol,calibration,,-1.1399999856948853,-1.3435180069843695,-4.356323572528266,1.6692875585595268,random,2034,xgb_rdkit_morgan,xgboost,rdkit+morgan,none,77abfcdbb281d08df2e9fb09cf84b2a648ea9008
freesolv,c868bf4a1b1b5939,CCSC,hydration_free_energy,kcal/mol,train,,-1.5,-1.5242602567663441,-4.5370658223102405,1.4885453087775522,random,2034,xgb_rdkit_morgan,xgboost,rdkit+morgan,none,77abfcdbb281d08df2e9fb09cf84b2a648ea9008
freesolv,9f27d20fc9bfb022,CCSCC,hydration_free_energy,kcal/mol,train,,-1.4600000381469727,-1.4327378186072282,-4.445543384151124,1.5800677469366682,random,2034,xgb_rdkit_morgan,xgboost,rdkit+morgan,none,77abfcdbb281d08df2e9fb09cf84b2a648ea9008
freesolv,4fc9e69deb3fc3dc,CCSSCC,hydration_free_energy,kcal/mol,train,,-1.6399999856948853,-1.6459664686863582,-4.658772034230255,1.3668390968575381,random,2034,xgb_rdkit_morgan,xgboost,rdkit+morgan,none,77abfcdbb281d08df2e9fb09cf84b2a648ea9008
freesolv,bfa0e17b5e26ea0d,CC[C@@H](C)C(C)C,hydration_free_energy,kcal/mol,train,,2.5199999809265137,2.4423184943769725,-0.5704870711669239,5.455124059920869,random,2034,xgb_rdkit_morgan,xgboost,rdkit+morgan,none,77abfcdbb281d08df2e9fb09cf84b2a648ea9008
freesolv,d551cb41de0123da,CC[C@@H](C)CO,hydration_free_energy,kcal/mol,train,,-4.420000076293945,-4.396819762103037,-7.409625327646934,-1.384014196559141,random,2034,xgb_rdkit_morgan,xgboost,rdkit+morgan,none,77abfcdbb281d08df2e9fb09cf84b2a648ea9008
freesolv,43bfd896ecc8fa0d,CC[C@@H](C)c1cc([N+](=O)[O-])cc([N+](=O)[O-])c1O,hydration_free_energy,kcal/mol,train,,-6.230000019073486,-6.199607501008353,-9.21241306655225,-3.186801935464457,random,2034,xgb_rdkit_morgan,xgboost,rdkit+morgan,none,77abfcdbb281d08df2e9fb09cf84b2a648ea9008
freesolv,72e6cc3958fe9748,CC[C@@H](O)C(C)C,hydration_free_energy,kcal/mol,test,,-3.880000114440918,-4.336779003489139,-7.349584569033035,-1.3239734379452424,random,2034,xgb_rdkit_morgan,xgboost,rdkit+morgan,none,77abfcdbb281d08df2e9fb09cf84b2a648ea9008
freesolv,30fe9e05f0944b46,CC[C@H](C)Cl,hydration_free_energy,kcal/mol,train,,0.0,-0.06407702537176752,-3.076882590915664,2.948728540172129,random,2034,xgb_rdkit_morgan,xgboost,rdkit+morgan,none,77abfcdbb281d08df2e9fb09cf84b2a648ea9008
freesolv,4bac7107d8eee406,CC[C@H](C)O,hydration_free_energy,kcal/mol,train,,-4.619999885559082,-4.572303239540041,-7.585108805083937,-1.5594976739961446,random,2034,xgb_rdkit_morgan,xgboost,rdkit+morgan,none,77abfcdbb281d08df2e9fb09cf84b2a648ea9008
freesolv,5ebfcf19058e296f,CC[C@H](C)O[N+](=O)[O-],hydration_free_energy,kcal/mol,validation,,-1.8200000524520874,-2.868348303845429,-5.881153869389325,0.1444572616984674,random,2034,xgb_rdkit_morgan,xgboost,rdkit+morgan,none,77abfcdbb281d08df2e9fb09cf84b2a648ea9008
freesolv,df64aadb6927ab47,CC[C@H](C)c1ccccc1,hydration_free_energy,kcal/mol,train,,-0.44999998807907104,-0.36104793827790527,-3.3738535038218016,2.651757627265991,random,2034,xgb_rdkit_morgan,xgboost,rdkit+morgan,none,77abfcdbb281d08df2e9fb09cf84b2a648ea9008
freesolv,2be6ddc7a67dd59d,CC[C@H](C)n1c(=O)[nH]c(C)c(Br)c1=O,hydration_free_energy,kcal/mol,train,,-9.729999542236328,-9.755471957869492,-12.768277523413389,-6.742666392325596,random,2034,xgb_rdkit_morgan,xgboost,rdkit+morgan,none,77abfcdbb281d08df2e9fb09cf84b2a648ea9008
freesolv,7e80f2c2416f6238,CC[N+](=O)[O-],hydration_free_energy,kcal/mol,train,,-3.7100000381469727,-3.741349920786492,-6.754155486330388,-0.7285443552425956,random,2034,xgb_rdkit_morgan,xgboost,rdkit+morgan,none,77abfcdbb281d08df2e9fb09cf84b2a648ea9008
freesolv,8c11f08cc436c38e,CCc1ccc(C)cc1,hydration_free_energy,kcal/mol,calibration,,-0.949999988079071,-0.7731876457326856,-3.785993211276582,2.2396179198112107,random,2034,xgb_rdkit_morgan,xgboost,rdkit+morgan,none,77abfcdbb281d08df2e9fb09cf84b2a648ea9008
freesolv,66b7acb5e2d6c3d2,CCc1ccc(O)cc1,hydration_free_energy,kcal/mol,train,,-6.130000114440918,-6.105000297328834,-9.11780586287273,-3.0921947317849376,random,2034,xgb_rdkit_morgan,xgboost,rdkit+morgan,none,77abfcdbb281d08df2e9fb09cf84b2a648ea9008
freesolv,7e17a2e61f09e50a,CCc1cccc(CC)c1N(COC)C(=O)CCl,hydration_free_energy,kcal/mol,calibration,,-8.210000038146973,-6.366474043195555,-9.379279608739452,-3.3536684776516585,random,2034,xgb_rdkit_morgan,xgboost,rdkit+morgan,none,77abfcdbb281d08df2e9fb09cf84b2a648ea9008
freesolv,d83d21ac42fea8f4,CCc1cccc(O)c1,hydration_free_energy,kcal/mol,train,,-6.25,-6.175048102732845,-9.187853668276741,-3.1622425371889484,random,2034,xgb_rdkit_morgan,xgboost,rdkit+morgan,none,77abfcdbb281d08df2e9fb09cf84b2a648ea9008
freesolv,2b77950e97163b16,CCc1cccc2ccccc12,hydration_free_energy,kcal/mol,train,,-2.4000000953674316,-2.3940301863645432,-5.40683575190844,0.6187753791793531,random,2034,xgb_rdkit_morgan,xgboost,rdkit+morgan,none,77abfcdbb281d08df2e9fb09cf84b2a648ea9008
freesolv,d9d3904fcfb40c49,CCc1ccccc1,hydration_free_energy,kcal/mol,calibration,,-0.7900000214576721,-0.7207117400569061,-3.7335173056008024,2.2920938254869903,random,2034,xgb_rdkit_morgan,xgboost,rdkit+morgan,none,77abfcdbb281d08df2e9fb09cf84b2a648ea9008
freesolv,d3d42d2d2434b6a4,CCc1ccccc1C,hydration_free_energy,kcal/mol,train,,-0.8500000238418579,-0.8568847131034243,-3.8696902786473206,2.155920852440472,random,2034,xgb_rdkit_morgan,xgboost,rdkit+morgan,none,77abfcdbb281d08df2e9fb09cf84b2a648ea9008
freesolv,5dce688cbe158876,CCc1ccccc1O,hydration_free_energy,kcal/mol,train,,-5.659999847412109,-5.6855134010634085,-8.698318966607305,-2.672707835519512,random,2034,xgb_rdkit_morgan,xgboost,rdkit+morgan,none,77abfcdbb281d08df2e9fb09cf84b2a648ea9008
freesolv,ef41bd7574f5dbfd,CCc1ccccn1,hydration_free_energy,kcal/mol,train,,-4.329999923706055,-4.429168995361282,-7.441974560905178,-1.4163634298173857,random,2034,xgb_rdkit_morgan,xgboost,rdkit+morgan,none,77abfcdbb281d08df2e9fb09cf84b2a648ea9008
freesolv,5574eabc651548ff,CCc1cccnc1,hydration_free_energy,kcal/mol,train,,-4.590000152587891,-4.608937727990012,-7.621743293533909,-1.596132162446116,random,2034,xgb_rdkit_morgan,xgboost,rdkit+morgan,none,77abfcdbb281d08df2e9fb09cf84b2a648ea9008
freesolv,74500def09ca4c11,CCc1ccncc1,hydration_free_energy,kcal/mol,validation,,-4.730000019073486,-4.658928820264365,-7.671734385808262,-1.646123254720469,random,2034,xgb_rdkit_morgan,xgboost,rdkit+morgan,none,77abfcdbb281d08df2e9fb09cf84b2a648ea9008
freesolv,b06c750d00374d3a,CCc1cnccn1,hydration_free_energy,kcal/mol,train,,-5.449999809265137,-5.4066107182977445,-8.419416283841642,-2.393805152753848,random,2034,xgb_rdkit_morgan,xgboost,rdkit+morgan,none,77abfcdbb281d08df2e9fb09cf84b2a648ea9008
freesolv,8ec2d1ea7f63089d,CCl,hydration_free_energy,kcal/mol,train,,-0.550000011920929,-0.5961497841513679,-3.608955349695264,2.4166557813925285,random,2034,xgb_rdkit_morgan,xgboost,rdkit+morgan,none,77abfcdbb281d08df2e9fb09cf84b2a648ea9008
freesolv,c17d9f4bb13fd7ab,CF,hydration_free_energy,kcal/mol,train,,-0.2199999988079071,-0.1487908734218948,-3.161596438965791,2.8640146921220015,random,2034,xgb_rdkit_morgan,xgboost,rdkit+morgan,none,77abfcdbb281d08df2e9fb09cf84b2a648ea9008
freesolv,1d3ef8ffa7fbb106,CI,hydration_free_energy,kcal/mol,train,,-0.8899999856948853,-0.8585656093992906,-3.871371174943187,2.1542399561446057,random,2034,xgb_rdkit_morgan,xgboost,rdkit+morgan,none,77abfcdbb281d08df2e9fb09cf84b2a648ea9008
freesolv,6b48636a029cf296,CN,hydration_free_energy,kcal/mol,validation,,-4.550000190734863,-5.387610009883358,-8.400415575427253,-2.3748044443394614,random,2034,xgb_rdkit_morgan,xgboost,rdkit+morgan,none,77abfcdbb281d08df2e9fb09cf84b2a648ea9008
freesolv,ae740ecf42fc66b3,CN(C)C,hydration_free_energy,kcal/mol,test,,-3.200000047683716,-4.314508766782346,-7.327314332326242,-1.3017032012384497,random,2034,xgb_rdkit_morgan,xgboost,rdkit+morgan,none,77abfcdbb281d08df2e9fb09cf84b2a648ea9008
freesolv,3730b07de9065cc6,CN(C)C(=O)Nc1ccccc1,hydration_free_energy,kcal/mol,train,,-9.130000114440918,-9.135922808046962,-12.148728373590858,-6.123117242503065,random,2034,xgb_rdkit_morgan,xgboost,rdkit+morgan,none,77abfcdbb281d08df2e9fb09cf84b2a648ea9008
freesolv,427a8b23dbe39998,CN(C)C(=O)c1ccc([N+](=O)[O-])cc1,hydration_free_energy,kcal/mol,test,,-11.949999809265137,-9.706567195759046,-12.719372761302942,-6.69376163021515,random,2034,xgb_rdkit_morgan,xgboost,rdkit+morgan,none,77abfcdbb281d08df2e9fb09cf84b2a648ea9008
freesolv,ab53bae8e7e2439a,CN(C)C(=O)c1ccccc1,hydration_free_energy,kcal/mol,train,,-9.289999961853027,-9.326708518574746,-12.339514084118642,-6.3139029530308495,random,2034,xgb_rdkit_morgan,xgboost,rdkit+morgan,none,77abfcdbb281d08df2e9fb09cf84b2a648ea9008
freesolv,df162aa01d1e1807,CN(C)C=O,hydration_free_energy,kcal/mol,train,,-7.809999942779541,-7.8217326090701995,-10.834538174614096,-4.808927043526303,random,2034,xgb_rdkit_morgan,xgboost,rdkit+morgan,none,77abfcdbb281d08df2e9fb09cf84b2a648ea9008
freesolv,8ae90c7343e88285,CN(C)CCC=C1c2ccccc2CCc2ccccc21,hydration_free_energy,kcal/mol,train,,-7.429999828338623,-7.422373614632388,-10.435179180176284,-4.409568049088492,random,2034,xgb_rdkit_morgan,xgboost,rdkit+morgan,none,77abfcdbb281d08df2e9fb09cf84b2a648ea9008
freesolv,6ba867aa7081b5d5,CN(C)CCOC(c1ccccc1)c1ccccc1,hydration_free_energy,kcal/mol,train,,-9.34000015258789,-9.295696942026737,-12.308502507570633,-6.282891376482841,random,2034,xgb_rdkit_morgan,xgboost,rdkit+morgan,none,77abfcdbb281d08df2e9fb09cf84b2a648ea9008
freesolv,f138fff4fe28c100,CN(C)c1ccccc1,hydration_free_energy,kcal/mol,train,,-3.450000047683716,-3.617898758841867,-6.630704324385763,-0.6050931932979706,random,2034,xgb_rdkit_morgan,xgboost,rdkit+morgan,none,77abfcdbb281d08df2e9fb09cf84b2a648ea9008
freesolv,22b8524d6432124c,CN(CC(F)(F)F)c1ccccc1,hydration_free_energy,kcal/mol,train,,-1.9199999570846558,-1.9151442835469092,-4.927949849090806,1.097661281996987,random,2034,xgb_rdkit_morgan,xgboost,rdkit+morgan,none,77abfcdbb281d08df2e9fb09cf84b2a648ea9008
freesolv,aef820157b9e02ff,CN1CCCCC1,hydration_free_energy,kcal/mol,train,,-3.880000114440918,-4.017958048678506,-7.030763614222402,-1.0051524831346095,random,2034,xgb_rdkit_morgan,xgboost,rdkit+morgan,none,77abfcdbb281d08df2e9fb09cf84b2a648ea9008
freesolv,caa26b776de24e5a,CN1CCN(C)CC1,hydration_free_energy,kcal/mol,train,,-7.579999923706055,-7.539418606049585,-10.552224171593481,-4.526613040505689,random,2034,xgb_rdkit_morgan,xgboost,rdkit+morgan,none,77abfcdbb281d08df2e9fb09cf84b2a648ea9008
freesolv,3cff3d64db2ccf3c,CN1CCNCC1,hydration_free_energy,kcal/mol,train,,-7.769999980926514,-7.7647868025173645,-10.77759236806126,-4.751981236973468,random,2034,xgb_rdkit_morgan,xgboost,rdkit+morgan,none,77abfcdbb281d08df2e9fb09cf84b2a648ea9008
freesolv,d6cea68731e98da0,CN1CCOCC1,hydration_free_energy,kcal/mol,train,,-6.320000171661377,-6.34373768443848,-9.356543249982376,-3.3309321188945837,random,2034,xgb_rdkit_morgan,xgboost,rdkit+morgan,none,77abfcdbb281d08df2e9fb09cf84b2a648ea9008
freesolv,9afd0df86add5901,CNC,hydration_free_energy,kcal/mol,test,,-4.289999961853027,-4.681217322492344,-7.6940228880362405,-1.6684117569484478,random,2034,xgb_rdkit_morgan,xgboost,rdkit+morgan,none,77abfcdbb281d08df2e9fb09cf84b2a648ea9008
freesolv,5cb6cf4121e34498,CNC(=O)O/N=C\C(C)(C)SC,hydration_free_energy,kcal/mol,test,,-9.84000015258789,-7.950462382233168,-10.963267947777064,-4.937656816689271,random,2034,xgb_rdkit_morgan,xgboost,rdkit+morgan,none,77abfcdbb281d08df2e9fb09cf84b2a648ea9008
freesolv,90a200a5ff27cc37,CNC(=O)Oc1cccc2c1OC(C)(C)C2,hydration_free_energy,kcal/mol,calibration,,-9.609999656677246,-8.476302851514552,-11.489108417058448,-5.463497285970655,random,2034,xgb_rdkit_morgan,xgboost,rdkit+morgan,none,77abfcdbb281d08df2e9fb09cf84b2a648ea9008
freesolv,0a5851c2ca44922c,CNC(=O)Oc1cccc2ccccc12,hydration_free_energy,kcal/mol,train,,-9.449999809265137,-9.478395710135818,-12.491201275679714,-6.465590144591921,random,2034,xgb_rdkit_morgan,xgboost,rdkit+morgan,none,77abfcdbb281d08df2e9fb09cf84b2a648ea9008
freesolv,d876777714879c8e,CNC(C)=O,hydration_free_energy,kcal/mol,train,,-10.0,-9.930902453586388,-12.943708019130284,-6.918096888042491,random,2034,xgb_rdkit_morgan,xgboost,rdkit+morgan,none,77abfcdbb281d08df2e9fb09cf84b2a648ea9008
freesolv,6bfbe627b61bb1f8,CNc1ccccc1,hydration_free_energy,kcal/mol,calibration,,-4.690000057220459,-5.556156277499683,-8.56896184304358,-2.543350711955787,random,2034,xgb_rdkit_morgan,xgboost,rdkit+morgan,none,77abfcdbb281d08df2e9fb09cf84b2a648ea9008
freesolv,32c1365b28b1a0c9,CO,hydration_free_energy,kcal/mol,validation,,-5.099999904632568,-5.564059628013127,-8.576865193557023,-2.551254062469231,random,2034,xgb_rdkit_morgan,xgboost,rdkit+morgan,none,77abfcdbb281d08df2e9fb09cf84b2a648ea9008
freesolv,c4ae432b7146eac6,COC,hydration_free_energy,kcal/mol,calibration,,-1.909999966621399,-2.436492371309778,-5.449297936853674,0.5763131942341184,random,2034,xgb_rdkit_morgan,xgboost,rdkit+morgan,none,77abfcdbb281d08df2e9fb09cf84b2a648ea9008
freesolv,dba50d69eba4553d,COC(=O)C(C)(C)C,hydration_free_energy,kcal/mol,train,,-2.4000000953674316,-2.4132809919151774,-5.426086557459074,0.5995245736287189,random,2034,xgb_rdkit_morgan,xgboost,rdkit+morgan,none,77abfcdbb281d08df2e9fb09cf84b2a648ea9008
freesolv,78896c16a1730e57,COC(=O)C(F)(F)F,hydration_free_energy,kcal/mol,validation,,-1.100000023841858,-3.077686046651785,-6.090491612195681,-0.06488048110788869,random,2034,xgb_rdkit_morgan,xgboost,rdkit+morgan,none,77abfcdbb281d08df2e9fb09cf84b2a648ea9008
freesolv,d0ab69455128b9fd,COC(=O)C1CC1,hydration_free_energy,kcal/mol,train,,-4.099999904632568,-4.10964511070165,-7.122450676245546,-1.0968395451577537,random,2034,xgb_rdkit_morgan,xgboost,rdkit+morgan,none,77abfcdbb281d08df2e9fb09cf84b2a648ea9008
freesolv,86863ff15d16d981,COC(=O)C1CCCCC1,hydration_free_energy,kcal/mol,train,,-3.299999952316284,-3.3010200963274157,-6.313825661871312,-0.28821453078351933,random,2034,xgb_rdkit_morgan,xgboost,rdkit+morgan,none,77abfcdbb281d08df2e9fb09cf84b2a648ea9008
freesolv,80ffd5e0b0a9be02,COC(=O)CC#N,hydration_free_energy,kcal/mol,train,,-6.71999979019165,-6.698199793626218,-9.711005359170114,-3.6853942280823215,random,2034,xgb_rdkit_morgan,xgboost,rdkit+morgan,none,77abfcdbb281d08df2e9fb09cf84b2a648ea9008
freesolv,b6cd478b6894d483,COC(=O)CCl,hydration_free_energy,kcal/mol,train,,-4.0,-3.97641101317939,-6.989216578723287,-0.9636054476354938,random,2034,xgb_rdkit_morgan,xgboost,rdkit+morgan,none,77abfcdbb281d08df2e9fb09cf84b2a648ea9008
freesolv,1ee4d9131fedf122,COC(=O)c1ccc(O)cc1,hydration_free_energy,kcal/mol,train,,-9.510000228881836,-9.509250858886997,-12.522056424430893,-6.4964452933431005,random,2034,xgb_rdkit_morgan,xgboost,rdkit+morgan,none,77abfcdbb281d08df2e9fb09cf84b2a648ea9008
freesolv,f7f1cf0080e3fe6c,COC(=O)c1ccc(OC)cc1,hydration_free_energy,kcal/mol,test,,-5.329999923706055,-7.848010605550691,-10.860816171094587,-4.8352050400067945,random,2034,xgb_rdkit_morgan,xgboost,rdkit+morgan,none,77abfcdbb281d08df2e9fb09cf84b2a648ea9008
freesolv,03666b9268eeead7,COC(=O)c1ccc([N+](=O)[O-])cc1,hydration_free_energy,kcal/mol,train,,-6.880000114440918,-6.921498366039543,-9.93430393158344,-3.908692800495647,random,2034,xgb_rdkit_morgan,xgboost,rdkit+morgan,none,77abfcdbb281d08df2e9fb09cf84b2a648ea9008
freesolv,6606bca5fe63957e,COC(=O)c1ccccc1,hydration_free_energy,kcal/mol,train,,-3.9200000762939453,-3.942067764586604,-6.9548733301305,-0.9292621990427077,random,2034,xgb_rdkit_morgan,xgboost,rdkit+morgan,none,77abfcdbb281d08df2e9fb09cf84b2a648ea9008
freesolv,3df2b5140200cf21,COC(C)(C)C,hydration_free_energy,kcal/mol,train,,-2.2100000381469727,-2.112652993824789,-5.125458559368685,0.9001525717191075,random,2034,xgb_rdkit_morgan,xgboost,rdkit+morgan,none,77abfcdbb281d08df2e9fb09cf84b2a648ea9008
freesolv,0b5928b255a9be06,COC(C)(OC)OC,hydration_free_energy,kcal/mol,train,,-4.420000076293945,-4.398964731432386,-7.411770296976282,-1.3861591658884898,random,2034,xgb_rdkit_morgan,xgboost,rdkit+morgan,none,77abfcdbb281d08df2e9fb09cf84b2a648ea9008
freesolv,343056c6313cf7f2,COC(C)=O,hydration_free_energy,kcal/mol,validation,,-3.130000114440918,-3.4482076177244974,-6.461013183268394,-0.435402052180601,random,2034,xgb_rdkit_morgan,xgboost,rdkit+morgan,none,77abfcdbb281d08df2e9fb09cf84b2a648ea9008
freesolv,366c595dc8dd0749,COC(C)C,hydration_free_energy,kcal/mol,train,,-2.009999990463257,-1.9825753188675868,-4.9953808844114835,1.0302302466763096,random,2034,xgb_rdkit_morgan,xgboost,rdkit+morgan,none,77abfcdbb281d08df2e9fb09cf84b2a648ea9008
freesolv,cecd292832da1853,COC(CC#N)(OC)OC,hydration_free_energy,kcal/mol,calibration,,-6.400000095367432,-7.424085421810263,-10.43689098735416,-4.411279856266367,random,2034,xgb_rdkit_morgan,xgboost,rdkit+morgan,none,77abfcdbb281d08df2e9fb09cf84b2a648ea9008
freesolv,8465a94b854e5f5e,COC(CCl)(OC)OC,hydration_free_energy,kcal/mol,validation,,-4.590000152587891,-5.232934883481509,-8.245740449025405,-2.2201293179376123,random,2034,xgb_rdkit_morgan,xgboost,rdkit+morgan,none,77abfcdbb281d08df2e9fb09cf84b2a648ea9008
freesolv,792c6eb18e8ee8a5,COC(F)(F)C(Cl)Cl,hydration_free_energy,kcal/mol,test,,-1.1200000047683716,-2.2682730096880235,-5.28107857523192,0.7445325558558729,random,2034,xgb_rdkit_morgan,xgboost,rdkit+morgan,none,77abfcdbb281d08df2e9fb09cf84b2a648ea9008
freesolv,c89b39a05b1f8fe2,COC(OC)(OC)C(F)(F)F,hydration_free_energy,kcal/mol,validation,,-0.800000011920929,-5.289628134077936,-8.302433699621833,-2.2768225685340395,random,2034,xgb_rdkit_morgan,xgboost,rdkit+morgan,none,77abfcdbb281d08df2e9fb09cf84b2a648ea9008
freesolv,4f9776f71274bb0a,COC(OC)(OC)c1ccccc1,hydration_free_energy,kcal/mol,train,,-4.039999961853027,-4.060239861602023,-7.073045427145919,-1.0474342960581264,random,2034,xgb_rdkit_morgan,xgboost,rdkit+morgan,none,77abfcdbb281d08df2e9fb09cf84b2a648ea9008
freesolv,43e9689fb007ea3d,COC(OC)OC,hydration_free_energy,kcal/mol,train,,-4.420000076293945,-4.416731229213259,-7.429536794757155,-1.4039256636693622,random,2034,xgb_rdkit_morgan,xgboost,rdkit+morgan,none,77abfcdbb281d08df2e9fb09cf84b2a648ea9008
freesolv,79cb04263c54cc58,COC=O,hydration_free_energy,kcal/mol,train,,-2.7799999713897705,-2.88199996608898,-5.894805531632876,0.13080559945491643,random,2034,xgb_rdkit_morgan,xgboost,rdkit+morgan,none,77abfcdbb281d08df2e9fb09cf84b2a648ea9008
freesolv,cbf68aa07930e926,COCC(OC)(OC)OC,hydration_free_energy,kcal/mol,calibration,,-5.730000019073486,-7.3667642353797085,-10.379569800923605,-4.353958669835812,random,2034,xgb_rdkit_morgan,xgboost,rdkit+morgan,none,77abfcdbb281d08df2e9fb09cf84b2a648ea9008
freesolv,f3a3789f1e894352,COCCN,hydration_free_energy,kcal/mol,train,,-6.550000190734863,-6.568125397095896,-9.580930962639792,-3.5553198315519996,random,2034,xgb_rdkit_morgan,xgboost,rdkit+morgan,none,77abfcdbb281d08df2e9fb09cf84b2a648ea9008
freesolv,36f9489fd7c43523,COCCO,hydration_free_energy,kcal/mol,train,,-6.619999885559082,-6.63759573102239,-9.650401296566287,-3.624790165478494,random,2034,xgb_rdkit_morgan,xgboost,rdkit+morgan,none,77abfcdbb281d08df2e9fb09cf84b2a648ea9008
freesolv,6176386a08c65b6a,COCCOC,hydration_free_energy,kcal/mol,validation,,-4.840000152587891,-4.020033219714153,-7.03283878525805,-1.007227654170257,random,2034,xgb_rdkit_morgan,xgboost,rdkit+morgan,none,77abfcdbb281d08df2e9fb09cf84b2a648ea9008
freesolv,dde41266c6fb0f78,COCOC,hydration_free_energy,kcal/mol,train,,-2.930000066757202,-3.0306590620799962,-6.043464627623893,-0.01785349653609991,random,2034,xgb_rdkit_morgan,xgboost,rdkit+morgan,none,77abfcdbb281d08df2e9fb09cf84b2a648ea9008
freesolv,b4138e6574e5938a,COP(=O)(OC)OC,hydration_free_energy,kcal/mol,train,,-8.699999809265137,-8.688573498424779,-11.701379063968675,-5.675767932880882,random,2034,xgb_rdkit_morgan,xgboost,rdkit+morgan,none,77abfcdbb281d08df2e9fb09cf84b2a648ea9008
freesolv,cfd15d18e41c6b74,COP(=O)(OC)[C@@H](O)C(Cl)(Cl)Cl,hydration_free_energy,kcal/mol,train,,-12.739999771118164,-12.621415129416354,-15.63422069496025,-9.608609563872458,random,2034,xgb_rdkit_morgan,xgboost,rdkit+morgan,none,77abfcdbb281d08df2e9fb09cf84b2a648ea9008
freesolv,f7eaea59fbdc4fd0,COP(=S)(OC)Oc1ccc([N+](=O)[O-])cc1,hydration_free_energy,kcal/mol,test,,-7.190000057220459,-8.174651984237713,-11.187457549781609,-5.161846418693816,random,2034,xgb_rdkit_morgan,xgboost,rdkit+morgan,none,77abfcdbb281d08df2e9fb09cf84b2a648ea9008
freesolv,2ef9be15cbbcce71,COP(=S)(OC)SCn1nnc2ccccc2c1=O,hydration_free_energy,kcal/mol,validation,,-10.029999732971191,-9.75867825935779,-12.771483824901686,-6.745872693813894,random,2034,xgb_rdkit_morgan,xgboost,rdkit+morgan,none,77abfcdbb281d08df2e9fb09cf84b2a648ea9008
freesolv,f5ba54488f372966,COS(=O)(=O)OC,hydration_free_energy,kcal/mol,test,,-5.099999904632568,-9.574408188079964,-12.58721375362386,-6.561602622536068,random,2034,xgb_rdkit_morgan,xgboost,rdkit+morgan,none,77abfcdbb281d08df2e9fb09cf84b2a648ea9008
freesolv,5b75e056d7667332,COS(C)(=O)=O,hydration_free_energy,kcal/mol,calibration,,-4.869999885559082,-8.814169563837499,-11.826975129381395,-5.801363998293603,random,2034,xgb_rdkit_morgan,xgboost,rdkit+morgan,none,77abfcdbb281d08df2e9fb09cf84b2a648ea9008
freesolv,58aa2cd0ec0f3549,COc1c(Cl)cc(Cl)c(OC)c1O,hydration_free_energy,kcal/mol,train,,-6.440000057220459,-6.542895560523498,-9.555701126067394,-3.530089994979602,random,2034,xgb_rdkit_morgan,xgboost,rdkit+morgan,none,77abfcdbb281d08df2e9fb09cf84b2a648ea9008
freesolv,f4958df0775de6da,COc1c(Cl)ccc(Cl)c1C(=O)O,hydration_free_energy,kcal/mol,train,,-9.859999656677246,-9.762052697310345,-12.774858262854242,-6.749247131766449,random,2034,xgb_rdkit_morgan,xgboost,rdkit+morgan,none,77abfcdbb281d08df2e9fb09cf84b2a648ea9008
freesolv,1602b6352b27cd5c,COc1c(O)c(OC)c(Cl)c(C=O)c1Cl,hydration_free_energy,kcal/mol,test,,-8.680000305175781,-7.776723086439475,-10.789528651983371,-4.763917520895578,random,2034,xgb_rdkit_morgan,xgboost,rdkit+morgan,none,77abfcdbb281d08df2e9fb09cf84b2a648ea9008
freesolv,dfc5e1986eb52bfc,COc1cc(C)ccc1O,hydration_free_energy,kcal/mol,train,,-5.800000190734863,-5.850917062342241,-8.863722627886137,-2.8381114967983443,random,2034,xgb_rdkit_morgan,xgboost,rdkit+morgan,none,77abfcdbb281d08df2e9fb09cf84b2a648ea9008
freesolv,2dcda2689245ae18,COc1cc(C=O)c(Cl)c(OC)c1O,hydration_free_energy,kcal/mol,train,,-7.78000020980835,-7.778402109348553,-10.79120767489245,-4.765596543804657,random,2034,xgb_rdkit_morgan,xgboost,rdkit+morgan,none,77abfcdbb281d08df2e9fb09cf84b2a648ea9008
freesolv,b57067c3389817fe,COc1ccc(C(=O)N(C)C)cc1,hydration_free_energy,kcal/mol,train,,-11.010000228881836,-11.014676381220752,-14.027481946764649,-8.001870815676856,random,2034,xgb_rdkit_morgan,xgboost,rdkit+morgan,none,77abfcdbb281d08df2e9fb09cf84b2a648ea9008
freesolv,b0f92eb0fbf5865f,COc1ccc(C(C)=O)cc1,hydration_free_energy,kcal/mol,test,,-4.400000095367432,-5.2815814694751815,-8.294387035019078,-2.268775903931285,random,2034,xgb_rdkit_morgan,xgboost,rdkit+morgan,none,77abfcdbb281d08df2e9fb09cf84b2a648ea9008
freesolv,9f101fc6ba15503f,COc1ccc(N)cc1,hydration_free_energy,kcal/mol,validation,,-7.480000019073486,-7.47724324027701,-10.490048805820907,-4.464437674733114,random,2034,xgb_rdkit_morgan,xgboost,rdkit+morgan,none,77abfcdbb281d08df2e9fb09cf84b2a648ea9008
freesolv,47a5d1f5f0d9c9e0,COc1ccc2cc([C@H](C)C(=O)O)ccc2c1,hydration_free_energy,kcal/mol,train,,-10.210000038146973,-10.181461379677355,-13.194266945221251,-7.168655814133459,random,2034,xgb_rdkit_morgan,xgboost,rdkit+morgan,none,77abfcdbb281d08df2e9fb09cf84b2a648ea9008
freesolv,f3601ce4990f38bf,COc1cccc(N)c1,hydration_free_energy,kcal/mol,train,,-7.289999961853027,-7.324730353488965,-10.337535919032861,-4.311924787945069,random,2034,xgb_rdkit_morgan,xgboost,rdkit+morgan,none,77abfcdbb281d08df2e9fb09cf84b2a648ea9008
freesolv,128c8182726e93c8,COc1cccc(O)c1,hydration_free_energy,kcal/mol,train,,-7.659999847412109,-7.675783367068563,-10.68858893261246,-4.662977801524667,random,2034,xgb_rdkit_morgan,xgboost,rdkit+morgan,none,77abfcdbb281d08df2e9fb09cf84b2a648ea9008
freesolv,31e7b18f3228ba99,COc1cccc(OC)c1O,hydration_free_energy,kcal/mol,validation,,-6.960000038146973,-7.154623554677926,-10.167429120221822,-4.141817989134029,random,2034,xgb_rdkit_morgan,xgboost,rdkit+morgan,none,77abfcdbb281d08df2e9fb09cf84b2a648ea9008
freesolv,ad217bed88d732e8,COc1ccccc1,hydration_free_energy,kcal/mol,train,,-2.450000047683716,-2.455454441121655,-5.468260006665551,0.5573511244222416,random,2034,xgb_rdkit_morgan,xgboost,rdkit+morgan,none,77abfcdbb281d08df2e9fb09cf84b2a648ea9008
freesolv,b00362e6f2a54653,COc1ccccc1N,hydration_free_energy,kcal/mol,calibration,,-6.119999885559082,-6.39718353612394,-9.409989101667836,-3.3843779705800436,random,2034,xgb_rdkit_morgan,xgboost,rdkit+morgan,none,77abfcdbb281d08df2e9fb09cf84b2a648ea9008
freesolv,3d2d00e608cdd36c,COc1ccccc1O,hydration_free_energy,kcal/mol,train,,-5.940000057220459,-5.863888626638275,-8.876694192182171,-2.8510830610943785,random,2034,xgb_rdkit_morgan,xgboost,rdkit+morgan,none,77abfcdbb281d08df2e9fb09cf84b2a648ea9008
freesolv,db3f12030831b04a,COc1ccccc1OC,hydration_free_energy,kcal/mol,train,,-5.329999923706055,-5.190283954817344,-8.20308952036124,-2.177478389273448,random,2034,xgb_rdkit_morgan,xgboost,rdkit+morgan,none,77abfcdbb281d08df2e9fb09cf84b2a648ea9008
freesolv,5987ac0025350d65,CS,hydration_free_energy,kcal/mol,train,,-1.2000000476837158,-1.2755018895523484,-4.288307455096245,1.737303675991548,random,2034,xgb_rdkit_morgan,xgboost,rdkit+morgan,none,77abfcdbb281d08df2e9fb09cf84b2a648ea9008
freesolv,0d11fc91d7076b61,CS(=O)(=O)Cl,hydration_free_energy,kcal/mol,train,,-4.869999885559082,-4.989752417869753,-8.002557983413649,-1.9769468523258569,random,2034,xgb_rdkit_morgan,xgboost,rdkit+morgan,none,77abfcdbb281d08df2e9fb09cf84b2a648ea9008
freesolv,aa2bea624cb0b32d,CS(C)(=O)=O,hydration_free_energy,kcal/mol,train,,-10.079999923706055,-9.960492597908718,-12.973298163452615,-6.947687032364822,random,2034,xgb_rdkit_morgan,xgboost,rdkit+morgan,none,77abfcdbb281d08df2e9fb09cf84b2a648ea9008
freesolv,f2cc1c4234198db0,CS(C)=O,hydration_free_energy,kcal/mol,calibration,,-9.279999732971191,-4.715848340858825,-7.728653906402721,-1.7030427753149286,random,2034,xgb_rdkit_morgan,xgboost,rdkit+morgan,none,77abfcdbb281d08df2e9fb09cf84b2a648ea9008
freesolv,91658d5a001d49e4,CSC,hydration_free_energy,kcal/mol,train,,-1.6100000143051147,-1.6039634976776225,-4.616769063221518,1.4088420678662739,random,2034,xgb_rdkit_morgan,xgboost,rdkit+morgan,none,77abfcdbb281d08df2e9fb09cf84b2a648ea9008
freesolv,60bb71e7a2455ffa,CSSC,hydration_free_energy,kcal/mol,test,,-1.8300000429153442,-1.4625490225705886,-4.4753545881144845,1.5502565429733077,random,2034,xgb_rdkit_morgan,xgboost,rdkit+morgan,none,77abfcdbb281d08df2e9fb09cf84b2a648ea9008
freesolv,941bd3545404064b,CSc1ccccc1,hydration_free_energy,kcal/mol,train,,-2.7300000190734863,-2.7059573997823216,-5.718762965326218,0.3068481657615747,random,2034,xgb_rdkit_morgan,xgboost,rdkit+morgan,none,77abfcdbb281d08df2e9fb09cf84b2a648ea9008
freesolv,63b335b2fd4df5b3,C[C@@H](CCO[N+](=O)[O-])O[N+](=O)[O-],hydration_free_energy,kcal/mol,train,,-4.289999961853027,-4.298791519974603,-7.3115970855185,-1.285985954430707,random,2034,xgb_rdkit_morgan,xgboost,rdkit+morgan,none,77abfcdbb281d08df2e9fb09cf84b2a648ea9008
freesolv,eefa0b3674c064ad,C[C@@H](CO[N+](=O)[O-])O[N+](=O)[O-],hydration_free_energy,kcal/mol,train,,-4.949999809265137,-4.898762372818557,-7.911567938362453,-1.8859568072746606,random,2034,xgb_rdkit_morgan,xgboost,rdkit+morgan,none,77abfcdbb281d08df2e9fb09cf84b2a648ea9008
freesolv,7beeddda4325576e,C[C@@H](O)C(F)(F)F,hydration_free_energy,kcal/mol,validation,,-4.199999809265137,-4.542117006958984,-7.55492257250288,-1.5293114414150875,random,2034,xgb_rdkit_morgan,xgboost,rdkit+morgan,none,77abfcdbb281d08df2e9fb09cf84b2a648ea9008
freesolv,0e2e060fa7263040,C[C@@H]1CCCC[C@@H]1C,hydration_free_energy,kcal/mol,train,,1.5800000429153442,1.672671253336608,-1.3401343122072884,4.685476818880504,random,2034,xgb_rdkit_morgan,xgboost,rdkit+morgan,none,77abfcdbb281d08df2e9fb09cf84b2a648ea9008
freesolv,76ad3abc60765b03,C[C@H](C(=O)O)c1ccc(-c2ccccc2)c(F)c1,hydration_free_energy,kcal/mol,train,,-8.420000076293945,-8.420017413804619,-11.432822979348515,-5.407211848260722,random,2034,xgb_rdkit_morgan,xgboost,rdkit+morgan,none,77abfcdbb281d08df2e9fb09cf84b2a648ea9008
freesolv,e8b904ba4abc81e9,C[C@H](C(=O)O)c1cccc(C(=O)c2ccccc2)c1,hydration_free_energy,kcal/mol,calibration,,-10.779999732971191,-9.414353982775326,-12.427159548319223,-6.40154841723143,random,2034,xgb_rdkit_morgan,xgboost,rdkit+morgan,none,77abfcdbb281d08df2e9fb09cf84b2a648ea9008
freesolv,8c52d3fff30b9cac,C[C@H](Cl)CCl,hydration_free_energy,kcal/mol,calibration,,-1.2699999809265137,-1.5089396996110396,-4.5217452651549355,1.5038658659328568,random,2034,xgb_rdkit_morgan,xgboost,rdkit+morgan,none,77abfcdbb281d08df2e9fb09cf84b2a648ea9008
freesolv,8092a23e37101382,C[C@H](O)C(F)(F)F,hydration_free_energy,kcal/mol,validation,,-4.159999847412109,-4.542117006958984,-7.55492257250288,-1.5293114414150875,random,2034,xgb_rdkit_morgan,xgboost,rdkit+morgan,none,77abfcdbb281d08df2e9fb09cf84b2a648ea9008
freesolv,39051be56e99ad8d,C[C@H]1CCCO1,hydration_free_energy,kcal/mol,calibration,,-3.299999952316284,-2.285783907258957,-5.2985894728028535,0.7270216582849391,random,2034,xgb_rdkit_morgan,xgboost,rdkit+morgan,none,77abfcdbb281d08df2e9fb09cf84b2a648ea9008
freesolv,8efd3b8359228fb2,C[C@H]1CC[C@H](C)O1,hydration_free_energy,kcal/mol,validation,,-2.9200000762939453,-1.2928159644238293,-4.305621529967725,1.719989601120067,random,2034,xgb_rdkit_morgan,xgboost,rdkit+morgan,none,77abfcdbb281d08df2e9fb09cf84b2a648ea9008
freesolv,5fc027dd434528e2,C[N+](=O)[O-],hydration_free_energy,kcal/mol,train,,-4.019999980926514,-3.994295183067907,-7.007100748611803,-0.9814896175240109,random,2034,xgb_rdkit_morgan,xgboost,rdkit+morgan,none,77abfcdbb281d08df2e9fb09cf84b2a648ea9008
freesolv,bba10d76dab59e54,Cc1[nH]c(=O)n(C(C)(C)C)c(=O)c1Cl,hydration_free_energy,kcal/mol,train,,-11.140000343322754,-11.112240491772369,-14.125046057316265,-8.099434926228472,random,2034,xgb_rdkit_morgan,xgboost,rdkit+morgan,none,77abfcdbb281d08df2e9fb09cf84b2a648ea9008
freesolv,9dcf8b914c150733,Cc1c[nH]c2ccccc12,hydration_free_energy,kcal/mol,test,,-5.880000114440918,-6.1218923918262345,-9.13469795737013,-3.109086826282338,random,2034,xgb_rdkit_morgan,xgboost,rdkit+morgan,none,77abfcdbb281d08df2e9fb09cf84b2a648ea9008
freesolv,43e45de3a2ec7d7d,Cc1c[nH]cn1,hydration_free_energy,kcal/mol,validation,,-10.270000457763672,-6.424596570824836,-9.437402136368732,-3.4117910052809393,random,2034,xgb_rdkit_morgan,xgboost,rdkit+morgan,none,77abfcdbb281d08df2e9fb09cf84b2a648ea9008
freesolv,2b84963bcd80619e,Cc1cc(C)c2ccccc2c1,hydration_free_energy,kcal/mol,train,,-2.4700000286102295,-2.5423466867466358,-5.555152252290532,0.47045887879726056,random,2034,xgb_rdkit_morgan,xgboost,rdkit+morgan,none,77abfcdbb281d08df2e9fb09cf84b2a648ea9008
freesolv,ceb5d836647f1bc3,Cc1cc(C)cc(C)c1,hydration_free_energy,kcal/mol,train,,-0.8999999761581421,-0.8918718505897076,-3.904677416133604,2.1209337149541887,random,2034,xgb_rdkit_morgan,xgboost,rdkit+morgan,none,77abfcdbb281d08df2e9fb09cf84b2a648ea9008
freesolv,7cd11e1061f8550e,Cc1cc(C)cc(O)c1,hydration_free_energy,kcal/mol,train,,-6.269999980926514,-6.245195665983335,-9.258001231527231,-3.2323901004394386,random,2034,xgb_rdkit_morgan,xgboost,rdkit+morgan,none,77abfcdbb281d08df2e9fb09cf84b2a648ea9008
freesolv,4b34ae40486b3c5f,Cc1cc(O)ccc1Cl,hydration_free_energy,kcal/mol,train,,-6.789999961853027,-6.801644465306532,-9.814450030850429,-3.788838899762636,random,2034,xgb_rdkit_morgan,xgboost,rdkit+morgan,none,77abfcdbb281d08df2e9fb09cf84b2a648ea9008
freesolv,967700a6cac6d34b,Cc1cc2ccccc2cc1C,hydration_free_energy,kcal/mol,train,,-2.7799999713897705,-2.748051112963619,-5.7608566785075155,0.2647544525802772,random,2034,xgb_rdkit_morgan,xgboost,rdkit+morgan,none,77abfcdbb281d08df2e9fb09cf84b2a648ea9008
freesolv,70816019155cbeb1,Cc1ccc(Br)cc1,hydration_free_energy,kcal/mol,test,,-1.3899999856948853,-1.2380847352281985,-4.250890300772095,1.7747208303156978,random,2034,xgb_rdkit_morgan,xgboost,rdkit+morgan,none,77abfcdbb281d08df2e9fb09cf84b2a648ea9008
freesolv,7a4c55f55feeaf18,Cc1ccc(C(=O)N(C)C)cc1,hydration_free_energy,kcal/mol,train,,-9.760000228881836,-9.576814553409626,-12.589620118953523,-6.56400898786573,random,2034,xgb_rdkit_morgan,xgboost,rdkit+morgan,none,77abfcdbb281d08df2e9fb09cf84b2a648ea9008
freesolv,4bd93a52b68e3179,Cc1ccc(C(C)C)cc1,hydration_free_energy,kcal/mol,validation,,-0.6800000071525574,-0.5896584989296594,-3.6024640644735557,2.423147066614237,random,2034,xgb_rdkit_morgan,xgboost,rdkit+morgan,none,77abfcdbb281d08df2e9fb09cf84b2a648ea9008
freesolv,075799439fc6d183,Cc1ccc(C)c(C)c1,hydration_free_energy,kcal/mol,calibration,,-0.8600000143051147,-1.1434374879060782,-4.156243053449975,1.869368077637818,random,2034,xgb_rdkit_morgan,xgboost,rdkit+morgan,none,77abfcdbb281d08df2e9fb09cf84b2a648ea9008
freesolv,8961bdfb7ede6e86,Cc1ccc(C)c(O)c1,hydration_free_energy,kcal/mol,train,,-5.909999847412109,-5.94246315200956,-8.955268717553455,-2.9296575864656633,random,2034,xgb_rdkit_morgan,xgboost,rdkit+morgan,none,77abfcdbb281d08df2e9fb09cf84b2a648ea9008
freesolv,cc9a7bf8731f0c53,Cc1ccc(C)c2ccccc12,hydration_free_energy,kcal/mol,calibration,,-2.819999933242798,-2.7072471094994413,-5.720052675043338,0.3055584560444551,random,2034,xgb_rdkit_morgan,xgboost,rdkit+morgan,none,77abfcdbb281d08df2e9fb09cf84b2a648ea9008
freesolv,34be3af199e92ace,Cc1ccc(C)cc1,hydration_free_energy,kcal/mol,train,,-0.800000011920929,-0.8504934199015453,-3.8632989854454416,2.162312145642351,random,2034,xgb_rdkit_morgan,xgboost,rdkit+morgan,none,77abfcdbb281d08df2e9fb09cf84b2a648ea9008
freesolv,645ebc5211491348,Cc1ccc(C)nc1,hydration_free_energy,kcal/mol,train,,-4.71999979019165,-4.693650990606768,-7.706456556150664,-1.6808454250628717,random,2034,xgb_rdkit_morgan,xgboost,rdkit+morgan,none,77abfcdbb281d08df2e9fb09cf84b2a648ea9008
freesolv,a2b8c44da80cf8f1,Cc1ccc(C=O)cc1,hydration_free_energy,kcal/mol,train,,-4.269999980926514,-4.246665469281552,-7.259471034825449,-1.233859903737656,random,2034,xgb_rdkit_morgan,xgboost,rdkit+morgan,none,77abfcdbb281d08df2e9fb09cf84b2a648ea9008
freesolv,e51c7600c42704bd,Cc1ccc(N)cc1,hydration_free_energy,kcal/mol,calibration,,-5.570000171661377,-5.708322119385183,-8.72112768492908,-2.695516553841287,random,2034,xgb_rdkit_morgan,xgboost,rdkit+morgan,none,77abfcdbb281d08df2e9fb09cf84b2a648ea9008
freesolv,0317a2fef5322bb6,Cc1ccc(O)c(C)c1,hydration_free_energy,kcal/mol,train,,-6.010000228881836,-6.026375893034309,-9.039181458578206,-3.013570327490413,random,2034,xgb_rdkit_morgan,xgboost,rdkit+morgan,none,77abfcdbb281d08df2e9fb09cf84b2a648ea9008
freesolv,303fffa88a746bce,Cc1ccc(O)cc1,hydration_free_energy,kcal/mol,calibration,,-6.130000114440918,-6.356846474316764,-9.36965203986066,-3.3440409087728673,random,2034,xgb_rdkit_morgan,xgboost,rdkit+morgan,none,77abfcdbb281d08df2e9fb09cf84b2a648ea9008
freesolv,c7963a073ba52ba9,Cc1ccc(O)cc1C,hydration_free_energy,kcal/mol,train,,-6.5,-6.472136336486605,-9.484941902030501,-3.4593307709427084,random,2034,xgb_rdkit_morgan,xgboost,rdkit+morgan,none,77abfcdbb281d08df2e9fb09cf84b2a648ea9008
freesolv,204d7c1d632d08ff,Cc1ccc2cc(C)ccc2c1,hydration_free_energy,kcal/mol,train,,-2.630000114440918,-2.6130603640672376,-5.625865929611134,0.3997452014766587,random,2034,xgb_rdkit_morgan,xgboost,rdkit+morgan,none,77abfcdbb281d08df2e9fb09cf84b2a648ea9008
freesolv,5777c886aebe8d88,Cc1cccc(C)c1,hydration_free_energy,kcal/mol,calibration,,-0.8299999833106995,-0.8352000268546722,-3.8480055923985685,2.177605538689224,random,2034,xgb_rdkit_morgan,xgboost,rdkit+morgan,none,77abfcdbb281d08df2e9fb09cf84b2a648ea9008
freesolv,6c6362cf1ea134cd,Cc1cccc(C)c1C,hydration_free_energy,kcal/mol,train,,-1.2100000381469727,-1.1676067533829086,-4.180412318926805,1.8451988121609877,random,2034,xgb_rdkit_morgan,xgboost,rdkit+morgan,none,77abfcdbb281d08df2e9fb09cf84b2a648ea9008
freesolv,46065e9d43127bda,Cc1cccc(C)c1N,hydration_free_energy,kcal/mol,train,,-5.210000038146973,-5.236262603851028,-8.249068169394924,-2.2234570383071315,random,2034,xgb_rdkit_morgan,xgboost,rdkit+morgan,none,77abfcdbb281d08df2e9fb09cf84b2a648ea9008
freesolv,90fe3b9955e6cbdb,Cc1cccc(C)c1O,hydration_free_energy,kcal/mol,train,,-5.260000228881836,-5.31164195096807,-8.324447516511967,-2.298836385424174,random,2034,xgb_rdkit_morgan,xgboost,rdkit+morgan,none,77abfcdbb281d08df2e9fb09cf84b2a648ea9008
freesolv,5c1b4ae8424cac54,Cc1cccc(C)n1,hydration_free_energy,kcal/mol,train,,-4.590000152587891,-4.614616138975578,-7.627421704519475,-1.601810573431682,random,2034,xgb_rdkit_morgan,xgboost,rdkit+morgan,none,77abfcdbb281d08df2e9fb09cf84b2a648ea9008
freesolv,ece8755eefcca82d,Cc1cccc(Nc2ccccc2C(=O)O)c1C,hydration_free_energy,kcal/mol,test,,-6.78000020980835,-10.4580594454333,-13.470865010977196,-7.445253879889403,random,2034,xgb_rdkit_morgan,xgboost,rdkit+morgan,none,77abfcdbb281d08df2e9fb09cf84b2a648ea9008
freesolv,4d8ccb9d19efe382,Cc1cccc(O)c1,hydration_free_energy,kcal/mol,train,,-5.489999771118164,-5.672509872105296,-8.685315437649193,-2.6597043065614,random,2034,xgb_rdkit_morgan,xgboost,rdkit+morgan,none,77abfcdbb281d08df2e9fb09cf84b2a648ea9008
freesolv,05900ca825c16377,Cc1cccc(O)c1C,hydration_free_energy,kcal/mol,train,,-6.159999847412109,-6.074069276412724,-9.086874841956622,-3.061263710868828,random,2034,xgb_rdkit_morgan,xgboost,rdkit+morgan,none,77abfcdbb281d08df2e9fb09cf84b2a648ea9008
freesolv,5e20fb1606241f76,Cc1cccc([N+](=O)[O-])c1,hydration_free_energy,kcal/mol,test,,-3.450000047683716,-6.765090942291822,-9.777896507835719,-3.752285376747926,random,2034,xgb_rdkit_morgan,xgboost,rdkit+morgan,none,77abfcdbb281d08df2e9fb09cf84b2a648ea9008
freesolv,3d2a5a9bdd85ae66,Cc1cccc2ccccc12,hydration_free_energy,kcal/mol,calibration,,-2.440000057220459,-2.2904025082123396,-5.303208073756236,0.7224030573315567,random,2034,xgb_rdkit_morgan,xgboost,rdkit+morgan,none,77abfcdbb281d08df2e9fb09cf84b2a648ea9008
freesolv,4f125c9e2659a314,Cc1ccccc1,hydration_free_energy,kcal/mol,train,,-0.8999999761581421,-0.8807804641091521,-3.8935860296530485,2.132025101434744,random,2034,xgb_rdkit_morgan,xgboost,rdkit+morgan,none,77abfcdbb281d08df2e9fb09cf84b2a648ea9008
freesolv,c00af97cfccb1719,Cc1ccccc1C,hydration_free_energy,kcal/mol,train,,-0.8999999761581421,-0.9103209636815932,-3.9231265292254895,2.102484601862303,random,2034,xgb_rdkit_morgan,xgboost,rdkit+morgan,none,77abfcdbb281d08df2e9fb09cf84b2a648ea9008
freesolv,ccb7ce5930753de8,Cc1ccccc1C=O,hydration_free_energy,kcal/mol,train,,-3.930000066757202,-3.989768378067155,-7.0025739436110515,-0.9769628125232588,random,2034,xgb_rdkit_morgan,xgboost,rdkit+morgan,none,77abfcdbb281d08df2e9fb09cf84b2a648ea9008
freesolv,6371bdc9e0fe2c8e,Cc1ccccc1Cl,hydration_free_energy,kcal/mol,train,,-1.1399999856948853,-1.0995168713460957,-4.1123224368899916,1.9132886941978007,random,2034,xgb_rdkit_morgan,xgboost,rdkit+morgan,none,77abfcdbb281d08df2e9fb09cf84b2a648ea9008
freesolv,9fcb7285eb66a730,Cc1ccccc1N,hydration_free_energy,kcal/mol,train,,-5.53000020980835,-5.46619460470863,-8.479000170252526,-2.4533890391647333,random,2034,xgb_rdkit_morgan,xgboost,rdkit+morgan,none,77abfcdbb281d08df2e9fb09cf84b2a648ea9008
freesolv,409664775e84e6ca,Cc1ccccc1O,hydration_free_energy,kcal/mol,train,,-5.900000095367432,-5.8579268073576305,-8.870732372901527,-2.845121241813734,random,2034,xgb_rdkit_morgan,xgboost,rdkit+morgan,none,77abfcdbb281d08df2e9fb09cf84b2a648ea9008
freesolv,131ca815559de33c,Cc1ccccc1[N+](=O)[O-],hydration_free_energy,kcal/mol,test,,-3.5799999237060547,-6.097871123905685,-9.110676689449582,-3.085065558361789,random,2034,xgb_rdkit_morgan,xgboost,rdkit+morgan,none,77abfcdbb281d08df2e9fb09cf84b2a648ea9008
freesolv,9e03a65773ba0113,Cc1ccccn1,hydration_free_energy,kcal/mol,train,,-4.630000114440918,-4.642973946051185,-7.655779511595082,-1.630168380507289,random,2034,xgb_rdkit_morgan,xgboost,rdkit+morgan,none,77abfcdbb281d08df2e9fb09cf84b2a648ea9008
freesolv,0de8988b53c23a36,Cc1cccnc1,hydration_free_energy,kcal/mol,train,,-4.769999980926514,-4.812201716655118,-7.825007282199015,-1.799396151111222,random,2034,xgb_rdkit_morgan,xgboost,rdkit+morgan,none,77abfcdbb281d08df2e9fb09cf84b2a648ea9008
freesolv,995ffa71ceee0953,Cc1cccnc1C,hydration_free_energy,kcal/mol,train,,-4.820000171661377,-4.835160657179986,-7.8479662227238824,-1.8223550916360898,random,2034,xgb_rdkit_morgan,xgboost,rdkit+morgan,none,77abfcdbb281d08df2e9fb09cf84b2a648ea9008
freesolv,223487757991e398,Cc1cccs1,hydration_free_energy,kcal/mol,train,,-1.3799999952316284,-1.3861441132735872,-4.398949678817484,1.6266614522703091,random,2034,xgb_rdkit_morgan,xgboost,rdkit+morgan,none,77abfcdbb281d08df2e9fb09cf84b2a648ea9008
freesolv,eb8e7ab81714406e,Cc1ccnc(C)c1,hydration_free_energy,kcal/mol,calibration,,-4.860000133514404,-4.845559358895541,-7.858364924439437,-1.8327537933516442,random,2034,xgb_rdkit_morgan,xgboost,rdkit+morgan,none,77abfcdbb281d08df2e9fb09cf84b2a648ea9008
freesolv,f8014d3a408f32f1,Cc1ccncc1,hydration_free_energy,kcal/mol,train,,-4.929999828338623,-4.893506352010432,-7.906311917554328,-1.8807007864665355,random,2034,xgb_rdkit_morgan,xgboost,rdkit+morgan,none,77abfcdbb281d08df2e9fb09cf84b2a648ea9008
freesolv,0021d8f1e075cf09,Cc1ccncc1C,hydration_free_energy,kcal/mol,train,,-5.21999979019165,-5.106138328397465,-8.118943893941362,-2.093332762853569,random,2034,xgb_rdkit_morgan,xgboost,rdkit+morgan,none,77abfcdbb281d08df2e9fb09cf84b2a648ea9008
freesolv,3ce397d40b765988,Cc1cncc(C)c1,hydration_free_energy,kcal/mol,train,,-4.840000152587891,-4.827180849068242,-7.839986414612138,-1.8143752835243454,random,2034,xgb_rdkit_morgan,xgboost,rdkit+morgan,none,77abfcdbb281d08df2e9fb09cf84b2a648ea9008
freesolv,c84c66bb702a24a5,Cc1cnccn1,hydration_free_energy,kcal/mol,train,,-5.510000228881836,-5.5554564504475525,-8.568262015991449,-2.542650884903656,random,2034,xgb_rdkit_morgan,xgboost,rdkit+morgan,none,77abfcdbb281d08df2e9fb09cf84b2a648ea9008
freesolv,98617ccb94c6f2d9,Cc1nc(N(C)C)nc(OC(=O)N(C)C)c1C,hydration_free_energy,kcal/mol,calibration,,-9.40999984741211,-9.060885705278821,-12.073691270822717,-6.048080139734925,random,2034,xgb_rdkit_morgan,xgboost,rdkit+morgan,none,77abfcdbb281d08df2e9fb09cf84b2a648ea9008
freesolv,d00d5844e4fd190b,Cl/C=C/Cl,hydration_free_energy,kcal/mol,train,,-0.7799999713897705,-0.778264055582476,-3.7910696211263724,2.2345415099614203,random,2034,xgb_rdkit_morgan,xgboost,rdkit+morgan,none,77abfcdbb281d08df2e9fb09cf84b2a648ea9008
freesolv,2d79f7bb0f919d3e,Cl/C=C\Cl,hydration_free_energy,kcal/mol,calibration,,-1.1699999570846558,-0.778264055582476,-3.7910696211263724,2.2345415099614203,random,2034,xgb_rdkit_morgan,xgboost,rdkit+morgan,none,77abfcdbb281d08df2e9fb09cf84b2a648ea9008
freesolv,57eb58d51da68949,ClC(Cl)(Cl)C(Cl)(Cl)Cl,hydration_free_energy,kcal/mol,train,,-0.6399999856948853,-0.6618911416756079,-3.6746967072195043,2.3509144238682884,random,2034,xgb_rdkit_morgan,xgboost,rdkit+morgan,none,77abfcdbb281d08df2e9fb09cf84b2a648ea9008
freesolv,451a93262591a307,ClC(Cl)(Cl)Cl,hydration_free_energy,kcal/mol,validation,,0.07999999821186066,-0.46438676360467657,-3.477192329148573,2.5484188019392198,random,2034,xgb_rdkit_morgan,xgboost,rdkit+morgan,none,77abfcdbb281d08df2e9fb09cf84b2a648ea9008
freesolv,cff56a18f71b6c9d,ClC(Cl)=C(Cl)Cl,hydration_free_energy,kcal/mol,train,,0.10000000149011612,-0.0056793440579441246,-3.0184849096018405,3.007126221485952,random,2034,xgb_rdkit_morgan,xgboost,rdkit+morgan,none,77abfcdbb281d08df2e9fb09cf84b2a648ea9008
freesolv,39844b260e442ec8,ClC(Cl)C(Cl)(Cl)Cl,hydration_free_energy,kcal/mol,train,,-1.2300000190734863,-1.2075810806731861,-4.220386646217083,1.8052244848707102,random,2034,xgb_rdkit_morgan,xgboost,rdkit+morgan,none,77abfcdbb281d08df2e9fb09cf84b2a648ea9008
freesolv,e99f44b2e8cdbde1,ClC(Cl)C(Cl)Cl,hydration_free_energy,kcal/mol,test,,-2.369999885559082,-0.9718795168540963,-3.9846850823979927,2.0409260486898,random,2034,xgb_rdkit_morgan,xgboost,rdkit+morgan,none,77abfcdbb281d08df2e9fb09cf84b2a648ea9008
freesolv,c05e45a87f5e3de3,ClC(Cl)Cl,hydration_free_energy,kcal/mol,train,,-1.0800000429153442,-1.0376686457414404,-4.050474211285337,1.975136919802456,random,2034,xgb_rdkit_morgan,xgboost,rdkit+morgan,none,77abfcdbb281d08df2e9fb09cf84b2a648ea9008
freesolv,8474f5ea098cd11d,ClC1=C(Cl)[C@]2(Cl)[C@@H]3[C@@H](Cl)C=C[C@@H]3[C@@]1(Cl)C2(Cl)Cl,hydration_free_energy,kcal/mol,calibration,,-2.549999952316284,-3.454526697720018,-6.4673322632639145,-0.44172113217612186,random,2034,xgb_rdkit_morgan,xgboost,rdkit+morgan,none,77abfcdbb281d08df2e9fb09cf84b2a648ea9008
freesolv,800b96b699e00f5e,ClC1=C(Cl)[C@]2(Cl)[C@@H]3[C@@H]([C@H](Cl)C[C@@H]3Cl)[C@@]1(Cl)C2(Cl)Cl,hydration_free_energy,kcal/mol,train,,-3.440000057220459,-3.46563634972176,-6.478441915265656,-0.4528307841778636,random,2034,xgb_rdkit_morgan,xgboost,rdkit+morgan,none,77abfcdbb281d08df2e9fb09cf84b2a648ea9008
freesolv,8d55de7ac9d2f01a,ClC1=C(Cl)[C@]2(Cl)[C@H]3[C@H]4C[C@H]([C@@H]5O[C@H]45)[C@H]3[C@@]1(Cl)C2(Cl)Cl,hydration_free_energy,kcal/mol,calibration,,-4.820000171661377,-4.680131226501786,-7.692936792045682,-1.6673256609578893,random,2034,xgb_rdkit_morgan,xgboost,rdkit+morgan,none,77abfcdbb281d08df2e9fb09cf84b2a648ea9008
freesolv,fabbfc787087f50a,ClC=C(Cl)Cl,hydration_free_energy,kcal/mol,train,,-0.4399999976158142,-0.3994954553356598,-3.412301020879556,2.6133101102082366,random,2034,xgb_rdkit_morgan,xgboost,rdkit+morgan,none,77abfcdbb281d08df2e9fb09cf84b2a648ea9008
freesolv,df58138ec50f3742,ClCC(Cl)(Cl)Cl,hydration_free_energy,kcal/mol,train,,-1.4299999475479126,-1.4172912761904053,-4.430096841734302,1.595514289353491,random,2034,xgb_rdkit_morgan,xgboost,rdkit+morgan,none,77abfcdbb281d08df2e9fb09cf84b2a648ea9008
freesolv,372630505bbbf500,ClCC(Cl)Cl,hydration_free_energy,kcal/mol,train,,-1.9900000095367432,-1.9341156032060536,-4.94692116874995,1.0786899623378428,random,2034,xgb_rdkit_morgan,xgboost,rdkit+morgan,none,77abfcdbb281d08df2e9fb09cf84b2a648ea9008
freesolv,947bdf8b981c551d,ClCCBr,hydration_free_energy,kcal/mol,train,,-1.9500000476837158,-1.9226141791921934,-4.935419744736089,1.090191386351703,random,2034,xgb_rdkit_morgan,xgboost,rdkit+morgan,none,77abfcdbb281d08df2e9fb09cf84b2a648ea9008
freesolv,8ef9c8d30a109454,ClCCCCCl,hydration_free_energy,kcal/mol,train,,-2.319999933242798,-2.2252739823412453,-5.238079547885142,0.787531583202651,random,2034,xgb_rdkit_morgan,xgboost,rdkit+morgan,none,77abfcdbb281d08df2e9fb09cf84b2a648ea9008
freesolv,3de4ce097f03cac7,ClCCCCl,hydration_free_energy,kcal/mol,test,,-1.8899999856948853,-1.9331125216675547,-4.945918087211451,1.0796930438763417,random,2034,xgb_rdkit_morgan,xgboost,rdkit+morgan,none,77abfcdbb281d08df2e9fb09cf84b2a648ea9008
freesolv,c5a6e0db31e85253,ClCCCl,hydration_free_energy,kcal/mol,train,,-1.7899999618530273,-1.8644683513147322,-4.877273916858629,1.1483372142291641,random,2034,xgb_rdkit_morgan,xgboost,rdkit+morgan,none,77abfcdbb281d08df2e9fb09cf84b2a648ea9008
freesolv,033cbc65185d3a9b,ClCCOCCCl,hydration_free_energy,kcal/mol,train,,-4.230000019073486,-4.17510964605624,-7.187915211600136,-1.1623040805123432,random,2034,xgb_rdkit_morgan,xgboost,rdkit+morgan,none,77abfcdbb281d08df2e9fb09cf84b2a648ea9008
freesolv,f161bdf0f763ae6e,ClCCl,hydration_free_energy,kcal/mol,train,,-1.309999942779541,-1.2423768985337067,-4.255182464077603,1.7704286670101896,random,2034,xgb_rdkit_morgan,xgboost,rdkit+morgan,none,77abfcdbb281d08df2e9fb09cf84b2a648ea9008
freesolv,4e8dd2d13fb39aaa,ClCc1ccccc1,hydration_free_energy,kcal/mol,train,,-1.9299999475479126,-1.7851169558596447,-4.797922521403541,1.2276886096842516,random,2034,xgb_rdkit_morgan,xgboost,rdkit+morgan,none,77abfcdbb281d08df2e9fb09cf84b2a648ea9008
freesolv,79ee4896526f4503,Clc1c(Cl)c(Cl)c(-c2c(Cl)c(Cl)c(Cl)c(Cl)c2Cl)c(Cl)c1Cl,hydration_free_energy,kcal/mol,train,,-2.9800000190734863,-3.0441911202857774,-6.056996685829674,-0.031385554741881094,random,2034,xgb_rdkit_morgan,xgboost,rdkit+morgan,none,77abfcdbb281d08df2e9fb09cf84b2a648ea9008
freesolv,ccec5e12da7518ad,Clc1c(Cl)c(Cl)c(Cl)c(Cl)c1Cl,hydration_free_energy,kcal/mol,train,,-2.3299999237060547,-2.211924345173982,-5.224729910717878,0.8008812203699143,random,2034,xgb_rdkit_morgan,xgboost,rdkit+morgan,none,77abfcdbb281d08df2e9fb09cf84b2a648ea9008
freesolv,a28bd5d295e9e627,Clc1c(Cl)c(Cl)c2c(c1Cl)Oc1c(Cl)c(Cl)c(Cl)c(Cl)c1O2,hydration_free_energy,kcal/mol,validation,,-4.53000020980835,-3.673512719110678,-6.686318284654574,-0.6607071535667814,random,2034,xgb_rdkit_morgan,xgboost,rdkit+morgan,none,77abfcdbb281d08df2e9fb09cf84b2a648ea9008
freesolv,ba13b193f5d8afe1,Clc1c(Cl)c(Cl)c2c(c1Cl)Oc1ccccc1O2,hydration_free_energy,kcal/mol,train,,-3.809999942779541,-3.81443131843107,-6.827236883974966,-0.8016257528871735,random,2034,xgb_rdkit_morgan,xgboost,rdkit+morgan,none,77abfcdbb281d08df2e9fb09cf84b2a648ea9008
freesolv,e13c6cd035a12545,Clc1cc(-c2c(Cl)cc(Cl)c(Cl)c2Cl)c(Cl)c(Cl)c1Cl,hydration_free_energy,kcal/mol,train,,-4.610000133514404,-4.589340111710181,-7.602145677254077,-1.5765345461662843,random,2034,xgb_rdkit_morgan,xgboost,rdkit+morgan,none,77abfcdbb281d08df2e9fb09cf84b2a648ea9008
freesolv,6fbc2c7ce9f24b3a,Clc1cc(-c2cc(Cl)c(Cl)c(Cl)c2Cl)cc(Cl)c1Cl,hydration_free_energy,kcal/mol,train,,-3.1700000762939453,-3.2539441695257807,-6.266749735069677,-0.24113860398188436,random,2034,xgb_rdkit_morgan,xgboost,rdkit+morgan,none,77abfcdbb281d08df2e9fb09cf84b2a648ea9008
freesolv,4e1bfcb593ab9c04,Clc1cc(-c2ccccc2)c(Cl)c(Cl)c1Cl,hydration_free_energy,kcal/mol,train,,-3.4800000190734863,-3.436185245825127,-6.448990811369024,-0.42337968028123063,random,2034,xgb_rdkit_morgan,xgboost,rdkit+morgan,none,77abfcdbb281d08df2e9fb09cf84b2a648ea9008
freesolv,0deab88349fa7629,Clc1cc(Cl)c(-c2c(Cl)cccc2Cl)c(Cl)c1,hydration_free_energy,kcal/mol,validation,,-1.9600000381469727,-3.221893858546956,-6.234699424090852,-0.20908829300305953,random,2034,xgb_rdkit_morgan,xgboost,rdkit+morgan,none,77abfcdbb281d08df2e9fb09cf84b2a648ea9008
freesolv,04794cb48c3fc005,Clc1cc(Cl)c(-c2ccccc2)c(Cl)c1,hydration_free_energy,kcal/mol,train,,-2.1600000858306885,-2.255851869847747,-5.268657435391644,0.7569536956961493,random,2034,xgb_rdkit_morgan,xgboost,rdkit+morgan,none,77abfcdbb281d08df2e9fb09cf84b2a648ea9008
freesolv,19ca7acd0f10b4d1,Clc1cc(Cl)c(Cl)c(Cl)c1,hydration_free_energy,kcal/mol,train,,-1.6200000047683716,-1.6075887352864706,-4.620394300830367,1.4052168302574257,random,2034,xgb_rdkit_morgan,xgboost,rdkit+morgan,none,77abfcdbb281d08df2e9fb09cf84b2a648ea9008
freesolv,60f7d335311cdf71,Clc1cc(Cl)c(Cl)cc1Cl,hydration_free_energy,kcal/mol,train,,-1.340000033378601,-1.334208679686253,-4.347014245230149,1.6785968858576434,random,2034,xgb_rdkit_morgan,xgboost,rdkit+morgan,none,77abfcdbb281d08df2e9fb09cf84b2a648ea9008
freesolv,b172d409ecb64ee0,Clc1cc(Cl)c2c(c1Cl)Oc1ccccc1O2,hydration_free_energy,kcal/mol,train,,-4.050000190734863,-4.007577158773275,-7.020382724317171,-0.9947715932293786,random,2034,xgb_rdkit_morgan,xgboost,rdkit+morgan,none,77abfcdbb281d08df2e9fb09cf84b2a648ea9008
freesolv,aa9841fac0aef1b2,Clc1cc(Cl)cc(Cl)c1,hydration_free_energy,kcal/mol,train,,-0.7799999713897705,-0.8302196280777858,-3.843025193621682,2.1825859374661105,random,2034,xgb_rdkit_morgan,xgboost,rdkit+morgan,none,77abfcdbb281d08df2e9fb09cf84b2a648ea9008
freesolv,43fd33f418137c4f,Clc1cc2c(cc1Cl)Oc1c(Cl)c(Cl)c(Cl)c(Cl)c1O2,hydration_free_energy,kcal/mol,train,,-3.7100000381469727,-3.7138485954152767,-6.726654160959173,-0.7010430298713803,random,2034,xgb_rdkit_morgan,xgboost,rdkit+morgan,none,77abfcdbb281d08df2e9fb09cf84b2a648ea9008
freesolv,6397b4e582e915d9,Clc1cc2c(cc1Cl)Oc1cc(Cl)c(Cl)cc1O2,hydration_free_energy,kcal/mol,train,,-3.369999885559082,-3.3427170320412696,-6.355522597585166,-0.32991146649737324,random,2034,xgb_rdkit_morgan,xgboost,rdkit+morgan,none,77abfcdbb281d08df2e9fb09cf84b2a648ea9008
freesolv,16993358a556f1c5,Clc1cc2c(cc1Cl)Oc1ccccc1O2,hydration_free_energy,kcal/mol,train,,-3.559999942779541,-3.5412506897940688,-6.554056255337965,-0.5284451242501724,random,2034,xgb_rdkit_morgan,xgboost,rdkit+morgan,none,77abfcdbb281d08df2e9fb09cf84b2a648ea9008
freesolv,20936773c94dd64a,Clc1ccc(-c2c(Cl)c(Cl)cc(Cl)c2Cl)cc1Cl,hydration_free_energy,kcal/mol,train,,-4.380000114440918,-4.192463091321945,-7.205268656865841,-1.1796575257780484,random,2034,xgb_rdkit_morgan,xgboost,rdkit+morgan,none,77abfcdbb281d08df2e9fb09cf84b2a648ea9008
freesolv,319dd799287910b3,Clc1ccc(-c2cc(Cl)c(Cl)c(Cl)c2Cl)c(Cl)c1Cl,hydration_free_energy,kcal/mol,train,,-4.400000095367432,-4.327060107004414,-7.33986567254831,-1.3142545414605173,random,2034,xgb_rdkit_morgan,xgboost,rdkit+morgan,none,77abfcdbb281d08df2e9fb09cf84b2a648ea9008
freesolv,a85bed87f9eca383,Clc1ccc(-c2cc(Cl)c(Cl)c(Cl)c2Cl)cc1Cl,hydration_free_energy,kcal/mol,train,,-3.0399999618530273,-3.1888715525416518,-6.201677118085549,-0.17606598699775544,random,2034,xgb_rdkit_morgan,xgboost,rdkit+morgan,none,77abfcdbb281d08df2e9fb09cf84b2a648ea9008
freesolv,6db47ce14110b8af,Clc1ccc(Cl)c(-c2cc(Cl)c(Cl)c(Cl)c2)c1,hydration_free_energy,kcal/mol,train,,-3.609999895095825,-3.577990146447525,-6.590795711991421,-0.5651845809036287,random,2034,xgb_rdkit_morgan,xgboost,rdkit+morgan,none,77abfcdbb281d08df2e9fb09cf84b2a648ea9008
freesolv,24197958a25d4719,Clc1ccc(Cl)c(-c2ccccc2)c1,hydration_free_energy,kcal/mol,train,,-2.4600000381469727,-2.4687198929701157,-5.481525458514012,0.5440856725737806,random,2034,xgb_rdkit_morgan,xgboost,rdkit+morgan,none,77abfcdbb281d08df2e9fb09cf84b2a648ea9008
freesolv,0ef4c04d56b370af,Clc1ccc(Cl)c(Cl)c1,hydration_free_energy,kcal/mol,train,,-1.1200000047683716,-1.1426307607203356,-4.1554363262642315,1.8701748048235607,random,2034,xgb_rdkit_morgan,xgboost,rdkit+morgan,none,77abfcdbb281d08df2e9fb09cf84b2a648ea9008
freesolv,23c0e090ee47408a,Clc1ccc(Cl)c(Cl)c1Cl,hydration_free_energy,kcal/mol,train,,-1.340000033378601,-1.43223645346799,-4.445042019011886,1.5805691120759064,random,2034,xgb_rdkit_morgan,xgboost,rdkit+morgan,none,77abfcdbb281d08df2e9fb09cf84b2a648ea9008
freesolv,7d123d1b480ae7d0,Clc1ccc(Cl)cc1,hydration_free_energy,kcal/mol,train,,-1.0099999904632568,-1.0405351617009977,-4.053340727244894,1.9722704038428986,random,2034,xgb_rdkit_morgan,xgboost,rdkit+morgan,none,77abfcdbb281d08df2e9fb09cf84b2a648ea9008
freesolv,885ce1f8c2708f29,Clc1ccc2c(c1)Oc1c(Cl)c(Cl)c(Cl)c(Cl)c1O2,hydration_free_energy,kcal/mol,train,,-4.150000095367432,-4.1047186010665975,-7.117524166610494,-1.0919130355227011,random,2034,xgb_rdkit_morgan,xgboost,rdkit+morgan,none,77abfcdbb281d08df2e9fb09cf84b2a648ea9008
freesolv,74dd2e07b6c4a121,Clc1ccc2c(c1)Oc1cc(Cl)c(Cl)c(Cl)c1O2,hydration_free_energy,kcal/mol,train,,-3.8399999141693115,-3.8667513771696935,-6.87955694271359,-0.8539458116257972,random,2034,xgb_rdkit_morgan,xgboost,rdkit+morgan,none,77abfcdbb281d08df2e9fb09cf84b2a648ea9008
freesolv,cd4e7053a74ca64b,Clc1ccc2c(c1)Oc1ccc(Cl)cc1O2,hydration_free_energy,kcal/mol,test,,-3.6700000762939453,-3.6954529104364457,-6.708258475980342,-0.6826473448925494,random,2034,xgb_rdkit_morgan,xgboost,rdkit+morgan,none,77abfcdbb281d08df2e9fb09cf84b2a648ea9008
freesolv,2bd39b933f024feb,Clc1ccc2c(c1)Oc1ccccc1O2,hydration_free_energy,kcal/mol,train,,-3.0999999046325684,-3.139152335524961,-6.151957901068857,-0.12634676998106453,random,2034,xgb_rdkit_morgan,xgboost,rdkit+morgan,none,77abfcdbb281d08df2e9fb09cf84b2a648ea9008
freesolv,566718c24572a00b,Clc1cccc(Cl)c1,hydration_free_energy,kcal/mol,train,,-0.9800000190734863,-0.9580813206376924,-3.9708868861815887,2.054724244906204,random,2034,xgb_rdkit_morgan,xgboost,rdkit+morgan,none,77abfcdbb281d08df2e9fb09cf84b2a648ea9008
freesolv,f2cab0904fd16aa2,Clc1cccc(Cl)c1-c1c(Cl)cccc1Cl,hydration_free_energy,kcal/mol,train,,-2.2799999713897705,-2.3164206893626185,-5.329226254906515,0.6963848761812779,random,2034,xgb_rdkit_morgan,xgboost,rdkit+morgan,none,77abfcdbb281d08df2e9fb09cf84b2a648ea9008
freesolv,1ad603575e0ebfa7,Clc1cccc(Cl)c1Cl,hydration_free_energy,kcal/mol,train,,-1.2400000095367432,-1.2183322132783032,-4.2311377788222,1.7944733522655931,random,2034,xgb_rdkit_morgan,xgboost,rdkit+morgan,none,77abfcdbb281d08df2e9fb09cf84b2a648ea9008
freesolv,785e578bba1163db,Clc1cccc2c1Oc1ccccc1O2,hydration_free_energy,kcal/mol,calibration,,-3.5199999809265137,-3.318949461672202,-6.331755027216099,-0.30614389612830584,random,2034,xgb_rdkit_morgan,xgboost,rdkit+morgan,none,77abfcdbb281d08df2e9fb09cf84b2a648ea9008
freesolv,69ec888ea256144d,Clc1ccccc1,hydration_free_energy,kcal/mol,train,,-1.1200000047683716,-1.1689101622409184,-4.181715727784814,1.843895403302978,random,2034,xgb_rdkit_morgan,xgboost,rdkit+morgan,none,77abfcdbb281d08df2e9fb09cf84b2a648ea9008
freesolv,2ec9810d47af9e60,Clc1ccccc1-c1ccccc1,hydration_free_energy,kcal/mol,train,,-2.690000057220459,-2.6495587392583655,-5.662364304802262,0.36324682628553084,random,2034,xgb_rdkit_morgan,xgboost,rdkit+morgan,none,77abfcdbb281d08df2e9fb09cf84b2a648ea9008
freesolv,39661093e01fca7b,Clc1ccccc1Cl,hydration_free_energy,kcal/mol,train,,-1.3600000143051147,-1.2561069503056839,-4.26891251584958,1.7566986152382125,random,2034,xgb_rdkit_morgan,xgboost,rdkit+morgan,none,77abfcdbb281d08df2e9fb09cf84b2a648ea9008
freesolv,4379d39c87f9b6f0,Clc1ccccn1,hydration_free_energy,kcal/mol,train,,-4.389999866485596,-4.426865959021665,-7.439671524565561,-1.4140603934777687,random,2034,xgb_rdkit_morgan,xgboost,rdkit+morgan,none,77abfcdbb281d08df2e9fb09cf84b2a648ea9008
freesolv,78ea6fc26ce7e63c,Clc1cccnc1,hydration_free_energy,kcal/mol,calibration,,-4.010000228881836,-4.800229838384028,-7.813035403927924,-1.7874242728401315,random,2034,xgb_rdkit_morgan,xgboost,rdkit+morgan,none,77abfcdbb281d08df2e9fb09cf84b2a648ea9008
freesolv,7baedb0930499b12,Cn1c(=O)c2c(ncn2C)n(C)c1=O,hydration_free_energy,kcal/mol,train,,-12.640000343322754,-12.634706808679852,-15.647512374223748,-9.621901243135955,random,2034,xgb_rdkit_morgan,xgboost,rdkit+morgan,none,77abfcdbb281d08df2e9fb09cf84b2a648ea9008
freesolv,6432ca91307da26e,Cn1cccc1,hydration_free_energy,kcal/mol,calibration,,-2.890000104904175,-3.4902018950476683,-6.503007460591565,-0.477396329503772,random,2034,xgb_rdkit_morgan,xgboost,rdkit+morgan,none,77abfcdbb281d08df2e9fb09cf84b2a648ea9008
freesolv,a9d61a9eba10cf50,Cn1ccnc1,hydration_free_energy,kcal/mol,train,,-8.40999984741211,-8.238011330460537,-11.250816896004434,-5.225205764916641,random,2034,xgb_rdkit_morgan,xgboost,rdkit+morgan,none,77abfcdbb281d08df2e9fb09cf84b2a648ea9008
freesolv,908ab04466374d9d,FC(F)(Cl)C(F)(Cl)Cl,hydration_free_energy,kcal/mol,validation,,1.7699999809265137,0.4290786987862427,-2.5837268667576536,3.441884264330139,random,2034,xgb_rdkit_morgan,xgboost,rdkit+morgan,none,77abfcdbb281d08df2e9fb09cf84b2a648ea9008
freesolv,f39816aba1ecf31f,FC(F)(F)Br,hydration_free_energy,kcal/mol,calibration,,1.7899999618530273,-0.08087404548965749,-3.093679611033554,2.931931520054239,random,2034,xgb_rdkit_morgan,xgboost,rdkit+morgan,none,77abfcdbb281d08df2e9fb09cf84b2a648ea9008
freesolv,d47c13a6f52d42a9,FC(F)(F)CCl,hydration_free_energy,kcal/mol,train,,0.05999999865889549,0.07333730059539567,-2.9394682649485007,3.086142866139292,random,2034,xgb_rdkit_morgan,xgboost,rdkit+morgan,none,77abfcdbb281d08df2e9fb09cf84b2a648ea9008
freesolv,4f805e6dc0bb19f3,FC(F)(F)F,hydration_free_energy,kcal/mol,train,,3.119999885559082,3.090729509407856,0.07792394386395962,6.103535074951752,random,2034,xgb_rdkit_morgan,xgboost,rdkit+morgan,none,77abfcdbb281d08df2e9fb09cf84b2a648ea9008
freesolv,e087d5496692127a,FC(F)(F)[C@H](Cl)Br,hydration_free_energy,kcal/mol,train,,-0.10999999940395355,-0.10223463582402115,-3.1150402013679175,2.910570929719875,random,2034,xgb_rdkit_morgan,xgboost,rdkit+morgan,none,77abfcdbb281d08df2e9fb09cf84b2a648ea9008
freesolv,e66e31556faf8723,FC(F)(F)c1cccc(C(F)(F)F)c1,hydration_free_energy,kcal/mol,validation,,1.0700000524520874,0.6574871678382008,-2.3553183977056955,3.670292733382097,random,2034,xgb_rdkit_morgan,xgboost,rdkit+morgan,none,77abfcdbb281d08df2e9fb09cf84b2a648ea9008
freesolv,dcb976b5c332cdf8,FC(F)(F)c1ccccc1,hydration_free_energy,kcal/mol,train,,-0.25,-0.1392565055358248,-3.152062071079721,2.8735490600080715,random,2034,xgb_rdkit_morgan,xgboost,rdkit+morgan,none,77abfcdbb281d08df2e9fb09cf84b2a648ea9008
freesolv,e0c64c9ec3b5247b,FC(F)(F)c1ccccc1C(F)(F)F,hydration_free_energy,kcal/mol,train,,1.0700000524520874,1.060167911225144,-1.9526376543187522,4.07297347676904,random,2034,xgb_rdkit_morgan,xgboost,rdkit+morgan,none,77abfcdbb281d08df2e9fb09cf84b2a648ea9008
freesolv,8c9c04ac1860cd6f,FC(F)=C(F)C(F)(F)F,hydration_free_energy,kcal/mol,train,,2.930000066757202,2.8062697759945108,-0.20653578954938556,5.819075341538407,random,2034,xgb_rdkit_morgan,xgboost,rdkit+morgan,none,77abfcdbb281d08df2e9fb09cf84b2a648ea9008
freesolv,23594d220c24abf8,FC(F)Cl,hydration_free_energy,kcal/mol,train,,-0.5,-0.4820467125119605,-3.494852278055857,2.530758853031936,random,2034,xgb_rdkit_morgan,xgboost,rdkit+morgan,none,77abfcdbb281d08df2e9fb09cf84b2a648ea9008
freesolv,d7ca7e6b994e166f,FC(F)O[C@H](Cl)C(F)(F)F,hydration_free_energy,kcal/mol,train,,0.10000000149011612,0.09901534495691111,-2.9137902205869852,3.1118209105008074,random,2034,xgb_rdkit_morgan,xgboost,rdkit+morgan,none,77abfcdbb281d08df2e9fb09cf84b2a648ea9008
freesolv,2c8bdbcd792f5b63,FC(F)[C@@H](F)Oc1ccccc1,hydration_free_energy,kcal/mol,train,,-1.2899999618530273,-1.314271160791006,-4.327076726334902,1.6985344047528903,random,2034,xgb_rdkit_morgan,xgboost,rdkit+morgan,none,77abfcdbb281d08df2e9fb09cf84b2a648ea9008
freesolv,96ea3ef9f2b367bd,FC1(F)C(F)(F)C(F)(F)C1(F)F,hydration_free_energy,kcal/mol,validation,,3.430000066757202,-0.5799171218034744,-3.5927226873473708,2.432888443740422,random,2034,xgb_rdkit_morgan,xgboost,rdkit+morgan,none,77abfcdbb281d08df2e9fb09cf84b2a648ea9008
freesolv,8fdbbf5493dc7312,FCCl,hydration_free_energy,kcal/mol,calibration,,-0.7699999809265137,-1.0074094681623103,-4.020215033706206,2.005396097381586,random,2034,xgb_rdkit_morgan,xgboost,rdkit+morgan,none,77abfcdbb281d08df2e9fb09cf84b2a648ea9008
freesolv,364f4509284cca15,F[C@H](Br)C(F)(F)F,hydration_free_energy,kcal/mol,train,,0.5,0.5086901437448912,-2.504115421799005,3.5214957092887875,random,2034,xgb_rdkit_morgan,xgboost,rdkit+morgan,none,77abfcdbb281d08df2e9fb09cf84b2a648ea9008
freesolv,7609d49f5493dda8,Fc1ccccc1,hydration_free_energy,kcal/mol,test,,-0.800000011920929,0.18622688594263526,-2.826578679601261,3.1990324514865316,random,2034,xgb_rdkit_morgan,xgboost,rdkit+morgan,none,77abfcdbb281d08df2e9fb09cf84b2a648ea9008
freesolv,2831ad6342d46d4c,ICI,hydration_free_energy,kcal/mol,test,,-2.490000009536743,-1.4588247296353054,-4.471630295179201,1.553980835908591,random,2034,xgb_rdkit_morgan,xgboost,rdkit+morgan,none,77abfcdbb281d08df2e9fb09cf84b2a648ea9008
freesolv,768ab540d7f6bbaf,Ic1ccccc1,hydration_free_energy,kcal/mol,train,,-1.7400000095367432,-1.702072763784654,-4.714878329328551,1.3107328017592423,random,2034,xgb_rdkit_morgan,xgboost,rdkit+morgan,none,77abfcdbb281d08df2e9fb09cf84b2a648ea9008
freesolv,690a85bfd005509d,N,hydration_free_energy,kcal/mol,train,,-4.289999961853027,-4.355069171420698,-7.367874736964595,-1.342263605876802,random,2034,xgb_rdkit_morgan,xgboost,rdkit+morgan,none,77abfcdbb281d08df2e9fb09cf84b2a648ea9008
freesolv,ed84655a813c2ca5,N#Cc1c(Cl)cccc1Cl,hydration_free_energy,kcal/mol,train,,-4.710000038146973,-4.738994854235879,-7.751800419779776,-1.726189288691983,random,2034,xgb_rdkit_morgan,xgboost,rdkit+morgan,none,77abfcdbb281d08df2e9fb09cf84b2a648ea9008
freesolv,51d65559d6656ecd,N#Cc1ccc(O)cc1,hydration_free_energy,kcal/mol,train,,-10.170000076293945,-10.134201451167101,-13.147007016710997,-7.121395885623205,random,2034,xgb_rdkit_morgan,xgboost,rdkit+morgan,none,77abfcdbb281d08df2e9fb09cf84b2a648ea9008
freesolv,93f80fc3639971e8,N#Cc1cccc(O)c1,hydration_free_energy,kcal/mol,validation,,-9.649999618530273,-9.649863524448609,-12.662669089992505,-6.6370579589047125,random,2034,xgb_rdkit_morgan,xgboost,rdkit+morgan,none,77abfcdbb281d08df2e9fb09cf84b2a648ea9008
freesolv,9cb88318f4e0cbfd,N#Cc1ccccc1,hydration_free_energy,kcal/mol,train,,-4.099999904632568,-4.232370767022893,-7.245176332566789,-1.2195652014789964,random,2034,xgb_rdkit_morgan,xgboost,rdkit+morgan,none,77abfcdbb281d08df2e9fb09cf84b2a648ea9008
freesolv,ba3caebef2925f4d,N#Cc1cccnc1,hydration_free_energy,kcal/mol,test,,-6.75,-6.172786222359234,-9.18559178790313,-3.1599806568153372,random,2034,xgb_rdkit_morgan,xgboost,rdkit+morgan,none,77abfcdbb281d08df2e9fb09cf84b2a648ea9008
freesolv,65eaf74ac87f48c4,N#Cc1ccncc1,hydration_free_energy,kcal/mol,train,,-6.019999980926514,-6.0417990181162775,-9.054604583660174,-3.028993452572381,random,2034,xgb_rdkit_morgan,xgboost,rdkit+morgan,none,77abfcdbb281d08df2e9fb09cf84b2a648ea9008
freesolv,8c4e0b39823a21e5,NC(=O)c1ccccc1,hydration_free_energy,kcal/mol,train,,-11.0,-10.967000560843479,-13.979806126387375,-7.9541949952995825,random,2034,xgb_rdkit_morgan,xgboost,rdkit+morgan,none,77abfcdbb281d08df2e9fb09cf84b2a648ea9008
freesolv,08f91f035163f756,NC1CCCCC1,hydration_free_energy,kcal/mol,test,,-4.590000152587891,-5.648294708652151,-8.661100274196048,-2.6354891431082548,random,2034,xgb_rdkit_morgan,xgboost,rdkit+morgan,none,77abfcdbb281d08df2e9fb09cf84b2a648ea9008
freesolv,24598c90512c15fe,NN,hydration_free_energy,kcal/mol,train,,-9.300000190734863,-9.28613798593907,-12.298943551482965,-6.273332420395173,random,2034,xgb_rdkit_morgan,xgboost,rdkit+morgan,none,77abfcdbb281d08df2e9fb09cf84b2a648ea9008
freesolv,79ea9304963003ea,Nc1ccc(Cl)cc1,hydration_free_energy,kcal/mol,train,,-5.900000095367432,-5.921628515016031,-8.934434080559928,-2.9088229494721345,random,2034,xgb_rdkit_morgan,xgboost,rdkit+morgan,none,77abfcdbb281d08df2e9fb09cf84b2a648ea9008
freesolv,cec2f5b1aa5dde8d,Nc1ccc(N)c2c1C(=O)c1ccccc1C2=O,hydration_free_energy,kcal/mol,train,,-11.850000381469727,-11.836902564210257,-14.849708129754154,-8.824096998666361,random,2034,xgb_rdkit_morgan,xgboost,rdkit+morgan,none,77abfcdbb281d08df2e9fb09cf84b2a648ea9008
freesolv,6021efa297cbff65,Nc1ccc(O)c2c1C(=O)c1ccccc1C2=O,hydration_free_energy,kcal/mol,train,,-9.529999732971191,-9.534348153344117,-12.547153718888014,-6.521542587800221,random,2034,xgb_rdkit_morgan,xgboost,rdkit+morgan,none,77abfcdbb281d08df2e9fb09cf84b2a648ea9008
freesolv,60b8f7cdcc4cc001,Nc1ccc([N+](=O)[O-])cc1,hydration_free_energy,kcal/mol,test,,-9.819999694824219,-9.319834594101511,-12.332640159645408,-6.307029028557615,random,2034,xgb_rdkit_morgan,xgboost,rdkit+morgan,none,77abfcdbb281d08df2e9fb09cf84b2a648ea9008
freesolv,6dbfb544dc921040,Nc1ccc2c(c1)C(=O)c1ccccc1C2=O,hydration_free_energy,kcal/mol,train,,-11.529999732971191,-11.38702465077047,-14.399830216314367,-8.374219085226574,random,2034,xgb_rdkit_morgan,xgboost,rdkit+morgan,none,77abfcdbb281d08df2e9fb09cf84b2a648ea9008
freesolv,151a28867ddf1a05,Nc1ccc2ccccc2c1,hydration_free_energy,kcal/mol,train,,-7.46999979019165,-7.402139632277882,-10.414945197821778,-4.389334066733985,random,2034,xgb_rdkit_morgan,xgboost,rdkit+morgan,none,77abfcdbb281d08df2e9fb09cf84b2a648ea9008
freesolv,085acb392fb3c214,Nc1cccc(Cl)c1,hydration_free_energy,kcal/mol,train,,-5.820000171661377,-5.772987333286179,-8.785792898830074,-2.7601817677422824,random,2034,xgb_rdkit_morgan,xgboost,rdkit+morgan,none,77abfcdbb281d08df2e9fb09cf84b2a648ea9008
freesolv,e1aa0c9f03e27245,Nc1cccc([N+](=O)[O-])c1,hydration_free_energy,kcal/mol,train,,-8.84000015258789,-8.86475381720372,-11.877559382747616,-5.851948251659824,random,2034,xgb_rdkit_morgan,xgboost,rdkit+morgan,none,77abfcdbb281d08df2e9fb09cf84b2a648ea9008
freesolv,77fa39daade7a2ed,Nc1cccc2c1C(=O)c1ccccc1C2=O,hydration_free_energy,kcal/mol,train,,-9.4399995803833,-9.6316434328916,-12.644448998435497,-6.618837867347704,random,2034,xgb_rdkit_morgan,xgboost,rdkit+morgan,none,77abfcdbb281d08df2e9fb09cf84b2a648ea9008
freesolv,c7df2333181b5728,Nc1cccc2ccccc12,hydration_free_energy,kcal/mol,train,,-7.28000020980835,-7.293830009281514,-10.30663557482541,-4.281024443737618,random,2034,xgb_rdkit_morgan,xgboost,rdkit+morgan,none,77abfcdbb281d08df2e9fb09cf84b2a648ea9008
freesolv,8df927d11f3ed1df,Nc1ccccc1,hydration_free_energy,kcal/mol,validation,,-5.489999771118164,-5.652074617757714,-8.66488018330161,-2.639269052213818,random,2034,xgb_rdkit_morgan,xgboost,rdkit+morgan,none,77abfcdbb281d08df2e9fb09cf84b2a648ea9008
freesolv,47d345a94a412d55,Nc1ccccc1Cl,hydration_free_energy,kcal/mol,train,,-4.909999847412109,-4.9707608422159595,-7.983566407759856,-1.9579552766720631,random,2034,xgb_rdkit_morgan,xgboost,rdkit+morgan,none,77abfcdbb281d08df2e9fb09cf84b2a648ea9008
freesolv,793b8d33b3567aa6,Nc1ccccc1[N+](=O)[O-],hydration_free_energy,kcal/mol,train,,-7.369999885559082,-7.310714610231761,-10.323520175775657,-4.297909044687865,random,2034,xgb_rdkit_morgan,xgboost,rdkit+morgan,none,77abfcdbb281d08df2e9fb09cf84b2a648ea9008
freesolv,e735fff07d370f67,Nc1cnn(-c2ccccc2)c(=O)c1Cl,hydration_free_energy,kcal/mol,test,,-16.43000030517578,-10.266913107948753,-13.27971867349265,-7.2541075424048564,random,2034,xgb_rdkit_morgan,xgboost,rdkit+morgan,none,77abfcdbb281d08df2e9fb09cf84b2a648ea9008
freesolv,3085b87749974b25,O=C(O)c1cc(-c2ccc(F)cc2F)ccc1O,hydration_free_energy,kcal/mol,train,,-9.399999618530273,-9.41660907212183,-12.429414637665726,-6.403803506577933,random,2034,xgb_rdkit_morgan,xgboost,rdkit+morgan,none,77abfcdbb281d08df2e9fb09cf84b2a648ea9008
freesolv,ac7b3ba276fd0c1f,O=C1C=CC(=O)C=C1,hydration_free_energy,kcal/mol,train,,-6.5,-6.514566673856438,-9.527372239400334,-3.5017611083125413,random,2034,xgb_rdkit_morgan,xgboost,rdkit+morgan,none,77abfcdbb281d08df2e9fb09cf84b2a648ea9008
freesolv,efaecaee941d65ec,O=C1CCCC1,hydration_free_energy,kcal/mol,train,,-4.699999809265137,-4.7035496151365015,-7.716355180680398,-1.6907440495926052,random,2034,xgb_rdkit_morgan,xgboost,rdkit+morgan,none,77abfcdbb281d08df2e9fb09cf84b2a648ea9008
freesolv,a257b754cb4a6804,O=C1CCCCC1,hydration_free_energy,kcal/mol,calibration,,-4.909999847412109,-4.361586215710746,-7.3743917812546425,-1.3487806501668498,random,2034,xgb_rdkit_morgan,xgboost,rdkit+morgan,none,77abfcdbb281d08df2e9fb09cf84b2a648ea9008
freesolv,5d150ad954af7bcd,O=C1NC(=O)c2ccccc21,hydration_free_energy,kcal/mol,validation,,-9.609999656677246,-8.914603702948899,-11.927409268492795,-5.901798137405002,random,2034,xgb_rdkit_morgan,xgboost,rdkit+morgan,none,77abfcdbb281d08df2e9fb09cf84b2a648ea9008
freesolv,bcdd6b15f2dd6f08,O=C1[C@@H]2CC=CC[C@H]2C(=O)N1SC(Cl)(Cl)Cl,hydration_free_energy,kcal/mol,train,,-9.010000228881836,-8.972892727828995,-11.985698293372891,-5.960087162285099,random,2034,xgb_rdkit_morgan,xgboost,rdkit+morgan,none,77abfcdbb281d08df2e9fb09cf84b2a648ea9008
freesolv,a06e4a64d1733212,O=C1c2ccccc2C(=O)c2c(NCCO)cccc21,hydration_free_energy,kcal/mol,train,,-14.210000038146973,-14.190614484799863,-17.20342005034376,-11.177808919255966,random,2034,xgb_rdkit_morgan,xgboost,rdkit+morgan,none,77abfcdbb281d08df2e9fb09cf84b2a648ea9008
freesolv,373fcfa90050910c,O=COc1ccccc1,hydration_free_energy,kcal/mol,train,,-3.819999933242798,-3.773023443188547,-6.785829008732444,-0.7602178776446507,random,2034,xgb_rdkit_morgan,xgboost,rdkit+morgan,none,77abfcdbb281d08df2e9fb09cf84b2a648ea9008
freesolv,0834789a38b4d862,O=Cc1ccc(O)cc1,hydration_free_energy,kcal/mol,train,,-8.829999923706055,-8.820596217215009,-11.833401782758905,-5.807790651671112,random,2034,xgb_rdkit_morgan,xgboost,rdkit+morgan,none,77abfcdbb281d08df2e9fb09cf84b2a648ea9008
freesolv,cdcde67484b661eb,O=Cc1cccc(O)c1,hydration_free_energy,kcal/mol,test,,-9.520000457763672,-8.349482059488935,-11.362287625032831,-5.336676493945038,random,2034,xgb_rdkit_morgan,xgboost,rdkit+morgan,none,77abfcdbb281d08df2e9fb09cf84b2a648ea9008
freesolv,958acf4ebef097af,O=Cc1ccccc1,hydration_free_energy,kcal/mol,train,,-4.019999980926514,-4.143820047200168,-7.156625612744064,-1.1310144816562717,random,2034,xgb_rdkit_morgan,xgboost,rdkit+morgan,none,77abfcdbb281d08df2e9fb09cf84b2a648ea9008
freesolv,936d7c3754abed80,O=Cc1ccccc1O,hydration_free_energy,kcal/mol,train,,-4.679999828338623,-4.734641922946423,-7.7474474884903195,-1.7218363574025268,random,2034,xgb_rdkit_morgan,xgboost,rdkit+morgan,none,77abfcdbb281d08df2e9fb09cf84b2a648ea9008
freesolv,edd708f27f82cb10,O=Cc1cccnc1,hydration_free_energy,kcal/mol,train,,-7.099999904632568,-7.066365258824199,-10.079170824368095,-4.053559693280302,random,2034,xgb_rdkit_morgan,xgboost,rdkit+morgan,none,77abfcdbb281d08df2e9fb09cf84b2a648ea9008
freesolv,ea971b24f0d35a80,O=Cc1ccncc1,hydration_free_energy,kcal/mol,train,,-7.0,-7.007195039633521,-10.020000605177417,-3.9943894740896244,random,2034,xgb_rdkit_morgan,xgboost,rdkit+morgan,none,77abfcdbb281d08df2e9fb09cf84b2a648ea9008
freesolv,7ad65a67ffa70f4b,O=S1OC[C@@H]2[C@H](CO1)[C@]1(Cl)C(Cl)=C(Cl)[C@@]2(Cl)C1(Cl)Cl,hydration_free_energy,kcal/mol,train,,-4.230000019073486,-4.29014496179621,-7.302950527340107,-1.277339396252314,random,2034,xgb_rdkit_morgan,xgboost,rdkit+morgan,none,77abfcdbb281d08df2e9fb09cf84b2a648ea9008
freesolv,92bc713f6762c1df,O=[N+]([O-])C(Cl)(Cl)Cl,hydration_free_energy,kcal/mol,calibration,,-1.4500000476837158,-4.9550040201123124,-7.967809585656209,-1.942198454568416,random,2034,xgb_rdkit_morgan,xgboost,rdkit+morgan,none,77abfcdbb281d08df2e9fb09cf84b2a648ea9008
freesolv,18b4905fa7a9467f,O=[N+]([O-])OCCCO[N+](=O)[O-],hydration_free_energy,kcal/mol,train,,-4.800000190734863,-4.789326668732367,-7.802132234276264,-1.776521103188471,random,2034,xgb_rdkit_morgan,xgboost,rdkit+morgan,none,77abfcdbb281d08df2e9fb09cf84b2a648ea9008
freesolv,8c7197a6424e71e3,O=[N+]([O-])OCCO,hydration_free_energy,kcal/mol,train,,-8.180000305175781,-8.114767770507317,-11.127573336051213,-5.101962204963421,random,2034,xgb_rdkit_morgan,xgboost,rdkit+morgan,none,77abfcdbb281d08df2e9fb09cf84b2a648ea9008
freesolv,3f211c1bf953b801,O=[N+]([O-])OCCO[N+](=O)[O-],hydration_free_energy,kcal/mol,train,,-5.730000019073486,-5.759490752342702,-8.7722963178866,-2.746685186798806,random,2034,xgb_rdkit_morgan,xgboost,rdkit+morgan,none,77abfcdbb281d08df2e9fb09cf84b2a648ea9008
freesolv,c7b90e22bebd2485,O=[N+]([O-])c1c(Cl)c(Cl)c(Cl)c(Cl)c1Cl,hydration_free_energy,kcal/mol,train,,-5.21999979019165,-5.219923626802895,-8.232729192346792,-2.2071180612589982,random,2034,xgb_rdkit_morgan,xgboost,rdkit+morgan,none,77abfcdbb281d08df2e9fb09cf84b2a648ea9008
freesolv,819d0d9fd216fcd8,O=[N+]([O-])c1ccc(O)cc1,hydration_free_energy,kcal/mol,train,,-10.640000343322754,-10.467613249707298,-13.480418815251195,-7.454807684163402,random,2034,xgb_rdkit_morgan,xgboost,rdkit+morgan,none,77abfcdbb281d08df2e9fb09cf84b2a648ea9008
freesolv,f49e79a6c87b1ffc,O=[N+]([O-])c1cccc(O)c1,hydration_free_energy,kcal/mol,train,,-9.619999885559082,-9.604352870851994,-12.61715843639589,-6.591547305308097,random,2034,xgb_rdkit_morgan,xgboost,rdkit+morgan,none,77abfcdbb281d08df2e9fb09cf84b2a648ea9008
freesolv,2f207849e668e96f,O=[N+]([O-])c1ccccc1,hydration_free_energy,kcal/mol,validation,,-4.119999885559082,-6.521642924102815,-9.53444848964671,-3.5088373585589183,random,2034,xgb_rdkit_morgan,xgboost,rdkit+morgan,none,77abfcdbb281d08df2e9fb09cf84b2a648ea9008
freesolv,2e397c61ab395a28,O=[N+]([O-])c1ccccc1O,hydration_free_energy,kcal/mol,train,,-4.579999923706055,-4.803544679219378,-7.8163502447632744,-1.7907391136754818,random,2034,xgb_rdkit_morgan,xgboost,rdkit+morgan,none,77abfcdbb281d08df2e9fb09cf84b2a648ea9008
freesolv,573bd8a61399ae31,O=c1[nH]c(=O)[nH]c(=O)[nH]1,hydration_free_energy,kcal/mol,train,,-18.059999465942383,-18.045396303440256,-21.058201868984153,-15.03259073789636,random,2034,xgb_rdkit_morgan,xgboost,rdkit+morgan,none,77abfcdbb281d08df2e9fb09cf84b2a648ea9008
freesolv,cddfd0f06e81b8b1,O=c1[nH]cc(Br)c(=O)[nH]1,hydration_free_energy,kcal/mol,train,,-18.170000076293945,-18.074562125655024,-21.08736769119892,-15.061756560111128,random,2034,xgb_rdkit_morgan,xgboost,rdkit+morgan,none,77abfcdbb281d08df2e9fb09cf84b2a648ea9008
freesolv,2072aaa51fe60a41,O=c1[nH]cc(C(F)(F)F)c(=O)[nH]1,hydration_free_energy,kcal/mol,train,,-15.460000038146973,-15.479898006425222,-18.492703571969116,-12.467092440881325,random,2034,xgb_rdkit_morgan,xgboost,rdkit+morgan,none,77abfcdbb281d08df2e9fb09cf84b2a648ea9008
freesolv,b20d78724d54723c,O=c1[nH]cc(Cl)c(=O)[nH]1,hydration_free_energy,kcal/mol,calibration,,-17.739999771118164,-16.29491586539977,-19.307721430943666,-13.282110299855873,random,2034,xgb_rdkit_morgan,xgboost,rdkit+morgan,none,77abfcdbb281d08df2e9fb09cf84b2a648ea9008
freesolv,fa4b084349774829,O=c1[nH]cc(F)c(=O)[nH]1,hydration_free_energy,kcal/mol,train,,-16.920000076293945,-16.93724399352881,-19.950049559072706,-13.924438427984914,random,2034,xgb_rdkit_morgan,xgboost,rdkit+morgan,none,77abfcdbb281d08df2e9fb09cf84b2a648ea9008
freesolv,f6ac8e5a51fd9b52,O=c1[nH]cc(I)c(=O)[nH]1,hydration_free_energy,kcal/mol,train,,-18.719999313354492,-18.758147851024376,-21.770953416568272,-15.74534228548048,random,2034,xgb_rdkit_morgan,xgboost,rdkit+morgan,none,77abfcdbb281d08df2e9fb09cf84b2a648ea9008
freesolv,05f89cf62c049133,O=c1cc(Cl)[nH]c(=O)[nH]1,hydration_free_energy,kcal/mol,train,,-15.829999923706055,-15.90350541693167,-18.916310982475565,-12.890699851387774,random,2034,xgb_rdkit_morgan,xgboost,rdkit+morgan,none,77abfcdbb281d08df2e9fb09cf84b2a648ea9008
freesolv,79191f708aac72af,OC1CCCC1,hydration_free_energy,kcal/mol,test,,-5.489999771118164,-5.457644350319827,-8.470449915863723,-2.4448387847759303,random,2034,xgb_rdkit_morgan,xgboost,rdkit+morgan,none,77abfcdbb281d08df2e9fb09cf84b2a648ea9008
freesolv,13bf59087e3f76ff,OC1CCCCC1,hydration_free_energy,kcal/mol,train,,-5.460000038146973,-5.499771199029944,-8.51257676457384,-2.4869656334860473,random,2034,xgb_rdkit_morgan,xgboost,rdkit+morgan,none,77abfcdbb281d08df2e9fb09cf84b2a648ea9008
freesolv,3a6088586348cf7f,OC1CCCCCC1,hydration_free_energy,kcal/mol,train,,-5.480000019073486,-5.449743809886566,-8.462549375430463,-2.4369382443426693,random,2034,xgb_rdkit_morgan,xgboost,rdkit+morgan,none,77abfcdbb281d08df2e9fb09cf84b2a648ea9008
freesolv,687a2dc922ea1a36,OCC(F)(F)F,hydration_free_energy,kcal/mol,test,,-4.309999942779541,-4.77486324457608,-7.7876688101199765,-1.7620576790321838,random,2034,xgb_rdkit_morgan,xgboost,rdkit+morgan,none,77abfcdbb281d08df2e9fb09cf84b2a648ea9008
freesolv,7817e0695a0a58ee,OCC(O)CO,hydration_free_energy,kcal/mol,train,,-13.430000305175781,-13.462964828781216,-16.47577039432511,-10.45015926323732,random,2034,xgb_rdkit_morgan,xgboost,rdkit+morgan,none,77abfcdbb281d08df2e9fb09cf84b2a648ea9008
freesolv,da60db9636ea1107,OCCCc1ccccc1,hydration_free_energy,kcal/mol,test,,-6.920000076293945,-6.175750388605135,-9.188555954149031,-3.1629448230612383,random,2034,xgb_rdkit_morgan,xgboost,rdkit+morgan,none,77abfcdbb281d08df2e9fb09cf84b2a648ea9008
freesolv,5c3c2680787458c1,OCCO,hydration_free_energy,kcal/mol,validation,,-9.300000190734863,-10.85715920997427,-13.869964775518167,-7.844353644430374,random,2034,xgb_rdkit_morgan,xgboost,rdkit+morgan,none,77abfcdbb281d08df2e9fb09cf84b2a648ea9008
freesolv,cc6267fd5c207d0f,OCCc1ccccc1,hydration_free_energy,kcal/mol,train,,-6.789999961853027,-6.780818961073598,-9.793624526617494,-3.7680133955297013,random,2034,xgb_rdkit_morgan,xgboost,rdkit+morgan,none,77abfcdbb281d08df2e9fb09cf84b2a648ea9008
freesolv,3fc407fd83f57079,OC[C@@H](O)[C@@H](O)[C@H](O)[C@H](O)CO,hydration_free_energy,kcal/mol,train,,-23.6200008392334,-23.634909934084693,-26.64771549962859,-20.622104368540796,random,2034,xgb_rdkit_morgan,xgboost,rdkit+morgan,none,77abfcdbb281d08df2e9fb09cf84b2a648ea9008
freesolv,70fe802de633ac06,OC[C@H]1O[C@@H](O)[C@H](O)[C@@H](O)[C@@H]1O,hydration_free_energy,kcal/mol,train,,-25.469999313354492,-25.098448401217244,-28.11125396676114,-22.085642835673347,random,2034,xgb_rdkit_morgan,xgboost,rdkit+morgan,none,77abfcdbb281d08df2e9fb09cf84b2a648ea9008
freesolv,9aba038d3f4200a5,OCc1ccccc1,hydration_free_energy,kcal/mol,train,,-6.619999885559082,-6.55521682543062,-9.568022390974516,-3.5424112598867232,random,2034,xgb_rdkit_morgan,xgboost,rdkit+morgan,none,77abfcdbb281d08df2e9fb09cf84b2a648ea9008
freesolv,a567f2cbddf29886,O[C@@H]1[C@@H](O)[C@@H](O)OC[C@H]1O,hydration_free_energy,kcal/mol,train,,-20.520000457763672,-20.58951925719997,-23.602324822743867,-17.576713691656074,random,2034,xgb_rdkit_morgan,xgboost,rdkit+morgan,none,77abfcdbb281d08df2e9fb09cf84b2a648ea9008
freesolv,67dc214c51fbc83b,Oc1ccc(Br)cc1,hydration_free_energy,kcal/mol,validation,,-5.849999904632568,-7.120293741781012,-10.133099307324908,-4.107488176237116,random,2034,xgb_rdkit_morgan,xgboost,rdkit+morgan,none,77abfcdbb281d08df2e9fb09cf84b2a648ea9008
freesolv,b996f9741fc5cff6,Oc1ccc(Cl)c(Cl)c1,hydration_free_energy,kcal/mol,train,,-7.289999961853027,-7.275853458006996,-10.288659023550892,-4.263047892463099,random,2034,xgb_rdkit_morgan,xgboost,rdkit+morgan,none,77abfcdbb281d08df2e9fb09cf84b2a648ea9008
freesolv,1aa838762f1917bf,Oc1ccc(Cl)cc1,hydration_free_energy,kcal/mol,train,,-7.03000020980835,-6.965905360644458,-9.978710926188354,-3.9530997951005613,random,2034,xgb_rdkit_morgan,xgboost,rdkit+morgan,none,77abfcdbb281d08df2e9fb09cf84b2a648ea9008
freesolv,e2864dba67ef283d,Oc1ccc(F)cc1,hydration_free_energy,kcal/mol,train,,-6.190000057220459,-6.241769007374055,-9.254574572917951,-3.2289634418301585,random,2034,xgb_rdkit_morgan,xgboost,rdkit+morgan,none,77abfcdbb281d08df2e9fb09cf84b2a648ea9008
freesolv,7f518d93e9c142c0,Oc1ccc2ccccc2c1,hydration_free_energy,kcal/mol,train,,-8.109999656677246,-8.099516997009879,-11.112322562553775,-5.086711431465982,random,2034,xgb_rdkit_morgan,xgboost,rdkit+morgan,none,77abfcdbb281d08df2e9fb09cf84b2a648ea9008
freesolv,cbbe38134650c076,Oc1cccc(Cl)c1,hydration_free_energy,kcal/mol,train,,-6.619999885559082,-6.639357182950157,-9.652162748494053,-3.6265516174062604,random,2034,xgb_rdkit_morgan,xgboost,rdkit+morgan,none,77abfcdbb281d08df2e9fb09cf84b2a648ea9008
freesolv,988ca1a38a1581f9,Oc1cccc2ccccc12,hydration_free_energy,kcal/mol,train,,-7.670000076293945,-7.660561162719647,-10.673366728263543,-4.647755597175751,random,2034,xgb_rdkit_morgan,xgboost,rdkit+morgan,none,77abfcdbb281d08df2e9fb09cf84b2a648ea9008
freesolv,3800b14c418b69c5,Oc1ccccc1,hydration_free_energy,kcal/mol,train,,-6.599999904632568,-6.522303058772367,-9.535108624316264,-3.509497493228471,random,2034,xgb_rdkit_morgan,xgboost,rdkit+morgan,none,77abfcdbb281d08df2e9fb09cf84b2a648ea9008
freesolv,9bf03d8ccdb3c64c,Oc1ccccc1Cl,hydration_free_energy,kcal/mol,train,,-4.550000190734863,-4.641979294753234,-7.654784860297131,-1.629173729209338,random,2034,xgb_rdkit_morgan,xgboost,rdkit+morgan,none,77abfcdbb281d08df2e9fb09cf84b2a648ea9008
freesolv,aedc78ece946d401,Oc1ccccc1F,hydration_free_energy,kcal/mol,train,,-5.289999961853027,-5.227534846064026,-8.240340411607923,-2.21472928052013,random,2034,xgb_rdkit_morgan,xgboost,rdkit+morgan,none,77abfcdbb281d08df2e9fb09cf84b2a648ea9008
freesolv,d3b87da98c67562d,Oc1ccccc1I,hydration_free_energy,kcal/mol,validation,,-6.199999809265137,-5.755079511889458,-8.767885077433355,-2.742273946345562,random,2034,xgb_rdkit_morgan,xgboost,rdkit+morgan,none,77abfcdbb281d08df2e9fb09cf84b2a648ea9008
freesolv,3a126e2a44c3887a,S,hydration_free_energy,kcal/mol,train,,-0.699999988079071,-0.5937272608606543,-3.6065328264045506,2.419078304683242,random,2034,xgb_rdkit_morgan,xgboost,rdkit+morgan,none,77abfcdbb281d08df2e9fb09cf84b2a648ea9008
freesolv,371a5e389c8c0955,Sc1ccccc1,hydration_free_energy,kcal/mol,train,,-2.549999952316284,-2.455241460461152,-5.468047026005048,0.5575641050827445,random,2034,xgb_rdkit_morgan,xgboost,rdkit+morgan,none,77abfcdbb281d08df2e9fb09cf84b2a648ea9008
freesolv,642af2bc8b818bc9,[O-][S+2]1([O-])CCCC1,hydration_free_energy,kcal/mol,test,,-8.609999656677246,-8.472568254951934,-11.48537382049583,-5.459762689408038,random,2034,xgb_rdkit_morgan,xgboost,rdkit+morgan,none,77abfcdbb281d08df2e9fb09cf84b2a648ea9008
freesolv,f099726b50ba9b25,c1c[nH]cn1,hydration_free_energy,kcal/mol,calibration,,-9.630000114440918,-6.617194548897022,-9.630000114440918,-3.6043889833531253,random,2034,xgb_rdkit_morgan,xgboost,rdkit+morgan,none,77abfcdbb281d08df2e9fb09cf84b2a648ea9008
freesolv,98f5a3867d0fbe7a,c1cc2c3c(cccc3c1)CC2,hydration_free_energy,kcal/mol,train,,-3.1500000953674316,-3.1593281258023542,-6.17213369134625,-0.1465225602584579,random,2034,xgb_rdkit_morgan,xgboost,rdkit+morgan,none,77abfcdbb281d08df2e9fb09cf84b2a648ea9008
freesolv,b0c2afa3b4daa40d,c1cc2ccc3cccc4ccc(c1)c2c34,hydration_free_energy,kcal/mol,train,,-4.519999980926514,-4.4529701988775345,-7.465775764421431,-1.4401646333336382,random,2034,xgb_rdkit_morgan,xgboost,rdkit+morgan,none,77abfcdbb281d08df2e9fb09cf84b2a648ea9008
freesolv,7b676dabf15907c8,c1cc[nH]c1,hydration_free_energy,kcal/mol,test,,-4.78000020980835,-5.516806139269956,-8.529611704813853,-2.50400057372606,random,2034,xgb_rdkit_morgan,xgboost,rdkit+morgan,none,77abfcdbb281d08df2e9fb09cf84b2a648ea9008
freesolv,7a5bc4f64c5195f9,c1ccc(-c2ccccc2)cc1,hydration_free_energy,kcal/mol,train,,-2.700000047683716,-2.699955419772401,-5.712760985316297,0.3128501457714954,random,2034,xgb_rdkit_morgan,xgboost,rdkit+morgan,none,77abfcdbb281d08df2e9fb09cf84b2a648ea9008
freesolv,e797994168bdf8e5,c1ccc(Cn2ccnc2)cc1,hydration_free_energy,kcal/mol,train,,-7.630000114440918,-7.618784168992259,-10.631589734536156,-4.605978603448363,random,2034,xgb_rdkit_morgan,xgboost,rdkit+morgan,none,77abfcdbb281d08df2e9fb09cf84b2a648ea9008
freesolv,dee9bfd78d64e4a2,c1ccc(Oc2ccccc2)cc1,hydration_free_energy,kcal/mol,train,,-2.869999885559082,-2.853584610912968,-5.866390176456864,0.15922095463092845,random,2034,xgb_rdkit_morgan,xgboost,rdkit+morgan,none,77abfcdbb281d08df2e9fb09cf84b2a648ea9008
freesolv,4ffb5477eed907c6,c1ccc2c(c1)CCC2,hydration_free_energy,kcal/mol,train,,-1.4600000381469727,-1.5236692032346126,-4.536474768778509,1.4891363623092837,random,2034,xgb_rdkit_morgan,xgboost,rdkit+morgan,none,77abfcdbb281d08df2e9fb09cf84b2a648ea9008
freesolv,47543d385846569e,c1ccc2c(c1)Cc1ccccc1-2,hydration_free_energy,kcal/mol,train,,-3.3499999046325684,-3.3840418370326146,-6.396847402576511,-0.3712362714887183,random,2034,xgb_rdkit_morgan,xgboost,rdkit+morgan,none,77abfcdbb281d08df2e9fb09cf84b2a648ea9008
freesolv,17465babc9cd1c82,c1ccc2c(c1)Cc1ccccc1C2,hydration_free_energy,kcal/mol,train,,-3.7799999713897705,-3.776844925381394,-6.78965049092529,-0.7640393598374975,random,2034,xgb_rdkit_morgan,xgboost,rdkit+morgan,none,77abfcdbb281d08df2e9fb09cf84b2a648ea9008
freesolv,fb7f87c7e6dfb66e,c1ccc2c(c1)Oc1ccccc1O2,hydration_free_energy,kcal/mol,train,,-3.1500000953674316,-3.221213584969428,-6.2340191505133244,-0.20840801942553178,random,2034,xgb_rdkit_morgan,xgboost,rdkit+morgan,none,77abfcdbb281d08df2e9fb09cf84b2a648ea9008
freesolv,ccd5156c3d611af8,c1ccc2c(c1)ccc1ccccc12,hydration_free_energy,kcal/mol,train,,-3.880000114440918,-3.905164452450419,-6.917970017994316,-0.8923588869065227,random,2034,xgb_rdkit_morgan,xgboost,rdkit+morgan,none,77abfcdbb281d08df2e9fb09cf84b2a648ea9008
freesolv,784372b072523a7c,c1ccc2cc3ccccc3cc2c1,hydration_free_energy,kcal/mol,validation,,-3.950000047683716,-3.9575733333230945,-6.970378898866991,-0.9447677677791981,random,2034,xgb_rdkit_morgan,xgboost,rdkit+morgan,none,77abfcdbb281d08df2e9fb09cf84b2a648ea9008
freesolv,c7ef340f0fa3dd43,c1ccc2ccccc2c1,hydration_free_energy,kcal/mol,train,,-2.4000000953674316,-2.4043278422801997,-5.417133407824096,0.6084777232636966,random,2034,xgb_rdkit_morgan,xgboost,rdkit+morgan,none,77abfcdbb281d08df2e9fb09cf84b2a648ea9008
freesolv,93816c4b27d69be9,c1ccc2ncccc2c1,hydration_free_energy,kcal/mol,train,,-5.71999979019165,-5.679163907804245,-8.691969473348141,-2.6663583422603487,random,2034,xgb_rdkit_morgan,xgboost,rdkit+morgan,none,77abfcdbb281d08df2e9fb09cf84b2a648ea9008
freesolv,1c8645677ff2de98,c1ccccc1,hydration_free_energy,kcal/mol,train,,-0.8999999761581421,-0.8224261048648103,-3.8352316704087066,2.190379460679086,random,2034,xgb_rdkit_morgan,xgboost,rdkit+morgan,none,77abfcdbb281d08df2e9fb09cf84b2a648ea9008
freesolv,d311fe7bbff8011b,c1ccncc1,hydration_free_energy,kcal/mol,train,,-4.690000057220459,-4.7684569057365565,-7.781262471280453,-1.7556513401926601,random,2034,xgb_rdkit_morgan,xgboost,rdkit+morgan,none,77abfcdbb281d08df2e9fb09cf84b2a648ea9008
freesolv,dd5ad833c0c7aa1e,c1ccsc1,hydration_free_energy,kcal/mol,train,,-1.399999976158142,-1.4068633028062822,-4.419668868350179,1.605942262737614,random,2034,xgb_rdkit_morgan,xgboost,rdkit+morgan,none,77abfcdbb281d08df2e9fb09cf84b2a648ea9008
