dataset,molecule_id,smiles,property,units,partition,scaffold,y_true,y_pred,prediction_lower,prediction_upper,split_strategy,seed,model,family,features,fusion,git_commit
esol,da61f9c875766442,BrC(Br)(Br)Br,aqueous_solubility,log10(mol/L),calibration,,-3.140000104904175,-3.635544113284466,-4.842364741543433,-2.428723485025499,random,2030,node_gnn,node_gnn,none,none,77abfcdbb281d08df2e9fb09cf84b2a648ea9008
esol,033a6d997321375a,BrC(Br)Br,aqueous_solubility,log10(mol/L),train,,-1.909999966621399,-2.0176940896903472,-3.2245147179493143,-0.8108734614313802,random,2030,node_gnn,node_gnn,none,none,77abfcdbb281d08df2e9fb09cf84b2a648ea9008
esol,9ab68a3afbba9fc0,BrCBr,aqueous_solubility,log10(mol/L),train,,-1.1699999570846558,-1.4122348966509444,-2.6190555249099114,-0.2054142683919773,random,2030,node_gnn,node_gnn,none,none,77abfcdbb281d08df2e9fb09cf84b2a648ea9008
esol,bd914b232803b250,BrCCBr,aqueous_solubility,log10(mol/L),train,,-1.6799999475479126,-1.6890760012532084,-2.8958966295121753,-0.48225537299424137,random,2030,node_gnn,node_gnn,none,none,77abfcdbb281d08df2e9fb09cf84b2a648ea9008
esol,77a4ca2bbfb75522,Brc1cc(Br)c(Br)cc1Br,aqueous_solubility,log10(mol/L),train,,-6.980000019073486,-6.7136229377674415,-7.9204435660264085,-5.506802309508474,random,2030,node_gnn,node_gnn,none,none,77abfcdbb281d08df2e9fb09cf84b2a648ea9008
esol,21cbcc346182e499,Brc1cc(Br)cc(Br)c1,aqueous_solubility,log10(mol/L),test,,-5.599999904632568,-5.458377698705497,-6.665198326964464,-4.2515570704465295,random,2030,node_gnn,node_gnn,none,none,77abfcdbb281d08df2e9fb09cf84b2a648ea9008
esol,599294ce62557e5e,Brc1ccc(Br)c(Br)c1,aqueous_solubility,log10(mol/L),validation,,-4.5,-5.0703283720385794,-6.2771490002975465,-3.8635077437796124,random,2030,node_gnn,node_gnn,none,none,77abfcdbb281d08df2e9fb09cf84b2a648ea9008
esol,5e05b0f3e484f559,Brc1ccc(Br)cc1,aqueous_solubility,log10(mol/L),train,,-4.070000171661377,-4.004749859589855,-5.211570487848822,-2.7979292313308877,random,2030,node_gnn,node_gnn,none,none,77abfcdbb281d08df2e9fb09cf84b2a648ea9008
esol,bbdc3f8b7bb7f0e8,Brc1ccc(I)cc1,aqueous_solubility,log10(mol/L),train,,-4.559999942779541,-4.398894128541953,-5.6057147568009205,-3.1920735002829863,random,2030,node_gnn,node_gnn,none,none,77abfcdbb281d08df2e9fb09cf84b2a648ea9008
esol,30d2b25ba1f64487,Brc1ccc2ccccc2c1,aqueous_solubility,log10(mol/L),train,,-4.400000095367432,-5.322749084644185,-6.529569712903152,-4.115928456385218,random,2030,node_gnn,node_gnn,none,none,77abfcdbb281d08df2e9fb09cf84b2a648ea9008
esol,e49ac581c1a589b2,Brc1cccc(Br)c1,aqueous_solubility,log10(mol/L),train,,-3.5399999618530273,-3.7224526134198506,-4.929273241678818,-2.5156319851608835,random,2030,node_gnn,node_gnn,none,none,77abfcdbb281d08df2e9fb09cf84b2a648ea9008
esol,4ec2811097081ab4,Brc1cccc2ccccc12,aqueous_solubility,log10(mol/L),calibration,,-4.349999904632568,-4.361485272229419,-5.568305900488386,-3.1546646439704515,random,2030,node_gnn,node_gnn,none,none,77abfcdbb281d08df2e9fb09cf84b2a648ea9008
esol,0397bd2cd69b335c,Brc1ccccc1,aqueous_solubility,log10(mol/L),validation,,-2.549999952316284,-2.4660134787146744,-3.6728341069736414,-1.2591928504557073,random,2030,node_gnn,node_gnn,none,none,77abfcdbb281d08df2e9fb09cf84b2a648ea9008
esol,324f80b71abb8f48,Brc1ccccc1Br,aqueous_solubility,log10(mol/L),validation,,-3.5,-3.2799292827566,-4.486749911015567,-2.073108654497633,random,2030,node_gnn,node_gnn,none,none,77abfcdbb281d08df2e9fb09cf84b2a648ea9008
esol,ef653be8d856a3e3,C,aqueous_solubility,log10(mol/L),train,,-0.8999999761581421,-1.0194540165313506,-2.2262746447903177,0.18736661172761648,random,2030,node_gnn,node_gnn,none,none,77abfcdbb281d08df2e9fb09cf84b2a648ea9008
esol,1e62faae86ae77c5,C#C,aqueous_solubility,log10(mol/L),test,,0.28999999165534973,-0.18977394238000933,-1.3965945706389764,1.0170466858789577,random,2030,node_gnn,node_gnn,none,none,77abfcdbb281d08df2e9fb09cf84b2a648ea9008
esol,be01c31d44889bd9,C#CC,aqueous_solubility,log10(mol/L),train,,-0.4099999964237213,-0.7334508178630363,-1.9402714461220034,0.47336981039593073,random,2030,node_gnn,node_gnn,none,none,77abfcdbb281d08df2e9fb09cf84b2a648ea9008
esol,418e7591029ea69f,C#CC(C)N(C)C(=O)Nc1ccc(Cl)cc1,aqueous_solubility,log10(mol/L),train,,-3.9000000953674316,-3.441664783895215,-4.648485412154182,-2.2348441556362477,random,2030,node_gnn,node_gnn,none,none,77abfcdbb281d08df2e9fb09cf84b2a648ea9008
esol,9ab8feee6b5a7528,C#CC(C)OC(=O)Nc1cccc(Cl)c1,aqueous_solubility,log10(mol/L),validation,,-2.617000102996826,-3.8341826247147464,-5.041003252973713,-2.6273619964557793,random,2030,node_gnn,node_gnn,none,none,77abfcdbb281d08df2e9fb09cf84b2a648ea9008
esol,254e2b1734e74745,C#CC1(O)CCC2C3CCC4=CC(=O)CCC4(C)C3CCC21C,aqueous_solubility,log10(mol/L),train,,-5.659999847412109,-4.580325012667567,-5.787145640926534,-3.3735043844085997,random,2030,node_gnn,node_gnn,none,none,77abfcdbb281d08df2e9fb09cf84b2a648ea9008
esol,8df5408ffcddd97a,C#CC1(O)CCC2C3CCC4=CC(=O)CCC4(O)C3CCC21C,aqueous_solubility,log10(mol/L),train,,-4.570000171661377,-4.250783069652799,-5.457603697911766,-3.043962441393832,random,2030,node_gnn,node_gnn,none,none,77abfcdbb281d08df2e9fb09cf84b2a648ea9008
esol,1e8401e159a17ddb,C#CC1(O)CCC2C3CCC4=Cc5oncc5CC4(C)C3CCC21C,aqueous_solubility,log10(mol/L),train,,-5.506999969482422,-4.99045147379668,-6.197272102055647,-3.7836308455377132,random,2030,node_gnn,node_gnn,none,none,77abfcdbb281d08df2e9fb09cf84b2a648ea9008
esol,0ede43d08b0b685a,C#CC1(O)CCC2C3CCc4cc(O)ccc4C3CCC21C,aqueous_solubility,log10(mol/L),train,,-4.300000190734863,-4.900412301358805,-6.107232929617772,-3.6935916730998377,random,2030,node_gnn,node_gnn,none,none,77abfcdbb281d08df2e9fb09cf84b2a648ea9008
esol,f6f3f8ce45fa9dfa,C#CC1(OC(C)=O)CCC2C3CCC4=CC(=O)CCC4C3CCC21C,aqueous_solubility,log10(mol/L),train,,-4.800000190734863,-4.992722821306665,-6.199543449565632,-3.785902193047698,random,2030,node_gnn,node_gnn,none,none,77abfcdbb281d08df2e9fb09cf84b2a648ea9008
esol,3e31eac302cfd8fc,C#CCC,aqueous_solubility,log10(mol/L),validation,,-1.2400000095367432,-1.2351386731060672,-2.441959301365034,-0.0283180448471001,random,2030,node_gnn,node_gnn,none,none,77abfcdbb281d08df2e9fb09cf84b2a648ea9008
esol,ef58f1c4944033aa,C#CCCC,aqueous_solubility,log10(mol/L),train,,-1.6399999856948853,-1.737591550083188,-2.944412178342155,-0.5307709218242209,random,2030,node_gnn,node_gnn,none,none,77abfcdbb281d08df2e9fb09cf84b2a648ea9008
esol,9df9f03554f45e69,C#CCCCC,aqueous_solubility,log10(mol/L),train,,-2.359999895095825,-2.3037596734588446,-3.5105803017178117,-1.0969390451998775,random,2030,node_gnn,node_gnn,none,none,77abfcdbb281d08df2e9fb09cf84b2a648ea9008
esol,0b51237b33e42d49,C#CCCCCC,aqueous_solubility,log10(mol/L),validation,,-3.009999990463257,-2.8523084057909904,-4.059129034049958,-1.6454877775320234,random,2030,node_gnn,node_gnn,none,none,77abfcdbb281d08df2e9fb09cf84b2a648ea9008
esol,48de0e30b5d246ce,C#CCCCCCC,aqueous_solubility,log10(mol/L),validation,,-3.6600000858306885,-3.4531440838815968,-4.659964712140564,-2.2463234556226297,random,2030,node_gnn,node_gnn,none,none,77abfcdbb281d08df2e9fb09cf84b2a648ea9008
esol,a3e71f83f986b969,C#CCCCCCCC,aqueous_solubility,log10(mol/L),train,,-4.239999771118164,-4.051694994411598,-5.258515622670565,-2.844874366152631,random,2030,node_gnn,node_gnn,none,none,77abfcdbb281d08df2e9fb09cf84b2a648ea9008
esol,004b9675aac80e82,C/C=C/C=O,aqueous_solubility,log10(mol/L),train,,0.3199999928474426,-0.09182819967187239,-1.2986488279308395,1.1149924285870947,random,2030,node_gnn,node_gnn,none,none,77abfcdbb281d08df2e9fb09cf84b2a648ea9008
esol,0923717a6761fd77,C/C=C/CC,aqueous_solubility,log10(mol/L),train,,-2.5399999618530273,-2.621689913731635,-3.8285105419906023,-1.414869285472668,random,2030,node_gnn,node_gnn,none,none,77abfcdbb281d08df2e9fb09cf84b2a648ea9008
esol,c57120d38c0a4a68,C/C=C/CCCC,aqueous_solubility,log10(mol/L),validation,,-3.819999933242798,-3.675350601202603,-4.88217122946157,-2.468529972943636,random,2030,node_gnn,node_gnn,none,none,77abfcdbb281d08df2e9fb09cf84b2a648ea9008
esol,26ab7efc03939d8f,C/C=C\CC,aqueous_solubility,log10(mol/L),train,,-2.5399999618530273,-2.621689913731635,-3.8285105419906023,-1.414869285472668,random,2030,node_gnn,node_gnn,none,none,77abfcdbb281d08df2e9fb09cf84b2a648ea9008
esol,5cd7d49aba9a7e17,C1=CCC=CC1,aqueous_solubility,log10(mol/L),train,,-2.059999942779541,-2.464087488559087,-3.670908116818054,-1.25726686030012,random,2030,node_gnn,node_gnn,none,none,77abfcdbb281d08df2e9fb09cf84b2a648ea9008
esol,1d7f56772c078bb9,C1=CCCC1,aqueous_solubility,log10(mol/L),train,,-2.0999999046325684,-3.0755208907373124,-4.2823415189962795,-1.8687002624783453,random,2030,node_gnn,node_gnn,none,none,77abfcdbb281d08df2e9fb09cf84b2a648ea9008
esol,abde13413c473f18,C1=CCCCC1,aqueous_solubility,log10(mol/L),train,,-2.5899999141693115,-3.2617120450161674,-4.468532673275135,-2.0548914167572003,random,2030,node_gnn,node_gnn,none,none,77abfcdbb281d08df2e9fb09cf84b2a648ea9008
esol,bb8c20b84fd920a2,C1=CCCCCC1,aqueous_solubility,log10(mol/L),train,,-3.180000066757202,-3.396922934376079,-4.603743562635046,-2.190102306117112,random,2030,node_gnn,node_gnn,none,none,77abfcdbb281d08df2e9fb09cf84b2a648ea9008
esol,95b87f4f4f2bb613,C1=Cc2cccc3cccc1c23,aqueous_solubility,log10(mol/L),train,,-3.9600000381469727,-3.811363492342087,-5.018184120601054,-2.60454286408312,random,2030,node_gnn,node_gnn,none,none,77abfcdbb281d08df2e9fb09cf84b2a648ea9008
esol,5c3986bd23acb32d,C1CCC2CCCCC2C1,aqueous_solubility,log10(mol/L),train,,-5.190000057220459,-5.03731410132718,-6.244134729586147,-3.8304934730682128,random,2030,node_gnn,node_gnn,none,none,77abfcdbb281d08df2e9fb09cf84b2a648ea9008
esol,7c5d26a49231e799,C1CCCC1,aqueous_solubility,log10(mol/L),calibration,,-2.640000104904175,-4.086060668951422,-5.292881297210389,-2.879240040692455,random,2030,node_gnn,node_gnn,none,none,77abfcdbb281d08df2e9fb09cf84b2a648ea9008
esol,4d70c6ce3ea26712,C1CCCCC1,aqueous_solubility,log10(mol/L),train,,-3.0999999046325684,-4.086060542793485,-5.292881171052452,-2.8792399145345176,random,2030,node_gnn,node_gnn,none,none,77abfcdbb281d08df2e9fb09cf84b2a648ea9008
esol,70cfcad6dba4b5a4,C1CCCCCC1,aqueous_solubility,log10(mol/L),train,,-3.509999990463257,-4.086060542793485,-5.292881171052452,-2.8792399145345176,random,2030,node_gnn,node_gnn,none,none,77abfcdbb281d08df2e9fb09cf84b2a648ea9008
esol,3049de5674a74cb5,C1CCCCCCC1,aqueous_solubility,log10(mol/L),train,,-4.150000095367432,-4.086060542793485,-5.292881171052452,-2.8792399145345176,random,2030,node_gnn,node_gnn,none,none,77abfcdbb281d08df2e9fb09cf84b2a648ea9008
esol,ec599f0cbd5e780b,C1CCOC1,aqueous_solubility,log10(mol/L),train,,0.49000000953674316,-0.17489992152757328,-1.3817205497865404,1.0319207067313938,random,2030,node_gnn,node_gnn,none,none,77abfcdbb281d08df2e9fb09cf84b2a648ea9008
esol,6ee75a2f4b64ffb0,C1CCOCC1,aqueous_solubility,log10(mol/L),train,,-0.029999999329447746,-0.4712027803859957,-1.6780234086449628,0.7356178478729714,random,2030,node_gnn,node_gnn,none,none,77abfcdbb281d08df2e9fb09cf84b2a648ea9008
esol,dbdd245cf7f7502f,C=C,aqueous_solubility,log10(mol/L),validation,,-0.4000000059604645,-1.6779366338299042,-2.884757262088871,-0.47111600557093714,random,2030,node_gnn,node_gnn,none,none,77abfcdbb281d08df2e9fb09cf84b2a648ea9008
esol,1ff48e0fc1bb46f2,C=C(Br)CC1(C(C)CC)C(=O)NC(=O)NC1=O,aqueous_solubility,log10(mol/L),calibration,,-2.6470000743865967,-2.3402577956192694,-3.5470784238782365,-1.1334371673603023,random,2030,node_gnn,node_gnn,none,none,77abfcdbb281d08df2e9fb09cf84b2a648ea9008
esol,e7c10ec7ffa2f500,C=C(C)C,aqueous_solubility,log10(mol/L),train,,-2.3299999237060547,-2.4193309416402116,-3.6261515698991786,-1.2125103133812445,random,2030,node_gnn,node_gnn,none,none,77abfcdbb281d08df2e9fb09cf84b2a648ea9008
esol,1e7286c23334c464,C=C(C)C(=C)C,aqueous_solubility,log10(mol/L),validation,,-2.4000000953674316,-2.7051751182280808,-3.911995746487048,-1.4983544899691137,random,2030,node_gnn,node_gnn,none,none,77abfcdbb281d08df2e9fb09cf84b2a648ea9008
esol,2b835da78b020754,C=C(C)C1CC=C(C)C(=O)C1,aqueous_solubility,log10(mol/L),train,,-2.059999942779541,-2.020024037562385,-3.226844665821352,-0.813203409303418,random,2030,node_gnn,node_gnn,none,none,77abfcdbb281d08df2e9fb09cf84b2a648ea9008
esol,9920e0d07ed28e13,C=C(C)C1CC=C(C)CC1,aqueous_solubility,log10(mol/L),train,,-4.260000228881836,-3.9456634740827248,-5.152484102341692,-2.7388428458237577,random,2030,node_gnn,node_gnn,none,none,77abfcdbb281d08df2e9fb09cf84b2a648ea9008
esol,9ce3bd89adca3155,C=C(C)C1Cc2c(ccc3c2OC2COc4cc(OC)c(OC)cc4C2C3=O)O1,aqueous_solubility,log10(mol/L),train,,-4.420000076293945,-4.36345888700648,-5.570279515265447,-3.1566382587475132,random,2030,node_gnn,node_gnn,none,none,77abfcdbb281d08df2e9fb09cf84b2a648ea9008
esol,c8d3a1f414f5bcce,C=C(C)CC,aqueous_solubility,log10(mol/L),train,,-2.7300000190734863,-2.699625588246973,-3.90644621650594,-1.492804959988006,random,2030,node_gnn,node_gnn,none,none,77abfcdbb281d08df2e9fb09cf84b2a648ea9008
esol,08ff67a090d72c26,C=C(C)CCC,aqueous_solubility,log10(mol/L),test,,-3.0299999713897705,-3.124176175253014,-4.330996803511981,-1.917355546994047,random,2030,node_gnn,node_gnn,none,none,77abfcdbb281d08df2e9fb09cf84b2a648ea9008
esol,43ca2dece41f5eb7,C=C(C)CN(CC)c1c([N+](=O)[O-])cc(C(F)(F)F)cc1[N+](=O)[O-],aqueous_solubility,log10(mol/L),train,,-6.124000072479248,-5.207195730889969,-6.414016359148936,-4.0003751026310015,random,2030,node_gnn,node_gnn,none,none,77abfcdbb281d08df2e9fb09cf84b2a648ea9008
esol,49db12929fad29a3,C=C(Cl)CSC(=S)N(CC)CC,aqueous_solubility,log10(mol/L),train,,-3.390000104904175,-3.353433896257072,-4.560254524516039,-2.146613267998105,random,2030,node_gnn,node_gnn,none,none,77abfcdbb281d08df2e9fb09cf84b2a648ea9008
esol,17bd196156d45488,C=C(Cl)Cl,aqueous_solubility,log10(mol/L),train,,-1.6399999856948853,-1.7422322698207355,-2.9490528980797026,-0.5354116415617685,random,2030,node_gnn,node_gnn,none,none,77abfcdbb281d08df2e9fb09cf84b2a648ea9008
esol,4374b7441e7baae0,C=CC,aqueous_solubility,log10(mol/L),train,,-1.0800000429153442,-1.8656486693567147,-3.0724692976156818,-0.6588280410977476,random,2030,node_gnn,node_gnn,none,none,77abfcdbb281d08df2e9fb09cf84b2a648ea9008
esol,b3adba63532cb668,C=CC#N,aqueous_solubility,log10(mol/L),train,,0.15000000596046448,0.1511812569407649,-1.0556393713182022,1.358001885199732,random,2030,node_gnn,node_gnn,none,none,77abfcdbb281d08df2e9fb09cf84b2a648ea9008
esol,2c3f4ff07d8cd113,C=CC(=C)C,aqueous_solubility,log10(mol/L),train,,-2.0299999713897705,-2.343714396953755,-3.550535025212722,-1.136893768694788,random,2030,node_gnn,node_gnn,none,none,77abfcdbb281d08df2e9fb09cf84b2a648ea9008
esol,4813864c1e8d653b,C=CC(=O)OC,aqueous_solubility,log10(mol/L),train,,-0.2199999988079071,-0.2767452060893896,-1.4835658343483566,0.9300754221695775,random,2030,node_gnn,node_gnn,none,none,77abfcdbb281d08df2e9fb09cf84b2a648ea9008
esol,64f6eee3339816ef,C=CC(C)(O)CCC=C(C)C,aqueous_solubility,log10(mol/L),train,,-1.9900000095367432,-1.7999015862928784,-3.0067222145518455,-0.5930809580339114,random,2030,node_gnn,node_gnn,none,none,77abfcdbb281d08df2e9fb09cf84b2a648ea9008
esol,2e0d4bc22e47200f,C=CC(C)C,aqueous_solubility,log10(mol/L),validation,,-2.7300000190734863,-2.947458125896074,-4.154278754155041,-1.740637497637107,random,2030,node_gnn,node_gnn,none,none,77abfcdbb281d08df2e9fb09cf84b2a648ea9008
esol,a7f910903d65c55d,C=CC(O)CCC,aqueous_solubility,log10(mol/L),train,,-0.5899999737739563,-1.1037577968064312,-2.3105784250653985,0.10306283145253592,random,2030,node_gnn,node_gnn,none,none,77abfcdbb281d08df2e9fb09cf84b2a648ea9008
esol,9c5c4be6a611f0d4,C=CC1(C)OC(=O)N(c2cc(Cl)cc(Cl)c2)C1=O,aqueous_solubility,log10(mol/L),train,,-4.925000190734863,-4.438680178874186,-5.645500807133153,-3.2318595506152192,random,2030,node_gnn,node_gnn,none,none,77abfcdbb281d08df2e9fb09cf84b2a648ea9008
esol,5f725e80c7d4ca6e,C=CC=C,aqueous_solubility,log10(mol/L),train,,-1.8700000047683716,-2.037494956482989,-3.244315584741956,-0.8306743282240219,random,2030,node_gnn,node_gnn,none,none,77abfcdbb281d08df2e9fb09cf84b2a648ea9008
esol,7e5d57bf31e51f3b,C=CC=O,aqueous_solubility,log10(mol/L),train,,0.5699999928474426,0.2423914273561829,-0.9644292009027842,1.44921205561515,random,2030,node_gnn,node_gnn,none,none,77abfcdbb281d08df2e9fb09cf84b2a648ea9008
esol,0c125e154592b036,C=CCC,aqueous_solubility,log10(mol/L),train,,-1.940000057220459,-2.415407240541467,-3.622227868800434,-1.2085866122824998,random,2030,node_gnn,node_gnn,none,none,77abfcdbb281d08df2e9fb09cf84b2a648ea9008
esol,d82c07a526a33d28,C=CCC1(C(C)C)C(=O)NC(=O)NC1=O,aqueous_solubility,log10(mol/L),train,,-1.7079999446868896,-1.9659581071852184,-3.1727787354441856,-0.7591374789262513,random,2030,node_gnn,node_gnn,none,none,77abfcdbb281d08df2e9fb09cf84b2a648ea9008
esol,0a25a747148c7a1f,C=CCC1(C(C)CC)C(=O)NC(=O)NC1=O,aqueous_solubility,log10(mol/L),train,,-2.0160000324249268,-2.104371405404934,-3.311192033663901,-0.897550777145967,random,2030,node_gnn,node_gnn,none,none,77abfcdbb281d08df2e9fb09cf84b2a648ea9008
esol,755de189a5985744,C=CCC1(C(C)CCC)C(=O)NC(=O)NC1=O,aqueous_solubility,log10(mol/L),validation,,-2.3559999465942383,-2.260290315978115,-3.467110944237082,-1.053469687719148,random,2030,node_gnn,node_gnn,none,none,77abfcdbb281d08df2e9fb09cf84b2a648ea9008
esol,2377f869d0ed780c,C=CCC1(C(C)CCC)C(=O)NC(=S)NC1=O,aqueous_solubility,log10(mol/L),train,,-3.4600000381469727,-2.7095055525179053,-3.9163261807768723,-1.5026849242589382,random,2030,node_gnn,node_gnn,none,none,77abfcdbb281d08df2e9fb09cf84b2a648ea9008
esol,1f2305f058bbb67d,C=CCC1(C)C(=O)NC(=O)NC1=O,aqueous_solubility,log10(mol/L),train,,-1.159999966621399,-1.6252381924182167,-2.832058820677184,-0.4184175641592496,random,2030,node_gnn,node_gnn,none,none,77abfcdbb281d08df2e9fb09cf84b2a648ea9008
esol,b2789fcdce54841c,C=CCC1(CC)C(=O)NC(=O)NC1=O,aqueous_solubility,log10(mol/L),calibration,,-1.6139999628067017,-1.8234656182085676,-3.0302862464675346,-0.6166449899496005,random,2030,node_gnn,node_gnn,none,none,77abfcdbb281d08df2e9fb09cf84b2a648ea9008
esol,d7c2057651e25e8d,C=CCC1(CC=C)C(=O)NC(=O)NC1=O,aqueous_solubility,log10(mol/L),train,,-2.0769999027252197,-1.8551592676283364,-3.0619798958873035,-0.6483386393693693,random,2030,node_gnn,node_gnn,none,none,77abfcdbb281d08df2e9fb09cf84b2a648ea9008
esol,09c2f35273cfdcb6,C=CCC1(c2ccccc2)C(=O)NC(=O)NC1=O,aqueous_solubility,log10(mol/L),train,,-2.36899995803833,-2.209398330076063,-3.41621895833503,-1.002577701817096,random,2030,node_gnn,node_gnn,none,none,77abfcdbb281d08df2e9fb09cf84b2a648ea9008
esol,924236428a2d77f9,C=CCC=C,aqueous_solubility,log10(mol/L),validation,,-2.0899999141693115,-2.4008582025364933,-3.6076788307954604,-1.1940375742775262,random,2030,node_gnn,node_gnn,none,none,77abfcdbb281d08df2e9fb09cf84b2a648ea9008
esol,20d95e6e0ed5a2ad,C=CCCC,aqueous_solubility,log10(mol/L),train,,-2.680000066757202,-2.92548554482473,-4.1323061730836965,-1.7186649165657628,random,2030,node_gnn,node_gnn,none,none,77abfcdbb281d08df2e9fb09cf84b2a648ea9008
esol,4e33c9c7d0f0a61e,C=CCCC=C,aqueous_solubility,log10(mol/L),train,,-2.680000066757202,-2.990870641341008,-4.197691269599975,-1.784050013082041,random,2030,node_gnn,node_gnn,none,none,77abfcdbb281d08df2e9fb09cf84b2a648ea9008
esol,59d1e0b0ecbe24ff,C=CCCCC,aqueous_solubility,log10(mol/L),train,,-3.2300000190734863,-3.522626577322191,-4.729447205581158,-2.315805949063224,random,2030,node_gnn,node_gnn,none,none,77abfcdbb281d08df2e9fb09cf84b2a648ea9008
esol,21083084379f0a6c,C=CCCCCC,aqueous_solubility,log10(mol/L),test,,-3.7300000190734863,-4.130634160702725,-5.337454788961692,-2.9238135324437575,random,2030,node_gnn,node_gnn,none,none,77abfcdbb281d08df2e9fb09cf84b2a648ea9008
esol,25723488a4ed1346,C=CCCCCCC,aqueous_solubility,log10(mol/L),calibration,,-4.440000057220459,-4.726073890331606,-5.932894518590573,-3.519253262072639,random,2030,node_gnn,node_gnn,none,none,77abfcdbb281d08df2e9fb09cf84b2a648ea9008
esol,2667126ae7a1dd89,C=CCCCCCCC,aqueous_solubility,log10(mol/L),train,,-5.050000190734863,-5.282353565315022,-6.489174193573989,-4.075532937056055,random,2030,node_gnn,node_gnn,none,none,77abfcdbb281d08df2e9fb09cf84b2a648ea9008
esol,438c34629e40839e,C=CCCCCCCCC,aqueous_solubility,log10(mol/L),train,,-5.510000228881836,-5.77538786913879,-6.982208497397757,-4.568567240879823,random,2030,node_gnn,node_gnn,none,none,77abfcdbb281d08df2e9fb09cf84b2a648ea9008
esol,fb7e490aa1b4d51e,C=CCCCO,aqueous_solubility,log10(mol/L),train,,-0.15000000596046448,-0.8774701963594245,-2.0842908246183915,0.3293504318995426,random,2030,node_gnn,node_gnn,none,none,77abfcdbb281d08df2e9fb09cf84b2a648ea9008
esol,14bb3c94959a3803,C=CCSS(=O)CC=C,aqueous_solubility,log10(mol/L),test,,-0.8299999833106995,-2.626421845658125,-3.833242473917092,-1.419601217399158,random,2030,node_gnn,node_gnn,none,none,77abfcdbb281d08df2e9fb09cf84b2a648ea9008
esol,2a16db7cc18684b8,C=CCc1ccc(O)c(OC)c1,aqueous_solubility,log10(mol/L),validation,,-1.559999942779541,-2.39691046835062,-3.6037310966095872,-1.190089840091653,random,2030,node_gnn,node_gnn,none,none,77abfcdbb281d08df2e9fb09cf84b2a648ea9008
esol,766b85d6ebc35451,C=CCc1ccc(OC)cc1,aqueous_solubility,log10(mol/L),train,,-2.9200000762939453,-3.177689092310362,-4.384509720569329,-1.970868464051395,random,2030,node_gnn,node_gnn,none,none,77abfcdbb281d08df2e9fb09cf84b2a648ea9008
esol,196ca171baf9b009,C=CCl,aqueous_solubility,log10(mol/L),train,,-1.75,-1.6959938717658745,-2.9028145000248413,-0.4891732435069074,random,2030,node_gnn,node_gnn,none,none,77abfcdbb281d08df2e9fb09cf84b2a648ea9008
esol,a264ecb5a75262c6,C=COCC,aqueous_solubility,log10(mol/L),train,,-0.8500000238418579,-0.7687808436784844,-1.9756014719374515,0.43803978458048265,random,2030,node_gnn,node_gnn,none,none,77abfcdbb281d08df2e9fb09cf84b2a648ea9008
esol,45e8e1638633d646,C=Cc1ccccc1,aqueous_solubility,log10(mol/L),train,,-2.819999933242798,-2.690809766180369,-3.8976303944393362,-1.483989137921402,random,2030,node_gnn,node_gnn,none,none,77abfcdbb281d08df2e9fb09cf84b2a648ea9008
esol,2ed9dd6e3dc3579d,CBr,aqueous_solubility,log10(mol/L),train,,-0.7900000214576721,-0.9583310003572882,-2.1651516286162553,0.24848962790167883,random,2030,node_gnn,node_gnn,none,none,77abfcdbb281d08df2e9fb09cf84b2a648ea9008
esol,2bf59afa2658a8ce,CC,aqueous_solubility,log10(mol/L),train,,-1.3600000143051147,-2.0145007168928304,-3.2213213451517975,-0.8076800886338633,random,2030,node_gnn,node_gnn,none,none,77abfcdbb281d08df2e9fb09cf84b2a648ea9008
esol,780406fdddd47378,CC#N,aqueous_solubility,log10(mol/L),validation,,0.25999999046325684,1.527807337214227,0.3209867089552598,2.734627965473194,random,2030,node_gnn,node_gnn,none,none,77abfcdbb281d08df2e9fb09cf84b2a648ea9008
esol,9e0bb6837efcdbd1,CC(=O)C(C)(C)C,aqueous_solubility,log10(mol/L),train,,-0.7200000286102295,-0.5963110840241974,-1.8031317122831645,0.6105095442347697,random,2030,node_gnn,node_gnn,none,none,77abfcdbb281d08df2e9fb09cf84b2a648ea9008
esol,6650bf346297661f,CC(=O)C(C)C,aqueous_solubility,log10(mol/L),validation,,-0.11999999731779099,-0.21860304966682298,-1.42542367792579,0.9882175785921441,random,2030,node_gnn,node_gnn,none,none,77abfcdbb281d08df2e9fb09cf84b2a648ea9008
esol,4ed306073e855fe0,CC(=O)C1(C)CCC2C3C=C(C)C4=CC(=O)CCC4(C)C3CCC21C,aqueous_solubility,log10(mol/L),calibration,,-5.269999980926514,-5.038180554043164,-6.245001182302131,-3.831359925784197,random,2030,node_gnn,node_gnn,none,none,77abfcdbb281d08df2e9fb09cf84b2a648ea9008
esol,48d6efa11e6c3778,CC(=O)C1(O)CCC2C3CC(C)C4=CC(=O)C=CC4(C)C3(F)C(O)CC21C,aqueous_solubility,log10(mol/L),train,,-4.098999977111816,-4.3780756718239875,-5.584896300082955,-3.1712550435650204,random,2030,node_gnn,node_gnn,none,none,77abfcdbb281d08df2e9fb09cf84b2a648ea9008
esol,9a642a5271eefbe6,CC(=O)C1(O)CCC2C3CCC4=CC(=O)CCC4(C)C3CCC21C,aqueous_solubility,log10(mol/L),train,,-3.816999912261963,-4.215680254283113,-5.42250088254208,-3.0088596260241456,random,2030,node_gnn,node_gnn,none,none,77abfcdbb281d08df2e9fb09cf84b2a648ea9008
esol,442739c64f9533c1,CC(=O)C1CCC2C3CC=C4CC(O)CCC4(C)C3CCC12C,aqueous_solubility,log10(mol/L),train,,-4.650000095367432,-4.842043565280166,-6.048864193539133,-3.635222937021199,random,2030,node_gnn,node_gnn,none,none,77abfcdbb281d08df2e9fb09cf84b2a648ea9008
esol,e9e2dbb6336bc14a,CC(=O)C1CCC2C3CCC4=CC(=O)CCC4(C)C3CCC12C,aqueous_solubility,log10(mol/L),train,,-4.420000076293945,-4.536285673624401,-5.743106301883368,-3.329465045365434,random,2030,node_gnn,node_gnn,none,none,77abfcdbb281d08df2e9fb09cf84b2a648ea9008
esol,ac763713bd71395e,CC(=O)CC(C)C,aqueous_solubility,log10(mol/L),train,,-0.7400000095367432,-0.8328685713880195,-2.0396891996469866,0.37395205687094757,random,2030,node_gnn,node_gnn,none,none,77abfcdbb281d08df2e9fb09cf84b2a648ea9008
esol,c350650ed5ccd420,CC(=O)CC(c1ccc(Cl)cc1)c1c(O)c2ccccc2oc1=O,aqueous_solubility,log10(mol/L),train,,-5.839000225067139,-4.22600224442819,-5.432822872687157,-3.019181616169223,random,2030,node_gnn,node_gnn,none,none,77abfcdbb281d08df2e9fb09cf84b2a648ea9008
esol,f79626af0f93f0fc,CC(=O)CC(c1ccccc1)c1c(O)c2ccccc2oc1=O,aqueous_solubility,log10(mol/L),train,,-3.8929998874664307,-3.905455867001735,-5.112276495260702,-2.698635238742768,random,2030,node_gnn,node_gnn,none,none,77abfcdbb281d08df2e9fb09cf84b2a648ea9008
esol,520e9565d0ff63f1,CC(=O)CCC1C(=O)N(c2ccccc2)N(c2ccccc2)C1=O,aqueous_solubility,log10(mol/L),train,,-3.2699999809265137,-3.029360489827422,-4.236181118086389,-1.8225398615684547,random,2030,node_gnn,node_gnn,none,none,77abfcdbb281d08df2e9fb09cf84b2a648ea9008
esol,68045fdd244fe104,CC(=O)N(C)C,aqueous_solubility,log10(mol/L),train,,1.1100000143051147,1.0921287212295305,-0.11469190702943655,2.2989493494884976,random,2030,node_gnn,node_gnn,none,none,77abfcdbb281d08df2e9fb09cf84b2a648ea9008
esol,750f6483d79efce4,CC(=O)N(c1onc(C)c1C)S(=O)c1ccc(N)cc1,aqueous_solubility,log10(mol/L),train,,-3.5899999141693115,-2.85336321230793,-4.060183840566897,-1.6465425840489631,random,2030,node_gnn,node_gnn,none,none,77abfcdbb281d08df2e9fb09cf84b2a648ea9008
esol,e8f62548f9fb3dff,CC(=O)Nc1cc(NS(=O)(=O)C(F)(F)F)c(C)cc1C,aqueous_solubility,log10(mol/L),train,,-3.240000009536743,-3.36402662133641,-4.570847249595377,-2.1572059930774428,random,2030,node_gnn,node_gnn,none,none,77abfcdbb281d08df2e9fb09cf84b2a648ea9008
esol,bc0455dc968fbfd2,CC(=O)Nc1ccc(Br)cc1,aqueous_solubility,log10(mol/L),train,,-3.0829999446868896,-2.2839675746428716,-3.4907882029018387,-1.0771469463839045,random,2030,node_gnn,node_gnn,none,none,77abfcdbb281d08df2e9fb09cf84b2a648ea9008
esol,ddc4ca1b44741167,CC(=O)Nc1ccc(Cl)cc1,aqueous_solubility,log10(mol/L),test,,-2.8429999351501465,-2.086619974309899,-3.2934406025688663,-0.8797993460509321,random,2030,node_gnn,node_gnn,none,none,77abfcdbb281d08df2e9fb09cf84b2a648ea9008
esol,3213dd41893f5ff5,CC(=O)Nc1ccc(F)cc1,aqueous_solubility,log10(mol/L),train,,-1.7799999713897705,-1.900005512840902,-3.106826141099869,-0.6931848845819348,random,2030,node_gnn,node_gnn,none,none,77abfcdbb281d08df2e9fb09cf84b2a648ea9008
esol,364ed725e437517c,CC(=O)Nc1ccc(O)cc1,aqueous_solubility,log10(mol/L),test,,-1.0299999713897705,-1.2940271798879468,-2.500847808146914,-0.08720655162897972,random,2030,node_gnn,node_gnn,none,none,77abfcdbb281d08df2e9fb09cf84b2a648ea9008
esol,44c52563864e600c,CC(=O)Nc1ccc([N+](=O)[O-])cc1,aqueous_solubility,log10(mol/L),test,,-2.691999912261963,-1.840572003768246,-3.047392632027213,-0.633751375509279,random,2030,node_gnn,node_gnn,none,none,77abfcdbb281d08df2e9fb09cf84b2a648ea9008
esol,9b680b4bccdaf6ee,CC(=O)Nc1ccccc1,aqueous_solubility,log10(mol/L),train,,-1.3300000429153442,-1.4971654295604175,-2.7039860578193844,-0.29034480130145046,random,2030,node_gnn,node_gnn,none,none,77abfcdbb281d08df2e9fb09cf84b2a648ea9008
esol,04b69a71ae0c35a6,CC(=O)Nc1nnc(S(N)(=O)=O)s1,aqueous_solubility,log10(mol/L),train,,-2.359999895095825,-2.3505837597393837,-3.557404387998351,-1.1437631314804166,random,2030,node_gnn,node_gnn,none,none,77abfcdbb281d08df2e9fb09cf84b2a648ea9008
esol,0787d7077078fa64,CC(=O)OC(C)C,aqueous_solubility,log10(mol/L),calibration,,-0.550000011920929,-0.30323105584174037,-1.5100516841007074,0.9035895724172267,random,2030,node_gnn,node_gnn,none,none,77abfcdbb281d08df2e9fb09cf84b2a648ea9008
esol,bbbc24a21490bdee,CC(=O)OC1(C(C)=O)CCC2C3C=C(C)C4=CC(=O)CCC4(C)C3CCC21C,aqueous_solubility,log10(mol/L),train,,-5.349999904632568,-4.835950641521987,-6.042771269780954,-3.62913001326302,random,2030,node_gnn,node_gnn,none,none,77abfcdbb281d08df2e9fb09cf84b2a648ea9008
esol,ea5969f950c93291,CC(=O)OC1(C)CCC2C3CCC4=CC(=O)CCC4(C)C3CCC21C,aqueous_solubility,log10(mol/L),train,,-5.283999919891357,-4.792807654626035,-5.999628282885002,-3.585987026367068,random,2030,node_gnn,node_gnn,none,none,77abfcdbb281d08df2e9fb09cf84b2a648ea9008
esol,7e7c49cadb6eca2c,CC(=O)OC1CCC2C3CCC4=CC(=O)CCC4(C)C3CCC12C,aqueous_solubility,log10(mol/L),train,,-5.184000015258789,-4.8687123440421525,-6.0755329723011195,-3.6618917157831854,random,2030,node_gnn,node_gnn,none,none,77abfcdbb281d08df2e9fb09cf84b2a648ea9008
esol,744c94bb079c2bb4,CC(=O)OCC(=O)C1(O)C(C)CC2C3CCC4=CC(=O)C=CC4(C)C3(F)C(O)CC21C,aqueous_solubility,log10(mol/L),train,,-4.900000095367432,-4.252663832187729,-5.459484460446696,-3.0458432039287615,random,2030,node_gnn,node_gnn,none,none,77abfcdbb281d08df2e9fb09cf84b2a648ea9008
esol,07046eaea87bf4e2,CC(=O)OCC(=O)C1(O)C(OC(C)=O)CC2C3CCC4=CC(=O)C=CC4(C)C3(F)C(O)CC21C,aqueous_solubility,log10(mol/L),calibration,,-4.130000114440918,-4.2431228858348256,-5.449943514093793,-3.0363022575758585,random,2030,node_gnn,node_gnn,none,none,77abfcdbb281d08df2e9fb09cf84b2a648ea9008
esol,cc12069b3580cb1a,CC(=O)OCC(=O)C1(O)CCC2C3CCC4=CC(=O)C=CC4(C)C3C(O)CC21C,aqueous_solubility,log10(mol/L),validation,,-4.369999885559082,-4.0945242265165405,-5.3013448547755075,-2.8877035982575734,random,2030,node_gnn,node_gnn,none,none,77abfcdbb281d08df2e9fb09cf84b2a648ea9008
esol,3d089eb4f693a11e,CC(=O)OCC(=O)C1(O)CCC2C3CCC4=CC(=O)CCC4(C)C3C(=O)CC21C,aqueous_solubility,log10(mol/L),train,,-4.210000038146973,-3.9989562455388215,-5.205776873797788,-2.7921356172798544,random,2030,node_gnn,node_gnn,none,none,77abfcdbb281d08df2e9fb09cf84b2a648ea9008
esol,1111a5f49bc2a21c,CC(=O)OCC(=O)C1(O)CCC2C3CCC4=CC(=O)CCC4(C)C3C(O)CC21C,aqueous_solubility,log10(mol/L),train,,-4.880000114440918,-4.03632517286408,-5.243145801123047,-2.829504544605113,random,2030,node_gnn,node_gnn,none,none,77abfcdbb281d08df2e9fb09cf84b2a648ea9008
esol,db58b19853161161,CC(=O)OCC(=O)C1CCC2C3CCC4=CC(=O)CCC4(C)C3CCC12C,aqueous_solubility,log10(mol/L),train,,-4.630000114440918,-4.596084283768702,-5.802904912027669,-3.389263655509735,random,2030,node_gnn,node_gnn,none,none,77abfcdbb281d08df2e9fb09cf84b2a648ea9008
esol,c802460f2e388f09,CC(=O)OCC(C)C,aqueous_solubility,log10(mol/L),train,,-1.2100000381469727,-1.053474775269559,-2.2602954035285263,0.15334585298940806,random,2030,node_gnn,node_gnn,none,none,77abfcdbb281d08df2e9fb09cf84b2a648ea9008
esol,55bc84385f2305fc,CC(=O)OCC(COC(C)=O)OC(C)=O,aqueous_solubility,log10(mol/L),validation,,-0.6000000238418579,-0.9824004209713224,-2.1892210492302895,0.22442020728764467,random,2030,node_gnn,node_gnn,none,none,77abfcdbb281d08df2e9fb09cf84b2a648ea9008
esol,3105d2c69d258f40,CC(=O)OCCC(C)C,aqueous_solubility,log10(mol/L),train,,-1.9199999570846558,-1.5769430415053636,-2.7837636697643307,-0.3701224132463965,random,2030,node_gnn,node_gnn,none,none,77abfcdbb281d08df2e9fb09cf84b2a648ea9008
esol,78eea6db86aaac00,CC(=O)OCN1C(=O)NC(c2ccccc2)(c2ccccc2)C1=O,aqueous_solubility,log10(mol/L),train,,-4.46999979019165,-4.432746214117484,-5.639566842376451,-3.2259255858585165,random,2030,node_gnn,node_gnn,none,none,77abfcdbb281d08df2e9fb09cf84b2a648ea9008
esol,f38d027d6672664b,CC(=O)SC1CC2=CC(=O)CCC2(C)C2CCC3(C)C(CCC34CCC(=O)O4)C12,aqueous_solubility,log10(mol/L),train,,-4.172999858856201,-4.756981197325818,-5.963801825584785,-3.5501605690668505,random,2030,node_gnn,node_gnn,none,none,77abfcdbb281d08df2e9fb09cf84b2a648ea9008
esol,1ab070a2f685565e,CC(=O)c1ccccc1,aqueous_solubility,log10(mol/L),test,,-1.2799999713897705,-1.5300320954847322,-2.7368527237436995,-0.3232114672257651,random,2030,node_gnn,node_gnn,none,none,77abfcdbb281d08df2e9fb09cf84b2a648ea9008
esol,a011ab9a0bd7406b,CC(C)(C)C(=O)C(Oc1ccc(Cl)cc1)n1cncn1,aqueous_solubility,log10(mol/L),train,,-3.609999895095825,-3.649410699925561,-4.856231328184528,-2.442590071666594,random,2030,node_gnn,node_gnn,none,none,77abfcdbb281d08df2e9fb09cf84b2a648ea9008
esol,6a037e1d876a10c4,CC(C)(C)CCO,aqueous_solubility,log10(mol/L),train,,-0.5,-1.116325398242207,-2.323146026501174,0.09049523001676008,random,2030,node_gnn,node_gnn,none,none,77abfcdbb281d08df2e9fb09cf84b2a648ea9008
esol,8316fd00a391507c,CC(C)(C)CO,aqueous_solubility,log10(mol/L),train,,-0.4000000059604645,-0.5718846364465295,-1.7787052647054966,0.6349359918124375,random,2030,node_gnn,node_gnn,none,none,77abfcdbb281d08df2e9fb09cf84b2a648ea9008
esol,4eb3d1ec75b7d913,CC(C)(C)Cc1ccccc1,aqueous_solubility,log10(mol/L),train,,-4.150000095367432,-4.13034349281431,-5.337164121073277,-2.923522864555343,random,2030,node_gnn,node_gnn,none,none,77abfcdbb281d08df2e9fb09cf84b2a648ea9008
esol,5dfc781ddbce9df5,CC(C)(C)c1ccc(O)cc1,aqueous_solubility,log10(mol/L),calibration,,-2.4100000858306885,-2.7375184810269,-3.9443391092858673,-1.5306978527679331,random,2030,node_gnn,node_gnn,none,none,77abfcdbb281d08df2e9fb09cf84b2a648ea9008
esol,ca95101160b65379,CC(C)(C)c1ccccc1,aqueous_solubility,log10(mol/L),validation,,-3.6600000858306885,-3.5354734924319904,-4.742294120690957,-2.3286528641730233,random,2030,node_gnn,node_gnn,none,none,77abfcdbb281d08df2e9fb09cf84b2a648ea9008
esol,adff35ec9beff070,CC(C)=CC1C(C(=O)OCc2cccc(Oc3ccccc3)c2)C1(C)C,aqueous_solubility,log10(mol/L),train,,-5.239999771118164,-5.980114951878399,-7.186935580137366,-4.773294323619432,random,2030,node_gnn,node_gnn,none,none,77abfcdbb281d08df2e9fb09cf84b2a648ea9008
esol,e13f7769f4919957,CC(C)=CCC/C(C)=C\CO,aqueous_solubility,log10(mol/L),train,,-2.4600000381469727,-2.189212996968343,-3.39603362522731,-0.9823923687093759,random,2030,node_gnn,node_gnn,none,none,77abfcdbb281d08df2e9fb09cf84b2a648ea9008
esol,40ac45a42a9ad758,CC(C)=CCC1(C(C)C)C(=O)NC(=O)NC1=O,aqueous_solubility,log10(mol/L),train,,-2.5929999351501465,-2.05295699948295,-3.2597776277419173,-0.8461363712239831,random,2030,node_gnn,node_gnn,none,none,77abfcdbb281d08df2e9fb09cf84b2a648ea9008
esol,c898ecabb1da3e61,CC(C)=CCCC(C)=CC=O,aqueous_solubility,log10(mol/L),train,,-2.059999942779541,-2.042399346310287,-3.2492199745692543,-0.8355787180513201,random,2030,node_gnn,node_gnn,none,none,77abfcdbb281d08df2e9fb09cf84b2a648ea9008
esol,535c5d28e4e559d3,CC(C)Br,aqueous_solubility,log10(mol/L),train,,-1.590000033378601,-1.6204002878240757,-2.827220916083043,-0.41357965956510867,random,2030,node_gnn,node_gnn,none,none,77abfcdbb281d08df2e9fb09cf84b2a648ea9008
esol,95987bd68786d9ee,CC(C)C,aqueous_solubility,log10(mol/L),train,,-2.549999952316284,-2.7539530124894656,-3.9607736407484326,-1.5471323842304985,random,2030,node_gnn,node_gnn,none,none,77abfcdbb281d08df2e9fb09cf84b2a648ea9008
esol,e4f469dfbe6c7248,CC(C)C(=O)C(C)C,aqueous_solubility,log10(mol/L),train,,-1.2999999523162842,-1.1589491190666694,-2.3657697473256363,0.04787150919229766,random,2030,node_gnn,node_gnn,none,none,77abfcdbb281d08df2e9fb09cf84b2a648ea9008
esol,801fb00fd3e0c4d5,CC(C)C(C(=O)OC(C#N)c1cccc(Oc2ccccc2)c1)c1ccc(OC(F)F)cc1,aqueous_solubility,log10(mol/L),test,,-6.875999927520752,-6.553293104140196,-7.760113732399163,-5.346472475881229,random,2030,node_gnn,node_gnn,none,none,77abfcdbb281d08df2e9fb09cf84b2a648ea9008
esol,971a2d381549e1b6,CC(C)C(C)(C)C,aqueous_solubility,log10(mol/L),train,,-4.360000133514404,-4.169274949276701,-5.3760955775356685,-2.9624543210177343,random,2030,node_gnn,node_gnn,none,none,77abfcdbb281d08df2e9fb09cf84b2a648ea9008
esol,9930f08568272bf1,CC(C)C(C)C,aqueous_solubility,log10(mol/L),test,,-3.6500000953674316,-3.7339799795804884,-4.9408006078394555,-2.5271593513215214,random,2030,node_gnn,node_gnn,none,none,77abfcdbb281d08df2e9fb09cf84b2a648ea9008
esol,c18974050e7ee138,CC(C)C(C)C(C)C,aqueous_solubility,log10(mol/L),train,,-4.800000190734863,-4.297347333660687,-5.504167961919654,-3.09052670540172,random,2030,node_gnn,node_gnn,none,none,77abfcdbb281d08df2e9fb09cf84b2a648ea9008
esol,978ea76b5feb1686,CC(C)C(C)O,aqueous_solubility,log10(mol/L),validation,,-0.18000000715255737,-0.7262338268801316,-1.9330544551390987,0.48058680137883547,random,2030,node_gnn,node_gnn,none,none,77abfcdbb281d08df2e9fb09cf84b2a648ea9008
esol,e2b7150c83e31acf,CC(C)C(Nc1ccc(C(F)(F)F)cc1Cl)C(=O)OC(C#N)c1cccc(Oc2ccccc2)c1,aqueous_solubility,log10(mol/L),train,,-8.003000259399414,-6.887763028516607,-8.094583656775574,-5.68094240025764,random,2030,node_gnn,node_gnn,none,none,77abfcdbb281d08df2e9fb09cf84b2a648ea9008
esol,32ad98a585def53e,CC(C)C(O)C(C)C,aqueous_solubility,log10(mol/L),test,,-1.2200000286102295,-1.4487520686599586,-2.6555726969189255,-0.24193144040099157,random,2030,node_gnn,node_gnn,none,none,77abfcdbb281d08df2e9fb09cf84b2a648ea9008
esol,bb33156a890031e5,CC(C)C1(C(C)C)C(=O)NC(=O)NC1=O,aqueous_solubility,log10(mol/L),train,,-2.7660000324249268,-2.0870831000991212,-3.2939037283580883,-0.8802624718401542,random,2030,node_gnn,node_gnn,none,none,77abfcdbb281d08df2e9fb09cf84b2a648ea9008
esol,a9f5cc2dbef55d82,CC(C)CBr,aqueous_solubility,log10(mol/L),test,,-2.430000066757202,-1.9802274530423558,-3.187048081301323,-0.7734068247833887,random,2030,node_gnn,node_gnn,none,none,77abfcdbb281d08df2e9fb09cf84b2a648ea9008
esol,9767ef661176963a,CC(C)CC(C)(C)C,aqueous_solubility,log10(mol/L),train,,-4.739999771118164,-4.445625425659329,-5.652446053918296,-3.2388047974003618,random,2030,node_gnn,node_gnn,none,none,77abfcdbb281d08df2e9fb09cf84b2a648ea9008
esol,65c6ae561970a8f6,CC(C)CC(C)(C)O,aqueous_solubility,log10(mol/L),train,,-0.9200000166893005,-0.9720549654498365,-2.1788755937088036,0.23476566280913058,random,2030,node_gnn,node_gnn,none,none,77abfcdbb281d08df2e9fb09cf84b2a648ea9008
esol,fc51136a8a654d34,CC(C)CC(C)C,aqueous_solubility,log10(mol/L),train,,-4.260000228881836,-4.105974194782412,-5.312794823041379,-2.899153566523445,random,2030,node_gnn,node_gnn,none,none,77abfcdbb281d08df2e9fb09cf84b2a648ea9008
esol,007b2ee5ac048d20,CC(C)CC(C)O,aqueous_solubility,log10(mol/L),train,,-0.800000011920929,-1.0424595472569316,-2.2492801755158984,0.1643610810020355,random,2030,node_gnn,node_gnn,none,none,77abfcdbb281d08df2e9fb09cf84b2a648ea9008
esol,2774ef2a0e9764fc,CC(C)CCC(C)(C)C,aqueous_solubility,log10(mol/L),train,,-5.050000190734863,-4.889793587744305,-6.096614216003272,-3.6829729594853378,random,2030,node_gnn,node_gnn,none,none,77abfcdbb281d08df2e9fb09cf84b2a648ea9008
esol,adfdc3a538b6bc95,CC(C)CCCCCOC(=O)c1ccccc1C(=O)OCCCCCC(C)C,aqueous_solubility,log10(mol/L),train,,-6.63700008392334,-6.055329052743657,-7.262149681002624,-4.84850842448469,random,2030,node_gnn,node_gnn,none,none,77abfcdbb281d08df2e9fb09cf84b2a648ea9008
esol,326152527f8ef260,CC(C)CCCO,aqueous_solubility,log10(mol/L),train,,-1.1399999856948853,-1.132923493470974,-2.3397441217299413,0.07389713478799309,random,2030,node_gnn,node_gnn,none,none,77abfcdbb281d08df2e9fb09cf84b2a648ea9008
esol,e72c942c9f10c105,CC(C)CCO,aqueous_solubility,log10(mol/L),calibration,,-0.5099999904632568,-0.6750111810234212,-1.8818318092823882,0.5318094472355459,random,2030,node_gnn,node_gnn,none,none,77abfcdbb281d08df2e9fb09cf84b2a648ea9008
esol,580633e5949870be,CC(C)CCOC=O,aqueous_solubility,log10(mol/L),train,,-1.5199999809265137,-1.6893763833028237,-2.8961970115617905,-0.4825557550438566,random,2030,node_gnn,node_gnn,none,none,77abfcdbb281d08df2e9fb09cf84b2a648ea9008
esol,044d6817573e4ec1,CC(C)CCl,aqueous_solubility,log10(mol/L),train,,-2.0,-2.0314097914379774,-3.2382304196969445,-0.8245891631790103,random,2030,node_gnn,node_gnn,none,none,77abfcdbb281d08df2e9fb09cf84b2a648ea9008
esol,c7e2af3674efd1e5,CC(C)CNC(=O)N1CCNC1=O,aqueous_solubility,log10(mol/L),train,,-2.1500000953674316,-1.8628120081279866,-3.0696326363869537,-0.6559913798690196,random,2030,node_gnn,node_gnn,none,none,77abfcdbb281d08df2e9fb09cf84b2a648ea9008
esol,41c39e97374aea92,CC(C)CO,aqueous_solubility,log10(mol/L),train,,0.10000000149011612,-0.25433955635747507,-1.4611601846164421,0.952481071901492,random,2030,node_gnn,node_gnn,none,none,77abfcdbb281d08df2e9fb09cf84b2a648ea9008
esol,a5b3130b9ae3a50f,CC(C)COC=O,aqueous_solubility,log10(mol/L),train,,-1.0099999904632568,-1.2292506298386805,-2.4360712580976474,-0.02243000157971342,random,2030,node_gnn,node_gnn,none,none,77abfcdbb281d08df2e9fb09cf84b2a648ea9008
esol,89b6828cf758e524,CC(C)Cc1ccccc1,aqueous_solubility,log10(mol/L),train,,-4.119999885559082,-3.900478684044396,-5.107299312303363,-2.693658055785429,random,2030,node_gnn,node_gnn,none,none,77abfcdbb281d08df2e9fb09cf84b2a648ea9008
esol,6a779f0d95ea7e4a,CC(C)Cl,aqueous_solubility,log10(mol/L),train,,-1.409999966621399,-1.6650895925621676,-2.8719102208211345,-0.4582689643032005,random,2030,node_gnn,node_gnn,none,none,77abfcdbb281d08df2e9fb09cf84b2a648ea9008
esol,24f73c6fe92d75d5,CC(C)I,aqueous_solubility,log10(mol/L),validation,,-2.0899999141693115,-2.3259600642261535,-3.5327806924851206,-1.1191394359671865,random,2030,node_gnn,node_gnn,none,none,77abfcdbb281d08df2e9fb09cf84b2a648ea9008
esol,277fa10e772d1085,CC(C)N(C(=O)CCl)c1ccccc1,aqueous_solubility,log10(mol/L),test,,-2.4800000190734863,-2.4672229548632094,-3.6740435831221765,-1.2604023266042423,random,2030,node_gnn,node_gnn,none,none,77abfcdbb281d08df2e9fb09cf84b2a648ea9008
esol,bfb579ee7985265c,CC(C)N(C(=O)SCC(Cl)=C(Cl)Cl)C(C)C,aqueous_solubility,log10(mol/L),train,,-4.880000114440918,-3.888098048672261,-5.094918676931228,-2.681277420413294,random,2030,node_gnn,node_gnn,none,none,77abfcdbb281d08df2e9fb09cf84b2a648ea9008
esol,70d46896362ebbb7,CC(C)N(C(=O)SCC(Cl)=CCl)C(C)C,aqueous_solubility,log10(mol/L),train,,-4.285999774932861,-3.161088048139802,-4.367908676398769,-1.9542674198808347,random,2030,node_gnn,node_gnn,none,none,77abfcdbb281d08df2e9fb09cf84b2a648ea9008
esol,7e3c17dbde2fb402,CC(C)NC(=O)N1CC(=O)N(c2cc(Cl)cc(Cl)c2)C1=O,aqueous_solubility,log10(mol/L),train,,-4.375999927520752,-4.06777735599113,-5.274597984250097,-2.8609567277321633,random,2030,node_gnn,node_gnn,none,none,77abfcdbb281d08df2e9fb09cf84b2a648ea9008
esol,c6b4be5527562b2b,CC(C)Nc1nc(Cl)nc(NC(C)C)n1,aqueous_solubility,log10(mol/L),calibration,,-4.429999828338623,-3.587969387274733,-4.7947900155336995,-2.381148759015766,random,2030,node_gnn,node_gnn,none,none,77abfcdbb281d08df2e9fb09cf84b2a648ea9008
esol,cda3c19cb61dcf61,CC(C)O,aqueous_solubility,log10(mol/L),test,,0.4300000071525574,0.09051669871223078,-1.1163039295467363,1.2973373269711979,random,2030,node_gnn,node_gnn,none,none,77abfcdbb281d08df2e9fb09cf84b2a648ea9008
esol,29b5883563652a4a,CC(C)OC(=O)C(O)(c1ccc(Br)cc1)c1ccc(Br)cc1,aqueous_solubility,log10(mol/L),train,,-4.929999828338623,-4.4775546119487455,-5.684375240207713,-3.2707339836897784,random,2030,node_gnn,node_gnn,none,none,77abfcdbb281d08df2e9fb09cf84b2a648ea9008
esol,3a93ce33b34309ec,CC(C)OC(=O)C(O)(c1ccc(Cl)cc1)c1cccc(Cl)c1,aqueous_solubility,log10(mol/L),train,,-4.53000020980835,-4.224549157301995,-5.431369785560962,-3.017728529043028,random,2030,node_gnn,node_gnn,none,none,77abfcdbb281d08df2e9fb09cf84b2a648ea9008
esol,fe1b8ef4223e48b9,CC(C)OC(=O)Nc1cccc(Cl)c1,aqueous_solubility,log10(mol/L),test,,-3.380000114440918,-3.6041958842980644,-4.811016512557032,-2.3973752560390973,random,2030,node_gnn,node_gnn,none,none,77abfcdbb281d08df2e9fb09cf84b2a648ea9008
esol,c058498368b6f45f,CC(C)OC(C)C,aqueous_solubility,log10(mol/L),train,,-1.100000023841858,-1.0658075967833132,-2.27262822504228,0.14101303147565392,random,2030,node_gnn,node_gnn,none,none,77abfcdbb281d08df2e9fb09cf84b2a648ea9008
esol,64969de570667f54,CC(C)OC=O,aqueous_solubility,log10(mol/L),train,,-0.6299999952316284,-0.6245131863607427,-1.8313338146197098,0.5823074418982244,random,2030,node_gnn,node_gnn,none,none,77abfcdbb281d08df2e9fb09cf84b2a648ea9008
esol,a4f756df109453e5,CC(C)OP(=S)(OC(C)C)SCCNS(=O)(=O)c1ccccc1,aqueous_solubility,log10(mol/L),calibration,,-4.199999809265137,-4.131996666429665,-5.338817294688632,-2.925176038170698,random,2030,node_gnn,node_gnn,none,none,77abfcdbb281d08df2e9fb09cf84b2a648ea9008
esol,ee085d3f01995af6,CC(C)Oc1cc(-n2nc(C(C)(C)C)oc2=O)c(Cl)cc1Cl,aqueous_solubility,log10(mol/L),train,,-5.696000099182129,-5.285820890074211,-6.492641518333178,-4.079000261815244,random,2030,node_gnn,node_gnn,none,none,77abfcdbb281d08df2e9fb09cf84b2a648ea9008
esol,76ccfd6237ac9890,CC(C)SC(C)C,aqueous_solubility,log10(mol/L),calibration,,-2.240000009536743,-2.144714632268929,-3.3515352605278963,-0.9378940040099621,random,2030,node_gnn,node_gnn,none,none,77abfcdbb281d08df2e9fb09cf84b2a648ea9008
esol,a33de185411c9169,CC(C)[N+](=O)[O-],aqueous_solubility,log10(mol/L),validation,,-0.6200000047683716,-0.6307953470254408,-1.837615975284408,0.5760252812335263,random,2030,node_gnn,node_gnn,none,none,77abfcdbb281d08df2e9fb09cf84b2a648ea9008
esol,5bf16fbdd33fd7e5,CC(C)c1ccc(NC(=O)N(C)C)cc1,aqueous_solubility,log10(mol/L),train,,-3.5360000133514404,-2.968835746133321,-4.175656374392288,-1.7620151178743537,random,2030,node_gnn,node_gnn,none,none,77abfcdbb281d08df2e9fb09cf84b2a648ea9008
esol,ebcaf3b06d31e23c,CC(C)c1ccccc1,aqueous_solubility,log10(mol/L),test,,-3.2699999809265137,-3.3552603477998297,-4.562080976058796,-2.1484397195408627,random,2030,node_gnn,node_gnn,none,none,77abfcdbb281d08df2e9fb09cf84b2a648ea9008
esol,e826c8452f856a21,CC(Cl)(Cl)Cl,aqueous_solubility,log10(mol/L),train,,-2.0,-2.052327345215991,-3.259147973474958,-0.8455067169570238,random,2030,node_gnn,node_gnn,none,none,77abfcdbb281d08df2e9fb09cf84b2a648ea9008
esol,ae412188d225d1ff,CC(Cl)CCl,aqueous_solubility,log10(mol/L),train,,-1.600000023841858,-1.6438442173830936,-2.8506648456420605,-0.43702358912412653,random,2030,node_gnn,node_gnn,none,none,77abfcdbb281d08df2e9fb09cf84b2a648ea9008
esol,6fc705daaa981f1c,CC(Cl)Cl,aqueous_solubility,log10(mol/L),train,,-1.2899999618530273,-1.3330238600041178,-2.5398444882630846,-0.1262032317451507,random,2030,node_gnn,node_gnn,none,none,77abfcdbb281d08df2e9fb09cf84b2a648ea9008
esol,ca06354cc736b665,CC(N)=O,aqueous_solubility,log10(mol/L),train,,1.5800000429153442,1.0059101157763473,-0.20091051248261982,2.2127307440353143,random,2030,node_gnn,node_gnn,none,none,77abfcdbb281d08df2e9fb09cf84b2a648ea9008
esol,ac8678e7da550080,CC(O)C(C)(C)C,aqueous_solubility,log10(mol/L),train,,-0.6200000047683716,-0.8601199475062109,-2.066940575765178,0.3467006807527562,random,2030,node_gnn,node_gnn,none,none,77abfcdbb281d08df2e9fb09cf84b2a648ea9008
esol,37f42148c61ea59a,CC(O)c1ccccc1,aqueous_solubility,log10(mol/L),calibration,,-0.9200000166893005,-1.432860457882198,-2.639681086141165,-0.22603982962323088,random,2030,node_gnn,node_gnn,none,none,77abfcdbb281d08df2e9fb09cf84b2a648ea9008
esol,5a24ac22a4147a29,CC1(C)C(=O)NC(=O)NC1=O,aqueous_solubility,log10(mol/L),train,,-1.7419999837875366,-1.0724870287937647,-2.2793076570527315,0.1343335994652024,random,2030,node_gnn,node_gnn,none,none,77abfcdbb281d08df2e9fb09cf84b2a648ea9008
esol,ad73c6a3bc5310b2,CC1(C)C(C(=O)OC(C#N)c2cccc(Oc3ccccc3)c2)C1(C)C,aqueous_solubility,log10(mol/L),train,,-6.025000095367432,-5.813586474141198,-7.020407102400165,-4.606765845882231,random,2030,node_gnn,node_gnn,none,none,77abfcdbb281d08df2e9fb09cf84b2a648ea9008
esol,f4cd15c48a6c1364,CC1(C)C(C=C(Br)Br)C1C(=O)OC(C#N)c1cccc(Oc2ccccc2)c1,aqueous_solubility,log10(mol/L),train,,-8.402000427246094,-6.916220222203142,-8.12304085046211,-5.709399593944175,random,2030,node_gnn,node_gnn,none,none,77abfcdbb281d08df2e9fb09cf84b2a648ea9008
esol,b671f3921f45bbf0,CC1(C)C(C=C(Cl)C(F)(F)F)C1C(=O)OC(C#N)c1cccc(Oc2ccccc2)c1,aqueous_solubility,log10(mol/L),train,,-8.175999641418457,-6.909846218559812,-8.116666846818779,-5.703025590300845,random,2030,node_gnn,node_gnn,none,none,77abfcdbb281d08df2e9fb09cf84b2a648ea9008
esol,fe6fc5479a503890,CC1(C)C(C=C(Cl)Cl)C1C(=O)OC(C#N)c1ccc(F)c(Oc2ccccc2)c1,aqueous_solubility,log10(mol/L),train,,-7.336999893188477,-6.886633914974374,-8.093454543233342,-5.679813286715407,random,2030,node_gnn,node_gnn,none,none,77abfcdbb281d08df2e9fb09cf84b2a648ea9008
esol,2cf7a20f75b7dd82,CC1(C)C(C=C(Cl)Cl)C1C(=O)OC(C#N)c1cccc(Oc2ccccc2)c1,aqueous_solubility,log10(mol/L),train,,-8.017000198364258,-6.635021243959608,-7.841841872218575,-5.428200615700641,random,2030,node_gnn,node_gnn,none,none,77abfcdbb281d08df2e9fb09cf84b2a648ea9008
esol,4fcaa23e29a00d85,CC1(C)C(C=C(Cl)Cl)C1C(=O)OCc1cccc(Oc2ccccc2)c1,aqueous_solubility,log10(mol/L),test,,-6.290999889373779,-6.427974621377819,-7.634795249636786,-5.221153993118852,random,2030,node_gnn,node_gnn,none,none,77abfcdbb281d08df2e9fb09cf84b2a648ea9008
esol,51653ae53f89ae0c,CC1(C)C2CCC1(C)C(O)C2,aqueous_solubility,log10(mol/L),train,,-2.319999933242798,-2.4615701330706266,-3.6683907613295936,-1.2547495048116595,random,2030,node_gnn,node_gnn,none,none,77abfcdbb281d08df2e9fb09cf84b2a648ea9008
esol,db019bf83d05a9d8,CC1(C)CON(Cc2ccccc2Cl)C1=O,aqueous_solubility,log10(mol/L),train,,-2.3380000591278076,-2.299197360879565,-3.506017989138532,-1.0923767326205978,random,2030,node_gnn,node_gnn,none,none,77abfcdbb281d08df2e9fb09cf84b2a648ea9008
esol,308633e920b6ab7c,CC1(C)OC2CC3C4CCC5=CC(=O)C=CC5(C)C4(F)C(O)CC3(C)C2(C(=O)CO)O1,aqueous_solubility,log10(mol/L),train,,-4.309999942779541,-4.212887622174635,-5.419708250433602,-3.0060669939156677,random,2030,node_gnn,node_gnn,none,none,77abfcdbb281d08df2e9fb09cf84b2a648ea9008
esol,8bc400d159a3a189,CC12C=CC(=O)C=C1CCC1C2C(O)CC2(C)C1CCC2(O)C(=O)CO,aqueous_solubility,log10(mol/L),train,,-3.180000066757202,-3.83827550360792,-5.045096131866887,-2.631454875348953,random,2030,node_gnn,node_gnn,none,none,77abfcdbb281d08df2e9fb09cf84b2a648ea9008
esol,561a6a9236d5f10f,CC12C=CC(=O)C=C1CCC1C3CC(O)C(O)(C(=O)CO)C3(C)CC(O)C12F,aqueous_solubility,log10(mol/L),calibration,,-3.680000066757202,-3.8120289754633476,-5.018849603722314,-2.6052083472043805,random,2030,node_gnn,node_gnn,none,none,77abfcdbb281d08df2e9fb09cf84b2a648ea9008
esol,06060f1f62be068f,CC12CC(=O)C3C(CCC4=CC(=O)CCC43C)C1CCC2=O,aqueous_solubility,log10(mol/L),test,,-3.4800000190734863,-3.925240459420416,-5.132061087679383,-2.718419831161449,random,2030,node_gnn,node_gnn,none,none,77abfcdbb281d08df2e9fb09cf84b2a648ea9008
esol,eab4b4949a3f41a8,CC12CC1(C)C(=O)N(c1cc(Cl)cc(Cl)c1)C2=O,aqueous_solubility,log10(mol/L),test,,-4.800000190734863,-5.460284702091463,-6.66710533035043,-4.253464073832496,random,2030,node_gnn,node_gnn,none,none,77abfcdbb281d08df2e9fb09cf84b2a648ea9008
esol,853813295aac305d,CC12CCC(=O)C=C1CCC1C2C(=O)CC2(C)C1CCC2(O)C(=O)CO,aqueous_solubility,log10(mol/L),train,,-3.109999895095825,-3.740298726047114,-4.947119354306081,-2.533478097788147,random,2030,node_gnn,node_gnn,none,none,77abfcdbb281d08df2e9fb09cf84b2a648ea9008
esol,b030c0b4441d718d,CC12CCC(=O)C=C1CCC1C2C(O)CC2(C)C(C(=O)CO)CCC12,aqueous_solubility,log10(mol/L),train,,-3.240000009536743,-3.9773378844169973,-5.184158512675964,-2.7705172561580302,random,2030,node_gnn,node_gnn,none,none,77abfcdbb281d08df2e9fb09cf84b2a648ea9008
esol,66ce1fff4359da1b,CC12CCC(=O)C=C1CCC1C2C(O)CC2(C)C1CCC2(O)C(=O)CO,aqueous_solubility,log10(mol/L),test,,-3.0899999141693115,-3.74392223433315,-4.950742862592117,-2.537101606074183,random,2030,node_gnn,node_gnn,none,none,77abfcdbb281d08df2e9fb09cf84b2a648ea9008
esol,16ed90921e2e8d8e,CC12CCC(=O)C=C1CCC1C2C(O)CC2(C=O)C(C(=O)CO)CCC12,aqueous_solubility,log10(mol/L),train,,-3.8499999046325684,-3.5920923548360433,-4.79891298309501,-2.385271726577076,random,2030,node_gnn,node_gnn,none,none,77abfcdbb281d08df2e9fb09cf84b2a648ea9008
esol,e9814f0ffa3f1075,CC12CCC(=O)C=C1CCC1C2CCC2(C)C(C(=O)CO)CCC12,aqueous_solubility,log10(mol/L),train,,-3.450000047683716,-4.209320632644679,-5.416141260903646,-3.0025000043857117,random,2030,node_gnn,node_gnn,none,none,77abfcdbb281d08df2e9fb09cf84b2a648ea9008
esol,6db1181db60789c5,CC12CCC(=O)C=C1CCC1C2CCC2(C)C(O)CCC12,aqueous_solubility,log10(mol/L),train,,-4.019999980926514,-4.539019768449795,-5.745840396708762,-3.332199140190828,random,2030,node_gnn,node_gnn,none,none,77abfcdbb281d08df2e9fb09cf84b2a648ea9008
esol,a410bd3aa9a97d06,CC12CCC(=O)C=C1CCC1C2CCC2(C)C1CCC2(C)O,aqueous_solubility,log10(mol/L),train,,-3.999000072479248,-4.435551335861792,-5.642371964120759,-3.228730707602825,random,2030,node_gnn,node_gnn,none,none,77abfcdbb281d08df2e9fb09cf84b2a648ea9008
esol,b37910a504cc939f,CC12CCC(=O)C=C1CCC1C3CCC(O)(C(=O)CO)C3(C)CC(O)C12F,aqueous_solubility,log10(mol/L),train,,-3.430000066757202,-3.8966851148583674,-5.103505743117335,-2.6898644865994004,random,2030,node_gnn,node_gnn,none,none,77abfcdbb281d08df2e9fb09cf84b2a648ea9008
esol,fc86c422a483c072,CC12CCC(C1)C(C)(C)C2=O,aqueous_solubility,log10(mol/L),train,,-1.850000023841858,-1.922180798178613,-3.12900142643758,-0.7153601699196459,random,2030,node_gnn,node_gnn,none,none,77abfcdbb281d08df2e9fb09cf84b2a648ea9008
esol,1fb8edc59b2eefb0,CC12CCC(CC1)C(C)(C)O2,aqueous_solubility,log10(mol/L),test,,-1.6899999976158142,-2.2326447593836436,-3.4394653876426107,-1.0258241311246765,random,2030,node_gnn,node_gnn,none,none,77abfcdbb281d08df2e9fb09cf84b2a648ea9008
esol,d3c0277d3ba07790,CC12CCC(CC1=O)C2(C)C,aqueous_solubility,log10(mol/L),train,,-1.9600000381469727,-2.0830191744526454,-3.2898398027116125,-0.8761985461936783,random,2030,node_gnn,node_gnn,none,none,77abfcdbb281d08df2e9fb09cf84b2a648ea9008
esol,dccc95418d7103ad,CC12CCC3C(=CCc4cc(O)ccc43)C1CCC2=O,aqueous_solubility,log10(mol/L),calibration,,-5.2820000648498535,-4.7599257235912615,-5.966746351850229,-3.5531050953322945,random,2030,node_gnn,node_gnn,none,none,77abfcdbb281d08df2e9fb09cf84b2a648ea9008
esol,70d2277f708f35c0,CC12CCC3C(CC=C4CC(O)CCC43C)C1CCC2=O,aqueous_solubility,log10(mol/L),train,,-4.119999885559082,-4.596994387131123,-5.80381501539009,-3.390173758872156,random,2030,node_gnn,node_gnn,none,none,77abfcdbb281d08df2e9fb09cf84b2a648ea9008
esol,3262b47324486ddb,CC12CCC3C(CCC4=CC(=O)CCC43C)C1CCC2=O,aqueous_solubility,log10(mol/L),train,,-3.690000057220459,-4.270727630336458,-5.477548258595425,-3.0639070020774906,random,2030,node_gnn,node_gnn,none,none,77abfcdbb281d08df2e9fb09cf84b2a648ea9008
esol,5eb9d5702255e00b,CC12CCC3C(CCC4CC(=O)CCC43C)C1CCC2O,aqueous_solubility,log10(mol/L),train,,-4.743000030517578,-4.686453233055671,-5.893273861314638,-3.479632604796704,random,2030,node_gnn,node_gnn,none,none,77abfcdbb281d08df2e9fb09cf84b2a648ea9008
esol,d792bed320b4011c,CC12CCC3C(CCC4CC(O)CCC43C)C1CCC2=O,aqueous_solubility,log10(mol/L),train,,-4.2809998989105225,-4.706107630482666,-5.912928258741633,-3.4992870022236993,random,2030,node_gnn,node_gnn,none,none,77abfcdbb281d08df2e9fb09cf84b2a648ea9008
esol,b908be84e83c2496,CC12CCC3C(CCC4CC5SC5CC43C)C1CCC2O,aqueous_solubility,log10(mol/L),train,,-5.409999847412109,-5.703101894007077,-6.909922522266044,-4.4962812657481095,random,2030,node_gnn,node_gnn,none,none,77abfcdbb281d08df2e9fb09cf84b2a648ea9008
esol,2daaedea250881cb,CC12CCC3c4ccc(O)cc4CCC3C1CC(O)C2O,aqueous_solubility,log10(mol/L),train,,-4.954999923706055,-4.347835866478039,-5.5546564947370065,-3.1410152382190724,random,2030,node_gnn,node_gnn,none,none,77abfcdbb281d08df2e9fb09cf84b2a648ea9008
esol,9b5249c4f004fb08,CC12CCC3c4ccc(O)cc4CCC3C1CCC2=O,aqueous_solubility,log10(mol/L),train,,-3.9549999237060547,-4.576821102106451,-5.783641730365418,-3.370000473847484,random,2030,node_gnn,node_gnn,none,none,77abfcdbb281d08df2e9fb09cf84b2a648ea9008
esol,549c66ea8743a7af,CC12CCC3c4ccc(O)cc4CCC3C1CCC2O,aqueous_solubility,log10(mol/L),train,,-5.03000020980835,-4.824393565167026,-6.031214193425993,-3.6175729369080587,random,2030,node_gnn,node_gnn,none,none,77abfcdbb281d08df2e9fb09cf84b2a648ea9008
esol,673567a4582a20ec,CC12CCc3c(ccc4cc(O)ccc34)C1CCC2=O,aqueous_solubility,log10(mol/L),train,,-5.239999771118164,-4.554038366298812,-5.760858994557779,-3.347217738039845,random,2030,node_gnn,node_gnn,none,none,77abfcdbb281d08df2e9fb09cf84b2a648ea9008
esol,6cc22f666ec43b0c,CC1=C(C(=O)Nc2ccccc2)CCCO1,aqueous_solubility,log10(mol/L),train,,-2.559999942779541,-2.466826503544051,-3.673647131803018,-1.260005875285084,random,2030,node_gnn,node_gnn,none,none,77abfcdbb281d08df2e9fb09cf84b2a648ea9008
esol,2e8679647e9c7af4,CC1=C(C(=O)Nc2ccccc2)S(=O)(=O)CCO1,aqueous_solubility,log10(mol/L),calibration,,-2.2809998989105225,-2.722581318126655,-3.9294019463856222,-1.515760689867688,random,2030,node_gnn,node_gnn,none,none,77abfcdbb281d08df2e9fb09cf84b2a648ea9008
esol,b5b4cb2a5e9b9324,CC1=C(C(=O)Nc2ccccc2)SCCO1,aqueous_solubility,log10(mol/L),train,,-3.140000104904175,-2.9999716355408657,-4.206792263799833,-1.7931510072818986,random,2030,node_gnn,node_gnn,none,none,77abfcdbb281d08df2e9fb09cf84b2a648ea9008
esol,7efcd8aa4b87cc1a,CC1=C2C3OC(=O)C(C)C3CCC2(C)C=CC1=O,aqueous_solubility,log10(mol/L),train,,-3.0899999141693115,-3.3956277339088907,-4.602448362167857,-2.1888071056499236,random,2030,node_gnn,node_gnn,none,none,77abfcdbb281d08df2e9fb09cf84b2a648ea9008
esol,96de9e25198b2092,CC1=CC(=O)CC(C)(C)C1,aqueous_solubility,log10(mol/L),train,,-1.059999942779541,-1.2176907780090898,-2.424511406268057,-0.010870149750122682,random,2030,node_gnn,node_gnn,none,none,77abfcdbb281d08df2e9fb09cf84b2a648ea9008
esol,f59c469fca861fbf,CC1=CC(=O)c2ccccc2C1=O,aqueous_solubility,log10(mol/L),train,,-3.0299999713897705,-2.8504775860296405,-4.057298214288608,-1.6436569577706734,random,2030,node_gnn,node_gnn,none,none,77abfcdbb281d08df2e9fb09cf84b2a648ea9008
esol,ded0a2c22ffe923c,CC1=CCCCC1,aqueous_solubility,log10(mol/L),validation,,-3.2699999809265137,-3.349460425851912,-4.55628105411088,-2.142639797592945,random,2030,node_gnn,node_gnn,none,none,77abfcdbb281d08df2e9fb09cf84b2a648ea9008
esol,ed4c980dd8b4f9e0,CC1CC(C)C(=O)C(C(O)CC2CC(=O)NC(=O)C2)C1,aqueous_solubility,log10(mol/L),train,,-1.1299999952316284,-1.5234358015552114,-2.7302564298141787,-0.31661517329624433,random,2030,node_gnn,node_gnn,none,none,77abfcdbb281d08df2e9fb09cf84b2a648ea9008
esol,37ef59ba8bc69fae,CC1CC2C3CC(F)C4=CC(=O)C=CC4(C)C3(F)C(O)CC2(C)C1(O)C(=O)CO,aqueous_solubility,log10(mol/L),train,,-5.61299991607666,-4.356695307651596,-5.563515935910563,-3.149874679392629,random,2030,node_gnn,node_gnn,none,none,77abfcdbb281d08df2e9fb09cf84b2a648ea9008
esol,efe337a66ed3ef56,CC1CC2C3CCC4=CC(=O)C=CC4(C)C3(F)C(O)CC2(C)C1(O)C(=O)CO,aqueous_solubility,log10(mol/L),train,,-3.5899999141693115,-4.030660555304324,-5.2374811835632915,-2.8238399270453574,random,2030,node_gnn,node_gnn,none,none,77abfcdbb281d08df2e9fb09cf84b2a648ea9008
esol,990639b2658aeabf,CC1CCC(C(C)C)C(=O)C1,aqueous_solubility,log10(mol/L),test,,-2.3499999046325684,-1.928401141453848,-3.135221769712815,-0.7215805131948809,random,2030,node_gnn,node_gnn,none,none,77abfcdbb281d08df2e9fb09cf84b2a648ea9008
esol,355260992ae623bd,CC1CCC(C(C)C)C(O)C1,aqueous_solubility,log10(mol/L),train,,-2.5299999713897705,-2.302367899090362,-3.509188527349329,-1.095547270831395,random,2030,node_gnn,node_gnn,none,none,77abfcdbb281d08df2e9fb09cf84b2a648ea9008
esol,6deb7ea9bd9ff6c3,CC1CCC(C)CC1,aqueous_solubility,log10(mol/L),calibration,,-4.46999979019165,-3.546827580665225,-4.753648208924192,-2.340006952406258,random,2030,node_gnn,node_gnn,none,none,77abfcdbb281d08df2e9fb09cf84b2a648ea9008
esol,7fed54044e7b496d,CC1CCCC1,aqueous_solubility,log10(mol/L),train,,-3.299999952316284,-3.651283577589385,-4.858104205848353,-2.444462949330418,random,2030,node_gnn,node_gnn,none,none,77abfcdbb281d08df2e9fb09cf84b2a648ea9008
esol,07b03b234e331841,CC1CCCCC1,aqueous_solubility,log10(mol/L),calibration,,-3.8499999046325684,-3.7147473281391568,-4.921567956398124,-2.5079266998801897,random,2030,node_gnn,node_gnn,none,none,77abfcdbb281d08df2e9fb09cf84b2a648ea9008
esol,1006f9328e658b00,CC1CCCCC1C,aqueous_solubility,log10(mol/L),validation,,-4.300000190734863,-3.6644630450229077,-4.871283673281875,-2.4576424167639406,random,2030,node_gnn,node_gnn,none,none,77abfcdbb281d08df2e9fb09cf84b2a648ea9008
esol,22f824d41aeea5a5,CC1CCCCC1NC(=O)Nc1ccccc1,aqueous_solubility,log10(mol/L),calibration,,-4.110000133514404,-3.944465289069612,-5.151285917328579,-2.737644660810645,random,2030,node_gnn,node_gnn,none,none,77abfcdbb281d08df2e9fb09cf84b2a648ea9008
esol,14cfac60d34ed2f7,CC1CCCO1,aqueous_solubility,log10(mol/L),train,,0.10999999940395355,-0.34503878712529046,-1.5518594153842575,0.8617818411336766,random,2030,node_gnn,node_gnn,none,none,77abfcdbb281d08df2e9fb09cf84b2a648ea9008
esol,a9d5ebbbd488d8e2,CC1CO1,aqueous_solubility,log10(mol/L),train,,-0.5899999737739563,-0.018977541611105764,-1.2257981698700728,1.1878430866478613,random,2030,node_gnn,node_gnn,none,none,77abfcdbb281d08df2e9fb09cf84b2a648ea9008
esol,1d04033e6224d00c,CC1COC2CC3(C)C(CC4C5C=C6CC(O)CCC6(C)CC5CCC43C)OC2C1,aqueous_solubility,log10(mol/L),train,,-7.320000171661377,-5.818523538874356,-7.025344167133323,-4.611702910615389,random,2030,node_gnn,node_gnn,none,none,77abfcdbb281d08df2e9fb09cf84b2a648ea9008
esol,85e634af983f15c5,CC1Cc2ccccc2N1NC(=O)c1ccc(Cl)c(S(N)(=O)=O)c1,aqueous_solubility,log10(mol/L),test,,-3.5859999656677246,-4.072580062520658,-5.279400690779625,-2.865759434261691,random,2030,node_gnn,node_gnn,none,none,77abfcdbb281d08df2e9fb09cf84b2a648ea9008
esol,bd2b37eb42bf2e88,CC1OC(OC2C(O)CC(OC3C(O)CC(OC4CCC5(C)C(CCC6C5CC(O)C5(C)C(C7=CC(=O)OC7)CCC65O)C4)OC3C)OC2C)CC(O)C1O,aqueous_solubility,log10(mol/L),validation,,-4.080999851226807,-3.9120869805220555,-5.118907608781022,-2.7052663522630884,random,2030,node_gnn,node_gnn,none,none,77abfcdbb281d08df2e9fb09cf84b2a648ea9008
esol,ac668969e8b9e1f6,CC1OC(OC2C(O)CC(OC3C(O)CC(OC4CCC5(C)C(CCC6C5CCC5(C)C(C7=CC(=O)OC7)CCC65O)C4)OC3C)OC2C)CC(O)C1O,aqueous_solubility,log10(mol/L),train,,-5.293000221252441,-4.033397425604347,-5.240218053863314,-2.82657679734538,random,2030,node_gnn,node_gnn,none,none,77abfcdbb281d08df2e9fb09cf84b2a648ea9008
esol,faccd04528716453,CC=C(C(=CC)c1ccc(O)cc1)c1ccc(O)cc1,aqueous_solubility,log10(mol/L),calibration,,-4.949999809265137,-3.4410801680120073,-4.647900796270974,-2.2342595397530403,random,2030,node_gnn,node_gnn,none,none,77abfcdbb281d08df2e9fb09cf84b2a648ea9008
esol,9da6816a67862e68,CC=C(C)C,aqueous_solubility,log10(mol/L),calibration,,-2.559999942779541,-2.363685955436077,-3.5705065836950443,-1.15686532717711,random,2030,node_gnn,node_gnn,none,none,77abfcdbb281d08df2e9fb09cf84b2a648ea9008
esol,ffbba6f6cfcc8f90,CC=CC=O,aqueous_solubility,log10(mol/L),train,,0.3199999928474426,-0.0918284519877477,-1.2986490802467148,1.1149921762712194,random,2030,node_gnn,node_gnn,none,none,77abfcdbb281d08df2e9fb09cf84b2a648ea9008
esol,f220362f20674d76,CC=Cc1ccc(OC)cc1,aqueous_solubility,log10(mol/L),train,,-3.130000114440918,-3.0215253801439843,-4.228346008402951,-1.8147047518850172,random,2030,node_gnn,node_gnn,none,none,77abfcdbb281d08df2e9fb09cf84b2a648ea9008
esol,35cd7d074fa4c41d,CCBr,aqueous_solubility,log10(mol/L),train,,-1.090000033378601,-1.3784320126711087,-2.585252640930076,-0.17161138441214163,random,2030,node_gnn,node_gnn,none,none,77abfcdbb281d08df2e9fb09cf84b2a648ea9008
esol,d4bb7958b02085f6,CCC,aqueous_solubility,log10(mol/L),calibration,,-1.940000057220459,-2.3086400932779836,-3.5154607215369507,-1.1018194650190165,random,2030,node_gnn,node_gnn,none,none,77abfcdbb281d08df2e9fb09cf84b2a648ea9008
esol,d172035a0575b4f0,CCC#CCC,aqueous_solubility,log10(mol/L),train,,-1.9900000095367432,-2.056131574747753,-3.26295220300672,-0.849310946488786,random,2030,node_gnn,node_gnn,none,none,77abfcdbb281d08df2e9fb09cf84b2a648ea9008
esol,5cc3b635245b012c,CCC#N,aqueous_solubility,log10(mol/L),train,,0.2800000011920929,0.17506320685940668,-1.0317574213995604,1.3818838351183738,random,2030,node_gnn,node_gnn,none,none,77abfcdbb281d08df2e9fb09cf84b2a648ea9008
esol,0547b83133ec728e,CCC(=C(CC)c1ccc(O)cc1)c1ccc(O)cc1,aqueous_solubility,log10(mol/L),train,,-4.070000171661377,-3.73363140519868,-4.940452033457647,-2.526810776939713,random,2030,node_gnn,node_gnn,none,none,77abfcdbb281d08df2e9fb09cf84b2a648ea9008
esol,711e0fc464234636,CCC(=O)CC,aqueous_solubility,log10(mol/L),train,,-0.2800000011920929,-0.4325548008095712,-1.6393754290685383,0.7742658274493959,random,2030,node_gnn,node_gnn,none,none,77abfcdbb281d08df2e9fb09cf84b2a648ea9008
esol,ce30ab4b74767529,CCC(=O)Nc1ccc(Cl)c(Cl)c1,aqueous_solubility,log10(mol/L),train,,-3.0,-3.1200488867823384,-4.326869515041306,-1.9132282585233713,random,2030,node_gnn,node_gnn,none,none,77abfcdbb281d08df2e9fb09cf84b2a648ea9008
esol,4d970928ff053b01,CCC(=O)OC,aqueous_solubility,log10(mol/L),train,,-0.14000000059604645,-0.04779479005177745,-1.2546154183107445,1.1590258382071896,random,2030,node_gnn,node_gnn,none,none,77abfcdbb281d08df2e9fb09cf84b2a648ea9008
esol,9b12de6fa018a540,CCC(=O)OC1CCC2C3CCC4=CC(=O)CCC4(C)C3CCC12C,aqueous_solubility,log10(mol/L),train,,-5.369999885559082,-4.946879045280866,-6.153699673539833,-3.740058417021899,random,2030,node_gnn,node_gnn,none,none,77abfcdbb281d08df2e9fb09cf84b2a648ea9008
esol,e3c14a3a91bcd663,CCC(=O)OCN1C(=O)NC(c2ccccc2)(c2ccccc2)C1=O,aqueous_solubility,log10(mol/L),train,,-4.9070000648498535,-4.509948690238512,-5.716769318497479,-3.303128061979545,random,2030,node_gnn,node_gnn,none,none,77abfcdbb281d08df2e9fb09cf84b2a648ea9008
esol,fba8f2ce4dada735,CCC(Br)(CC)C(=O)NC(N)=O,aqueous_solubility,log10(mol/L),train,,-2.680000066757202,-1.99590137829865,-3.202722006557617,-0.789080750039683,random,2030,node_gnn,node_gnn,none,none,77abfcdbb281d08df2e9fb09cf84b2a648ea9008
esol,0552a9e71d6cfea7,CCC(C)(C)C,aqueous_solubility,log10(mol/L),calibration,,-3.549999952316284,-3.7165762397616993,-4.923396868020666,-2.509755611502732,random,2030,node_gnn,node_gnn,none,none,77abfcdbb281d08df2e9fb09cf84b2a648ea9008
esol,a3c5654a10d5a78a,CCC(C)(C)CC,aqueous_solubility,log10(mol/L),train,,-4.230000019073486,-4.3574160479495605,-5.564236676208528,-3.1505954196905934,random,2030,node_gnn,node_gnn,none,none,77abfcdbb281d08df2e9fb09cf84b2a648ea9008
esol,9d5b4ee33b32fb0c,CCC(C)(C)CO,aqueous_solubility,log10(mol/L),train,,-1.0399999618530273,-1.1671627577572437,-2.373983386016211,0.039657870501723425,random,2030,node_gnn,node_gnn,none,none,77abfcdbb281d08df2e9fb09cf84b2a648ea9008
esol,531e962faed70e1e,CCC(C)(C)Cl,aqueous_solubility,log10(mol/L),train,,-2.509999990463257,-2.716529900329973,-3.9233505285889403,-1.5097092720710061,random,2030,node_gnn,node_gnn,none,none,77abfcdbb281d08df2e9fb09cf84b2a648ea9008
esol,cad4fa1d66a14c52,CCC(C)(C)O,aqueous_solubility,log10(mol/L),train,,0.15000000596046448,-0.38028832417649916,-1.5871089524354662,0.8265323040824679,random,2030,node_gnn,node_gnn,none,none,77abfcdbb281d08df2e9fb09cf84b2a648ea9008
esol,646485e6c04cc19e,CCC(C)(O)CC,aqueous_solubility,log10(mol/L),train,,-0.36000001430511475,-0.7817004257603868,-1.9885210540193539,0.4251202024985803,random,2030,node_gnn,node_gnn,none,none,77abfcdbb281d08df2e9fb09cf84b2a648ea9008
esol,4458adc1a90f205f,CCC(C)=O,aqueous_solubility,log10(mol/L),test,,0.5199999809265137,0.02377460799391473,-1.1830460202650523,1.2305952362528818,random,2030,node_gnn,node_gnn,none,none,77abfcdbb281d08df2e9fb09cf84b2a648ea9008
esol,860e76bc1b2205e5,CCC(C)C,aqueous_solubility,log10(mol/L),test,,-3.180000066757202,-3.187471946508765,-4.394292574767732,-1.980651318249798,random,2030,node_gnn,node_gnn,none,none,77abfcdbb281d08df2e9fb09cf84b2a648ea9008
esol,7f0540e7d68d0353,CCC(C)C(=O)OC1CC(C)C=C2C=CC(C)C(CCC3CC(O)CC(=O)O3)C21,aqueous_solubility,log10(mol/L),train,,-6.005000114440918,-4.873540912948905,-6.080361541207872,-3.666720284689938,random,2030,node_gnn,node_gnn,none,none,77abfcdbb281d08df2e9fb09cf84b2a648ea9008
esol,11bac5bf3e21f269,CCC(C)C(C)=O,aqueous_solubility,log10(mol/L),train,,-0.6700000166893005,-0.5861747983633845,-1.7929954266223516,0.6206458298955826,random,2030,node_gnn,node_gnn,none,none,77abfcdbb281d08df2e9fb09cf84b2a648ea9008
esol,6085f1e95eaddcb2,CCC(C)C(C)C,aqueous_solubility,log10(mol/L),train,,-4.28000020980835,-4.015003850606523,-5.22182447886549,-2.808183222347556,random,2030,node_gnn,node_gnn,none,none,77abfcdbb281d08df2e9fb09cf84b2a648ea9008
esol,a5ca898e35932a4d,CCC(C)C1(CC)C(=O)NC(=O)NC1=O,aqueous_solubility,log10(mol/L),validation,,-2.390000104904175,-2.0769130041110104,-3.2837336323699775,-0.8700923758520434,random,2030,node_gnn,node_gnn,none,none,77abfcdbb281d08df2e9fb09cf84b2a648ea9008
esol,8f174b3984e75df6,CCC(C)CC,aqueous_solubility,log10(mol/L),validation,,-3.680000066757202,-3.63498062885582,-4.841801257114787,-2.428160000596853,random,2030,node_gnn,node_gnn,none,none,77abfcdbb281d08df2e9fb09cf84b2a648ea9008
esol,1e876450195412a0,CCC(C)CCO,aqueous_solubility,log10(mol/L),train,,-0.7099999785423279,-1.0521308147594572,-2.2589514430184243,0.15468981349950983,random,2030,node_gnn,node_gnn,none,none,77abfcdbb281d08df2e9fb09cf84b2a648ea9008
esol,aaff60003107c3bd,CCC(C)CO,aqueous_solubility,log10(mol/L),train,,-0.4699999988079071,-0.6817785451164351,-1.8885991733754022,0.525042083142532,random,2030,node_gnn,node_gnn,none,none,77abfcdbb281d08df2e9fb09cf84b2a648ea9008
esol,d978eec75d4efefd,CCC(C)Cl,aqueous_solubility,log10(mol/L),test,,-1.9600000381469727,-2.120948495337077,-3.327769123596044,-0.9141278670781099,random,2030,node_gnn,node_gnn,none,none,77abfcdbb281d08df2e9fb09cf84b2a648ea9008
esol,1f701cf97ca02491,CCC(C)O,aqueous_solubility,log10(mol/L),validation,,0.4699999988079071,-0.381746457620201,-1.588567085879168,0.8250741706387661,random,2030,node_gnn,node_gnn,none,none,77abfcdbb281d08df2e9fb09cf84b2a648ea9008
esol,4b3c75035a4fd961,CCC(C)c1cc([N+](=O)[O-])cc([N+](=O)[O-])c1O,aqueous_solubility,log10(mol/L),train,,-3.380000114440918,-3.3899752905901206,-4.596795918849088,-2.1831546623311535,random,2030,node_gnn,node_gnn,none,none,77abfcdbb281d08df2e9fb09cf84b2a648ea9008
esol,4dd1c7df936dd0ff,CCC(C)n1c(=O)[nH]c(C)c(Br)c1=O,aqueous_solubility,log10(mol/L),train,,-2.5230000019073486,-2.9712559127005416,-4.178076540959509,-1.7644352844415745,random,2030,node_gnn,node_gnn,none,none,77abfcdbb281d08df2e9fb09cf84b2a648ea9008
esol,7964220aaea5eddd,CCC(C=O)CC,aqueous_solubility,log10(mol/L),calibration,,-1.5199999809265137,-1.1264751828023518,-2.333295811061319,0.08034544545661526,random,2030,node_gnn,node_gnn,none,none,77abfcdbb281d08df2e9fb09cf84b2a648ea9008
esol,136ed49ee994d858,CCC(CC)CO,aqueous_solubility,log10(mol/L),train,,-1.1699999570846558,-1.0668755237257717,-2.2736961519847387,0.13994510453319542,random,2030,node_gnn,node_gnn,none,none,77abfcdbb281d08df2e9fb09cf84b2a648ea9008
esol,3d69b54547088a18,CCC(O)(CC)CC,aqueous_solubility,log10(mol/L),train,,-0.8500000238418579,-1.2174026332794294,-2.4242232615383967,-0.01058200502046236,random,2030,node_gnn,node_gnn,none,none,77abfcdbb281d08df2e9fb09cf84b2a648ea9008
esol,1b6616ec4b6c9f5b,CCC(O)C(C)C,aqueous_solubility,log10(mol/L),test,,-0.699999988079071,-0.9749905345017051,-2.181811162760672,0.23183009375726193,random,2030,node_gnn,node_gnn,none,none,77abfcdbb281d08df2e9fb09cf84b2a648ea9008
esol,ee3d88894451fd0c,CCC(O)CC,aqueous_solubility,log10(mol/L),train,,-0.23999999463558197,-0.6231262059938922,-1.8299468342528593,0.5836944222650748,random,2030,node_gnn,node_gnn,none,none,77abfcdbb281d08df2e9fb09cf84b2a648ea9008
esol,492e3c56afdd3d65,CCC(c1ccc(O)cc1)C(CC)c1ccc(O)cc1,aqueous_solubility,log10(mol/L),test,,-4.429999828338623,-4.942220537274106,-6.149041165533073,-3.735399909015139,random,2030,node_gnn,node_gnn,none,none,77abfcdbb281d08df2e9fb09cf84b2a648ea9008
esol,08bd60ba187c4c76,CCC1(C(C)C)C(=O)NC(=O)NC1=O,aqueous_solubility,log10(mol/L),train,,-2.1790000200271606,-1.9327669630451916,-3.1395875913041587,-0.7259463347862245,random,2030,node_gnn,node_gnn,none,none,77abfcdbb281d08df2e9fb09cf84b2a648ea9008
esol,f202255d52ab1ec3,CCC1(C)C(=O)NC(=O)NC1=O,aqueous_solubility,log10(mol/L),test,,-1.2280000448226929,-1.493114245865647,-2.6999348741246143,-0.28629361760667993,random,2030,node_gnn,node_gnn,none,none,77abfcdbb281d08df2e9fb09cf84b2a648ea9008
esol,823b22622722d6df,CCC1(C2=CCC3CCC2C3)C(=O)NC(=O)NC1=O,aqueous_solubility,log10(mol/L),train,,-2.696000099182129,-3.0398878493252997,-4.246708477584267,-1.8330672210663326,random,2030,node_gnn,node_gnn,none,none,77abfcdbb281d08df2e9fb09cf84b2a648ea9008
esol,6e86b2759d390dd5,CCC1(C2=CCCCC2)C(=O)NC(=O)NC1=O,aqueous_solubility,log10(mol/L),validation,,-2.1700000762939453,-2.251461720420321,-3.458282348679288,-1.044641092161354,random,2030,node_gnn,node_gnn,none,none,77abfcdbb281d08df2e9fb09cf84b2a648ea9008
esol,4762407c150120c2,CCC1(CC)C(=O)NC(=O)N(C)C1=O,aqueous_solubility,log10(mol/L),calibration,,-2.2300000190734863,-1.6615002730772426,-2.86832090133621,-0.4546796448182755,random,2030,node_gnn,node_gnn,none,none,77abfcdbb281d08df2e9fb09cf84b2a648ea9008
esol,0ab736d75dfa233b,CCC1(CC)C(=O)NC(=O)NC1=O,aqueous_solubility,log10(mol/L),validation,,-2.4000000953674316,-1.78570351967053,-2.992524147929497,-0.5788828914115629,random,2030,node_gnn,node_gnn,none,none,77abfcdbb281d08df2e9fb09cf84b2a648ea9008
esol,af8a1b1e82b5916e,CCC1(CC=C(C)C)C(=O)NC(=O)NC1=O,aqueous_solubility,log10(mol/L),train,,-2.253000020980835,-1.9199561291055691,-3.126776757364536,-0.713135500846602,random,2030,node_gnn,node_gnn,none,none,77abfcdbb281d08df2e9fb09cf84b2a648ea9008
esol,b52cbbd90dba367d,CCC1(CCC(C)C)C(=O)NC(=O)NC1=O,aqueous_solubility,log10(mol/L),test,,-2.562999963760376,-2.0142238002196233,-3.2210444284785904,-0.8074031719606563,random,2030,node_gnn,node_gnn,none,none,77abfcdbb281d08df2e9fb09cf84b2a648ea9008
esol,645fd10802de397b,CCC1(c2ccccc2)C(=O)NC(=O)NC1=O,aqueous_solubility,log10(mol/L),validation,,-2.322000026702881,-2.2051935490921677,-3.4120141773511348,-0.9983729208332006,random,2030,node_gnn,node_gnn,none,none,77abfcdbb281d08df2e9fb09cf84b2a648ea9008
esol,8e80310464b10ca4,CCC1(c2ccccc2)C(=O)NCNC1=O,aqueous_solubility,log10(mol/L),train,,-2.640000104904175,-2.241432290532723,-3.44825291879169,-1.0346116622737558,random,2030,node_gnn,node_gnn,none,none,77abfcdbb281d08df2e9fb09cf84b2a648ea9008
esol,e1033a252840196d,CCC1(c2ccccc2)CCC(=O)NC1=O,aqueous_solubility,log10(mol/L),train,,-2.3369998931884766,-2.122047267895298,-3.3288678961542653,-0.9152266396363311,random,2030,node_gnn,node_gnn,none,none,77abfcdbb281d08df2e9fb09cf84b2a648ea9008
esol,a55a5ec41782ba07,CCC1CCCCC1,aqueous_solubility,log10(mol/L),validation,,-4.25,-4.0416283479323845,-5.2484489761913515,-2.8348077196734174,random,2030,node_gnn,node_gnn,none,none,77abfcdbb281d08df2e9fb09cf84b2a648ea9008
esol,71227fc0ca5ecb0e,CCC1NC(=O)c2cc(S(N)(=O)=O)c(Cl)cc2N1,aqueous_solubility,log10(mol/L),train,,-3.2899999618530273,-3.0086968840930868,-4.215517512352054,-1.8018762558341197,random,2030,node_gnn,node_gnn,none,none,77abfcdbb281d08df2e9fb09cf84b2a648ea9008
esol,fbbba53affc2f528,CCC=O,aqueous_solubility,log10(mol/L),train,,0.5799999833106995,0.15734255830116606,-1.049478069957801,1.3641631865601331,random,2030,node_gnn,node_gnn,none,none,77abfcdbb281d08df2e9fb09cf84b2a648ea9008
esol,99307c59d7dfef35,CCCBr,aqueous_solubility,log10(mol/L),calibration,,-1.7300000190734863,-1.821126271570173,-3.02794689982914,-0.614305643311206,random,2030,node_gnn,node_gnn,none,none,77abfcdbb281d08df2e9fb09cf84b2a648ea9008
esol,8744e77d82d027a0,CCCC,aqueous_solubility,log10(mol/L),train,,-2.569999933242798,-2.841149483887346,-4.047970112146313,-1.6343288556283788,random,2030,node_gnn,node_gnn,none,none,77abfcdbb281d08df2e9fb09cf84b2a648ea9008
esol,50d5afa3055e4398,CCCC(=O)CC,aqueous_solubility,log10(mol/L),train,,-0.8299999833106995,-0.9382436288881761,-2.145064257147143,0.26857699937079094,random,2030,node_gnn,node_gnn,none,none,77abfcdbb281d08df2e9fb09cf84b2a648ea9008
esol,c3223a40b30ff2ce,CCCC(=O)CCC,aqueous_solubility,log10(mol/L),train,,-1.2999999523162842,-1.5469797743588096,-2.7538004026177765,-0.34015914609984255,random,2030,node_gnn,node_gnn,none,none,77abfcdbb281d08df2e9fb09cf84b2a648ea9008
esol,530f34a8c65ac982,CCCC(=O)OC,aqueous_solubility,log10(mol/L),train,,-1.9199999570846558,-0.8344780943569372,-2.0412987226159043,0.37234253390202987,random,2030,node_gnn,node_gnn,none,none,77abfcdbb281d08df2e9fb09cf84b2a648ea9008
esol,c2005837b63a1689,CCCC(=O)OCC,aqueous_solubility,log10(mol/L),train,,-1.3600000143051147,-1.1721004532800894,-2.3789210815390565,0.034720174978877694,random,2030,node_gnn,node_gnn,none,none,77abfcdbb281d08df2e9fb09cf84b2a648ea9008
esol,773f55f0ab7b02ec,CCCC(=O)OCN1C(=O)NC(c2ccccc2)(c2ccccc2)C1=O,aqueous_solubility,log10(mol/L),train,,-5.071000099182129,-4.697448654272083,-5.90426928253105,-3.490628026013116,random,2030,node_gnn,node_gnn,none,none,77abfcdbb281d08df2e9fb09cf84b2a648ea9008
esol,eb02c03a46d859f4,CCCC(C)(C)C,aqueous_solubility,log10(mol/L),test,,-4.360000133514404,-4.045630708505272,-5.252451336764239,-2.838810080246305,random,2030,node_gnn,node_gnn,none,none,77abfcdbb281d08df2e9fb09cf84b2a648ea9008
esol,14c21e027fff9f63,CCCC(C)(C)CO,aqueous_solubility,log10(mol/L),train,,-1.5199999809265137,-1.60289032302176,-2.809710951280727,-0.39606969476279286,random,2030,node_gnn,node_gnn,none,none,77abfcdbb281d08df2e9fb09cf84b2a648ea9008
esol,553c0fbe16a4173b,CCCC(C)(C)O,aqueous_solubility,log10(mol/L),train,,-0.49000000953674316,-0.8676561180714453,-2.0744767463304123,0.3391645101875218,random,2030,node_gnn,node_gnn,none,none,77abfcdbb281d08df2e9fb09cf84b2a648ea9008
esol,c13aa0325c4d7681,CCCC(C)(COC(N)=O)COC(N)=O,aqueous_solubility,log10(mol/L),train,,-1.8070000410079956,-1.400337698495998,-2.6071583267549654,-0.19351707023703102,random,2030,node_gnn,node_gnn,none,none,77abfcdbb281d08df2e9fb09cf84b2a648ea9008
esol,705240c8f60cb049,CCCC(C)(O)CC,aqueous_solubility,log10(mol/L),train,,-0.9800000190734863,-1.1828793874754426,-2.3897000157344097,0.023941240783524442,random,2030,node_gnn,node_gnn,none,none,77abfcdbb281d08df2e9fb09cf84b2a648ea9008
esol,0148f694c74e1962,CCCC(C)=O,aqueous_solubility,log10(mol/L),train,,-0.1899999976158142,-0.600229044936778,-1.807049673195745,0.6065915833221891,random,2030,node_gnn,node_gnn,none,none,77abfcdbb281d08df2e9fb09cf84b2a648ea9008
esol,2a6bb1427ddc99d3,CCCC(C)C,aqueous_solubility,log10(mol/L),train,,-3.740000009536743,-3.7239931910758264,-4.9308138193347935,-2.5171725628168593,random,2030,node_gnn,node_gnn,none,none,77abfcdbb281d08df2e9fb09cf84b2a648ea9008
esol,6035d42dec3b21aa,CCCC(C)C1(CC)C(=O)NC(=O)NC1=O,aqueous_solubility,log10(mol/L),validation,,-2.390000104904175,-2.233278324546671,-3.4400989528056383,-1.0264576962877041,random,2030,node_gnn,node_gnn,none,none,77abfcdbb281d08df2e9fb09cf84b2a648ea9008
esol,0bc9361c7a07aa90,CCCC(C)C1(CC)C(=O)NC(=S)NC1=O,aqueous_solubility,log10(mol/L),train,,-3.359999895095825,-2.7292600562684495,-3.9360806845274166,-1.5224394280094824,random,2030,node_gnn,node_gnn,none,none,77abfcdbb281d08df2e9fb09cf84b2a648ea9008
esol,b60aaba75c023587,CCCC(C)CO,aqueous_solubility,log10(mol/L),train,,-1.1100000143051147,-1.163034870036364,-2.369855498295331,0.04378575822260311,random,2030,node_gnn,node_gnn,none,none,77abfcdbb281d08df2e9fb09cf84b2a648ea9008
esol,a428353a26a96988,CCCC(C)O,aqueous_solubility,log10(mol/L),test,,-0.28999999165534973,-0.9026847525737769,-2.109505380832744,0.3041358756851902,random,2030,node_gnn,node_gnn,none,none,77abfcdbb281d08df2e9fb09cf84b2a648ea9008
esol,911ea15ed7d45385,CCCC(O)CC,aqueous_solubility,log10(mol/L),train,,-0.800000011920929,-1.0249744355683388,-2.231795063827306,0.1818461926906283,random,2030,node_gnn,node_gnn,none,none,77abfcdbb281d08df2e9fb09cf84b2a648ea9008
esol,36679fca2c495432,CCCC(O)CCC,aqueous_solubility,log10(mol/L),train,,-1.399999976158142,-1.443576817740462,-2.6503974459994293,-0.2367561894814949,random,2030,node_gnn,node_gnn,none,none,77abfcdbb281d08df2e9fb09cf84b2a648ea9008
esol,f92375bd7aa00a4e,CCCC1C(=O)N2C(N(C)C)=Nc3ccc(C)cc3N2C1=O,aqueous_solubility,log10(mol/L),test,,-3.5380001068115234,-3.5884175002693715,-4.7952381285283385,-2.3815968720104044,random,2030,node_gnn,node_gnn,none,none,77abfcdbb281d08df2e9fb09cf84b2a648ea9008
esol,ec228ee9c15a775e,CCCC1CCCC1,aqueous_solubility,log10(mol/L),validation,,-4.739999771118164,-4.703787081376986,-5.910607709635953,-3.496966453118019,random,2030,node_gnn,node_gnn,none,none,77abfcdbb281d08df2e9fb09cf84b2a648ea9008
esol,9eb037d358bcc7a9,CCCC1COC(Cn2cncn2)(c2ccc(Cl)cc2Cl)O1,aqueous_solubility,log10(mol/L),train,,-3.493000030517578,-3.1239918900455486,-4.330812518304516,-1.9171712617865815,random,2030,node_gnn,node_gnn,none,none,77abfcdbb281d08df2e9fb09cf84b2a648ea9008
esol,b3fc3b836b5caee3,CCCC=C(C=O)CC,aqueous_solubility,log10(mol/L),validation,,-2.4600000381469727,-1.8698473316806328,-3.0766679599396,-0.6630267034216657,random,2030,node_gnn,node_gnn,none,none,77abfcdbb281d08df2e9fb09cf84b2a648ea9008
esol,2b15dc56b70f7e88,CCCC=O,aqueous_solubility,log10(mol/L),calibration,,-0.009999999776482582,-0.6496589864990598,-1.856479614758027,0.5571616417599072,random,2030,node_gnn,node_gnn,none,none,77abfcdbb281d08df2e9fb09cf84b2a648ea9008
esol,d8934e1ae61ae50b,CCCCBr,aqueous_solubility,log10(mol/L),test,,-2.369999885559082,-2.2620473175761804,-3.4688679458351475,-1.0552266893172133,random,2030,node_gnn,node_gnn,none,none,77abfcdbb281d08df2e9fb09cf84b2a648ea9008
esol,cdbf47a4c8e3d287,CCCCC,aqueous_solubility,log10(mol/L),train,,-3.180000066757202,-3.382231968691216,-4.589052596950183,-2.175411340432249,random,2030,node_gnn,node_gnn,none,none,77abfcdbb281d08df2e9fb09cf84b2a648ea9008
esol,046f34299e8e0593,CCCCC(=O)CCCC,aqueous_solubility,log10(mol/L),train,,-2.5799999237060547,-2.373531131655694,-3.5803517599146613,-1.166710503396727,random,2030,node_gnn,node_gnn,none,none,77abfcdbb281d08df2e9fb09cf84b2a648ea9008
esol,d781e9733c524f88,CCCCC(=O)OC,aqueous_solubility,log10(mol/L),train,,-1.340000033378601,-1.2494446047651317,-2.456265233024099,-0.042623976506164674,random,2030,node_gnn,node_gnn,none,none,77abfcdbb281d08df2e9fb09cf84b2a648ea9008
esol,8186b98ad615d4fa,CCCCC(=O)OC1(C(=O)CO)C(C)CC2C3CCC4=CC(=O)C=CC4(C)C3(F)C(O)CC21C,aqueous_solubility,log10(mol/L),test,,-4.710000038146973,-4.182836801419331,-5.389657429678298,-2.976016173160364,random,2030,node_gnn,node_gnn,none,none,77abfcdbb281d08df2e9fb09cf84b2a648ea9008
esol,1e4a499efcb48181,CCCCC(=O)OCC,aqueous_solubility,log10(mol/L),train,,-2.25,-1.6260726010180302,-2.8328932292769973,-0.4192519727590631,random,2030,node_gnn,node_gnn,none,none,77abfcdbb281d08df2e9fb09cf84b2a648ea9008
esol,eb83f6d383b44ecd,CCCCC(=O)OCN1C(=O)NC(c2ccccc2)(c2ccccc2)C1=O,aqueous_solubility,log10(mol/L),train,,-4.677999973297119,-4.870585158627008,-6.077405786885975,-3.6637645303680406,random,2030,node_gnn,node_gnn,none,none,77abfcdbb281d08df2e9fb09cf84b2a648ea9008
esol,0063512c4316b02d,CCCCC(C)(C)O,aqueous_solubility,log10(mol/L),calibration,,-1.0800000429153442,-1.164389427813231,-2.371210056072198,0.04243120044573612,random,2030,node_gnn,node_gnn,none,none,77abfcdbb281d08df2e9fb09cf84b2a648ea9008
esol,ca9a40b2ae6d7fac,CCCCC(C)(O)CC,aqueous_solubility,log10(mol/L),train,,-1.600000023841858,-1.513172601009093,-2.71999322926806,-0.3063519727501258,random,2030,node_gnn,node_gnn,none,none,77abfcdbb281d08df2e9fb09cf84b2a648ea9008
esol,cb1389de78271b03,CCCCC(C)=O,aqueous_solubility,log10(mol/L),train,,-0.800000011920929,-0.9972406314964601,-2.204061259755427,0.20957999676250694,random,2030,node_gnn,node_gnn,none,none,77abfcdbb281d08df2e9fb09cf84b2a648ea9008
esol,ee72f0696072d63b,CCCCC(C)CC,aqueous_solubility,log10(mol/L),train,,-5.159999847412109,-4.822720458597518,-6.029541086856485,-3.6158998303385506,random,2030,node_gnn,node_gnn,none,none,77abfcdbb281d08df2e9fb09cf84b2a648ea9008
esol,886e9d2f85b3cb44,CCCCC(C)O,aqueous_solubility,log10(mol/L),validation,,-0.8899999856948853,-1.288372276489392,-2.495192904748359,-0.08155164823042482,random,2030,node_gnn,node_gnn,none,none,77abfcdbb281d08df2e9fb09cf84b2a648ea9008
esol,0838a16aa5ae802e,CCCCC(C=O)CC,aqueous_solubility,log10(mol/L),train,,-2.130000114440918,-1.8859799041193617,-3.0928005323783285,-0.6791592758603946,random,2030,node_gnn,node_gnn,none,none,77abfcdbb281d08df2e9fb09cf84b2a648ea9008
esol,0ee8c22e174f5540,CCCCC(CC)CO,aqueous_solubility,log10(mol/L),validation,,-2.109999895095825,-2.0250430418760654,-3.2318636701350325,-0.8182224136170984,random,2030,node_gnn,node_gnn,none,none,77abfcdbb281d08df2e9fb09cf84b2a648ea9008
esol,51a9b8b1d8173760,CCCCC(CC)COC(=O)c1ccccc1C(=O)OCC(CC)CCCC,aqueous_solubility,log10(mol/L),train,,-6.960000038146973,-5.858400801395531,-7.065221429654498,-4.651580173136564,random,2030,node_gnn,node_gnn,none,none,77abfcdbb281d08df2e9fb09cf84b2a648ea9008
esol,3a73360948f6d478,CCCCC(O)CC,aqueous_solubility,log10(mol/L),calibration,,-1.4700000286102295,-1.4177676791658251,-2.6245883074247924,-0.21094705090685806,random,2030,node_gnn,node_gnn,none,none,77abfcdbb281d08df2e9fb09cf84b2a648ea9008
esol,b368fff92897feb5,CCCCC1(CC)C(=O)NC(=O)NC1=O,aqueous_solubility,log10(mol/L),train,,-1.6610000133514404,-1.919211797273259,-3.126032425532226,-0.7123911690142919,random,2030,node_gnn,node_gnn,none,none,77abfcdbb281d08df2e9fb09cf84b2a648ea9008
esol,697b7adfb97e92d9,CCCCC1C(=O)N(c2ccccc2)N(c2ccc(O)cc2)C1=O,aqueous_solubility,log10(mol/L),calibration,,-3.7300000190734863,-3.451742658430882,-4.65856328668985,-2.244922030171915,random,2030,node_gnn,node_gnn,none,none,77abfcdbb281d08df2e9fb09cf84b2a648ea9008
esol,9bb878f2acf6502d,CCCCC1C(=O)N(c2ccccc2)N(c2ccccc2)C1=O,aqueous_solubility,log10(mol/L),train,,-3.809999942779541,-3.788484056475217,-4.995304684734184,-2.58166342821625,random,2030,node_gnn,node_gnn,none,none,77abfcdbb281d08df2e9fb09cf84b2a648ea9008
esol,cccde35c98b95e45,CCCCC=O,aqueous_solubility,log10(mol/L),train,,-0.8500000238418579,-1.1469381264519363,-2.3537587547109036,0.05988250180703081,random,2030,node_gnn,node_gnn,none,none,77abfcdbb281d08df2e9fb09cf84b2a648ea9008
esol,400a2153ad1cc41e,CCCCCBr,aqueous_solubility,log10(mol/L),test,,-3.0799999237060547,-2.916414410631747,-4.123235038890714,-1.7095937823727798,random,2030,node_gnn,node_gnn,none,none,77abfcdbb281d08df2e9fb09cf84b2a648ea9008
esol,067861bb7f44340e,CCCCCC,aqueous_solubility,log10(mol/L),train,,-3.8399999141693115,-4.009573886810851,-5.216394515069818,-2.802753258551884,random,2030,node_gnn,node_gnn,none,none,77abfcdbb281d08df2e9fb09cf84b2a648ea9008
esol,15f1b3f210442886,CCCCCC(=O)OC,aqueous_solubility,log10(mol/L),test,,-1.8700000047683716,-1.6974665133724096,-2.904287141631377,-0.49064588511344254,random,2030,node_gnn,node_gnn,none,none,77abfcdbb281d08df2e9fb09cf84b2a648ea9008
esol,f0c3620530b2fea4,CCCCCC(=O)OCC,aqueous_solubility,log10(mol/L),calibration,,-2.3499999046325684,-2.1627348428501905,-3.3695554711091575,-0.9559142145912234,random,2030,node_gnn,node_gnn,none,none,77abfcdbb281d08df2e9fb09cf84b2a648ea9008
esol,e5611d7c920e4a9e,CCCCCC(=O)OCN1C(=O)NC(c2ccccc2)(c2ccccc2)C1=O,aqueous_solubility,log10(mol/L),validation,,-5.886000156402588,-5.010016172929985,-6.216836801188952,-3.803195544671018,random,2030,node_gnn,node_gnn,none,none,77abfcdbb281d08df2e9fb09cf84b2a648ea9008
esol,6155649d8540ed94,CCCCCC(C)(C)O,aqueous_solubility,log10(mol/L),train,,-1.7200000286102295,-1.5142409064253646,-2.7210615346843317,-0.3074202781663975,random,2030,node_gnn,node_gnn,none,none,77abfcdbb281d08df2e9fb09cf84b2a648ea9008
esol,e9eedb31eddae14a,CCCCCC(C)=O,aqueous_solubility,log10(mol/L),train,,-1.4500000476837158,-1.343817428520242,-2.550638056779209,-0.13699680026127492,random,2030,node_gnn,node_gnn,none,none,77abfcdbb281d08df2e9fb09cf84b2a648ea9008
esol,66316631fd660d13,CCCCCC(C)C,aqueous_solubility,log10(mol/L),train,,-5.079999923706055,-4.970022971264082,-6.176843599523049,-3.7632023430051147,random,2030,node_gnn,node_gnn,none,none,77abfcdbb281d08df2e9fb09cf84b2a648ea9008
esol,da7e9d52660f7666,CCCCCC(C)O,aqueous_solubility,log10(mol/L),train,,-1.5499999523162842,-1.6639970648218614,-2.8708176930808285,-0.4571764365628943,random,2030,node_gnn,node_gnn,none,none,77abfcdbb281d08df2e9fb09cf84b2a648ea9008
esol,04583283814a1149,CCCCCC(O)CC,aqueous_solubility,log10(mol/L),train,,-1.9800000190734863,-1.8532532735058715,-3.060073901764839,-0.6464326452469045,random,2030,node_gnn,node_gnn,none,none,77abfcdbb281d08df2e9fb09cf84b2a648ea9008
esol,a98e9ddfe0bfb71f,CCCCCC1CCCC1,aqueous_solubility,log10(mol/L),train,,-6.079999923706055,-5.9617221338282,-7.168542762087167,-4.754901505569233,random,2030,node_gnn,node_gnn,none,none,77abfcdbb281d08df2e9fb09cf84b2a648ea9008
esol,93bc9362240baa5a,CCCCCC=O,aqueous_solubility,log10(mol/L),train,,-1.2999999523162842,-1.5091429903216655,-2.7159636185806324,-0.30232236206269847,random,2030,node_gnn,node_gnn,none,none,77abfcdbb281d08df2e9fb09cf84b2a648ea9008
esol,a6326ae1c933fa1d,CCCCCCBr,aqueous_solubility,log10(mol/L),validation,,-3.809999942779541,-3.6076063118273596,-4.814426940086326,-2.4007856835683925,random,2030,node_gnn,node_gnn,none,none,77abfcdbb281d08df2e9fb09cf84b2a648ea9008
esol,0742f60cc0d0b0c5,CCCCCCC,aqueous_solubility,log10(mol/L),train,,-4.53000020980835,-4.625926186979208,-5.832746815238175,-3.419105558720241,random,2030,node_gnn,node_gnn,none,none,77abfcdbb281d08df2e9fb09cf84b2a648ea9008
esol,3350712a156b97ee,CCCCCCC(=O)OCC,aqueous_solubility,log10(mol/L),train,,-2.740000009536743,-2.7312601011334543,-3.9380807293924214,-1.5244394728744872,random,2030,node_gnn,node_gnn,none,none,77abfcdbb281d08df2e9fb09cf84b2a648ea9008
esol,7056b5401228fc27,CCCCCCC(=O)OCN1C(=O)NC(c2ccccc2)(c2ccccc2)C1=O,aqueous_solubility,log10(mol/L),validation,,-6.301000118255615,-5.139752454354029,-6.346573082612996,-3.9329318260950616,random,2030,node_gnn,node_gnn,none,none,77abfcdbb281d08df2e9fb09cf84b2a648ea9008
esol,59ece8e98d2096e2,CCCCCCC(C)=O,aqueous_solubility,log10(mol/L),train,,-2.049999952316284,-1.7403243833292055,-2.9471450115881725,-0.5335037550702384,random,2030,node_gnn,node_gnn,none,none,77abfcdbb281d08df2e9fb09cf84b2a648ea9008
esol,427cbb0dd97d6b50,CCCCCCC(C)O,aqueous_solubility,log10(mol/L),validation,,-2.0899999141693115,-2.1538094210752274,-3.3606300493341945,-0.9469887928162604,random,2030,node_gnn,node_gnn,none,none,77abfcdbb281d08df2e9fb09cf84b2a648ea9008
esol,b17209ce34398ed5,CCCCCCCBr,aqueous_solubility,log10(mol/L),train,,-4.429999828338623,-4.270663920577929,-5.477484548836896,-3.0638432923189622,random,2030,node_gnn,node_gnn,none,none,77abfcdbb281d08df2e9fb09cf84b2a648ea9008
esol,2f891eb6fbb926d4,CCCCCCCC,aqueous_solubility,log10(mol/L),train,,-5.239999771118164,-5.2645905276897205,-6.4714111559486875,-4.057769899430753,random,2030,node_gnn,node_gnn,none,none,77abfcdbb281d08df2e9fb09cf84b2a648ea9008
esol,d4e8db30d372de33,CCCCCCCC(=O)OC,aqueous_solubility,log10(mol/L),calibration,,-3.1700000762939453,-2.7697135136304922,-3.9765341418894593,-1.5628928853715252,random,2030,node_gnn,node_gnn,none,none,77abfcdbb281d08df2e9fb09cf84b2a648ea9008
esol,bbfb6e5e2f7f210b,CCCCCCCC(=O)OCC,aqueous_solubility,log10(mol/L),validation,,-3.390000104904175,-3.2860783625667884,-4.492898990825756,-2.0792577343078213,random,2030,node_gnn,node_gnn,none,none,77abfcdbb281d08df2e9fb09cf84b2a648ea9008
esol,fdf14f687f402c1b,CCCCCCCC(=O)OCN1C(=O)NC(c2ccccc2)(c2ccccc2)C1=O,aqueous_solubility,log10(mol/L),train,,-6.5229997634887695,-5.264778250700988,-6.471598878959955,-4.057957622442021,random,2030,node_gnn,node_gnn,none,none,77abfcdbb281d08df2e9fb09cf84b2a648ea9008
esol,fea1a3023a7fc0ae,CCCCCCCC(C)=O,aqueous_solubility,log10(mol/L),train,,-2.5799999237060547,-2.2173243917476966,-3.4241450200066637,-1.0105037634887295,random,2030,node_gnn,node_gnn,none,none,77abfcdbb281d08df2e9fb09cf84b2a648ea9008
esol,866ae94d1cd7a5b1,CCCCCCCC(C)O,aqueous_solubility,log10(mol/L),train,,-2.740000009536743,-2.6747039392244285,-3.8815245674833956,-1.4678833109654614,random,2030,node_gnn,node_gnn,none,none,77abfcdbb281d08df2e9fb09cf84b2a648ea9008
esol,0c834b867b0755f7,CCCCCCCCBr,aqueous_solubility,log10(mol/L),train,,-5.059999942779541,-4.850999517276048,-6.057820145535015,-3.6441788890170805,random,2030,node_gnn,node_gnn,none,none,77abfcdbb281d08df2e9fb09cf84b2a648ea9008
esol,52907309c5979835,CCCCCCCCC,aqueous_solubility,log10(mol/L),train,,-5.880000114440918,-5.821834680106697,-7.028655308365664,-4.61501405184773,random,2030,node_gnn,node_gnn,none,none,77abfcdbb281d08df2e9fb09cf84b2a648ea9008
esol,91d1337f64867273,CCCCCCCCC(=O)OC,aqueous_solubility,log10(mol/L),train,,-3.380000114440918,-3.3521863204113576,-4.559006948670325,-2.1453656921523905,random,2030,node_gnn,node_gnn,none,none,77abfcdbb281d08df2e9fb09cf84b2a648ea9008
esol,91ca518d3bfa05a4,CCCCCCCCC(=O)OCC,aqueous_solubility,log10(mol/L),calibration,,-3.799999952316284,-3.8037296755330887,-5.010550303792056,-2.5969090472741216,random,2030,node_gnn,node_gnn,none,none,77abfcdbb281d08df2e9fb09cf84b2a648ea9008
esol,190307f6f9c5d129,CCCCCCCCC(C)=O,aqueous_solubility,log10(mol/L),test,,-3.299999952316284,-2.700594449668869,-3.907415077927836,-1.493773821409902,random,2030,node_gnn,node_gnn,none,none,77abfcdbb281d08df2e9fb09cf84b2a648ea9008
esol,a3ed57e5c214461b,CCCCCCCCCC(=O)OC,aqueous_solubility,log10(mol/L),train,,-4.690000057220459,-3.884954255944252,-5.091774884203219,-2.678133627685285,random,2030,node_gnn,node_gnn,none,none,77abfcdbb281d08df2e9fb09cf84b2a648ea9008
esol,bacd88176dc73f72,CCCCCCCCCC(=O)OCC,aqueous_solubility,log10(mol/L),train,,-4.099999904632568,-4.27303177891024,-5.479852407169207,-3.066211150651273,random,2030,node_gnn,node_gnn,none,none,77abfcdbb281d08df2e9fb09cf84b2a648ea9008
esol,0660e103e7d31762,CCCCCCCCCC(C)O,aqueous_solubility,log10(mol/L),validation,,-2.940000057220459,-3.7451671608621733,-4.951987789121141,-2.538346532603206,random,2030,node_gnn,node_gnn,none,none,77abfcdbb281d08df2e9fb09cf84b2a648ea9008
esol,ff455d1cef69469a,CCCCCCCCCCCC(=O)OC,aqueous_solubility,log10(mol/L),test,,-4.690000057220459,-4.792974435419648,-5.999795063678615,-3.586153807160681,random,2030,node_gnn,node_gnn,none,none,77abfcdbb281d08df2e9fb09cf84b2a648ea9008
esol,a980398600f36d4e,CCCCCCCCCCCCCC,aqueous_solubility,log10(mol/L),train,,-7.960000038146973,-7.562654251821533,-8.7694748800805,-6.355833623562566,random,2030,node_gnn,node_gnn,none,none,77abfcdbb281d08df2e9fb09cf84b2a648ea9008
esol,bc312e38ba02802a,CCCCCCCCCCCCCCCC,aqueous_solubility,log10(mol/L),train,,-8.399999618530273,-7.987865039085195,-9.194685667344162,-6.781044410826228,random,2030,node_gnn,node_gnn,none,none,77abfcdbb281d08df2e9fb09cf84b2a648ea9008
esol,1a06d4bca85cd592,CCCCCCCCCCCCCCCCCCCC,aqueous_solubility,log10(mol/L),train,,-8.17199993133545,-8.618603255045105,-9.825423883304072,-7.411782626786138,random,2030,node_gnn,node_gnn,none,none,77abfcdbb281d08df2e9fb09cf84b2a648ea9008
esol,384c121c7d12a56a,CCCCCCCCCCCCCCCCCCCCCCCCCC,aqueous_solubility,log10(mol/L),train,,-8.333999633789062,-9.241264839834761,-10.448085468093728,-8.034444211575794,random,2030,node_gnn,node_gnn,none,none,77abfcdbb281d08df2e9fb09cf84b2a648ea9008
esol,bc3d0429e3abc793,CCCCCCCCCCCCCCCCCCO,aqueous_solubility,log10(mol/L),validation,,-8.399999618530273,-6.616099824150531,-7.822920452409498,-5.409279195891564,random,2030,node_gnn,node_gnn,none,none,77abfcdbb281d08df2e9fb09cf84b2a648ea9008
esol,c4c342bdb047ff91,CCCCCCCCCCCCCCCCO,aqueous_solubility,log10(mol/L),train,,-7.0,-6.135462808546672,-7.342283436805639,-4.928642180287705,random,2030,node_gnn,node_gnn,none,none,77abfcdbb281d08df2e9fb09cf84b2a648ea9008
esol,cd68df105e34e541,CCCCCCCCCCCCCCCO,aqueous_solubility,log10(mol/L),train,,-6.349999904632568,-5.845537233437959,-7.052357861696926,-4.638716605178992,random,2030,node_gnn,node_gnn,none,none,77abfcdbb281d08df2e9fb09cf84b2a648ea9008
esol,1e9120d9df04f9e6,CCCCCCCCCCCCCCO,aqueous_solubility,log10(mol/L),test,,-5.840000152587891,-5.51111550139374,-6.717936129652707,-4.304294873134773,random,2030,node_gnn,node_gnn,none,none,77abfcdbb281d08df2e9fb09cf84b2a648ea9008
esol,de7e37932cf8aac8,CCCCCCCCCCCCO,aqueous_solubility,log10(mol/L),test,,-4.800000190734863,-4.69053280228642,-5.897353430545387,-3.4837121740274526,random,2030,node_gnn,node_gnn,none,none,77abfcdbb281d08df2e9fb09cf84b2a648ea9008
esol,50df1a057983a774,CCCCCCCCCCO,aqueous_solubility,log10(mol/L),calibration,,-3.630000114440918,-3.653774944542684,-4.860595572801651,-2.446954316283717,random,2030,node_gnn,node_gnn,none,none,77abfcdbb281d08df2e9fb09cf84b2a648ea9008
esol,0dd85d1472dc7f0a,CCCCCCCCCO,aqueous_solubility,log10(mol/L),train,,-3.009999990463257,-3.061530148915798,-4.268350777174765,-1.8547095206568311,random,2030,node_gnn,node_gnn,none,none,77abfcdbb281d08df2e9fb09cf84b2a648ea9008
esol,0f0c5849c0728201,CCCCCCCCO,aqueous_solubility,log10(mol/L),train,,-2.390000104904175,-2.4394457524607693,-3.6462663807197364,-1.2326251242018023,random,2030,node_gnn,node_gnn,none,none,77abfcdbb281d08df2e9fb09cf84b2a648ea9008
esol,c6dea0f9a59433fd,CCCCCCCCOC(=O)c1ccccc1C(=O)OCCCCCCCC,aqueous_solubility,log10(mol/L),validation,,-5.114999771118164,-6.035089534801703,-7.24191016306067,-4.8282689065427356,random,2030,node_gnn,node_gnn,none,none,77abfcdbb281d08df2e9fb09cf84b2a648ea9008
esol,38ee92fb024e7c6a,CCCCCCCCl,aqueous_solubility,log10(mol/L),train,,-4.0,-3.947789803043347,-5.154610431302315,-2.74096917478438,random,2030,node_gnn,node_gnn,none,none,77abfcdbb281d08df2e9fb09cf84b2a648ea9008
esol,5fa8cd0096eff934,CCCCCCCI,aqueous_solubility,log10(mol/L),train,,-4.809999942779541,-4.982611010285762,-6.189431638544729,-3.775790382026795,random,2030,node_gnn,node_gnn,none,none,77abfcdbb281d08df2e9fb09cf84b2a648ea9008
esol,cd059d986249006a,CCCCCCCO,aqueous_solubility,log10(mol/L),train,,-1.809999942779541,-1.8524356439117693,-3.059256272170736,-0.6456150156528022,random,2030,node_gnn,node_gnn,none,none,77abfcdbb281d08df2e9fb09cf84b2a648ea9008
esol,858786129af166f6,CCCCCCCl,aqueous_solubility,log10(mol/L),train,,-3.119999885559082,-3.3446394264214203,-4.551460054680387,-2.1378187981624532,random,2030,node_gnn,node_gnn,none,none,77abfcdbb281d08df2e9fb09cf84b2a648ea9008
esol,bff524d4cee6dd13,CCCCCCO,aqueous_solubility,log10(mol/L),train,,-1.2400000095367432,-1.3375468743858103,-2.5443675026447776,-0.13072624612684325,random,2030,node_gnn,node_gnn,none,none,77abfcdbb281d08df2e9fb09cf84b2a648ea9008
esol,f99f09834a2307b7,CCCCCCOC(=O)c1ccccc1C(=O)OCCCCCC,aqueous_solubility,log10(mol/L),train,,-6.144000053405762,-5.267776772563758,-6.474597400822725,-4.060956144304791,random,2030,node_gnn,node_gnn,none,none,77abfcdbb281d08df2e9fb09cf84b2a648ea9008
esol,33da9a9e495cd260,CCCCCCc1ccc(O)cc1O,aqueous_solubility,log10(mol/L),train,,-2.5899999141693115,-2.733892197266235,-3.940712825525202,-1.5270715690072678,random,2030,node_gnn,node_gnn,none,none,77abfcdbb281d08df2e9fb09cf84b2a648ea9008
esol,4054ea097cbe803b,CCCCCCc1ccccc1,aqueous_solubility,log10(mol/L),train,,-5.210000038146973,-5.228338287349834,-6.435158915608801,-4.021517659090867,random,2030,node_gnn,node_gnn,none,none,77abfcdbb281d08df2e9fb09cf84b2a648ea9008
esol,3b56245e57457ea4,CCCCCCl,aqueous_solubility,log10(mol/L),test,,-2.7300000190734863,-2.748059891365087,-3.954880519624054,-1.54123926310612,random,2030,node_gnn,node_gnn,none,none,77abfcdbb281d08df2e9fb09cf84b2a648ea9008
esol,a58a553e8e375de7,CCCCCO,aqueous_solubility,log10(mol/L),calibration,,-0.6000000238418579,-0.9010631184428419,-2.107883746701809,0.30575750981612515,random,2030,node_gnn,node_gnn,none,none,77abfcdbb281d08df2e9fb09cf84b2a648ea9008
esol,2406a09c97f56f54,CCCCCOC(=O)CC,aqueous_solubility,log10(mol/L),test,,-1.2799999713897705,-2.2228906061160627,-3.42971123437503,-1.0160699778570956,random,2030,node_gnn,node_gnn,none,none,77abfcdbb281d08df2e9fb09cf84b2a648ea9008
esol,67e3ba13863eb8fe,CCCCCOC(C)=O,aqueous_solubility,log10(mol/L),train,,-1.8899999856948853,-1.7476716954617333,-2.9544923237207,-0.5408510672027662,random,2030,node_gnn,node_gnn,none,none,77abfcdbb281d08df2e9fb09cf84b2a648ea9008
esol,412c3e94bc5f3484,CCCCCc1ccccc1,aqueous_solubility,log10(mol/L),train,,-4.639999866485596,-4.708355260300368,-5.915175888559335,-3.501534632041401,random,2030,node_gnn,node_gnn,none,none,77abfcdbb281d08df2e9fb09cf84b2a648ea9008
esol,4b17450fdb820e4a,CCCCCl,aqueous_solubility,log10(mol/L),train,,-2.0299999713897705,-2.2483506025981708,-3.455171230857138,-1.0415299743392037,random,2030,node_gnn,node_gnn,none,none,77abfcdbb281d08df2e9fb09cf84b2a648ea9008
esol,83588fb58bfe7ab9,CCCCI,aqueous_solubility,log10(mol/L),train,,-2.9600000381469727,-2.9277432436228326,-4.1345638718818,-1.7209226153638655,random,2030,node_gnn,node_gnn,none,none,77abfcdbb281d08df2e9fb09cf84b2a648ea9008
esol,6a5cef6cac9b1660,CCCCN(C)C(=O)Nc1ccc(Cl)c(Cl)c1,aqueous_solubility,log10(mol/L),train,,-4.769999980926514,-4.232045966590674,-5.438866594849641,-3.0252253383317065,random,2030,node_gnn,node_gnn,none,none,77abfcdbb281d08df2e9fb09cf84b2a648ea9008
esol,6f272ede992bb6a7,CCCCN(CC)C(=O)SCCC,aqueous_solubility,log10(mol/L),train,,-3.5299999713897705,-3.222911508953604,-4.4297321372125715,-2.016090880694637,random,2030,node_gnn,node_gnn,none,none,77abfcdbb281d08df2e9fb09cf84b2a648ea9008
esol,b9d61b06f115b6ac,CCCCN(CC)c1c([N+](=O)[O-])cc(C(F)(F)F)cc1[N+](=O)[O-],aqueous_solubility,log10(mol/L),train,,-5.53000020980835,-5.557172988965968,-6.763993617224935,-4.350352360707001,random,2030,node_gnn,node_gnn,none,none,77abfcdbb281d08df2e9fb09cf84b2a648ea9008
esol,a86b989f93448443,CCCCNC(=O)n1c(NC(=O)OC)nc2ccccc21,aqueous_solubility,log10(mol/L),test,,-4.882999897003174,-4.0045906482725036,-5.211411276531471,-2.7977700200135365,random,2030,node_gnn,node_gnn,none,none,77abfcdbb281d08df2e9fb09cf84b2a648ea9008
esol,29d728fa528693ff,CCCCO,aqueous_solubility,log10(mol/L),calibration,,0.0,-0.4754389116174047,-1.6822595398763718,0.7313817166415624,random,2030,node_gnn,node_gnn,none,none,77abfcdbb281d08df2e9fb09cf84b2a648ea9008
esol,4220bcb6b0bad406,CCCCOC,aqueous_solubility,log10(mol/L),calibration,,-0.9900000095367432,-1.2275699537929115,-2.4343905820518783,-0.020749325533944374,random,2030,node_gnn,node_gnn,none,none,77abfcdbb281d08df2e9fb09cf84b2a648ea9008
esol,0341b123b22addd6,CCCCOC(=O)CCCCCCCCC(=O)OCCCC,aqueous_solubility,log10(mol/L),train,,-3.8959999084472656,-4.762063217529368,-5.968883845788335,-3.555242589270401,random,2030,node_gnn,node_gnn,none,none,77abfcdbb281d08df2e9fb09cf84b2a648ea9008
esol,47e93f994dd9b389,CCCCOC(=O)c1ccc(N)cc1,aqueous_solubility,log10(mol/L),train,,-3.0820000171661377,-2.970693382341299,-4.177514010600266,-1.7638727540823318,random,2030,node_gnn,node_gnn,none,none,77abfcdbb281d08df2e9fb09cf84b2a648ea9008
esol,d36555332cfcbf7b,CCCCOC(=O)c1ccccc1C(=O)OCCCC,aqueous_solubility,log10(mol/L),train,,-4.400000095367432,-4.203230484361129,-5.410051112620096,-2.9964098561021615,random,2030,node_gnn,node_gnn,none,none,77abfcdbb281d08df2e9fb09cf84b2a648ea9008
esol,48a64d2e2412d85f,CCCCOC=O,aqueous_solubility,log10(mol/L),train,,-1.3700000047683716,-1.3546591893685598,-2.561479817627527,-0.1478385611095927,random,2030,node_gnn,node_gnn,none,none,77abfcdbb281d08df2e9fb09cf84b2a648ea9008
esol,8af231a36c0747d7,CCCCOCCCC,aqueous_solubility,log10(mol/L),test,,-1.850000023841858,-4.440274184416769,-5.647094812675736,-3.2334535561578015,random,2030,node_gnn,node_gnn,none,none,77abfcdbb281d08df2e9fb09cf84b2a648ea9008
esol,f017fe662abba75e,CCCCOCCO,aqueous_solubility,log10(mol/L),train,,-0.41999998688697815,-0.7266895093510306,-1.9335101376099977,0.48013111890793647,random,2030,node_gnn,node_gnn,none,none,77abfcdbb281d08df2e9fb09cf84b2a648ea9008
esol,55b2c8230f6c76ce,CCCCOCN(C(=O)CCl)c1c(CC)cccc1CC,aqueous_solubility,log10(mol/L),train,,-4.190000057220459,-3.523034382855741,-4.729855011114708,-2.316213754596774,random,2030,node_gnn,node_gnn,none,none,77abfcdbb281d08df2e9fb09cf84b2a648ea9008
esol,b1ca0f86c249367e,CCCCOc1ccc(C(=O)OCC)c(N(CC)CC)c1,aqueous_solubility,log10(mol/L),train,,-3.8399999141693115,-4.28868583429135,-5.495506462550317,-3.081865206032383,random,2030,node_gnn,node_gnn,none,none,77abfcdbb281d08df2e9fb09cf84b2a648ea9008
esol,3f27633474c9331c,CCCCS,aqueous_solubility,log10(mol/L),calibration,,-2.180000066757202,-1.5677427215841964,-2.7745633498431634,-0.3609220933252293,random,2030,node_gnn,node_gnn,none,none,77abfcdbb281d08df2e9fb09cf84b2a648ea9008
esol,a6b160de7573685d,CCCCSP(=O)(SCCCC)SCCCC,aqueous_solubility,log10(mol/L),train,,-5.139999866485596,-5.409549530505947,-6.616370158764914,-4.20272890224698,random,2030,node_gnn,node_gnn,none,none,77abfcdbb281d08df2e9fb09cf84b2a648ea9008
esol,5e1f927897c55829,CCCCc1c(C)nc(N(C)C)nc1O,aqueous_solubility,log10(mol/L),calibration,,-2.240000009536743,-2.9275752012498435,-4.134395829508811,-1.7207545729908764,random,2030,node_gnn,node_gnn,none,none,77abfcdbb281d08df2e9fb09cf84b2a648ea9008
esol,b67ef6c2163c44a1,CCCCc1c(C)nc(NCC)[nH]c1=O,aqueous_solubility,log10(mol/L),train,,-3.0280001163482666,-3.2752159591259176,-4.482036587384885,-2.0683953308669505,random,2030,node_gnn,node_gnn,none,none,77abfcdbb281d08df2e9fb09cf84b2a648ea9008
esol,d3bdeb5ae2ce2d98,CCCCc1c(C)nc(NCC)nc1OS(=O)(=O)N(C)C,aqueous_solubility,log10(mol/L),train,,-4.159999847412109,-3.46809222252242,-4.6749128507813875,-2.261271594263453,random,2030,node_gnn,node_gnn,none,none,77abfcdbb281d08df2e9fb09cf84b2a648ea9008
esol,da48ee1b0addb712,CCCCc1ccccc1,aqueous_solubility,log10(mol/L),train,,-4.059999942779541,-4.124969669300906,-5.331790297559873,-2.9181490410419393,random,2030,node_gnn,node_gnn,none,none,77abfcdbb281d08df2e9fb09cf84b2a648ea9008
esol,fe77a1079a4db71d,CCCCl,aqueous_solubility,log10(mol/L),train,,-1.4700000286102295,-1.7566975389550896,-2.9635181672140565,-0.5498769106961225,random,2030,node_gnn,node_gnn,none,none,77abfcdbb281d08df2e9fb09cf84b2a648ea9008
esol,41afd5c9dc6469db,CCCI,aqueous_solubility,log10(mol/L),train,,-2.2899999618530273,-2.4148932731033597,-3.6217139013623267,-1.2080726448443926,random,2030,node_gnn,node_gnn,none,none,77abfcdbb281d08df2e9fb09cf84b2a648ea9008
esol,ae1ed14bd61bab1f,CCCN(CCC)c1c([N+](=O)[O-])cc(C(C)C)cc1[N+](=O)[O-],aqueous_solubility,log10(mol/L),calibration,,-6.489999771118164,-5.283179142859197,-6.489999771118164,-4.07635851460023,random,2030,node_gnn,node_gnn,none,none,77abfcdbb281d08df2e9fb09cf84b2a648ea9008
esol,d9aea1b45f7377ec,CCCN(CCC)c1c([N+](=O)[O-])cc(C(F)(F)F)cc1[N+](=O)[O-],aqueous_solubility,log10(mol/L),calibration,,-5.679999828338623,-5.56080381441239,-6.767624442671357,-4.353983186153423,random,2030,node_gnn,node_gnn,none,none,77abfcdbb281d08df2e9fb09cf84b2a648ea9008
esol,b7e1fd1651859456,CCCN(CCC)c1c([N+](=O)[O-])cc(S(N)(=O)=O)cc1[N+](=O)[O-],aqueous_solubility,log10(mol/L),train,,-5.159999847412109,-3.9529865638912183,-5.159807192150185,-2.746165935632251,random,2030,node_gnn,node_gnn,none,none,77abfcdbb281d08df2e9fb09cf84b2a648ea9008
esol,86e90d5049758778,CCCO,aqueous_solubility,log10(mol/L),train,,0.6200000047683716,0.19406511543272265,-1.0127555128262444,1.4008857436916897,random,2030,node_gnn,node_gnn,none,none,77abfcdbb281d08df2e9fb09cf84b2a648ea9008
esol,49ec4719ff98e140,CCCOC,aqueous_solubility,log10(mol/L),validation,,-0.38999998569488525,-0.4920503795875657,-1.6988710078465328,0.7147702486714014,random,2030,node_gnn,node_gnn,none,none,77abfcdbb281d08df2e9fb09cf84b2a648ea9008
esol,96ea40966d8e8384,CCCOC(=O)CC,aqueous_solubility,log10(mol/L),train,,-0.8199999928474426,-0.9824584536226548,-2.189279081881622,0.22436217463631225,random,2030,node_gnn,node_gnn,none,none,77abfcdbb281d08df2e9fb09cf84b2a648ea9008
esol,a78b4649b8e0c24b,CCCOC(=O)CCC,aqueous_solubility,log10(mol/L),train,,-1.75,-1.6897759254914553,-2.896596553750422,-0.4829552972324882,random,2030,node_gnn,node_gnn,none,none,77abfcdbb281d08df2e9fb09cf84b2a648ea9008
esol,aabeb9ef9b6c73ef,CCCOC(=O)c1ccc(N)cc1,aqueous_solubility,log10(mol/L),train,,-2.4519999027252197,-2.479313805452494,-3.686134433711461,-1.2724931771935268,random,2030,node_gnn,node_gnn,none,none,77abfcdbb281d08df2e9fb09cf84b2a648ea9008
esol,f6c176b746f92d7b,CCCOC(C)=O,aqueous_solubility,log10(mol/L),train,,-0.7200000286102295,-0.5965212631483716,-1.8033418914073387,0.6102993651105955,random,2030,node_gnn,node_gnn,none,none,77abfcdbb281d08df2e9fb09cf84b2a648ea9008
esol,5c8041e0824c9e19,CCCOC(C)C,aqueous_solubility,log10(mol/L),train,,-1.340000033378601,-1.4421434112525453,-2.6489640395115126,-0.23532278299357823,random,2030,node_gnn,node_gnn,none,none,77abfcdbb281d08df2e9fb09cf84b2a648ea9008
esol,c58c406c10bab020,CCCOC=O,aqueous_solubility,log10(mol/L),train,,-0.49000000953674316,-0.7796200813680487,-1.9864407096270158,0.42720054689091835,random,2030,node_gnn,node_gnn,none,none,77abfcdbb281d08df2e9fb09cf84b2a648ea9008
esol,54f4ecd667159550,CCCOCC,aqueous_solubility,log10(mol/L),test,,-0.6600000262260437,-1.2468219073987086,-2.453642535657676,-0.0400012791397415,random,2030,node_gnn,node_gnn,none,none,77abfcdbb281d08df2e9fb09cf84b2a648ea9008
esol,7befdae981b64317,CCCOCCC,aqueous_solubility,log10(mol/L),calibration,,-1.6200000047683716,-2.2663554849900045,-3.4731761132489716,-1.0595348567310374,random,2030,node_gnn,node_gnn,none,none,77abfcdbb281d08df2e9fb09cf84b2a648ea9008
esol,87aef906202e1ace,CCCOP(=S)(OCCC)SCC(=O)N1CCCCC1C,aqueous_solubility,log10(mol/L),calibration,,-4.150000095367432,-3.9667678677664417,-5.173588496025409,-2.7599472395074747,random,2030,node_gnn,node_gnn,none,none,77abfcdbb281d08df2e9fb09cf84b2a648ea9008
esol,d1d0163cab01efb4,CCCSCCC,aqueous_solubility,log10(mol/L),train,,-2.5799999237060547,-2.993629234460925,-4.200449862719893,-1.7868086062019581,random,2030,node_gnn,node_gnn,none,none,77abfcdbb281d08df2e9fb09cf84b2a648ea9008
esol,312bea6178167aac,CCC[N+](=O)[O-],aqueous_solubility,log10(mol/L),train,,-0.800000011920929,-1.1152546958251195,-2.3220753240840866,0.09156593243384759,random,2030,node_gnn,node_gnn,none,none,77abfcdbb281d08df2e9fb09cf84b2a648ea9008
esol,d53a48903a4a1467,CCCc1ccccc1,aqueous_solubility,log10(mol/L),train,,-3.369999885559082,-3.4965578687907786,-4.703378497049746,-2.2897372405318115,random,2030,node_gnn,node_gnn,none,none,77abfcdbb281d08df2e9fb09cf84b2a648ea9008
esol,301376a68f01135a,CCCl,aqueous_solubility,log10(mol/L),train,,-1.059999942779541,-1.3203058783066275,-2.527126506565595,-0.11348525004766041,random,2030,node_gnn,node_gnn,none,none,77abfcdbb281d08df2e9fb09cf84b2a648ea9008
esol,9753008d844f22ea,CCI,aqueous_solubility,log10(mol/L),train,,-1.600000023841858,-1.987027113567416,-3.1938477418263833,-0.7802064853084489,random,2030,node_gnn,node_gnn,none,none,77abfcdbb281d08df2e9fb09cf84b2a648ea9008
esol,085c1fa9c2a1c504,CCN(CC)C(=O)C(C)Oc1cccc2ccccc12,aqueous_solubility,log10(mol/L),train,,-3.569999933242798,-3.0339317438505344,-4.240752372109501,-1.8271111155915674,random,2030,node_gnn,node_gnn,none,none,77abfcdbb281d08df2e9fb09cf84b2a648ea9008
esol,812e34c85846a730,CCN(CC)C(=O)C(Cl)=CCOP(=O)(OC)OC,aqueous_solubility,log10(mol/L),validation,,0.5230000019073486,-1.1988422774879923,-2.4056629057469596,0.007978350770974751,random,2030,node_gnn,node_gnn,none,none,77abfcdbb281d08df2e9fb09cf84b2a648ea9008
esol,9723f4b3ba082caa,CCN(CC)C(=O)CSc1ccc(Cl)nn1,aqueous_solubility,log10(mol/L),train,,-1.715999960899353,-2.318065983591722,-3.524886611850689,-1.111245355332755,random,2030,node_gnn,node_gnn,none,none,77abfcdbb281d08df2e9fb09cf84b2a648ea9008
esol,ee2ebbdca22199a1,CCN(CC)C(=S)SSC(=S)N(CC)CC,aqueous_solubility,log10(mol/L),train,,-4.860000133514404,-4.060399639795621,-5.267220268054588,-2.853579011536654,random,2030,node_gnn,node_gnn,none,none,77abfcdbb281d08df2e9fb09cf84b2a648ea9008
esol,3878652960419c3c,CCN(CC)c1c([N+](=O)[O-])cc(C(F)(F)F)c(N)c1[N+](=O)[O-],aqueous_solubility,log10(mol/L),train,,-5.46999979019165,-4.774355794661003,-5.98117642291997,-3.5675351664020356,random,2030,node_gnn,node_gnn,none,none,77abfcdbb281d08df2e9fb09cf84b2a648ea9008
esol,3b5a9da1c47e3e46,CCN(CC)c1ccccc1,aqueous_solubility,log10(mol/L),train,,-3.0299999713897705,-2.7342078444263094,-3.9410284726852765,-1.5273872161673423,random,2030,node_gnn,node_gnn,none,none,77abfcdbb281d08df2e9fb09cf84b2a648ea9008
esol,cf6de63eb5d8eb0b,CCN(CC)c1nc(Cl)nc(N(CC)CC)n1,aqueous_solubility,log10(mol/L),train,,-4.410999774932861,-3.8162292147614867,-5.023049843020454,-2.6094085865025196,random,2030,node_gnn,node_gnn,none,none,77abfcdbb281d08df2e9fb09cf84b2a648ea9008
esol,d9740040550600bf,CCN(CC)c1nc(Cl)nc(NC(C)C)n1,aqueous_solubility,log10(mol/L),train,,-3.7850000858306885,-3.7438850808205038,-4.950705709079471,-2.5370644525615367,random,2030,node_gnn,node_gnn,none,none,77abfcdbb281d08df2e9fb09cf84b2a648ea9008
esol,adbb55de69618842,CCN(Cc1c(F)cccc1Cl)c1c([N+](=O)[O-])cc(C(F)(F)F)cc1[N+](=O)[O-],aqueous_solubility,log10(mol/L),train,,-6.78000020980835,-5.975110771122395,-7.181931399381362,-4.768290142863428,random,2030,node_gnn,node_gnn,none,none,77abfcdbb281d08df2e9fb09cf84b2a648ea9008
esol,75220b947a56ab9a,CCN1C(=O)c2ccccc2Oc2ccccc21,aqueous_solubility,log10(mol/L),train,,-3.680000066757202,-3.8114892718059536,-5.018309900064921,-2.6046686435469866,random,2030,node_gnn,node_gnn,none,none,77abfcdbb281d08df2e9fb09cf84b2a648ea9008
esol,1c51d8c0da01f993,CCN1C(=O)c2cccnc2N(CC)c2ncccc21,aqueous_solubility,log10(mol/L),train,,-2.859999895095825,-3.573862028209576,-4.780682656468543,-2.367041399950609,random,2030,node_gnn,node_gnn,none,none,77abfcdbb281d08df2e9fb09cf84b2a648ea9008
esol,fc65bd185c530d51,CCN1c2cc(Cl)ccc2NC(=O)c2cccnc21,aqueous_solubility,log10(mol/L),train,,-5.360000133514404,-4.321783621557493,-5.5286042498164605,-3.1149629932985263,random,2030,node_gnn,node_gnn,none,none,77abfcdbb281d08df2e9fb09cf84b2a648ea9008
esol,8ac4183ca5517018,CCN1c2cc(N(C)C)cc(C)c2NC(=O)c2cccnc21,aqueous_solubility,log10(mol/L),train,,-4.870999813079834,-4.1325011720224465,-5.339321800281414,-2.9256805437634794,random,2030,node_gnn,node_gnn,none,none,77abfcdbb281d08df2e9fb09cf84b2a648ea9008
esol,b3cc642ed25cfae4,CCN1c2cc(OC)cc(C)c2NC(=O)c2cccnc21,aqueous_solubility,log10(mol/L),train,,-5.1529998779296875,-4.193997741849978,-5.400818370108945,-2.9871771135910112,random,2030,node_gnn,node_gnn,none,none,77abfcdbb281d08df2e9fb09cf84b2a648ea9008
esol,04d6cee51b3fdde7,CCN1c2ccccc2C(=O)N(C)c2ccccc21,aqueous_solubility,log10(mol/L),validation,,-4.749000072479248,-3.9613998475181704,-5.1682204757771375,-2.7545792192592033,random,2030,node_gnn,node_gnn,none,none,77abfcdbb281d08df2e9fb09cf84b2a648ea9008
esol,b5a56231be537631,CCN1c2ccccc2N(C)C(=O)c2cccnc21,aqueous_solubility,log10(mol/L),train,,-3.3239998817443848,-3.621676832774714,-4.828497461033681,-2.414856204515747,random,2030,node_gnn,node_gnn,none,none,77abfcdbb281d08df2e9fb09cf84b2a648ea9008
esol,b188836e606e176d,CCN1c2ccccc2N(C)C(=S)c2cccnc21,aqueous_solubility,log10(mol/L),calibration,,-4.705999851226807,-4.199297132180152,-5.406117760439119,-2.9924765039211847,random,2030,node_gnn,node_gnn,none,none,77abfcdbb281d08df2e9fb09cf84b2a648ea9008
esol,71aa580a3add68e5,CCN1c2nc(N(C)CCO)ccc2NC(=O)c2cccnc21,aqueous_solubility,log10(mol/L),validation,,-3.359999895095825,-3.432934528449842,-4.639755156708809,-2.226113900190875,random,2030,node_gnn,node_gnn,none,none,77abfcdbb281d08df2e9fb09cf84b2a648ea9008
esol,1e83595b274fb26c,CCN1c2ncccc2C(=O)N(C)c2ccc(Cl)nc21,aqueous_solubility,log10(mol/L),train,,-4.113999843597412,-3.624540996433856,-4.831361624692823,-2.417720368174889,random,2030,node_gnn,node_gnn,none,none,77abfcdbb281d08df2e9fb09cf84b2a648ea9008
esol,8231b556c9fd8e9a,CCN1c2ncccc2C(=O)N(C)c2cccnc21,aqueous_solubility,log10(mol/L),train,,-2.619999885559082,-3.1759586627279206,-4.382779290986887,-1.9691380344689535,random,2030,node_gnn,node_gnn,none,none,77abfcdbb281d08df2e9fb09cf84b2a648ea9008
esol,c60ea928a142a52f,CCN1c2ncccc2C(=O)Nc2c(C(F)(F)F)cc(C)nc21,aqueous_solubility,log10(mol/L),train,,-4.206999778747559,-4.134279872785792,-5.341100501044759,-2.9274592445268253,random,2030,node_gnn,node_gnn,none,none,77abfcdbb281d08df2e9fb09cf84b2a648ea9008
esol,5b312c3afed2bcc2,CCN1c2ncccc2C(=O)Nc2c(C)cc(C)nc21,aqueous_solubility,log10(mol/L),train,,-4.553999900817871,-3.5042186833984403,-4.711039311657407,-2.2973980551394733,random,2030,node_gnn,node_gnn,none,none,77abfcdbb281d08df2e9fb09cf84b2a648ea9008
esol,1c4d269698bfb9cd,CCN1c2ncccc2C(=S)N(C)c2cccnc21,aqueous_solubility,log10(mol/L),train,,-4.633999824523926,-3.8817322452948813,-5.088552873553848,-2.674911617035914,random,2030,node_gnn,node_gnn,none,none,77abfcdbb281d08df2e9fb09cf84b2a648ea9008
esol,4c1fea9019ded5ce,CCNC(=O)C(C)OC(=O)Nc1ccccc1,aqueous_solubility,log10(mol/L),train,,-1.8300000429153442,-1.490221696670527,-2.697042324929494,-0.28340106841156,random,2030,node_gnn,node_gnn,none,none,77abfcdbb281d08df2e9fb09cf84b2a648ea9008
esol,36ea9a2e0669021e,CCNC(=S)NCC,aqueous_solubility,log10(mol/L),train,,-1.4600000381469727,-1.5369826409032574,-2.7438032691622247,-0.33016201264429035,random,2030,node_gnn,node_gnn,none,none,77abfcdbb281d08df2e9fb09cf84b2a648ea9008
esol,f174e48b167c2837,CCNP(=S)(OC)OC(C)=CC(=O)OC(C)C,aqueous_solubility,log10(mol/L),train,,-3.4079999923706055,-3.280300975580489,-4.487121603839456,-2.0734803473215218,random,2030,node_gnn,node_gnn,none,none,77abfcdbb281d08df2e9fb09cf84b2a648ea9008
esol,0cb820324a34d951,CCNc1ccccc1,aqueous_solubility,log10(mol/L),train,,-1.7000000476837158,-1.7645856901664503,-2.9714063184254176,-0.5577650619074832,random,2030,node_gnn,node_gnn,none,none,77abfcdbb281d08df2e9fb09cf84b2a648ea9008
esol,78e4bc5caa3b64a1,CCNc1nc(Cl)nc(N(CC)CC)n1,aqueous_solubility,log10(mol/L),train,,-4.059999942779541,-3.7378411694211136,-4.94466179768008,-2.5310205411621465,random,2030,node_gnn,node_gnn,none,none,77abfcdbb281d08df2e9fb09cf84b2a648ea9008
esol,25862c96dd4e6018,CCNc1nc(Cl)nc(NC(C)(C)C#N)n1,aqueous_solubility,log10(mol/L),calibration,,-3.1500000953674316,-4.0883775594769105,-5.295198187735878,-2.8815569312179434,random,2030,node_gnn,node_gnn,none,none,77abfcdbb281d08df2e9fb09cf84b2a648ea9008
esol,c35dee1f5a7c37bc,CCNc1nc(Cl)nc(NC(C)C)n1,aqueous_solubility,log10(mol/L),train,,-3.8499999046325684,-3.6134436396037994,-4.8202642678627665,-2.4066230113448324,random,2030,node_gnn,node_gnn,none,none,77abfcdbb281d08df2e9fb09cf84b2a648ea9008
esol,9f2e4276303326ba,CCNc1nc(Cl)nc(NCC)n1,aqueous_solubility,log10(mol/L),calibration,,-4.550000190734863,-3.5719694699074744,-4.778790098166441,-2.3651488416485074,random,2030,node_gnn,node_gnn,none,none,77abfcdbb281d08df2e9fb09cf84b2a648ea9008
esol,6d5b8a3ff54e0b4d,CCNc1nc(NC(C)(C)C)nc(OC)n1,aqueous_solubility,log10(mol/L),test,,-3.239000082015991,-2.9341010123165563,-4.140921640575524,-1.7272803840575892,random,2030,node_gnn,node_gnn,none,none,77abfcdbb281d08df2e9fb09cf84b2a648ea9008
esol,857aac146f7605e1,CCNc1nc(NC(C)(C)C)nc(SC)n1,aqueous_solubility,log10(mol/L),validation,,-4.0,-3.1807614165666758,-4.387582044825643,-1.9739407883077087,random,2030,node_gnn,node_gnn,none,none,77abfcdbb281d08df2e9fb09cf84b2a648ea9008
esol,6d1d1bb9e6f1635d,CCNc1nc(NC(C)C)nc(OC)n1,aqueous_solubility,log10(mol/L),test,,-2.0840001106262207,-2.7814961919175096,-3.9883168201764767,-1.5746755636585426,random,2030,node_gnn,node_gnn,none,none,77abfcdbb281d08df2e9fb09cf84b2a648ea9008
esol,a9802b80d3391f2c,CCNc1nc(NC(C)C)nc(SC)n1,aqueous_solubility,log10(mol/L),train,,-3.0399999618530273,-3.0539880331577507,-4.260808661416718,-1.8471674048987836,random,2030,node_gnn,node_gnn,none,none,77abfcdbb281d08df2e9fb09cf84b2a648ea9008
esol,1f86e6cfdba212b8,CCO,aqueous_solubility,log10(mol/L),train,,1.100000023841858,0.7149823420107064,-0.49183828624826065,1.9218029702696735,random,2030,node_gnn,node_gnn,none,none,77abfcdbb281d08df2e9fb09cf84b2a648ea9008
esol,e1acff73cd96c0da,CCOC(=O)C=Cc1ccccc1,aqueous_solubility,log10(mol/L),test,,-3.0,-3.4259289150915198,-4.632749543350487,-2.2191082868325527,random,2030,node_gnn,node_gnn,none,none,77abfcdbb281d08df2e9fb09cf84b2a648ea9008
esol,43f901d90deba605,CCOC(=O)CC,aqueous_solubility,log10(mol/L),train,,-0.6600000262260437,-0.5045622192148871,-1.7113828474738542,0.70225840904408,random,2030,node_gnn,node_gnn,none,none,77abfcdbb281d08df2e9fb09cf84b2a648ea9008
esol,1dba850e06249e9b,CCOC(=O)CC(=O)OCC,aqueous_solubility,log10(mol/L),train,,-0.8199999928474426,-0.6403868827113528,-1.8472075109703199,0.5664337455476143,random,2030,node_gnn,node_gnn,none,none,77abfcdbb281d08df2e9fb09cf84b2a648ea9008
esol,ec3c35c717f3d59a,CCOC(=O)CC(SP(=S)(OC)OC)C(=O)OCC,aqueous_solubility,log10(mol/L),train,,-3.369999885559082,-2.7370936441717637,-3.943914272430731,-1.5302730159127966,random,2030,node_gnn,node_gnn,none,none,77abfcdbb281d08df2e9fb09cf84b2a648ea9008
esol,2421d1979260abb6,CCOC(=O)CCN(SN(C)C(=O)Oc1cccc2c1OC(C)(C)C2)C(C)C,aqueous_solubility,log10(mol/L),calibration,,-4.710000038146973,-3.3153413900802513,-4.522162018339218,-2.1085207618212842,random,2030,node_gnn,node_gnn,none,none,77abfcdbb281d08df2e9fb09cf84b2a648ea9008
esol,9934a7cdf9d838a1,CCOC(=O)N(C)C(=O)CSP(=S)(OCC)OCC,aqueous_solubility,log10(mol/L),train,,-2.5179998874664307,-2.143981780808948,-3.350802409067915,-0.9371611525499808,random,2030,node_gnn,node_gnn,none,none,77abfcdbb281d08df2e9fb09cf84b2a648ea9008
esol,017bd56618b9c3e0,CCOC(=O)NCCOc1ccc(Oc2ccccc2)cc1,aqueous_solubility,log10(mol/L),train,,-4.699999809265137,-4.434575125740027,-5.641395753998994,-3.22775449748106,random,2030,node_gnn,node_gnn,none,none,77abfcdbb281d08df2e9fb09cf84b2a648ea9008
esol,e44fba8f66380aba,CCOC(=O)Nc1cccc(OC(=O)Nc2ccccc2)c1,aqueous_solubility,log10(mol/L),train,,-4.631999969482422,-3.9548694080321187,-5.161690036291086,-2.7480487797731517,random,2030,node_gnn,node_gnn,none,none,77abfcdbb281d08df2e9fb09cf84b2a648ea9008
esol,270eaa2f9b027f13,CCOC(=O)c1ccc(N)cc1,aqueous_solubility,log10(mol/L),train,,-2.615999937057495,-2.1306914836271735,-3.3375121118861406,-0.9238708553682065,random,2030,node_gnn,node_gnn,none,none,77abfcdbb281d08df2e9fb09cf84b2a648ea9008
esol,f9b586256095118b,CCOC(=O)c1ccc(O)cc1,aqueous_solubility,log10(mol/L),train,,-2.3499999046325684,-1.8892191353272254,-3.0960397635861927,-0.6823985070682583,random,2030,node_gnn,node_gnn,none,none,77abfcdbb281d08df2e9fb09cf84b2a648ea9008
esol,37b5741bf69cd1f0,CCOC(=O)c1ccccc1,aqueous_solubility,log10(mol/L),test,,-2.319999933242798,-2.1195384911466,-3.3263591194055673,-0.9127178628876331,random,2030,node_gnn,node_gnn,none,none,77abfcdbb281d08df2e9fb09cf84b2a648ea9008
esol,03ecbb03238f0c7b,CCOC(=O)c1ccccc1C(=O)OCC,aqueous_solubility,log10(mol/L),validation,,-2.3499999046325684,-2.500008564312565,-3.706829192571532,-1.2931879360535978,random,2030,node_gnn,node_gnn,none,none,77abfcdbb281d08df2e9fb09cf84b2a648ea9008
esol,6e27c736fee1b47a,CCOC(=O)c1ccccc1S(=O)(=O)NN(C=O)c1nc(Cl)cc(OC)n1,aqueous_solubility,log10(mol/L),train,,-4.576000213623047,-4.030091078373638,-5.236911706632605,-2.823270450114671,random,2030,node_gnn,node_gnn,none,none,77abfcdbb281d08df2e9fb09cf84b2a648ea9008
esol,8561e62c87b0f110,CCOC(=O)c1cncn1C(C)c1ccccc1,aqueous_solubility,log10(mol/L),train,,-4.735000133514404,-3.8735276899758198,-5.080348318234787,-2.6667070617168527,random,2030,node_gnn,node_gnn,none,none,77abfcdbb281d08df2e9fb09cf84b2a648ea9008
esol,1c0c21773d52ccc9,CCOC(C)=O,aqueous_solubility,log10(mol/L),calibration,,-0.03999999910593033,-0.039806974069649836,-1.246627602328617,1.1670136541893172,random,2030,node_gnn,node_gnn,none,none,77abfcdbb281d08df2e9fb09cf84b2a648ea9008
esol,8601bd8ced19ca47,CCOC(C)OCC,aqueous_solubility,log10(mol/L),test,,-0.4300000071525574,-0.20974979023221252,-1.4165704184911796,0.9970708380267546,random,2030,node_gnn,node_gnn,none,none,77abfcdbb281d08df2e9fb09cf84b2a648ea9008
esol,df86ba660a9b9e61,CCOC(N)=O,aqueous_solubility,log10(mol/L),train,,0.8500000238418579,0.31443189914117076,-0.8923887291177963,1.5212525274001378,random,2030,node_gnn,node_gnn,none,none,77abfcdbb281d08df2e9fb09cf84b2a648ea9008
esol,c3e06651eb242a60,CCOC1Oc2ccc(OS(C)(=O)=O)cc2C1(C)C,aqueous_solubility,log10(mol/L),train,,-3.4200000762939453,-3.5094035223212003,-4.716224150580167,-2.3025828940622333,random,2030,node_gnn,node_gnn,none,none,77abfcdbb281d08df2e9fb09cf84b2a648ea9008
esol,b11a63b949b34974,CCOC=O,aqueous_solubility,log10(mol/L),validation,,0.15000000596046448,-0.2949765419793575,-1.5017971702383246,0.9118440862796096,random,2030,node_gnn,node_gnn,none,none,77abfcdbb281d08df2e9fb09cf84b2a648ea9008
esol,ebb35693489e2f40,CCOCC,aqueous_solubility,log10(mol/L),train,,-0.09000000357627869,-0.27349689151001266,-1.4803175197689797,0.9333237367489544,random,2030,node_gnn,node_gnn,none,none,77abfcdbb281d08df2e9fb09cf84b2a648ea9008
esol,05fa589720d43836,CCOCCOCC,aqueous_solubility,log10(mol/L),test,,-0.7699999809265137,-0.8160464196619337,-2.0228670479209008,0.3907742085970334,random,2030,node_gnn,node_gnn,none,none,77abfcdbb281d08df2e9fb09cf84b2a648ea9008
esol,481deb2db0ec848d,CCOP(=O)(OCC)OCC,aqueous_solubility,log10(mol/L),train,,0.4300000071525574,0.13357894452806773,-1.0732416837308993,1.3403995727870348,random,2030,node_gnn,node_gnn,none,none,77abfcdbb281d08df2e9fb09cf84b2a648ea9008
esol,7f91652770ced25a,CCOP(=S)(CC)Oc1cc(Cl)c(Cl)cc1Cl,aqueous_solubility,log10(mol/L),train,,-5.751999855041504,-6.066269216783365,-7.273089845042332,-4.859448588524398,random,2030,node_gnn,node_gnn,none,none,77abfcdbb281d08df2e9fb09cf84b2a648ea9008
esol,7c5b6332fcb13dbf,CCOP(=S)(NC(C)C)Oc1ccccc1C(=O)OC(C)C,aqueous_solubility,log10(mol/L),calibration,,-4.193999767303467,-3.8649228355205008,-5.071743463779468,-2.6581022072615337,random,2030,node_gnn,node_gnn,none,none,77abfcdbb281d08df2e9fb09cf84b2a648ea9008
esol,537d47a9a7e6a6c9,CCOP(=S)(OCC)N1C(=O)c2ccccc2C1=O,aqueous_solubility,log10(mol/L),train,,-3.3499999046325684,-3.6701639960687156,-4.876984624327683,-2.4633433678097485,random,2030,node_gnn,node_gnn,none,none,77abfcdbb281d08df2e9fb09cf84b2a648ea9008
esol,a4d09552af3a116a,CCOP(=S)(OCC)ON=C(C#N)c1ccccc1,aqueous_solubility,log10(mol/L),train,,-4.861999988555908,-4.066809219977376,-5.273629848236343,-2.859988591718409,random,2030,node_gnn,node_gnn,none,none,77abfcdbb281d08df2e9fb09cf84b2a648ea9008
esol,a859beccae572be5,CCOP(=S)(OCC)Oc1cc(C)nc(C(C)C)n1,aqueous_solubility,log10(mol/L),validation,,-3.640000104904175,-3.6552907321639054,-4.8621113604228725,-2.4484701039049384,random,2030,node_gnn,node_gnn,none,none,77abfcdbb281d08df2e9fb09cf84b2a648ea9008
esol,2655a393a9271294,CCOP(=S)(OCC)Oc1ccc(S(C)=O)cc1,aqueous_solubility,log10(mol/L),train,,-2.299999952316284,-2.8783536804854792,-4.085174308744446,-1.6715330522265122,random,2030,node_gnn,node_gnn,none,none,77abfcdbb281d08df2e9fb09cf84b2a648ea9008
esol,8025defab702547a,CCOP(=S)(OCC)Oc1ccc([N+](=O)[O-])cc1,aqueous_solubility,log10(mol/L),train,,-4.659999847412109,-4.153089642820023,-5.35991027107899,-2.9462690145610555,random,2030,node_gnn,node_gnn,none,none,77abfcdbb281d08df2e9fb09cf84b2a648ea9008
esol,edd5605813d6f216,CCOP(=S)(OCC)Oc1ccc2oc(=O)c(Cl)c(C)c2c1,aqueous_solubility,log10(mol/L),train,,-5.381999969482422,-5.410095542060224,-6.616916170319191,-4.203274913801257,random,2030,node_gnn,node_gnn,none,none,77abfcdbb281d08df2e9fb09cf84b2a648ea9008
esol,b577f5a2343d6332,CCOP(=S)(OCC)Oc1nc(Cl)c(Cl)cc1Cl,aqueous_solubility,log10(mol/L),train,,-5.670000076293945,-5.963511558016249,-7.170332186275216,-4.756690929757282,random,2030,node_gnn,node_gnn,none,none,77abfcdbb281d08df2e9fb09cf84b2a648ea9008
esol,3f40312accc983dd,CCOP(=S)(OCC)Oc1nc(Cl)n(C(C)C)n1,aqueous_solubility,log10(mol/L),validation,,-3.6579999923706055,-4.71587578728133,-5.9226964155402975,-3.5090551590223633,random,2030,node_gnn,node_gnn,none,none,77abfcdbb281d08df2e9fb09cf84b2a648ea9008
esol,24384b764548a445,CCOP(=S)(OCC)SC(CCl)N1C(=O)c2ccccc2C1=O,aqueous_solubility,log10(mol/L),validation,,-6.340000152587891,-4.502332535540789,-5.709153163799756,-3.2955119072818215,random,2030,node_gnn,node_gnn,none,none,77abfcdbb281d08df2e9fb09cf84b2a648ea9008
esol,6d5b96eb33cae81f,CCOP(=S)(OCC)SCCSCC,aqueous_solubility,log10(mol/L),train,,-4.230000019073486,-4.143783097915328,-5.350603726174295,-2.936962469656361,random,2030,node_gnn,node_gnn,none,none,77abfcdbb281d08df2e9fb09cf84b2a648ea9008
esol,66e03fb49f8d10d6,CCOP(=S)(OCC)SCSC(C)(C)C,aqueous_solubility,log10(mol/L),validation,,-4.755000114440918,-4.4669789181909945,-5.6737995464499615,-3.2601582899320274,random,2030,node_gnn,node_gnn,none,none,77abfcdbb281d08df2e9fb09cf84b2a648ea9008
esol,9b4868f35e883ba4,CCOP(=S)(OCC)SCSCC,aqueous_solubility,log10(mol/L),test,,-4.110000133514404,-4.200018377109866,-5.406839005368833,-2.993197748850899,random,2030,node_gnn,node_gnn,none,none,77abfcdbb281d08df2e9fb09cf84b2a648ea9008
esol,9f7fec61cd56ae76,CCOP(=S)(OCC)SCSP(=S)(OCC)OCC,aqueous_solubility,log10(mol/L),train,,-5.539999961853027,-5.0609321288401965,-6.267752757099164,-3.8541115005812294,random,2030,node_gnn,node_gnn,none,none,77abfcdbb281d08df2e9fb09cf84b2a648ea9008
esol,2e3febfb504819dd,CCOP(=S)(OCC)SCSc1ccc(Cl)cc1,aqueous_solubility,log10(mol/L),validation,,-5.736000061035156,-5.850563113359242,-7.057383741618209,-4.643742485100275,random,2030,node_gnn,node_gnn,none,none,77abfcdbb281d08df2e9fb09cf84b2a648ea9008
esol,bc087b99671770ce,CCOP(=S)(OCC)SCn1c(=O)oc2cc(Cl)ccc21,aqueous_solubility,log10(mol/L),calibration,,-5.232999801635742,-5.331499651517524,-6.538320279776491,-4.124679023258557,random,2030,node_gnn,node_gnn,none,none,77abfcdbb281d08df2e9fb09cf84b2a648ea9008
esol,d489007731d8d5eb,CCOc1ccc(C(C)(C)COCc2cccc(Oc3ccccc3)c2)cc1,aqueous_solubility,log10(mol/L),train,,-8.600000381469727,-6.488462558493603,-7.69528318675257,-5.281641930234636,random,2030,node_gnn,node_gnn,none,none,77abfcdbb281d08df2e9fb09cf84b2a648ea9008
esol,a7d882d72bb25f91,CCOc1ccc(NC(C)=O)cc1,aqueous_solubility,log10(mol/L),calibration,,-2.3499999046325684,-2.0908292339005823,-3.2976498621595494,-0.8840086056416152,random,2030,node_gnn,node_gnn,none,none,77abfcdbb281d08df2e9fb09cf84b2a648ea9008
esol,7ccb0f8bf75e392d,CCOc1ccc(NC(N)=O)cc1,aqueous_solubility,log10(mol/L),test,,-2.1700000762939453,-2.1440244221918836,-3.3508450504508507,-0.9372037939329165,random,2030,node_gnn,node_gnn,none,none,77abfcdbb281d08df2e9fb09cf84b2a648ea9008
esol,d70f36bd68ed3056,CCOc1ccc2nc(S(N)(=O)=O)sc2c1,aqueous_solubility,log10(mol/L),test,,-3.809999942779541,-3.7983441824104487,-5.005164810669416,-2.5915235541514816,random,2030,node_gnn,node_gnn,none,none,77abfcdbb281d08df2e9fb09cf84b2a648ea9008
esol,d19caccfe21491e3,CCOc1ccccc1,aqueous_solubility,log10(mol/L),train,,-2.3299999237060547,-2.5494748393608986,-3.7562954676198657,-1.3426542111019315,random,2030,node_gnn,node_gnn,none,none,77abfcdbb281d08df2e9fb09cf84b2a648ea9008
esol,733c64bc774b16dc,CCS,aqueous_solubility,log10(mol/L),train,,-0.6000000238418579,-0.9400194280189558,-2.146840056277923,0.2668012002400113,random,2030,node_gnn,node_gnn,none,none,77abfcdbb281d08df2e9fb09cf84b2a648ea9008
esol,4210d252a5e4b130,CCSC(=O)N(CC(C)C)CC(C)C,aqueous_solubility,log10(mol/L),validation,,-3.680000066757202,-3.7033801825593717,-4.910200810818338,-2.4965595543004047,random,2030,node_gnn,node_gnn,none,none,77abfcdbb281d08df2e9fb09cf84b2a648ea9008
esol,0eacc78ccb3b2ec7,CCSC(=O)N(CC)C1CCCCC1,aqueous_solubility,log10(mol/L),train,,-3.4000000953674316,-3.2340763918198037,-4.44089702007877,-2.0272557635608366,random,2030,node_gnn,node_gnn,none,none,77abfcdbb281d08df2e9fb09cf84b2a648ea9008
esol,b34c23ed3887b6c3,CCSCC,aqueous_solubility,log10(mol/L),train,,-1.340000033378601,-1.560071057393894,-2.766891685652861,-0.353250429134927,random,2030,node_gnn,node_gnn,none,none,77abfcdbb281d08df2e9fb09cf84b2a648ea9008
esol,891c2426f12aec2e,CCSCCSP(=S)(OC)OC,aqueous_solubility,log10(mol/L),calibration,,-3.0910000801086426,-3.581023446620933,-4.7878440748799,-2.374202818361966,random,2030,node_gnn,node_gnn,none,none,77abfcdbb281d08df2e9fb09cf84b2a648ea9008
esol,0a4abbde14334c18,CCSCc1ccccc1OC(=O)NC,aqueous_solubility,log10(mol/L),train,,-2.0899999141693115,-1.910289781762613,-3.11711041002158,-0.7034691535036459,random,2030,node_gnn,node_gnn,none,none,77abfcdbb281d08df2e9fb09cf84b2a648ea9008
esol,87fc28998371cbb0,CCSSCC,aqueous_solubility,log10(mol/L),train,,-2.4200000762939453,-2.5587383013298743,-3.7655589295888414,-1.3519176730709073,random,2030,node_gnn,node_gnn,none,none,77abfcdbb281d08df2e9fb09cf84b2a648ea9008
esol,f3b46b3354c9eed2,CC[N+](=O)[O-],aqueous_solubility,log10(mol/L),validation,,-0.2199999988079071,-0.3669731108020331,-1.5737937390610002,0.839847517456934,random,2030,node_gnn,node_gnn,none,none,77abfcdbb281d08df2e9fb09cf84b2a648ea9008
esol,bb694e02c2818edd,CCc1ccc(C)cc1,aqueous_solubility,log10(mol/L),test,,-3.109999895095825,-3.312947101659997,-4.519767729918964,-2.10612647340103,random,2030,node_gnn,node_gnn,none,none,77abfcdbb281d08df2e9fb09cf84b2a648ea9008
esol,d26225632c84855c,CCc1ccc(CC)cc1,aqueous_solubility,log10(mol/L),validation,,-3.75,-3.7198553999568387,-4.926676028215805,-2.5130347716978716,random,2030,node_gnn,node_gnn,none,none,77abfcdbb281d08df2e9fb09cf84b2a648ea9008
esol,33ad79fcb84e93ac,CCc1ccc2ccccc2c1,aqueous_solubility,log10(mol/L),train,,-4.289999961853027,-4.992624418115275,-6.199445046374242,-3.785803789856308,random,2030,node_gnn,node_gnn,none,none,77abfcdbb281d08df2e9fb09cf84b2a648ea9008
esol,354b210ac00c8e34,CCc1cccc(C)c1N(C(=O)CCl)C(C)COC,aqueous_solubility,log10(mol/L),train,,-2.7300000190734863,-2.137388956222713,-3.34420958448168,-0.930568327963746,random,2030,node_gnn,node_gnn,none,none,77abfcdbb281d08df2e9fb09cf84b2a648ea9008
esol,fbe7773591d8989f,CCc1cccc(CC)c1N(COC)C(=O)CCl,aqueous_solubility,log10(mol/L),train,,-3.259999990463257,-2.2592956237184794,-3.4661162519774464,-1.0524749954595123,random,2030,node_gnn,node_gnn,none,none,77abfcdbb281d08df2e9fb09cf84b2a648ea9008
esol,e28c9726a0795ed3,CCc1cccc2ccccc12,aqueous_solubility,log10(mol/L),train,,-4.170000076293945,-3.8455959440997223,-5.052416572358689,-2.638775315840755,random,2030,node_gnn,node_gnn,none,none,77abfcdbb281d08df2e9fb09cf84b2a648ea9008
esol,8c96f07140aea378,CCc1ccccc1,aqueous_solubility,log10(mol/L),train,,-2.7699999809265137,-2.8824064253847284,-4.089227053643695,-1.6755857971257613,random,2030,node_gnn,node_gnn,none,none,77abfcdbb281d08df2e9fb09cf84b2a648ea9008
esol,03e6bb14b7cd4e84,CCc1ccccc1C,aqueous_solubility,log10(mol/L),validation,,-3.2100000381469727,-3.362290688113937,-4.569111316372904,-2.15547005985497,random,2030,node_gnn,node_gnn,none,none,77abfcdbb281d08df2e9fb09cf84b2a648ea9008
esol,d5b47e98960e200b,CCc1ccccc1CC,aqueous_solubility,log10(mol/L),train,,-3.2799999713897705,-3.3977827007213666,-4.604603328980334,-2.1909620724623995,random,2030,node_gnn,node_gnn,none,none,77abfcdbb281d08df2e9fb09cf84b2a648ea9008
esol,c72e4f98e3a14f65,CCc1ccccn1,aqueous_solubility,log10(mol/L),validation,,0.5099999904632568,-0.5842112762213376,-1.7910319044803047,0.6226093520376295,random,2030,node_gnn,node_gnn,none,none,77abfcdbb281d08df2e9fb09cf84b2a648ea9008
esol,dfcfa377f0081086,CI,aqueous_solubility,log10(mol/L),validation,,-1.0,-1.4643141549044998,-2.671134783163467,-0.2574935266455327,random,2030,node_gnn,node_gnn,none,none,77abfcdbb281d08df2e9fb09cf84b2a648ea9008
esol,17b9e8aacba5bcf4,CN(C(=O)COc1nc2ccccc2s1)c1ccccc1,aqueous_solubility,log10(mol/L),train,,-4.873000144958496,-3.9661409889741113,-5.172961617233078,-2.759320360715144,random,2030,node_gnn,node_gnn,none,none,77abfcdbb281d08df2e9fb09cf84b2a648ea9008
esol,21c12c9bffc5a79f,CN(C(=O)NC(C)(C)c1ccccc1)c1ccccc1,aqueous_solubility,log10(mol/L),train,,-3.3499999046325684,-3.496252692739531,-4.703073320998499,-2.289432064480564,random,2030,node_gnn,node_gnn,none,none,77abfcdbb281d08df2e9fb09cf84b2a648ea9008
esol,5b2b342c6e910b68,CN(C)C(=O)C(c1ccccc1)c1ccccc1,aqueous_solubility,log10(mol/L),validation,,-2.9800000190734863,-3.6036663994336227,-4.81048702769259,-2.3968457711746556,random,2030,node_gnn,node_gnn,none,none,77abfcdbb281d08df2e9fb09cf84b2a648ea9008
esol,e134da02d6e9cf26,CN(C)C(=O)N(C)C,aqueous_solubility,log10(mol/L),train,,0.9399999976158142,1.2464620157629844,0.039641387504017356,2.4532826440219515,random,2030,node_gnn,node_gnn,none,none,77abfcdbb281d08df2e9fb09cf84b2a648ea9008
esol,0842d549a4381515,CN(C)C(=O)NC1CC2CC1C1CCCC21,aqueous_solubility,log10(mol/L),validation,,-3.1710000038146973,-5.611232422209344,-6.818053050468311,-4.404411793950377,random,2030,node_gnn,node_gnn,none,none,77abfcdbb281d08df2e9fb09cf84b2a648ea9008
esol,6a218e40dde53207,CN(C)C(=O)NC1CCCCCCC1,aqueous_solubility,log10(mol/L),train,,-2.2179999351501465,-1.850726077698272,-3.0575467059572388,-0.6439054494393048,random,2030,node_gnn,node_gnn,none,none,77abfcdbb281d08df2e9fb09cf84b2a648ea9008
esol,f0f2d211a8e908bf,CN(C)C(=O)Nc1ccc(-n2nc(C(C)(C)C)oc2=O)c(Cl)c1,aqueous_solubility,log10(mol/L),validation,,-4.328000068664551,-4.055360134817068,-5.262180763076035,-2.848539506558101,random,2030,node_gnn,node_gnn,none,none,77abfcdbb281d08df2e9fb09cf84b2a648ea9008
esol,9a5249c275292eb3,CN(C)C(=O)Nc1ccc(Cl)c(Cl)c1,aqueous_solubility,log10(mol/L),train,,-3.799999952316284,-3.1680420471318707,-4.374862675390838,-1.9612214188729036,random,2030,node_gnn,node_gnn,none,none,77abfcdbb281d08df2e9fb09cf84b2a648ea9008
esol,9e5215f43f1d56ea,CN(C)C(=O)Nc1ccc(Cl)cc1,aqueous_solubility,log10(mol/L),train,,-2.890000104904175,-2.4635918771009124,-3.6704125053598795,-1.2567712488419454,random,2030,node_gnn,node_gnn,none,none,77abfcdbb281d08df2e9fb09cf84b2a648ea9008
esol,d673d5fc135e5b84,CN(C)C(=O)Nc1ccc(Oc2ccc(Cl)cc2)cc1,aqueous_solubility,log10(mol/L),train,,-4.889999866485596,-4.234101836343101,-5.440922464602068,-3.0272812080841343,random,2030,node_gnn,node_gnn,none,none,77abfcdbb281d08df2e9fb09cf84b2a648ea9008
esol,a7978985d5bfccc6,CN(C)C(=O)Nc1cccc(C(F)(F)F)c1,aqueous_solubility,log10(mol/L),test,,-3.430000066757202,-3.4696777124042097,-4.676498340663176,-2.2628570841452427,random,2030,node_gnn,node_gnn,none,none,77abfcdbb281d08df2e9fb09cf84b2a648ea9008
esol,acfcc9ff5ed16439,CN(C)C(=O)Nc1cccc(OC(=O)NC(C)(C)C)c1,aqueous_solubility,log10(mol/L),test,,-2.930000066757202,-2.43588872940789,-3.642709357666857,-1.2290681011489228,random,2030,node_gnn,node_gnn,none,none,77abfcdbb281d08df2e9fb09cf84b2a648ea9008
esol,a051aff34d8c425d,CN(C)C(=O)Nc1ccccc1,aqueous_solubility,log10(mol/L),calibration,,-1.600000023841858,-1.746945530372449,-2.9537661586314163,-0.540124902113482,random,2030,node_gnn,node_gnn,none,none,77abfcdbb281d08df2e9fb09cf84b2a648ea9008
esol,0483f0df1603d0eb,CN(C)C(=O)OC1=CC(=O)CC(C)(C)C1,aqueous_solubility,log10(mol/L),train,,-0.8500000238418579,-1.0451426742755034,-2.2519633025344703,0.16167795398346363,random,2030,node_gnn,node_gnn,none,none,77abfcdbb281d08df2e9fb09cf84b2a648ea9008
esol,c8b9b536892e09bf,CN(C)C(=O)SCCCCOc1ccccc1,aqueous_solubility,log10(mol/L),train,,-3.927000045776367,-3.164203392252864,-4.371024020511831,-1.957382763993897,random,2030,node_gnn,node_gnn,none,none,77abfcdbb281d08df2e9fb09cf84b2a648ea9008
esol,910101c5cb9a1670,CN(C)C(=S)SSC(=S)N(C)C,aqueous_solubility,log10(mol/L),train,,-3.9000000953674316,-3.399050651074016,-4.605871279332983,-2.192230022815049,random,2030,node_gnn,node_gnn,none,none,77abfcdbb281d08df2e9fb09cf84b2a648ea9008
esol,b0ec6d6c54570db8,CN(C)c1ccccc1,aqueous_solubility,log10(mol/L),test,,-1.9199999570846558,-1.9495565660233563,-3.1563771942823236,-0.7427359377643892,random,2030,node_gnn,node_gnn,none,none,77abfcdbb281d08df2e9fb09cf84b2a648ea9008
esol,925de75b6c7bfe03,CN(C)c1nc(N(C)C)nc(N(C)C)n1,aqueous_solubility,log10(mol/L),train,,-3.364000082015991,-1.9280386896988944,-3.1348593179578614,-0.7212180614399273,random,2030,node_gnn,node_gnn,none,none,77abfcdbb281d08df2e9fb09cf84b2a648ea9008
esol,24d71af8b3e29e2a,CN1C(=O)CN=C(c2ccccc2)c2cc(Cl)ccc21,aqueous_solubility,log10(mol/L),train,,-3.753999948501587,-3.638645516945415,-4.845466145204382,-2.4318248886864477,random,2030,node_gnn,node_gnn,none,none,77abfcdbb281d08df2e9fb09cf84b2a648ea9008
esol,764380275cf6ecfe,CN1C(=O)CN=C(c2ccccc2)c2cc([N+](=O)[O-])ccc21,aqueous_solubility,log10(mol/L),train,,-3.7960000038146973,-3.4466656214658693,-4.653486249724836,-2.2398449932069022,random,2030,node_gnn,node_gnn,none,none,77abfcdbb281d08df2e9fb09cf84b2a648ea9008
esol,5892fb4917f1bd4c,CN1C(=O)c2cccnc2Oc2ccccc21,aqueous_solubility,log10(mol/L),train,,-3.671999931335449,-3.146352028301445,-4.353172656560412,-1.939531400042478,random,2030,node_gnn,node_gnn,none,none,77abfcdbb281d08df2e9fb09cf84b2a648ea9008
esol,e866140d3ce88cc7,CN1C(C(=O)Nc2ccccn2)=C(O)c2ccccc2S1(=O)=O,aqueous_solubility,log10(mol/L),train,,-4.159999847412109,-3.9356687376279886,-5.142489365886956,-2.7288481093690216,random,2030,node_gnn,node_gnn,none,none,77abfcdbb281d08df2e9fb09cf84b2a648ea9008
esol,c3339d1527a56a6a,CN1CC(O)N(c2nnc(C(C)(C)C)s2)C1=O,aqueous_solubility,log10(mol/L),train,,-1.8769999742507935,-2.1738443108422647,-3.380664939101232,-0.9670236825832976,random,2030,node_gnn,node_gnn,none,none,77abfcdbb281d08df2e9fb09cf84b2a648ea9008
esol,61a26c632a00b9e2,CNC(=O)C(C)SCCSP(=O)(OC)OC,aqueous_solubility,log10(mol/L),train,,1.1440000534057617,0.30542144691621154,-0.9013991813427555,1.5122420751751786,random,2030,node_gnn,node_gnn,none,none,77abfcdbb281d08df2e9fb09cf84b2a648ea9008
esol,83a38e89cdeb9ac2,CNC(=O)C=C(C)OP(=O)(OC)OC,aqueous_solubility,log10(mol/L),validation,,0.6510000228881836,-0.06397353629569702,-1.270794164554664,1.14284709196327,random,2030,node_gnn,node_gnn,none,none,77abfcdbb281d08df2e9fb09cf84b2a648ea9008
esol,ca4d409d99769eda,CNC(=O)ON=C(CSC)C(C)(C)C,aqueous_solubility,log10(mol/L),train,,-1.6200000047683716,-1.2629128477180032,-2.4697334759769705,-0.056092219459036086,random,2030,node_gnn,node_gnn,none,none,77abfcdbb281d08df2e9fb09cf84b2a648ea9008
esol,9c9e6971a60807b7,CNC(=O)ON=C(SC)C(=O)N(C)C,aqueous_solubility,log10(mol/L),train,,0.10599999874830246,0.2804646313685386,-0.9263559968904285,1.4872852596275057,random,2030,node_gnn,node_gnn,none,none,77abfcdbb281d08df2e9fb09cf84b2a648ea9008
esol,f974acb9680d10ae,CNC(=O)Oc1cc(C(C)(C)C)cc(C(C)(C)C)c1,aqueous_solubility,log10(mol/L),calibration,,-4.239999771118164,-4.140509299432541,-5.347329927691508,-2.9336886711735737,random,2030,node_gnn,node_gnn,none,none,77abfcdbb281d08df2e9fb09cf84b2a648ea9008
esol,bf5c31c40ed233f0,CNC(=O)Oc1cc(C)cc(C)c1,aqueous_solubility,log10(mol/L),train,,-2.5810000896453857,-2.1588937752006254,-3.3657144034595925,-0.9520731469416583,random,2030,node_gnn,node_gnn,none,none,77abfcdbb281d08df2e9fb09cf84b2a648ea9008
esol,467d5329fab3eb8c,CNC(=O)Oc1ccc(N(C)C)c(C)c1,aqueous_solubility,log10(mol/L),train,,-2.359999895095825,-1.9194810183122675,-3.1263016465712345,-0.7126603900533004,random,2030,node_gnn,node_gnn,none,none,77abfcdbb281d08df2e9fb09cf84b2a648ea9008
esol,93b1c63994d0c3ae,CNC(=O)Oc1cccc(N=CN(C)C)c1,aqueous_solubility,log10(mol/L),validation,,-2.3399999141693115,-1.5962652650824483,-2.8030858933414153,-0.3894446368234812,random,2030,node_gnn,node_gnn,none,none,77abfcdbb281d08df2e9fb09cf84b2a648ea9008
esol,7c2469e5e8621db7,CNC(=O)Oc1cccc2c1OC(C)(C)C2,aqueous_solubility,log10(mol/L),train,,-2.799999952316284,-2.366332812047566,-3.573153440306533,-1.1595121837885989,random,2030,node_gnn,node_gnn,none,none,77abfcdbb281d08df2e9fb09cf84b2a648ea9008
esol,30aebbb20e458ecc,CNC(=O)Oc1cccc2ccccc12,aqueous_solubility,log10(mol/L),train,,-3.2239999771118164,-2.3933544545612424,-3.6001750828202095,-1.1865338263022753,random,2030,node_gnn,node_gnn,none,none,77abfcdbb281d08df2e9fb09cf84b2a648ea9008
esol,4b69c82630d9473f,CNC(=O)Oc1ccccc1,aqueous_solubility,log10(mol/L),train,,-1.8029999732971191,-1.281483422302392,-2.488304050561359,-0.07466279404342502,random,2030,node_gnn,node_gnn,none,none,77abfcdbb281d08df2e9fb09cf84b2a648ea9008
esol,18eaa4bff7b0ffc4,CNC(=O)Oc1ccccc1C(C)C,aqueous_solubility,log10(mol/L),train,,-2.86299991607666,-2.1668333988505597,-3.3736540271095268,-0.9600127705915926,random,2030,node_gnn,node_gnn,none,none,77abfcdbb281d08df2e9fb09cf84b2a648ea9008
esol,27b2b9a51d2a3dfb,CNC(=O)Oc1ccccc1C1OCCO1,aqueous_solubility,log10(mol/L),train,,-1.5700000524520874,-1.231023653494831,-2.437844281753798,-0.024203025235863818,random,2030,node_gnn,node_gnn,none,none,77abfcdbb281d08df2e9fb09cf84b2a648ea9008
esol,4429a01a775681b0,CNC(=O)Oc1ccccc1OC(C)C,aqueous_solubility,log10(mol/L),test,,-2.049999952316284,-1.6639105204766131,-2.8707311487355804,-0.45708989221764607,random,2030,node_gnn,node_gnn,none,none,77abfcdbb281d08df2e9fb09cf84b2a648ea9008
esol,ce17742748339d63,CNN,aqueous_solubility,log10(mol/L),validation,,1.340000033378601,2.161109587099539,0.9542889588405719,3.367930215358506,random,2030,node_gnn,node_gnn,none,none,77abfcdbb281d08df2e9fb09cf84b2a648ea9008
esol,05148dad0482f4d2,CNc1ccccc1,aqueous_solubility,log10(mol/L),train,,-1.2799999713897705,-1.419705969720336,-2.626526597979303,-0.21288534146136895,random,2030,node_gnn,node_gnn,none,none,77abfcdbb281d08df2e9fb09cf84b2a648ea9008
esol,a9c91e9f39b50d3c,CNc1cnn(-c2cccc(C(F)(F)F)c2)c(=O)c1Cl,aqueous_solubility,log10(mol/L),train,,-4.046000003814697,-3.7978279441294633,-5.00464857238843,-2.5910073158704963,random,2030,node_gnn,node_gnn,none,none,77abfcdbb281d08df2e9fb09cf84b2a648ea9008
esol,0bab33f79e992ea8,CO,aqueous_solubility,log10(mol/L),train,,1.5700000524520874,0.6147160501968889,-0.5921045780620782,1.821536678455856,random,2030,node_gnn,node_gnn,none,none,77abfcdbb281d08df2e9fb09cf84b2a648ea9008
esol,f81db077a722c928,COC(=O)C1=C(C)NC(C)=C(C(=O)OC)C1c1ccccc1[N+](=O)[O-],aqueous_solubility,log10(mol/L),train,,-4.760000228881836,-3.8805337448869244,-5.0873543731458915,-2.6737131166279573,random,2030,node_gnn,node_gnn,none,none,77abfcdbb281d08df2e9fb09cf84b2a648ea9008
esol,749fcea5bdddd1e6,COC(=O)Nc1cccc(OC(=O)Nc2cccc(C)c2)c1,aqueous_solubility,log10(mol/L),train,,-4.804999828338623,-3.6915904078883597,-4.898411036147326,-2.4847697796293926,random,2030,node_gnn,node_gnn,none,none,77abfcdbb281d08df2e9fb09cf84b2a648ea9008
esol,a22f0678e1767ab7,COC(=O)Nc1nc2ccc(C(=O)c3ccccc3)cc2[nH]1,aqueous_solubility,log10(mol/L),train,,-3.880000114440918,-4.174635526206649,-5.381456154465616,-2.967814897947682,random,2030,node_gnn,node_gnn,none,none,77abfcdbb281d08df2e9fb09cf84b2a648ea9008
esol,666ddf99a256128a,COC(=O)c1cc(O)c(O)c(O)c1,aqueous_solubility,log10(mol/L),train,,-1.2400000095367432,-1.6352608097771801,-2.842081438036147,-0.42844018151821306,random,2030,node_gnn,node_gnn,none,none,77abfcdbb281d08df2e9fb09cf84b2a648ea9008
esol,188786e497548b05,COC(=O)c1ccc(O)cc1,aqueous_solubility,log10(mol/L),test,,-1.8270000219345093,-1.4483141744582724,-2.6551348027172397,-0.2414935461993053,random,2030,node_gnn,node_gnn,none,none,77abfcdbb281d08df2e9fb09cf84b2a648ea9008
esol,49577c11df1cfd38,COC(=O)c1ccccc1,aqueous_solubility,log10(mol/L),calibration,,-1.850000023841858,-1.6988510967384443,-2.9056717249974113,-0.4920304684794772,random,2030,node_gnn,node_gnn,none,none,77abfcdbb281d08df2e9fb09cf84b2a648ea9008
esol,ed34e85526590345,COC(=O)c1ccccc1C(=O)OC,aqueous_solubility,log10(mol/L),train,,-1.659999966621399,-1.600835462532833,-2.8076560907918,-0.39401483427386585,random,2030,node_gnn,node_gnn,none,none,77abfcdbb281d08df2e9fb09cf84b2a648ea9008
esol,6e2b5874bd54e152,COC(=O)c1ccccc1OC1OC(COC2OCC(O)C(O)C2O)C(O)C(O)C1O,aqueous_solubility,log10(mol/L),train,,-0.7419999837875366,-0.910420378838483,-2.11724100709745,0.29640024942048404,random,2030,node_gnn,node_gnn,none,none,77abfcdbb281d08df2e9fb09cf84b2a648ea9008
esol,88ead3f7cdc58cf9,COC(=O)c1cccnc1,aqueous_solubility,log10(mol/L),train,,-0.46000000834465027,-0.8472457822818731,-2.05406641054084,0.359574845977094,random,2030,node_gnn,node_gnn,none,none,77abfcdbb281d08df2e9fb09cf84b2a648ea9008
esol,5c08f88c70ebf4aa,COC(C)(C)C,aqueous_solubility,log10(mol/L),train,,-0.23999999463558197,-0.3235826020323538,-1.5304032302913209,0.8832380262266133,random,2030,node_gnn,node_gnn,none,none,77abfcdbb281d08df2e9fb09cf84b2a648ea9008
esol,6773ea5b6283d92d,COC(C)(C)CCCC(C)CC=CC(C)=CC(=O)OC(C)C,aqueous_solubility,log10(mol/L),train,,-5.190000057220459,-4.393740324471862,-5.600560952730829,-3.186919696212895,random,2030,node_gnn,node_gnn,none,none,77abfcdbb281d08df2e9fb09cf84b2a648ea9008
esol,798f5eefa4edc99d,COC(C)=O,aqueous_solubility,log10(mol/L),train,,0.46000000834465027,0.5339961646154134,-0.6728244636435536,1.7408167928743805,random,2030,node_gnn,node_gnn,none,none,77abfcdbb281d08df2e9fb09cf84b2a648ea9008
esol,fe98fc7972b9fbd7,COC1=C(OC)C2C(=O)OCC2C=C1,aqueous_solubility,log10(mol/L),calibration,,-1.8990000486373901,-2.737515831710209,-3.944336459969176,-1.5306952034512418,random,2030,node_gnn,node_gnn,none,none,77abfcdbb281d08df2e9fb09cf84b2a648ea9008
esol,033c75d289f7b25e,COC1=CC(=O)CC(C)C12Oc1c(Cl)c(OC)cc(OC)c1C2=O,aqueous_solubility,log10(mol/L),train,,-3.246000051498413,-3.2998008137640844,-4.506621442023052,-2.0929801855051173,random,2030,node_gnn,node_gnn,none,none,77abfcdbb281d08df2e9fb09cf84b2a648ea9008
esol,14db5dcd22155360,COC1=CC2OC3C=CC(O)=CC3C(=O)C2C(O)=C1,aqueous_solubility,log10(mol/L),train,,-2.943000078201294,-3.1401634452870204,-4.346984073545988,-1.9333428170280533,random,2030,node_gnn,node_gnn,none,none,77abfcdbb281d08df2e9fb09cf84b2a648ea9008
esol,68ee9b244d6cfe81,COC=O,aqueous_solubility,log10(mol/L),train,,0.5799999833106995,0.19015093925827253,-1.0166696890006945,1.3969715675172396,random,2030,node_gnn,node_gnn,none,none,77abfcdbb281d08df2e9fb09cf84b2a648ea9008
esol,89703926e52a5f1b,COCC(=O)N(c1c(C)cccc1C)C(C)C(=O)OC,aqueous_solubility,log10(mol/L),train,,-1.6009999513626099,-1.4341679587483103,-2.6409885870072776,-0.2273473304893432,random,2030,node_gnn,node_gnn,none,none,77abfcdbb281d08df2e9fb09cf84b2a648ea9008
esol,8828034dbcc2ba49,COCCCNc1nc(NC(C)C)nc(SC)n1,aqueous_solubility,log10(mol/L),test,,-2.927999973297119,-3.351250228513774,-4.558070856772741,-2.144429600254807,random,2030,node_gnn,node_gnn,none,none,77abfcdbb281d08df2e9fb09cf84b2a648ea9008
esol,16dde7866f46c4c1,COCOC,aqueous_solubility,log10(mol/L),test,,0.47999998927116394,0.9856869983662926,-0.2211336298926745,2.1925076266252597,random,2030,node_gnn,node_gnn,none,none,77abfcdbb281d08df2e9fb09cf84b2a648ea9008
esol,e2974c195ea5145c,CON(C)C(=O)Nc1ccc(Br)c(Cl)c1,aqueous_solubility,log10(mol/L),test,,-3.9240000247955322,-3.232628855642867,-4.439449483901834,-2.0258082273838998,random,2030,node_gnn,node_gnn,none,none,77abfcdbb281d08df2e9fb09cf84b2a648ea9008
esol,6ff13bb4acd5abdb,CON(C)C(=O)Nc1ccc(Cl)c(Cl)c1,aqueous_solubility,log10(mol/L),train,,-3.5920000076293945,-3.014504288783683,-4.22132491704265,-1.8076836605247157,random,2030,node_gnn,node_gnn,none,none,77abfcdbb281d08df2e9fb09cf84b2a648ea9008
esol,48039236e49fe73d,CON(C)C(=O)Nc1ccc(Cl)cc1,aqueous_solubility,log10(mol/L),train,,-2.569999933242798,-2.2991802034000406,-3.5060008316590077,-1.0923595751410735,random,2030,node_gnn,node_gnn,none,none,77abfcdbb281d08df2e9fb09cf84b2a648ea9008
esol,af9e24623c743976,COP(=O)(NC(C)=O)SC,aqueous_solubility,log10(mol/L),train,,0.5400000214576721,0.47215858988233306,-0.734662038376634,1.6789792181413001,random,2030,node_gnn,node_gnn,none,none,77abfcdbb281d08df2e9fb09cf84b2a648ea9008
esol,13a3fd60c5aabbbd,COP(=O)(OC)C(O)C(Cl)(Cl)Cl,aqueous_solubility,log10(mol/L),train,,-0.2199999988079071,-0.317707174558735,-1.524527802817702,0.8891134537002321,random,2030,node_gnn,node_gnn,none,none,77abfcdbb281d08df2e9fb09cf84b2a648ea9008
esol,780a5f925619f9f0,COP(=O)(OC)OC(=CCl)c1cc(Cl)c(Cl)cc1Cl,aqueous_solubility,log10(mol/L),train,,-4.521999835968018,-4.345082217172305,-5.551902845431272,-3.1382615889133376,random,2030,node_gnn,node_gnn,none,none,77abfcdbb281d08df2e9fb09cf84b2a648ea9008
esol,5a3a208a796a3e9e,COP(=O)(OC)OC(Br)C(Cl)(Cl)Br,aqueous_solubility,log10(mol/L),train,,-2.2799999713897705,-2.009760521621422,-3.216581149880389,-0.802939893362455,random,2030,node_gnn,node_gnn,none,none,77abfcdbb281d08df2e9fb09cf84b2a648ea9008
esol,6d1ebe733929addc,COP(=S)(OC)Oc1cc(Cl)c(Br)cc1Cl,aqueous_solubility,log10(mol/L),test,,-6.090000152587891,-5.942923591850423,-7.14974422010939,-4.736102963591456,random,2030,node_gnn,node_gnn,none,none,77abfcdbb281d08df2e9fb09cf84b2a648ea9008
esol,57f26cdf89d354e1,COP(=S)(OC)Oc1cc(Cl)c(Cl)cc1Cl,aqueous_solubility,log10(mol/L),train,,-5.71999979019165,-5.804202594420707,-7.0110232226796745,-4.59738196616174,random,2030,node_gnn,node_gnn,none,none,77abfcdbb281d08df2e9fb09cf84b2a648ea9008
esol,c8a8a21070ddea32,COP(=S)(OC)Oc1cc(Cl)c(I)cc1Cl,aqueous_solubility,log10(mol/L),train,,-6.619999885559082,-6.109830038768911,-7.316650667027878,-4.903009410509944,random,2030,node_gnn,node_gnn,none,none,77abfcdbb281d08df2e9fb09cf84b2a648ea9008
esol,93a69b9aac77fb83,COP(=S)(OC)Oc1ccc(SC)c(C)c1,aqueous_solubility,log10(mol/L),test,,-4.570000171661377,-3.9743577816131275,-5.1811784098720945,-2.7675371533541604,random,2030,node_gnn,node_gnn,none,none,77abfcdbb281d08df2e9fb09cf84b2a648ea9008
esol,af206ce7eb35e12c,COP(=S)(OC)Oc1ccc(Sc2ccc(OP(=S)(OC)OC)cc2)cc1,aqueous_solubility,log10(mol/L),train,,-6.236999988555908,-5.769661308031632,-6.976481936290599,-4.562840679772665,random,2030,node_gnn,node_gnn,none,none,77abfcdbb281d08df2e9fb09cf84b2a648ea9008
esol,0630c7b78d9001c5,COP(=S)(OC)Oc1ccc([N+](=O)[O-])c(C)c1,aqueous_solubility,log10(mol/L),train,,-4.039999961853027,-3.7560111294744005,-4.962831757733367,-2.5491905012154334,random,2030,node_gnn,node_gnn,none,none,77abfcdbb281d08df2e9fb09cf84b2a648ea9008
esol,26a3764db159060c,COP(=S)(OC)Oc1ccc([N+](=O)[O-])cc1Cl,aqueous_solubility,log10(mol/L),train,,-4.309999942779541,-4.225192058152411,-5.432012686411378,-3.0183714298934436,random,2030,node_gnn,node_gnn,none,none,77abfcdbb281d08df2e9fb09cf84b2a648ea9008
esol,3c1bae9a1671999e,COP(=S)(OC)SCC(=O)N(C)C=O,aqueous_solubility,log10(mol/L),train,,-1.9950000047683716,-1.0725324456513294,-2.2793530739102965,0.13428818260763764,random,2030,node_gnn,node_gnn,none,none,77abfcdbb281d08df2e9fb09cf84b2a648ea9008
esol,3c7c2897c14190e7,COP(=S)(OC)SCC(=O)N(c1ccc(Cl)cc1)C(C)C,aqueous_solubility,log10(mol/L),train,,-4.432000160217285,-4.494164566023654,-5.700985194282621,-3.287343937764687,random,2030,node_gnn,node_gnn,none,none,77abfcdbb281d08df2e9fb09cf84b2a648ea9008
esol,73a7a17726ecb1d8,COc1c(O)c(Cl)c(Cl)c(Cl)c1Cl,aqueous_solubility,log10(mol/L),train,,-4.019999980926514,-4.082782833414629,-5.289603461673596,-2.8759622051556617,random,2030,node_gnn,node_gnn,none,none,77abfcdbb281d08df2e9fb09cf84b2a648ea9008
esol,f6aaf2955176d64c,COc1c2occc2c(OC)c2c(=O)cc(C)oc12,aqueous_solubility,log10(mol/L),train,,-3.0209999084472656,-3.152001569987648,-4.3588221982466155,-1.945180941728681,random,2030,node_gnn,node_gnn,none,none,77abfcdbb281d08df2e9fb09cf84b2a648ea9008
esol,d81d239372dc39ef,COc1c2occc2cc2ccc(=O)oc12,aqueous_solubility,log10(mol/L),train,,-3.6640000343322754,-3.5828452933989654,-4.7896659216579325,-2.3760246651399983,random,2030,node_gnn,node_gnn,none,none,77abfcdbb281d08df2e9fb09cf84b2a648ea9008
esol,fb0727226d8bda00,COc1cc(C2c3cc4c(cc3C(OC3OC5COC(C)OC5C(O)C3O)C3COC(=O)C23)OCO4)cc(OC)c1O,aqueous_solubility,log10(mol/L),train,,-3.571000099182129,-3.4638279580709086,-4.670648586329875,-2.2570073298119415,random,2030,node_gnn,node_gnn,none,none,77abfcdbb281d08df2e9fb09cf84b2a648ea9008
esol,a2fe2787bc40ab5d,COc1cc2c(N)nc(N3CCN(C(=O)OCC(C)(C)O)CC3)nc2c(OC)c1OC,aqueous_solubility,log10(mol/L),train,,-3.638000011444092,-2.97735382758213,-4.184174455841097,-1.7705331993231628,random,2030,node_gnn,node_gnn,none,none,77abfcdbb281d08df2e9fb09cf84b2a648ea9008
esol,0bd779b87e0a0d4a,COc1ccc(C(O)(c2cncnc2)C2CC2)cc1,aqueous_solubility,log10(mol/L),test,,-2.5959999561309814,-3.593765209089676,-4.800585837348644,-2.386944580830709,random,2030,node_gnn,node_gnn,none,none,77abfcdbb281d08df2e9fb09cf84b2a648ea9008
esol,9068cc8b834cc0eb,COc1ccc(C(c2ccc(OC)cc2)C(Cl)(Cl)Cl)cc1,aqueous_solubility,log10(mol/L),train,,-6.889999866485596,-5.798057188960454,-7.0048778172194215,-4.591236560701487,random,2030,node_gnn,node_gnn,none,none,77abfcdbb281d08df2e9fb09cf84b2a648ea9008
esol,53952794d358f97b,COc1ccc(C=O)cc1,aqueous_solubility,log10(mol/L),train,,-1.4900000095367432,-1.6668574437428731,-2.87367807200184,-0.46003681548390607,random,2030,node_gnn,node_gnn,none,none,77abfcdbb281d08df2e9fb09cf84b2a648ea9008
esol,61e05515e58dc633,COc1ccc(Cl)cc1,aqueous_solubility,log10(mol/L),train,,-2.7799999713897705,-2.815173296433479,-4.021993924692445,-1.6083526681745117,random,2030,node_gnn,node_gnn,none,none,77abfcdbb281d08df2e9fb09cf84b2a648ea9008
esol,6f0d5c822a2c8b54,COc1ccc(NC(=O)N(C)C)cc1Cl,aqueous_solubility,log10(mol/L),train,,-2.563999891281128,-2.4103779543558654,-3.6171985826148325,-1.2035573260968984,random,2030,node_gnn,node_gnn,none,none,77abfcdbb281d08df2e9fb09cf84b2a648ea9008
esol,a440351c22fbaf2f,COc1ccc(Oc2ccc(NC(=O)N(C)C)cc2)cc1,aqueous_solubility,log10(mol/L),train,,-4.159999847412109,-3.5313865429618874,-4.738207171220854,-2.3245659147029203,random,2030,node_gnn,node_gnn,none,none,77abfcdbb281d08df2e9fb09cf84b2a648ea9008
esol,54c11156225fcdea,COc1ccc([N+](=O)[O-])cc1,aqueous_solubility,log10(mol/L),validation,,-2.4100000858306885,-2.404939664136307,-3.611760292395274,-1.19811903587734,random,2030,node_gnn,node_gnn,none,none,77abfcdbb281d08df2e9fb09cf84b2a648ea9008
esol,76a18f4c2024b3d3,COc1ccc2ccc(=O)oc2c1CC=C(C)C,aqueous_solubility,log10(mol/L),train,,-4.314000129699707,-3.7168656460707363,-4.923686274329704,-2.5100450178117693,random,2030,node_gnn,node_gnn,none,none,77abfcdbb281d08df2e9fb09cf84b2a648ea9008
esol,28951249e2791f06,COc1cccc(Cl)c1,aqueous_solubility,log10(mol/L),train,,-2.7799999713897705,-2.6356752780710555,-3.8424959063300226,-1.4288546498120884,random,2030,node_gnn,node_gnn,none,none,77abfcdbb281d08df2e9fb09cf84b2a648ea9008
esol,93c51a6d6f685836,COc1ccccc1,aqueous_solubility,log10(mol/L),train,,-1.850000023841858,-1.8231388691499772,-3.029959497408944,-0.6163182408910102,random,2030,node_gnn,node_gnn,none,none,77abfcdbb281d08df2e9fb09cf84b2a648ea9008
esol,61ef7d42849f3184,COc1ccccc1Cl,aqueous_solubility,log10(mol/L),train,,-2.4600000381469727,-2.1762016349867785,-3.3830222632457456,-0.9693810067278115,random,2030,node_gnn,node_gnn,none,none,77abfcdbb281d08df2e9fb09cf84b2a648ea9008
esol,eb6f42a07bb6de18,COc1ccccc1O,aqueous_solubility,log10(mol/L),train,,-1.9600000381469727,-1.351904278483448,-2.558724906742415,-0.145083650224481,random,2030,node_gnn,node_gnn,none,none,77abfcdbb281d08df2e9fb09cf84b2a648ea9008
esol,814823a858f686a6,COc1ccccc1OCC(O)COC(N)=O,aqueous_solubility,log10(mol/L),test,,-0.9850000143051147,-1.316409868875203,-2.52323049713417,-0.10958924061623598,random,2030,node_gnn,node_gnn,none,none,77abfcdbb281d08df2e9fb09cf84b2a648ea9008
esol,d4928ef8bde7d1fe,COc1ccccc1[N+](=O)[O-],aqueous_solubility,log10(mol/L),train,,-1.9600000381469727,-1.9903161771606634,-3.1971368054196305,-0.7834955489016964,random,2030,node_gnn,node_gnn,none,none,77abfcdbb281d08df2e9fb09cf84b2a648ea9008
esol,f77319b49caa9f62,COc1cnc2cncnc2n1,aqueous_solubility,log10(mol/L),train,,-0.9100000262260437,-1.4670005620294513,-2.673821190288418,-0.2601799337704842,random,2030,node_gnn,node_gnn,none,none,77abfcdbb281d08df2e9fb09cf84b2a648ea9008
esol,5dffcf404f645444,COc1cnc2ncncc2n1,aqueous_solubility,log10(mol/L),train,,-1.1390000581741333,-1.453203425333049,-2.660024053592016,-0.24638279707408195,random,2030,node_gnn,node_gnn,none,none,77abfcdbb281d08df2e9fb09cf84b2a648ea9008
esol,80014862d89a7874,COc1nc(NC(C)C)nc(NC(C)C)n1,aqueous_solubility,log10(mol/L),train,,-2.4779999256134033,-2.8566289682221915,-4.063449596481158,-1.6498083399632244,random,2030,node_gnn,node_gnn,none,none,77abfcdbb281d08df2e9fb09cf84b2a648ea9008
esol,6d629ddb03b3976b,COc1ncc2nccnc2n1,aqueous_solubility,log10(mol/L),train,,-1.1100000143051147,-1.5532115980063734,-2.7600322262653405,-0.34639096974740635,random,2030,node_gnn,node_gnn,none,none,77abfcdbb281d08df2e9fb09cf84b2a648ea9008
esol,1b1400c943fc116e,COc1ncnc2nccnc12,aqueous_solubility,log10(mol/L),train,,-1.1100000143051147,-1.46298205324054,-2.6698026814995073,-0.2561614249815729,random,2030,node_gnn,node_gnn,none,none,77abfcdbb281d08df2e9fb09cf84b2a648ea9008
esol,ac0041960cd300cd,CS(=O)(=O)c1ccc(C(O)C(CO)NC(=O)C(Cl)Cl)cc1,aqueous_solubility,log10(mol/L),train,,-2.1540000438690186,-1.9096955778761417,-3.116516206135109,-0.7028749496171747,random,2030,node_gnn,node_gnn,none,none,77abfcdbb281d08df2e9fb09cf84b2a648ea9008
esol,15427e61e6c5e494,CSC,aqueous_solubility,log10(mol/L),train,,-0.44999998807907104,-0.9304497176562623,-2.1372703459152294,0.2763709106027048,random,2030,node_gnn,node_gnn,none,none,77abfcdbb281d08df2e9fb09cf84b2a648ea9008
esol,27be4a939cf2095e,CSCS(=O)CC(CO)NC(=O)C=Cc1c(C)[nH]c(=O)[nH]c1=O,aqueous_solubility,log10(mol/L),calibration,,-1.9809999465942383,-2.758227889977484,-3.965048518236451,-1.5514072617185168,random,2030,node_gnn,node_gnn,none,none,77abfcdbb281d08df2e9fb09cf84b2a648ea9008
esol,34db32618c7c0bd7,CSSC,aqueous_solubility,log10(mol/L),train,,-1.440000057220459,-1.5398581587767906,-2.7466787870357576,-0.3330375305178235,random,2030,node_gnn,node_gnn,none,none,77abfcdbb281d08df2e9fb09cf84b2a648ea9008
esol,c0328538a0e8d514,CSc1ccccc1,aqueous_solubility,log10(mol/L),train,,-2.390000104904175,-2.299032598612955,-3.5058532268719222,-1.092211970353988,random,2030,node_gnn,node_gnn,none,none,77abfcdbb281d08df2e9fb09cf84b2a648ea9008
esol,01435d46358b4e6f,CSc1nc(N(C)C)nc(N(C)C)n1,aqueous_solubility,log10(mol/L),train,,-2.6760001182556152,-2.4451272121052057,-3.6519478403641727,-1.2383065838462386,random,2030,node_gnn,node_gnn,none,none,77abfcdbb281d08df2e9fb09cf84b2a648ea9008
esol,a2e1c537815223d9,CSc1nc(NC(C)C)nc(NC(C)C)n1,aqueous_solubility,log10(mol/L),train,,-4.099999904632568,-3.0493465958969326,-4.2561672241559,-1.8425259676379655,random,2030,node_gnn,node_gnn,none,none,77abfcdbb281d08df2e9fb09cf84b2a648ea9008
esol,6c043c25cd0ee673,CSc1nnc(C(C)(C)C)c(=O)n1N,aqueous_solubility,log10(mol/L),train,,-2.253000020980835,-2.46426947138419,-3.6710900996431572,-1.257448843125223,random,2030,node_gnn,node_gnn,none,none,77abfcdbb281d08df2e9fb09cf84b2a648ea9008
esol,939a64a917fc1fbc,C[N+](=O)[O-],aqueous_solubility,log10(mol/L),train,,0.25999999046325684,0.2768883061511942,-0.9299323221077729,1.4837089344101613,random,2030,node_gnn,node_gnn,none,none,77abfcdbb281d08df2e9fb09cf84b2a648ea9008
esol,6a00bcc744815977,Cc1[nH]c(=O)n(C(C)(C)C)c(=O)c1Cl,aqueous_solubility,log10(mol/L),train,,-2.4839999675750732,-2.573928915526918,-3.780749543785885,-1.3671082872679508,random,2030,node_gnn,node_gnn,none,none,77abfcdbb281d08df2e9fb09cf84b2a648ea9008
esol,011959fb02a50970,Cc1c(C)c(C)c(C)c(C)c1C,aqueous_solubility,log10(mol/L),train,,-5.230000019073486,-4.826275336965455,-6.0330959652244225,-3.6194547087064883,random,2030,node_gnn,node_gnn,none,none,77abfcdbb281d08df2e9fb09cf84b2a648ea9008
esol,255cf0d2a2107c67,Cc1c(C)c2c3ccccc3ccc2c2ccccc12,aqueous_solubility,log10(mol/L),test,,-7.010000228881836,-6.262184167576047,-7.469004795835014,-5.05536353931708,random,2030,node_gnn,node_gnn,none,none,77abfcdbb281d08df2e9fb09cf84b2a648ea9008
esol,96b9df861fc1a5b7,Cc1c(F)c(F)c(COC(=O)C2C(C=C(Cl)C(F)(F)F)C2(C)C)c(F)c1F,aqueous_solubility,log10(mol/L),train,,-7.321000099182129,-7.429879077994661,-8.636699706253628,-6.223058449735694,random,2030,node_gnn,node_gnn,none,none,77abfcdbb281d08df2e9fb09cf84b2a648ea9008
esol,27f7cb057fe02c05,Cc1c(N(C)C)c(=O)n(-c2ccccc2)n1C,aqueous_solubility,log10(mol/L),train,,-0.36399999260902405,-0.3023103552125539,-1.509130983471521,0.9045102730464132,random,2030,node_gnn,node_gnn,none,none,77abfcdbb281d08df2e9fb09cf84b2a648ea9008
esol,a71940fe39e775e7,Cc1c(N)c(=O)n(-c2ccccc2)n1C,aqueous_solubility,log10(mol/L),train,,-0.6240000128746033,-0.2827379604450502,-1.4895585887040173,0.9240826678139169,random,2030,node_gnn,node_gnn,none,none,77abfcdbb281d08df2e9fb09cf84b2a648ea9008
esol,405aedd218ada939,Cc1c([N+](=O)[O-])cc([N+](=O)[O-])cc1[N+](=O)[O-],aqueous_solubility,log10(mol/L),train,,-3.2200000286102295,-3.469586626373205,-4.676407254632172,-2.262765998114238,random,2030,node_gnn,node_gnn,none,none,77abfcdbb281d08df2e9fb09cf84b2a648ea9008
esol,6bbc2d7fd1aa6c13,Cc1c([N+](=O)[O-])cccc1[N+](=O)[O-],aqueous_solubility,log10(mol/L),train,,-3.0,-2.720682515006638,-3.927503143265605,-1.5138618867476707,random,2030,node_gnn,node_gnn,none,none,77abfcdbb281d08df2e9fb09cf84b2a648ea9008
esol,2e4e642d79dc2dce,Cc1c2ccccc2c(C)c2c1ccc1ccccc12,aqueous_solubility,log10(mol/L),validation,,-7.019999980926514,-6.620394997296774,-7.827215625555741,-5.413574369037807,random,2030,node_gnn,node_gnn,none,none,77abfcdbb281d08df2e9fb09cf84b2a648ea9008
esol,74b6a8e9080bc721,Cc1c2ccccc2c(C)c2ccccc12,aqueous_solubility,log10(mol/L),train,,-6.570000171661377,-5.790731197519394,-6.997551825778361,-4.583910569260427,random,2030,node_gnn,node_gnn,none,none,77abfcdbb281d08df2e9fb09cf84b2a648ea9008
esol,64f1735379f646a8,Cc1c2ccccc2cc2ccccc12,aqueous_solubility,log10(mol/L),train,,-5.889999866485596,-5.741885367208569,-6.948705995467536,-4.535064738949602,random,2030,node_gnn,node_gnn,none,none,77abfcdbb281d08df2e9fb09cf84b2a648ea9008
esol,0ada1641492d4a17,Cc1c[nH]c(=O)[nH]c1=O,aqueous_solubility,log10(mol/L),train,,-1.50600004196167,-1.581752055931776,-2.788572684190743,-0.37493142767280885,random,2030,node_gnn,node_gnn,none,none,77abfcdbb281d08df2e9fb09cf84b2a648ea9008
esol,b32a6b50a85ca7a0,Cc1c[nH]c(=O)nc1N,aqueous_solubility,log10(mol/L),train,,-1.4579999446868896,-1.6246824667027375,-2.831503094961705,-0.41786183844377045,random,2030,node_gnn,node_gnn,none,none,77abfcdbb281d08df2e9fb09cf84b2a648ea9008
esol,855b948e58b48eae,Cc1c[nH]c2ccccc12,aqueous_solubility,log10(mol/L),train,,-2.4200000762939453,-2.5350870942792487,-3.741907722538216,-1.3282664660202816,random,2030,node_gnn,node_gnn,none,none,77abfcdbb281d08df2e9fb09cf84b2a648ea9008
esol,412aec08aadb9b06,Cc1cc(=O)[nH]c(=S)[nH]1,aqueous_solubility,log10(mol/L),calibration,,-2.436000108718872,-2.824465490872761,-4.031286119131728,-1.617644862613794,random,2030,node_gnn,node_gnn,none,none,77abfcdbb281d08df2e9fb09cf84b2a648ea9008
esol,e96744a6c5b15c2c,Cc1cc(=O)n(-c2ccccc2)n1C,aqueous_solubility,log10(mol/L),train,,0.7149999737739563,0.15263409175108444,-1.0541865365078826,1.3594547200100515,random,2030,node_gnn,node_gnn,none,none,77abfcdbb281d08df2e9fb09cf84b2a648ea9008
esol,c699d455e9ba8b21,Cc1cc(C(=O)NNCc2ccccc2)no1,aqueous_solubility,log10(mol/L),train,,-2.4609999656677246,-2.5555430992422608,-3.762363727501228,-1.3487224709832937,random,2030,node_gnn,node_gnn,none,none,77abfcdbb281d08df2e9fb09cf84b2a648ea9008
esol,f4af7cb57402c3b2,Cc1cc(C)c(C)c(C)c1C,aqueous_solubility,log10(mol/L),train,,-4.0,-4.420679333536358,-5.627499961795325,-3.2138587052773913,random,2030,node_gnn,node_gnn,none,none,77abfcdbb281d08df2e9fb09cf84b2a648ea9008
esol,10496a05f7b4af1b,Cc1cc(C)c(C)cc1C,aqueous_solubility,log10(mol/L),train,,-4.590000152587891,-4.064515542512422,-5.271336170771389,-2.8576949142534547,random,2030,node_gnn,node_gnn,none,none,77abfcdbb281d08df2e9fb09cf84b2a648ea9008
esol,30a7fa25e77ab523,Cc1cc(C)c(O)c(C)c1,aqueous_solubility,log10(mol/L),train,,-2.049999952316284,-2.061145785059802,-3.267966413318769,-0.8543251568008348,random,2030,node_gnn,node_gnn,none,none,77abfcdbb281d08df2e9fb09cf84b2a648ea9008
esol,30cd61fe6a9269f3,Cc1cc(C)c2ccccc2c1,aqueous_solubility,log10(mol/L),train,,-4.289999961853027,-4.024991017584998,-5.231811645843965,-2.8181703893260313,random,2030,node_gnn,node_gnn,none,none,77abfcdbb281d08df2e9fb09cf84b2a648ea9008
esol,ac4846758902f02f,Cc1cc(C)cc(C)c1,aqueous_solubility,log10(mol/L),train,,-3.4000000953674316,-3.413402945775178,-4.620223574034146,-2.206582317516211,random,2030,node_gnn,node_gnn,none,none,77abfcdbb281d08df2e9fb09cf84b2a648ea9008
esol,dc9647b3b1f901cf,Cc1cc(C)cc(O)c1,aqueous_solubility,log10(mol/L),train,,-1.399999976158142,-1.799397206858035,-3.006217835117002,-0.592576578599068,random,2030,node_gnn,node_gnn,none,none,77abfcdbb281d08df2e9fb09cf84b2a648ea9008
esol,3d3499c252e700d7,Cc1cc(Cl)ccc1N=CN(C)C,aqueous_solubility,log10(mol/L),calibration,,-2.859999895095825,-3.1404407088945563,-4.347261337153523,-1.9336200806355892,random,2030,node_gnn,node_gnn,none,none,77abfcdbb281d08df2e9fb09cf84b2a648ea9008
esol,867fad1f4374306f,Cc1cc(OC(=O)N(C)C)n(-c2ccccc2)n1,aqueous_solubility,log10(mol/L),train,,-2.0899999141693115,-2.336928929196684,-3.543749557455651,-1.1301083009377169,random,2030,node_gnn,node_gnn,none,none,77abfcdbb281d08df2e9fb09cf84b2a648ea9008
esol,441ca226655131b8,Cc1cc(S(=O)(=O)c2ccccc2)ccc1NS(=O)(=O)C(F)(F)F,aqueous_solubility,log10(mol/L),test,,-3.799999952316284,-4.134698212507138,-5.341518840766105,-2.9278775842481712,random,2030,node_gnn,node_gnn,none,none,77abfcdbb281d08df2e9fb09cf84b2a648ea9008
esol,1fa0d1470ef45a5f,Cc1cc([N+](=O)[O-])cc([N+](=O)[O-])c1O,aqueous_solubility,log10(mol/L),train,,-1.4559999704360962,-2.2860206058417023,-3.4928412341006694,-1.0791999775827352,random,2030,node_gnn,node_gnn,none,none,77abfcdbb281d08df2e9fb09cf84b2a648ea9008
esol,15fb6126c6fb5019,Cc1cc2c3ccccc3ccc2c2ccccc12,aqueous_solubility,log10(mol/L),train,,-6.570000171661377,-6.036353132705503,-7.24317376096447,-4.829532504446536,random,2030,node_gnn,node_gnn,none,none,77abfcdbb281d08df2e9fb09cf84b2a648ea9008
esol,c93bd0af60161701,Cc1cc2ccccc2c2ccc3ccccc3c12,aqueous_solubility,log10(mol/L),train,,-6.590000152587891,-6.068097497616218,-7.274918125875185,-4.861276869357251,random,2030,node_gnn,node_gnn,none,none,77abfcdbb281d08df2e9fb09cf84b2a648ea9008
esol,efd1cc43cd7740a7,Cc1cc2ccccc2cc1C,aqueous_solubility,log10(mol/L),validation,,-4.71999979019165,-4.356760657463314,-5.5635812857222815,-3.1499400292043473,random,2030,node_gnn,node_gnn,none,none,77abfcdbb281d08df2e9fb09cf84b2a648ea9008
esol,6f06d12b282eda81,Cc1cc2nc3c(=O)[nH]c(=O)nc-3n(CC(O)C(O)C(O)CO)c2cc1C,aqueous_solubility,log10(mol/L),train,,-3.684999942779541,-3.123729513074659,-4.330550141333626,-1.916908884815692,random,2030,node_gnn,node_gnn,none,none,77abfcdbb281d08df2e9fb09cf84b2a648ea9008
esol,2a4331f10b97d5ab,Cc1ccc(-c2ccccc2)cc1,aqueous_solubility,log10(mol/L),train,,-4.619999885559082,-3.9384809872957756,-5.145301615554743,-2.7316603590368085,random,2030,node_gnn,node_gnn,none,none,77abfcdbb281d08df2e9fb09cf84b2a648ea9008
esol,93239662ab8fbc9f,Cc1ccc(Br)cc1,aqueous_solubility,log10(mol/L),train,,-3.190000057220459,-3.0323679215945414,-4.239188549853509,-1.8255472933355743,random,2030,node_gnn,node_gnn,none,none,77abfcdbb281d08df2e9fb09cf84b2a648ea9008
esol,5a420868d7b8f3d4,Cc1ccc(C(C)C)c(O)c1,aqueous_solubility,log10(mol/L),train,,-2.2200000286102295,-2.577636634236355,-3.784457262495322,-1.370816005977388,random,2030,node_gnn,node_gnn,none,none,77abfcdbb281d08df2e9fb09cf84b2a648ea9008
esol,55d42f10edd4630a,Cc1ccc(C(C)C)cc1,aqueous_solubility,log10(mol/L),train,,-3.7699999809265137,-3.971865720791172,-5.178686349050139,-2.7650450925322048,random,2030,node_gnn,node_gnn,none,none,77abfcdbb281d08df2e9fb09cf84b2a648ea9008
esol,80356e4fbac18ade,Cc1ccc(C(C)C)cc1O,aqueous_solubility,log10(mol/L),test,,-2.0799999237060547,-2.758761522284127,-3.965582150543094,-1.5519408940251598,random,2030,node_gnn,node_gnn,none,none,77abfcdbb281d08df2e9fb09cf84b2a648ea9008
esol,b3cdd1fa6b9ddc97,Cc1ccc(C)c(C)c1,aqueous_solubility,log10(mol/L),train,,-3.309999942779541,-3.614171570904211,-4.820992199163178,-2.4073509426452437,random,2030,node_gnn,node_gnn,none,none,77abfcdbb281d08df2e9fb09cf84b2a648ea9008
esol,c41a4db964d8c35c,Cc1ccc(C)c2ccccc12,aqueous_solubility,log10(mol/L),train,,-4.139999866485596,-3.9315122120552557,-5.138332840314223,-2.7246915837962886,random,2030,node_gnn,node_gnn,none,none,77abfcdbb281d08df2e9fb09cf84b2a648ea9008
esol,e70d51f4f2d7e744,Cc1ccc(C)cc1,aqueous_solubility,log10(mol/L),train,,-2.7699999809265137,-2.995765025266874,-4.202585653525841,-1.7889443970079069,random,2030,node_gnn,node_gnn,none,none,77abfcdbb281d08df2e9fb09cf84b2a648ea9008
esol,407f9df507c39d4f,Cc1ccc(Cl)cc1,aqueous_solubility,log10(mol/L),train,,-3.0799999237060547,-3.068612553033812,-4.2754331812927795,-1.861791924774845,random,2030,node_gnn,node_gnn,none,none,77abfcdbb281d08df2e9fb09cf84b2a648ea9008
esol,01cfad37701e8c61,Cc1ccc(N)cc1,aqueous_solubility,log10(mol/L),train,,-1.2100000381469727,-1.534174491368445,-2.740995119627412,-0.3273538631094779,random,2030,node_gnn,node_gnn,none,none,77abfcdbb281d08df2e9fb09cf84b2a648ea9008
esol,5140ae913c5e9340,Cc1ccc(N=CN(C)C=Nc2ccc(C)cc2C)c(C)c1,aqueous_solubility,log10(mol/L),train,,-5.46999979019165,-4.641777174901035,-5.848597803160002,-3.434956546642068,random,2030,node_gnn,node_gnn,none,none,77abfcdbb281d08df2e9fb09cf84b2a648ea9008
esol,ec39337ff30f2e1c,Cc1ccc(NC(=O)N(C)C)cc1Cl,aqueous_solubility,log10(mol/L),train,,-3.4830000400543213,-2.6564851560492593,-3.8633057843082264,-1.4496645277902922,random,2030,node_gnn,node_gnn,none,none,77abfcdbb281d08df2e9fb09cf84b2a648ea9008
esol,543e85576d5b1ad7,Cc1ccc(O)c(C)c1,aqueous_solubility,log10(mol/L),test,,-1.190000057220459,-1.706103159628024,-2.9129237878869914,-0.499282531369057,random,2030,node_gnn,node_gnn,none,none,77abfcdbb281d08df2e9fb09cf84b2a648ea9008
esol,807595891e8d435d,Cc1ccc(O)cc1,aqueous_solubility,log10(mol/L),train,,-0.7300000190734863,-1.1757421283091516,-2.3825627565681184,0.031078499949815486,random,2030,node_gnn,node_gnn,none,none,77abfcdbb281d08df2e9fb09cf84b2a648ea9008
esol,6d71e1108f6d1e43,Cc1ccc(O)cc1C,aqueous_solubility,log10(mol/L),train,,-1.3799999952316284,-1.7784910703733818,-2.9853116986323487,-0.5716704421144148,random,2030,node_gnn,node_gnn,none,none,77abfcdbb281d08df2e9fb09cf84b2a648ea9008
esol,be3de4bd034b2ced,Cc1ccc(OP(=O)(Oc2cccc(C)c2)Oc2ccccc2C)cc1,aqueous_solubility,log10(mol/L),calibration,,-6.010000228881836,-4.426773392715976,-5.633594020974943,-3.219952764457009,random,2030,node_gnn,node_gnn,none,none,77abfcdbb281d08df2e9fb09cf84b2a648ea9008
esol,a1641c5766fa1d1e,Cc1ccc(S(N)(=O)=O)cc1,aqueous_solubility,log10(mol/L),train,,-1.7400000095367432,-1.704267687792722,-2.911088316051689,-0.497447059533755,random,2030,node_gnn,node_gnn,none,none,77abfcdbb281d08df2e9fb09cf84b2a648ea9008
esol,b040d11e09a9051b,Cc1ccc([N+](=O)[O-])cc1,aqueous_solubility,log10(mol/L),calibration,,-2.490000009536743,-2.4989688967481465,-3.7057895250071136,-1.2921482684891794,random,2030,node_gnn,node_gnn,none,none,77abfcdbb281d08df2e9fb09cf84b2a648ea9008
esol,2514a688d2813b05,Cc1ccc([N+](=O)[O-])cc1[N+](=O)[O-],aqueous_solubility,log10(mol/L),validation,,-2.819999933242798,-2.8399119060581923,-4.04673253431716,-1.6330912777992252,random,2030,node_gnn,node_gnn,none,none,77abfcdbb281d08df2e9fb09cf84b2a648ea9008
esol,75d407b5695faf1e,Cc1ccc2c(c1)C(=O)N(C)c1cc(N)ccc1O2,aqueous_solubility,log10(mol/L),train,,-3.927999973297119,-3.4025500830283444,-4.609370711287312,-2.1957294547693773,random,2030,node_gnn,node_gnn,none,none,77abfcdbb281d08df2e9fb09cf84b2a648ea9008
esol,cf6110a1ac72a9f2,Cc1ccc2c(c1)Oc1ncc(N)cc1C(=O)N2C,aqueous_solubility,log10(mol/L),train,,-3.0429999828338623,-3.2837532717753515,-4.4905739000343186,-2.0769326435163844,random,2030,node_gnn,node_gnn,none,none,77abfcdbb281d08df2e9fb09cf84b2a648ea9008
esol,484807ab7d19194e,Cc1ccc2c(ccc3c4c5c(cccc5cc32)CC4)c1,aqueous_solubility,log10(mol/L),train,,-7.920000076293945,-7.18441761570528,-8.391238243964247,-5.977596987446313,random,2030,node_gnn,node_gnn,none,none,77abfcdbb281d08df2e9fb09cf84b2a648ea9008
esol,0d7d0a46ef5fcffa,Cc1ccc2c(ccc3ccccc32)c1,aqueous_solubility,log10(mol/L),calibration,,-5.840000152587891,-5.521538922520712,-6.728359550779679,-4.314718294261745,random,2030,node_gnn,node_gnn,none,none,77abfcdbb281d08df2e9fb09cf84b2a648ea9008
esol,f21bb8ad915e950d,Cc1ccc2cc(C)ccc2c1,aqueous_solubility,log10(mol/L),train,,-4.889999866485596,-4.572586106296481,-5.779406734555448,-3.365765478037514,random,2030,node_gnn,node_gnn,none,none,77abfcdbb281d08df2e9fb09cf84b2a648ea9008
esol,6a4cbbb1228ffe70,Cc1ccc2cc3ccccc3cc2c1,aqueous_solubility,log10(mol/L),train,,-6.960000038146973,-6.1059852494601845,-7.312805877719152,-4.899164621201217,random,2030,node_gnn,node_gnn,none,none,77abfcdbb281d08df2e9fb09cf84b2a648ea9008
esol,7c337e72c4fb8697,Cc1ccc2ccc(C)nc2c1,aqueous_solubility,log10(mol/L),train,,-1.940000057220459,-2.1698879979166295,-3.3767086261755965,-0.9630673696576624,random,2030,node_gnn,node_gnn,none,none,77abfcdbb281d08df2e9fb09cf84b2a648ea9008
esol,62365c0b67433ee7,Cc1ccc2ccccc2c1,aqueous_solubility,log10(mol/L),train,,-3.7699999809265137,-4.150935748350017,-5.357756376608984,-2.94411512009105,random,2030,node_gnn,node_gnn,none,none,77abfcdbb281d08df2e9fb09cf84b2a648ea9008
esol,39db8370e4db7035,Cc1cccc(C)c1,aqueous_solubility,log10(mol/L),calibration,,-2.819999933242798,-2.964018736447608,-4.170839364706575,-1.757198108188641,random,2030,node_gnn,node_gnn,none,none,77abfcdbb281d08df2e9fb09cf84b2a648ea9008
esol,84bea6e6f81eeef8,Cc1cccc(C)c1C,aqueous_solubility,log10(mol/L),train,,-3.200000047683716,-3.616364700492835,-4.823185328751802,-2.409544072233868,random,2030,node_gnn,node_gnn,none,none,77abfcdbb281d08df2e9fb09cf84b2a648ea9008
esol,ca35ffe188dcb62e,Cc1cccc(C)c1NC(=O)c1cc(S(N)(=O)=O)c(Cl)cc1O,aqueous_solubility,log10(mol/L),train,,-3.7899999618530273,-3.38977848420734,-4.596599112466308,-2.182957855948373,random,2030,node_gnn,node_gnn,none,none,77abfcdbb281d08df2e9fb09cf84b2a648ea9008
esol,9e3832bcb765a66a,Cc1cccc(C)c1O,aqueous_solubility,log10(mol/L),validation,,-1.2899999618530273,-1.6133447790014008,-2.820165407260368,-0.40652415074243375,random,2030,node_gnn,node_gnn,none,none,77abfcdbb281d08df2e9fb09cf84b2a648ea9008
esol,09c3568484741bd2,Cc1cccc(C)n1,aqueous_solubility,log10(mol/L),test,,0.44999998807907104,-0.07589823688105746,-1.2827188651400245,1.1309223913779096,random,2030,node_gnn,node_gnn,none,none,77abfcdbb281d08df2e9fb09cf84b2a648ea9008
esol,f8b18cec21f70926,Cc1cccc(N)c1,aqueous_solubility,log10(mol/L),train,,-0.8500000238418579,-1.5683229219395853,-2.7751435501985524,-0.36150229368061826,random,2030,node_gnn,node_gnn,none,none,77abfcdbb281d08df2e9fb09cf84b2a648ea9008
esol,e5c2622998da5c45,Cc1cccc(O)c1,aqueous_solubility,log10(mol/L),train,,-0.6800000071525574,-1.1789701314605618,-2.385790759719529,0.027850496798405233,random,2030,node_gnn,node_gnn,none,none,77abfcdbb281d08df2e9fb09cf84b2a648ea9008
esol,5bbfd578bb7356ff,Cc1cccc([N+](=O)[O-])c1,aqueous_solubility,log10(mol/L),train,,-2.440000057220459,-2.3564709829801753,-3.5632916112391424,-1.1496503547212082,random,2030,node_gnn,node_gnn,none,none,77abfcdbb281d08df2e9fb09cf84b2a648ea9008
esol,fbc530657b31c9ba,Cc1cccc2c(C)cccc12,aqueous_solubility,log10(mol/L),train,,-4.678999900817871,-3.7587588493570645,-4.965579477616032,-2.5519382210980974,random,2030,node_gnn,node_gnn,none,none,77abfcdbb281d08df2e9fb09cf84b2a648ea9008
esol,0dd4170e780f9e1b,Cc1cccc2c1Cc1ccccc1-2,aqueous_solubility,log10(mol/L),train,,-5.21999979019165,-5.083064772794971,-6.2898854010539385,-3.8762441445360043,random,2030,node_gnn,node_gnn,none,none,77abfcdbb281d08df2e9fb09cf84b2a648ea9008
esol,92d50cda130f67ac,Cc1cccc2c1ccc1ccccc12,aqueous_solubility,log10(mol/L),train,,-5.849999904632568,-5.035881577944827,-6.242702206203794,-3.82906094968586,random,2030,node_gnn,node_gnn,none,none,77abfcdbb281d08df2e9fb09cf84b2a648ea9008
esol,629d13feb3a3b8cd,Cc1cccc2ccccc12,aqueous_solubility,log10(mol/L),train,,-3.700000047683716,-3.5948735696511607,-4.801694197910128,-2.3880529413921936,random,2030,node_gnn,node_gnn,none,none,77abfcdbb281d08df2e9fb09cf84b2a648ea9008
esol,b79b110dff884a0e,Cc1cccc2sc3nncn3c12,aqueous_solubility,log10(mol/L),train,,-2.069999933242798,-2.4402549925520156,-3.6470756208109827,-1.2334343642930485,random,2030,node_gnn,node_gnn,none,none,77abfcdbb281d08df2e9fb09cf84b2a648ea9008
esol,613c1068601fad75,Cc1ccccc1,aqueous_solubility,log10(mol/L),validation,,-2.2100000381469727,-2.5356529126297422,-3.7424735408887093,-1.3288322843707752,random,2030,node_gnn,node_gnn,none,none,77abfcdbb281d08df2e9fb09cf84b2a648ea9008
esol,e3961bd7a5f3a550,Cc1ccccc1-n1c(C)nc2ccccc2c1=O,aqueous_solubility,log10(mol/L),train,,-2.924999952316284,-3.238142651388127,-4.444963279647094,-2.0313220231291598,random,2030,node_gnn,node_gnn,none,none,77abfcdbb281d08df2e9fb09cf84b2a648ea9008
esol,2ff33823d5772c05,Cc1ccccc1Br,aqueous_solubility,log10(mol/L),train,,-2.2300000190734863,-2.898772050958707,-4.105592679217674,-1.69195142269974,random,2030,node_gnn,node_gnn,none,none,77abfcdbb281d08df2e9fb09cf84b2a648ea9008
esol,c0b1929de20edfb4,Cc1ccccc1C,aqueous_solubility,log10(mol/L),validation,,-2.799999952316284,-3.1438378740706527,-4.35065850232962,-1.9370172458116857,random,2030,node_gnn,node_gnn,none,none,77abfcdbb281d08df2e9fb09cf84b2a648ea9008
esol,00f0fa1f0651f60d,Cc1ccccc1C(C)C,aqueous_solubility,log10(mol/L),train,,-3.759999990463257,-3.6337782806307635,-4.8405989088897305,-2.4269576523717964,random,2030,node_gnn,node_gnn,none,none,77abfcdbb281d08df2e9fb09cf84b2a648ea9008
esol,a7f475b5b8228872,Cc1ccccc1Cl,aqueous_solubility,log10(mol/L),train,,-3.5199999809265137,-3.0757486215845664,-4.282569249843533,-1.8689279933255993,random,2030,node_gnn,node_gnn,none,none,77abfcdbb281d08df2e9fb09cf84b2a648ea9008
esol,0dd4c8702dc1fdce,Cc1ccccc1N,aqueous_solubility,log10(mol/L),train,,-2.2100000381469727,-1.8465759861803606,-3.0533966144393276,-0.6397553579213935,random,2030,node_gnn,node_gnn,none,none,77abfcdbb281d08df2e9fb09cf84b2a648ea9008
esol,a7dff4308003efd2,Cc1ccccc1N1C(=O)c2cc(S(N)(=O)=O)c(Cl)cc2NC1C,aqueous_solubility,log10(mol/L),validation,,-3.7799999713897705,-3.531191502790235,-4.738012131049202,-2.324370874531268,random,2030,node_gnn,node_gnn,none,none,77abfcdbb281d08df2e9fb09cf84b2a648ea9008
esol,24d16ceffc604697,Cc1ccccc1O,aqueous_solubility,log10(mol/L),validation,,-0.6200000047683716,-1.1013865322098035,-2.3082071604687706,0.10543409604916354,random,2030,node_gnn,node_gnn,none,none,77abfcdbb281d08df2e9fb09cf84b2a648ea9008
esol,805826dee21e2541,Cc1ccccc1[N+](=O)[O-],aqueous_solubility,log10(mol/L),train,,-2.3299999237060547,-2.4204287049349316,-3.6272493331938986,-1.2136080766759645,random,2030,node_gnn,node_gnn,none,none,77abfcdbb281d08df2e9fb09cf84b2a648ea9008
esol,474ee05eaf81182e,Cc1cccnc1C,aqueous_solubility,log10(mol/L),train,,0.3799999952316284,0.12176147818973515,-1.085059150069232,1.3285821064487022,random,2030,node_gnn,node_gnn,none,none,77abfcdbb281d08df2e9fb09cf84b2a648ea9008
esol,c62348f6c851f984,Cc1ccnc(C)c1,aqueous_solubility,log10(mol/L),train,,0.3799999952316284,-0.13191437973784526,-1.3387350079968123,1.0749062485211218,random,2030,node_gnn,node_gnn,none,none,77abfcdbb281d08df2e9fb09cf84b2a648ea9008
esol,4de2045f3a11fa0a,Cc1ccnc2c1NC(=O)c1cccnc1N2C1CC1,aqueous_solubility,log10(mol/L),train,,-3.190000057220459,-3.939899128673233,-5.1467197569322,-2.733078500414266,random,2030,node_gnn,node_gnn,none,none,77abfcdbb281d08df2e9fb09cf84b2a648ea9008
esol,acc76910d8f4ff6b,Cc1ccncc1C,aqueous_solubility,log10(mol/L),train,,0.36000001430511475,-0.32663612875595316,-1.5334567570149202,0.8801844995030139,random,2030,node_gnn,node_gnn,none,none,77abfcdbb281d08df2e9fb09cf84b2a648ea9008
esol,ee3c8e9fe56171f6,Cc1cnc2cncnc2n1,aqueous_solubility,log10(mol/L),train,,-0.8539999723434448,-0.9936776790205104,-2.2004983072794775,0.21314294923845667,random,2030,node_gnn,node_gnn,none,none,77abfcdbb281d08df2e9fb09cf84b2a648ea9008
esol,b7bc00c49d3331ef,Cc1cncc(C)c1,aqueous_solubility,log10(mol/L),test,,0.3799999952316284,-0.35650704829212554,-1.5633276765510926,0.8503135799668415,random,2030,node_gnn,node_gnn,none,none,77abfcdbb281d08df2e9fb09cf84b2a648ea9008
esol,042b34bcb74741d5,Cc1nc(N(C)C)nc(OC(=O)N(C)C)c1C,aqueous_solubility,log10(mol/L),train,,-1.9500000476837158,-2.022737316328062,-3.2295579445870293,-0.8159166880690951,random,2030,node_gnn,node_gnn,none,none,77abfcdbb281d08df2e9fb09cf84b2a648ea9008
esol,cec71bf80bd8f6e3,Cc1ncc([N+](=O)[O-])n1CCO,aqueous_solubility,log10(mol/L),train,,-1.2400000095367432,-1.554946017333594,-2.7617666455925614,-0.348125389074627,random,2030,node_gnn,node_gnn,none,none,77abfcdbb281d08df2e9fb09cf84b2a648ea9008
esol,1cb0421cc2c2827f,Cc1ncc2nccnc2n1,aqueous_solubility,log10(mol/L),validation,,-0.11999999731779099,-1.043788747288325,-2.250609375547292,0.16303188097064214,random,2030,node_gnn,node_gnn,none,none,77abfcdbb281d08df2e9fb09cf84b2a648ea9008
esol,cfa09bff2b7e2c4b,Cc1ncnc2nccnc12,aqueous_solubility,log10(mol/L),calibration,,-0.4659999907016754,-1.035476074616672,-2.242296702875639,0.17134455364229506,random,2030,node_gnn,node_gnn,none,none,77abfcdbb281d08df2e9fb09cf84b2a648ea9008
esol,284d1cdd17c0d81f,Cc1nnc2n1-c1ccc(Cl)cc1C(c1ccccc1Cl)=NC2,aqueous_solubility,log10(mol/L),train,,-4.090000152587891,-3.7276174563094884,-4.9344380845684555,-2.5207968280505213,random,2030,node_gnn,node_gnn,none,none,77abfcdbb281d08df2e9fb09cf84b2a648ea9008
esol,ec2b7fe9f13b2d9c,Cc1occc1C(=O)Nc1ccccc1,aqueous_solubility,log10(mol/L),train,,-3.299999952316284,-3.2104637260191393,-4.417284354278106,-2.0036430977601722,random,2030,node_gnn,node_gnn,none,none,77abfcdbb281d08df2e9fb09cf84b2a648ea9008
esol,cdc579c966071175,Cl/C=C\Cl,aqueous_solubility,log10(mol/L),calibration,,-1.2999999523162842,-1.5635353543625785,-2.7703559826215454,-0.35671472610361143,random,2030,node_gnn,node_gnn,none,none,77abfcdbb281d08df2e9fb09cf84b2a648ea9008
esol,02468b6be0148620,ClC(Br)Br,aqueous_solubility,log10(mol/L),test,,-1.899999976158142,-1.8794558986881313,-3.086276526947098,-0.6726352704291643,random,2030,node_gnn,node_gnn,none,none,77abfcdbb281d08df2e9fb09cf84b2a648ea9008
esol,0ca70198c63a232f,ClC(Cl)(Cl)C(Cl)(Cl)Cl,aqueous_solubility,log10(mol/L),train,,-3.6700000762939453,-3.634664540142963,-4.84148516840193,-2.427843911883996,random,2030,node_gnn,node_gnn,none,none,77abfcdbb281d08df2e9fb09cf84b2a648ea9008
esol,d2ba0174e7c2c4be,ClC(Cl)(Cl)Cl,aqueous_solubility,log10(mol/L),train,,-2.309999942779541,-2.5539263221919266,-3.7607469504508937,-1.3471056939329595,random,2030,node_gnn,node_gnn,none,none,77abfcdbb281d08df2e9fb09cf84b2a648ea9008
esol,41b1caa188d009ed,ClC(Cl)=C(Cl)C(Cl)=C(Cl)Cl,aqueous_solubility,log10(mol/L),train,,-4.920000076293945,-3.9403334273736954,-5.1471540556326625,-2.7335127991147283,random,2030,node_gnn,node_gnn,none,none,77abfcdbb281d08df2e9fb09cf84b2a648ea9008
esol,0a598a4f3d7fd0d1,ClC(Cl)=C(Cl)Cl,aqueous_solubility,log10(mol/L),train,,-2.5399999618530273,-2.3759505255055466,-3.5827711537645137,-1.1691298972465796,random,2030,node_gnn,node_gnn,none,none,77abfcdbb281d08df2e9fb09cf84b2a648ea9008
esol,4ab2bc44793c9976,ClC(Cl)=C(c1ccc(Cl)cc1)c1ccc(Cl)cc1,aqueous_solubility,log10(mol/L),train,,-6.900000095367432,-6.291749280271283,-7.49856990853025,-5.084928652012316,random,2030,node_gnn,node_gnn,none,none,77abfcdbb281d08df2e9fb09cf84b2a648ea9008
esol,67aa014f03d20911,ClC(Cl)Br,aqueous_solubility,log10(mol/L),train,,-1.5399999618530273,-1.7025291052535583,-2.909349733512525,-0.4957084769945912,random,2030,node_gnn,node_gnn,none,none,77abfcdbb281d08df2e9fb09cf84b2a648ea9008
esol,54b833be7f8d53bc,ClC(Cl)C(Cl)(Cl)Cl,aqueous_solubility,log10(mol/L),calibration,,-2.5999999046325684,-2.838241638042282,-4.045062266301249,-1.631421009783315,random,2030,node_gnn,node_gnn,none,none,77abfcdbb281d08df2e9fb09cf84b2a648ea9008
esol,84612cb9c965a207,ClC(Cl)C(Cl)Cl,aqueous_solubility,log10(mol/L),train,,-1.7400000095367432,-1.9798139704016107,-3.1866345986605777,-0.7729933421426436,random,2030,node_gnn,node_gnn,none,none,77abfcdbb281d08df2e9fb09cf84b2a648ea9008
esol,98805ccd27cea784,ClC(Cl)Cl,aqueous_solubility,log10(mol/L),test,,-1.1699999570846558,-1.4714332473277651,-2.6782538755867322,-0.26461261906879807,random,2030,node_gnn,node_gnn,none,none,77abfcdbb281d08df2e9fb09cf84b2a648ea9008
esol,06320f68e141f9e5,ClC1(Cl)C2(Cl)C3(Cl)C4(Cl)C(Cl)(Cl)C5(Cl)C3(Cl)C1(Cl)C5(Cl)C24Cl,aqueous_solubility,log10(mol/L),validation,,-6.800000190734863,-6.030351547294204,-7.237172175553171,-4.823530919035237,random,2030,node_gnn,node_gnn,none,none,77abfcdbb281d08df2e9fb09cf84b2a648ea9008
esol,e4dfffaeb7fece39,ClC1=C(Cl)C(Cl)(C2(Cl)C(Cl)=C(Cl)C(Cl)=C2Cl)C(Cl)=C1Cl,aqueous_solubility,log10(mol/L),train,,-7.2779998779296875,-7.558635364558809,-8.765455992817776,-6.351814736299842,random,2030,node_gnn,node_gnn,none,none,77abfcdbb281d08df2e9fb09cf84b2a648ea9008
esol,75fac8bbc9bd1273,ClC1=C(Cl)C2(Cl)C3C(Cl)C(Cl)CC3C1(Cl)C2(Cl)Cl,aqueous_solubility,log10(mol/L),test,,-6.860000133514404,-6.778690660336872,-7.9855112885958395,-5.571870032077905,random,2030,node_gnn,node_gnn,none,none,77abfcdbb281d08df2e9fb09cf84b2a648ea9008
esol,ff8fb7708cb3f0c6,ClC1=C(Cl)C2(Cl)C3C(Cl)C=CC3C1(Cl)C2(Cl)Cl,aqueous_solubility,log10(mol/L),train,,-6.316999912261963,-6.198392154072432,-7.405212782331399,-4.991571525813465,random,2030,node_gnn,node_gnn,none,none,77abfcdbb281d08df2e9fb09cf84b2a648ea9008
esol,c61121c1c8eea03b,ClC1=C(Cl)C2(Cl)C3C4C=CC(C4)C3C1(Cl)C2(Cl)Cl,aqueous_solubility,log10(mol/L),train,,-6.307000160217285,-6.499676737573951,-7.706497365832918,-5.292856109314984,random,2030,node_gnn,node_gnn,none,none,77abfcdbb281d08df2e9fb09cf84b2a648ea9008
esol,602d941d17fdc2a1,ClC1=C(Cl)C2(Cl)C3C4CC(C5OC45)C3C1(Cl)C2(Cl)Cl,aqueous_solubility,log10(mol/L),train,,-6.289999961853027,-6.773710449589029,-7.980531077847996,-5.5668898213300615,random,2030,node_gnn,node_gnn,none,none,77abfcdbb281d08df2e9fb09cf84b2a648ea9008
esol,c0c11f69a53518bf,ClC1=C(Cl)C2(Cl)C3CC=CC3C1(Cl)C2(Cl)Cl,aqueous_solubility,log10(mol/L),train,,-5.639999866485596,-6.332653720721047,-7.539474348980014,-5.12583309246208,random,2030,node_gnn,node_gnn,none,none,77abfcdbb281d08df2e9fb09cf84b2a648ea9008
esol,acc3e463d708804a,ClC1C(Cl)C(Cl)C(Cl)C(Cl)C1Cl,aqueous_solubility,log10(mol/L),train,,-4.639999866485596,-4.4630366087964415,-5.669857237055409,-3.2562159805374744,random,2030,node_gnn,node_gnn,none,none,77abfcdbb281d08df2e9fb09cf84b2a648ea9008
esol,d8c7cd86e810e44c,ClC=C(Cl)Cl,aqueous_solubility,log10(mol/L),train,,-1.9600000381469727,-1.813339425182769,-3.020160053441736,-0.606518796923802,random,2030,node_gnn,node_gnn,none,none,77abfcdbb281d08df2e9fb09cf84b2a648ea9008
esol,799ae202d8673e0d,ClCBr,aqueous_solubility,log10(mol/L),train,,-0.8899999856948853,-1.1870841053803693,-2.3939047336393364,0.01973652287859773,random,2030,node_gnn,node_gnn,none,none,77abfcdbb281d08df2e9fb09cf84b2a648ea9008
esol,2f88b15161704fe1,ClCC(Cl)(Cl)Cl,aqueous_solubility,log10(mol/L),train,,-2.180000066757202,-2.3758082824308127,-3.5826289106897797,-1.1689876541718456,random,2030,node_gnn,node_gnn,none,none,77abfcdbb281d08df2e9fb09cf84b2a648ea9008
esol,a707f7db404f8b28,ClCC(Cl)Cl,aqueous_solubility,log10(mol/L),train,,-1.4800000190734863,-1.5797567419894338,-2.786577370248401,-0.37293611373046676,random,2030,node_gnn,node_gnn,none,none,77abfcdbb281d08df2e9fb09cf84b2a648ea9008
esol,8842b999c889ea96,ClCCBr,aqueous_solubility,log10(mol/L),train,,-1.3200000524520874,-1.5146135769732703,-2.7214342052322373,-0.3077929487143032,random,2030,node_gnn,node_gnn,none,none,77abfcdbb281d08df2e9fb09cf84b2a648ea9008
esol,02febcd9230316dc,ClCCCCl,aqueous_solubility,log10(mol/L),train,,-1.6200000047683716,-1.7455022835653933,-2.9523229118243606,-0.5386816553064262,random,2030,node_gnn,node_gnn,none,none,77abfcdbb281d08df2e9fb09cf84b2a648ea9008
esol,9568f991b43a2bb3,ClCCCl,aqueous_solubility,log10(mol/L),train,,-1.059999942779541,-1.3035127429062077,-2.5103333711651747,-0.09669211464724059,random,2030,node_gnn,node_gnn,none,none,77abfcdbb281d08df2e9fb09cf84b2a648ea9008
esol,ff331298818c6b38,ClCCl,aqueous_solubility,log10(mol/L),train,,-0.6299999952316284,-0.9877131840428897,-2.1945338123018567,0.21910744421607742,random,2030,node_gnn,node_gnn,none,none,77abfcdbb281d08df2e9fb09cf84b2a648ea9008
esol,aafa74db54a6879c,ClCc1ccccc1,aqueous_solubility,log10(mol/L),train,,-2.390000104904175,-2.2735186696124887,-3.480339297871456,-1.0666980413535216,random,2030,node_gnn,node_gnn,none,none,77abfcdbb281d08df2e9fb09cf84b2a648ea9008
esol,f7d72e8c224bfbc6,Clc1c(Cl)c(Cl)c(-c2c(Cl)c(Cl)c(Cl)c(Cl)c2Cl)c(Cl)c1Cl,aqueous_solubility,log10(mol/L),train,,-11.600000381469727,-10.455666698888779,-11.662487327147746,-9.248846070629812,random,2030,node_gnn,node_gnn,none,none,77abfcdbb281d08df2e9fb09cf84b2a648ea9008
esol,d6d8debb73fe7fc2,Clc1c(Cl)c(Cl)c(-c2ccccc2)c(Cl)c1Cl,aqueous_solubility,log10(mol/L),train,,-7.920000076293945,-7.753566535753464,-8.960387164012431,-6.546745907494497,random,2030,node_gnn,node_gnn,none,none,77abfcdbb281d08df2e9fb09cf84b2a648ea9008
esol,8d2e833fc0a927e0,Clc1c(Cl)c(Cl)c2nccnc2c1Cl,aqueous_solubility,log10(mol/L),train,,-5.429999828338623,-5.351011995106692,-6.557832623365659,-4.144191366847725,random,2030,node_gnn,node_gnn,none,none,77abfcdbb281d08df2e9fb09cf84b2a648ea9008
esol,2961e60af2c2e639,Clc1cc(-c2cc(Cl)c(Cl)c(Cl)c2Cl)c(Cl)c(Cl)c1Cl,aqueous_solubility,log10(mol/L),train,,-9.15999984741211,-9.110544526496815,-10.317365154755782,-7.903723898237848,random,2030,node_gnn,node_gnn,none,none,77abfcdbb281d08df2e9fb09cf84b2a648ea9008
esol,774278a3eb0e299f,Clc1cc(Cl)c(-c2c(Cl)cc(Cl)cc2Cl)c(Cl)c1,aqueous_solubility,log10(mol/L),train,,-8.710000038146973,-7.918247052019533,-9.1250676802785,-6.711426423760566,random,2030,node_gnn,node_gnn,none,none,77abfcdbb281d08df2e9fb09cf84b2a648ea9008
esol,65c97c9a853ac7b7,Clc1cc(Cl)c(-c2c(Cl)cccc2Cl)c(Cl)c1,aqueous_solubility,log10(mol/L),calibration,,-7.320000171661377,-7.383042186683447,-8.589862814942414,-6.17622155842448,random,2030,node_gnn,node_gnn,none,none,77abfcdbb281d08df2e9fb09cf84b2a648ea9008
esol,e95750f09c02f459,Clc1cc(Cl)c(-c2cc(Cl)c(Cl)cc2Cl)cc1Cl,aqueous_solubility,log10(mol/L),calibration,,-8.5600004196167,-7.901092095653848,-9.107912723912815,-6.694271467394881,random,2030,node_gnn,node_gnn,none,none,77abfcdbb281d08df2e9fb09cf84b2a648ea9008
esol,b157946c30a80eb4,Clc1cc(Cl)c(-c2cccc(Cl)c2Cl)cc1Cl,aqueous_solubility,log10(mol/L),train,,-7.210000038146973,-7.040262491267949,-8.247083119526916,-5.833441863008982,random,2030,node_gnn,node_gnn,none,none,77abfcdbb281d08df2e9fb09cf84b2a648ea9008
esol,a0bcec40342b3841,Clc1cc(Cl)c(Cl)c(-c2c(Cl)c(Cl)cc(Cl)c2Cl)c1Cl,aqueous_solubility,log10(mol/L),validation,,-9.149999618530273,-9.236428953767623,-10.44324958202659,-8.029608325508656,random,2030,node_gnn,node_gnn,none,none,77abfcdbb281d08df2e9fb09cf84b2a648ea9008
esol,2616b1e4874424ae,Clc1cc(Cl)c(Cl)c(Cl)c1,aqueous_solubility,log10(mol/L),calibration,,-4.630000114440918,-5.358767428167614,-6.565588056426581,-4.151946799908647,random,2030,node_gnn,node_gnn,none,none,77abfcdbb281d08df2e9fb09cf84b2a648ea9008
esol,4ae057200d12c27a,Clc1cc(Cl)c(Cl)c(Cl)c1Cl,aqueous_solubility,log10(mol/L),train,,-5.650000095367432,-6.3371923786870115,-7.5440130069459785,-5.130371750428044,random,2030,node_gnn,node_gnn,none,none,77abfcdbb281d08df2e9fb09cf84b2a648ea9008
esol,0c3f97461e3a6ac5,Clc1cc(Cl)c(Cl)cc1Cl,aqueous_solubility,log10(mol/L),train,,-5.559999942779541,-5.36405798744215,-6.570878615701117,-4.157237359183183,random,2030,node_gnn,node_gnn,none,none,77abfcdbb281d08df2e9fb09cf84b2a648ea9008
esol,2ed6ea5c9ed07a30,Clc1cc(Cl)cc(Cl)c1,aqueous_solubility,log10(mol/L),validation,,-4.480000019073486,-4.698575244655562,-5.9053958729145295,-3.4917546163965953,random,2030,node_gnn,node_gnn,none,none,77abfcdbb281d08df2e9fb09cf84b2a648ea9008
esol,c0af4f765a7a2f7b,Clc1ccc(-c2c(Cl)c(Cl)c(Cl)c(Cl)c2Cl)c(Cl)c1,aqueous_solubility,log10(mol/L),train,,-7.920000076293945,-8.564291253610493,-9.77111188186946,-7.357470625351526,random,2030,node_gnn,node_gnn,none,none,77abfcdbb281d08df2e9fb09cf84b2a648ea9008
esol,b77c693b7971506a,Clc1ccc(-c2c(Cl)cc(Cl)c(Cl)c2Cl)c(Cl)c1Cl,aqueous_solubility,log10(mol/L),train,,-7.659999847412109,-8.431049295414207,-9.637869923673174,-7.22422866715524,random,2030,node_gnn,node_gnn,none,none,77abfcdbb281d08df2e9fb09cf84b2a648ea9008
esol,74e4508e371d2f48,Clc1ccc(-c2c(Cl)ccc(Cl)c2Cl)c(Cl)c1,aqueous_solubility,log10(mol/L),train,,-7.429999828338623,-7.263574152123031,-8.470394780381998,-6.056753523864064,random,2030,node_gnn,node_gnn,none,none,77abfcdbb281d08df2e9fb09cf84b2a648ea9008
esol,cb495e06db8d7232,Clc1ccc(-c2c(Cl)cccc2Cl)cc1,aqueous_solubility,log10(mol/L),train,,-6.139999866485596,-5.827120445379601,-7.033941073638568,-4.6202998171206335,random,2030,node_gnn,node_gnn,none,none,77abfcdbb281d08df2e9fb09cf84b2a648ea9008
esol,5ee831f51afeddb2,Clc1ccc(-c2cc(Cl)c(Cl)c(Cl)c2Cl)c(Cl)c1,aqueous_solubility,log10(mol/L),validation,,-7.389999866485596,-7.885420756635275,-9.092241384894242,-6.678600128376308,random,2030,node_gnn,node_gnn,none,none,77abfcdbb281d08df2e9fb09cf84b2a648ea9008
esol,1a12f3f13f6a0e9e,Clc1ccc(-c2cc(Cl)c(Cl)c(Cl)c2Cl)cc1Cl,aqueous_solubility,log10(mol/L),train,,-7.820000171661377,-7.9462263594381355,-9.153046987697103,-6.739405731179168,random,2030,node_gnn,node_gnn,none,none,77abfcdbb281d08df2e9fb09cf84b2a648ea9008
esol,8518e78fe40ac045,Clc1ccc(-c2cc(Cl)ccc2Cl)c(Cl)c1,aqueous_solubility,log10(mol/L),train,,-6.570000171661377,-6.6531468594978005,-7.859967487756768,-5.446326231238833,random,2030,node_gnn,node_gnn,none,none,77abfcdbb281d08df2e9fb09cf84b2a648ea9008
esol,9f1b9d25fb44f83d,Clc1ccc(-c2cc(Cl)ccc2Cl)cc1,aqueous_solubility,log10(mol/L),train,,-6.25,-6.018039794156042,-7.224860422415009,-4.811219165897075,random,2030,node_gnn,node_gnn,none,none,77abfcdbb281d08df2e9fb09cf84b2a648ea9008
esol,22cebd56a1304897,Clc1ccc(-c2ccc(Cl)c(Cl)c2Cl)c(Cl)c1,aqueous_solubility,log10(mol/L),validation,,-7.800000190734863,-7.1579597730150955,-8.364780401274063,-5.951139144756128,random,2030,node_gnn,node_gnn,none,none,77abfcdbb281d08df2e9fb09cf84b2a648ea9008
esol,7095be81338edf2f,Clc1ccc(-c2ccc(Cl)c(Cl)c2Cl)c(Cl)c1Cl,aqueous_solubility,log10(mol/L),calibration,,-8.010000228881836,-7.726883627302458,-8.933704255561425,-6.520062999043491,random,2030,node_gnn,node_gnn,none,none,77abfcdbb281d08df2e9fb09cf84b2a648ea9008
esol,ce368bfaa7504ff6,Clc1ccc(-c2ccc(Cl)cc2)cc1,aqueous_solubility,log10(mol/L),validation,,-6.559999942779541,-5.5051550434701255,-6.711975671729093,-4.298334415211158,random,2030,node_gnn,node_gnn,none,none,77abfcdbb281d08df2e9fb09cf84b2a648ea9008
esol,6f8edbb2bf0f81e8,Clc1ccc(-c2cccc(Cl)c2Cl)cc1,aqueous_solubility,log10(mol/L),calibration,,-6.289999961853027,-5.54461421858583,-6.751434846844797,-4.3377935903268625,random,2030,node_gnn,node_gnn,none,none,77abfcdbb281d08df2e9fb09cf84b2a648ea9008
esol,f833b27b81b2d3f3,Clc1ccc(-c2ccccc2)cc1Cl,aqueous_solubility,log10(mol/L),test,,-6.389999866485596,-5.305554767001944,-6.512375395260911,-4.0987341387429765,random,2030,node_gnn,node_gnn,none,none,77abfcdbb281d08df2e9fb09cf84b2a648ea9008
esol,8746749198ee72df,Clc1ccc(-c2ccccc2Cl)cc1,aqueous_solubility,log10(mol/L),train,,-5.28000020980835,-5.01502893242575,-6.221849560684717,-3.808208304166783,random,2030,node_gnn,node_gnn,none,none,77abfcdbb281d08df2e9fb09cf84b2a648ea9008
esol,2552a8a5c530456d,Clc1ccc(Br)cc1,aqueous_solubility,log10(mol/L),calibration,,-3.630000114440918,-3.813727818252142,-5.020548446511109,-2.606907189993175,random,2030,node_gnn,node_gnn,none,none,77abfcdbb281d08df2e9fb09cf84b2a648ea9008
esol,18756f35eaee5f67,Clc1ccc(C(c2ccc(Cl)cc2)C(Cl)(Cl)Cl)cc1,aqueous_solubility,log10(mol/L),validation,,-7.150000095367432,-6.824907106910577,-8.031727735169543,-5.61808647865161,random,2030,node_gnn,node_gnn,none,none,77abfcdbb281d08df2e9fb09cf84b2a648ea9008
esol,d83db8991c46c008,Clc1ccc(C(c2ccc(Cl)cc2)C(Cl)Cl)cc1,aqueous_solubility,log10(mol/L),train,,-7.199999809265137,-6.825377676018123,-8.03219830427709,-5.618557047759156,random,2030,node_gnn,node_gnn,none,none,77abfcdbb281d08df2e9fb09cf84b2a648ea9008
esol,ee7e8b5757931b2a,Clc1ccc(C(c2ccccc2Cl)C(Cl)Cl)cc1,aqueous_solubility,log10(mol/L),test,,-6.510000228881836,-6.645822129636118,-7.852642757895085,-5.439001501377151,random,2030,node_gnn,node_gnn,none,none,77abfcdbb281d08df2e9fb09cf84b2a648ea9008
esol,cbeeaf51493722da,Clc1ccc(Cl)c(-c2c(Cl)c(Cl)c(Cl)c(Cl)c2Cl)c1,aqueous_solubility,log10(mol/L),train,,-8.9399995803833,-8.621598749117371,-9.828419377376338,-7.414778120858404,random,2030,node_gnn,node_gnn,none,none,77abfcdbb281d08df2e9fb09cf84b2a648ea9008
esol,4b1903b76dbb120d,Clc1ccc(Cl)c(-c2c(Cl)c(Cl)cc(Cl)c2Cl)c1,aqueous_solubility,log10(mol/L),train,,-7.420000076293945,-8.006875526398273,-9.21369615465724,-6.800054898139306,random,2030,node_gnn,node_gnn,none,none,77abfcdbb281d08df2e9fb09cf84b2a648ea9008
esol,645ccf5d504a0dec,Clc1ccc(Cl)c(-c2cc(Cl)c(Cl)c(Cl)c2Cl)c1,aqueous_solubility,log10(mol/L),train,,-7.679999828338623,-7.9374689800361615,-9.144289608295129,-6.7306483517771944,random,2030,node_gnn,node_gnn,none,none,77abfcdbb281d08df2e9fb09cf84b2a648ea9008
esol,3c9ca7c6d703a964,Clc1ccc(Cl)c(-c2ccc(Cl)c(Cl)c2)c1,aqueous_solubility,log10(mol/L),train,,-7.25,-6.599534782301436,-7.806355410560403,-5.392714154042469,random,2030,node_gnn,node_gnn,none,none,77abfcdbb281d08df2e9fb09cf84b2a648ea9008
esol,35e214a2d4a10c28,Clc1ccc(Cl)c(-c2cccc(Cl)c2Cl)c1,aqueous_solubility,log10(mol/L),train,,-6.46999979019165,-6.381218723462597,-7.588039351721564,-5.17439809520363,random,2030,node_gnn,node_gnn,none,none,77abfcdbb281d08df2e9fb09cf84b2a648ea9008
esol,33236e25aeefc7f1,Clc1ccc(Cl)c(Cl)c1,aqueous_solubility,log10(mol/L),train,,-3.5899999141693115,-4.40935968642011,-5.616180314679077,-3.2025390581611433,random,2030,node_gnn,node_gnn,none,none,77abfcdbb281d08df2e9fb09cf84b2a648ea9008
esol,a3a6b3e68efa0c93,Clc1ccc(Cl)c(Cl)c1Cl,aqueous_solubility,log10(mol/L),train,,-4.570000171661377,-4.941109085843148,-6.147929714102115,-3.7342884575841806,random,2030,node_gnn,node_gnn,none,none,77abfcdbb281d08df2e9fb09cf84b2a648ea9008
esol,815634865cf712a3,Clc1ccc(Cl)cc1,aqueous_solubility,log10(mol/L),train,,-3.2699999809265137,-3.6188201755128637,-4.825640803771831,-2.4119995472538966,random,2030,node_gnn,node_gnn,none,none,77abfcdbb281d08df2e9fb09cf84b2a648ea9008
esol,ae221f98af80122f,Clc1ccc(I)cc1,aqueous_solubility,log10(mol/L),train,,-4.03000020980835,-4.216558565845238,-5.423379194104205,-3.009737937586271,random,2030,node_gnn,node_gnn,none,none,77abfcdbb281d08df2e9fb09cf84b2a648ea9008
esol,45b800e2f19955f8,Clc1ccc2ccccc2c1,aqueous_solubility,log10(mol/L),test,,-4.139999866485596,-5.161434714471287,-6.368255342730254,-3.9546140862123202,random,2030,node_gnn,node_gnn,none,none,77abfcdbb281d08df2e9fb09cf84b2a648ea9008
esol,eb7d09b2417f6c70,Clc1cccc(-c2c(Cl)c(Cl)cc(Cl)c2Cl)c1Cl,aqueous_solubility,log10(mol/L),train,,-8.600000381469727,-7.776779596286529,-8.983600224545496,-6.569958968027562,random,2030,node_gnn,node_gnn,none,none,77abfcdbb281d08df2e9fb09cf84b2a648ea9008
esol,70ccc7bf4de46f33,Clc1cccc(-c2cc(Cl)ccc2Cl)c1,aqueous_solubility,log10(mol/L),calibration,,-6.010000228881836,-5.793067894841098,-6.999888523100065,-4.586247266582131,random,2030,node_gnn,node_gnn,none,none,77abfcdbb281d08df2e9fb09cf84b2a648ea9008
esol,99327cae5414d340,Clc1cccc(-c2cccc(Cl)c2Cl)c1Cl,aqueous_solubility,log10(mol/L),train,,-7.28000020980835,-5.9445467398766105,-7.151367368135578,-4.7377261116176435,random,2030,node_gnn,node_gnn,none,none,77abfcdbb281d08df2e9fb09cf84b2a648ea9008
esol,8e2dcd65ee407c2e,Clc1cccc(-c2ccccc2)c1,aqueous_solubility,log10(mol/L),train,,-4.880000114440918,-4.168928898053646,-5.375749526312613,-2.962108269794679,random,2030,node_gnn,node_gnn,none,none,77abfcdbb281d08df2e9fb09cf84b2a648ea9008
esol,78d46e77b5e487ad,Clc1cccc(Br)c1,aqueous_solubility,log10(mol/L),train,,-3.2100000381469727,-3.5360928648270287,-4.742913493085996,-2.3292722365680616,random,2030,node_gnn,node_gnn,none,none,77abfcdbb281d08df2e9fb09cf84b2a648ea9008
esol,8efb6c83a60e44a4,Clc1cccc(C(Cl)(Cl)Cl)n1,aqueous_solubility,log10(mol/L),train,,-3.759999990463257,-3.799090595848731,-5.005911224107698,-2.592269967589764,random,2030,node_gnn,node_gnn,none,none,77abfcdbb281d08df2e9fb09cf84b2a648ea9008
esol,cb0d1003dc0467b1,Clc1cccc(Cl)c1,aqueous_solubility,log10(mol/L),validation,,-3.0399999618530273,-3.356412422086721,-4.563233050345688,-2.149591793827754,random,2030,node_gnn,node_gnn,none,none,77abfcdbb281d08df2e9fb09cf84b2a648ea9008
esol,199ff11278c6332f,Clc1cccc(Cl)c1-c1c(Cl)cccc1Cl,aqueous_solubility,log10(mol/L),calibration,,-7.389999866485596,-6.697805003225286,-7.904625631484253,-5.4909843749663185,random,2030,node_gnn,node_gnn,none,none,77abfcdbb281d08df2e9fb09cf84b2a648ea9008
esol,482eb7682ff0e92b,Clc1cccc(Cl)c1-c1ccccc1,aqueous_solubility,log10(mol/L),train,,-5.210000038146973,-4.857278902466117,-6.064099530725084,-3.65045827420715,random,2030,node_gnn,node_gnn,none,none,77abfcdbb281d08df2e9fb09cf84b2a648ea9008
esol,ff600f65c6e69d2a,Clc1cccc(Cl)c1Cl,aqueous_solubility,log10(mol/L),test,,-4.0,-3.626136515871691,-4.832957144130658,-2.419315887612724,random,2030,node_gnn,node_gnn,none,none,77abfcdbb281d08df2e9fb09cf84b2a648ea9008
esol,c88faf6d6d8a4214,Clc1cccc(I)c1,aqueous_solubility,log10(mol/L),validation,,-3.549999952316284,-3.94113623341012,-5.147956861669087,-2.734315605151153,random,2030,node_gnn,node_gnn,none,none,77abfcdbb281d08df2e9fb09cf84b2a648ea9008
esol,22332e2b89c83c5f,Clc1cccc2ccccc12,aqueous_solubility,log10(mol/L),train,,-3.930000066757202,-4.1646564333361855,-5.371477061595153,-2.9578358050772184,random,2030,node_gnn,node_gnn,none,none,77abfcdbb281d08df2e9fb09cf84b2a648ea9008
esol,d52f3f9c11639cc6,Clc1ccccc1,aqueous_solubility,log10(mol/L),train,,-2.380000114440918,-2.574279319198823,-3.78109994745779,-1.367458690939856,random,2030,node_gnn,node_gnn,none,none,77abfcdbb281d08df2e9fb09cf84b2a648ea9008
esol,cc6468679450f933,Clc1ccccc1-c1ccccc1,aqueous_solubility,log10(mol/L),train,,-4.539999961853027,-3.8689562309460586,-5.075776859205026,-2.6621356026870915,random,2030,node_gnn,node_gnn,none,none,77abfcdbb281d08df2e9fb09cf84b2a648ea9008
esol,1f96112c7da52a22,Clc1ccccc1-c1ccccc1Cl,aqueous_solubility,log10(mol/L),calibration,,-5.269999980926514,-4.76817178487182,-5.974992413130787,-3.5613511566128526,random,2030,node_gnn,node_gnn,none,none,77abfcdbb281d08df2e9fb09cf84b2a648ea9008
esol,d77b9b0620096cb1,Clc1ccccc1Br,aqueous_solubility,log10(mol/L),test,,-3.190000057220459,-3.0256233447790204,-4.232443973037988,-1.8188027165200533,random,2030,node_gnn,node_gnn,none,none,77abfcdbb281d08df2e9fb09cf84b2a648ea9008
esol,ca929f1a7e270264,Clc1ccccc1Cl,aqueous_solubility,log10(mol/L),train,,-3.049999952316284,-3.0304533723869276,-4.237274000645895,-1.8236327441279605,random,2030,node_gnn,node_gnn,none,none,77abfcdbb281d08df2e9fb09cf84b2a648ea9008
esol,d42088fe993e3c16,Clc1ccccc1I,aqueous_solubility,log10(mol/L),calibration,,-3.5399999618530273,-3.343053053434067,-4.549873681693034,-2.1362324251750997,random,2030,node_gnn,node_gnn,none,none,77abfcdbb281d08df2e9fb09cf84b2a648ea9008
esol,4334fadd67deac29,Cn1c(=O)c2[nH]cnc2n(C)c1=O,aqueous_solubility,log10(mol/L),calibration,,-1.3899999856948853,-1.0370099028229818,-2.243830531081949,0.1698107254359853,random,2030,node_gnn,node_gnn,none,none,77abfcdbb281d08df2e9fb09cf84b2a648ea9008
esol,100f62324cf1989a,Cn1c(=O)c2c(ncn2C)n(C)c1=O,aqueous_solubility,log10(mol/L),train,,-0.8759999871253967,-0.7435217537121308,-1.9503423819710979,0.46329887454683627,random,2030,node_gnn,node_gnn,none,none,77abfcdbb281d08df2e9fb09cf84b2a648ea9008
esol,74f764e5b66b2fb7,Cn1c(=O)c2c(ncn2CC(O)CO)n(C)c1=O,aqueous_solubility,log10(mol/L),train,,-0.17000000178813934,-0.9588570789574127,-2.1656777072163798,0.2479635493015544,random,2030,node_gnn,node_gnn,none,none,77abfcdbb281d08df2e9fb09cf84b2a648ea9008
esol,815a38abaf9ec4b7,Cn1c(=O)on(-c2ccc(Cl)c(Cl)c2)c1=O,aqueous_solubility,log10(mol/L),test,,-2.819999933242798,-2.654546991652686,-3.861367619911653,-1.447726363393719,random,2030,node_gnn,node_gnn,none,none,77abfcdbb281d08df2e9fb09cf84b2a648ea9008
esol,49b2a1fbf2e41a7a,Cn1cc(-c2ccccc2)c(=O)c(-c2cccc(C(F)(F)F)c2)c1,aqueous_solubility,log10(mol/L),calibration,,-4.445000171661377,-3.713658458979043,-4.92047908723801,-2.506837830720076,random,2030,node_gnn,node_gnn,none,none,77abfcdbb281d08df2e9fb09cf84b2a648ea9008
esol,f3e6689447a36e81,Cn1ccc(=O)[nH]c1=O,aqueous_solubility,log10(mol/L),train,,-0.8069999814033508,-1.076662730373025,-2.283483358631992,0.13015789788594212,random,2030,node_gnn,node_gnn,none,none,77abfcdbb281d08df2e9fb09cf84b2a648ea9008
esol,4025a4d6efb5259a,Cn1cnc2c1c(=O)[nH]c(=O)n2C,aqueous_solubility,log10(mol/L),train,,-2.5230000019073486,-1.916685484571223,-3.12350611283019,-0.7098648563122558,random,2030,node_gnn,node_gnn,none,none,77abfcdbb281d08df2e9fb09cf84b2a648ea9008
esol,d2eee638c5fa61ad,FC(F)(Cl)C(F)(Cl)Cl,aqueous_solubility,log10(mol/L),train,,-3.0399999618530273,-2.8918456726701187,-4.098666300929086,-1.6850250444111516,random,2030,node_gnn,node_gnn,none,none,77abfcdbb281d08df2e9fb09cf84b2a648ea9008
esol,105d6d24139d1acd,FC(F)(Cl)C(F)(F)Cl,aqueous_solubility,log10(mol/L),train,,-2.740000009536743,-2.609373114275966,-3.8161937425349333,-1.4025524860169991,random,2030,node_gnn,node_gnn,none,none,77abfcdbb281d08df2e9fb09cf84b2a648ea9008
esol,02db24b7bbfd7402,FC(F)(F)C(Cl)Br,aqueous_solubility,log10(mol/L),calibration,,-1.7100000381469727,-2.321839178270815,-3.5286598065297823,-1.1150185500118481,random,2030,node_gnn,node_gnn,none,none,77abfcdbb281d08df2e9fb09cf84b2a648ea9008
esol,db15bed8f8ac2fa5,FC(F)(F)c1ccccc1,aqueous_solubility,log10(mol/L),train,,-2.509999990463257,-2.6538953228256017,-3.8607159510845688,-1.4470746945666346,random,2030,node_gnn,node_gnn,none,none,77abfcdbb281d08df2e9fb09cf84b2a648ea9008
esol,b10b42eecfc867c6,Fc1ccc(F)cc1,aqueous_solubility,log10(mol/L),train,,-1.9700000286102295,-2.211685258091352,-3.418505886350319,-1.004864629832385,random,2030,node_gnn,node_gnn,none,none,77abfcdbb281d08df2e9fb09cf84b2a648ea9008
esol,ca29ab8bab4202a6,Fc1cccc(Br)c1,aqueous_solubility,log10(mol/L),test,,-2.6700000762939453,-2.816233685439161,-4.023054313698128,-1.609413057180194,random,2030,node_gnn,node_gnn,none,none,77abfcdbb281d08df2e9fb09cf84b2a648ea9008
esol,9b9e86ab0c3b7436,Fc1cccc(F)c1,aqueous_solubility,log10(mol/L),train,,-2.0,-2.0490371462013046,-3.2558577744602717,-0.8422165179423375,random,2030,node_gnn,node_gnn,none,none,77abfcdbb281d08df2e9fb09cf84b2a648ea9008
esol,9ef5e809c1cc37a8,Fc1ccccc1,aqueous_solubility,log10(mol/L),train,,-1.7999999523162842,-1.8960055492688295,-3.1028261775277963,-0.6891849210098624,random,2030,node_gnn,node_gnn,none,none,77abfcdbb281d08df2e9fb09cf84b2a648ea9008
esol,c6e4a122702ad957,Fc1ccccc1Br,aqueous_solubility,log10(mol/L),test,,-2.700000047683716,-2.5873841011332392,-3.7942047293922063,-1.3805634728742722,random,2030,node_gnn,node_gnn,none,none,77abfcdbb281d08df2e9fb09cf84b2a648ea9008
esol,dd1f99766897a9a2,ICI,aqueous_solubility,log10(mol/L),train,,-2.3399999141693115,-2.491720681675666,-3.698541309934633,-1.284900053416699,random,2030,node_gnn,node_gnn,none,none,77abfcdbb281d08df2e9fb09cf84b2a648ea9008
esol,3ab248fecad2cfcc,Ic1cccc2ccccc12,aqueous_solubility,log10(mol/L),train,,-4.550000190734863,-4.480872313393846,-5.687692941652813,-3.2740516851348787,random,2030,node_gnn,node_gnn,none,none,77abfcdbb281d08df2e9fb09cf84b2a648ea9008
esol,bc20dafaf54360d0,Ic1ccccc1,aqueous_solubility,log10(mol/L),test,,-3.009999990463257,-2.9159393944568985,-4.122760022715866,-1.7091187661979315,random,2030,node_gnn,node_gnn,none,none,77abfcdbb281d08df2e9fb09cf84b2a648ea9008
esol,2c92806a2902f400,N#CC(Cl)(Cl)Cl,aqueous_solubility,log10(mol/L),train,,-2.1679999828338623,-2.175109296483379,-3.381929924742346,-0.9682886682244121,random,2030,node_gnn,node_gnn,none,none,77abfcdbb281d08df2e9fb09cf84b2a648ea9008
esol,85031b7bb2a70254,N#CC(OC1OC(COC2OC(CO)C(O)C(O)C2O)C(O)C(O)C1O)c1ccccc1,aqueous_solubility,log10(mol/L),train,,-0.7699999809265137,-0.8910336885552437,-2.0978543168142108,0.3157869397037234,random,2030,node_gnn,node_gnn,none,none,77abfcdbb281d08df2e9fb09cf84b2a648ea9008
esol,e9839d44c23ebe38,N#CCCCl,aqueous_solubility,log10(mol/L),train,,-0.28999999165534973,-0.6294883507910791,-1.8363089790500462,0.577332277467888,random,2030,node_gnn,node_gnn,none,none,77abfcdbb281d08df2e9fb09cf84b2a648ea9008
esol,9e6f7a062ea6ba54,N#CCCl,aqueous_solubility,log10(mol/L),train,,-0.09200000017881393,-0.04867310161390348,-1.2554937298728706,1.1581475266450636,random,2030,node_gnn,node_gnn,none,none,77abfcdbb281d08df2e9fb09cf84b2a648ea9008
esol,5529331eae217480,N#CN=C(N)N,aqueous_solubility,log10(mol/L),train,,-0.3100000023841858,0.22150799930031173,-0.9853126289586553,1.4283286275592788,random,2030,node_gnn,node_gnn,none,none,77abfcdbb281d08df2e9fb09cf84b2a648ea9008
esol,98ce09904f0cd677,N#Cc1c(Cl)c(Cl)c(Cl)c(C#N)c1Cl,aqueous_solubility,log10(mol/L),validation,,-5.639999866485596,-6.557942528775444,-7.764763157034411,-5.3511219005164765,random,2030,node_gnn,node_gnn,none,none,77abfcdbb281d08df2e9fb09cf84b2a648ea9008
esol,f7eb31053f664583,N#Cc1cc(Br)c(O)c(Br)c1,aqueous_solubility,log10(mol/L),calibration,,-3.3299999237060547,-3.7787548194003273,-4.985575447659294,-2.5719341911413602,random,2030,node_gnn,node_gnn,none,none,77abfcdbb281d08df2e9fb09cf84b2a648ea9008
esol,dd860792cadf3093,N#Cc1cc(I)c(O)c(I)c1,aqueous_solubility,log10(mol/L),train,,-3.609999895095825,-3.853333967365244,-5.060154595624211,-2.646513339106277,random,2030,node_gnn,node_gnn,none,none,77abfcdbb281d08df2e9fb09cf84b2a648ea9008
esol,5533344c324d3435,N#Cc1ccccc1,aqueous_solubility,log10(mol/L),validation,,-1.0,-1.4862502447923702,-2.6930708730513375,-0.27942961653340315,random,2030,node_gnn,node_gnn,none,none,77abfcdbb281d08df2e9fb09cf84b2a648ea9008
esol,66c6f633624542b8,N#Cc1ccccc1C#N,aqueous_solubility,log10(mol/L),train,,-2.380000114440918,-1.5819518901050607,-2.788772518364028,-0.3751312618460936,random,2030,node_gnn,node_gnn,none,none,77abfcdbb281d08df2e9fb09cf84b2a648ea9008
esol,5f065dfe6c5d67ee,N=C(N)NS(=O)(=O)c1ccc(N)cc1,aqueous_solubility,log10(mol/L),train,,-1.9900000095367432,-2.041133603721547,-3.247954231980514,-0.8343129754625798,random,2030,node_gnn,node_gnn,none,none,77abfcdbb281d08df2e9fb09cf84b2a648ea9008
esol,8f9adffcd0a5a36e,NC(=O)CCl,aqueous_solubility,log10(mol/L),train,,-0.019999999552965164,0.03344638012819079,-1.1733742481307763,1.2402670083871579,random,2030,node_gnn,node_gnn,none,none,77abfcdbb281d08df2e9fb09cf84b2a648ea9008
esol,a9190d547db6a242,NC(=O)NC1NC(=O)NC1=O,aqueous_solubility,log10(mol/L),train,,-1.600000023841858,-1.4640628482926419,-2.6708834765516087,-0.2572422200336748,random,2030,node_gnn,node_gnn,none,none,77abfcdbb281d08df2e9fb09cf84b2a648ea9008
esol,20e79a0747e391cd,NC(=O)NCc1ccccc1,aqueous_solubility,log10(mol/L),test,,-0.949999988079071,-1.475394858886783,-2.6822154871457498,-0.2685742306278158,random,2030,node_gnn,node_gnn,none,none,77abfcdbb281d08df2e9fb09cf84b2a648ea9008
esol,41b7655c6cb7d7df,NC(=O)c1ccccc1,aqueous_solubility,log10(mol/L),calibration,,-0.9599999785423279,-1.4353291164067141,-2.642149744665681,-0.22850848814774705,random,2030,node_gnn,node_gnn,none,none,77abfcdbb281d08df2e9fb09cf84b2a648ea9008
esol,22bbce38ab5c479c,NC(=O)c1ccccc1O,aqueous_solubility,log10(mol/L),train,,-1.8200000524520874,-1.4579807741171038,-2.664801402376071,-0.25116014585813673,random,2030,node_gnn,node_gnn,none,none,77abfcdbb281d08df2e9fb09cf84b2a648ea9008
esol,2fc7b7dbeee95b0c,NC(=O)c1cccnc1,aqueous_solubility,log10(mol/L),test,,0.6100000143051147,-0.6960058803803255,-1.9028265086392926,0.5108147478786416,random,2030,node_gnn,node_gnn,none,none,77abfcdbb281d08df2e9fb09cf84b2a648ea9008
esol,d3f13e32ceadf7ee,NC(=O)c1cnccn1,aqueous_solubility,log10(mol/L),train,,-0.6669999957084656,-0.7473748694447444,-1.9541954977037115,0.45944575881422267,random,2030,node_gnn,node_gnn,none,none,77abfcdbb281d08df2e9fb09cf84b2a648ea9008
esol,14add58d16075efc,NC(=S)Nc1ccccc1,aqueous_solubility,log10(mol/L),train,,-1.7699999809265137,-2.2105194956682226,-3.4173401239271897,-1.0036988674092555,random,2030,node_gnn,node_gnn,none,none,77abfcdbb281d08df2e9fb09cf84b2a648ea9008
esol,cff6a05057ab433d,NC(N)=O,aqueous_solubility,log10(mol/L),train,,0.9599999785423279,1.1864274902752228,-0.020393137983744314,2.39324811853419,random,2030,node_gnn,node_gnn,none,none,77abfcdbb281d08df2e9fb09cf84b2a648ea9008
esol,5c937bef90624cba,NC(N)=S,aqueous_solubility,log10(mol/L),train,,0.3199999928474426,0.0025033704376165034,-1.2043172578213506,1.2093239986965836,random,2030,node_gnn,node_gnn,none,none,77abfcdbb281d08df2e9fb09cf84b2a648ea9008
esol,8d9f3b8d61c37fad,NNC(=O)c1ccncc1,aqueous_solubility,log10(mol/L),train,,0.008999999612569809,-0.12178591586916854,-1.3286065441281356,1.0850347123897985,random,2030,node_gnn,node_gnn,none,none,77abfcdbb281d08df2e9fb09cf84b2a648ea9008
esol,792927bc26e5ee98,NNc1ccccc1,aqueous_solubility,log10(mol/L),train,,0.07000000029802322,-0.23118049142173813,-1.4380011196807052,0.9756401368372289,random,2030,node_gnn,node_gnn,none,none,77abfcdbb281d08df2e9fb09cf84b2a648ea9008
esol,13a0d92f513022b0,NS(=O)(=O)c1cc(C2(O)NC(=O)c3ccccc32)ccc1Cl,aqueous_solubility,log10(mol/L),train,,-3.4509999752044678,-3.8435641705133907,-5.050384798772358,-2.6367435422544236,random,2030,node_gnn,node_gnn,none,none,77abfcdbb281d08df2e9fb09cf84b2a648ea9008
esol,d1af900dda6b8816,NS(=O)(=O)c1cc2c(cc1C(F)(F)F)NC(Cc1ccccc1)NS2(=O)=O,aqueous_solubility,log10(mol/L),train,,-3.5899999141693115,-3.292350493675441,-4.499171121934408,-2.085529865416474,random,2030,node_gnn,node_gnn,none,none,77abfcdbb281d08df2e9fb09cf84b2a648ea9008
esol,21a70933e40d38d8,NS(=O)(=O)c1cc2c(cc1Cl)N=CNS2(=O)=O,aqueous_solubility,log10(mol/L),train,,-3.049999952316284,-3.015531837301213,-4.22235246556018,-1.808711209042246,random,2030,node_gnn,node_gnn,none,none,77abfcdbb281d08df2e9fb09cf84b2a648ea9008
esol,4be98313bb8411d6,NS(=O)(=O)c1cc2c(cc1Cl)NC(C(Cl)Cl)NS2(=O)=O,aqueous_solubility,log10(mol/L),train,,-2.680000066757202,-2.8298554626021883,-4.036676090861155,-1.6230348343432213,random,2030,node_gnn,node_gnn,none,none,77abfcdbb281d08df2e9fb09cf84b2a648ea9008
esol,6704f9b02657d351,NS(=O)(=O)c1cc2c(cc1Cl)NCNS2(=O)=O,aqueous_solubility,log10(mol/L),train,,-2.630000114440918,-2.6611181801526085,-3.8679388084115756,-1.4542975518936414,random,2030,node_gnn,node_gnn,none,none,77abfcdbb281d08df2e9fb09cf84b2a648ea9008
esol,d486e39e13c6c365,Nc1cc(N2CCCCC2)nc(N)[n+]1[O-],aqueous_solubility,log10(mol/L),train,,-1.9889999628067017,-2.2793400384098117,-3.4861606666687788,-1.0725194101508446,random,2030,node_gnn,node_gnn,none,none,77abfcdbb281d08df2e9fb09cf84b2a648ea9008
esol,aceb689c32139048,Nc1cc2c3ccccc3ccc2c2ccccc12,aqueous_solubility,log10(mol/L),validation,,-6.199999809265137,-5.441565387298549,-6.6483860155575165,-4.234744759039582,random,2030,node_gnn,node_gnn,none,none,77abfcdbb281d08df2e9fb09cf84b2a648ea9008
esol,80c616c2c10da4cc,Nc1cc[nH]c(=O)n1,aqueous_solubility,log10(mol/L),validation,,-1.1549999713897705,-1.7324619683371314,-2.9392825965960983,-0.5256413400781643,random,2030,node_gnn,node_gnn,none,none,77abfcdbb281d08df2e9fb09cf84b2a648ea9008
esol,d3c8a8dbbf41fcef,Nc1ccc(-c2ccc(N)cc2)cc1,aqueous_solubility,log10(mol/L),train,,-2.700000047683716,-2.4570723502764698,-3.663892978535437,-1.2502517220175027,random,2030,node_gnn,node_gnn,none,none,77abfcdbb281d08df2e9fb09cf84b2a648ea9008
esol,ddbccadea4def28d,Nc1ccc(Cl)cc1,aqueous_solubility,log10(mol/L),train,,-1.659999966621399,-1.7419152349233464,-2.9487358631823133,-0.5350946066643794,random,2030,node_gnn,node_gnn,none,none,77abfcdbb281d08df2e9fb09cf84b2a648ea9008
esol,5f061feada924c1b,Nc1ccc(O)cc1,aqueous_solubility,log10(mol/L),train,,-0.800000011920929,-0.8752611708706528,-2.08208179912962,0.33155945738831427,random,2030,node_gnn,node_gnn,none,none,77abfcdbb281d08df2e9fb09cf84b2a648ea9008
esol,1740fca00afdaeed,Nc1ccc(S(=O)(=O)c2ccc(N)cc2)cc1,aqueous_solubility,log10(mol/L),train,,-3.0940001010894775,-3.0985800701258914,-4.305400698384858,-1.8917594418669244,random,2030,node_gnn,node_gnn,none,none,77abfcdbb281d08df2e9fb09cf84b2a648ea9008
esol,672dea3500e56345,Nc1ccc(S(N)(=O)=O)cc1,aqueous_solubility,log10(mol/L),train,,-1.340000033378601,-1.6169071006876625,-2.8237277289466296,-0.41008647242869545,random,2030,node_gnn,node_gnn,none,none,77abfcdbb281d08df2e9fb09cf84b2a648ea9008
esol,b1562a3a4e3dbd2b,Nc1ccc([N+](=O)[O-])cc1,aqueous_solubility,log10(mol/L),train,,-2.369999885559082,-1.8489056186575539,-3.055726246916521,-0.6420849903985868,random,2030,node_gnn,node_gnn,none,none,77abfcdbb281d08df2e9fb09cf84b2a648ea9008
esol,7ea90919dd02fbb4,Nc1ccc2cc3ccccc3cc2c1,aqueous_solubility,log10(mol/L),train,,-5.170000076293945,-4.666199585424698,-5.873020213683665,-3.4593789571657307,random,2030,node_gnn,node_gnn,none,none,77abfcdbb281d08df2e9fb09cf84b2a648ea9008
esol,7071d63d842d86c6,Nc1cccc(Cl)c1,aqueous_solubility,log10(mol/L),train,,-1.3700000047683716,-1.7390969927535198,-2.945917621012487,-0.5322763644945527,random,2030,node_gnn,node_gnn,none,none,77abfcdbb281d08df2e9fb09cf84b2a648ea9008
esol,3614002c0eb76c64,Nc1cccc([N+](=O)[O-])c1,aqueous_solubility,log10(mol/L),train,,-2.190000057220459,-1.870290272199826,-3.077110900458793,-0.6634696439408589,random,2030,node_gnn,node_gnn,none,none,77abfcdbb281d08df2e9fb09cf84b2a648ea9008
esol,fdeaad6aac85a0a2,Nc1cccc2ccccc12,aqueous_solubility,log10(mol/L),test,,-1.9199999570846558,-2.820045484447184,-4.026866112706151,-1.613224856188217,random,2030,node_gnn,node_gnn,none,none,77abfcdbb281d08df2e9fb09cf84b2a648ea9008
esol,2ed7e76dec2701ce,Nc1cccc2nc3ccccc3cc12,aqueous_solubility,log10(mol/L),train,,-4.21999979019165,-3.9639222493241384,-5.1707428775831055,-2.7571016210651713,random,2030,node_gnn,node_gnn,none,none,77abfcdbb281d08df2e9fb09cf84b2a648ea9008
esol,a7f3f1e11af18400,Nc1ccccc1,aqueous_solubility,log10(mol/L),calibration,,-0.4099999964237213,-1.1663211581549824,-2.3731417864139495,0.04049947010398469,random,2030,node_gnn,node_gnn,none,none,77abfcdbb281d08df2e9fb09cf84b2a648ea9008
esol,2f7de38fb26014ee,Nc1ccccc1Cl,aqueous_solubility,log10(mol/L),train,,-1.5199999809265137,-1.8591070018142095,-3.0659276300731766,-0.6522863735552424,random,2030,node_gnn,node_gnn,none,none,77abfcdbb281d08df2e9fb09cf84b2a648ea9008
esol,8cce7ad82c85b377,Nc1ccccc1O,aqueous_solubility,log10(mol/L),train,,-0.7200000286102295,-0.9971134642952793,-2.2039340925542463,0.20970716396368783,random,2030,node_gnn,node_gnn,none,none,77abfcdbb281d08df2e9fb09cf84b2a648ea9008
esol,8c073316e654db6b,Nc1ccccc1[N+](=O)[O-],aqueous_solubility,log10(mol/L),validation,,-1.9600000381469727,-2.0409277770462224,-3.2477484053051895,-0.8341071487872553,random,2030,node_gnn,node_gnn,none,none,77abfcdbb281d08df2e9fb09cf84b2a648ea9008
esol,d170b211091619c1,Nc1cnn(-c2ccccc2)c(=O)c1Br,aqueous_solubility,log10(mol/L),train,,-3.127000093460083,-3.4169866512318765,-4.623807279490844,-2.2101660229729094,random,2030,node_gnn,node_gnn,none,none,77abfcdbb281d08df2e9fb09cf84b2a648ea9008
esol,364a3d9e736a968c,Nc1cnn(-c2ccccc2)c(=O)c1Cl,aqueous_solubility,log10(mol/L),test,,-2.878000020980835,-3.1925431486691602,-4.399363776928127,-1.9857225204101931,random,2030,node_gnn,node_gnn,none,none,77abfcdbb281d08df2e9fb09cf84b2a648ea9008
esol,2fef74534c90c0fd,Nc1nc(=O)[nH]cc1F,aqueous_solubility,log10(mol/L),train,,-0.972000002861023,-1.902152847098148,-3.108973475357115,-0.6953322188391808,random,2030,node_gnn,node_gnn,none,none,77abfcdbb281d08df2e9fb09cf84b2a648ea9008
esol,5167dc273870cd3a,Nc1nc(N)c2nc(-c3ccccc3)c(N)nc2n1,aqueous_solubility,log10(mol/L),train,,-2.4040000438690186,-3.3115159660149587,-4.518336594273926,-2.1046953377559916,random,2030,node_gnn,node_gnn,none,none,77abfcdbb281d08df2e9fb09cf84b2a648ea9008
esol,c363f1a8372173dd,Nc1nc(O)nc2nc[nH]c12,aqueous_solubility,log10(mol/L),train,,-3.4010000228881836,-3.2262855399178787,-4.433106168176845,-2.0194649116589116,random,2030,node_gnn,node_gnn,none,none,77abfcdbb281d08df2e9fb09cf84b2a648ea9008
esol,0f42ff187b1e26ff,Nc1nc2[nH]cnc2c(=O)[nH]1,aqueous_solubility,log10(mol/L),train,,-3.5829999446868896,-3.42737083724023,-4.634191465499197,-2.2205502089812628,random,2030,node_gnn,node_gnn,none,none,77abfcdbb281d08df2e9fb09cf84b2a648ea9008
esol,45bfe1eca9942b5f,Nc1nc[nH]n1,aqueous_solubility,log10(mol/L),train,,0.5220000147819519,-0.04470694836912914,-1.2515275766280962,1.162113679889838,random,2030,node_gnn,node_gnn,none,none,77abfcdbb281d08df2e9fb09cf84b2a648ea9008
esol,a5efc882bab6aeb8,Nc1nccs1,aqueous_solubility,log10(mol/L),train,,-0.36000001430511475,-0.5586834698477263,-1.7655040981066934,0.6481371584112408,random,2030,node_gnn,node_gnn,none,none,77abfcdbb281d08df2e9fb09cf84b2a648ea9008
esol,292b9554c28881be,Nc1ncnc2c1ccn2C1OC(CO)C(O)C1O,aqueous_solubility,log10(mol/L),train,,-1.9500000476837158,-2.0650014239511685,-3.2718220522101356,-0.8581807956922014,random,2030,node_gnn,node_gnn,none,none,77abfcdbb281d08df2e9fb09cf84b2a648ea9008
esol,6c84c1ca795f19ca,Nc1ncnc2nc[nH]c12,aqueous_solubility,log10(mol/L),train,,-2.119999885559082,-2.283923040890871,-3.490743669149838,-1.0771024126319038,random,2030,node_gnn,node_gnn,none,none,77abfcdbb281d08df2e9fb09cf84b2a648ea9008
esol,690374c4203120f3,O=C(C=CC=Cc1ccc2c(c1)OCO2)N1CCCCC1,aqueous_solubility,log10(mol/L),validation,,-3.4600000381469727,-3.1967320022134236,-4.40355263047239,-1.9899113739544565,random,2030,node_gnn,node_gnn,none,none,77abfcdbb281d08df2e9fb09cf84b2a648ea9008
esol,f6ac174891d4cbfe,O=C(CC(Cl)Cl)NC1=C(Cl)C(=O)c2ccccc2C1=O,aqueous_solubility,log10(mol/L),train,,-5.03000020980835,-4.819119911056139,-6.025940539315106,-3.6122992827971716,random,2030,node_gnn,node_gnn,none,none,77abfcdbb281d08df2e9fb09cf84b2a648ea9008
esol,3bd7903f0fc524b9,O=C(Cn1ccnc1[N+](=O)[O-])NCc1ccccc1,aqueous_solubility,log10(mol/L),train,,-2.809999942779541,-2.797353755821839,-4.004174384080806,-1.590533127562872,random,2030,node_gnn,node_gnn,none,none,77abfcdbb281d08df2e9fb09cf84b2a648ea9008
esol,baa633118e4124e0,O=C(NC(=O)c1c(F)cccc1F)Nc1cc(Cl)c(F)c(Cl)c1F,aqueous_solubility,log10(mol/L),train,,-7.28000020980835,-6.631184528758893,-7.83800515701786,-5.424363900499926,random,2030,node_gnn,node_gnn,none,none,77abfcdbb281d08df2e9fb09cf84b2a648ea9008
esol,c045f77f3d14db05,O=C(NC(=O)c1c(F)cccc1F)Nc1ccc(Cl)cc1,aqueous_solubility,log10(mol/L),calibration,,-6.019999980926514,-4.9939995396359835,-6.200820167894951,-3.7871789113770165,random,2030,node_gnn,node_gnn,none,none,77abfcdbb281d08df2e9fb09cf84b2a648ea9008
esol,e690eafd94d35c0c,O=C(NC(CO)C(O)c1ccc([N+](=O)[O-])cc1)C(Cl)Cl,aqueous_solubility,log10(mol/L),train,,-2.1110000610351562,-1.9609323534218723,-3.1677529816808394,-0.7541117251629053,random,2030,node_gnn,node_gnn,none,none,77abfcdbb281d08df2e9fb09cf84b2a648ea9008
esol,688fd8c1fae69203,O=C(Nc1ccc([N+](=O)[O-])cc1Cl)c1cc(Cl)ccc1O,aqueous_solubility,log10(mol/L),validation,,-4.699999809265137,-4.211624024270835,-5.418444652529802,-3.0048033960118676,random,2030,node_gnn,node_gnn,none,none,77abfcdbb281d08df2e9fb09cf84b2a648ea9008
esol,6e4bde6d2f6a6816,O=C(Nc1cccc(Cl)c1)OCC#CCCl,aqueous_solubility,log10(mol/L),calibration,,-4.369999885559082,-4.141287315434211,-5.348107943693178,-2.9344666871752443,random,2030,node_gnn,node_gnn,none,none,77abfcdbb281d08df2e9fb09cf84b2a648ea9008
esol,60c0e74fff4c1ae4,O=C(Nc1ccccc1)N(Cc1ccc(Cl)cc1)C1CCCC1,aqueous_solubility,log10(mol/L),validation,,-5.914999961853027,-5.293283636719715,-6.500104264978682,-4.086463008460748,random,2030,node_gnn,node_gnn,none,none,77abfcdbb281d08df2e9fb09cf84b2a648ea9008
esol,0991c75b100e534a,O=C(Nc1ccccc1)Nc1ccccc1,aqueous_solubility,log10(mol/L),train,,-3.1500000953674316,-3.406100608947433,-4.6129212372064,-2.1992799806884658,random,2030,node_gnn,node_gnn,none,none,77abfcdbb281d08df2e9fb09cf84b2a648ea9008
esol,fe14526b987406f2,O=C(Nc1ccccc1)c1ccccc1I,aqueous_solubility,log10(mol/L),test,,-4.210000038146973,-4.377709939962654,-5.584530568221621,-3.1708893117036867,random,2030,node_gnn,node_gnn,none,none,77abfcdbb281d08df2e9fb09cf84b2a648ea9008
esol,7745315b46a851c2,O=C(Nc1ccccc1)c1ccccc1O,aqueous_solubility,log10(mol/L),train,,-3.5899999141693115,-2.94939866363885,-4.156219291897817,-1.742578035379883,random,2030,node_gnn,node_gnn,none,none,77abfcdbb281d08df2e9fb09cf84b2a648ea9008
esol,39383db26262b98a,O=C(OCC(O)CO)c1ccccc1Nc1ccnc2cc(Cl)ccc12,aqueous_solubility,log10(mol/L),train,,-4.571000099182129,-3.926967120034469,-5.133787748293436,-2.720146491775502,random,2030,node_gnn,node_gnn,none,none,77abfcdbb281d08df2e9fb09cf84b2a648ea9008
esol,1da91787f38885ba,O=C(c1ccccc1)C(O)c1ccccc1,aqueous_solubility,log10(mol/L),train,,-2.8499999046325684,-2.5272074587286815,-3.7340280869876485,-1.3203868304697144,random,2030,node_gnn,node_gnn,none,none,77abfcdbb281d08df2e9fb09cf84b2a648ea9008
esol,4dba3a2e70cac673,O=C(c1ccccc1)c1ccccc1,aqueous_solubility,log10(mol/L),train,,-3.119999885559082,-2.862844706732701,-4.069665334991669,-1.6560240784737341,random,2030,node_gnn,node_gnn,none,none,77abfcdbb281d08df2e9fb09cf84b2a648ea9008
esol,db8d3eba6fa98f98,O=C1C(Cl)C(CCl)CN1c1cccc(C(F)(F)F)c1,aqueous_solubility,log10(mol/L),test,,-4.046999931335449,-4.4229369298311365,-5.629757558090104,-3.2161163015721694,random,2030,node_gnn,node_gnn,none,none,77abfcdbb281d08df2e9fb09cf84b2a648ea9008
esol,6b583bedb8c16dc6,O=C1C(O)=C(C2CCC(c3ccc(Cl)cc3)CC2)C(=O)c2ccccc21,aqueous_solubility,log10(mol/L),train,,-5.931000232696533,-4.775615103194921,-5.982435731453888,-3.568794474935954,random,2030,node_gnn,node_gnn,none,none,77abfcdbb281d08df2e9fb09cf84b2a648ea9008
esol,43baf9d8ef42876c,O=C1C2(Cl)C3(Cl)C4(Cl)C(Cl)(Cl)C5(Cl)C3(Cl)C1(Cl)C5(Cl)C24Cl,aqueous_solubility,log10(mol/L),train,,-5.258999824523926,-5.7547148725229675,-6.961535500781935,-4.5478942442640005,random,2030,node_gnn,node_gnn,none,none,77abfcdbb281d08df2e9fb09cf84b2a648ea9008
esol,046f28c7cfbee993,O=C1C2CC=CCC2C(=O)N1SC(Cl)(Cl)C(Cl)Cl,aqueous_solubility,log10(mol/L),train,,-5.400000095367432,-4.803845717225382,-6.010666345484349,-3.597025088966415,random,2030,node_gnn,node_gnn,none,none,77abfcdbb281d08df2e9fb09cf84b2a648ea9008
esol,fb996a8251e32b19,O=C1C=C2CC3(O)COc4c(ccc(O)c4O)C3=C2C=C1O,aqueous_solubility,log10(mol/L),train,,-2.700000047683716,-3.0528231144158298,-4.259643742674797,-1.8460024861568627,random,2030,node_gnn,node_gnn,none,none,77abfcdbb281d08df2e9fb09cf84b2a648ea9008
esol,2287e3509b11a6c4,O=C1CC(c2ccc(O)c(O)c2)Oc2cc(O)cc(O)c21,aqueous_solubility,log10(mol/L),train,,-3.619999885559082,-3.279734021808556,-4.486554650067523,-2.072913393549589,random,2030,node_gnn,node_gnn,none,none,77abfcdbb281d08df2e9fb09cf84b2a648ea9008
esol,98e81285f39d4a65,O=C1CCC(=O)N1,aqueous_solubility,log10(mol/L),validation,,0.30000001192092896,0.011023572916752489,-1.1957970553422146,1.2178442011757196,random,2030,node_gnn,node_gnn,none,none,77abfcdbb281d08df2e9fb09cf84b2a648ea9008
esol,552029f553c6de90,O=C1CCC(N2C(=O)c3ccccc3C2=O)C(=O)N1,aqueous_solubility,log10(mol/L),train,,-2.6760001182556152,-2.4855374288341086,-3.6923580570930756,-1.2787168005751415,random,2030,node_gnn,node_gnn,none,none,77abfcdbb281d08df2e9fb09cf84b2a648ea9008
esol,f8fc82e8cbf0dbbb,O=C1CCCCC1,aqueous_solubility,log10(mol/L),train,,-0.6000000238418579,-0.5752674353874729,-1.78208806364644,0.6315531928714941,random,2030,node_gnn,node_gnn,none,none,77abfcdbb281d08df2e9fb09cf84b2a648ea9008
esol,88292b2a0d08280c,O=C1CCCN1,aqueous_solubility,log10(mol/L),train,,1.0700000524520874,0.361807737162152,-0.8450128910968151,1.568628365421119,random,2030,node_gnn,node_gnn,none,none,77abfcdbb281d08df2e9fb09cf84b2a648ea9008
esol,464ea5384e52ed18,O=C1CN(N=Cc2ccc([N+](=O)[O-])o2)C(=O)N1,aqueous_solubility,log10(mol/L),validation,,-3.380000114440918,-2.383377190980875,-3.590197819239842,-1.176556562721908,random,2030,node_gnn,node_gnn,none,none,77abfcdbb281d08df2e9fb09cf84b2a648ea9008
esol,ad5815f8ca05b4e0,O=C1CN=C(c2ccccc2)c2cc([N+](=O)[O-])ccc2N1,aqueous_solubility,log10(mol/L),train,,-3.7960000038146973,-3.2602098824522154,-4.467030510711183,-2.0533892541932484,random,2030,node_gnn,node_gnn,none,none,77abfcdbb281d08df2e9fb09cf84b2a648ea9008
esol,3bcf5a8597ee7358,O=C1CN=C(c2ccccc2Cl)c2cc([N+](=O)[O-])ccc2N1,aqueous_solubility,log10(mol/L),train,,-3.499000072479248,-3.590742212586995,-4.797562840845963,-2.383921584328028,random,2030,node_gnn,node_gnn,none,none,77abfcdbb281d08df2e9fb09cf84b2a648ea9008
esol,7431852da1dce5b8,O=C1CNC(=O)N1,aqueous_solubility,log10(mol/L),train,,-0.4000000059604645,-0.2997321915981317,-1.5065528198570988,0.9070884366608354,random,2030,node_gnn,node_gnn,none,none,77abfcdbb281d08df2e9fb09cf84b2a648ea9008
esol,5e3e17dfed89e466,O=C1CSC(=S)N1,aqueous_solubility,log10(mol/L),calibration,,-1.7699999809265137,-2.087366703143025,-3.294187331401992,-0.8805460748840579,random,2030,node_gnn,node_gnn,none,none,77abfcdbb281d08df2e9fb09cf84b2a648ea9008
esol,9b850b8ead100465,O=C1NC(=O)C(=O)C(=O)N1,aqueous_solubility,log10(mol/L),train,,-1.25,-0.7110691381392811,-1.9178897663982482,0.495751490119686,random,2030,node_gnn,node_gnn,none,none,77abfcdbb281d08df2e9fb09cf84b2a648ea9008
esol,9f97173311018951,O=C1NC(=O)C(=O)N1,aqueous_solubility,log10(mol/L),train,,-0.4000000059604645,-0.6557958132195512,-1.8626164414785182,0.5510248150394159,random,2030,node_gnn,node_gnn,none,none,77abfcdbb281d08df2e9fb09cf84b2a648ea9008
esol,f58d70889d342b7a,O=C1NC(=O)C(O)(C2(O)C(=O)NC(=O)NC2=O)C(=O)N1,aqueous_solubility,log10(mol/L),train,,-1.9900000095367432,-1.793107098243263,-2.9999277265022304,-0.586286469984296,random,2030,node_gnn,node_gnn,none,none,77abfcdbb281d08df2e9fb09cf84b2a648ea9008
esol,a2f9df8a5d8811db,O=C1NC(=O)C(c2ccccc2)(c2ccccc2)N1,aqueous_solubility,log10(mol/L),train,,-4.0970001220703125,-3.5990787921878384,-4.8058994204468055,-2.3922581639288714,random,2030,node_gnn,node_gnn,none,none,77abfcdbb281d08df2e9fb09cf84b2a648ea9008
esol,abaed2608bdfc2de,O=C1NC(=O)C2(CC2)C(=O)N1,aqueous_solubility,log10(mol/L),train,,-1.8860000371932983,-1.89663078800797,-3.103451416266937,-0.689810159749003,random,2030,node_gnn,node_gnn,none,none,77abfcdbb281d08df2e9fb09cf84b2a648ea9008
esol,c4e073085482ca83,O=C1NC(=O)C2(CCC2)C(=O)N1,aqueous_solubility,log10(mol/L),train,,-1.6549999713897705,-1.8994722432383297,-3.106292871497297,-0.6926516149793627,random,2030,node_gnn,node_gnn,none,none,77abfcdbb281d08df2e9fb09cf84b2a648ea9008
esol,fb010ec97af69bc4,O=C1NC(=O)C2(CCCC2)C(=O)N1,aqueous_solubility,log10(mol/L),train,,-2.3489999771118164,-1.932896022615438,-3.139716650874405,-0.7260753943564708,random,2030,node_gnn,node_gnn,none,none,77abfcdbb281d08df2e9fb09cf84b2a648ea9008
esol,f7fa422f6b89ab0c,O=C1NC(=O)C2(CCCCC2)C(=O)N1,aqueous_solubility,log10(mol/L),train,,-3.059999942779541,-1.9692924614780927,-3.1761130897370595,-0.7624718332191256,random,2030,node_gnn,node_gnn,none,none,77abfcdbb281d08df2e9fb09cf84b2a648ea9008
esol,1079ed78c10335aa,O=C1NC(=O)C2(CCCCCC2)C(=O)N1,aqueous_solubility,log10(mol/L),test,,-3.1679999828338623,-2.0056801954430474,-3.2125008237020145,-0.7988595671840804,random,2030,node_gnn,node_gnn,none,none,77abfcdbb281d08df2e9fb09cf84b2a648ea9008
esol,2763289c3c31ca3c,O=C1NC(=O)C2(CCCCCCC2)C(=O)N1,aqueous_solubility,log10(mol/L),train,,-2.9820001125335693,-2.040738729376609,-3.247559357635576,-0.833918101117642,random,2030,node_gnn,node_gnn,none,none,77abfcdbb281d08df2e9fb09cf84b2a648ea9008
esol,6122d0570c0fafbd,O=C1NC(=O)C2C3C(C(O)(c4ccccc4)c4ccccn4)=CC(C3=C(c3ccccc3)c3ccccn3)C12,aqueous_solubility,log10(mol/L),test,,-3.930999994277954,-4.805927575512973,-6.01274820377194,-3.599106947254006,random,2030,node_gnn,node_gnn,none,none,77abfcdbb281d08df2e9fb09cf84b2a648ea9008
esol,80765813e3dd85bc,O=C1NC(=O)C2C=CC=CC12,aqueous_solubility,log10(mol/L),train,,-2.931999921798706,-2.8782865329231493,-4.085107161182116,-1.6714659046641822,random,2030,node_gnn,node_gnn,none,none,77abfcdbb281d08df2e9fb09cf84b2a648ea9008
esol,8c073a83b27c7462,O=C1NC(=O)c2ccccc21,aqueous_solubility,log10(mol/L),train,,-2.609999895095825,-2.674258664783388,-3.881079293042355,-1.4674380365244208,random,2030,node_gnn,node_gnn,none,none,77abfcdbb281d08df2e9fb09cf84b2a648ea9008
esol,6b563f4c04c1dd29,O=C1NCCN1c1ncc([N+](=O)[O-])s1,aqueous_solubility,log10(mol/L),test,,-3.2200000286102295,-2.4245691453706106,-3.6313897736295777,-1.2177485171116436,random,2030,node_gnn,node_gnn,none,none,77abfcdbb281d08df2e9fb09cf84b2a648ea9008
esol,e431f760674c4ee6,O=C1Nc2ccc(Cl)cc2C(c2ccccc2)=NC1O,aqueous_solubility,log10(mol/L),test,,-3.9519999027252197,-3.312517344645291,-4.519337972904259,-2.105696716386324,random,2030,node_gnn,node_gnn,none,none,77abfcdbb281d08df2e9fb09cf84b2a648ea9008
esol,e7367b803a2a0cad,O=C1Nc2ccc(Cl)cc2C(c2ccccc2Cl)=NC1O,aqueous_solubility,log10(mol/L),train,,-3.6040000915527344,-3.5794289364465994,-4.7862495647055665,-2.3726083081876324,random,2030,node_gnn,node_gnn,none,none,77abfcdbb281d08df2e9fb09cf84b2a648ea9008
esol,cccf416cbf91333f,O=C1OC(c2ccc(O)cc2)(c2ccc(O)cc2)c2ccccc21,aqueous_solubility,log10(mol/L),calibration,,-2.9000000953674316,-4.326113740452474,-5.532934368711441,-3.119293112193507,random,2030,node_gnn,node_gnn,none,none,77abfcdbb281d08df2e9fb09cf84b2a648ea9008
esol,1d8559207fba752d,O=C1c2ccccc2C(=O)c2ccccc21,aqueous_solubility,log10(mol/L),train,,-5.190000057220459,-4.613453960944318,-5.820274589203285,-3.4066333326853506,random,2030,node_gnn,node_gnn,none,none,77abfcdbb281d08df2e9fb09cf84b2a648ea9008
esol,40f1ac185330e905,O=C1c2ccccc2Cc2ccccc2N1CCF,aqueous_solubility,log10(mol/L),train,,-4.798999786376953,-4.372432248797761,-5.579252877056728,-3.165611620538794,random,2030,node_gnn,node_gnn,none,none,77abfcdbb281d08df2e9fb09cf84b2a648ea9008
esol,1c5ae882fec16e7a,O=CNC(N1C=CN(C(NC=O)C(Cl)(Cl)Cl)C=C1)C(Cl)(Cl)Cl,aqueous_solubility,log10(mol/L),validation,,-4.190000057220459,-2.755493889770543,-3.96231451802951,-1.548673261511576,random,2030,node_gnn,node_gnn,none,none,77abfcdbb281d08df2e9fb09cf84b2a648ea9008
esol,24abd616835cfd2d,O=Cc1ccc(O)cc1,aqueous_solubility,log10(mol/L),calibration,,-0.9599999785423279,-1.0842058396248317,-2.291026467883799,0.12261478863413533,random,2030,node_gnn,node_gnn,none,none,77abfcdbb281d08df2e9fb09cf84b2a648ea9008
esol,01bc1188fd568fec,O=Cc1ccc2c(c1)OCO2,aqueous_solubility,log10(mol/L),train,,-1.6299999952316284,-1.8359301486092594,-3.0427507768682265,-0.6291095203502923,random,2030,node_gnn,node_gnn,none,none,77abfcdbb281d08df2e9fb09cf84b2a648ea9008
esol,f96a284663242b78,O=Cc1ccccc1,aqueous_solubility,log10(mol/L),train,,-1.190000057220459,-1.3198537282579834,-2.5266743565169505,-0.11303309999901634,random,2030,node_gnn,node_gnn,none,none,77abfcdbb281d08df2e9fb09cf84b2a648ea9008
esol,363e8ba4d5020110,O=Cc1ccco1,aqueous_solubility,log10(mol/L),train,,-0.10000000149011612,-0.46388587231644873,-1.6707065005754158,0.7429347559425183,random,2030,node_gnn,node_gnn,none,none,77abfcdbb281d08df2e9fb09cf84b2a648ea9008
esol,8a081af65ed6bef7,O=[N+]([O-])C(Cl)(Cl)Cl,aqueous_solubility,log10(mol/L),calibration,,-2.0,-1.8105636982379403,-3.0173843264969076,-0.6037430699789732,random,2030,node_gnn,node_gnn,none,none,77abfcdbb281d08df2e9fb09cf84b2a648ea9008
esol,b3623792d168d2ab,O=[N+]([O-])OCC(CO[N+](=O)[O-])O[N+](=O)[O-],aqueous_solubility,log10(mol/L),train,,-2.2200000286102295,-1.258909604039551,-2.465730232298518,-0.052088975780584024,random,2030,node_gnn,node_gnn,none,none,77abfcdbb281d08df2e9fb09cf84b2a648ea9008
esol,ff424e90dc845655,O=[N+]([O-])c1c(Cl)c(Cl)c(Cl)c(Cl)c1Cl,aqueous_solubility,log10(mol/L),calibration,,-5.820000171661377,-6.9342363326514285,-8.141056960910396,-5.727415704392461,random,2030,node_gnn,node_gnn,none,none,77abfcdbb281d08df2e9fb09cf84b2a648ea9008
esol,57e68a80baabc9d1,O=[N+]([O-])c1cc([N+](=O)[O-])cc([N+](=O)[O-])c1,aqueous_solubility,log10(mol/L),test,,-2.890000104904175,-2.952976400248122,-4.159797028507089,-1.7461557719891547,random,2030,node_gnn,node_gnn,none,none,77abfcdbb281d08df2e9fb09cf84b2a648ea9008
esol,bc600864e500c480,O=[N+]([O-])c1ccc(C=NO)o1,aqueous_solubility,log10(mol/L),train,,-2.190000057220459,-2.0438543888845158,-3.250675017143483,-0.8370337606255487,random,2030,node_gnn,node_gnn,none,none,77abfcdbb281d08df2e9fb09cf84b2a648ea9008
esol,4b83ca53ecb4e64f,O=[N+]([O-])c1ccc(Cl)c(Cl)c1,aqueous_solubility,log10(mol/L),train,,-3.200000047683716,-3.4410150074371955,-4.647835635696163,-2.2341943791782284,random,2030,node_gnn,node_gnn,none,none,77abfcdbb281d08df2e9fb09cf84b2a648ea9008
esol,a677b460c36a2d5e,O=[N+]([O-])c1ccc(Cl)cc1,aqueous_solubility,log10(mol/L),test,,-2.9200000762939453,-2.963984011475262,-4.170804639734229,-1.757163383216295,random,2030,node_gnn,node_gnn,none,none,77abfcdbb281d08df2e9fb09cf84b2a648ea9008
esol,dde4a1cff0933018,O=[N+]([O-])c1ccc(O)cc1,aqueous_solubility,log10(mol/L),train,,-0.7400000095367432,-1.4182209646359083,-2.6250415928948754,-0.21140033637694122,random,2030,node_gnn,node_gnn,none,none,77abfcdbb281d08df2e9fb09cf84b2a648ea9008
esol,0cfb53848f1c44c5,O=[N+]([O-])c1ccc(Oc2ccc(Cl)cc2Cl)cc1,aqueous_solubility,log10(mol/L),train,,-5.460000038146973,-5.292743428430571,-6.499564056689538,-4.085922800171604,random,2030,node_gnn,node_gnn,none,none,77abfcdbb281d08df2e9fb09cf84b2a648ea9008
esol,82051d5601294b9c,O=[N+]([O-])c1ccc([N+](=O)[O-])cc1,aqueous_solubility,log10(mol/L),train,,-3.390000104904175,-2.712742323645984,-3.9195629519049513,-1.5059216953870171,random,2030,node_gnn,node_gnn,none,none,77abfcdbb281d08df2e9fb09cf84b2a648ea9008
esol,b8a8d3aea70aedef,O=[N+]([O-])c1cccc(Cl)c1,aqueous_solubility,log10(mol/L),train,,-2.7699999809265137,-2.7444387800798666,-3.9512594083388337,-1.5376181518208996,random,2030,node_gnn,node_gnn,none,none,77abfcdbb281d08df2e9fb09cf84b2a648ea9008
esol,feef886840fa5400,O=[N+]([O-])c1cccc(Cl)c1Cl,aqueous_solubility,log10(mol/L),train,,-3.4800000190734863,-3.1813046053370977,-4.388125233596065,-1.9744839770781306,random,2030,node_gnn,node_gnn,none,none,77abfcdbb281d08df2e9fb09cf84b2a648ea9008
esol,8b82235acd1bad51,O=[N+]([O-])c1cccc(O)c1,aqueous_solubility,log10(mol/L),test,,-1.0099999904632568,-1.3980893117306705,-2.6049099399896374,-0.19126868347170345,random,2030,node_gnn,node_gnn,none,none,77abfcdbb281d08df2e9fb09cf84b2a648ea9008
esol,ec688ee4a0e28848,O=[N+]([O-])c1cccc([N+](=O)[O-])c1,aqueous_solubility,log10(mol/L),train,,-2.2899999618530273,-2.4233775836492257,-3.630198211908193,-1.2165569553902587,random,2030,node_gnn,node_gnn,none,none,77abfcdbb281d08df2e9fb09cf84b2a648ea9008
esol,c6bfe39ba4dc7a2a,O=[N+]([O-])c1cccc2ccccc12,aqueous_solubility,log10(mol/L),validation,,-3.5399999618530273,-3.5217367853877364,-4.728557413646703,-2.3149161571287693,random,2030,node_gnn,node_gnn,none,none,77abfcdbb281d08df2e9fb09cf84b2a648ea9008
esol,e7485af5868fe30e,O=[N+]([O-])c1ccccc1,aqueous_solubility,log10(mol/L),train,,-1.7999999523162842,-2.0150235153865745,-3.2218441436455416,-0.8082028871276075,random,2030,node_gnn,node_gnn,none,none,77abfcdbb281d08df2e9fb09cf84b2a648ea9008
esol,5f297c0e1cebb1e6,O=[N+]([O-])c1ccccc1Cl,aqueous_solubility,log10(mol/L),train,,-2.549999952316284,-2.5738997730433137,-3.780720401302281,-1.3670791447843467,random,2030,node_gnn,node_gnn,none,none,77abfcdbb281d08df2e9fb09cf84b2a648ea9008
esol,5598414c70a5d146,O=[N+]([O-])c1ccccc1O,aqueous_solubility,log10(mol/L),test,,-1.7400000095367432,-1.5557360183393443,-2.7625566465983113,-0.3489153900803772,random,2030,node_gnn,node_gnn,none,none,77abfcdbb281d08df2e9fb09cf84b2a648ea9008
esol,059b799d8722bb7e,O=[N+]([O-])c1ccccc1[N+](=O)[O-],aqueous_solubility,log10(mol/L),train,,-3.0999999046325684,-2.5965713637078567,-3.8033919919668238,-1.3897507354488896,random,2030,node_gnn,node_gnn,none,none,77abfcdbb281d08df2e9fb09cf84b2a648ea9008
esol,d74439078cde9040,O=c1[nH]c(=O)c2[nH]c(=O)[nH]c2[nH]1,aqueous_solubility,log10(mol/L),train,,-3.930000066757202,-3.7119480727389504,-4.9187687009979175,-2.5051274444799834,random,2030,node_gnn,node_gnn,none,none,77abfcdbb281d08df2e9fb09cf84b2a648ea9008
esol,2ba1a048585b1487,O=c1[nH]c2c(c(=O)n1C1CCCCC1)CCC2,aqueous_solubility,log10(mol/L),calibration,,-4.593999862670898,-3.814348767621402,-5.021169395880369,-2.6075281393624348,random,2030,node_gnn,node_gnn,none,none,77abfcdbb281d08df2e9fb09cf84b2a648ea9008
esol,d07e545f1899310f,O=c1[nH]c2cc(Cl)ccc2o1,aqueous_solubility,log10(mol/L),train,,-2.8310000896453857,-3.4736129569542524,-4.680433585213219,-2.2667923286952854,random,2030,node_gnn,node_gnn,none,none,77abfcdbb281d08df2e9fb09cf84b2a648ea9008
esol,4c7d2cc71ad43d92,O=c1[nH]cc(F)c(=O)[nH]1,aqueous_solubility,log10(mol/L),train,,-1.0770000219345093,-1.773105640329711,-2.9799262685886783,-0.5662850120707439,random,2030,node_gnn,node_gnn,none,none,77abfcdbb281d08df2e9fb09cf84b2a648ea9008
esol,dffd0d1aff11120c,O=c1[nH]cnc2[nH]ncc12,aqueous_solubility,log10(mol/L),train,,-2.2660000324249268,-2.6856250534155466,-3.8924456816745137,-1.4788044251565795,random,2030,node_gnn,node_gnn,none,none,77abfcdbb281d08df2e9fb09cf84b2a648ea9008
esol,efd3b4d838ecabb0,O=c1[nH]cnc2nc[nH]c12,aqueous_solubility,log10(mol/L),train,,-2.2960000038146973,-2.610498506159038,-3.817319134418005,-1.403677877900071,random,2030,node_gnn,node_gnn,none,none,77abfcdbb281d08df2e9fb09cf84b2a648ea9008
esol,c401593400567088,O=c1c(O)c(-c2ccc(O)cc2O)oc2cc(O)cc(O)c12,aqueous_solubility,log10(mol/L),train,,-3.0829999446868896,-3.3401914129336783,-4.547012041192645,-2.133370784674711,random,2030,node_gnn,node_gnn,none,none,77abfcdbb281d08df2e9fb09cf84b2a648ea9008
esol,d67cde4d4f9d08e2,O=c1cc[nH]c(=O)[nH]1,aqueous_solubility,log10(mol/L),train,,-1.4880000352859497,-1.371448918504662,-2.578269546763629,-0.16462829024569503,random,2030,node_gnn,node_gnn,none,none,77abfcdbb281d08df2e9fb09cf84b2a648ea9008
esol,834dfd465548d669,O=c1ccnc(S)[nH]1,aqueous_solubility,log10(mol/L),train,,-2.2730000019073486,-2.290510882238567,-3.497331510497534,-1.0836902539795998,random,2030,node_gnn,node_gnn,none,none,77abfcdbb281d08df2e9fb09cf84b2a648ea9008
esol,7b29bd731c5c5440,O=c1oc2ccccc2c(O)c1C(CC(O)c1ccc(-c2ccc(Br)cc2)cc1)c1ccccc1,aqueous_solubility,log10(mol/L),train,,-4.445000171661377,-4.887254533090563,-6.09407516134953,-3.680433904831596,random,2030,node_gnn,node_gnn,none,none,77abfcdbb281d08df2e9fb09cf84b2a648ea9008
esol,f395281a134eed26,O=c1oc2ccccc2c(O)c1C1CCCc2ccccc21,aqueous_solubility,log10(mol/L),test,,-2.8399999141693115,-4.503374347790148,-5.710194976049115,-3.2965537195311807,random,2030,node_gnn,node_gnn,none,none,77abfcdbb281d08df2e9fb09cf84b2a648ea9008
esol,e761650b94280ee4,OC(Cn1cncn1)(Cn1cncn1)c1ccc(F)cc1F,aqueous_solubility,log10(mol/L),train,,-1.7999999523162842,-2.165771779804985,-3.372592408063952,-0.9589511515460178,random,2030,node_gnn,node_gnn,none,none,77abfcdbb281d08df2e9fb09cf84b2a648ea9008
esol,1101da9b7991cc75,OC(Cn1cncn1)(c1ccc(F)cc1)c1ccccc1F,aqueous_solubility,log10(mol/L),test,,-3.369999885559082,-2.8714987943231995,-4.078319422582167,-1.6646781660642325,random,2030,node_gnn,node_gnn,none,none,77abfcdbb281d08df2e9fb09cf84b2a648ea9008
esol,6711c4961ef774a1,OC(c1ccc(Cl)cc1)(c1ccc(Cl)cc1)C(Cl)(Cl)Cl,aqueous_solubility,log10(mol/L),calibration,,-5.665999889373779,-5.102714880852085,-6.309535509111052,-3.895894252593118,random,2030,node_gnn,node_gnn,none,none,77abfcdbb281d08df2e9fb09cf84b2a648ea9008
esol,a2c2454d143b1950,OC(c1ccc(Cl)cc1)(c1cncnc1)c1ccccc1Cl,aqueous_solubility,log10(mol/L),train,,-4.380000114440918,-3.8518184951388665,-5.058639123397834,-2.6449978668798995,random,2030,node_gnn,node_gnn,none,none,77abfcdbb281d08df2e9fb09cf84b2a648ea9008
esol,b3f3b509e457b989,OC(c1ccccc1)C(O)c1ccccc1,aqueous_solubility,log10(mol/L),validation,,-1.9299999475479126,-1.9550233679368307,-3.161843996195798,-0.7482027396778637,random,2030,node_gnn,node_gnn,none,none,77abfcdbb281d08df2e9fb09cf84b2a648ea9008
esol,815eaa2e8194a1de,OC(c1ccccc1)c1ccccc1,aqueous_solubility,log10(mol/L),train,,-2.549999952316284,-2.628777340512543,-3.83559796877151,-1.421956712253576,random,2030,node_gnn,node_gnn,none,none,77abfcdbb281d08df2e9fb09cf84b2a648ea9008
esol,ccd31a926e2435b6,OC1C(O)C(O)C(O)C(O)C1O,aqueous_solubility,log10(mol/L),train,,0.3499999940395355,-0.03957988978182625,-1.2464005180407933,1.1672407384771408,random,2030,node_gnn,node_gnn,none,none,77abfcdbb281d08df2e9fb09cf84b2a648ea9008
esol,1dee6b11c4cd6fe7,OC1C=CC2C1C1(Cl)C(Cl)=C(Cl)C2(Cl)C1(Cl)Cl,aqueous_solubility,log10(mol/L),calibration,,-5.460000038146973,-5.589135354792996,-6.795955983051963,-4.3823147265340285,random,2030,node_gnn,node_gnn,none,none,77abfcdbb281d08df2e9fb09cf84b2a648ea9008
esol,d2b075aa3c9f907a,OC1CCCCC1,aqueous_solubility,log10(mol/L),train,,-0.4399999976158142,-0.8019091611655469,-2.008729789424514,0.4049114670934202,random,2030,node_gnn,node_gnn,none,none,77abfcdbb281d08df2e9fb09cf84b2a648ea9008
esol,a260f3bd66239d10,OC1CCCCCC1,aqueous_solubility,log10(mol/L),train,,-0.8799999952316284,-1.0401407643623788,-2.246961392621346,0.1666798638965883,random,2030,node_gnn,node_gnn,none,none,77abfcdbb281d08df2e9fb09cf84b2a648ea9008
esol,cd07d7b7d929883b,OC1CCCCCCC1,aqueous_solubility,log10(mol/L),calibration,,-1.2899999618530273,-1.2567010831825303,-2.4635217114414973,-0.04988045492356319,random,2030,node_gnn,node_gnn,none,none,77abfcdbb281d08df2e9fb09cf84b2a648ea9008
esol,ee355a6432d1756f,OC1COC(O)C(O)C1O,aqueous_solubility,log10(mol/L),train,,0.38999998569488525,0.14686034757523547,-1.0599602806837316,1.3536809758342025,random,2030,node_gnn,node_gnn,none,none,77abfcdbb281d08df2e9fb09cf84b2a648ea9008
esol,ad18eddfa134971c,OCC(O)C(O)C(O)C(O)CO,aqueous_solubility,log10(mol/L),train,,0.5750000160187483,0.199338517227734,-1.007482111031233,1.406159145486701,random,2030,node_gnn,node_gnn,none,none,77abfcdbb281d08df2e9fb09cf84b2a648ea9008
esol,5aedb2f44a5cfe15,OCC(O)C(O)CO,aqueous_solubility,log10(mol/L),train,,0.699999988079071,0.3950788654346673,-0.8117417628242998,1.6018994936936344,random,2030,node_gnn,node_gnn,none,none,77abfcdbb281d08df2e9fb09cf84b2a648ea9008
esol,5a22885eb34ba977,OCC(O)C1OC2OC(C(Cl)(Cl)Cl)OC2C1O,aqueous_solubility,log10(mol/L),calibration,,-1.840000033378601,-1.0057532644993357,-2.2125738927583027,0.2010673637596314,random,2030,node_gnn,node_gnn,none,none,77abfcdbb281d08df2e9fb09cf84b2a648ea9008
esol,ecae793a151a86c7,OCC(O)CO,aqueous_solubility,log10(mol/L),train,,1.1200000047683716,0.7114516859668023,-0.49536894229216477,1.9182723142257694,random,2030,node_gnn,node_gnn,none,none,77abfcdbb281d08df2e9fb09cf84b2a648ea9008
esol,23e4b685b19bde7d,OCC1OC(O)(CO)C(O)C1O,aqueous_solubility,log10(mol/L),calibration,,0.6399999856948853,0.3381266306802959,-0.8686939975786712,1.544947258939263,random,2030,node_gnn,node_gnn,none,none,77abfcdbb281d08df2e9fb09cf84b2a648ea9008
esol,8d06c6c063ad1f13,OCC1OC(O)C(O)C(O)C1O,aqueous_solubility,log10(mol/L),train,,0.7400000095367432,0.01914082694293917,-1.187679801316028,1.2259614552019062,random,2030,node_gnn,node_gnn,none,none,77abfcdbb281d08df2e9fb09cf84b2a648ea9008
esol,20a6ee58628f6410,OCC1OC(OC2(CO)OC(CO)C(O)C2O)C(O)C(O)C1O,aqueous_solubility,log10(mol/L),train,,0.7900000214576721,-0.11333585720338268,-1.3201564854623498,1.0934847710555844,random,2030,node_gnn,node_gnn,none,none,77abfcdbb281d08df2e9fb09cf84b2a648ea9008
esol,74372de6e813da3c,OCC1OC(OC2C(CO)OC(O)C(O)C2O)C(O)C(O)C1O,aqueous_solubility,log10(mol/L),train,,-0.24400000274181366,-0.19779809184818875,-1.4046187201071558,1.0090225364107783,random,2030,node_gnn,node_gnn,none,none,77abfcdbb281d08df2e9fb09cf84b2a648ea9008
esol,3bb6576d1676177b,OCC1OC(OCC2OC(OC3(CO)OC(CO)C(O)C3O)C(O)C(O)C2O)C(O)C(O)C1O,aqueous_solubility,log10(mol/L),train,,-0.4099999964237213,-0.2356934131684163,-1.4425140414273834,0.9711272150905508,random,2030,node_gnn,node_gnn,none,none,77abfcdbb281d08df2e9fb09cf84b2a648ea9008
esol,cafb5394ad49e2da,OCC1OC(n2cnc3c(O)ncnc32)C(O)C1O,aqueous_solubility,log10(mol/L),train,,-1.2300000190734863,-1.786677585107355,-2.993498213366322,-0.579856956848388,random,2030,node_gnn,node_gnn,none,none,77abfcdbb281d08df2e9fb09cf84b2a648ea9008
esol,347360ba4eef9a17,OCCOc1ccccc1,aqueous_solubility,log10(mol/L),train,,-0.699999988079071,-1.016523493796989,-2.223344122055956,0.19029713446197816,random,2030,node_gnn,node_gnn,none,none,77abfcdbb281d08df2e9fb09cf84b2a648ea9008
esol,8a2610c4845c31dd,OCc1ccccc1,aqueous_solubility,log10(mol/L),train,,-0.4000000059604645,-0.8369222782415435,-2.0437429065005106,0.36989835001742355,random,2030,node_gnn,node_gnn,none,none,77abfcdbb281d08df2e9fb09cf84b2a648ea9008
esol,21fced0c0e248caf,OCc1ccccc1OC1OC(CO)C(O)C(O)C1O,aqueous_solubility,log10(mol/L),train,,-0.8500000238418579,-0.6761975702693608,-1.8830181985283279,0.5306230579896063,random,2030,node_gnn,node_gnn,none,none,77abfcdbb281d08df2e9fb09cf84b2a648ea9008
esol,3beaac315c00705a,Oc1c(Cl)c(Cl)c(Cl)c(Cl)c1Cl,aqueous_solubility,log10(mol/L),train,,-4.28000020980835,-4.666256861128404,-5.873077489387371,-3.459436232869437,random,2030,node_gnn,node_gnn,none,none,77abfcdbb281d08df2e9fb09cf84b2a648ea9008
esol,ace4936ebfc84643,Oc1c(Cl)c(Cl)cc(Cl)c1Cl,aqueous_solubility,log10(mol/L),calibration,,-3.369999885559082,-3.9054625533724323,-5.112283181631399,-2.6986419251134652,random,2030,node_gnn,node_gnn,none,none,77abfcdbb281d08df2e9fb09cf84b2a648ea9008
esol,68fb3cd38ab259db,Oc1c(Cl)cc(Cl)c(Cl)c1Cl,aqueous_solubility,log10(mol/L),validation,,-3.0999999046325684,-3.6341772551086757,-4.840997883367643,-2.4273566268497087,random,2030,node_gnn,node_gnn,none,none,77abfcdbb281d08df2e9fb09cf84b2a648ea9008
esol,ff5529c308a61bd5,Oc1c(Cl)cc(Cl)cc1Cl,aqueous_solubility,log10(mol/L),train,,-2.3399999141693115,-2.8365254643067983,-4.043346092565765,-1.6297048360478312,random,2030,node_gnn,node_gnn,none,none,77abfcdbb281d08df2e9fb09cf84b2a648ea9008
esol,47fd413d31b8b8eb,Oc1c(Cl)ccc(Cl)c1Cl,aqueous_solubility,log10(mol/L),train,,-2.640000104904175,-2.9091750029602905,-4.115995631219258,-1.7023543747013234,random,2030,node_gnn,node_gnn,none,none,77abfcdbb281d08df2e9fb09cf84b2a648ea9008
esol,f2b15729f987cf3b,Oc1c(Cl)cccc1Cl,aqueous_solubility,log10(mol/L),train,,-1.7899999618530273,-2.0256251346005194,-3.2324457628594865,-0.8188045063415523,random,2030,node_gnn,node_gnn,none,none,77abfcdbb281d08df2e9fb09cf84b2a648ea9008
esol,42fadcd62d5dfa18,Oc1c2ccccc2cc2ccccc12,aqueous_solubility,log10(mol/L),train,,-4.730000019073486,-4.187729837032238,-5.394550465291205,-2.980909208773271,random,2030,node_gnn,node_gnn,none,none,77abfcdbb281d08df2e9fb09cf84b2a648ea9008
esol,f69f5a78d0052c90,Oc1cc(Cl)c(Cl)c(Cl)c1Cl,aqueous_solubility,log10(mol/L),train,,-3.1500000953674316,-3.609635057623187,-4.816455685882154,-2.40281442936422,random,2030,node_gnn,node_gnn,none,none,77abfcdbb281d08df2e9fb09cf84b2a648ea9008
esol,5201b0d96bea2487,Oc1cc(Cl)c(Cl)cc1Cl,aqueous_solubility,log10(mol/L),train,,-2.2100000381469727,-2.8536373692762504,-4.0604579975352175,-1.6468167410172834,random,2030,node_gnn,node_gnn,none,none,77abfcdbb281d08df2e9fb09cf84b2a648ea9008
esol,83266a15b21d9a5e,Oc1cc(Cl)cc(Cl)c1,aqueous_solubility,log10(mol/L),validation,,-1.340000033378601,-2.3046552686584327,-3.5114758969174,-1.0978346403994657,random,2030,node_gnn,node_gnn,none,none,77abfcdbb281d08df2e9fb09cf84b2a648ea9008
esol,aefc79dc4755abd1,Oc1cc(Cl)cc(Cl)c1Cl,aqueous_solubility,log10(mol/L),calibration,,-2.6700000762939453,-3.0840148208259266,-4.290835449084893,-1.8771941925669595,random,2030,node_gnn,node_gnn,none,none,77abfcdbb281d08df2e9fb09cf84b2a648ea9008
esol,1d86e9c441b31155,Oc1cc(Cl)ccc1Oc1ccc(Cl)cc1Cl,aqueous_solubility,log10(mol/L),train,,-4.460000038146973,-4.609386629033525,-5.816207257292492,-3.4025660007745575,random,2030,node_gnn,node_gnn,none,none,77abfcdbb281d08df2e9fb09cf84b2a648ea9008
esol,1d621a1129d76fde,Oc1ccc(-c2ccccc2)cc1,aqueous_solubility,log10(mol/L),train,,-3.4800000190734863,-2.782498690199539,-3.9893193184585063,-1.5756780619405721,random,2030,node_gnn,node_gnn,none,none,77abfcdbb281d08df2e9fb09cf84b2a648ea9008
esol,6ccb98da78f7e118,Oc1ccc(Br)cc1,aqueous_solubility,log10(mol/L),train,,-1.090000033378601,-1.5399983202455527,-2.7468189485045196,-0.33317769198658564,random,2030,node_gnn,node_gnn,none,none,77abfcdbb281d08df2e9fb09cf84b2a648ea9008
esol,1645a8e7ef24eacf,Oc1ccc(Cl)c(Cl)c1,aqueous_solubility,log10(mol/L),train,,-1.25,-1.8171274434195397,-3.0239480716785065,-0.6103068151605726,random,2030,node_gnn,node_gnn,none,none,77abfcdbb281d08df2e9fb09cf84b2a648ea9008
esol,12d83c9e4cfe8609,Oc1ccc(Cl)c(Cl)c1Cl,aqueous_solubility,log10(mol/L),train,,-2.6700000762939453,-2.6393536650599825,-3.8461742933189496,-1.4325330368010154,random,2030,node_gnn,node_gnn,none,none,77abfcdbb281d08df2e9fb09cf84b2a648ea9008
esol,d0f354a94dd9e30c,Oc1ccc(Cl)cc1,aqueous_solubility,log10(mol/L),calibration,,-0.699999988079071,-1.451472033796333,-2.6582926620553,-0.24465140553736586,random,2030,node_gnn,node_gnn,none,none,77abfcdbb281d08df2e9fb09cf84b2a648ea9008
esol,574d72e0485c2a4c,Oc1ccc(Cl)cc1Cc1cc(Cl)ccc1O,aqueous_solubility,log10(mol/L),calibration,,-3.953000068664551,-3.3996173525300732,-4.606437980789041,-2.192796724271106,random,2030,node_gnn,node_gnn,none,none,77abfcdbb281d08df2e9fb09cf84b2a648ea9008
esol,3146d92924b6ceda,Oc1ccc(Cl)cc1Cl,aqueous_solubility,log10(mol/L),train,,-1.5499999523162842,-2.0965609674831835,-3.3033815957421506,-0.8897403392242165,random,2030,node_gnn,node_gnn,none,none,77abfcdbb281d08df2e9fb09cf84b2a648ea9008
esol,9b903cfe28e8dec2,Oc1ccc(O)cc1,aqueous_solubility,log10(mol/L),train,,-0.17000000178813934,-0.28094803162525084,-1.487768659884218,0.9258725966337162,random,2030,node_gnn,node_gnn,none,none,77abfcdbb281d08df2e9fb09cf84b2a648ea9008
esol,49fae57f275a6265,Oc1ccc2c(c1)CCCC2,aqueous_solubility,log10(mol/L),validation,,-1.9900000095367432,-2.573864574978701,-3.780685203237668,-1.367043946719734,random,2030,node_gnn,node_gnn,none,none,77abfcdbb281d08df2e9fb09cf84b2a648ea9008
esol,7daf411051bf1f30,Oc1ccc2ccccc2c1,aqueous_solubility,log10(mol/L),validation,,-2.2799999713897705,-2.809256646853723,-4.01607727511269,-1.602436018594756,random,2030,node_gnn,node_gnn,none,none,77abfcdbb281d08df2e9fb09cf84b2a648ea9008
esol,068adc1c3a01e09a,Oc1ccc2ncccc2c1,aqueous_solubility,log10(mol/L),test,,-2.1600000858306885,-2.044086267173971,-3.250906895432938,-0.8372656389150039,random,2030,node_gnn,node_gnn,none,none,77abfcdbb281d08df2e9fb09cf84b2a648ea9008
esol,e25e7ed45d0af63a,Oc1cccc(Cl)c1,aqueous_solubility,log10(mol/L),train,,-0.699999988079071,-1.3835935123753982,-2.5904141406343655,-0.1767728841164311,random,2030,node_gnn,node_gnn,none,none,77abfcdbb281d08df2e9fb09cf84b2a648ea9008
esol,37986dfa66563881,Oc1cccc(Cl)c1Cl,aqueous_solubility,log10(mol/L),train,,-1.2999999523162842,-1.852426308224381,-3.059246936483348,-0.645605679965414,random,2030,node_gnn,node_gnn,none,none,77abfcdbb281d08df2e9fb09cf84b2a648ea9008
esol,084f0a95be5b9a25,Oc1cccc(O)c1,aqueous_solubility,log10(mol/L),test,,0.8100000023841858,-0.45365017420074416,-1.6604708024597112,0.7531704540582229,random,2030,node_gnn,node_gnn,none,none,77abfcdbb281d08df2e9fb09cf84b2a648ea9008
esol,34e720a34db81320,Oc1cccc2ccccc12,aqueous_solubility,log10(mol/L),train,,-2.2200000286102295,-2.6317476660762424,-3.8385682943352095,-1.4249270378172754,random,2030,node_gnn,node_gnn,none,none,77abfcdbb281d08df2e9fb09cf84b2a648ea9008
esol,3ded71ac51eeff27,Oc1cccc2cccnc12,aqueous_solubility,log10(mol/L),train,,-2.4200000762939453,-2.5808426859066094,-3.7876633141655764,-1.3740220576476423,random,2030,node_gnn,node_gnn,none,none,77abfcdbb281d08df2e9fb09cf84b2a648ea9008
esol,409af28e16979e80,Oc1cccc2ncccc12,aqueous_solubility,log10(mol/L),train,,-2.5399999618530273,-2.496892967883627,-3.703713596142594,-1.2900723396246598,random,2030,node_gnn,node_gnn,none,none,77abfcdbb281d08df2e9fb09cf84b2a648ea9008
esol,2e890eb023abb6b6,Oc1ccccc1,aqueous_solubility,log10(mol/L),train,,0.0,-0.5274732576451462,-1.7342938859041133,0.6793473706138209,random,2030,node_gnn,node_gnn,none,none,77abfcdbb281d08df2e9fb09cf84b2a648ea9008
esol,9c5ba45c0976f989,Oc1ccccc1Cl,aqueous_solubility,log10(mol/L),train,,-1.059999942779541,-1.2229011008352613,-2.4297217290942283,-0.01608047257629419,random,2030,node_gnn,node_gnn,none,none,77abfcdbb281d08df2e9fb09cf84b2a648ea9008
esol,f8f88ccdc1aea39d,Oc1ccccc1O,aqueous_solubility,log10(mol/L),train,,0.6200000047683716,-0.17029187669588453,-1.3771125049548516,1.0365287515630826,random,2030,node_gnn,node_gnn,none,none,77abfcdbb281d08df2e9fb09cf84b2a648ea9008
esol,d40cc33ca3b960af,Oc1ccccn1,aqueous_solubility,log10(mol/L),train,,1.0199999809265137,0.20637005604224967,-1.0004505722167174,1.4131906843012167,random,2030,node_gnn,node_gnn,none,none,77abfcdbb281d08df2e9fb09cf84b2a648ea9008
esol,132a9e790a3605bd,Oc1ccncc1,aqueous_solubility,log10(mol/L),train,,1.0199999809265137,0.44177622606680744,-0.7650444021921596,1.6485968543257745,random,2030,node_gnn,node_gnn,none,none,77abfcdbb281d08df2e9fb09cf84b2a648ea9008
esol,a09b72bf3065ba5b,Oc1ncc2nccnc2n1,aqueous_solubility,log10(mol/L),train,,-1.9470000267028809,-1.8613339417301313,-3.0681545699890984,-0.6545133134711643,random,2030,node_gnn,node_gnn,none,none,77abfcdbb281d08df2e9fb09cf84b2a648ea9008
esol,eb1ba46c82d06028,Sc1ccccc1,aqueous_solubility,log10(mol/L),test,,-2.119999885559082,-1.5108071396775984,-2.7176277679365652,-0.3039865114186313,random,2030,node_gnn,node_gnn,none,none,77abfcdbb281d08df2e9fb09cf84b2a648ea9008
esol,53eadfaa30a28b1e,Sc1nc2ccccc2s1,aqueous_solubility,log10(mol/L),train,,-3.180000066757202,-3.1617563382751754,-4.3685769665341425,-1.9549357100162084,random,2030,node_gnn,node_gnn,none,none,77abfcdbb281d08df2e9fb09cf84b2a648ea9008
esol,797be817db1564f7,c1cc2c3c(c4ccc5ccccc5c4cc3c1)CC2,aqueous_solubility,log10(mol/L),train,,-7.849999904632568,-7.114160512527333,-8.3209811407863,-5.9073398842683655,random,2030,node_gnn,node_gnn,none,none,77abfcdbb281d08df2e9fb09cf84b2a648ea9008
esol,acff556887e1b591,c1cc2c3c(cccc3c1)CC2,aqueous_solubility,log10(mol/L),calibration,,-4.630000114440918,-4.920967466460834,-6.127788094719801,-3.7141468382018665,random,2030,node_gnn,node_gnn,none,none,77abfcdbb281d08df2e9fb09cf84b2a648ea9008
esol,075c09059a47afaf,c1cc2ccc3ccc4ccc5ccc6ccc1c1c2c3c4c5c61,aqueous_solubility,log10(mol/L),train,,-9.331999778747559,-9.275757933891642,-10.482578562150609,-8.068937305632675,random,2030,node_gnn,node_gnn,none,none,77abfcdbb281d08df2e9fb09cf84b2a648ea9008
esol,ee187c15393c12d9,c1cc2ccc3ccc4ccc5cccc6c(c1)c2c3c4c56,aqueous_solubility,log10(mol/L),train,,-9.017999649047852,-7.740658055570078,-8.947478683829045,-6.533837427311111,random,2030,node_gnn,node_gnn,none,none,77abfcdbb281d08df2e9fb09cf84b2a648ea9008
esol,23bf38caf7a251b5,c1cc2ccc3cccc4ccc(c1)c2c34,aqueous_solubility,log10(mol/L),train,,-6.176000118255615,-6.510001250877782,-7.716821879136749,-5.3031806226188145,random,2030,node_gnn,node_gnn,none,none,77abfcdbb281d08df2e9fb09cf84b2a648ea9008
esol,2ae996bfabe8a242,c1cc2cccc3c4cccc5cccc(c(c1)c23)c54,aqueous_solubility,log10(mol/L),calibration,,-8.803999900817871,-5.931661220437881,-7.138481848696848,-4.724840592178914,random,2030,node_gnn,node_gnn,none,none,77abfcdbb281d08df2e9fb09cf84b2a648ea9008
esol,28cdc5dc458e073d,c1ccc(-c2ccc(-c3ccccc3)cc2)cc1,aqueous_solubility,log10(mol/L),train,,-7.110000133514404,-5.144855542933172,-6.351676171192139,-3.938034914674205,random,2030,node_gnn,node_gnn,none,none,77abfcdbb281d08df2e9fb09cf84b2a648ea9008
esol,03857fb18d8cb81d,c1ccc(-c2ccccc2)cc1,aqueous_solubility,log10(mol/L),test,,-4.34499979019165,-3.368063296868347,-4.574883925127314,-2.16124266860938,random,2030,node_gnn,node_gnn,none,none,77abfcdbb281d08df2e9fb09cf84b2a648ea9008
esol,10d1aaeb741ae67d,c1ccc(C2CO2)cc1,aqueous_solubility,log10(mol/L),test,,-1.600000023841858,-2.5788216988239494,-3.7856423270829165,-1.3720010705649823,random,2030,node_gnn,node_gnn,none,none,77abfcdbb281d08df2e9fb09cf84b2a648ea9008
esol,545e9105a6579e7d,c1ccc(CCc2ccccc2)cc1,aqueous_solubility,log10(mol/L),validation,,-4.619999885559082,-4.13254557961651,-5.339366207875477,-2.9257249513575427,random,2030,node_gnn,node_gnn,none,none,77abfcdbb281d08df2e9fb09cf84b2a648ea9008
esol,9bbe47f36a3bdefa,c1ccc(Cc2ccccc2)cc1,aqueous_solubility,log10(mol/L),calibration,,-4.079999923706055,-3.654580652211675,-4.861401280470642,-2.447760023952708,random,2030,node_gnn,node_gnn,none,none,77abfcdbb281d08df2e9fb09cf84b2a648ea9008
esol,f09f4fd0db478819,c1ccc(N=Nc2ccccc2)cc1,aqueous_solubility,log10(mol/L),train,,-4.449999809265137,-3.9307024673322584,-5.137523095591225,-2.7238818390732913,random,2030,node_gnn,node_gnn,none,none,77abfcdbb281d08df2e9fb09cf84b2a648ea9008
esol,d0cc06f38fc23dc0,c1ccc(NNc2ccccc2)cc1,aqueous_solubility,log10(mol/L),train,,-2.9200000762939453,-2.9671306191022553,-4.173951247361222,-1.7603099908432882,random,2030,node_gnn,node_gnn,none,none,77abfcdbb281d08df2e9fb09cf84b2a648ea9008
esol,e208b87a10a8a69f,c1ccc(Nc2ccccc2)cc1,aqueous_solubility,log10(mol/L),validation,,-3.503999948501587,-2.876739536982094,-4.083560165241061,-1.669918908723127,random,2030,node_gnn,node_gnn,none,none,77abfcdbb281d08df2e9fb09cf84b2a648ea9008
esol,be134013772d5968,c1ccc(Oc2ccccc2)cc1,aqueous_solubility,log10(mol/L),train,,-3.9600000381469727,-3.7437106043926924,-4.9505312326516595,-2.5368899761337254,random,2030,node_gnn,node_gnn,none,none,77abfcdbb281d08df2e9fb09cf84b2a648ea9008
esol,043c2e23f851d45f,c1ccc2[nH]ccc2c1,aqueous_solubility,log10(mol/L),train,,-1.5199999809265137,-2.022143806310248,-3.2289644345692152,-0.8153231780512811,random,2030,node_gnn,node_gnn,none,none,77abfcdbb281d08df2e9fb09cf84b2a648ea9008
esol,f272883f418f13bd,c1ccc2[nH]ncc2c1,aqueous_solubility,log10(mol/L),train,,-2.1600000858306885,-1.9987682543534524,-3.2055888826124193,-0.7919476260944853,random,2030,node_gnn,node_gnn,none,none,77abfcdbb281d08df2e9fb09cf84b2a648ea9008
esol,cef035936674febe,c1ccc2[nH]nnc2c1,aqueous_solubility,log10(mol/L),train,,-0.7799999713897705,-1.048113819865798,-2.2549344481247653,0.15870680839316909,random,2030,node_gnn,node_gnn,none,none,77abfcdbb281d08df2e9fb09cf84b2a648ea9008
esol,858996c131e6717c,c1ccc2c(c1)-c1cccc3c1c-2cc1ccccc13,aqueous_solubility,log10(mol/L),calibration,,-8.229999542236328,-6.709485462043298,-7.916306090302265,-5.502664833784331,random,2030,node_gnn,node_gnn,none,none,77abfcdbb281d08df2e9fb09cf84b2a648ea9008
esol,ba95d41fcaa26d7b,c1ccc2c(c1)-c1cccc3cccc-2c13,aqueous_solubility,log10(mol/L),train,,-6.0,-5.769769803858036,-6.976590432117003,-4.562949175599069,random,2030,node_gnn,node_gnn,none,none,77abfcdbb281d08df2e9fb09cf84b2a648ea9008
esol,f9f080dc7bc9c455,c1ccc2c(c1)CCC2,aqueous_solubility,log10(mol/L),train,,-3.0399999618530273,-3.321042782678841,-4.527863410937808,-2.114222154419874,random,2030,node_gnn,node_gnn,none,none,77abfcdbb281d08df2e9fb09cf84b2a648ea9008
esol,3426417016495efe,c1ccc2c(c1)CCCC2,aqueous_solubility,log10(mol/L),validation,,-4.369999885559082,-3.2972375367863083,-4.504058165045276,-2.090416908527341,random,2030,node_gnn,node_gnn,none,none,77abfcdbb281d08df2e9fb09cf84b2a648ea9008
esol,ca7ddb86099a1f31,c1ccc2c(c1)CCN2,aqueous_solubility,log10(mol/L),train,,-1.0399999618530273,-1.373094522643756,-2.579915150902723,-0.166273894384789,random,2030,node_gnn,node_gnn,none,none,77abfcdbb281d08df2e9fb09cf84b2a648ea9008
esol,9eec1c422eb0736e,c1ccc2c(c1)Cc1c-2ccc2ccccc12,aqueous_solubility,log10(mol/L),train,,-6.679999828338623,-6.447695882511786,-7.654516510770753,-5.240875254252819,random,2030,node_gnn,node_gnn,none,none,77abfcdbb281d08df2e9fb09cf84b2a648ea9008
esol,e917e96074d0112a,c1ccc2c(c1)Cc1cc3ccccc3cc1-2,aqueous_solubility,log10(mol/L),train,,-8.039999961853027,-6.835031533725248,-8.041852161984215,-5.628210905466281,random,2030,node_gnn,node_gnn,none,none,77abfcdbb281d08df2e9fb09cf84b2a648ea9008
esol,2bcb3025945f885d,c1ccc2c(c1)Cc1ccccc1-2,aqueous_solubility,log10(mol/L),calibration,,-5.0,-5.1878249365068765,-6.394645564765844,-3.9810043082479094,random,2030,node_gnn,node_gnn,none,none,77abfcdbb281d08df2e9fb09cf84b2a648ea9008
esol,32aefa1fca7e764e,c1ccc2c(c1)[nH]c1ccccc12,aqueous_solubility,log10(mol/L),train,,-5.269999980926514,-4.387303241859693,-5.59412387011866,-3.1804826136007263,random,2030,node_gnn,node_gnn,none,none,77abfcdbb281d08df2e9fb09cf84b2a648ea9008
esol,7f4d532e99809c67,c1ccc2c(c1)c1cccc3ccc4cccc2c4c31,aqueous_solubility,log10(mol/L),test,,-7.800000190734863,-6.479804339230645,-7.686624967489612,-5.272983710971678,random,2030,node_gnn,node_gnn,none,none,77abfcdbb281d08df2e9fb09cf84b2a648ea9008
esol,8b5d8475b535b0bc,c1ccc2c(c1)c1ccccc1c1ccccc21,aqueous_solubility,log10(mol/L),train,,-6.72599983215332,-5.456699293502606,-6.663519921761573,-4.249878665243639,random,2030,node_gnn,node_gnn,none,none,77abfcdbb281d08df2e9fb09cf84b2a648ea9008
esol,0a42b5468f3cec71,c1ccc2c(c1)cc1ccc3cccc4ccc2c1c34,aqueous_solubility,log10(mol/L),train,,-8.699000358581543,-7.270217124489491,-8.477037752748458,-6.063396496230524,random,2030,node_gnn,node_gnn,none,none,77abfcdbb281d08df2e9fb09cf84b2a648ea9008
esol,abc2212d577a0a52,c1ccc2c(c1)ccc1c2ccc2c3ccccc3ccc21,aqueous_solubility,log10(mol/L),calibration,,-7.869999885559082,-6.887385816282945,-8.094206444541912,-5.680565188023978,random,2030,node_gnn,node_gnn,none,none,77abfcdbb281d08df2e9fb09cf84b2a648ea9008
esol,0b54a7f3ed5c794f,c1ccc2c(c1)ccc1c3ccccc3ccc21,aqueous_solubility,log10(mol/L),validation,,-8.057000160217285,-6.282025531066683,-7.48884615932565,-5.075204902807716,random,2030,node_gnn,node_gnn,none,none,77abfcdbb281d08df2e9fb09cf84b2a648ea9008
esol,7fa04ee43db30bc0,c1ccc2c(c1)ccc1ccccc12,aqueous_solubility,log10(mol/L),train,,-5.260000228881836,-5.208472449219287,-6.415293077478254,-4.00165182096032,random,2030,node_gnn,node_gnn,none,none,77abfcdbb281d08df2e9fb09cf84b2a648ea9008
esol,51da36469766fc21,c1ccc2c(c1)cnc1ccccc12,aqueous_solubility,log10(mol/L),calibration,,-2.7799999713897705,-3.6462758644111273,-4.853096492670094,-2.43945523615216,random,2030,node_gnn,node_gnn,none,none,77abfcdbb281d08df2e9fb09cf84b2a648ea9008
esol,afc851d31ce87445,c1ccc2c(c1)oc1ccccc12,aqueous_solubility,log10(mol/L),test,,-4.599999904632568,-4.080538609861245,-5.287359238120212,-2.8737179816022778,random,2030,node_gnn,node_gnn,none,none,77abfcdbb281d08df2e9fb09cf84b2a648ea9008
esol,a270f9ffb22d606f,c1ccc2c(c1)sc1ccccc12,aqueous_solubility,log10(mol/L),validation,,-4.380000114440918,-4.63434331842326,-5.841163946682227,-3.4275226901642926,random,2030,node_gnn,node_gnn,none,none,77abfcdbb281d08df2e9fb09cf84b2a648ea9008
esol,aaf3871c0ae0900f,c1ccc2c3c(ccc2c1)-c1cccc2cccc-3c12,aqueous_solubility,log10(mol/L),train,,-8.0,-6.561266285801553,-7.76808691406052,-5.354445657542586,random,2030,node_gnn,node_gnn,none,none,77abfcdbb281d08df2e9fb09cf84b2a648ea9008
esol,23d82fe5f429d7a9,c1ccc2cc3c(cc2c1)-c1cccc2cccc-3c12,aqueous_solubility,log10(mol/L),calibration,,-8.489999771118164,-7.016684581979115,-8.223505210238082,-5.809863953720148,random,2030,node_gnn,node_gnn,none,none,77abfcdbb281d08df2e9fb09cf84b2a648ea9008
esol,7d36e8549432d64d,c1ccc2cc3cc4ccccc4cc3cc2c1,aqueous_solubility,log10(mol/L),train,,-8.600000381469727,-7.196138192747476,-8.402958821006443,-5.989317564488509,random,2030,node_gnn,node_gnn,none,none,77abfcdbb281d08df2e9fb09cf84b2a648ea9008
esol,c4ee64098e4aa12f,c1ccc2cc3ccccc3cc2c1,aqueous_solubility,log10(mol/L),train,,-6.349999904632568,-5.857519209727025,-7.064339837985992,-4.650698581468058,random,2030,node_gnn,node_gnn,none,none,77abfcdbb281d08df2e9fb09cf84b2a648ea9008
esol,da702d9864f1c117,c1ccc2ccccc2c1,aqueous_solubility,log10(mol/L),validation,,-3.5999999046325684,-3.627258375332508,-4.834079003591475,-2.420437747073541,random,2030,node_gnn,node_gnn,none,none,77abfcdbb281d08df2e9fb09cf84b2a648ea9008
esol,9ca1add01351675c,c1ccc2cnccc2c1,aqueous_solubility,log10(mol/L),train,,-1.4500000476837158,-1.482225806580388,-2.689046434839355,-0.27540517832142086,random,2030,node_gnn,node_gnn,none,none,77abfcdbb281d08df2e9fb09cf84b2a648ea9008
esol,efcaebe6e1d57dd8,c1ccc2nc(-c3ccc4ccccc4n3)ccc2c1,aqueous_solubility,log10(mol/L),calibration,,-5.400000095367432,-3.781026797700001,-4.987847425958968,-2.574206169441034,random,2030,node_gnn,node_gnn,none,none,77abfcdbb281d08df2e9fb09cf84b2a648ea9008
esol,85d224abca7da7f7,c1ccc2nc3ccccc3cc2c1,aqueous_solubility,log10(mol/L),train,,-3.6700000762939453,-4.021089583362254,-5.2279102116212215,-2.8142689551032873,random,2030,node_gnn,node_gnn,none,none,77abfcdbb281d08df2e9fb09cf84b2a648ea9008
esol,6605621e5bb09b5b,c1ccc2ncccc2c1,aqueous_solubility,log10(mol/L),calibration,,-1.2999999523162842,-1.7362393893071368,-2.943060017566104,-0.5294187610481698,random,2030,node_gnn,node_gnn,none,none,77abfcdbb281d08df2e9fb09cf84b2a648ea9008
esol,974e231cb1343190,c1ccc2ocnc2c1,aqueous_solubility,log10(mol/L),train,,-1.159999966621399,-1.209124780198576,-2.415945408457543,-0.0023041519396089782,random,2030,node_gnn,node_gnn,none,none,77abfcdbb281d08df2e9fb09cf84b2a648ea9008
esol,5ef8ef9683725da1,c1ccc2scnc2c1,aqueous_solubility,log10(mol/L),train,,-1.5,-1.544541898371087,-2.751362526630054,-0.33772127011211994,random,2030,node_gnn,node_gnn,none,none,77abfcdbb281d08df2e9fb09cf84b2a648ea9008
esol,e3e14b72b0c1eee5,c1ccccc1,aqueous_solubility,log10(mol/L),train,,-1.6399999856948853,-2.018407638985864,-3.225228267244831,-0.811587010726897,random,2030,node_gnn,node_gnn,none,none,77abfcdbb281d08df2e9fb09cf84b2a648ea9008
esol,495345b0563a50a0,c1ccncc1,aqueous_solubility,log10(mol/L),train,,0.7599999904632568,0.45223825152270924,-0.7545823767362578,1.6590588797816763,random,2030,node_gnn,node_gnn,none,none,77abfcdbb281d08df2e9fb09cf84b2a648ea9008
esol,593bada07a65209c,c1ccnnc1,aqueous_solubility,log10(mol/L),train,,1.100000023841858,0.7894122451353476,-0.4174083831236195,1.9962328733943147,random,2030,node_gnn,node_gnn,none,none,77abfcdbb281d08df2e9fb09cf84b2a648ea9008
esol,d626cfeba6db6df0,c1ccoc1,aqueous_solubility,log10(mol/L),train,,-0.8199999928474426,-1.0741836007396812,-2.2810042289986483,0.13263702751928585,random,2030,node_gnn,node_gnn,none,none,77abfcdbb281d08df2e9fb09cf84b2a648ea9008
esol,f1e6672b0806900d,c1ccsc1,aqueous_solubility,log10(mol/L),train,,-1.3300000429153442,-1.4309240596967523,-2.6377446879557196,-0.22410343143778522,random,2030,node_gnn,node_gnn,none,none,77abfcdbb281d08df2e9fb09cf84b2a648ea9008
esol,d72a83266a26ee75,c1cnc2c(c1)ccc1ncccc12,aqueous_solubility,log10(mol/L),validation,,-2.680000066757202,-3.2936356015076154,-4.500456229766582,-2.0868149732486483,random,2030,node_gnn,node_gnn,none,none,77abfcdbb281d08df2e9fb09cf84b2a648ea9008
esol,363c54343f9cb2c9,c1cnc2ncncc2n1,aqueous_solubility,log10(mol/L),test,,0.019999999552965164,-0.7563285505977477,-1.9631491788567148,0.45049207766121935,random,2030,node_gnn,node_gnn,none,none,77abfcdbb281d08df2e9fb09cf84b2a648ea9008
esol,7f841726f00af1d6,c1cncnc1,aqueous_solubility,log10(mol/L),calibration,,1.100000023841858,0.486497953394883,-0.7203226748640841,1.69331858165385,random,2030,node_gnn,node_gnn,none,none,77abfcdbb281d08df2e9fb09cf84b2a648ea9008
