dataset,molecule_id,smiles,property,units,partition,scaffold,y_true,y_pred,prediction_lower,prediction_upper,split_strategy,seed,model,family,features,fusion,git_commit
freesolv,df22605fe31c3941,BrC(Br)Br,hydration_free_energy,kcal/mol,train,,-2.130000114440918,-4.7474444247893155,-9.834426578797501,0.33953772921887104,scaffold,2033,node_gnn,node_gnn,none,none,721e3c494613d3aa378fb20e47d69b51245b538e
freesolv,547de2d39a6410f7,BrCBr,hydration_free_energy,kcal/mol,train,,-1.9600000381469727,-3.287261889878687,-8.374244043886874,1.7997202641294994,scaffold,2033,node_gnn,node_gnn,none,none,721e3c494613d3aa378fb20e47d69b51245b538e
freesolv,a726c11be0067cf9,BrCCBr,hydration_free_energy,kcal/mol,train,,-2.3299999237060547,-0.8436377687891392,-5.930619922797326,4.243344385219047,scaffold,2033,node_gnn,node_gnn,none,none,721e3c494613d3aa378fb20e47d69b51245b538e
freesolv,0c0c46a21a6193f8,BrCc1ccccc1,hydration_free_energy,kcal/mol,train,c1ccccc1,-2.380000114440918,-0.05720842237868595,-5.1441905763868725,5.029773731629501,scaffold,2033,node_gnn,node_gnn,none,none,721e3c494613d3aa378fb20e47d69b51245b538e
freesolv,c53eae19c75b9d3a,Brc1ccc(Br)cc1,hydration_free_energy,kcal/mol,train,c1ccccc1,-2.299999952316284,-3.9033798251390257,-8.990361979147213,1.1836023288691608,scaffold,2033,node_gnn,node_gnn,none,none,721e3c494613d3aa378fb20e47d69b51245b538e
freesolv,2f717e5e14f94e95,Brc1ccccc1,hydration_free_energy,kcal/mol,train,c1ccccc1,-1.4600000381469727,-5.871515428721016,-10.958497582729201,-0.7845332747128291,scaffold,2033,node_gnn,node_gnn,none,none,721e3c494613d3aa378fb20e47d69b51245b538e
freesolv,799a4d5aeacde815,C,hydration_free_energy,kcal/mol,train,,2.0,-3.751497324820323,-8.83847947882851,1.3354848291878634,scaffold,2033,node_gnn,node_gnn,none,none,721e3c494613d3aa378fb20e47d69b51245b538e
freesolv,7bac3cc21644af9b,C#CC,hydration_free_energy,kcal/mol,train,,-0.47999998927116394,-0.7533544735248401,-5.840336627533027,4.333627680483346,scaffold,2033,node_gnn,node_gnn,none,none,721e3c494613d3aa378fb20e47d69b51245b538e
freesolv,4de45e357be4160e,C#CCC,hydration_free_energy,kcal/mol,train,,-0.1599999964237213,-7.539688311804845,-12.626670465813032,-2.4527061577966585,scaffold,2033,node_gnn,node_gnn,none,none,721e3c494613d3aa378fb20e47d69b51245b538e
freesolv,4b665013fe211d04,C#CCCC,hydration_free_energy,kcal/mol,train,,0.009999999776482582,-4.507036147109764,-9.59401830111795,0.5799460068984228,scaffold,2033,node_gnn,node_gnn,none,none,721e3c494613d3aa378fb20e47d69b51245b538e
freesolv,de4570425c5f404b,C#CCCCC,hydration_free_energy,kcal/mol,train,,0.28999999165534973,-0.7895936938221886,-5.876575847830376,4.2973884601859975,scaffold,2033,node_gnn,node_gnn,none,none,721e3c494613d3aa378fb20e47d69b51245b538e
freesolv,91f909baf2cb8a67,C#CCCCCC,hydration_free_energy,kcal/mol,train,,0.6000000238418579,-3.1302752542467416,-8.217257408254929,1.956706899761445,scaffold,2033,node_gnn,node_gnn,none,none,721e3c494613d3aa378fb20e47d69b51245b538e
freesolv,d9be4b22d82a6627,C#CCCCCCC,hydration_free_energy,kcal/mol,train,,0.7099999785423279,-2.9687956014853314,-8.055777755493517,2.118186552522855,scaffold,2033,node_gnn,node_gnn,none,none,721e3c494613d3aa378fb20e47d69b51245b538e
freesolv,3a5a694349ed4368,C/C=C/C=O,hydration_free_energy,kcal/mol,train,,-4.21999979019165,1.7286095136749364,-3.35837264033325,6.8155916676831225,scaffold,2033,node_gnn,node_gnn,none,none,721e3c494613d3aa378fb20e47d69b51245b538e
freesolv,e32f5981f08df790,C/C=C/CCCC,hydration_free_energy,kcal/mol,train,,1.6799999475479126,-4.781849635210826,-9.868831789219012,0.30513251879736014,scaffold,2033,node_gnn,node_gnn,none,none,721e3c494613d3aa378fb20e47d69b51245b538e
freesolv,c66a02f97f456f75,C/C=C\CC,hydration_free_energy,kcal/mol,train,,1.309999942779541,1.930686525598205,-3.1562956284099815,7.017668679606391,scaffold,2033,node_gnn,node_gnn,none,none,721e3c494613d3aa378fb20e47d69b51245b538e
freesolv,d4efeed1de0c8e90,C1=CC=CCC=C1,hydration_free_energy,kcal/mol,validation,C1=CC=CCC=C1,-0.9900000095367432,-3.3440509881210874,-8.431033142129273,1.7429311658870992,scaffold,2033,node_gnn,node_gnn,none,none,721e3c494613d3aa378fb20e47d69b51245b538e
freesolv,609192e51bba544f,C1=CCCC1,hydration_free_energy,kcal/mol,validation,C1=CCCC1,0.5600000023841858,-2.609786932535272,-7.696769086543458,2.4771952214729147,scaffold,2033,node_gnn,node_gnn,none,none,721e3c494613d3aa378fb20e47d69b51245b538e
freesolv,742af15a9113ada1,C1=CCCCC1,hydration_free_energy,kcal/mol,validation,C1=CCCCC1,0.14000000059604645,-2.516643975895912,-7.603626129904098,2.5703381781122747,scaffold,2033,node_gnn,node_gnn,none,none,721e3c494613d3aa378fb20e47d69b51245b538e
freesolv,d0aafdecbb3a419b,C1CC1,hydration_free_energy,kcal/mol,test,C1CC1,0.75,-2.031201303880322,-7.118183457888509,3.0557808501278645,scaffold,2033,node_gnn,node_gnn,none,none,721e3c494613d3aa378fb20e47d69b51245b538e
freesolv,69894e058da716db,C1CCCC1,hydration_free_energy,kcal/mol,calibration,C1CCCC1,1.2000000476837158,-2.0312010043034068,-7.118183158311593,3.0557811497047798,scaffold,2033,node_gnn,node_gnn,none,none,721e3c494613d3aa378fb20e47d69b51245b538e
freesolv,3a0c3c3efb54d833,C1CCCCC1,hydration_free_energy,kcal/mol,calibration,C1CCCCC1,1.2300000190734863,-2.0312008045854633,-7.11818295859365,3.0557813494227233,scaffold,2033,node_gnn,node_gnn,none,none,721e3c494613d3aa378fb20e47d69b51245b538e
freesolv,0f4b768883232061,C1CCNC1,hydration_free_energy,kcal/mol,calibration,C1CCNC1,-5.480000019073486,-7.832381349086406,-12.919363503094592,-2.7453991950782193,scaffold,2033,node_gnn,node_gnn,none,none,721e3c494613d3aa378fb20e47d69b51245b538e
freesolv,cb23ab0e59dd1c08,C1CCNCC1,hydration_free_energy,kcal/mol,validation,C1CCNCC1,-5.110000133514404,-7.143065252174589,-12.230047406182775,-2.0560830981664022,scaffold,2033,node_gnn,node_gnn,none,none,721e3c494613d3aa378fb20e47d69b51245b538e
freesolv,1af8e9f6ace97eee,C1CCOC1,hydration_free_energy,kcal/mol,calibration,C1CCOC1,-3.4700000286102295,-6.203181625229507,-11.290163779237695,-1.1161994712213206,scaffold,2033,node_gnn,node_gnn,none,none,721e3c494613d3aa378fb20e47d69b51245b538e
freesolv,064f079e10086f29,C1CCOCC1,hydration_free_energy,kcal/mol,validation,C1CCOCC1,-3.119999885559082,-5.619910164252944,-10.70689231826113,-0.5329280102447571,scaffold,2033,node_gnn,node_gnn,none,none,721e3c494613d3aa378fb20e47d69b51245b538e
freesolv,575f25bc7815593d,C1CNC1,hydration_free_energy,kcal/mol,calibration,C1CNC1,-5.559999942779541,-8.805669998991581,-13.892652152999768,-3.7186878449833944,scaffold,2033,node_gnn,node_gnn,none,none,721e3c494613d3aa378fb20e47d69b51245b538e
freesolv,683feaf94c606491,C1CNCCN1,hydration_free_energy,kcal/mol,validation,C1CNCCN1,-7.400000095367432,-10.351808428141752,-15.438790582149938,-5.264826274133565,scaffold,2033,node_gnn,node_gnn,none,none,721e3c494613d3aa378fb20e47d69b51245b538e
freesolv,325f288037972770,C1COCCN1,hydration_free_energy,kcal/mol,test,C1COCCN1,-7.170000076293945,-9.658756407377442,-14.745738561385629,-4.571774253369256,scaffold,2033,node_gnn,node_gnn,none,none,721e3c494613d3aa378fb20e47d69b51245b538e
freesolv,b520ba34e96e6b2a,C1COCCO1,hydration_free_energy,kcal/mol,validation,C1COCCO1,-5.059999942779541,-8.60899296082666,-13.695975114834846,-3.5220108068184732,scaffold,2033,node_gnn,node_gnn,none,none,721e3c494613d3aa378fb20e47d69b51245b538e
freesolv,32766722dbae4c61,C=C,hydration_free_energy,kcal/mol,train,,1.2799999713897705,-1.2788261636055485,-6.365808317613735,3.8081559904026383,scaffold,2033,node_gnn,node_gnn,none,none,721e3c494613d3aa378fb20e47d69b51245b538e
freesolv,6ba07a348009ad29,C=C(C)C,hydration_free_energy,kcal/mol,train,,1.159999966621399,-6.926194732734923,-12.01317688674311,-1.8392125787267366,scaffold,2033,node_gnn,node_gnn,none,none,721e3c494613d3aa378fb20e47d69b51245b538e
freesolv,d1f6cbeec10124e5,C=C(C)C(=C)C,hydration_free_energy,kcal/mol,train,,0.4000000059604645,-5.550474027092706,-10.637456181100893,-0.46349187308451967,scaffold,2033,node_gnn,node_gnn,none,none,721e3c494613d3aa378fb20e47d69b51245b538e
freesolv,0df6a67583c65bae,C=C(C)CCC,hydration_free_energy,kcal/mol,train,,1.4700000286102295,-5.250417389231579,-10.337399543239766,-0.16343523522339254,scaffold,2033,node_gnn,node_gnn,none,none,721e3c494613d3aa378fb20e47d69b51245b538e
freesolv,1b19887cda12dbee,C=C(C)[C@@H]1CC=C(C)[C@@H](O)C1,hydration_free_energy,kcal/mol,validation,C1=CCCCC1,-4.440000057220459,-8.229712608544576,-13.316694762552762,-3.142730454536389,scaffold,2033,node_gnn,node_gnn,none,none,721e3c494613d3aa378fb20e47d69b51245b538e
freesolv,4dadf5d2245646e2,C=C(C)[C@@H]1CC=C(C=O)CC1,hydration_free_energy,kcal/mol,validation,C1=CCCCC1,-4.090000152587891,-5.109351413018889,-10.196333567027075,-0.02236925901070208,scaffold,2033,node_gnn,node_gnn,none,none,721e3c494613d3aa378fb20e47d69b51245b538e
freesolv,9bd6e8248a6ac888,C=C(C)[C@@H]1CC[C@@H](C)C(=O)C1,hydration_free_energy,kcal/mol,test,O=C1CCCCC1,-3.75,-6.3683873095640156,-11.455369463572202,-1.281405155555829,scaffold,2033,node_gnn,node_gnn,none,none,721e3c494613d3aa378fb20e47d69b51245b538e
freesolv,6f9249e288ca4886,C=C(C)c1ccccc1,hydration_free_energy,kcal/mol,train,c1ccccc1,-1.2400000095367432,-0.6405529801225978,-5.727535134130784,4.446429173885589,scaffold,2033,node_gnn,node_gnn,none,none,721e3c494613d3aa378fb20e47d69b51245b538e
freesolv,74e264a8023b8226,C=C(Cl)Cl,hydration_free_energy,kcal/mol,train,,0.25,-9.097442735989155,-14.184424889997342,-4.010460581980968,scaffold,2033,node_gnn,node_gnn,none,none,721e3c494613d3aa378fb20e47d69b51245b538e
freesolv,19b85ec9c712b308,C=C(c1ccccc1)c1ccccc1,hydration_free_energy,kcal/mol,test,C=C(c1ccccc1)c1ccccc1,-2.7799999713897705,-1.6842904370209006,-6.771272591029087,3.402691716987286,scaffold,2033,node_gnn,node_gnn,none,none,721e3c494613d3aa378fb20e47d69b51245b538e
freesolv,4ad22e011ffa96ba,C=CC,hydration_free_energy,kcal/mol,train,,1.3200000524520874,-1.2093283136007462,-6.296310467608933,3.87765384040744,scaffold,2033,node_gnn,node_gnn,none,none,721e3c494613d3aa378fb20e47d69b51245b538e
freesolv,d00fecc2d59f99d6,C=CC(=C)C,hydration_free_energy,kcal/mol,train,,0.6800000071525574,1.8037489961498108,-3.2832331578583758,6.890731150157997,scaffold,2033,node_gnn,node_gnn,none,none,721e3c494613d3aa378fb20e47d69b51245b538e
freesolv,55c28b8ad121023c,C=CC(C)C,hydration_free_energy,kcal/mol,train,,1.8300000429153442,0.7438938019102452,-4.343088352097942,5.830875955918431,scaffold,2033,node_gnn,node_gnn,none,none,721e3c494613d3aa378fb20e47d69b51245b538e
freesolv,97213f023267d9a8,C=CC=C,hydration_free_energy,kcal/mol,train,,0.5600000023841858,-2.9266755989628526,-8.013657752971039,2.160306555045334,scaffold,2033,node_gnn,node_gnn,none,none,721e3c494613d3aa378fb20e47d69b51245b538e
freesolv,f810c7c1cf2244ef,C=CCC,hydration_free_energy,kcal/mol,train,,1.3799999952316284,0.8602718442460069,-4.226710309762179,5.947253998254194,scaffold,2033,node_gnn,node_gnn,none,none,721e3c494613d3aa378fb20e47d69b51245b538e
freesolv,1a9c34146a9dfca2,C=CCC=C,hydration_free_energy,kcal/mol,train,,0.9300000071525574,-5.400257374141352,-10.487239528149539,-0.3132752201331659,scaffold,2033,node_gnn,node_gnn,none,none,721e3c494613d3aa378fb20e47d69b51245b538e
freesolv,4f9a22896fa30cb2,C=CCCC,hydration_free_energy,kcal/mol,train,,1.6799999475479126,-3.193275499398872,-8.280257653407059,1.8937066546093146,scaffold,2033,node_gnn,node_gnn,none,none,721e3c494613d3aa378fb20e47d69b51245b538e
freesolv,05e112973dc272f3,C=CCCC=C,hydration_free_energy,kcal/mol,train,,1.0099999904632568,-5.782840861492203,-10.86982301550039,-0.6958587074840166,scaffold,2033,node_gnn,node_gnn,none,none,721e3c494613d3aa378fb20e47d69b51245b538e
freesolv,b04353e13b080b0e,C=CCCCC,hydration_free_energy,kcal/mol,train,,1.5800000429153442,-5.394977031431205,-10.481959185439392,-0.30799487742301856,scaffold,2033,node_gnn,node_gnn,none,none,721e3c494613d3aa378fb20e47d69b51245b538e
freesolv,068d3d8e9203407c,C=CCCCCC,hydration_free_energy,kcal/mol,train,,1.659999966621399,-4.948231758091956,-10.035213912100144,0.1387503959162304,scaffold,2033,node_gnn,node_gnn,none,none,721e3c494613d3aa378fb20e47d69b51245b538e
freesolv,d200520d964a9529,C=CCCCCCC,hydration_free_energy,kcal/mol,train,,1.9199999570846558,-0.7460783494045602,-5.833060503412747,4.340903804603626,scaffold,2033,node_gnn,node_gnn,none,none,721e3c494613d3aa378fb20e47d69b51245b538e
freesolv,c97dbca79441aa87,C=CCCCCCCC,hydration_free_energy,kcal/mol,train,,2.059999942779541,-5.954056458184734,-11.04103861219292,-0.8670743041765476,scaffold,2033,node_gnn,node_gnn,none,none,721e3c494613d3aa378fb20e47d69b51245b538e
freesolv,9646b5044f2d381b,C=CCCl,hydration_free_energy,kcal/mol,train,,-0.5699999928474426,1.9833161980887666,-3.10366595591942,7.070298352096954,scaffold,2033,node_gnn,node_gnn,none,none,721e3c494613d3aa378fb20e47d69b51245b538e
freesolv,a9cb4c82f996239d,C=CCO,hydration_free_energy,kcal/mol,train,,-5.03000020980835,-0.4701064972307698,-5.557088651238956,4.616875656777417,scaffold,2033,node_gnn,node_gnn,none,none,721e3c494613d3aa378fb20e47d69b51245b538e
freesolv,f82b64c47a30e806,C=CCl,hydration_free_energy,kcal/mol,train,,-0.5899999737739563,-5.554041389000821,-10.641023543009007,-0.46705923499263413,scaffold,2033,node_gnn,node_gnn,none,none,721e3c494613d3aa378fb20e47d69b51245b538e
freesolv,fb63886955500778,C=C[C@@](C)(CCC=C(C)C)OC(C)=O,hydration_free_energy,kcal/mol,train,,-2.490000009536743,-3.2235118473957094,-8.310494001403896,1.8634703066124771,scaffold,2033,node_gnn,node_gnn,none,none,721e3c494613d3aa378fb20e47d69b51245b538e
freesolv,922f2c1b03db117d,C=Cc1ccccc1,hydration_free_energy,kcal/mol,train,c1ccccc1,-1.2400000095367432,-3.995112623308297,-9.082094777316485,1.0918695306998893,scaffold,2033,node_gnn,node_gnn,none,none,721e3c494613d3aa378fb20e47d69b51245b538e
freesolv,67300569a949ad42,C=O,hydration_free_energy,kcal/mol,train,,-2.75,-6.056883638049015,-11.143865792057202,-0.9699014840408289,scaffold,2033,node_gnn,node_gnn,none,none,721e3c494613d3aa378fb20e47d69b51245b538e
freesolv,73c7d73efb8bdd41,CBr,hydration_free_energy,kcal/mol,train,,-0.8199999928474426,-3.1416775323576984,-8.228659686365885,1.9453046216504881,scaffold,2033,node_gnn,node_gnn,none,none,721e3c494613d3aa378fb20e47d69b51245b538e
freesolv,05b1a8d05d1c3e6c,CC,hydration_free_energy,kcal/mol,train,,1.8300000429153442,-2.373129357836035,-7.460111511844222,2.7138527961721515,scaffold,2033,node_gnn,node_gnn,none,none,721e3c494613d3aa378fb20e47d69b51245b538e
freesolv,1eb27a465c7bf134,CC#N,hydration_free_energy,kcal/mol,train,,-3.880000114440918,-3.605194993774558,-8.692177147782745,1.4817871602336283,scaffold,2033,node_gnn,node_gnn,none,none,721e3c494613d3aa378fb20e47d69b51245b538e
freesolv,1d67b723d41f51ac,CC(=O)C(C)(C)C,hydration_free_energy,kcal/mol,train,,-3.109999895095825,-0.4515467087344587,-5.538528862742645,4.635435445273728,scaffold,2033,node_gnn,node_gnn,none,none,721e3c494613d3aa378fb20e47d69b51245b538e
freesolv,58249ca616cb22d8,CC(=O)C(C)C,hydration_free_energy,kcal/mol,train,,-3.240000009536743,-0.5612345993963861,-5.648216753404572,4.525747554611801,scaffold,2033,node_gnn,node_gnn,none,none,721e3c494613d3aa378fb20e47d69b51245b538e
freesolv,582f8c2ed097dabc,CC(=O)C1CC1,hydration_free_energy,kcal/mol,test,C1CC1,-4.610000133514404,-6.75640012921092,-11.843382283219107,-1.6694179752027338,scaffold,2033,node_gnn,node_gnn,none,none,721e3c494613d3aa378fb20e47d69b51245b538e
freesolv,b173a8fb75f4db23,CC(=O)C1CCCCC1,hydration_free_energy,kcal/mol,calibration,C1CCCCC1,-3.9000000953674316,-5.308923762211799,-10.395905916219984,-0.22194160820361208,scaffold,2033,node_gnn,node_gnn,none,none,721e3c494613d3aa378fb20e47d69b51245b538e
freesolv,16cf4f31208ab363,CC(=O)CC(C)C,hydration_free_energy,kcal/mol,train,,-3.049999952316284,-1.0356106505111233,-6.12259280451931,4.051371503497063,scaffold,2033,node_gnn,node_gnn,none,none,721e3c494613d3aa378fb20e47d69b51245b538e
freesolv,cbb660b5eaf183ba,CC(=O)CO[N+](=O)[O-],hydration_free_energy,kcal/mol,train,,-5.989999771118164,-5.738383846970624,-10.82536600097881,-0.6514016929624376,scaffold,2033,node_gnn,node_gnn,none,none,721e3c494613d3aa378fb20e47d69b51245b538e
freesolv,0780b195cfdf2ed6,CC(=O)N1CCCC1,hydration_free_energy,kcal/mol,calibration,C1CCNC1,-9.800000190734863,-9.021926186036813,-14.108908340045,-3.9349440320286266,scaffold,2033,node_gnn,node_gnn,none,none,721e3c494613d3aa378fb20e47d69b51245b538e
freesolv,a208ad1788f26aee,CC(=O)O,hydration_free_energy,kcal/mol,train,,-6.690000057220459,-0.7947869595089374,-5.881769113517124,4.292195194499249,scaffold,2033,node_gnn,node_gnn,none,none,721e3c494613d3aa378fb20e47d69b51245b538e
freesolv,a3332288868582b4,CC(=O)OC(C)C,hydration_free_energy,kcal/mol,train,,-2.640000104904175,-1.2370729306040715,-6.324055084612258,3.849909223404115,scaffold,2033,node_gnn,node_gnn,none,none,721e3c494613d3aa378fb20e47d69b51245b538e
freesolv,b8e46696f168483c,CC(=O)OC(C)OC(C)=O,hydration_free_energy,kcal/mol,train,,-4.96999979019165,-6.377836364910378,-11.464818518918564,-1.2908542109021912,scaffold,2033,node_gnn,node_gnn,none,none,721e3c494613d3aa378fb20e47d69b51245b538e
freesolv,d514c2011a6bb3d5,CC(=O)OCC(C)C,hydration_free_energy,kcal/mol,train,,-2.359999895095825,-4.391305290770153,-9.478287444778339,0.6956768632380337,scaffold,2033,node_gnn,node_gnn,none,none,721e3c494613d3aa378fb20e47d69b51245b538e
freesolv,e3057c8b93a65a68,CC(=O)OCC(COC(C)=O)OC(C)=O,hydration_free_energy,kcal/mol,train,,-8.84000015258789,-6.1839543793657725,-11.270936533373959,-1.096972225357586,scaffold,2033,node_gnn,node_gnn,none,none,721e3c494613d3aa378fb20e47d69b51245b538e
freesolv,1f85a7027c370d59,CC(=O)OCCC(C)C,hydration_free_energy,kcal/mol,train,,-2.2100000381469727,-2.4966475663019887,-7.583629720310175,2.590334587706198,scaffold,2033,node_gnn,node_gnn,none,none,721e3c494613d3aa378fb20e47d69b51245b538e
freesolv,ba887869a6295619,CC(=O)OCCOC(C)=O,hydration_free_energy,kcal/mol,train,,-6.340000152587891,-6.942776914153967,-12.029759068162154,-1.8557947601457805,scaffold,2033,node_gnn,node_gnn,none,none,721e3c494613d3aa378fb20e47d69b51245b538e
freesolv,646bf545cef99fa9,CC(=O)Oc1ccccc1C(=O)O,hydration_free_energy,kcal/mol,train,c1ccccc1,-9.9399995803833,-3.1692629866423667,-8.256245140650552,1.9177191673658198,scaffold,2033,node_gnn,node_gnn,none,none,721e3c494613d3aa378fb20e47d69b51245b538e
freesolv,db4526f4bded9150,CC(=O)c1ccc(C)cc1,hydration_free_energy,kcal/mol,train,c1ccccc1,-4.699999809265137,-5.832915941766512,-10.919898095774698,-0.7459337877583252,scaffold,2033,node_gnn,node_gnn,none,none,721e3c494613d3aa378fb20e47d69b51245b538e
freesolv,e340b59450b263da,CC(=O)c1ccccc1,hydration_free_energy,kcal/mol,train,c1ccccc1,-4.579999923706055,-5.487389519691945,-10.574371673700131,-0.40040736568375834,scaffold,2033,node_gnn,node_gnn,none,none,721e3c494613d3aa378fb20e47d69b51245b538e
freesolv,b1930bd9e457359d,CC(=O)c1cccnc1,hydration_free_energy,kcal/mol,validation,c1ccncc1,-8.260000228881836,-6.46500425997287,-11.551986413981057,-1.3780221059646838,scaffold,2033,node_gnn,node_gnn,none,none,721e3c494613d3aa378fb20e47d69b51245b538e
freesolv,3b8746d9ecf84cbe,CC(=O)c1ccncc1,hydration_free_energy,kcal/mol,validation,c1ccncc1,-7.619999885559082,-6.822247135207194,-11.90922928921538,-1.7352649811990073,scaffold,2033,node_gnn,node_gnn,none,none,721e3c494613d3aa378fb20e47d69b51245b538e
freesolv,49b42640c31e4afa,CC(C)(C)Br,hydration_free_energy,kcal/mol,train,,0.8399999737739563,-6.316492599105806,-11.403474753113994,-1.2295104450976195,scaffold,2033,node_gnn,node_gnn,none,none,721e3c494613d3aa378fb20e47d69b51245b538e
freesolv,30434d3b14f885bd,CC(C)(C)C,hydration_free_energy,kcal/mol,train,,2.509999990463257,-5.810049435534976,-10.897031589543163,-0.7230672815267898,scaffold,2033,node_gnn,node_gnn,none,none,721e3c494613d3aa378fb20e47d69b51245b538e
freesolv,8196c4a2dfe7d9d4,CC(C)(C)Cl,hydration_free_energy,kcal/mol,train,,1.090000033378601,-0.2996544222365216,-5.386636576244708,4.787327731771665,scaffold,2033,node_gnn,node_gnn,none,none,721e3c494613d3aa378fb20e47d69b51245b538e
freesolv,27c766beb9d56df8,CC(C)(C)O,hydration_free_energy,kcal/mol,train,,-4.46999979019165,-5.216331128365956,-10.303313282374143,-0.12934897435776982,scaffold,2033,node_gnn,node_gnn,none,none,721e3c494613d3aa378fb20e47d69b51245b538e
freesolv,9f57f1a7941e4d72,CC(C)(C)c1ccc(O)cc1,hydration_free_energy,kcal/mol,train,c1ccccc1,-5.909999847412109,1.763900473176197,-3.3230816808319896,6.850882627184383,scaffold,2033,node_gnn,node_gnn,none,none,721e3c494613d3aa378fb20e47d69b51245b538e
freesolv,4e93122b9a1de48f,CC(C)(C)c1ccccc1,hydration_free_energy,kcal/mol,train,c1ccccc1,-0.4399999976158142,-0.6799283712878852,-5.766910525296072,4.407053782720301,scaffold,2033,node_gnn,node_gnn,none,none,721e3c494613d3aa378fb20e47d69b51245b538e
freesolv,4547266f8bdfb534,CC(C)=CCC/C(C)=C/CO,hydration_free_energy,kcal/mol,train,,-4.449999809265137,-8.518038613271953,-13.60502076728014,-3.4310564592637665,scaffold,2033,node_gnn,node_gnn,none,none,721e3c494613d3aa378fb20e47d69b51245b538e
freesolv,8d8b5be02a6bec10,CC(C)=CCC/C(C)=C\CO,hydration_free_energy,kcal/mol,train,,-4.78000020980835,-6.064732752949408,-11.151714906957594,-0.9777505989412214,scaffold,2033,node_gnn,node_gnn,none,none,721e3c494613d3aa378fb20e47d69b51245b538e
freesolv,93243e4e6bacc8c0,CC(C)=O,hydration_free_energy,kcal/mol,train,,-3.799999952316284,-9.565578000803098,-14.652560154811285,-4.478595846794912,scaffold,2033,node_gnn,node_gnn,none,none,721e3c494613d3aa378fb20e47d69b51245b538e
freesolv,6ef30f66f852c308,CC(C)Br,hydration_free_energy,kcal/mol,train,,-0.47999998927116394,-0.643341442050775,-5.730323596058962,4.4436407119574115,scaffold,2033,node_gnn,node_gnn,none,none,721e3c494613d3aa378fb20e47d69b51245b538e
freesolv,ef6d460c1e6abde9,CC(C)C,hydration_free_energy,kcal/mol,train,,2.299999952316284,1.3346007619260605,-3.752381392082126,6.421582915934247,scaffold,2033,node_gnn,node_gnn,none,none,721e3c494613d3aa378fb20e47d69b51245b538e
freesolv,0f765371c44aaa59,CC(C)C(=O)C(C)C,hydration_free_energy,kcal/mol,train,,-2.740000009536743,-7.168730605667367,-12.255712759675554,-2.0817484516591804,scaffold,2033,node_gnn,node_gnn,none,none,721e3c494613d3aa378fb20e47d69b51245b538e
freesolv,cc8a3aa0542cebe6,CC(C)C(C)C,hydration_free_energy,kcal/mol,train,,2.3399999141693115,1.7252302860696687,-3.361751867938518,6.812212440077856,scaffold,2033,node_gnn,node_gnn,none,none,721e3c494613d3aa378fb20e47d69b51245b538e
freesolv,d74aca5cf4b1237c,CC(C)C(C)C(C)C,hydration_free_energy,kcal/mol,train,,2.559999942779541,-2.9404397726804414,-8.027421926688628,2.146542381327745,scaffold,2033,node_gnn,node_gnn,none,none,721e3c494613d3aa378fb20e47d69b51245b538e
freesolv,e413b9ce1efba5a0,CC(C)C=O,hydration_free_energy,kcal/mol,train,,-2.859999895095825,-1.0158685317888554,-6.102850685797042,4.071113622219331,scaffold,2033,node_gnn,node_gnn,none,none,721e3c494613d3aa378fb20e47d69b51245b538e
freesolv,e7ba17e129e75195,CC(C)CBr,hydration_free_energy,kcal/mol,train,,-0.029999999329447746,-5.232014978474805,-10.318997132482991,-0.14503282446661814,scaffold,2033,node_gnn,node_gnn,none,none,721e3c494613d3aa378fb20e47d69b51245b538e
freesolv,5c23882ab3e2d463,CC(C)CC(=O)O,hydration_free_energy,kcal/mol,train,,-6.090000152587891,-6.260045118405889,-11.347027272414076,-1.1730629643977029,scaffold,2033,node_gnn,node_gnn,none,none,721e3c494613d3aa378fb20e47d69b51245b538e
freesolv,1ce5066619b734b1,CC(C)CC(C)(C)C,hydration_free_energy,kcal/mol,train,,2.890000104904175,-0.5017647870563664,-5.588746941064553,4.58521736695182,scaffold,2033,node_gnn,node_gnn,none,none,721e3c494613d3aa378fb20e47d69b51245b538e
freesolv,608ba2d71e9299bf,CC(C)CC(C)C,hydration_free_energy,kcal/mol,train,,2.8299999237060547,1.682131553282335,-3.4048506007258514,6.769113707290522,scaffold,2033,node_gnn,node_gnn,none,none,721e3c494613d3aa378fb20e47d69b51245b538e
freesolv,05047a8dca414cad,CC(C)CCC(C)(C)C,hydration_free_energy,kcal/mol,train,,2.930000066757202,-1.7337883324382815,-6.820770486446468,3.353193821569905,scaffold,2033,node_gnn,node_gnn,none,none,721e3c494613d3aa378fb20e47d69b51245b538e
freesolv,6bc633f1f12c1ee7,CC(C)CCO,hydration_free_energy,kcal/mol,train,,-4.420000076293945,0.1335349956826577,-4.953447158325529,5.220517149690844,scaffold,2033,node_gnn,node_gnn,none,none,721e3c494613d3aa378fb20e47d69b51245b538e
freesolv,b3a79ff7deca4dc9,CC(C)CCOC=O,hydration_free_energy,kcal/mol,train,,-2.130000114440918,-4.803229640788342,-9.890211794796528,0.2837525132198442,scaffold,2033,node_gnn,node_gnn,none,none,721e3c494613d3aa378fb20e47d69b51245b538e
freesolv,df4f318c47e4982d,CC(C)CO,hydration_free_energy,kcal/mol,train,,-4.5,-4.5447892294194006,-9.631771383427587,0.542192924588786,scaffold,2033,node_gnn,node_gnn,none,none,721e3c494613d3aa378fb20e47d69b51245b538e
freesolv,06f73f92690f97f5,CC(C)COC(=O)C(C)C,hydration_free_energy,kcal/mol,train,,-1.690000057220459,-6.449029420820235,-11.536011574828422,-1.3620472668120485,scaffold,2033,node_gnn,node_gnn,none,none,721e3c494613d3aa378fb20e47d69b51245b538e
freesolv,d15c883b9a56c622,CC(C)COC=O,hydration_free_energy,kcal/mol,train,,-2.2200000286102295,-4.031145734687878,-9.118127888696065,1.0558364193203085,scaffold,2033,node_gnn,node_gnn,none,none,721e3c494613d3aa378fb20e47d69b51245b538e
freesolv,663bdfbc5dd043d9,CC(C)CO[N+](=O)[O-],hydration_free_energy,kcal/mol,train,,-1.8799999952316284,-1.3210774931582983,-6.408059647166485,3.7659046608498885,scaffold,2033,node_gnn,node_gnn,none,none,721e3c494613d3aa378fb20e47d69b51245b538e
freesolv,80e95678623257ff,CC(C)C[C@@H](C)O,hydration_free_energy,kcal/mol,train,,-3.7300000190734863,-10.53447685030852,-15.621459004316707,-5.447494696300334,scaffold,2033,node_gnn,node_gnn,none,none,721e3c494613d3aa378fb20e47d69b51245b538e
freesolv,3a8d190e00649828,CC(C)Cc1ccc([C@H](C)C(=O)O)cc1,hydration_free_energy,kcal/mol,train,c1ccccc1,-7.0,-4.807599369534765,-9.894581523542952,0.27938278447342135,scaffold,2033,node_gnn,node_gnn,none,none,721e3c494613d3aa378fb20e47d69b51245b538e
freesolv,86c01edec2b47ea9,CC(C)Cc1ccccc1,hydration_free_energy,kcal/mol,train,c1ccccc1,0.1599999964237213,-8.234792634157317,-13.321774788165504,-3.147810480149131,scaffold,2033,node_gnn,node_gnn,none,none,721e3c494613d3aa378fb20e47d69b51245b538e
freesolv,a05474e354458b4f,CC(C)Cc1cnccn1,hydration_free_energy,kcal/mol,test,c1cnccn1,-5.039999961853027,-2.9765584631988435,-8.06354061720703,2.110423690809343,scaffold,2033,node_gnn,node_gnn,none,none,721e3c494613d3aa378fb20e47d69b51245b538e
freesolv,782413599639bd48,CC(C)Cl,hydration_free_energy,kcal/mol,train,,-0.25,-6.168854704241877,-11.255836858250063,-1.0818725502336903,scaffold,2033,node_gnn,node_gnn,none,none,721e3c494613d3aa378fb20e47d69b51245b538e
freesolv,5010d23b5654a272,CC(C)I,hydration_free_energy,kcal/mol,train,,-0.46000000834465027,-3.173966724925859,-8.260948878934045,1.9130154290823276,scaffold,2033,node_gnn,node_gnn,none,none,721e3c494613d3aa378fb20e47d69b51245b538e
freesolv,a58327f405c6019d,CC(C)NC(C)C,hydration_free_energy,kcal/mol,train,,-3.2200000286102295,-5.209058199732773,-10.29604035374096,-0.12207604572458663,scaffold,2033,node_gnn,node_gnn,none,none,721e3c494613d3aa378fb20e47d69b51245b538e
freesolv,0a10a3c5ae6dbefa,CC(C)O,hydration_free_energy,kcal/mol,train,,-4.739999771118164,-3.5148904784787547,-8.601872632486941,1.5720916755294319,scaffold,2033,node_gnn,node_gnn,none,none,721e3c494613d3aa378fb20e47d69b51245b538e
freesolv,e9770c4c53aa3244,CC(C)OC(C)C,hydration_free_energy,kcal/mol,train,,-0.5299999713897705,-1.5281705210933938,-6.61515267510158,3.558811632914793,scaffold,2033,node_gnn,node_gnn,none,none,721e3c494613d3aa378fb20e47d69b51245b538e
freesolv,5125da25cc580c3f,CC(C)OC=O,hydration_free_energy,kcal/mol,train,,-2.0199999809265137,-8.656661639598848,-13.743643793607035,-3.5696794855906617,scaffold,2033,node_gnn,node_gnn,none,none,721e3c494613d3aa378fb20e47d69b51245b538e
freesolv,08532f1ef39cb3c2,CC(C)SC(C)C,hydration_free_energy,kcal/mol,train,,-1.2100000381469727,-2.8463498409292547,-7.933331994937442,2.240632313078932,scaffold,2033,node_gnn,node_gnn,none,none,721e3c494613d3aa378fb20e47d69b51245b538e
freesolv,2f13ba5e9b2c1d12,CC(C)[C@@H]1CC[C@@H](C)CC1=O,hydration_free_energy,kcal/mol,test,O=C1CCCCC1,-2.5299999713897705,-5.694897261936871,-10.781879415945058,-0.6079151079286849,scaffold,2033,node_gnn,node_gnn,none,none,721e3c494613d3aa378fb20e47d69b51245b538e
freesolv,8c1b6e7115a08cd9,CC(C)[C@@H]1CC[C@@H](C)C[C@H]1O,hydration_free_energy,kcal/mol,calibration,C1CCCCC1,-3.200000047683716,-8.059956750301625,-13.146938904309811,-2.9729745962934384,scaffold,2033,node_gnn,node_gnn,none,none,721e3c494613d3aa378fb20e47d69b51245b538e
freesolv,70007fb176a0ffc0,CC(C)[N+](=O)[O-],hydration_free_energy,kcal/mol,train,,-3.130000114440918,-2.0000129503759543,-7.08699510438414,3.0869692036322323,scaffold,2033,node_gnn,node_gnn,none,none,721e3c494613d3aa378fb20e47d69b51245b538e
freesolv,4766bce8aaa6feeb,CC(C)c1ccccc1,hydration_free_energy,kcal/mol,train,c1ccccc1,-0.30000001192092896,-1.085786588346937,-6.172768742355124,4.0011955656612495,scaffold,2033,node_gnn,node_gnn,none,none,721e3c494613d3aa378fb20e47d69b51245b538e
freesolv,e0eb500eaa83e532,CC(Cl)(Cl)Cl,hydration_free_energy,kcal/mol,train,,-0.1899999976158142,-0.30207220766142573,-5.389054361669612,4.784909946346761,scaffold,2033,node_gnn,node_gnn,none,none,721e3c494613d3aa378fb20e47d69b51245b538e
freesolv,e8a1f1b7fb50720b,CC(Cl)Cl,hydration_free_energy,kcal/mol,train,,-0.8399999737739563,-0.9563050517333003,-6.043287205741487,4.130677102274886,scaffold,2033,node_gnn,node_gnn,none,none,721e3c494613d3aa378fb20e47d69b51245b538e
freesolv,9b75e9a74817c850,CC(F)F,hydration_free_energy,kcal/mol,train,,-0.10999999940395355,1.2186664928609203,-3.868315661147266,6.305648646869107,scaffold,2033,node_gnn,node_gnn,none,none,721e3c494613d3aa378fb20e47d69b51245b538e
freesolv,35dddcda2702a4ad,CC(N)=O,hydration_free_energy,kcal/mol,train,,-9.710000038146973,-3.282038616570916,-8.369020770579102,1.8049435374372704,scaffold,2033,node_gnn,node_gnn,none,none,721e3c494613d3aa378fb20e47d69b51245b538e
freesolv,2f90b29d0ea2bd0f,CC1=CC(=O)CC(C)(C)C1,hydration_free_energy,kcal/mol,calibration,O=C1C=CCCC1,-5.179999828338623,-4.807033668459592,-9.894015822467779,0.2799484855485943,scaffold,2033,node_gnn,node_gnn,none,none,721e3c494613d3aa378fb20e47d69b51245b538e
freesolv,196b98c38a9ef9ff,CC1=CC(=O)[C@H](C(C)C)CC1,hydration_free_energy,kcal/mol,calibration,O=C1C=CCCC1,-4.510000228881836,-5.935604117942066,-11.022586271950253,-0.8486219639338799,scaffold,2033,node_gnn,node_gnn,none,none,721e3c494613d3aa378fb20e47d69b51245b538e
freesolv,71b4ae69ea038c45,CC1=CCCCC1,hydration_free_energy,kcal/mol,validation,C1=CCCCC1,0.6700000166893005,-2.0505099348060627,-7.137492088814249,3.036472219202124,scaffold,2033,node_gnn,node_gnn,none,none,721e3c494613d3aa378fb20e47d69b51245b538e
freesolv,3657f3498f9e2294,CC1CCC(C)CC1,hydration_free_energy,kcal/mol,calibration,C1CCCCC1,2.109999895095825,-1.5356405713368837,-6.62262272534507,3.551341582671303,scaffold,2033,node_gnn,node_gnn,none,none,721e3c494613d3aa378fb20e47d69b51245b538e
freesolv,d24802ff551c31d8,CC1CCCC1,hydration_free_energy,kcal/mol,calibration,C1CCCC1,1.590000033378601,-1.7644798875580097,-6.851462041566196,3.3225022664501767,scaffold,2033,node_gnn,node_gnn,none,none,721e3c494613d3aa378fb20e47d69b51245b538e
freesolv,acaaa8b4649c614e,CC1CCCCC1,hydration_free_energy,kcal/mol,calibration,C1CCCCC1,1.7000000476837158,-1.8350119769336086,-6.921994130941795,3.251970177074578,scaffold,2033,node_gnn,node_gnn,none,none,721e3c494613d3aa378fb20e47d69b51245b538e
freesolv,5358908f8e9c796f,CC=C(C)C,hydration_free_energy,kcal/mol,train,,1.309999942779541,-3.368414442751566,-8.455396596759753,1.7185677112566204,scaffold,2033,node_gnn,node_gnn,none,none,721e3c494613d3aa378fb20e47d69b51245b538e
freesolv,3ba5780e519232af,CC=O,hydration_free_energy,kcal/mol,train,,-3.5,-0.2849729564864698,-5.371955110494657,4.802009197521716,scaffold,2033,node_gnn,node_gnn,none,none,721e3c494613d3aa378fb20e47d69b51245b538e
freesolv,9f9bae4da613fd97,CCBr,hydration_free_energy,kcal/mol,train,,-0.7400000095367432,0.731856402015167,-4.35512575199302,5.818838556023353,scaffold,2033,node_gnn,node_gnn,none,none,721e3c494613d3aa378fb20e47d69b51245b538e
freesolv,72281cabb90098ca,CCC,hydration_free_energy,kcal/mol,train,,2.0,1.749284315193694,-3.3376978388144924,6.836266469201881,scaffold,2033,node_gnn,node_gnn,none,none,721e3c494613d3aa378fb20e47d69b51245b538e
freesolv,b081cbfb90b7402a,CCC#N,hydration_free_energy,kcal/mol,train,,-3.8399999141693115,-7.435585333717015,-12.522567487725201,-2.348603179708828,scaffold,2033,node_gnn,node_gnn,none,none,721e3c494613d3aa378fb20e47d69b51245b538e
freesolv,b137901ff30dac85,CCC(=O)CC,hydration_free_energy,kcal/mol,train,,-3.4100000858306885,-0.8720680174927535,-5.95905017150094,4.214914136515433,scaffold,2033,node_gnn,node_gnn,none,none,721e3c494613d3aa378fb20e47d69b51245b538e
freesolv,d73fa90c49909081,CCC(=O)Nc1ccc(Cl)c(Cl)c1,hydration_free_energy,kcal/mol,train,c1ccccc1,-7.78000020980835,-3.4137327658695495,-8.500714919877737,1.673249388138637,scaffold,2033,node_gnn,node_gnn,none,none,721e3c494613d3aa378fb20e47d69b51245b538e
freesolv,ae711e3e1cb2b62c,CCC(=O)O,hydration_free_energy,kcal/mol,train,,-6.460000038146973,-1.3608958587224325,-6.4478780127306194,3.726086295285754,scaffold,2033,node_gnn,node_gnn,none,none,721e3c494613d3aa378fb20e47d69b51245b538e
freesolv,3b1dd60ed1dfbb76,CCC(=O)OC,hydration_free_energy,kcal/mol,train,,-2.930000066757202,-3.8447243627139285,-8.931706516722116,1.242257791294258,scaffold,2033,node_gnn,node_gnn,none,none,721e3c494613d3aa378fb20e47d69b51245b538e
freesolv,95159b36053bb032,CCC(C)(C)C,hydration_free_energy,kcal/mol,train,,2.509999990463257,-1.1453312949157965,-6.232313448923983,3.94165085909239,scaffold,2033,node_gnn,node_gnn,none,none,721e3c494613d3aa378fb20e47d69b51245b538e
freesolv,3fb4e89120f988ad,CCC(C)(C)CC,hydration_free_energy,kcal/mol,train,,2.559999942779541,-3.786433385535853,-8.87341553954404,1.3005487684723334,scaffold,2033,node_gnn,node_gnn,none,none,721e3c494613d3aa378fb20e47d69b51245b538e
freesolv,bdf2d11354f3860d,CCC(C)(C)O,hydration_free_energy,kcal/mol,train,,-4.429999828338623,-3.400252279008436,-8.487234433016623,1.6867298749997506,scaffold,2033,node_gnn,node_gnn,none,none,721e3c494613d3aa378fb20e47d69b51245b538e
freesolv,6c45d8284f5ddf4f,CCC(C)C,hydration_free_energy,kcal/mol,train,,2.380000114440918,-7.937528852019128,-13.024511006027314,-2.850546698010941,scaffold,2033,node_gnn,node_gnn,none,none,721e3c494613d3aa378fb20e47d69b51245b538e
freesolv,70ffb28e88de4627,CCC(C)CC,hydration_free_energy,kcal/mol,train,,2.509999990463257,-1.4728270811855522,-6.559809235193739,3.6141550728226344,scaffold,2033,node_gnn,node_gnn,none,none,721e3c494613d3aa378fb20e47d69b51245b538e
freesolv,828963364af80af0,CCC(N)=O,hydration_free_energy,kcal/mol,train,,-9.399999618530273,-4.501865050114751,-9.588847204122938,0.5851171038934355,scaffold,2033,node_gnn,node_gnn,none,none,721e3c494613d3aa378fb20e47d69b51245b538e
freesolv,960c6dcb6922b929,CCC(O)CC,hydration_free_energy,kcal/mol,train,,-4.349999904632568,-6.516986646608309,-11.603968800616496,-1.4300044926001227,scaffold,2033,node_gnn,node_gnn,none,none,721e3c494613d3aa378fb20e47d69b51245b538e
freesolv,f58f8a95565cd02f,CCC/C=C/C=O,hydration_free_energy,kcal/mol,train,,-3.680000066757202,-7.864650975537282,-12.951633129545469,-2.7776688215290957,scaffold,2033,node_gnn,node_gnn,none,none,721e3c494613d3aa378fb20e47d69b51245b538e
freesolv,12b118fa49abcab8,CCC=O,hydration_free_energy,kcal/mol,train,,-3.430000066757202,-0.8316021663555531,-5.91858432036374,4.255379987652633,scaffold,2033,node_gnn,node_gnn,none,none,721e3c494613d3aa378fb20e47d69b51245b538e
freesolv,5a7f7c6b893c81e5,CCCBr,hydration_free_energy,kcal/mol,train,,-0.5600000023841858,-6.27073362331007,-11.357715777318257,-1.1837514693018836,scaffold,2033,node_gnn,node_gnn,none,none,721e3c494613d3aa378fb20e47d69b51245b538e
freesolv,0c02aaf039e3096f,CCCC,hydration_free_energy,kcal/mol,train,,2.0999999046325684,-6.642256131791974,-11.729238285800161,-1.5552739777837878,scaffold,2033,node_gnn,node_gnn,none,none,721e3c494613d3aa378fb20e47d69b51245b538e
freesolv,bdf503d5fea27e4f,CCCC#N,hydration_free_energy,kcal/mol,train,,-3.640000104904175,-1.3518789930059638,-6.43886114701415,3.7351031610022227,scaffold,2033,node_gnn,node_gnn,none,none,721e3c494613d3aa378fb20e47d69b51245b538e
freesolv,363c7fa2de9ba737,CCCC(=O)CCC,hydration_free_energy,kcal/mol,train,,-2.9200000762939453,-5.62890625930328,-10.715888413311466,-0.5419241052950934,scaffold,2033,node_gnn,node_gnn,none,none,721e3c494613d3aa378fb20e47d69b51245b538e
freesolv,7e19891bed0df61a,CCCC(=O)O,hydration_free_energy,kcal/mol,train,,-6.349999904632568,-4.297283275602153,-9.38426542961034,0.7896988784060337,scaffold,2033,node_gnn,node_gnn,none,none,721e3c494613d3aa378fb20e47d69b51245b538e
freesolv,74fe519ef396aa2d,CCCC(=O)OC,hydration_free_energy,kcal/mol,train,,-2.8299999237060547,-2.493847670521542,-7.5808298245297285,2.5931344834866445,scaffold,2033,node_gnn,node_gnn,none,none,721e3c494613d3aa378fb20e47d69b51245b538e
freesolv,875e5e4c442371b3,CCCC(=O)OCC,hydration_free_energy,kcal/mol,train,,-2.490000009536743,1.5972118831106532,-3.4897702708975333,6.684194037118839,scaffold,2033,node_gnn,node_gnn,none,none,721e3c494613d3aa378fb20e47d69b51245b538e
freesolv,03542dfab9a8b00c,CCCC(C)(C)C,hydration_free_energy,kcal/mol,train,,2.880000114440918,-9.721834923239896,-14.808817077248083,-4.63485276923171,scaffold,2033,node_gnn,node_gnn,none,none,721e3c494613d3aa378fb20e47d69b51245b538e
freesolv,f1b212ed322c6018,CCCC(C)(C)O,hydration_free_energy,kcal/mol,train,,-3.9200000762939453,-4.1886917365914735,-9.27567389059966,0.898290417416713,scaffold,2033,node_gnn,node_gnn,none,none,721e3c494613d3aa378fb20e47d69b51245b538e
freesolv,39533f2780e046ad,CCCC(C)=O,hydration_free_energy,kcal/mol,train,,-3.5199999809265137,-3.6491674925650273,-8.736149646573214,1.4378146614431593,scaffold,2033,node_gnn,node_gnn,none,none,721e3c494613d3aa378fb20e47d69b51245b538e
freesolv,b26bad70227ef601,CCCC(C)C,hydration_free_energy,kcal/mol,train,,2.509999990463257,-3.84704198959013,-8.934024143598316,1.2399401644180563,scaffold,2033,node_gnn,node_gnn,none,none,721e3c494613d3aa378fb20e47d69b51245b538e
freesolv,aa05bf74b194f434,CCCC1CCCC1,hydration_free_energy,kcal/mol,calibration,C1CCCC1,2.130000114440918,-1.6780224890797815,-6.765004643087968,3.408959664928405,scaffold,2033,node_gnn,node_gnn,none,none,721e3c494613d3aa378fb20e47d69b51245b538e
freesolv,397cb77fff01ff68,CCCC=O,hydration_free_energy,kcal/mol,train,,-3.180000066757202,-0.6195242784078281,-5.706506432416015,4.467457875600358,scaffold,2033,node_gnn,node_gnn,none,none,721e3c494613d3aa378fb20e47d69b51245b538e
freesolv,dbe273c607f375c1,CCCCBr,hydration_free_energy,kcal/mol,train,,-0.4000000059604645,-0.7667771170765465,-5.8537592710847335,4.32020503693164,scaffold,2033,node_gnn,node_gnn,none,none,721e3c494613d3aa378fb20e47d69b51245b538e
freesolv,c65a887de1f68c42,CCCCC,hydration_free_energy,kcal/mol,train,,2.299999952316284,-2.0574339561918222,-7.144416110200009,3.0295481978163643,scaffold,2033,node_gnn,node_gnn,none,none,721e3c494613d3aa378fb20e47d69b51245b538e
freesolv,41df5f7378e36325,CCCCC#N,hydration_free_energy,kcal/mol,train,,-3.5199999809265137,-5.2886300225293805,-10.375612176537567,-0.20164786852119398,scaffold,2033,node_gnn,node_gnn,none,none,721e3c494613d3aa378fb20e47d69b51245b538e
freesolv,e6007044d8c0034f,CCCCC(=O)CCCC,hydration_free_energy,kcal/mol,train,,-2.640000104904175,-1.1279594287478623,-6.214941582756049,3.9590227252603243,scaffold,2033,node_gnn,node_gnn,none,none,721e3c494613d3aa378fb20e47d69b51245b538e
freesolv,32ecc9982d398376,CCCCC(=O)O,hydration_free_energy,kcal/mol,train,,-6.159999847412109,-6.31805758891165,-11.405039742919836,-1.2310754349034632,scaffold,2033,node_gnn,node_gnn,none,none,721e3c494613d3aa378fb20e47d69b51245b538e
freesolv,6751478463d88fc8,CCCCC(=O)OC,hydration_free_energy,kcal/mol,train,,-2.559999942779541,-0.5437003625403265,-5.630682516548513,4.5432817914678605,scaffold,2033,node_gnn,node_gnn,none,none,721e3c494613d3aa378fb20e47d69b51245b538e
freesolv,5c2b6f5593568a0c,CCCCC(=O)OCC,hydration_free_energy,kcal/mol,train,,-2.490000009536743,-5.575427585834587,-10.662409739842774,-0.4884454318264009,scaffold,2033,node_gnn,node_gnn,none,none,721e3c494613d3aa378fb20e47d69b51245b538e
freesolv,1af343ef31d31c1a,CCCCC(C)=O,hydration_free_energy,kcal/mol,train,,-3.2799999713897705,-1.247364396236428,-6.334346550244614,3.8396177577717587,scaffold,2033,node_gnn,node_gnn,none,none,721e3c494613d3aa378fb20e47d69b51245b538e
freesolv,b312f6bfc607a5c1,CCCCC(C)C,hydration_free_energy,kcal/mol,train,,2.930000066757202,-4.354037922499286,-9.441020076507472,0.7329442315089008,scaffold,2033,node_gnn,node_gnn,none,none,721e3c494613d3aa378fb20e47d69b51245b538e
freesolv,ff3070e7bd7554be,CCCCC/C=C/C=O,hydration_free_energy,kcal/mol,train,,-3.430000066757202,-3.1405050632052056,-8.227487217213392,1.946477090802981,scaffold,2033,node_gnn,node_gnn,none,none,721e3c494613d3aa378fb20e47d69b51245b538e
freesolv,f448cc7ab5087548,CCCCC=O,hydration_free_energy,kcal/mol,train,,-3.0299999713897705,-0.7868293977651839,-5.87381155177337,4.300152756243003,scaffold,2033,node_gnn,node_gnn,none,none,721e3c494613d3aa378fb20e47d69b51245b538e
freesolv,133c9950c099219b,CCCCCBr,hydration_free_energy,kcal/mol,train,,-0.10000000149011612,-3.352240784386103,-8.43922293839429,1.7347413696220837,scaffold,2033,node_gnn,node_gnn,none,none,721e3c494613d3aa378fb20e47d69b51245b538e
freesolv,b9d709c5baaf140a,CCCCCC,hydration_free_energy,kcal/mol,train,,2.4800000190734863,-0.7533440881917741,-5.840326242199961,4.333638065816412,scaffold,2033,node_gnn,node_gnn,none,none,721e3c494613d3aa378fb20e47d69b51245b538e
freesolv,6fba198d3d1721fb,CCCCCC(=O)O,hydration_free_energy,kcal/mol,train,,-6.210000038146973,-6.11704507362763,-11.204027227635816,-1.0300629196194437,scaffold,2033,node_gnn,node_gnn,none,none,721e3c494613d3aa378fb20e47d69b51245b538e
freesolv,b6b4fcf38b80bb62,CCCCCC(=O)OC,hydration_free_energy,kcal/mol,train,,-2.490000009536743,-1.7867928755089306,-6.873775029517117,3.300189278499256,scaffold,2033,node_gnn,node_gnn,none,none,721e3c494613d3aa378fb20e47d69b51245b538e
freesolv,c27d3eb691086c0e,CCCCCC(=O)OCC,hydration_free_energy,kcal/mol,train,,-2.2300000190734863,1.5971463756251612,-3.4898357783830254,6.684128529633348,scaffold,2033,node_gnn,node_gnn,none,none,721e3c494613d3aa378fb20e47d69b51245b538e
freesolv,ece018572b2d8a14,CCCCCC(C)=O,hydration_free_energy,kcal/mol,train,,-3.0399999618530273,-5.128064185459977,-10.215046339468163,-0.04108203145179079,scaffold,2033,node_gnn,node_gnn,none,none,721e3c494613d3aa378fb20e47d69b51245b538e
freesolv,721a178df646ca1b,CCCCCC(N)=O,hydration_free_energy,kcal/mol,train,,-9.3100004196167,-4.600404285730503,-9.68738643973869,0.4865778682776831,scaffold,2033,node_gnn,node_gnn,none,none,721e3c494613d3aa378fb20e47d69b51245b538e
freesolv,3246863db31fc62b,CCCCCC1CCCC1,hydration_free_energy,kcal/mol,calibration,C1CCCC1,2.549999952316284,-1.3365140924530026,-6.423496246461189,3.7504680615551838,scaffold,2033,node_gnn,node_gnn,none,none,721e3c494613d3aa378fb20e47d69b51245b538e
freesolv,2a429658212632e6,CCCCCC=O,hydration_free_energy,kcal/mol,train,,-2.809999942779541,1.1759911621139634,-3.910990991894223,6.2629733161221495,scaffold,2033,node_gnn,node_gnn,none,none,721e3c494613d3aa378fb20e47d69b51245b538e
freesolv,fa17305ea323628e,CCCCCCBr,hydration_free_energy,kcal/mol,train,,0.18000000715255737,-7.156983196226358,-12.243965350234545,-2.0700010422181716,scaffold,2033,node_gnn,node_gnn,none,none,721e3c494613d3aa378fb20e47d69b51245b538e
freesolv,0d31a6c328196dcb,CCCCCCC,hydration_free_energy,kcal/mol,train,,2.6700000762939453,-5.186844371740836,-10.273826525749023,-0.09986221773264958,scaffold,2033,node_gnn,node_gnn,none,none,721e3c494613d3aa378fb20e47d69b51245b538e
freesolv,95b742928f6b9c7c,CCCCCCC(C)=O,hydration_free_energy,kcal/mol,train,,-2.880000114440918,-6.24085282318228,-11.327834977190467,-1.1538706691740934,scaffold,2033,node_gnn,node_gnn,none,none,721e3c494613d3aa378fb20e47d69b51245b538e
freesolv,94d55096ffe1cf8f,CCCCCCC=O,hydration_free_energy,kcal/mol,train,,-2.6700000762939453,1.9534040422438346,-3.133578111764352,7.040386196252021,scaffold,2033,node_gnn,node_gnn,none,none,721e3c494613d3aa378fb20e47d69b51245b538e
freesolv,e5f6857cc48520e1,CCCCCCCBr,hydration_free_energy,kcal/mol,train,,0.3400000035762787,-2.8532543398860297,-7.940236493894217,2.233727814122157,scaffold,2033,node_gnn,node_gnn,none,none,721e3c494613d3aa378fb20e47d69b51245b538e
freesolv,b8c87ca6a3bbaf9a,CCCCCCCC,hydration_free_energy,kcal/mol,train,,2.880000114440918,-0.7941596454481723,-5.881141799456358,4.292822508560015,scaffold,2033,node_gnn,node_gnn,none,none,721e3c494613d3aa378fb20e47d69b51245b538e
freesolv,aa39ba56ac3bb10c,CCCCCCCC(=O)OC,hydration_free_energy,kcal/mol,train,,-2.0399999618530273,-6.435123260127137,-11.522105414135323,-1.34814110611895,scaffold,2033,node_gnn,node_gnn,none,none,721e3c494613d3aa378fb20e47d69b51245b538e
freesolv,abda4bc05ccb6a0f,CCCCCCCC(C)=O,hydration_free_energy,kcal/mol,train,,-2.490000009536743,-0.5173921169871836,-5.60437427099537,4.569590037021003,scaffold,2033,node_gnn,node_gnn,none,none,721e3c494613d3aa378fb20e47d69b51245b538e
freesolv,4be165ba79237734,CCCCCCCC=O,hydration_free_energy,kcal/mol,train,,-2.2899999618530273,-5.5917305615685144,-10.678712715576701,-0.5047484075603279,scaffold,2033,node_gnn,node_gnn,none,none,721e3c494613d3aa378fb20e47d69b51245b538e
freesolv,09f8afe9d3b8d320,CCCCCCCCBr,hydration_free_energy,kcal/mol,train,,0.5199999809265137,-0.9170421017702446,-6.004024255778431,4.169940052237942,scaffold,2033,node_gnn,node_gnn,none,none,721e3c494613d3aa378fb20e47d69b51245b538e
freesolv,c1789540a8674e1a,CCCCCCCCC,hydration_free_energy,kcal/mol,train,,3.130000114440918,-8.120182095622186,-13.207164249630372,-3.033199941613999,scaffold,2033,node_gnn,node_gnn,none,none,721e3c494613d3aa378fb20e47d69b51245b538e
freesolv,4a3ffcd0d28fe78b,CCCCCCCCC(C)=O,hydration_free_energy,kcal/mol,train,,-2.3399999141693115,-6.869384164813589,-11.956366318821775,-1.7824020108054022,scaffold,2033,node_gnn,node_gnn,none,none,721e3c494613d3aa378fb20e47d69b51245b538e
freesolv,ec8b98d1cb1ce133,CCCCCCCCC=O,hydration_free_energy,kcal/mol,train,,-2.069999933242798,-1.6787241980745278,-6.765706352082715,3.4082579559336588,scaffold,2033,node_gnn,node_gnn,none,none,721e3c494613d3aa378fb20e47d69b51245b538e
freesolv,75b6097552666ac9,CCCCCCCCCC,hydration_free_energy,kcal/mol,train,,3.1600000858306885,-2.2564561823091576,-7.3434383363173446,2.830525971699029,scaffold,2033,node_gnn,node_gnn,none,none,721e3c494613d3aa378fb20e47d69b51245b538e
freesolv,f39cab9e03836a2a,CCCCCCCCCC(C)=O,hydration_free_energy,kcal/mol,train,,-2.1500000953674316,-3.728626924088888,-8.815609078097074,1.3583552299192987,scaffold,2033,node_gnn,node_gnn,none,none,721e3c494613d3aa378fb20e47d69b51245b538e
freesolv,f291a8c4f28957ac,CCCCCCCCCCO,hydration_free_energy,kcal/mol,train,,-3.640000104904175,-0.7702727802429181,-5.857254934251104,4.316709373765269,scaffold,2033,node_gnn,node_gnn,none,none,721e3c494613d3aa378fb20e47d69b51245b538e
freesolv,47c556dcc89524e8,CCCCCCCCCO,hydration_free_energy,kcal/mol,train,,-3.880000114440918,-10.675075087097362,-15.762057241105548,-5.588092933089175,scaffold,2033,node_gnn,node_gnn,none,none,721e3c494613d3aa378fb20e47d69b51245b538e
freesolv,8d563aedccae05a5,CCCCCCCCN,hydration_free_energy,kcal/mol,train,,-3.6500000953674316,-7.887364497824041,-12.974346651832228,-2.800382343815855,scaffold,2033,node_gnn,node_gnn,none,none,721e3c494613d3aa378fb20e47d69b51245b538e
freesolv,792f87dcc6bad3ab,CCCCCCCCO,hydration_free_energy,kcal/mol,train,,-4.090000152587891,-1.8954220613519732,-6.98240421536016,3.1915600926562133,scaffold,2033,node_gnn,node_gnn,none,none,721e3c494613d3aa378fb20e47d69b51245b538e
freesolv,7160687123739e47,CCCCCCCCl,hydration_free_energy,kcal/mol,train,,0.28999999165534973,-6.621092820183236,-11.708074974191423,-1.5341106661750494,scaffold,2033,node_gnn,node_gnn,none,none,721e3c494613d3aa378fb20e47d69b51245b538e
freesolv,d314880f871cdc72,CCCCCCCI,hydration_free_energy,kcal/mol,train,,0.27000001072883606,1.1069706379943018,-3.9800115160138847,6.193952792002488,scaffold,2033,node_gnn,node_gnn,none,none,721e3c494613d3aa378fb20e47d69b51245b538e
freesolv,52c877fb1fc39037,CCCCCCCN,hydration_free_energy,kcal/mol,train,,-3.7899999618530273,-5.491337144564623,-10.57831929857281,-0.40435499055643653,scaffold,2033,node_gnn,node_gnn,none,none,721e3c494613d3aa378fb20e47d69b51245b538e
freesolv,26d2aa460794e065,CCCCCCCO,hydration_free_energy,kcal/mol,train,,-4.210000038146973,-1.5480814014779813,-6.635063555486168,3.538900752530205,scaffold,2033,node_gnn,node_gnn,none,none,721e3c494613d3aa378fb20e47d69b51245b538e
freesolv,025d577d95efe3b4,CCCCCCCl,hydration_free_energy,kcal/mol,train,,0.0,0.05811890385593399,-5.028863250152252,5.145101057864121,scaffold,2033,node_gnn,node_gnn,none,none,721e3c494613d3aa378fb20e47d69b51245b538e
freesolv,88afe17e741468f3,CCCCCCI,hydration_free_energy,kcal/mol,train,,0.07999999821186066,-0.7731287468360231,-5.86011090084421,4.3138534071721635,scaffold,2033,node_gnn,node_gnn,none,none,721e3c494613d3aa378fb20e47d69b51245b538e
freesolv,9e36e298d03ebb99,CCCCCCN,hydration_free_energy,kcal/mol,train,,-3.950000047683716,-2.54561570987404,-7.632597863882227,2.5413664441341464,scaffold,2033,node_gnn,node_gnn,none,none,721e3c494613d3aa378fb20e47d69b51245b538e
freesolv,67a84046ee2724da,CCCCCCO,hydration_free_energy,kcal/mol,train,,-4.400000095367432,-2.824822793015782,-7.911804947023969,2.2621593609924044,scaffold,2033,node_gnn,node_gnn,none,none,721e3c494613d3aa378fb20e47d69b51245b538e
freesolv,045b8d8a43ece3f6,CCCCCCOC(C)=O,hydration_free_energy,kcal/mol,train,,-2.259999990463257,-0.5445661398257187,-5.631548293833905,4.542416014182468,scaffold,2033,node_gnn,node_gnn,none,none,721e3c494613d3aa378fb20e47d69b51245b538e
freesolv,2fd5e6e45fde1339,CCCCCCO[N+](=O)[O-],hydration_free_energy,kcal/mol,train,,-1.659999966621399,-3.9289653913133464,-9.015947545321533,1.15801676269484,scaffold,2033,node_gnn,node_gnn,none,none,721e3c494613d3aa378fb20e47d69b51245b538e
freesolv,cd6c3d0610e05c69,CCCCCCc1ccccc1,hydration_free_energy,kcal/mol,train,c1ccccc1,-0.03999999910593033,-8.537980849373682,-13.624963003381868,-3.450998695365495,scaffold,2033,node_gnn,node_gnn,none,none,721e3c494613d3aa378fb20e47d69b51245b538e
freesolv,8ac2131167ce2101,CCCCCCl,hydration_free_energy,kcal/mol,train,,-0.10000000149011612,-2.794987628438099,-7.881969782446285,2.2919945255700878,scaffold,2033,node_gnn,node_gnn,none,none,721e3c494613d3aa378fb20e47d69b51245b538e
freesolv,61a8967b60de201c,CCCCCI,hydration_free_energy,kcal/mol,train,,-0.14000000059604645,-0.9614983174200491,-6.048480471428236,4.125483836588137,scaffold,2033,node_gnn,node_gnn,none,none,721e3c494613d3aa378fb20e47d69b51245b538e
freesolv,964f1e46b133a777,CCCCCN,hydration_free_energy,kcal/mol,train,,-4.090000152587891,0.010455617468221767,-5.076526536539965,5.097437771476408,scaffold,2033,node_gnn,node_gnn,none,none,721e3c494613d3aa378fb20e47d69b51245b538e
freesolv,b360cef7ae377473,CCCCCO,hydration_free_energy,kcal/mol,train,,-4.570000171661377,1.4053132964636785,-3.681668857544508,6.492295450471865,scaffold,2033,node_gnn,node_gnn,none,none,721e3c494613d3aa378fb20e47d69b51245b538e
freesolv,0c072a2731172132,CCCCCOC(=O)CC,hydration_free_energy,kcal/mol,train,,-2.109999895095825,-4.785939658977274,-9.87292181298546,0.30104249503091296,scaffold,2033,node_gnn,node_gnn,none,none,721e3c494613d3aa378fb20e47d69b51245b538e
freesolv,5f4efc6ed5a32666,CCCCCOC(C)=O,hydration_free_energy,kcal/mol,train,,-2.509999990463257,-0.9337385218530123,-6.020720675861199,4.153243632155174,scaffold,2033,node_gnn,node_gnn,none,none,721e3c494613d3aa378fb20e47d69b51245b538e
freesolv,a580f6b292969b53,CCCCC[N+](=O)[O-],hydration_free_energy,kcal/mol,train,,-2.819999933242798,-0.7617172629761049,-5.848699416984291,4.325264891032082,scaffold,2033,node_gnn,node_gnn,none,none,721e3c494613d3aa378fb20e47d69b51245b538e
freesolv,468b092da3632d2d,CCCCCc1ccccc1,hydration_free_energy,kcal/mol,train,c1ccccc1,-0.23000000417232513,-4.272968914138678,-9.359951068146865,0.8140132398695084,scaffold,2033,node_gnn,node_gnn,none,none,721e3c494613d3aa378fb20e47d69b51245b538e
freesolv,c514ddd9e3b812c1,CCCCCl,hydration_free_energy,kcal/mol,train,,-0.1599999964237213,1.861137547799848,-3.2258446062083386,6.948119701808034,scaffold,2033,node_gnn,node_gnn,none,none,721e3c494613d3aa378fb20e47d69b51245b538e
freesolv,0d8fa2ca3dfd887f,CCCCI,hydration_free_energy,kcal/mol,train,,-0.25,-3.7567097634296553,-8.843691917437841,1.3302723905785312,scaffold,2033,node_gnn,node_gnn,none,none,721e3c494613d3aa378fb20e47d69b51245b538e
freesolv,49a122776d5ed26c,CCCCN,hydration_free_energy,kcal/mol,train,,-4.239999771118164,-4.358572718126072,-9.44555487213426,0.7284094358821145,scaffold,2033,node_gnn,node_gnn,none,none,721e3c494613d3aa378fb20e47d69b51245b538e
freesolv,d21d0b3984a63f44,CCCCN(CC)C(=O)SCCC,hydration_free_energy,kcal/mol,train,,-3.640000104904175,-8.75688689409425,-13.843869048102437,-3.6699047400860643,scaffold,2033,node_gnn,node_gnn,none,none,721e3c494613d3aa378fb20e47d69b51245b538e
freesolv,80fb9cecc75acbd8,CCCCN(CC)c1c([N+](=O)[O-])cc(C(F)(F)F)cc1[N+](=O)[O-],hydration_free_energy,kcal/mol,train,c1ccccc1,-3.509999990463257,-3.932790589086615,-9.019772743094801,1.1541915649215717,scaffold,2033,node_gnn,node_gnn,none,none,721e3c494613d3aa378fb20e47d69b51245b538e
freesolv,a629bf56a3d8d9a4,CCCCNCCCC,hydration_free_energy,kcal/mol,train,,-3.240000009536743,-2.9778103451986495,-8.064792499206836,2.109171808809537,scaffold,2033,node_gnn,node_gnn,none,none,721e3c494613d3aa378fb20e47d69b51245b538e
freesolv,05c1bfb084995387,CCCCO,hydration_free_energy,kcal/mol,train,,-4.71999979019165,-7.132595238700677,-12.219577392708864,-2.0456130846924907,scaffold,2033,node_gnn,node_gnn,none,none,721e3c494613d3aa378fb20e47d69b51245b538e
freesolv,568d2f3ccef5f29e,CCCCOC(=O)c1ccc(O)cc1,hydration_free_energy,kcal/mol,train,c1ccccc1,-8.720000267028809,-4.455987941155391,-9.542970095163579,0.6309942128527952,scaffold,2033,node_gnn,node_gnn,none,none,721e3c494613d3aa378fb20e47d69b51245b538e
freesolv,46583bb6ead842fb,CCCCOC(C)=O,hydration_free_energy,kcal/mol,train,,-2.640000104904175,-5.120469910655585,-10.207452064663771,-0.033487756647398115,scaffold,2033,node_gnn,node_gnn,none,none,721e3c494613d3aa378fb20e47d69b51245b538e
freesolv,9db897b9a26af7f8,CCCCOCCCC,hydration_free_energy,kcal/mol,train,,-0.8299999833106995,-4.86188849841848,-9.948870652426667,0.2250936555897063,scaffold,2033,node_gnn,node_gnn,none,none,721e3c494613d3aa378fb20e47d69b51245b538e
freesolv,f95f835b86cb25c6,CCCCOCCO,hydration_free_energy,kcal/mol,train,,-6.25,-3.0634293651968694,-8.150411519205056,2.023552788811317,scaffold,2033,node_gnn,node_gnn,none,none,721e3c494613d3aa378fb20e47d69b51245b538e
freesolv,2caada664cae6a44,CCCCOC[C@H](C)O,hydration_free_energy,kcal/mol,train,,-5.730000019073486,-6.440494674219553,-11.52747682822774,-1.3535125202113667,scaffold,2033,node_gnn,node_gnn,none,none,721e3c494613d3aa378fb20e47d69b51245b538e
freesolv,cde238e2926e5f58,CCCCO[N+](=O)[O-],hydration_free_energy,kcal/mol,train,,-2.0899999141693115,-4.054981871535464,-9.14196402554365,1.0320002824727226,scaffold,2033,node_gnn,node_gnn,none,none,721e3c494613d3aa378fb20e47d69b51245b538e
freesolv,6287c96eb11ffacf,CCCCS,hydration_free_energy,kcal/mol,train,,-0.9900000095367432,-1.9633692013838968,-7.050351355392083,3.1236129526242897,scaffold,2033,node_gnn,node_gnn,none,none,721e3c494613d3aa378fb20e47d69b51245b538e
freesolv,e63ff875f53e1b76,CCCC[C@@H](C)CC,hydration_free_energy,kcal/mol,train,,2.9700000286102295,-6.870145090178605,-11.957127244186792,-1.7831629361704184,scaffold,2033,node_gnn,node_gnn,none,none,721e3c494613d3aa378fb20e47d69b51245b538e
freesolv,4297266e950b3a36,CCCC[N+](=O)[O-],hydration_free_energy,kcal/mol,train,,-3.0899999141693115,0.083370641487571,-5.0036115125206155,5.1703527954957575,scaffold,2033,node_gnn,node_gnn,none,none,721e3c494613d3aa378fb20e47d69b51245b538e
freesolv,0d50519807301d63,CCCCc1ccccc1,hydration_free_energy,kcal/mol,train,c1ccccc1,-0.4000000059604645,-2.756189472059225,-7.843171626067411,2.3307926819489615,scaffold,2033,node_gnn,node_gnn,none,none,721e3c494613d3aa378fb20e47d69b51245b538e
freesolv,b28f009eb10da6e6,CCCCl,hydration_free_energy,kcal/mol,train,,-0.33000001311302185,-4.231214882265427,-9.318197036273613,0.8557672717427591,scaffold,2033,node_gnn,node_gnn,none,none,721e3c494613d3aa378fb20e47d69b51245b538e
freesolv,ea2c409d9d4aedd5,CCCI,hydration_free_energy,kcal/mol,train,,-0.5299999713897705,-4.223818128507229,-9.310800282515416,0.8631640255009572,scaffold,2033,node_gnn,node_gnn,none,none,721e3c494613d3aa378fb20e47d69b51245b538e
freesolv,4a77fe430575ea6c,CCCN,hydration_free_energy,kcal/mol,train,,-4.389999866485596,-6.491036894763881,-11.578019048772067,-1.4040547407556945,scaffold,2033,node_gnn,node_gnn,none,none,721e3c494613d3aa378fb20e47d69b51245b538e
freesolv,2628eefa16acabf5,CCCN(CC1CC1)c1c([N+](=O)[O-])cc(C(F)(F)F)cc1[N+](=O)[O-],hydration_free_energy,kcal/mol,validation,c1ccc(NCC2CC2)cc1,-2.450000047683716,-4.856137819951217,-9.943119973959403,0.2308443340569699,scaffold,2033,node_gnn,node_gnn,none,none,721e3c494613d3aa378fb20e47d69b51245b538e
freesolv,2ed1f3bed4d2e8b5,CCCN(CCC)c1c([N+](=O)[O-])cc(C(F)(F)F)cc1[N+](=O)[O-],hydration_free_energy,kcal/mol,train,c1ccccc1,-3.25,-7.134671107006183,-12.221653261014369,-2.047688952997996,scaffold,2033,node_gnn,node_gnn,none,none,721e3c494613d3aa378fb20e47d69b51245b538e
freesolv,b54ecd51b4236e1f,CCCN(CCC)c1c([N+](=O)[O-])cc(S(C)(=O)=O)cc1[N+](=O)[O-],hydration_free_energy,kcal/mol,train,c1ccccc1,-7.980000019073486,-1.8323286665027232,-6.91931082051091,3.2546534875054633,scaffold,2033,node_gnn,node_gnn,none,none,721e3c494613d3aa378fb20e47d69b51245b538e
freesolv,c5cecb085a70d066,CCCNCCC,hydration_free_energy,kcal/mol,train,,-3.6500000953674316,1.7063601358890437,-3.380622018119143,6.793342289897231,scaffold,2033,node_gnn,node_gnn,none,none,721e3c494613d3aa378fb20e47d69b51245b538e
freesolv,14e1e55c7f98f735,CCCO,hydration_free_energy,kcal/mol,train,,-4.849999904632568,-2.789340154218177,-7.876322308226364,2.2976419997900095,scaffold,2033,node_gnn,node_gnn,none,none,721e3c494613d3aa378fb20e47d69b51245b538e
freesolv,2a3bb72367a885ab,CCCOC,hydration_free_energy,kcal/mol,train,,-1.659999966621399,-1.1284792945549849,-6.215461448563172,3.9585028594532017,scaffold,2033,node_gnn,node_gnn,none,none,721e3c494613d3aa378fb20e47d69b51245b538e
freesolv,9516158b89342f01,CCCOC(=O)CC,hydration_free_energy,kcal/mol,train,,-2.440000057220459,-12.389826188981466,-17.476808342989653,-7.30284403497328,scaffold,2033,node_gnn,node_gnn,none,none,721e3c494613d3aa378fb20e47d69b51245b538e
freesolv,f035596c68056a32,CCCOC(=O)CCC,hydration_free_energy,kcal/mol,train,,-2.2799999713897705,-3.344174488704445,-8.431156642712631,1.7428076653037414,scaffold,2033,node_gnn,node_gnn,none,none,721e3c494613d3aa378fb20e47d69b51245b538e
freesolv,ea0843191f1b6e45,CCCOC(=O)c1ccc(O)cc1,hydration_free_energy,kcal/mol,train,c1ccccc1,-9.369999885559082,-4.569794315390725,-9.656776469398912,0.5171878386174615,scaffold,2033,node_gnn,node_gnn,none,none,721e3c494613d3aa378fb20e47d69b51245b538e
freesolv,18552703d063ac27,CCCOC(C)=O,hydration_free_energy,kcal/mol,train,,-2.7899999618530273,-3.3749734296659586,-8.461955583674145,1.712008724342228,scaffold,2033,node_gnn,node_gnn,none,none,721e3c494613d3aa378fb20e47d69b51245b538e
freesolv,057b911b93e037d5,CCCOC=O,hydration_free_energy,kcal/mol,train,,-2.4800000190734863,-18.016981504759684,-23.10396365876787,-12.929999350751498,scaffold,2033,node_gnn,node_gnn,none,none,721e3c494613d3aa378fb20e47d69b51245b538e
freesolv,71c0327f59bc314e,CCCOCCC,hydration_free_energy,kcal/mol,train,,-1.159999966621399,-4.199197100141397,-9.286179254149584,0.8877850538667893,scaffold,2033,node_gnn,node_gnn,none,none,721e3c494613d3aa378fb20e47d69b51245b538e
freesolv,521c123566b724eb,CCCOCCO,hydration_free_energy,kcal/mol,train,,-6.400000095367432,-3.121239359154962,-8.20822151316315,1.9657427948532247,scaffold,2033,node_gnn,node_gnn,none,none,721e3c494613d3aa378fb20e47d69b51245b538e
freesolv,63f950a5f14d4dfc,CCCS,hydration_free_energy,kcal/mol,train,,-1.100000023841858,-4.557947845849703,-9.64492999985789,0.5290343081584838,scaffold,2033,node_gnn,node_gnn,none,none,721e3c494613d3aa378fb20e47d69b51245b538e
freesolv,e54fed017ace88c1,CCCSC(=O)N(CCC)CCC,hydration_free_energy,kcal/mol,train,,-4.130000114440918,-6.1683090748200335,-11.25529122882822,-1.081326920811847,scaffold,2033,node_gnn,node_gnn,none,none,721e3c494613d3aa378fb20e47d69b51245b538e
freesolv,b1b55628116aeb6c,CCCSCCC,hydration_free_energy,kcal/mol,train,,-1.2799999713897705,-0.7780332203763645,-5.8650153743845514,4.308948933631822,scaffold,2033,node_gnn,node_gnn,none,none,721e3c494613d3aa378fb20e47d69b51245b538e
freesolv,e3c745ed4598aaaa,CCC[C@@H](C)O,hydration_free_energy,kcal/mol,train,,-4.389999866485596,-5.017040181755542,-10.104022335763728,0.06994197225264465,scaffold,2033,node_gnn,node_gnn,none,none,721e3c494613d3aa378fb20e47d69b51245b538e
freesolv,d5ee437817540c30,CCC[C@@H](O)CC,hydration_free_energy,kcal/mol,train,,-4.059999942779541,-8.19757599424412,-13.284558148252307,-3.110593840235934,scaffold,2033,node_gnn,node_gnn,none,none,721e3c494613d3aa378fb20e47d69b51245b538e
freesolv,a63b1c7e6ba8bcb0,CCC[C@H](C)CC,hydration_free_energy,kcal/mol,train,,2.7100000381469727,-4.491023161829905,-9.578005315838091,0.5959589921782813,scaffold,2033,node_gnn,node_gnn,none,none,721e3c494613d3aa378fb20e47d69b51245b538e
freesolv,cd5b9b418bb348af,CCC[N+](=O)[O-],hydration_free_energy,kcal/mol,train,,-3.3399999141693115,1.746929241203072,-3.3400529128051146,6.833911395211258,scaffold,2033,node_gnn,node_gnn,none,none,721e3c494613d3aa378fb20e47d69b51245b538e
freesolv,c5c03d560157f2ad,CCCc1ccc(O)c(OC)c1,hydration_free_energy,kcal/mol,train,c1ccccc1,-5.260000228881836,-6.135027277831126,-11.222009431839313,-1.0480451238229396,scaffold,2033,node_gnn,node_gnn,none,none,721e3c494613d3aa378fb20e47d69b51245b538e
freesolv,563deebbd969756a,CCCc1ccc(O)cc1,hydration_free_energy,kcal/mol,train,c1ccccc1,-5.210000038146973,-5.191244956909541,-10.278227110917728,-0.10426280290135459,scaffold,2033,node_gnn,node_gnn,none,none,721e3c494613d3aa378fb20e47d69b51245b538e
freesolv,5c778e54f5d0e8db,CCCc1ccccc1,hydration_free_energy,kcal/mol,train,c1ccccc1,-0.5299999713897705,-2.64116252161174,-7.728144675619927,2.4458196323964465,scaffold,2033,node_gnn,node_gnn,none,none,721e3c494613d3aa378fb20e47d69b51245b538e
freesolv,015ecefa34d9ae39,CCCl,hydration_free_energy,kcal/mol,train,,-0.6299999952316284,-4.036902304834476,-9.123884458842664,1.0500798491737102,scaffold,2033,node_gnn,node_gnn,none,none,721e3c494613d3aa378fb20e47d69b51245b538e
freesolv,e6833630dd227931,CCI,hydration_free_energy,kcal/mol,train,,-0.7400000095367432,-3.7923443376528345,-8.879326491661022,1.294637816355352,scaffold,2033,node_gnn,node_gnn,none,none,721e3c494613d3aa378fb20e47d69b51245b538e
freesolv,5358de96aa5a405c,CCN,hydration_free_energy,kcal/mol,train,,-4.5,1.6919101432355945,-3.395072010772592,6.778892297243781,scaffold,2033,node_gnn,node_gnn,none,none,721e3c494613d3aa378fb20e47d69b51245b538e
freesolv,2e65611bdb8133fc,CCN(CC)CC,hydration_free_energy,kcal/mol,train,,-3.2200000286102295,-4.563115947075561,-9.650098101083747,0.5238662069326256,scaffold,2033,node_gnn,node_gnn,none,none,721e3c494613d3aa378fb20e47d69b51245b538e
freesolv,a4faf5093d2ab9ee,CCN(CC)c1c([N+](=O)[O-])cc(C(F)(F)F)c(N)c1[N+](=O)[O-],hydration_free_energy,kcal/mol,train,c1ccccc1,-5.659999847412109,-0.6042734168006474,-5.691255570808834,4.482708737207539,scaffold,2033,node_gnn,node_gnn,none,none,721e3c494613d3aa378fb20e47d69b51245b538e
freesolv,f3ee692836994141,CCNCC,hydration_free_energy,kcal/mol,train,,-4.070000171661377,1.658517702505946,-3.4284644515022404,6.745499856514133,scaffold,2033,node_gnn,node_gnn,none,none,721e3c494613d3aa378fb20e47d69b51245b538e
freesolv,c506d303fb751324,CCNc1nc(Cl)nc(NCC)n1,hydration_free_energy,kcal/mol,calibration,c1ncncn1,-10.220000267028809,-8.02330810821995,-13.110290262228137,-2.936325954211764,scaffold,2033,node_gnn,node_gnn,none,none,721e3c494613d3aa378fb20e47d69b51245b538e
freesolv,f0b13e9a8de1870e,CCNc1nc(NC(C)(C)C)nc(SC)n1,hydration_free_energy,kcal/mol,calibration,c1ncncn1,-6.679999828338623,-7.68063445725139,-12.767616611259577,-2.5936523032432035,scaffold,2033,node_gnn,node_gnn,none,none,721e3c494613d3aa378fb20e47d69b51245b538e
freesolv,48cf6f23e72121d4,CCNc1nc(NC(C)C)nc(SC)n1,hydration_free_energy,kcal/mol,calibration,c1ncncn1,-7.650000095367432,-7.881523546846282,-12.968505700854468,-2.794541392838095,scaffold,2033,node_gnn,node_gnn,none,none,721e3c494613d3aa378fb20e47d69b51245b538e
freesolv,ca789066a644a873,CCO,hydration_free_energy,kcal/mol,train,,-5.0,-1.9925744555675489,-7.079556609575736,3.0944076984406377,scaffold,2033,node_gnn,node_gnn,none,none,721e3c494613d3aa378fb20e47d69b51245b538e
freesolv,eb85ffd9d4e232dd,CCOC,hydration_free_energy,kcal/mol,train,,-2.0999999046325684,-8.827190006847543,-13.91417216085573,-3.7402078528393563,scaffold,2033,node_gnn,node_gnn,none,none,721e3c494613d3aa378fb20e47d69b51245b538e
freesolv,c5d7586c4df2935f,CCOC(=O)CC,hydration_free_energy,kcal/mol,train,,-2.680000066757202,-6.859039973644128,-11.946022127652315,-1.7720578196359416,scaffold,2033,node_gnn,node_gnn,none,none,721e3c494613d3aa378fb20e47d69b51245b538e
freesolv,9cc7e547b13b7996,CCOC(=O)CC(=O)OCC,hydration_free_energy,kcal/mol,train,,-6.0,0.32488036362593276,-4.762101790382253,5.41186251763412,scaffold,2033,node_gnn,node_gnn,none,none,721e3c494613d3aa378fb20e47d69b51245b538e
freesolv,2b4d8e742733b5fd,CCOC(=O)CCC(=O)OCC,hydration_free_energy,kcal/mol,train,,-5.710000038146973,-1.0672391823631275,-6.1542213363713145,4.019742971645059,scaffold,2033,node_gnn,node_gnn,none,none,721e3c494613d3aa378fb20e47d69b51245b538e
freesolv,9a148610b2e6e2f6,CCOC(=O)C[C@@H](SP(=S)(OC)OC)C(=O)OCC,hydration_free_energy,kcal/mol,train,,-8.149999618530273,-1.1799527998701975,-6.266934953878384,3.907029354137989,scaffold,2033,node_gnn,node_gnn,none,none,721e3c494613d3aa378fb20e47d69b51245b538e
freesolv,06cda49eadbecf92,CCOC(=O)c1ccc(O)cc1,hydration_free_energy,kcal/mol,train,c1ccccc1,-9.199999809265137,-3.753789287940776,-8.840771441948963,1.3331928660674106,scaffold,2033,node_gnn,node_gnn,none,none,721e3c494613d3aa378fb20e47d69b51245b538e
freesolv,11e7d1ad91c8f3c6,CCOC(=O)c1ccccc1,hydration_free_energy,kcal/mol,train,c1ccccc1,-3.640000104904175,1.7489719563299446,-3.338010197678242,6.835954110338131,scaffold,2033,node_gnn,node_gnn,none,none,721e3c494613d3aa378fb20e47d69b51245b538e
freesolv,31ca2a93eb56b1c9,CCOC(C)=O,hydration_free_energy,kcal/mol,train,,-2.940000057220459,-2.929080864569169,-8.016063018577356,2.1579012894390175,scaffold,2033,node_gnn,node_gnn,none,none,721e3c494613d3aa378fb20e47d69b51245b538e
freesolv,0f30fb54765a4a71,CCOC(C)OCC,hydration_free_energy,kcal/mol,train,,-3.2799999713897705,-3.690623794913896,-8.777605948922083,1.3963583590942905,scaffold,2033,node_gnn,node_gnn,none,none,721e3c494613d3aa378fb20e47d69b51245b538e
freesolv,ba554b8b161e7746,CCOC(OCC)Oc1ccccc1,hydration_free_energy,kcal/mol,train,c1ccccc1,-5.230000019073486,-6.247005334152013,-11.3339874881602,-1.1600231801438268,scaffold,2033,node_gnn,node_gnn,none,none,721e3c494613d3aa378fb20e47d69b51245b538e
freesolv,50ed9f322b5791b3,CCOC=O,hydration_free_energy,kcal/mol,train,,-2.559999942779541,-3.595205651461343,-8.68218780546953,1.4917765025468435,scaffold,2033,node_gnn,node_gnn,none,none,721e3c494613d3aa378fb20e47d69b51245b538e
freesolv,55c67ac3acc4815b,CCOCC,hydration_free_energy,kcal/mol,train,,-1.590000033378601,-5.174210614066247,-10.261192768074434,-0.08722846005806062,scaffold,2033,node_gnn,node_gnn,none,none,721e3c494613d3aa378fb20e47d69b51245b538e
freesolv,a9f3bd414c2b7a32,CCOCCO,hydration_free_energy,kcal/mol,train,,-6.690000057220459,-1.6560479231842462,-6.743030077192433,3.43093423082394,scaffold,2033,node_gnn,node_gnn,none,none,721e3c494613d3aa378fb20e47d69b51245b538e
freesolv,30f1421c9e037d21,CCOCCOC(C)=O,hydration_free_energy,kcal/mol,train,,-5.309999942779541,-1.1395578486029658,-6.226540002611152,3.947424305405221,scaffold,2033,node_gnn,node_gnn,none,none,721e3c494613d3aa378fb20e47d69b51245b538e
freesolv,06d7492e30c5c56e,CCOCCOCC,hydration_free_energy,kcal/mol,train,,-3.5399999618530273,1.2545965497816165,-3.83238560422657,6.3415787037898035,scaffold,2033,node_gnn,node_gnn,none,none,721e3c494613d3aa378fb20e47d69b51245b538e
freesolv,4024725848eb763d,CCOP(=O)(OCC)O/C(=C/Cl)c1ccc(Cl)cc1Cl,hydration_free_energy,kcal/mol,train,c1ccccc1,-7.070000171661377,-1.635410169344022,-6.722392323352208,3.451571984664165,scaffold,2033,node_gnn,node_gnn,none,none,721e3c494613d3aa378fb20e47d69b51245b538e
freesolv,b7d694fcb2ed16b9,CCOP(=O)(OCC)OCC,hydration_free_energy,kcal/mol,train,,-7.5,-6.002272763558202,-11.08925491756639,-0.9152906095500155,scaffold,2033,node_gnn,node_gnn,none,none,721e3c494613d3aa378fb20e47d69b51245b538e
freesolv,181e12660bc9d5d1,CCOP(=S)(OCC)Oc1cc(C)nc(C(C)C)n1,hydration_free_energy,kcal/mol,test,c1cncnc1,-6.480000019073486,-5.32787979110816,-10.414861945116346,-0.24089763709997314,scaffold,2033,node_gnn,node_gnn,none,none,721e3c494613d3aa378fb20e47d69b51245b538e
freesolv,53478077bdfb11ad,CCOP(=S)(OCC)Oc1ccc([N+](=O)[O-])cc1,hydration_free_energy,kcal/mol,train,c1ccccc1,-6.739999771118164,-3.1824855003322408,-8.269467654340428,1.9044966536759458,scaffold,2033,node_gnn,node_gnn,none,none,721e3c494613d3aa378fb20e47d69b51245b538e
freesolv,4a53f2c0125f5222,CCOP(=S)(OCC)Oc1nc(Cl)c(Cl)cc1Cl,hydration_free_energy,kcal/mol,validation,c1ccncc1,-5.039999961853027,-5.429455937773895,-10.516438091782081,-0.34247378376570836,scaffold,2033,node_gnn,node_gnn,none,none,721e3c494613d3aa378fb20e47d69b51245b538e
freesolv,e8ca88ad8ca9eec5,CCOP(=S)(OCC)SCSCC,hydration_free_energy,kcal/mol,train,,-4.369999885559082,-7.812173887555613,-12.8991560415638,-2.725191733547426,scaffold,2033,node_gnn,node_gnn,none,none,721e3c494613d3aa378fb20e47d69b51245b538e
freesolv,e55a87e3bb6fb68e,CCOP(=S)(OCC)SCSP(=S)(OCC)OCC,hydration_free_energy,kcal/mol,train,,-6.099999904632568,-5.709194869799374,-10.79617702380756,-0.6222127157911874,scaffold,2033,node_gnn,node_gnn,none,none,721e3c494613d3aa378fb20e47d69b51245b538e
freesolv,f0e2c44dc296a6e5,CCOP(=S)(OCC)SCSc1ccc(Cl)cc1,hydration_free_energy,kcal/mol,train,c1ccccc1,-6.5,1.6630285319795033,-3.4239536220286833,6.750010685987689,scaffold,2033,node_gnn,node_gnn,none,none,721e3c494613d3aa378fb20e47d69b51245b538e
freesolv,458f5f3358ffa842,CCOP(=S)(OCC)S[C@@H](CCl)N1C(=O)c2ccccc2C1=O,hydration_free_energy,kcal/mol,validation,O=C1NC(=O)c2ccccc21,-5.739999771118164,-10.551836333963953,-15.63881848797214,-5.464854179955767,scaffold,2033,node_gnn,node_gnn,none,none,721e3c494613d3aa378fb20e47d69b51245b538e
freesolv,d03f12d520c785a7,CCOc1ccccc1,hydration_free_energy,kcal/mol,train,c1ccccc1,-2.2200000286102295,-6.630413656609824,-11.717395810618012,-1.5434315026016376,scaffold,2033,node_gnn,node_gnn,none,none,721e3c494613d3aa378fb20e47d69b51245b538e
freesolv,e59096cd88e01589,CCS,hydration_free_energy,kcal/mol,train,,-1.1399999856948853,-6.2655685178533655,-11.352550671861552,-1.178586363845179,scaffold,2033,node_gnn,node_gnn,none,none,721e3c494613d3aa378fb20e47d69b51245b538e
freesolv,c868bf4a1b1b5939,CCSC,hydration_free_energy,kcal/mol,train,,-1.5,-6.589918446934918,-11.676900600943105,-1.5029362929267318,scaffold,2033,node_gnn,node_gnn,none,none,721e3c494613d3aa378fb20e47d69b51245b538e
freesolv,9f27d20fc9bfb022,CCSCC,hydration_free_energy,kcal/mol,train,,-1.4600000381469727,-3.109257380989225,-8.196239534997412,1.9777247730189615,scaffold,2033,node_gnn,node_gnn,none,none,721e3c494613d3aa378fb20e47d69b51245b538e
freesolv,4fc9e69deb3fc3dc,CCSSCC,hydration_free_energy,kcal/mol,train,,-1.6399999856948853,-3.0012994221897906,-8.088281576197977,2.085682731818396,scaffold,2033,node_gnn,node_gnn,none,none,721e3c494613d3aa378fb20e47d69b51245b538e
freesolv,bfa0e17b5e26ea0d,CC[C@@H](C)C(C)C,hydration_free_energy,kcal/mol,train,,2.5199999809265137,0.6791636186544365,-4.40781853535375,5.7661457726626235,scaffold,2033,node_gnn,node_gnn,none,none,721e3c494613d3aa378fb20e47d69b51245b538e
freesolv,d551cb41de0123da,CC[C@@H](C)CO,hydration_free_energy,kcal/mol,train,,-4.420000076293945,1.2855863836500725,-3.801395770358114,6.372568537658259,scaffold,2033,node_gnn,node_gnn,none,none,721e3c494613d3aa378fb20e47d69b51245b538e
freesolv,43bfd896ecc8fa0d,CC[C@@H](C)c1cc([N+](=O)[O-])cc([N+](=O)[O-])c1O,hydration_free_energy,kcal/mol,train,c1ccccc1,-6.230000019073486,-0.6676303394764429,-5.754612493484629,4.419351814531744,scaffold,2033,node_gnn,node_gnn,none,none,721e3c494613d3aa378fb20e47d69b51245b538e
freesolv,72e6cc3958fe9748,CC[C@@H](O)C(C)C,hydration_free_energy,kcal/mol,train,,-3.880000114440918,-3.906124149401673,-8.99310630340986,1.1808580046065136,scaffold,2033,node_gnn,node_gnn,none,none,721e3c494613d3aa378fb20e47d69b51245b538e
freesolv,30fe9e05f0944b46,CC[C@H](C)Cl,hydration_free_energy,kcal/mol,train,,0.0,-7.036002054727108,-12.122984208735295,-1.9490199007189215,scaffold,2033,node_gnn,node_gnn,none,none,721e3c494613d3aa378fb20e47d69b51245b538e
freesolv,4bac7107d8eee406,CC[C@H](C)O,hydration_free_energy,kcal/mol,train,,-4.619999885559082,-8.866720978290873,-13.95370313229906,-3.7797388242826866,scaffold,2033,node_gnn,node_gnn,none,none,721e3c494613d3aa378fb20e47d69b51245b538e
freesolv,5ebfcf19058e296f,CC[C@H](C)O[N+](=O)[O-],hydration_free_energy,kcal/mol,train,,-1.8200000524520874,-3.1152108230987015,-8.202192977106888,1.971771330909485,scaffold,2033,node_gnn,node_gnn,none,none,721e3c494613d3aa378fb20e47d69b51245b538e
freesolv,df64aadb6927ab47,CC[C@H](C)c1ccccc1,hydration_free_energy,kcal/mol,train,c1ccccc1,-0.44999998807907104,-2.6220742295072474,-7.709056383515434,2.464907924500939,scaffold,2033,node_gnn,node_gnn,none,none,721e3c494613d3aa378fb20e47d69b51245b538e
freesolv,2be6ddc7a67dd59d,CC[C@H](C)n1c(=O)[nH]c(C)c(Br)c1=O,hydration_free_energy,kcal/mol,validation,O=c1cc[nH]c(=O)[nH]1,-9.729999542236328,-8.544597105408394,-13.631579259416581,-3.457614951400208,scaffold,2033,node_gnn,node_gnn,none,none,721e3c494613d3aa378fb20e47d69b51245b538e
freesolv,7e80f2c2416f6238,CC[N+](=O)[O-],hydration_free_energy,kcal/mol,train,,-3.7100000381469727,-0.37179973330133764,-5.458781887309524,4.715182420706849,scaffold,2033,node_gnn,node_gnn,none,none,721e3c494613d3aa378fb20e47d69b51245b538e
freesolv,8c11f08cc436c38e,CCc1ccc(C)cc1,hydration_free_energy,kcal/mol,train,c1ccccc1,-0.949999988079071,-2.7468820167348564,-7.833864170743043,2.34010013727333,scaffold,2033,node_gnn,node_gnn,none,none,721e3c494613d3aa378fb20e47d69b51245b538e
freesolv,66b7acb5e2d6c3d2,CCc1ccc(O)cc1,hydration_free_energy,kcal/mol,train,c1ccccc1,-6.130000114440918,-8.964749335406964,-14.05173148941515,-3.8777671813987773,scaffold,2033,node_gnn,node_gnn,none,none,721e3c494613d3aa378fb20e47d69b51245b538e
freesolv,7e17a2e61f09e50a,CCc1cccc(CC)c1N(COC)C(=O)CCl,hydration_free_energy,kcal/mol,train,c1ccccc1,-8.210000038146973,-9.357309333193156,-14.444291487201342,-4.270327179184969,scaffold,2033,node_gnn,node_gnn,none,none,721e3c494613d3aa378fb20e47d69b51245b538e
freesolv,d83d21ac42fea8f4,CCc1cccc(O)c1,hydration_free_energy,kcal/mol,train,c1ccccc1,-6.25,-0.7307497975173294,-5.817731951525516,4.356232356490857,scaffold,2033,node_gnn,node_gnn,none,none,721e3c494613d3aa378fb20e47d69b51245b538e
freesolv,2b77950e97163b16,CCc1cccc2ccccc12,hydration_free_energy,kcal/mol,test,c1ccc2ccccc2c1,-2.4000000953674316,-1.3092202388483234,-6.39620239285651,3.7777619151598634,scaffold,2033,node_gnn,node_gnn,none,none,721e3c494613d3aa378fb20e47d69b51245b538e
freesolv,d9d3904fcfb40c49,CCc1ccccc1,hydration_free_energy,kcal/mol,train,c1ccccc1,-0.7900000214576721,-3.37279333355865,-8.459775487566837,1.7141888204495364,scaffold,2033,node_gnn,node_gnn,none,none,721e3c494613d3aa378fb20e47d69b51245b538e
freesolv,d3d42d2d2434b6a4,CCc1ccccc1C,hydration_free_energy,kcal/mol,train,c1ccccc1,-0.8500000238418579,-7.80704473132875,-12.894026885336936,-2.7200625773205633,scaffold,2033,node_gnn,node_gnn,none,none,721e3c494613d3aa378fb20e47d69b51245b538e
freesolv,5dce688cbe158876,CCc1ccccc1O,hydration_free_energy,kcal/mol,train,c1ccccc1,-5.659999847412109,-1.53696649876427,-6.623948652772457,3.5500156552439166,scaffold,2033,node_gnn,node_gnn,none,none,721e3c494613d3aa378fb20e47d69b51245b538e
freesolv,ef41bd7574f5dbfd,CCc1ccccn1,hydration_free_energy,kcal/mol,validation,c1ccncc1,-4.329999923706055,-1.8351326065715272,-6.9221147605797135,3.2518495474366595,scaffold,2033,node_gnn,node_gnn,none,none,721e3c494613d3aa378fb20e47d69b51245b538e
freesolv,5574eabc651548ff,CCc1cccnc1,hydration_free_energy,kcal/mol,validation,c1ccncc1,-4.590000152587891,-2.1270391545912952,-7.214021308599482,2.9599429994168913,scaffold,2033,node_gnn,node_gnn,none,none,721e3c494613d3aa378fb20e47d69b51245b538e
freesolv,74500def09ca4c11,CCc1ccncc1,hydration_free_energy,kcal/mol,validation,c1ccncc1,-4.730000019073486,-2.3674438872773487,-7.454426041285535,2.719538266730838,scaffold,2033,node_gnn,node_gnn,none,none,721e3c494613d3aa378fb20e47d69b51245b538e
freesolv,b06c750d00374d3a,CCc1cnccn1,hydration_free_energy,kcal/mol,test,c1cnccn1,-5.449999809265137,-3.6241632054654778,-8.711145359473665,1.4628189485427088,scaffold,2033,node_gnn,node_gnn,none,none,721e3c494613d3aa378fb20e47d69b51245b538e
freesolv,8ec2d1ea7f63089d,CCl,hydration_free_energy,kcal/mol,train,,-0.550000011920929,-0.34059859784858126,-5.427580751856768,4.746383556159605,scaffold,2033,node_gnn,node_gnn,none,none,721e3c494613d3aa378fb20e47d69b51245b538e
freesolv,c17d9f4bb13fd7ab,CF,hydration_free_energy,kcal/mol,train,,-0.2199999988079071,-5.904952406552081,-10.991934560560267,-0.8179702525438941,scaffold,2033,node_gnn,node_gnn,none,none,721e3c494613d3aa378fb20e47d69b51245b538e
freesolv,1d3ef8ffa7fbb106,CI,hydration_free_energy,kcal/mol,train,,-0.8899999856948853,-3.7663173448937295,-8.853299498901915,1.320664809114457,scaffold,2033,node_gnn,node_gnn,none,none,721e3c494613d3aa378fb20e47d69b51245b538e
freesolv,6b48636a029cf296,CN,hydration_free_energy,kcal/mol,train,,-4.550000190734863,-1.2635717070753836,-6.35055386108357,3.8234104469328027,scaffold,2033,node_gnn,node_gnn,none,none,721e3c494613d3aa378fb20e47d69b51245b538e
freesolv,ae740ecf42fc66b3,CN(C)C,hydration_free_energy,kcal/mol,train,,-3.200000047683716,-5.77712593253684,-10.864108086545027,-0.690143778528653,scaffold,2033,node_gnn,node_gnn,none,none,721e3c494613d3aa378fb20e47d69b51245b538e
freesolv,3730b07de9065cc6,CN(C)C(=O)Nc1ccccc1,hydration_free_energy,kcal/mol,train,c1ccccc1,-9.130000114440918,2.0204501547733256,-3.066531999234861,7.107432308781512,scaffold,2033,node_gnn,node_gnn,none,none,721e3c494613d3aa378fb20e47d69b51245b538e
freesolv,427a8b23dbe39998,CN(C)C(=O)c1ccc([N+](=O)[O-])cc1,hydration_free_energy,kcal/mol,train,c1ccccc1,-11.949999809265137,1.7834955994919945,-3.303486554516192,6.870477753500181,scaffold,2033,node_gnn,node_gnn,none,none,721e3c494613d3aa378fb20e47d69b51245b538e
freesolv,ab53bae8e7e2439a,CN(C)C(=O)c1ccccc1,hydration_free_energy,kcal/mol,train,c1ccccc1,-9.289999961853027,-4.305111320259498,-9.392093474267686,0.7818708337486884,scaffold,2033,node_gnn,node_gnn,none,none,721e3c494613d3aa378fb20e47d69b51245b538e
freesolv,df162aa01d1e1807,CN(C)C=O,hydration_free_energy,kcal/mol,train,,-7.809999942779541,-3.645284376588122,-8.73226653059631,1.4416977774200643,scaffold,2033,node_gnn,node_gnn,none,none,721e3c494613d3aa378fb20e47d69b51245b538e
freesolv,8ae90c7343e88285,CN(C)CCC=C1c2ccccc2CCc2ccccc21,hydration_free_energy,kcal/mol,test,C=C1c2ccccc2CCc2ccccc21,-7.429999828338623,-3.9076074545685953,-8.994589608576781,1.1793746994395913,scaffold,2033,node_gnn,node_gnn,none,none,721e3c494613d3aa378fb20e47d69b51245b538e
freesolv,6ba867aa7081b5d5,CN(C)CCOC(c1ccccc1)c1ccccc1,hydration_free_energy,kcal/mol,validation,c1ccc(Cc2ccccc2)cc1,-9.34000015258789,-4.305369555560539,-9.392351709568725,0.7816125984476479,scaffold,2033,node_gnn,node_gnn,none,none,721e3c494613d3aa378fb20e47d69b51245b538e
freesolv,f138fff4fe28c100,CN(C)c1ccccc1,hydration_free_energy,kcal/mol,train,c1ccccc1,-3.450000047683716,-2.4661454436517403,-7.553127597659927,2.6208367103564463,scaffold,2033,node_gnn,node_gnn,none,none,721e3c494613d3aa378fb20e47d69b51245b538e
freesolv,22b8524d6432124c,CN(CC(F)(F)F)c1ccccc1,hydration_free_energy,kcal/mol,train,c1ccccc1,-1.9199999570846558,-5.5366010195782405,-10.623583173586427,-0.4496188655700539,scaffold,2033,node_gnn,node_gnn,none,none,721e3c494613d3aa378fb20e47d69b51245b538e
freesolv,aef820157b9e02ff,CN1CCCCC1,hydration_free_energy,kcal/mol,validation,C1CCNCC1,-3.880000114440918,-5.766484960503229,-10.853467114511416,-0.6795028064950426,scaffold,2033,node_gnn,node_gnn,none,none,721e3c494613d3aa378fb20e47d69b51245b538e
freesolv,caa26b776de24e5a,CN1CCN(C)CC1,hydration_free_energy,kcal/mol,validation,C1CNCCN1,-7.579999923706055,-7.860319492777055,-12.947301646785242,-2.7733373387688687,scaffold,2033,node_gnn,node_gnn,none,none,721e3c494613d3aa378fb20e47d69b51245b538e
freesolv,3cff3d64db2ccf3c,CN1CCNCC1,hydration_free_energy,kcal/mol,validation,C1CNCCN1,-7.769999980926514,-9.069018079387961,-14.156000233396147,-3.9820359253797744,scaffold,2033,node_gnn,node_gnn,none,none,721e3c494613d3aa378fb20e47d69b51245b538e
freesolv,d6cea68731e98da0,CN1CCOCC1,hydration_free_energy,kcal/mol,test,C1COCCN1,-6.320000171661377,-8.173901429212885,-13.260883583221071,-3.086919275204698,scaffold,2033,node_gnn,node_gnn,none,none,721e3c494613d3aa378fb20e47d69b51245b538e
freesolv,9afd0df86add5901,CNC,hydration_free_energy,kcal/mol,train,,-4.289999961853027,-1.6578835308036326,-6.744865684811819,3.429098623204554,scaffold,2033,node_gnn,node_gnn,none,none,721e3c494613d3aa378fb20e47d69b51245b538e
freesolv,5cb6cf4121e34498,CNC(=O)O/N=C\C(C)(C)SC,hydration_free_energy,kcal/mol,train,,-9.84000015258789,-7.033240754439257,-12.120222908447444,-1.9462586004310705,scaffold,2033,node_gnn,node_gnn,none,none,721e3c494613d3aa378fb20e47d69b51245b538e
freesolv,90a200a5ff27cc37,CNC(=O)Oc1cccc2c1OC(C)(C)C2,hydration_free_energy,kcal/mol,validation,c1ccc2c(c1)CCO2,-9.609999656677246,-7.543962275797323,-12.63094442980551,-2.4569801217891367,scaffold,2033,node_gnn,node_gnn,none,none,721e3c494613d3aa378fb20e47d69b51245b538e
freesolv,0a5851c2ca44922c,CNC(=O)Oc1cccc2ccccc12,hydration_free_energy,kcal/mol,test,c1ccc2ccccc2c1,-9.449999809265137,-7.554217392763951,-12.641199546772137,-2.467235238755764,scaffold,2033,node_gnn,node_gnn,none,none,721e3c494613d3aa378fb20e47d69b51245b538e
freesolv,d876777714879c8e,CNC(C)=O,hydration_free_energy,kcal/mol,train,,-10.0,1.6056619493032591,-3.4813202047049274,6.692644103311446,scaffold,2033,node_gnn,node_gnn,none,none,721e3c494613d3aa378fb20e47d69b51245b538e
freesolv,6bfbe627b61bb1f8,CNc1ccccc1,hydration_free_energy,kcal/mol,train,c1ccccc1,-4.690000057220459,-3.1244585939638703,-8.211440747972057,1.9625235600443163,scaffold,2033,node_gnn,node_gnn,none,none,721e3c494613d3aa378fb20e47d69b51245b538e
freesolv,32c1365b28b1a0c9,CO,hydration_free_energy,kcal/mol,train,,-5.099999904632568,-0.9437264162111365,-6.030708570219323,4.14325573779705,scaffold,2033,node_gnn,node_gnn,none,none,721e3c494613d3aa378fb20e47d69b51245b538e
freesolv,c4ae432b7146eac6,COC,hydration_free_energy,kcal/mol,train,,-1.909999966621399,-3.8813713071930827,-8.96835346120127,1.2056108468151039,scaffold,2033,node_gnn,node_gnn,none,none,721e3c494613d3aa378fb20e47d69b51245b538e
freesolv,dba50d69eba4553d,COC(=O)C(C)(C)C,hydration_free_energy,kcal/mol,train,,-2.4000000953674316,0.1587058475471479,-4.928276306461038,5.245688001555335,scaffold,2033,node_gnn,node_gnn,none,none,721e3c494613d3aa378fb20e47d69b51245b538e
freesolv,78896c16a1730e57,COC(=O)C(F)(F)F,hydration_free_energy,kcal/mol,train,,-1.100000023841858,-2.447307198412602,-7.534289352420789,2.6396749555955847,scaffold,2033,node_gnn,node_gnn,none,none,721e3c494613d3aa378fb20e47d69b51245b538e
freesolv,d0ab69455128b9fd,COC(=O)C1CC1,hydration_free_energy,kcal/mol,test,C1CC1,-4.099999904632568,-7.025176143877747,-12.112158297885934,-1.9381939898695606,scaffold,2033,node_gnn,node_gnn,none,none,721e3c494613d3aa378fb20e47d69b51245b538e
freesolv,86863ff15d16d981,COC(=O)C1CCCCC1,hydration_free_energy,kcal/mol,calibration,C1CCCCC1,-3.299999952316284,-5.625173131502,-10.712155285510185,-0.5381909774938132,scaffold,2033,node_gnn,node_gnn,none,none,721e3c494613d3aa378fb20e47d69b51245b538e
freesolv,80ffd5e0b0a9be02,COC(=O)CC#N,hydration_free_energy,kcal/mol,train,,-6.71999979019165,1.7478199832314112,-3.3391621707767754,6.834802137239597,scaffold,2033,node_gnn,node_gnn,none,none,721e3c494613d3aa378fb20e47d69b51245b538e
freesolv,b6cd478b6894d483,COC(=O)CCl,hydration_free_energy,kcal/mol,train,,-4.0,-1.3534665509394317,-6.4404487049476185,3.7335156030687546,scaffold,2033,node_gnn,node_gnn,none,none,721e3c494613d3aa378fb20e47d69b51245b538e
freesolv,1ee4d9131fedf122,COC(=O)c1ccc(O)cc1,hydration_free_energy,kcal/mol,train,c1ccccc1,-9.510000228881836,0.7395603219705817,-4.347421832037605,5.826542475978768,scaffold,2033,node_gnn,node_gnn,none,none,721e3c494613d3aa378fb20e47d69b51245b538e
freesolv,f7f1cf0080e3fe6c,COC(=O)c1ccc(OC)cc1,hydration_free_energy,kcal/mol,train,c1ccccc1,-5.329999923706055,0.2796019092024351,-4.807380244805751,5.366584063210622,scaffold,2033,node_gnn,node_gnn,none,none,721e3c494613d3aa378fb20e47d69b51245b538e
freesolv,03666b9268eeead7,COC(=O)c1ccc([N+](=O)[O-])cc1,hydration_free_energy,kcal/mol,train,c1ccccc1,-6.880000114440918,-5.254778030811568,-10.341760184819755,-0.16779587680338182,scaffold,2033,node_gnn,node_gnn,none,none,721e3c494613d3aa378fb20e47d69b51245b538e
freesolv,6606bca5fe63957e,COC(=O)c1ccccc1,hydration_free_energy,kcal/mol,train,c1ccccc1,-3.9200000762939453,-1.0022401787552684,-6.089222332763455,4.084741975252918,scaffold,2033,node_gnn,node_gnn,none,none,721e3c494613d3aa378fb20e47d69b51245b538e
freesolv,3df2b5140200cf21,COC(C)(C)C,hydration_free_energy,kcal/mol,train,,-2.2100000381469727,-3.3168182107600277,-8.403800364768214,1.7701639432481588,scaffold,2033,node_gnn,node_gnn,none,none,721e3c494613d3aa378fb20e47d69b51245b538e
freesolv,0b5928b255a9be06,COC(C)(OC)OC,hydration_free_energy,kcal/mol,train,,-4.420000076293945,-1.3001426588770082,-6.387124812885195,3.7868394951311783,scaffold,2033,node_gnn,node_gnn,none,none,721e3c494613d3aa378fb20e47d69b51245b538e
freesolv,343056c6313cf7f2,COC(C)=O,hydration_free_energy,kcal/mol,train,,-3.130000114440918,-2.608473986774218,-7.6954561407824045,2.4785081672339686,scaffold,2033,node_gnn,node_gnn,none,none,721e3c494613d3aa378fb20e47d69b51245b538e
freesolv,366c595dc8dd0749,COC(C)C,hydration_free_energy,kcal/mol,train,,-2.009999990463257,-7.240795230682979,-12.327777384691165,-2.1538130766747923,scaffold,2033,node_gnn,node_gnn,none,none,721e3c494613d3aa378fb20e47d69b51245b538e
freesolv,cecd292832da1853,COC(CC#N)(OC)OC,hydration_free_energy,kcal/mol,train,,-6.400000095367432,-5.850211116244115,-10.937193270252301,-0.7632289622359281,scaffold,2033,node_gnn,node_gnn,none,none,721e3c494613d3aa378fb20e47d69b51245b538e
freesolv,8465a94b854e5f5e,COC(CCl)(OC)OC,hydration_free_energy,kcal/mol,train,,-4.590000152587891,-8.580185245209691,-13.667167399217877,-3.4932030912015044,scaffold,2033,node_gnn,node_gnn,none,none,721e3c494613d3aa378fb20e47d69b51245b538e
freesolv,792c6eb18e8ee8a5,COC(F)(F)C(Cl)Cl,hydration_free_energy,kcal/mol,train,,-1.1200000047683716,-6.450588419087772,-11.537570573095959,-1.3636062650795857,scaffold,2033,node_gnn,node_gnn,none,none,721e3c494613d3aa378fb20e47d69b51245b538e
freesolv,c89b39a05b1f8fe2,COC(OC)(OC)C(F)(F)F,hydration_free_energy,kcal/mol,train,,-0.800000011920929,-2.7738344025855106,-7.860816556593697,2.313147751422676,scaffold,2033,node_gnn,node_gnn,none,none,721e3c494613d3aa378fb20e47d69b51245b538e
freesolv,4f9776f71274bb0a,COC(OC)(OC)c1ccccc1,hydration_free_energy,kcal/mol,train,c1ccccc1,-4.039999961853027,-2.4973548174696694,-7.584336971477856,2.589627336538517,scaffold,2033,node_gnn,node_gnn,none,none,721e3c494613d3aa378fb20e47d69b51245b538e
freesolv,43e9689fb007ea3d,COC(OC)OC,hydration_free_energy,kcal/mol,train,,-4.420000076293945,-7.470433718255316,-12.557415872263503,-2.38345156424713,scaffold,2033,node_gnn,node_gnn,none,none,721e3c494613d3aa378fb20e47d69b51245b538e
freesolv,79cb04263c54cc58,COC=O,hydration_free_energy,kcal/mol,train,,-2.7799999713897705,-1.901751222842798,-6.988733376850984,3.1852309311653886,scaffold,2033,node_gnn,node_gnn,none,none,721e3c494613d3aa378fb20e47d69b51245b538e
freesolv,cbf68aa07930e926,COCC(OC)(OC)OC,hydration_free_energy,kcal/mol,train,,-5.730000019073486,-6.217882863055973,-11.30486501706416,-1.1309007090477863,scaffold,2033,node_gnn,node_gnn,none,none,721e3c494613d3aa378fb20e47d69b51245b538e
freesolv,f3a3789f1e894352,COCCN,hydration_free_energy,kcal/mol,train,,-6.550000190734863,-4.097404858660716,-9.184387012668903,0.9895772953474706,scaffold,2033,node_gnn,node_gnn,none,none,721e3c494613d3aa378fb20e47d69b51245b538e
freesolv,36f9489fd7c43523,COCCO,hydration_free_energy,kcal/mol,train,,-6.619999885559082,0.2827566538391264,-4.804225500169061,5.3697388078473125,scaffold,2033,node_gnn,node_gnn,none,none,721e3c494613d3aa378fb20e47d69b51245b538e
freesolv,6176386a08c65b6a,COCCOC,hydration_free_energy,kcal/mol,train,,-4.840000152587891,-7.602079398505518,-12.689061552513705,-2.5150972444973316,scaffold,2033,node_gnn,node_gnn,none,none,721e3c494613d3aa378fb20e47d69b51245b538e
freesolv,dde41266c6fb0f78,COCOC,hydration_free_energy,kcal/mol,train,,-2.930000066757202,-3.597992715363915,-8.684974869372102,1.4889894386442717,scaffold,2033,node_gnn,node_gnn,none,none,721e3c494613d3aa378fb20e47d69b51245b538e
freesolv,b4138e6574e5938a,COP(=O)(OC)OC,hydration_free_energy,kcal/mol,train,,-8.699999809265137,-1.9668846366266826,-7.053866790634869,3.120097517381504,scaffold,2033,node_gnn,node_gnn,none,none,721e3c494613d3aa378fb20e47d69b51245b538e
freesolv,cfd15d18e41c6b74,COP(=O)(OC)[C@@H](O)C(Cl)(Cl)Cl,hydration_free_energy,kcal/mol,train,,-12.739999771118164,-1.0687638291443697,-6.155745983152556,4.018218324863817,scaffold,2033,node_gnn,node_gnn,none,none,721e3c494613d3aa378fb20e47d69b51245b538e
freesolv,f7eaea59fbdc4fd0,COP(=S)(OC)Oc1ccc([N+](=O)[O-])cc1,hydration_free_energy,kcal/mol,train,c1ccccc1,-7.190000057220459,-1.924743751096729,-7.011725905104916,3.1622384029114574,scaffold,2033,node_gnn,node_gnn,none,none,721e3c494613d3aa378fb20e47d69b51245b538e
freesolv,2ef9be15cbbcce71,COP(=S)(OC)SCn1nnc2ccccc2c1=O,hydration_free_energy,kcal/mol,test,O=c1[nH]nnc2ccccc12,-10.029999732971191,-8.115581393074018,-13.202563547082205,-3.028599239065832,scaffold,2033,node_gnn,node_gnn,none,none,721e3c494613d3aa378fb20e47d69b51245b538e
freesolv,f5ba54488f372966,COS(=O)(=O)OC,hydration_free_energy,kcal/mol,train,,-5.099999904632568,-1.4450755739131738,-6.5320577279213605,3.6419065800950126,scaffold,2033,node_gnn,node_gnn,none,none,721e3c494613d3aa378fb20e47d69b51245b538e
freesolv,5b75e056d7667332,COS(C)(=O)=O,hydration_free_energy,kcal/mol,train,,-4.869999885559082,-2.7416272379214868,-7.828609391929673,2.3453549160866998,scaffold,2033,node_gnn,node_gnn,none,none,721e3c494613d3aa378fb20e47d69b51245b538e
freesolv,58aa2cd0ec0f3549,COc1c(Cl)cc(Cl)c(OC)c1O,hydration_free_energy,kcal/mol,train,c1ccccc1,-6.440000057220459,-7.817155651940116,-12.904137805948302,-2.730173497931929,scaffold,2033,node_gnn,node_gnn,none,none,721e3c494613d3aa378fb20e47d69b51245b538e
freesolv,f4958df0775de6da,COc1c(Cl)ccc(Cl)c1C(=O)O,hydration_free_energy,kcal/mol,train,c1ccccc1,-9.859999656677246,0.10542629286819727,-4.98155586113999,5.192408446876383,scaffold,2033,node_gnn,node_gnn,none,none,721e3c494613d3aa378fb20e47d69b51245b538e
freesolv,1602b6352b27cd5c,COc1c(O)c(OC)c(Cl)c(C=O)c1Cl,hydration_free_energy,kcal/mol,train,c1ccccc1,-8.680000305175781,1.8214036629258454,-3.265578491082341,6.908385816934032,scaffold,2033,node_gnn,node_gnn,none,none,721e3c494613d3aa378fb20e47d69b51245b538e
freesolv,dfc5e1986eb52bfc,COc1cc(C)ccc1O,hydration_free_energy,kcal/mol,train,c1ccccc1,-5.800000190734863,-7.192077633271142,-12.279059787279328,-2.105095479262955,scaffold,2033,node_gnn,node_gnn,none,none,721e3c494613d3aa378fb20e47d69b51245b538e
freesolv,2dcda2689245ae18,COc1cc(C=O)c(Cl)c(OC)c1O,hydration_free_energy,kcal/mol,train,c1ccccc1,-7.78000020980835,-2.6682272987351405,-7.755209452743327,2.418754855273046,scaffold,2033,node_gnn,node_gnn,none,none,721e3c494613d3aa378fb20e47d69b51245b538e
freesolv,b57067c3389817fe,COc1ccc(C(=O)N(C)C)cc1,hydration_free_energy,kcal/mol,train,c1ccccc1,-11.010000228881836,-3.1150838524160744,-8.20206600642426,1.971898301592112,scaffold,2033,node_gnn,node_gnn,none,none,721e3c494613d3aa378fb20e47d69b51245b538e
freesolv,b0f92eb0fbf5865f,COc1ccc(C(C)=O)cc1,hydration_free_energy,kcal/mol,train,c1ccccc1,-4.400000095367432,-3.512624378831995,-8.59960653284018,1.5743577751761917,scaffold,2033,node_gnn,node_gnn,none,none,721e3c494613d3aa378fb20e47d69b51245b538e
freesolv,9f101fc6ba15503f,COc1ccc(N)cc1,hydration_free_energy,kcal/mol,train,c1ccccc1,-7.480000019073486,-4.873557218989721,-9.960539372997907,0.21342493501846516,scaffold,2033,node_gnn,node_gnn,none,none,721e3c494613d3aa378fb20e47d69b51245b538e
freesolv,47a5d1f5f0d9c9e0,COc1ccc2cc([C@H](C)C(=O)O)ccc2c1,hydration_free_energy,kcal/mol,test,c1ccc2ccccc2c1,-10.210000038146973,-7.601115959145718,-12.688098113153904,-2.514133805137531,scaffold,2033,node_gnn,node_gnn,none,none,721e3c494613d3aa378fb20e47d69b51245b538e
freesolv,f3601ce4990f38bf,COc1cccc(N)c1,hydration_free_energy,kcal/mol,train,c1ccccc1,-7.289999961853027,-4.530525573607306,-9.617507727615493,0.556456580400881,scaffold,2033,node_gnn,node_gnn,none,none,721e3c494613d3aa378fb20e47d69b51245b538e
freesolv,128c8182726e93c8,COc1cccc(O)c1,hydration_free_energy,kcal/mol,train,c1ccccc1,-7.659999847412109,-1.9766318708628006,-7.063614024870987,3.1103502831453858,scaffold,2033,node_gnn,node_gnn,none,none,721e3c494613d3aa378fb20e47d69b51245b538e
freesolv,31e7b18f3228ba99,COc1cccc(OC)c1O,hydration_free_energy,kcal/mol,train,c1ccccc1,-6.960000038146973,-1.794426694466151,-6.881408848474337,3.2925554595420357,scaffold,2033,node_gnn,node_gnn,none,none,721e3c494613d3aa378fb20e47d69b51245b538e
freesolv,ad217bed88d732e8,COc1ccccc1,hydration_free_energy,kcal/mol,train,c1ccccc1,-2.450000047683716,-6.249912029102786,-11.336894183110973,-1.1629298750945996,scaffold,2033,node_gnn,node_gnn,none,none,721e3c494613d3aa378fb20e47d69b51245b538e
freesolv,b00362e6f2a54653,COc1ccccc1N,hydration_free_energy,kcal/mol,train,c1ccccc1,-6.119999885559082,-1.1447203577264045,-6.231702511734591,3.942261796281782,scaffold,2033,node_gnn,node_gnn,none,none,721e3c494613d3aa378fb20e47d69b51245b538e
freesolv,3d2d00e608cdd36c,COc1ccccc1O,hydration_free_energy,kcal/mol,train,c1ccccc1,-5.940000057220459,-3.5875668894850192,-8.674549043493206,1.4994152645231673,scaffold,2033,node_gnn,node_gnn,none,none,721e3c494613d3aa378fb20e47d69b51245b538e
freesolv,db3f12030831b04a,COc1ccccc1OC,hydration_free_energy,kcal/mol,train,c1ccccc1,-5.329999923706055,-8.768994594705466,-13.855976748713653,-3.68201244069728,scaffold,2033,node_gnn,node_gnn,none,none,721e3c494613d3aa378fb20e47d69b51245b538e
freesolv,5987ac0025350d65,CS,hydration_free_energy,kcal/mol,train,,-1.2000000476837158,-6.13799888111356,-11.224981035121747,-1.0510167271053739,scaffold,2033,node_gnn,node_gnn,none,none,721e3c494613d3aa378fb20e47d69b51245b538e
freesolv,0d11fc91d7076b61,CS(=O)(=O)Cl,hydration_free_energy,kcal/mol,train,,-4.869999885559082,-0.8898984360591329,-5.976880590067319,4.197083717949054,scaffold,2033,node_gnn,node_gnn,none,none,721e3c494613d3aa378fb20e47d69b51245b538e
freesolv,aa2bea624cb0b32d,CS(C)(=O)=O,hydration_free_energy,kcal/mol,train,,-10.079999923706055,-4.196153997835164,-9.283136151843351,0.8908281561730229,scaffold,2033,node_gnn,node_gnn,none,none,721e3c494613d3aa378fb20e47d69b51245b538e
freesolv,f2cc1c4234198db0,CS(C)=O,hydration_free_energy,kcal/mol,train,,-9.279999732971191,-1.9620537591485483,-7.049035913156735,3.124928394859638,scaffold,2033,node_gnn,node_gnn,none,none,721e3c494613d3aa378fb20e47d69b51245b538e
freesolv,91658d5a001d49e4,CSC,hydration_free_energy,kcal/mol,train,,-1.6100000143051147,-0.7274570477816287,-5.814439201789815,4.359525106226558,scaffold,2033,node_gnn,node_gnn,none,none,721e3c494613d3aa378fb20e47d69b51245b538e
freesolv,60bb71e7a2455ffa,CSSC,hydration_free_energy,kcal/mol,train,,-1.8300000429153442,-1.5851826044197943,-6.67216475842798,3.5017995495883922,scaffold,2033,node_gnn,node_gnn,none,none,721e3c494613d3aa378fb20e47d69b51245b538e
freesolv,941bd3545404064b,CSc1ccccc1,hydration_free_energy,kcal/mol,train,c1ccccc1,-2.7300000190734863,-5.679105364420549,-10.766087518428735,-0.5921232104123622,scaffold,2033,node_gnn,node_gnn,none,none,721e3c494613d3aa378fb20e47d69b51245b538e
freesolv,63b335b2fd4df5b3,C[C@@H](CCO[N+](=O)[O-])O[N+](=O)[O-],hydration_free_energy,kcal/mol,train,,-4.289999961853027,-2.54704494140774,-7.634027095415926,2.5399372126004467,scaffold,2033,node_gnn,node_gnn,none,none,721e3c494613d3aa378fb20e47d69b51245b538e
freesolv,eefa0b3674c064ad,C[C@@H](CO[N+](=O)[O-])O[N+](=O)[O-],hydration_free_energy,kcal/mol,train,,-4.949999809265137,0.822848695979153,-4.2641334580290335,5.9098308499873395,scaffold,2033,node_gnn,node_gnn,none,none,721e3c494613d3aa378fb20e47d69b51245b538e
freesolv,7beeddda4325576e,C[C@@H](O)C(F)(F)F,hydration_free_energy,kcal/mol,train,,-4.199999809265137,-0.5886486832030964,-5.675630837211283,4.49833347080509,scaffold,2033,node_gnn,node_gnn,none,none,721e3c494613d3aa378fb20e47d69b51245b538e
freesolv,0e2e060fa7263040,C[C@@H]1CCCC[C@@H]1C,hydration_free_energy,kcal/mol,calibration,C1CCCCC1,1.5800000429153442,-3.705113930874004,-8.792096084882191,1.3818682231341826,scaffold,2033,node_gnn,node_gnn,none,none,721e3c494613d3aa378fb20e47d69b51245b538e
freesolv,76ad3abc60765b03,C[C@H](C(=O)O)c1ccc(-c2ccccc2)c(F)c1,hydration_free_energy,kcal/mol,calibration,c1ccc(-c2ccccc2)cc1,-8.420000076293945,-5.685323183157831,-10.772305337166017,-0.598341029149644,scaffold,2033,node_gnn,node_gnn,none,none,721e3c494613d3aa378fb20e47d69b51245b538e
freesolv,e8b904ba4abc81e9,C[C@H](C(=O)O)c1cccc(C(=O)c2ccccc2)c1,hydration_free_energy,kcal/mol,calibration,O=C(c1ccccc1)c1ccccc1,-10.779999732971191,-7.371910060639163,-12.45889221464735,-2.2849279066309762,scaffold,2033,node_gnn,node_gnn,none,none,721e3c494613d3aa378fb20e47d69b51245b538e
freesolv,8c52d3fff30b9cac,C[C@H](Cl)CCl,hydration_free_energy,kcal/mol,train,,-1.2699999809265137,-7.268496908328435,-12.355479062336622,-2.181514754320249,scaffold,2033,node_gnn,node_gnn,none,none,721e3c494613d3aa378fb20e47d69b51245b538e
freesolv,8092a23e37101382,C[C@H](O)C(F)(F)F,hydration_free_energy,kcal/mol,train,,-4.159999847412109,-9.324106624509902,-14.411088778518089,-4.2371244705017155,scaffold,2033,node_gnn,node_gnn,none,none,721e3c494613d3aa378fb20e47d69b51245b538e
freesolv,39051be56e99ad8d,C[C@H]1CCCO1,hydration_free_energy,kcal/mol,calibration,C1CCOC1,-3.299999952316284,-6.711420852266896,-11.798403006275082,-1.6244386982587091,scaffold,2033,node_gnn,node_gnn,none,none,721e3c494613d3aa378fb20e47d69b51245b538e
freesolv,8efd3b8359228fb2,C[C@H]1CC[C@H](C)O1,hydration_free_energy,kcal/mol,calibration,C1CCOC1,-2.9200000762939453,-7.099033836590765,-12.186015990598952,-2.0120516825825785,scaffold,2033,node_gnn,node_gnn,none,none,721e3c494613d3aa378fb20e47d69b51245b538e
freesolv,5fc027dd434528e2,C[N+](=O)[O-],hydration_free_energy,kcal/mol,train,,-4.019999980926514,-1.1538999935668857,-6.240882147575072,3.933082160441301,scaffold,2033,node_gnn,node_gnn,none,none,721e3c494613d3aa378fb20e47d69b51245b538e
freesolv,bba10d76dab59e54,Cc1[nH]c(=O)n(C(C)(C)C)c(=O)c1Cl,hydration_free_energy,kcal/mol,validation,O=c1cc[nH]c(=O)[nH]1,-11.140000343322754,-8.472799303565395,-13.559781457573582,-3.3858171495572087,scaffold,2033,node_gnn,node_gnn,none,none,721e3c494613d3aa378fb20e47d69b51245b538e
freesolv,9dcf8b914c150733,Cc1c[nH]c2ccccc12,hydration_free_energy,kcal/mol,test,c1ccc2[nH]ccc2c1,-5.880000114440918,-3.3310350451967263,-8.418017199204913,1.7559471088114602,scaffold,2033,node_gnn,node_gnn,none,none,721e3c494613d3aa378fb20e47d69b51245b538e
freesolv,43e45de3a2ec7d7d,Cc1c[nH]cn1,hydration_free_energy,kcal/mol,calibration,c1c[nH]cn1,-10.270000457763672,-5.580031883305737,-10.667014037313923,-0.4930497292975504,scaffold,2033,node_gnn,node_gnn,none,none,721e3c494613d3aa378fb20e47d69b51245b538e
freesolv,2b84963bcd80619e,Cc1cc(C)c2ccccc2c1,hydration_free_energy,kcal/mol,test,c1ccc2ccccc2c1,-2.4700000286102295,-1.516975331766366,-6.603957485774552,3.5700068222418206,scaffold,2033,node_gnn,node_gnn,none,none,721e3c494613d3aa378fb20e47d69b51245b538e
freesolv,ceb5d836647f1bc3,Cc1cc(C)cc(C)c1,hydration_free_energy,kcal/mol,train,c1ccccc1,-0.8999999761581421,-3.7774693452154597,-8.864451499223646,1.3095128087927268,scaffold,2033,node_gnn,node_gnn,none,none,721e3c494613d3aa378fb20e47d69b51245b538e
freesolv,7cd11e1061f8550e,Cc1cc(C)cc(O)c1,hydration_free_energy,kcal/mol,train,c1ccccc1,-6.269999980926514,-0.035064495667000095,-5.122046649675187,5.0519176583411864,scaffold,2033,node_gnn,node_gnn,none,none,721e3c494613d3aa378fb20e47d69b51245b538e
freesolv,4b34ae40486b3c5f,Cc1cc(O)ccc1Cl,hydration_free_energy,kcal/mol,train,c1ccccc1,-6.789999961853027,-1.4825307769099711,-6.569512930918158,3.6044513770982154,scaffold,2033,node_gnn,node_gnn,none,none,721e3c494613d3aa378fb20e47d69b51245b538e
freesolv,967700a6cac6d34b,Cc1cc2ccccc2cc1C,hydration_free_energy,kcal/mol,test,c1ccc2ccccc2c1,-2.7799999713897705,-1.5441471577075214,-6.631129311715708,3.542834996300665,scaffold,2033,node_gnn,node_gnn,none,none,721e3c494613d3aa378fb20e47d69b51245b538e
freesolv,70816019155cbeb1,Cc1ccc(Br)cc1,hydration_free_energy,kcal/mol,train,c1ccccc1,-1.3899999856948853,0.031174756370452084,-5.055807397637734,5.118156910378639,scaffold,2033,node_gnn,node_gnn,none,none,721e3c494613d3aa378fb20e47d69b51245b538e
freesolv,7a4c55f55feeaf18,Cc1ccc(C(=O)N(C)C)cc1,hydration_free_energy,kcal/mol,train,c1ccccc1,-9.760000228881836,-6.690190435429116,-11.777172589437303,-1.6032082814209296,scaffold,2033,node_gnn,node_gnn,none,none,721e3c494613d3aa378fb20e47d69b51245b538e
freesolv,4bd93a52b68e3179,Cc1ccc(C(C)C)cc1,hydration_free_energy,kcal/mol,train,c1ccccc1,-0.6800000071525574,-6.030320152963985,-11.11730230697217,-0.9433379989557986,scaffold,2033,node_gnn,node_gnn,none,none,721e3c494613d3aa378fb20e47d69b51245b538e
freesolv,075799439fc6d183,Cc1ccc(C)c(C)c1,hydration_free_energy,kcal/mol,train,c1ccccc1,-0.8600000143051147,-0.11347116398079793,-5.200453317988984,4.973510990027389,scaffold,2033,node_gnn,node_gnn,none,none,721e3c494613d3aa378fb20e47d69b51245b538e
freesolv,8961bdfb7ede6e86,Cc1ccc(C)c(O)c1,hydration_free_energy,kcal/mol,train,c1ccccc1,-5.909999847412109,-5.515329660562029,-10.602311814570214,-0.428347506553842,scaffold,2033,node_gnn,node_gnn,none,none,721e3c494613d3aa378fb20e47d69b51245b538e
freesolv,cc9a7bf8731f0c53,Cc1ccc(C)c2ccccc12,hydration_free_energy,kcal/mol,test,c1ccc2ccccc2c1,-2.819999933242798,-1.5825581109232914,-6.669540264931478,3.504424043084895,scaffold,2033,node_gnn,node_gnn,none,none,721e3c494613d3aa378fb20e47d69b51245b538e
freesolv,34be3af199e92ace,Cc1ccc(C)cc1,hydration_free_energy,kcal/mol,train,c1ccccc1,-0.800000011920929,-5.552046606180406,-10.639028760188593,-0.4650644521722196,scaffold,2033,node_gnn,node_gnn,none,none,721e3c494613d3aa378fb20e47d69b51245b538e
freesolv,645ebc5211491348,Cc1ccc(C)nc1,hydration_free_energy,kcal/mol,validation,c1ccncc1,-4.71999979019165,-2.2538013316852314,-7.340783485693418,2.833180822322955,scaffold,2033,node_gnn,node_gnn,none,none,721e3c494613d3aa378fb20e47d69b51245b538e
freesolv,a2b8c44da80cf8f1,Cc1ccc(C=O)cc1,hydration_free_energy,kcal/mol,train,c1ccccc1,-4.269999980926514,-6.759818501533129,-11.846800655541315,-1.6728363475249424,scaffold,2033,node_gnn,node_gnn,none,none,721e3c494613d3aa378fb20e47d69b51245b538e
freesolv,e51c7600c42704bd,Cc1ccc(N)cc1,hydration_free_energy,kcal/mol,train,c1ccccc1,-5.570000171661377,-4.3823430479112515,-9.469325201919439,0.704639106096935,scaffold,2033,node_gnn,node_gnn,none,none,721e3c494613d3aa378fb20e47d69b51245b538e
freesolv,0317a2fef5322bb6,Cc1ccc(O)c(C)c1,hydration_free_energy,kcal/mol,train,c1ccccc1,-6.010000228881836,-3.048567404355313,-8.1355495583635,2.0384147496528735,scaffold,2033,node_gnn,node_gnn,none,none,721e3c494613d3aa378fb20e47d69b51245b538e
freesolv,303fffa88a746bce,Cc1ccc(O)cc1,hydration_free_energy,kcal/mol,train,c1ccccc1,-6.130000114440918,-2.801353088665168,-7.888335242673355,2.2856290653430187,scaffold,2033,node_gnn,node_gnn,none,none,721e3c494613d3aa378fb20e47d69b51245b538e
freesolv,c7963a073ba52ba9,Cc1ccc(O)cc1C,hydration_free_energy,kcal/mol,train,c1ccccc1,-6.5,-7.585378584627993,-12.67236073863618,-2.498396430619806,scaffold,2033,node_gnn,node_gnn,none,none,721e3c494613d3aa378fb20e47d69b51245b538e
freesolv,204d7c1d632d08ff,Cc1ccc2cc(C)ccc2c1,hydration_free_energy,kcal/mol,test,c1ccc2ccccc2c1,-2.630000114440918,-1.7668812961115408,-6.853863450119727,3.3201008578966458,scaffold,2033,node_gnn,node_gnn,none,none,721e3c494613d3aa378fb20e47d69b51245b538e
freesolv,5777c886aebe8d88,Cc1cccc(C)c1,hydration_free_energy,kcal/mol,train,c1ccccc1,-0.8299999833106995,1.8705238917119282,-3.2164582622962583,6.957506045720114,scaffold,2033,node_gnn,node_gnn,none,none,721e3c494613d3aa378fb20e47d69b51245b538e
freesolv,6c6362cf1ea134cd,Cc1cccc(C)c1C,hydration_free_energy,kcal/mol,train,c1ccccc1,-1.2100000381469727,-4.569794714826612,-9.656776868834799,0.5171874391815745,scaffold,2033,node_gnn,node_gnn,none,none,721e3c494613d3aa378fb20e47d69b51245b538e
freesolv,46065e9d43127bda,Cc1cccc(C)c1N,hydration_free_energy,kcal/mol,train,c1ccccc1,-5.210000038146973,-0.6129104189884389,-5.699892572996625,4.474071735019748,scaffold,2033,node_gnn,node_gnn,none,none,721e3c494613d3aa378fb20e47d69b51245b538e
freesolv,90fe3b9955e6cbdb,Cc1cccc(C)c1O,hydration_free_energy,kcal/mol,train,c1ccccc1,-5.260000228881836,-1.3001426588770082,-6.387124812885195,3.7868394951311783,scaffold,2033,node_gnn,node_gnn,none,none,721e3c494613d3aa378fb20e47d69b51245b538e
freesolv,5c1b4ae8424cac54,Cc1cccc(C)n1,hydration_free_energy,kcal/mol,validation,c1ccncc1,-4.590000152587891,-2.212539404824946,-7.299521558833133,2.8744427491832405,scaffold,2033,node_gnn,node_gnn,none,none,721e3c494613d3aa378fb20e47d69b51245b538e
freesolv,ece8755eefcca82d,Cc1cccc(Nc2ccccc2C(=O)O)c1C,hydration_free_energy,kcal/mol,test,c1ccc(Nc2ccccc2)cc1,-6.78000020980835,-7.837967459968166,-12.924949613976352,-2.750985305959979,scaffold,2033,node_gnn,node_gnn,none,none,721e3c494613d3aa378fb20e47d69b51245b538e
freesolv,4d8ccb9d19efe382,Cc1cccc(O)c1,hydration_free_energy,kcal/mol,train,c1ccccc1,-5.489999771118164,-3.620606628326316,-8.707588782334502,1.4663755256818707,scaffold,2033,node_gnn,node_gnn,none,none,721e3c494613d3aa378fb20e47d69b51245b538e
freesolv,05900ca825c16377,Cc1cccc(O)c1C,hydration_free_energy,kcal/mol,train,c1ccccc1,-6.159999847412109,-0.5843861031334017,-5.671368257141588,4.502596050874785,scaffold,2033,node_gnn,node_gnn,none,none,721e3c494613d3aa378fb20e47d69b51245b538e
freesolv,5e20fb1606241f76,Cc1cccc([N+](=O)[O-])c1,hydration_free_energy,kcal/mol,train,c1ccccc1,-3.450000047683716,-2.5205198021678763,-7.607501956176063,2.5664623518403102,scaffold,2033,node_gnn,node_gnn,none,none,721e3c494613d3aa378fb20e47d69b51245b538e
freesolv,3d2a5a9bdd85ae66,Cc1cccc2ccccc12,hydration_free_energy,kcal/mol,test,c1ccc2ccccc2c1,-2.440000057220459,-1.5112695898364066,-6.598251743844593,3.5757125641717797,scaffold,2033,node_gnn,node_gnn,none,none,721e3c494613d3aa378fb20e47d69b51245b538e
freesolv,4f125c9e2659a314,Cc1ccccc1,hydration_free_energy,kcal/mol,train,c1ccccc1,-0.8999999761581421,-2.6116240380392353,-7.698606192047421,2.4753581159689513,scaffold,2033,node_gnn,node_gnn,none,none,721e3c494613d3aa378fb20e47d69b51245b538e
freesolv,c00af97cfccb1719,Cc1ccccc1C,hydration_free_energy,kcal/mol,train,c1ccccc1,-0.8999999761581421,0.28978632601703636,-4.79719582799115,5.376768480025223,scaffold,2033,node_gnn,node_gnn,none,none,721e3c494613d3aa378fb20e47d69b51245b538e
freesolv,ccb7ce5930753de8,Cc1ccccc1C=O,hydration_free_energy,kcal/mol,train,c1ccccc1,-3.930000066757202,-3.6822138720279476,-8.769196026036134,1.404768281980239,scaffold,2033,node_gnn,node_gnn,none,none,721e3c494613d3aa378fb20e47d69b51245b538e
freesolv,6371bdc9e0fe2c8e,Cc1ccccc1Cl,hydration_free_energy,kcal/mol,train,c1ccccc1,-1.1399999856948853,-5.894068577499084,-10.98105073150727,-0.8070864234908974,scaffold,2033,node_gnn,node_gnn,none,none,721e3c494613d3aa378fb20e47d69b51245b538e
freesolv,9fcb7285eb66a730,Cc1ccccc1N,hydration_free_energy,kcal/mol,train,c1ccccc1,-5.53000020980835,-7.891674011610476,-12.978656165618663,-2.8046918576022897,scaffold,2033,node_gnn,node_gnn,none,none,721e3c494613d3aa378fb20e47d69b51245b538e
freesolv,409664775e84e6ca,Cc1ccccc1O,hydration_free_energy,kcal/mol,train,c1ccccc1,-5.900000095367432,-0.8960425588752363,-5.983024712883423,4.19093959513295,scaffold,2033,node_gnn,node_gnn,none,none,721e3c494613d3aa378fb20e47d69b51245b538e
freesolv,131ca815559de33c,Cc1ccccc1[N+](=O)[O-],hydration_free_energy,kcal/mol,train,c1ccccc1,-3.5799999237060547,-8.535914567529467,-13.622896721537654,-3.4489324135212804,scaffold,2033,node_gnn,node_gnn,none,none,721e3c494613d3aa378fb20e47d69b51245b538e
freesolv,9e03a65773ba0113,Cc1ccccn1,hydration_free_energy,kcal/mol,validation,c1ccncc1,-4.630000114440918,-2.104744041396324,-7.19172619540451,2.9822381126118627,scaffold,2033,node_gnn,node_gnn,none,none,721e3c494613d3aa378fb20e47d69b51245b538e
freesolv,0de8988b53c23a36,Cc1cccnc1,hydration_free_energy,kcal/mol,validation,c1ccncc1,-4.769999980926514,-2.37677720607541,-7.463759360083596,2.7102049479327763,scaffold,2033,node_gnn,node_gnn,none,none,721e3c494613d3aa378fb20e47d69b51245b538e
freesolv,995ffa71ceee0953,Cc1cccnc1C,hydration_free_energy,kcal/mol,validation,c1ccncc1,-4.820000171661377,-2.2162095216150295,-7.303191675623216,2.870772632393157,scaffold,2033,node_gnn,node_gnn,none,none,721e3c494613d3aa378fb20e47d69b51245b538e
freesolv,223487757991e398,Cc1cccs1,hydration_free_energy,kcal/mol,calibration,c1ccsc1,-1.3799999952316284,-1.7974390402090743,-6.884421194217261,3.2895431137991125,scaffold,2033,node_gnn,node_gnn,none,none,721e3c494613d3aa378fb20e47d69b51245b538e
freesolv,eb8e7ab81714406e,Cc1ccnc(C)c1,hydration_free_energy,kcal/mol,validation,c1ccncc1,-4.860000133514404,-2.3230327080238204,-7.410014862032007,2.763949445984366,scaffold,2033,node_gnn,node_gnn,none,none,721e3c494613d3aa378fb20e47d69b51245b538e
freesolv,f8014d3a408f32f1,Cc1ccncc1,hydration_free_energy,kcal/mol,validation,c1ccncc1,-4.929999828338623,-2.6749390199468808,-7.761921173955067,2.4120431340613058,scaffold,2033,node_gnn,node_gnn,none,none,721e3c494613d3aa378fb20e47d69b51245b538e
freesolv,0021d8f1e075cf09,Cc1ccncc1C,hydration_free_energy,kcal/mol,validation,c1ccncc1,-5.21999979019165,-2.4657133538808185,-7.5526955078890055,2.621268800127368,scaffold,2033,node_gnn,node_gnn,none,none,721e3c494613d3aa378fb20e47d69b51245b538e
freesolv,3ce397d40b765988,Cc1cncc(C)c1,hydration_free_energy,kcal/mol,validation,c1ccncc1,-4.840000152587891,-2.291735458310719,-7.378717612318905,2.7952466956974678,scaffold,2033,node_gnn,node_gnn,none,none,721e3c494613d3aa378fb20e47d69b51245b538e
freesolv,c84c66bb702a24a5,Cc1cnccn1,hydration_free_energy,kcal/mol,test,c1cnccn1,-5.510000228881836,-4.5592482093803115,-9.646230363388497,0.527733944627875,scaffold,2033,node_gnn,node_gnn,none,none,721e3c494613d3aa378fb20e47d69b51245b538e
freesolv,98617ccb94c6f2d9,Cc1nc(N(C)C)nc(OC(=O)N(C)C)c1C,hydration_free_energy,kcal/mol,test,c1cncnc1,-9.40999984741211,-9.609810732074044,-14.69679288608223,-4.522828578065857,scaffold,2033,node_gnn,node_gnn,none,none,721e3c494613d3aa378fb20e47d69b51245b538e
freesolv,d00d5844e4fd190b,Cl/C=C/Cl,hydration_free_energy,kcal/mol,train,,-0.7799999713897705,-4.939468134727939,-10.026450288736125,0.14751401928024777,scaffold,2033,node_gnn,node_gnn,none,none,721e3c494613d3aa378fb20e47d69b51245b538e
freesolv,2d79f7bb0f919d3e,Cl/C=C\Cl,hydration_free_energy,kcal/mol,train,,-1.1699999570846558,-7.784797350722293,-12.87177950473048,-2.6978151967141066,scaffold,2033,node_gnn,node_gnn,none,none,721e3c494613d3aa378fb20e47d69b51245b538e
freesolv,57eb58d51da68949,ClC(Cl)(Cl)C(Cl)(Cl)Cl,hydration_free_energy,kcal/mol,train,,-0.6399999856948853,-1.7966048183587666,-6.883586972366953,3.2903773356494197,scaffold,2033,node_gnn,node_gnn,none,none,721e3c494613d3aa378fb20e47d69b51245b538e
freesolv,451a93262591a307,ClC(Cl)(Cl)Cl,hydration_free_energy,kcal/mol,train,,0.07999999821186066,-7.7327061178076075,-12.819688271815794,-2.645723963799421,scaffold,2033,node_gnn,node_gnn,none,none,721e3c494613d3aa378fb20e47d69b51245b538e
freesolv,cff56a18f71b6c9d,ClC(Cl)=C(Cl)Cl,hydration_free_energy,kcal/mol,train,,0.10000000149011612,0.9938663721896019,-4.093115781818584,6.080848526197789,scaffold,2033,node_gnn,node_gnn,none,none,721e3c494613d3aa378fb20e47d69b51245b538e
freesolv,39844b260e442ec8,ClC(Cl)C(Cl)(Cl)Cl,hydration_free_energy,kcal/mol,train,,-1.2300000190734863,-3.7642074746083303,-8.851189628616517,1.3227746793998563,scaffold,2033,node_gnn,node_gnn,none,none,721e3c494613d3aa378fb20e47d69b51245b538e
freesolv,e99f44b2e8cdbde1,ClC(Cl)C(Cl)Cl,hydration_free_energy,kcal/mol,train,,-2.369999885559082,-6.486662672363728,-11.573644826371915,-1.3996805183555416,scaffold,2033,node_gnn,node_gnn,none,none,721e3c494613d3aa378fb20e47d69b51245b538e
freesolv,c05e45a87f5e3de3,ClC(Cl)Cl,hydration_free_energy,kcal/mol,train,,-1.0800000429153442,1.7902073207037348,-3.2967748333044518,6.877189474711921,scaffold,2033,node_gnn,node_gnn,none,none,721e3c494613d3aa378fb20e47d69b51245b538e
freesolv,8474f5ea098cd11d,ClC1=C(Cl)[C@]2(Cl)[C@@H]3[C@@H](Cl)C=C[C@@H]3[C@@]1(Cl)C2(Cl)Cl,hydration_free_energy,kcal/mol,calibration,C1=CC2C3C=CC(C3)C2C1,-2.549999952316284,-7.636982106324471,-12.723964260332657,-2.549999952316284,scaffold,2033,node_gnn,node_gnn,none,none,721e3c494613d3aa378fb20e47d69b51245b538e
freesolv,800b96b699e00f5e,ClC1=C(Cl)[C@]2(Cl)[C@@H]3[C@@H]([C@H](Cl)C[C@@H]3Cl)[C@@]1(Cl)C2(Cl)Cl,hydration_free_energy,kcal/mol,test,C1=CC2CC1C1CCCC21,-3.440000057220459,-8.309952487862438,-13.396934641870624,-3.222970333854251,scaffold,2033,node_gnn,node_gnn,none,none,721e3c494613d3aa378fb20e47d69b51245b538e
freesolv,8d55de7ac9d2f01a,ClC1=C(Cl)[C@]2(Cl)[C@H]3[C@H]4C[C@H]([C@@H]5O[C@H]45)[C@H]3[C@@]1(Cl)C2(Cl)Cl,hydration_free_energy,kcal/mol,calibration,C1=CC2CC1C1C3CC(C4OC34)C21,-4.820000171661377,-14.240163406142484,-19.32714556015067,-9.153181252134297,scaffold,2033,node_gnn,node_gnn,none,none,721e3c494613d3aa378fb20e47d69b51245b538e
freesolv,fabbfc787087f50a,ClC=C(Cl)Cl,hydration_free_energy,kcal/mol,train,,-0.4399999976158142,-1.3124221169196981,-6.399404270927885,3.7745600370884884,scaffold,2033,node_gnn,node_gnn,none,none,721e3c494613d3aa378fb20e47d69b51245b538e
freesolv,df58138ec50f3742,ClCC(Cl)(Cl)Cl,hydration_free_energy,kcal/mol,train,,-1.4299999475479126,-7.690705034838155,-12.777687188846341,-2.6037228808299684,scaffold,2033,node_gnn,node_gnn,none,none,721e3c494613d3aa378fb20e47d69b51245b538e
freesolv,372630505bbbf500,ClCC(Cl)Cl,hydration_free_energy,kcal/mol,train,,-1.9900000095367432,-2.498322101399883,-7.58530425540807,2.5886600526083035,scaffold,2033,node_gnn,node_gnn,none,none,721e3c494613d3aa378fb20e47d69b51245b538e
freesolv,947bdf8b981c551d,ClCCBr,hydration_free_energy,kcal/mol,train,,-1.9500000476837158,-1.3246132996313285,-6.411595453639515,3.762368854376858,scaffold,2033,node_gnn,node_gnn,none,none,721e3c494613d3aa378fb20e47d69b51245b538e
freesolv,8ef9c8d30a109454,ClCCCCCl,hydration_free_energy,kcal/mol,train,,-2.319999933242798,-8.565893029731665,-13.652875183739852,-3.4789108757234786,scaffold,2033,node_gnn,node_gnn,none,none,721e3c494613d3aa378fb20e47d69b51245b538e
freesolv,3de4ce097f03cac7,ClCCCCl,hydration_free_energy,kcal/mol,train,,-1.8899999856948853,-0.8538038115529316,-5.940785965561118,4.233178342455255,scaffold,2033,node_gnn,node_gnn,none,none,721e3c494613d3aa378fb20e47d69b51245b538e
freesolv,c5a6e0db31e85253,ClCCCl,hydration_free_energy,kcal/mol,train,,-1.7899999618530273,-4.547032860797509,-9.634015014805694,0.539949293210678,scaffold,2033,node_gnn,node_gnn,none,none,721e3c494613d3aa378fb20e47d69b51245b538e
freesolv,033cbc65185d3a9b,ClCCOCCCl,hydration_free_energy,kcal/mol,train,,-4.230000019073486,-1.318612574298711,-6.405594728306897,3.768369579709476,scaffold,2033,node_gnn,node_gnn,none,none,721e3c494613d3aa378fb20e47d69b51245b538e
freesolv,f161bdf0f763ae6e,ClCCl,hydration_free_energy,kcal/mol,train,,-1.309999942779541,-6.320341962750247,-11.407324116758433,-1.23335980874206,scaffold,2033,node_gnn,node_gnn,none,none,721e3c494613d3aa378fb20e47d69b51245b538e
freesolv,4e8dd2d13fb39aaa,ClCc1ccccc1,hydration_free_energy,kcal/mol,train,c1ccccc1,-1.9299999475479126,-2.6318408863133778,-7.718823040321564,2.455141267694809,scaffold,2033,node_gnn,node_gnn,none,none,721e3c494613d3aa378fb20e47d69b51245b538e
freesolv,79ee4896526f4503,Clc1c(Cl)c(Cl)c(-c2c(Cl)c(Cl)c(Cl)c(Cl)c2Cl)c(Cl)c1Cl,hydration_free_energy,kcal/mol,calibration,c1ccc(-c2ccccc2)cc1,-2.9800000190734863,-1.5949042747591349,-6.681886428767322,3.4920778792490514,scaffold,2033,node_gnn,node_gnn,none,none,721e3c494613d3aa378fb20e47d69b51245b538e
freesolv,ccec5e12da7518ad,Clc1c(Cl)c(Cl)c(Cl)c(Cl)c1Cl,hydration_free_energy,kcal/mol,train,c1ccccc1,-2.3299999237060547,-2.0025872148096484,-7.089569368817835,3.084394939198538,scaffold,2033,node_gnn,node_gnn,none,none,721e3c494613d3aa378fb20e47d69b51245b538e
freesolv,a28bd5d295e9e627,Clc1c(Cl)c(Cl)c2c(c1Cl)Oc1c(Cl)c(Cl)c(Cl)c(Cl)c1O2,hydration_free_energy,kcal/mol,test,c1ccc2c(c1)Oc1ccccc1O2,-4.53000020980835,-4.043856383770744,-9.130838537778931,1.0431257702374426,scaffold,2033,node_gnn,node_gnn,none,none,721e3c494613d3aa378fb20e47d69b51245b538e
freesolv,ba13b193f5d8afe1,Clc1c(Cl)c(Cl)c2c(c1Cl)Oc1ccccc1O2,hydration_free_energy,kcal/mol,test,c1ccc2c(c1)Oc1ccccc1O2,-3.809999942779541,-4.676556737615183,-9.76353889162337,0.4104254163930037,scaffold,2033,node_gnn,node_gnn,none,none,721e3c494613d3aa378fb20e47d69b51245b538e
freesolv,e13c6cd035a12545,Clc1cc(-c2c(Cl)cc(Cl)c(Cl)c2Cl)c(Cl)c(Cl)c1Cl,hydration_free_energy,kcal/mol,calibration,c1ccc(-c2ccccc2)cc1,-4.610000133514404,-1.6444125555095817,-6.731394709517768,3.442569598498605,scaffold,2033,node_gnn,node_gnn,none,none,721e3c494613d3aa378fb20e47d69b51245b538e
freesolv,6fbc2c7ce9f24b3a,Clc1cc(-c2cc(Cl)c(Cl)c(Cl)c2Cl)cc(Cl)c1Cl,hydration_free_energy,kcal/mol,calibration,c1ccc(-c2ccccc2)cc1,-3.1700000762939453,-1.6610085174667315,-6.747990671474918,3.425973636541455,scaffold,2033,node_gnn,node_gnn,none,none,721e3c494613d3aa378fb20e47d69b51245b538e
freesolv,4e1bfcb593ab9c04,Clc1cc(-c2ccccc2)c(Cl)c(Cl)c1Cl,hydration_free_energy,kcal/mol,calibration,c1ccc(-c2ccccc2)cc1,-3.4800000190734863,-1.6789617625684088,-6.765943916576595,3.408020391439778,scaffold,2033,node_gnn,node_gnn,none,none,721e3c494613d3aa378fb20e47d69b51245b538e
freesolv,0deab88349fa7629,Clc1cc(Cl)c(-c2c(Cl)cccc2Cl)c(Cl)c1,hydration_free_energy,kcal/mol,calibration,c1ccc(-c2ccccc2)cc1,-1.9600000381469727,-1.8117929685316652,-6.898775122539852,3.2751891854765214,scaffold,2033,node_gnn,node_gnn,none,none,721e3c494613d3aa378fb20e47d69b51245b538e
freesolv,04794cb48c3fc005,Clc1cc(Cl)c(-c2ccccc2)c(Cl)c1,hydration_free_energy,kcal/mol,calibration,c1ccc(-c2ccccc2)cc1,-2.1600000858306885,-1.759480448135499,-6.846462602143686,3.3275017058726872,scaffold,2033,node_gnn,node_gnn,none,none,721e3c494613d3aa378fb20e47d69b51245b538e
freesolv,19ca7acd0f10b4d1,Clc1cc(Cl)c(Cl)c(Cl)c1,hydration_free_energy,kcal/mol,train,c1ccccc1,-1.6200000047683716,-6.5851567717242325,-11.672138925732419,-1.498174617716046,scaffold,2033,node_gnn,node_gnn,none,none,721e3c494613d3aa378fb20e47d69b51245b538e
freesolv,60f7d335311cdf71,Clc1cc(Cl)c(Cl)cc1Cl,hydration_free_energy,kcal/mol,train,c1ccccc1,-1.340000033378601,-4.2616638799426845,-9.348646033950871,0.8253182740655021,scaffold,2033,node_gnn,node_gnn,none,none,721e3c494613d3aa378fb20e47d69b51245b538e
freesolv,b172d409ecb64ee0,Clc1cc(Cl)c2c(c1Cl)Oc1ccccc1O2,hydration_free_energy,kcal/mol,test,c1ccc2c(c1)Oc1ccccc1O2,-4.050000190734863,-5.062892425830927,-10.149874579839114,0.02408972817725985,scaffold,2033,node_gnn,node_gnn,none,none,721e3c494613d3aa378fb20e47d69b51245b538e
freesolv,aa9841fac0aef1b2,Clc1cc(Cl)cc(Cl)c1,hydration_free_energy,kcal/mol,train,c1ccccc1,-0.7799999713897705,-1.0733333756933376,-6.160315529701524,4.013648778314849,scaffold,2033,node_gnn,node_gnn,none,none,721e3c494613d3aa378fb20e47d69b51245b538e
freesolv,43fd33f418137c4f,Clc1cc2c(cc1Cl)Oc1c(Cl)c(Cl)c(Cl)c(Cl)c1O2,hydration_free_energy,kcal/mol,test,c1ccc2c(c1)Oc1ccccc1O2,-3.7100000381469727,-4.430154624872067,-9.517136778880253,0.6568275291361196,scaffold,2033,node_gnn,node_gnn,none,none,721e3c494613d3aa378fb20e47d69b51245b538e
freesolv,6397b4e582e915d9,Clc1cc2c(cc1Cl)Oc1cc(Cl)c(Cl)cc1O2,hydration_free_energy,kcal/mol,test,c1ccc2c(c1)Oc1ccccc1O2,-3.369999885559082,-5.015561470101321,-10.102543624109508,0.07142068390686518,scaffold,2033,node_gnn,node_gnn,none,none,721e3c494613d3aa378fb20e47d69b51245b538e
freesolv,16993358a556f1c5,Clc1cc2c(cc1Cl)Oc1ccccc1O2,hydration_free_energy,kcal/mol,test,c1ccc2c(c1)Oc1ccccc1O2,-3.559999942779541,-5.340032428256681,-10.427014582264867,-0.25305027424849413,scaffold,2033,node_gnn,node_gnn,none,none,721e3c494613d3aa378fb20e47d69b51245b538e
freesolv,20936773c94dd64a,Clc1ccc(-c2c(Cl)c(Cl)cc(Cl)c2Cl)cc1Cl,hydration_free_energy,kcal/mol,calibration,c1ccc(-c2ccccc2)cc1,-4.380000114440918,-1.7654458233921042,-6.852427977400291,3.321536330616082,scaffold,2033,node_gnn,node_gnn,none,none,721e3c494613d3aa378fb20e47d69b51245b538e
freesolv,319dd799287910b3,Clc1ccc(-c2cc(Cl)c(Cl)c(Cl)c2Cl)c(Cl)c1Cl,hydration_free_energy,kcal/mol,calibration,c1ccc(-c2ccccc2)cc1,-4.400000095367432,-1.6987287461746514,-6.785710900182838,3.388253407833535,scaffold,2033,node_gnn,node_gnn,none,none,721e3c494613d3aa378fb20e47d69b51245b538e
freesolv,a85bed87f9eca383,Clc1ccc(-c2cc(Cl)c(Cl)c(Cl)c2Cl)cc1Cl,hydration_free_energy,kcal/mol,calibration,c1ccc(-c2ccccc2)cc1,-3.0399999618530273,-1.7493510536143526,-6.836333207622539,3.3376311003938337,scaffold,2033,node_gnn,node_gnn,none,none,721e3c494613d3aa378fb20e47d69b51245b538e
freesolv,6db47ce14110b8af,Clc1ccc(Cl)c(-c2cc(Cl)c(Cl)c(Cl)c2)c1,hydration_free_energy,kcal/mol,calibration,c1ccc(-c2ccccc2)cc1,-3.609999895095825,-1.8277960677733163,-6.914778221781503,3.2591860862348705,scaffold,2033,node_gnn,node_gnn,none,none,721e3c494613d3aa378fb20e47d69b51245b538e
freesolv,24197958a25d4719,Clc1ccc(Cl)c(-c2ccccc2)c1,hydration_free_energy,kcal/mol,calibration,c1ccc(-c2ccccc2)cc1,-2.4600000381469727,-1.791681371613786,-6.878663525621972,3.2953007823944005,scaffold,2033,node_gnn,node_gnn,none,none,721e3c494613d3aa378fb20e47d69b51245b538e
freesolv,0ef4c04d56b370af,Clc1ccc(Cl)c(Cl)c1,hydration_free_energy,kcal/mol,train,c1ccccc1,-1.1200000047683716,-1.8124747057320543,-6.899456859740241,3.2745074482761325,scaffold,2033,node_gnn,node_gnn,none,none,721e3c494613d3aa378fb20e47d69b51245b538e
freesolv,23c0e090ee47408a,Clc1ccc(Cl)c(Cl)c1Cl,hydration_free_energy,kcal/mol,train,c1ccccc1,-1.340000033378601,-3.2589444818131925,-8.345926635821378,1.828037672194994,scaffold,2033,node_gnn,node_gnn,none,none,721e3c494613d3aa378fb20e47d69b51245b538e
freesolv,7d123d1b480ae7d0,Clc1ccc(Cl)cc1,hydration_free_energy,kcal/mol,train,c1ccccc1,-1.0099999904632568,0.5274107352811135,-4.559571418727073,5.6143928892893005,scaffold,2033,node_gnn,node_gnn,none,none,721e3c494613d3aa378fb20e47d69b51245b538e
freesolv,885ce1f8c2708f29,Clc1ccc2c(c1)Oc1c(Cl)c(Cl)c(Cl)c(Cl)c1O2,hydration_free_energy,kcal/mol,test,c1ccc2c(c1)Oc1ccccc1O2,-4.150000095367432,-4.755989856299978,-9.842972010308165,0.3309922977082085,scaffold,2033,node_gnn,node_gnn,none,none,721e3c494613d3aa378fb20e47d69b51245b538e
freesolv,74dd2e07b6c4a121,Clc1ccc2c(c1)Oc1cc(Cl)c(Cl)c(Cl)c1O2,hydration_free_energy,kcal/mol,test,c1ccc2c(c1)Oc1ccccc1O2,-3.8399999141693115,-5.069478524456159,-10.156460678464345,0.01750362955202789,scaffold,2033,node_gnn,node_gnn,none,none,721e3c494613d3aa378fb20e47d69b51245b538e
freesolv,cd4e7053a74ca64b,Clc1ccc2c(c1)Oc1ccc(Cl)cc1O2,hydration_free_energy,kcal/mol,test,c1ccc2c(c1)Oc1ccccc1O2,-3.6700000762939453,-6.022974327281398,-11.109956481289585,-0.9359921732732115,scaffold,2033,node_gnn,node_gnn,none,none,721e3c494613d3aa378fb20e47d69b51245b538e
freesolv,2bd39b933f024feb,Clc1ccc2c(c1)Oc1ccccc1O2,hydration_free_energy,kcal/mol,test,c1ccc2c(c1)Oc1ccccc1O2,-3.0999999046325684,-5.798545681985127,-10.885527835993313,-0.7115635279769403,scaffold,2033,node_gnn,node_gnn,none,none,721e3c494613d3aa378fb20e47d69b51245b538e
freesolv,566718c24572a00b,Clc1cccc(Cl)c1,hydration_free_energy,kcal/mol,train,c1ccccc1,-0.9800000190734863,-5.60420035081143,-10.691182504819617,-0.5172181968032437,scaffold,2033,node_gnn,node_gnn,none,none,721e3c494613d3aa378fb20e47d69b51245b538e
freesolv,f2cab0904fd16aa2,Clc1cccc(Cl)c1-c1c(Cl)cccc1Cl,hydration_free_energy,kcal/mol,calibration,c1ccc(-c2ccccc2)cc1,-2.2799999713897705,-1.8673537015621149,-6.954335855570301,3.219628452446072,scaffold,2033,node_gnn,node_gnn,none,none,721e3c494613d3aa378fb20e47d69b51245b538e
freesolv,1ad603575e0ebfa7,Clc1cccc(Cl)c1Cl,hydration_free_energy,kcal/mol,train,c1ccccc1,-1.2400000095367432,0.8424681878840663,-4.244513966124121,5.929450341892252,scaffold,2033,node_gnn,node_gnn,none,none,721e3c494613d3aa378fb20e47d69b51245b538e
freesolv,785e578bba1163db,Clc1cccc2c1Oc1ccccc1O2,hydration_free_energy,kcal/mol,test,c1ccc2c(c1)Oc1ccccc1O2,-3.5199999809265137,-5.540909734492901,-10.627891888501088,-0.4539275804847147,scaffold,2033,node_gnn,node_gnn,none,none,721e3c494613d3aa378fb20e47d69b51245b538e
freesolv,69ec888ea256144d,Clc1ccccc1,hydration_free_energy,kcal/mol,train,c1ccccc1,-1.1200000047683716,-2.4124496268488964,-7.499431780857083,2.67453252715929,scaffold,2033,node_gnn,node_gnn,none,none,721e3c494613d3aa378fb20e47d69b51245b538e
freesolv,2ec9810d47af9e60,Clc1ccccc1-c1ccccc1,hydration_free_energy,kcal/mol,calibration,c1ccc(-c2ccccc2)cc1,-2.690000057220459,-1.443441082262966,-6.530423236271153,3.6435410717452203,scaffold,2033,node_gnn,node_gnn,none,none,721e3c494613d3aa378fb20e47d69b51245b538e
freesolv,39661093e01fca7b,Clc1ccccc1Cl,hydration_free_energy,kcal/mol,train,c1ccccc1,-1.3600000143051147,-7.324284920378673,-12.41126707438686,-2.2373027663704868,scaffold,2033,node_gnn,node_gnn,none,none,721e3c494613d3aa378fb20e47d69b51245b538e
freesolv,4379d39c87f9b6f0,Clc1ccccn1,hydration_free_energy,kcal/mol,validation,c1ccncc1,-4.389999866485596,-2.448530071381104,-7.53551222538929,2.6384520826270825,scaffold,2033,node_gnn,node_gnn,none,none,721e3c494613d3aa378fb20e47d69b51245b538e
freesolv,78ea6fc26ce7e63c,Clc1cccnc1,hydration_free_energy,kcal/mol,validation,c1ccncc1,-4.010000228881836,-2.7642294174547026,-7.851211571462889,2.322752736553484,scaffold,2033,node_gnn,node_gnn,none,none,721e3c494613d3aa378fb20e47d69b51245b538e
freesolv,7baedb0930499b12,Cn1c(=O)c2c(ncn2C)n(C)c1=O,hydration_free_energy,kcal/mol,validation,O=c1[nH]c(=O)c2[nH]cnc2[nH]1,-12.640000343322754,-11.879149005006873,-16.96613115901506,-6.7921668509986866,scaffold,2033,node_gnn,node_gnn,none,none,721e3c494613d3aa378fb20e47d69b51245b538e
freesolv,6432ca91307da26e,Cn1cccc1,hydration_free_energy,kcal/mol,test,c1cc[nH]c1,-2.890000104904175,-3.2163661390925835,-8.30334829310077,1.870616014915603,scaffold,2033,node_gnn,node_gnn,none,none,721e3c494613d3aa378fb20e47d69b51245b538e
freesolv,a9d61a9eba10cf50,Cn1ccnc1,hydration_free_energy,kcal/mol,calibration,c1c[nH]cn1,-8.40999984741211,-6.231437120732494,-11.31841927474068,-1.1444549667243074,scaffold,2033,node_gnn,node_gnn,none,none,721e3c494613d3aa378fb20e47d69b51245b538e
freesolv,908ab04466374d9d,FC(F)(Cl)C(F)(Cl)Cl,hydration_free_energy,kcal/mol,train,,1.7699999809265137,1.6847446628560543,-3.4022374911521323,6.771726816864241,scaffold,2033,node_gnn,node_gnn,none,none,721e3c494613d3aa378fb20e47d69b51245b538e
freesolv,f39816aba1ecf31f,FC(F)(F)Br,hydration_free_energy,kcal/mol,train,,1.7899999618530273,-4.487705547210229,-9.574687701218416,0.5992766067979574,scaffold,2033,node_gnn,node_gnn,none,none,721e3c494613d3aa378fb20e47d69b51245b538e
freesolv,d47c13a6f52d42a9,FC(F)(F)CCl,hydration_free_energy,kcal/mol,train,,0.05999999865889549,-7.64450907618188,-12.731491230190066,-2.557526922173693,scaffold,2033,node_gnn,node_gnn,none,none,721e3c494613d3aa378fb20e47d69b51245b538e
freesolv,4f805e6dc0bb19f3,FC(F)(F)F,hydration_free_energy,kcal/mol,train,,3.119999885559082,-2.1079928531844385,-7.194975007192625,2.978989300823748,scaffold,2033,node_gnn,node_gnn,none,none,721e3c494613d3aa378fb20e47d69b51245b538e
freesolv,e087d5496692127a,FC(F)(F)[C@H](Cl)Br,hydration_free_energy,kcal/mol,train,,-0.10999999940395355,-3.9174890989807385,-9.004471252988925,1.169493055027448,scaffold,2033,node_gnn,node_gnn,none,none,721e3c494613d3aa378fb20e47d69b51245b538e
freesolv,e66e31556faf8723,FC(F)(F)c1cccc(C(F)(F)F)c1,hydration_free_energy,kcal/mol,train,c1ccccc1,1.0700000524520874,-4.50001466336754,-9.586996817375727,0.5869674906406468,scaffold,2033,node_gnn,node_gnn,none,none,721e3c494613d3aa378fb20e47d69b51245b538e
freesolv,dcb976b5c332cdf8,FC(F)(F)c1ccccc1,hydration_free_energy,kcal/mol,train,c1ccccc1,-0.25,-2.9394673709779235,-8.02644952498611,2.147514783030263,scaffold,2033,node_gnn,node_gnn,none,none,721e3c494613d3aa378fb20e47d69b51245b538e
freesolv,e0c64c9ec3b5247b,FC(F)(F)c1ccccc1C(F)(F)F,hydration_free_energy,kcal/mol,train,c1ccccc1,1.0700000524520874,-6.2072988106362805,-11.294280964644468,-1.120316656628094,scaffold,2033,node_gnn,node_gnn,none,none,721e3c494613d3aa378fb20e47d69b51245b538e
freesolv,8c9c04ac1860cd6f,FC(F)=C(F)C(F)(F)F,hydration_free_energy,kcal/mol,train,,2.930000066757202,1.0581260199703508,-4.028856134037836,6.145108173978537,scaffold,2033,node_gnn,node_gnn,none,none,721e3c494613d3aa378fb20e47d69b51245b538e
freesolv,23594d220c24abf8,FC(F)Cl,hydration_free_energy,kcal/mol,train,,-0.5,1.1711815545968194,-3.915800599411367,6.2581637086050055,scaffold,2033,node_gnn,node_gnn,none,none,721e3c494613d3aa378fb20e47d69b51245b538e
freesolv,d7ca7e6b994e166f,FC(F)O[C@H](Cl)C(F)(F)F,hydration_free_energy,kcal/mol,train,,0.10000000149011612,-6.859973055876505,-11.946955209884692,-1.7729909018683188,scaffold,2033,node_gnn,node_gnn,none,none,721e3c494613d3aa378fb20e47d69b51245b538e
freesolv,2c8bdbcd792f5b63,FC(F)[C@@H](F)Oc1ccccc1,hydration_free_energy,kcal/mol,train,c1ccccc1,-1.2899999618530273,-1.619171702505869,-6.706153856514056,3.4678104515023174,scaffold,2033,node_gnn,node_gnn,none,none,721e3c494613d3aa378fb20e47d69b51245b538e
freesolv,96ea3ef9f2b367bd,FC1(F)C(F)(F)C(F)(F)C1(F)F,hydration_free_energy,kcal/mol,calibration,C1CCC1,3.430000066757202,1.9044040436597833,-3.182578110348403,6.991386197667969,scaffold,2033,node_gnn,node_gnn,none,none,721e3c494613d3aa378fb20e47d69b51245b538e
freesolv,8fdbbf5493dc7312,FCCl,hydration_free_energy,kcal/mol,train,,-0.7699999809265137,-0.48222658035448784,-5.569208734362674,4.604755573653699,scaffold,2033,node_gnn,node_gnn,none,none,721e3c494613d3aa378fb20e47d69b51245b538e
freesolv,364f4509284cca15,F[C@H](Br)C(F)(F)F,hydration_free_energy,kcal/mol,train,,0.5,-3.584521640210892,-8.671503794219078,1.5024605137972946,scaffold,2033,node_gnn,node_gnn,none,none,721e3c494613d3aa378fb20e47d69b51245b538e
freesolv,7609d49f5493dda8,Fc1ccccc1,hydration_free_energy,kcal/mol,train,c1ccccc1,-0.800000011920929,-4.095514827901706,-9.182496981909892,0.9914673261064806,scaffold,2033,node_gnn,node_gnn,none,none,721e3c494613d3aa378fb20e47d69b51245b538e
freesolv,2831ad6342d46d4c,ICI,hydration_free_energy,kcal/mol,train,,-2.490000009536743,-6.997611872177469,-12.084594026185655,-1.9106297181692824,scaffold,2033,node_gnn,node_gnn,none,none,721e3c494613d3aa378fb20e47d69b51245b538e
freesolv,768ab540d7f6bbaf,Ic1ccccc1,hydration_free_energy,kcal/mol,train,c1ccccc1,-1.7400000095367432,-4.019681824867772,-9.106663978875957,1.0673003291404148,scaffold,2033,node_gnn,node_gnn,none,none,721e3c494613d3aa378fb20e47d69b51245b538e
freesolv,690a85bfd005509d,N,hydration_free_energy,kcal/mol,train,,-4.289999961853027,-3.3972808255144593,-8.484262979522645,1.6897013284937272,scaffold,2033,node_gnn,node_gnn,none,none,721e3c494613d3aa378fb20e47d69b51245b538e
freesolv,ed84655a813c2ca5,N#Cc1c(Cl)cccc1Cl,hydration_free_energy,kcal/mol,train,c1ccccc1,-4.710000038146973,-1.1402612552002327,-6.22724340920842,3.946720898807954,scaffold,2033,node_gnn,node_gnn,none,none,721e3c494613d3aa378fb20e47d69b51245b538e
freesolv,51d65559d6656ecd,N#Cc1ccc(O)cc1,hydration_free_energy,kcal/mol,train,c1ccccc1,-10.170000076293945,-3.8060299098772554,-8.893012063885442,1.2809522441309311,scaffold,2033,node_gnn,node_gnn,none,none,721e3c494613d3aa378fb20e47d69b51245b538e
freesolv,93f80fc3639971e8,N#Cc1cccc(O)c1,hydration_free_energy,kcal/mol,train,c1ccccc1,-9.649999618530273,-5.639448171236879,-10.726430325245065,-0.5524660172286922,scaffold,2033,node_gnn,node_gnn,none,none,721e3c494613d3aa378fb20e47d69b51245b538e
freesolv,9cb88318f4e0cbfd,N#Cc1ccccc1,hydration_free_energy,kcal/mol,train,c1ccccc1,-4.099999904632568,1.7597147845147778,-3.3272673694934087,6.846696938522964,scaffold,2033,node_gnn,node_gnn,none,none,721e3c494613d3aa378fb20e47d69b51245b538e
freesolv,ba3caebef2925f4d,N#Cc1cccnc1,hydration_free_energy,kcal/mol,validation,c1ccncc1,-6.75,-6.002499643142102,-11.089481797150288,-0.9155174891339151,scaffold,2033,node_gnn,node_gnn,none,none,721e3c494613d3aa378fb20e47d69b51245b538e
freesolv,65eaf74ac87f48c4,N#Cc1ccncc1,hydration_free_energy,kcal/mol,validation,c1ccncc1,-6.019999980926514,-6.352611189765236,-11.439593343773423,-1.2656290357570494,scaffold,2033,node_gnn,node_gnn,none,none,721e3c494613d3aa378fb20e47d69b51245b538e
freesolv,8c4e0b39823a21e5,NC(=O)c1ccccc1,hydration_free_energy,kcal/mol,train,c1ccccc1,-11.0,1.2781249212781556,-3.808857232730031,6.365107075286343,scaffold,2033,node_gnn,node_gnn,none,none,721e3c494613d3aa378fb20e47d69b51245b538e
freesolv,08f91f035163f756,NC1CCCCC1,hydration_free_energy,kcal/mol,calibration,C1CCCCC1,-4.590000152587891,-6.677601814009774,-11.764583968017961,-1.5906196600015878,scaffold,2033,node_gnn,node_gnn,none,none,721e3c494613d3aa378fb20e47d69b51245b538e
freesolv,24598c90512c15fe,NN,hydration_free_energy,kcal/mol,train,,-9.300000190734863,-0.7556088896719011,-5.842591043680088,4.3313732643362854,scaffold,2033,node_gnn,node_gnn,none,none,721e3c494613d3aa378fb20e47d69b51245b538e
freesolv,79ea9304963003ea,Nc1ccc(Cl)cc1,hydration_free_energy,kcal/mol,train,c1ccccc1,-5.900000095367432,-2.7681595170778333,-7.85514167108602,2.3188226369303533,scaffold,2033,node_gnn,node_gnn,none,none,721e3c494613d3aa378fb20e47d69b51245b538e
freesolv,cec2f5b1aa5dde8d,Nc1ccc(N)c2c1C(=O)c1ccccc1C2=O,hydration_free_energy,kcal/mol,test,O=C1c2ccccc2C(=O)c2ccccc21,-11.850000381469727,-10.736810300071339,-15.823792454079525,-5.649828146063152,scaffold,2033,node_gnn,node_gnn,none,none,721e3c494613d3aa378fb20e47d69b51245b538e
freesolv,6021efa297cbff65,Nc1ccc(O)c2c1C(=O)c1ccccc1C2=O,hydration_free_energy,kcal/mol,test,O=C1c2ccccc2C(=O)c2ccccc21,-9.529999732971191,-11.108413494602447,-16.195395648610635,-6.02143134059426,scaffold,2033,node_gnn,node_gnn,none,none,721e3c494613d3aa378fb20e47d69b51245b538e
freesolv,60b8f7cdcc4cc001,Nc1ccc([N+](=O)[O-])cc1,hydration_free_energy,kcal/mol,train,c1ccccc1,-9.819999694824219,-0.698740802982817,-5.785722956991004,4.3882413510253695,scaffold,2033,node_gnn,node_gnn,none,none,721e3c494613d3aa378fb20e47d69b51245b538e
freesolv,6dbfb544dc921040,Nc1ccc2c(c1)C(=O)c1ccccc1C2=O,hydration_free_energy,kcal/mol,test,O=C1c2ccccc2C(=O)c2ccccc21,-11.529999732971191,-10.068242500881512,-15.155224654889698,-4.981260346873325,scaffold,2033,node_gnn,node_gnn,none,none,721e3c494613d3aa378fb20e47d69b51245b538e
freesolv,151a28867ddf1a05,Nc1ccc2ccccc2c1,hydration_free_energy,kcal/mol,test,c1ccc2ccccc2c1,-7.46999979019165,-5.981936284235859,-11.068918438244046,-0.8949541302276725,scaffold,2033,node_gnn,node_gnn,none,none,721e3c494613d3aa378fb20e47d69b51245b538e
freesolv,085acb392fb3c214,Nc1cccc(Cl)c1,hydration_free_energy,kcal/mol,train,c1ccccc1,-5.820000171661377,-6.317092152372415,-11.4040743063806,-1.2301099983642283,scaffold,2033,node_gnn,node_gnn,none,none,721e3c494613d3aa378fb20e47d69b51245b538e
freesolv,e1aa0c9f03e27245,Nc1cccc([N+](=O)[O-])c1,hydration_free_energy,kcal/mol,train,c1ccccc1,-8.84000015258789,-1.678042361015167,-6.765024515023353,3.40893979299302,scaffold,2033,node_gnn,node_gnn,none,none,721e3c494613d3aa378fb20e47d69b51245b538e
freesolv,77fa39daade7a2ed,Nc1cccc2c1C(=O)c1ccccc1C2=O,hydration_free_energy,kcal/mol,test,O=C1c2ccccc2C(=O)c2ccccc21,-9.4399995803833,-9.944619490424667,-15.031601644432854,-4.857637336416481,scaffold,2033,node_gnn,node_gnn,none,none,721e3c494613d3aa378fb20e47d69b51245b538e
freesolv,c7df2333181b5728,Nc1cccc2ccccc12,hydration_free_energy,kcal/mol,test,c1ccc2ccccc2c1,-7.28000020980835,-5.758894080903877,-10.845876234912064,-0.6719119268956906,scaffold,2033,node_gnn,node_gnn,none,none,721e3c494613d3aa378fb20e47d69b51245b538e
freesolv,8df927d11f3ed1df,Nc1ccccc1,hydration_free_energy,kcal/mol,train,c1ccccc1,-5.489999771118164,-4.310697431141257,-9.397679585149444,0.7762847228669294,scaffold,2033,node_gnn,node_gnn,none,none,721e3c494613d3aa378fb20e47d69b51245b538e
freesolv,47d345a94a412d55,Nc1ccccc1Cl,hydration_free_energy,kcal/mol,train,c1ccccc1,-4.909999847412109,1.8558234527572366,-3.23115870125095,6.942805606765424,scaffold,2033,node_gnn,node_gnn,none,none,721e3c494613d3aa378fb20e47d69b51245b538e
freesolv,793b8d33b3567aa6,Nc1ccccc1[N+](=O)[O-],hydration_free_energy,kcal/mol,train,c1ccccc1,-7.369999885559082,1.027359071326924,-4.059623082681263,6.11434122533511,scaffold,2033,node_gnn,node_gnn,none,none,721e3c494613d3aa378fb20e47d69b51245b538e
freesolv,e735fff07d370f67,Nc1cnn(-c2ccccc2)c(=O)c1Cl,hydration_free_energy,kcal/mol,validation,O=c1cccnn1-c1ccccc1,-16.43000030517578,-8.59055220422472,-13.677534358232906,-3.503570050216533,scaffold,2033,node_gnn,node_gnn,none,none,721e3c494613d3aa378fb20e47d69b51245b538e
freesolv,3085b87749974b25,O=C(O)c1cc(-c2ccc(F)cc2F)ccc1O,hydration_free_energy,kcal/mol,calibration,c1ccc(-c2ccccc2)cc1,-9.399999618530273,-7.6592131100595555,-12.746195264067742,-2.572230956051369,scaffold,2033,node_gnn,node_gnn,none,none,721e3c494613d3aa378fb20e47d69b51245b538e
freesolv,ac7b3ba276fd0c1f,O=C1C=CC(=O)C=C1,hydration_free_energy,kcal/mol,calibration,O=C1C=CC(=O)C=C1,-6.5,-10.570876643832502,-15.657858797840689,-5.483894489824316,scaffold,2033,node_gnn,node_gnn,none,none,721e3c494613d3aa378fb20e47d69b51245b538e
freesolv,efaecaee941d65ec,O=C1CCCC1,hydration_free_energy,kcal/mol,validation,O=C1CCCC1,-4.699999809265137,-6.804790189195296,-11.891772343203483,-1.71780803518711,scaffold,2033,node_gnn,node_gnn,none,none,721e3c494613d3aa378fb20e47d69b51245b538e
freesolv,a257b754cb4a6804,O=C1CCCCC1,hydration_free_energy,kcal/mol,test,O=C1CCCCC1,-4.909999847412109,-6.207121860538274,-11.29410401454646,-1.1201397065300878,scaffold,2033,node_gnn,node_gnn,none,none,721e3c494613d3aa378fb20e47d69b51245b538e
freesolv,5d150ad954af7bcd,O=C1NC(=O)c2ccccc21,hydration_free_energy,kcal/mol,validation,O=C1NC(=O)c2ccccc21,-9.609999656677246,-12.680474913392606,-17.76745706740079,-7.59349275938442,scaffold,2033,node_gnn,node_gnn,none,none,721e3c494613d3aa378fb20e47d69b51245b538e
freesolv,bcdd6b15f2dd6f08,O=C1[C@@H]2CC=CC[C@H]2C(=O)N1SC(Cl)(Cl)Cl,hydration_free_energy,kcal/mol,calibration,O=C1NC(=O)C2CC=CCC12,-9.010000228881836,-13.180368926157765,-18.26735108016595,-8.093386772149579,scaffold,2033,node_gnn,node_gnn,none,none,721e3c494613d3aa378fb20e47d69b51245b538e
freesolv,a06e4a64d1733212,O=C1c2ccccc2C(=O)c2c(NCCO)cccc21,hydration_free_energy,kcal/mol,test,O=C1c2ccccc2C(=O)c2ccccc21,-14.210000038146973,-9.970738603085247,-15.057720757093433,-4.88375644907706,scaffold,2033,node_gnn,node_gnn,none,none,721e3c494613d3aa378fb20e47d69b51245b538e
freesolv,373fcfa90050910c,O=COc1ccccc1,hydration_free_energy,kcal/mol,train,c1ccccc1,-3.819999933242798,-3.089567700709517,-8.176549854717702,1.9974144532986697,scaffold,2033,node_gnn,node_gnn,none,none,721e3c494613d3aa378fb20e47d69b51245b538e
freesolv,0834789a38b4d862,O=Cc1ccc(O)cc1,hydration_free_energy,kcal/mol,train,c1ccccc1,-8.829999923706055,-1.2095901438247714,-6.296572297832958,3.8773920101834154,scaffold,2033,node_gnn,node_gnn,none,none,721e3c494613d3aa378fb20e47d69b51245b538e
freesolv,cdcde67484b661eb,O=Cc1cccc(O)c1,hydration_free_energy,kcal/mol,train,c1ccccc1,-9.520000457763672,-2.3864437043328386,-7.473425858341026,2.700538449675348,scaffold,2033,node_gnn,node_gnn,none,none,721e3c494613d3aa378fb20e47d69b51245b538e
freesolv,958acf4ebef097af,O=Cc1ccccc1,hydration_free_energy,kcal/mol,train,c1ccccc1,-4.019999980926514,-5.7594836482733065,-10.846465802281493,-0.67250149426512,scaffold,2033,node_gnn,node_gnn,none,none,721e3c494613d3aa378fb20e47d69b51245b538e
freesolv,936d7c3754abed80,O=Cc1ccccc1O,hydration_free_energy,kcal/mol,train,c1ccccc1,-4.679999828338623,-5.052443782176978,-10.139425936185164,0.03453837183120889,scaffold,2033,node_gnn,node_gnn,none,none,721e3c494613d3aa378fb20e47d69b51245b538e
freesolv,edd708f27f82cb10,O=Cc1cccnc1,hydration_free_energy,kcal/mol,validation,c1ccncc1,-7.099999904632568,-5.706861165628714,-10.7938433196369,-0.6198790116205277,scaffold,2033,node_gnn,node_gnn,none,none,721e3c494613d3aa378fb20e47d69b51245b538e
freesolv,ea971b24f0d35a80,O=Cc1ccncc1,hydration_free_energy,kcal/mol,validation,c1ccncc1,-7.0,-6.026689480467757,-11.113671634475944,-0.9397073264595708,scaffold,2033,node_gnn,node_gnn,none,none,721e3c494613d3aa378fb20e47d69b51245b538e
freesolv,7ad65a67ffa70f4b,O=S1OC[C@@H]2[C@H](CO1)[C@]1(Cl)C(Cl)=C(Cl)[C@@]2(Cl)C1(Cl)Cl,hydration_free_energy,kcal/mol,test,O=S1OCC2C3C=CC(C3)C2CO1,-4.230000019073486,-8.64249165150229,-13.729473805510477,-3.5555094974941035,scaffold,2033,node_gnn,node_gnn,none,none,721e3c494613d3aa378fb20e47d69b51245b538e
freesolv,92bc713f6762c1df,O=[N+]([O-])C(Cl)(Cl)Cl,hydration_free_energy,kcal/mol,train,,-1.4500000476837158,-4.017314268505676,-9.104296422513862,1.0696678855025104,scaffold,2033,node_gnn,node_gnn,none,none,721e3c494613d3aa378fb20e47d69b51245b538e
freesolv,18b4905fa7a9467f,O=[N+]([O-])OCCCO[N+](=O)[O-],hydration_free_energy,kcal/mol,train,,-4.800000190734863,0.8939127340974609,-4.193069419910726,5.980894888105647,scaffold,2033,node_gnn,node_gnn,none,none,721e3c494613d3aa378fb20e47d69b51245b538e
freesolv,8c7197a6424e71e3,O=[N+]([O-])OCCO,hydration_free_energy,kcal/mol,train,,-8.180000305175781,-8.919305514526187,-14.006287668534373,-3.832323360518,scaffold,2033,node_gnn,node_gnn,none,none,721e3c494613d3aa378fb20e47d69b51245b538e
freesolv,3f211c1bf953b801,O=[N+]([O-])OCCO[N+](=O)[O-],hydration_free_energy,kcal/mol,train,,-5.730000019073486,-7.427455615105901,-12.514437769114087,-2.340473461097714,scaffold,2033,node_gnn,node_gnn,none,none,721e3c494613d3aa378fb20e47d69b51245b538e
freesolv,c7b90e22bebd2485,O=[N+]([O-])c1c(Cl)c(Cl)c(Cl)c(Cl)c1Cl,hydration_free_energy,kcal/mol,train,c1ccccc1,-5.21999979019165,-7.727107224977459,-12.814089378985646,-2.6401250709692725,scaffold,2033,node_gnn,node_gnn,none,none,721e3c494613d3aa378fb20e47d69b51245b538e
freesolv,819d0d9fd216fcd8,O=[N+]([O-])c1ccc(O)cc1,hydration_free_energy,kcal/mol,train,c1ccccc1,-10.640000343322754,-0.6090978034456156,-5.696079957453803,4.4778843505625705,scaffold,2033,node_gnn,node_gnn,none,none,721e3c494613d3aa378fb20e47d69b51245b538e
freesolv,f49e79a6c87b1ffc,O=[N+]([O-])c1cccc(O)c1,hydration_free_energy,kcal/mol,train,c1ccccc1,-9.619999885559082,-0.7858877276612337,-5.87286988166942,4.301094426346953,scaffold,2033,node_gnn,node_gnn,none,none,721e3c494613d3aa378fb20e47d69b51245b538e
freesolv,2f207849e668e96f,O=[N+]([O-])c1ccccc1,hydration_free_energy,kcal/mol,train,c1ccccc1,-4.119999885559082,1.6492727588979164,-3.43770939511027,6.736254912906103,scaffold,2033,node_gnn,node_gnn,none,none,721e3c494613d3aa378fb20e47d69b51245b538e
freesolv,2e397c61ab395a28,O=[N+]([O-])c1ccccc1O,hydration_free_energy,kcal/mol,train,c1ccccc1,-4.579999923706055,-7.380201550784571,-12.467183704792758,-2.2932193967763848,scaffold,2033,node_gnn,node_gnn,none,none,721e3c494613d3aa378fb20e47d69b51245b538e
freesolv,573bd8a61399ae31,O=c1[nH]c(=O)[nH]c(=O)[nH]1,hydration_free_energy,kcal/mol,calibration,O=c1[nH]c(=O)[nH]c(=O)[nH]1,-18.059999465942383,-13.172170105138175,-18.25915225914636,-8.085187951129988,scaffold,2033,node_gnn,node_gnn,none,none,721e3c494613d3aa378fb20e47d69b51245b538e
freesolv,cddfd0f06e81b8b1,O=c1[nH]cc(Br)c(=O)[nH]1,hydration_free_energy,kcal/mol,validation,O=c1cc[nH]c(=O)[nH]1,-18.170000076293945,-10.241706322464852,-15.328688476473038,-5.154724168456665,scaffold,2033,node_gnn,node_gnn,none,none,721e3c494613d3aa378fb20e47d69b51245b538e
freesolv,2072aaa51fe60a41,O=c1[nH]cc(C(F)(F)F)c(=O)[nH]1,hydration_free_energy,kcal/mol,validation,O=c1cc[nH]c(=O)[nH]1,-15.460000038146973,-6.548882001632927,-11.635864155641114,-1.461899847624741,scaffold,2033,node_gnn,node_gnn,none,none,721e3c494613d3aa378fb20e47d69b51245b538e
freesolv,b20d78724d54723c,O=c1[nH]cc(Cl)c(=O)[nH]1,hydration_free_energy,kcal/mol,validation,O=c1cc[nH]c(=O)[nH]1,-17.739999771118164,-10.592974235981279,-15.679956389989465,-5.505992081973092,scaffold,2033,node_gnn,node_gnn,none,none,721e3c494613d3aa378fb20e47d69b51245b538e
freesolv,fa4b084349774829,O=c1[nH]cc(F)c(=O)[nH]1,hydration_free_energy,kcal/mol,validation,O=c1cc[nH]c(=O)[nH]1,-16.920000076293945,-9.34920637678648,-14.436188530794666,-4.262224222778293,scaffold,2033,node_gnn,node_gnn,none,none,721e3c494613d3aa378fb20e47d69b51245b538e
freesolv,f6ac8e5a51fd9b52,O=c1[nH]cc(I)c(=O)[nH]1,hydration_free_energy,kcal/mol,validation,O=c1cc[nH]c(=O)[nH]1,-18.719999313354492,-10.091226041827982,-15.178208195836168,-5.004243887819795,scaffold,2033,node_gnn,node_gnn,none,none,721e3c494613d3aa378fb20e47d69b51245b538e
freesolv,05f89cf62c049133,O=c1cc(Cl)[nH]c(=O)[nH]1,hydration_free_energy,kcal/mol,validation,O=c1cc[nH]c(=O)[nH]1,-15.829999923706055,-10.630304715122316,-15.717286869130502,-5.543322561114129,scaffold,2033,node_gnn,node_gnn,none,none,721e3c494613d3aa378fb20e47d69b51245b538e
freesolv,79191f708aac72af,OC1CCCC1,hydration_free_energy,kcal/mol,calibration,C1CCCC1,-5.489999771118164,-9.104129292740005,-14.191111446748192,-4.0171471387318185,scaffold,2033,node_gnn,node_gnn,none,none,721e3c494613d3aa378fb20e47d69b51245b538e
freesolv,13bf59087e3f76ff,OC1CCCCC1,hydration_free_energy,kcal/mol,calibration,C1CCCCC1,-5.460000038146973,-8.34135573787409,-13.428337891882277,-3.2543735838659043,scaffold,2033,node_gnn,node_gnn,none,none,721e3c494613d3aa378fb20e47d69b51245b538e
freesolv,3a6088586348cf7f,OC1CCCCCC1,hydration_free_energy,kcal/mol,test,C1CCCCCC1,-5.480000019073486,-7.72931410825395,-12.816296262262137,-2.6423319542457637,scaffold,2033,node_gnn,node_gnn,none,none,721e3c494613d3aa378fb20e47d69b51245b538e
freesolv,687a2dc922ea1a36,OCC(F)(F)F,hydration_free_energy,kcal/mol,train,,-4.309999942779541,-7.328812925595377,-12.415795079603564,-2.241830771587191,scaffold,2033,node_gnn,node_gnn,none,none,721e3c494613d3aa378fb20e47d69b51245b538e
freesolv,7817e0695a0a58ee,OCC(O)CO,hydration_free_energy,kcal/mol,train,,-13.430000305175781,0.8230340342307896,-4.263948119777397,5.910016188238976,scaffold,2033,node_gnn,node_gnn,none,none,721e3c494613d3aa378fb20e47d69b51245b538e
freesolv,da60db9636ea1107,OCCCc1ccccc1,hydration_free_energy,kcal/mol,train,c1ccccc1,-6.920000076293945,-4.909458516526543,-9.99644067053473,0.17752363748164335,scaffold,2033,node_gnn,node_gnn,none,none,721e3c494613d3aa378fb20e47d69b51245b538e
freesolv,5c3c2680787458c1,OCCO,hydration_free_energy,kcal/mol,train,,-9.300000190734863,0.2861506605722193,-4.800831493435967,5.373132814580406,scaffold,2033,node_gnn,node_gnn,none,none,721e3c494613d3aa378fb20e47d69b51245b538e
freesolv,cc6267fd5c207d0f,OCCc1ccccc1,hydration_free_energy,kcal/mol,train,c1ccccc1,-6.789999961853027,-0.6427203192462603,-5.729702473254447,4.444261834761926,scaffold,2033,node_gnn,node_gnn,none,none,721e3c494613d3aa378fb20e47d69b51245b538e
freesolv,3fc407fd83f57079,OC[C@@H](O)[C@@H](O)[C@H](O)[C@H](O)CO,hydration_free_energy,kcal/mol,train,,-23.6200008392334,-6.206023811284505,-11.293005965292693,-1.1190416572763189,scaffold,2033,node_gnn,node_gnn,none,none,721e3c494613d3aa378fb20e47d69b51245b538e
freesolv,70fe802de633ac06,OC[C@H]1O[C@@H](O)[C@H](O)[C@@H](O)[C@@H]1O,hydration_free_energy,kcal/mol,validation,C1CCOCC1,-25.469999313354492,-21.258084180252332,-26.34506633426052,-16.171102026244146,scaffold,2033,node_gnn,node_gnn,none,none,721e3c494613d3aa378fb20e47d69b51245b538e
freesolv,9aba038d3f4200a5,OCc1ccccc1,hydration_free_energy,kcal/mol,train,c1ccccc1,-6.619999885559082,-2.9289621072869716,-8.015944261295157,2.158020046721215,scaffold,2033,node_gnn,node_gnn,none,none,721e3c494613d3aa378fb20e47d69b51245b538e
freesolv,a567f2cbddf29886,O[C@@H]1[C@@H](O)[C@@H](O)OC[C@H]1O,hydration_free_energy,kcal/mol,validation,C1CCOCC1,-20.520000457763672,-21.83312965856898,-26.920111812577165,-16.746147504560792,scaffold,2033,node_gnn,node_gnn,none,none,721e3c494613d3aa378fb20e47d69b51245b538e
freesolv,67dc214c51fbc83b,Oc1ccc(Br)cc1,hydration_free_energy,kcal/mol,train,c1ccccc1,-5.849999904632568,0.04015527342119052,-5.0468268805869965,5.127137427429377,scaffold,2033,node_gnn,node_gnn,none,none,721e3c494613d3aa378fb20e47d69b51245b538e
freesolv,b996f9741fc5cff6,Oc1ccc(Cl)c(Cl)c1,hydration_free_energy,kcal/mol,train,c1ccccc1,-7.289999961853027,-1.9998581689696846,-7.086840322977871,3.087123985038502,scaffold,2033,node_gnn,node_gnn,none,none,721e3c494613d3aa378fb20e47d69b51245b538e
freesolv,1aa838762f1917bf,Oc1ccc(Cl)cc1,hydration_free_energy,kcal/mol,train,c1ccccc1,-7.03000020980835,-2.8561557922407834,-7.94313794624897,2.230826361767403,scaffold,2033,node_gnn,node_gnn,none,none,721e3c494613d3aa378fb20e47d69b51245b538e
freesolv,e2864dba67ef283d,Oc1ccc(F)cc1,hydration_free_energy,kcal/mol,train,c1ccccc1,-6.190000057220459,-1.8297912500296183,-6.916773404037805,3.257190903978568,scaffold,2033,node_gnn,node_gnn,none,none,721e3c494613d3aa378fb20e47d69b51245b538e
freesolv,7f518d93e9c142c0,Oc1ccc2ccccc2c1,hydration_free_energy,kcal/mol,test,c1ccc2ccccc2c1,-8.109999656677246,-7.355775646849612,-12.442757800857798,-2.268793492841425,scaffold,2033,node_gnn,node_gnn,none,none,721e3c494613d3aa378fb20e47d69b51245b538e
freesolv,cbbe38134650c076,Oc1cccc(Cl)c1,hydration_free_energy,kcal/mol,train,c1ccccc1,-6.619999885559082,0.25822210334286266,-4.828760050665323,5.34520425735105,scaffold,2033,node_gnn,node_gnn,none,none,721e3c494613d3aa378fb20e47d69b51245b538e
freesolv,988ca1a38a1581f9,Oc1cccc2ccccc12,hydration_free_energy,kcal/mol,test,c1ccc2ccccc2c1,-7.670000076293945,-6.774798545608823,-11.86178069961701,-1.6878163916006361,scaffold,2033,node_gnn,node_gnn,none,none,721e3c494613d3aa378fb20e47d69b51245b538e
freesolv,3800b14c418b69c5,Oc1ccccc1,hydration_free_energy,kcal/mol,train,c1ccccc1,-6.599999904632568,-4.810081464137499,-9.897063618145687,0.27690068987068717,scaffold,2033,node_gnn,node_gnn,none,none,721e3c494613d3aa378fb20e47d69b51245b538e
freesolv,9bf03d8ccdb3c64c,Oc1ccccc1Cl,hydration_free_energy,kcal/mol,train,c1ccccc1,-4.550000190734863,0.6926509708198605,-4.394331183188326,5.779633124828047,scaffold,2033,node_gnn,node_gnn,none,none,721e3c494613d3aa378fb20e47d69b51245b538e
freesolv,aedc78ece946d401,Oc1ccccc1F,hydration_free_energy,kcal/mol,train,c1ccccc1,-5.289999961853027,-3.7653492121622554,-8.852331366170443,1.3216329418459312,scaffold,2033,node_gnn,node_gnn,none,none,721e3c494613d3aa378fb20e47d69b51245b538e
freesolv,d3b87da98c67562d,Oc1ccccc1I,hydration_free_energy,kcal/mol,train,c1ccccc1,-6.199999809265137,-2.8120567721330607,-7.899038926141247,2.274925381875126,scaffold,2033,node_gnn,node_gnn,none,none,721e3c494613d3aa378fb20e47d69b51245b538e
freesolv,3a126e2a44c3887a,S,hydration_free_energy,kcal/mol,train,,-0.699999988079071,-3.5399289173466553,-8.626911071354842,1.5470532366615313,scaffold,2033,node_gnn,node_gnn,none,none,721e3c494613d3aa378fb20e47d69b51245b538e
freesolv,371a5e389c8c0955,Sc1ccccc1,hydration_free_energy,kcal/mol,train,c1ccccc1,-2.549999952316284,-6.726064171889725,-11.813046325897911,-1.6390820178815382,scaffold,2033,node_gnn,node_gnn,none,none,721e3c494613d3aa378fb20e47d69b51245b538e
freesolv,642af2bc8b818bc9,[O-][S+2]1([O-])CCCC1,hydration_free_energy,kcal/mol,calibration,C1CC[SH2+2]C1,-8.609999656677246,-1.9925477932220819,-7.079529947230268,3.0944343607861047,scaffold,2033,node_gnn,node_gnn,none,none,721e3c494613d3aa378fb20e47d69b51245b538e
freesolv,f099726b50ba9b25,c1c[nH]cn1,hydration_free_energy,kcal/mol,calibration,c1c[nH]cn1,-9.630000114440918,-6.178943456161507,-11.265925610169694,-1.0919613021533205,scaffold,2033,node_gnn,node_gnn,none,none,721e3c494613d3aa378fb20e47d69b51245b538e
freesolv,98f5a3867d0fbe7a,c1cc2c3c(cccc3c1)CC2,hydration_free_energy,kcal/mol,validation,c1cc2c3c(cccc3c1)CC2,-3.1500000953674316,-2.9567087464344755,-8.043690900442662,2.130273407573711,scaffold,2033,node_gnn,node_gnn,none,none,721e3c494613d3aa378fb20e47d69b51245b538e
freesolv,b0c2afa3b4daa40d,c1cc2ccc3cccc4ccc(c1)c2c34,hydration_free_energy,kcal/mol,test,c1cc2ccc3cccc4ccc(c1)c2c34,-4.519999980926514,-3.713581771963588,-8.800563925971774,1.3734003820445984,scaffold,2033,node_gnn,node_gnn,none,none,721e3c494613d3aa378fb20e47d69b51245b538e
freesolv,7b676dabf15907c8,c1cc[nH]c1,hydration_free_energy,kcal/mol,test,c1cc[nH]c1,-4.78000020980835,-3.2919732611323353,-8.378955415140522,1.7950088928758512,scaffold,2033,node_gnn,node_gnn,none,none,721e3c494613d3aa378fb20e47d69b51245b538e
freesolv,7a5bc4f64c5195f9,c1ccc(-c2ccccc2)cc1,hydration_free_energy,kcal/mol,calibration,c1ccc(-c2ccccc2)cc1,-2.700000047683716,-1.0415131146155026,-6.1284952686236895,4.0454690393926835,scaffold,2033,node_gnn,node_gnn,none,none,721e3c494613d3aa378fb20e47d69b51245b538e
freesolv,e797994168bdf8e5,c1ccc(Cn2ccnc2)cc1,hydration_free_energy,kcal/mol,calibration,c1ccc(Cn2ccnc2)cc1,-7.630000114440918,-3.7762168640618228,-8.86319901807001,1.3107652899463638,scaffold,2033,node_gnn,node_gnn,none,none,721e3c494613d3aa378fb20e47d69b51245b538e
freesolv,dee9bfd78d64e4a2,c1ccc(Oc2ccccc2)cc1,hydration_free_energy,kcal/mol,test,c1ccc(Oc2ccccc2)cc1,-2.869999885559082,-2.4295171728003098,-7.516499326808496,2.6574649812078768,scaffold,2033,node_gnn,node_gnn,none,none,721e3c494613d3aa378fb20e47d69b51245b538e
freesolv,4ffb5477eed907c6,c1ccc2c(c1)CCC2,hydration_free_energy,kcal/mol,validation,c1ccc2c(c1)CCC2,-1.4600000381469727,-2.0177143511507847,-7.104696505158971,3.069267802857402,scaffold,2033,node_gnn,node_gnn,none,none,721e3c494613d3aa378fb20e47d69b51245b538e
freesolv,47543d385846569e,c1ccc2c(c1)Cc1ccccc1-2,hydration_free_energy,kcal/mol,validation,c1ccc2c(c1)Cc1ccccc1-2,-3.3499999046325684,-2.329259214491648,-7.4162413684998345,2.7577229395165386,scaffold,2033,node_gnn,node_gnn,none,none,721e3c494613d3aa378fb20e47d69b51245b538e
freesolv,17465babc9cd1c82,c1ccc2c(c1)Cc1ccccc1C2,hydration_free_energy,kcal/mol,calibration,c1ccc2c(c1)Cc1ccccc1C2,-3.7799999713897705,-2.277933450525194,-7.364915604533381,2.8090487034829925,scaffold,2033,node_gnn,node_gnn,none,none,721e3c494613d3aa378fb20e47d69b51245b538e
freesolv,fb7f87c7e6dfb66e,c1ccc2c(c1)Oc1ccccc1O2,hydration_free_energy,kcal/mol,test,c1ccc2c(c1)Oc1ccccc1O2,-3.1500000953674316,-5.380073279609956,-10.467055433618143,-0.2930911256017694,scaffold,2033,node_gnn,node_gnn,none,none,721e3c494613d3aa378fb20e47d69b51245b538e
freesolv,ccd5156c3d611af8,c1ccc2c(c1)ccc1ccccc12,hydration_free_energy,kcal/mol,calibration,c1ccc2c(c1)ccc1ccccc12,-3.880000114440918,-2.154427474783285,-7.241409628791471,2.9325546792249018,scaffold,2033,node_gnn,node_gnn,none,none,721e3c494613d3aa378fb20e47d69b51245b538e
freesolv,784372b072523a7c,c1ccc2cc3ccccc3cc2c1,hydration_free_energy,kcal/mol,validation,c1ccc2cc3ccccc3cc2c1,-3.950000047683716,-2.1042798968954584,-7.191262050903645,2.982702257112728,scaffold,2033,node_gnn,node_gnn,none,none,721e3c494613d3aa378fb20e47d69b51245b538e
freesolv,c7ef340f0fa3dd43,c1ccc2ccccc2c1,hydration_free_energy,kcal/mol,test,c1ccc2ccccc2c1,-2.4000000953674316,-1.3349940391844626,-6.421976193192649,3.7519881148237237,scaffold,2033,node_gnn,node_gnn,none,none,721e3c494613d3aa378fb20e47d69b51245b538e
freesolv,93816c4b27d69be9,c1ccc2ncccc2c1,hydration_free_energy,kcal/mol,test,c1ccc2ncccc2c1,-5.71999979019165,-2.8624692758730377,-7.949451429881224,2.224512878135149,scaffold,2033,node_gnn,node_gnn,none,none,721e3c494613d3aa378fb20e47d69b51245b538e
freesolv,1c8645677ff2de98,c1ccccc1,hydration_free_energy,kcal/mol,train,c1ccccc1,-0.8999999761581421,-2.678025860482757,-7.7650080144909435,2.4089562935254296,scaffold,2033,node_gnn,node_gnn,none,none,721e3c494613d3aa378fb20e47d69b51245b538e
freesolv,d311fe7bbff8011b,c1ccncc1,hydration_free_energy,kcal/mol,validation,c1ccncc1,-4.690000057220459,-2.185001795470135,-7.271983949478321,2.9019803585380517,scaffold,2033,node_gnn,node_gnn,none,none,721e3c494613d3aa378fb20e47d69b51245b538e
freesolv,dd5ad833c0c7aa1e,c1ccsc1,hydration_free_energy,kcal/mol,calibration,c1ccsc1,-1.399999976158142,-1.6973581817868764,-6.784340335795063,3.38962397222131,scaffold,2033,node_gnn,node_gnn,none,none,721e3c494613d3aa378fb20e47d69b51245b538e
